source_relative_path,extension,bytes,sha256,text_lines
STEP10-A1_A2_B_C_D_CHAIN_RERUN-02_FULL_VERSION.zip,zip,173343,bab0021387905c8b5bb0b417fcce3f27808b2975391bd8f5bb4ba332e4401043,
STEP10-00_RERUN-01_INPUT_DEEP_SCAN_CURRENTNESS_AUTHORITY_GATE_v1.0.md,md,9445,3bc2ad5defa73d1d038b632fc0b3f9f6d448c3c1997b1b109d85ce6d3dfaeb83,322
STEP14_FULL_CROSS_DOCUMENT_RECONCILIATION_FULL_REBUILD_PACKAGE_v1.1.zip,zip,27812,8d12beeab3e038f5260c5d4686df4e2b848e97c4107ec43dcf86a60f6739dac8,
pre-00 gate.zip,zip,277791,f241d2cc281168a25767d938b954c3fd84ab9e51dbfeb072116449f2507b8751,
STEP10-E_RERUN-04_FINAL_CORRECTION_FULL_VERSION.zip,zip,165267,459481026b785ec9fbe5e251794e676d36f59166cbee930c35dc9c106ae4ee59,
step sync Step P.zip,zip,1623992,fc94e25499f19ce4d6266547613795ddaea176b330ee094a1ec5cc13f2bd01c6,
step12 sync core.zip,zip,506801,91dbdadea5f00bc9d3aab3f7eb2f9fa9be5177620599b1ec01d393ddc2d069eb,
Step11 Sync core.zip,zip,905550,db6d96c9e0f9b9d22b17e44ffbdf00791b6eef8ccdc191c348f5fdb021f92826,
step13 sync core.zip,zip,240319,9e8798242781b11fe4cb784cee1f71e28d9d5bf20fe02f43215007271485f0c3,
STEP14_FULL_CROSS_DOCUMENT_RECONCILIATION_FULL_REBUILD_PACKAGE_v1.1__EXTRACTED/STEP14_CORE_V1.3_IN_SCOPE_ARTIFACT_INVENTORY_v1.1.md,md,709,301b636092c9fc75008a4bbe4b26d8f54b24395282efb6a84116998bfd59280d,14
STEP14_FULL_CROSS_DOCUMENT_RECONCILIATION_FULL_REBUILD_PACKAGE_v1.1__EXTRACTED/README_STEP14_FULL_REBUILD_v1.1.md,md,834,eaffb173940277c0b79cd43279db889cdfbb820946c9aef9238806056b66d88b,23
STEP14_FULL_CROSS_DOCUMENT_RECONCILIATION_FULL_REBUILD_PACKAGE_v1.1__EXTRACTED/STEP14-E_SECOND_FULL_DEEP_SCAN_v1.1.md,md,1176,2e0a1b0af7a21131717bc404aafa8dc61c8f4d8f194c5a10d14e998441a96946,34
STEP14_FULL_CROSS_DOCUMENT_RECONCILIATION_FULL_REBUILD_PACKAGE_v1.1__EXTRACTED/STEP14_CROSS_DOCUMENT_CONSISTENCY_MATRIX_FULL_223_v1.1.csv,csv,82873,7111c5e1cff26e91ef9aed1b376c7d2cbbcae1c920110f244de60099097ad707,224
STEP14_FULL_CROSS_DOCUMENT_RECONCILIATION_FULL_REBUILD_PACKAGE_v1.1__EXTRACTED/STEP14-A_CROSS_DOCUMENT_AUTHORITY_SEMANTIC_RECONCILIATION_v1.1.md,md,1679,d3348b335116a2de0059541a67db89a8d434b5422913f8cbf5b8dc9c729b4ae3,52
STEP14_FULL_CROSS_DOCUMENT_RECONCILIATION_FULL_REBUILD_PACKAGE_v1.1__EXTRACTED/STEP14_CORE_V1.3_IN_SCOPE_ARTIFACT_MATRIX_v1.1.csv,csv,3246,d1d03e68cd16c29896779ad4e7acdba540d87f2740d6414a76dacc245e03350a,22
STEP14_FULL_CROSS_DOCUMENT_RECONCILIATION_FULL_REBUILD_PACKAGE_v1.1__EXTRACTED/STEP14_OUTPUT_SHA256_MANIFEST_v1.1.csv,csv,2001,0ef1c3b8808eb9913ba91f8a23991581b3f0e5e9ed9210fc564b93e7c6f6d2f1,17
STEP14_FULL_CROSS_DOCUMENT_RECONCILIATION_FULL_REBUILD_PACKAGE_v1.1__EXTRACTED/STEP14_SOURCE_PROVENANCE_SHA256_MANIFEST_v1.1.csv,csv,1141,fc93b091d3c18cc6a35b86a3e07ab0e6a525595ee93269bba1da571eb1e511fd,9
STEP14_FULL_CROSS_DOCUMENT_RECONCILIATION_FULL_REBUILD_PACKAGE_v1.1__EXTRACTED/STEP14-D_FINAL_CROSS_DOCUMENT_RECONCILIATION_GATE_v1.1.md,md,1288,8841d7065554f1c105697e75b674d963c0e37ad5c96e8a4b649142acaa565441,30
STEP14_FULL_CROSS_DOCUMENT_RECONCILIATION_FULL_REBUILD_PACKAGE_v1.1__EXTRACTED/RUMAHAGEN_GOVERNANCE_CHECKLIST_v2.3_STEP14_COMPLETE_FULL_REBUILD.md,md,5351,9aef561972e5526ffab73cac11d6882bd989ec17f7ecafdbe50d6ad62e2a664b,86
STEP14_FULL_CROSS_DOCUMENT_RECONCILIATION_FULL_REBUILD_PACKAGE_v1.1__EXTRACTED/STEP14_FINAL_FINDING_REGISTER_v1.1.csv,csv,917,0fa3d70f50d3b22b1e13efa1220600b5ff9b5e0792209571545f0e4d81c55949,4
STEP14_FULL_CROSS_DOCUMENT_RECONCILIATION_FULL_REBUILD_PACKAGE_v1.1__EXTRACTED/STEP14_M01_M15_SUCCESSOR_CORE_TRACEABILITY_REVALIDATION_FULL_v1.1.csv,csv,105147,1c8e6ab3e3575b91da5499775cd33a9169904a220bb0306a1e868ea9c5c6160c,224
STEP14_FULL_CROSS_DOCUMENT_RECONCILIATION_FULL_REBUILD_PACKAGE_v1.1__EXTRACTED/STEP14-C_DATA_API_RBAC_FLOW_UIUX_SEO_RECONCILIATION_v1.1.md,md,1083,460839e70f006228922503af5091db30c89ec5b7cd8f3dabdff7481c5d68d875,19
STEP14_FULL_CROSS_DOCUMENT_RECONCILIATION_FULL_REBUILD_PACKAGE_v1.1__EXTRACTED/STEP14_PORTABLE_CHECKPOINT_v1.1.md,md,827,3596d7df4998b6972a90db2cbf6a2cff1bbaf4910034991b967824ba46d2b839,24
STEP14_FULL_CROSS_DOCUMENT_RECONCILIATION_FULL_REBUILD_PACKAGE_v1.1__EXTRACTED/STEP14-B_M01_M15_SUCCESSOR_CORE_TRACEABILITY_REVALIDATION_v1.1.md,md,684,d65a588d5222b6787bcf94ab5c4534d17f3e6ac859bca14e761eb738e9467455,21
STEP14_FULL_CROSS_DOCUMENT_RECONCILIATION_FULL_REBUILD_PACKAGE_v1.1__EXTRACTED/STEP14_RECURSIVE_ARCHIVE_INTEGRITY_MATRIX_v1.1.csv,csv,1252,f964fad71704efd2c52f9bec4f1879373d8d588210950be102d7e02fff25e8fc,9
STEP14_FULL_CROSS_DOCUMENT_RECONCILIATION_FULL_REBUILD_PACKAGE_v1.1__EXTRACTED/STEP14-00_INPUT_DEEP_SCAN_CURRENTNESS_AUTHORITY_GATE_v1.1.md,md,1248,e36827c04ec872e7397ae273ed49585c4085f2a3245f2bf65344cc437cfdb716,26
STEP10-A1_A2_B_C_D_CHAIN_RERUN-02_FULL_VERSION__EXTRACTED/STEP10-A1_A2_B_C_D_CHAIN_RERUN-02_FULL_VERSION/STEP10_CHAIN_SHA256_MANIFEST.csv,csv,8757,4a97d83592fdc8014b34dafc7caada41bb563e7e72e0bdb72aa384e5ff05a556,57
STEP10-A1_A2_B_C_D_CHAIN_RERUN-02_FULL_VERSION__EXTRACTED/STEP10-A1_A2_B_C_D_CHAIN_RERUN-02_FULL_VERSION/STEP10-C_RERUN_v1.1_FULL_VERSION/STEP10-C_RELATIONSHIP_REFERENCE_CONSISTENCY_RECONCILIATION_RERUN_v1.1.csv,csv,59981,8a4aee84b5b7aaceb9df4b475f173670ddd2fd5141a75c81befd1fa7d43fc5c4,150
STEP10-A1_A2_B_C_D_CHAIN_RERUN-02_FULL_VERSION__EXTRACTED/STEP10-A1_A2_B_C_D_CHAIN_RERUN-02_FULL_VERSION/STEP10-C_RERUN_v1.1_FULL_VERSION/STEP10-C_SOURCE_HASH_MANIFEST_RERUN_v1.1.csv,csv,1376,cd62a7d7ae83ef6620cd25467bff50820586f417dbdd6631d42f47252a863d1c,10
STEP10-A1_A2_B_C_D_CHAIN_RERUN-02_FULL_VERSION__EXTRACTED/STEP10-A1_A2_B_C_D_CHAIN_RERUN-02_FULL_VERSION/STEP10-C_RERUN_v1.1_FULL_VERSION/STEP10-C_DATABASE_DICTIONARY_RECONCILIATION_GATE_RERUN_v1.1.md,md,8621,e56869b8ac5106367770c4329603dfc9d9278c0d4c2ed86fe584ec4b12513c70,253
STEP10-A1_A2_B_C_D_CHAIN_RERUN-02_FULL_VERSION__EXTRACTED/STEP10-A1_A2_B_C_D_CHAIN_RERUN-02_FULL_VERSION/STEP10-C_RERUN_v1.1_FULL_VERSION/STEP10-C_ENTITY_FIELD_COVERAGE_RECONCILIATION_RERUN_v1.1.csv,csv,9416,878a71c80befc2b644d0592dbafa68ec10ac14eedabff914e7d7dd883f2525ea,95
STEP10-A1_A2_B_C_D_CHAIN_RERUN-02_FULL_VERSION__EXTRACTED/STEP10-A1_A2_B_C_D_CHAIN_RERUN-02_FULL_VERSION/STEP10-C_RERUN_v1.1_FULL_VERSION/STEP10-C_OUTPUT_MANIFEST_RERUN_v1.1.md,md,1722,8409ec5d763c2b7d073dcbbfe5ded32e4479d11ac2c06a6fa64ff5b74023d4b8,43
STEP10-A1_A2_B_C_D_CHAIN_RERUN-02_FULL_VERSION__EXTRACTED/STEP10-A1_A2_B_C_D_CHAIN_RERUN-02_FULL_VERSION/STEP10-C_RERUN_v1.1_FULL_VERSION/STEP10-C_SOURCE_HASH_MANIFEST_RERUN_v1.0_LEGACY_PRESERVED.csv,csv,1384,9e5df9107bd488ad6518765938d3a9e0909937cb041f9643932482a9f3071e9b,12
STEP10-A1_A2_B_C_D_CHAIN_RERUN-02_FULL_VERSION__EXTRACTED/STEP10-A1_A2_B_C_D_CHAIN_RERUN-02_FULL_VERSION/STEP10-C_RERUN_v1.1_FULL_VERSION/STEP10-C_SOURCE_AUTHORITY_PROVENANCE_MATRIX_RERUN_v1.1.csv,csv,1554,d8962b12d63e73e4dbbbe31e1b92fcebe8dc5771c5ddc95c435d953a9ff4bbff,10
STEP10-A1_A2_B_C_D_CHAIN_RERUN-02_FULL_VERSION__EXTRACTED/STEP10-A1_A2_B_C_D_CHAIN_RERUN-02_FULL_VERSION/STEP10-C_RERUN_v1.1_FULL_VERSION/STEP10-C_VALIDATION_GATE_MATRIX_RERUN_v1.1.csv,csv,1876,ee651665abcf34eefc0a6dea2deb71c5d7e877c7e0dbba3baa6a8aeb9a03b341,17
STEP10-A1_A2_B_C_D_CHAIN_RERUN-02_FULL_VERSION__EXTRACTED/STEP10-A1_A2_B_C_D_CHAIN_RERUN-02_FULL_VERSION/STEP10-C_RERUN_v1.1_FULL_VERSION/STEP10-C_LIFECYCLE_HISTORICAL_PROVENANCE_AUDIT_RERUN_v1.1.csv,csv,159532,0476f5e180941a603f6ae7c5642595a92efa7277aa3df51fb59ffa8e2d973261,863
STEP10-A1_A2_B_C_D_CHAIN_RERUN-02_FULL_VERSION__EXTRACTED/STEP10-A1_A2_B_C_D_CHAIN_RERUN-02_FULL_VERSION/STEP10-C_RERUN_v1.1_FULL_VERSION/STEP10-C_FULL_ATTRIBUTE_RECONCILIATION_RERUN_v1.1.csv,csv,335111,24cddd21122efc1513714860845a936f61330d4bb5a92c314db72d32977c8871,863
STEP10-A1_A2_B_C_D_CHAIN_RERUN-02_FULL_VERSION__EXTRACTED/STEP10-A1_A2_B_C_D_CHAIN_RERUN-02_FULL_VERSION/STEP10-C_RERUN_v1.1_FULL_VERSION/STEP10-C_EXCEPTION_CONFLICT_REGISTER_RERUN_v1.1.csv,csv,2471,3eb28f3f31bf602eaa64f8998cf314e341d3103c7ef0a2d1c422a628f0366db8,8
STEP10-A1_A2_B_C_D_CHAIN_RERUN-02_FULL_VERSION__EXTRACTED/STEP10-A1_A2_B_C_D_CHAIN_RERUN-02_FULL_VERSION/STEP10-C_RERUN_v1.1_FULL_VERSION/STEP10-C_CHAIN_SOURCE_AUTHORITY_MANIFEST_RERUN-02.csv,csv,653,9e6cd3cd159f7b16361316c22d1a288b598763462cb94d29449ae655af198c6d,5
STEP10-A1_A2_B_C_D_CHAIN_RERUN-02_FULL_VERSION__EXTRACTED/STEP10-A1_A2_B_C_D_CHAIN_RERUN-02_FULL_VERSION/STEP10-A2_RERUN_v2.2_FULL_VERSION/STEP10-A2_RERUN_SOURCE_HASH_MANIFEST_v2.2.csv,csv,602,9d6ca6f4b0b8dfd8749ebeeb8376baad88daf9861dd1eadb5803af352da49c3b,5
STEP10-A1_A2_B_C_D_CHAIN_RERUN-02_FULL_VERSION__EXTRACTED/STEP10-A1_A2_B_C_D_CHAIN_RERUN-02_FULL_VERSION/STEP10-A2_RERUN_v2.2_FULL_VERSION/STEP10-A2_LOGICAL_ERD_VALIDATION_RECONCILIATION_RERUN_v2.2.md,md,6857,a216282259d702bbec64300789103c23ffe0f42a0b46466063f18d0d1268d5cb,158
STEP10-A1_A2_B_C_D_CHAIN_RERUN-02_FULL_VERSION__EXTRACTED/STEP10-A1_A2_B_C_D_CHAIN_RERUN-02_FULL_VERSION/STEP10-A2_RERUN_v2.2_FULL_VERSION/STEP10-A2_RERUN_EXCEPTION_CONFLICT_REGISTER_v2.2.csv,csv,1242,f147115117039488d44e8234819cb7107c065b30201b85ca09d23f9e65ea02ce,6
STEP10-A1_A2_B_C_D_CHAIN_RERUN-02_FULL_VERSION__EXTRACTED/STEP10-A1_A2_B_C_D_CHAIN_RERUN-02_FULL_VERSION/STEP10-A2_RERUN_v2.2_FULL_VERSION/STEP10-A2_RERUN_SOURCE_HASH_MANIFEST_v2.1_LEGACY_PRESERVED.csv,csv,664,e9ccc6f75bd77fec1642cd28b086d03dd6ad08bc5a0176042624063daf764495,6
STEP10-A1_A2_B_C_D_CHAIN_RERUN-02_FULL_VERSION__EXTRACTED/STEP10-A1_A2_B_C_D_CHAIN_RERUN-02_FULL_VERSION/STEP10-A2_RERUN_v2.2_FULL_VERSION/STEP10-A2_CHAIN_SOURCE_AUTHORITY_MANIFEST_RERUN-02.csv,csv,333,6b4a81171b34d0cdcbb2e1ad820efaf61e8d8bf84c414e1cc2eb1213101deff4,3
STEP10-A1_A2_B_C_D_CHAIN_RERUN-02_FULL_VERSION__EXTRACTED/STEP10-A1_A2_B_C_D_CHAIN_RERUN-02_FULL_VERSION/STEP10-A2_RERUN_v2.2_FULL_VERSION/STEP10-A2_RERUN_VALIDATION_GATE_MATRIX_v2.2.csv,csv,1952,699e9b5e5e3ff668e2126aa9f9078e40865a8649da0b3125b93d504cebd7ec1b,17
STEP10-A1_A2_B_C_D_CHAIN_RERUN-02_FULL_VERSION__EXTRACTED/STEP10-A1_A2_B_C_D_CHAIN_RERUN-02_FULL_VERSION/STEP10-A2_RERUN_v2.2_FULL_VERSION/STEP10-A2_RERUN_OUTPUT_MANIFEST_v2.2.md,md,257,80c3b05af48a443f6fd6e7592049161ab080b5df3555ff9af90256105c4a118f,6
STEP10-A1_A2_B_C_D_CHAIN_RERUN-02_FULL_VERSION__EXTRACTED/STEP10-A1_A2_B_C_D_CHAIN_RERUN-02_FULL_VERSION/STEP10-A1_FULL_VERSION_RERUN_v2.2/STEP10-A1_CHAIN_SOURCE_AUTHORITY_MANIFEST_RERUN-02.csv,csv,677,f1ab34c9d581eef323f08d3d2d401b682f98e114652a69a529f1ef51bd9ef357,5
STEP10-A1_A2_B_C_D_CHAIN_RERUN-02_FULL_VERSION__EXTRACTED/STEP10-A1_A2_B_C_D_CHAIN_RERUN-02_FULL_VERSION/STEP10-A1_FULL_VERSION_RERUN_v2.2/STEP10-A1_LOGICAL_ATTRIBUTE_REGISTER_94_FULL_RERUN_v2.2.csv,csv,129164,16af37a290f27855d2b2bf4767280457f9dfed9aa0186cabd941cdeb2df812b2,863
STEP10-A1_A2_B_C_D_CHAIN_RERUN-02_FULL_VERSION__EXTRACTED/STEP10-A1_A2_B_C_D_CHAIN_RERUN-02_FULL_VERSION/STEP10-A1_FULL_VERSION_RERUN_v2.2/STEP10-A1_RERUN_VALIDATION_GATE_MATRIX_v2.2.csv,csv,1481,5a73a599aab5ba08dd9d6bac0c216caf1c6f9410e5371a20f1a1063a3e14ad8c,13
STEP10-A1_A2_B_C_D_CHAIN_RERUN-02_FULL_VERSION__EXTRACTED/STEP10-A1_A2_B_C_D_CHAIN_RERUN-02_FULL_VERSION/STEP10-A1_FULL_VERSION_RERUN_v2.2/STEP10-A1_RERUN_SOURCE_HASH_MANIFEST_v2.2.csv,csv,767,521e0bb424778b40d7360b6f2c7b6a2ad8e487acc05dd14a7cda099f3c15c94b,6
STEP10-A1_A2_B_C_D_CHAIN_RERUN-02_FULL_VERSION__EXTRACTED/STEP10-A1_A2_B_C_D_CHAIN_RERUN-02_FULL_VERSION/STEP10-A1_FULL_VERSION_RERUN_v2.2/STEP10-A1_LOGICAL_ERD_RELATIONSHIP_MATRIX_FULL_RERUN_v2.2.csv,csv,34443,edfec1c3e4e193ac06fc2ce4b6a30e62e703936a348638bf45fa630bcc14de5f,150
STEP10-A1_A2_B_C_D_CHAIN_RERUN-02_FULL_VERSION__EXTRACTED/STEP10-A1_A2_B_C_D_CHAIN_RERUN-02_FULL_VERSION/STEP10-A1_FULL_VERSION_RERUN_v2.2/STEP10-A1_FULL_LOGICAL_ERD_REBUILD_RERUN_v2.2.md,md,7741,7a4b2c04670cbfee5dc9d1e78611d941ea7451b018ec82f4d2932c5e8f262302,126
STEP10-A1_A2_B_C_D_CHAIN_RERUN-02_FULL_VERSION__EXTRACTED/STEP10-A1_A2_B_C_D_CHAIN_RERUN-02_FULL_VERSION/STEP10-A1_FULL_VERSION_RERUN_v2.2/STEP10-A1_RERUN_FINDING_CORRECTION_REGISTER_v2.2.csv,csv,2046,7a341bf2d9af94c70dc25fd92807c26308ca5d0cade54d415e7c5265c7cf0d8d,8
STEP10-A1_A2_B_C_D_CHAIN_RERUN-02_FULL_VERSION__EXTRACTED/STEP10-A1_A2_B_C_D_CHAIN_RERUN-02_FULL_VERSION/STEP10-A1_FULL_VERSION_RERUN_v2.2/STEP10-A1_RERUN_SOURCE_HASH_MANIFEST_v2.1_LEGACY_PRESERVED.csv,csv,2091,3eb82f3e23f8e4d66b018cbff6c752b48066b661f1a7087d311bfd63a81d1432,13
STEP10-A1_A2_B_C_D_CHAIN_RERUN-02_FULL_VERSION__EXTRACTED/STEP10-A1_A2_B_C_D_CHAIN_RERUN-02_FULL_VERSION/STEP10-B_FULL_VERSION_RERUN_v2.2/STEP10-B_FULL_ATTRIBUTE_RECONCILIATION_MATRIX_RERUN_v2.2.csv,csv,255053,fe721fffd1b2af5841590214b3d2c6b82938d0647286432384a07eb75cc6efb5,863
STEP10-A1_A2_B_C_D_CHAIN_RERUN-02_FULL_VERSION__EXTRACTED/STEP10-A1_A2_B_C_D_CHAIN_RERUN-02_FULL_VERSION/STEP10-B_FULL_VERSION_RERUN_v2.2/STEP10-B_LOGICAL_TO_PHYSICAL_MAPPING_MATRIX_RERUN_v2.2.csv,csv,18914,0112a2cb5fdb54dcd83fda92901b68b99f4a503cf9abeae02d116a69e12d0ce2,95
STEP10-A1_A2_B_C_D_CHAIN_RERUN-02_FULL_VERSION__EXTRACTED/STEP10-A1_A2_B_C_D_CHAIN_RERUN-02_FULL_VERSION/STEP10-B_FULL_VERSION_RERUN_v2.2/STEP10-B_EXCEPTION_CONFLICT_REGISTER_RERUN_v2.2.csv,csv,3544,578bc1b8a53a800678850cc2d77591dd6f9e3e090885afa5c37447050344a069,18
STEP10-A1_A2_B_C_D_CHAIN_RERUN-02_FULL_VERSION__EXTRACTED/STEP10-A1_A2_B_C_D_CHAIN_RERUN-02_FULL_VERSION/STEP10-B_FULL_VERSION_RERUN_v2.2/STEP10-B_CHAIN_SOURCE_AUTHORITY_MANIFEST_RERUN-02.csv,csv,681,13dc1d9e495794269a2ae5d8f590eabe59dfa5be3ea22f104d74e61336c58342,5
STEP10-A1_A2_B_C_D_CHAIN_RERUN-02_FULL_VERSION__EXTRACTED/STEP10-A1_A2_B_C_D_CHAIN_RERUN-02_FULL_VERSION/STEP10-B_FULL_VERSION_RERUN_v2.2/STEP10-B_RELATIONSHIP_RECONCILIATION_MATRIX_RERUN_v2.2.csv,csv,34443,edfec1c3e4e193ac06fc2ce4b6a30e62e703936a348638bf45fa630bcc14de5f,150
STEP10-A1_A2_B_C_D_CHAIN_RERUN-02_FULL_VERSION__EXTRACTED/STEP10-A1_A2_B_C_D_CHAIN_RERUN-02_FULL_VERSION/STEP10-B_FULL_VERSION_RERUN_v2.2/STEP10-B_OUTPUT_MANIFEST_RERUN_v2.2.md,md,1231,3f234c3d8614b1b387c59285178afbac55c8808aeafbeea524994140504ed190,31
STEP10-A1_A2_B_C_D_CHAIN_RERUN-02_FULL_VERSION__EXTRACTED/STEP10-A1_A2_B_C_D_CHAIN_RERUN-02_FULL_VERSION/STEP10-B_FULL_VERSION_RERUN_v2.2/STEP10-B_DATABASE_DICTIONARY_FULL_RECONSTRUCTION_RERUN_v2.2.md,md,7772,1709ba2ef755d1154727c1e16ff1aaa3b940b775e4151af8fbda934ab91c6487,147
STEP10-A1_A2_B_C_D_CHAIN_RERUN-02_FULL_VERSION__EXTRACTED/STEP10-A1_A2_B_C_D_CHAIN_RERUN-02_FULL_VERSION/STEP10-B_FULL_VERSION_RERUN_v2.2/STEP10-B_SOURCE_HASH_MANIFEST_RERUN_v2.1_LEGACY_PRESERVED.csv,csv,705,aa07487972ce653d622248d77c58c545e55c50e1b60894b82a367414d536a226,6
STEP10-A1_A2_B_C_D_CHAIN_RERUN-02_FULL_VERSION__EXTRACTED/STEP10-A1_A2_B_C_D_CHAIN_RERUN-02_FULL_VERSION/STEP10-B_FULL_VERSION_RERUN_v2.2/STEP10-B_SOURCE_HASH_MANIFEST_RERUN_v2.2.csv,csv,1369,a159285618312d88d24e7340817a00aaaaaa1641b3a9d1f70625bdf814c1084d,10
STEP10-A1_A2_B_C_D_CHAIN_RERUN-02_FULL_VERSION__EXTRACTED/STEP10-A1_A2_B_C_D_CHAIN_RERUN-02_FULL_VERSION/STEP10-B_FULL_VERSION_RERUN_v2.2/STEP10-B_CONSTRAINT_FK_CARDINALITY_RECONCILIATION_RERUN_v2.2.csv,csv,95800,055899aac1c72391cf4e952fc85ab5adb71e5a8e525dde59a438efe918753039,535
STEP10-A1_A2_B_C_D_CHAIN_RERUN-02_FULL_VERSION__EXTRACTED/STEP10-A1_A2_B_C_D_CHAIN_RERUN-02_FULL_VERSION/STEP10-B_FULL_VERSION_RERUN_v2.2/STEP10-B_SOURCE_AUTHORITY_PROVENANCE_MATRIX_RERUN_v2.2.csv,csv,1170,0f066c6d9a9eeb8c92c9e004c3d81dd6f359b81164b555cd47fa1d9bac88d763,7
STEP10-A1_A2_B_C_D_CHAIN_RERUN-02_FULL_VERSION__EXTRACTED/STEP10-A1_A2_B_C_D_CHAIN_RERUN-02_FULL_VERSION/STEP10-B_FULL_VERSION_RERUN_v2.2/STEP10-B_VALIDATION_GATE_MATRIX_RERUN_v2.2.csv,csv,2276,54d55b25967d0c70bbf20ec1d91888687334781b218003479d08d7e7cc95b920,19
STEP10-A1_A2_B_C_D_CHAIN_RERUN-02_FULL_VERSION__EXTRACTED/STEP10-A1_A2_B_C_D_CHAIN_RERUN-02_FULL_VERSION/STEP10-D_RERUN-02_v1.2_FULL_VERSION/STEP10-D_OUTPUT_MANIFEST.md,md,939,1a559f33790c09ba392e7d692afe7f1abb867f08338bd2e73673f42e75fc8c74,26
STEP10-A1_A2_B_C_D_CHAIN_RERUN-02_FULL_VERSION__EXTRACTED/STEP10-A1_A2_B_C_D_CHAIN_RERUN-02_FULL_VERSION/STEP10-D_RERUN-02_v1.2_FULL_VERSION/STEP10-D_CHAIN_SOURCE_AUTHORITY_MANIFEST_RERUN-02.csv,csv,752,45c649959e0c17421c04749e37fc2526f07dfadbd7a98782bfdd2761b9b54806,7
STEP10-A1_A2_B_C_D_CHAIN_RERUN-02_FULL_VERSION__EXTRACTED/STEP10-A1_A2_B_C_D_CHAIN_RERUN-02_FULL_VERSION/STEP10-D_RERUN-02_v1.2_FULL_VERSION/STEP10-D_PHYSICAL_CONSTRAINT_INDEX_RECONCILIATION.csv,csv,5085,ea4bebaeb0b892f116964a2e756a23dbd9365048ea418eaffb4d74e9271d29bb,87
STEP10-A1_A2_B_C_D_CHAIN_RERUN-02_FULL_VERSION__EXTRACTED/STEP10-A1_A2_B_C_D_CHAIN_RERUN-02_FULL_VERSION/STEP10-D_RERUN-02_v1.2_FULL_VERSION/STEP10-D_DATABASE_SCHEMA_SYNCHRONIZATION_RERUN_v1.2.md,md,4800,ec2cb1f28944be91ba857a4f7b939d9bf1ce0f08893e0c74c13fc6f9212f1036,131
STEP10-A1_A2_B_C_D_CHAIN_RERUN-02_FULL_VERSION__EXTRACTED/STEP10-A1_A2_B_C_D_CHAIN_RERUN-02_FULL_VERSION/STEP10-D_RERUN-02_v1.2_FULL_VERSION/STEP10-D_ENTITY_TO_PHYSICAL_TABLE_RECONCILIATION.csv,csv,12059,d73af5c9eb46c9cadb3d424cc3ad67417e398669a1c5d48ced548cdb49ccb2da,95
STEP10-A1_A2_B_C_D_CHAIN_RERUN-02_FULL_VERSION__EXTRACTED/STEP10-A1_A2_B_C_D_CHAIN_RERUN-02_FULL_VERSION/STEP10-D_RERUN-02_v1.2_FULL_VERSION/STEP10-D_MIGRATION_RESIDUAL_REGISTER.csv,csv,996,b93fdc98f46ef8e38e6e9d95f39ea5f3d0137d91aef12a98fdcd84494130a47c,9
STEP10-A1_A2_B_C_D_CHAIN_RERUN-02_FULL_VERSION__EXTRACTED/STEP10-A1_A2_B_C_D_CHAIN_RERUN-02_FULL_VERSION/STEP10-D_RERUN-02_v1.2_FULL_VERSION/STEP10-D_SCHEMA_REFERENCE_DOCUMENT_DRIFT.csv,csv,671,66faa6dc2862740e6e115d5acc68bcd8f6a23a7c893792a093e60df6aebf505b,15
STEP10-A1_A2_B_C_D_CHAIN_RERUN-02_FULL_VERSION__EXTRACTED/STEP10-A1_A2_B_C_D_CHAIN_RERUN-02_FULL_VERSION/STEP10-D_RERUN-02_v1.2_FULL_VERSION/STEP10-D_CONTROLLED_PHYSICAL_DELTA_REGISTER.csv,csv,3633,8868afdbbdbe68d217921b008f349d44f941194b4416ca26e4c2dbb8c157d580,16
STEP10-A1_A2_B_C_D_CHAIN_RERUN-02_FULL_VERSION__EXTRACTED/STEP10-A1_A2_B_C_D_CHAIN_RERUN-02_FULL_VERSION/STEP10-D_RERUN-02_v1.2_FULL_VERSION/STEP10-D_RLS_PHYSICAL_DEPENDENCY_REGISTER.csv,csv,4886,bf0cccfd9dd7ce306f73c246f0a9d90ba95bc9dcf1234d6027659072f1b57872,87
STEP10-A1_A2_B_C_D_CHAIN_RERUN-02_FULL_VERSION__EXTRACTED/STEP10-A1_A2_B_C_D_CHAIN_RERUN-02_FULL_VERSION/STEP10-D_RERUN-02_v1.2_FULL_VERSION/STEP10-D_SOURCE_HASH_MANIFEST_LEGACY_PRESERVED.csv,csv,256,fea3132a155f8dc39421e269ee77c2e978fca9022c5849406d9daba74509db36,3
STEP10-A1_A2_B_C_D_CHAIN_RERUN-02_FULL_VERSION__EXTRACTED/STEP10-A1_A2_B_C_D_CHAIN_RERUN-02_FULL_VERSION/STEP10-D_RERUN-02_v1.2_FULL_VERSION/STEP10-D_SOURCE_HASH_MANIFEST.csv,csv,1935,4c81533f661778b5f8cd550daeae6e567b56e9e06c90b0dfb9f390fbe1ad27a8,15
STEP10-A1_A2_B_C_D_CHAIN_RERUN-02_FULL_VERSION__EXTRACTED/STEP10-A1_A2_B_C_D_CHAIN_RERUN-02_FULL_VERSION/STEP10-D_RERUN-02_v1.2_FULL_VERSION/STEP10-D_UPSTREAM_REENTRY_REGISTER.csv,csv,600,2033af9d8b6c294610cebb17f97e35ccc5322777b5386c9e8e8264a19335d561,3
STEP10-A1_A2_B_C_D_CHAIN_RERUN-02_FULL_VERSION__EXTRACTED/STEP10-A1_A2_B_C_D_CHAIN_RERUN-02_FULL_VERSION/STEP10-D_RERUN-02_v1.2_FULL_VERSION/STEP10-D_DEEP_SCAN_INVENTORY.csv,csv,1537,1b3e3631c3f4feee64bf4801ec57e2671b9e53ddd536101adf35ae1a841d4090,14
STEP10-A1_A2_B_C_D_CHAIN_RERUN-02_FULL_VERSION__EXTRACTED/STEP10-A1_A2_B_C_D_CHAIN_RERUN-02_FULL_VERSION/STEP10-D_RERUN-02_v1.2_FULL_VERSION/STEP10-D_RELATIONSHIP_FK_RECONCILIATION.csv,csv,31503,5a0df882b98c6f3edb59a7f289fb3563f5a4b7d5c3e03945ed0a18b1dd3c3b91,150
STEP10-A1_A2_B_C_D_CHAIN_RERUN-02_FULL_VERSION__EXTRACTED/STEP10-A1_A2_B_C_D_CHAIN_RERUN-02_FULL_VERSION/STEP10-D_RERUN-02_v1.2_FULL_VERSION/STEP10-D_OUTPUT_SHA256_MANIFEST.csv,csv,1619,2377630badff19c04e6cb276b719e9c2caf88071f62baa0045445d7cdfc92ddb,15
STEP10-A1_A2_B_C_D_CHAIN_RERUN-02_FULL_VERSION__EXTRACTED/STEP10-A1_A2_B_C_D_CHAIN_RERUN-02_FULL_VERSION/STEP10-D_RERUN-02_v1.2_FULL_VERSION/STEP10-D_VALIDATION_GATE_MATRIX.csv,csv,1438,54fefc02035a79cc1e3c62cf49ff2dbc084100ec9063855f99761e51f48993b6,14
STEP10-A1_A2_B_C_D_CHAIN_RERUN-02_FULL_VERSION__EXTRACTED/STEP10-A1_A2_B_C_D_CHAIN_RERUN-02_FULL_VERSION/STEP10-D_RERUN-02_v1.2_FULL_VERSION/STEP10-D_ATTRIBUTE_TO_PHYSICAL_COLUMN_RECONCILIATION.csv,csv,200690,7092ec72899a3f77c46f8baa3c7bd47e1d60da0c2e8ff785a0753abac33e2ea0,904
step13 sync core__EXTRACTED/STEP13-G_SUCCESSOR_INTEGRATED_SYSTEM_RECONCILIATION_FULL_REBUILD_PACKAGE_v1.1_EXPORT.zip,zip,17339,e0bf89404b04d0c67362ff26f7a80e35b613d3746b981baef976b74beb3b34d3,
step13 sync core__EXTRACTED/STEP13-D_SUCCESSOR_INTEGRATED_TECHNICAL_SPECIFICATION_FULL_REBUILD_PACKAGE_v1.3.zip,zip,34972,b8af21270ca0d0266cda96beadc267949e3c3766e363ce129ec0456c10769750,
step13 sync core__EXTRACTED/STEP13-E_SUCCESSOR_INTEGRATED_UI_UX_SPECIFICATION_FULL_REBUILD_PACKAGE_v3.1.zip,zip,26657,15603376a4a4eb534df798881e42fae7351fcfc3aae7018d4f778e57196bddd6,
step13 sync core__EXTRACTED/STEP13-B_SUCCESSOR_INTEGRATED_FUNCTIONAL_SPECIFICATION_FULL_v2.3.md,md,94840,85d17bd2e4736771593403cf67fe4bbf55446cfd6bf6b1cf87a7ebdbd47a96a1,3099
step13 sync core__EXTRACTED/STEP13-I_FINAL_STEP13_GATE_STEP14_HANDOFF_FULL_REBUILD_PACKAGE_v1.1.zip,zip,28957,92664a0f7bd2436c4a9c6030f27241f88b6ba548793455a440fb0560ddf5e1f2,
step13 sync core__EXTRACTED/STEP13-H_SUCCESSOR_INTEGRATED_CORE_PRESERVATION_SUCCESSOR_TRACEABILITY_FULL_REBUILD_PACKAGE_v1.1.zip,zip,27313,eb1d0c1644da625e104e88fc6e638c1261404f269f808261dcfc98236220a53a,
step13 sync core__EXTRACTED/STEP13-00_INPUT_DEEP_SCAN_CURRENTNESS_AUTHORITY_GATE_FULL_v1.1_CORRECTED_REBUILT_20260906.md,md,31396,39702521d7e6ad0838a75a4cd8fe36201152ff57199e59668f4e486945e04b2e,529
step13 sync core__EXTRACTED/STEP13-C_SUCCESSOR_INTEGRATED_USER_FLOW_FULL_REBUILD_PACKAGE_v1.1.zip,zip,24221,5d7a60bc4c6ef52e831dcdf7d2b895d8ba01ba042f73b7a399b2a13f2cfc6b1d,
step13 sync core__EXTRACTED/STEP13-A_SUCCESSOR_INTEGRATED_PRD_FULL_REBUILD_PACKAGE_v3.7.zip,zip,21741,cc6b8e88c26d3e8faf399232a886721a3fd394e7649773524e2b7f04283e282a,
step13 sync core__EXTRACTED/STEP13-F_SUCCESSOR_INTEGRATED_SEO_ANALYTICS_FULL_REBUILD_PACKAGE_v1.1.zip,zip,23382,9ed959cf474db0a637e59c7b4e67c89300ff7aa9105a67e7e74a8be010bce132,
step13 sync core__EXTRACTED/STEP13-F_SUCCESSOR_INTEGRATED_SEO_ANALYTICS_FULL_REBUILD_PACKAGE_v1.1__EXTRACTED/STEP13-F_EVENT_MEASUREMENT_MATRIX_v1.1.md,md,1976,2d8a2ff8b67f8351c9d2e38a22532778eedf0efe0c44a077fc0ce43e9b90dad8,24
step13 sync core__EXTRACTED/STEP13-F_SUCCESSOR_INTEGRATED_SEO_ANALYTICS_FULL_REBUILD_PACKAGE_v1.1__EXTRACTED/STEP13-F_OUTPUT_SHA256_MANIFEST_v1.1.md,md,1376,17ca4358144419ae9682bb7e78f51a68ad48832fa2981eba4986651dfc588c70,14
step13 sync core__EXTRACTED/STEP13-F_SUCCESSOR_INTEGRATED_SEO_ANALYTICS_FULL_REBUILD_PACKAGE_v1.1__EXTRACTED/STEP13-F_SEO_ANALYTICS_M01-M15_MATRIX_v1.1.md,md,4026,a79d4eb51a013c158dd63cc99d6a6a835356395aa495dd2cfdfc360a92b6f789,37
step13 sync core__EXTRACTED/STEP13-F_SUCCESSOR_INTEGRATED_SEO_ANALYTICS_FULL_REBUILD_PACKAGE_v1.1__EXTRACTED/STEP13-F_AUTHORIZATION_VISIBILITY_MEASUREMENT_MATRIX_v1.1.md,md,1314,8a51103b9dc486dd40ac1977e0c0f2321437e691c20fd518efe5db2276c917d3,17
step13 sync core__EXTRACTED/STEP13-F_SUCCESSOR_INTEGRATED_SEO_ANALYTICS_FULL_REBUILD_PACKAGE_v1.1__EXTRACTED/STEP13-F_PUBLIC_SURFACE_INDEXABILITY_MATRIX_v1.1.md,md,1355,0b81f1aaf338269efda0440c5ce23233ce066a2c8d776b33a19849b9ac1e4d37,14
step13 sync core__EXTRACTED/STEP13-F_SUCCESSOR_INTEGRATED_SEO_ANALYTICS_FULL_REBUILD_PACKAGE_v1.1__EXTRACTED/STEP13-F_SOURCE_BUILD_MANIFEST_v1.1.md,md,1791,e72a5653d01203147de1fe45da772c4d5c1088deedb1519686c848c6643c6414,36
step13 sync core__EXTRACTED/STEP13-F_SUCCESSOR_INTEGRATED_SEO_ANALYTICS_FULL_REBUILD_PACKAGE_v1.1__EXTRACTED/STEP13-F_FINAL_GATE_v1.1.md,md,476,05095e118f42e8dff5549da4687625d8809552b8778b1cebffa15117f204d881,13
step13 sync core__EXTRACTED/STEP13-F_SUCCESSOR_INTEGRATED_SEO_ANALYTICS_FULL_REBUILD_PACKAGE_v1.1__EXTRACTED/STEP13-F_FINDING_PROVENANCE_REGISTER_v1.1.md,md,4080,93d19f0d7bbd182eaab40ea5b6215bf28dabda3d51105bdddaf692d0d659ffd0,40
step13 sync core__EXTRACTED/STEP13-F_SUCCESSOR_INTEGRATED_SEO_ANALYTICS_FULL_REBUILD_PACKAGE_v1.1__EXTRACTED/STEP13-F_SECOND_FULL_DEEP_SCAN_REPORT_v1.1.md,md,1555,3a66663eb3d18af273ab7f64da2455ed4f1ac8325de6b1ac08d7653ee544bb31,42
step13 sync core__EXTRACTED/STEP13-F_SUCCESSOR_INTEGRATED_SEO_ANALYTICS_FULL_REBUILD_PACKAGE_v1.1__EXTRACTED/STEP13-F_SUCCESSOR_INTEGRATED_SEO_ANALYTICS_SPECIFICATION_FULL_v1.1.md,md,43011,d051156740aff90b33af23893aaf6ff0aaeade2b2aac34cdf2c0ffd997a45da5,846
step13 sync core__EXTRACTED/STEP13-F_SUCCESSOR_INTEGRATED_SEO_ANALYTICS_FULL_REBUILD_PACKAGE_v1.1__EXTRACTED/STEP13-F_FIRST_FULL_DEEP_SCAN_REPORT_v1.1.md,md,1243,4d738a55dbf6228f2049ba870a5fb4c7ba25379c4dae65d196339727a716b1c1,21
step13 sync core__EXTRACTED/STEP13-C_SUCCESSOR_INTEGRATED_USER_FLOW_FULL_REBUILD_PACKAGE_v1.1__EXTRACTED/STEP13-C_FUNCTIONAL_FLOW_TRACEABILITY_MATRIX_v1.1.md,md,2270,f08a74363b8315e1cb56a0f6a7e964dd8c2e4bc8330014c30a7b3b8bcca40abf,22
step13 sync core__EXTRACTED/STEP13-C_SUCCESSOR_INTEGRATED_USER_FLOW_FULL_REBUILD_PACKAGE_v1.1__EXTRACTED/STEP13-C_SECOND_FULL_DEEP_SCAN_REPORT_v1.1.md,md,2496,8f80587968f650d3a198e40d93e1dbc48c4d261bc91039b1c41edc69a025d615,77
step13 sync core__EXTRACTED/STEP13-C_SUCCESSOR_INTEGRATED_USER_FLOW_FULL_REBUILD_PACKAGE_v1.1__EXTRACTED/STEP13-C_SUCCESSOR_INTEGRATED_USER_FLOW_FULL_v1.1.md,md,52289,71444d19d9a8ee34dc0f9c994511ba40b4bc102f34b0ce272b27b8d447c6a821,622
step13 sync core__EXTRACTED/STEP13-C_SUCCESSOR_INTEGRATED_USER_FLOW_FULL_REBUILD_PACKAGE_v1.1__EXTRACTED/STEP13-C_FLOW_FINDING_REGISTER_PROVENANCE_v1.1.md,md,3716,b338b233f7d59ec12e2c4bcb4c0fc055cda60babc14096905808bbf577a5c48a,27
step13 sync core__EXTRACTED/STEP13-C_SUCCESSOR_INTEGRATED_USER_FLOW_FULL_REBUILD_PACKAGE_v1.1__EXTRACTED/STEP13-C_SHA256_MANIFEST_v1.1.json,json,1511,bc99d323a045ed6e3bec1a2becd182ea64c623f689fa38a3a95d3abf7ffc5f3e,16
step13 sync core__EXTRACTED/STEP13-C_SUCCESSOR_INTEGRATED_USER_FLOW_FULL_REBUILD_PACKAGE_v1.1__EXTRACTED/STEP13-C_ROLE_AUTHORIZATION_AWARE_FLOW_MATRIX_v1.1.md,md,1460,a524b8d18fa784f8c46ad94c57c8e19d95fd31212a0f74635c6cc66f58458ba2,17
step13 sync core__EXTRACTED/STEP13-H_SUCCESSOR_INTEGRATED_CORE_PRESERVATION_SUCCESSOR_TRACEABILITY_FULL_REBUILD_PACKAGE_v1.1__EXTRACTED/STEP13-H_M01-M15_SUCCESSOR_CORE_TRACEABILITY_MATRIX_v1.1.csv,csv,133958,b695356985aaa0effa455edc6f2236380621cc5f25f82526c0f8d8f21635568d,224
step13 sync core__EXTRACTED/STEP13-H_SUCCESSOR_INTEGRATED_CORE_PRESERVATION_SUCCESSOR_TRACEABILITY_FULL_REBUILD_PACKAGE_v1.1__EXTRACTED/STEP13-H_CORE_PRESERVATION_MATRIX_v1.1.csv,csv,40553,e20e2e317bc09816a8a3c68545e2144a4f0950ae1be5277b875d7618e31142d8,77
step13 sync core__EXTRACTED/STEP13-H_SUCCESSOR_INTEGRATED_CORE_PRESERVATION_SUCCESSOR_TRACEABILITY_FULL_REBUILD_PACKAGE_v1.1__EXTRACTED/STEP13-H_SUCCESSOR_CORE_COVERAGE_REGISTER_v1.1.csv,csv,1097,e84b0d686398afb1a288f17195b3d68862d3dfc36c8a23adcec31f55de3a7a10,15
step13 sync core__EXTRACTED/STEP13-H_SUCCESSOR_INTEGRATED_CORE_PRESERVATION_SUCCESSOR_TRACEABILITY_FULL_REBUILD_PACKAGE_v1.1__EXTRACTED/STEP13-H_FIRST_FULL_DEEP_SCAN_REPORT_v1.1.md,md,1425,5a52d3204e9c613706ab3e0294bad4097423d595dc718e876d3f5bea2042f6f7,32
step13 sync core__EXTRACTED/STEP13-H_SUCCESSOR_INTEGRATED_CORE_PRESERVATION_SUCCESSOR_TRACEABILITY_FULL_REBUILD_PACKAGE_v1.1__EXTRACTED/STEP13-H_SECOND_FULL_DEEP_SCAN_REPORT_v1.1.md,md,883,13f8a2ce4ec967d970247eeedec3d5dea3d852ab9fd73b7b81773f4a41e465ec,26
step13 sync core__EXTRACTED/STEP13-H_SUCCESSOR_INTEGRATED_CORE_PRESERVATION_SUCCESSOR_TRACEABILITY_FULL_REBUILD_PACKAGE_v1.1__EXTRACTED/STEP13-H_SOURCE_BUILD_MANIFEST_v1.1.csv,csv,1149,da0522eb7af95541615a39e05b0f9cebabac697119b779d1413a353e39b6ac3a,9
step13 sync core__EXTRACTED/STEP13-H_SUCCESSOR_INTEGRATED_CORE_PRESERVATION_SUCCESSOR_TRACEABILITY_FULL_REBUILD_PACKAGE_v1.1__EXTRACTED/STEP13-H_PROVENANCE_REGISTER_v1.1.md,md,2101,10bdc9fe4dfba4046267c40208415ab4d3d12133b1b2abe896b6f7a4831679b4,34
step13 sync core__EXTRACTED/STEP13-H_SUCCESSOR_INTEGRATED_CORE_PRESERVATION_SUCCESSOR_TRACEABILITY_FULL_REBUILD_PACKAGE_v1.1__EXTRACTED/STEP13-H_OUTPUT_SHA256_MANIFEST_v1.1.csv,csv,2473,ac367907257bd77481b7531e5f137a2678996c9f645dcb5b48238e94767aea6e,19
step13 sync core__EXTRACTED/STEP13-H_SUCCESSOR_INTEGRATED_CORE_PRESERVATION_SUCCESSOR_TRACEABILITY_FULL_REBUILD_PACKAGE_v1.1__EXTRACTED/STEP13-H_SUCCESSOR_INTEGRATED_CORE_CANDIDATE_v1.1.md,md,10775,69183ab503714bb720fca4d4b63b00e52f0b76bc02c68901bc6077e362df1ec2,136
step13 sync core__EXTRACTED/STEP13-H_SUCCESSOR_INTEGRATED_CORE_PRESERVATION_SUCCESSOR_TRACEABILITY_FULL_REBUILD_PACKAGE_v1.1__EXTRACTED/STEP13-H_SUPERSESSION_CONFLICT_DECISION_REGISTER_v1.1.md,md,3011,9f6cf3f111f71a79cfe295f2c017604a5ab90a86f0597d3f9cd56088ada18746,49
step13 sync core__EXTRACTED/STEP13-H_SUCCESSOR_INTEGRATED_CORE_PRESERVATION_SUCCESSOR_TRACEABILITY_FULL_REBUILD_PACKAGE_v1.1__EXTRACTED/STEP13-H_FINAL_GATE_v1.1.md,md,1297,364b0a271353bd0ae2e02a12aa2773360d1df70d4167072996545c15cf47ba96,36
step13 sync core__EXTRACTED/STEP13-E_SUCCESSOR_INTEGRATED_UI_UX_SPECIFICATION_FULL_REBUILD_PACKAGE_v3.1__EXTRACTED/STEP13-E_SOURCE_BUILD_MANIFEST_v3.1.md,md,466,c4eb2d806bc27c79017df8559e4ad17c61623fa1057f4cec0f7de3c5b5b2ecde,7
step13 sync core__EXTRACTED/STEP13-E_SUCCESSOR_INTEGRATED_UI_UX_SPECIFICATION_FULL_REBUILD_PACKAGE_v3.1__EXTRACTED/STEP13-E_SUCCESSOR_INTEGRATED_UI_UX_SPECIFICATION_FULL_v3.1.md,md,87980,0106824c643335b923ed5250320e1bb057ed44cd17ed9cbc87c1dedefa7a892c,2630
step13 sync core__EXTRACTED/STEP13-E_SUCCESSOR_INTEGRATED_UI_UX_SPECIFICATION_FULL_REBUILD_PACKAGE_v3.1__EXTRACTED/STEP13-E_SECOND_FULL_DEEP_SCAN_REPORT_v3.1.md,md,1447,9384e8723a08de908728c4dbca54f49e9120faedebe5afb011a69a3772d4c450,26
step13 sync core__EXTRACTED/STEP13-I_FINAL_STEP13_GATE_STEP14_HANDOFF_FULL_REBUILD_PACKAGE_v1.1__EXTRACTED/STEP13-I_FINAL_PROVENANCE_SOURCE_MANIFEST_v1.1.csv,csv,1234,899131ca79bf3d7a29d61cde69773bac14d6c411272eb3a175a2dda087dcf690,10
step13 sync core__EXTRACTED/STEP13-I_FINAL_STEP13_GATE_STEP14_HANDOFF_FULL_REBUILD_PACKAGE_v1.1__EXTRACTED/STEP13-I_FINAL_COMPLETION_MATRIX_v1.1.csv,csv,572,7e1b788ff139bcc2608ab70ebb0bb809e7a46132ca3f309f34630c8bd9064ab1,11
step13 sync core__EXTRACTED/STEP13-I_FINAL_STEP13_GATE_STEP14_HANDOFF_FULL_REBUILD_PACKAGE_v1.1__EXTRACTED/STEP13-I_STEP14_HANDOFF_MANIFEST_v1.1.md,md,503,16018e610b71886cb15de29c0768cf446f49102f632092c13f0a754398ce33cd,5
step13 sync core__EXTRACTED/STEP13-I_FINAL_STEP13_GATE_STEP14_HANDOFF_FULL_REBUILD_PACKAGE_v1.1__EXTRACTED/STEP13-I_CROSS_DOCUMENT_CONSISTENCY_FINAL_REGISTER_v1.1.md,md,748,4c149839ed6d664f7fba211ef731a772c04281b37576b376a0f844da70e4fc07,15
step13 sync core__EXTRACTED/STEP13-I_FINAL_STEP13_GATE_STEP14_HANDOFF_FULL_REBUILD_PACKAGE_v1.1__EXTRACTED/STEP13-I_SUCCESSOR_INTEGRATED_CORE_CANDIDATE_v1.1.md,md,145035,26bb05dc13e0a4d2d049fee8c2e34e21b3ab65ff6aab4695e8c96359767aeb29,2545
step13 sync core__EXTRACTED/STEP13-I_FINAL_STEP13_GATE_STEP14_HANDOFF_FULL_REBUILD_PACKAGE_v1.1__EXTRACTED/STEP13-I_FINAL_GATE_REPORT_v1.1.md,md,1524,1042001d7727feb2d15327a91b1dd7d40f06a3a59747dc31545002c0eeeb72ba,34
step13 sync core__EXTRACTED/STEP13-I_FINAL_STEP13_GATE_STEP14_HANDOFF_FULL_REBUILD_PACKAGE_v1.1__EXTRACTED/STEP13-I_SUCCESSOR_SEMANTIC_INTEGRATION_REGISTER_v1.1.csv,csv,105371,d0436d0e14f75ec24dd5918f8560d15dcd1db5e649a2931e1dfcc45d8532ddbf,224
step13 sync core__EXTRACTED/STEP13-I_FINAL_STEP13_GATE_STEP14_HANDOFF_FULL_REBUILD_PACKAGE_v1.1__EXTRACTED/STEP13-I_PORTABLE_CHECKPOINT_v1.1.md,md,403,a446d288f388439580248a6afe1b5abce98a83dce2d62f1f2f7a001d756a385e,8
step13 sync core__EXTRACTED/STEP13-I_FINAL_STEP13_GATE_STEP14_HANDOFF_FULL_REBUILD_PACKAGE_v1.1__EXTRACTED/STEP13-I_M01-M15_FINAL_CLOSURE_MATRIX_v1.1.csv,csv,1142,88d4912a34a4c67968086394543a93f7cd0db739acc86ef52624deffa3dd27a2,16
step13 sync core__EXTRACTED/STEP13-I_FINAL_STEP13_GATE_STEP14_HANDOFF_FULL_REBUILD_PACKAGE_v1.1__EXTRACTED/STEP13-I_OUTPUT_SHA256_MANIFEST_v1.1.csv,csv,1566,446d5a80381b74744662bf02b26ed67961a364a42a565c06720eee424d61538d,14
step13 sync core__EXTRACTED/STEP13-I_FINAL_STEP13_GATE_STEP14_HANDOFF_FULL_REBUILD_PACKAGE_v1.1__EXTRACTED/STEP13-I_CONTROLLED_RESIDUAL_EVIDENCE_GATED_REGISTER_v1.1.md,md,509,a22b7b71bf2c3ce06b9328f08d12ca68291af8c073e99a2197a5b0d03a9c3a06,7
step13 sync core__EXTRACTED/STEP13-I_FINAL_STEP13_GATE_STEP14_HANDOFF_FULL_REBUILD_PACKAGE_v1.1__EXTRACTED/STEP13-I_CORE_V1.3_PRESERVATION_FINAL_VERIFICATION_v1.1.md,md,16016,3e7a54f9e3653038d2daf166d633be4271228754ce1b978c7117a93ee8cebb9c,89
step13 sync core__EXTRACTED/STEP13-I_FINAL_STEP13_GATE_STEP14_HANDOFF_FULL_REBUILD_PACKAGE_v1.1__EXTRACTED/STEP13-I_FINAL_DEEP_SCAN_REPORT_v1.1.md,md,554,79a0d459cedc865eb6b6ed71bb18d10f6ed7c05895b70fd17cd34969346037dd,7
step13 sync core__EXTRACTED/STEP13-I_FINAL_STEP13_GATE_STEP14_HANDOFF_FULL_REBUILD_PACKAGE_v1.1__EXTRACTED/STEP13-I_AUTHORITY_DEPENDENCY_FINAL_REGISTER_v1.1.md,md,791,2b8752897c91a5e65cb9742c7f07b9cc0012553ef8e43acc5f9f25fba70921c9,11
step13 sync core__EXTRACTED/STEP13-G_SUCCESSOR_INTEGRATED_SYSTEM_RECONCILIATION_FULL_REBUILD_PACKAGE_v1.1_EXPORT__EXTRACTED/STEP13-G_SOURCE_BUILD_MANIFEST_v1.1.md,md,2137,7e8a5c19857a7c71511543b681106eccb8f56a273b4544e72c6c278bdb05cc42,22
step13 sync core__EXTRACTED/STEP13-G_SUCCESSOR_INTEGRATED_SYSTEM_RECONCILIATION_FULL_REBUILD_PACKAGE_v1.1_EXPORT__EXTRACTED/STEP13-G_SUCCESSOR_INTEGRATED_SYSTEM_RECONCILIATION_FULL_v1.1.md,md,19060,608bfad596c61ec8d1f49735e4007451a3d6452d82f6a3d9d5c8308ab9e9da0f,210
step13 sync core__EXTRACTED/STEP13-G_SUCCESSOR_INTEGRATED_SYSTEM_RECONCILIATION_FULL_REBUILD_PACKAGE_v1.1_EXPORT__EXTRACTED/STEP13-G_M01-M15_CROSS_DOMAIN_AUTHORITY_MATRIX_v1.1.md,md,3769,d4681bb3a6b17f013dff0062b75ac6115dbca3bcc21147c93ca30246ec093d34,21
step13 sync core__EXTRACTED/STEP13-G_SUCCESSOR_INTEGRATED_SYSTEM_RECONCILIATION_FULL_REBUILD_PACKAGE_v1.1_EXPORT__EXTRACTED/STEP13-G_SECOND_FULL_DEEP_SCAN_REPORT_v1.1.md,md,2149,1babd30fdff33755dda0c21f2631a1f851c7b5da2972932111dc066a4badd428,35
step13 sync core__EXTRACTED/STEP13-G_SUCCESSOR_INTEGRATED_SYSTEM_RECONCILIATION_FULL_REBUILD_PACKAGE_v1.1_EXPORT__EXTRACTED/STEP13-G_FINAL_GATE_v1.1.md,md,891,156e8f11baea079d41dba09942edf5d63f5575489964f65abca4857093766530,24
step13 sync core__EXTRACTED/STEP13-G_SUCCESSOR_INTEGRATED_SYSTEM_RECONCILIATION_FULL_REBUILD_PACKAGE_v1.1_EXPORT__EXTRACTED/STEP13-G_GLOBAL_CONFLICT_RECONCILIATION_REGISTER_v1.1.md,md,1306,de51af812c3c2436068a9fc41da5b58a879497b76f683945affe38808ef3802b,13
step13 sync core__EXTRACTED/STEP13-G_SUCCESSOR_INTEGRATED_SYSTEM_RECONCILIATION_FULL_REBUILD_PACKAGE_v1.1_EXPORT__EXTRACTED/STEP13-G_FIRST_FULL_DEEP_SCAN_REPORT_v1.1.md,md,797,c179d2b148a58ff3bad759c759559ca4c0ad1f61d03b46ad6a5c7e5e75b2651e,13
step13 sync core__EXTRACTED/STEP13-G_SUCCESSOR_INTEGRATED_SYSTEM_RECONCILIATION_FULL_REBUILD_PACKAGE_v1.1_EXPORT__EXTRACTED/STEP13-G_EVIDENCE_PROVENANCE_REGISTER_v1.1.md,md,1264,32f2f9004d621d266b12521c45d66a1fb02c29952d124623529204de74184d76,16
step13 sync core__EXTRACTED/STEP13-G_SUCCESSOR_INTEGRATED_SYSTEM_RECONCILIATION_FULL_REBUILD_PACKAGE_v1.1_EXPORT__EXTRACTED/STEP13-G_OUTPUT_SHA256_MANIFEST_v1.1.md,md,1316,bb8d0f399fc19653bc92273ef5238b0f474b5a274702849de8e9f51e94cd7bf7,14
step13 sync core__EXTRACTED/STEP13-G_SUCCESSOR_INTEGRATED_SYSTEM_RECONCILIATION_FULL_REBUILD_PACKAGE_v1.1_EXPORT__EXTRACTED/STEP13-G_CROSS_DOMAIN_DEPENDENCY_HANDOFF_MATRIX_v1.1.md,md,1422,17a1462d4e5bea193e594198c4286ecbbabb6495c8de91f0e2ef1289cb73556a,15
step13 sync core__EXTRACTED/STEP13-G_SUCCESSOR_INTEGRATED_SYSTEM_RECONCILIATION_FULL_REBUILD_PACKAGE_v1.1_EXPORT__EXTRACTED/STEP13-G_CORE_V1.3_SUCCESSOR_PROPAGATION_AUDIT_v1.1.md,md,3390,c6a3c3677ca6e590b2e7c24689e71023aecbf6f7cdbdcbcbf1cedc77c7af3c23,23
step13 sync core__EXTRACTED/STEP13-A_SUCCESSOR_INTEGRATED_PRD_FULL_REBUILD_PACKAGE_v3.7__EXTRACTED/STEP13-A_SECOND_FULL_DEEP_SCAN_REPORT_v1.9.md,md,3077,b53bb62f9a5ce1a1b25dd2826d6b1d2847aa1185159d8eeed2c1af8fd71a37a3,81
step13 sync core__EXTRACTED/STEP13-A_SUCCESSOR_INTEGRATED_PRD_FULL_REBUILD_PACKAGE_v3.7__EXTRACTED/STEP13-A_PROVENANCE_SHA256_MANIFEST_v1.9.json,json,590,c705c93c63fbf50dbff9bdcbc0de3e86a5fe3902d655ff9cb0847b499959580a,7
step13 sync core__EXTRACTED/STEP13-A_SUCCESSOR_INTEGRATED_PRD_FULL_REBUILD_PACKAGE_v3.7__EXTRACTED/STEP13-A_COVERAGE_REGISTER_v1.7.md,md,632,39d2e3da192babc401a8bdc906f577c8f2f47566748fc579cfab5e163de67e7a,14
step13 sync core__EXTRACTED/STEP13-A_SUCCESSOR_INTEGRATED_PRD_FULL_REBUILD_PACKAGE_v3.7__EXTRACTED/STEP13-A_CORE_PRD_PRESERVATION_MATRIX_v1.7.md,md,1218,e24dbaf58b974d1fbb53d18c52ede54577dc652816f4ad4c0fd0a9b1ccd3681e,19
step13 sync core__EXTRACTED/STEP13-A_SUCCESSOR_INTEGRATED_PRD_FULL_REBUILD_PACKAGE_v3.7__EXTRACTED/STEP13-A_SUCCESSOR_INTEGRATED_PRD_FULL_v3.7.md,md,63489,30f504d1ceb6b580b1504c0bcfc9d928378b991f304664dfe25d15743fa538a1,731
step13 sync core__EXTRACTED/STEP13-A_SUCCESSOR_INTEGRATED_PRD_FULL_REBUILD_PACKAGE_v3.7__EXTRACTED/STEP13-A_AUTHORITY_RECONCILIATION_MATRIX_v1.7.md,md,1324,029ba6a1a2ff9ec18d7db0caf2b52647bee33706c9c5b38a84c1b1d395cb0d58,16
step13 sync core__EXTRACTED/STEP13-D_SUCCESSOR_INTEGRATED_TECHNICAL_SPECIFICATION_FULL_REBUILD_PACKAGE_v1.3__EXTRACTED/STEP13-D_SECOND_FULL_DEEP_SCAN_REPORT_v1.3.md,md,3086,e88ad034e1e4fe04dd2c4f0d5e3881799e799582faa98e3a89c592fa7902cab7,67
step13 sync core__EXTRACTED/STEP13-D_SUCCESSOR_INTEGRATED_TECHNICAL_SPECIFICATION_FULL_REBUILD_PACKAGE_v1.3__EXTRACTED/STEP13-D_SUCCESSOR_INTEGRATED_TECHNICAL_SPECIFICATION_FULL_v1.3.md,md,99135,01ec2d14cd8d2f97dc94b537e412d8e6bb8db87eabec7855d74cbe0e95045118,3261
step13 sync core__EXTRACTED/STEP13-D_SUCCESSOR_INTEGRATED_TECHNICAL_SPECIFICATION_FULL_REBUILD_PACKAGE_v1.3__EXTRACTED/STEP13-D_SOURCE_BUILD_MANIFEST_v1.3.md,md,855,6511dd787e772a08d47100b58472b26fac2dc80f96587f69d598572a3c77d417,25
pre-00 gate__EXTRACTED/PRE-00-H_M06_DEVELOPER_PROJECT_MARKETING_CLAIM_GATE_FULL_v1.1.md,md,54521,0f07ee67b8695aab5fdc99ece67db40aa90c919a867aadf29dde61a0d508e664,2187
pre-00 gate__EXTRACTED/PRE-00-P_M14_COMMERCIAL_SUBSCRIPTION_QUOTA_PROMOTION_MONETIZATION_AUTHORITY_GATE_FULL_v1.2_MIDTRANS_MVP_CONFIGURABLE.md,md,95010,e0be3de3f1c3f82de6d229bd930f460630e4098555e49d039b1b341adfc223b2,3373
pre-00 gate__EXTRACTED/PRE-00-K_M09_ADMINISTRATION_AUTHORITY_GATE_FULL_v1.0.md,md,20762,8a7f87fa235ee8f9cf3fb9eb461839131dc784292935437671d31ac2f224fa23,693
pre-00 gate__EXTRACTED/PRE-00-I_M07_DOMAIN_ALIGNMENT_GATE_FULL_v1.1.md,md,43682,d5e9a9f9301acf513d7d6329aac6951b476a1bd06390475286afd0ce38346741,1700
pre-00 gate__EXTRACTED/PRE-00-E_M03_LISTING_REFRESH_GATE_FULL_v1.1.md,md,39936,48e85fb2fb81f5aca32613c3b50d76b421df60059a54f1129b4e2487b176c6d3,1700
pre-00 gate__EXTRACTED/PRE-00-N_M12_ORGANIZATION_MEMBERSHIP_AUTHORITY_GATE_FULL_v1.0.md,md,32471,69173eda77814a73a16abfbb6673b2ed8c15d5c1904c17e5cc3f8b504212882b,1402
pre-00 gate__EXTRACTED/PRE-00-R_CROSS_MODULE_CONFLICT_SCAN_FINAL_M01-M15_SEMANTIC_RECONCILIATION_FULL_v1.0.md,md,38469,13485cc5b0bbf1a26838000668ff19d75776b2bb2de8db2061ad0c8e2fe51200,1333
pre-00 gate__EXTRACTED/FINAL-M10-AUTHORIZATION-IMPACT-UPDATE-RECONCILIATION-FULL-v1.2.md,md,45100,2900a7431c6f2954335000327c64a3da972b1eb1d58aa71f966755fac1a8bd0d,1646
pre-00 gate__EXTRACTED/PRE-00-G_M05_MANDATORY_DELTA_IMPACT_GATE_FULL_v1.0.md,md,54304,0311d50ba85eb81c41b5d90cccc6934ba833bff9ff59ed711255483110a0a533,2277
pre-00 gate__EXTRACTED/RUMAHAGEN_M01-M15_RECON_TO_CORE_v1.1_INTEGRATION_GOVERNANCE_CHECKLIST_PRE-00.docx,docx,45092,473305266d9a8b1d7e8594f504713722a1fc99f5753a3a1183f82b032bcd47d0,401
pre-00 gate__EXTRACTED/PRE-00-A-A_M14_V2.1_TO_V2.2_VERSION_LINEAGE_RECONCILIATION_FULL_v1.0.docx,docx,43408,971af2227ec78982d74258973cc78abde8757e05996c31f89512434837d4c91e,127
pre-00 gate__EXTRACTED/PRE-00-D_M02_PROFILE_PUBLIC_VISIBILITY_GATE_FULL_v1.1.md,md,27086,c215a58eaff0a119a3ba55634b228bd8aab3ca29884494e7c33e377e6e1c5f4f,1005
pre-00 gate__EXTRACTED/PRE-00-Q_M15_QUALIFICATION_EVIDENCE_AUTHORITY_GATE_FULL_v1.0.md,md,45620,46ed028eb10f312117a27354fc1c440e78b0cbb1a9a6308bb8e0947b5ca3254c,2056
pre-00 gate__EXTRACTED/PRE-00-C_M01_IDENTITY_CONFLICT_GATE_FULL_v1.1.md,md,21272,a5388da1a2fef27ad47dae8334c5ff7dc4d4d3817cacce375aa42e04a6738d69,849
pre-00 gate__EXTRACTED/PRE-00-M_M11_PUBLIC_DISCOVERY_SEO_TRACKING_MEASUREMENT_AUTHORITY_GATE_FULL_v1.1.md,md,30617,6173f2733527adb432285bca39a6ab9d19dd9318c38d34e838b74953eabacd8b,1200
pre-00 gate__EXTRACTED/PRE-00-F_M04_LEARNING_GATE_FULL_v1.1.md,md,65272,c3f90fcfd318669f48e805e62b329ee37944f147737b0c636d189522e533d01e,2718
pre-00 gate__EXTRACTED/PRE-00-O_M13_PROVIDER_CATALOGUE_BYOK_AUTHORITY_GATE_FULL_v1.0.md,md,39409,103fe619a622621702c63cd5159605cb82b89f01c4c2e88398f449d583b8239f,1637
pre-00 gate__EXTRACTED/PRE-00-J_M08_SCOPE_CONTROL_GATE_FULL_v1.0.md,md,46285,dba6792398e34590118b4a73e675b08fd6f90b02c5858748dd58638f02483cec,2062
step12 sync core__EXTRACTED/STEP12-D_PHYSICAL_AUTHORIZATION_RLS_MAPPING_ENFORCEMENT_FULL_VERSION_v1.1_CORRECTED.zip,zip,72672,e697573849b01f936ab454edcce5574a722158274a8fad5a4103161e9ce70c54,
step12 sync core__EXTRACTED/STEP12-E_CROSS_MODULE_AUTHORIZATION_RECONCILIATION_FULL_VERSION_v1.1_CORRECTED.zip,zip,54632,c96332bf3d1bb821cb3555a84ed07c9a79781b2db3306f937b1444cfe973455e,
step12 sync core__EXTRACTED/STEP12-C_CAPABILITY_SCOPE_CONDITION_OWNERSHIP_ORGANIZATION_FULL_VERSION_v1.1_CORRECTED.zip,zip,65092,8f79f4e805657beee4f9dd9904c1445fd77e8efbb439fc6234bf7ecfdd07233d,
step12 sync core__EXTRACTED/STEP12-H_FINAL_RBAC_RLS_GATE_STEP13_HANDOFF_FULL_VERSION_v1.1_FULL_REBUILD.zip,zip,12552,363887d5faf7f81ad1b4a8d6a88d829f2b75ab0489d7acdfa306e72faca220f4,
step12 sync core__EXTRACTED/STEP12-F_API_DATA_FLOW_AUTHORIZATION_TRACEABILITY_FULL_VERSION_v1.1_CORRECTED.zip,zip,76997,ccfc70b2137ac930f39a668df0ef7fd26a6ecbc037035d59ac42a8a932df69e4,
step12 sync core__EXTRACTED/STEP12-B_PERMISSION_PRESET_SYNCHRONIZATION_FULL_VERSION_v1.1_CORRECTED.zip,zip,52310,2f932ca6443ab7814d75cbe132d99898580dad5f24474547431ad3dcb5f6bb23,
step12 sync core__EXTRACTED/STEP12-00_FULL_VERSION_PACKAGE_v1.1_CORRECTED.zip,zip,61009,4c9a14913439f48eb8b36d2f7efd21894d3b367363a1984d827ff60bd75f7fe6,
step12 sync core__EXTRACTED/STEP12-G_PHYSICAL_RLS_RUNTIME_RESIDUAL_GATE_FULL_VERSION_v1.4_FULL_REBUILD.zip,zip,71687,4ed94f224d9a0d1bc857cee8618cefdab775bc21176609d4946c8933f2ef55fe,
step12 sync core__EXTRACTED/STEP12-01_ROLE_ROLE_PERMISSION_SYNCHRONIZATION_FULL_VERSION_v1.1_CORRECTED.zip,zip,53625,981ca274c6fbc38be5b742b6cc6e906b58e617d778656c8432937690922cff2e,
step12 sync core__EXTRACTED/STEP12-H_FINAL_RBAC_RLS_GATE_STEP13_HANDOFF_FULL_VERSION_v1.1_FULL_REBUILD__EXTRACTED/STEP12-H_SHA256_SOURCE_MANIFEST.csv,csv,2097,b67ae784a94d98c232892a215dcca0971a544ad2c02b10efea56a8f21dd41a74,15
step12 sync core__EXTRACTED/STEP12-H_FINAL_RBAC_RLS_GATE_STEP13_HANDOFF_FULL_VERSION_v1.1_FULL_REBUILD__EXTRACTED/STEP12-H_PERMISSION_PRESET_FINAL_AUDIT.csv,csv,1011,6ca0b079c3c2a250f8c37e11880f6e8e28501ec9e093c666bf70a25f5357124c,11
step12 sync core__EXTRACTED/STEP12-H_FINAL_RBAC_RLS_GATE_STEP13_HANDOFF_FULL_VERSION_v1.1_FULL_REBUILD__EXTRACTED/README.md,md,345,37b25c42d20c555014273463fcff84489fba004ad0a394a241a65960bb1b3276,10
step12 sync core__EXTRACTED/STEP12-H_FINAL_RBAC_RLS_GATE_STEP13_HANDOFF_FULL_VERSION_v1.1_FULL_REBUILD__EXTRACTED/STEP12-H_AUTHORITY_RBAC_FINAL_RECONCILIATION.csv,csv,2321,f619e980d077d168083d33c55c3c16fc49ffbb5ba1521b108239df9a59a1c565,16
step12 sync core__EXTRACTED/STEP12-H_FINAL_RBAC_RLS_GATE_STEP13_HANDOFF_FULL_VERSION_v1.1_FULL_REBUILD__EXTRACTED/STEP12-H_SOURCE_DEEP_SCAN_INVENTORY.csv,csv,2117,21b0c8beed48243fc9644c2b6d6b64efe6bf6aad421747a3c39c570da6d6f839,15
step12 sync core__EXTRACTED/STEP12-H_FINAL_RBAC_RLS_GATE_STEP13_HANDOFF_FULL_VERSION_v1.1_FULL_REBUILD__EXTRACTED/STEP12-H_v1.1_SECOND_DEEP_SCAN_REPORT.txt,txt,802,2d99a80eaad90a06dd180a1715fdef33348a2552c7bb820cf8784200ddd37b4b,25
step12 sync core__EXTRACTED/STEP12-H_FINAL_RBAC_RLS_GATE_STEP13_HANDOFF_FULL_VERSION_v1.1_FULL_REBUILD__EXTRACTED/STEP12-H_FINAL_RBAC_RLS_GATE_STEP13_HANDOFF_FULL_VERSION.md,md,3555,96995fd5795c4e3ad0eb08c6085853f50eea71317c77f35aaed6b31107842f7c,75
step12 sync core__EXTRACTED/STEP12-H_FINAL_RBAC_RLS_GATE_STEP13_HANDOFF_FULL_VERSION_v1.1_FULL_REBUILD__EXTRACTED/STEP12-H_FINAL_GATE_MATRIX.csv,csv,1485,52a628e63484683019fe087adfea36d12ce7e3290226d487aac4dfe050e97520,13
step12 sync core__EXTRACTED/STEP12-H_FINAL_RBAC_RLS_GATE_STEP13_HANDOFF_FULL_VERSION_v1.1_FULL_REBUILD__EXTRACTED/STEP12-H_CONTROLLED_RESIDUAL_REGISTER.csv,csv,1891,8d671c4c78a915864e893c6d261df1f3a8fc1494f61631b0fa6b17ef03de25de,8
step12 sync core__EXTRACTED/STEP12-H_FINAL_RBAC_RLS_GATE_STEP13_HANDOFF_FULL_VERSION_v1.1_FULL_REBUILD__EXTRACTED/STEP12-H_RLS_COVERAGE_HANDOFF_SNAPSHOT.csv,csv,9857,d6c90332416c27aa9a55814d0e4e6e2ac0869fa3e2611846dd640e6283c7c646,66
step12 sync core__EXTRACTED/STEP12-H_FINAL_RBAC_RLS_GATE_STEP13_HANDOFF_FULL_VERSION_v1.1_FULL_REBUILD__EXTRACTED/STEP12-H_CAPABILITY_API_RECONCILIATION.csv,csv,3984,2eefc02128068fee9446c1ad254564a95b2246654460c92472740df0c6e5613e,58
step12 sync core__EXTRACTED/STEP12-H_FINAL_RBAC_RLS_GATE_STEP13_HANDOFF_FULL_VERSION_v1.1_FULL_REBUILD__EXTRACTED/STEP12-H_CORE_V1_3_PRESERVATION_AUDIT.csv,csv,2443,40cc6c61ef339ad54a7564ccc7572d2a6b60a5819ff4f4f8aae662f417c1be01,16
step12 sync core__EXTRACTED/STEP12-H_FINAL_RBAC_RLS_GATE_STEP13_HANDOFF_FULL_VERSION_v1.1_FULL_REBUILD__EXTRACTED/STEP12-H_PORTABLE_CHECKPOINT.json,json,673,068efe2dbc2e8269ce64e1aa52aef5782c21b8ebf15f50895bea4b323774ddcf,19
step12 sync core__EXTRACTED/STEP12-E_CROSS_MODULE_AUTHORIZATION_RECONCILIATION_FULL_VERSION_v1.1_CORRECTED__EXTRACTED/STEP12-E_STEP12D_HANDOFF_REGISTER.csv,csv,671,c9e887a7b2bed2bebdd461eee4369f67af69e3c8f784130b3cfceac088f4c8bf,7
step12 sync core__EXTRACTED/STEP12-E_CROSS_MODULE_AUTHORIZATION_RECONCILIATION_FULL_VERSION_v1.1_CORRECTED__EXTRACTED/STEP12-E_CAPABILITY_OWNERSHIP_MATRIX.csv,csv,9188,af8be039a4ffb8a9ce828c3475f7533522975c2917b5a5236a7d7ea486ee5bd3,58
step12 sync core__EXTRACTED/STEP12-E_CROSS_MODULE_AUTHORIZATION_RECONCILIATION_FULL_VERSION_v1.1_CORRECTED__EXTRACTED/README.md,md,476,ff33fe377923c6831b30b1f6bc19012bbd96a02fba17093afe727ffdbf5b3bbe,9
step12 sync core__EXTRACTED/STEP12-E_CROSS_MODULE_AUTHORIZATION_RECONCILIATION_FULL_VERSION_v1.1_CORRECTED__EXTRACTED/STEP12-E_CROSS_MODULE_AUTHORIZATION_RECONCILIATION_FULL_VERSION.md,md,1799,1e260cc43abab91b1eade8dc22fcaf89dbb35e2697796dbd9a4f82dcfe3e1da4,33
step12 sync core__EXTRACTED/STEP12-E_CROSS_MODULE_AUTHORIZATION_RECONCILIATION_FULL_VERSION_v1.1_CORRECTED__EXTRACTED/STEP12-E_CROSS_MODULE_AUTHORIZATION_RECONCILIATION_MATRIX.csv,csv,2886,687a01685740dee117e1ce3cdce10786691797b239afda0583461d546b08a8b2,13
step12 sync core__EXTRACTED/STEP12-E_CROSS_MODULE_AUTHORIZATION_RECONCILIATION_FULL_VERSION_v1.1_CORRECTED__EXTRACTED/STEP12-E_SHA256_MANIFEST.csv,csv,2364,08252783b6b1438bf5f376fa4dbd7802906094784baa02c4e48f03dfcdd297d6,21
step12 sync core__EXTRACTED/STEP12-E_CROSS_MODULE_AUTHORIZATION_RECONCILIATION_FULL_VERSION_v1.1_CORRECTED__EXTRACTED/STEP12-E_RECURSIVE_SOURCE_DEEP_SCAN_REPORT.csv,csv,905,e81fbf8050dfdd5922e15965f5e6138a710b0232e4f54a0df00ce1b27ffb967e,12
step12 sync core__EXTRACTED/STEP12-E_CROSS_MODULE_AUTHORIZATION_RECONCILIATION_FULL_VERSION_v1.1_CORRECTED__EXTRACTED/STEP12-E_SOURCE_EVIDENCE_PROVENANCE_MANIFEST.csv,csv,1731,1549a6ae1dfc9c9395b192fc1e96351ebfcfdf20a051c0acd81200448a012a3c,12
step12 sync core__EXTRACTED/STEP12-E_CROSS_MODULE_AUTHORIZATION_RECONCILIATION_FULL_VERSION_v1.1_CORRECTED__EXTRACTED/STEP12-E_M01-M15_AUTHORITY_BOUNDARY_MATRIX_FULL.csv,csv,2413,33348d68f91befd23ed123a3d5cf0b11c7798aa21a9612985f21cde55283e13e,16
step12 sync core__EXTRACTED/STEP12-E_CROSS_MODULE_AUTHORIZATION_RECONCILIATION_FULL_VERSION_v1.1_CORRECTED__EXTRACTED/STEP12-E_FINAL_PACKAGE_DEEP_SCAN_REPORT.csv,csv,175,e17617da9b134a7775acf8bd982e0ce0f49d253ab5083af4b39a1431a5296bdc,2
step12 sync core__EXTRACTED/STEP12-E_CROSS_MODULE_AUTHORIZATION_RECONCILIATION_FULL_VERSION_v1.1_CORRECTED__EXTRACTED/STEP12-E_PORTABLE_CHECKPOINT.json,json,552,2d5f969f58ca513eaea3b295578d47d906b13410ecba9877dc88c3b1d4c4265d,16
step12 sync core__EXTRACTED/STEP12-E_CROSS_MODULE_AUTHORIZATION_RECONCILIATION_FULL_VERSION_v1.1_CORRECTED__EXTRACTED/STEP12-E_M10_AUTHORIZATION_AUTHORITY_VERIFICATION.csv,csv,832,fd2f533953e6c9fe8d46188b594754a0445d56a4fee27152b07868ce079898ed,8
step12 sync core__EXTRACTED/STEP12-E_CROSS_MODULE_AUTHORIZATION_RECONCILIATION_FULL_VERSION_v1.1_CORRECTED__EXTRACTED/STEP12-E_SCOPE_CONDITION_OWNERSHIP_ORGANIZATION_BOUNDARY_MATRIX.csv,csv,19539,ed9ed9747eb19522f8e7ec945c1325a1e893fc1a92efa4dd558d908903d69632,58
step12 sync core__EXTRACTED/STEP12-E_CROSS_MODULE_AUTHORIZATION_RECONCILIATION_FULL_VERSION_v1.1_CORRECTED__EXTRACTED/STEP12-E_CORE_V1_3_INHERITANCE_RECONCILIATION_AUDIT.csv,csv,5263,708d7ac6907a5f35d443ae3e95bcfa7b5e4c569c7a4d19b8e56393a7bdf1a2c1,17
step12 sync core__EXTRACTED/STEP12-E_CROSS_MODULE_AUTHORIZATION_RECONCILIATION_FULL_VERSION_v1.1_CORRECTED__EXTRACTED/STEP12-E_CROSS_MODULE_CONFLICT_FINDING_REGISTER.csv,csv,1346,8654757fc126fd81da7719c3050d00091c0aa52975b6afae7bb53f1d79931d50,8
step12 sync core__EXTRACTED/STEP12-E_CROSS_MODULE_AUTHORIZATION_RECONCILIATION_FULL_VERSION_v1.1_CORRECTED__EXTRACTED/STEP12-E_M01-M15_AUTHORITY_BOUNDARY_IMPACT_MATRIX.csv,csv,784,fa90ffcdbd36c640d2a336b9829bc0c278c37f86a8d165e636953bb619b52ee6,16
step12 sync core__EXTRACTED/STEP12-E_CROSS_MODULE_AUTHORIZATION_RECONCILIATION_FULL_VERSION_v1.1_CORRECTED__EXTRACTED/STEP12-E_CORE_V1_3_SCOPE_GAP_AUDIT.csv,csv,2613,45ed052cb0d342ffc1bc1d1279f8d4ae0ae43466004bfd678bef53c01b723231,16
step12 sync core__EXTRACTED/STEP12-E_CROSS_MODULE_AUTHORIZATION_RECONCILIATION_FULL_VERSION_v1.1_CORRECTED__EXTRACTED/STEP12-E_AUTHORIZATION_DEPENDENCY_MATRIX.csv,csv,12834,142e93b7da9880b1c6f8b0c966e84131bbafea3b7b7eaf4e070d7e205b177a85,58
step12 sync core__EXTRACTED/STEP12-E_CROSS_MODULE_AUTHORIZATION_RECONCILIATION_FULL_VERSION_v1.1_CORRECTED__EXTRACTED/STEP12-E_CONTROLLED_RESIDUAL_REGISTER.csv,csv,541,c8caa3ade503ae1dfb736a3ee05c17aa5d8e7521bb4dc4cf03420082622b1501,5
step12 sync core__EXTRACTED/STEP12-E_CROSS_MODULE_AUTHORIZATION_RECONCILIATION_FULL_VERSION_v1.1_CORRECTED__EXTRACTED/STEP12-E_GATE_MATRIX.csv,csv,1075,56a40923934219f90e8bcabd0d2fb3dd27940d3fd470b6cf1fbf1a162a37bf76,14
step12 sync core__EXTRACTED/STEP12-E_CROSS_MODULE_AUTHORIZATION_RECONCILIATION_FULL_VERSION_v1.1_CORRECTED__EXTRACTED/STEP12-E_CROSS_MODULE_AUTHORIZATION_RECONCILIATION_FULL_VERSION.docx,docx,37297,be2c91da680d63d20086583271acd8bacd823cb85d2ff7a47712d1220cfdd133,16
step12 sync core__EXTRACTED/STEP12-C_CAPABILITY_SCOPE_CONDITION_OWNERSHIP_ORGANIZATION_FULL_VERSION_v1.1_CORRECTED__EXTRACTED/STEP12-C_CAPABILITY_AUTHORITY_REGISTER.csv,csv,7768,979b5866cb8b20ff1a253657e533542b31d42e0be24a3199a0e40b5c0f9f0c32,58
step12 sync core__EXTRACTED/STEP12-C_CAPABILITY_SCOPE_CONDITION_OWNERSHIP_ORGANIZATION_FULL_VERSION_v1.1_CORRECTED__EXTRACTED/STEP12-C_CAPABILITY_SCOPE_CONDITION_OWNERSHIP_ORGANIZATION_FULL_VERSION.md,md,5146,d3a845f0ba2545c8d2a0d9131f486f6c49ec5a432df5f22f9670fa7f9dda2028,80
step12 sync core__EXTRACTED/STEP12-C_CAPABILITY_SCOPE_CONDITION_OWNERSHIP_ORGANIZATION_FULL_VERSION_v1.1_CORRECTED__EXTRACTED/README.md,md,671,4fc44842172062b1e694d0740d0aab32cb4b37acd8a3fc6eb7db9faf27405762,12
step12 sync core__EXTRACTED/STEP12-C_CAPABILITY_SCOPE_CONDITION_OWNERSHIP_ORGANIZATION_FULL_VERSION_v1.1_CORRECTED__EXTRACTED/STEP12-C_CORE_V1_3_C_SCOPE_INHERITANCE_AUGMENTATION_REGISTER.csv,csv,1681,518279a0034f9b449843616ee2adea15cf13a681295e4148989712352375f928,13
step12 sync core__EXTRACTED/STEP12-C_CAPABILITY_SCOPE_CONDITION_OWNERSHIP_ORGANIZATION_FULL_VERSION_v1.1_CORRECTED__EXTRACTED/STEP12-C_SCOPE_SEMANTICS_REGISTER.csv,csv,10986,b6d131fc894e49320a4025fb3c66da90e2c3617cb2f0c27889782cd2eeb1383d,58
step12 sync core__EXTRACTED/STEP12-C_CAPABILITY_SCOPE_CONDITION_OWNERSHIP_ORGANIZATION_FULL_VERSION_v1.1_CORRECTED__EXTRACTED/STEP12-C_PHYSICAL_RLS_DOWNSTREAM_RESIDUAL_REGISTER.csv,csv,559,9633b251ddf726eeeacb120492b4d41bf748057fe08f0a46d444baa75d7cd19c,6
step12 sync core__EXTRACTED/STEP12-C_CAPABILITY_SCOPE_CONDITION_OWNERSHIP_ORGANIZATION_FULL_VERSION_v1.1_CORRECTED__EXTRACTED/STEP12-C_M01-M15_C_SCOPE_IMPACT_MATRIX.csv,csv,2093,d90796a7ba1dd64679fbd01763f1f00dbb30d20c3b3062b93ee57b1ad8fd9e12,16
step12 sync core__EXTRACTED/STEP12-C_CAPABILITY_SCOPE_CONDITION_OWNERSHIP_ORGANIZATION_FULL_VERSION_v1.1_CORRECTED__EXTRACTED/STEP12-C_SOURCE_MANIFEST_SHA256.csv,csv,1238,525de563ce48e95f9d0d6dc7dff8e0f259244113c5c71d1af76efc5db907d646,9
step12 sync core__EXTRACTED/STEP12-C_CAPABILITY_SCOPE_CONDITION_OWNERSHIP_ORGANIZATION_FULL_VERSION_v1.1_CORRECTED__EXTRACTED/STEP12-C_CONDITION_REGISTER.csv,csv,6137,485bf7b7c91319e21ed39b5db029646fab0e1cc91eafee89cd2a730b98715652,58
step12 sync core__EXTRACTED/STEP12-C_CAPABILITY_SCOPE_CONDITION_OWNERSHIP_ORGANIZATION_FULL_VERSION_v1.1_CORRECTED__EXTRACTED/STEP12-C_FINDING_REGISTER.csv,csv,1448,37ccf0e31df818228092aa1bfc182e9a228b60c2e7805ee8b65c74ffd956b719,8
step12 sync core__EXTRACTED/STEP12-C_CAPABILITY_SCOPE_CONDITION_OWNERSHIP_ORGANIZATION_FULL_VERSION_v1.1_CORRECTED__EXTRACTED/STEP12-C_AUTHORIZATION_GRAPH_REGISTER.csv,csv,85792,9ef8aa1f118a8194f927da6cf1f49edc79e42f567eca7bc58371459658312bf5,400
step12 sync core__EXTRACTED/STEP12-C_CAPABILITY_SCOPE_CONDITION_OWNERSHIP_ORGANIZATION_FULL_VERSION_v1.1_CORRECTED__EXTRACTED/STEP12-C_CAPABILITY_SCOPE_CONDITION_OWNERSHIP_ORGANIZATION_FULL_VERSION.docx,docx,38946,abde2da57a0966fdb013a77f3cfc841b289688d5c64015fb1d7cdc73282e3497,67
step12 sync core__EXTRACTED/STEP12-C_CAPABILITY_SCOPE_CONDITION_OWNERSHIP_ORGANIZATION_FULL_VERSION_v1.1_CORRECTED__EXTRACTED/STEP12-C_CAPABILITY_SCOPE_CONDITION_OWNERSHIP_ORGANIZATION_MATRIX.csv,csv,9625,874964653125f1ffc910ef0f8b444e99093a135c0d9e1380b0026c9ec630b438,58
step12 sync core__EXTRACTED/STEP12-C_CAPABILITY_SCOPE_CONDITION_OWNERSHIP_ORGANIZATION_FULL_VERSION_v1.1_CORRECTED__EXTRACTED/STEP12-C_ORGANIZATION_CONTEXT_REGISTER.csv,csv,13387,e7dafd8f4b7ac2b8cf6f7699c30d4f45316568ded4ca5a1090780a8e40bbb4c5,58
step12 sync core__EXTRACTED/STEP12-C_CAPABILITY_SCOPE_CONDITION_OWNERSHIP_ORGANIZATION_FULL_VERSION_v1.1_CORRECTED__EXTRACTED/STEP12-C_STEP12B_HANDOFF_REGISTER.csv,csv,538,15c252b092ef8b236652db51a8d71783e321e09f120cd6f1a3d94e1260774572,4
step12 sync core__EXTRACTED/STEP12-C_CAPABILITY_SCOPE_CONDITION_OWNERSHIP_ORGANIZATION_FULL_VERSION_v1.1_CORRECTED__EXTRACTED/STEP12-C_GATE_MATRIX.csv,csv,875,503484abfa37456d0cd10e717b0b09aa65fc1df73ccd2d07b3593c816572f488,15
step12 sync core__EXTRACTED/STEP12-C_CAPABILITY_SCOPE_CONDITION_OWNERSHIP_ORGANIZATION_FULL_VERSION_v1.1_CORRECTED__EXTRACTED/STEP12-C_API_DATA_FLOW_AUTHORIZATION_DEPENDENCY_REGISTER.csv,csv,1706,598997fa7da1caa79b3900a0c65de02dfc3bbedac61f5269d76d9503297467e5,16
step12 sync core__EXTRACTED/STEP12-C_CAPABILITY_SCOPE_CONDITION_OWNERSHIP_ORGANIZATION_FULL_VERSION_v1.1_CORRECTED__EXTRACTED/STEP12-C_CROSS_MODULE_AUTHORIZATION_CONFLICT_REGISTER.csv,csv,2023,3d63fab3a73b9766914f8457fe7b5b1c46c6c81de941ddac7a0514364e17498a,11
step12 sync core__EXTRACTED/STEP12-C_CAPABILITY_SCOPE_CONDITION_OWNERSHIP_ORGANIZATION_FULL_VERSION_v1.1_CORRECTED__EXTRACTED/STEP12-C_PORTABLE_CHECKPOINT.json,json,801,5e9717821458f7d3707fe42470ac95706917d2aae753560abfa7027f24c118bf,25
step12 sync core__EXTRACTED/STEP12-C_CAPABILITY_SCOPE_CONDITION_OWNERSHIP_ORGANIZATION_FULL_VERSION_v1.1_CORRECTED__EXTRACTED/STEP12-C_OWNERSHIP_BOUNDARY_REGISTER.csv,csv,10459,8f7023ba59726ee1d72bd525627a82bc1b4353ac9d35794f9ed4718be535363e,58
step12 sync core__EXTRACTED/STEP12-B_PERMISSION_PRESET_SYNCHRONIZATION_FULL_VERSION_v1.1_CORRECTED__EXTRACTED/STEP12-B_GATE_MATRIX.csv,csv,877,dd3eb78c0dae37807dc96cf46ae004f9daad18d1ef6b7e1d7f68a47f29f941ee,12
step12 sync core__EXTRACTED/STEP12-B_PERMISSION_PRESET_SYNCHRONIZATION_FULL_VERSION_v1.1_CORRECTED__EXTRACTED/STEP12-B_PRESET_CAPABILITY_BOUNDARY_MATRIX.csv,csv,1044,04aacb1b375721b3ebad04dc7e0ed13b8d4b175efc4652a225d638c14089ddd7,12
step12 sync core__EXTRACTED/STEP12-B_PERMISSION_PRESET_SYNCHRONIZATION_FULL_VERSION_v1.1_CORRECTED__EXTRACTED/STEP12-B_CORE_INHERITANCE_AUGMENTATION_REGISTER.csv,csv,1071,0a07d081c38b8c1f78f8eee5ac13a7dfcee1992f02b7b27aebf232236fab3400,9
step12 sync core__EXTRACTED/STEP12-B_PERMISSION_PRESET_SYNCHRONIZATION_FULL_VERSION_v1.1_CORRECTED__EXTRACTED/STEP12-B_CORE_V1_3_SCOPE_GAP_AUDIT.csv,csv,1153,19972f015a0358e5878463ade2fb46e8a3b6b01ba5c625c58ac4a17ee8f25f29,7
step12 sync core__EXTRACTED/STEP12-B_PERMISSION_PRESET_SYNCHRONIZATION_FULL_VERSION_v1.1_CORRECTED__EXTRACTED/README.md,md,389,a6abd28d17642eb7d638c8619f641e58bed53362685b502cfc9a6744d84533e2,7
step12 sync core__EXTRACTED/STEP12-B_PERMISSION_PRESET_SYNCHRONIZATION_FULL_VERSION_v1.1_CORRECTED__EXTRACTED/STEP12-B_PORTABLE_CHECKPOINT.json,json,524,1c67d0c37ed9858bec4a62bec0bccde02f59713f360353e2af0bb29fedde9d1a,17
step12 sync core__EXTRACTED/STEP12-B_PERMISSION_PRESET_SYNCHRONIZATION_FULL_VERSION_v1.1_CORRECTED__EXTRACTED/STEP12-B_STEP11_HANDOFF_RESIDUAL_REGISTER.csv,csv,543,08f975f4c88023d0eac4c59801e579379fed64dcb3dad2b7f12863f48c60f594,5
step12 sync core__EXTRACTED/STEP12-B_PERMISSION_PRESET_SYNCHRONIZATION_FULL_VERSION_v1.1_CORRECTED__EXTRACTED/STEP12-B_API_STORAGE_RLS_EVIDENCE_REGISTER.csv,csv,893,8b4c770f7c6b824b8d05ed03baeb53134a8c9d47621eeca64e0aa95ee75dc15e,6
step12 sync core__EXTRACTED/STEP12-B_PERMISSION_PRESET_SYNCHRONIZATION_FULL_VERSION_v1.1_CORRECTED__EXTRACTED/STEP12-B_M10_TO_CORE_PERMISSION_PRESET_DELTA_REGISTER.csv,csv,1738,fd571ac0c843a81041402462bf3c3ad80d152791bccc416cb0309d23989b4838,11
step12 sync core__EXTRACTED/STEP12-B_PERMISSION_PRESET_SYNCHRONIZATION_FULL_VERSION_v1.1_CORRECTED__EXTRACTED/STEP12-B_SCOPE_CONDITION_OWNERSHIP_ORGANIZATION_MATRIX.csv,csv,829,c3017a22400751d7983bf9f1f515b9eeab43837f78c0d51c99239ca8de7d717c,7
step12 sync core__EXTRACTED/STEP12-B_PERMISSION_PRESET_SYNCHRONIZATION_FULL_VERSION_v1.1_CORRECTED__EXTRACTED/STEP12-B_SOURCE_MANIFEST_SHA256.csv,csv,1057,0897f75bdc777c4a93f9502dc239168a646aa0f6e9b865328d51039a7dc86fe3,9
step12 sync core__EXTRACTED/STEP12-B_PERMISSION_PRESET_SYNCHRONIZATION_FULL_VERSION_v1.1_CORRECTED__EXTRACTED/STEP12-B_CONFLICT_FINDING_REGISTER.csv,csv,1529,a218b27fd2671e2b2984baf760defedb3a92fcaa4d679bc8351d292e43f56adb,7
step12 sync core__EXTRACTED/STEP12-B_PERMISSION_PRESET_SYNCHRONIZATION_FULL_VERSION_v1.1_CORRECTED__EXTRACTED/STEP12-B_PERMISSION_PRESET_SYNCHRONIZATION_FULL_VERSION.md,md,7642,dbe921dcffad651838e8fa22dad191586b6092da78841858824d0f4a11fc04dc,151
step12 sync core__EXTRACTED/STEP12-B_PERMISSION_PRESET_SYNCHRONIZATION_FULL_VERSION_v1.1_CORRECTED__EXTRACTED/STEP12-B_PERMISSION_PRESET_SYNCHRONIZATION_FULL_VERSION.docx,docx,39970,227f5c505700491484223e1c511bc0d0d965554810e400683216007370bbf061,26
step12 sync core__EXTRACTED/STEP12-B_PERMISSION_PRESET_SYNCHRONIZATION_FULL_VERSION_v1.1_CORRECTED__EXTRACTED/STEP12-B_PERMISSION_PRESET_GOVERNANCE_COVERAGE_REGISTER.csv,csv,1214,14f8c86c1784d8b9053b293f26faf1ace15ea5b10b4381ecaa7f00ad770438d7,12
step12 sync core__EXTRACTED/STEP12-B_PERMISSION_PRESET_SYNCHRONIZATION_FULL_VERSION_v1.1_CORRECTED__EXTRACTED/STEP12-B_M01-M15_PERMISSION_PRESET_IMPACT_COVERAGE_MATRIX.csv,csv,3163,a68f49535f2a2edd5802a6d8f338ed380798567756a5496f027b827d9a64c98d,16
step12 sync core__EXTRACTED/STEP12-B_PERMISSION_PRESET_SYNCHRONIZATION_FULL_VERSION_v1.1_CORRECTED__EXTRACTED/STEP12-B_PRESET_ROLE_TRACEABILITY_MATRIX.csv,csv,1169,71054ba040e32ac9c8fd35acf3af1dc4f10ca66f2fd63f489ab8c8b79e6f019e,6
step12 sync core__EXTRACTED/STEP12-01_ROLE_ROLE_PERMISSION_SYNCHRONIZATION_FULL_VERSION_v1.1_CORRECTED__EXTRACTED/STEP12-01_SOURCE_MANIFEST_SHA256.csv,csv,1596,673ecc83fb95f24e59fed7ae83c98bcd7bb22b6dbbe267b5369b2f5fa1a5ba48,8
step12 sync core__EXTRACTED/STEP12-01_ROLE_ROLE_PERMISSION_SYNCHRONIZATION_FULL_VERSION_v1.1_CORRECTED__EXTRACTED/STEP12-01_CORE_ROLE_PERMISSION_DELTA_REGISTER.csv,csv,3325,111d28deec9499e85683ab2b8dda99e7511e3f611a79bce8e054bb04b272f5b8,16
step12 sync core__EXTRACTED/STEP12-01_ROLE_ROLE_PERMISSION_SYNCHRONIZATION_FULL_VERSION_v1.1_CORRECTED__EXTRACTED/STEP12-01_ROLE_PERMISSION_MASTER_MATRIX.csv,csv,7604,b32f560cd10129f7dcb070a259f0a281154685aad2f111c5c4a9d8b6689167b1,51
step12 sync core__EXTRACTED/STEP12-01_ROLE_ROLE_PERMISSION_SYNCHRONIZATION_FULL_VERSION_v1.1_CORRECTED__EXTRACTED/STEP12-01_M04_FROZEN_PERMISSION_VOCABULARY.csv,csv,1285,ae05fbbe64b2c2be119dba73b9444c27398affe27ed99e4b2614f0c2be0c4bd4,15
step12 sync core__EXTRACTED/STEP12-01_ROLE_ROLE_PERMISSION_SYNCHRONIZATION_FULL_VERSION_v1.1_CORRECTED__EXTRACTED/README.md,md,403,53b7121de8acf8685674a99f6d77398411f46d672185ab384b06e5b08b2ec8a7,2
step12 sync core__EXTRACTED/STEP12-01_ROLE_ROLE_PERMISSION_SYNCHRONIZATION_FULL_VERSION_v1.1_CORRECTED__EXTRACTED/STEP12-01_AUTHORITY_SCOPE_RECONCILIATION_REGISTER.csv,csv,1614,24c3edc9d4d296591fd6d132d4137a076fa92393f64fab721a7775519d1e57f8,12
step12 sync core__EXTRACTED/STEP12-01_ROLE_ROLE_PERMISSION_SYNCHRONIZATION_FULL_VERSION_v1.1_CORRECTED__EXTRACTED/STEP12-01_ROLE_PERMISSION_SYNCHRONIZATION_FULL_VERSION.md,md,7929,9f2c3ebe91a6fe987c57bbd1c97884e2f76e9e7208c24407fd09d691de951f94,169
step12 sync core__EXTRACTED/STEP12-01_ROLE_ROLE_PERMISSION_SYNCHRONIZATION_FULL_VERSION_v1.1_CORRECTED__EXTRACTED/STEP12-01_M10_CURRENT_ROLE_PERMISSION_BASELINE.csv,csv,1394,891de55341786f222ec25330f1bd374eaac5cda4e4001b480a5d1700088285a4,12
step12 sync core__EXTRACTED/STEP12-01_ROLE_ROLE_PERMISSION_SYNCHRONIZATION_FULL_VERSION_v1.1_CORRECTED__EXTRACTED/STEP12-01_M01-M15_ROLE_PERMISSION_SYNCHRONIZATION_MATRIX.csv,csv,2997,ac585fbbacc004813b8a6fc4759088b9a30fa77bdc72b51d84e5155399b8f66f,16
step12 sync core__EXTRACTED/STEP12-01_ROLE_ROLE_PERMISSION_SYNCHRONIZATION_FULL_VERSION_v1.1_CORRECTED__EXTRACTED/STEP12-01_PORTABLE_CHECKPOINT.json,json,872,4a45eeb7f69d7fa23a3e9348b98e7912ffdbb1304acf9dec70967233ea92dbcb,26
step12 sync core__EXTRACTED/STEP12-01_ROLE_ROLE_PERMISSION_SYNCHRONIZATION_FULL_VERSION_v1.1_CORRECTED__EXTRACTED/STEP12-01_FINDING_REGISTER.csv,csv,1546,693b5838f3ddcd7c9d056ac6b3efcdbbae3c1748bea0c24363beadb79e03141c,8
step12 sync core__EXTRACTED/STEP12-01_ROLE_ROLE_PERMISSION_SYNCHRONIZATION_FULL_VERSION_v1.1_CORRECTED__EXTRACTED/STEP12-01_PERMISSION_PRESET_BOUNDARY_REGISTER.csv,csv,609,f3815a63d2c2763abbcc89d399483c2e1fe7ad8cf3baea0289b3a04a14da53cf,10
step12 sync core__EXTRACTED/STEP12-01_ROLE_ROLE_PERMISSION_SYNCHRONIZATION_FULL_VERSION_v1.1_CORRECTED__EXTRACTED/STEP12-01_ROLE_PERMISSION_CONFLICT_REGISTER.csv,csv,2148,de208a9879fcd71db2c46693ea952b5748507d43b0904eadbca6806ae545daab,5
step12 sync core__EXTRACTED/STEP12-01_ROLE_ROLE_PERMISSION_SYNCHRONIZATION_FULL_VERSION_v1.1_CORRECTED__EXTRACTED/STEP12-01_DIRECT_STEP11_RBAC_RLS_HANDOFF_REGISTER.csv,csv,419,0301cca444274748888c28dd53ed361c06d032d7d3b6ed12041be9ea1cae2295,5
step12 sync core__EXTRACTED/STEP12-01_ROLE_ROLE_PERMISSION_SYNCHRONIZATION_FULL_VERSION_v1.1_CORRECTED__EXTRACTED/STEP12-01_ROLE_CATALOGUE_FULL.csv,csv,1383,02878a5439f929ea2e6ab5372157c0b73441f42e4340448608a7fce950e48e7f,10
step12 sync core__EXTRACTED/STEP12-01_ROLE_ROLE_PERMISSION_SYNCHRONIZATION_FULL_VERSION_v1.1_CORRECTED__EXTRACTED/STEP12-01_ROLE_PERMISSION_SYNCHRONIZATION_FULL_VERSION.docx,docx,39191,1785b1605a3cb8fcf2bd847a058d00404b757707b8c980fb623960c7a4dde40a,63
step12 sync core__EXTRACTED/STEP12-F_API_DATA_FLOW_AUTHORIZATION_TRACEABILITY_FULL_VERSION_v1.1_CORRECTED__EXTRACTED/STEP12-F_ROLE_PERMISSION_CAPABILITY_API_MATRIX.csv,csv,118023,3b1f4a1eb458ad16764a5ccbf3bfa5b7250044e22b7d416b1dade12c63c9691a,484
step12 sync core__EXTRACTED/STEP12-F_API_DATA_FLOW_AUTHORIZATION_TRACEABILITY_FULL_VERSION_v1.1_CORRECTED__EXTRACTED/STEP12-F_STEP12E_HANDOFF_REGISTER.csv,csv,424,7edb355a504d3424684f0d6390cb770f437fecfef28c6bc716b39d83040017f5,5
step12 sync core__EXTRACTED/STEP12-F_API_DATA_FLOW_AUTHORIZATION_TRACEABILITY_FULL_VERSION_v1.1_CORRECTED__EXTRACTED/STEP12-F_M01-M15_IMPACT_MATRIX.csv,csv,2488,fdd6914df52e6d6450313e4cdb2d27d90ea055f527a1ca5f54f85e0b0891b22e,16
step12 sync core__EXTRACTED/STEP12-F_API_DATA_FLOW_AUTHORIZATION_TRACEABILITY_FULL_VERSION_v1.1_CORRECTED__EXTRACTED/STEP12-F_PROTECTED_API_AUTHORIZATION_COVERAGE.csv,csv,65732,1de519d3d3ba44b9b633695c1b9efd7f6be07a8cfc01a41919b45208c749fac0,240
step12 sync core__EXTRACTED/STEP12-F_API_DATA_FLOW_AUTHORIZATION_TRACEABILITY_FULL_VERSION_v1.1_CORRECTED__EXTRACTED/STEP12-F_MISSING_AUTHORIZATION_API_REGISTER.csv,csv,576,d14e871d2d64b5135aa2abec1960b4fb33d063d68d3d921f7f43998e90b26126,2
step12 sync core__EXTRACTED/STEP12-F_API_DATA_FLOW_AUTHORIZATION_TRACEABILITY_FULL_VERSION_v1.1_CORRECTED__EXTRACTED/STEP12-F_FULL_VERSION.md,md,2979,98c46d4780e0eecaa13ee614509a695faf6269dba80705274cdf9d3088d0fd7e,41
step12 sync core__EXTRACTED/STEP12-F_API_DATA_FLOW_AUTHORIZATION_TRACEABILITY_FULL_VERSION_v1.1_CORRECTED__EXTRACTED/STEP12-F_FINAL_PACKAGE_DEEP_SCAN_REPORT.csv,csv,182,3c07f11bda5d2645cc2456ed77f74b073d2b2bcd6cc72dca75aefa3630c1c6da,2
step12 sync core__EXTRACTED/STEP12-F_API_DATA_FLOW_AUTHORIZATION_TRACEABILITY_FULL_VERSION_v1.1_CORRECTED__EXTRACTED/STEP12-F_SHA256_MANIFEST.csv,csv,2312,08931b1ff54d927b2f62306cfdd312ab1d9c4f74f7d3ed62fb5b9455a0239ca2,23
step12 sync core__EXTRACTED/STEP12-F_API_DATA_FLOW_AUTHORIZATION_TRACEABILITY_FULL_VERSION_v1.1_CORRECTED__EXTRACTED/README.md,md,462,347c1ebe20959171f308e8438ad290ed7b7c64b9da1a091f366381be4320526e,10
step12 sync core__EXTRACTED/STEP12-F_API_DATA_FLOW_AUTHORIZATION_TRACEABILITY_FULL_VERSION_v1.1_CORRECTED__EXTRACTED/STEP12-F_FINDING_REGISTER.csv,csv,2181,3102ab1bebd4e57f06449f12d5338cf6e5f940d3c599c9990765a79d1640ed72,10
step12 sync core__EXTRACTED/STEP12-F_API_DATA_FLOW_AUTHORIZATION_TRACEABILITY_FULL_VERSION_v1.1_CORRECTED__EXTRACTED/STEP12-F_CROSS_MODULE_AUTHORIZATION_TRACEABILITY_MATRIX.csv,csv,1706,1120733e7aa4f0d540a8c3d40304508ad67fe3e009a94d79da23300284e1d88d,10
step12 sync core__EXTRACTED/STEP12-F_API_DATA_FLOW_AUTHORIZATION_TRACEABILITY_FULL_VERSION_v1.1_CORRECTED__EXTRACTED/STEP12-F_SOURCE_EVIDENCE_PROVENANCE_MANIFEST.csv,csv,632,543421d19afabe6593faf6b8d7f326ddbfc4da776b84005b540677bdcfea5b7a,7
step12 sync core__EXTRACTED/STEP12-F_API_DATA_FLOW_AUTHORIZATION_TRACEABILITY_FULL_VERSION_v1.1_CORRECTED__EXTRACTED/STEP12-F_RECURSIVE_SOURCE_DEEP_SCAN_REPORT.csv,csv,1909,4f993b9c9a7b37aecd1509ee63761c67a49673c8f05ac28637b70fe9f6fe9b2f,14
step12 sync core__EXTRACTED/STEP12-F_API_DATA_FLOW_AUTHORIZATION_TRACEABILITY_FULL_VERSION_v1.1_CORRECTED__EXTRACTED/STEP12-F_API_FLOW_MATRIX.csv,csv,56272,fb94e06e68023abed877b775db52f259bd36598f053032a0e0e1928f00594212,240
step12 sync core__EXTRACTED/STEP12-F_API_DATA_FLOW_AUTHORIZATION_TRACEABILITY_FULL_VERSION_v1.1_CORRECTED__EXTRACTED/STEP12-F_FULL_VERSION.docx,docx,37142,ccd8489cfd8f466a957b2eb837234fbecc27cbcf19bf91db9779013e13385cab,16
step12 sync core__EXTRACTED/STEP12-F_API_DATA_FLOW_AUTHORIZATION_TRACEABILITY_FULL_VERSION_v1.1_CORRECTED__EXTRACTED/STEP12-F_GATE_MATRIX.csv,csv,1491,b64565c7e44e54d3442a0c3a95ecbaf2d20c0cf12e1588bfc56157e0c2f49a19,11
step12 sync core__EXTRACTED/STEP12-F_API_DATA_FLOW_AUTHORIZATION_TRACEABILITY_FULL_VERSION_v1.1_CORRECTED__EXTRACTED/STEP12-F_API_DATA_ENTITY_MATRIX.csv,csv,91600,73421c8c7eb5a7713fb8e0ea3c98e620871695a860cc2282c660a1e698858e71,240
step12 sync core__EXTRACTED/STEP12-F_API_DATA_FLOW_AUTHORIZATION_TRACEABILITY_FULL_VERSION_v1.1_CORRECTED__EXTRACTED/STEP12-F_CORE_V1_3_INHERITANCE_RECONCILIATION_AUDIT.csv,csv,3020,31518f2b43964512f83ae624c69f88b646816fc26c1679c7a5649423213f01ce,16
step12 sync core__EXTRACTED/STEP12-F_API_DATA_FLOW_AUTHORIZATION_TRACEABILITY_FULL_VERSION_v1.1_CORRECTED__EXTRACTED/STEP12-F_CONTROLLED_API_RESIDUAL_REGISTER.csv,csv,2272,47c8a5fcb189462c042ad12eb74e2f83c8f6f46d913893d1d415f0f4c3fc2afe,15
step12 sync core__EXTRACTED/STEP12-F_API_DATA_FLOW_AUTHORIZATION_TRACEABILITY_FULL_VERSION_v1.1_CORRECTED__EXTRACTED/STEP12-F_CAPABILITY_API_MATRIX.csv,csv,19666,cfcef56e36173003125dc5c699cfd7d3ed0ca81638f759bde62d812fa5741225,58
step12 sync core__EXTRACTED/STEP12-F_API_DATA_FLOW_AUTHORIZATION_TRACEABILITY_FULL_VERSION_v1.1_CORRECTED__EXTRACTED/STEP12-F_API_AUTHORIZATION_TRACEABILITY_MATRIX.csv,csv,57358,7d23bb736c4207e3cc68993ae3c471def27f357c5c3064f214c0fca0cfa0458b,240
step12 sync core__EXTRACTED/STEP12-F_API_DATA_FLOW_AUTHORIZATION_TRACEABILITY_FULL_VERSION_v1.1_CORRECTED__EXTRACTED/STEP12-F_PORTABLE_CHECKPOINT.json,json,886,c02b5c7bb01eee0512c5c6c1b80104de2dfcb694a8c57e4b57483aef8821c9bc,30
step12 sync core__EXTRACTED/STEP12-F_API_DATA_FLOW_AUTHORIZATION_TRACEABILITY_FULL_VERSION_v1.1_CORRECTED__EXTRACTED/STEP12-F_ORPHAN_CAPABILITY_REGISTER.csv,csv,21219,f88121445387f8ac53c27e1fe839fe36ceef0ffc422556729c6db1c843631d38,58
step12 sync core__EXTRACTED/STEP12-D_PHYSICAL_AUTHORIZATION_RLS_MAPPING_ENFORCEMENT_FULL_VERSION_v1.1_CORRECTED__EXTRACTED/README.md,md,476,ccde1f3337577e6770d1af17062a5da28d009e6fa132af35997085c83d46d30d,5
step12 sync core__EXTRACTED/STEP12-D_PHYSICAL_AUTHORIZATION_RLS_MAPPING_ENFORCEMENT_FULL_VERSION_v1.1_CORRECTED__EXTRACTED/STEP12-D_RLS_REQUIREMENT_MATRIX.csv,csv,24522,8bca9404846af3be73be0d8bc4cba604153c0a1cd2d449efe3c98f78fb40524f,58
step12 sync core__EXTRACTED/STEP12-D_PHYSICAL_AUTHORIZATION_RLS_MAPPING_ENFORCEMENT_FULL_VERSION_v1.1_CORRECTED__EXTRACTED/STEP12-D_CONTROLLED_PHYSICAL_DELTA_REGISTER.csv,csv,1363,10cff71d7be5d9e1856ba72d253cfbebc6dec67003b4c9ffd2a19f89fc953258,10
step12 sync core__EXTRACTED/STEP12-D_PHYSICAL_AUTHORIZATION_RLS_MAPPING_ENFORCEMENT_FULL_VERSION_v1.1_CORRECTED__EXTRACTED/STEP12-D_OWNERSHIP_ENFORCEMENT_REGISTER.csv,csv,15479,4ea5f5cec7f5d09ebda48f88ffd8f561d0f5c5af1c9a69304f0789401a48a14c,58
step12 sync core__EXTRACTED/STEP12-D_PHYSICAL_AUTHORIZATION_RLS_MAPPING_ENFORCEMENT_FULL_VERSION_v1.1_CORRECTED__EXTRACTED/STEP12-D_CORE_V1_3_PHYSICAL_AUTHORIZATION_INHERITANCE_REGISTER.csv,csv,2848,79f5a734357882332221b11a446a415c79fe4be11228d3ca39d52d6e1f77be31,17
step12 sync core__EXTRACTED/STEP12-D_PHYSICAL_AUTHORIZATION_RLS_MAPPING_ENFORCEMENT_FULL_VERSION_v1.1_CORRECTED__EXTRACTED/STEP12-D_ROLE_PERMISSION_RLS_DEPENDENCY_REGISTER.csv,csv,15735,1fc6cf082aca27b7532c3ce3ecaa4ae29a1f7c841433d4f084f32e7f277a2377,58
step12 sync core__EXTRACTED/STEP12-D_PHYSICAL_AUTHORIZATION_RLS_MAPPING_ENFORCEMENT_FULL_VERSION_v1.1_CORRECTED__EXTRACTED/STEP12-D_RLS_COVERAGE_MATRIX.csv,csv,8001,ae6b3b93f114d78f78a0ce2e39eb3245010a19d93c9c340239f1a76e91b99f97,59
step12 sync core__EXTRACTED/STEP12-D_PHYSICAL_AUTHORIZATION_RLS_MAPPING_ENFORCEMENT_FULL_VERSION_v1.1_CORRECTED__EXTRACTED/STEP12-D_M10_PERMISSION_PRESET_PHYSICAL_MAPPING.csv,csv,1667,f32b49620eadfc8b9ed312f4f27f640fa6df84c26267a14a9e674ca87a80b40e,5
step12 sync core__EXTRACTED/STEP12-D_PHYSICAL_AUTHORIZATION_RLS_MAPPING_ENFORCEMENT_FULL_VERSION_v1.1_CORRECTED__EXTRACTED/STEP12-D_SOURCE_EVIDENCE_PROVENANCE_MANIFEST.csv,csv,1575,a035fadc25f8e498bb6d015a3bed53fec4a3941d4030d8fc4aa7dee5dcf1d9d4,11
step12 sync core__EXTRACTED/STEP12-D_PHYSICAL_AUTHORIZATION_RLS_MAPPING_ENFORCEMENT_FULL_VERSION_v1.1_CORRECTED__EXTRACTED/STEP12-D_ORGANIZATION_BOUNDARY_ENFORCEMENT_REGISTER.csv,csv,15561,09bce6e419d744817ada5a8cbd2dd8528d59123a126b2ea5291c6599b32d82b8,58
step12 sync core__EXTRACTED/STEP12-D_PHYSICAL_AUTHORIZATION_RLS_MAPPING_ENFORCEMENT_FULL_VERSION_v1.1_CORRECTED__EXTRACTED/STEP12-D_GATE_MATRIX.csv,csv,1064,1fb1bea2f81138193bd22ab68dcc78914055c8d18efefb04a194fe4227d3f732,13
step12 sync core__EXTRACTED/STEP12-D_PHYSICAL_AUTHORIZATION_RLS_MAPPING_ENFORCEMENT_FULL_VERSION_v1.1_CORRECTED__EXTRACTED/STEP12-D_PHYSICAL_AUTHORIZATION_RLS_MAPPING_ENFORCEMENT_READINESS_FULL_VERSION.docx,docx,38292,f7efdbaece16dbcfebb829073fc336479e63d6639a8a301e2080f89e9169638d,23
step12 sync core__EXTRACTED/STEP12-D_PHYSICAL_AUTHORIZATION_RLS_MAPPING_ENFORCEMENT_FULL_VERSION_v1.1_CORRECTED__EXTRACTED/STEP12-D_CORE_V1_3_SCOPE_GAP_AUDIT.csv,csv,1179,102414f866085bad5d2f10de49c424b80c955ca6ab8f665ed690ddf07e19b6e5,10
step12 sync core__EXTRACTED/STEP12-D_PHYSICAL_AUTHORIZATION_RLS_MAPPING_ENFORCEMENT_FULL_VERSION_v1.1_CORRECTED__EXTRACTED/STEP12-D_LOGICAL_ENTITY_TO_PHYSICAL_TABLE_MAPPING.csv,csv,11146,eafd657636cc0a933471772497e62dc1c12715fa58d8e03fed3be501594330f3,95
step12 sync core__EXTRACTED/STEP12-D_PHYSICAL_AUTHORIZATION_RLS_MAPPING_ENFORCEMENT_FULL_VERSION_v1.1_CORRECTED__EXTRACTED/STEP12-D_PORTABLE_CHECKPOINT.json,json,363,2bc4193382745d2f3d64e0b70d3e75320dfa305757b3a5e75644863cfcb8206f,16
step12 sync core__EXTRACTED/STEP12-D_PHYSICAL_AUTHORIZATION_RLS_MAPPING_ENFORCEMENT_FULL_VERSION_v1.1_CORRECTED__EXTRACTED/STEP12-D_PHYSICAL_RLS_RUNTIME_RESIDUAL_REGISTER.csv,csv,1109,1f0a0d806c35bc3d8335838d47f7562a4fe59e4906fbff995054104ee152ea86,10
step12 sync core__EXTRACTED/STEP12-D_PHYSICAL_AUTHORIZATION_RLS_MAPPING_ENFORCEMENT_FULL_VERSION_v1.1_CORRECTED__EXTRACTED/STEP12-D_API_DATA_RLS_DEPENDENCY_REGISTER.csv,csv,17320,8f6e726434195acfaaa4c4187d4a20b42cf8ec9d8bfaeeb108ac59af10a6e81c,58
step12 sync core__EXTRACTED/STEP12-D_PHYSICAL_AUTHORIZATION_RLS_MAPPING_ENFORCEMENT_FULL_VERSION_v1.1_CORRECTED__EXTRACTED/STEP12-D_MISSING_PHYSICAL_ENFORCEMENT_FINDING_REGISTER.csv,csv,2671,f65e642811684082319d7d9f2d99df4f3ffcb32a171b892317fe9eb6d4c55f13,11
step12 sync core__EXTRACTED/STEP12-D_PHYSICAL_AUTHORIZATION_RLS_MAPPING_ENFORCEMENT_FULL_VERSION_v1.1_CORRECTED__EXTRACTED/STEP12-D_SECOND_DEEP_SCAN_REPORT.csv,csv,304,1e4c728474d0e58b04bf4275780d3e3f8e5bcf45650cb196d0aaaf58bd4e6ccb,9
step12 sync core__EXTRACTED/STEP12-D_PHYSICAL_AUTHORIZATION_RLS_MAPPING_ENFORCEMENT_FULL_VERSION_v1.1_CORRECTED__EXTRACTED/STEP12-D_CONDITION_PHYSICAL_ENFORCEMENT_REGISTER.csv,csv,12920,3a54ddc9a91eb0f15b5a112eaeeb8db233ababd17a60f074493519e2de9fa680,58
step12 sync core__EXTRACTED/STEP12-D_PHYSICAL_AUTHORIZATION_RLS_MAPPING_ENFORCEMENT_FULL_VERSION_v1.1_CORRECTED__EXTRACTED/STEP12-D_CAPABILITY_RESOURCE_MAPPING.csv,csv,9212,b7d3d006bd49b8946bba4f29884c7ef3fc931a0808595e630315d6ab69f08011,58
step12 sync core__EXTRACTED/STEP12-D_PHYSICAL_AUTHORIZATION_RLS_MAPPING_ENFORCEMENT_FULL_VERSION_v1.1_CORRECTED__EXTRACTED/STEP12-D_STEP12C_HANDOFF_REGISTER.csv,csv,634,5c51e8d6d91be1cd236b4823a188883c82e9fbc6bed783dd36c84d749c3b5810,5
step12 sync core__EXTRACTED/STEP12-D_PHYSICAL_AUTHORIZATION_RLS_MAPPING_ENFORCEMENT_FULL_VERSION_v1.1_CORRECTED__EXTRACTED/STEP12-D_SHA256_MANIFEST.csv,csv,3208,5926a80fd901a3e7325bb654dc067fd1ddd7fae5549863df899b622010e17bd7,28
step12 sync core__EXTRACTED/STEP12-D_PHYSICAL_AUTHORIZATION_RLS_MAPPING_ENFORCEMENT_FULL_VERSION_v1.1_CORRECTED__EXTRACTED/STEP12-D_CROSS_MODULE_RLS_CONFLICT_REGISTER.csv,csv,1298,7d5af0ed71d55bc7e8f6bfd4723d40ce29c5eb4ca280af05c98df48ac0aa0d56,9
step12 sync core__EXTRACTED/STEP12-D_PHYSICAL_AUTHORIZATION_RLS_MAPPING_ENFORCEMENT_FULL_VERSION_v1.1_CORRECTED__EXTRACTED/STEP12-D_M01-M15_PHYSICAL_AUTHORIZATION_IMPACT_MATRIX.csv,csv,798,673ed3bac3c2f033a0c9f0b4fda91d2f8a61abeb7b490cf879340e3649402dde,16
step12 sync core__EXTRACTED/STEP12-D_PHYSICAL_AUTHORIZATION_RLS_MAPPING_ENFORCEMENT_FULL_VERSION_v1.1_CORRECTED__EXTRACTED/STEP12-D_PHYSICAL_AUTHORIZATION_RLS_MAPPING_ENFORCEMENT_READINESS_FULL_VERSION.md,md,3842,f6dd55db47b7802f5a3917bb6488a47f40b2271256af816e3a959695d87a01e4,38
step12 sync core__EXTRACTED/STEP12-D_PHYSICAL_AUTHORIZATION_RLS_MAPPING_ENFORCEMENT_FULL_VERSION_v1.1_CORRECTED__EXTRACTED/STEP12-D_TARGETED_RLS_HARDENING_REGISTER.csv,csv,73,97473e69ae868418b7d795aa18e14c0246626735704998ec4f3e6546bb820fbf,1
step12 sync core__EXTRACTED/STEP12-D_PHYSICAL_AUTHORIZATION_RLS_MAPPING_ENFORCEMENT_FULL_VERSION_v1.1_CORRECTED__EXTRACTED/STEP12-D_PHYSICAL_AUTHORIZATION_MAPPING_MATRIX.csv,csv,29590,a3b4bfbfa7f6f69f44a8472e89d4c8b1dc87f35fff902a494af81fa4bbccf51e,58
step12 sync core__EXTRACTED/STEP12-G_PHYSICAL_RLS_RUNTIME_RESIDUAL_GATE_FULL_VERSION_v1.4_FULL_REBUILD__EXTRACTED/STEP12-G_PORTABLE_CHECKPOINT.json,json,702,8b82e6bf3c02e09c41a1af4fd286102539731a426e1f0dd56372b7454e17a88e,19
step12 sync core__EXTRACTED/STEP12-G_PHYSICAL_RLS_RUNTIME_RESIDUAL_GATE_FULL_VERSION_v1.4_FULL_REBUILD__EXTRACTED/STEP12-G_RLS_COVERAGE_MATRIX.csv,csv,9791,6577e76de987dac81d14f2bb18423bc8b21c43660b1bc1215521aff786b5fcbb,66
step12 sync core__EXTRACTED/STEP12-G_PHYSICAL_RLS_RUNTIME_RESIDUAL_GATE_FULL_VERSION_v1.4_FULL_REBUILD__EXTRACTED/STEP12-G_ROLE_PERMISSION_CAPABILITY_RLS_MATRIX.csv,csv,23634,af6f77078b3bdbf12eb3e718c6746df10e6f14b90ea461c6eff75d3ec08e48be,58
step12 sync core__EXTRACTED/STEP12-G_PHYSICAL_RLS_RUNTIME_RESIDUAL_GATE_FULL_VERSION_v1.4_FULL_REBUILD__EXTRACTED/STEP12-G_CORE_V1_3_PHYSICAL_INHERITANCE_AUDIT.csv,csv,5615,b28596334b23b888c2ca9068238874e690f968dd1a3cebcbc13a81b677b60d25,16
step12 sync core__EXTRACTED/STEP12-G_PHYSICAL_RLS_RUNTIME_RESIDUAL_GATE_FULL_VERSION_v1.4_FULL_REBUILD__EXTRACTED/STEP12-G_FULL_VERSION.md,md,8052,d173a6c190b7e6049dce84c7b4b22c824ab4079734286a2e1708d9bc211aa8c5,114
step12 sync core__EXTRACTED/STEP12-G_PHYSICAL_RLS_RUNTIME_RESIDUAL_GATE_FULL_VERSION_v1.4_FULL_REBUILD__EXTRACTED/STEP12-G_GATE_MATRIX.csv,csv,1528,7c7296668549b1a3617b5991dde498456b569fd7b4fe4d6869973d4c992a1322,11
step12 sync core__EXTRACTED/STEP12-G_PHYSICAL_RLS_RUNTIME_RESIDUAL_GATE_FULL_VERSION_v1.4_FULL_REBUILD__EXTRACTED/README.md,md,955,d8839a7899983807736aa86cfea65538e9e942e758a849a817975a7270a6f657,16
step12 sync core__EXTRACTED/STEP12-G_PHYSICAL_RLS_RUNTIME_RESIDUAL_GATE_FULL_VERSION_v1.4_FULL_REBUILD__EXTRACTED/STEP12-G_RLS_POLICY_TRACEABILITY_MATRIX.csv,csv,8622,4e1fc16ccfac9a1d66c6cb8c625fd2d0249f29c02206a9e630c6f84e1e725f85,66
step12 sync core__EXTRACTED/STEP12-G_PHYSICAL_RLS_RUNTIME_RESIDUAL_GATE_FULL_VERSION_v1.4_FULL_REBUILD__EXTRACTED/STEP12-G_EVIDENCE_PROVENANCE_MANIFEST.csv,csv,3313,7e7c7cb2dcd4b2b482138cd5e4a2537ea6d280d86bfc8161d75baaccb2273bee,26
step12 sync core__EXTRACTED/STEP12-G_PHYSICAL_RLS_RUNTIME_RESIDUAL_GATE_FULL_VERSION_v1.4_FULL_REBUILD__EXTRACTED/STEP12-G_SHA256_MANIFEST.csv,csv,2463,79813a24942bbe8cd0a96cdbdadfb1cf112d88b0887faa3464e1fba6afc70c64,23
step12 sync core__EXTRACTED/STEP12-G_PHYSICAL_RLS_RUNTIME_RESIDUAL_GATE_FULL_VERSION_v1.4_FULL_REBUILD__EXTRACTED/STEP12-G_SHA256_MANIFEST_PREBUILD.csv,csv,2463,79813a24942bbe8cd0a96cdbdadfb1cf112d88b0887faa3464e1fba6afc70c64,23
step12 sync core__EXTRACTED/STEP12-G_PHYSICAL_RLS_RUNTIME_RESIDUAL_GATE_FULL_VERSION_v1.4_FULL_REBUILD__EXTRACTED/STEP12-G_FINAL_PACKAGE_DEEP_SCAN_REPORT.csv,csv,207,f416d3364ad97369d52c3c44fa1ca26de868ddd38b8be1de4e5a9a1a825bd973,7
step12 sync core__EXTRACTED/STEP12-G_PHYSICAL_RLS_RUNTIME_RESIDUAL_GATE_FULL_VERSION_v1.4_FULL_REBUILD__EXTRACTED/STEP12-G_API_RLS_CONSISTENCY_MATRIX.csv,csv,23315,34ce786df34204d7599b8d560768e23873e3be4483ac723d5b33f7bde0433384,58
step12 sync core__EXTRACTED/STEP12-G_PHYSICAL_RLS_RUNTIME_RESIDUAL_GATE_FULL_VERSION_v1.4_FULL_REBUILD__EXTRACTED/STEP12-G_CAPABILITY_PHYSICAL_ENFORCEMENT_MATRIX.csv,csv,28452,90dc8c16898eb1537bf99becbc21186138325ea25ffaaf94e4d2709899f7973a,58
step12 sync core__EXTRACTED/STEP12-G_PHYSICAL_RLS_RUNTIME_RESIDUAL_GATE_FULL_VERSION_v1.4_FULL_REBUILD__EXTRACTED/STEP12-G_FINDING_REGISTER.csv,csv,4524,c53f1d9f29a965b46c89bebbb72b4c85b47a4dbcb314a272805fb6dbad0abbe6,16
step12 sync core__EXTRACTED/STEP12-G_PHYSICAL_RLS_RUNTIME_RESIDUAL_GATE_FULL_VERSION_v1.4_FULL_REBUILD__EXTRACTED/STEP12-G_PHYSICAL_BASELINE_RECONCILIATION_MATRIX.csv,csv,462,81b61b1ceaf5aef2f23d6d6af04ba63b4825c9583451b3aa524d57d5e21b64ea,8
step12 sync core__EXTRACTED/STEP12-G_PHYSICAL_RLS_RUNTIME_RESIDUAL_GATE_FULL_VERSION_v1.4_FULL_REBUILD__EXTRACTED/STEP12-G_STEP12F_HANDOFF_REGISTER.csv,csv,1733,cc58458ec454e3ec173f43f7a2c5b2925258cc354dd385d5322815ccb03a2bfe,15
step12 sync core__EXTRACTED/STEP12-G_PHYSICAL_RLS_RUNTIME_RESIDUAL_GATE_FULL_VERSION_v1.4_FULL_REBUILD__EXTRACTED/STEP12-G_EVIDENCE_SOURCE_INVENTORY_v1.4.csv,csv,1533,16eca87b6e16e0322e302a787cd758440545466206ba013a13453daf20ed9554,11
step12 sync core__EXTRACTED/STEP12-G_PHYSICAL_RLS_RUNTIME_RESIDUAL_GATE_FULL_VERSION_v1.4_FULL_REBUILD__EXTRACTED/STEP12-G_M10_PERMISSION_PRESET_PHYSICAL_READINESS_REGISTER.csv,csv,1688,0cd6de506b3d54493e3468972a711041f97e9e999fc1052e5583d2184b7a2fb4,5
step12 sync core__EXTRACTED/STEP12-G_PHYSICAL_RLS_RUNTIME_RESIDUAL_GATE_FULL_VERSION_v1.4_FULL_REBUILD__EXTRACTED/STEP12-G_RUNTIME_VERIFICATION_RESIDUAL_REGISTER.csv,csv,521,461e3eeefd3b4d19fc85276f6e10d84070b5c796f6192772f0fa4eaff1ea8086,5
step12 sync core__EXTRACTED/STEP12-G_PHYSICAL_RLS_RUNTIME_RESIDUAL_GATE_FULL_VERSION_v1.4_FULL_REBUILD__EXTRACTED/STEP12-G_FULL_VERSION.docx,docx,39802,5dbe8dcd5f3835961890a6c21104ac912c52d26eedcdee1e58b73d9da6800d07,82
step12 sync core__EXTRACTED/STEP12-G_PHYSICAL_RLS_RUNTIME_RESIDUAL_GATE_FULL_VERSION_v1.4_FULL_REBUILD__EXTRACTED/STEP12-G_SECURITY_CRITICAL_RESOURCE_REGISTER.csv,csv,3828,546ff51083286d463e6e26f3c8b897fbea4d8574d44dca87f18ed78144a2fd1d,17
step12 sync core__EXTRACTED/STEP12-G_PHYSICAL_RLS_RUNTIME_RESIDUAL_GATE_FULL_VERSION_v1.4_FULL_REBUILD__EXTRACTED/STEP12-G_ZERO_POLICY_TABLE_REGISTER.csv,csv,4033,e1ff68f4830cfd84e74d2f012d6bed595e50754810110a880db86110ba27cc4c,17
step12 sync core__EXTRACTED/STEP12-G_PHYSICAL_RLS_RUNTIME_RESIDUAL_GATE_FULL_VERSION_v1.4_FULL_REBUILD__EXTRACTED/STEP12-G_RECURSIVE_SOURCE_DEEP_SCAN_REPORT.csv,csv,1804,8b37e3684a75aebf683ab192c40ad42337f720dfeea57728c19ec8601bf3fa69,13
step12 sync core__EXTRACTED/STEP12-G_PHYSICAL_RLS_RUNTIME_RESIDUAL_GATE_FULL_VERSION_v1.4_FULL_REBUILD__EXTRACTED/STEP12-G_M01-M15_PHYSICAL_RLS_IMPACT_MATRIX.csv,csv,1409,703c7401dccf3a9517ba5004ac5b113d9a6d4b1062be59fb25fc68dd68213e4c,16
step12 sync core__EXTRACTED/STEP12-G_PHYSICAL_RLS_RUNTIME_RESIDUAL_GATE_FULL_VERSION_v1.4_FULL_REBUILD__EXTRACTED/STEP12-G_CONTROLLED_PHYSICAL_DELTA_REGISTER.csv,csv,2668,bb4ae29ae6012c7b35b339bf4eb10e6218ce33c6eb00a6b0547bc70498ff76d9,13
step12 sync core__EXTRACTED/STEP12-00_FULL_VERSION_PACKAGE_v1.1_CORRECTED__EXTRACTED/STEP12-00_PORTABLE_CHECKPOINT_v1.1_CORRECTED.json,json,887,18833d0e35911530042a856de199fdfc2fc760b98e2536e4cd8c1c9f08ef7d65,26
step12 sync core__EXTRACTED/STEP12-00_FULL_VERSION_PACKAGE_v1.1_CORRECTED__EXTRACTED/README.md,md,356,0f1119041947d59fe6ac6464e84453c4bc3f15720cc8eaa898f5e01d48011c1d,8
step12 sync core__EXTRACTED/STEP12-00_FULL_VERSION_PACKAGE_v1.1_CORRECTED__EXTRACTED/STEP12-00_FINDING_REGISTER_v1.1_CORRECTED.csv,csv,2460,b7866543588d987fb6be3f8e6491c2403eb743fe317cdebef2ddcb76ec5ae92f,26
step12 sync core__EXTRACTED/STEP12-00_FULL_VERSION_PACKAGE_v1.1_CORRECTED__EXTRACTED/STEP12-00_INPUT_DEEP_SCAN_CURRENTNESS_AUTHORITY_GATE_FULL_VERSION_v1.1_CORRECTED.docx,docx,49360,f8674df2fdc01583ec5b19656ad4131b8c1c4b5e185bd87f464c8cbf580803e0,720
step12 sync core__EXTRACTED/STEP12-00_FULL_VERSION_PACKAGE_v1.1_CORRECTED__EXTRACTED/STEP12-00_INPUT_DEEP_SCAN_CURRENTNESS_AUTHORITY_GATE_FULL_VERSION_v1.1_CORRECTED.md,md,32918,9cf4ee57f1d3c23e8fcfdbcdc6fc9fad7b841749602b6c0b7792db55375e4c2a,631
step12 sync core__EXTRACTED/STEP12-00_FULL_VERSION_PACKAGE_v1.1_CORRECTED__EXTRACTED/STEP12-00_SOURCE_MANIFEST_SHA256_v1.1_CORRECTED.csv,csv,898,724b2594c070f79cbf338104b3d15951447dc7e87b12f5bdbdb322a01ef515e9,7
Step11 Sync core__EXTRACTED/STEP11-B1_IDENTITY_AUTH_PROFILE_API_SYNCHRONIZATION_FULL_DEEP_SCAN_v1.2_FINAL_CORRECTED.docx,docx,47267,e73e84330119675c3586e9923e4aa7f913d0c6ab1858b84fa2baf252421c7911,590
Step11 Sync core__EXTRACTED/STEP11-G_v1.2_FULL_VERSION_CORE_SYNC_REVALIDATED_DEEP_SCAN.zip,zip,50597,54c84250035d65cd0f9f86bb82ced2d3d63cde519c44deaacd994f67553e40ef,
Step11 Sync core__EXTRACTED/STEP11-H_v1.1_FINAL_API_GATE_STEP12_HANDOFF_CORE_REVALIDATED.zip,zip,50409,550532a30dd8abbf0157df6c61d64b79c49e760c374d68a5174ee2b09bdf703f,
Step11 Sync core__EXTRACTED/STEP11-00_INPUT_DEEP_SCAN_CURRENTNESS_AUTHORITY_GATE_RERUN-01_v1.0(1).docx,docx,39563,87360e9a453debd64a0bc5030379296c27d4a0688dff685be22ad05799c6e3b4,74
Step11 Sync core__EXTRACTED/STEP11-A_EXISTING_API_BASELINE_PRESERVATION_ENDPOINT_INVENTORY_v1.3_FULL_REBUILD_CORRECTED.docx,docx,56917,545c3de8c857dc67a4b3048f7c75da3622ee98cb0592b070415b6391c8ed99c4,3094
Step11 Sync core__EXTRACTED/STEP11-B2_LISTING_SEARCH_LEAD_REFRESH_API_SYNCHRONIZATION_FULL_DEEP_SCAN_v1.1_FINAL_CORRECTED.docx,docx,49740,7e4c4ba47b2f1e957410285a7e57a47713968111ce84b931ae94244779fa32e3,598
Step11 Sync core__EXTRACTED/STEP11-B10_AI_PROVIDER_ADMIN_NOTIFICATION_LEGACY_FULL_VERSION_PACKAGE_v1.1_FINAL_CORRECTED.zip,zip,52833,e57aea642c9274b6fcdeee91dd975422e519e938a070cb9ea8a58c1bf1d4eead,
Step11 Sync core__EXTRACTED/STEP11-E_WEBHOOK_IDEMPOTENCY_CONCURRENCY_FULL_VERSION_PACKAGE_v1.2_FINAL_REBUILT (2).zip,zip,122092,451c31a9c625289d07d8c86a19b1cf28d68c6fd4e3124d2c339489acad23b180,
Step11 Sync core__EXTRACTED/STEP11-F_v1.1_FULL_VERSION_GOVERNANCE_CORRECTED_DEEP_SCAN.zip,zip,47315,026a3d2dc73cfd50461b0645e9908addad7ae988bea61f4432211a440669a6e1,
Step11 Sync core__EXTRACTED/STEP11-B4_LEARNING_CATALOG_ACTIVITY_LEARNING_ECONOMY_API_SYNCHRONIZATION_FULL_DEEP_SCAN_v1.1_FINAL_CORRECTED.docx,docx,52226,784964b4048b2c860cfe0c874d1824ad3d2f83ed81bf89f66fb310ebbc920303,847
Step11 Sync core__EXTRACTED/STEP11-B5_LEARNING_SESSION_ENROLLMENT_PROVIDER_EVIDENCE_API_SYNCHRONIZATION_FULL_DEEP_SCAN_v1.2_FINAL_CORRECTED.docx,docx,50087,d6e143294c1a62f70a667d1b50d19ac385aada8cd77c80dc93d0dc1afb3427fc,812
Step11 Sync core__EXTRACTED/STEP11-B7_COMMERCIAL_PAYMENT_ENTITLEMENT_QUOTA_RECONCILIATION_API_SYNCHRONIZATION_FULL_DEEP_SCAN_v1.1_FINAL_CORRECTED.md,md,35280,2b209c09e41b05417c9e7a4fca5bd30892d04f6d5eb9f54ced0edcc3daa2d018,507
Step11 Sync core__EXTRACTED/STEP11-D_CROSS_MODULE_API_CONSISTENCY_FULL_VERSION_PACKAGE_v1.3_FINAL_CORRECTED_PRESERVATION_COMPLETE.zip,zip,64866,1900a9ef1750002de8eca9e83d54a55e6d3e9a61666bce71b1d2a66c83356ab3,
Step11 Sync core__EXTRACTED/STEP11-B6_ORGANIZATION_MEMBERSHIP_INVITATION_API_SYNCHRONIZATION_FULL_DEEP_SCAN_v1.2_FINAL_CORRECTED.md,md,34839,61e39750c675e0e3f785b44d5c25c504be4b8b44ebf516ee05ba3b4a13ca64b0,764
Step11 Sync core__EXTRACTED/STEP11-B3_DEVELOPER_PROJECT_MEDIA_CLAIM_API_SYNCHRONIZATION_FULL_DEEP_SCAN_v1.1_FINAL_CORRECTED.docx,docx,51490,84fa3111a5bd3dc4aac3da76ddd59f3380c4a6cacb9c6ac6528623c3c511ebbd,826
Step11 Sync core__EXTRACTED/STEP11-B8_M15_FULL_VERSION_PACKAGE_v1.0.zip,zip,56840,a85ff3fb8e95a6c8440ee9e01f9247b3471b776c36ecc94d1764a6bb60f99e30,
Step11 Sync core__EXTRACTED/STEP11-C_CROSS_CUTTING_HTTP_API_CONTRACT_FULL_VERSION_PACKAGE_v1.2_FINAL_CORRECTED.zip,zip,46452,c085ec340e45c231c87f1159ffca780e165cf755cdbf8cb5c88c9ab6a4855fed,
Step11 Sync core__EXTRACTED/STEP11-B9_M11_FULL_VERSION_PACKAGE_v1.1_FINAL_CORRECTED.zip,zip,50827,d5a7097346abf932c01da70a1c79c2a312611525575d75b9be5f090175949566,
Step11 Sync core__EXTRACTED/STEP11_A_TO_F_FULL_CORE_UPDATE_REBUILD_v2.0_FINAL_FULL_VERSION.zip,zip,19376,823e5981c1cc06fff6fcf7de2c581f008ec7a9eccde1f23538ddbeabf21d62a1,
Step11 Sync core__EXTRACTED/STEP11-F_v1.1_FULL_VERSION_GOVERNANCE_CORRECTED_DEEP_SCAN__EXTRACTED/STEP11-F_v1.1_CORE_PROPAGATION_MATRIX.csv,csv,4024,f586e16b5db64d8cd9345aadc3f3761a990ce43cbc3e6e506617c58bef43ca0a,16
Step11 Sync core__EXTRACTED/STEP11-F_v1.1_FULL_VERSION_GOVERNANCE_CORRECTED_DEEP_SCAN__EXTRACTED/STEP11-F_v1.1_FULL_VERSION_GOVERNANCE_CORRECTED_DEEP_SCAN.docx,docx,42047,f513f76314a64418d5a4b15a460ce62ea02b287ba2a1b6cdf8b21154b1a8cbf6,240
Step11 Sync core__EXTRACTED/STEP11-F_v1.1_FULL_VERSION_GOVERNANCE_CORRECTED_DEEP_SCAN__EXTRACTED/STEP11-F_v1.1_OUTPUT_MANIFEST_SHA256.csv,csv,400,5ede229889cd5454c965755313bf1695f1b4bb3bc76e0ef0f7560f04a0fd2346,4
Step11 Sync core__EXTRACTED/STEP11-F_v1.1_FULL_VERSION_GOVERNANCE_CORRECTED_DEEP_SCAN__EXTRACTED/STEP11-F_v1.1_FULL_VERSION_GOVERNANCE_CORRECTED_DEEP_SCAN.md,md,13825,e9104dfe49f69a937a53769eecfce35f94b9518caa7a38e387e257a119bec63f,305
Step11 Sync core__EXTRACTED/STEP11-E_WEBHOOK_IDEMPOTENCY_CONCURRENCY_FULL_VERSION_PACKAGE_v1.2_FINAL_REBUILT (2)__EXTRACTED/24_STEP11-E_V1_1_TO_V1_2_ARTIFACT_PRESERVATION_MANIFEST.json,json,3047,bfd557d589e390cd532e472daebae5e2f2b76696f52e0a61068255b4cb048fa9,62
Step11 Sync core__EXTRACTED/STEP11-E_WEBHOOK_IDEMPOTENCY_CONCURRENCY_FULL_VERSION_PACKAGE_v1.2_FINAL_REBUILT (2)__EXTRACTED/17_STEP11-E_SHA256_PROVENANCE_MANIFEST.json,json,1168,a92badd3674ada7393086c3dee8a3fc608bab61ea94cc12e67f8e1200ea15c14,34
Step11 Sync core__EXTRACTED/STEP11-E_WEBHOOK_IDEMPOTENCY_CONCURRENCY_FULL_VERSION_PACKAGE_v1.2_FINAL_REBUILT (2)__EXTRACTED/16_STEP11-E_FINAL_GATE_SUMMARY_v1.1.json,json,663,983e261c0d66d6276d7d69693cf46ee6ae69041572543ba102e7af3a403c1610,22
Step11 Sync core__EXTRACTED/STEP11-E_WEBHOOK_IDEMPOTENCY_CONCURRENCY_FULL_VERSION_PACKAGE_v1.2_FINAL_REBUILT (2)__EXTRACTED/00_README_STEP11-E_v1.1_FINAL_CORRECTED.md,md,1111,2b6f80283bac23168709806c004aa8d18ffa7d02a114880e40fe6b66022e8ea3,31
Step11 Sync core__EXTRACTED/STEP11-E_WEBHOOK_IDEMPOTENCY_CONCURRENCY_FULL_VERSION_PACKAGE_v1.2_FINAL_REBUILT (2)__EXTRACTED/01_STEP11-E_FULL_DEEP_SCAN_REPORT_v1.2_FINAL_REBUILT.md,md,11226,903cbaeee45088178909ab9cd08115d3aad176c52491d3b9e901b7dd15e930f7,205
Step11 Sync core__EXTRACTED/STEP11-E_WEBHOOK_IDEMPOTENCY_CONCURRENCY_FULL_VERSION_PACKAGE_v1.2_FINAL_REBUILT (2)__EXTRACTED/15_STEP11-E_POST_CORRECTION_DEEP_RESCAN_v1.2.json,json,550,191a58d301f05b8ad09b167ce8792948ed26b02a361b7f21cd56370cbb528e7f,18
Step11 Sync core__EXTRACTED/STEP11-E_WEBHOOK_IDEMPOTENCY_CONCURRENCY_FULL_VERSION_PACKAGE_v1.2_FINAL_REBUILT (2)__EXTRACTED/21_STEP11-E_CORE_V1_3_E_SCOPE_RECONCILIATION_v1.2.csv,csv,551,e4c03eccd7b148c61702d78affa57df0a13ee4f0ae4c4b44fe12d270275b277a,7
Step11 Sync core__EXTRACTED/STEP11-E_WEBHOOK_IDEMPOTENCY_CONCURRENCY_FULL_VERSION_PACKAGE_v1.2_FINAL_REBUILT (2)__EXTRACTED/22_STEP11-E_CORRECTION_DISPOSITION_REGISTER_v1.2.csv,csv,1857,b7c42041eba6b8df9a561aa1babc8de1574286ba9c8f30c43d2cedef5649598e,16
Step11 Sync core__EXTRACTED/STEP11-E_WEBHOOK_IDEMPOTENCY_CONCURRENCY_FULL_VERSION_PACKAGE_v1.2_FINAL_REBUILT (2)__EXTRACTED/17_STEP11-E_SHA256_PROVENANCE_MANIFEST_v1.1.json,json,740,aa779b227d15e1e9a6cdcfbe77e9549bfebe9d392a52bfb824fc96272dc570ff,18
Step11 Sync core__EXTRACTED/STEP11-E_WEBHOOK_IDEMPOTENCY_CONCURRENCY_FULL_VERSION_PACKAGE_v1.2_FINAL_REBUILT (2)__EXTRACTED/19_STEP11-E_ARTIFACT_SHA256_MANIFEST_v1.2.json,json,4072,045e544c01ecdefc94821a4192586f62e469fa503a7e2096497d7f35a71972f6,122
Step11 Sync core__EXTRACTED/STEP11-E_WEBHOOK_IDEMPOTENCY_CONCURRENCY_FULL_VERSION_PACKAGE_v1.2_FINAL_REBUILT (2)__EXTRACTED/23_STEP11-E_SOURCE_EVIDENCE_INDEX_v1.1.csv,csv,785,e937f2ebccfe18203724061c654256f88d83a2a03eee9e86fa5dc22a0fedf02a,8
Step11 Sync core__EXTRACTED/STEP11-E_WEBHOOK_IDEMPOTENCY_CONCURRENCY_FULL_VERSION_PACKAGE_v1.2_FINAL_REBUILT (2)__EXTRACTED/15_STEP11-E_POST_CORRECTION_DEEP_RESCAN.json,json,992,f7fcaedbf59a9aa6c5c0a14b06aa9e4ed6943e15916c2fd9c3a5721a6e77c136,34
Step11 Sync core__EXTRACTED/STEP11-E_WEBHOOK_IDEMPOTENCY_CONCURRENCY_FULL_VERSION_PACKAGE_v1.2_FINAL_REBUILT (2)__EXTRACTED/25_STEP11-E_FINAL_PACKAGE_ARTIFACT_MANIFEST.json,json,7163,9708a32d58505d80ce7850fa7e808d85901ca67528729ccb85261205e6eaf821,212
Step11 Sync core__EXTRACTED/STEP11-E_WEBHOOK_IDEMPOTENCY_CONCURRENCY_FULL_VERSION_PACKAGE_v1.2_FINAL_REBUILT (2)__EXTRACTED/21_STEP11-E_CORE_V1_3_E_SCOPE_RECONCILIATION_v1.1.csv,csv,1606,d8b96af5aeeee695b4723a878177ca0b453cd9aa7e0e74548ec8978d444acdd7,7
Step11 Sync core__EXTRACTED/STEP11-E_WEBHOOK_IDEMPOTENCY_CONCURRENCY_FULL_VERSION_PACKAGE_v1.2_FINAL_REBUILT (2)__EXTRACTED/03_STEP11-E_IDEMPOTENCY_MATRIX.csv,csv,1213,b267a37595b42f69f6c7b64d5526cb5ca14960bdf09d0c60cb91c24aaf3c5d63,7
Step11 Sync core__EXTRACTED/STEP11-E_WEBHOOK_IDEMPOTENCY_CONCURRENCY_FULL_VERSION_PACKAGE_v1.2_FINAL_REBUILT (2)__EXTRACTED/04_STEP11-E_CONCURRENCY_ATOMICITY_MATRIX.csv,csv,1465,23d161d2ed54a1efd6323262ea44cba874f974608fa80ddfa5261c4714bf459a,8
Step11 Sync core__EXTRACTED/STEP11-E_WEBHOOK_IDEMPOTENCY_CONCURRENCY_FULL_VERSION_PACKAGE_v1.2_FINAL_REBUILT (2)__EXTRACTED/16_STEP11-E_FINAL_GATE_SUMMARY_v1.2.json,json,452,bd7c5562a598d82c4a7f8c6c837683555204e1a41fe3d73c7fb38eb2cf87c09a,14
Step11 Sync core__EXTRACTED/STEP11-E_WEBHOOK_IDEMPOTENCY_CONCURRENCY_FULL_VERSION_PACKAGE_v1.2_FINAL_REBUILT (2)__EXTRACTED/05_STEP11-E_RETRY_REPLAY_MATRIX.csv,csv,776,c6b64a78ed96f4e2fbbb01cf096a321a55e65b907c8f76d9107543dfaec08374,5
Step11 Sync core__EXTRACTED/STEP11-E_WEBHOOK_IDEMPOTENCY_CONCURRENCY_FULL_VERSION_PACKAGE_v1.2_FINAL_REBUILT (2)__EXTRACTED/19_STEP11-E_ARTIFACT_SHA256_MANIFEST.json,json,3353,4626ca20f71fc9c0d0d7c42ccdeb04d72b7571d78af53b80f2fb0aa8c2b7b533,102
Step11 Sync core__EXTRACTED/STEP11-E_WEBHOOK_IDEMPOTENCY_CONCURRENCY_FULL_VERSION_PACKAGE_v1.2_FINAL_REBUILT (2)__EXTRACTED/17_STEP11-E_SHA256_PROVENANCE_MANIFEST_v1.2.json,json,1443,17574c820f992ba53b70bcf8c931043c284752d178f0145bfef8ce00c6093bef,35
Step11 Sync core__EXTRACTED/STEP11-E_WEBHOOK_IDEMPOTENCY_CONCURRENCY_FULL_VERSION_PACKAGE_v1.2_FINAL_REBUILT (2)__EXTRACTED/15_STEP11-E_POST_CORRECTION_DEEP_RESCAN_v1.1.json,json,603,fb6116cb7d8509da4086d47dff1b72c1f4d7d55cb7eeec69da4ff655550ebfa5,19
Step11 Sync core__EXTRACTED/STEP11-E_WEBHOOK_IDEMPOTENCY_CONCURRENCY_FULL_VERSION_PACKAGE_v1.2_FINAL_REBUILT (2)__EXTRACTED/01_STEP11-E_FULL_DEEP_SCAN_REPORT_v1.1_FINAL_CORRECTED.md,md,12358,e29a5280a2be1b24911ce2647c1cd2c19b6eea23736cfebd46f7583434ac049e,259
Step11 Sync core__EXTRACTED/STEP11-E_WEBHOOK_IDEMPOTENCY_CONCURRENCY_FULL_VERSION_PACKAGE_v1.2_FINAL_REBUILT (2)__EXTRACTED/09_STEP11-E_CONTROLLED_GAP_REGISTER_v1.2.csv,csv,2553,f5191647176857f0282702e8f503b6069b046c1209e67f79aa3243311303c12c,16
Step11 Sync core__EXTRACTED/STEP11-E_WEBHOOK_IDEMPOTENCY_CONCURRENCY_FULL_VERSION_PACKAGE_v1.2_FINAL_REBUILT (2)__EXTRACTED/10_STEP11-E_CLOSED_FINDING_REGISTER.csv,csv,610,91c7161cdf6f1b0ec5f09e51f3dbd8f653098a56e3ec5bc2ac3d165974f93c5d,5
Step11 Sync core__EXTRACTED/STEP11-E_WEBHOOK_IDEMPOTENCY_CONCURRENCY_FULL_VERSION_PACKAGE_v1.2_FINAL_REBUILT (2)__EXTRACTED/20_STEP11-E_M01_M15_SCOPE_COVERAGE_MATRIX_v1.1.csv,csv,2649,8704cf4ea8ef6903b62ee44c2242b2e031a5b2660342ca6eab952e70a40d6c13,16
Step11 Sync core__EXTRACTED/STEP11-E_WEBHOOK_IDEMPOTENCY_CONCURRENCY_FULL_VERSION_PACKAGE_v1.2_FINAL_REBUILT (2)__EXTRACTED/00_README_STEP11-E_v1.2_FINAL_REBUILT.md,md,849,acf35297e67575375f28c7676b7935053aa3f9ddc2f6e0c92f2cdf509de01a3f,21
Step11 Sync core__EXTRACTED/STEP11-E_WEBHOOK_IDEMPOTENCY_CONCURRENCY_FULL_VERSION_PACKAGE_v1.2_FINAL_REBUILT (2)__EXTRACTED/02_STEP11-E_WEBHOOK_API_MATRIX.csv,csv,1077,e82d34f7e673df79e3354943587f84fd03cbd59b28e277f7beb54bf0f1edd61b,5
Step11 Sync core__EXTRACTED/STEP11-E_WEBHOOK_IDEMPOTENCY_CONCURRENCY_FULL_VERSION_PACKAGE_v1.2_FINAL_REBUILT (2)__EXTRACTED/20_STEP11-E_M01_M15_SCOPE_COVERAGE_MATRIX_v1.2.csv,csv,1274,577369d32dd4d70d2a292419e9b5f628caae58c193db44396b07fe036c5fe432,16
Step11 Sync core__EXTRACTED/STEP11-E_WEBHOOK_IDEMPOTENCY_CONCURRENCY_FULL_VERSION_PACKAGE_v1.2_FINAL_REBUILT (2)__EXTRACTED/14_STEP11-E_CORE_V1_3_RESIDUAL_REGISTER.csv,csv,510,f5e88b5806491f54f44d886ec503fba4d8dfb4f587e0512852251316b216df93,7
Step11 Sync core__EXTRACTED/STEP11-E_WEBHOOK_IDEMPOTENCY_CONCURRENCY_FULL_VERSION_PACKAGE_v1.2_FINAL_REBUILT (2)__EXTRACTED/18_STEP11-E_FULL_VERSION_REPORT_v1.1_FINAL_CORRECTED.docx,docx,41743,1cf73b47b281d47f243e938a7dc0374be1ede8e9ccbeb0db03b0590f543ebd6a,146
Step11 Sync core__EXTRACTED/STEP11-E_WEBHOOK_IDEMPOTENCY_CONCURRENCY_FULL_VERSION_PACKAGE_v1.2_FINAL_REBUILT (2)__EXTRACTED/22_STEP11-E_CORRECTION_DISPOSITION_REGISTER_v1.1.csv,csv,2376,3b59bf1a7837b01c4e286d426583ea3bd58f7204776ad377c185f2c0f41aaae4,16
Step11 Sync core__EXTRACTED/STEP11-E_WEBHOOK_IDEMPOTENCY_CONCURRENCY_FULL_VERSION_PACKAGE_v1.2_FINAL_REBUILT (2)__EXTRACTED/06_STEP11-E_EVENT_PROPAGATION_MATRIX.csv,csv,998,4901eed9e30543a525a15adc39fdf21198b0a8f0654d08435ccae895179237c1,8
Step11 Sync core__EXTRACTED/STEP11-E_WEBHOOK_IDEMPOTENCY_CONCURRENCY_FULL_VERSION_PACKAGE_v1.2_FINAL_REBUILT (2)__EXTRACTED/16_STEP11-E_FINAL_GATE_SUMMARY.json,json,406,b3f4428b0064b04659f5ed172cb79ca2caec911082ec7f07e8d1f2bc751383c7,12
Step11 Sync core__EXTRACTED/STEP11-E_WEBHOOK_IDEMPOTENCY_CONCURRENCY_FULL_VERSION_PACKAGE_v1.2_FINAL_REBUILT (2)__EXTRACTED/23_STEP11-E_SOURCE_EVIDENCE_INDEX_v1.2.csv,csv,1962,daae566e759bff558326629e5060ba37e747c3299c8615fe52d38e5a5ababac4,17
Step11 Sync core__EXTRACTED/STEP11-E_WEBHOOK_IDEMPOTENCY_CONCURRENCY_FULL_VERSION_PACKAGE_v1.2_FINAL_REBUILT (2)__EXTRACTED/07_STEP11-E_PRODUCER_CONSUMER_EVENT_MATRIX.csv,csv,804,233216fd43aad3fdd6d990a3019353a385c81ed33078e7c42a47256c55df5987,9
Step11 Sync core__EXTRACTED/STEP11-E_WEBHOOK_IDEMPOTENCY_CONCURRENCY_FULL_VERSION_PACKAGE_v1.2_FINAL_REBUILT (2)__EXTRACTED/13_STEP11-E_RUNTIME_PROOF_BOUNDARY_REGISTER.csv,csv,811,36d937fb350812c634464de45f000aecb08e10b53b468754755c09496b5241a2,8
Step11 Sync core__EXTRACTED/STEP11-E_WEBHOOK_IDEMPOTENCY_CONCURRENCY_FULL_VERSION_PACKAGE_v1.2_FINAL_REBUILT (2)__EXTRACTED/18_STEP11-E_FULL_VERSION_REPORT_v1.2_FINAL_REBUILT.docx,docx,41282,e98ff1db4c016b5a5a01fae9f123eeff7a4dc63d0e3d6684e65e4fe24bd58f30,122
Step11 Sync core__EXTRACTED/STEP11-E_WEBHOOK_IDEMPOTENCY_CONCURRENCY_FULL_VERSION_PACKAGE_v1.2_FINAL_REBUILT (2)__EXTRACTED/14_STEP11-E_CORE_V1_3_RESIDUAL_REGISTER_v1.2.csv,csv,999,5e8759cb32f16165485d348e0f1d42c239c7b8e5d78972c214ad0076869e56b2,7
Step11 Sync core__EXTRACTED/STEP11-E_WEBHOOK_IDEMPOTENCY_CONCURRENCY_FULL_VERSION_PACKAGE_v1.2_FINAL_REBUILT (2)__EXTRACTED/11_STEP11-E_LEGACY_WEBHOOK_RECONCILIATION.csv,csv,393,14c0a2304d22de6d4427befe6da7dccd7a8d695251f38849f9206e7f5065f9a5,4
Step11 Sync core__EXTRACTED/STEP11-E_WEBHOOK_IDEMPOTENCY_CONCURRENCY_FULL_VERSION_PACKAGE_v1.2_FINAL_REBUILT (2)__EXTRACTED/19_STEP11-E_ARTIFACT_SHA256_MANIFEST_v1.1.json,json,4537,46dda22d04d8996430aee171e663c85847f2a7ac098c4d8094603163140a769c,137
Step11 Sync core__EXTRACTED/STEP11-E_WEBHOOK_IDEMPOTENCY_CONCURRENCY_FULL_VERSION_PACKAGE_v1.2_FINAL_REBUILT (2)__EXTRACTED/09_STEP11-E_CONTROLLED_GAP_REGISTER_v1.1.csv,csv,2584,4912ca0309d1eb05c80cfc1d2eeab425c5c480f9dfed23b43d9acf453b351799,16
Step11 Sync core__EXTRACTED/STEP11-E_WEBHOOK_IDEMPOTENCY_CONCURRENCY_FULL_VERSION_PACKAGE_v1.2_FINAL_REBUILT (2)__EXTRACTED/08_STEP11-E_CROSS_MODULE_STATE_TRANSITION_MATRIX.csv,csv,845,4b4fc32652209dc536ae6cd605a339ab48bf9b409111b1af7123e8a006a94105,7
Step11 Sync core__EXTRACTED/STEP11-E_WEBHOOK_IDEMPOTENCY_CONCURRENCY_FULL_VERSION_PACKAGE_v1.2_FINAL_REBUILT (2)__EXTRACTED/12_STEP11-E_AUTHORITY_BOUNDARY_REGISTER.csv,csv,590,c879bd90f09912a122e5914454422306200fed9a8ea87150119a2e151f02b389,7
Step11 Sync core__EXTRACTED/STEP11-B10_AI_PROVIDER_ADMIN_NOTIFICATION_LEGACY_FULL_VERSION_PACKAGE_v1.1_FINAL_CORRECTED__EXTRACTED/STEP11-B10_AI_PROVIDER_ADMIN_NOTIFICATION_LEGACY_API_SYNCHRONIZATION_FULL_DEEP_SCAN_v1.1_FINAL_CORRECTED.md,md,21823,ff5a1bd4aecf80bdc35632ecb7d02d9e853bd8308dc6a4b6f79c961b69b5383e,447
Step11 Sync core__EXTRACTED/STEP11-B10_AI_PROVIDER_ADMIN_NOTIFICATION_LEGACY_FULL_VERSION_PACKAGE_v1.1_FINAL_CORRECTED__EXTRACTED/STEP11-B10_OUTPUT_SHA256_MANIFEST_v1.1_CORRECTED.json,json,2220,f390d953b6ed09a99b8f1c715ffd02965e761885ee5045096aaf58f1a6e81d9d,62
Step11 Sync core__EXTRACTED/STEP11-B10_AI_PROVIDER_ADMIN_NOTIFICATION_LEGACY_FULL_VERSION_PACKAGE_v1.1_FINAL_CORRECTED__EXTRACTED/STEP11-B10_CONTROLLED_FINDING_REGISTER_v1.1_CORRECTED.csv,csv,2861,0c5ac9dfa6e162b3e9ea5958744aabb6afebe3ccac38c8fbed00e5bdb461cbd3,17
Step11 Sync core__EXTRACTED/STEP11-B10_AI_PROVIDER_ADMIN_NOTIFICATION_LEGACY_FULL_VERSION_PACKAGE_v1.1_FINAL_CORRECTED__EXTRACTED/STEP11-B10_POST_CORRECTION_DEEP_RESCAN_v1.1.json,json,2651,cfa7f0410873158bf49e3f7b9d967550d7599d50f51cb20726a09c6433e554b1,69
Step11 Sync core__EXTRACTED/STEP11-B10_AI_PROVIDER_ADMIN_NOTIFICATION_LEGACY_FULL_VERSION_PACKAGE_v1.1_FINAL_CORRECTED__EXTRACTED/STEP11-B10_AI_PROVIDER_ADMIN_NOTIFICATION_LEGACY_API_SYNCHRONIZATION_FULL_DEEP_SCAN_v1.1_FINAL_CORRECTED.docx,docx,43935,ae49f791abf6898e2177261212eb6ad9b1c2b84305d47f9a9c228cb536d268f5,328
Step11 Sync core__EXTRACTED/STEP11-B9_M11_FULL_VERSION_PACKAGE_v1.1_FINAL_CORRECTED__EXTRACTED/STEP11-B9_M11_PUBLIC_DISCOVERY_STATIC_CONTENT_ANNOUNCEMENT_PROMOTION_API_SYNCHRONIZATION_FULL_DEEP_SCAN_v1.1_FINAL_CORRECTED.md,md,18119,d73e61cbd4c62a05103910e3cc25b6a56826d939a2bfc390a33a6ef49730bb04,405
Step11 Sync core__EXTRACTED/STEP11-B9_M11_FULL_VERSION_PACKAGE_v1.1_FINAL_CORRECTED__EXTRACTED/STEP11-B9_OUTPUT_SHA256_MANIFEST_v1.1.json,json,1036,f3a3dcbae789f2727c271d8cd5bef0e93278ab4d49d19ecbc71a4f06fbd2e53f,27
Step11 Sync core__EXTRACTED/STEP11-B9_M11_FULL_VERSION_PACKAGE_v1.1_FINAL_CORRECTED__EXTRACTED/STEP11-B9_M11_PUBLIC_DISCOVERY_STATIC_CONTENT_ANNOUNCEMENT_PROMOTION_API_SYNCHRONIZATION_FULL_DEEP_SCAN_v1.1_FINAL_CORRECTED.docx,docx,43093,ac6934cde8d961b75e3c8557a892e6269cd7c87b868cc927468aec2518f33ec3,405
Step11 Sync core__EXTRACTED/STEP11-B9_M11_FULL_VERSION_PACKAGE_v1.1_FINAL_CORRECTED__EXTRACTED/STEP11-B9_API_PRESERVATION_AND_CONTROLLED_GAP_REGISTER_v1.1.csv,csv,1610,d3d02069fd9509f62de73e2cfff964474b4e6541b99281084952f394eb4a037a,7
Step11 Sync core__EXTRACTED/STEP11-B9_M11_FULL_VERSION_PACKAGE_v1.1_FINAL_CORRECTED__EXTRACTED/STEP11-B9_DS2_FINAL_REVALIDATION_v1.1.json,json,3283,418b0729c65b8851c7507e45d4d6f712abc1981c4a1af89fdadd0e4c02d027c8,73
Step11 Sync core__EXTRACTED/STEP11-B9_M11_FULL_VERSION_PACKAGE_v1.1_FINAL_CORRECTED__EXTRACTED/STEP11-B9_POST_CORRECTION_DEEP_RESCAN_v1.1.json,json,436,86d1cb08149ef3203c53fe3920c357025f3cf9e399258e2a174153f10f52da46,19
Step11 Sync core__EXTRACTED/STEP11_A_TO_F_FULL_CORE_UPDATE_REBUILD_v2.0_FINAL_FULL_VERSION__EXTRACTED/00_README_STEP11_A_TO_F_v2.0.md,md,3024,28fd8b6364ce0fb2886f02bee6d932fdf1da1381cc69620014fc4d3653dff030,51
Step11 Sync core__EXTRACTED/STEP11_A_TO_F_FULL_CORE_UPDATE_REBUILD_v2.0_FINAL_FULL_VERSION__EXTRACTED/05_STEP11_AUTHORITY_CORE_PROPAGATION_MATRIX_v2.0.csv,csv,1540,5c3bf654d2f7c994336598ff444da216a2bbe410785f31be19944244951a8b16,16
Step11 Sync core__EXTRACTED/STEP11_A_TO_F_FULL_CORE_UPDATE_REBUILD_v2.0_FINAL_FULL_VERSION__EXTRACTED/04_STEP11_CORE_UPDATE_FINDING_REGISTER_v2.0.csv,csv,3495,0dffc6081688c77c3cd97c59c49fc174e8b56f54f7efe34a423563a9dffff714,15
Step11 Sync core__EXTRACTED/STEP11_A_TO_F_FULL_CORE_UPDATE_REBUILD_v2.0_FINAL_FULL_VERSION__EXTRACTED/09_STEP11_MACHINE_SUMMARY_v2.0.json,json,1251,b1fe0c71e410c18074fc5756a406d7ddefbf14e6c630f1e0f7a9ef5b455b67d2,56
Step11 Sync core__EXTRACTED/STEP11_A_TO_F_FULL_CORE_UPDATE_REBUILD_v2.0_FINAL_FULL_VERSION__EXTRACTED/08_STEP11_SECOND_DEEP_SCAN_v2.0.md,md,759,a04344adce7fe1457c731c5e91f35e213f45c2dffe64c76dc48b3f061e14aed0,22
Step11 Sync core__EXTRACTED/STEP11_A_TO_F_FULL_CORE_UPDATE_REBUILD_v2.0_FINAL_FULL_VERSION__EXTRACTED/03_STEP11_M01_M15_CORE_UPDATE_DISPOSITION_223_v2.0.csv,csv,82037,1ddb800c8aa418fe96e9c9c8343ca62833281248154ca037a9ad9b1584956cd9,224
Step11 Sync core__EXTRACTED/STEP11_A_TO_F_FULL_CORE_UPDATE_REBUILD_v2.0_FINAL_FULL_VERSION__EXTRACTED/07_STEP11_PROVENANCE_SHA256_MANIFEST_v2.0.csv,csv,2687,3967598251c90e0b4b0853472a782ecfc5a8ca9ed1cf1427d1980d717348355e,14
Step11 Sync core__EXTRACTED/STEP11_A_TO_F_FULL_CORE_UPDATE_REBUILD_v2.0_FINAL_FULL_VERSION__EXTRACTED/02_STEP11_API_CORE_UPDATE_ROUTE_REGISTER_v2.0.csv,csv,25480,0265b3d12b2b9e722fe3dceb2e5ec2d9b6c3bef129d21273bbf8c86758f3ed55,240
Step11 Sync core__EXTRACTED/STEP11_A_TO_F_FULL_CORE_UPDATE_REBUILD_v2.0_FINAL_FULL_VERSION__EXTRACTED/06_STEP11-F_GATE_AND_STEP11-G_HANDOFF_v2.0.md,md,1651,04afd7b6d364338383ba605172e160fa6db1fbfcb3bb93929d28ac7fe721a270,38
Step11 Sync core__EXTRACTED/STEP11_A_TO_F_FULL_CORE_UPDATE_REBUILD_v2.0_FINAL_FULL_VERSION__EXTRACTED/01_STEP11_A_TO_F_FULL_DEEP_SCAN_REPORT_v2.0.md,md,4899,478edba19477eaca6bddc54db1ef2f355409a3354f89b406b16d06e092293290,115
Step11 Sync core__EXTRACTED/STEP11-G_v1.2_FULL_VERSION_CORE_SYNC_REVALIDATED_DEEP_SCAN__EXTRACTED/STEP11-G_v1.2_FULL_VERSION_CORE_SYNC_REVALIDATED_DEEP_SCAN.md,md,12044,3eecb53575af47c8fc1f6c5960543ed23404c6cd7ed136c9c31c36e125c9cd5b,321
Step11 Sync core__EXTRACTED/STEP11-G_v1.2_FULL_VERSION_CORE_SYNC_REVALIDATED_DEEP_SCAN__EXTRACTED/STEP11-G_v1.2_M01-M15_G_REALIZATION_COVERAGE.csv,csv,1074,645ee302df86f61d0da7cf9483b5ce95bdf4c606d0ad522141c78827a6a85d63,16
Step11 Sync core__EXTRACTED/STEP11-G_v1.2_FULL_VERSION_CORE_SYNC_REVALIDATED_DEEP_SCAN__EXTRACTED/STEP11-G_v1.2_OUTPUT_MANIFEST_SHA256.csv,csv,903,53c8b695461cb1fc9a040c88b48d65f02997e0938de145de0c0b3062748d2714,8
Step11 Sync core__EXTRACTED/STEP11-G_v1.2_FULL_VERSION_CORE_SYNC_REVALIDATED_DEEP_SCAN__EXTRACTED/STEP11-G_v1.2_FULL_VERSION_CORE_SYNC_REVALIDATED_DEEP_SCAN.docx,docx,37913,d70a709fd8db3d092de9d766c859f89def772bb09aa23e9569caf54799be3122,22
Step11 Sync core__EXTRACTED/STEP11-G_v1.2_FULL_VERSION_CORE_SYNC_REVALIDATED_DEEP_SCAN__EXTRACTED/STEP11-G_v1.2_SOURCE_PACKAGE_MANIFEST_SHA256.csv,csv,794,84dbe8592b8612f629b4d7abb7fde006c993d24c74e1ad4cf98f1d627b6151d5,7
Step11 Sync core__EXTRACTED/STEP11-G_v1.2_FULL_VERSION_CORE_SYNC_REVALIDATED_DEEP_SCAN__EXTRACTED/STEP11-G_v1.2_MACHINE_SUMMARY.json,json,949,ef9491d27815621464d1c204637ab4c30a48e0f3f2ca9635e405a2b92ac9ca6d,27
Step11 Sync core__EXTRACTED/STEP11-G_v1.2_FULL_VERSION_CORE_SYNC_REVALIDATED_DEEP_SCAN__EXTRACTED/STEP11-G_v1.2_MASTER_REALIZATION_AND_CORE_SYNC_REGISTER.csv,csv,26133,162f057ae515559176af40c1767b7074ea809a3751ceb865b63c1b02171d9b21,48
Step11 Sync core__EXTRACTED/STEP11-G_v1.2_FULL_VERSION_CORE_SYNC_REVALIDATED_DEEP_SCAN__EXTRACTED/STEP11-G_v1.2_CORE_v1.3_SCOPE_G_SYNCHRONIZATION_MATRIX.csv,csv,4742,cb133369895754250b4b6f939bc678e76329fcb53ca2c47a88074a3be3f89fd6,18
Step11 Sync core__EXTRACTED/STEP11-D_CROSS_MODULE_API_CONSISTENCY_FULL_VERSION_PACKAGE_v1.3_FINAL_CORRECTED_PRESERVATION_COMPLETE__EXTRACTED/18_PACKAGE_FINAL_GATE_SUMMARY_v1.3.json,json,609,c36fd868e50b56f5ea0e2b116d81e2631163761094444d1610972ef42c01db6d,15
Step11 Sync core__EXTRACTED/STEP11-D_CROSS_MODULE_API_CONSISTENCY_FULL_VERSION_PACKAGE_v1.3_FINAL_CORRECTED_PRESERVATION_COMPLETE__EXTRACTED/03_CROSS_MODULE_API_DEPENDENCY_MATRIX_v1.3.csv,csv,3314,6eef09ca0ff0b4d5136c12b78002a0167b5d4cec0ada12e01e2fc8a1d3b8c529,24
Step11 Sync core__EXTRACTED/STEP11-D_CROSS_MODULE_API_CONSISTENCY_FULL_VERSION_PACKAGE_v1.3_FINAL_CORRECTED_PRESERVATION_COMPLETE__EXTRACTED/19_PACKAGE_FINAL_GATE_SUMMARY.json,json,511,e6648ce460b901fef28f655c1782b8b5d0075ec26b790e58b38435ef152fc06a,16
Step11 Sync core__EXTRACTED/STEP11-D_CROSS_MODULE_API_CONSISTENCY_FULL_VERSION_PACKAGE_v1.3_FINAL_CORRECTED_PRESERVATION_COMPLETE__EXTRACTED/11_SHARED_RESOURCE_CONFIGURATION_MATRIX_v1.3.csv,csv,2228,f09e3d5ed7aa1c82834979ad6cebf85e88a223e706066755450ab2d260952146,15
Step11 Sync core__EXTRACTED/STEP11-D_CROSS_MODULE_API_CONSISTENCY_FULL_VERSION_PACKAGE_v1.3_FINAL_CORRECTED_PRESERVATION_COMPLETE__EXTRACTED/18_ARTIFACT_SHA256_MANIFEST_v1.3.json,json,3417,bcc8f2b4633212e08b895ebc374dd424712bdfd67d4762e6e6c5709e313727ec,102
Step11 Sync core__EXTRACTED/STEP11-D_CROSS_MODULE_API_CONSISTENCY_FULL_VERSION_PACKAGE_v1.3_FINAL_CORRECTED_PRESERVATION_COMPLETE__EXTRACTED/17_SHA256_PROVENANCE_MANIFEST_v1.3.json,json,464,279ccc762eb20a882dfa1d506c46d76272e78b45cddb6c552f17ea17208efa84,10
Step11 Sync core__EXTRACTED/STEP11-D_CROSS_MODULE_API_CONSISTENCY_FULL_VERSION_PACKAGE_v1.3_FINAL_CORRECTED_PRESERVATION_COMPLETE__EXTRACTED/06_API_PRODUCER_CONSUMER_MATRIX_v1.3.csv,csv,603,35dc084d7868377736929c8b67b5b2bbc18be4a079462a7ddc77ec3fac72ed49,7
Step11 Sync core__EXTRACTED/STEP11-D_CROSS_MODULE_API_CONSISTENCY_FULL_VERSION_PACKAGE_v1.3_FINAL_CORRECTED_PRESERVATION_COMPLETE__EXTRACTED/04_AUTHORITY_DEPENDENCY_MATRIX_v1.3.csv,csv,2951,9e85b900598c3ef12a702738a770028622757df4a2b293bb404c688a3c8071d6,23
Step11 Sync core__EXTRACTED/STEP11-D_CROSS_MODULE_API_CONSISTENCY_FULL_VERSION_PACKAGE_v1.3_FINAL_CORRECTED_PRESERVATION_COMPLETE__EXTRACTED/10_CROSS_MODULE_ERROR_PROPAGATION_MATRIX_v1.3.csv,csv,522,fbaf07560faa1ba85b2bf693442bf008c82622479c3a9f3f9d3170c889c10e64,6
Step11 Sync core__EXTRACTED/STEP11-D_CROSS_MODULE_API_CONSISTENCY_FULL_VERSION_PACKAGE_v1.3_FINAL_CORRECTED_PRESERVATION_COMPLETE__EXTRACTED/20_CONTENT_PRESERVATION_AUDIT_v1.3.json,json,2521,d9f8fe9f57c945fefe1d9cd47331a48c7aae665045c67203d6c62e4201d6e80a,84
Step11 Sync core__EXTRACTED/STEP11-D_CROSS_MODULE_API_CONSISTENCY_FULL_VERSION_PACKAGE_v1.3_FINAL_CORRECTED_PRESERVATION_COMPLETE__EXTRACTED/01_STEP11-D_FULL_DEEP_SCAN_REPORT_v1.3_FINAL_RECONCILED.md,md,11345,6330099535b5f53d98e4e20a9c939167dc038ddd4186b0390239faa5dce7b07d,238
Step11 Sync core__EXTRACTED/STEP11-D_CROSS_MODULE_API_CONSISTENCY_FULL_VERSION_PACKAGE_v1.3_FINAL_CORRECTED_PRESERVATION_COMPLETE__EXTRACTED/19_ARTIFACT_SHA256_MANIFEST_v1.3.json,json,3221,6bf0b493c99e499f41cf9373f6446cfa4a5ad6c493be9b2ceb72e1e2694ec8a5,97
Step11 Sync core__EXTRACTED/STEP11-D_CROSS_MODULE_API_CONSISTENCY_FULL_VERSION_PACKAGE_v1.3_FINAL_CORRECTED_PRESERVATION_COMPLETE__EXTRACTED/09_CIRCULAR_DEPENDENCY_REGISTER_v1.3.csv,csv,431,e7dbbc140f0b1c3490b35aa1f79b2352ef46d24b8cec48c74c3854d38bed8eeb,6
Step11 Sync core__EXTRACTED/STEP11-D_CROSS_MODULE_API_CONSISTENCY_FULL_VERSION_PACKAGE_v1.3_FINAL_CORRECTED_PRESERVATION_COMPLETE__EXTRACTED/01_STEP11-D_FULL_DEEP_SCAN_REPORT_v1.3_FINAL_RECONCILED.docx,docx,40309,14aa20bd64e5cfea7450cb492fb6ef5b5c986b594fb007f7d38db554c065c663,132
Step11 Sync core__EXTRACTED/STEP11-D_CROSS_MODULE_API_CONSISTENCY_FULL_VERSION_PACKAGE_v1.3_FINAL_CORRECTED_PRESERVATION_COMPLETE__EXTRACTED/02_M01_M15_DEPENDENCY_MATRIX_v1.3.csv,csv,7213,8d604d110489fb0c66193b595323dda877fb2cb1b17fe4c50b9e02f6b87ceacd,51
Step11 Sync core__EXTRACTED/STEP11-D_CROSS_MODULE_API_CONSISTENCY_FULL_VERSION_PACKAGE_v1.3_FINAL_CORRECTED_PRESERVATION_COMPLETE__EXTRACTED/00_STEP11-D_V1_1_V1_2_CONTENT_PRESERVATION_RECONCILIATION_v1.3.md,md,2174,cf080e3ab6068d33bdda29cdcfe2029ae3f06fa6791401bb224b415e547fef3c,31
Step11 Sync core__EXTRACTED/STEP11-D_CROSS_MODULE_API_CONSISTENCY_FULL_VERSION_PACKAGE_v1.3_FINAL_CORRECTED_PRESERVATION_COMPLETE__EXTRACTED/05_CORE_V1_3_STEP11_D_RESIDUAL_REGISTER_v1.3.csv,csv,774,43ab382274247d71f6a64ab51882e178836f9ed95f71bb380a334dbabb39cfff,9
Step11 Sync core__EXTRACTED/STEP11-D_CROSS_MODULE_API_CONSISTENCY_FULL_VERSION_PACKAGE_v1.3_FINAL_CORRECTED_PRESERVATION_COMPLETE__EXTRACTED/00_README_STEP11-D_v1.3_FINAL_CORRECTED.md,md,598,341969f406b1261049704092b1fc5c682cd7ec6cfe2ca8cc8ae9ab6409e4e860,13
Step11 Sync core__EXTRACTED/STEP11-D_CROSS_MODULE_API_CONSISTENCY_FULL_VERSION_PACKAGE_v1.3_FINAL_CORRECTED_PRESERVATION_COMPLETE__EXTRACTED/16_POST_CORRECTION_DEEP_RESCAN_v1.3.json,json,408,526cb8b9ce066d62cf7c02e50d1c4dfdf51e0c97221c4e5937cde97ed70d36b5,12
Step11 Sync core__EXTRACTED/STEP11-D_CROSS_MODULE_API_CONSISTENCY_FULL_VERSION_PACKAGE_v1.3_FINAL_CORRECTED_PRESERVATION_COMPLETE__EXTRACTED/08_RESOURCE_IDENTIFIER_DEPENDENCY_MATRIX_v1.3.csv,csv,669,fda827ffe78956dd2f01173b4647f442fcd6b1f43fff6185372fb04dc3fcc2bf,13
Step11 Sync core__EXTRACTED/STEP11-D_CROSS_MODULE_API_CONSISTENCY_FULL_VERSION_PACKAGE_v1.3_FINAL_CORRECTED_PRESERVATION_COMPLETE__EXTRACTED/13_C_CONTROLLED_GAP_CLOSURE_REGISTER_v1.3.csv,csv,1780,9ec2d6cf30878ab37465bb80c3cb5a44421bdc1e707a6ad821d102aed57e75e9,11
Step11 Sync core__EXTRACTED/STEP11-D_CROSS_MODULE_API_CONSISTENCY_FULL_VERSION_PACKAGE_v1.3_FINAL_CORRECTED_PRESERVATION_COMPLETE__EXTRACTED/12_LEGACY_DEPENDENCY_RECONCILIATION_v1.3.csv,csv,1139,2f3711eaf8df3dc9aa80cc35ac4975af0eab3077d708895d6cf75177984c1a04,11
Step11 Sync core__EXTRACTED/STEP11-D_CROSS_MODULE_API_CONSISTENCY_FULL_VERSION_PACKAGE_v1.3_FINAL_CORRECTED_PRESERVATION_COMPLETE__EXTRACTED/15_CONTROLLED_FINDING_REGISTER_v1.3.csv,csv,11874,868d5dcfad8deebb36971bea7a0259be999e59ef3f2d0fff5a739b63b6b067db,53
Step11 Sync core__EXTRACTED/STEP11-D_CROSS_MODULE_API_CONSISTENCY_FULL_VERSION_PACKAGE_v1.3_FINAL_CORRECTED_PRESERVATION_COMPLETE__EXTRACTED/14_CROSS_MODULE_CONFLICT_RECONCILIATION_REGISTER_v1.3.csv,csv,679,dcab3c6e13cd334fac3a0a80d442db743a03bd96ef127aba90e3532b43bbc9dd,7
Step11 Sync core__EXTRACTED/STEP11-D_CROSS_MODULE_API_CONSISTENCY_FULL_VERSION_PACKAGE_v1.3_FINAL_CORRECTED_PRESERVATION_COMPLETE__EXTRACTED/07_LIFECYCLE_DEPENDENCY_MATRIX_v1.3.csv,csv,615,7681b086ee13c1cdeeacf239d2d8a6145b9c4b49fa71b32b3368f8a643b6a548,6
Step11 Sync core__EXTRACTED/STEP11-H_v1.1_FINAL_API_GATE_STEP12_HANDOFF_CORE_REVALIDATED__EXTRACTED/STEP11-H_v1.1_FINAL_API_GATE_STEP12_HANDOFF.md,md,8250,69d6c52af815131113d3c2240d59123042781bc866604519ae4dd11f9204b18d,101
Step11 Sync core__EXTRACTED/STEP11-H_v1.1_FINAL_API_GATE_STEP12_HANDOFF_CORE_REVALIDATED__EXTRACTED/STEP11-H_v1.1_GATE_MATRIX.csv,csv,2285,5311b7133ff69715bbbd0e01a911d91c06a3a2c897b14f82ae5954c6823fe061,12
Step11 Sync core__EXTRACTED/STEP11-H_v1.1_FINAL_API_GATE_STEP12_HANDOFF_CORE_REVALIDATED__EXTRACTED/STEP11-H_v1.1_SOURCE_PACKAGE_MANIFEST_SHA256.csv,csv,928,1c97f7f466ce2f83e55e8c708daec996549ab475f8440f5fb810f46cffb0bc0c,8
Step11 Sync core__EXTRACTED/STEP11-H_v1.1_FINAL_API_GATE_STEP12_HANDOFF_CORE_REVALIDATED__EXTRACTED/STEP11-H_v1.1_FINAL_API_GATE_STEP12_HANDOFF.docx,docx,40131,c10942952db27902cd7d8ce8c9f56e576b2cd43be31bac7634afd01a19ee0a33,65
Step11 Sync core__EXTRACTED/STEP11-H_v1.1_FINAL_API_GATE_STEP12_HANDOFF_CORE_REVALIDATED__EXTRACTED/STEP11-H_v1.1_M01-M15_SCOPE_H_COVERAGE_MATRIX.csv,csv,3856,0dd0e71860d06538da6362696f701d6c2eb2ef18e50996a465e5cfa9136dd2f9,16
Step11 Sync core__EXTRACTED/STEP11-H_v1.1_FINAL_API_GATE_STEP12_HANDOFF_CORE_REVALIDATED__EXTRACTED/STEP11-H_v1.1_FINAL_GATE_FINDING_REGISTER.csv,csv,12711,e28b1779e258126550f035f8eb8c04c6af887f553bf6e5c33a6a4f913a8a2aca,50
Step11 Sync core__EXTRACTED/STEP11-H_v1.1_FINAL_API_GATE_STEP12_HANDOFF_CORE_REVALIDATED__EXTRACTED/STEP11-H_v1.1_MACHINE_SUMMARY.json,json,1031,4e41501bd4cf93c73c7e1ead2fad434b94db9a1da42eeecec64408932611673f,30
Step11 Sync core__EXTRACTED/STEP11-H_v1.1_FINAL_API_GATE_STEP12_HANDOFF_CORE_REVALIDATED__EXTRACTED/STEP11-H_v1.1_OUTPUT_MANIFEST_SHA256.csv,csv,835,6004c5b282ffe2a16db22998f8319ca20613ee3dc82f41a311fa3b9c2514f77c,8
Step11 Sync core__EXTRACTED/STEP11-B8_M15_FULL_VERSION_PACKAGE_v1.0__EXTRACTED/STEP11-B8_M15_QUALIFICATION_EVIDENCE_AWARDING_APPEAL_API_SYNCHRONIZATION_FULL_DEEP_SCAN_v1.0.md,md,32729,4dbfa0b14566e8ec27f4ea69008736abfe56bb69bdd437280f3a10cc86395e0b,440
Step11 Sync core__EXTRACTED/STEP11-B8_M15_FULL_VERSION_PACKAGE_v1.0__EXTRACTED/STEP11-B8_MACHINE_REVALIDATION_v1.0.json,json,658,73fb3f19d368dd89ed049e77eaecdf5a6d5ac08f1ee930509bfbd55e23c4d2df,27
Step11 Sync core__EXTRACTED/STEP11-B8_M15_FULL_VERSION_PACKAGE_v1.0__EXTRACTED/STEP11-B8_M15_QUALIFICATION_EVIDENCE_AWARDING_APPEAL_API_SYNCHRONIZATION_FULL_DEEP_SCAN_v1.0.docx,docx,49194,d5d0b1322adc3589361e410f7f77fa55b6e90057e9a666b2c9f8cae31b7c6c52,871
Step11 Sync core__EXTRACTED/STEP11-C_CROSS_CUTTING_HTTP_API_CONTRACT_FULL_VERSION_PACKAGE_v1.2_FINAL_CORRECTED__EXTRACTED/STEP11-C_CROSS_CUTTING_HTTP_API_CONTRACT_SYNCHRONIZATION_FULL_DEEP_SCAN_v1.2_FINAL_CORRECTED.md,md,13383,9e1ea9db8de6c4809b56ad11eab09e7eace1a7d7e91e4775c32b83e7146367fa,286
Step11 Sync core__EXTRACTED/STEP11-C_CROSS_CUTTING_HTTP_API_CONTRACT_FULL_VERSION_PACKAGE_v1.2_FINAL_CORRECTED__EXTRACTED/STEP11-C_HTTP_STATUS_MATRIX_v1.2.csv,csv,188,26becda8cadb50dec52c22768453f562cd81d3b95604c171934caa375128f2e1,9
Step11 Sync core__EXTRACTED/STEP11-C_CROSS_CUTTING_HTTP_API_CONTRACT_FULL_VERSION_PACKAGE_v1.2_FINAL_CORRECTED__EXTRACTED/STEP11-C_M01_M15_COVERAGE_MATRIX_v1.2.csv,csv,637,ad0421ddff258fc95c0454369cfc688e5e84498ee95a302bd80175bf7a40c807,16
Step11 Sync core__EXTRACTED/STEP11-C_CROSS_CUTTING_HTTP_API_CONTRACT_FULL_VERSION_PACKAGE_v1.2_FINAL_CORRECTED__EXTRACTED/STEP11-C_CROSS_CUTTING_HTTP_API_CONTRACT_SYNCHRONIZATION_FULL_DEEP_SCAN_v1.2_FINAL_CORRECTED.docx,docx,38405,b7c6c871ca1ceeb0b3b174cd33fbf840ce08824d549a544a077f1b851bcd7a96,25
Step11 Sync core__EXTRACTED/STEP11-C_CROSS_CUTTING_HTTP_API_CONTRACT_FULL_VERSION_PACKAGE_v1.2_FINAL_CORRECTED__EXTRACTED/STEP11-C_POST_CORRECTION_DEEP_RESCAN_v1.2.json,json,508,8a0ea04e0ec71c14bca15a7d77972bbac42211f508d308dce5dbbe4022c125c0,18
Step11 Sync core__EXTRACTED/STEP11-C_CROSS_CUTTING_HTTP_API_CONTRACT_FULL_VERSION_PACKAGE_v1.2_FINAL_CORRECTED__EXTRACTED/STEP11-C_CONTROLLED_FINDING_REGISTER_v1.2_FINAL_CORRECTED.csv,csv,4381,62f63c1c733624b6a92583152032306e61feca13b7818e33d079ad4fcfbe41c8,18
Step11 Sync core__EXTRACTED/STEP11-C_CROSS_CUTTING_HTTP_API_CONTRACT_FULL_VERSION_PACKAGE_v1.2_FINAL_CORRECTED__EXTRACTED/STEP11-C_REQUEST_RESPONSE_CONTRACT_MATRIX_v1.2.csv,csv,178,cfb97e7979333d4a67c910771ff4e2a3e4b5d0f1d964f7e7a69a83b239dc9d62,6
Step11 Sync core__EXTRACTED/STEP11-C_CROSS_CUTTING_HTTP_API_CONTRACT_FULL_VERSION_PACKAGE_v1.2_FINAL_CORRECTED__EXTRACTED/STEP11-C_PAGINATION_RATE_IDEMPOTENCY_MATRIX_v1.2.csv,csv,199,9fb190e5c9b3f41e04fb4c7268ecad8f2cc1e74d3ae7a6207e1148698b5a10ee,6
Step11 Sync core__EXTRACTED/STEP11-C_CROSS_CUTTING_HTTP_API_CONTRACT_FULL_VERSION_PACKAGE_v1.2_FINAL_CORRECTED__EXTRACTED/STEP11-C_CURRENT_CORE_API_PROVENANCE_MATRIX_v1.2.csv,csv,583,a6d8b5bfb4ea12154e18ea6ec1f8bb30f6cc5ca2dac459dfe4c1f1f8b54b8cf4,7
Step11 Sync core__EXTRACTED/STEP11-C_CROSS_CUTTING_HTTP_API_CONTRACT_FULL_VERSION_PACKAGE_v1.2_FINAL_CORRECTED__EXTRACTED/STEP11-C_OUTPUT_SHA256_MANIFEST_v1.2.json,json,1644,3e17477c01d5a9f27f174ddd87589ade6994ecfdf07df1b39c06cbc286de62a7,47
STEP10-E_RERUN-04_FINAL_CORRECTION_FULL_VERSION__EXTRACTED/README.md,md,304,fd007382521dde4656651e96ada09c074594a20af8cfdca68ab6e0bb8fe8a0ac,3
STEP10-E_RERUN-04_FINAL_CORRECTION_FULL_VERSION__EXTRACTED/STEP10-E_RERUN-04_DOWNSTREAM_HANDOFF_TO_STEP11.csv,csv,2270,7c6ced317c1fe1e617e46b209633e56257ed8af74c1e02f978467f578af5826f,18
STEP10-E_RERUN-04_FINAL_CORRECTION_FULL_VERSION__EXTRACTED/STEP10-E_RERUN-04_FINAL_DATA_LAYER_GATE_v1.0.md,md,4820,f1853454fbb11da3efdff403b9e31f7203d44d10fd7cb4ae9034261d871c72dd,108
STEP10-E_RERUN-04_FINAL_CORRECTION_FULL_VERSION__EXTRACTED/CORRECTION/STEP10-E_RERUN-04_FINAL_CORRECTION_REGISTER.csv,csv,2321,8142e9f66ee42dbd46dd7e86d281499077d73f15782be61a48812ca5221d3215,12
STEP10-E_RERUN-04_FINAL_CORRECTION_FULL_VERSION__EXTRACTED/CORRECTION/STEP10-E_RERUN-04_MACHINE_VERIFICATION.json,json,2049,07de5400a7bfc26210630cc15526f401a943a733a8ee1bad358d641d6f29d714,104
STEP10-E_RERUN-04_FINAL_CORRECTION_FULL_VERSION__EXTRACTED/EVIDENCE/STEP10-A1_A2_B_C_D_CHAIN_RERUN-02_FULL_VERSION.zip,zip,173343,bab0021387905c8b5bb0b417fcce3f27808b2975391bd8f5bb4ba332e4401043,
STEP10-E_RERUN-04_FINAL_CORRECTION_FULL_VERSION__EXTRACTED/EVIDENCE/STEP10-A1_A2_B_C_D_CHAIN_RERUN-02_FULL_VERSION__EXTRACTED/STEP10-A1_A2_B_C_D_CHAIN_RERUN-02_FULL_VERSION/STEP10_CHAIN_SHA256_MANIFEST.csv,csv,8757,4a97d83592fdc8014b34dafc7caada41bb563e7e72e0bdb72aa384e5ff05a556,57
STEP10-E_RERUN-04_FINAL_CORRECTION_FULL_VERSION__EXTRACTED/EVIDENCE/STEP10-A1_A2_B_C_D_CHAIN_RERUN-02_FULL_VERSION__EXTRACTED/STEP10-A1_A2_B_C_D_CHAIN_RERUN-02_FULL_VERSION/STEP10-C_RERUN_v1.1_FULL_VERSION/STEP10-C_RELATIONSHIP_REFERENCE_CONSISTENCY_RECONCILIATION_RERUN_v1.1.csv,csv,59981,8a4aee84b5b7aaceb9df4b475f173670ddd2fd5141a75c81befd1fa7d43fc5c4,150
STEP10-E_RERUN-04_FINAL_CORRECTION_FULL_VERSION__EXTRACTED/EVIDENCE/STEP10-A1_A2_B_C_D_CHAIN_RERUN-02_FULL_VERSION__EXTRACTED/STEP10-A1_A2_B_C_D_CHAIN_RERUN-02_FULL_VERSION/STEP10-C_RERUN_v1.1_FULL_VERSION/STEP10-C_SOURCE_HASH_MANIFEST_RERUN_v1.1.csv,csv,1376,cd62a7d7ae83ef6620cd25467bff50820586f417dbdd6631d42f47252a863d1c,10
STEP10-E_RERUN-04_FINAL_CORRECTION_FULL_VERSION__EXTRACTED/EVIDENCE/STEP10-A1_A2_B_C_D_CHAIN_RERUN-02_FULL_VERSION__EXTRACTED/STEP10-A1_A2_B_C_D_CHAIN_RERUN-02_FULL_VERSION/STEP10-C_RERUN_v1.1_FULL_VERSION/STEP10-C_DATABASE_DICTIONARY_RECONCILIATION_GATE_RERUN_v1.1.md,md,8621,e56869b8ac5106367770c4329603dfc9d9278c0d4c2ed86fe584ec4b12513c70,253
STEP10-E_RERUN-04_FINAL_CORRECTION_FULL_VERSION__EXTRACTED/EVIDENCE/STEP10-A1_A2_B_C_D_CHAIN_RERUN-02_FULL_VERSION__EXTRACTED/STEP10-A1_A2_B_C_D_CHAIN_RERUN-02_FULL_VERSION/STEP10-C_RERUN_v1.1_FULL_VERSION/STEP10-C_ENTITY_FIELD_COVERAGE_RECONCILIATION_RERUN_v1.1.csv,csv,9416,878a71c80befc2b644d0592dbafa68ec10ac14eedabff914e7d7dd883f2525ea,95
STEP10-E_RERUN-04_FINAL_CORRECTION_FULL_VERSION__EXTRACTED/EVIDENCE/STEP10-A1_A2_B_C_D_CHAIN_RERUN-02_FULL_VERSION__EXTRACTED/STEP10-A1_A2_B_C_D_CHAIN_RERUN-02_FULL_VERSION/STEP10-C_RERUN_v1.1_FULL_VERSION/STEP10-C_OUTPUT_MANIFEST_RERUN_v1.1.md,md,1722,8409ec5d763c2b7d073dcbbfe5ded32e4479d11ac2c06a6fa64ff5b74023d4b8,43
STEP10-E_RERUN-04_FINAL_CORRECTION_FULL_VERSION__EXTRACTED/EVIDENCE/STEP10-A1_A2_B_C_D_CHAIN_RERUN-02_FULL_VERSION__EXTRACTED/STEP10-A1_A2_B_C_D_CHAIN_RERUN-02_FULL_VERSION/STEP10-C_RERUN_v1.1_FULL_VERSION/STEP10-C_SOURCE_HASH_MANIFEST_RERUN_v1.0_LEGACY_PRESERVED.csv,csv,1384,9e5df9107bd488ad6518765938d3a9e0909937cb041f9643932482a9f3071e9b,12
STEP10-E_RERUN-04_FINAL_CORRECTION_FULL_VERSION__EXTRACTED/EVIDENCE/STEP10-A1_A2_B_C_D_CHAIN_RERUN-02_FULL_VERSION__EXTRACTED/STEP10-A1_A2_B_C_D_CHAIN_RERUN-02_FULL_VERSION/STEP10-C_RERUN_v1.1_FULL_VERSION/STEP10-C_SOURCE_AUTHORITY_PROVENANCE_MATRIX_RERUN_v1.1.csv,csv,1554,d8962b12d63e73e4dbbbe31e1b92fcebe8dc5771c5ddc95c435d953a9ff4bbff,10
STEP10-E_RERUN-04_FINAL_CORRECTION_FULL_VERSION__EXTRACTED/EVIDENCE/STEP10-A1_A2_B_C_D_CHAIN_RERUN-02_FULL_VERSION__EXTRACTED/STEP10-A1_A2_B_C_D_CHAIN_RERUN-02_FULL_VERSION/STEP10-C_RERUN_v1.1_FULL_VERSION/STEP10-C_VALIDATION_GATE_MATRIX_RERUN_v1.1.csv,csv,1876,ee651665abcf34eefc0a6dea2deb71c5d7e877c7e0dbba3baa6a8aeb9a03b341,17
STEP10-E_RERUN-04_FINAL_CORRECTION_FULL_VERSION__EXTRACTED/EVIDENCE/STEP10-A1_A2_B_C_D_CHAIN_RERUN-02_FULL_VERSION__EXTRACTED/STEP10-A1_A2_B_C_D_CHAIN_RERUN-02_FULL_VERSION/STEP10-C_RERUN_v1.1_FULL_VERSION/STEP10-C_LIFECYCLE_HISTORICAL_PROVENANCE_AUDIT_RERUN_v1.1.csv,csv,159532,0476f5e180941a603f6ae7c5642595a92efa7277aa3df51fb59ffa8e2d973261,863
STEP10-E_RERUN-04_FINAL_CORRECTION_FULL_VERSION__EXTRACTED/EVIDENCE/STEP10-A1_A2_B_C_D_CHAIN_RERUN-02_FULL_VERSION__EXTRACTED/STEP10-A1_A2_B_C_D_CHAIN_RERUN-02_FULL_VERSION/STEP10-C_RERUN_v1.1_FULL_VERSION/STEP10-C_FULL_ATTRIBUTE_RECONCILIATION_RERUN_v1.1.csv,csv,335111,24cddd21122efc1513714860845a936f61330d4bb5a92c314db72d32977c8871,863
STEP10-E_RERUN-04_FINAL_CORRECTION_FULL_VERSION__EXTRACTED/EVIDENCE/STEP10-A1_A2_B_C_D_CHAIN_RERUN-02_FULL_VERSION__EXTRACTED/STEP10-A1_A2_B_C_D_CHAIN_RERUN-02_FULL_VERSION/STEP10-C_RERUN_v1.1_FULL_VERSION/STEP10-C_EXCEPTION_CONFLICT_REGISTER_RERUN_v1.1.csv,csv,2471,3eb28f3f31bf602eaa64f8998cf314e341d3103c7ef0a2d1c422a628f0366db8,8
STEP10-E_RERUN-04_FINAL_CORRECTION_FULL_VERSION__EXTRACTED/EVIDENCE/STEP10-A1_A2_B_C_D_CHAIN_RERUN-02_FULL_VERSION__EXTRACTED/STEP10-A1_A2_B_C_D_CHAIN_RERUN-02_FULL_VERSION/STEP10-C_RERUN_v1.1_FULL_VERSION/STEP10-C_CHAIN_SOURCE_AUTHORITY_MANIFEST_RERUN-02.csv,csv,653,9e6cd3cd159f7b16361316c22d1a288b598763462cb94d29449ae655af198c6d,5
STEP10-E_RERUN-04_FINAL_CORRECTION_FULL_VERSION__EXTRACTED/EVIDENCE/STEP10-A1_A2_B_C_D_CHAIN_RERUN-02_FULL_VERSION__EXTRACTED/STEP10-A1_A2_B_C_D_CHAIN_RERUN-02_FULL_VERSION/STEP10-A2_RERUN_v2.2_FULL_VERSION/STEP10-A2_RERUN_SOURCE_HASH_MANIFEST_v2.2.csv,csv,602,9d6ca6f4b0b8dfd8749ebeeb8376baad88daf9861dd1eadb5803af352da49c3b,5
STEP10-E_RERUN-04_FINAL_CORRECTION_FULL_VERSION__EXTRACTED/EVIDENCE/STEP10-A1_A2_B_C_D_CHAIN_RERUN-02_FULL_VERSION__EXTRACTED/STEP10-A1_A2_B_C_D_CHAIN_RERUN-02_FULL_VERSION/STEP10-A2_RERUN_v2.2_FULL_VERSION/STEP10-A2_LOGICAL_ERD_VALIDATION_RECONCILIATION_RERUN_v2.2.md,md,6857,a216282259d702bbec64300789103c23ffe0f42a0b46466063f18d0d1268d5cb,158
STEP10-E_RERUN-04_FINAL_CORRECTION_FULL_VERSION__EXTRACTED/EVIDENCE/STEP10-A1_A2_B_C_D_CHAIN_RERUN-02_FULL_VERSION__EXTRACTED/STEP10-A1_A2_B_C_D_CHAIN_RERUN-02_FULL_VERSION/STEP10-A2_RERUN_v2.2_FULL_VERSION/STEP10-A2_RERUN_EXCEPTION_CONFLICT_REGISTER_v2.2.csv,csv,1242,f147115117039488d44e8234819cb7107c065b30201b85ca09d23f9e65ea02ce,6
STEP10-E_RERUN-04_FINAL_CORRECTION_FULL_VERSION__EXTRACTED/EVIDENCE/STEP10-A1_A2_B_C_D_CHAIN_RERUN-02_FULL_VERSION__EXTRACTED/STEP10-A1_A2_B_C_D_CHAIN_RERUN-02_FULL_VERSION/STEP10-A2_RERUN_v2.2_FULL_VERSION/STEP10-A2_RERUN_SOURCE_HASH_MANIFEST_v2.1_LEGACY_PRESERVED.csv,csv,664,e9ccc6f75bd77fec1642cd28b086d03dd6ad08bc5a0176042624063daf764495,6
STEP10-E_RERUN-04_FINAL_CORRECTION_FULL_VERSION__EXTRACTED/EVIDENCE/STEP10-A1_A2_B_C_D_CHAIN_RERUN-02_FULL_VERSION__EXTRACTED/STEP10-A1_A2_B_C_D_CHAIN_RERUN-02_FULL_VERSION/STEP10-A2_RERUN_v2.2_FULL_VERSION/STEP10-A2_CHAIN_SOURCE_AUTHORITY_MANIFEST_RERUN-02.csv,csv,333,6b4a81171b34d0cdcbb2e1ad820efaf61e8d8bf84c414e1cc2eb1213101deff4,3
STEP10-E_RERUN-04_FINAL_CORRECTION_FULL_VERSION__EXTRACTED/EVIDENCE/STEP10-A1_A2_B_C_D_CHAIN_RERUN-02_FULL_VERSION__EXTRACTED/STEP10-A1_A2_B_C_D_CHAIN_RERUN-02_FULL_VERSION/STEP10-A2_RERUN_v2.2_FULL_VERSION/STEP10-A2_RERUN_VALIDATION_GATE_MATRIX_v2.2.csv,csv,1952,699e9b5e5e3ff668e2126aa9f9078e40865a8649da0b3125b93d504cebd7ec1b,17
STEP10-E_RERUN-04_FINAL_CORRECTION_FULL_VERSION__EXTRACTED/EVIDENCE/STEP10-A1_A2_B_C_D_CHAIN_RERUN-02_FULL_VERSION__EXTRACTED/STEP10-A1_A2_B_C_D_CHAIN_RERUN-02_FULL_VERSION/STEP10-A2_RERUN_v2.2_FULL_VERSION/STEP10-A2_RERUN_OUTPUT_MANIFEST_v2.2.md,md,257,80c3b05af48a443f6fd6e7592049161ab080b5df3555ff9af90256105c4a118f,6
STEP10-E_RERUN-04_FINAL_CORRECTION_FULL_VERSION__EXTRACTED/EVIDENCE/STEP10-A1_A2_B_C_D_CHAIN_RERUN-02_FULL_VERSION__EXTRACTED/STEP10-A1_A2_B_C_D_CHAIN_RERUN-02_FULL_VERSION/STEP10-A1_FULL_VERSION_RERUN_v2.2/STEP10-A1_CHAIN_SOURCE_AUTHORITY_MANIFEST_RERUN-02.csv,csv,677,f1ab34c9d581eef323f08d3d2d401b682f98e114652a69a529f1ef51bd9ef357,5
STEP10-E_RERUN-04_FINAL_CORRECTION_FULL_VERSION__EXTRACTED/EVIDENCE/STEP10-A1_A2_B_C_D_CHAIN_RERUN-02_FULL_VERSION__EXTRACTED/STEP10-A1_A2_B_C_D_CHAIN_RERUN-02_FULL_VERSION/STEP10-A1_FULL_VERSION_RERUN_v2.2/STEP10-A1_LOGICAL_ATTRIBUTE_REGISTER_94_FULL_RERUN_v2.2.csv,csv,129164,16af37a290f27855d2b2bf4767280457f9dfed9aa0186cabd941cdeb2df812b2,863
STEP10-E_RERUN-04_FINAL_CORRECTION_FULL_VERSION__EXTRACTED/EVIDENCE/STEP10-A1_A2_B_C_D_CHAIN_RERUN-02_FULL_VERSION__EXTRACTED/STEP10-A1_A2_B_C_D_CHAIN_RERUN-02_FULL_VERSION/STEP10-A1_FULL_VERSION_RERUN_v2.2/STEP10-A1_RERUN_VALIDATION_GATE_MATRIX_v2.2.csv,csv,1481,5a73a599aab5ba08dd9d6bac0c216caf1c6f9410e5371a20f1a1063a3e14ad8c,13
STEP10-E_RERUN-04_FINAL_CORRECTION_FULL_VERSION__EXTRACTED/EVIDENCE/STEP10-A1_A2_B_C_D_CHAIN_RERUN-02_FULL_VERSION__EXTRACTED/STEP10-A1_A2_B_C_D_CHAIN_RERUN-02_FULL_VERSION/STEP10-A1_FULL_VERSION_RERUN_v2.2/STEP10-A1_RERUN_SOURCE_HASH_MANIFEST_v2.2.csv,csv,767,521e0bb424778b40d7360b6f2c7b6a2ad8e487acc05dd14a7cda099f3c15c94b,6
STEP10-E_RERUN-04_FINAL_CORRECTION_FULL_VERSION__EXTRACTED/EVIDENCE/STEP10-A1_A2_B_C_D_CHAIN_RERUN-02_FULL_VERSION__EXTRACTED/STEP10-A1_A2_B_C_D_CHAIN_RERUN-02_FULL_VERSION/STEP10-A1_FULL_VERSION_RERUN_v2.2/STEP10-A1_LOGICAL_ERD_RELATIONSHIP_MATRIX_FULL_RERUN_v2.2.csv,csv,34443,edfec1c3e4e193ac06fc2ce4b6a30e62e703936a348638bf45fa630bcc14de5f,150
STEP10-E_RERUN-04_FINAL_CORRECTION_FULL_VERSION__EXTRACTED/EVIDENCE/STEP10-A1_A2_B_C_D_CHAIN_RERUN-02_FULL_VERSION__EXTRACTED/STEP10-A1_A2_B_C_D_CHAIN_RERUN-02_FULL_VERSION/STEP10-A1_FULL_VERSION_RERUN_v2.2/STEP10-A1_FULL_LOGICAL_ERD_REBUILD_RERUN_v2.2.md,md,7741,7a4b2c04670cbfee5dc9d1e78611d941ea7451b018ec82f4d2932c5e8f262302,126
STEP10-E_RERUN-04_FINAL_CORRECTION_FULL_VERSION__EXTRACTED/EVIDENCE/STEP10-A1_A2_B_C_D_CHAIN_RERUN-02_FULL_VERSION__EXTRACTED/STEP10-A1_A2_B_C_D_CHAIN_RERUN-02_FULL_VERSION/STEP10-A1_FULL_VERSION_RERUN_v2.2/STEP10-A1_RERUN_FINDING_CORRECTION_REGISTER_v2.2.csv,csv,2046,7a341bf2d9af94c70dc25fd92807c26308ca5d0cade54d415e7c5265c7cf0d8d,8
STEP10-E_RERUN-04_FINAL_CORRECTION_FULL_VERSION__EXTRACTED/EVIDENCE/STEP10-A1_A2_B_C_D_CHAIN_RERUN-02_FULL_VERSION__EXTRACTED/STEP10-A1_A2_B_C_D_CHAIN_RERUN-02_FULL_VERSION/STEP10-A1_FULL_VERSION_RERUN_v2.2/STEP10-A1_RERUN_SOURCE_HASH_MANIFEST_v2.1_LEGACY_PRESERVED.csv,csv,2091,3eb82f3e23f8e4d66b018cbff6c752b48066b661f1a7087d311bfd63a81d1432,13
STEP10-E_RERUN-04_FINAL_CORRECTION_FULL_VERSION__EXTRACTED/EVIDENCE/STEP10-A1_A2_B_C_D_CHAIN_RERUN-02_FULL_VERSION__EXTRACTED/STEP10-A1_A2_B_C_D_CHAIN_RERUN-02_FULL_VERSION/STEP10-B_FULL_VERSION_RERUN_v2.2/STEP10-B_FULL_ATTRIBUTE_RECONCILIATION_MATRIX_RERUN_v2.2.csv,csv,255053,fe721fffd1b2af5841590214b3d2c6b82938d0647286432384a07eb75cc6efb5,863
STEP10-E_RERUN-04_FINAL_CORRECTION_FULL_VERSION__EXTRACTED/EVIDENCE/STEP10-A1_A2_B_C_D_CHAIN_RERUN-02_FULL_VERSION__EXTRACTED/STEP10-A1_A2_B_C_D_CHAIN_RERUN-02_FULL_VERSION/STEP10-B_FULL_VERSION_RERUN_v2.2/STEP10-B_LOGICAL_TO_PHYSICAL_MAPPING_MATRIX_RERUN_v2.2.csv,csv,18914,0112a2cb5fdb54dcd83fda92901b68b99f4a503cf9abeae02d116a69e12d0ce2,95
STEP10-E_RERUN-04_FINAL_CORRECTION_FULL_VERSION__EXTRACTED/EVIDENCE/STEP10-A1_A2_B_C_D_CHAIN_RERUN-02_FULL_VERSION__EXTRACTED/STEP10-A1_A2_B_C_D_CHAIN_RERUN-02_FULL_VERSION/STEP10-B_FULL_VERSION_RERUN_v2.2/STEP10-B_EXCEPTION_CONFLICT_REGISTER_RERUN_v2.2.csv,csv,3544,578bc1b8a53a800678850cc2d77591dd6f9e3e090885afa5c37447050344a069,18
STEP10-E_RERUN-04_FINAL_CORRECTION_FULL_VERSION__EXTRACTED/EVIDENCE/STEP10-A1_A2_B_C_D_CHAIN_RERUN-02_FULL_VERSION__EXTRACTED/STEP10-A1_A2_B_C_D_CHAIN_RERUN-02_FULL_VERSION/STEP10-B_FULL_VERSION_RERUN_v2.2/STEP10-B_CHAIN_SOURCE_AUTHORITY_MANIFEST_RERUN-02.csv,csv,681,13dc1d9e495794269a2ae5d8f590eabe59dfa5be3ea22f104d74e61336c58342,5
STEP10-E_RERUN-04_FINAL_CORRECTION_FULL_VERSION__EXTRACTED/EVIDENCE/STEP10-A1_A2_B_C_D_CHAIN_RERUN-02_FULL_VERSION__EXTRACTED/STEP10-A1_A2_B_C_D_CHAIN_RERUN-02_FULL_VERSION/STEP10-B_FULL_VERSION_RERUN_v2.2/STEP10-B_RELATIONSHIP_RECONCILIATION_MATRIX_RERUN_v2.2.csv,csv,34443,edfec1c3e4e193ac06fc2ce4b6a30e62e703936a348638bf45fa630bcc14de5f,150
STEP10-E_RERUN-04_FINAL_CORRECTION_FULL_VERSION__EXTRACTED/EVIDENCE/STEP10-A1_A2_B_C_D_CHAIN_RERUN-02_FULL_VERSION__EXTRACTED/STEP10-A1_A2_B_C_D_CHAIN_RERUN-02_FULL_VERSION/STEP10-B_FULL_VERSION_RERUN_v2.2/STEP10-B_OUTPUT_MANIFEST_RERUN_v2.2.md,md,1231,3f234c3d8614b1b387c59285178afbac55c8808aeafbeea524994140504ed190,31
STEP10-E_RERUN-04_FINAL_CORRECTION_FULL_VERSION__EXTRACTED/EVIDENCE/STEP10-A1_A2_B_C_D_CHAIN_RERUN-02_FULL_VERSION__EXTRACTED/STEP10-A1_A2_B_C_D_CHAIN_RERUN-02_FULL_VERSION/STEP10-B_FULL_VERSION_RERUN_v2.2/STEP10-B_DATABASE_DICTIONARY_FULL_RECONSTRUCTION_RERUN_v2.2.md,md,7772,1709ba2ef755d1154727c1e16ff1aaa3b940b775e4151af8fbda934ab91c6487,147
STEP10-E_RERUN-04_FINAL_CORRECTION_FULL_VERSION__EXTRACTED/EVIDENCE/STEP10-A1_A2_B_C_D_CHAIN_RERUN-02_FULL_VERSION__EXTRACTED/STEP10-A1_A2_B_C_D_CHAIN_RERUN-02_FULL_VERSION/STEP10-B_FULL_VERSION_RERUN_v2.2/STEP10-B_SOURCE_HASH_MANIFEST_RERUN_v2.1_LEGACY_PRESERVED.csv,csv,705,aa07487972ce653d622248d77c58c545e55c50e1b60894b82a367414d536a226,6
STEP10-E_RERUN-04_FINAL_CORRECTION_FULL_VERSION__EXTRACTED/EVIDENCE/STEP10-A1_A2_B_C_D_CHAIN_RERUN-02_FULL_VERSION__EXTRACTED/STEP10-A1_A2_B_C_D_CHAIN_RERUN-02_FULL_VERSION/STEP10-B_FULL_VERSION_RERUN_v2.2/STEP10-B_SOURCE_HASH_MANIFEST_RERUN_v2.2.csv,csv,1369,a159285618312d88d24e7340817a00aaaaaa1641b3a9d1f70625bdf814c1084d,10
STEP10-E_RERUN-04_FINAL_CORRECTION_FULL_VERSION__EXTRACTED/EVIDENCE/STEP10-A1_A2_B_C_D_CHAIN_RERUN-02_FULL_VERSION__EXTRACTED/STEP10-A1_A2_B_C_D_CHAIN_RERUN-02_FULL_VERSION/STEP10-B_FULL_VERSION_RERUN_v2.2/STEP10-B_CONSTRAINT_FK_CARDINALITY_RECONCILIATION_RERUN_v2.2.csv,csv,95800,055899aac1c72391cf4e952fc85ab5adb71e5a8e525dde59a438efe918753039,535
STEP10-E_RERUN-04_FINAL_CORRECTION_FULL_VERSION__EXTRACTED/EVIDENCE/STEP10-A1_A2_B_C_D_CHAIN_RERUN-02_FULL_VERSION__EXTRACTED/STEP10-A1_A2_B_C_D_CHAIN_RERUN-02_FULL_VERSION/STEP10-B_FULL_VERSION_RERUN_v2.2/STEP10-B_SOURCE_AUTHORITY_PROVENANCE_MATRIX_RERUN_v2.2.csv,csv,1170,0f066c6d9a9eeb8c92c9e004c3d81dd6f359b81164b555cd47fa1d9bac88d763,7
STEP10-E_RERUN-04_FINAL_CORRECTION_FULL_VERSION__EXTRACTED/EVIDENCE/STEP10-A1_A2_B_C_D_CHAIN_RERUN-02_FULL_VERSION__EXTRACTED/STEP10-A1_A2_B_C_D_CHAIN_RERUN-02_FULL_VERSION/STEP10-B_FULL_VERSION_RERUN_v2.2/STEP10-B_VALIDATION_GATE_MATRIX_RERUN_v2.2.csv,csv,2276,54d55b25967d0c70bbf20ec1d91888687334781b218003479d08d7e7cc95b920,19
STEP10-E_RERUN-04_FINAL_CORRECTION_FULL_VERSION__EXTRACTED/EVIDENCE/STEP10-A1_A2_B_C_D_CHAIN_RERUN-02_FULL_VERSION__EXTRACTED/STEP10-A1_A2_B_C_D_CHAIN_RERUN-02_FULL_VERSION/STEP10-D_RERUN-02_v1.2_FULL_VERSION/STEP10-D_OUTPUT_MANIFEST.md,md,939,1a559f33790c09ba392e7d692afe7f1abb867f08338bd2e73673f42e75fc8c74,26
STEP10-E_RERUN-04_FINAL_CORRECTION_FULL_VERSION__EXTRACTED/EVIDENCE/STEP10-A1_A2_B_C_D_CHAIN_RERUN-02_FULL_VERSION__EXTRACTED/STEP10-A1_A2_B_C_D_CHAIN_RERUN-02_FULL_VERSION/STEP10-D_RERUN-02_v1.2_FULL_VERSION/STEP10-D_CHAIN_SOURCE_AUTHORITY_MANIFEST_RERUN-02.csv,csv,752,45c649959e0c17421c04749e37fc2526f07dfadbd7a98782bfdd2761b9b54806,7
STEP10-E_RERUN-04_FINAL_CORRECTION_FULL_VERSION__EXTRACTED/EVIDENCE/STEP10-A1_A2_B_C_D_CHAIN_RERUN-02_FULL_VERSION__EXTRACTED/STEP10-A1_A2_B_C_D_CHAIN_RERUN-02_FULL_VERSION/STEP10-D_RERUN-02_v1.2_FULL_VERSION/STEP10-D_PHYSICAL_CONSTRAINT_INDEX_RECONCILIATION.csv,csv,5085,ea4bebaeb0b892f116964a2e756a23dbd9365048ea418eaffb4d74e9271d29bb,87
STEP10-E_RERUN-04_FINAL_CORRECTION_FULL_VERSION__EXTRACTED/EVIDENCE/STEP10-A1_A2_B_C_D_CHAIN_RERUN-02_FULL_VERSION__EXTRACTED/STEP10-A1_A2_B_C_D_CHAIN_RERUN-02_FULL_VERSION/STEP10-D_RERUN-02_v1.2_FULL_VERSION/STEP10-D_DATABASE_SCHEMA_SYNCHRONIZATION_RERUN_v1.2.md,md,4800,ec2cb1f28944be91ba857a4f7b939d9bf1ce0f08893e0c74c13fc6f9212f1036,131
STEP10-E_RERUN-04_FINAL_CORRECTION_FULL_VERSION__EXTRACTED/EVIDENCE/STEP10-A1_A2_B_C_D_CHAIN_RERUN-02_FULL_VERSION__EXTRACTED/STEP10-A1_A2_B_C_D_CHAIN_RERUN-02_FULL_VERSION/STEP10-D_RERUN-02_v1.2_FULL_VERSION/STEP10-D_ENTITY_TO_PHYSICAL_TABLE_RECONCILIATION.csv,csv,12059,d73af5c9eb46c9cadb3d424cc3ad67417e398669a1c5d48ced548cdb49ccb2da,95
STEP10-E_RERUN-04_FINAL_CORRECTION_FULL_VERSION__EXTRACTED/EVIDENCE/STEP10-A1_A2_B_C_D_CHAIN_RERUN-02_FULL_VERSION__EXTRACTED/STEP10-A1_A2_B_C_D_CHAIN_RERUN-02_FULL_VERSION/STEP10-D_RERUN-02_v1.2_FULL_VERSION/STEP10-D_MIGRATION_RESIDUAL_REGISTER.csv,csv,996,b93fdc98f46ef8e38e6e9d95f39ea5f3d0137d91aef12a98fdcd84494130a47c,9
STEP10-E_RERUN-04_FINAL_CORRECTION_FULL_VERSION__EXTRACTED/EVIDENCE/STEP10-A1_A2_B_C_D_CHAIN_RERUN-02_FULL_VERSION__EXTRACTED/STEP10-A1_A2_B_C_D_CHAIN_RERUN-02_FULL_VERSION/STEP10-D_RERUN-02_v1.2_FULL_VERSION/STEP10-D_SCHEMA_REFERENCE_DOCUMENT_DRIFT.csv,csv,671,66faa6dc2862740e6e115d5acc68bcd8f6a23a7c893792a093e60df6aebf505b,15
STEP10-E_RERUN-04_FINAL_CORRECTION_FULL_VERSION__EXTRACTED/EVIDENCE/STEP10-A1_A2_B_C_D_CHAIN_RERUN-02_FULL_VERSION__EXTRACTED/STEP10-A1_A2_B_C_D_CHAIN_RERUN-02_FULL_VERSION/STEP10-D_RERUN-02_v1.2_FULL_VERSION/STEP10-D_CONTROLLED_PHYSICAL_DELTA_REGISTER.csv,csv,3633,8868afdbbdbe68d217921b008f349d44f941194b4416ca26e4c2dbb8c157d580,16
STEP10-E_RERUN-04_FINAL_CORRECTION_FULL_VERSION__EXTRACTED/EVIDENCE/STEP10-A1_A2_B_C_D_CHAIN_RERUN-02_FULL_VERSION__EXTRACTED/STEP10-A1_A2_B_C_D_CHAIN_RERUN-02_FULL_VERSION/STEP10-D_RERUN-02_v1.2_FULL_VERSION/STEP10-D_RLS_PHYSICAL_DEPENDENCY_REGISTER.csv,csv,4886,bf0cccfd9dd7ce306f73c246f0a9d90ba95bc9dcf1234d6027659072f1b57872,87
STEP10-E_RERUN-04_FINAL_CORRECTION_FULL_VERSION__EXTRACTED/EVIDENCE/STEP10-A1_A2_B_C_D_CHAIN_RERUN-02_FULL_VERSION__EXTRACTED/STEP10-A1_A2_B_C_D_CHAIN_RERUN-02_FULL_VERSION/STEP10-D_RERUN-02_v1.2_FULL_VERSION/STEP10-D_SOURCE_HASH_MANIFEST_LEGACY_PRESERVED.csv,csv,256,fea3132a155f8dc39421e269ee77c2e978fca9022c5849406d9daba74509db36,3
STEP10-E_RERUN-04_FINAL_CORRECTION_FULL_VERSION__EXTRACTED/EVIDENCE/STEP10-A1_A2_B_C_D_CHAIN_RERUN-02_FULL_VERSION__EXTRACTED/STEP10-A1_A2_B_C_D_CHAIN_RERUN-02_FULL_VERSION/STEP10-D_RERUN-02_v1.2_FULL_VERSION/STEP10-D_SOURCE_HASH_MANIFEST.csv,csv,1935,4c81533f661778b5f8cd550daeae6e567b56e9e06c90b0dfb9f390fbe1ad27a8,15
STEP10-E_RERUN-04_FINAL_CORRECTION_FULL_VERSION__EXTRACTED/EVIDENCE/STEP10-A1_A2_B_C_D_CHAIN_RERUN-02_FULL_VERSION__EXTRACTED/STEP10-A1_A2_B_C_D_CHAIN_RERUN-02_FULL_VERSION/STEP10-D_RERUN-02_v1.2_FULL_VERSION/STEP10-D_UPSTREAM_REENTRY_REGISTER.csv,csv,600,2033af9d8b6c294610cebb17f97e35ccc5322777b5386c9e8e8264a19335d561,3
STEP10-E_RERUN-04_FINAL_CORRECTION_FULL_VERSION__EXTRACTED/EVIDENCE/STEP10-A1_A2_B_C_D_CHAIN_RERUN-02_FULL_VERSION__EXTRACTED/STEP10-A1_A2_B_C_D_CHAIN_RERUN-02_FULL_VERSION/STEP10-D_RERUN-02_v1.2_FULL_VERSION/STEP10-D_DEEP_SCAN_INVENTORY.csv,csv,1537,1b3e3631c3f4feee64bf4801ec57e2671b9e53ddd536101adf35ae1a841d4090,14
STEP10-E_RERUN-04_FINAL_CORRECTION_FULL_VERSION__EXTRACTED/EVIDENCE/STEP10-A1_A2_B_C_D_CHAIN_RERUN-02_FULL_VERSION__EXTRACTED/STEP10-A1_A2_B_C_D_CHAIN_RERUN-02_FULL_VERSION/STEP10-D_RERUN-02_v1.2_FULL_VERSION/STEP10-D_RELATIONSHIP_FK_RECONCILIATION.csv,csv,31503,5a0df882b98c6f3edb59a7f289fb3563f5a4b7d5c3e03945ed0a18b1dd3c3b91,150
STEP10-E_RERUN-04_FINAL_CORRECTION_FULL_VERSION__EXTRACTED/EVIDENCE/STEP10-A1_A2_B_C_D_CHAIN_RERUN-02_FULL_VERSION__EXTRACTED/STEP10-A1_A2_B_C_D_CHAIN_RERUN-02_FULL_VERSION/STEP10-D_RERUN-02_v1.2_FULL_VERSION/STEP10-D_OUTPUT_SHA256_MANIFEST.csv,csv,1619,2377630badff19c04e6cb276b719e9c2caf88071f62baa0045445d7cdfc92ddb,15
STEP10-E_RERUN-04_FINAL_CORRECTION_FULL_VERSION__EXTRACTED/EVIDENCE/STEP10-A1_A2_B_C_D_CHAIN_RERUN-02_FULL_VERSION__EXTRACTED/STEP10-A1_A2_B_C_D_CHAIN_RERUN-02_FULL_VERSION/STEP10-D_RERUN-02_v1.2_FULL_VERSION/STEP10-D_VALIDATION_GATE_MATRIX.csv,csv,1438,54fefc02035a79cc1e3c62cf49ff2dbc084100ec9063855f99761e51f48993b6,14
STEP10-E_RERUN-04_FINAL_CORRECTION_FULL_VERSION__EXTRACTED/EVIDENCE/STEP10-A1_A2_B_C_D_CHAIN_RERUN-02_FULL_VERSION__EXTRACTED/STEP10-A1_A2_B_C_D_CHAIN_RERUN-02_FULL_VERSION/STEP10-D_RERUN-02_v1.2_FULL_VERSION/STEP10-D_ATTRIBUTE_TO_PHYSICAL_COLUMN_RECONCILIATION.csv,csv,200690,7092ec72899a3f77c46f8baa3c7bd47e1d60da0c2e8ff785a0753abac33e2ea0,904
STEP10-E_RERUN-04_FINAL_CORRECTION_FULL_VERSION__EXTRACTED/MANIFEST/STEP10-E_RERUN-04_SOURCE_INPUT_MANIFEST.json,json,1137,5ecfea232ae6e11f93af1e465fa81cabc0d81d4819214d4072b9f92e2abc7cf1,37
STEP10-E_RERUN-04_FINAL_CORRECTION_FULL_VERSION__EXTRACTED/MANIFEST/STEP10-E_RERUN-04_EVIDENCE_MANIFEST_SHA256.csv,csv,152,caab33aa6460d6734ec271ec7f35b5596e08dac56756e1317d2cf5d597db8396,2
step sync Step P__EXTRACTED/RUMAHAGEN_P14_PROJECT_MANIFEST_FULL_REBUILD_v1.2.zip,zip,330621,33d318c28ddb6a930fe86c660bb0105c9c9bec0cee986f640e86bd835ec22e4f,
step sync Step P__EXTRACTED/RUMAHAGEN_P8_EXECUTION_PACK_AUDIT_FULL_REBUILD_20260908_v1.0(1).zip,zip,43768,74d22867a8f56dcb2918f1b9af4a89606ff471d959c1c4fa7f10de17e388c9e0,
step sync Step P__EXTRACTED/RUMAHAGEN_P1_MODULE_DEPENDENCY_MATRIX_FULL_REBUILD_20260907_v1.1.zip,zip,107542,1b58f73442b8f1a59d193645c512ab113db27e08d3f24e47084bb417f04c809f,
step sync Step P__EXTRACTED/RUMAHAGEN_P9_ENGINEERING_ALIGNMENT_FULL_REBUILD_20260908_v1.1.zip,zip,59654,5282c54821bd5814ae696fb53d38c3358baa94e22c709621b5869439eed0c8c1,
step sync Step P__EXTRACTED/RUMAHAGEN_P10_AI_DEVELOPMENT_BLUEPRINT_FULL_REBUILD_20260908_v1.2.zip,zip,50502,0d158d601c7c4c508543c812f70d6019a2bddf19b9548514d75be658310eb808,
step sync Step P__EXTRACTED/RUMAHAGEN_P4_MODULE_EXECUTION_SPECIFICATION_ARCHITECTURE_FULL_REBUILD_20260907_v1.3.zip,zip,106266,996dd6188b188b0ef9cf1b3bb2328d704d7e1ea7f63dfecc8fe98860c8bf5f60,
step sync Step P__EXTRACTED/RUMAHAGEN_P12_RECONCILIATION_EVIDENCE_FULL_REBUILD_20260908_v1.1.zip,zip,251930,0c6aa3931166aa1f9407d14cf55532e48f981298048085455a3f65f35dae13da,
step sync Step P__EXTRACTED/RUMAHAGEN_P13_DECISION_CHANGE_LOG_FULL_REBUILD_v1.2.zip,zip,54276,e72e05f19c09c1976673015a4b416359ae5ae9059ad8860df8ef77bc2d9338b3,
step sync Step P__EXTRACTED/RUMAHAGEN_P15_PROJECT_CURRENT_STATE_FULL_REBUILD_v1.1.zip,zip,49944,cb277fab023b698644a915db739768a7dcbf1c11989cf12343ee4b01b7e4a727,
step sync Step P__EXTRACTED/RUMAHAGEN_P7_FOCUSED_EXECUTION_PACK_M08-M15_FULL_REBUILD_20260908_v1.1.zip,zip,57223,3bab8c3081787808a17aa9e295b189fde30492e76724ad79f90a71b8558028c8,
step sync Step P__EXTRACTED/RUMAHAGEN_P16_README_CURRENT_BASELINE_FULL_REBUILD_v1.1 (1).zip,zip,53592,a5bec8e6a25de1e2c7db989721e9296587ba4ac91a81a7eefe1a6b963ea534d3,
step sync Step P__EXTRACTED/RUMAHAGEN_P6_FOCUSED_EXECUTION_PACK_M01-M07_FULL_REBUILD_20260908_v1.2.zip,zip,54120,1eaa8ddc83e7661337d411e9b12ced981425a567928b931ad73ad7660e66f791,
step sync Step P__EXTRACTED/RUMAHAGEN_P3_REVISED_MODULE_PLANNING_FULL_REBUILD_20260907_v1.1.zip,zip,54607,ded06455f433bfe9892887737d7d1e17a7747e8136b2af1404d7099156838b1e,
step sync Step P__EXTRACTED/RUMAHAGEN_P2_MODULE_IMPLEMENTATION_STRATEGY_FULL_REBUILD_20260907_v1.2.zip,zip,209415,b379851d55006a26ef9cf33d087c2832f317a572ec6fcd96c131ed521a4fd106,
step sync Step P__EXTRACTED/RUMAHAGEN_P11_AI_CONTEXT_FULL_REBUILD_20260908_v1.2.zip,zip,58860,80e773988c33899c8f74be9207eca4fc35490787030f197aea4287c5684e8103,
step sync Step P__EXTRACTED/RUMAHAGEN_P5_EXECUTION_BATCH_PLAN_FULL_REBUILD_20260907_v1.1.zip,zip,107726,449ec695a80091910d01d0bd67db7de2e438749d235daa5665414d07afea8668,
step sync Step P__EXTRACTED/RUMAHAGEN_P16_README_CURRENT_BASELINE_FULL_REBUILD_v1.1 (1)__EXTRACTED/P16_FINDING_REGISTER_v1.1.csv,csv,1206,67543b91bc056e1f2a4d6bedb9cc25524ba70c441705dce3e639c2e9ee9a3a27,6
step sync Step P__EXTRACTED/RUMAHAGEN_P16_README_CURRENT_BASELINE_FULL_REBUILD_v1.1 (1)__EXTRACTED/P16_CANONICAL_ARTIFACT_MAP_v1.1.csv,csv,840,cace77e71438ff7f5105c2db0d37ce4e8acd18f19bd7865996f6f93d794f5d3c,6
step sync Step P__EXTRACTED/RUMAHAGEN_P16_README_CURRENT_BASELINE_FULL_REBUILD_v1.1 (1)__EXTRACTED/P16_SCOPE_COVERAGE_M01-M15_CORE_v1.1.csv,csv,3341,b8a51a91027da020d0e503e86bfa94390155a574d7a120bf9c7009f05cc40e6e,36
step sync Step P__EXTRACTED/RUMAHAGEN_P16_README_CURRENT_BASELINE_FULL_REBUILD_v1.1 (1)__EXTRACTED/README.md,md,7703,a8f729e0f0aabb76b0f6945481dde0b9b5b4d38701e500852c267d905ce6c9c6,160
step sync Step P__EXTRACTED/RUMAHAGEN_P16_README_CURRENT_BASELINE_FULL_REBUILD_v1.1 (1)__EXTRACTED/P16_M01-M15_CURRENT_BASELINE_v1.1.csv,csv,8201,6fb89a19ca01a078ed02e46c4778784e11bd1291ff4acf65bb0c9ed31a8eb686,16
step sync Step P__EXTRACTED/RUMAHAGEN_P16_README_CURRENT_BASELINE_FULL_REBUILD_v1.1 (1)__EXTRACTED/P16_LOCKED_DECISIONS_7_v1.1.csv,csv,1600,a31937d7711e6fa6657ddbf0c4b8301905f7eb636ddd76f60a35eaaf5a48187c,8
step sync Step P__EXTRACTED/RUMAHAGEN_P16_README_CURRENT_BASELINE_FULL_REBUILD_v1.1 (1)__EXTRACTED/P16_OUTPUT_SHA256_MANIFEST_v1.1.csv,csv,1574,59f77e19275f0997c5a79208e724755638f3a1fb21530961cc422a8c6162f6a5,16
step sync Step P__EXTRACTED/RUMAHAGEN_P16_README_CURRENT_BASELINE_FULL_REBUILD_v1.1 (1)__EXTRACTED/P16_PSTEP_BASELINE_v1.1.csv,csv,2237,e9e45ed168d836c23dab8728da3d3260b1249de221ab83a3d3de3fdbdf0399c8,17
step sync Step P__EXTRACTED/RUMAHAGEN_P16_README_CURRENT_BASELINE_FULL_REBUILD_v1.1 (1)__EXTRACTED/P16_FIRST_FULL_DEEP_SCAN_v1.1.md,md,904,b41dbd3d4266944515a61b94f7b21750c8d81b5ee72502a895cde536dab9e3f5,22
step sync Step P__EXTRACTED/RUMAHAGEN_P16_README_CURRENT_BASELINE_FULL_REBUILD_v1.1 (1)__EXTRACTED/P16_CORE_IP_00-16_CURRENT_BASELINE_v1.1.csv,csv,9723,fb7682905d4dd4ef349199f184abb8f80ba5e309237e4fb9daed83f5aabd4a3f,18
step sync Step P__EXTRACTED/RUMAHAGEN_P16_README_CURRENT_BASELINE_FULL_REBUILD_v1.1 (1)__EXTRACTED/P16_README_CURRENT_BASELINE_FULL_REBUILD_v1.1.docx,docx,38644,c813283ec52d0e3de63009f806e7262b5bb246cc4786c556aae63867b47a26bf,48
step sync Step P__EXTRACTED/RUMAHAGEN_P16_README_CURRENT_BASELINE_FULL_REBUILD_v1.1 (1)__EXTRACTED/P16_UPLOADED_CORPUS_SHA256_v1.1.csv,csv,683,460aeb6eea0016cc2484a7569a5068b2ea74bedcc2ceb4664e4a6d187b38f279,6
step sync Step P__EXTRACTED/RUMAHAGEN_P16_README_CURRENT_BASELINE_FULL_REBUILD_v1.1 (1)__EXTRACTED/P16_CORE_SOURCE_INDEX_45_v1.1.csv,csv,7239,ec5007eb58acce283b11c6520a36cfb890bab8e4c06644dd07d899ac20431f57,46
step sync Step P__EXTRACTED/RUMAHAGEN_P16_README_CURRENT_BASELINE_FULL_REBUILD_v1.1 (1)__EXTRACTED/P16_SECOND_FULL_DEEP_SCAN_v1.1.md,md,494,f858b7b0fa29385a0704d959cfa3d151dabd2402ec2b175eda18dfe977d36288,20
step sync Step P__EXTRACTED/RUMAHAGEN_P16_README_CURRENT_BASELINE_FULL_REBUILD_v1.1 (1)__EXTRACTED/P16_FINAL_GATE_v1.1.md,md,704,6b5e89378723f86ca21332c8f07e0f38b8ccc0f3cc221db2e4b0f1850a60b04d,20
step sync Step P__EXTRACTED/RUMAHAGEN_P16_README_CURRENT_BASELINE_FULL_REBUILD_v1.1 (1)__EXTRACTED/P16_CONTROLLED_RESIDUAL_47_v1.1.csv,csv,9939,b6e4d916bc67f7bcb24f33bc15e9aa89f7426fcf0636bb296bc4d2d31e60529e,48
step sync Step P__EXTRACTED/RUMAHAGEN_P9_ENGINEERING_ALIGNMENT_FULL_REBUILD_20260908_v1.1__EXTRACTED/P9_ENGINEERING_MODULE_CONTRACT_MATRIX_v1.1.csv,csv,3018,47ec6726a6643ae9931422ac375f3bce81aecdf9fa906241f684ef0242fd20bd,16
step sync Step P__EXTRACTED/RUMAHAGEN_P9_ENGINEERING_ALIGNMENT_FULL_REBUILD_20260908_v1.1__EXTRACTED/P9_FIRST_FULL_DEEP_SCAN_REPORT_v1.1.md,md,423,f11ff83092bce29026219dd5875016b027c5de3ecf83bea1685c581ca1e12a08,9
step sync Step P__EXTRACTED/RUMAHAGEN_P9_ENGINEERING_ALIGNMENT_FULL_REBUILD_20260908_v1.1__EXTRACTED/P9_WORK_PACKAGE_ENGINEERING_READINESS_MATRIX_v1.1.csv,csv,17752,8d3892291e10991d2bae834960cf00ef3f124701cec5a7655c5d10849a98f955,63
step sync Step P__EXTRACTED/RUMAHAGEN_P9_ENGINEERING_ALIGNMENT_FULL_REBUILD_20260908_v1.1__EXTRACTED/P9_CORE_6.30_SECTION_COVERAGE_AUDIT_v1.1.csv,csv,1207,0bbd734a1a19b367c2f61d110b3a75ad0a2a50f1c272ea4d8cc3f6689cf8c85a,31
step sync Step P__EXTRACTED/RUMAHAGEN_P9_ENGINEERING_ALIGNMENT_FULL_REBUILD_20260908_v1.1__EXTRACTED/P9_CONTROLLED_ENGINEERING_RESIDUAL_REGISTER_v1.1.csv,csv,17040,adf87d7d7bbeb8ca413801f6c78e7dc7ee85f6356e0b089e2af02054b5e42961,48
step sync Step P__EXTRACTED/RUMAHAGEN_P9_ENGINEERING_ALIGNMENT_FULL_REBUILD_20260908_v1.1__EXTRACTED/P9_ENGINEERING_ALIGNMENT_FULL_REBUILD_v1.1.md,md,6181,f15a8863603a163e1bf6ebff1379c2a7f905734024a74f26ea7081e5f823e047,97
step sync Step P__EXTRACTED/RUMAHAGEN_P9_ENGINEERING_ALIGNMENT_FULL_REBUILD_20260908_v1.1__EXTRACTED/P9_CROSS_LAYER_ENGINEERING_ALIGNMENT_MATRIX_v1.1.csv,csv,30624,ea647ebe7c85ef79018a364c33b1c75cdf36f8865a6273876f6bbfda8d296b18,136
step sync Step P__EXTRACTED/RUMAHAGEN_P9_ENGINEERING_ALIGNMENT_FULL_REBUILD_20260908_v1.1__EXTRACTED/P9_P8_FINDING_CARRY_FORWARD_AUDIT_v1.1.csv,csv,1582,0926444c3fcf789709a36efbb7ed504b604c3390ee97cd25f9c5ef99ef567b40,12
step sync Step P__EXTRACTED/RUMAHAGEN_P9_ENGINEERING_ALIGNMENT_FULL_REBUILD_20260908_v1.1__EXTRACTED/P9_M01-M15_ENGINEERING_CHANGE_ALIGNMENT_MATRIX_v1.1.csv,csv,3360,c58b116d113cc9c9c58956db4c1e1510c8b1dffd15f56e1c7ca8dd9d0ad53f76,16
step sync Step P__EXTRACTED/RUMAHAGEN_P9_ENGINEERING_ALIGNMENT_FULL_REBUILD_20260908_v1.1__EXTRACTED/P9_SHA256_MANIFEST_v1.1.csv,csv,2461,ea13a95e852bc6934c2724a6dde3e015cb64225da53c6b3d590dd38e62951172,22
step sync Step P__EXTRACTED/RUMAHAGEN_P9_ENGINEERING_ALIGNMENT_FULL_REBUILD_20260908_v1.1__EXTRACTED/README_P9_v1.1.md,md,313,980237950c42cc7d305573fd2eeddc35fce0bf80d19979efbbf63995b0f89e59,4
step sync Step P__EXTRACTED/RUMAHAGEN_P9_ENGINEERING_ALIGNMENT_FULL_REBUILD_20260908_v1.1__EXTRACTED/P9_CORE_V1.3_ENGINEERING_PRESERVATION_TRACEABILITY_v1.1.csv,csv,27110,d90012ff12aac694926dcd47fdb62ac097ad4a2a4d92dc2b80a7967f9965bb16,224
step sync Step P__EXTRACTED/RUMAHAGEN_P9_ENGINEERING_ALIGNMENT_FULL_REBUILD_20260908_v1.1__EXTRACTED/P9_CORRECTION_RECONCILIATION_REGISTER_v1.1.md,md,557,e404589827d10881e77928f4675222a041c84e69f7f391491abd0635abea099e,10
step sync Step P__EXTRACTED/RUMAHAGEN_P9_ENGINEERING_ALIGNMENT_FULL_REBUILD_20260908_v1.1__EXTRACTED/P9_CROSS_MODULE_ENGINEERING_CONTRACT_MATRIX_v1.1.csv,csv,1439,4d84e2e65be5cac740e93f3f14355605684b4ce638e33e675be5a98f7797819a,7
step sync Step P__EXTRACTED/RUMAHAGEN_P9_ENGINEERING_ALIGNMENT_FULL_REBUILD_20260908_v1.1__EXTRACTED/P9_API_DATA_RBAC_FLOW_UI_SEO_ENGINEERING_ALIGNMENT_v1.1.csv,csv,905,1e8fb6b5736006b6147788f9c315547bcb9ca6fd7c60e09c82e2bef7a1b0cc09,7
step sync Step P__EXTRACTED/RUMAHAGEN_P9_ENGINEERING_ALIGNMENT_FULL_REBUILD_20260908_v1.1__EXTRACTED/P9_SECOND_FULL_DEEP_SCAN_REPORT_v1.1.md,md,560,2070b19a17d1061ddd612e9e60628db345b04dc05499b0db35323e6b0c594fee,19
step sync Step P__EXTRACTED/RUMAHAGEN_P9_ENGINEERING_ALIGNMENT_FULL_REBUILD_20260908_v1.1__EXTRACTED/P9_ENGINEERING_FINDING_REGISTER_v1.1.csv,csv,520,728bef8dd561e5e22483a6432d7ca42ea36d5b16f826d2d8def962fd0092c70f,4
step sync Step P__EXTRACTED/RUMAHAGEN_P9_ENGINEERING_ALIGNMENT_FULL_REBUILD_20260908_v1.1__EXTRACTED/P9_FINAL_GATE_MATRIX_v1.1.csv,csv,390,82debe420e1e1d8518a67473d3eb6c5f607ef68ecaba8f0397a7ef6ce2c68481,11
step sync Step P__EXTRACTED/RUMAHAGEN_P9_ENGINEERING_ALIGNMENT_FULL_REBUILD_20260908_v1.1__EXTRACTED/P9_AUTHORITY_INTEGRITY_ENGINEERING_MATRIX_v1.1.csv,csv,3154,60c69ddaf11df8ab59d964d1ea087d5f792b54c1ade89bc86372eba36d3f98ce,16
step sync Step P__EXTRACTED/RUMAHAGEN_P9_ENGINEERING_ALIGNMENT_FULL_REBUILD_20260908_v1.1__EXTRACTED/P9_SOURCE_SHA256_MANIFEST_v1.1.csv,csv,1106,dbf84ddf2e57bdd2ea624f0177f1d545e69d0fdbbf3d48a102a39cda59338dac,9
step sync Step P__EXTRACTED/RUMAHAGEN_P9_ENGINEERING_ALIGNMENT_FULL_REBUILD_20260908_v1.1__EXTRACTED/P9_CORE_6.30_ENGINEERING_GUARDRAIL_TRACEABILITY_v1.1.csv,csv,7344,eda6de0f6cc945e3e88f81e65d99a076689826a87faf67ce1ab7e6961e767710,31
step sync Step P__EXTRACTED/RUMAHAGEN_P9_ENGINEERING_ALIGNMENT_FULL_REBUILD_20260908_v1.1__EXTRACTED/P9_ENGINEERING_ALIGNMENT_FULL_REBUILD_v1.1.docx,docx,37382,5be7f799678cac28d5e8738214dd87c5df0442d535523cdd0c852af1cbe198de,24
step sync Step P__EXTRACTED/RUMAHAGEN_P8_EXECUTION_PACK_AUDIT_FULL_REBUILD_20260908_v1.0(1)__EXTRACTED/P8_SHA256_MANIFEST_v1.0.csv,csv,1786,838e29c86c351ce29b45476c91c713f43fdcd38dce4c8afb1c44f1be3320cc56,17
step sync Step P__EXTRACTED/RUMAHAGEN_P8_EXECUTION_PACK_AUDIT_FULL_REBUILD_20260908_v1.0(1)__EXTRACTED/P8_REENTRY_CORRECTION_REGISTER_v1.0.csv,csv,280,9f3ff25f4fa7b3f68096261f5e3fb1aff055a63a0f40bc6c81ab0ec4c08a7bc2,3
step sync Step P__EXTRACTED/RUMAHAGEN_P8_EXECUTION_PACK_AUDIT_FULL_REBUILD_20260908_v1.0(1)__EXTRACTED/P8_FINDING_REGISTER_v1.0.csv,csv,1293,8de88306dcd2c2865d772d3626856a111a882e0b5beca107225d7a6dfff397bf,12
step sync Step P__EXTRACTED/RUMAHAGEN_P8_EXECUTION_PACK_AUDIT_FULL_REBUILD_20260908_v1.0(1)__EXTRACTED/P8_EXECUTION_WP_COVERAGE_AUDIT_v1.0.csv,csv,157,5b61c08f31a447e43028bcdfa50fadf5ca3a8c1632aae13b9f34d458c12124fa,4
step sync Step P__EXTRACTED/RUMAHAGEN_P8_EXECUTION_PACK_AUDIT_FULL_REBUILD_20260908_v1.0(1)__EXTRACTED/P8_INPUT_RECURSIVE_DEEP_SCAN_REPORT_v1.0.md,md,316,dc5b5e65ab84b53a60c26e12185228f754a162c389552019d616bace8a37edd1,3
step sync Step P__EXTRACTED/RUMAHAGEN_P8_EXECUTION_PACK_AUDIT_FULL_REBUILD_20260908_v1.0(1)__EXTRACTED/P8_FOCUSED_EXECUTION_PACK_AUDIT_FULL_REBUILD_v1.0.docx,docx,36947,3a4f11a33c2532d6f422670b178e6fe3817ed8e71c033ab741d3f9c257252c15,7
step sync Step P__EXTRACTED/RUMAHAGEN_P8_EXECUTION_PACK_AUDIT_FULL_REBUILD_20260908_v1.0(1)__EXTRACTED/README_P8_v1.0.md,md,161,d9e7f7a8a7482bc8f3d3e37dd63790aec2e9038472ce3d442e09b0c4dce2fa61,4
step sync Step P__EXTRACTED/RUMAHAGEN_P8_EXECUTION_PACK_AUDIT_FULL_REBUILD_20260908_v1.0(1)__EXTRACTED/P8_CROSS_MODULE_CONTRACT_AUDIT_v1.0.csv,csv,630,16a9ce263b80bb4eed01f083c761a6a60636be5c3e9b89e5901abe3233387b9d,10
step sync Step P__EXTRACTED/RUMAHAGEN_P8_EXECUTION_PACK_AUDIT_FULL_REBUILD_20260908_v1.0(1)__EXTRACTED/P8_FINAL_GATE_MATRIX_v1.0.csv,csv,653,d3884da024c4c2abdfc6b3369109a456dbff309c135e8d9065f6cbc1f5d97ff6,15
step sync Step P__EXTRACTED/RUMAHAGEN_P8_EXECUTION_PACK_AUDIT_FULL_REBUILD_20260908_v1.0(1)__EXTRACTED/P8_M01-M15_COMBINED_COVERAGE_AUDIT_v1.0.csv,csv,492,49edf5579f1b9d5c15604666c4b76bbbc18b52bcd0ff414fa254bbdf73e183f4,9
step sync Step P__EXTRACTED/RUMAHAGEN_P8_EXECUTION_PACK_AUDIT_FULL_REBUILD_20260908_v1.0(1)__EXTRACTED/P8_FOCUSED_EXECUTION_PACK_AUDIT_FULL_REBUILD_v1.0.md,md,1005,baa302acbad5195b030e808720cb900890941cd868c92c0eba6cbc8a9b2f9df5,15
step sync Step P__EXTRACTED/RUMAHAGEN_P8_EXECUTION_PACK_AUDIT_FULL_REBUILD_20260908_v1.0(1)__EXTRACTED/P8_API_DATA_RBAC_FLOW_UI_SEO_AUDIT_v1.0.csv,csv,631,987ae32c38a18dbeacb3055e8958db83487082748b2d0b3db26ba4e14c5c5201,7
step sync Step P__EXTRACTED/RUMAHAGEN_P8_EXECUTION_PACK_AUDIT_FULL_REBUILD_20260908_v1.0(1)__EXTRACTED/P8_CORE_V1.3_PRESERVATION_AUDIT_v1.0.csv,csv,10767,6d101aba33cd8a4eece67ee0e266499b3353d71eee90614ff444e8d3ecff48db,224
step sync Step P__EXTRACTED/RUMAHAGEN_P8_EXECUTION_PACK_AUDIT_FULL_REBUILD_20260908_v1.0(1)__EXTRACTED/P8_SECOND_FULL_DEEP_SCAN_REPORT_v1.0.md,md,559,0ba6395d77116e718e774b734b08f622276518a64212786bc2b06a13cc93eb3d,18
step sync Step P__EXTRACTED/RUMAHAGEN_P8_EXECUTION_PACK_AUDIT_FULL_REBUILD_20260908_v1.0(1)__EXTRACTED/P8_RESIDUAL_EVIDENCE_AUDIT_v1.0.csv,csv,343,ee97705139dea53403ca410d7538b99a48aaab0328e5a4d4cc59d96a10aad040,4
step sync Step P__EXTRACTED/RUMAHAGEN_P8_EXECUTION_PACK_AUDIT_FULL_REBUILD_20260908_v1.0(1)__EXTRACTED/P8_AUTHORITY_INTEGRITY_MATRIX_M01-M15_v1.0.csv,csv,1212,f2065a5055d59e3adbc84a6ee2c0a1cdce96f5309b184fe2066e4e84125b3bb8,16
step sync Step P__EXTRACTED/RUMAHAGEN_P8_EXECUTION_PACK_AUDIT_FULL_REBUILD_20260908_v1.0(1)__EXTRACTED/P8_FIRST_FULL_DEEP_SCAN_REPORT_v1.0.md,md,430,c7df64d505822e8a5ba92550f60b6db56ac06fddc9ea5b9bdcc7396a7cc46ab3,3
step sync Step P__EXTRACTED/RUMAHAGEN_P4_MODULE_EXECUTION_SPECIFICATION_ARCHITECTURE_FULL_REBUILD_20260907_v1.3__EXTRACTED/P4_M10_EXECUTION_ARCHITECTURE_v1.2.md,md,8833,1689d011c186db923cd6b7276a4d67dee5fb24e34656a23824eba7dab99fa934,131
step sync Step P__EXTRACTED/RUMAHAGEN_P4_MODULE_EXECUTION_SPECIFICATION_ARCHITECTURE_FULL_REBUILD_20260907_v1.3__EXTRACTED/P4_CONTROLLED_RESIDUAL_REGISTER_v1.3.csv,csv,6272,57734c139396d236d07ac1f875ea549e813f752887ab4b0a1bc60aeee820d727,32
step sync Step P__EXTRACTED/RUMAHAGEN_P4_MODULE_EXECUTION_SPECIFICATION_ARCHITECTURE_FULL_REBUILD_20260907_v1.3__EXTRACTED/P4_STATE_LIFECYCLE_EXECUTION_MATRIX_v1.3.csv,csv,282,a72e8a79b2e96921401feb7448a0cd0ee145eaebe6bce02b6fd943cf859ad11c,8
step sync Step P__EXTRACTED/RUMAHAGEN_P4_MODULE_EXECUTION_SPECIFICATION_ARCHITECTURE_FULL_REBUILD_20260907_v1.3__EXTRACTED/P4_MODULE_EXECUTION_SPECIFICATION_ARCHITECTURE_FULL_REBUILD_v1.3.docx,docx,39816,2fac83024874b7505f10c7e6ef19c382283f13cbae32ea43026ffd9f91b390d8,91
step sync Step P__EXTRACTED/RUMAHAGEN_P4_MODULE_EXECUTION_SPECIFICATION_ARCHITECTURE_FULL_REBUILD_20260907_v1.3__EXTRACTED/P4_CRITICAL_CROSS_DOMAIN_CONTRACT_MATRIX_v1.3.csv,csv,328,1b4ec19d63142b750d77c4bbcde180554abcb7810733024c48cca1ae33cdaab4,5
step sync Step P__EXTRACTED/RUMAHAGEN_P4_MODULE_EXECUTION_SPECIFICATION_ARCHITECTURE_FULL_REBUILD_20260907_v1.3__EXTRACTED/P4_DETAILED_WORK_PACKAGE_ARCHITECTURE_REGISTER_v1.3.csv,csv,8512,2929ee51867acfa1e79999b4019d2ed1ea9eedca8fe010c8ac964ddc6581469e,63
step sync Step P__EXTRACTED/RUMAHAGEN_P4_MODULE_EXECUTION_SPECIFICATION_ARCHITECTURE_FULL_REBUILD_20260907_v1.3__EXTRACTED/P4_AUTHORITY_EXECUTION_BOUNDARY_MATRIX_v1.3.csv,csv,1519,c76380c5a4056b4cfc9ce72e901f21fe8f0cdc1d2490c562ca22996381eef287,16
step sync Step P__EXTRACTED/RUMAHAGEN_P4_MODULE_EXECUTION_SPECIFICATION_ARCHITECTURE_FULL_REBUILD_20260907_v1.3__EXTRACTED/P4_CONTROLLED_CURRENT_FINDINGS_EXECUTION_ROUTING_v1.3.csv,csv,9352,874513c9cb14b30e75f31d65993b5f3a21cf58da36f8038ab0562b500acdc643,24
step sync Step P__EXTRACTED/RUMAHAGEN_P4_MODULE_EXECUTION_SPECIFICATION_ARCHITECTURE_FULL_REBUILD_20260907_v1.3__EXTRACTED/P4_M04_EXECUTION_ARCHITECTURE_v1.2.md,md,7349,02fbe1fd7677b2085df59e50e189fc36bb45ea73814416c3870aad53ea79cba5,118
step sync Step P__EXTRACTED/RUMAHAGEN_P4_MODULE_EXECUTION_SPECIFICATION_ARCHITECTURE_FULL_REBUILD_20260907_v1.3__EXTRACTED/README_P4_v1.3.md,md,1025,48685739b025f1402e532f9b747d7b052fe257539caf590e576fedeb6d6cf66d,20
step sync Step P__EXTRACTED/RUMAHAGEN_P4_MODULE_EXECUTION_SPECIFICATION_ARCHITECTURE_FULL_REBUILD_20260907_v1.3__EXTRACTED/P4_CORE_V1.3_SCOPE_TO_EXECUTION_ARCHITECTURE_MATRIX_v1.3.csv,csv,3659,4b0252821953689db474be99d386365c537e9c0789ee3130737613793b3b4b80,18
step sync Step P__EXTRACTED/RUMAHAGEN_P4_MODULE_EXECUTION_SPECIFICATION_ARCHITECTURE_FULL_REBUILD_20260907_v1.3__EXTRACTED/P4_M15_EXECUTION_ARCHITECTURE_v1.2.md,md,6705,deb3766de1b22ad991d6c40a4368e5ea94f166f1a26c18392fea49b34529851f,113
step sync Step P__EXTRACTED/RUMAHAGEN_P4_MODULE_EXECUTION_SPECIFICATION_ARCHITECTURE_FULL_REBUILD_20260907_v1.3__EXTRACTED/P4_DEPENDENCY_EXECUTION_ROUTING_MATRIX_v1.3.csv,csv,4970,68885bbb1a5ca965f62101823586c43fb6cdb5f9f3dbaf06c588f706bcb75574,66
step sync Step P__EXTRACTED/RUMAHAGEN_P4_MODULE_EXECUTION_SPECIFICATION_ARCHITECTURE_FULL_REBUILD_20260907_v1.3__EXTRACTED/P4_M05_EXECUTION_ARCHITECTURE_v1.2.md,md,6176,0a92a4c4220b054a8c357dec6a5269fa4109652988516905df9ca6138746070f,109
step sync Step P__EXTRACTED/RUMAHAGEN_P4_MODULE_EXECUTION_SPECIFICATION_ARCHITECTURE_FULL_REBUILD_20260907_v1.3__EXTRACTED/P4_M11_EXECUTION_ARCHITECTURE_v1.2.md,md,7104,04619d19822ebe8dfb3f90b779e0fa60a220190a23cf30a5394097fe6d5d0179,114
step sync Step P__EXTRACTED/RUMAHAGEN_P4_MODULE_EXECUTION_SPECIFICATION_ARCHITECTURE_FULL_REBUILD_20260907_v1.3__EXTRACTED/P4_M07_EXECUTION_ARCHITECTURE_v1.2.md,md,6391,9da540ab97e43f627b68626dd419a2801f83df8e16af7e9381c6033844b515c4,112
step sync Step P__EXTRACTED/RUMAHAGEN_P4_MODULE_EXECUTION_SPECIFICATION_ARCHITECTURE_FULL_REBUILD_20260907_v1.3__EXTRACTED/P4_M08_EXECUTION_ARCHITECTURE_v1.2.md,md,6474,f50f2b93b721ab156e4710ad3b21268ba2ece1483c4176a56c9c0ad67cb6a7ae,112
step sync Step P__EXTRACTED/RUMAHAGEN_P4_MODULE_EXECUTION_SPECIFICATION_ARCHITECTURE_FULL_REBUILD_20260907_v1.3__EXTRACTED/P4_CROSS_LAYER_EXECUTION_ARCHITECTURE_MATRIX_v1.3.csv,csv,13138,f6a3a4837cb5b057b4cdb66680b829d54953d07ce42fc6e8fd0c17b41744eb29,136
step sync Step P__EXTRACTED/RUMAHAGEN_P4_MODULE_EXECUTION_SPECIFICATION_ARCHITECTURE_FULL_REBUILD_20260907_v1.3__EXTRACTED/P4_M03_EXECUTION_ARCHITECTURE_v1.2.md,md,8139,330e8b3deb33fc5537f9977af444f13fc8da2391e58a6062e67d8043a41c6af4,119
step sync Step P__EXTRACTED/RUMAHAGEN_P4_MODULE_EXECUTION_SPECIFICATION_ARCHITECTURE_FULL_REBUILD_20260907_v1.3__EXTRACTED/P4_FINAL_SECOND_DEEP_SCAN_REPORT_v1.2.md,md,790,bb985a57c0302a1c9cd10247200ef332df8b096b6e6c912ff69bdd342f7be1eb,28
step sync Step P__EXTRACTED/RUMAHAGEN_P4_MODULE_EXECUTION_SPECIFICATION_ARCHITECTURE_FULL_REBUILD_20260907_v1.3__EXTRACTED/P4_FINAL_SECOND_DEEP_SCAN_REPORT_v1.3.md,md,1286,ba8140b209ac608eb0595bd7bab6ba07c42ab6b3f1644554d99c40a97e6a2c6c,31
step sync Step P__EXTRACTED/RUMAHAGEN_P4_MODULE_EXECUTION_SPECIFICATION_ARCHITECTURE_FULL_REBUILD_20260907_v1.3__EXTRACTED/P4_M01_EXECUTION_ARCHITECTURE_v1.2.md,md,6517,5dc93a8c532c7de1f4678f4973c1ff4593a27189ba04320705504fb1cef4ff2e,111
step sync Step P__EXTRACTED/RUMAHAGEN_P4_MODULE_EXECUTION_SPECIFICATION_ARCHITECTURE_FULL_REBUILD_20260907_v1.3__EXTRACTED/P4_M01-M15_CHANGE_TO_EXECUTION_ARCHITECTURE_MATRIX_v1.3.csv,csv,16082,7c7ef8a83c21a15ebeb6c92a4404e9e428583a216272c9d03b5d488e0a760ede,58
step sync Step P__EXTRACTED/RUMAHAGEN_P4_MODULE_EXECUTION_SPECIFICATION_ARCHITECTURE_FULL_REBUILD_20260907_v1.3__EXTRACTED/P4_V1.3_SHA256_MANIFEST.csv,csv,3670,a58660d7fde4fb67c78fabed8a59f08d8fb56951de4507969328f2d2b9c57d4c,33
step sync Step P__EXTRACTED/RUMAHAGEN_P4_MODULE_EXECUTION_SPECIFICATION_ARCHITECTURE_FULL_REBUILD_20260907_v1.3__EXTRACTED/P4_M12_EXECUTION_ARCHITECTURE_v1.2.md,md,6388,b158a731382a67a3bbcb40027cff728dcc0f5abf7b864c75c2be39593cc7deb7,110
step sync Step P__EXTRACTED/RUMAHAGEN_P4_MODULE_EXECUTION_SPECIFICATION_ARCHITECTURE_FULL_REBUILD_20260907_v1.3__EXTRACTED/P4_M02_EXECUTION_ARCHITECTURE_v1.2.md,md,6492,b1038bc8763f18e9cd71dd94fde6d34188380fe8545422449c93850b294bdd60,111
step sync Step P__EXTRACTED/RUMAHAGEN_P4_MODULE_EXECUTION_SPECIFICATION_ARCHITECTURE_FULL_REBUILD_20260907_v1.3__EXTRACTED/P4_FINDING_CORRECTION_REGISTER_v1.3.csv,csv,1015,1137788e8d4ef890fb3926fcbf2ae8c383f452d92f70ae51b71ccd758058c6c7,6
step sync Step P__EXTRACTED/RUMAHAGEN_P4_MODULE_EXECUTION_SPECIFICATION_ARCHITECTURE_FULL_REBUILD_20260907_v1.3__EXTRACTED/P4_CORE_6.25_DETAILED_EXECUTION_DECOMPOSITION_TRACEABILITY_v1.3.csv,csv,2083,60d3acaa553bceea66d6c8362d2e6c2a16039c52a758f49accde85a865ef9136,23
step sync Step P__EXTRACTED/RUMAHAGEN_P4_MODULE_EXECUTION_SPECIFICATION_ARCHITECTURE_FULL_REBUILD_20260907_v1.3__EXTRACTED/P4_M13_EXECUTION_ARCHITECTURE_v1.2.md,md,8046,2730f1729ba57663f58ef76adf63ccdf2056b9121e36de35b82d5a2cc96ba020,123
step sync Step P__EXTRACTED/RUMAHAGEN_P4_MODULE_EXECUTION_SPECIFICATION_ARCHITECTURE_FULL_REBUILD_20260907_v1.3__EXTRACTED/README_P4_v1.2.md,md,264,373ca25cbfceddb42697ff91b91951da796984d7425c46a3ee66b225ae2326c3,1
step sync Step P__EXTRACTED/RUMAHAGEN_P4_MODULE_EXECUTION_SPECIFICATION_ARCHITECTURE_FULL_REBUILD_20260907_v1.3__EXTRACTED/P4_MODULE_EXECUTION_SPECIFICATION_ARCHITECTURE_FULL_REBUILD_v1.3.md,md,6450,f90295e7d00da4dd27ec03b2b41a3312a36f062f0f827ffe0c55c9121b7ae367,126
step sync Step P__EXTRACTED/RUMAHAGEN_P4_MODULE_EXECUTION_SPECIFICATION_ARCHITECTURE_FULL_REBUILD_20260907_v1.3__EXTRACTED/P4_M14_EXECUTION_ARCHITECTURE_v1.2.md,md,8045,d6da8d506963a969f8ac37afc6a90e74c121eaead96c8c5aa582f158890cb0c2,121
step sync Step P__EXTRACTED/RUMAHAGEN_P4_MODULE_EXECUTION_SPECIFICATION_ARCHITECTURE_FULL_REBUILD_20260907_v1.3__EXTRACTED/P4_M06_EXECUTION_ARCHITECTURE_v1.2.md,md,6939,e811681d4c253ee8bc02fa9ca1d1cbc9548781ba9dbfc213d66b86c2bc2baab7,112
step sync Step P__EXTRACTED/RUMAHAGEN_P4_MODULE_EXECUTION_SPECIFICATION_ARCHITECTURE_FULL_REBUILD_20260907_v1.3__EXTRACTED/P4_M09_EXECUTION_ARCHITECTURE_v1.2.md,md,9212,76a591a8298f7dead1b3da3d858e487e306bebd8ba7ec456bbd8e18441692185,132
step sync Step P__EXTRACTED/RUMAHAGEN_P1_MODULE_DEPENDENCY_MATRIX_FULL_REBUILD_20260907_v1.1__EXTRACTED/P1_CONTROLLED_RESIDUAL_REGISTER.csv,csv,1039,79c08904e494bbe075e4c5f4cb84f631fc7404084d31c3cf14e0ca127ee89577,7
step sync Step P__EXTRACTED/RUMAHAGEN_P1_MODULE_DEPENDENCY_MATRIX_FULL_REBUILD_20260907_v1.1__EXTRACTED/P1_MODULE_DEPENDENCY_MATRIX_FULL_REBUILD_20260907_v1.1.md,md,9560,181f432606a40f854f84e8e87245ac2439d39331e630c1dcf55ebade330376d9,204
step sync Step P__EXTRACTED/RUMAHAGEN_P1_MODULE_DEPENDENCY_MATRIX_FULL_REBUILD_20260907_v1.1__EXTRACTED/P1_MODULE_DEPENDENCY_MATRIX_WORKBOOK_v1.1.xlsx,xlsx,12635,aedc04d41fbaae5a4ad2def9dffb11912b94f1e90060e146b5175cb97abd140c,
step sync Step P__EXTRACTED/RUMAHAGEN_P1_MODULE_DEPENDENCY_MATRIX_FULL_REBUILD_20260907_v1.1__EXTRACTED/P1_MODULE_DEPENDENCY_MATRIX_FULL_REBUILD_20260907_v1.1.docx,docx,40128,cfd158c906a5e9824e58a5afc377ec100cece3774270c9f01b0e1365e36b2419,125
step sync Step P__EXTRACTED/RUMAHAGEN_P1_MODULE_DEPENDENCY_MATRIX_FULL_REBUILD_20260907_v1.1__EXTRACTED/P1_SOURCE_SHA256_MANIFEST.csv,csv,598,07a2aa9daba8978165f102c4d7d7537427621228090348ac9e55e49db8d18296,5
step sync Step P__EXTRACTED/RUMAHAGEN_P1_MODULE_DEPENDENCY_MATRIX_FULL_REBUILD_20260907_v1.1__EXTRACTED/P1_INPUT_RECURSIVE_INVENTORY.csv,csv,734832,2efb598d8619f8b1b17a184e08fc2e5c2ffa15d669c6edfc969d8f24066af1d0,3292
step sync Step P__EXTRACTED/RUMAHAGEN_P1_MODULE_DEPENDENCY_MATRIX_FULL_REBUILD_20260907_v1.1__EXTRACTED/P1_CROSS_MODULE_CONTRACT_MATRIX.csv,csv,1709,a95c5bc0858b3bb054c3ce99d01b582c450aaa4fb26f974e29a5806074b883e9,19
step sync Step P__EXTRACTED/RUMAHAGEN_P1_MODULE_DEPENDENCY_MATRIX_FULL_REBUILD_20260907_v1.1__EXTRACTED/P1_DEPENDENCY_CLASSIFICATION_SUMMARY.csv,csv,179,f26e645450f4cf094bfa1173fb19af93073896584c075ae58dbedc4d8dccd4a8,9
step sync Step P__EXTRACTED/RUMAHAGEN_P1_MODULE_DEPENDENCY_MATRIX_FULL_REBUILD_20260907_v1.1__EXTRACTED/P1_MODULE_AUTHORITY_REGISTER.csv,csv,1535,79e2dbcd9b91052a03d3629d37cfed9085d4d75ac7fbcf5b7d9ff626affb9a9e,16
step sync Step P__EXTRACTED/RUMAHAGEN_P1_MODULE_DEPENDENCY_MATRIX_FULL_REBUILD_20260907_v1.1__EXTRACTED/P1_POST_BUILD_FINAL_ZIP_DEEP_SCAN_REVALIDATION_v1.1.md,md,475,24284f99353680535d8fde5f858230b701949e1d60c80a81a5a474bc08d56e9d,15
step sync Step P__EXTRACTED/RUMAHAGEN_P1_MODULE_DEPENDENCY_MATRIX_FULL_REBUILD_20260907_v1.1__EXTRACTED/P1_MASTER_MODULE_DEPENDENCY_MATRIX.csv,csv,5036,f81d5d83b5989a7a307c1bc2b74539900d9b42f818f837d4051cd7d949cdb3c6,66
step sync Step P__EXTRACTED/RUMAHAGEN_P1_MODULE_DEPENDENCY_MATRIX_FULL_REBUILD_20260907_v1.1__EXTRACTED/P1_POST_BUILD_SECOND_DEEP_SCAN_REPORT_v1.1.md,md,731,7cc9cda7333261b6c033f69e1dea3d018fba806d385ee0d3a59d4b17fc220569,19
step sync Step P__EXTRACTED/RUMAHAGEN_P15_PROJECT_CURRENT_STATE_FULL_REBUILD_v1.1__EXTRACTED/P15_SECOND_FULL_DEEP_SCAN_v1.1.md,md,740,7bc028379fb6d4500cbdd87a23e4f55d907ad4f9a770a7e53dbe4347b17c08e7,19
step sync Step P__EXTRACTED/RUMAHAGEN_P15_PROJECT_CURRENT_STATE_FULL_REBUILD_v1.1__EXTRACTED/P15_DEPENDENCY_CURRENT_STATE_v1.1.csv,csv,401,4465faf94bda00b31c5221698c3bc74236601e82af4542a750dfafd5f8fb35d2,5
step sync Step P__EXTRACTED/RUMAHAGEN_P15_PROJECT_CURRENT_STATE_FULL_REBUILD_v1.1__EXTRACTED/P15_FIRST_FULL_DEEP_SCAN_v1.1.md,md,655,f7bcdd96976465436ea8ff2641139c618883e2656bb7d20b5c922ee17c5f6e94,15
step sync Step P__EXTRACTED/RUMAHAGEN_P15_PROJECT_CURRENT_STATE_FULL_REBUILD_v1.1__EXTRACTED/README.md,md,944,cd3dac6a7b71b4196686f75c8ab667313a06eab37f09af54f0891630e3d272a5,19
step sync Step P__EXTRACTED/RUMAHAGEN_P15_PROJECT_CURRENT_STATE_FULL_REBUILD_v1.1__EXTRACTED/P15_FINAL_GATE_v1.1.md,md,690,bc40f596a92482e1a81d5ef3a14a8f683435a13c0747b8254d2700f469c81293,14
step sync Step P__EXTRACTED/RUMAHAGEN_P15_PROJECT_CURRENT_STATE_FULL_REBUILD_v1.1__EXTRACTED/P15_DECISION_CHANGE_CURRENT_STATE_v1.1.csv,csv,559,5b88696dd44cf5a4441b43bf64a01786e8f9aebbb8400eb2cfb27cfb7a44f4dd,8
step sync Step P__EXTRACTED/RUMAHAGEN_P15_PROJECT_CURRENT_STATE_FULL_REBUILD_v1.1__EXTRACTED/P15_M01-M15_CURRENT_STATE_v1.1.csv,csv,8204,100962e60da6f1258c704c610c61ba98ac6f16ce9e51a6e29aba333fd1329b34,16
step sync Step P__EXTRACTED/RUMAHAGEN_P15_PROJECT_CURRENT_STATE_FULL_REBUILD_v1.1__EXTRACTED/P15_PSTEP_CURRENT_STATUS_v1.1.csv,csv,1242,a39f60ffea5bbacdb80b19f2f0ebe420b8aeef3424c7b3be64298818010af97f,17
step sync Step P__EXTRACTED/RUMAHAGEN_P15_PROJECT_CURRENT_STATE_FULL_REBUILD_v1.1__EXTRACTED/P15_CONTROLLED_RESIDUAL_CURRENT_STATE_v1.1.csv,csv,9942,29fe008ff313c54b3d5fc82cd635f3501c940389c1efd00ff524ed51d26e283e,48
step sync Step P__EXTRACTED/RUMAHAGEN_P15_PROJECT_CURRENT_STATE_FULL_REBUILD_v1.1__EXTRACTED/P15_OUTPUT_SHA256_MANIFEST_v1.1.csv,csv,1813,2211276fe293369df959283fb4a69dd1474a4eeea78dcdc5eae98a78e141d467,17
step sync Step P__EXTRACTED/RUMAHAGEN_P15_PROJECT_CURRENT_STATE_FULL_REBUILD_v1.1__EXTRACTED/P15_PROJECT_CURRENT_STATE_v1.1.md,md,777,dc5658651223993d86bcab381080b94cd11b362ffddf23a7c8df92d2ba44b17f,15
step sync Step P__EXTRACTED/RUMAHAGEN_P15_PROJECT_CURRENT_STATE_FULL_REBUILD_v1.1__EXTRACTED/P15_CORE_IP_00-16_CURRENT_STATE_v1.1.csv,csv,9726,5e12c11b6ac2db82cd63bc1fd727d8576d6d850f64733e960783be9e4c0684bc,18
step sync Step P__EXTRACTED/RUMAHAGEN_P15_PROJECT_CURRENT_STATE_FULL_REBUILD_v1.1__EXTRACTED/P15_UPLOADED_SOURCE_CORPUS_13_v1.1.csv,csv,1874,e1eb4b516e828351d8629673da7bb39ca3a5302e810c052d5b11298441b7567c,14
step sync Step P__EXTRACTED/RUMAHAGEN_P15_PROJECT_CURRENT_STATE_FULL_REBUILD_v1.1__EXTRACTED/P15_READINESS_BOUNDARY_v1.1.csv,csv,619,1e191b7a492f314b9d33d131a51c5cf1123f3833e9046b1e75ab32940124e939,8
step sync Step P__EXTRACTED/RUMAHAGEN_P15_PROJECT_CURRENT_STATE_FULL_REBUILD_v1.1__EXTRACTED/P15_PROJECT_CURRENT_STATE_FULL_REBUILD_v1.1.docx,docx,38961,2944393d738f5d64b54b0db2107831d14193a4da2d2f6ef5026ea4871afcf673,113
step sync Step P__EXTRACTED/RUMAHAGEN_P15_PROJECT_CURRENT_STATE_FULL_REBUILD_v1.1__EXTRACTED/P15_SCOPE_COVERAGE_AUDIT_v1.1.csv,csv,2827,43b43cd5e552b14aacc4b1d490a431df6e9d2e4385e0ebe9ed6eb655b92280b0,37
step sync Step P__EXTRACTED/RUMAHAGEN_P15_PROJECT_CURRENT_STATE_FULL_REBUILD_v1.1__EXTRACTED/P15_FINDING_REGISTER_v1.1.csv,csv,1273,f33266e08c8b1ff6564a2090cd7b999e7494a64c2fe86765f562e2018b9e5d71,6
step sync Step P__EXTRACTED/RUMAHAGEN_P5_EXECUTION_BATCH_PLAN_FULL_REBUILD_20260907_v1.1__EXTRACTED/P5_EXECUTION_BATCH_PLAN_FULL_REBUILD_v1.0.md,md,3467,cac1deb02bee61fc27908f09c8c38f6123e592ca26e027ea215a5c1e3cf49e97,66
step sync Step P__EXTRACTED/RUMAHAGEN_P5_EXECUTION_BATCH_PLAN_FULL_REBUILD_20260907_v1.1__EXTRACTED/P5_EXECUTION_BATCH_PLAN_FULL_REBUILD_v1.0.docx,docx,37657,193f9fed66f08d7b84adbe6916f8ebfb593e2379b3d223bc5402543b7d189372,37
step sync Step P__EXTRACTED/RUMAHAGEN_P5_EXECUTION_BATCH_PLAN_FULL_REBUILD_20260907_v1.1__EXTRACTED/P5_D13_CONTROLLED_FINDING_BATCH_ROUTING_v1.1.csv,csv,6383,1dbf5bd02da6a652e52697a398596b2b670d0722f02f5ccc7a3a74c7911e1969,24
step sync Step P__EXTRACTED/RUMAHAGEN_P5_EXECUTION_BATCH_PLAN_FULL_REBUILD_20260907_v1.1__EXTRACTED/P5_BATCH_REGISTER_v1.0.csv,csv,2189,8f8755b9154bfe76884a3cf5765a390c0a24d56197bc8206eda99824933a2b9e,9
step sync Step P__EXTRACTED/RUMAHAGEN_P5_EXECUTION_BATCH_PLAN_FULL_REBUILD_20260907_v1.1__EXTRACTED/P5_BATCH_ACCEPTANCE_GATE_MATRIX_v1.0.csv,csv,3154,36f09c0ab928b5f49f82008472a1a948b05caaa4de9561278b4f88a037228f8c,33
step sync Step P__EXTRACTED/RUMAHAGEN_P5_EXECUTION_BATCH_PLAN_FULL_REBUILD_20260907_v1.1__EXTRACTED/P5_CRITICAL_PATH_MODULE_ANALYSIS_v1.0.csv,csv,347,37e497b2b54ca4cc2b836b47b717d6396609b7005ad10f044ce1efd96eda7cd3,16
step sync Step P__EXTRACTED/RUMAHAGEN_P5_EXECUTION_BATCH_PLAN_FULL_REBUILD_20260907_v1.1__EXTRACTED/P5_CORE_V1.3_SCOPE_TO_BATCH_TRACEABILITY_v1.0.csv,csv,4462,6937903348cb854da78d01206aeeebe2eb1bf04f803abeb705d03bd24689f81c,18
step sync Step P__EXTRACTED/RUMAHAGEN_P5_EXECUTION_BATCH_PLAN_FULL_REBUILD_20260907_v1.1__EXTRACTED/P5_CONTROLLED_RESIDUAL_CARRY_FORWARD_v1.0.csv,csv,7196,31355f66c66ef086066f9b54ca006104479b029fb8c647c4dcde4b99a03b1f51,32
step sync Step P__EXTRACTED/RUMAHAGEN_P5_EXECUTION_BATCH_PLAN_FULL_REBUILD_20260907_v1.1__EXTRACTED/P5_INPUT_RECURSIVE_DEEP_SCAN_INVENTORY_v1.1.csv,csv,1300,f19750cead99241f7b55d586ab61eb203432e667dced98e0a61590b01c3a18f5,9
step sync Step P__EXTRACTED/RUMAHAGEN_P5_EXECUTION_BATCH_PLAN_FULL_REBUILD_20260907_v1.1__EXTRACTED/P5_V1.0_SHA256_MANIFEST.csv,csv,2027,35d24fe333a85adc11c718992b046e5b11693669d7a291c9b0bfdf1e8a3f87b3,19
step sync Step P__EXTRACTED/RUMAHAGEN_P5_EXECUTION_BATCH_PLAN_FULL_REBUILD_20260907_v1.1__EXTRACTED/P5_CROSS_MODULE_BATCH_CONTRACT_MATRIX_v1.0.csv,csv,762,ca1c9572734dd7a2e63af5e8e8c613b838129fe04d1d6a95d19ee32c4e6bce99,7
step sync Step P__EXTRACTED/RUMAHAGEN_P5_EXECUTION_BATCH_PLAN_FULL_REBUILD_20260907_v1.1__EXTRACTED/P5_WORK_PACKAGE_BATCH_TRACEABILITY_v1.1.csv,csv,9893,35088a2f641093b991963b7834bfcbbd567afd034f04794f780bcaa40dfd7ec5,63
step sync Step P__EXTRACTED/RUMAHAGEN_P5_EXECUTION_BATCH_PLAN_FULL_REBUILD_20260907_v1.1__EXTRACTED/P5_V1.1_SHA256_MANIFEST.csv,csv,3614,6eb44e0c273016200a9c86b897cfa11f8cbf9f40a3cae5fcc669b8c11da1328c,33
step sync Step P__EXTRACTED/RUMAHAGEN_P5_EXECUTION_BATCH_PLAN_FULL_REBUILD_20260907_v1.1__EXTRACTED/P5_M01-M15_CHANGE_OBLIGATION_TO_BATCH_TRACEABILITY_v1.1.csv,csv,19066,147768cf3a12d8e009b2e755257c7199b7bba8824d22509dc485adeda9fe008f,58
step sync Step P__EXTRACTED/RUMAHAGEN_P5_EXECUTION_BATCH_PLAN_FULL_REBUILD_20260907_v1.1__EXTRACTED/P5_EVIDENCE_CHECKPOINT_HANDOFF_MATRIX_v1.0.csv,csv,2848,90fa1c246475493fb91e581e18bdccfd014babd49a2e8556e5315594265860da,9
step sync Step P__EXTRACTED/RUMAHAGEN_P5_EXECUTION_BATCH_PLAN_FULL_REBUILD_20260907_v1.1__EXTRACTED/P5_EXECUTION_BATCH_PLAN_FULL_REBUILD_v1.1.docx,docx,37218,1cfaec8afb08592535306fa3fe03ba3b9496c16777bb897cc83e184dbfee14ac,33
step sync Step P__EXTRACTED/RUMAHAGEN_P5_EXECUTION_BATCH_PLAN_FULL_REBUILD_20260907_v1.1__EXTRACTED/P5_CORE_V1.3_SCOPE_TO_BATCH_TRACEABILITY_v1.1.csv,csv,4542,34208bb0de9c4d1c4c8e27bfcc8cd88489be8a9bc44c8c44cd16c76fce72ebe5,18
step sync Step P__EXTRACTED/RUMAHAGEN_P5_EXECUTION_BATCH_PLAN_FULL_REBUILD_20260907_v1.1__EXTRACTED/P5_M01-M15_BATCH_TRACEABILITY_v1.0.csv,csv,1775,9050a1d3c0ae7295bf18dbc77414e6101c54fd10113e9f5e0b0aec42fa1c62bb,16
step sync Step P__EXTRACTED/RUMAHAGEN_P5_EXECUTION_BATCH_PLAN_FULL_REBUILD_20260907_v1.1__EXTRACTED/P5_CORE_6.25_DETAILED_BATCH_ROUTING_v1.1.csv,csv,3216,a0874fe5c33d96a541accd3b59306555d2f494012f494ef9641bb85c6b8c2fd6,23
step sync Step P__EXTRACTED/RUMAHAGEN_P5_EXECUTION_BATCH_PLAN_FULL_REBUILD_20260907_v1.1__EXTRACTED/P5_BATCH_DEPENDENCY_ROUTING_MATRIX_v1.1.csv,csv,19289,24d27d7980eaabb1b65a8f044c6042160cd38eeeeef4775a0d17bfe698d85973,66
step sync Step P__EXTRACTED/RUMAHAGEN_P5_EXECUTION_BATCH_PLAN_FULL_REBUILD_20260907_v1.1__EXTRACTED/P5_CORE_6.25_DETAILED_BATCH_ROUTING_v1.0.csv,csv,2638,5147f61054b96162e91b3da802d7430150a019281d707c71a935277a606ab8e8,23
step sync Step P__EXTRACTED/RUMAHAGEN_P5_EXECUTION_BATCH_PLAN_FULL_REBUILD_20260907_v1.1__EXTRACTED/README_P5_v1.1.md,md,441,90f386a710c0aff887af6b5c72b0a18f01766fe4989c286b9ede9a40ae089c19,6
step sync Step P__EXTRACTED/RUMAHAGEN_P5_EXECUTION_BATCH_PLAN_FULL_REBUILD_20260907_v1.1__EXTRACTED/README_P5_v1.0.md,md,304,8130c2ec2bf5a1f9198af1bc4e607c099847def39f100f621a0d49b1f64acb67,6
step sync Step P__EXTRACTED/RUMAHAGEN_P5_EXECUTION_BATCH_PLAN_FULL_REBUILD_20260907_v1.1__EXTRACTED/P5_WORK_PACKAGE_BATCH_TRACEABILITY_v1.0.csv,csv,9665,399761097f72da9ff8e2a63d469b0ed63dc7271af8266c69232b6ae0480df204,63
step sync Step P__EXTRACTED/RUMAHAGEN_P5_EXECUTION_BATCH_PLAN_FULL_REBUILD_20260907_v1.1__EXTRACTED/P5_BATCH_DEPENDENCY_ROUTING_MATRIX_v1.0.csv,csv,13298,bf4d83376dc0c5ab351162c27cd27a373e74be69fbf7b3abae6d259d55ad2976,66
step sync Step P__EXTRACTED/RUMAHAGEN_P5_EXECUTION_BATCH_PLAN_FULL_REBUILD_20260907_v1.1__EXTRACTED/P5_FINAL_SECOND_DEEP_SCAN_REPORT_v1.0.md,md,982,6648e667186eb354be8ba7fdb905db2ae58388af92fb40862c2df1b506af6dc1,31
step sync Step P__EXTRACTED/RUMAHAGEN_P5_EXECUTION_BATCH_PLAN_FULL_REBUILD_20260907_v1.1__EXTRACTED/P5_SERIAL_PARALLEL_MATRIX_v1.0.csv,csv,2312,cef8e89361566b5f9fc1fcc3cec03f2cbe19dd458952482247a0f5c83eef8879,25
step sync Step P__EXTRACTED/RUMAHAGEN_P5_EXECUTION_BATCH_PLAN_FULL_REBUILD_20260907_v1.1__EXTRACTED/P5_FINAL_SECOND_DEEP_SCAN_REPORT_v1.1.md,md,1216,e83d9c956c66c4a6f349adfc111a1a4b40d12c80f86782625168324683e981f1,38
step sync Step P__EXTRACTED/RUMAHAGEN_P5_EXECUTION_BATCH_PLAN_FULL_REBUILD_20260907_v1.1__EXTRACTED/P5_EXECUTION_BATCH_PLAN_FULL_REBUILD_v1.1.md,md,3579,11655fe35106da2de8b3bcf9419b69013b7e4ce166b1dacf2e6ed9a1c8b1486a,69
step sync Step P__EXTRACTED/RUMAHAGEN_P5_EXECUTION_BATCH_PLAN_FULL_REBUILD_20260907_v1.1__EXTRACTED/P5_INPUT_RECURSIVE_DEEP_SCAN_INVENTORY_v1.0.csv,csv,1413,6819c9a664c1d4615b7dec5c0a146e04e88fe4fc990e74401aafacbcd27d046b,9
step sync Step P__EXTRACTED/RUMAHAGEN_P5_EXECUTION_BATCH_PLAN_FULL_REBUILD_20260907_v1.1__EXTRACTED/P5_CONTROLLED_RESIDUAL_CARRY_FORWARD_v1.1.csv,csv,7963,3908a51cef3697739ec47020c8aa80cd956fe1b872e6bfa6942d940d2c71aec4,32
step sync Step P__EXTRACTED/RUMAHAGEN_P5_EXECUTION_BATCH_PLAN_FULL_REBUILD_20260907_v1.1__EXTRACTED/P5_FINDING_CORRECTION_REGISTER_v1.0.csv,csv,1225,3dbb141174e4103ee775b6cc955f55516ae03b135ba4de0e8b241de3caf5d4a0,6
step sync Step P__EXTRACTED/RUMAHAGEN_P5_EXECUTION_BATCH_PLAN_FULL_REBUILD_20260907_v1.1__EXTRACTED/P5_FINDING_CORRECTION_REGISTER_v1.1.csv,csv,1450,509e15ae852086a6bf12408c2eafa6e0076d46701ca760829280abb91b2328b4,7
step sync Step P__EXTRACTED/RUMAHAGEN_P11_AI_CONTEXT_FULL_REBUILD_20260908_v1.2__EXTRACTED/P11_WORK_PACKAGE_CONTEXT_CONTRACT_62_v1.2.csv,csv,133873,02706fe369b5c66d4441a873726a4a88028e877628bebb6ed5821388c46edc31,63
step sync Step P__EXTRACTED/RUMAHAGEN_P11_AI_CONTEXT_FULL_REBUILD_20260908_v1.2__EXTRACTED/P11_AI_CONTEXT_FULL_REBUILD_v1.2.docx,docx,37460,c1cc0d31b281404adf9d6bca589d33643558fc6520dc06377261fe7c4286bfa5,16
step sync Step P__EXTRACTED/RUMAHAGEN_P11_AI_CONTEXT_FULL_REBUILD_20260908_v1.2__EXTRACTED/P11_FIRST_DEEP_SCAN_AND_FINDINGS_v1.2.md,md,588,1570e04fb97fc1a5da898302d78b21f9cf5b48674da4382a1fc239b659031128,10
step sync Step P__EXTRACTED/RUMAHAGEN_P11_AI_CONTEXT_FULL_REBUILD_20260908_v1.2__EXTRACTED/P11_P10_OPERATIONAL_CONTROL_CONTEXT_ROUTING_14_v1.2.csv,csv,2230,dcb3f6a6b0c9ee62d966d44e8e1c59ea09050fc6ad686b06cb2ada8e3f0f5091,15
step sync Step P__EXTRACTED/RUMAHAGEN_P11_AI_CONTEXT_FULL_REBUILD_20260908_v1.2__EXTRACTED/P11_P10_TO_CONTEXT_SECTION_ROUTING_34_v1.2.csv,csv,9304,4c07023920c4d7172f52e1a14cb75f0c80f8681786df6abfbc718b14d72e4ba1,35
step sync Step P__EXTRACTED/RUMAHAGEN_P11_AI_CONTEXT_FULL_REBUILD_20260908_v1.2__EXTRACTED/P11_FINAL_GATE_STEP12_HANDOFF_v1.2.md,md,396,395f0ff1836f6fcfd2b206c78c00106ac4eb7d3483f440a5e7ea6b9bae89c576,5
step sync Step P__EXTRACTED/RUMAHAGEN_P11_AI_CONTEXT_FULL_REBUILD_20260908_v1.2__EXTRACTED/P11_AI_CONTEXT_FULL_REBUILD_v1.2.md,md,7638,a0785b6c60afe0c2dc148bb5143e38228a654259107ab53fa1ad81737d45ab8a,120
step sync Step P__EXTRACTED/RUMAHAGEN_P11_AI_CONTEXT_FULL_REBUILD_20260908_v1.2__EXTRACTED/P11_CONTROLLED_RESIDUAL_CARRY_FORWARD_47_v1.2.csv,csv,12359,db08a1207b617f81cfc5cd0e4a680eb3c6d3cb7d8ce28984ad822a97ddb25680,48
step sync Step P__EXTRACTED/RUMAHAGEN_P11_AI_CONTEXT_FULL_REBUILD_20260908_v1.2__EXTRACTED/P11_CORE_V1.3_FINDING_TO_CONTEXT_ROUTING_223_v1.2.csv,csv,81359,ba2ef3cba9a75d9fa96ce83b100dbcb1dc12cb3fb7a14a2dbbdb00a23dc7c0f1,224
step sync Step P__EXTRACTED/RUMAHAGEN_P11_AI_CONTEXT_FULL_REBUILD_20260908_v1.2__EXTRACTED/P11_FINDING_REGISTER_v1.2.csv,csv,1336,e75c95f980b6c253c215e00bad4f25cc9399289d5cfa4d6021755b49380d41e8,5
step sync Step P__EXTRACTED/RUMAHAGEN_P11_AI_CONTEXT_FULL_REBUILD_20260908_v1.2__EXTRACTED/P11_SECOND_FULL_DEEP_SCAN_v1.2.md,md,797,e210ff9630fca6062ae691e01fb59b737aa1d1179793470c22d1f6e37698782e,21
step sync Step P__EXTRACTED/RUMAHAGEN_P11_AI_CONTEXT_FULL_REBUILD_20260908_v1.2__EXTRACTED/P11_SOURCE_UPLOAD_SHA256_MANIFEST_v1.2.csv,csv,1519,8a3028fd6b9566718eb1decff560dec868ab0a5ecaf159fc8f6c7500e1af2551,11
step sync Step P__EXTRACTED/RUMAHAGEN_P11_AI_CONTEXT_FULL_REBUILD_20260908_v1.2__EXTRACTED/P11_OUTPUT_SHA256_MANIFEST_v1.2.csv,csv,2025,e1ec81bf1310588eb271247da4af54c00ae54da8a9f5123a2d3eaec542585caa,19
step sync Step P__EXTRACTED/RUMAHAGEN_P11_AI_CONTEXT_FULL_REBUILD_20260908_v1.2__EXTRACTED/P11_M01-M15_SCOPE_CONTEXT_TRACEABILITY_15_v1.2.csv,csv,6127,713809bc6a6340f6871fd0aad22195ff2d866bf5fb2344554cc1e5f3f5bb40a0,16
step sync Step P__EXTRACTED/RUMAHAGEN_P11_AI_CONTEXT_FULL_REBUILD_20260908_v1.2__EXTRACTED/P11_EXECUTION_TREE_LOCK_v1.2.csv,csv,1530,f6b87cc1684eec96a8e31972b34c2f3e4bbc4b9b3c896ebb668ec68d4040d7bc,22
step sync Step P__EXTRACTED/RUMAHAGEN_P11_AI_CONTEXT_FULL_REBUILD_20260908_v1.2__EXTRACTED/README_P11_v1.2.md,md,216,69480fcd2ac2b82d36d09007edc0241b8a348ffabd9712f38d62a6688bc6ec80,5
step sync Step P__EXTRACTED/RUMAHAGEN_P11_AI_CONTEXT_FULL_REBUILD_20260908_v1.2__EXTRACTED/P11_CORE_6.32_SUCCESSOR_DELTA_RECONCILIATION_15_v1.2.csv,csv,2304,3ba1f46b3ef05f8ab9e8bb283516d357aa4351da7e9da503362221d1b00531a2,16
step sync Step P__EXTRACTED/RUMAHAGEN_P11_AI_CONTEXT_FULL_REBUILD_20260908_v1.2__EXTRACTED/P11_MACHINE_SUMMARY_v1.2.json,json,338,fff999277e368e3b7b63f81fa75b95289db00c4c8593f81805efe0d24c4e4351,15
step sync Step P__EXTRACTED/RUMAHAGEN_P11_AI_CONTEXT_FULL_REBUILD_20260908_v1.2__EXTRACTED/P11_DEPENDENCY_CONTEXT_ROUTING_65_v1.2.csv,csv,26187,11bbb40169a91b4891fadd256d2b66fe87fbdbde5d257c6b2b9284807c4f8fde,66
step sync Step P__EXTRACTED/RUMAHAGEN_P12_RECONCILIATION_EVIDENCE_FULL_REBUILD_20260908_v1.1__EXTRACTED/P12_MACHINE_SUMMARY_v1.0.json,json,1210,e9fa05f58110faf498115fec8ac4d3540c85aff4a34ece186da01a99638e7e4f,45
step sync Step P__EXTRACTED/RUMAHAGEN_P12_RECONCILIATION_EVIDENCE_FULL_REBUILD_20260908_v1.1__EXTRACTED/P12_CURRENT_UPLOAD_SOURCE_SHA256_MANIFEST_v1.1.csv,csv,1536,013bef351a413ba286647053d81c4f1bc76393c2da93357f03dcd75fa9f11ef9,12
step sync Step P__EXTRACTED/RUMAHAGEN_P12_RECONCILIATION_EVIDENCE_FULL_REBUILD_20260908_v1.1__EXTRACTED/P12_P10_CORE_6.31_SECTION_EVIDENCE_RECONCILIATION_34_v1.0.csv,csv,9710,e6c19d6119f9bce2c9f6425bcccabeacaf396d46066747e1a797afa7ec57a640,35
step sync Step P__EXTRACTED/RUMAHAGEN_P12_RECONCILIATION_EVIDENCE_FULL_REBUILD_20260908_v1.1__EXTRACTED/P12_SCHEMA_RLS_AUTH_DOCUMENTARY_EVIDENCE_3_v1.1.csv,csv,368,4b931fb1ba3653a80cf42a20f91fd4e3cb6bf82675464b24cceb8d2567011f3b,4
step sync Step P__EXTRACTED/RUMAHAGEN_P12_RECONCILIATION_EVIDENCE_FULL_REBUILD_20260908_v1.1__EXTRACTED/P12_CROSS_DOMAIN_DOCUMENTARY_EVIDENCE_RECONCILIATION_9_v1.0.csv,csv,1575,8261344bd7483f6ad980c1e9f80f7afd32a395428977f8badcd4670dfa4f4e83,10
step sync Step P__EXTRACTED/RUMAHAGEN_P12_RECONCILIATION_EVIDENCE_FULL_REBUILD_20260908_v1.1__EXTRACTED/P12_CORE_V1.3_DOCUMENTARY_EVIDENCE_RECONCILIATION_223_v1.1.csv,csv,54494,3a296bd86612ccb12bd4d87fe05c546f526b094bc8ff3285fb39840a53c72271,224
step sync Step P__EXTRACTED/RUMAHAGEN_P12_RECONCILIATION_EVIDENCE_FULL_REBUILD_20260908_v1.1__EXTRACTED/P12_P10_OPERATIONAL_CONTROL_EVIDENCE_RECONCILIATION_14_v1.0.csv,csv,2416,bb7771427caa87ac60ab715cf78527f63b8e2ff19a07eebf3773fb7dd9d0a59b,15
step sync Step P__EXTRACTED/RUMAHAGEN_P12_RECONCILIATION_EVIDENCE_FULL_REBUILD_20260908_v1.1__EXTRACTED/P12_CORE_6.30_6.31_6.32_DOCUMENTARY_RECONCILIATION_3_v1.1.csv,csv,507,61b526c64639f203d5b695f61f13e223df6e97a3f8299720f60bb6debd6343a2,4
step sync Step P__EXTRACTED/RUMAHAGEN_P12_RECONCILIATION_EVIDENCE_FULL_REBUILD_20260908_v1.1__EXTRACTED/P12_RECONCILIATION_EVIDENCE_FULL_REBUILD_v1.1.md,md,11472,d75e3b0ea87531bc54ed1830c9e6a437e9a36617462453c0ae8637cb8bbf0d89,322
step sync Step P__EXTRACTED/RUMAHAGEN_P12_RECONCILIATION_EVIDENCE_FULL_REBUILD_20260908_v1.1__EXTRACTED/P12_M14_M15_Q01-Q64_SCOPE_LOCK_RECONCILIATION_v1.1.csv,csv,413,e4b98b46db6413d33b450470d8d33dc49c7f4852f3d347d4c9506f9b0089fe58,4
step sync Step P__EXTRACTED/RUMAHAGEN_P12_RECONCILIATION_EVIDENCE_FULL_REBUILD_20260908_v1.1__EXTRACTED/P12_SECOND_FULL_DEEP_SCAN_REPORT_v1.1.md,md,1104,77c392e583172194302dae944b66916977b25db748ca1332eb14ef36cc31a248,26
step sync Step P__EXTRACTED/RUMAHAGEN_P12_RECONCILIATION_EVIDENCE_FULL_REBUILD_20260908_v1.1__EXTRACTED/P12_FINAL_GATE_MATRIX_v1.1.csv,csv,1495,6c8718006055b673cfe8cebf30bfc1ae8db351069a9accf6571703bfca1ffb7c,17
step sync Step P__EXTRACTED/RUMAHAGEN_P12_RECONCILIATION_EVIDENCE_FULL_REBUILD_20260908_v1.1__EXTRACTED/P12_RECURSIVE_SOURCE_DEEP_SCAN_MANIFEST_3507_v1.0.csv,csv,848033,c61759b44b0994c5097a02a2ef98bbf3cba5c9dcbd79a7aeab1a6ad124e4d047,3508
step sync Step P__EXTRACTED/RUMAHAGEN_P12_RECONCILIATION_EVIDENCE_FULL_REBUILD_20260908_v1.1__EXTRACTED/P12_FIRST_FULL_DEEP_SCAN_REPORT_v1.0.md,md,1459,916bb3fb6a8e745f0f137c6d98a78ec9ce08047544be9cfe61c02545f7fa42c7,41
step sync Step P__EXTRACTED/RUMAHAGEN_P12_RECONCILIATION_EVIDENCE_FULL_REBUILD_20260908_v1.1__EXTRACTED/P12_WORK_PACKAGE_DOCUMENTARY_EVIDENCE_MATRIX_62_v1.0.csv,csv,8167,837fb9faf89f8a15d32161bb0f1ff7f7e65ee09401974cdb2be84bb0ac0ba275,63
step sync Step P__EXTRACTED/RUMAHAGEN_P12_RECONCILIATION_EVIDENCE_FULL_REBUILD_20260908_v1.1__EXTRACTED/P12_LOCKED_DECISION_DOCUMENTARY_EVIDENCE_7_v1.0.csv,csv,1045,22d2ee6ce9c8970b81a42ea4e7ff240ab339d26d34ac969d7ea5fea8c2002f51,8
step sync Step P__EXTRACTED/RUMAHAGEN_P12_RECONCILIATION_EVIDENCE_FULL_REBUILD_20260908_v1.1__EXTRACTED/P12_OUTPUT_SHA256_MANIFEST_v1.1.csv,csv,4092,2cf8cabfdf7e953f5340e1d1a10019cade8fd4089f503f25d2b4388f3fa6de6b,35
step sync Step P__EXTRACTED/RUMAHAGEN_P12_RECONCILIATION_EVIDENCE_FULL_REBUILD_20260908_v1.1__EXTRACTED/P12_RECONCILIATION_EVIDENCE_FULL_REBUILD_v1.1.docx,docx,37814,229fef751dda05f15021159175a154c127015d74d7858f48fe19d4d11ac22294,23
step sync Step P__EXTRACTED/RUMAHAGEN_P12_RECONCILIATION_EVIDENCE_FULL_REBUILD_20260908_v1.1__EXTRACTED/P12_FIRST_FULL_DEEP_SCAN_CORRECTION_REPORT_v1.1.md,md,856,4be57cfd1c28fac3b036583aa386ad67e6acbf8546f91bdbf29851cea43fa81a,17
step sync Step P__EXTRACTED/RUMAHAGEN_P12_RECONCILIATION_EVIDENCE_FULL_REBUILD_20260908_v1.1__EXTRACTED/P12_CORE_V1.3_DOCUMENTARY_EVIDENCE_RECONCILIATION_223_v1.0.csv,csv,40543,e4301932dddf96e0506fe16b1814dd265b6a160b7a8c87ea37d2cf87a83a9b13,224
step sync Step P__EXTRACTED/RUMAHAGEN_P12_RECONCILIATION_EVIDENCE_FULL_REBUILD_20260908_v1.1__EXTRACTED/P12_DEPENDENCY_DOCUMENTARY_EVIDENCE_RECONCILIATION_65_v1.0.csv,csv,28335,98398839eda06474d8b01a9eb90ede4d816ad36c9d04bdecf1f851a391869596,66
step sync Step P__EXTRACTED/RUMAHAGEN_P12_RECONCILIATION_EVIDENCE_FULL_REBUILD_20260908_v1.1__EXTRACTED/P12_UI_FLOW_STATE_DOCUMENTARY_EVIDENCE_3_v1.1.csv,csv,418,17971797de5b2e7ca83da0358af466ea6d1599e323d9570a38a39dbdacd7ac4c,4
step sync Step P__EXTRACTED/RUMAHAGEN_P12_RECONCILIATION_EVIDENCE_FULL_REBUILD_20260908_v1.1__EXTRACTED/P12_FINAL_GATE_MATRIX_v1.0.csv,csv,2040,717f612315b56edf2164decf433d1c74a7226dd38dcfdfa042fd2dac3e368064,17
step sync Step P__EXTRACTED/RUMAHAGEN_P12_RECONCILIATION_EVIDENCE_FULL_REBUILD_20260908_v1.1__EXTRACTED/P12_FINDING_REGISTER_v1.1.csv,csv,1559,eb6a77ff12497bd5402323673054c8c44f518b5054c42cd686fddf2e3425c55a,7
step sync Step P__EXTRACTED/RUMAHAGEN_P12_RECONCILIATION_EVIDENCE_FULL_REBUILD_20260908_v1.1__EXTRACTED/P12_REQUIREMENT_OBLIGATION_EVIDENCE_RECONCILIATION_57_v1.0.csv,csv,11926,a287d489b5a8c9c786fe3386d7f3f199086bf8a14f6c82ee35699bd0e85f38b5,58
step sync Step P__EXTRACTED/RUMAHAGEN_P12_RECONCILIATION_EVIDENCE_FULL_REBUILD_20260908_v1.1__EXTRACTED/P12_FINDING_REGISTER_v1.0.csv,csv,1407,1a34e8191a05f95d2243704de26932073e30d60fd382c371e78ef33da78b731f,4
step sync Step P__EXTRACTED/RUMAHAGEN_P12_RECONCILIATION_EVIDENCE_FULL_REBUILD_20260908_v1.1__EXTRACTED/P12_M01-M15_DOCUMENTARY_EVIDENCE_MATRIX_15_v1.0.csv,csv,2974,838c3ec6c52bd0548136c99401879dff498c61925290ff1f3c0282e9aa77fd43,16
step sync Step P__EXTRACTED/RUMAHAGEN_P12_RECONCILIATION_EVIDENCE_FULL_REBUILD_20260908_v1.1__EXTRACTED/P12_M01-M15_SUCCESSOR_DELTA_RECONCILIATION_15_v1.1.csv,csv,3238,f9441c3380d69d1b4e72af626b135a21f3b9d999f2b57dc0a46c550a7aedcd9a,16
step sync Step P__EXTRACTED/RUMAHAGEN_P12_RECONCILIATION_EVIDENCE_FULL_REBUILD_20260908_v1.1__EXTRACTED/P12_SOURCE_UPLOAD_SHA256_MANIFEST_v1.0.csv,csv,1667,f95bad5bccb92d79cb316aed553ca4ac47777e3d31485558d99816cc832d404f,11
step sync Step P__EXTRACTED/RUMAHAGEN_P12_RECONCILIATION_EVIDENCE_FULL_REBUILD_20260908_v1.1__EXTRACTED/P12_CONTROLLED_RESIDUAL_RECONCILIATION_47_v1.0.csv,csv,11158,9ded8f2ca2b47976c0789ed2ed2dae62876f9fc26ddd9fc69927bc4587f4b1eb,48
step sync Step P__EXTRACTED/RUMAHAGEN_P12_RECONCILIATION_EVIDENCE_FULL_REBUILD_20260908_v1.1__EXTRACTED/P12_API_CONTRACT_DOCUMENTARY_EVIDENCE_3_v1.1.csv,csv,538,5063a030069c35fb22761e51a4b0a38140c381ac3bc2c3e78b5809b1403701c0,4
step sync Step P__EXTRACTED/RUMAHAGEN_P12_RECONCILIATION_EVIDENCE_FULL_REBUILD_20260908_v1.1__EXTRACTED/P12_FINAL_GATE_P13_HANDOFF_v1.1.md,md,825,c4c85fc0ae0816e86a6c7bdab7edfd25c6d032196d5d60681b42fee19846e957,23
step sync Step P__EXTRACTED/RUMAHAGEN_P12_RECONCILIATION_EVIDENCE_FULL_REBUILD_20260908_v1.1__EXTRACTED/P12_CLAIM_STRENGTH_AND_EVIDENCE_MATURITY_7_v1.0.csv,csv,548,c5d44bd20587e2c40e50e39048ea907669f51f9812b683fb7d7f1be68b8057c3,8
step sync Step P__EXTRACTED/RUMAHAGEN_P12_RECONCILIATION_EVIDENCE_FULL_REBUILD_20260908_v1.1__EXTRACTED/P12_EVIDENCE_GAP_CLASSIFICATION_4_v1.0.csv,csv,565,4cb525341a6e301f60fd31698a3e2e834743f2ee9d6ec492a0284a1682b4b5bb,5
step sync Step P__EXTRACTED/RUMAHAGEN_P12_RECONCILIATION_EVIDENCE_FULL_REBUILD_20260908_v1.1__EXTRACTED/README_P12_v1.0.md,md,560,963c08f8fa199dbc0a80d83093ec9e9c8be46d8005e6b3d3c734e0220b587ad1,9
step sync Step P__EXTRACTED/RUMAHAGEN_P14_PROJECT_MANIFEST_FULL_REBUILD_v1.2__EXTRACTED/P14_FIRST_DEEP_SCAN.md,md,1045,03695e173c5456b51e94bf54597c0c5bb72d918253c2f00bf3c426d0c5626cf5,26
step sync Step P__EXTRACTED/RUMAHAGEN_P14_PROJECT_MANIFEST_FULL_REBUILD_v1.2__EXTRACTED/P14_PROJECT_MANIFEST_FULL_REBUILD_v1.2.docx,docx,37963,e4466fddc1f9ca2adb9715d180547f7f8198f993d188169097b32269e17200f7,35
step sync Step P__EXTRACTED/RUMAHAGEN_P14_PROJECT_MANIFEST_FULL_REBUILD_v1.2__EXTRACTED/P14_M01-M15_MANIFEST.csv,csv,3969,24174f1834ef500874756faeb91a9b540e2ee9d57bf83c410574ebc080441f0a,16
step sync Step P__EXTRACTED/RUMAHAGEN_P14_PROJECT_MANIFEST_FULL_REBUILD_v1.2__EXTRACTED/README.md,md,1396,fb3f5f6a949002e8463030221c26be29ee859b78daef39de8e2e8f0825515290,39
step sync Step P__EXTRACTED/RUMAHAGEN_P14_PROJECT_MANIFEST_FULL_REBUILD_v1.2__EXTRACTED/P14_MODULE_SUPPORTING_ARTIFACTS.csv,csv,7155,e77d99cae759ca0c1007d47cedc55be68af8b558c40c9ed270bc77ba1e700b16,28
step sync Step P__EXTRACTED/RUMAHAGEN_P14_PROJECT_MANIFEST_FULL_REBUILD_v1.2__EXTRACTED/P14_DUPLICATE_CONTENT_GROUPS.csv,csv,623601,16c442708eb275a6034fa2c4adb57e3f3469fc3962b722b3377107dc73907aa9,2100
step sync Step P__EXTRACTED/RUMAHAGEN_P14_PROJECT_MANIFEST_FULL_REBUILD_v1.2__EXTRACTED/P14_OUTPUT_SHA256_MANIFEST.csv,csv,3046,b47a1fbde31de1c292decc77de48614227b1c8eb28c9a469d7e7cc8f34799182,29
step sync Step P__EXTRACTED/RUMAHAGEN_P14_PROJECT_MANIFEST_FULL_REBUILD_v1.2__EXTRACTED/P14_ARTIFACT_INVENTORY.csv,csv,9011,52eae983b0005262a03fe01a5eefd97674eabda3a5b3acb2648b3b89afc7e4dc,31
step sync Step P__EXTRACTED/RUMAHAGEN_P14_PROJECT_MANIFEST_FULL_REBUILD_v1.2__EXTRACTED/P14_MACHINE_SUMMARY.json,json,1016,1201845b90c444c46958fde65b586f65d95ff4b7c28e3e1c885552cd8c15e9b2,29
step sync Step P__EXTRACTED/RUMAHAGEN_P14_PROJECT_MANIFEST_FULL_REBUILD_v1.2__EXTRACTED/P14_RECURSIVE_SOURCE_INVENTORY.csv,csv,778032,3a1b68e635e80c015ddf104f1cf9112d12015876426658e33301add8b3362f67,2753
step sync Step P__EXTRACTED/RUMAHAGEN_P14_PROJECT_MANIFEST_FULL_REBUILD_v1.2__EXTRACTED/P14_FINDING_REGISTER.csv,csv,2076,5127b904539ff034df6f9d9d095a733eafb2f0f74311cc3dd72746490bcedb37,11
step sync Step P__EXTRACTED/RUMAHAGEN_P14_PROJECT_MANIFEST_FULL_REBUILD_v1.2__EXTRACTED/P14_PROJECT_MANIFEST_FULL_REBUILD_v1.1.docx,docx,37659,3d7dc75905f97590d8b16b15a8e6f1ceedef6321a066e3463be48fc64068371e,21
step sync Step P__EXTRACTED/RUMAHAGEN_P14_PROJECT_MANIFEST_FULL_REBUILD_v1.2__EXTRACTED/P14_M01-M15_OBLIGATION_MANIFEST_57.csv,csv,15538,653461405441596ce8a0656173e3e62104ef57d289078509285e03fe4c5f8c96,58
step sync Step P__EXTRACTED/RUMAHAGEN_P14_PROJECT_MANIFEST_FULL_REBUILD_v1.2__EXTRACTED/P14_SUPERSESSION_REGISTER.csv,csv,1080,c86f0271b3c3d341ba54c1d0e5515ab8f1bdbb89dc49412f6591da6dbad541cb,14
step sync Step P__EXTRACTED/RUMAHAGEN_P14_PROJECT_MANIFEST_FULL_REBUILD_v1.2__EXTRACTED/P14_CONTROLLED_RESIDUAL_MANIFEST_47.csv,csv,4524,d95d9236869d63df4d9f1eaba4d46e39434f2fec847c8041f59f417a492aff98,48
step sync Step P__EXTRACTED/RUMAHAGEN_P14_PROJECT_MANIFEST_FULL_REBUILD_v1.2__EXTRACTED/P14_LOCKED_DECISION_MANIFEST_7.csv,csv,1600,a31937d7711e6fa6657ddbf0c4b8301905f7eb636ddd76f60a35eaaf5a48187c,8
step sync Step P__EXTRACTED/RUMAHAGEN_P14_PROJECT_MANIFEST_FULL_REBUILD_v1.2__EXTRACTED/P14_CORE_INTERNAL_PROJECT_MANIFEST_RECONCILIATION.csv,csv,397,210ab9ea6496af365567a526f6564f5589d05af1f6d9b939b2c59947f46724bc,2
step sync Step P__EXTRACTED/RUMAHAGEN_P14_PROJECT_MANIFEST_FULL_REBUILD_v1.2__EXTRACTED/P14_CORE_IP_00-16_MANIFEST.csv,csv,6265,e59a6d6fc7593b2dd04326bcb5f1a8b442853edb67a329ae190bf1be1b0d8a85,18
step sync Step P__EXTRACTED/RUMAHAGEN_P14_PROJECT_MANIFEST_FULL_REBUILD_v1.2__EXTRACTED/P14_CORE_223_CONTINUITY_MANIFEST.csv,csv,58522,e046185b4c852d9de63a49cec4e404daa6c5fe47aec39d4f9b44eba72d85f27a,224
step sync Step P__EXTRACTED/RUMAHAGEN_P14_PROJECT_MANIFEST_FULL_REBUILD_v1.2__EXTRACTED/P14_M01-M15_DEPENDENCY_MANIFEST_65.csv,csv,4970,68885bbb1a5ca965f62101823586c43fb6cdb5f9f3dbaf06c588f706bcb75574,66
step sync Step P__EXTRACTED/RUMAHAGEN_P14_PROJECT_MANIFEST_FULL_REBUILD_v1.2__EXTRACTED/P14_PROVENANCE_MANIFEST.csv,csv,3298,69f1252e4d4ef1ff786117307b0e5748936be858a67e0ecc56257a6c5608699f,18
step sync Step P__EXTRACTED/RUMAHAGEN_P14_PROJECT_MANIFEST_FULL_REBUILD_v1.2__EXTRACTED/P14_M01-M15_PRIMARY_MANIFEST.csv,csv,4114,81103a8721ce976c1987f7a32c58f7fc7f99978625039d08ab7e187182aa8d99,16
step sync Step P__EXTRACTED/RUMAHAGEN_P14_PROJECT_MANIFEST_FULL_REBUILD_v1.2__EXTRACTED/P14_P1-P13_COVERAGE.csv,csv,323,6481db4408edd01b09a48a285aa2ad9cf100ffcbcff8fbbac3846c2061d40237,14
step sync Step P__EXTRACTED/RUMAHAGEN_P14_PROJECT_MANIFEST_FULL_REBUILD_v1.2__EXTRACTED/P14_SCOPE_GAP_CHECK.csv,csv,1107,1dfa5238561c6cf50066cdeb6f817580ff3168bf8e692f844932af6b920e9e47,12
step sync Step P__EXTRACTED/RUMAHAGEN_P14_PROJECT_MANIFEST_FULL_REBUILD_v1.2__EXTRACTED/P14_SECOND_DEEP_SCAN.md,md,888,7a237782f20b9abaf79257f2003a636ace65fe9219f02408d6dcf8d8834dedf5,32
step sync Step P__EXTRACTED/RUMAHAGEN_P14_PROJECT_MANIFEST_FULL_REBUILD_v1.2__EXTRACTED/P14_CORE_V1.3_MANIFEST.csv,csv,10452,efc0ad6ea49a72e5ffd7dfadd89cea7c59dbbc071ad6a7041658a7de5ac48ef0,46
step sync Step P__EXTRACTED/RUMAHAGEN_P14_PROJECT_MANIFEST_FULL_REBUILD_v1.2__EXTRACTED/P14_P13_DECISION_COVERAGE_64.csv,csv,44673,b60b5029c39a0ab83a175238ceb15b5b6d586fa382a69fdf92d8a1338dc6e242,65
step sync Step P__EXTRACTED/RUMAHAGEN_P14_PROJECT_MANIFEST_FULL_REBUILD_v1.2__EXTRACTED/P14_FINAL_GATE.md,md,879,cf25c4c8edc724977b6f09fa898b12ca09c7bc005e53f0381f7155b8f5f5e4d3,24
step sync Step P__EXTRACTED/RUMAHAGEN_P7_FOCUSED_EXECUTION_PACK_M08-M15_FULL_REBUILD_20260908_v1.1__EXTRACTED/P7_SECOND_FULL_DEEP_SCAN_REPORT_v1.1.md,md,360,aacabef49b14b6d0dbc050b8a2e4040df64b165b858d57d79cda14817ae0e5f4,3
step sync Step P__EXTRACTED/RUMAHAGEN_P7_FOCUSED_EXECUTION_PACK_M08-M15_FULL_REBUILD_20260908_v1.1__EXTRACTED/M10_FOCUSED_EXECUTION_PACK_v1.1_FULL_REBUILD.md,md,7126,888a9ac44f5aa5b24106a0ad7f6fd62c31ce2858f250a1dfb55ab403c9cba339,92
step sync Step P__EXTRACTED/RUMAHAGEN_P7_FOCUSED_EXECUTION_PACK_M08-M15_FULL_REBUILD_20260908_v1.1__EXTRACTED/M08_FOCUSED_EXECUTION_PACK_v1.1_FULL_REBUILD.md,md,7235,3fbfd02d885f8feb513edc9600895dda61b6617aca3870e888d9f97f9bf8e03b,95
step sync Step P__EXTRACTED/RUMAHAGEN_P7_FOCUSED_EXECUTION_PACK_M08-M15_FULL_REBUILD_20260908_v1.1__EXTRACTED/M14_FOCUSED_EXECUTION_PACK_v1.1_FULL_REBUILD.md,md,8071,f83951cfeef74990c5906d05c29740942bfee9a75d5ba3c12eb4648612367e98,103
step sync Step P__EXTRACTED/RUMAHAGEN_P7_FOCUSED_EXECUTION_PACK_M08-M15_FULL_REBUILD_20260908_v1.1__EXTRACTED/M13_FOCUSED_EXECUTION_PACK_v1.1_FULL_REBUILD.md,md,4485,945f73094f3da4087846835f79444eb4ada2636a20ffa61348490fe8ff0c1f39,56
step sync Step P__EXTRACTED/RUMAHAGEN_P7_FOCUSED_EXECUTION_PACK_M08-M15_FULL_REBUILD_20260908_v1.1__EXTRACTED/P7_SHA256_MANIFEST_v1.1.csv,csv,2256,2bc4c54a087dc967c7dd048de3201bb319cacef4fbddf198ea067d1e757d0e18,20
step sync Step P__EXTRACTED/RUMAHAGEN_P7_FOCUSED_EXECUTION_PACK_M08-M15_FULL_REBUILD_20260908_v1.1__EXTRACTED/P7_INPUT_RECURSIVE_DEEP_SCAN_INVENTORY_v1.1.md,md,100,2497305be78e825635d6729642387f663702dea85ae01603408654fe3abaee03,1
step sync Step P__EXTRACTED/RUMAHAGEN_P7_FOCUSED_EXECUTION_PACK_M08-M15_FULL_REBUILD_20260908_v1.1__EXTRACTED/P7_ACCEPTANCE_GATE_MATRIX_v1.1.csv,csv,348,c3376dde2929e7145287344379ce9a55e50b98a8357acbd3c6f1a8820954aee9,9
step sync Step P__EXTRACTED/RUMAHAGEN_P7_FOCUSED_EXECUTION_PACK_M08-M15_FULL_REBUILD_20260908_v1.1__EXTRACTED/P7_FIRST_FULL_DEEP_SCAN_REPORT_v1.1.md,md,341,eaf4dc25f7b0b426d246aba91a03585391f2378ca2aaa56f330500e47a6a5f21,3
step sync Step P__EXTRACTED/RUMAHAGEN_P7_FOCUSED_EXECUTION_PACK_M08-M15_FULL_REBUILD_20260908_v1.1__EXTRACTED/P7_M08-M15_CHANGE_OBLIGATION_TO_EXECUTION_TRACEABILITY_v1.1.csv,csv,11287,48217b55b3acba5b3b9090527dcdc3161489415d73334ab1e4aa10748673670c,29
step sync Step P__EXTRACTED/RUMAHAGEN_P7_FOCUSED_EXECUTION_PACK_M08-M15_FULL_REBUILD_20260908_v1.1__EXTRACTED/P7_CORE_CONTROLLED_NO_PROPAGATION_REGISTER_v1.1.csv,csv,1853,6de72b4573d7692a5508b9a511fcb592da5a02aee6a577232938a9fcfb3dc82f,18
step sync Step P__EXTRACTED/RUMAHAGEN_P7_FOCUSED_EXECUTION_PACK_M08-M15_FULL_REBUILD_20260908_v1.1__EXTRACTED/M15_FOCUSED_EXECUTION_PACK_v1.1_FULL_REBUILD.md,md,8251,5f3f9e8658e1f00f236f7f5c062c99dd7857dd285a313a4c6b1f48c5804166a1,108
step sync Step P__EXTRACTED/RUMAHAGEN_P7_FOCUSED_EXECUTION_PACK_M08-M15_FULL_REBUILD_20260908_v1.1__EXTRACTED/M11_FOCUSED_EXECUTION_PACK_v1.1_FULL_REBUILD.md,md,5901,5d08a112801c8d2d21c1813f809d71f9547bdb26e09b32b82472873081411704,74
step sync Step P__EXTRACTED/RUMAHAGEN_P7_FOCUSED_EXECUTION_PACK_M08-M15_FULL_REBUILD_20260908_v1.1__EXTRACTED/P7_WORK_PACKAGE_EXECUTION_MATRIX_M08-M15_v1.1.csv,csv,5058,51afff254682776b1d4a7c593f26415e85bf1ff8244a8a35120f34686cb1ee5d,33
step sync Step P__EXTRACTED/RUMAHAGEN_P7_FOCUSED_EXECUTION_PACK_M08-M15_FULL_REBUILD_20260908_v1.1__EXTRACTED/M09_FOCUSED_EXECUTION_PACK_v1.1_FULL_REBUILD.md,md,4641,246a729a8ad4d674d614258ec6287969db67631719167a192f277d2257f4e374,61
step sync Step P__EXTRACTED/RUMAHAGEN_P7_FOCUSED_EXECUTION_PACK_M08-M15_FULL_REBUILD_20260908_v1.1__EXTRACTED/P7_FOCUSED_EXECUTION_PACK_M08-M15_FULL_REBUILD_v1.1.docx,docx,36983,c64f457671f7914b59b1cc29f084c2a8d8cbc38e3cb86a66d75d8725cef71d8c,7
step sync Step P__EXTRACTED/RUMAHAGEN_P7_FOCUSED_EXECUTION_PACK_M08-M15_FULL_REBUILD_20260908_v1.1__EXTRACTED/README_P7_v1.1.md,md,138,2ef79622556cc69e39dab5f94430821014641302c532d45980d257033848715b,1
step sync Step P__EXTRACTED/RUMAHAGEN_P7_FOCUSED_EXECUTION_PACK_M08-M15_FULL_REBUILD_20260908_v1.1__EXTRACTED/P7_FOCUSED_EXECUTION_PACK_M08-M15_FULL_REBUILD_v1.1.md,md,1008,ca686c21e07506db824d6e600848c9b2f0ca74a999e3cd8e6cf2bd6d463073b1,21
step sync Step P__EXTRACTED/RUMAHAGEN_P7_FOCUSED_EXECUTION_PACK_M08-M15_FULL_REBUILD_20260908_v1.1__EXTRACTED/M12_FOCUSED_EXECUTION_PACK_v1.1_FULL_REBUILD.md,md,5430,da3706517c15a713c378db797786efddbf9c3b54891615d1c5afbf29c69e7ee1,71
step sync Step P__EXTRACTED/RUMAHAGEN_P7_FOCUSED_EXECUTION_PACK_M08-M15_FULL_REBUILD_20260908_v1.1__EXTRACTED/P7_CORE_V1.3_SCOPE_TRACEABILITY_M08-M15_v1.1.csv,csv,52111,36a42a916fcb6e9c8ae457c73a2f7ece713658378fbe30a43170377a893f648e,108
step sync Step P__EXTRACTED/RUMAHAGEN_P10_AI_DEVELOPMENT_BLUEPRINT_FULL_REBUILD_20260908_v1.2__EXTRACTED/P10_CORE_6.31_OPERATIONAL_CONTROL_TRACEABILITY_v1.2.csv,csv,614,0377b621f36a62d1271efa6f4929a1ab8146f67c20c5bbb9a772164922f35e35,15
step sync Step P__EXTRACTED/RUMAHAGEN_P10_AI_DEVELOPMENT_BLUEPRINT_FULL_REBUILD_20260908_v1.2__EXTRACTED/P10_AI_DEVELOPMENT_BLUEPRINT_FULL_REBUILD_v1.2.md,md,3578,e08e50be855cf65b37ec1af513a3b3b1f83225066b12fcfe02f260352a0a51e8,59
step sync Step P__EXTRACTED/RUMAHAGEN_P10_AI_DEVELOPMENT_BLUEPRINT_FULL_REBUILD_20260908_v1.2__EXTRACTED/P10_WORK_PACKAGE_AI_HANDOFF_62_v1.2.csv,csv,9151,0e712b20ed0ba139ac38790c4d7c80129fd00e65aa387f1dd4ebeec31d6c7cd8,63
step sync Step P__EXTRACTED/RUMAHAGEN_P10_AI_DEVELOPMENT_BLUEPRINT_FULL_REBUILD_20260908_v1.2__EXTRACTED/P10_SOURCE_UPLOAD_SHA256_MANIFEST_v1.2.csv,csv,1268,7dadf66a059d2077cc1e2471551b8f384a2fd3ba46fd95ca5203864667a1d22d,10
step sync Step P__EXTRACTED/RUMAHAGEN_P10_AI_DEVELOPMENT_BLUEPRINT_FULL_REBUILD_20260908_v1.2__EXTRACTED/P10_CORE_V1.3_SCOPE_PRESERVATION_AUDIT_v1.2.csv,csv,259,6ca71a24efeba41ed4023dbcee5e26146b89dd661a6008bb721301cbc4b812d0,8
step sync Step P__EXTRACTED/RUMAHAGEN_P10_AI_DEVELOPMENT_BLUEPRINT_FULL_REBUILD_20260908_v1.2__EXTRACTED/P10_AI_DEVELOPMENT_BLUEPRINT_FULL_REBUILD_v1.2.docx,docx,38600,288aaf878fd51df3b52a92905176f6e1ff5b13a6ab65de0a441f6bbed487a5aa,45
step sync Step P__EXTRACTED/RUMAHAGEN_P10_AI_DEVELOPMENT_BLUEPRINT_FULL_REBUILD_20260908_v1.2__EXTRACTED/P10_FIRST_POST_CORRECTION_DEEP_SCAN_v1.2.md,md,401,17b1666c4b12a240d6e4e0de83adb96ac4aa219d09406aeafe389b6f5a2fc1f4,7
step sync Step P__EXTRACTED/RUMAHAGEN_P10_AI_DEVELOPMENT_BLUEPRINT_FULL_REBUILD_20260908_v1.2__EXTRACTED/P10_SHA256_MANIFEST_v1.2.csv,csv,1840,ca568b2ab8c80f5996828d9b86e94b72aafcfe24d06f7a307fce4040596b6e8a,17
step sync Step P__EXTRACTED/RUMAHAGEN_P10_AI_DEVELOPMENT_BLUEPRINT_FULL_REBUILD_20260908_v1.2__EXTRACTED/P10_CORE_6.31_SECTION_COVERAGE_AUDIT_v1.2.csv,csv,5796,ef2b6e6638b9993613af40f6c961da5b8773b204536e5597e9183d1a12ab01c1,35
step sync Step P__EXTRACTED/RUMAHAGEN_P10_AI_DEVELOPMENT_BLUEPRINT_FULL_REBUILD_20260908_v1.2__EXTRACTED/P10_P9_ENGINEERING_OBLIGATION_AI_TRACEABILITY_v1.2.csv,csv,4138,df0779fe039249b1b6c80e69284d334f53164ab2dc6db20a4c415d2a14344f1f,16
step sync Step P__EXTRACTED/RUMAHAGEN_P10_AI_DEVELOPMENT_BLUEPRINT_FULL_REBUILD_20260908_v1.2__EXTRACTED/README_P10_v1.2.md,md,657,57fee79ac49466c87c2f7350a078a4ca26533ae3a3d4d289921d5aa08fb4739e,18
step sync Step P__EXTRACTED/RUMAHAGEN_P10_AI_DEVELOPMENT_BLUEPRINT_FULL_REBUILD_20260908_v1.2__EXTRACTED/P10_STOP_RULES_EXPLICIT_v1.2.csv,csv,1041,8f979350eca9bb5c1c2ed0896d7bd20f120ce82f2aaf790fcd816c6e608b9988,11
step sync Step P__EXTRACTED/RUMAHAGEN_P10_AI_DEVELOPMENT_BLUEPRINT_FULL_REBUILD_20260908_v1.2__EXTRACTED/P10_SECOND_POST_CORRECTION_DEEP_SCAN_v1.2.md,md,458,8156f76e4a701b019f263e49b2fd212c969df9a67fcf0acfe7510475b0013ac9,7
step sync Step P__EXTRACTED/RUMAHAGEN_P10_AI_DEVELOPMENT_BLUEPRINT_FULL_REBUILD_20260908_v1.2__EXTRACTED/P10_EXECUTION_TREE_LOCK_v1.2.csv,csv,1256,eaba92d7a207508b20c7828a1c9396da4622ecee4af79be3348d16710e6ab033,20
step sync Step P__EXTRACTED/RUMAHAGEN_P10_AI_DEVELOPMENT_BLUEPRINT_FULL_REBUILD_20260908_v1.2__EXTRACTED/P10_CONTROLLED_RESIDUAL_CARRY_FORWARD_47_v1.2.csv,csv,5297,271b98ac3037ed7fd2ec5c864143ea11e21667672e466d79a198c3c468d798f7,48
step sync Step P__EXTRACTED/RUMAHAGEN_P10_AI_DEVELOPMENT_BLUEPRINT_FULL_REBUILD_20260908_v1.2__EXTRACTED/P10_FINDING_REGISTER_v1.2.csv,csv,1347,8d4c99e06bce98591cb59f7e740261910310b8f475882ea372da706de1a4d498,7
step sync Step P__EXTRACTED/RUMAHAGEN_P10_AI_DEVELOPMENT_BLUEPRINT_FULL_REBUILD_20260908_v1.2__EXTRACTED/P10_M01-M15_AI_CONTEXT_ALIGNMENT_v1.2.csv,csv,2773,74010f86cba86a095d056d354fb557afacc922c82fba8778385d06e7fdbab633,16
step sync Step P__EXTRACTED/RUMAHAGEN_P2_MODULE_IMPLEMENTATION_STRATEGY_FULL_REBUILD_20260907_v1.2__EXTRACTED/P2_ADDITIONAL_SOURCE_IMPACT_TRACEABILITY_v1.2.csv,csv,2720,9907b75a2ebf0fbb1921e45b508b7c49ab2140ae9e356313c58bf33b8a5ea358,28
step sync Step P__EXTRACTED/RUMAHAGEN_P2_MODULE_IMPLEMENTATION_STRATEGY_FULL_REBUILD_20260907_v1.2__EXTRACTED/P2_M01-M15_REQUIRED_CHANGE_COVERAGE_MATRIX_v1.2.csv,csv,36126,b4f1f4af7ba49ace48eabf045d9f5b17d544b53e0fc69cd8b083d19b7b638bd1,88
step sync Step P__EXTRACTED/RUMAHAGEN_P2_MODULE_IMPLEMENTATION_STRATEGY_FULL_REBUILD_20260907_v1.2__EXTRACTED/P2_CORE_IMPLEMENTATION_STRATEGY_OBLIGATION_COVERAGE_v1.2.csv,csv,2879,cebbdd35922bff9e81b1ddf577758ed75388980a21636d92341965f751c4db77,22
step sync Step P__EXTRACTED/RUMAHAGEN_P2_MODULE_IMPLEMENTATION_STRATEGY_FULL_REBUILD_20260907_v1.2__EXTRACTED/P2_AUTHORITY_BOUNDARY_STRATEGY_v1.2.csv,csv,2565,b2f2acee8c4f4ae3a7ff8b26a531511ecc554ac8de44a283a7148200441e625f,16
step sync Step P__EXTRACTED/RUMAHAGEN_P2_MODULE_IMPLEMENTATION_STRATEGY_FULL_REBUILD_20260907_v1.2__EXTRACTED/P2_DEPENDENCY_IMPLEMENTATION_STRATEGY_v1.2.csv,csv,10217,0c80a71e9369e5b90540b9c9465c3eed1ff15c94892b20c7f90124066532dc37,66
step sync Step P__EXTRACTED/RUMAHAGEN_P2_MODULE_IMPLEMENTATION_STRATEGY_FULL_REBUILD_20260907_v1.2__EXTRACTED/P2_MODULE_IMPLEMENTATION_STRATEGY_FULL_REBUILD_20260907_v1.2.md,md,2857,98c626104c2e5bd72be6987253257feb0cf5561647120c3c2ddb1950e589305b,47
step sync Step P__EXTRACTED/RUMAHAGEN_P2_MODULE_IMPLEMENTATION_STRATEGY_FULL_REBUILD_20260907_v1.2__EXTRACTED/P2_IMPLEMENTATION_LAYER_STRATEGY_v1.2.csv,csv,532,056c6cde46732c959d830d686086af3b2d344614850c20f825af5b7381c44422,7
step sync Step P__EXTRACTED/RUMAHAGEN_P2_MODULE_IMPLEMENTATION_STRATEGY_FULL_REBUILD_20260907_v1.2__EXTRACTED/P2_CORE_IMPLEMENTATION_PACKAGE_COVERAGE_v1.2.csv,csv,1566,0b2590ef69570eef5d616401ca8ada9606fecad14ab1641aecafa83811156e0d,18
step sync Step P__EXTRACTED/RUMAHAGEN_P2_MODULE_IMPLEMENTATION_STRATEGY_FULL_REBUILD_20260907_v1.2__EXTRACTED/P2_MODULE_IMPLEMENTATION_STRATEGY_FULL_REBUILD_20260907_v1.2.docx,docx,37258,5964bf0939e5fe98ab70d821d539ea8597d68f353f953451ee420268e24884e0,16
step sync Step P__EXTRACTED/RUMAHAGEN_P2_MODULE_IMPLEMENTATION_STRATEGY_FULL_REBUILD_20260907_v1.2__EXTRACTED/P2_FINAL_POST_CORRECTION_DEEP_SCAN_v1.2.csv,csv,2231,83382f261acadfc4ac51ad980d2d04383879f3c6bf61f8c546e3621d42f2c512,12
step sync Step P__EXTRACTED/RUMAHAGEN_P2_MODULE_IMPLEMENTATION_STRATEGY_FULL_REBUILD_20260907_v1.2__EXTRACTED/P2_FINAL_POST_CORRECTION_DEEP_SCAN_REVALIDATION_v1.2.md,md,949,2eea7bc64812c0d737fd34f0c460fdf0b39e48abcb9285c77af04c03dcd070f0,17
step sync Step P__EXTRACTED/RUMAHAGEN_P2_MODULE_IMPLEMENTATION_STRATEGY_FULL_REBUILD_20260907_v1.2__EXTRACTED/P2_FINDING_CORRECTION_REGISTER_v1.2.csv,csv,478,e630fe21ea1434efca4f0c753a2dcde2798cfbaaa47077dd4680b6af897e564b,5
step sync Step P__EXTRACTED/RUMAHAGEN_P2_MODULE_IMPLEMENTATION_STRATEGY_FULL_REBUILD_20260907_v1.2__EXTRACTED/P2_FULL_RECURSIVE_DEEP_SCAN_INVENTORY_v1.2.csv,csv,913532,cc4947bff9ef52ada65423a669158b1c4e0642653fcc56266329451efae4c405,3295
step sync Step P__EXTRACTED/RUMAHAGEN_P3_REVISED_MODULE_PLANNING_FULL_REBUILD_20260907_v1.1__EXTRACTED/P3_M01-M15_DETAILED_CHANGE_OBLIGATION_MATRIX_v1.1.csv,csv,10612,22353d45f98a0ccdf9a1e64879eed330d6aba404d21d6225becd73acad7c2075,58
step sync Step P__EXTRACTED/RUMAHAGEN_P3_REVISED_MODULE_PLANNING_FULL_REBUILD_20260907_v1.1__EXTRACTED/P3_REVISED_MODULE_PLANNING_FULL_REBUILD_20260907_v1.1.md,md,8911,b6fbe6e86aedb2b5426fe66b9b6e98f1bd5406810b61673b77d55ff724e29f48,197
step sync Step P__EXTRACTED/RUMAHAGEN_P3_REVISED_MODULE_PLANNING_FULL_REBUILD_20260907_v1.1__EXTRACTED/P3_FINAL_PACKAGE_CONTENT_DEEP_SCAN_v1.1.md,md,952,9e9cba49b0ef9a6d007f2c48950234b321f4eeb1dcc2e60b36124d827d2f7933,22
step sync Step P__EXTRACTED/RUMAHAGEN_P3_REVISED_MODULE_PLANNING_FULL_REBUILD_20260907_v1.1__EXTRACTED/P3_PARALLELISM_BLOCKING_MATRIX_v1.1.csv,csv,598,90a2633389c4a2bfc697e6c04bcb085dc54e6cca9228e907206e3d853d565a5e,11
step sync Step P__EXTRACTED/RUMAHAGEN_P3_REVISED_MODULE_PLANNING_FULL_REBUILD_20260907_v1.1__EXTRACTED/P3_MODULE_WORK_PACKAGE_MATRIX_v1.1.csv,csv,3049,0a7103b630c0c09aab51a62ac9872717660b532841ae8b0525549744cbad1679,61
step sync Step P__EXTRACTED/RUMAHAGEN_P3_REVISED_MODULE_PLANNING_FULL_REBUILD_20260907_v1.1__EXTRACTED/P3_SHA256_MANIFEST_v1.1.csv,csv,1623,501c680b229fa8d2f9593984ace9d2cb5cb11d83e2294c8cb56513eb02c28970,15
step sync Step P__EXTRACTED/RUMAHAGEN_P3_REVISED_MODULE_PLANNING_FULL_REBUILD_20260907_v1.1__EXTRACTED/P3_REVISED_MASTER_MODULE_PLAN_v1.1.csv,csv,1249,7a9937693dba1db7ac54e373a7f178967d3f8b353bb95e8c3f005f501cc9e043,16
step sync Step P__EXTRACTED/RUMAHAGEN_P3_REVISED_MODULE_PLANNING_FULL_REBUILD_20260907_v1.1__EXTRACTED/P3_CROSS_LAYER_PLANNING_MATRIX_v1.1.csv,csv,13394,f07fd7b531efd11cd70e7541127b6520d3a459618068ea21e2f4965b032ec688,136
step sync Step P__EXTRACTED/RUMAHAGEN_P3_REVISED_MODULE_PLANNING_FULL_REBUILD_20260907_v1.1__EXTRACTED/P3_CONTROLLED_RESIDUAL_REGISTER_v1.1.csv,csv,1123,66c0d314ac0e0e4665ee3b2346bca74a3e79d2287dfdd1f1c83581dacf4c4acb,9
step sync Step P__EXTRACTED/RUMAHAGEN_P3_REVISED_MODULE_PLANNING_FULL_REBUILD_20260907_v1.1__EXTRACTED/P3_REVISED_MODULE_PLANNING_FULL_REBUILD_20260907_v1.1.docx,docx,38434,9eb5d4995307c3556836a3c853612f9405ccdb453922b3dd4ae7a88d5af098a0,43
step sync Step P__EXTRACTED/RUMAHAGEN_P3_REVISED_MODULE_PLANNING_FULL_REBUILD_20260907_v1.1__EXTRACTED/P3_DEPENDENCY_ORDERED_PLANNING_v1.1.csv,csv,481,82d37cf002850cf766371189d4625b8fd08a8d96aedacc1d89aa6284dd4019fb,7
step sync Step P__EXTRACTED/RUMAHAGEN_P3_REVISED_MODULE_PLANNING_FULL_REBUILD_20260907_v1.1__EXTRACTED/P3_CORE_V1.3_DETAILED_SCOPE_TO_PLAN_TRACEABILITY_v1.1.csv,csv,1980,13da55015a073d78a272f6eacdbcc1dfe4d7975307dd3676a242f81de4d28e94,18
step sync Step P__EXTRACTED/RUMAHAGEN_P3_REVISED_MODULE_PLANNING_FULL_REBUILD_20260907_v1.1__EXTRACTED/P3_AUTHORITY_OWNERSHIP_PLANNING_MATRIX_v1.1.csv,csv,1619,fb4414241512603d42afe1208e8b174c84b5b9bdf9002efffe1308be5b3363da,16
step sync Step P__EXTRACTED/RUMAHAGEN_P3_REVISED_MODULE_PLANNING_FULL_REBUILD_20260907_v1.1__EXTRACTED/README_P3_v1.1.md,md,575,82244752c1692bdc749a64024db8bb33dfd28894959d3a632332636cac3670c6,10
step sync Step P__EXTRACTED/RUMAHAGEN_P3_REVISED_MODULE_PLANNING_FULL_REBUILD_20260907_v1.1__EXTRACTED/P3_RECURSIVE_DEEP_SCAN_INPUT_INVENTORY_v1.1.csv,csv,164,f6547617bb494cb08ee2db0f57b871464eff98cad0489cd1a9a637904dc116f5,6
step sync Step P__EXTRACTED/RUMAHAGEN_P3_REVISED_MODULE_PLANNING_FULL_REBUILD_20260907_v1.1__EXTRACTED/P3_FINDING_CORRECTION_REGISTER_v1.1.csv,csv,2255,1817bb3f9acc9fc19ac6ac05eeb811bae3d1a9688ffc3e7393b4f8b02608fca8,11
step sync Step P__EXTRACTED/RUMAHAGEN_P13_DECISION_CHANGE_LOG_FULL_REBUILD_v1.2__EXTRACTED/P13_M01-M15_OBLIGATION_DECISION_COVERAGE.csv,csv,7626,d05447e0ac2fb4c8f36f24f5b39559d4e3e3b18af8adbde3c94fab72f8028e6b,58
step sync Step P__EXTRACTED/RUMAHAGEN_P13_DECISION_CHANGE_LOG_FULL_REBUILD_v1.2__EXTRACTED/P13_DECISION_TO_CHANGE_TRACEABILITY.csv,csv,13567,9f1463e1a7041afd037c14d4ce232787551bbb5cf7973ef58b29d2ce51a32e4e,65
step sync Step P__EXTRACTED/RUMAHAGEN_P13_DECISION_CHANGE_LOG_FULL_REBUILD_v1.2__EXTRACTED/P13_P1-P12_DECISION_COVERAGE_MATRIX.csv,csv,1175,d3986c2f4c24e5688a917563df08f8e9495b6db7300bdd04606ebb9705ef1b4a,13
step sync Step P__EXTRACTED/RUMAHAGEN_P13_DECISION_CHANGE_LOG_FULL_REBUILD_v1.2__EXTRACTED/README.md,md,1207,71ed86077b53214dca3bd5a2713405db470d881b300a6e049dd75b05505599a5,22
step sync Step P__EXTRACTED/RUMAHAGEN_P13_DECISION_CHANGE_LOG_FULL_REBUILD_v1.2__EXTRACTED/P13_SECOND_DEEP_SCAN.md,md,957,72f3955b4a0ec83ef9f373ac1b902bc03ef76c9d019db5e7547977a98f4ba4c9,19
step sync Step P__EXTRACTED/RUMAHAGEN_P13_DECISION_CHANGE_LOG_FULL_REBUILD_v1.2__EXTRACTED/P13_PROVENANCE_MANIFEST.csv,csv,1949,447e27921491c0b86bf4329ee01522256a2da7434913db2cb5a6f3dbd3a65e1a,12
step sync Step P__EXTRACTED/RUMAHAGEN_P13_DECISION_CHANGE_LOG_FULL_REBUILD_v1.2__EXTRACTED/P13_DECISION_LOG_FULL_REBUILD.docx,docx,38381,1b8d007a68f43f81e800a23589a55a19b8000b26cc46381129c7a646d122891f,71
step sync Step P__EXTRACTED/RUMAHAGEN_P13_DECISION_CHANGE_LOG_FULL_REBUILD_v1.2__EXTRACTED/P13_FINAL_GATE.md,md,1123,c57f7d310fe80de0494d1c5a568d441878f9ccfd955c3fc39dea90041b1c9f4c,25
step sync Step P__EXTRACTED/RUMAHAGEN_P13_DECISION_CHANGE_LOG_FULL_REBUILD_v1.2__EXTRACTED/P13_CORE_V1.3_DECISION_PRESERVATION.csv,csv,4640,bd07398ac22ca2e0a6de49ca278612bd799ca6bfcf85adb33ca0b27d09d7006b,18
step sync Step P__EXTRACTED/RUMAHAGEN_P13_DECISION_CHANGE_LOG_FULL_REBUILD_v1.2__EXTRACTED/P13_CORE_V1.3_P13_SCOPE_GAP_CHECK.csv,csv,684,db0cf88de53349ba0b8c52d5084fa2941534e0537d77e9be19f0588ab6a70687,5
step sync Step P__EXTRACTED/RUMAHAGEN_P13_DECISION_CHANGE_LOG_FULL_REBUILD_v1.2__EXTRACTED/P13_OUTPUT_SHA256_MANIFEST.csv,csv,1755,90ff6b656d85c13abe16377149be40b2f7e73256f5887a652aaf4dcffef10e0c,18
step sync Step P__EXTRACTED/RUMAHAGEN_P13_DECISION_CHANGE_LOG_FULL_REBUILD_v1.2__EXTRACTED/P13_FINDING_REGISTER.csv,csv,1351,fdf45753c2702ec1a121be1895f530f215082edfa2f3bdc9e165c4432374f5a5,8
step sync Step P__EXTRACTED/RUMAHAGEN_P13_DECISION_CHANGE_LOG_FULL_REBUILD_v1.2__EXTRACTED/P13_M01-M15_DECISION_RECONCILIATION.csv,csv,1874,c5428af4dc441b46966a499d326265faf9c8eb3a88470d1b30ccd9df8e2ffdeb,16
step sync Step P__EXTRACTED/RUMAHAGEN_P13_DECISION_CHANGE_LOG_FULL_REBUILD_v1.2__EXTRACTED/P13_CHANGE_LOG.csv,csv,3379,2547cb6020fb56181e6284c6a0aa5d2ba5f4bd39c2e0b7ed64d3ed97a7a9f1b0,14
step sync Step P__EXTRACTED/RUMAHAGEN_P13_DECISION_CHANGE_LOG_FULL_REBUILD_v1.2__EXTRACTED/P13_DECISION_REGISTER.csv,csv,37218,d1bdf8756485e06c7d78ed6b6fd4198daf0ed7fe23577b700881be219b9a0882,65
step sync Step P__EXTRACTED/RUMAHAGEN_P13_DECISION_CHANGE_LOG_FULL_REBUILD_v1.2__EXTRACTED/P13_SUPERSESSION_REGISTER.csv,csv,885,47925f9dcc46ad17a7c58d167002f844441d094632a42f7b6ddf5014bc00f510,13
step sync Step P__EXTRACTED/RUMAHAGEN_P13_DECISION_CHANGE_LOG_FULL_REBUILD_v1.2__EXTRACTED/P13_FIRST_DEEP_SCAN.md,md,749,c6379e81a423af2eb921b5b689c427a1be967013a24a4ae1e2b16efb1d452e69,13
step sync Step P__EXTRACTED/RUMAHAGEN_P13_DECISION_CHANGE_LOG_FULL_REBUILD_v1.2__EXTRACTED/P13_CONTROLLED_DECISION_RESIDUAL_REGISTER.csv,csv,4575,43f165b9b0e60dff0e75181f82071f5f22775f2e6755ad235f1cad404315e11d,48
step sync Step P__EXTRACTED/RUMAHAGEN_P6_FOCUSED_EXECUTION_PACK_M01-M07_FULL_REBUILD_20260908_v1.2__EXTRACTED/M05_FOCUSED_EXECUTION_PACK_v1.2_FULL_REBUILD.md,md,1515,56c4d310648a5e3e7e6b380c27ca7abcdcc147209c5bc6e24cd4526e6c9407d2,28
step sync Step P__EXTRACTED/RUMAHAGEN_P6_FOCUSED_EXECUTION_PACK_M01-M07_FULL_REBUILD_20260908_v1.2__EXTRACTED/P6_FOCUSED_EXECUTION_PACK_M01-M07_FULL_REBUILD_v1.2.docx,docx,36846,6771c1eb710f0ca2d8d31b9abe003a39b6ca21b19e5badf1c49a91263e1e123d,5
step sync Step P__EXTRACTED/RUMAHAGEN_P6_FOCUSED_EXECUTION_PACK_M01-M07_FULL_REBUILD_20260908_v1.2__EXTRACTED/README_P6_v1.2.md,md,158,61c2a8aa8a0dfb52767110953a1d67cbcfcd55e4997a87c0a6444443a2abd2b2,2
step sync Step P__EXTRACTED/RUMAHAGEN_P6_FOCUSED_EXECUTION_PACK_M01-M07_FULL_REBUILD_20260908_v1.2__EXTRACTED/P6_SECOND_FULL_DEEP_SCAN_REPORT_v1.2.md,md,306,09f5c66e3256e9fbe45dedabc49c135701047f467edbb57cb7e4fe5d6b70ff65,3
step sync Step P__EXTRACTED/RUMAHAGEN_P6_FOCUSED_EXECUTION_PACK_M01-M07_FULL_REBUILD_20260908_v1.2__EXTRACTED/P6_CORE_V1.3_SCOPE_TRACEABILITY_M01-M07_v1.2.csv,csv,57296,455ef80f6683ce912aae3a6005c85e45b59e297fef91a69cbeec910026555550,117
step sync Step P__EXTRACTED/RUMAHAGEN_P6_FOCUSED_EXECUTION_PACK_M01-M07_FULL_REBUILD_20260908_v1.2__EXTRACTED/M02_FOCUSED_EXECUTION_PACK_v1.2_FULL_REBUILD.md,md,1382,1810b3a4eeef3edc4ac0684f3424d20ae723c6c002edf84a140dd30af298f01c,27
step sync Step P__EXTRACTED/RUMAHAGEN_P6_FOCUSED_EXECUTION_PACK_M01-M07_FULL_REBUILD_20260908_v1.2__EXTRACTED/M03_FOCUSED_EXECUTION_PACK_v1.2_FULL_REBUILD.md,md,1813,7a19220197ddfa7ef3b66cf9bc4c825b153b9fb7ee86950b9d82b3a9e6a44676,29
step sync Step P__EXTRACTED/RUMAHAGEN_P6_FOCUSED_EXECUTION_PACK_M01-M07_FULL_REBUILD_20260908_v1.2__EXTRACTED/M06_FOCUSED_EXECUTION_PACK_v1.2_FULL_REBUILD.md,md,1593,a0089c9e5603ac2a81252331cc8348e2e6b6c1440e915df0b058c7d8c3bb061d,28
step sync Step P__EXTRACTED/RUMAHAGEN_P6_FOCUSED_EXECUTION_PACK_M01-M07_FULL_REBUILD_20260908_v1.2__EXTRACTED/P6_FIRST_FULL_DEEP_SCAN_REPORT_v1.2.md,md,247,85922da642d7c62bfcea570cda7cbb68bbd97555a5c8bb9fa36d2557d72632b8,3
step sync Step P__EXTRACTED/RUMAHAGEN_P6_FOCUSED_EXECUTION_PACK_M01-M07_FULL_REBUILD_20260908_v1.2__EXTRACTED/P6_M01-M07_CHANGE_OBLIGATION_TO_EXECUTION_TRACEABILITY_v1.2.csv,csv,15312,a2a8db7570ddfc18f5632dd4f207c1c2fe59073d998657638501bef8fff18e7b,30
step sync Step P__EXTRACTED/RUMAHAGEN_P6_FOCUSED_EXECUTION_PACK_M01-M07_FULL_REBUILD_20260908_v1.2__EXTRACTED/P6_M01-M07_CONTROLLED_RESIDUAL_REGISTER_v1.2.csv,csv,4508,3f36b38c89d04d982cc0868018a102e36a81febeecd528b00335d1d339589feb,17
step sync Step P__EXTRACTED/RUMAHAGEN_P6_FOCUSED_EXECUTION_PACK_M01-M07_FULL_REBUILD_20260908_v1.2__EXTRACTED/M04_FOCUSED_EXECUTION_PACK_v1.2_FULL_REBUILD.md,md,1643,f9c050702c0a8d86b19a2b0341d795c51fbad4661486f46f8bdfcb2d1c801083,29
step sync Step P__EXTRACTED/RUMAHAGEN_P6_FOCUSED_EXECUTION_PACK_M01-M07_FULL_REBUILD_20260908_v1.2__EXTRACTED/P6_SHA256_MANIFEST_v1.2.csv,csv,2026,e2dec9cbc748b5054a03fd7e7b1fd92350ada9abf2048b317644a3399ff14ec7,18
step sync Step P__EXTRACTED/RUMAHAGEN_P6_FOCUSED_EXECUTION_PACK_M01-M07_FULL_REBUILD_20260908_v1.2__EXTRACTED/M01_FOCUSED_EXECUTION_PACK_v1.2_FULL_REBUILD.md,md,1460,c7f6ef850b67bd6086fc178a74ee0858fb5928327c67aa4245e7d6cdee4feba3,27
step sync Step P__EXTRACTED/RUMAHAGEN_P6_FOCUSED_EXECUTION_PACK_M01-M07_FULL_REBUILD_20260908_v1.2__EXTRACTED/M07_FOCUSED_EXECUTION_PACK_v1.2_FULL_REBUILD.md,md,1304,4707082ac29743289d28ea965b23370ac34f737d96a5be365ccb267369d21698,26
step sync Step P__EXTRACTED/RUMAHAGEN_P6_FOCUSED_EXECUTION_PACK_M01-M07_FULL_REBUILD_20260908_v1.2__EXTRACTED/P6_CONTROLLED_AND_NO_PROPAGATION_FINDINGS_M01-M07_v1.2.csv,csv,2067,23a05e084bc349270d4a11fd9d52f7c41e151c828b1f976fa58ba0520be5fb42,20
step sync Step P__EXTRACTED/RUMAHAGEN_P6_FOCUSED_EXECUTION_PACK_M01-M07_FULL_REBUILD_20260908_v1.2__EXTRACTED/P6_FOCUSED_EXECUTION_PACK_M01-M07_FULL_REBUILD_v1.2.md,md,1708,ecb6a14795da36e10d4bd30aeac0cf7ad2dcddee8feecd57aa88cf07d57c99f7,33
step sync Step P__EXTRACTED/RUMAHAGEN_P6_FOCUSED_EXECUTION_PACK_M01-M07_FULL_REBUILD_20260908_v1.2__EXTRACTED/P6_ACCEPTANCE_GATE_MATRIX_v1.2.csv,csv,547,1685d8331851ae22383247fc706d1fa14e453e748bd0acaceb402f0862dc7cde,9
STEP SYNC CORE/STEP09_PREPARATION_PACKAGE_v1.0.zip,zip,6490,65d15ccb1258ebc3847a1e5eb5ca07d6e8e7561f721ac2a5c699ac276b27f3ed,
STEP SYNC CORE/RUMAHAGEN_STEP02_MASTER_RECON_INVENTORY_FULL_v1.1.zip,zip,147584,1b912658bd2bad4730b34eae25a32c37599e377cd51e1e48f01b2bffc113a82c,
STEP SYNC CORE/RUMAHAGEN_STEP09-E_CROSS_09_ARCHITECTURE_DEPENDENCY_RECONCILIATION_FULL_VERSION_v1.0.zip,zip,250706,20b94c41c1fed812fb653efce6e789cfbed6d6fd05b941430bf292e316fdafba,
STEP SYNC CORE/RUMAHAGEN_STEP06_ADDitive_SEMANTIC_MERGE_FULL_v1.1.zip,zip,361303,839a7eca7999f5905de846686536a1129bd591ac1c81eb9bdcb02efdaac67534,
STEP SYNC CORE/RUMAHAGEN_STEP09-A2_CONSTITUTION_CONTROLLED_REENTRY_FULL_VERSION_v1.17.zip,zip,55875,c6bee627ffbf6d1b2054ec6138bccb60a58a066c9a864aa5eab7d129ce45f721,
STEP SYNC CORE/RUMAHAGEN_STEP07_CROSS_MODULE_AUTHORITY_AND_COMPLETE_INTEGRATION_COVERAGE_FULL_v1.1.zip,zip,194931,56317e8be715d8bff3ea2311f5ecc40235677b044311cab42aa61e0426ed7c0c,
STEP SYNC CORE/RUMAHAGEN_STEP09-D_DEPENDENCY_MANIFEST_SYNCHRONIZATION_FULL_VERSION_CORRECTED_REENTRY_v1.0.zip,zip,64371,3751533dbce167e9a7dfd787b065dd8f2e513f4ad63762fe1b898d11703b0742,
STEP SYNC CORE/STEP09-E_CROSS_09_ARCHITECTURE_DEPENDENCY_RECONCILIATION_REPORT_v1.0.md,md,7135,a30ade13cc36f58780ab0e48196341cf331d9e198a667a46014898bac67732e9,81
STEP SYNC CORE/RUMAHAGEN_STEP09-F_FINAL_GATE_AND_DOWNSTREAM_HANDOFF_FULL_VERSION_v1.2_RERUN_01_CLEAN.zip,zip,8005,6fdcb4117d5c3327d6e4d4a83e2ec23d823d0fd3c2dcbb7ae35d7fb4b3fbe6f6,
STEP SYNC CORE/RUMAHAGEN_STEP04_M01-M15_CORE_SYNCHRONIZATION_MATRIX_FULL_v1.2_CORRECTED_FULL_REBUILD.zip,zip,86886,958c2e83f0ae83da72a21a1fbc8939f93aa7f3fdad61479e59203ef24a5490ed,
STEP SYNC CORE/RUMAHAGEN_STEP09-C_TECHNICAL_DECISIONS_CONTROLLED_REENTRY_FULL_VERSION_v1.6.zip,zip,53289,6b1b09431cac1425b6a4499553a0cbef724142f21f4e9bda96c2c5da5f1ab043,
STEP SYNC CORE/RUMAHAGEN_STEP03_CORE_ARTIFACT_MAP_FULL_v1.3_CORRECTED_FULL_REBUILD (1).zip,zip,63186,6cb5f5f578a90c8cea0cdc2c3c3ac8b0af08fc27d9874ef36d847175cd5296b9,
STEP SYNC CORE/RUMAHAGEN_STEP01_M01-M15_RECON_AUTHORITY_FREEZE_FULL_v1.0.zip,zip,10675,4392a4ecf1f3b1c3c170d921e10159e6fba60e3f72825ab35829c19dbd8cbe7f,
STEP SYNC CORE/RUMAHAGEN_STEP09-B_ARCHITECTURE_CONTROLLED_REENTRY_FULL_VERSION_v1.9.zip,zip,98322,5dea71e59a93d42b0325cd3eb9bc1cc4171f68b398d019c6699cd6ad7e753cc8,
STEP SYNC CORE/RUMAHAGEN_STEP08_BUSINESS_RULES_BASELINE_CONSOLIDATED_FULL_v1.1_CORRECTED.zip,zip,57199,21c45f2bfaa3bc86661bfa29c90e1083167573821698161b688a6c76573da86a,
STEP SYNC CORE/RUMAHAGEN_STEP07-A_DOCUMENT_COVERAGE_AND_DEPENDENCY_SYNCHRONIZATION_MATRIX_FULL_v1.1.zip,zip,236899,0ce1a4f2aec20b7faa766eeff495500f0630b8e89facd8d24b86b8ee7327e2b5,
STEP SYNC CORE/RUMAHAGEN_STEP05_SEMANTIC_CONFLICT_RESOLUTION_FINAL_FULL_v1.1.zip,zip,34112,6a16adf8bd2a2e3946d0c0ce521f24dd520d6705821546bfc4b7baf85ee6eb4e,
STEP SYNC CORE/RUMAHAGEN_STEP04_M01-M15_CORE_SYNCHRONIZATION_MATRIX_FULL_v1.2_CORRECTED_FULL_REBUILD__EXTRACTED/05_STEP04_MODULE_SYNCHRONIZATION_SUMMARY_v1.2.csv,csv,499,550e4126f551143c372c8bffa10ea24bab8663b1c5213b0220a0c04b88159cb0,16
STEP SYNC CORE/RUMAHAGEN_STEP04_M01-M15_CORE_SYNCHRONIZATION_MATRIX_FULL_v1.2_CORRECTED_FULL_REBUILD__EXTRACTED/01_STEP04_FULL_REPORT_v1.2.md,md,2884,d89f6578e33432ca30db54a7519d6856512957e1db971a36125516a4770d037e,67
STEP SYNC CORE/RUMAHAGEN_STEP04_M01-M15_CORE_SYNCHRONIZATION_MATRIX_FULL_v1.2_CORRECTED_FULL_REBUILD__EXTRACTED/09_STEP04_CONTROLLED_NO_PROPAGATION_SUPERSEDED_REGISTER_v1.2.csv,csv,51086,c54cf5e3286ff2d0a32a6719ebf26ef6ba4d60eb6c6221c45e5dfe2c3e6e3127,37
STEP SYNC CORE/RUMAHAGEN_STEP04_M01-M15_CORE_SYNCHRONIZATION_MATRIX_FULL_v1.2_CORRECTED_FULL_REBUILD__EXTRACTED/README_STEP04_FULL_VERSION_v1.2.md,md,674,b4616356799cda4e044e60e987555e61e3a3a31a1e20f12f380dca35bd2394a1,13
STEP SYNC CORE/RUMAHAGEN_STEP04_M01-M15_CORE_SYNCHRONIZATION_MATRIX_FULL_v1.2_CORRECTED_FULL_REBUILD__EXTRACTED/06_STEP04_CORE_ARTIFACT_SYNCHRONIZATION_SUMMARY_v1.2.csv,csv,5212,6ba3acc616811b78ad3935b3a6226cf9d0163ae48d3433bc2cade49b2727f995,26
STEP SYNC CORE/RUMAHAGEN_STEP04_M01-M15_CORE_SYNCHRONIZATION_MATRIX_FULL_v1.2_CORRECTED_FULL_REBUILD__EXTRACTED/08_STEP04_RECONCILE_REGISTER_v1.2.csv,csv,10929,c97c36a7ce040e922d0ffda0c69a2fe6dc537e286e737e19f331a88cdc45ac55,8
STEP SYNC CORE/RUMAHAGEN_STEP04_M01-M15_CORE_SYNCHRONIZATION_MATRIX_FULL_v1.2_CORRECTED_FULL_REBUILD__EXTRACTED/07_STEP04_PRESERVE_AUGMENT_ADDNEW_REGISTER_v1.2.csv,csv,251166,220d4b824be1c355a1a8817dad6bc59f29d8d93ccee1e9c350984f63865b1da3,181
STEP SYNC CORE/RUMAHAGEN_STEP04_M01-M15_CORE_SYNCHRONIZATION_MATRIX_FULL_v1.2_CORRECTED_FULL_REBUILD__EXTRACTED/10_STEP04_DEPENDENCY_HANDOFF_REGISTER_v1.2.csv,csv,58304,ed8c7ac720802848c3806531022bcd1d930ad8ec0ce546f6bebdbff60b89fdc0,224
STEP SYNC CORE/RUMAHAGEN_STEP04_M01-M15_CORE_SYNCHRONIZATION_MATRIX_FULL_v1.2_CORRECTED_FULL_REBUILD__EXTRACTED/02_STEP04_M01-M15_CORE_SYNCHRONIZATION_MATRIX_FULL_v1.2.csv,csv,312083,dba4e5ce48156c1a1077c846758da767eb712b480553f4d0331097c048e31b73,224
STEP SYNC CORE/RUMAHAGEN_STEP04_M01-M15_CORE_SYNCHRONIZATION_MATRIX_FULL_v1.2_CORRECTED_FULL_REBUILD__EXTRACTED/03_FINDING_TO_STEP03_DETERMINISTIC_LINKAGE_REGISTER_v1.2.csv,csv,235759,19f295bbfc25df109122004b25747ab3905f97836a8f04af3b2fed9264f3854a,224
STEP SYNC CORE/RUMAHAGEN_STEP04_M01-M15_CORE_SYNCHRONIZATION_MATRIX_FULL_v1.2_CORRECTED_FULL_REBUILD__EXTRACTED/04_STEP04_M01-M15_RELATIONSHIP_EVIDENCE_COVERAGE_FULL_v1.2.csv,csv,1121090,f226a4d353b9f56dc35598e80843529a7ccea740eeb130e66d3e77e246482078,884
STEP SYNC CORE/RUMAHAGEN_STEP04_M01-M15_CORE_SYNCHRONIZATION_MATRIX_FULL_v1.2_CORRECTED_FULL_REBUILD__EXTRACTED/12_STEP04_CHECKLIST_VERIFICATION_v1.2.csv,csv,1398,04f4e6b72f8d82f348b4b8c7deb250aede31eab09b8d346411ca3ce85cfe1104,19
STEP SYNC CORE/RUMAHAGEN_STEP04_M01-M15_CORE_SYNCHRONIZATION_MATRIX_FULL_v1.2_CORRECTED_FULL_REBUILD__EXTRACTED/00_STEP04_INPUT_DEEP_SCAN_MANIFEST_v1.2.csv,csv,1128,c685310c9446650a8608d7c8ba520886a5dbc16ed08fd0bc1d13625fff7d3c30,8
STEP SYNC CORE/RUMAHAGEN_STEP04_M01-M15_CORE_SYNCHRONIZATION_MATRIX_FULL_v1.2_CORRECTED_FULL_REBUILD__EXTRACTED/00_STEP04_OUTPUT_MANIFEST_SHA256_v1.2.csv,csv,1796,c3047296a2cf0daebfe8a70534f6dbb3941d146e45437d18972fa579909931e8,16
STEP SYNC CORE/RUMAHAGEN_STEP04_M01-M15_CORE_SYNCHRONIZATION_MATRIX_FULL_v1.2_CORRECTED_FULL_REBUILD__EXTRACTED/11_STEP04_AUTHORITY_PROVENANCE_REGISTER_v1.2.csv,csv,151397,a7a76c59a63c31c43e4f3333b949a1f20d8401add8f4f2c56e9ab65c1c57c5cf,224
STEP SYNC CORE/RUMAHAGEN_STEP09-C_TECHNICAL_DECISIONS_CONTROLLED_REENTRY_FULL_VERSION_v1.6__EXTRACTED/01_OUTPUT/STEP09-C_IMPACT_REENTRY_AND_GATE_REPORT_v1.0.md,md,2013,edaa81982375d229f535dee65b1337e570cb6dabf57b9652116543d44605e0e0,53
STEP SYNC CORE/RUMAHAGEN_STEP09-C_TECHNICAL_DECISIONS_CONTROLLED_REENTRY_FULL_VERSION_v1.6__EXTRACTED/01_OUTPUT/W4-02A.6.6_TECHNICAL_DECISIONS_FULL_CONSOLIDATED_v1.6_STEP09-C_CONTROLLED_REENTRY_Q01-Q66.docx,docx,53047,24afc108af63dd1b7de5d9ae560070f84f055bef8d3254626ffac8a831d95907,782
STEP SYNC CORE/RUMAHAGEN_STEP09-C_TECHNICAL_DECISIONS_CONTROLLED_REENTRY_FULL_VERSION_v1.6__EXTRACTED/01_OUTPUT/STEP09-C_CONTROLLED_REENTRY_DECISION_RECORD_v1.0.md,md,810,aa8f2e14679a745931b999d6659e80a642ec88968767a008f0c62fe524bddc9d,23
STEP SYNC CORE/RUMAHAGEN_STEP09-C_TECHNICAL_DECISIONS_CONTROLLED_REENTRY_FULL_VERSION_v1.6__EXTRACTED/01_OUTPUT/STEP09-C_PROVENANCE_SHA256_MANIFEST_v1.0.csv,csv,658,8dcbbfecab9df37b95a5af3c7e47dfec732421652e941447b6c7fd3bf4336094,5
STEP SYNC CORE/RUMAHAGEN_STEP07-A_DOCUMENT_COVERAGE_AND_DEPENDENCY_SYNCHRONIZATION_MATRIX_FULL_v1.1__EXTRACTED/05_STEP07-A_FINAL_GATE_CHECKLIST_v1.1.csv,csv,814,e797afa746369fc81fde9411ff9dd3f6081eb4b631250672700ebc3c6d1d7c1e,13
STEP SYNC CORE/RUMAHAGEN_STEP07-A_DOCUMENT_COVERAGE_AND_DEPENDENCY_SYNCHRONIZATION_MATRIX_FULL_v1.1__EXTRACTED/00_STEP07-A_FULL_REPORT_v1.1.md,md,4884,79eabcbe116f1e5296ee456e4efb7dc014fab86cd033341e5a2ed8e0a60c66e3,71
STEP SYNC CORE/RUMAHAGEN_STEP07-A_DOCUMENT_COVERAGE_AND_DEPENDENCY_SYNCHRONIZATION_MATRIX_FULL_v1.1__EXTRACTED/01_STEP07-A_DOCUMENT_COVERAGE_SYNCHRONIZATION_MATRIX_277_v1.1.csv,csv,847296,24e385fdadf59e6a36e2fa0f156ada41e116ffc58b32bcdf375818fdd8a98818,278
STEP SYNC CORE/RUMAHAGEN_STEP07-A_DOCUMENT_COVERAGE_AND_DEPENDENCY_SYNCHRONIZATION_MATRIX_FULL_v1.1__EXTRACTED/02_STEP07-A_ORDER_AND_DEPENDENCY_CONTROL_REGISTER_v1.1.csv,csv,886,835df83bf35dc67fcac9556edfcd8f68d93a843a81f8e3bde87111bad153c5e5,6
STEP SYNC CORE/RUMAHAGEN_STEP07-A_DOCUMENT_COVERAGE_AND_DEPENDENCY_SYNCHRONIZATION_MATRIX_FULL_v1.1__EXTRACTED/06_STEP07-A_OUTPUT_MANIFEST_SHA256_v1.1.csv,csv,2205,44e05cba8d501017bfa13e19b0396189a573d5b229cc14970b7993f42a6bdd8f,18
STEP SYNC CORE/RUMAHAGEN_STEP07-A_DOCUMENT_COVERAGE_AND_DEPENDENCY_SYNCHRONIZATION_MATRIX_FULL_v1.1__EXTRACTED/03_STEP07-A_SYNCHRONIZATION_SEQUENCE_SUMMARY_v1.1.csv,csv,183,9be2fc4b035680881daf60b189d1bd3d73e928baf1ae5102c4eb89d5cc1f831b,4
STEP SYNC CORE/RUMAHAGEN_STEP07-A_DOCUMENT_COVERAGE_AND_DEPENDENCY_SYNCHRONIZATION_MATRIX_FULL_v1.1__EXTRACTED/04_STEP07-A_STAGE_DEPENDENCY_GRAPH_v1.1.csv,csv,688,c4a99c754f157da48072581eb0f52f56932b77b3b8dcca6c9e23abd8f78b604e,10
STEP SYNC CORE/RUMAHAGEN_STEP07-A_DOCUMENT_COVERAGE_AND_DEPENDENCY_SYNCHRONIZATION_MATRIX_FULL_v1.1__EXTRACTED/README_STEP07-A_FULL_VERSION_v1.1.md,md,246,63bf9c4af39231d1db2e597e0c2a7872f53e5ef7f7475303153d1d12ee02c28f,3
STEP SYNC CORE/RUMAHAGEN_STEP07-A_DOCUMENT_COVERAGE_AND_DEPENDENCY_SYNCHRONIZATION_MATRIX_FULL_v1.1__EXTRACTED/00_PREVIOUS_STEP07-A_v1.0/02_STEP07-A_ACTION_SUMMARY.csv,csv,228,f93549f1ba3df49585cb0c6782388189f64d6b1b25cfd3bdad784154d649f213,8
STEP SYNC CORE/RUMAHAGEN_STEP07-A_DOCUMENT_COVERAGE_AND_DEPENDENCY_SYNCHRONIZATION_MATRIX_FULL_v1.1__EXTRACTED/00_PREVIOUS_STEP07-A_v1.0/07_STEP07-A_OUTPUT_MANIFEST_SHA256.csv,csv,998,a8c33e7ff0b9af9aa2cbfd5e67a008f1d5e19598170659816501219f9f4c4b8a,10
STEP SYNC CORE/RUMAHAGEN_STEP07-A_DOCUMENT_COVERAGE_AND_DEPENDENCY_SYNCHRONIZATION_MATRIX_FULL_v1.1__EXTRACTED/00_PREVIOUS_STEP07-A_v1.0/03_STEP07-A_MODULE_COVERAGE_SUMMARY.csv,csv,1013,202444d47b843515b925c7587d8cc6b13ac8781d09fac5d466fdea028269ddb4,45
STEP SYNC CORE/RUMAHAGEN_STEP07-A_DOCUMENT_COVERAGE_AND_DEPENDENCY_SYNCHRONIZATION_MATRIX_FULL_v1.1__EXTRACTED/00_PREVIOUS_STEP07-A_v1.0/06_STEP07-A_FINAL_GATE_CHECKLIST.csv,csv,970,4514ecdeb9525e9a9b1938811970788eb327feddea0311e5d4e80a35f19e9ad9,15
STEP SYNC CORE/RUMAHAGEN_STEP07-A_DOCUMENT_COVERAGE_AND_DEPENDENCY_SYNCHRONIZATION_MATRIX_FULL_v1.1__EXTRACTED/00_PREVIOUS_STEP07-A_v1.0/04_STEP07-A_ORPHAN_TARGET_AUDIT.csv,csv,259,1425e58c5072f40e9beaa89cd394c5809548b04502e315963f0207633ea4b55f,1
STEP SYNC CORE/RUMAHAGEN_STEP07-A_DOCUMENT_COVERAGE_AND_DEPENDENCY_SYNCHRONIZATION_MATRIX_FULL_v1.1__EXTRACTED/00_PREVIOUS_STEP07-A_v1.0/05_STEP07-A_CORE_TARGET_SECTION_REGISTER.csv,csv,11311,81264a3c0ed0adf0daa2778e151dc089e17cfcdaa0facbe08f2133732f61f272,29
STEP SYNC CORE/RUMAHAGEN_STEP07-A_DOCUMENT_COVERAGE_AND_DEPENDENCY_SYNCHRONIZATION_MATRIX_FULL_v1.1__EXTRACTED/00_PREVIOUS_STEP07-A_v1.0/00_INPUT_STEP07_v1.1.zip,zip,194931,56317e8be715d8bff3ea2311f5ecc40235677b044311cab42aa61e0426ed7c0c,
STEP SYNC CORE/RUMAHAGEN_STEP07-A_DOCUMENT_COVERAGE_AND_DEPENDENCY_SYNCHRONIZATION_MATRIX_FULL_v1.1__EXTRACTED/00_PREVIOUS_STEP07-A_v1.0/README_STEP07-A_FULL_VERSION_v1.0.md,md,223,42c0e5340431c6c7bd3eb5f91e27cf3f14f3c064991060a12f0cc021a34d33c2,3
STEP SYNC CORE/RUMAHAGEN_STEP07-A_DOCUMENT_COVERAGE_AND_DEPENDENCY_SYNCHRONIZATION_MATRIX_FULL_v1.1__EXTRACTED/00_PREVIOUS_STEP07-A_v1.0/00_STEP07-A_FULL_REPORT_v1.0.md,md,2213,1c77143c46a091959bfb38498ff00ed8ee6116c6c6973f1186913ca1a0cf22f5,50
STEP SYNC CORE/RUMAHAGEN_STEP07-A_DOCUMENT_COVERAGE_AND_DEPENDENCY_SYNCHRONIZATION_MATRIX_FULL_v1.1__EXTRACTED/00_PREVIOUS_STEP07-A_v1.0/01_STEP07-A_DOCUMENT_COVERAGE_SYNCHRONIZATION_MATRIX_277.csv,csv,621069,0e29a01f71efd74ae046780259a9d232fe65b3f48dd20ab7a3d7c397fe468321,278
STEP SYNC CORE/RUMAHAGEN_STEP07-A_DOCUMENT_COVERAGE_AND_DEPENDENCY_SYNCHRONIZATION_MATRIX_FULL_v1.1__EXTRACTED/00_PREVIOUS_STEP07-A_v1.0/00_INPUT_STEP07_v1.1__EXTRACTED/09_STEP07_v1.1_ORPHAN_CONTROL_REGISTER.csv,csv,9714,d0a621b40292ecf623151dd02cd9b69a8f1f153f04c1bf71077a47acf4bb2cd8,55
STEP SYNC CORE/RUMAHAGEN_STEP07-A_DOCUMENT_COVERAGE_AND_DEPENDENCY_SYNCHRONIZATION_MATRIX_FULL_v1.1__EXTRACTED/00_PREVIOUS_STEP07-A_v1.0/00_INPUT_STEP07_v1.1__EXTRACTED/08_STEP07_v1.1_COMPLETE_INTEGRATION_COVERAGE_LEDGER_54.csv,csv,8120,7bd432d186b09910eb387a43d53761ce6a6cb32d481c4f1f1514a6d4e87a0c66,55
STEP SYNC CORE/RUMAHAGEN_STEP07-A_DOCUMENT_COVERAGE_AND_DEPENDENCY_SYNCHRONIZATION_MATRIX_FULL_v1.1__EXTRACTED/00_PREVIOUS_STEP07-A_v1.0/00_INPUT_STEP07_v1.1__EXTRACTED/01_STEP07_v1.1_INPUT_IDENTITY_SHA256.csv,csv,772,3acf1b51c0d4bc72d1f9a8bb546bb38cb5a1a6f1ad70fefb215ca6719e25dadf,6
STEP SYNC CORE/RUMAHAGEN_STEP07-A_DOCUMENT_COVERAGE_AND_DEPENDENCY_SYNCHRONIZATION_MATRIX_FULL_v1.1__EXTRACTED/00_PREVIOUS_STEP07-A_v1.0/00_INPUT_STEP07_v1.1__EXTRACTED/17_STEP07_v1.1_FINAL_GATE_CHECKLIST.csv,csv,1374,062c908a8148a52abbbd391ea7f067108789e9082bae74edda474668a1efc665,27
STEP SYNC CORE/RUMAHAGEN_STEP07-A_DOCUMENT_COVERAGE_AND_DEPENDENCY_SYNCHRONIZATION_MATRIX_FULL_v1.1__EXTRACTED/00_PREVIOUS_STEP07-A_v1.0/00_INPUT_STEP07_v1.1__EXTRACTED/14_STEP07_v1.1_DEEP_SCAN_COVERAGE_SUMMARY.csv,csv,922,4293605e37395510dbf22386f0f882a7299e67e407256e0f97ff79102f3d078b,12
STEP SYNC CORE/RUMAHAGEN_STEP07-A_DOCUMENT_COVERAGE_AND_DEPENDENCY_SYNCHRONIZATION_MATRIX_FULL_v1.1__EXTRACTED/00_PREVIOUS_STEP07-A_v1.0/00_INPUT_STEP07_v1.1__EXTRACTED/12_STEP07_v1.1_AUTHORITY_RELATIONSHIP_REGISTER_PHYSICAL_COUNT_CORRECTED.csv,csv,6404,c420bc243fc2b981609c6ce22750fa0906944ae10cd6830ae18aab58df49084b,47
STEP SYNC CORE/RUMAHAGEN_STEP07-A_DOCUMENT_COVERAGE_AND_DEPENDENCY_SYNCHRONIZATION_MATRIX_FULL_v1.1__EXTRACTED/00_PREVIOUS_STEP07-A_v1.0/00_INPUT_STEP07_v1.1__EXTRACTED/15_STEP07_v1.1_MODULE_COVERAGE_CONTROL_SUMMARY.csv,csv,293,ed850fcf37c8c0cca316e3d902dfd2e55e102252c052d896d8dfa7ac2da71f9f,30
STEP SYNC CORE/RUMAHAGEN_STEP07-A_DOCUMENT_COVERAGE_AND_DEPENDENCY_SYNCHRONIZATION_MATRIX_FULL_v1.1__EXTRACTED/00_PREVIOUS_STEP07-A_v1.0/00_INPUT_STEP07_v1.1__EXTRACTED/06_STEP07_v1.1_M01-M15_AUTHORITY_REGISTER_15_PRESERVED.csv,csv,4086,ded1b6093590cdbf85ef85e6265dec40e8f78dda6ac1fbe8b8e90e2f6c6e4b1f,16
STEP SYNC CORE/RUMAHAGEN_STEP07-A_DOCUMENT_COVERAGE_AND_DEPENDENCY_SYNCHRONIZATION_MATRIX_FULL_v1.1__EXTRACTED/00_PREVIOUS_STEP07-A_v1.0/00_INPUT_STEP07_v1.1__EXTRACTED/11_STEP07_v1.1_CORE_AUTHORITY_RECONCILIATION_76_PRESERVED.csv,csv,52088,72fd74b931afcdccf94058151f532dc98dc75646c2070f6eed8a4b5b3aef85a6,77
STEP SYNC CORE/RUMAHAGEN_STEP07-A_DOCUMENT_COVERAGE_AND_DEPENDENCY_SYNCHRONIZATION_MATRIX_FULL_v1.1__EXTRACTED/00_PREVIOUS_STEP07-A_v1.0/00_INPUT_STEP07_v1.1__EXTRACTED/00_STEP07_FULL_REPORT_v1.1.md,md,5648,6d034788a6c55f4e821f4613c46db1e2a95c141290789d48c3c2f9ee7e6c28b5,147
STEP SYNC CORE/RUMAHAGEN_STEP07-A_DOCUMENT_COVERAGE_AND_DEPENDENCY_SYNCHRONIZATION_MATRIX_FULL_v1.1__EXTRACTED/00_PREVIOUS_STEP07-A_v1.0/00_INPUT_STEP07_v1.1__EXTRACTED/04_STEP07_v1.1_PRE00_COMPLETE_ARTIFACT_COVERAGE_18.csv,csv,4527,41dfeca4324b2a0066bdaa05fd624be9f75b65016a54db693926ed6ad1020f48,19
STEP SYNC CORE/RUMAHAGEN_STEP07-A_DOCUMENT_COVERAGE_AND_DEPENDENCY_SYNCHRONIZATION_MATRIX_FULL_v1.1__EXTRACTED/00_PREVIOUS_STEP07-A_v1.0/00_INPUT_STEP07_v1.1__EXTRACTED/10_STEP07_v1.1_CROSS_MODULE_BOUNDARY_REGISTER_15_PRESERVED.csv,csv,3314,929e2b4f81ca452ba7923251a8826816400ae487ab61ecada2f0ab9941d3e23f,16
STEP SYNC CORE/RUMAHAGEN_STEP07-A_DOCUMENT_COVERAGE_AND_DEPENDENCY_SYNCHRONIZATION_MATRIX_FULL_v1.1__EXTRACTED/00_PREVIOUS_STEP07-A_v1.0/00_INPUT_STEP07_v1.1__EXTRACTED/05_STEP07_v1.1_CORE_V1.3_FROZEN_ARTIFACT_COVERAGE_76.csv,csv,21321,d6aa5b50017b98414fa700a63f5c8c5f5dd693b9f24d166e349069add5a9fbe8,77
STEP SYNC CORE/RUMAHAGEN_STEP07-A_DOCUMENT_COVERAGE_AND_DEPENDENCY_SYNCHRONIZATION_MATRIX_FULL_v1.1__EXTRACTED/00_PREVIOUS_STEP07-A_v1.0/00_INPUT_STEP07_v1.1__EXTRACTED/07_STEP07_v1.1_FINDING_AUTHORITY_RECONCILIATION_223_PRESERVED.csv,csv,88978,03e9dc09ce7105b6487f03eea675c7cd497d73e6b728933fac30cd2fda3d1411,224
STEP SYNC CORE/RUMAHAGEN_STEP07-A_DOCUMENT_COVERAGE_AND_DEPENDENCY_SYNCHRONIZATION_MATRIX_FULL_v1.1__EXTRACTED/00_PREVIOUS_STEP07-A_v1.0/00_INPUT_STEP07_v1.1__EXTRACTED/18_STEP07_v1.1_OUTPUT_MANIFEST_SHA256.csv,csv,5252,266c27087a5d8c7f2968c51c023f36fb20d1844f12f55bf35ce19b444a19691a,40
STEP SYNC CORE/RUMAHAGEN_STEP07-A_DOCUMENT_COVERAGE_AND_DEPENDENCY_SYNCHRONIZATION_MATRIX_FULL_v1.1__EXTRACTED/00_PREVIOUS_STEP07-A_v1.0/00_INPUT_STEP07_v1.1__EXTRACTED/README_STEP07_FULL_VERSION_v1.1.md,md,666,4db140bb1092af0fa32e6768562a66bdbd597a1a7db5c53d97ed35e96711d182,17
STEP SYNC CORE/RUMAHAGEN_STEP07-A_DOCUMENT_COVERAGE_AND_DEPENDENCY_SYNCHRONIZATION_MATRIX_FULL_v1.1__EXTRACTED/00_PREVIOUS_STEP07-A_v1.0/00_INPUT_STEP07_v1.1__EXTRACTED/02_STEP07_v1.1_STEP_SYNC_CORE_RAR_MEMBER_INVENTORY.csv,csv,512,1142d2c3d29fc6bd2bf2273d972f00a49894174c8c8be89914a8643637e2c2d3,7
STEP SYNC CORE/RUMAHAGEN_STEP07-A_DOCUMENT_COVERAGE_AND_DEPENDENCY_SYNCHRONIZATION_MATRIX_FULL_v1.1__EXTRACTED/00_PREVIOUS_STEP07-A_v1.0/00_INPUT_STEP07_v1.1__EXTRACTED/13_STEP07_v1.1_CORRECTION_AND_HARDENING_REGISTER.csv,csv,1188,014ace69337e7430b11b88490e150bf121729a413d1e6670e560c68407dff7f5,11
STEP SYNC CORE/RUMAHAGEN_STEP07-A_DOCUMENT_COVERAGE_AND_DEPENDENCY_SYNCHRONIZATION_MATRIX_FULL_v1.1__EXTRACTED/00_PREVIOUS_STEP07-A_v1.0/00_INPUT_STEP07_v1.1__EXTRACTED/16_STEP07_v1.1_AUTHORITY_GRAPH_PRESERVED.json,json,11630,00893c840e08dec1f52e7473af6f1959d94ec52069a5498d9786131c101e4347,463
STEP SYNC CORE/RUMAHAGEN_STEP07-A_DOCUMENT_COVERAGE_AND_DEPENDENCY_SYNCHRONIZATION_MATRIX_FULL_v1.1__EXTRACTED/00_PREVIOUS_STEP07-A_v1.0/00_INPUT_STEP07_v1.1__EXTRACTED/03_STEP07_v1.1_RECURSIVE_SOURCE_ARTIFACT_INVENTORY_2374.csv,csv,736030,1e85da2725cd6d5142239071936c4d4d4a626b8a5403a567683ed72f5182c066,2489
STEP SYNC CORE/RUMAHAGEN_STEP07-A_DOCUMENT_COVERAGE_AND_DEPENDENCY_SYNCHRONIZATION_MATRIX_FULL_v1.1__EXTRACTED/00_PREVIOUS_STEP07-A_v1.0/00_INPUT_STEP07_v1.1__EXTRACTED/00_PREVIOUS_STEP07_v1.0/14_STEP07_PROVENANCE_REGISTER_223_v1.0.csv,csv,129107,2a7e7ec1b18702ac77a4a971bfbc25bbed038e2d662bcf23f944b88ce7e73383,224
STEP SYNC CORE/RUMAHAGEN_STEP07-A_DOCUMENT_COVERAGE_AND_DEPENDENCY_SYNCHRONIZATION_MATRIX_FULL_v1.1__EXTRACTED/00_PREVIOUS_STEP07-A_v1.0/00_INPUT_STEP07_v1.1__EXTRACTED/00_PREVIOUS_STEP07_v1.0/12_STEP07_SEMANTIC_AUTHORITY_CYCLE_AUDIT_v1.0.csv,csv,626,c8024bfc2b51107ea1768f670c626f80a484270983defea03a7bb92b258f47c0,16
STEP SYNC CORE/RUMAHAGEN_STEP07-A_DOCUMENT_COVERAGE_AND_DEPENDENCY_SYNCHRONIZATION_MATRIX_FULL_v1.1__EXTRACTED/00_PREVIOUS_STEP07-A_v1.0/00_INPUT_STEP07_v1.1__EXTRACTED/00_PREVIOUS_STEP07_v1.0/09_STEP07_FINDING_LEVEL_AUTHORITY_RECONCILIATION_223_v1.0.csv,csv,88978,03e9dc09ce7105b6487f03eea675c7cd497d73e6b728933fac30cd2fda3d1411,224
STEP SYNC CORE/RUMAHAGEN_STEP07-A_DOCUMENT_COVERAGE_AND_DEPENDENCY_SYNCHRONIZATION_MATRIX_FULL_v1.1__EXTRACTED/00_PREVIOUS_STEP07-A_v1.0/00_INPUT_STEP07_v1.1__EXTRACTED/00_PREVIOUS_STEP07_v1.0/01_STEP07_INPUT_DEEP_SCAN_MANIFEST_v1.0.csv,csv,1360,06c08374e3cbe764cb6e327f86b9fca7c5a2f19385aea5c0a28d8a1e91760eb0,9
STEP SYNC CORE/RUMAHAGEN_STEP07-A_DOCUMENT_COVERAGE_AND_DEPENDENCY_SYNCHRONIZATION_MATRIX_FULL_v1.1__EXTRACTED/00_PREVIOUS_STEP07-A_v1.0/00_INPUT_STEP07_v1.1__EXTRACTED/00_PREVIOUS_STEP07_v1.0/11_STEP07_CORE_AUTHORITY_RECONCILIATION_76_v1.0.csv,csv,52088,72fd74b931afcdccf94058151f532dc98dc75646c2070f6eed8a4b5b3aef85a6,77
STEP SYNC CORE/RUMAHAGEN_STEP07-A_DOCUMENT_COVERAGE_AND_DEPENDENCY_SYNCHRONIZATION_MATRIX_FULL_v1.1__EXTRACTED/00_PREVIOUS_STEP07-A_v1.0/00_INPUT_STEP07_v1.1__EXTRACTED/00_PREVIOUS_STEP07_v1.0/04_STEP07_CORE_BASELINE_IDENTITY_COMPARE_v1.0.csv,csv,483,224324a035454685d6d7626565e69c956c2067980c9e810252cedd5d24dc726d,2
STEP SYNC CORE/RUMAHAGEN_STEP07-A_DOCUMENT_COVERAGE_AND_DEPENDENCY_SYNCHRONIZATION_MATRIX_FULL_v1.1__EXTRACTED/00_PREVIOUS_STEP07-A_v1.0/00_INPUT_STEP07_v1.1__EXTRACTED/00_PREVIOUS_STEP07_v1.0/16_STEP07_FINAL_GATE_CHECKLIST_v1.0.csv,csv,1649,0d8b776af69bd28839cc5a4c1523de065629aef87813873f356d92a635583990,18
STEP SYNC CORE/RUMAHAGEN_STEP07-A_DOCUMENT_COVERAGE_AND_DEPENDENCY_SYNCHRONIZATION_MATRIX_FULL_v1.1__EXTRACTED/00_PREVIOUS_STEP07-A_v1.0/00_INPUT_STEP07_v1.1__EXTRACTED/00_PREVIOUS_STEP07_v1.0/18_STEP07_OUTPUT_MANIFEST_SHA256_v1.0.csv,csv,2332,252a37d4338b69855a20e106e56652bb738d5e0c8fdafe4a7dd9eefa52ba3069,20
STEP SYNC CORE/RUMAHAGEN_STEP07-A_DOCUMENT_COVERAGE_AND_DEPENDENCY_SYNCHRONIZATION_MATRIX_FULL_v1.1__EXTRACTED/00_PREVIOUS_STEP07-A_v1.0/00_INPUT_STEP07_v1.1__EXTRACTED/00_PREVIOUS_STEP07_v1.0/07_STEP07_SEMANTIC_AUTHORITY_BOUNDARY_MATRIX_15_MODULES_v1.0.csv,csv,2253,b888e1c0fb56c7a8c83f5b49e673215afc5a68bbdf12717f36288b58b5e12441,16
STEP SYNC CORE/RUMAHAGEN_STEP07-A_DOCUMENT_COVERAGE_AND_DEPENDENCY_SYNCHRONIZATION_MATRIX_FULL_v1.1__EXTRACTED/00_PREVIOUS_STEP07-A_v1.0/00_INPUT_STEP07_v1.1__EXTRACTED/00_PREVIOUS_STEP07_v1.0/README_STEP07_FULL_VERSION_v1.0.md,md,1240,3885badbf888cb67bc0528a1f477f7b40fbdaca5f283ec6b46c140438bdf2c8d,38
STEP SYNC CORE/RUMAHAGEN_STEP07-A_DOCUMENT_COVERAGE_AND_DEPENDENCY_SYNCHRONIZATION_MATRIX_FULL_v1.1__EXTRACTED/00_PREVIOUS_STEP07-A_v1.0/00_INPUT_STEP07_v1.1__EXTRACTED/00_PREVIOUS_STEP07_v1.0/17_STEP07_AUTHORITY_GRAPH_v1.0.json,json,11630,00893c840e08dec1f52e7473af6f1959d94ec52069a5498d9786131c101e4347,463
STEP SYNC CORE/RUMAHAGEN_STEP07-A_DOCUMENT_COVERAGE_AND_DEPENDENCY_SYNCHRONIZATION_MATRIX_FULL_v1.1__EXTRACTED/00_PREVIOUS_STEP07-A_v1.0/00_INPUT_STEP07_v1.1__EXTRACTED/00_PREVIOUS_STEP07_v1.0/15_STEP07_DEEP_SCAN_COVERAGE_SUMMARY_v1.0.csv,csv,84,316eb1c3631e744f4a8feb60b92bc86b2d0f138e034f07d2b514e87841aa4594,10
STEP SYNC CORE/RUMAHAGEN_STEP07-A_DOCUMENT_COVERAGE_AND_DEPENDENCY_SYNCHRONIZATION_MATRIX_FULL_v1.1__EXTRACTED/00_PREVIOUS_STEP07-A_v1.0/00_INPUT_STEP07_v1.1__EXTRACTED/00_PREVIOUS_STEP07_v1.0/06_STEP07_DEPENDENCY_MATRIX_73_NON_AUTHORITY_EDGES_v1.0.csv,csv,19144,0819c4d91244c1222f64a0009ba16322278f77cd13488db11c2e1efc0061f963,74
STEP SYNC CORE/RUMAHAGEN_STEP07-A_DOCUMENT_COVERAGE_AND_DEPENDENCY_SYNCHRONIZATION_MATRIX_FULL_v1.1__EXTRACTED/00_PREVIOUS_STEP07-A_v1.0/00_INPUT_STEP07_v1.1__EXTRACTED/00_PREVIOUS_STEP07_v1.0/00_STEP07_FULL_REPORT_v1.0.md,md,10364,d426b2850df0cef15d6d9a75612b26d3db5e0c7562a8c6f2e3c6717febbc20a5,221
STEP SYNC CORE/RUMAHAGEN_STEP07-A_DOCUMENT_COVERAGE_AND_DEPENDENCY_SYNCHRONIZATION_MATRIX_FULL_v1.1__EXTRACTED/00_PREVIOUS_STEP07-A_v1.0/00_INPUT_STEP07_v1.1__EXTRACTED/00_PREVIOUS_STEP07_v1.0/08_STEP07_CROSS_MODULE_AUTHORITY_RELATIONSHIP_REGISTER_43_v1.0.csv,csv,4928,86e74d336017578149dffab90ccf8f06445cc28f468ab7f7610e98c25d7de487,47
STEP SYNC CORE/RUMAHAGEN_STEP07-A_DOCUMENT_COVERAGE_AND_DEPENDENCY_SYNCHRONIZATION_MATRIX_FULL_v1.1__EXTRACTED/00_PREVIOUS_STEP07-A_v1.0/00_INPUT_STEP07_v1.1__EXTRACTED/00_PREVIOUS_STEP07_v1.0/10_STEP07_CROSS_MODULE_COLLISION_AND_BOUNDARY_REGISTER_15_v1.0.csv,csv,3314,929e2b4f81ca452ba7923251a8826816400ae487ab61ecada2f0ab9941d3e23f,16
STEP SYNC CORE/RUMAHAGEN_STEP07-A_DOCUMENT_COVERAGE_AND_DEPENDENCY_SYNCHRONIZATION_MATRIX_FULL_v1.1__EXTRACTED/00_PREVIOUS_STEP07-A_v1.0/00_INPUT_STEP07_v1.1__EXTRACTED/00_PREVIOUS_STEP07_v1.0/13_STEP07_AUTHORITY_PRESERVATION_AND_NO_TAKEOVER_AUDIT_15_v1.0.csv,csv,2381,007364bb011c6e4ee5a63b342e0fcf1d04557c8b9d08dee7e63fb9cf06680319,16
STEP SYNC CORE/RUMAHAGEN_STEP07-A_DOCUMENT_COVERAGE_AND_DEPENDENCY_SYNCHRONIZATION_MATRIX_FULL_v1.1__EXTRACTED/00_PREVIOUS_STEP07-A_v1.0/00_INPUT_STEP07_v1.1__EXTRACTED/00_PREVIOUS_STEP07_v1.0/05_STEP07_CURRENT_M01-M15_AUTHORITY_REGISTER_15_v1.0.csv,csv,4086,ded1b6093590cdbf85ef85e6265dec40e8f78dda6ac1fbe8b8e90e2f6c6e4b1f,16
STEP SYNC CORE/RUMAHAGEN_STEP07-A_DOCUMENT_COVERAGE_AND_DEPENDENCY_SYNCHRONIZATION_MATRIX_FULL_v1.1__EXTRACTED/00_PREVIOUS_STEP07-A_v1.0/00_INPUT_STEP07_v1.1__EXTRACTED/00_PREVIOUS_STEP07_v1.0/02_STEP07_UPSTREAM_PACKAGE_IDENTITY_v1.0.csv,csv,852,fbf9c01953ace9a15c05450028c58c9adf17761d8f515a0ed9f556528d274a79,7
STEP SYNC CORE/RUMAHAGEN_STEP07-A_DOCUMENT_COVERAGE_AND_DEPENDENCY_SYNCHRONIZATION_MATRIX_FULL_v1.1__EXTRACTED/00_PREVIOUS_STEP07-A_v1.0/00_INPUT_STEP07_v1.1__EXTRACTED/00_PREVIOUS_STEP07_v1.0/03_STEP07_STEP_SYNC_CORE_CURRENT_EMBEDDED_INVENTORY_v1.0.csv,csv,1054,ba6e07fe559286951f86a2639bfcff5c4c0c803432ccecb264c6b970958d9d00,7
STEP SYNC CORE/RUMAHAGEN_STEP08_BUSINESS_RULES_BASELINE_CONSOLIDATED_FULL_v1.1_CORRECTED__EXTRACTED/12_OUTPUT_MANIFEST_SHA256_v1.1.csv,csv,1283,555cb01cd24db669cc0eb0f85e1a6a4c70d9b65049e9a15dd973751edaca0f52,13
STEP SYNC CORE/RUMAHAGEN_STEP08_BUSINESS_RULES_BASELINE_CONSOLIDATED_FULL_v1.1_CORRECTED__EXTRACTED/11_GATE_CHECKLIST.csv,csv,1228,b491038b3fd8332bfee9d52f244a3125e3002ed28a1e9de2412be2dda5db4799,14
STEP SYNC CORE/RUMAHAGEN_STEP08_BUSINESS_RULES_BASELINE_CONSOLIDATED_FULL_v1.1_CORRECTED__EXTRACTED/06_ACTOR_OWNERSHIP_AUTHORITY.csv,csv,1890,03fec6f9705fe440b67e2a437cb329e7d4089f870033925872669ba9fab2440b,16
STEP SYNC CORE/RUMAHAGEN_STEP08_BUSINESS_RULES_BASELINE_CONSOLIDATED_FULL_v1.1_CORRECTED__EXTRACTED/05_LIFECYCLE_RULE_MATRIX.csv,csv,1511,2ecd189e9351d0f24972733b4d39770055bcea88f11b9b0c6022c5ca01e8366b,10
STEP SYNC CORE/RUMAHAGEN_STEP08_BUSINESS_RULES_BASELINE_CONSOLIDATED_FULL_v1.1_CORRECTED__EXTRACTED/RUMAHAGEN_BUSINESS_RULES_BASELINE_CONSOLIDATED_STEP08_v1.1.md,md,110829,a499082839f3343a8fa99744f66dfa49abfe43cb512d99e280078bfea07011fd,2735
STEP SYNC CORE/RUMAHAGEN_STEP08_BUSINESS_RULES_BASELINE_CONSOLIDATED_FULL_v1.1_CORRECTED__EXTRACTED/08_CONFLICT_APPLICATION.csv,csv,7495,356ab6be6d4d1e5634b9d3551cba7579275c1c3b03225588a55f694a1704ce2a,8
STEP SYNC CORE/RUMAHAGEN_STEP08_BUSINESS_RULES_BASELINE_CONSOLIDATED_FULL_v1.1_CORRECTED__EXTRACTED/07_CONFIGURABLE_PARAMETER_REGISTER.csv,csv,959,6c598c255552e7985f6fe48009cb0dd7743b159ca044313dadce6385bfc9d236,10
STEP SYNC CORE/RUMAHAGEN_STEP08_BUSINESS_RULES_BASELINE_CONSOLIDATED_FULL_v1.1_CORRECTED__EXTRACTED/02_RULE_PROVENANCE_REGISTER.csv,csv,268039,9c1796f1bd6fca9d6b99d2ff5cfdf783752bddf73475c1d3ffcb604845ac824b,238
STEP SYNC CORE/RUMAHAGEN_STEP08_BUSINESS_RULES_BASELINE_CONSOLIDATED_FULL_v1.1_CORRECTED__EXTRACTED/03_RULE_SOURCE_MAPPING.csv,csv,238469,a5a092e5f8b9b99e911523eab6f408b71e8dbd789a801286e5f72c1190170ee1,238
STEP SYNC CORE/RUMAHAGEN_STEP08_BUSINESS_RULES_BASELINE_CONSOLIDATED_FULL_v1.1_CORRECTED__EXTRACTED/09_CORE_PRESERVATION_AUDIT.csv,csv,408,34da1892ac0aec411fd2f610f3b2b856d22a0f4706104fae4fa188b4369dd3d3,6
STEP SYNC CORE/RUMAHAGEN_STEP08_BUSINESS_RULES_BASELINE_CONSOLIDATED_FULL_v1.1_CORRECTED__EXTRACTED/00_COMPLETENESS_DEEP_SCAN_AUDIT_v1.1.md,md,2724,b271a506c690c18e97ba154a05be91d2c8e0e15114344a351b6a96deb35c7acb,61
STEP SYNC CORE/RUMAHAGEN_STEP08_BUSINESS_RULES_BASELINE_CONSOLIDATED_FULL_v1.1_CORRECTED__EXTRACTED/04_RULE_DELTA_REGISTER.csv,csv,24737,ed2c3cc5c10088bca129a1ac59130195d7cc35b1359596d3a941fe3aac5b6f1f,74
STEP SYNC CORE/RUMAHAGEN_STEP08_BUSINESS_RULES_BASELINE_CONSOLIDATED_FULL_v1.1_CORRECTED__EXTRACTED/10_DUPLICATE_CONSOLIDATION_AUDIT.csv,csv,31163,75a846d7691dfa7b4cfa32bfc6edc6c4eeef8be6c186863ca2881525545602cd,238
STEP SYNC CORE/RUMAHAGEN_STEP08_BUSINESS_RULES_BASELINE_CONSOLIDATED_FULL_v1.1_CORRECTED__EXTRACTED/README_STEP08_BR_BASELINE_CONSOLIDATED_v1.1.md,md,1179,af3d1171790104849bae4aad5d04968cd9d7f70d09ce0ec654ceef7e10c4d4ff,26
STEP SYNC CORE/RUMAHAGEN_STEP06_ADDitive_SEMANTIC_MERGE_FULL_v1.1__EXTRACTED/README_STEP06_FULL_VERSION_v1.1.md,md,876,efc3fdb4a6082f5e3ef81f8b6e6f768c0ef40a003f76505b1220be87d867c0e4,26
STEP SYNC CORE/RUMAHAGEN_STEP06_ADDitive_SEMANTIC_MERGE_FULL_v1.1__EXTRACTED/15_PRE00_GATE_RECURSIVE_INVENTORY_v1.1.csv,csv,2468,e77a1d0db52917e98b4bfc17d9ef665069648b1049aa0a02e273551a5a5c23d4,19
STEP SYNC CORE/RUMAHAGEN_STEP06_ADDitive_SEMANTIC_MERGE_FULL_v1.1__EXTRACTED/00_M01-M15_CURRENT_AUTHORITY_DEEP_SCAN_MANIFEST_v1.1.csv,csv,7167,1a9393e6e27bba3482734bd235252f03115d2d280d2b2e8734b651dbdd92a7de,16
STEP SYNC CORE/RUMAHAGEN_STEP06_ADDitive_SEMANTIC_MERGE_FULL_v1.1__EXTRACTED/INPUT_GOVERNANCE_v1.3_LOCKED.docx,docx,52353,f8e79957ac273d55ae7a6ac439e23b9afb01fffd6c8f05db70c47308f7c53efb,704
STEP SYNC CORE/RUMAHAGEN_STEP06_ADDitive_SEMANTIC_MERGE_FULL_v1.1__EXTRACTED/16_STEP_SYNC_CORE_RAR_EMBEDDED_PACKAGE_INVENTORY_v1.1.csv,csv,1206,043b071e2823329a0cc722302fd29de26e1745a3959c2d0a7a623bbb77633d5b,6
STEP SYNC CORE/RUMAHAGEN_STEP06_ADDitive_SEMANTIC_MERGE_FULL_v1.1__EXTRACTED/03_STEP06_CORE_DETAIL_PRESERVATION_AUDIT_RECURSIVE_76_v1.1.csv,csv,28492,5cfe4fa51ef4782b1e77044b6dadf2afe273517e95c30f6e6fc1f8c34c452737,77
STEP SYNC CORE/RUMAHAGEN_STEP06_ADDitive_SEMANTIC_MERGE_FULL_v1.1__EXTRACTED/09_STEP06_RECONCILE_APPLICATION_REGISTER_ENHANCED_7_v1.1.csv,csv,7088,3d7aa6eefe09bc712ad70812d5dece20964abedd2b770994474e57fd270347d9,8
STEP SYNC CORE/RUMAHAGEN_STEP06_ADDitive_SEMANTIC_MERGE_FULL_v1.1__EXTRACTED/08_STEP06_ADDITIVE_SEMANTIC_MERGE_REGISTER_FULL_223_v1.1.csv,csv,269163,905a71aca71b3c8d57b13bffa4ec3aa7bd7604060ef98424861bde9211be3135,224
STEP SYNC CORE/RUMAHAGEN_STEP06_ADDitive_SEMANTIC_MERGE_FULL_v1.1__EXTRACTED/17_STEP06_EXECUTION_CHECKLIST_FULL_v1.1.md,md,2168,74d52cc61d37c7cc95c103cb4cca1999a695cc17b50b029fb93caa6330210599,52
STEP SYNC CORE/RUMAHAGEN_STEP06_ADDitive_SEMANTIC_MERGE_FULL_v1.1__EXTRACTED/00_STEP06_FULL_REPORT_v1.1.md,md,6680,0b3337b4b22d7d7163ff6a933c4e204075851bd7c28253176d8a28f4cb5acb22,110
STEP SYNC CORE/RUMAHAGEN_STEP06_ADDitive_SEMANTIC_MERGE_FULL_v1.1__EXTRACTED/01_STEP06_INPUT_DEEP_SCAN_MANIFEST_v1.1.csv,csv,1091,3ee08c08d66f733efb5f3a1fa6f280a9507e25c5dbde1c82bfc85dd89d8edb78,7
STEP SYNC CORE/RUMAHAGEN_STEP06_ADDitive_SEMANTIC_MERGE_FULL_v1.1__EXTRACTED/02_M01-M15_RECON_RECURSIVE_DEEP_SCAN_INVENTORY_v1.1.csv,csv,596606,705c16a17962bb65f797f91d1238912a6669926f7dbeb250e279ecc79fe46de3,2375
STEP SYNC CORE/RUMAHAGEN_STEP06_ADDitive_SEMANTIC_MERGE_FULL_v1.1__EXTRACTED/13_STEP06_CLOSURE_AND_GATE_AUDIT_v1.1.csv,csv,586,efd84d445a4cfd7045e4a3ccfd1dc7e5f13ede4b038fae7ff335f2eaf6068890,2
STEP SYNC CORE/RUMAHAGEN_STEP06_ADDitive_SEMANTIC_MERGE_FULL_v1.1__EXTRACTED/11_STEP06_AUTHORITY_PRESERVATION_AUDIT_v1.1.csv,csv,5859,867712f789a54cd989e06508b8487824c184936529d82bf84f6dc9ae79abe802,16
STEP SYNC CORE/RUMAHAGEN_STEP06_ADDitive_SEMANTIC_MERGE_FULL_v1.1__EXTRACTED/14_STEP06_SEMANTIC_MERGE_CANDIDATE_FULL_v1.1.md,md,30312,d6968aeaf9fae302f37b5c2cccec44bbe3f8466b5af75e452d39d46d74e6c90c,435
STEP SYNC CORE/RUMAHAGEN_STEP06_ADDitive_SEMANTIC_MERGE_FULL_v1.1__EXTRACTED/12_STEP06_PROVENANCE_COMPLETENESS_REGISTER_FULL_223_v1.1.csv,csv,209259,8c9eb5abe95763e99e272e10c812e53e4b53751d6f69fc24a33b2c0ddcafa732,224
STEP SYNC CORE/RUMAHAGEN_STEP06_ADDitive_SEMANTIC_MERGE_FULL_v1.1__EXTRACTED/06_STEP06_RULE_DELTA_UPDATE_AUDIT_FULL_73_v1.1.csv,csv,24737,ed2c3cc5c10088bca129a1ac59130195d7cc35b1359596d3a941fe3aac5b6f1f,74
STEP SYNC CORE/RUMAHAGEN_STEP06_ADDitive_SEMANTIC_MERGE_FULL_v1.1__EXTRACTED/18_STEP06_DEPENDENCY_HANDOFF_v1.1.md,md,1424,29bb6de6cdb0785366e856ff2569a2629411c7e243cbb1f584e6ad88005a1478,31
STEP SYNC CORE/RUMAHAGEN_STEP06_ADDitive_SEMANTIC_MERGE_FULL_v1.1__EXTRACTED/19_STEP06_OUTPUT_MANIFEST_SHA256_v1.1.csv,csv,2805,9616595936bdf8c6508d77cbcdc61e9abb6f9a30c83bdc38b5b794e769a68c9e,24
STEP SYNC CORE/RUMAHAGEN_STEP06_ADDitive_SEMANTIC_MERGE_FULL_v1.1__EXTRACTED/07_STEP06_DUPLICATE_SEMANTIC_CONSOLIDATION_AUDIT_FULL_223_v1.1.csv,csv,89339,d3d8f15cd47e90f93c647d417c077240d75b3aabd355b7420ccbaa5a616f8798,224
STEP SYNC CORE/RUMAHAGEN_STEP06_ADDitive_SEMANTIC_MERGE_FULL_v1.1__EXTRACTED/10_STEP06_NO_REPLACEMENT_DELETION_CONTENT_AUDIT_FULL_76_v1.1.csv,csv,25777,dad22bac641a18359a7e4a97d3076b8c83ae45e025cdcab2a399e57d2e030d39,77
STEP SYNC CORE/RUMAHAGEN_STEP06_ADDitive_SEMANTIC_MERGE_FULL_v1.1__EXTRACTED/04_STEP06_GRANULAR_SEMANTIC_DIFF_CORE_VS_M01-M15_FULL_223_v1.1.csv,csv,534139,691ba4b4059a0559dcc91fa8147256fd40231e8c078b7dd47fd6542f0dc7d352,224
STEP SYNC CORE/RUMAHAGEN_STEP06_ADDitive_SEMANTIC_MERGE_FULL_v1.1__EXTRACTED/05_STEP06_LIFECYCLE_PRESERVATION_MATRIX_23_TARGETS_v1.1.csv,csv,61967,c68c8d10a8f0db8fb6784a8ef451cd7f3b709f2e7d4d049e70d4b7a8d3ae4ee1,22
STEP SYNC CORE/RUMAHAGEN_STEP06_ADDitive_SEMANTIC_MERGE_FULL_v1.1__EXTRACTED/HISTORICAL_STEP06_v1.0.zip,zip,54130,92ff14839e9a9d52f3d7f97f65d4f8fe944120326fb838ae2637ad700e68b353,
STEP SYNC CORE/RUMAHAGEN_STEP06_ADDitive_SEMANTIC_MERGE_FULL_v1.1__EXTRACTED/HISTORICAL_STEP06_v1.0__EXTRACTED/RUMAHAGEN_STEP06_ADDitive_SEMANTIC_MERGE_FULL_v1.0/08_STEP06_PROVENANCE_REGISTER_FULL_v1.0.csv,csv,175197,9ca4d557769f0b9298962d7f4811b5960c4b5ff13d23925e852a3fd92126259e,224
STEP SYNC CORE/RUMAHAGEN_STEP06_ADDitive_SEMANTIC_MERGE_FULL_v1.1__EXTRACTED/HISTORICAL_STEP06_v1.0__EXTRACTED/RUMAHAGEN_STEP06_ADDitive_SEMANTIC_MERGE_FULL_v1.0/06_STEP06_AUTHORITY_PRESERVATION_AUDIT_v1.0.csv,csv,5405,1b7d6126a1bb5e6257b2042211f54b172080ce2b230402defc1e6c3caa58ceeb,16
STEP SYNC CORE/RUMAHAGEN_STEP06_ADDitive_SEMANTIC_MERGE_FULL_v1.1__EXTRACTED/HISTORICAL_STEP06_v1.0__EXTRACTED/RUMAHAGEN_STEP06_ADDitive_SEMANTIC_MERGE_FULL_v1.0/12_STEP06_OUTPUT_MANIFEST_SHA256_v1.0.csv,csv,1552,d18630df9bed018f4f7d8ae315081754345e2e3a88994611f5c49232ce45af39,14
STEP SYNC CORE/RUMAHAGEN_STEP06_ADDitive_SEMANTIC_MERGE_FULL_v1.1__EXTRACTED/HISTORICAL_STEP06_v1.0__EXTRACTED/RUMAHAGEN_STEP06_ADDitive_SEMANTIC_MERGE_FULL_v1.0/README_STEP06_FULL_VERSION_v1.0.md,md,1421,6df285f25e934da3064464359ae5ea39b591f581a973286737888de6dfb72386,27
STEP SYNC CORE/RUMAHAGEN_STEP06_ADDitive_SEMANTIC_MERGE_FULL_v1.1__EXTRACTED/HISTORICAL_STEP06_v1.0__EXTRACTED/RUMAHAGEN_STEP06_ADDitive_SEMANTIC_MERGE_FULL_v1.0/05_STEP06_RECONCILE_APPLICATION_REGISTER_FULL_v1.0.csv,csv,5924,96893717b916478768ae84d0b584d9aefe0a8871557a8414b64cadb5eef5d6a7,8
STEP SYNC CORE/RUMAHAGEN_STEP06_ADDitive_SEMANTIC_MERGE_FULL_v1.1__EXTRACTED/HISTORICAL_STEP06_v1.0__EXTRACTED/RUMAHAGEN_STEP06_ADDitive_SEMANTIC_MERGE_FULL_v1.0/01_STEP06_INPUT_DEEP_SCAN_MANIFEST_v1.0.csv,csv,1828,f5ee3a3a22b8fdebd1a0d4a02a64f32ba13ab55f5c6cb81807baaba299d4eb97,10
STEP SYNC CORE/RUMAHAGEN_STEP06_ADDitive_SEMANTIC_MERGE_FULL_v1.1__EXTRACTED/HISTORICAL_STEP06_v1.0__EXTRACTED/RUMAHAGEN_STEP06_ADDitive_SEMANTIC_MERGE_FULL_v1.0/10_STEP06_DEPENDENCY_HANDOFF_v1.0.md,md,940,4201dec42e5790a90774045afe672aa1e7ae68fe531c1accda90e1219103b16a,31
STEP SYNC CORE/RUMAHAGEN_STEP06_ADDitive_SEMANTIC_MERGE_FULL_v1.1__EXTRACTED/HISTORICAL_STEP06_v1.0__EXTRACTED/RUMAHAGEN_STEP06_ADDitive_SEMANTIC_MERGE_FULL_v1.0/11_STEP06_EXECUTION_CHECKLIST_v1.0.md,md,1203,9d79af3bf800012cf1aa321becb81576422b8b5ae99c7a0653c95b05d03d69d3,27
STEP SYNC CORE/RUMAHAGEN_STEP06_ADDitive_SEMANTIC_MERGE_FULL_v1.1__EXTRACTED/HISTORICAL_STEP06_v1.0__EXTRACTED/RUMAHAGEN_STEP06_ADDitive_SEMANTIC_MERGE_FULL_v1.0/00_STEP06_FULL_REPORT_v1.0.md,md,3845,a22fbf6c76ed62c4591ce1372fde5222c6d9d2e6efaac9510e658d81d496a4f3,65
STEP SYNC CORE/RUMAHAGEN_STEP06_ADDitive_SEMANTIC_MERGE_FULL_v1.1__EXTRACTED/HISTORICAL_STEP06_v1.0__EXTRACTED/RUMAHAGEN_STEP06_ADDitive_SEMANTIC_MERGE_FULL_v1.0/02_STEP06_ADDITIVE_SEMANTIC_MERGE_REGISTER_FULL_v1.0.csv,csv,207816,d8de5eea85700708decd24db2c622a640257e36b0f7b1da2f4ed98a3cc267305,224
STEP SYNC CORE/RUMAHAGEN_STEP06_ADDitive_SEMANTIC_MERGE_FULL_v1.1__EXTRACTED/HISTORICAL_STEP06_v1.0__EXTRACTED/RUMAHAGEN_STEP06_ADDitive_SEMANTIC_MERGE_FULL_v1.0/03_STEP06_CORE_DETAIL_PRESERVATION_MATRIX_FULL_v1.0.csv,csv,38383,7b008e4a965f87f2a09509c155e279bebb25548752ab5ced014588831db42a49,77
STEP SYNC CORE/RUMAHAGEN_STEP06_ADDitive_SEMANTIC_MERGE_FULL_v1.1__EXTRACTED/HISTORICAL_STEP06_v1.0__EXTRACTED/RUMAHAGEN_STEP06_ADDitive_SEMANTIC_MERGE_FULL_v1.0/07_STEP06_NO_REPLACEMENT_DELETION_AUDIT_FULL_v1.0.csv,csv,12993,27f0d51c199e973153db6a6bbd814e7510e0c6ebe0c168281f9e1d3cdab4889a,48
STEP SYNC CORE/RUMAHAGEN_STEP06_ADDitive_SEMANTIC_MERGE_FULL_v1.1__EXTRACTED/HISTORICAL_STEP06_v1.0__EXTRACTED/RUMAHAGEN_STEP06_ADDitive_SEMANTIC_MERGE_FULL_v1.0/09_STEP06_SEMANTIC_MERGE_CANDIDATE_v1.0.md,md,34804,b11653e7c8c9dbda223bb2ac11f1c3340daa0c14487480bdc41a77b908bd62fd,631
STEP SYNC CORE/RUMAHAGEN_STEP06_ADDitive_SEMANTIC_MERGE_FULL_v1.1__EXTRACTED/HISTORICAL_STEP06_v1.0__EXTRACTED/RUMAHAGEN_STEP06_ADDitive_SEMANTIC_MERGE_FULL_v1.0/04_STEP06_RECON_DELTA_PROPAGATION_REGISTER_FULL_v1.0.csv,csv,51088,f081787ae8fbd979ac0395529200685d2a7f1339c636f3e9824d38a2bff96650,74
STEP SYNC CORE/STEP09_PREPARATION_PACKAGE_v1.0__EXTRACTED/STEP09_PREPARATION_v1.0/STEP09_PREPARATION_CHECKLIST_v1.0.csv,csv,984,cbb39d6fef3ffef40b13ae9f58dc1cf16d13855b66b0b21e005a35523e41931b,8
STEP SYNC CORE/STEP09_PREPARATION_PACKAGE_v1.0__EXTRACTED/STEP09_PREPARATION_v1.0/STEP09_INPUT_MANIFEST_v1.0.csv,csv,1645,79474347de4455afff462758e1e1cc269008bc3ef6ad39331e3e83f1e19df6b2,13
STEP SYNC CORE/STEP09_PREPARATION_PACKAGE_v1.0__EXTRACTED/STEP09_PREPARATION_v1.0/STEP09_INPUT_DEEP_SCAN_AND_READINESS_GATE_v1.0.md,md,10283,c7834aba063e21c09fe69e4b213b196af236bf0067a12b13431ceff00358ced7,187
STEP SYNC CORE/RUMAHAGEN_STEP02_MASTER_RECON_INVENTORY_FULL_v1.1__EXTRACTED/07_STEP02_CONFLICT_RESIDUAL_INVENTORY.csv,csv,1393,5efd1281b04c951b1a3240c3c248cd0986588ae994077cad0d1b540380416025,5
STEP SYNC CORE/RUMAHAGEN_STEP02_MASTER_RECON_INVENTORY_FULL_v1.1__EXTRACTED/05_STEP02_SCOPE_CAPABILITY_INVENTORY.csv,csv,3637,e4c598fab2e232bd0433c0423bab1a287f793c5b400a9f2393cba1b394f3d383,16
STEP SYNC CORE/RUMAHAGEN_STEP02_MASTER_RECON_INVENTORY_FULL_v1.1__EXTRACTED/00_STEP02_OUTPUT_MANIFEST_SHA256_v1.1.csv,csv,1179,e603527a0a60891c1ad015f60465c6d93041edbeaaa3a4133998843152d15074,11
STEP SYNC CORE/RUMAHAGEN_STEP02_MASTER_RECON_INVENTORY_FULL_v1.1__EXTRACTED/04_STEP02_HISTORICAL_SUPERSEDED_SUPPORTING_REGISTER.csv,csv,3593,ddbbc9de84eba1f85dd96e3c5f960b743aaefce63b03fba5a9d7d4e6280bf9b8,19
STEP SYNC CORE/RUMAHAGEN_STEP02_MASTER_RECON_INVENTORY_FULL_v1.1__EXTRACTED/03_STEP02_CURRENT_AUTHORITY_REGISTER.csv,csv,4105,7e3f538cca6b4bfaf74d4ccc461972515c7012a92eb8363b7559137c3e3b8d77,16
STEP SYNC CORE/RUMAHAGEN_STEP02_MASTER_RECON_INVENTORY_FULL_v1.1__EXTRACTED/08_STEP02_CHECKLIST_VERIFICATION.csv,csv,1455,b6b024aa93a2434c2f602ac1f48e3e205f37fb2967552f62f638cf5a473819bf,11
STEP SYNC CORE/RUMAHAGEN_STEP02_MASTER_RECON_INVENTORY_FULL_v1.1__EXTRACTED/09_STEP02_INTEGRATION_READINESS_REGISTER.csv,csv,1566,9e554570b46062796ba8dfea0d5710ad827a873c01fa39aa46e8b13adea36baf,16
STEP SYNC CORE/RUMAHAGEN_STEP02_MASTER_RECON_INVENTORY_FULL_v1.1__EXTRACTED/02_STEP02_M01-M15_ARTIFACT_INVENTORY_FULL.csv,csv,1138437,37215d93fe38f93196eafcc909674090320038e63889c932db6574eaba3f9818,2375
STEP SYNC CORE/RUMAHAGEN_STEP02_MASTER_RECON_INVENTORY_FULL_v1.1__EXTRACTED/README_STEP02_FULL_VERSION_v1.1.md,md,929,fe8facf7f29321a2f550f40701380c64203037d0f8b4cac5f86b00824ce5a9a0,20
STEP SYNC CORE/RUMAHAGEN_STEP02_MASTER_RECON_INVENTORY_FULL_v1.1__EXTRACTED/06_STEP02_CROSS_MODULE_DEPENDENCY_MATRIX.csv,csv,19221,0bdb7ccf447e30a56172ad4f79239aa8bd2026cdb2ac1d6854ddad07ddf6277d,74
STEP SYNC CORE/RUMAHAGEN_STEP02_MASTER_RECON_INVENTORY_FULL_v1.1__EXTRACTED/01_STEP02_MASTER_RECON_INVENTORY_FULL_v1.1.md,md,5855,00cf36c97972683a8b784182838f666735aa0c52fc353349e7e128cedefa6d56,93
STEP SYNC CORE/RUMAHAGEN_STEP03_CORE_ARTIFACT_MAP_FULL_v1.3_CORRECTED_FULL_REBUILD (1)__EXTRACTED/10_STEP03_CHECKLIST_VERIFICATION_v1.3.csv,csv,1203,c0351c33449b7761be061a3f0ce42c00b915d405b9c3ef3dbad8721a8932faf4,15
STEP SYNC CORE/RUMAHAGEN_STEP03_CORE_ARTIFACT_MAP_FULL_v1.3_CORRECTED_FULL_REBUILD (1)__EXTRACTED/00_OUTPUT_MANIFEST_SHA256_v1.3.csv,csv,1501,cbf53d0da6672b12772b2395fbe78e263d252918cd8b0a28eff90e4e33ce59d5,14
STEP SYNC CORE/RUMAHAGEN_STEP03_CORE_ARTIFACT_MAP_FULL_v1.3_CORRECTED_FULL_REBUILD (1)__EXTRACTED/01_STEP03_CORE_ARTIFACT_MAP_FULL_REPORT_v1.3.md,md,3942,2171c607d536eb0bc3e6770265d9f71b45961f2c76c18d31508ad2de717f52e7,84
STEP SYNC CORE/RUMAHAGEN_STEP03_CORE_ARTIFACT_MAP_FULL_v1.3_CORRECTED_FULL_REBUILD (1)__EXTRACTED/02_STEP03_CORE_ARTIFACT_MAP_FULL_v1.3.csv,csv,109151,df9506e78510f7e891ed800abddabef2495a0545c12d4ca1f0f6321500c6182e,77
STEP SYNC CORE/RUMAHAGEN_STEP03_CORE_ARTIFACT_MAP_FULL_v1.3_CORRECTED_FULL_REBUILD (1)__EXTRACTED/09_STEP04_REOPEN_FEEDBACK_REGISTER_v1.3.csv,csv,1576,23a8d5405366bfbe2b17a063ce25eeb10ed8387e75d840b38a94744acd1a4f23,12
STEP SYNC CORE/RUMAHAGEN_STEP03_CORE_ARTIFACT_MAP_FULL_v1.3_CORRECTED_FULL_REBUILD (1)__EXTRACTED/07_STEP03_DEPENDENCY_HANDOFF_MATRIX_v1.3.csv,csv,95744,6bd5b50154f0ca6964bf82729e3101d0f9a0e8ffdb872e54ef15599eec1996e2,211
STEP SYNC CORE/RUMAHAGEN_STEP03_CORE_ARTIFACT_MAP_FULL_v1.3_CORRECTED_FULL_REBUILD (1)__EXTRACTED/06_STEP03_MODULE_HANDOFF_SUMMARY_v1.3.csv,csv,12936,315730ab062d2b4fdd240fd60ae0405a3018d4616992bbf3c9d9ccb07c5ab6ee,16
STEP SYNC CORE/RUMAHAGEN_STEP03_CORE_ARTIFACT_MAP_FULL_v1.3_CORRECTED_FULL_REBUILD (1)__EXTRACTED/08_STEP03_RESIDUAL_AND_ORPHAN_AUDIT_v1.3.csv,csv,2319,f17714695906a4575d15118b5f9e1487165b3d6973638301090e5d749c1d9dc0,11
STEP SYNC CORE/RUMAHAGEN_STEP03_CORE_ARTIFACT_MAP_FULL_v1.3_CORRECTED_FULL_REBUILD (1)__EXTRACTED/00_INPUT_DEEP_SCAN_MANIFEST_v1.3.csv,csv,1177,72a21432039b13e0f90f0bd6028389b42adced418fd38501e906062174a5fb8a,9
STEP SYNC CORE/RUMAHAGEN_STEP03_CORE_ARTIFACT_MAP_FULL_v1.3_CORRECTED_FULL_REBUILD (1)__EXTRACTED/03_STEP03_AUTHORITY_RESOLUTION_REGISTER_v1.3.csv,csv,38387,6459a6078ab823e659d13d221717f154e831a105b384001397969cd555c214e1,77
STEP SYNC CORE/RUMAHAGEN_STEP03_CORE_ARTIFACT_MAP_FULL_v1.3_CORRECTED_FULL_REBUILD (1)__EXTRACTED/04_STEP03_M01-M15_CORE_RELATIONSHIP_EVIDENCE_FULL_v1.3.csv,csv,1080561,193ef5b7ce3bd3f040b4680866462d59d950fa92971784a5cc916c16ef20428a,884
STEP SYNC CORE/RUMAHAGEN_STEP03_CORE_ARTIFACT_MAP_FULL_v1.3_CORRECTED_FULL_REBUILD (1)__EXTRACTED/05_STEP03_FINDING_TO_CORE_DETERMINISTIC_LINKAGE_FULL_v1.3.csv,csv,235722,b995208421b951c6e99f01d28df544a1266d87fa50babae0a7dae17374dc5900,224
STEP SYNC CORE/RUMAHAGEN_STEP03_CORE_ARTIFACT_MAP_FULL_v1.3_CORRECTED_FULL_REBUILD (1)__EXTRACTED/README_STEP03_FULL_VERSION_v1.3.md,md,1230,c6e14e62415c2bdb86e107fad67b2524a29a2ff3f2c8e8fc1b17a68b60511a3f,29
STEP SYNC CORE/RUMAHAGEN_STEP07_CROSS_MODULE_AUTHORITY_AND_COMPLETE_INTEGRATION_COVERAGE_FULL_v1.1__EXTRACTED/09_STEP07_v1.1_ORPHAN_CONTROL_REGISTER.csv,csv,9714,d0a621b40292ecf623151dd02cd9b69a8f1f153f04c1bf71077a47acf4bb2cd8,55
STEP SYNC CORE/RUMAHAGEN_STEP07_CROSS_MODULE_AUTHORITY_AND_COMPLETE_INTEGRATION_COVERAGE_FULL_v1.1__EXTRACTED/08_STEP07_v1.1_COMPLETE_INTEGRATION_COVERAGE_LEDGER_54.csv,csv,8120,7bd432d186b09910eb387a43d53761ce6a6cb32d481c4f1f1514a6d4e87a0c66,55
STEP SYNC CORE/RUMAHAGEN_STEP07_CROSS_MODULE_AUTHORITY_AND_COMPLETE_INTEGRATION_COVERAGE_FULL_v1.1__EXTRACTED/01_STEP07_v1.1_INPUT_IDENTITY_SHA256.csv,csv,772,3acf1b51c0d4bc72d1f9a8bb546bb38cb5a1a6f1ad70fefb215ca6719e25dadf,6
STEP SYNC CORE/RUMAHAGEN_STEP07_CROSS_MODULE_AUTHORITY_AND_COMPLETE_INTEGRATION_COVERAGE_FULL_v1.1__EXTRACTED/17_STEP07_v1.1_FINAL_GATE_CHECKLIST.csv,csv,1374,062c908a8148a52abbbd391ea7f067108789e9082bae74edda474668a1efc665,27
STEP SYNC CORE/RUMAHAGEN_STEP07_CROSS_MODULE_AUTHORITY_AND_COMPLETE_INTEGRATION_COVERAGE_FULL_v1.1__EXTRACTED/14_STEP07_v1.1_DEEP_SCAN_COVERAGE_SUMMARY.csv,csv,922,4293605e37395510dbf22386f0f882a7299e67e407256e0f97ff79102f3d078b,12
STEP SYNC CORE/RUMAHAGEN_STEP07_CROSS_MODULE_AUTHORITY_AND_COMPLETE_INTEGRATION_COVERAGE_FULL_v1.1__EXTRACTED/12_STEP07_v1.1_AUTHORITY_RELATIONSHIP_REGISTER_PHYSICAL_COUNT_CORRECTED.csv,csv,6404,c420bc243fc2b981609c6ce22750fa0906944ae10cd6830ae18aab58df49084b,47
STEP SYNC CORE/RUMAHAGEN_STEP07_CROSS_MODULE_AUTHORITY_AND_COMPLETE_INTEGRATION_COVERAGE_FULL_v1.1__EXTRACTED/15_STEP07_v1.1_MODULE_COVERAGE_CONTROL_SUMMARY.csv,csv,293,ed850fcf37c8c0cca316e3d902dfd2e55e102252c052d896d8dfa7ac2da71f9f,30
STEP SYNC CORE/RUMAHAGEN_STEP07_CROSS_MODULE_AUTHORITY_AND_COMPLETE_INTEGRATION_COVERAGE_FULL_v1.1__EXTRACTED/06_STEP07_v1.1_M01-M15_AUTHORITY_REGISTER_15_PRESERVED.csv,csv,4086,ded1b6093590cdbf85ef85e6265dec40e8f78dda6ac1fbe8b8e90e2f6c6e4b1f,16
STEP SYNC CORE/RUMAHAGEN_STEP07_CROSS_MODULE_AUTHORITY_AND_COMPLETE_INTEGRATION_COVERAGE_FULL_v1.1__EXTRACTED/11_STEP07_v1.1_CORE_AUTHORITY_RECONCILIATION_76_PRESERVED.csv,csv,52088,72fd74b931afcdccf94058151f532dc98dc75646c2070f6eed8a4b5b3aef85a6,77
STEP SYNC CORE/RUMAHAGEN_STEP07_CROSS_MODULE_AUTHORITY_AND_COMPLETE_INTEGRATION_COVERAGE_FULL_v1.1__EXTRACTED/00_STEP07_FULL_REPORT_v1.1.md,md,5648,6d034788a6c55f4e821f4613c46db1e2a95c141290789d48c3c2f9ee7e6c28b5,147
STEP SYNC CORE/RUMAHAGEN_STEP07_CROSS_MODULE_AUTHORITY_AND_COMPLETE_INTEGRATION_COVERAGE_FULL_v1.1__EXTRACTED/04_STEP07_v1.1_PRE00_COMPLETE_ARTIFACT_COVERAGE_18.csv,csv,4527,41dfeca4324b2a0066bdaa05fd624be9f75b65016a54db693926ed6ad1020f48,19
STEP SYNC CORE/RUMAHAGEN_STEP07_CROSS_MODULE_AUTHORITY_AND_COMPLETE_INTEGRATION_COVERAGE_FULL_v1.1__EXTRACTED/10_STEP07_v1.1_CROSS_MODULE_BOUNDARY_REGISTER_15_PRESERVED.csv,csv,3314,929e2b4f81ca452ba7923251a8826816400ae487ab61ecada2f0ab9941d3e23f,16
STEP SYNC CORE/RUMAHAGEN_STEP07_CROSS_MODULE_AUTHORITY_AND_COMPLETE_INTEGRATION_COVERAGE_FULL_v1.1__EXTRACTED/05_STEP07_v1.1_CORE_V1.3_FROZEN_ARTIFACT_COVERAGE_76.csv,csv,21321,d6aa5b50017b98414fa700a63f5c8c5f5dd693b9f24d166e349069add5a9fbe8,77
STEP SYNC CORE/RUMAHAGEN_STEP07_CROSS_MODULE_AUTHORITY_AND_COMPLETE_INTEGRATION_COVERAGE_FULL_v1.1__EXTRACTED/07_STEP07_v1.1_FINDING_AUTHORITY_RECONCILIATION_223_PRESERVED.csv,csv,88978,03e9dc09ce7105b6487f03eea675c7cd497d73e6b728933fac30cd2fda3d1411,224
STEP SYNC CORE/RUMAHAGEN_STEP07_CROSS_MODULE_AUTHORITY_AND_COMPLETE_INTEGRATION_COVERAGE_FULL_v1.1__EXTRACTED/18_STEP07_v1.1_OUTPUT_MANIFEST_SHA256.csv,csv,5252,266c27087a5d8c7f2968c51c023f36fb20d1844f12f55bf35ce19b444a19691a,40
STEP SYNC CORE/RUMAHAGEN_STEP07_CROSS_MODULE_AUTHORITY_AND_COMPLETE_INTEGRATION_COVERAGE_FULL_v1.1__EXTRACTED/README_STEP07_FULL_VERSION_v1.1.md,md,666,4db140bb1092af0fa32e6768562a66bdbd597a1a7db5c53d97ed35e96711d182,17
STEP SYNC CORE/RUMAHAGEN_STEP07_CROSS_MODULE_AUTHORITY_AND_COMPLETE_INTEGRATION_COVERAGE_FULL_v1.1__EXTRACTED/02_STEP07_v1.1_STEP_SYNC_CORE_RAR_MEMBER_INVENTORY.csv,csv,512,1142d2c3d29fc6bd2bf2273d972f00a49894174c8c8be89914a8643637e2c2d3,7
STEP SYNC CORE/RUMAHAGEN_STEP07_CROSS_MODULE_AUTHORITY_AND_COMPLETE_INTEGRATION_COVERAGE_FULL_v1.1__EXTRACTED/13_STEP07_v1.1_CORRECTION_AND_HARDENING_REGISTER.csv,csv,1188,014ace69337e7430b11b88490e150bf121729a413d1e6670e560c68407dff7f5,11
STEP SYNC CORE/RUMAHAGEN_STEP07_CROSS_MODULE_AUTHORITY_AND_COMPLETE_INTEGRATION_COVERAGE_FULL_v1.1__EXTRACTED/16_STEP07_v1.1_AUTHORITY_GRAPH_PRESERVED.json,json,11630,00893c840e08dec1f52e7473af6f1959d94ec52069a5498d9786131c101e4347,463
STEP SYNC CORE/RUMAHAGEN_STEP07_CROSS_MODULE_AUTHORITY_AND_COMPLETE_INTEGRATION_COVERAGE_FULL_v1.1__EXTRACTED/03_STEP07_v1.1_RECURSIVE_SOURCE_ARTIFACT_INVENTORY_2374.csv,csv,736030,1e85da2725cd6d5142239071936c4d4d4a626b8a5403a567683ed72f5182c066,2489
STEP SYNC CORE/RUMAHAGEN_STEP07_CROSS_MODULE_AUTHORITY_AND_COMPLETE_INTEGRATION_COVERAGE_FULL_v1.1__EXTRACTED/00_PREVIOUS_STEP07_v1.0/14_STEP07_PROVENANCE_REGISTER_223_v1.0.csv,csv,129107,2a7e7ec1b18702ac77a4a971bfbc25bbed038e2d662bcf23f944b88ce7e73383,224
STEP SYNC CORE/RUMAHAGEN_STEP07_CROSS_MODULE_AUTHORITY_AND_COMPLETE_INTEGRATION_COVERAGE_FULL_v1.1__EXTRACTED/00_PREVIOUS_STEP07_v1.0/12_STEP07_SEMANTIC_AUTHORITY_CYCLE_AUDIT_v1.0.csv,csv,626,c8024bfc2b51107ea1768f670c626f80a484270983defea03a7bb92b258f47c0,16
STEP SYNC CORE/RUMAHAGEN_STEP07_CROSS_MODULE_AUTHORITY_AND_COMPLETE_INTEGRATION_COVERAGE_FULL_v1.1__EXTRACTED/00_PREVIOUS_STEP07_v1.0/09_STEP07_FINDING_LEVEL_AUTHORITY_RECONCILIATION_223_v1.0.csv,csv,88978,03e9dc09ce7105b6487f03eea675c7cd497d73e6b728933fac30cd2fda3d1411,224
STEP SYNC CORE/RUMAHAGEN_STEP07_CROSS_MODULE_AUTHORITY_AND_COMPLETE_INTEGRATION_COVERAGE_FULL_v1.1__EXTRACTED/00_PREVIOUS_STEP07_v1.0/01_STEP07_INPUT_DEEP_SCAN_MANIFEST_v1.0.csv,csv,1360,06c08374e3cbe764cb6e327f86b9fca7c5a2f19385aea5c0a28d8a1e91760eb0,9
STEP SYNC CORE/RUMAHAGEN_STEP07_CROSS_MODULE_AUTHORITY_AND_COMPLETE_INTEGRATION_COVERAGE_FULL_v1.1__EXTRACTED/00_PREVIOUS_STEP07_v1.0/11_STEP07_CORE_AUTHORITY_RECONCILIATION_76_v1.0.csv,csv,52088,72fd74b931afcdccf94058151f532dc98dc75646c2070f6eed8a4b5b3aef85a6,77
STEP SYNC CORE/RUMAHAGEN_STEP07_CROSS_MODULE_AUTHORITY_AND_COMPLETE_INTEGRATION_COVERAGE_FULL_v1.1__EXTRACTED/00_PREVIOUS_STEP07_v1.0/04_STEP07_CORE_BASELINE_IDENTITY_COMPARE_v1.0.csv,csv,483,224324a035454685d6d7626565e69c956c2067980c9e810252cedd5d24dc726d,2
STEP SYNC CORE/RUMAHAGEN_STEP07_CROSS_MODULE_AUTHORITY_AND_COMPLETE_INTEGRATION_COVERAGE_FULL_v1.1__EXTRACTED/00_PREVIOUS_STEP07_v1.0/16_STEP07_FINAL_GATE_CHECKLIST_v1.0.csv,csv,1649,0d8b776af69bd28839cc5a4c1523de065629aef87813873f356d92a635583990,18
STEP SYNC CORE/RUMAHAGEN_STEP07_CROSS_MODULE_AUTHORITY_AND_COMPLETE_INTEGRATION_COVERAGE_FULL_v1.1__EXTRACTED/00_PREVIOUS_STEP07_v1.0/18_STEP07_OUTPUT_MANIFEST_SHA256_v1.0.csv,csv,2332,252a37d4338b69855a20e106e56652bb738d5e0c8fdafe4a7dd9eefa52ba3069,20
STEP SYNC CORE/RUMAHAGEN_STEP07_CROSS_MODULE_AUTHORITY_AND_COMPLETE_INTEGRATION_COVERAGE_FULL_v1.1__EXTRACTED/00_PREVIOUS_STEP07_v1.0/07_STEP07_SEMANTIC_AUTHORITY_BOUNDARY_MATRIX_15_MODULES_v1.0.csv,csv,2253,b888e1c0fb56c7a8c83f5b49e673215afc5a68bbdf12717f36288b58b5e12441,16
STEP SYNC CORE/RUMAHAGEN_STEP07_CROSS_MODULE_AUTHORITY_AND_COMPLETE_INTEGRATION_COVERAGE_FULL_v1.1__EXTRACTED/00_PREVIOUS_STEP07_v1.0/README_STEP07_FULL_VERSION_v1.0.md,md,1240,3885badbf888cb67bc0528a1f477f7b40fbdaca5f283ec6b46c140438bdf2c8d,38
STEP SYNC CORE/RUMAHAGEN_STEP07_CROSS_MODULE_AUTHORITY_AND_COMPLETE_INTEGRATION_COVERAGE_FULL_v1.1__EXTRACTED/00_PREVIOUS_STEP07_v1.0/17_STEP07_AUTHORITY_GRAPH_v1.0.json,json,11630,00893c840e08dec1f52e7473af6f1959d94ec52069a5498d9786131c101e4347,463
STEP SYNC CORE/RUMAHAGEN_STEP07_CROSS_MODULE_AUTHORITY_AND_COMPLETE_INTEGRATION_COVERAGE_FULL_v1.1__EXTRACTED/00_PREVIOUS_STEP07_v1.0/15_STEP07_DEEP_SCAN_COVERAGE_SUMMARY_v1.0.csv,csv,84,316eb1c3631e744f4a8feb60b92bc86b2d0f138e034f07d2b514e87841aa4594,10
STEP SYNC CORE/RUMAHAGEN_STEP07_CROSS_MODULE_AUTHORITY_AND_COMPLETE_INTEGRATION_COVERAGE_FULL_v1.1__EXTRACTED/00_PREVIOUS_STEP07_v1.0/06_STEP07_DEPENDENCY_MATRIX_73_NON_AUTHORITY_EDGES_v1.0.csv,csv,19144,0819c4d91244c1222f64a0009ba16322278f77cd13488db11c2e1efc0061f963,74
STEP SYNC CORE/RUMAHAGEN_STEP07_CROSS_MODULE_AUTHORITY_AND_COMPLETE_INTEGRATION_COVERAGE_FULL_v1.1__EXTRACTED/00_PREVIOUS_STEP07_v1.0/00_STEP07_FULL_REPORT_v1.0.md,md,10364,d426b2850df0cef15d6d9a75612b26d3db5e0c7562a8c6f2e3c6717febbc20a5,221
STEP SYNC CORE/RUMAHAGEN_STEP07_CROSS_MODULE_AUTHORITY_AND_COMPLETE_INTEGRATION_COVERAGE_FULL_v1.1__EXTRACTED/00_PREVIOUS_STEP07_v1.0/08_STEP07_CROSS_MODULE_AUTHORITY_RELATIONSHIP_REGISTER_43_v1.0.csv,csv,4928,86e74d336017578149dffab90ccf8f06445cc28f468ab7f7610e98c25d7de487,47
STEP SYNC CORE/RUMAHAGEN_STEP07_CROSS_MODULE_AUTHORITY_AND_COMPLETE_INTEGRATION_COVERAGE_FULL_v1.1__EXTRACTED/00_PREVIOUS_STEP07_v1.0/10_STEP07_CROSS_MODULE_COLLISION_AND_BOUNDARY_REGISTER_15_v1.0.csv,csv,3314,929e2b4f81ca452ba7923251a8826816400ae487ab61ecada2f0ab9941d3e23f,16
STEP SYNC CORE/RUMAHAGEN_STEP07_CROSS_MODULE_AUTHORITY_AND_COMPLETE_INTEGRATION_COVERAGE_FULL_v1.1__EXTRACTED/00_PREVIOUS_STEP07_v1.0/13_STEP07_AUTHORITY_PRESERVATION_AND_NO_TAKEOVER_AUDIT_15_v1.0.csv,csv,2381,007364bb011c6e4ee5a63b342e0fcf1d04557c8b9d08dee7e63fb9cf06680319,16
STEP SYNC CORE/RUMAHAGEN_STEP07_CROSS_MODULE_AUTHORITY_AND_COMPLETE_INTEGRATION_COVERAGE_FULL_v1.1__EXTRACTED/00_PREVIOUS_STEP07_v1.0/05_STEP07_CURRENT_M01-M15_AUTHORITY_REGISTER_15_v1.0.csv,csv,4086,ded1b6093590cdbf85ef85e6265dec40e8f78dda6ac1fbe8b8e90e2f6c6e4b1f,16
STEP SYNC CORE/RUMAHAGEN_STEP07_CROSS_MODULE_AUTHORITY_AND_COMPLETE_INTEGRATION_COVERAGE_FULL_v1.1__EXTRACTED/00_PREVIOUS_STEP07_v1.0/02_STEP07_UPSTREAM_PACKAGE_IDENTITY_v1.0.csv,csv,852,fbf9c01953ace9a15c05450028c58c9adf17761d8f515a0ed9f556528d274a79,7
STEP SYNC CORE/RUMAHAGEN_STEP07_CROSS_MODULE_AUTHORITY_AND_COMPLETE_INTEGRATION_COVERAGE_FULL_v1.1__EXTRACTED/00_PREVIOUS_STEP07_v1.0/03_STEP07_STEP_SYNC_CORE_CURRENT_EMBEDDED_INVENTORY_v1.0.csv,csv,1054,ba6e07fe559286951f86a2639bfcff5c4c0c803432ccecb264c6b970958d9d00,7
STEP SYNC CORE/RUMAHAGEN_STEP09-E_CROSS_09_ARCHITECTURE_DEPENDENCY_RECONCILIATION_FULL_VERSION_v1.0__EXTRACTED/STEP09-E_INPUT_INTEGRITY_MATRIX.csv,csv,928,604272bba99ec78ae4ccdfb005a5ad56228889ead8bbb7d40543863731a5f02b,5
STEP SYNC CORE/RUMAHAGEN_STEP09-E_CROSS_09_ARCHITECTURE_DEPENDENCY_RECONCILIATION_FULL_VERSION_v1.0__EXTRACTED/W4-02A.6.6_TECHNICAL_DECISIONS_FULL_CONSOLIDATED_v1.6_STEP09-C_SYNCHRONIZED_FULL_VERSION_CORRECTED_REENTRY.docx,docx,53014,8eafc3bbeab85e47d1d44922e75aead6a1e591caf5d7a379ab72637f9ed0dbd3,782
STEP SYNC CORE/RUMAHAGEN_STEP09-E_CROSS_09_ARCHITECTURE_DEPENDENCY_RECONCILIATION_FULL_VERSION_v1.0__EXTRACTED/STEP09-E_DEPENDENCY_DIRECTION_RECONCILIATION.csv,csv,598,246c368abd44b7365e4355080c1001ae4f21ebf05b7f605e86ebb8b22a7a99fc,22
STEP SYNC CORE/RUMAHAGEN_STEP09-E_CROSS_09_ARCHITECTURE_DEPENDENCY_RECONCILIATION_FULL_VERSION_v1.0__EXTRACTED/W4-02A.6.5_SYSTEM_ARCHITECTURE_FULL_CONSOLIDATED_v1.9_STEP09-B.1_CONTROLLED_REENTRY_FINAL.docx,docx,96925,1c4a1b80df1eedea5ce5138ec6e1ad8aa68362c04daba5ef510f9e5569068170,1273
STEP SYNC CORE/RUMAHAGEN_STEP09-E_CROSS_09_ARCHITECTURE_DEPENDENCY_RECONCILIATION_FULL_VERSION_v1.0__EXTRACTED/RUMAHAGEN_PROJECT_CONSTITUTION_v1.17_STEP09-A2_FULL_RECONCILED_CORRECTED.docx,docx,53778,ede846a0452fb985d562b459075c28250db310b4dca7a251366a0e78d2e79266,663
STEP SYNC CORE/RUMAHAGEN_STEP09-E_CROSS_09_ARCHITECTURE_DEPENDENCY_RECONCILIATION_FULL_VERSION_v1.0__EXTRACTED/STEP09-E_CROSS_09_ARCHITECTURE_DEPENDENCY_RECONCILIATION_REPORT_v1.0.md,md,7135,a30ade13cc36f58780ab0e48196341cf331d9e198a667a46014898bac67732e9,81
STEP SYNC CORE/RUMAHAGEN_STEP09-E_CROSS_09_ARCHITECTURE_DEPENDENCY_RECONCILIATION_FULL_VERSION_v1.0__EXTRACTED/W4-02A.6.7_DEPENDENCY_MANIFEST_FULL_CONSOLIDATED_v1.9_STEP09-D_SYNCHRONIZED_FULL_VERSION_CORRECTED_REENTRY.docx,docx,51843,259d7baff83bf8673cc2a84b1f1034bdb7031eca9e85c646d37367b1722ee3f6,1062
STEP SYNC CORE/RUMAHAGEN_STEP01_M01-M15_RECON_AUTHORITY_FREEZE_FULL_v1.0__EXTRACTED/01_STEP01_M01-M15_RECON_AUTHORITY_FREEZE_FULL_REPORT_v1.0.md,md,8462,6ef5163c98178900bdf108ba5763b3fa88665aeb9e53299c333e022a7a50a615,156
STEP SYNC CORE/RUMAHAGEN_STEP01_M01-M15_RECON_AUTHORITY_FREEZE_FULL_v1.0__EXTRACTED/04_STEP01_HISTORICAL_SUPERSEDED_SUPPORTING_EXCLUSION_REGISTER_v1.0.csv,csv,1052,cb35ebd7d425684b183a3ad78a1380e6e6d5ee879a0ef6512012fb8ba8266e10,7
STEP SYNC CORE/RUMAHAGEN_STEP01_M01-M15_RECON_AUTHORITY_FREEZE_FULL_v1.0__EXTRACTED/02_STEP01_M01-M15_AUTHORITY_MATRIX_v1.0.csv,csv,4704,ac82b0f345a286128ebf9ccad6f4a9535089bb63ab1de773367799c2a6582273,16
STEP SYNC CORE/RUMAHAGEN_STEP01_M01-M15_RECON_AUTHORITY_FREEZE_FULL_v1.0__EXTRACTED/00_STEP01_OUTPUT_MANIFEST_SHA256_v1.0.csv,csv,884,0cda0e526bd97458b47bdab55ea1d302256d644bcec1d32df1f6915eecb2d5fd,8
STEP SYNC CORE/RUMAHAGEN_STEP01_M01-M15_RECON_AUTHORITY_FREEZE_FULL_v1.0__EXTRACTED/03_STEP01_RECON_SOURCE_INVENTORY_TOPLEVEL_v1.0.csv,csv,6503,29059fb0ef3c918b66d38b90da37816f19fa83a37ee7e97d3ac2e9b65133a3df,43
STEP SYNC CORE/RUMAHAGEN_STEP01_M01-M15_RECON_AUTHORITY_FREEZE_FULL_v1.0__EXTRACTED/06_STEP01_VERSION_ID_EXCEPTION_REGISTER_v1.0.csv,csv,684,2c55e6c007ecf9652a9b5db9a8cd9f002dcbb20bc3bcc84c3e6f538405d10dc4,3
STEP SYNC CORE/RUMAHAGEN_STEP01_M01-M15_RECON_AUTHORITY_FREEZE_FULL_v1.0__EXTRACTED/README_STEP01_FULL_VERSION_v1.0.md,md,723,717481470c19a198518284790b357a2e381c73c70995e830b1acae489d551a98,23
STEP SYNC CORE/RUMAHAGEN_STEP01_M01-M15_RECON_AUTHORITY_FREEZE_FULL_v1.0__EXTRACTED/05_STEP01_Q01-Q64_M14_PROVENANCE_AUDIT_v1.0.csv,csv,550,2e4666cac2d817403a3eab7bb625714a351089f13475e74b39bcad7b65c4c9ec,5
STEP SYNC CORE/RUMAHAGEN_STEP09-D_DEPENDENCY_MANIFEST_SYNCHRONIZATION_FULL_VERSION_CORRECTED_REENTRY_v1.0__EXTRACTED/W4-02A.6.7_DEPENDENCY_MANIFEST_FULL_CONSOLIDATED_v1.9_STEP09-D_SYNCHRONIZED_FULL_VERSION_CORRECTED_REENTRY.docx,docx,51843,259d7baff83bf8673cc2a84b1f1034bdb7031eca9e85c646d37367b1722ee3f6,1062
STEP SYNC CORE/RUMAHAGEN_STEP09-D_DEPENDENCY_MANIFEST_SYNCHRONIZATION_FULL_VERSION_CORRECTED_REENTRY_v1.0__EXTRACTED/STEP09-D_CONTROLLED_REENTRY_FULL_DEEP_RESCAN_AND_GATE_REPORT_v1.0.md,md,2012,94ea71d2ae7ec0cad561fa1ae7f818eb871da0fee7eb25d4722bc9b913bee80d,34
STEP SYNC CORE/RUMAHAGEN_STEP09-D_DEPENDENCY_MANIFEST_SYNCHRONIZATION_FULL_VERSION_CORRECTED_REENTRY_v1.0__EXTRACTED/W4-02A.6.7_DEPENDENCY_MANIFEST_FULL_CONSOLIDATED_v1.9_STEP09-D_SYNCHRONIZED_FULL_VERSION_CORRECTED_REENTRY.md,md,41419,6478e04327b0cd284447de82ab805d5bf324309b67df1862bfe92d7a47a27948,579
STEP SYNC CORE/RUMAHAGEN_STEP09-D_DEPENDENCY_MANIFEST_SYNCHRONIZATION_FULL_VERSION_CORRECTED_REENTRY_v1.0__EXTRACTED/STEP09-D_REENTRY_DEPENDENCY_GAP_REGISTER.csv,csv,636,8de378dc1f35f612c35001a2d047d1bc81b5a66624d68d8f80ebf40587d4dafc,10
STEP SYNC CORE/RUMAHAGEN_STEP09-A2_CONSTITUTION_CONTROLLED_REENTRY_FULL_VERSION_v1.17__EXTRACTED/01_OUTPUT/STEP09-A2_CONTROLLED_REENTRY_DECISION_RECORD_v1.0.md,md,1035,08efc13021921687c886b0893376c17fef164e868019f2876c01f8418d8abf71,23
STEP SYNC CORE/RUMAHAGEN_STEP09-A2_CONSTITUTION_CONTROLLED_REENTRY_FULL_VERSION_v1.17__EXTRACTED/01_OUTPUT/PROJECT_CONSTITUTION_v1.17_STEP09-A2_CONTROLLED_REENTRY.docx,docx,54274,acd7f5d8a7ee90e4bcd65dd338d668513e988ec886a2cea05c0716be28b2c1d8,672
STEP SYNC CORE/RUMAHAGEN_STEP09-A2_CONSTITUTION_CONTROLLED_REENTRY_FULL_VERSION_v1.17__EXTRACTED/01_OUTPUT/STEP09-A2_PROVENANCE_SHA256_MANIFEST_v1.0.csv,csv,1073,cc067596aa74ae63aeeeccd4e02d91d7fe109dcaf3ef82ca1954827663b90675,7
STEP SYNC CORE/RUMAHAGEN_STEP09-A2_CONSTITUTION_CONTROLLED_REENTRY_FULL_VERSION_v1.17__EXTRACTED/01_OUTPUT/STEP09-A2_DEEP_SCAN_AND_GATE_REPORT_v1.0.md,md,3935,c86e1664c9483892da6b0269e163db3023235f5728da8dcf63a25d533e76e400,79
STEP SYNC CORE/RUMAHAGEN_STEP09-A2_CONSTITUTION_CONTROLLED_REENTRY_FULL_VERSION_v1.17__EXTRACTED/01_OUTPUT/STEP09-A2_ARTIFACT_INVENTORY_v1.0.csv,csv,436,4158fce16210506226f2a2f06735ca1d71cb250d39ebbc44aaeaabea62b3d2eb,6
STEP SYNC CORE/RUMAHAGEN_STEP09-B_ARCHITECTURE_CONTROLLED_REENTRY_FULL_VERSION_v1.9__EXTRACTED/01_OUTPUT/STEP09-B_IMPACT_MATRIX_v1.0.csv,csv,542,f15c8c4e288c6a51f230d85143407b7bef2455ae57232db464afbe95f295137c,7
STEP SYNC CORE/RUMAHAGEN_STEP09-B_ARCHITECTURE_CONTROLLED_REENTRY_FULL_VERSION_v1.9__EXTRACTED/01_OUTPUT/STEP09-B_CONTROLLED_REENTRY_DECISION_RECORD_v1.0.md,md,708,c2fdba7c2638afd3d4e370da9728ae108c93312bd1c5a08720cf1bf41b9b92f1,11
STEP SYNC CORE/RUMAHAGEN_STEP09-B_ARCHITECTURE_CONTROLLED_REENTRY_FULL_VERSION_v1.9__EXTRACTED/01_OUTPUT/SYSTEM_ARCHITECTURE_v1.9_STEP09-B_CONTROLLED_REENTRY.docx,docx,96929,5d737f900a71e79d5e90b0a731f4bdcf850a558211626f1655f000b4e034d8a7,1273
STEP SYNC CORE/RUMAHAGEN_STEP09-B_ARCHITECTURE_CONTROLLED_REENTRY_FULL_VERSION_v1.9__EXTRACTED/01_OUTPUT/STEP09-B_IMPACT_CHECK_AND_CONTROLLED_REENTRY_REPORT_v1.0.md,md,4246,0e6544d09cb5ab4879b899cde03426e83e24ee073d0ea6feb7f45e092d5cb3f4,67
STEP SYNC CORE/RUMAHAGEN_STEP09-B_ARCHITECTURE_CONTROLLED_REENTRY_FULL_VERSION_v1.9__EXTRACTED/01_OUTPUT/STEP09-B_PROVENANCE_SHA256_MANIFEST_v1.0.csv,csv,516,e5bd7602597f2d45bf4f6d5fb8faa81915392d247e8ce4244909281485a368cd,5
STEP SYNC CORE/RUMAHAGEN_STEP09-F_FINAL_GATE_AND_DOWNSTREAM_HANDOFF_FULL_VERSION_v1.2_RERUN_01_CLEAN__EXTRACTED/02_CONTROL/STEP09-F_EVIDENCE_OUTPUT_SHA256_MANIFEST_v1.2_RERUN_01.txt,txt,1459,fd4a03115bd513fe26f4cd70b84af5b91db0429f82e6a6783e8c1d8cc8f05449,12
STEP SYNC CORE/RUMAHAGEN_STEP09-F_FINAL_GATE_AND_DOWNSTREAM_HANDOFF_FULL_VERSION_v1.2_RERUN_01_CLEAN__EXTRACTED/02_CONTROL/STEP09-F_CONTROLLED_REENTRY_DECISION_RECORD_v1.2_RERUN_01.md,md,723,39ab12fdab5454dd60ded4f751391a85ed362f7a3abc4919f9f552078f94ef13,17
STEP SYNC CORE/RUMAHAGEN_STEP09-F_FINAL_GATE_AND_DOWNSTREAM_HANDOFF_FULL_VERSION_v1.2_RERUN_01_CLEAN__EXTRACTED/02_CONTROL/STEP09-F_PACKAGE_HASH_POLICY_v1.2_RERUN_01.md,md,245,59a7b14e64162adf5e9c98513c64c5b9d914fc321ed3ead6cb75b070c72a0dcb,3
STEP SYNC CORE/RUMAHAGEN_STEP09-F_FINAL_GATE_AND_DOWNSTREAM_HANDOFF_FULL_VERSION_v1.2_RERUN_01_CLEAN__EXTRACTED/01_OUTPUT/STEP09-F_INPUT_EVIDENCE_SHA256_MANIFEST_v1.2_RERUN_01.csv,csv,1114,6c6278bf2eb697eecfe31a8562541abf53fb9beabdc3b6f46bbeaa46e2a4f7ea,9
STEP SYNC CORE/RUMAHAGEN_STEP09-F_FINAL_GATE_AND_DOWNSTREAM_HANDOFF_FULL_VERSION_v1.2_RERUN_01_CLEAN__EXTRACTED/01_OUTPUT/STEP09-F_HANDOFF_AUTHORITY_MANIFEST_v1.2_RERUN_01.csv,csv,999,e44b12f5d7b76f0a3c8140a2970eb0ac515c9d052a2e0d1caffc9d5d0fdbebcd,9
STEP SYNC CORE/RUMAHAGEN_STEP09-F_FINAL_GATE_AND_DOWNSTREAM_HANDOFF_FULL_VERSION_v1.2_RERUN_01_CLEAN__EXTRACTED/01_OUTPUT/STEP09-F_GATE_MATRIX_v1.2_RERUN_01.csv,csv,1301,652b10d358af340c4e459c9a1d6a6cab7d242f11b63ccf790589c1ac21486c7b,9
STEP SYNC CORE/RUMAHAGEN_STEP09-F_FINAL_GATE_AND_DOWNSTREAM_HANDOFF_FULL_VERSION_v1.2_RERUN_01_CLEAN__EXTRACTED/01_OUTPUT/STEP09-F_FINDING_RESOLUTION_REGISTER_v1.2_RERUN_01.csv,csv,675,d935ee02b6abca88908c6ec780afc864e5410355f39d7c080abbc5178a86cae7,5
STEP SYNC CORE/RUMAHAGEN_STEP09-F_FINAL_GATE_AND_DOWNSTREAM_HANDOFF_FULL_VERSION_v1.2_RERUN_01_CLEAN__EXTRACTED/01_OUTPUT/STEP09-F_FINAL_GATE_AND_DOWNSTREAM_HANDOFF_FULL_REBUILD_v1.2_RERUN_01.md,md,7044,2840795d15188fb12a355d713167c2fe290f089f03db2ae4c1c973af1f2dce39,121
STEP SYNC CORE/RUMAHAGEN_STEP05_SEMANTIC_CONFLICT_RESOLUTION_FINAL_FULL_v1.1__EXTRACTED/01_STEP05_FINAL_DECISION_RATIONALE_REGISTER_v1.1.csv,csv,7495,356ab6be6d4d1e5634b9d3551cba7579275c1c3b03225588a55f694a1704ce2a,8
STEP SYNC CORE/RUMAHAGEN_STEP05_SEMANTIC_CONFLICT_RESOLUTION_FINAL_FULL_v1.1__EXTRACTED/07_STEP05_FINAL_EXECUTION_CHECKLIST_v1.1.md,md,867,001eef77316fd413d374897163751bde6cdbdebe1309c4c13edb22d4ed34df89,24
STEP SYNC CORE/RUMAHAGEN_STEP05_SEMANTIC_CONFLICT_RESOLUTION_FINAL_FULL_v1.1__EXTRACTED/06_STEP05_FINAL_GLOBAL_CONFLICT_CLOSURE_SUMMARY_v1.1.md,md,788,10cb142f5811c1f5f9c67b75821f986c396b40f65f30718a308577a5b75ca26d,18
STEP SYNC CORE/RUMAHAGEN_STEP05_SEMANTIC_CONFLICT_RESOLUTION_FINAL_FULL_v1.1__EXTRACTED/README_STEP05_FINAL_FULL_VERSION_v1.1.md,md,329,65cb8503e85941da864356d06f03ff7ec49b0289b0ed637bb8e7b5e74f2564c4,7
STEP SYNC CORE/RUMAHAGEN_STEP05_SEMANTIC_CONFLICT_RESOLUTION_FINAL_FULL_v1.1__EXTRACTED/04_STEP05_FINAL_AUTHORITY_NON_OVERTURN_AUDIT_v1.1.csv,csv,1380,8c3b5961c388324df4d70e38571bc6a66a481b922ec56bab938de73290dadc55,8
STEP SYNC CORE/RUMAHAGEN_STEP05_SEMANTIC_CONFLICT_RESOLUTION_FINAL_FULL_v1.1__EXTRACTED/00_STEP05_FINAL_OUTPUT_MANIFEST_SHA256_v1.1.csv,csv,2507,62ebcb7dfd0a372cd5f86c0b2fc29da8d830f04f583bf3c18cb979ca4746165a,20
STEP SYNC CORE/RUMAHAGEN_STEP05_SEMANTIC_CONFLICT_RESOLUTION_FINAL_FULL_v1.1__EXTRACTED/02_STEP05_FINAL_ARTIFACT_LEVEL_RECONCILIATION_MATRIX_v1.1.csv,csv,6681,44c110f249fa1a44fea3b9237fc079e6cf628c1ca0375f00a83469187ea8d592,13
STEP SYNC CORE/RUMAHAGEN_STEP05_SEMANTIC_CONFLICT_RESOLUTION_FINAL_FULL_v1.1__EXTRACTED/STEP05_FINAL_FULL_REPORT_v1.1.md,md,17572,9fde011f9a44c9f5d209ffd2b3cd91dbe3ed37c3e1204d180187e214db5b523b,446
STEP SYNC CORE/RUMAHAGEN_STEP05_SEMANTIC_CONFLICT_RESOLUTION_FINAL_FULL_v1.1__EXTRACTED/03_STEP05_FINAL_GLOBAL_223_FINDING_IMPACT_SCAN_v1.1.csv,csv,69265,e0343c054542361d43b1757d48ca9d676ed73008cbf8be332f3ed7865ae77f70,224
STEP SYNC CORE/RUMAHAGEN_STEP05_SEMANTIC_CONFLICT_RESOLUTION_FINAL_FULL_v1.1__EXTRACTED/05_STEP05_FINAL_INPUT_COVERAGE_AND_INTEGRITY_AUDIT_v1.1.csv,csv,1403,557b83f16e6105609e5989148aa564ab48944bbac824601b55ffc05a10562469,9
STEP SYNC CORE/RUMAHAGEN_STEP05_SEMANTIC_CONFLICT_RESOLUTION_FINAL_FULL_v1.1__EXTRACTED/00_PREVIOUS_STEP05_v1.0/02_STEP05_CORE_EVIDENCE_ANCHOR_REGISTER_FULL_v1.0.csv,csv,1946,a156ec4700e27bfd641a23ccb317c8e5b1a8bd17f93556313fd5175035fa44a1,13
STEP SYNC CORE/RUMAHAGEN_STEP05_SEMANTIC_CONFLICT_RESOLUTION_FINAL_FULL_v1.1__EXTRACTED/00_PREVIOUS_STEP05_v1.0/05_STEP05_INPUT_INTEGRITY_DEEP_SCAN_FULL_v1.0.csv,csv,1153,b8d40d17561ce4262fa594fd7f427afbe57394440d437b710cd6e601b35a215a,9
STEP SYNC CORE/RUMAHAGEN_STEP05_SEMANTIC_CONFLICT_RESOLUTION_FINAL_FULL_v1.1__EXTRACTED/00_PREVIOUS_STEP05_v1.0/MANIFEST_STEP05_FULL_v1.0.csv,csv,1089,b77c32d0324d038e098399674e1ddc2e35f93784c6c2b5b94b5c4e698db0e28b,10
STEP SYNC CORE/RUMAHAGEN_STEP05_SEMANTIC_CONFLICT_RESOLUTION_FINAL_FULL_v1.1__EXTRACTED/00_PREVIOUS_STEP05_v1.0/07_STEP05_EXECUTION_CHECKLIST_FULL_v1.0.md,md,714,524efe62942d87a9e61065ce62ec4baa6bba61d938d51174e4b418af334dca9f,15
STEP SYNC CORE/RUMAHAGEN_STEP05_SEMANTIC_CONFLICT_RESOLUTION_FINAL_FULL_v1.1__EXTRACTED/00_PREVIOUS_STEP05_v1.0/04_STEP05_PROVENANCE_AND_DECISION_CHAIN_FULL_v1.0.csv,csv,1902,1dcffe5f63187531b54669bcbf441f909718f7f84292123dae8ab92107f06d39,8
STEP SYNC CORE/RUMAHAGEN_STEP05_SEMANTIC_CONFLICT_RESOLUTION_FINAL_FULL_v1.1__EXTRACTED/00_PREVIOUS_STEP05_v1.0/README_STEP05_FULL_VERSION_v1.0.md,md,482,1e4825b780dff13bc6c33c720ed11d850435ebeecd85ce87f334548b15d0a831,12
STEP SYNC CORE/RUMAHAGEN_STEP05_SEMANTIC_CONFLICT_RESOLUTION_FINAL_FULL_v1.1__EXTRACTED/00_PREVIOUS_STEP05_v1.0/06_STEP05_POST_RESOLUTION_CONFLICT_RESCAN_FULL_v1.0.csv,csv,851,38bfe2aee1c1dff8a5acb9d30198b159212598f448f5ecb812e6543c68e33c31,8
STEP SYNC CORE/RUMAHAGEN_STEP05_SEMANTIC_CONFLICT_RESOLUTION_FINAL_FULL_v1.1__EXTRACTED/00_PREVIOUS_STEP05_v1.0/03_STEP05_CORE_DETAIL_PRESERVATION_MATRIX_FULL_v1.0.csv,csv,1138,d9f79f570fc3a1b57036c6182c7b9c7def6338ab1e6b73409a71938b464ae63d,8
STEP SYNC CORE/RUMAHAGEN_STEP05_SEMANTIC_CONFLICT_RESOLUTION_FINAL_FULL_v1.1__EXTRACTED/00_PREVIOUS_STEP05_v1.0/01_STEP05_CONFLICT_RESOLUTION_REGISTER_FULL_v1.0.csv,csv,6373,3f605a49978a9f35a171e8ea7ab95d5866f2b08b11c7c01df20ded07950565e1,8
STEP SYNC CORE/RUMAHAGEN_STEP05_SEMANTIC_CONFLICT_RESOLUTION_FINAL_FULL_v1.1__EXTRACTED/00_PREVIOUS_STEP05_v1.0/STEP05_FULL_REPORT_v1.0.md,md,15243,2f47e6b2e4c2e1c76ae7797107a3b7ac73222e8c8da211f33e1afbbf796d380b,400
