canonical_id,record_type,module_authority,rule_name,source,core_provenance,mxx_provenance,authority_note
BR-001,CORE_CANONICAL_BR,M12,Agency Ownership,Core v1.3 Business Rules baseline,RUMAHAGEN_WIREFRAME_CORE_FINAL_SOURCE_PACK_v1.2/03_BUSINESS_RULES/W4-02A.6.10_BUSINESS_RULES_BASELINE_TRACEABILITY_FULL_CONSOLIDATED_v1.2_REAUDITED.docx,,Core v1.3 canonical BR; preserved unless an approved exact semantic amendment applies.
BR-002,CORE_CANONICAL_BR,M12,Agency Membership,Core v1.3 Business Rules baseline,RUMAHAGEN_WIREFRAME_CORE_FINAL_SOURCE_PACK_v1.2/03_BUSINESS_RULES/W4-02A.6.10_BUSINESS_RULES_BASELINE_TRACEABILITY_FULL_CONSOLIDATED_v1.2_REAUDITED.docx,,Core v1.3 canonical BR; preserved unless an approved exact semantic amendment applies.
BR-003,CORE_CANONICAL_BR,M12,Lead Role,Core v1.3 Business Rules baseline,RUMAHAGEN_WIREFRAME_CORE_FINAL_SOURCE_PACK_v1.2/03_BUSINESS_RULES/W4-02A.6.10_BUSINESS_RULES_BASELINE_TRACEABILITY_FULL_CONSOLIDATED_v1.2_REAUDITED.docx,,Core v1.3 canonical BR; preserved unless an approved exact semantic amendment applies.
BR-004,CORE_CANONICAL_BR,M12,Member Role,Core v1.3 Business Rules baseline,RUMAHAGEN_WIREFRAME_CORE_FINAL_SOURCE_PACK_v1.2/03_BUSINESS_RULES/W4-02A.6.10_BUSINESS_RULES_BASELINE_TRACEABILITY_FULL_CONSOLIDATED_v1.2_REAUDITED.docx,,Core v1.3 canonical BR; preserved unless an approved exact semantic amendment applies.
BR-005,CORE_CANONICAL_BR,M12,Personal Context,Core v1.3 Business Rules baseline,RUMAHAGEN_WIREFRAME_CORE_FINAL_SOURCE_PACK_v1.2/03_BUSINESS_RULES/W4-02A.6.10_BUSINESS_RULES_BASELINE_TRACEABILITY_FULL_CONSOLIDATED_v1.2_REAUDITED.docx,,Core v1.3 canonical BR; preserved unless an approved exact semantic amendment applies.
BR-006,CORE_CANONICAL_BR,M12,Agency Context,Core v1.3 Business Rules baseline,RUMAHAGEN_WIREFRAME_CORE_FINAL_SOURCE_PACK_v1.2/03_BUSINESS_RULES/W4-02A.6.10_BUSINESS_RULES_BASELINE_TRACEABILITY_FULL_CONSOLIDATED_v1.2_REAUDITED.docx,,Core v1.3 canonical BR; preserved unless an approved exact semantic amendment applies.
BR-007,CORE_CANONICAL_BR,M12,Membership ≠ Ownership,Core v1.3 Business Rules baseline,RUMAHAGEN_WIREFRAME_CORE_FINAL_SOURCE_PACK_v1.2/03_BUSINESS_RULES/W4-02A.6.10_BUSINESS_RULES_BASELINE_TRACEABILITY_FULL_CONSOLIDATED_v1.2_REAUDITED.docx,,Core v1.3 canonical BR; preserved unless an approved exact semantic amendment applies.
BR-008,CORE_CANONICAL_BR,M12,Membership ≠ Personal Entitlement,Core v1.3 Business Rules baseline,RUMAHAGEN_WIREFRAME_CORE_FINAL_SOURCE_PACK_v1.2/03_BUSINESS_RULES/W4-02A.6.10_BUSINESS_RULES_BASELINE_TRACEABILITY_FULL_CONSOLIDATED_v1.2_REAUDITED.docx,,Core v1.3 canonical BR; preserved unless an approved exact semantic amendment applies.
BR-009,CORE_CANONICAL_BR,M12,Agency Listing Ownership,Core v1.3 Business Rules baseline,RUMAHAGEN_WIREFRAME_CORE_FINAL_SOURCE_PACK_v1.2/03_BUSINESS_RULES/W4-02A.6.10_BUSINESS_RULES_BASELINE_TRACEABILITY_FULL_CONSOLIDATED_v1.2_REAUDITED.docx,,Core v1.3 canonical BR; preserved unless an approved exact semantic amendment applies.
BR-010,CORE_CANONICAL_BR,M12,Personal Listing Ownership,Core v1.3 Business Rules baseline,RUMAHAGEN_WIREFRAME_CORE_FINAL_SOURCE_PACK_v1.2/03_BUSINESS_RULES/W4-02A.6.10_BUSINESS_RULES_BASELINE_TRACEABILITY_FULL_CONSOLIDATED_v1.2_REAUDITED.docx,,Core v1.3 canonical BR; preserved unless an approved exact semantic amendment applies.
BR-011,CORE_CANONICAL_BR,M12,Listing Origin,Core v1.3 Business Rules baseline,RUMAHAGEN_WIREFRAME_CORE_FINAL_SOURCE_PACK_v1.2/03_BUSINESS_RULES/W4-02A.6.10_BUSINESS_RULES_BASELINE_TRACEABILITY_FULL_CONSOLIDATED_v1.2_REAUDITED.docx,,Core v1.3 canonical BR; preserved unless an approved exact semantic amendment applies.
BR-012,CORE_CANONICAL_BR,M12,Current Context,Core v1.3 Business Rules baseline,RUMAHAGEN_WIREFRAME_CORE_FINAL_SOURCE_PACK_v1.2/03_BUSINESS_RULES/W4-02A.6.10_BUSINESS_RULES_BASELINE_TRACEABILITY_FULL_CONSOLIDATED_v1.2_REAUDITED.docx,,Core v1.3 canonical BR; preserved unless an approved exact semantic amendment applies.
BR-013,CORE_CANONICAL_BR,M12,Agency Listing Visibility,Core v1.3 Business Rules baseline,RUMAHAGEN_WIREFRAME_CORE_FINAL_SOURCE_PACK_v1.2/03_BUSINESS_RULES/W4-02A.6.10_BUSINESS_RULES_BASELINE_TRACEABILITY_FULL_CONSOLIDATED_v1.2_REAUDITED.docx,,Core v1.3 canonical BR; preserved unless an approved exact semantic amendment applies.
BR-014,CORE_CANONICAL_BR,M12,Agency Listing CRUD,Core v1.3 Business Rules baseline,RUMAHAGEN_WIREFRAME_CORE_FINAL_SOURCE_PACK_v1.2/03_BUSINESS_RULES/W4-02A.6.10_BUSINESS_RULES_BASELINE_TRACEABILITY_FULL_CONSOLIDATED_v1.2_REAUDITED.docx,,Core v1.3 canonical BR; preserved unless an approved exact semantic amendment applies.
BR-015,CORE_CANONICAL_BR,M12,Personal Listing Isolation,Core v1.3 Business Rules baseline,RUMAHAGEN_WIREFRAME_CORE_FINAL_SOURCE_PACK_v1.2/03_BUSINESS_RULES/W4-02A.6.10_BUSINESS_RULES_BASELINE_TRACEABILITY_FULL_CONSOLIDATED_v1.2_REAUDITED.docx,,Core v1.3 canonical BR; preserved unless an approved exact semantic amendment applies.
BR-016,CORE_CANONICAL_BR,M12,Voluntary Member Leave,Core v1.3 Business Rules baseline,RUMAHAGEN_WIREFRAME_CORE_FINAL_SOURCE_PACK_v1.2/03_BUSINESS_RULES/W4-02A.6.10_BUSINESS_RULES_BASELINE_TRACEABILITY_FULL_CONSOLIDATED_v1.2_REAUDITED.docx,,Core v1.3 canonical BR; preserved unless an approved exact semantic amendment applies.
BR-017,CORE_CANONICAL_BR,M12,Forced Removal,Core v1.3 Business Rules baseline,RUMAHAGEN_WIREFRAME_CORE_FINAL_SOURCE_PACK_v1.2/03_BUSINESS_RULES/W4-02A.6.10_BUSINESS_RULES_BASELINE_TRACEABILITY_FULL_CONSOLIDATED_v1.2_REAUDITED.docx,,Core v1.3 canonical BR; preserved unless an approved exact semantic amendment applies.
BR-018,CORE_CANONICAL_BR,M12,Forced Removal Notification,Core v1.3 Business Rules baseline,RUMAHAGEN_WIREFRAME_CORE_FINAL_SOURCE_PACK_v1.2/03_BUSINESS_RULES/W4-02A.6.10_BUSINESS_RULES_BASELINE_TRACEABILITY_FULL_CONSOLIDATED_v1.2_REAUDITED.docx,,Core v1.3 canonical BR; preserved unless an approved exact semantic amendment applies.
BR-019,CORE_CANONICAL_BR,M12,Leave and Forced Removal Equivalence,Core v1.3 Business Rules baseline,RUMAHAGEN_WIREFRAME_CORE_FINAL_SOURCE_PACK_v1.2/03_BUSINESS_RULES/W4-02A.6.10_BUSINESS_RULES_BASELINE_TRACEABILITY_FULL_CONSOLIDATED_v1.2_REAUDITED.docx,,Core v1.3 canonical BR; preserved unless an approved exact semantic amendment applies.
BR-020,CORE_CANONICAL_BR,M12,Standard Member Exit Transfer,Core v1.3 Business Rules baseline,RUMAHAGEN_WIREFRAME_CORE_FINAL_SOURCE_PACK_v1.2/03_BUSINESS_RULES/W4-02A.6.10_BUSINESS_RULES_BASELINE_TRACEABILITY_FULL_CONSOLIDATED_v1.2_REAUDITED.docx,,Core v1.3 canonical BR; preserved unless an approved exact semantic amendment applies.
BR-021,CORE_CANONICAL_BR,M12,Published + Active Promo Exception,Core v1.3 Business Rules baseline,RUMAHAGEN_WIREFRAME_CORE_FINAL_SOURCE_PACK_v1.2/03_BUSINESS_RULES/W4-02A.6.10_BUSINESS_RULES_BASELINE_TRACEABILITY_FULL_CONSOLIDATED_v1.2_REAUDITED.docx,,Core v1.3 canonical BR; preserved unless an approved exact semantic amendment applies.
BR-022,CORE_CANONICAL_BR,M12,Promo Continuation,Core v1.3 Business Rules baseline,RUMAHAGEN_WIREFRAME_CORE_FINAL_SOURCE_PACK_v1.2/03_BUSINESS_RULES/W4-02A.6.10_BUSINESS_RULES_BASELINE_TRACEABILITY_FULL_CONSOLIDATED_v1.2_REAUDITED.docx,,Core v1.3 canonical BR; preserved unless an approved exact semantic amendment applies.
BR-023,CORE_CANONICAL_BR,M12,Promo Expiry Transfer,Core v1.3 Business Rules baseline,RUMAHAGEN_WIREFRAME_CORE_FINAL_SOURCE_PACK_v1.2/03_BUSINESS_RULES/W4-02A.6.10_BUSINESS_RULES_BASELINE_TRACEABILITY_FULL_CONSOLIDATED_v1.2_REAUDITED.docx,,Core v1.3 canonical BR; preserved unless an approved exact semantic amendment applies.
BR-024,CORE_CANONICAL_BR,M12,Automatic Transfer Trigger,Core v1.3 Business Rules baseline,RUMAHAGEN_WIREFRAME_CORE_FINAL_SOURCE_PACK_v1.2/03_BUSINESS_RULES/W4-02A.6.10_BUSINESS_RULES_BASELINE_TRACEABILITY_FULL_CONSOLIDATED_v1.2_REAUDITED.docx,,Core v1.3 canonical BR; preserved unless an approved exact semantic amendment applies.
BR-025,CORE_CANONICAL_BR,M12,Non-Exception Listing,Core v1.3 Business Rules baseline,RUMAHAGEN_WIREFRAME_CORE_FINAL_SOURCE_PACK_v1.2/03_BUSINESS_RULES/W4-02A.6.10_BUSINESS_RULES_BASELINE_TRACEABILITY_FULL_CONSOLIDATED_v1.2_REAUDITED.docx,,Core v1.3 canonical BR; preserved unless an approved exact semantic amendment applies.
BR-026,CORE_CANONICAL_BR,M12,Member Exit Listing Ownership,Core v1.3 Business Rules baseline,RUMAHAGEN_WIREFRAME_CORE_FINAL_SOURCE_PACK_v1.2/03_BUSINESS_RULES/W4-02A.6.10_BUSINESS_RULES_BASELINE_TRACEABILITY_FULL_CONSOLIDATED_v1.2_REAUDITED.docx,,Core v1.3 canonical BR; preserved unless an approved exact semantic amendment applies.
BR-027,CORE_CANONICAL_BR,M12,Personal Context Detachment,Core v1.3 Business Rules baseline,RUMAHAGEN_WIREFRAME_CORE_FINAL_SOURCE_PACK_v1.2/03_BUSINESS_RULES/W4-02A.6.10_BUSINESS_RULES_BASELINE_TRACEABILITY_FULL_CONSOLIDATED_v1.2_REAUDITED.docx,,Core v1.3 canonical BR; preserved unless an approved exact semantic amendment applies.
BR-028,CORE_CANONICAL_BR,M12,Origin Preservation,Core v1.3 Business Rules baseline,RUMAHAGEN_WIREFRAME_CORE_FINAL_SOURCE_PACK_v1.2/03_BUSINESS_RULES/W4-02A.6.10_BUSINESS_RULES_BASELINE_TRACEABILITY_FULL_CONSOLIDATED_v1.2_REAUDITED.docx,,Core v1.3 canonical BR; preserved unless an approved exact semantic amendment applies.
BR-029,CORE_CANONICAL_BR,M12,Listing Data Retention,Core v1.3 Business Rules baseline,RUMAHAGEN_WIREFRAME_CORE_FINAL_SOURCE_PACK_v1.2/03_BUSINESS_RULES/W4-02A.6.10_BUSINESS_RULES_BASELINE_TRACEABILITY_FULL_CONSOLIDATED_v1.2_REAUDITED.docx,,Core v1.3 canonical BR; preserved unless an approved exact semantic amendment applies.
BR-030,CORE_CANONICAL_BR,M12,Agency-Specific Data,Core v1.3 Business Rules baseline,RUMAHAGEN_WIREFRAME_CORE_FINAL_SOURCE_PACK_v1.2/03_BUSINESS_RULES/W4-02A.6.10_BUSINESS_RULES_BASELINE_TRACEABILITY_FULL_CONSOLIDATED_v1.2_REAUDITED.docx,,Core v1.3 canonical BR; preserved unless an approved exact semantic amendment applies.
BR-031,CORE_CANONICAL_BR,M12,Lead History Deletion,Core v1.3 Business Rules baseline,RUMAHAGEN_WIREFRAME_CORE_FINAL_SOURCE_PACK_v1.2/03_BUSINESS_RULES/W4-02A.6.10_BUSINESS_RULES_BASELINE_TRACEABILITY_FULL_CONSOLIDATED_v1.2_REAUDITED.docx,,Core v1.3 canonical BR; preserved unless an approved exact semantic amendment applies.
BR-032,CORE_CANONICAL_BR,M12,No Lead History Migration,Core v1.3 Business Rules baseline,RUMAHAGEN_WIREFRAME_CORE_FINAL_SOURCE_PACK_v1.2/03_BUSINESS_RULES/W4-02A.6.10_BUSINESS_RULES_BASELINE_TRACEABILITY_FULL_CONSOLIDATED_v1.2_REAUDITED.docx,,Core v1.3 canonical BR; preserved unless an approved exact semantic amendment applies.
BR-033,CORE_CANONICAL_BR,M12,Audit Boundary,Core v1.3 Business Rules baseline,RUMAHAGEN_WIREFRAME_CORE_FINAL_SOURCE_PACK_v1.2/03_BUSINESS_RULES/W4-02A.6.10_BUSINESS_RULES_BASELINE_TRACEABILITY_FULL_CONSOLIDATED_v1.2_REAUDITED.docx,,Core v1.3 canonical BR; preserved unless an approved exact semantic amendment applies.
BR-034,CORE_CANONICAL_BR,M12,Historical Audit Retention,Core v1.3 Business Rules baseline,RUMAHAGEN_WIREFRAME_CORE_FINAL_SOURCE_PACK_v1.2/03_BUSINESS_RULES/W4-02A.6.10_BUSINESS_RULES_BASELINE_TRACEABILITY_FULL_CONSOLIDATED_v1.2_REAUDITED.docx,,Core v1.3 canonical BR; preserved unless an approved exact semantic amendment applies.
BR-035,CORE_CANONICAL_BR,M12,Promo Consumption,Core v1.3 Business Rules baseline,RUMAHAGEN_WIREFRAME_CORE_FINAL_SOURCE_PACK_v1.2/03_BUSINESS_RULES/W4-02A.6.10_BUSINESS_RULES_BASELINE_TRACEABILITY_FULL_CONSOLIDATED_v1.2_REAUDITED.docx,,Core v1.3 canonical BR; preserved unless an approved exact semantic amendment applies.
BR-036,CORE_CANONICAL_BR,M12,Consumed Promo Non-Reversal,Core v1.3 Business Rules baseline,RUMAHAGEN_WIREFRAME_CORE_FINAL_SOURCE_PACK_v1.2/03_BUSINESS_RULES/W4-02A.6.10_BUSINESS_RULES_BASELINE_TRACEABILITY_FULL_CONSOLIDATED_v1.2_REAUDITED.docx,,Core v1.3 canonical BR; preserved unless an approved exact semantic amendment applies.
BR-037,CORE_CANONICAL_BR,M12,Agency Promo During Member Exit,Core v1.3 Business Rules baseline,RUMAHAGEN_WIREFRAME_CORE_FINAL_SOURCE_PACK_v1.2/03_BUSINESS_RULES/W4-02A.6.10_BUSINESS_RULES_BASELINE_TRACEABILITY_FULL_CONSOLIDATED_v1.2_REAUDITED.docx,,Core v1.3 canonical BR; preserved unless an approved exact semantic amendment applies.
BR-038,CORE_CANONICAL_BR,M12,Agency Closure Promo,Core v1.3 Business Rules baseline,RUMAHAGEN_WIREFRAME_CORE_FINAL_SOURCE_PACK_v1.2/03_BUSINESS_RULES/W4-02A.6.10_BUSINESS_RULES_BASELINE_TRACEABILITY_FULL_CONSOLIDATED_v1.2_REAUDITED.docx,,Core v1.3 canonical BR; preserved unless an approved exact semantic amendment applies.
BR-039,CORE_CANONICAL_BR,M12,Closure Promo Exception,Core v1.3 Business Rules baseline,RUMAHAGEN_WIREFRAME_CORE_FINAL_SOURCE_PACK_v1.2/03_BUSINESS_RULES/W4-02A.6.10_BUSINESS_RULES_BASELINE_TRACEABILITY_FULL_CONSOLIDATED_v1.2_REAUDITED.docx,,Core v1.3 canonical BR; preserved unless an approved exact semantic amendment applies.
BR-040,CORE_CANONICAL_BR,M12,Unused Promo,Core v1.3 Business Rules baseline,RUMAHAGEN_WIREFRAME_CORE_FINAL_SOURCE_PACK_v1.2/03_BUSINESS_RULES/W4-02A.6.10_BUSINESS_RULES_BASELINE_TRACEABILITY_FULL_CONSOLIDATED_v1.2_REAUDITED.docx,,Core v1.3 canonical BR; preserved unless an approved exact semantic amendment applies.
BR-041,CORE_CANONICAL_BR,M12,Permanent Add-on,Core v1.3 Business Rules baseline,RUMAHAGEN_WIREFRAME_CORE_FINAL_SOURCE_PACK_v1.2/03_BUSINESS_RULES/W4-02A.6.10_BUSINESS_RULES_BASELINE_TRACEABILITY_FULL_CONSOLIDATED_v1.2_REAUDITED.docx,,Core v1.3 canonical BR; preserved unless an approved exact semantic amendment applies.
BR-042,CORE_CANONICAL_BR,M12,Allocation Ownership,Core v1.3 Business Rules baseline,RUMAHAGEN_WIREFRAME_CORE_FINAL_SOURCE_PACK_v1.2/03_BUSINESS_RULES/W4-02A.6.10_BUSINESS_RULES_BASELINE_TRACEABILITY_FULL_CONSOLIDATED_v1.2_REAUDITED.docx,,Core v1.3 canonical BR; preserved unless an approved exact semantic amendment applies.
BR-043,CORE_CANONICAL_BR,M12,Unallocated Ownership,Core v1.3 Business Rules baseline,RUMAHAGEN_WIREFRAME_CORE_FINAL_SOURCE_PACK_v1.2/03_BUSINESS_RULES/W4-02A.6.10_BUSINESS_RULES_BASELINE_TRACEABILITY_FULL_CONSOLIDATED_v1.2_REAUDITED.docx,,Core v1.3 canonical BR; preserved unless an approved exact semantic amendment applies.
BR-044,CORE_CANONICAL_BR,M12,Allocation Survives Member Exit,Core v1.3 Business Rules baseline,RUMAHAGEN_WIREFRAME_CORE_FINAL_SOURCE_PACK_v1.2/03_BUSINESS_RULES/W4-02A.6.10_BUSINESS_RULES_BASELINE_TRACEABILITY_FULL_CONSOLIDATED_v1.2_REAUDITED.docx,,Core v1.3 canonical BR; preserved unless an approved exact semantic amendment applies.
BR-045,CORE_CANONICAL_BR,M12,Allocation Survives Forced Removal,Core v1.3 Business Rules baseline,RUMAHAGEN_WIREFRAME_CORE_FINAL_SOURCE_PACK_v1.2/03_BUSINESS_RULES/W4-02A.6.10_BUSINESS_RULES_BASELINE_TRACEABILITY_FULL_CONSOLIDATED_v1.2_REAUDITED.docx,,Core v1.3 canonical BR; preserved unless an approved exact semantic amendment applies.
BR-046,CORE_CANONICAL_BR,M12,No Automatic Reclaim,Core v1.3 Business Rules baseline,RUMAHAGEN_WIREFRAME_CORE_FINAL_SOURCE_PACK_v1.2/03_BUSINESS_RULES/W4-02A.6.10_BUSINESS_RULES_BASELINE_TRACEABILITY_FULL_CONSOLIDATED_v1.2_REAUDITED.docx,,Core v1.3 canonical BR; preserved unless an approved exact semantic amendment applies.
BR-047,CORE_CANONICAL_BR,M12,Permanent Add-on Consumption,Core v1.3 Business Rules baseline,RUMAHAGEN_WIREFRAME_CORE_FINAL_SOURCE_PACK_v1.2/03_BUSINESS_RULES/W4-02A.6.10_BUSINESS_RULES_BASELINE_TRACEABILITY_FULL_CONSOLIDATED_v1.2_REAUDITED.docx,,Core v1.3 canonical BR; preserved unless an approved exact semantic amendment applies.
BR-048,CORE_CANONICAL_BR,M12,Post-Closure Personal Use,Core v1.3 Business Rules baseline,RUMAHAGEN_WIREFRAME_CORE_FINAL_SOURCE_PACK_v1.2/03_BUSINESS_RULES/W4-02A.6.10_BUSINESS_RULES_BASELINE_TRACEABILITY_FULL_CONSOLIDATED_v1.2_REAUDITED.docx,,Core v1.3 canonical BR; preserved unless an approved exact semantic amendment applies.
BR-049,CORE_CANONICAL_BR,M12,Owner Unallocated Add-on,Core v1.3 Business Rules baseline,RUMAHAGEN_WIREFRAME_CORE_FINAL_SOURCE_PACK_v1.2/03_BUSINESS_RULES/W4-02A.6.10_BUSINESS_RULES_BASELINE_TRACEABILITY_FULL_CONSOLIDATED_v1.2_REAUDITED.docx,,Core v1.3 canonical BR; preserved unless an approved exact semantic amendment applies.
BR-050,CORE_CANONICAL_BR,M12,Permanent Add-on and New Agency,Core v1.3 Business Rules baseline,RUMAHAGEN_WIREFRAME_CORE_FINAL_SOURCE_PACK_v1.2/03_BUSINESS_RULES/W4-02A.6.10_BUSINESS_RULES_BASELINE_TRACEABILITY_FULL_CONSOLIDATED_v1.2_REAUDITED.docx,,Core v1.3 canonical BR; preserved unless an approved exact semantic amendment applies.
BR-051,CORE_CANONICAL_BR,M12,Closure Initiator,Core v1.3 Business Rules baseline,RUMAHAGEN_WIREFRAME_CORE_FINAL_SOURCE_PACK_v1.2/03_BUSINESS_RULES/W4-02A.6.10_BUSINESS_RULES_BASELINE_TRACEABILITY_FULL_CONSOLIDATED_v1.2_REAUDITED.docx,,Core v1.3 canonical BR; preserved unless an approved exact semantic amendment applies.
BR-052,CORE_CANONICAL_BR,M12,Closure Warning,Core v1.3 Business Rules baseline,RUMAHAGEN_WIREFRAME_CORE_FINAL_SOURCE_PACK_v1.2/03_BUSINESS_RULES/W4-02A.6.10_BUSINESS_RULES_BASELINE_TRACEABILITY_FULL_CONSOLIDATED_v1.2_REAUDITED.docx,,Core v1.3 canonical BR; preserved unless an approved exact semantic amendment applies.
BR-053,CORE_CANONICAL_BR,M12,Explicit Confirmation,Core v1.3 Business Rules baseline,RUMAHAGEN_WIREFRAME_CORE_FINAL_SOURCE_PACK_v1.2/03_BUSINESS_RULES/W4-02A.6.10_BUSINESS_RULES_BASELINE_TRACEABILITY_FULL_CONSOLIDATED_v1.2_REAUDITED.docx,,Core v1.3 canonical BR; preserved unless an approved exact semantic amendment applies.
BR-054,CORE_CANONICAL_BR,M12,Cancellation Before OTP,Core v1.3 Business Rules baseline,RUMAHAGEN_WIREFRAME_CORE_FINAL_SOURCE_PACK_v1.2/03_BUSINESS_RULES/W4-02A.6.10_BUSINESS_RULES_BASELINE_TRACEABILITY_FULL_CONSOLIDATED_v1.2_REAUDITED.docx,,Core v1.3 canonical BR; preserved unless an approved exact semantic amendment applies.
BR-055,CORE_CANONICAL_BR,M12,Email OTP Gate,Core v1.3 Business Rules baseline,RUMAHAGEN_WIREFRAME_CORE_FINAL_SOURCE_PACK_v1.2/03_BUSINESS_RULES/W4-02A.6.10_BUSINESS_RULES_BASELINE_TRACEABILITY_FULL_CONSOLIDATED_v1.2_REAUDITED.docx,,Core v1.3 canonical BR; preserved unless an approved exact semantic amendment applies.
BR-056,CORE_CANONICAL_BR,M12,OTP Verification Requirement,Core v1.3 Business Rules baseline,RUMAHAGEN_WIREFRAME_CORE_FINAL_SOURCE_PACK_v1.2/03_BUSINESS_RULES/W4-02A.6.10_BUSINESS_RULES_BASELINE_TRACEABILITY_FULL_CONSOLIDATED_v1.2_REAUDITED.docx,,Core v1.3 canonical BR; preserved unless an approved exact semantic amendment applies.
BR-057,CORE_CANONICAL_BR,M12,OTP Failure,Core v1.3 Business Rules baseline,RUMAHAGEN_WIREFRAME_CORE_FINAL_SOURCE_PACK_v1.2/03_BUSINESS_RULES/W4-02A.6.10_BUSINESS_RULES_BASELINE_TRACEABILITY_FULL_CONSOLIDATED_v1.2_REAUDITED.docx,,Core v1.3 canonical BR; preserved unless an approved exact semantic amendment applies.
BR-058,CORE_CANONICAL_BR,M12,OTP Request Limit,Core v1.3 Business Rules baseline,RUMAHAGEN_WIREFRAME_CORE_FINAL_SOURCE_PACK_v1.2/03_BUSINESS_RULES/W4-02A.6.10_BUSINESS_RULES_BASELINE_TRACEABILITY_FULL_CONSOLIDATED_v1.2_REAUDITED.docx,,Core v1.3 canonical BR; preserved unless an approved exact semantic amendment applies.
BR-059,CORE_CANONICAL_BR,M12,OTP Verification Attempt Limit,Core v1.3 Business Rules baseline,RUMAHAGEN_WIREFRAME_CORE_FINAL_SOURCE_PACK_v1.2/03_BUSINESS_RULES/W4-02A.6.10_BUSINESS_RULES_BASELINE_TRACEABILITY_FULL_CONSOLIDATED_v1.2_REAUDITED.docx,,Core v1.3 canonical BR; preserved unless an approved exact semantic amendment applies.
BR-060,CORE_CANONICAL_BR,M12,OTP Three-Attempt Failure,Core v1.3 Business Rules baseline,RUMAHAGEN_WIREFRAME_CORE_FINAL_SOURCE_PACK_v1.2/03_BUSINESS_RULES/W4-02A.6.10_BUSINESS_RULES_BASELINE_TRACEABILITY_FULL_CONSOLIDATED_v1.2_REAUDITED.docx,,Core v1.3 canonical BR; preserved unless an approved exact semantic amendment applies.
BR-061,CORE_CANONICAL_BR,M12,OTP Reset,Core v1.3 Business Rules baseline,RUMAHAGEN_WIREFRAME_CORE_FINAL_SOURCE_PACK_v1.2/03_BUSINESS_RULES/W4-02A.6.10_BUSINESS_RULES_BASELINE_TRACEABILITY_FULL_CONSOLIDATED_v1.2_REAUDITED.docx,,Core v1.3 canonical BR; preserved unless an approved exact semantic amendment applies.
BR-062,CORE_CANONICAL_BR,M12,CLOSING Trigger,Core v1.3 Business Rules baseline,RUMAHAGEN_WIREFRAME_CORE_FINAL_SOURCE_PACK_v1.2/03_BUSINESS_RULES/W4-02A.6.10_BUSINESS_RULES_BASELINE_TRACEABILITY_FULL_CONSOLIDATED_v1.2_REAUDITED.docx,,Core v1.3 canonical BR; preserved unless an approved exact semantic amendment applies.
BR-063,CORE_CANONICAL_BR,M12,Irreversible Closure,Core v1.3 Business Rules baseline,RUMAHAGEN_WIREFRAME_CORE_FINAL_SOURCE_PACK_v1.2/03_BUSINESS_RULES/W4-02A.6.10_BUSINESS_RULES_BASELINE_TRACEABILITY_FULL_CONSOLIDATED_v1.2_REAUDITED.docx,,Core v1.3 canonical BR; preserved unless an approved exact semantic amendment applies.
BR-064,CORE_CANONICAL_BR,M12,Lead During Closing,Core v1.3 Business Rules baseline,RUMAHAGEN_WIREFRAME_CORE_FINAL_SOURCE_PACK_v1.2/03_BUSINESS_RULES/W4-02A.6.10_BUSINESS_RULES_BASELINE_TRACEABILITY_FULL_CONSOLIDATED_v1.2_REAUDITED.docx,,Core v1.3 canonical BR; preserved unless an approved exact semantic amendment applies.
BR-065,CORE_CANONICAL_BR,M12,Member During Closing,Core v1.3 Business Rules baseline,RUMAHAGEN_WIREFRAME_CORE_FINAL_SOURCE_PACK_v1.2/03_BUSINESS_RULES/W4-02A.6.10_BUSINESS_RULES_BASELINE_TRACEABILITY_FULL_CONSOLIDATED_v1.2_REAUDITED.docx,,Core v1.3 canonical BR; preserved unless an approved exact semantic amendment applies.
BR-066,CORE_CANONICAL_BR,M12,New Member Block,Core v1.3 Business Rules baseline,RUMAHAGEN_WIREFRAME_CORE_FINAL_SOURCE_PACK_v1.2/03_BUSINESS_RULES/W4-02A.6.10_BUSINESS_RULES_BASELINE_TRACEABILITY_FULL_CONSOLIDATED_v1.2_REAUDITED.docx,,Core v1.3 canonical BR; preserved unless an approved exact semantic amendment applies.
BR-067,CORE_CANONICAL_BR,M12,Invitation Cancellation,Core v1.3 Business Rules baseline,RUMAHAGEN_WIREFRAME_CORE_FINAL_SOURCE_PACK_v1.2/03_BUSINESS_RULES/W4-02A.6.10_BUSINESS_RULES_BASELINE_TRACEABILITY_FULL_CONSOLIDATED_v1.2_REAUDITED.docx,,Core v1.3 canonical BR; preserved unless an approved exact semantic amendment applies.
BR-068,CORE_CANONICAL_BR,M12,New Agency Listing Block,Core v1.3 Business Rules baseline,RUMAHAGEN_WIREFRAME_CORE_FINAL_SOURCE_PACK_v1.2/03_BUSINESS_RULES/W4-02A.6.10_BUSINESS_RULES_BASELINE_TRACEABILITY_FULL_CONSOLIDATED_v1.2_REAUDITED.docx,,Core v1.3 canonical BR; preserved unless an approved exact semantic amendment applies.
BR-069,CORE_CANONICAL_BR,M12,Agency Entitlement Purchase Block,Core v1.3 Business Rules baseline,RUMAHAGEN_WIREFRAME_CORE_FINAL_SOURCE_PACK_v1.2/03_BUSINESS_RULES/W4-02A.6.10_BUSINESS_RULES_BASELINE_TRACEABILITY_FULL_CONSOLIDATED_v1.2_REAUDITED.docx,,Core v1.3 canonical BR; preserved unless an approved exact semantic amendment applies.
BR-070,CORE_CANONICAL_BR,M12,Agency Operational Freeze,Core v1.3 Business Rules baseline,RUMAHAGEN_WIREFRAME_CORE_FINAL_SOURCE_PACK_v1.2/03_BUSINESS_RULES/W4-02A.6.10_BUSINESS_RULES_BASELINE_TRACEABILITY_FULL_CONSOLIDATED_v1.2_REAUDITED.docx,,Core v1.3 canonical BR; preserved unless an approved exact semantic amendment applies.
BR-071,CORE_CANONICAL_BR,M12,Closure Management Access,Core v1.3 Business Rules baseline,RUMAHAGEN_WIREFRAME_CORE_FINAL_SOURCE_PACK_v1.2/03_BUSINESS_RULES/W4-02A.6.10_BUSINESS_RULES_BASELINE_TRACEABILITY_FULL_CONSOLIDATED_v1.2_REAUDITED.docx,,Core v1.3 canonical BR; preserved unless an approved exact semantic amendment applies.
BR-072,CORE_CANONICAL_BR,M12,Restricted Lead Operations,Core v1.3 Business Rules baseline,RUMAHAGEN_WIREFRAME_CORE_FINAL_SOURCE_PACK_v1.2/03_BUSINESS_RULES/W4-02A.6.10_BUSINESS_RULES_BASELINE_TRACEABILITY_FULL_CONSOLIDATED_v1.2_REAUDITED.docx,,Core v1.3 canonical BR; preserved unless an approved exact semantic amendment applies.
BR-073,CORE_CANONICAL_BR,M12,Role vs Permission,Core v1.3 Business Rules baseline,RUMAHAGEN_WIREFRAME_CORE_FINAL_SOURCE_PACK_v1.2/03_BUSINESS_RULES/W4-02A.6.10_BUSINESS_RULES_BASELINE_TRACEABILITY_FULL_CONSOLIDATED_v1.2_REAUDITED.docx,,Core v1.3 canonical BR; preserved unless an approved exact semantic amendment applies.
BR-074,CORE_CANONICAL_BR,M12,Closing Race Control,Core v1.3 Business Rules baseline,RUMAHAGEN_WIREFRAME_CORE_FINAL_SOURCE_PACK_v1.2/03_BUSINESS_RULES/W4-02A.6.10_BUSINESS_RULES_BASELINE_TRACEABILITY_FULL_CONSOLIDATED_v1.2_REAUDITED.docx,,Core v1.3 canonical BR; preserved unless an approved exact semantic amendment applies.
BR-075,CORE_CANONICAL_BR,M12,No Post-Closing Agency Creation,Core v1.3 Business Rules baseline,RUMAHAGEN_WIREFRAME_CORE_FINAL_SOURCE_PACK_v1.2/03_BUSINESS_RULES/W4-02A.6.10_BUSINESS_RULES_BASELINE_TRACEABILITY_FULL_CONSOLIDATED_v1.2_REAUDITED.docx,,Core v1.3 canonical BR; preserved unless an approved exact semantic amendment applies.
BR-076,CORE_CANONICAL_BR,M12,Owner Closure Listing Rule,Core v1.3 Business Rules baseline,RUMAHAGEN_WIREFRAME_CORE_FINAL_SOURCE_PACK_v1.2/03_BUSINESS_RULES/W4-02A.6.10_BUSINESS_RULES_BASELINE_TRACEABILITY_FULL_CONSOLIDATED_v1.2_REAUDITED.docx,,Core v1.3 canonical BR; preserved unless an approved exact semantic amendment applies.
BR-077,CORE_CANONICAL_BR,M12,No Promo Exception During Closure,Core v1.3 Business Rules baseline,RUMAHAGEN_WIREFRAME_CORE_FINAL_SOURCE_PACK_v1.2/03_BUSINESS_RULES/W4-02A.6.10_BUSINESS_RULES_BASELINE_TRACEABILITY_FULL_CONSOLIDATED_v1.2_REAUDITED.docx,,Core v1.3 canonical BR; preserved unless an approved exact semantic amendment applies.
BR-078,CORE_CANONICAL_BR,M12,Agency Draft Transfer,Core v1.3 Business Rules baseline,RUMAHAGEN_WIREFRAME_CORE_FINAL_SOURCE_PACK_v1.2/03_BUSINESS_RULES/W4-02A.6.10_BUSINESS_RULES_BASELINE_TRACEABILITY_FULL_CONSOLIDATED_v1.2_REAUDITED.docx,,Core v1.3 canonical BR; preserved unless an approved exact semantic amendment applies.
BR-079,CORE_CANONICAL_BR,M12,Inactive Listing Transfer,Core v1.3 Business Rules baseline,RUMAHAGEN_WIREFRAME_CORE_FINAL_SOURCE_PACK_v1.2/03_BUSINESS_RULES/W4-02A.6.10_BUSINESS_RULES_BASELINE_TRACEABILITY_FULL_CONSOLIDATED_v1.2_REAUDITED.docx,,Core v1.3 canonical BR; preserved unless an approved exact semantic amendment applies.
BR-080,CORE_CANONICAL_BR,M12,Listing Ownership on Closure,Core v1.3 Business Rules baseline,RUMAHAGEN_WIREFRAME_CORE_FINAL_SOURCE_PACK_v1.2/03_BUSINESS_RULES/W4-02A.6.10_BUSINESS_RULES_BASELINE_TRACEABILITY_FULL_CONSOLIDATED_v1.2_REAUDITED.docx,,Core v1.3 canonical BR; preserved unless an approved exact semantic amendment applies.
BR-081,CORE_CANONICAL_BR,M12,Personal Listing Exclusion,Core v1.3 Business Rules baseline,RUMAHAGEN_WIREFRAME_CORE_FINAL_SOURCE_PACK_v1.2/03_BUSINESS_RULES/W4-02A.6.10_BUSINESS_RULES_BASELINE_TRACEABILITY_FULL_CONSOLIDATED_v1.2_REAUDITED.docx,,Core v1.3 canonical BR; preserved unless an approved exact semantic amendment applies.
BR-082,CORE_CANONICAL_BR,M12,Closure Processing,Core v1.3 Business Rules baseline,RUMAHAGEN_WIREFRAME_CORE_FINAL_SOURCE_PACK_v1.2/03_BUSINESS_RULES/W4-02A.6.10_BUSINESS_RULES_BASELINE_TRACEABILITY_FULL_CONSOLIDATED_v1.2_REAUDITED.docx,,Core v1.3 canonical BR; preserved unless an approved exact semantic amendment applies.
BR-083,CORE_CANONICAL_BR,M12,Closure Retry,Core v1.3 Business Rules baseline,RUMAHAGEN_WIREFRAME_CORE_FINAL_SOURCE_PACK_v1.2/03_BUSINESS_RULES/W4-02A.6.10_BUSINESS_RULES_BASELINE_TRACEABILITY_FULL_CONSOLIDATED_v1.2_REAUDITED.docx,,Core v1.3 canonical BR; preserved unless an approved exact semantic amendment applies.
BR-084,CORE_CANONICAL_BR,M12,Retry Failure,Core v1.3 Business Rules baseline,RUMAHAGEN_WIREFRAME_CORE_FINAL_SOURCE_PACK_v1.2/03_BUSINESS_RULES/W4-02A.6.10_BUSINESS_RULES_BASELINE_TRACEABILITY_FULL_CONSOLIDATED_v1.2_REAUDITED.docx,,Core v1.3 canonical BR; preserved unless an approved exact semantic amendment applies.
BR-085,CORE_CANONICAL_BR,M12,Exception Does Not Prevent Closure,Core v1.3 Business Rules baseline,RUMAHAGEN_WIREFRAME_CORE_FINAL_SOURCE_PACK_v1.2/03_BUSINESS_RULES/W4-02A.6.10_BUSINESS_RULES_BASELINE_TRACEABILITY_FULL_CONSOLIDATED_v1.2_REAUDITED.docx,,Core v1.3 canonical BR; preserved unless an approved exact semantic amendment applies.
BR-086,CORE_CANONICAL_BR,M12,Exception Deletion on Closed,Core v1.3 Business Rules baseline,RUMAHAGEN_WIREFRAME_CORE_FINAL_SOURCE_PACK_v1.2/03_BUSINESS_RULES/W4-02A.6.10_BUSINESS_RULES_BASELINE_TRACEABILITY_FULL_CONSOLIDATED_v1.2_REAUDITED.docx,,Core v1.3 canonical BR; preserved unless an approved exact semantic amendment applies.
BR-087,CORE_CANONICAL_BR,M12,Member Completion Requirement,Core v1.3 Business Rules baseline,RUMAHAGEN_WIREFRAME_CORE_FINAL_SOURCE_PACK_v1.2/03_BUSINESS_RULES/W4-02A.6.10_BUSINESS_RULES_BASELINE_TRACEABILITY_FULL_CONSOLIDATED_v1.2_REAUDITED.docx,,Core v1.3 canonical BR; preserved unless an approved exact semantic amendment applies.
BR-088,CORE_CANONICAL_BR,M12,Lead Completion,Core v1.3 Business Rules baseline,RUMAHAGEN_WIREFRAME_CORE_FINAL_SOURCE_PACK_v1.2/03_BUSINESS_RULES/W4-02A.6.10_BUSINESS_RULES_BASELINE_TRACEABILITY_FULL_CONSOLIDATED_v1.2_REAUDITED.docx,,Core v1.3 canonical BR; preserved unless an approved exact semantic amendment applies.
BR-089,CORE_CANONICAL_BR,M12,Lead Title Termination,Core v1.3 Business Rules baseline,RUMAHAGEN_WIREFRAME_CORE_FINAL_SOURCE_PACK_v1.2/03_BUSINESS_RULES/W4-02A.6.10_BUSINESS_RULES_BASELINE_TRACEABILITY_FULL_CONSOLIDATED_v1.2_REAUDITED.docx,,Core v1.3 canonical BR; preserved unless an approved exact semantic amendment applies.
BR-090,CORE_CANONICAL_BR,M12,Final Closure,Core v1.3 Business Rules baseline,RUMAHAGEN_WIREFRAME_CORE_FINAL_SOURCE_PACK_v1.2/03_BUSINESS_RULES/W4-02A.6.10_BUSINESS_RULES_BASELINE_TRACEABILITY_FULL_CONSOLIDATED_v1.2_REAUDITED.docx,,Core v1.3 canonical BR; preserved unless an approved exact semantic amendment applies.
BR-091,CORE_CANONICAL_BR,M12,CLOSED Finality,Core v1.3 Business Rules baseline,RUMAHAGEN_WIREFRAME_CORE_FINAL_SOURCE_PACK_v1.2/03_BUSINESS_RULES/W4-02A.6.10_BUSINESS_RULES_BASELINE_TRACEABILITY_FULL_CONSOLIDATED_v1.2_REAUDITED.docx,,Core v1.3 canonical BR; preserved unless an approved exact semantic amendment applies.
BR-092,CORE_CANONICAL_BR,M12,No Reopen,Core v1.3 Business Rules baseline,RUMAHAGEN_WIREFRAME_CORE_FINAL_SOURCE_PACK_v1.2/03_BUSINESS_RULES/W4-02A.6.10_BUSINESS_RULES_BASELINE_TRACEABILITY_FULL_CONSOLIDATED_v1.2_REAUDITED.docx,,Core v1.3 canonical BR; preserved unless an approved exact semantic amendment applies.
BR-093,CORE_CANONICAL_BR,M12,New Agency Requirement,Core v1.3 Business Rules baseline,RUMAHAGEN_WIREFRAME_CORE_FINAL_SOURCE_PACK_v1.2/03_BUSINESS_RULES/W4-02A.6.10_BUSINESS_RULES_BASELINE_TRACEABILITY_FULL_CONSOLIDATED_v1.2_REAUDITED.docx,,Core v1.3 canonical BR; preserved unless an approved exact semantic amendment applies.
BR-094,CORE_CANONICAL_BR,M12,Closed Agency URL,Core v1.3 Business Rules baseline,RUMAHAGEN_WIREFRAME_CORE_FINAL_SOURCE_PACK_v1.2/03_BUSINESS_RULES/W4-02A.6.10_BUSINESS_RULES_BASELINE_TRACEABILITY_FULL_CONSOLIDATED_v1.2_REAUDITED.docx,,Core v1.3 canonical BR; preserved unless an approved exact semantic amendment applies.
BR-095,CORE_CANONICAL_BR,M12,Historical Page,Core v1.3 Business Rules baseline,RUMAHAGEN_WIREFRAME_CORE_FINAL_SOURCE_PACK_v1.2/03_BUSINESS_RULES/W4-02A.6.10_BUSINESS_RULES_BASELINE_TRACEABILITY_FULL_CONSOLIDATED_v1.2_REAUDITED.docx,,Core v1.3 canonical BR; preserved unless an approved exact semantic amendment applies.
BR-096,CORE_CANONICAL_BR,M12,Home Redirect,Core v1.3 Business Rules baseline,RUMAHAGEN_WIREFRAME_CORE_FINAL_SOURCE_PACK_v1.2/03_BUSINESS_RULES/W4-02A.6.10_BUSINESS_RULES_BASELINE_TRACEABILITY_FULL_CONSOLIDATED_v1.2_REAUDITED.docx,,Core v1.3 canonical BR; preserved unless an approved exact semantic amendment applies.
BR-097,CORE_CANONICAL_BR,M12,Historical Page Read Only,Core v1.3 Business Rules baseline,RUMAHAGEN_WIREFRAME_CORE_FINAL_SOURCE_PACK_v1.2/03_BUSINESS_RULES/W4-02A.6.10_BUSINESS_RULES_BASELINE_TRACEABILITY_FULL_CONSOLIDATED_v1.2_REAUDITED.docx,,Core v1.3 canonical BR; preserved unless an approved exact semantic amendment applies.
BR-098,CORE_CANONICAL_BR,M12,Agency Name Reuse,Core v1.3 Business Rules baseline,RUMAHAGEN_WIREFRAME_CORE_FINAL_SOURCE_PACK_v1.2/03_BUSINESS_RULES/W4-02A.6.10_BUSINESS_RULES_BASELINE_TRACEABILITY_FULL_CONSOLIDATED_v1.2_REAUDITED.docx,,Core v1.3 canonical BR; preserved unless an approved exact semantic amendment applies.
BR-099,CORE_CANONICAL_BR,M12,Agency Analytics Retention,Core v1.3 Business Rules baseline,RUMAHAGEN_WIREFRAME_CORE_FINAL_SOURCE_PACK_v1.2/03_BUSINESS_RULES/W4-02A.6.10_BUSINESS_RULES_BASELINE_TRACEABILITY_FULL_CONSOLIDATED_v1.2_REAUDITED.docx,,Core v1.3 canonical BR; preserved unless an approved exact semantic amendment applies.
BR-100,CORE_CANONICAL_BR,M12,Personal Analytics Separation,Core v1.3 Business Rules baseline,RUMAHAGEN_WIREFRAME_CORE_FINAL_SOURCE_PACK_v1.2/03_BUSINESS_RULES/W4-02A.6.10_BUSINESS_RULES_BASELINE_TRACEABILITY_FULL_CONSOLIDATED_v1.2_REAUDITED.docx,,Core v1.3 canonical BR; preserved unless an approved exact semantic amendment applies.
BR-101,CORE_CANONICAL_BR,M12,No Analytics Migration,Core v1.3 Business Rules baseline,RUMAHAGEN_WIREFRAME_CORE_FINAL_SOURCE_PACK_v1.2/03_BUSINESS_RULES/W4-02A.6.10_BUSINESS_RULES_BASELINE_TRACEABILITY_FULL_CONSOLIDATED_v1.2_REAUDITED.docx,,Core v1.3 canonical BR; preserved unless an approved exact semantic amendment applies.
BR-102,CORE_CANONICAL_BR,M12,Agency Audit Retention,Core v1.3 Business Rules baseline,RUMAHAGEN_WIREFRAME_CORE_FINAL_SOURCE_PACK_v1.2/03_BUSINESS_RULES/W4-02A.6.10_BUSINESS_RULES_BASELINE_TRACEABILITY_FULL_CONSOLIDATED_v1.2_REAUDITED.docx,,Core v1.3 canonical BR; preserved unless an approved exact semantic amendment applies.
BR-103,CORE_CANONICAL_BR,M12,Historical Audit Access,Core v1.3 Business Rules baseline,RUMAHAGEN_WIREFRAME_CORE_FINAL_SOURCE_PACK_v1.2/03_BUSINESS_RULES/W4-02A.6.10_BUSINESS_RULES_BASELINE_TRACEABILITY_FULL_CONSOLIDATED_v1.2_REAUDITED.docx,,Core v1.3 canonical BR; preserved unless an approved exact semantic amendment applies.
BR-104,CORE_CANONICAL_BR,M12,Audit Does Not Preserve Deleted Lead Content,Core v1.3 Business Rules baseline,RUMAHAGEN_WIREFRAME_CORE_FINAL_SOURCE_PACK_v1.2/03_BUSINESS_RULES/W4-02A.6.10_BUSINESS_RULES_BASELINE_TRACEABILITY_FULL_CONSOLIDATED_v1.2_REAUDITED.docx,,Core v1.3 canonical BR; preserved unless an approved exact semantic amendment applies.
BR-105,CORE_CANONICAL_BR,M12,New Agency Membership,Core v1.3 Business Rules baseline,RUMAHAGEN_WIREFRAME_CORE_FINAL_SOURCE_PACK_v1.2/03_BUSINESS_RULES/W4-02A.6.10_BUSINESS_RULES_BASELINE_TRACEABILITY_FULL_CONSOLIDATED_v1.2_REAUDITED.docx,,Core v1.3 canonical BR; preserved unless an approved exact semantic amendment applies.
BR-106,CORE_CANONICAL_BR,M12,Transferred Listing Remains Personal,Core v1.3 Business Rules baseline,RUMAHAGEN_WIREFRAME_CORE_FINAL_SOURCE_PACK_v1.2/03_BUSINESS_RULES/W4-02A.6.10_BUSINESS_RULES_BASELINE_TRACEABILITY_FULL_CONSOLIDATED_v1.2_REAUDITED.docx,,Core v1.3 canonical BR; preserved unless an approved exact semantic amendment applies.
BR-107,CORE_CANONICAL_BR,M12,No Automatic Agency Reassignment,Core v1.3 Business Rules baseline,RUMAHAGEN_WIREFRAME_CORE_FINAL_SOURCE_PACK_v1.2/03_BUSINESS_RULES/W4-02A.6.10_BUSINESS_RULES_BASELINE_TRACEABILITY_FULL_CONSOLIDATED_v1.2_REAUDITED.docx,,Core v1.3 canonical BR; preserved unless an approved exact semantic amendment applies.
BR-108,CORE_CANONICAL_BR,M12,Personal Entitlement Preservation,Core v1.3 Business Rules baseline,RUMAHAGEN_WIREFRAME_CORE_FINAL_SOURCE_PACK_v1.2/03_BUSINESS_RULES/W4-02A.6.10_BUSINESS_RULES_BASELINE_TRACEABILITY_FULL_CONSOLIDATED_v1.2_REAUDITED.docx,,Core v1.3 canonical BR; preserved unless an approved exact semantic amendment applies.
BR-109,CORE_CANONICAL_BR,M12,No Automatic Agency Conversion,Core v1.3 Business Rules baseline,RUMAHAGEN_WIREFRAME_CORE_FINAL_SOURCE_PACK_v1.2/03_BUSINESS_RULES/W4-02A.6.10_BUSINESS_RULES_BASELINE_TRACEABILITY_FULL_CONSOLIDATED_v1.2_REAUDITED.docx,,Core v1.3 canonical BR; preserved unless an approved exact semantic amendment applies.
BR-110,CORE_CANONICAL_BR,M12,Expiry Transfer Failure,Core v1.3 Business Rules baseline,RUMAHAGEN_WIREFRAME_CORE_FINAL_SOURCE_PACK_v1.2/03_BUSINESS_RULES/W4-02A.6.10_BUSINESS_RULES_BASELINE_TRACEABILITY_FULL_CONSOLIDATED_v1.2_REAUDITED.docx,,Core v1.3 canonical BR; preserved unless an approved exact semantic amendment applies.
BR-111,CORE_CANONICAL_BR,M12,Transfer Exception,Core v1.3 Business Rules baseline,RUMAHAGEN_WIREFRAME_CORE_FINAL_SOURCE_PACK_v1.2/03_BUSINESS_RULES/W4-02A.6.10_BUSINESS_RULES_BASELINE_TRACEABILITY_FULL_CONSOLIDATED_v1.2_REAUDITED.docx,,Core v1.3 canonical BR; preserved unless an approved exact semantic amendment applies.
BR-112,CORE_CANONICAL_BR,M12,Exception Lifecycle,Core v1.3 Business Rules baseline,RUMAHAGEN_WIREFRAME_CORE_FINAL_SOURCE_PACK_v1.2/03_BUSINESS_RULES/W4-02A.6.10_BUSINESS_RULES_BASELINE_TRACEABILITY_FULL_CONSOLIDATED_v1.2_REAUDITED.docx,,Core v1.3 canonical BR; preserved unless an approved exact semantic amendment applies.
BR-113,CORE_CANONICAL_BR,M12,Exception After Agency Closed,Core v1.3 Business Rules baseline,RUMAHAGEN_WIREFRAME_CORE_FINAL_SOURCE_PACK_v1.2/03_BUSINESS_RULES/W4-02A.6.10_BUSINESS_RULES_BASELINE_TRACEABILITY_FULL_CONSOLIDATED_v1.2_REAUDITED.docx,,Core v1.3 canonical BR; preserved unless an approved exact semantic amendment applies.
BR-114,CORE_CANONICAL_BR,M12,Origin Is Immutable Historical Context,Core v1.3 Business Rules baseline,RUMAHAGEN_WIREFRAME_CORE_FINAL_SOURCE_PACK_v1.2/03_BUSINESS_RULES/W4-02A.6.10_BUSINESS_RULES_BASELINE_TRACEABILITY_FULL_CONSOLIDATED_v1.2_REAUDITED.docx,,Core v1.3 canonical BR; preserved unless an approved exact semantic amendment applies.
BR-115,CORE_CANONICAL_BR,M12,Current Context Is Mutable,Core v1.3 Business Rules baseline,RUMAHAGEN_WIREFRAME_CORE_FINAL_SOURCE_PACK_v1.2/03_BUSINESS_RULES/W4-02A.6.10_BUSINESS_RULES_BASELINE_TRACEABILITY_FULL_CONSOLIDATED_v1.2_REAUDITED.docx,,Core v1.3 canonical BR; preserved unless an approved exact semantic amendment applies.
BR-116,CORE_CANONICAL_BR,M12,Ownership and Context Are Separate,Core v1.3 Business Rules baseline,RUMAHAGEN_WIREFRAME_CORE_FINAL_SOURCE_PACK_v1.2/03_BUSINESS_RULES/W4-02A.6.10_BUSINESS_RULES_BASELINE_TRACEABILITY_FULL_CONSOLIDATED_v1.2_REAUDITED.docx,,Core v1.3 canonical BR; preserved unless an approved exact semantic amendment applies.
BR-117,CORE_CANONICAL_BR,M12,Transfer Does Not Create New Listing,Core v1.3 Business Rules baseline,RUMAHAGEN_WIREFRAME_CORE_FINAL_SOURCE_PACK_v1.2/03_BUSINESS_RULES/W4-02A.6.10_BUSINESS_RULES_BASELINE_TRACEABILITY_FULL_CONSOLIDATED_v1.2_REAUDITED.docx,,Core v1.3 canonical BR; preserved unless an approved exact semantic amendment applies.
BR-118,CORE_CANONICAL_BR,M12,Agency State Model,Core v1.3 Business Rules baseline,RUMAHAGEN_WIREFRAME_CORE_FINAL_SOURCE_PACK_v1.2/03_BUSINESS_RULES/W4-02A.6.10_BUSINESS_RULES_BASELINE_TRACEABILITY_FULL_CONSOLIDATED_v1.2_REAUDITED.docx,,Core v1.3 canonical BR; preserved unless an approved exact semantic amendment applies.
BR-119,CORE_CANONICAL_BR,M12,ACTIVE,Core v1.3 Business Rules baseline,RUMAHAGEN_WIREFRAME_CORE_FINAL_SOURCE_PACK_v1.2/03_BUSINESS_RULES/W4-02A.6.10_BUSINESS_RULES_BASELINE_TRACEABILITY_FULL_CONSOLIDATED_v1.2_REAUDITED.docx,,Core v1.3 canonical BR; preserved unless an approved exact semantic amendment applies.
BR-120,CORE_CANONICAL_BR,M12,CLOSING,Core v1.3 Business Rules baseline,RUMAHAGEN_WIREFRAME_CORE_FINAL_SOURCE_PACK_v1.2/03_BUSINESS_RULES/W4-02A.6.10_BUSINESS_RULES_BASELINE_TRACEABILITY_FULL_CONSOLIDATED_v1.2_REAUDITED.docx,,Core v1.3 canonical BR; preserved unless an approved exact semantic amendment applies.
BR-121,CORE_CANONICAL_BR,M12,CLOSED,Core v1.3 Business Rules baseline,RUMAHAGEN_WIREFRAME_CORE_FINAL_SOURCE_PACK_v1.2/03_BUSINESS_RULES/W4-02A.6.10_BUSINESS_RULES_BASELINE_TRACEABILITY_FULL_CONSOLIDATED_v1.2_REAUDITED.docx,,Core v1.3 canonical BR; preserved unless an approved exact semantic amendment applies.
BR-122,CORE_CANONICAL_BR,M12,State Is Server Authoritative,Core v1.3 Business Rules baseline,RUMAHAGEN_WIREFRAME_CORE_FINAL_SOURCE_PACK_v1.2/03_BUSINESS_RULES/W4-02A.6.10_BUSINESS_RULES_BASELINE_TRACEABILITY_FULL_CONSOLIDATED_v1.2_REAUDITED.docx,,Core v1.3 canonical BR; preserved unless an approved exact semantic amendment applies.
BR-123,CORE_CANONICAL_BR,M12,Session Recovery,Core v1.3 Business Rules baseline,RUMAHAGEN_WIREFRAME_CORE_FINAL_SOURCE_PACK_v1.2/03_BUSINESS_RULES/W4-02A.6.10_BUSINESS_RULES_BASELINE_TRACEABILITY_FULL_CONSOLIDATED_v1.2_REAUDITED.docx,,Core v1.3 canonical BR; preserved unless an approved exact semantic amendment applies.
BR-124,CORE_CANONICAL_BR,M12,Ownership Survives Membership Termination,Core v1.3 Business Rules baseline,RUMAHAGEN_WIREFRAME_CORE_FINAL_SOURCE_PACK_v1.2/03_BUSINESS_RULES/W4-02A.6.10_BUSINESS_RULES_BASELINE_TRACEABILITY_FULL_CONSOLIDATED_v1.2_REAUDITED.docx,,Core v1.3 canonical BR; preserved unless an approved exact semantic amendment applies.
BR-125,CORE_CANONICAL_BR,M12,Allocation Determines Add-on Ownership,Core v1.3 Business Rules baseline,RUMAHAGEN_WIREFRAME_CORE_FINAL_SOURCE_PACK_v1.2/03_BUSINESS_RULES/W4-02A.6.10_BUSINESS_RULES_BASELINE_TRACEABILITY_FULL_CONSOLIDATED_v1.2_REAUDITED.docx,,Core v1.3 canonical BR; preserved unless an approved exact semantic amendment applies.
BR-126,CORE_CANONICAL_BR,M12,Consumption Does Not Determine Ownership,Core v1.3 Business Rules baseline,RUMAHAGEN_WIREFRAME_CORE_FINAL_SOURCE_PACK_v1.2/03_BUSINESS_RULES/W4-02A.6.10_BUSINESS_RULES_BASELINE_TRACEABILITY_FULL_CONSOLIDATED_v1.2_REAUDITED.docx,,Core v1.3 canonical BR; preserved unless an approved exact semantic amendment applies.
BR-127,CORE_CANONICAL_BR,M12,Unallocated Agency Add-on,Core v1.3 Business Rules baseline,RUMAHAGEN_WIREFRAME_CORE_FINAL_SOURCE_PACK_v1.2/03_BUSINESS_RULES/W4-02A.6.10_BUSINESS_RULES_BASELINE_TRACEABILITY_FULL_CONSOLIDATED_v1.2_REAUDITED.docx,,Core v1.3 canonical BR; preserved unless an approved exact semantic amendment applies.
BR-128,CORE_CANONICAL_BR,M12,Allocated Agent Add-on,Core v1.3 Business Rules baseline,RUMAHAGEN_WIREFRAME_CORE_FINAL_SOURCE_PACK_v1.2/03_BUSINESS_RULES/W4-02A.6.10_BUSINESS_RULES_BASELINE_TRACEABILITY_FULL_CONSOLIDATED_v1.2_REAUDITED.docx,,Core v1.3 canonical BR; preserved unless an approved exact semantic amendment applies.
BR-129,CORE_CANONICAL_BR,M12,Agency Historical Identity,Core v1.3 Business Rules baseline,RUMAHAGEN_WIREFRAME_CORE_FINAL_SOURCE_PACK_v1.2/03_BUSINESS_RULES/W4-02A.6.10_BUSINESS_RULES_BASELINE_TRACEABILITY_FULL_CONSOLIDATED_v1.2_REAUDITED.docx,,Core v1.3 canonical BR; preserved unless an approved exact semantic amendment applies.
BR-130,CORE_CANONICAL_BR,M12,Agency Operational Identity Ends,Core v1.3 Business Rules baseline,RUMAHAGEN_WIREFRAME_CORE_FINAL_SOURCE_PACK_v1.2/03_BUSINESS_RULES/W4-02A.6.10_BUSINESS_RULES_BASELINE_TRACEABILITY_FULL_CONSOLIDATED_v1.2_REAUDITED.docx,,Core v1.3 canonical BR; preserved unless an approved exact semantic amendment applies.
BR-131,CORE_CANONICAL_BR,M12,Historical Does Not Mean Active,Core v1.3 Business Rules baseline,RUMAHAGEN_WIREFRAME_CORE_FINAL_SOURCE_PACK_v1.2/03_BUSINESS_RULES/W4-02A.6.10_BUSINESS_RULES_BASELINE_TRACEABILITY_FULL_CONSOLIDATED_v1.2_REAUDITED.docx,,Core v1.3 canonical BR; preserved unless an approved exact semantic amendment applies.
BR-132,CORE_CANONICAL_BR,M12,Historical URL Is Non-Operational,Core v1.3 Business Rules baseline,RUMAHAGEN_WIREFRAME_CORE_FINAL_SOURCE_PACK_v1.2/03_BUSINESS_RULES/W4-02A.6.10_BUSINESS_RULES_BASELINE_TRACEABILITY_FULL_CONSOLIDATED_v1.2_REAUDITED.docx,,Core v1.3 canonical BR; preserved unless an approved exact semantic amendment applies.
BR-133,CORE_CANONICAL_BR,M12,Closure Is Idempotent,Core v1.3 Business Rules baseline,RUMAHAGEN_WIREFRAME_CORE_FINAL_SOURCE_PACK_v1.2/03_BUSINESS_RULES/W4-02A.6.10_BUSINESS_RULES_BASELINE_TRACEABILITY_FULL_CONSOLIDATED_v1.2_REAUDITED.docx,,Core v1.3 canonical BR; preserved unless an approved exact semantic amendment applies.
BR-134,CORE_CANONICAL_BR,M12,Transfer Is Idempotent,Core v1.3 Business Rules baseline,RUMAHAGEN_WIREFRAME_CORE_FINAL_SOURCE_PACK_v1.2/03_BUSINESS_RULES/W4-02A.6.10_BUSINESS_RULES_BASELINE_TRACEABILITY_FULL_CONSOLIDATED_v1.2_REAUDITED.docx,,Core v1.3 canonical BR; preserved unless an approved exact semantic amendment applies.
BR-135,CORE_CANONICAL_BR,M12,Add-on Ownership Is Idempotent,Core v1.3 Business Rules baseline,RUMAHAGEN_WIREFRAME_CORE_FINAL_SOURCE_PACK_v1.2/03_BUSINESS_RULES/W4-02A.6.10_BUSINESS_RULES_BASELINE_TRACEABILITY_FULL_CONSOLIDATED_v1.2_REAUDITED.docx,,Core v1.3 canonical BR; preserved unless an approved exact semantic amendment applies.
BR-136,CORE_CANONICAL_BR,M12,Membership Termination Is Idempotent,Core v1.3 Business Rules baseline,RUMAHAGEN_WIREFRAME_CORE_FINAL_SOURCE_PACK_v1.2/03_BUSINESS_RULES/W4-02A.6.10_BUSINESS_RULES_BASELINE_TRACEABILITY_FULL_CONSOLIDATED_v1.2_REAUDITED.docx,,Core v1.3 canonical BR; preserved unless an approved exact semantic amendment applies.
BR-137,CORE_CANONICAL_BR,M12,Closure State Cannot Regress,Core v1.3 Business Rules baseline,RUMAHAGEN_WIREFRAME_CORE_FINAL_SOURCE_PACK_v1.2/03_BUSINESS_RULES/W4-02A.6.10_BUSINESS_RULES_BASELINE_TRACEABILITY_FULL_CONSOLIDATED_v1.2_REAUDITED.docx,,Core v1.3 canonical BR; preserved unless an approved exact semantic amendment applies.
BR-138,CORE_CANONICAL_BR,M12,OTP Required for Final Closure,Core v1.3 Business Rules baseline,RUMAHAGEN_WIREFRAME_CORE_FINAL_SOURCE_PACK_v1.2/03_BUSINESS_RULES/W4-02A.6.10_BUSINESS_RULES_BASELINE_TRACEABILITY_FULL_CONSOLIDATED_v1.2_REAUDITED.docx,,Core v1.3 canonical BR; preserved unless an approved exact semantic amendment applies.
BR-139,CORE_CANONICAL_BR,M12,OTP Attempt Reset,Core v1.3 Business Rules baseline,RUMAHAGEN_WIREFRAME_CORE_FINAL_SOURCE_PACK_v1.2/03_BUSINESS_RULES/W4-02A.6.10_BUSINESS_RULES_BASELINE_TRACEABILITY_FULL_CONSOLIDATED_v1.2_REAUDITED.docx,,Core v1.3 canonical BR; preserved unless an approved exact semantic amendment applies.
BR-140,CORE_CANONICAL_BR,M12,OTP Request Limit,Core v1.3 Business Rules baseline,RUMAHAGEN_WIREFRAME_CORE_FINAL_SOURCE_PACK_v1.2/03_BUSINESS_RULES/W4-02A.6.10_BUSINESS_RULES_BASELINE_TRACEABILITY_FULL_CONSOLIDATED_v1.2_REAUDITED.docx,,Core v1.3 canonical BR; preserved unless an approved exact semantic amendment applies.
BR-141,CORE_CANONICAL_BR,M12,OTP Does Not Change Agency State,Core v1.3 Business Rules baseline,RUMAHAGEN_WIREFRAME_CORE_FINAL_SOURCE_PACK_v1.2/03_BUSINESS_RULES/W4-02A.6.10_BUSINESS_RULES_BASELINE_TRACEABILITY_FULL_CONSOLIDATED_v1.2_REAUDITED.docx,,Core v1.3 canonical BR; preserved unless an approved exact semantic amendment applies.
BR-142,CORE_CANONICAL_BR,M12,Successful OTP Changes State,Core v1.3 Business Rules baseline,RUMAHAGEN_WIREFRAME_CORE_FINAL_SOURCE_PACK_v1.2/03_BUSINESS_RULES/W4-02A.6.10_BUSINESS_RULES_BASELINE_TRACEABILITY_FULL_CONSOLIDATED_v1.2_REAUDITED.docx,,Core v1.3 canonical BR; preserved unless an approved exact semantic amendment applies.
BR-143,CORE_CANONICAL_BR,M12,Closure Is Owner-Level Action,Core v1.3 Business Rules baseline,RUMAHAGEN_WIREFRAME_CORE_FINAL_SOURCE_PACK_v1.2/03_BUSINESS_RULES/W4-02A.6.10_BUSINESS_RULES_BASELINE_TRACEABILITY_FULL_CONSOLIDATED_v1.2_REAUDITED.docx,,Core v1.3 canonical BR; preserved unless an approved exact semantic amendment applies.
BR-144,CORE_CANONICAL_BR,M12,Closure Affects All Agency Listings,Core v1.3 Business Rules baseline,RUMAHAGEN_WIREFRAME_CORE_FINAL_SOURCE_PACK_v1.2/03_BUSINESS_RULES/W4-02A.6.10_BUSINESS_RULES_BASELINE_TRACEABILITY_FULL_CONSOLIDATED_v1.2_REAUDITED.docx,,Core v1.3 canonical BR; preserved unless an approved exact semantic amendment applies.
BR-145,CORE_CANONICAL_BR,M12,Closure Does Not Affect Personal Listings,Core v1.3 Business Rules baseline,RUMAHAGEN_WIREFRAME_CORE_FINAL_SOURCE_PACK_v1.2/03_BUSINESS_RULES/W4-02A.6.10_BUSINESS_RULES_BASELINE_TRACEABILITY_FULL_CONSOLIDATED_v1.2_REAUDITED.docx,,Core v1.3 canonical BR; preserved unless an approved exact semantic amendment applies.
BR-146,CORE_CANONICAL_BR,M12,Closure Does Not Reclaim Personal Entitlements,Core v1.3 Business Rules baseline,RUMAHAGEN_WIREFRAME_CORE_FINAL_SOURCE_PACK_v1.2/03_BUSINESS_RULES/W4-02A.6.10_BUSINESS_RULES_BASELINE_TRACEABILITY_FULL_CONSOLIDATED_v1.2_REAUDITED.docx,,Core v1.3 canonical BR; preserved unless an approved exact semantic amendment applies.
BR-147,CORE_CANONICAL_BR,M12,Closure Resolves Agency-Owned Unallocated Add-on,Core v1.3 Business Rules baseline,RUMAHAGEN_WIREFRAME_CORE_FINAL_SOURCE_PACK_v1.2/03_BUSINESS_RULES/W4-02A.6.10_BUSINESS_RULES_BASELINE_TRACEABILITY_FULL_CONSOLIDATED_v1.2_REAUDITED.docx,,Core v1.3 canonical BR; preserved unless an approved exact semantic amendment applies.
BR-148,CORE_CANONICAL_BR,M12,Closure Resolves Allocated Add-on,Core v1.3 Business Rules baseline,RUMAHAGEN_WIREFRAME_CORE_FINAL_SOURCE_PACK_v1.2/03_BUSINESS_RULES/W4-02A.6.10_BUSINESS_RULES_BASELINE_TRACEABILITY_FULL_CONSOLIDATED_v1.2_REAUDITED.docx,,Core v1.3 canonical BR; preserved unless an approved exact semantic amendment applies.
BR-149,CORE_CANONICAL_BR,M12,Closure Ends Agency Membership,Core v1.3 Business Rules baseline,RUMAHAGEN_WIREFRAME_CORE_FINAL_SOURCE_PACK_v1.2/03_BUSINESS_RULES/W4-02A.6.10_BUSINESS_RULES_BASELINE_TRACEABILITY_FULL_CONSOLIDATED_v1.2_REAUDITED.docx,,Core v1.3 canonical BR; preserved unless an approved exact semantic amendment applies.
BR-150,CORE_CANONICAL_BR,M12,Closure Ends Lead Title,Core v1.3 Business Rules baseline,RUMAHAGEN_WIREFRAME_CORE_FINAL_SOURCE_PACK_v1.2/03_BUSINESS_RULES/W4-02A.6.10_BUSINESS_RULES_BASELINE_TRACEABILITY_FULL_CONSOLIDATED_v1.2_REAUDITED.docx,,Core v1.3 canonical BR; preserved unless an approved exact semantic amendment applies.
BR-151,CORE_CANONICAL_BR,M12,Agency Closed Final State,Core v1.3 Business Rules baseline,RUMAHAGEN_WIREFRAME_CORE_FINAL_SOURCE_PACK_v1.2/03_BUSINESS_RULES/W4-02A.6.10_BUSINESS_RULES_BASELINE_TRACEABILITY_FULL_CONSOLIDATED_v1.2_REAUDITED.docx,,Core v1.3 canonical BR; preserved unless an approved exact semantic amendment applies.
M01-CI-007,MXX_RULE_EXTENSION_OR_AMENDMENT,M01,Conditional KTP eligibility,STEP07 v1.1 preserved finding M01-CI-007; Core artifact 26_ENGINEERING_ALIGNMENT/W4-02A.6.30_ENGINEERING_ALIGNMENT_GUIDEBOOK_PLAYBOOK_v2.1.md; Mxx authority WF03-03-01_M01_FULL_SEMANTIC_REBUILD_v1.2.md,RUMAHAGEN_WIREFRAME_CORE_FINAL_SOURCE_PACK_v1.2/03_BUSINESS_RULES/W4-02A.6.10_BUSINESS_RULES_BASELINE_TRACEABILITY_FULL_CONSOLIDATED_v1.2_REAUDITED.docx; RUMAHAGEN_WIREFRAME_CORE_FINAL_SOURCE_PACK_v1.2/04_ARCHITECTURE/W4-02A.6.5_SYSTEM_ARCHITECTURE_FULL_CONSOLIDATED_v1.8.docx; RUMAHAGEN_WIREFRAME_CORE_FINAL_SOURCE_PACK_v1.2/05_TECHNICAL_DECISIONS/W4-02A.6.6_TECHNICAL_DECISIONS_FULL_CONSOLIDATED_v1.6.docx; RUMAHAGEN_WIREFRAME_CORE_FINAL_SOURCE_PACK_v1.2/06_DEPENDENCY_MANIFEST/W4-02A.6.7_DEPENDENCY_MANIFEST_FULL_CONSOLIDATED_v1.9.docx; RUMAHAGEN_WIREFRAME_CORE_FINAL_SOURCE_PACK_v1.2/09_ERD/W4-02A.6.13_ERD_CURRENT_LOGICAL_DATA_MODEL_FULL_CONSOLIDATED_v2.1.docx; RUMAHAGEN_WIREFRAME_CORE_FINAL_SOURCE_PACK_v1.2/10_DATABASE_DICTIONARY/W4-02A.6.14_DATABASE_DICTIONARY_CURRENT_LOGICAL_TO_PHYSICAL_DATA_MEANING_FULL_CONSOLIDATED_v2.2.docx; RUMAHAGEN_WIREFRAME_CORE_FINAL_SOURCE_PACK_v1.2/11_DATABASE_SCHEMA/RUMAHAGEN_FULL_DATABASE_SCHEMA_SOURCE_ONLY_PACKAGE_v1.0.zip; RUMAHAGEN_WIREFRAME_CORE_FINAL_SOURCE_PACK_v1.2/11_DATABASE_SCHEMA/RUMAHAGEN_FULL_DATABASE_SCHEMA_SOURCE_ONLY_PACKAGE_v1.0_EXTRACTED/RUMAHAGEN_FULL_DATABASE_SCHEMA_SOURCE_ONLY_v1.0.md; RUMAHAGEN_WIREFRAME_CORE_FINAL_SOURCE_PACK_v1.2/11_DATABASE_SCHEMA/RUMAHAGEN_FULL_DATABASE_SCHEMA_SOURCE_ONLY_PACKAGE_v1.0_EXTRACTED/RUMAHAGEN_FULL_DATABASE_SCHEMA_SOURCE_ONLY_v1.0.sql; RUMAHAGEN_WIREFRAME_CORE_FINAL_SOURCE_PACK_v1.2/11_DATABASE_SCHEMA/W4-01E_FINAL_BUILD_FROM_ZERO_SCHEMA_PACKAGE_v2.6.zip; RUMAHAGEN_WIREFRAME_CORE_FINAL_SOURCE_PACK_v1.2/11_DATABASE_SCHEMA/W4-01E_FINAL_BUILD_FROM_ZERO_SCHEMA_PACKAGE_v2.6_EXTRACTED/RUMAHAGEN_W4-01E_FINAL_CANONICAL_BUILD_FROM_ZERO_DATABASE_SCHEMA_v2.6.sql; RUMAHAGEN_WIREFRAME_CORE_FINAL_SOURCE_PACK_v1.2/11_DATABASE_SCHEMA/W4-01E_FINAL_BUILD_FROM_ZERO_SCHEMA_PACKAGE_v2.6_EXTRACTED/RUMAHAGEN_W4-01E_FINAL_CANONICAL_TABLE_REGISTER_v2.6.csv,STEP07 v1.1 preserved finding M01-CI-007; Core artifact 26_ENGINEERING_ALIGNMENT/W4-02A.6.30_ENGINEERING_ALIGNMENT_GUIDEBOOK_PLAYBOOK_v2.1.md; Mxx authority WF03-03-01_M01_FULL_SEMANTIC_REBUILD_v1.2.md,M01-M15 authoritative semantic delta; not a whole-artifact replacement.
M01-CI-009,MXX_RULE_EXTENSION_OR_AMENDMENT,M01,Pending Review boundary,STEP07 v1.1 preserved finding M01-CI-009; Core artifact 19_IMPLEMENTATION_STRATEGY/W4-02A.6.23_MODULE_IMPLEMENTATION_STRATEGY_INTEGRATED_IMPLEMENTATION_SEQUENCING_v2.1.md; Mxx authority WF03-03-01_M01_FULL_SEMANTIC_REBUILD_v1.2.md,RUMAHAGEN_WIREFRAME_CORE_FINAL_SOURCE_PACK_v1.2/07_PRD/W4-02A.6.11_PRD_CURRENT_PRODUCT_REQUIREMENTS_FULL_CONSOLIDATED_v2.1.docx; RUMAHAGEN_WIREFRAME_CORE_FINAL_SOURCE_PACK_v1.2/08_USER_FLOW/W4-02A.6.12_USER_FLOW_CURRENT_CROSS_DOMAIN_INTERACTION_FLOW_FULL_CONSOLIDATED_v2.1.docx; RUMAHAGEN_WIREFRAME_CORE_FINAL_SOURCE_PACK_v1.2/14_FUNCTIONAL/W4-02A.6.18_FUNCTIONAL_SPECIFICATION_CURRENT_FUNCTIONAL_IMPLEMENTATION_CONTRACT_v2.1.md; RUMAHAGEN_WIREFRAME_CORE_FINAL_SOURCE_PACK_v1.2/03_BUSINESS_RULES/W4-02A.6.10_BUSINESS_RULES_BASELINE_TRACEABILITY_FULL_CONSOLIDATED_v1.2_REAUDITED.docx; RUMAHAGEN_WIREFRAME_CORE_FINAL_SOURCE_PACK_v1.2/04_ARCHITECTURE/W4-02A.6.5_SYSTEM_ARCHITECTURE_FULL_CONSOLIDATED_v1.8.docx; RUMAHAGEN_WIREFRAME_CORE_FINAL_SOURCE_PACK_v1.2/05_TECHNICAL_DECISIONS/W4-02A.6.6_TECHNICAL_DECISIONS_FULL_CONSOLIDATED_v1.6.docx; RUMAHAGEN_WIREFRAME_CORE_FINAL_SOURCE_PACK_v1.2/06_DEPENDENCY_MANIFEST/W4-02A.6.7_DEPENDENCY_MANIFEST_FULL_CONSOLIDATED_v1.9.docx; RUMAHAGEN_WIREFRAME_CORE_FINAL_SOURCE_PACK_v1.2/09_ERD/W4-02A.6.13_ERD_CURRENT_LOGICAL_DATA_MODEL_FULL_CONSOLIDATED_v2.1.docx; RUMAHAGEN_WIREFRAME_CORE_FINAL_SOURCE_PACK_v1.2/10_DATABASE_DICTIONARY/W4-02A.6.14_DATABASE_DICTIONARY_CURRENT_LOGICAL_TO_PHYSICAL_DATA_MEANING_FULL_CONSOLIDATED_v2.2.docx; RUMAHAGEN_WIREFRAME_CORE_FINAL_SOURCE_PACK_v1.2/11_DATABASE_SCHEMA/RUMAHAGEN_FULL_DATABASE_SCHEMA_SOURCE_ONLY_PACKAGE_v1.0.zip; RUMAHAGEN_WIREFRAME_CORE_FINAL_SOURCE_PACK_v1.2/11_DATABASE_SCHEMA/RUMAHAGEN_FULL_DATABASE_SCHEMA_SOURCE_ONLY_PACKAGE_v1.0_EXTRACTED/RUMAHAGEN_FULL_DATABASE_SCHEMA_SOURCE_ONLY_v1.0.md; RUMAHAGEN_WIREFRAME_CORE_FINAL_SOURCE_PACK_v1.2/11_DATABASE_SCHEMA/RUMAHAGEN_FULL_DATABASE_SCHEMA_SOURCE_ONLY_PACKAGE_v1.0_EXTRACTED/RUMAHAGEN_FULL_DATABASE_SCHEMA_SOURCE_ONLY_v1.0.sql,STEP07 v1.1 preserved finding M01-CI-009; Core artifact 19_IMPLEMENTATION_STRATEGY/W4-02A.6.23_MODULE_IMPLEMENTATION_STRATEGY_INTEGRATED_IMPLEMENTATION_SEQUENCING_v2.1.md; Mxx authority WF03-03-01_M01_FULL_SEMANTIC_REBUILD_v1.2.md,M01-M15 authoritative semantic delta; not a whole-artifact replacement.
M02-CI-008,MXX_RULE_EXTENSION_OR_AMENDMENT,M02,Review Auto-Approve / post-publication moderation,STEP07 v1.1 preserved finding M02-CI-008; Core artifact 26_ENGINEERING_ALIGNMENT/W4-02A.6.30_ENGINEERING_ALIGNMENT_GUIDEBOOK_PLAYBOOK_v2.1.md; Mxx authority WF03-03-02_M02_FULL_SEMANTIC_REBUILD_v1.2.md,RUMAHAGEN_WIREFRAME_CORE_FINAL_SOURCE_PACK_v1.2/07_PRD/W4-02A.6.11_PRD_CURRENT_PRODUCT_REQUIREMENTS_FULL_CONSOLIDATED_v2.1.docx; RUMAHAGEN_WIREFRAME_CORE_FINAL_SOURCE_PACK_v1.2/08_USER_FLOW/W4-02A.6.12_USER_FLOW_CURRENT_CROSS_DOMAIN_INTERACTION_FLOW_FULL_CONSOLIDATED_v2.1.docx; RUMAHAGEN_WIREFRAME_CORE_FINAL_SOURCE_PACK_v1.2/14_FUNCTIONAL/W4-02A.6.18_FUNCTIONAL_SPECIFICATION_CURRENT_FUNCTIONAL_IMPLEMENTATION_CONTRACT_v2.1.md; RUMAHAGEN_WIREFRAME_CORE_FINAL_SOURCE_PACK_v1.2/16_UI_UX/W4-02A.6.20_UI_UX_SPECIFICATION_CURRENT_INTERFACE_BEHAVIOR_CONTRACT_v2.1.md; RUMAHAGEN_WIREFRAME_CORE_FINAL_SOURCE_PACK_v1.2/03_BUSINESS_RULES/W4-02A.6.10_BUSINESS_RULES_BASELINE_TRACEABILITY_FULL_CONSOLIDATED_v1.2_REAUDITED.docx; RUMAHAGEN_WIREFRAME_CORE_FINAL_SOURCE_PACK_v1.2/04_ARCHITECTURE/W4-02A.6.5_SYSTEM_ARCHITECTURE_FULL_CONSOLIDATED_v1.8.docx; RUMAHAGEN_WIREFRAME_CORE_FINAL_SOURCE_PACK_v1.2/05_TECHNICAL_DECISIONS/W4-02A.6.6_TECHNICAL_DECISIONS_FULL_CONSOLIDATED_v1.6.docx; RUMAHAGEN_WIREFRAME_CORE_FINAL_SOURCE_PACK_v1.2/06_DEPENDENCY_MANIFEST/W4-02A.6.7_DEPENDENCY_MANIFEST_FULL_CONSOLIDATED_v1.9.docx; RUMAHAGEN_WIREFRAME_CORE_FINAL_SOURCE_PACK_v1.2/09_ERD/W4-02A.6.13_ERD_CURRENT_LOGICAL_DATA_MODEL_FULL_CONSOLIDATED_v2.1.docx; RUMAHAGEN_WIREFRAME_CORE_FINAL_SOURCE_PACK_v1.2/10_DATABASE_DICTIONARY/W4-02A.6.14_DATABASE_DICTIONARY_CURRENT_LOGICAL_TO_PHYSICAL_DATA_MEANING_FULL_CONSOLIDATED_v2.2.docx; RUMAHAGEN_WIREFRAME_CORE_FINAL_SOURCE_PACK_v1.2/11_DATABASE_SCHEMA/RUMAHAGEN_FULL_DATABASE_SCHEMA_SOURCE_ONLY_PACKAGE_v1.0.zip; RUMAHAGEN_WIREFRAME_CORE_FINAL_SOURCE_PACK_v1.2/11_DATABASE_SCHEMA/RUMAHAGEN_FULL_DATABASE_SCHEMA_SOURCE_ONLY_PACKAGE_v1.0_EXTRACTED/RUMAHAGEN_FULL_DATABASE_SCHEMA_SOURCE_ONLY_v1.0.md,STEP07 v1.1 preserved finding M02-CI-008; Core artifact 26_ENGINEERING_ALIGNMENT/W4-02A.6.30_ENGINEERING_ALIGNMENT_GUIDEBOOK_PLAYBOOK_v2.1.md; Mxx authority WF03-03-02_M02_FULL_SEMANTIC_REBUILD_v1.2.md,M01-M15 authoritative semantic delta; not a whole-artifact replacement.
M02-CI-009,MXX_RULE_EXTENSION_OR_AMENDMENT,M02,Outcome Presentation — non-owning,STEP07 v1.1 preserved finding M02-CI-009; Core artifact 04_ARCHITECTURE/W4-02A.6.5_SYSTEM_ARCHITECTURE_FULL_CONSOLIDATED_v1.8.docx; Mxx authority WF03-03-02_M02_FULL_SEMANTIC_REBUILD_v1.2.md,RUMAHAGEN_WIREFRAME_CORE_FINAL_SOURCE_PACK_v1.2/03_BUSINESS_RULES/W4-02A.6.10_BUSINESS_RULES_BASELINE_TRACEABILITY_FULL_CONSOLIDATED_v1.2_REAUDITED.docx; RUMAHAGEN_WIREFRAME_CORE_FINAL_SOURCE_PACK_v1.2/04_ARCHITECTURE/W4-02A.6.5_SYSTEM_ARCHITECTURE_FULL_CONSOLIDATED_v1.8.docx; RUMAHAGEN_WIREFRAME_CORE_FINAL_SOURCE_PACK_v1.2/05_TECHNICAL_DECISIONS/W4-02A.6.6_TECHNICAL_DECISIONS_FULL_CONSOLIDATED_v1.6.docx; RUMAHAGEN_WIREFRAME_CORE_FINAL_SOURCE_PACK_v1.2/06_DEPENDENCY_MANIFEST/W4-02A.6.7_DEPENDENCY_MANIFEST_FULL_CONSOLIDATED_v1.9.docx; RUMAHAGEN_WIREFRAME_CORE_FINAL_SOURCE_PACK_v1.2/09_ERD/W4-02A.6.13_ERD_CURRENT_LOGICAL_DATA_MODEL_FULL_CONSOLIDATED_v2.1.docx; RUMAHAGEN_WIREFRAME_CORE_FINAL_SOURCE_PACK_v1.2/10_DATABASE_DICTIONARY/W4-02A.6.14_DATABASE_DICTIONARY_CURRENT_LOGICAL_TO_PHYSICAL_DATA_MEANING_FULL_CONSOLIDATED_v2.2.docx; RUMAHAGEN_WIREFRAME_CORE_FINAL_SOURCE_PACK_v1.2/11_DATABASE_SCHEMA/RUMAHAGEN_FULL_DATABASE_SCHEMA_SOURCE_ONLY_PACKAGE_v1.0.zip; RUMAHAGEN_WIREFRAME_CORE_FINAL_SOURCE_PACK_v1.2/11_DATABASE_SCHEMA/RUMAHAGEN_FULL_DATABASE_SCHEMA_SOURCE_ONLY_PACKAGE_v1.0_EXTRACTED/RUMAHAGEN_FULL_DATABASE_SCHEMA_SOURCE_ONLY_v1.0.md; RUMAHAGEN_WIREFRAME_CORE_FINAL_SOURCE_PACK_v1.2/11_DATABASE_SCHEMA/RUMAHAGEN_FULL_DATABASE_SCHEMA_SOURCE_ONLY_PACKAGE_v1.0_EXTRACTED/RUMAHAGEN_FULL_DATABASE_SCHEMA_SOURCE_ONLY_v1.0.sql; RUMAHAGEN_WIREFRAME_CORE_FINAL_SOURCE_PACK_v1.2/11_DATABASE_SCHEMA/W4-01E_FINAL_BUILD_FROM_ZERO_SCHEMA_PACKAGE_v2.6.zip; RUMAHAGEN_WIREFRAME_CORE_FINAL_SOURCE_PACK_v1.2/11_DATABASE_SCHEMA/W4-01E_FINAL_BUILD_FROM_ZERO_SCHEMA_PACKAGE_v2.6_EXTRACTED/RUMAHAGEN_W4-01E_FINAL_CANONICAL_BUILD_FROM_ZERO_DATABASE_SCHEMA_v2.6.sql; RUMAHAGEN_WIREFRAME_CORE_FINAL_SOURCE_PACK_v1.2/11_DATABASE_SCHEMA/W4-01E_FINAL_BUILD_FROM_ZERO_SCHEMA_PACKAGE_v2.6_EXTRACTED/RUMAHAGEN_W4-01E_FINAL_CANONICAL_TABLE_REGISTER_v2.6.csv,STEP07 v1.1 preserved finding M02-CI-009; Core artifact 04_ARCHITECTURE/W4-02A.6.5_SYSTEM_ARCHITECTURE_FULL_CONSOLIDATED_v1.8.docx; Mxx authority WF03-03-02_M02_FULL_SEMANTIC_REBUILD_v1.2.md,M01-M15 authoritative semantic delta; not a whole-artifact replacement.
M02-CI-011,MXX_RULE_EXTENSION_OR_AMENDMENT,M02,KTP deferred semantics,STEP07 v1.1 preserved finding M02-CI-011; Core artifact CAM11-0034; Mxx authority WF03-03-02_M02_FULL_SEMANTIC_REBUILD_v1.2.md,RUMAHAGEN_WIREFRAME_CORE_FINAL_SOURCE_PACK_v1.2/03_BUSINESS_RULES/W4-02A.6.10_BUSINESS_RULES_BASELINE_TRACEABILITY_FULL_CONSOLIDATED_v1.2_REAUDITED.docx; RUMAHAGEN_WIREFRAME_CORE_FINAL_SOURCE_PACK_v1.2/04_ARCHITECTURE/W4-02A.6.5_SYSTEM_ARCHITECTURE_FULL_CONSOLIDATED_v1.8.docx; RUMAHAGEN_WIREFRAME_CORE_FINAL_SOURCE_PACK_v1.2/05_TECHNICAL_DECISIONS/W4-02A.6.6_TECHNICAL_DECISIONS_FULL_CONSOLIDATED_v1.6.docx; RUMAHAGEN_WIREFRAME_CORE_FINAL_SOURCE_PACK_v1.2/06_DEPENDENCY_MANIFEST/W4-02A.6.7_DEPENDENCY_MANIFEST_FULL_CONSOLIDATED_v1.9.docx; RUMAHAGEN_WIREFRAME_CORE_FINAL_SOURCE_PACK_v1.2/09_ERD/W4-02A.6.13_ERD_CURRENT_LOGICAL_DATA_MODEL_FULL_CONSOLIDATED_v2.1.docx; RUMAHAGEN_WIREFRAME_CORE_FINAL_SOURCE_PACK_v1.2/10_DATABASE_DICTIONARY/W4-02A.6.14_DATABASE_DICTIONARY_CURRENT_LOGICAL_TO_PHYSICAL_DATA_MEANING_FULL_CONSOLIDATED_v2.2.docx; RUMAHAGEN_WIREFRAME_CORE_FINAL_SOURCE_PACK_v1.2/11_DATABASE_SCHEMA/RUMAHAGEN_FULL_DATABASE_SCHEMA_SOURCE_ONLY_PACKAGE_v1.0.zip; RUMAHAGEN_WIREFRAME_CORE_FINAL_SOURCE_PACK_v1.2/11_DATABASE_SCHEMA/RUMAHAGEN_FULL_DATABASE_SCHEMA_SOURCE_ONLY_PACKAGE_v1.0_EXTRACTED/RUMAHAGEN_FULL_DATABASE_SCHEMA_SOURCE_ONLY_v1.0.md; RUMAHAGEN_WIREFRAME_CORE_FINAL_SOURCE_PACK_v1.2/11_DATABASE_SCHEMA/RUMAHAGEN_FULL_DATABASE_SCHEMA_SOURCE_ONLY_PACKAGE_v1.0_EXTRACTED/RUMAHAGEN_FULL_DATABASE_SCHEMA_SOURCE_ONLY_v1.0.sql; RUMAHAGEN_WIREFRAME_CORE_FINAL_SOURCE_PACK_v1.2/11_DATABASE_SCHEMA/W4-01E_FINAL_BUILD_FROM_ZERO_SCHEMA_PACKAGE_v2.6.zip; RUMAHAGEN_WIREFRAME_CORE_FINAL_SOURCE_PACK_v1.2/11_DATABASE_SCHEMA/W4-01E_FINAL_BUILD_FROM_ZERO_SCHEMA_PACKAGE_v2.6_EXTRACTED/RUMAHAGEN_W4-01E_FINAL_CANONICAL_BUILD_FROM_ZERO_DATABASE_SCHEMA_v2.6.sql; RUMAHAGEN_WIREFRAME_CORE_FINAL_SOURCE_PACK_v1.2/11_DATABASE_SCHEMA/W4-01E_FINAL_BUILD_FROM_ZERO_SCHEMA_PACKAGE_v2.6_EXTRACTED/RUMAHAGEN_W4-01E_FINAL_CANONICAL_TABLE_REGISTER_v2.6.csv,STEP07 v1.1 preserved finding M02-CI-011; Core artifact CAM11-0034; Mxx authority WF03-03-02_M02_FULL_SEMANTIC_REBUILD_v1.2.md,M01-M15 authoritative semantic delta; not a whole-artifact replacement.
M03-CI-001,MXX_RULE_EXTENSION_OR_AMENDMENT,M03,Publication / no Pending Review,STEP07 v1.1 preserved finding M03-CI-001; Core artifact 20_MODULE_PLANNING/W4-02A.6.24_REVISED_MODULE_PLANNING_CURRENT_MODULE_DELIVERY_PLANNING_v2.1.md; Mxx authority RUMAHAGEN_WF03_M03_FULL_REBUILD_v1.3_QIR_INTEGRATED_CONTROLLED/00_M03_REBUILD_CONTROL_REPORT_v1.3.md,RUMAHAGEN_WIREFRAME_CORE_FINAL_SOURCE_PACK_v1.2/07_PRD/W4-02A.6.11_PRD_CURRENT_PRODUCT_REQUIREMENTS_FULL_CONSOLIDATED_v2.1.docx; RUMAHAGEN_WIREFRAME_CORE_FINAL_SOURCE_PACK_v1.2/08_USER_FLOW/W4-02A.6.12_USER_FLOW_CURRENT_CROSS_DOMAIN_INTERACTION_FLOW_FULL_CONSOLIDATED_v2.1.docx; RUMAHAGEN_WIREFRAME_CORE_FINAL_SOURCE_PACK_v1.2/14_FUNCTIONAL/W4-02A.6.18_FUNCTIONAL_SPECIFICATION_CURRENT_FUNCTIONAL_IMPLEMENTATION_CONTRACT_v2.1.md; RUMAHAGEN_WIREFRAME_CORE_FINAL_SOURCE_PACK_v1.2/16_UI_UX/W4-02A.6.20_UI_UX_SPECIFICATION_CURRENT_INTERFACE_BEHAVIOR_CONTRACT_v2.1.md; RUMAHAGEN_WIREFRAME_CORE_FINAL_SOURCE_PACK_v1.2/03_BUSINESS_RULES/W4-02A.6.10_BUSINESS_RULES_BASELINE_TRACEABILITY_FULL_CONSOLIDATED_v1.2_REAUDITED.docx; RUMAHAGEN_WIREFRAME_CORE_FINAL_SOURCE_PACK_v1.2/04_ARCHITECTURE/W4-02A.6.5_SYSTEM_ARCHITECTURE_FULL_CONSOLIDATED_v1.8.docx; RUMAHAGEN_WIREFRAME_CORE_FINAL_SOURCE_PACK_v1.2/05_TECHNICAL_DECISIONS/W4-02A.6.6_TECHNICAL_DECISIONS_FULL_CONSOLIDATED_v1.6.docx; RUMAHAGEN_WIREFRAME_CORE_FINAL_SOURCE_PACK_v1.2/06_DEPENDENCY_MANIFEST/W4-02A.6.7_DEPENDENCY_MANIFEST_FULL_CONSOLIDATED_v1.9.docx; RUMAHAGEN_WIREFRAME_CORE_FINAL_SOURCE_PACK_v1.2/09_ERD/W4-02A.6.13_ERD_CURRENT_LOGICAL_DATA_MODEL_FULL_CONSOLIDATED_v2.1.docx; RUMAHAGEN_WIREFRAME_CORE_FINAL_SOURCE_PACK_v1.2/10_DATABASE_DICTIONARY/W4-02A.6.14_DATABASE_DICTIONARY_CURRENT_LOGICAL_TO_PHYSICAL_DATA_MEANING_FULL_CONSOLIDATED_v2.2.docx; RUMAHAGEN_WIREFRAME_CORE_FINAL_SOURCE_PACK_v1.2/11_DATABASE_SCHEMA/RUMAHAGEN_FULL_DATABASE_SCHEMA_SOURCE_ONLY_PACKAGE_v1.0.zip; RUMAHAGEN_WIREFRAME_CORE_FINAL_SOURCE_PACK_v1.2/11_DATABASE_SCHEMA/RUMAHAGEN_FULL_DATABASE_SCHEMA_SOURCE_ONLY_PACKAGE_v1.0_EXTRACTED/RUMAHAGEN_FULL_DATABASE_SCHEMA_SOURCE_ONLY_v1.0.md,STEP07 v1.1 preserved finding M03-CI-001; Core artifact 20_MODULE_PLANNING/W4-02A.6.24_REVISED_MODULE_PLANNING_CURRENT_MODULE_DELIVERY_PLANNING_v2.1.md; Mxx authority RUMAHAGEN_WF03_M03_FULL_REBUILD_v1.3_QIR_INTEGRATED_CONTROLLED/00_M03_REBUILD_CONTROL_REPORT_v1.3.md,M01-M15 authoritative semantic delta; not a whole-artifact replacement.
M03-CI-006,MXX_RULE_EXTENSION_OR_AMENDMENT,M03,Refresh daily quota default 5,STEP07 v1.1 preserved finding M03-CI-006; Core artifact 27_AI_BLUEPRINT/W4-02A.6.31_AI_DEVELOPMENT_BLUEPRINT_v2.1.md; Mxx authority RUMAHAGEN_WF03_M03_FULL_REBUILD_v1.3_QIR_INTEGRATED_CONTROLLED/00_M03_REBUILD_CONTROL_REPORT_v1.3.md,RUMAHAGEN_WIREFRAME_CORE_FINAL_SOURCE_PACK_v1.2/03_BUSINESS_RULES/W4-02A.6.10_BUSINESS_RULES_BASELINE_TRACEABILITY_FULL_CONSOLIDATED_v1.2_REAUDITED.docx; RUMAHAGEN_WIREFRAME_CORE_FINAL_SOURCE_PACK_v1.2/09_ERD/W4-02A.6.13_ERD_CURRENT_LOGICAL_DATA_MODEL_FULL_CONSOLIDATED_v2.1.docx; RUMAHAGEN_WIREFRAME_CORE_FINAL_SOURCE_PACK_v1.2/10_DATABASE_DICTIONARY/W4-02A.6.14_DATABASE_DICTIONARY_CURRENT_LOGICAL_TO_PHYSICAL_DATA_MEANING_FULL_CONSOLIDATED_v2.2.docx; RUMAHAGEN_WIREFRAME_CORE_FINAL_SOURCE_PACK_v1.2/11_DATABASE_SCHEMA/RUMAHAGEN_FULL_DATABASE_SCHEMA_SOURCE_ONLY_PACKAGE_v1.0.zip; RUMAHAGEN_WIREFRAME_CORE_FINAL_SOURCE_PACK_v1.2/11_DATABASE_SCHEMA/RUMAHAGEN_FULL_DATABASE_SCHEMA_SOURCE_ONLY_PACKAGE_v1.0_EXTRACTED/RUMAHAGEN_FULL_DATABASE_SCHEMA_SOURCE_ONLY_v1.0.md; RUMAHAGEN_WIREFRAME_CORE_FINAL_SOURCE_PACK_v1.2/11_DATABASE_SCHEMA/RUMAHAGEN_FULL_DATABASE_SCHEMA_SOURCE_ONLY_PACKAGE_v1.0_EXTRACTED/RUMAHAGEN_FULL_DATABASE_SCHEMA_SOURCE_ONLY_v1.0.sql; RUMAHAGEN_WIREFRAME_CORE_FINAL_SOURCE_PACK_v1.2/11_DATABASE_SCHEMA/W4-01E_FINAL_BUILD_FROM_ZERO_SCHEMA_PACKAGE_v2.6.zip; RUMAHAGEN_WIREFRAME_CORE_FINAL_SOURCE_PACK_v1.2/11_DATABASE_SCHEMA/W4-01E_FINAL_BUILD_FROM_ZERO_SCHEMA_PACKAGE_v2.6_EXTRACTED/RUMAHAGEN_W4-01E_FINAL_CANONICAL_BUILD_FROM_ZERO_DATABASE_SCHEMA_v2.6.sql; RUMAHAGEN_WIREFRAME_CORE_FINAL_SOURCE_PACK_v1.2/11_DATABASE_SCHEMA/W4-01E_FINAL_BUILD_FROM_ZERO_SCHEMA_PACKAGE_v2.6_EXTRACTED/RUMAHAGEN_W4-01E_FINAL_CANONICAL_TABLE_REGISTER_v2.6.csv; RUMAHAGEN_WIREFRAME_CORE_FINAL_SOURCE_PACK_v1.2/11_DATABASE_SCHEMA/W4-01E_FINAL_BUILD_FROM_ZERO_SCHEMA_PACKAGE_v2.6_EXTRACTED/RUMAHAGEN_W4-01E_FINAL_SCHEMA_CLOSURE_AND_FREEZE_v2.6.md; RUMAHAGEN_WIREFRAME_CORE_FINAL_SOURCE_PACK_v1.2/11_DATABASE_SCHEMA/W4-01E_FINAL_BUILD_FROM_ZERO_SCHEMA_PACKAGE_v2.6_EXTRACTED/RUMAHAGEN_W4-01E_GATE_CLOSURE_REGISTER_v2.6.csv; RUMAHAGEN_WIREFRAME_CORE_FINAL_SOURCE_PACK_v1.2/11_DATABASE_SCHEMA/W4-02A.6.15_DATABASE_SCHEMA_CURRENT_PHYSICAL_SCHEMA_REFERENCE_FULL_CONSOLIDATED_v2.7.docx,STEP07 v1.1 preserved finding M03-CI-006; Core artifact 27_AI_BLUEPRINT/W4-02A.6.31_AI_DEVELOPMENT_BLUEPRINT_v2.1.md; Mxx authority RUMAHAGEN_WF03_M03_FULL_REBUILD_v1.3_QIR_INTEGRATED_CONTROLLED/00_M03_REBUILD_CONTROL_REPORT_v1.3.md,M01-M15 authoritative semantic delta; not a whole-artifact replacement.
M03-CI-009,MXX_RULE_EXTENSION_OR_AMENDMENT,M03,Refresh Asia/Jakarta reset,STEP07 v1.1 preserved finding M03-CI-009; Core artifact 04_ARCHITECTURE/W4-02A.6.5_SYSTEM_ARCHITECTURE_FULL_CONSOLIDATED_v1.8.docx; Mxx authority RUMAHAGEN_WF03_M03_FULL_REBUILD_v1.3_QIR_INTEGRATED_CONTROLLED/00_M03_REBUILD_CONTROL_REPORT_v1.3.md,RUMAHAGEN_WIREFRAME_CORE_FINAL_SOURCE_PACK_v1.2/03_BUSINESS_RULES/W4-02A.6.10_BUSINESS_RULES_BASELINE_TRACEABILITY_FULL_CONSOLIDATED_v1.2_REAUDITED.docx; RUMAHAGEN_WIREFRAME_CORE_FINAL_SOURCE_PACK_v1.2/04_ARCHITECTURE/W4-02A.6.5_SYSTEM_ARCHITECTURE_FULL_CONSOLIDATED_v1.8.docx; RUMAHAGEN_WIREFRAME_CORE_FINAL_SOURCE_PACK_v1.2/05_TECHNICAL_DECISIONS/W4-02A.6.6_TECHNICAL_DECISIONS_FULL_CONSOLIDATED_v1.6.docx; RUMAHAGEN_WIREFRAME_CORE_FINAL_SOURCE_PACK_v1.2/06_DEPENDENCY_MANIFEST/W4-02A.6.7_DEPENDENCY_MANIFEST_FULL_CONSOLIDATED_v1.9.docx; RUMAHAGEN_WIREFRAME_CORE_FINAL_SOURCE_PACK_v1.2/09_ERD/W4-02A.6.13_ERD_CURRENT_LOGICAL_DATA_MODEL_FULL_CONSOLIDATED_v2.1.docx; RUMAHAGEN_WIREFRAME_CORE_FINAL_SOURCE_PACK_v1.2/10_DATABASE_DICTIONARY/W4-02A.6.14_DATABASE_DICTIONARY_CURRENT_LOGICAL_TO_PHYSICAL_DATA_MEANING_FULL_CONSOLIDATED_v2.2.docx; RUMAHAGEN_WIREFRAME_CORE_FINAL_SOURCE_PACK_v1.2/11_DATABASE_SCHEMA/RUMAHAGEN_FULL_DATABASE_SCHEMA_SOURCE_ONLY_PACKAGE_v1.0.zip; RUMAHAGEN_WIREFRAME_CORE_FINAL_SOURCE_PACK_v1.2/11_DATABASE_SCHEMA/RUMAHAGEN_FULL_DATABASE_SCHEMA_SOURCE_ONLY_PACKAGE_v1.0_EXTRACTED/RUMAHAGEN_FULL_DATABASE_SCHEMA_SOURCE_ONLY_v1.0.md; RUMAHAGEN_WIREFRAME_CORE_FINAL_SOURCE_PACK_v1.2/11_DATABASE_SCHEMA/RUMAHAGEN_FULL_DATABASE_SCHEMA_SOURCE_ONLY_PACKAGE_v1.0_EXTRACTED/RUMAHAGEN_FULL_DATABASE_SCHEMA_SOURCE_ONLY_v1.0.sql; RUMAHAGEN_WIREFRAME_CORE_FINAL_SOURCE_PACK_v1.2/11_DATABASE_SCHEMA/W4-01E_FINAL_BUILD_FROM_ZERO_SCHEMA_PACKAGE_v2.6.zip; RUMAHAGEN_WIREFRAME_CORE_FINAL_SOURCE_PACK_v1.2/11_DATABASE_SCHEMA/W4-01E_FINAL_BUILD_FROM_ZERO_SCHEMA_PACKAGE_v2.6_EXTRACTED/RUMAHAGEN_W4-01E_FINAL_CANONICAL_BUILD_FROM_ZERO_DATABASE_SCHEMA_v2.6.sql; RUMAHAGEN_WIREFRAME_CORE_FINAL_SOURCE_PACK_v1.2/11_DATABASE_SCHEMA/W4-01E_FINAL_BUILD_FROM_ZERO_SCHEMA_PACKAGE_v2.6_EXTRACTED/RUMAHAGEN_W4-01E_FINAL_CANONICAL_TABLE_REGISTER_v2.6.csv,STEP07 v1.1 preserved finding M03-CI-009; Core artifact 04_ARCHITECTURE/W4-02A.6.5_SYSTEM_ARCHITECTURE_FULL_CONSOLIDATED_v1.8.docx; Mxx authority RUMAHAGEN_WF03_M03_FULL_REBUILD_v1.3_QIR_INTEGRATED_CONTROLLED/00_M03_REBUILD_CONTROL_REPORT_v1.3.md,M01-M15 authoritative semantic delta; not a whole-artifact replacement.
M03-CI-010,MXX_RULE_EXTENSION_OR_AMENDMENT,M03,One successful Refresh per Listing/day,STEP07 v1.1 preserved finding M03-CI-010; Core artifact 04_ARCHITECTURE/W4-02A.6.5_SYSTEM_ARCHITECTURE_FULL_CONSOLIDATED_v1.8.docx; Mxx authority RUMAHAGEN_WF03_M03_FULL_REBUILD_v1.3_QIR_INTEGRATED_CONTROLLED/00_M03_REBUILD_CONTROL_REPORT_v1.3.md,RUMAHAGEN_WIREFRAME_CORE_FINAL_SOURCE_PACK_v1.2/03_BUSINESS_RULES/W4-02A.6.10_BUSINESS_RULES_BASELINE_TRACEABILITY_FULL_CONSOLIDATED_v1.2_REAUDITED.docx; RUMAHAGEN_WIREFRAME_CORE_FINAL_SOURCE_PACK_v1.2/07_PRD/W4-02A.6.11_PRD_CURRENT_PRODUCT_REQUIREMENTS_FULL_CONSOLIDATED_v2.1.docx; RUMAHAGEN_WIREFRAME_CORE_FINAL_SOURCE_PACK_v1.2/08_USER_FLOW/W4-02A.6.12_USER_FLOW_CURRENT_CROSS_DOMAIN_INTERACTION_FLOW_FULL_CONSOLIDATED_v2.1.docx; RUMAHAGEN_WIREFRAME_CORE_FINAL_SOURCE_PACK_v1.2/14_FUNCTIONAL/W4-02A.6.18_FUNCTIONAL_SPECIFICATION_CURRENT_FUNCTIONAL_IMPLEMENTATION_CONTRACT_v2.1.md; RUMAHAGEN_WIREFRAME_CORE_FINAL_SOURCE_PACK_v1.2/04_ARCHITECTURE/W4-02A.6.5_SYSTEM_ARCHITECTURE_FULL_CONSOLIDATED_v1.8.docx; RUMAHAGEN_WIREFRAME_CORE_FINAL_SOURCE_PACK_v1.2/05_TECHNICAL_DECISIONS/W4-02A.6.6_TECHNICAL_DECISIONS_FULL_CONSOLIDATED_v1.6.docx; RUMAHAGEN_WIREFRAME_CORE_FINAL_SOURCE_PACK_v1.2/06_DEPENDENCY_MANIFEST/W4-02A.6.7_DEPENDENCY_MANIFEST_FULL_CONSOLIDATED_v1.9.docx; RUMAHAGEN_WIREFRAME_CORE_FINAL_SOURCE_PACK_v1.2/09_ERD/W4-02A.6.13_ERD_CURRENT_LOGICAL_DATA_MODEL_FULL_CONSOLIDATED_v2.1.docx; RUMAHAGEN_WIREFRAME_CORE_FINAL_SOURCE_PACK_v1.2/10_DATABASE_DICTIONARY/W4-02A.6.14_DATABASE_DICTIONARY_CURRENT_LOGICAL_TO_PHYSICAL_DATA_MEANING_FULL_CONSOLIDATED_v2.2.docx; RUMAHAGEN_WIREFRAME_CORE_FINAL_SOURCE_PACK_v1.2/11_DATABASE_SCHEMA/RUMAHAGEN_FULL_DATABASE_SCHEMA_SOURCE_ONLY_PACKAGE_v1.0.zip; RUMAHAGEN_WIREFRAME_CORE_FINAL_SOURCE_PACK_v1.2/11_DATABASE_SCHEMA/RUMAHAGEN_FULL_DATABASE_SCHEMA_SOURCE_ONLY_PACKAGE_v1.0_EXTRACTED/RUMAHAGEN_FULL_DATABASE_SCHEMA_SOURCE_ONLY_v1.0.md; RUMAHAGEN_WIREFRAME_CORE_FINAL_SOURCE_PACK_v1.2/11_DATABASE_SCHEMA/RUMAHAGEN_FULL_DATABASE_SCHEMA_SOURCE_ONLY_PACKAGE_v1.0_EXTRACTED/RUMAHAGEN_FULL_DATABASE_SCHEMA_SOURCE_ONLY_v1.0.sql,STEP07 v1.1 preserved finding M03-CI-010; Core artifact 04_ARCHITECTURE/W4-02A.6.5_SYSTEM_ARCHITECTURE_FULL_CONSOLIDATED_v1.8.docx; Mxx authority RUMAHAGEN_WF03_M03_FULL_REBUILD_v1.3_QIR_INTEGRATED_CONTROLLED/00_M03_REBUILD_CONTROL_REPORT_v1.3.md,M01-M15 authoritative semantic delta; not a whole-artifact replacement.
M03-CI-011,MXX_RULE_EXTENSION_OR_AMENDMENT,M03,District-local Refresh repositioning,STEP07 v1.1 preserved finding M03-CI-011; Core artifact 04_ARCHITECTURE/W4-02A.6.5_SYSTEM_ARCHITECTURE_FULL_CONSOLIDATED_v1.8.docx; Mxx authority RUMAHAGEN_WF03_M03_FULL_REBUILD_v1.3_QIR_INTEGRATED_CONTROLLED/00_M03_REBUILD_CONTROL_REPORT_v1.3.md,RUMAHAGEN_WIREFRAME_CORE_FINAL_SOURCE_PACK_v1.2/03_BUSINESS_RULES/W4-02A.6.10_BUSINESS_RULES_BASELINE_TRACEABILITY_FULL_CONSOLIDATED_v1.2_REAUDITED.docx; RUMAHAGEN_WIREFRAME_CORE_FINAL_SOURCE_PACK_v1.2/09_ERD/W4-02A.6.13_ERD_CURRENT_LOGICAL_DATA_MODEL_FULL_CONSOLIDATED_v2.1.docx; RUMAHAGEN_WIREFRAME_CORE_FINAL_SOURCE_PACK_v1.2/10_DATABASE_DICTIONARY/W4-02A.6.14_DATABASE_DICTIONARY_CURRENT_LOGICAL_TO_PHYSICAL_DATA_MEANING_FULL_CONSOLIDATED_v2.2.docx; RUMAHAGEN_WIREFRAME_CORE_FINAL_SOURCE_PACK_v1.2/11_DATABASE_SCHEMA/RUMAHAGEN_FULL_DATABASE_SCHEMA_SOURCE_ONLY_PACKAGE_v1.0.zip; RUMAHAGEN_WIREFRAME_CORE_FINAL_SOURCE_PACK_v1.2/11_DATABASE_SCHEMA/RUMAHAGEN_FULL_DATABASE_SCHEMA_SOURCE_ONLY_PACKAGE_v1.0_EXTRACTED/RUMAHAGEN_FULL_DATABASE_SCHEMA_SOURCE_ONLY_v1.0.md; RUMAHAGEN_WIREFRAME_CORE_FINAL_SOURCE_PACK_v1.2/11_DATABASE_SCHEMA/RUMAHAGEN_FULL_DATABASE_SCHEMA_SOURCE_ONLY_PACKAGE_v1.0_EXTRACTED/RUMAHAGEN_FULL_DATABASE_SCHEMA_SOURCE_ONLY_v1.0.sql; RUMAHAGEN_WIREFRAME_CORE_FINAL_SOURCE_PACK_v1.2/11_DATABASE_SCHEMA/W4-01E_FINAL_BUILD_FROM_ZERO_SCHEMA_PACKAGE_v2.6.zip; RUMAHAGEN_WIREFRAME_CORE_FINAL_SOURCE_PACK_v1.2/11_DATABASE_SCHEMA/W4-01E_FINAL_BUILD_FROM_ZERO_SCHEMA_PACKAGE_v2.6_EXTRACTED/RUMAHAGEN_W4-01E_FINAL_CANONICAL_BUILD_FROM_ZERO_DATABASE_SCHEMA_v2.6.sql; RUMAHAGEN_WIREFRAME_CORE_FINAL_SOURCE_PACK_v1.2/11_DATABASE_SCHEMA/W4-01E_FINAL_BUILD_FROM_ZERO_SCHEMA_PACKAGE_v2.6_EXTRACTED/RUMAHAGEN_W4-01E_FINAL_CANONICAL_TABLE_REGISTER_v2.6.csv; RUMAHAGEN_WIREFRAME_CORE_FINAL_SOURCE_PACK_v1.2/11_DATABASE_SCHEMA/W4-01E_FINAL_BUILD_FROM_ZERO_SCHEMA_PACKAGE_v2.6_EXTRACTED/RUMAHAGEN_W4-01E_FINAL_SCHEMA_CLOSURE_AND_FREEZE_v2.6.md; RUMAHAGEN_WIREFRAME_CORE_FINAL_SOURCE_PACK_v1.2/11_DATABASE_SCHEMA/W4-01E_FINAL_BUILD_FROM_ZERO_SCHEMA_PACKAGE_v2.6_EXTRACTED/RUMAHAGEN_W4-01E_GATE_CLOSURE_REGISTER_v2.6.csv; RUMAHAGEN_WIREFRAME_CORE_FINAL_SOURCE_PACK_v1.2/11_DATABASE_SCHEMA/W4-02A.6.15_DATABASE_SCHEMA_CURRENT_PHYSICAL_SCHEMA_REFERENCE_FULL_CONSOLIDATED_v2.7.docx,STEP07 v1.1 preserved finding M03-CI-011; Core artifact 04_ARCHITECTURE/W4-02A.6.5_SYSTEM_ARCHITECTURE_FULL_CONSOLIDATED_v1.8.docx; Mxx authority RUMAHAGEN_WF03_M03_FULL_REBUILD_v1.3_QIR_INTEGRATED_CONTROLLED/00_M03_REBUILD_CONTROL_REPORT_v1.3.md,M01-M15 authoritative semantic delta; not a whole-artifact replacement.
M03-CI-012,MXX_RULE_EXTENSION_OR_AMENDMENT,M03,Refresh tie-break first recorded,STEP07 v1.1 preserved finding M03-CI-012; Core artifact 04_ARCHITECTURE/W4-02A.6.5_SYSTEM_ARCHITECTURE_FULL_CONSOLIDATED_v1.8.docx; Mxx authority RUMAHAGEN_WF03_M03_FULL_REBUILD_v1.3_QIR_INTEGRATED_CONTROLLED/00_M03_REBUILD_CONTROL_REPORT_v1.3.md,RUMAHAGEN_WIREFRAME_CORE_FINAL_SOURCE_PACK_v1.2/03_BUSINESS_RULES/W4-02A.6.10_BUSINESS_RULES_BASELINE_TRACEABILITY_FULL_CONSOLIDATED_v1.2_REAUDITED.docx; RUMAHAGEN_WIREFRAME_CORE_FINAL_SOURCE_PACK_v1.2/04_ARCHITECTURE/W4-02A.6.5_SYSTEM_ARCHITECTURE_FULL_CONSOLIDATED_v1.8.docx; RUMAHAGEN_WIREFRAME_CORE_FINAL_SOURCE_PACK_v1.2/05_TECHNICAL_DECISIONS/W4-02A.6.6_TECHNICAL_DECISIONS_FULL_CONSOLIDATED_v1.6.docx; RUMAHAGEN_WIREFRAME_CORE_FINAL_SOURCE_PACK_v1.2/06_DEPENDENCY_MANIFEST/W4-02A.6.7_DEPENDENCY_MANIFEST_FULL_CONSOLIDATED_v1.9.docx; RUMAHAGEN_WIREFRAME_CORE_FINAL_SOURCE_PACK_v1.2/09_ERD/W4-02A.6.13_ERD_CURRENT_LOGICAL_DATA_MODEL_FULL_CONSOLIDATED_v2.1.docx; RUMAHAGEN_WIREFRAME_CORE_FINAL_SOURCE_PACK_v1.2/10_DATABASE_DICTIONARY/W4-02A.6.14_DATABASE_DICTIONARY_CURRENT_LOGICAL_TO_PHYSICAL_DATA_MEANING_FULL_CONSOLIDATED_v2.2.docx; RUMAHAGEN_WIREFRAME_CORE_FINAL_SOURCE_PACK_v1.2/11_DATABASE_SCHEMA/RUMAHAGEN_FULL_DATABASE_SCHEMA_SOURCE_ONLY_PACKAGE_v1.0.zip; RUMAHAGEN_WIREFRAME_CORE_FINAL_SOURCE_PACK_v1.2/11_DATABASE_SCHEMA/RUMAHAGEN_FULL_DATABASE_SCHEMA_SOURCE_ONLY_PACKAGE_v1.0_EXTRACTED/RUMAHAGEN_FULL_DATABASE_SCHEMA_SOURCE_ONLY_v1.0.md; RUMAHAGEN_WIREFRAME_CORE_FINAL_SOURCE_PACK_v1.2/11_DATABASE_SCHEMA/RUMAHAGEN_FULL_DATABASE_SCHEMA_SOURCE_ONLY_PACKAGE_v1.0_EXTRACTED/RUMAHAGEN_FULL_DATABASE_SCHEMA_SOURCE_ONLY_v1.0.sql; RUMAHAGEN_WIREFRAME_CORE_FINAL_SOURCE_PACK_v1.2/11_DATABASE_SCHEMA/W4-01E_FINAL_BUILD_FROM_ZERO_SCHEMA_PACKAGE_v2.6.zip; RUMAHAGEN_WIREFRAME_CORE_FINAL_SOURCE_PACK_v1.2/11_DATABASE_SCHEMA/W4-01E_FINAL_BUILD_FROM_ZERO_SCHEMA_PACKAGE_v2.6_EXTRACTED/RUMAHAGEN_W4-01E_FINAL_CANONICAL_BUILD_FROM_ZERO_DATABASE_SCHEMA_v2.6.sql; RUMAHAGEN_WIREFRAME_CORE_FINAL_SOURCE_PACK_v1.2/11_DATABASE_SCHEMA/W4-01E_FINAL_BUILD_FROM_ZERO_SCHEMA_PACKAGE_v2.6_EXTRACTED/RUMAHAGEN_W4-01E_FINAL_CANONICAL_TABLE_REGISTER_v2.6.csv,STEP07 v1.1 preserved finding M03-CI-012; Core artifact 04_ARCHITECTURE/W4-02A.6.5_SYSTEM_ARCHITECTURE_FULL_CONSOLIDATED_v1.8.docx; Mxx authority RUMAHAGEN_WF03_M03_FULL_REBUILD_v1.3_QIR_INTEGRATED_CONTROLLED/00_M03_REBUILD_CONTROL_REPORT_v1.3.md,M01-M15 authoritative semantic delta; not a whole-artifact replacement.
M03-CI-014,MXX_RULE_EXTENSION_OR_AMENDMENT,M03,Media derivative thumbnails,STEP07 v1.1 preserved finding M03-CI-014; Core artifact 27_AI_BLUEPRINT/W4-02A.6.31_AI_DEVELOPMENT_BLUEPRINT_v2.1.md; Mxx authority RUMAHAGEN_WF03_M03_FULL_REBUILD_v1.3_QIR_INTEGRATED_CONTROLLED/00_M03_REBUILD_CONTROL_REPORT_v1.3.md,RUMAHAGEN_WIREFRAME_CORE_FINAL_SOURCE_PACK_v1.2/07_PRD/W4-02A.6.11_PRD_CURRENT_PRODUCT_REQUIREMENTS_FULL_CONSOLIDATED_v2.1.docx; RUMAHAGEN_WIREFRAME_CORE_FINAL_SOURCE_PACK_v1.2/08_USER_FLOW/W4-02A.6.12_USER_FLOW_CURRENT_CROSS_DOMAIN_INTERACTION_FLOW_FULL_CONSOLIDATED_v2.1.docx; RUMAHAGEN_WIREFRAME_CORE_FINAL_SOURCE_PACK_v1.2/14_FUNCTIONAL/W4-02A.6.18_FUNCTIONAL_SPECIFICATION_CURRENT_FUNCTIONAL_IMPLEMENTATION_CONTRACT_v2.1.md; RUMAHAGEN_WIREFRAME_CORE_FINAL_SOURCE_PACK_v1.2/03_BUSINESS_RULES/W4-02A.6.10_BUSINESS_RULES_BASELINE_TRACEABILITY_FULL_CONSOLIDATED_v1.2_REAUDITED.docx; RUMAHAGEN_WIREFRAME_CORE_FINAL_SOURCE_PACK_v1.2/04_ARCHITECTURE/W4-02A.6.5_SYSTEM_ARCHITECTURE_FULL_CONSOLIDATED_v1.8.docx; RUMAHAGEN_WIREFRAME_CORE_FINAL_SOURCE_PACK_v1.2/05_TECHNICAL_DECISIONS/W4-02A.6.6_TECHNICAL_DECISIONS_FULL_CONSOLIDATED_v1.6.docx; RUMAHAGEN_WIREFRAME_CORE_FINAL_SOURCE_PACK_v1.2/06_DEPENDENCY_MANIFEST/W4-02A.6.7_DEPENDENCY_MANIFEST_FULL_CONSOLIDATED_v1.9.docx; RUMAHAGEN_WIREFRAME_CORE_FINAL_SOURCE_PACK_v1.2/09_ERD/W4-02A.6.13_ERD_CURRENT_LOGICAL_DATA_MODEL_FULL_CONSOLIDATED_v2.1.docx; RUMAHAGEN_WIREFRAME_CORE_FINAL_SOURCE_PACK_v1.2/10_DATABASE_DICTIONARY/W4-02A.6.14_DATABASE_DICTIONARY_CURRENT_LOGICAL_TO_PHYSICAL_DATA_MEANING_FULL_CONSOLIDATED_v2.2.docx; RUMAHAGEN_WIREFRAME_CORE_FINAL_SOURCE_PACK_v1.2/11_DATABASE_SCHEMA/RUMAHAGEN_FULL_DATABASE_SCHEMA_SOURCE_ONLY_PACKAGE_v1.0.zip; RUMAHAGEN_WIREFRAME_CORE_FINAL_SOURCE_PACK_v1.2/11_DATABASE_SCHEMA/RUMAHAGEN_FULL_DATABASE_SCHEMA_SOURCE_ONLY_PACKAGE_v1.0_EXTRACTED/RUMAHAGEN_FULL_DATABASE_SCHEMA_SOURCE_ONLY_v1.0.md; RUMAHAGEN_WIREFRAME_CORE_FINAL_SOURCE_PACK_v1.2/11_DATABASE_SCHEMA/RUMAHAGEN_FULL_DATABASE_SCHEMA_SOURCE_ONLY_PACKAGE_v1.0_EXTRACTED/RUMAHAGEN_FULL_DATABASE_SCHEMA_SOURCE_ONLY_v1.0.sql,STEP07 v1.1 preserved finding M03-CI-014; Core artifact 27_AI_BLUEPRINT/W4-02A.6.31_AI_DEVELOPMENT_BLUEPRINT_v2.1.md; Mxx authority RUMAHAGEN_WF03_M03_FULL_REBUILD_v1.3_QIR_INTEGRATED_CONTROLLED/00_M03_REBUILD_CONTROL_REPORT_v1.3.md,M01-M15 authoritative semantic delta; not a whole-artifact replacement.
M03-CI-015,MXX_RULE_EXTENSION_OR_AMENDMENT,M03,Media no stretching,STEP07 v1.1 preserved finding M03-CI-015; Core artifact 04_ARCHITECTURE/W4-02A.6.5_SYSTEM_ARCHITECTURE_FULL_CONSOLIDATED_v1.8.docx; Mxx authority RUMAHAGEN_WF03_M03_FULL_REBUILD_v1.3_QIR_INTEGRATED_CONTROLLED/00_M03_REBUILD_CONTROL_REPORT_v1.3.md,RUMAHAGEN_WIREFRAME_CORE_FINAL_SOURCE_PACK_v1.2/07_PRD/W4-02A.6.11_PRD_CURRENT_PRODUCT_REQUIREMENTS_FULL_CONSOLIDATED_v2.1.docx; RUMAHAGEN_WIREFRAME_CORE_FINAL_SOURCE_PACK_v1.2/08_USER_FLOW/W4-02A.6.12_USER_FLOW_CURRENT_CROSS_DOMAIN_INTERACTION_FLOW_FULL_CONSOLIDATED_v2.1.docx; RUMAHAGEN_WIREFRAME_CORE_FINAL_SOURCE_PACK_v1.2/14_FUNCTIONAL/W4-02A.6.18_FUNCTIONAL_SPECIFICATION_CURRENT_FUNCTIONAL_IMPLEMENTATION_CONTRACT_v2.1.md; RUMAHAGEN_WIREFRAME_CORE_FINAL_SOURCE_PACK_v1.2/03_BUSINESS_RULES/W4-02A.6.10_BUSINESS_RULES_BASELINE_TRACEABILITY_FULL_CONSOLIDATED_v1.2_REAUDITED.docx; RUMAHAGEN_WIREFRAME_CORE_FINAL_SOURCE_PACK_v1.2/04_ARCHITECTURE/W4-02A.6.5_SYSTEM_ARCHITECTURE_FULL_CONSOLIDATED_v1.8.docx; RUMAHAGEN_WIREFRAME_CORE_FINAL_SOURCE_PACK_v1.2/05_TECHNICAL_DECISIONS/W4-02A.6.6_TECHNICAL_DECISIONS_FULL_CONSOLIDATED_v1.6.docx; RUMAHAGEN_WIREFRAME_CORE_FINAL_SOURCE_PACK_v1.2/06_DEPENDENCY_MANIFEST/W4-02A.6.7_DEPENDENCY_MANIFEST_FULL_CONSOLIDATED_v1.9.docx; RUMAHAGEN_WIREFRAME_CORE_FINAL_SOURCE_PACK_v1.2/09_ERD/W4-02A.6.13_ERD_CURRENT_LOGICAL_DATA_MODEL_FULL_CONSOLIDATED_v2.1.docx; RUMAHAGEN_WIREFRAME_CORE_FINAL_SOURCE_PACK_v1.2/10_DATABASE_DICTIONARY/W4-02A.6.14_DATABASE_DICTIONARY_CURRENT_LOGICAL_TO_PHYSICAL_DATA_MEANING_FULL_CONSOLIDATED_v2.2.docx; RUMAHAGEN_WIREFRAME_CORE_FINAL_SOURCE_PACK_v1.2/11_DATABASE_SCHEMA/RUMAHAGEN_FULL_DATABASE_SCHEMA_SOURCE_ONLY_PACKAGE_v1.0.zip; RUMAHAGEN_WIREFRAME_CORE_FINAL_SOURCE_PACK_v1.2/11_DATABASE_SCHEMA/RUMAHAGEN_FULL_DATABASE_SCHEMA_SOURCE_ONLY_PACKAGE_v1.0_EXTRACTED/RUMAHAGEN_FULL_DATABASE_SCHEMA_SOURCE_ONLY_v1.0.md; RUMAHAGEN_WIREFRAME_CORE_FINAL_SOURCE_PACK_v1.2/11_DATABASE_SCHEMA/RUMAHAGEN_FULL_DATABASE_SCHEMA_SOURCE_ONLY_PACKAGE_v1.0_EXTRACTED/RUMAHAGEN_FULL_DATABASE_SCHEMA_SOURCE_ONLY_v1.0.sql,STEP07 v1.1 preserved finding M03-CI-015; Core artifact 04_ARCHITECTURE/W4-02A.6.5_SYSTEM_ARCHITECTURE_FULL_CONSOLIDATED_v1.8.docx; Mxx authority RUMAHAGEN_WF03_M03_FULL_REBUILD_v1.3_QIR_INTEGRATED_CONTROLLED/00_M03_REBUILD_CONTROL_REPORT_v1.3.md,M01-M15 authoritative semantic delta; not a whole-artifact replacement.
M03-CI-016,MXX_RULE_EXTENSION_OR_AMENDMENT,M03,Listing geographic binding,STEP07 v1.1 preserved finding M03-CI-016; Core artifact 04_ARCHITECTURE/W4-02A.6.5_SYSTEM_ARCHITECTURE_FULL_CONSOLIDATED_v1.8.docx; Mxx authority RUMAHAGEN_WF03_M03_FULL_REBUILD_v1.3_QIR_INTEGRATED_CONTROLLED/00_M03_REBUILD_CONTROL_REPORT_v1.3.md,RUMAHAGEN_WIREFRAME_CORE_FINAL_SOURCE_PACK_v1.2/07_PRD/W4-02A.6.11_PRD_CURRENT_PRODUCT_REQUIREMENTS_FULL_CONSOLIDATED_v2.1.docx; RUMAHAGEN_WIREFRAME_CORE_FINAL_SOURCE_PACK_v1.2/08_USER_FLOW/W4-02A.6.12_USER_FLOW_CURRENT_CROSS_DOMAIN_INTERACTION_FLOW_FULL_CONSOLIDATED_v2.1.docx; RUMAHAGEN_WIREFRAME_CORE_FINAL_SOURCE_PACK_v1.2/14_FUNCTIONAL/W4-02A.6.18_FUNCTIONAL_SPECIFICATION_CURRENT_FUNCTIONAL_IMPLEMENTATION_CONTRACT_v2.1.md; RUMAHAGEN_WIREFRAME_CORE_FINAL_SOURCE_PACK_v1.2/03_BUSINESS_RULES/W4-02A.6.10_BUSINESS_RULES_BASELINE_TRACEABILITY_FULL_CONSOLIDATED_v1.2_REAUDITED.docx; RUMAHAGEN_WIREFRAME_CORE_FINAL_SOURCE_PACK_v1.2/04_ARCHITECTURE/W4-02A.6.5_SYSTEM_ARCHITECTURE_FULL_CONSOLIDATED_v1.8.docx; RUMAHAGEN_WIREFRAME_CORE_FINAL_SOURCE_PACK_v1.2/05_TECHNICAL_DECISIONS/W4-02A.6.6_TECHNICAL_DECISIONS_FULL_CONSOLIDATED_v1.6.docx; RUMAHAGEN_WIREFRAME_CORE_FINAL_SOURCE_PACK_v1.2/06_DEPENDENCY_MANIFEST/W4-02A.6.7_DEPENDENCY_MANIFEST_FULL_CONSOLIDATED_v1.9.docx; RUMAHAGEN_WIREFRAME_CORE_FINAL_SOURCE_PACK_v1.2/09_ERD/W4-02A.6.13_ERD_CURRENT_LOGICAL_DATA_MODEL_FULL_CONSOLIDATED_v2.1.docx; RUMAHAGEN_WIREFRAME_CORE_FINAL_SOURCE_PACK_v1.2/10_DATABASE_DICTIONARY/W4-02A.6.14_DATABASE_DICTIONARY_CURRENT_LOGICAL_TO_PHYSICAL_DATA_MEANING_FULL_CONSOLIDATED_v2.2.docx; RUMAHAGEN_WIREFRAME_CORE_FINAL_SOURCE_PACK_v1.2/11_DATABASE_SCHEMA/RUMAHAGEN_FULL_DATABASE_SCHEMA_SOURCE_ONLY_PACKAGE_v1.0.zip; RUMAHAGEN_WIREFRAME_CORE_FINAL_SOURCE_PACK_v1.2/11_DATABASE_SCHEMA/RUMAHAGEN_FULL_DATABASE_SCHEMA_SOURCE_ONLY_PACKAGE_v1.0_EXTRACTED/RUMAHAGEN_FULL_DATABASE_SCHEMA_SOURCE_ONLY_v1.0.md; RUMAHAGEN_WIREFRAME_CORE_FINAL_SOURCE_PACK_v1.2/11_DATABASE_SCHEMA/RUMAHAGEN_FULL_DATABASE_SCHEMA_SOURCE_ONLY_PACKAGE_v1.0_EXTRACTED/RUMAHAGEN_FULL_DATABASE_SCHEMA_SOURCE_ONLY_v1.0.sql,STEP07 v1.1 preserved finding M03-CI-016; Core artifact 04_ARCHITECTURE/W4-02A.6.5_SYSTEM_ARCHITECTURE_FULL_CONSOLIDATED_v1.8.docx; Mxx authority RUMAHAGEN_WF03_M03_FULL_REBUILD_v1.3_QIR_INTEGRATED_CONTROLLED/00_M03_REBUILD_CONTROL_REPORT_v1.3.md,M01-M15 authoritative semantic delta; not a whole-artifact replacement.
M03-CI-018,MXX_RULE_EXTENSION_OR_AMENDMENT,M03,API Refresh,STEP07 v1.1 preserved finding M03-CI-018; Core artifact 12_API/W4-02A.6.16_API_SPECIFICATION_CURRENT_API_CONTRACT_BASELINE_FULL_CONSOLIDATED_v2.1.docx; Mxx authority RUMAHAGEN_WF03_M03_FULL_REBUILD_v1.3_QIR_INTEGRATED_CONTROLLED/00_M03_REBUILD_CONTROL_REPORT_v1.3.md,RUMAHAGEN_WIREFRAME_CORE_FINAL_SOURCE_PACK_v1.2/03_BUSINESS_RULES/W4-02A.6.10_BUSINESS_RULES_BASELINE_TRACEABILITY_FULL_CONSOLIDATED_v1.2_REAUDITED.docx; RUMAHAGEN_WIREFRAME_CORE_FINAL_SOURCE_PACK_v1.2/12_API/W4-02A.6.16_API_SPECIFICATION_CURRENT_API_CONTRACT_BASELINE_FULL_CONSOLIDATED_v2.1.docx; RUMAHAGEN_WIREFRAME_CORE_FINAL_SOURCE_PACK_v1.2/04_ARCHITECTURE/W4-02A.6.5_SYSTEM_ARCHITECTURE_FULL_CONSOLIDATED_v1.8.docx; RUMAHAGEN_WIREFRAME_CORE_FINAL_SOURCE_PACK_v1.2/05_TECHNICAL_DECISIONS/W4-02A.6.6_TECHNICAL_DECISIONS_FULL_CONSOLIDATED_v1.6.docx; RUMAHAGEN_WIREFRAME_CORE_FINAL_SOURCE_PACK_v1.2/06_DEPENDENCY_MANIFEST/W4-02A.6.7_DEPENDENCY_MANIFEST_FULL_CONSOLIDATED_v1.9.docx; RUMAHAGEN_WIREFRAME_CORE_FINAL_SOURCE_PACK_v1.2/09_ERD/W4-02A.6.13_ERD_CURRENT_LOGICAL_DATA_MODEL_FULL_CONSOLIDATED_v2.1.docx; RUMAHAGEN_WIREFRAME_CORE_FINAL_SOURCE_PACK_v1.2/10_DATABASE_DICTIONARY/W4-02A.6.14_DATABASE_DICTIONARY_CURRENT_LOGICAL_TO_PHYSICAL_DATA_MEANING_FULL_CONSOLIDATED_v2.2.docx; RUMAHAGEN_WIREFRAME_CORE_FINAL_SOURCE_PACK_v1.2/11_DATABASE_SCHEMA/RUMAHAGEN_FULL_DATABASE_SCHEMA_SOURCE_ONLY_PACKAGE_v1.0.zip; RUMAHAGEN_WIREFRAME_CORE_FINAL_SOURCE_PACK_v1.2/11_DATABASE_SCHEMA/RUMAHAGEN_FULL_DATABASE_SCHEMA_SOURCE_ONLY_PACKAGE_v1.0_EXTRACTED/RUMAHAGEN_FULL_DATABASE_SCHEMA_SOURCE_ONLY_v1.0.md; RUMAHAGEN_WIREFRAME_CORE_FINAL_SOURCE_PACK_v1.2/11_DATABASE_SCHEMA/RUMAHAGEN_FULL_DATABASE_SCHEMA_SOURCE_ONLY_PACKAGE_v1.0_EXTRACTED/RUMAHAGEN_FULL_DATABASE_SCHEMA_SOURCE_ONLY_v1.0.sql; RUMAHAGEN_WIREFRAME_CORE_FINAL_SOURCE_PACK_v1.2/11_DATABASE_SCHEMA/W4-01E_FINAL_BUILD_FROM_ZERO_SCHEMA_PACKAGE_v2.6.zip; RUMAHAGEN_WIREFRAME_CORE_FINAL_SOURCE_PACK_v1.2/11_DATABASE_SCHEMA/W4-01E_FINAL_BUILD_FROM_ZERO_SCHEMA_PACKAGE_v2.6_EXTRACTED/RUMAHAGEN_W4-01E_FINAL_CANONICAL_BUILD_FROM_ZERO_DATABASE_SCHEMA_v2.6.sql,STEP07 v1.1 preserved finding M03-CI-018; Core artifact 12_API/W4-02A.6.16_API_SPECIFICATION_CURRENT_API_CONTRACT_BASELINE_FULL_CONSOLIDATED_v2.1.docx; Mxx authority RUMAHAGEN_WF03_M03_FULL_REBUILD_v1.3_QIR_INTEGRATED_CONTROLLED/00_M03_REBUILD_CONTROL_REPORT_v1.3.md,M01-M15 authoritative semantic delta; not a whole-artifact replacement.
M04-CI-010,MXX_RULE_EXTENSION_OR_AMENDMENT,M04,Session permission family,STEP07 v1.1 preserved finding M04-CI-010; Core artifact 04_ARCHITECTURE/W4-02A.6.5_SYSTEM_ARCHITECTURE_FULL_CONSOLIDATED_v1.8.docx; Mxx authority RUMAHAGEN_WF03_M04_FULL_REBUILD_v1.2_QIR_INTEGRATED_CONTROLLED/M04_CANONICAL_v1.2.md,RUMAHAGEN_WIREFRAME_CORE_FINAL_SOURCE_PACK_v1.2/03_BUSINESS_RULES/W4-02A.6.10_BUSINESS_RULES_BASELINE_TRACEABILITY_FULL_CONSOLIDATED_v1.2_REAUDITED.docx; RUMAHAGEN_WIREFRAME_CORE_FINAL_SOURCE_PACK_v1.2/13_RBAC_RLS/W4-02A.6.17_RBAC_PERMISSION_RLS_CURRENT_AUTHORIZATION_BASELINE_FULL_CONSOLIDATED_v2.1.docx; RUMAHAGEN_WIREFRAME_CORE_FINAL_SOURCE_PACK_v1.2/04_ARCHITECTURE/W4-02A.6.5_SYSTEM_ARCHITECTURE_FULL_CONSOLIDATED_v1.8.docx; RUMAHAGEN_WIREFRAME_CORE_FINAL_SOURCE_PACK_v1.2/05_TECHNICAL_DECISIONS/W4-02A.6.6_TECHNICAL_DECISIONS_FULL_CONSOLIDATED_v1.6.docx; RUMAHAGEN_WIREFRAME_CORE_FINAL_SOURCE_PACK_v1.2/06_DEPENDENCY_MANIFEST/W4-02A.6.7_DEPENDENCY_MANIFEST_FULL_CONSOLIDATED_v1.9.docx; RUMAHAGEN_WIREFRAME_CORE_FINAL_SOURCE_PACK_v1.2/09_ERD/W4-02A.6.13_ERD_CURRENT_LOGICAL_DATA_MODEL_FULL_CONSOLIDATED_v2.1.docx; RUMAHAGEN_WIREFRAME_CORE_FINAL_SOURCE_PACK_v1.2/10_DATABASE_DICTIONARY/W4-02A.6.14_DATABASE_DICTIONARY_CURRENT_LOGICAL_TO_PHYSICAL_DATA_MEANING_FULL_CONSOLIDATED_v2.2.docx; RUMAHAGEN_WIREFRAME_CORE_FINAL_SOURCE_PACK_v1.2/11_DATABASE_SCHEMA/RUMAHAGEN_FULL_DATABASE_SCHEMA_SOURCE_ONLY_PACKAGE_v1.0.zip; RUMAHAGEN_WIREFRAME_CORE_FINAL_SOURCE_PACK_v1.2/11_DATABASE_SCHEMA/RUMAHAGEN_FULL_DATABASE_SCHEMA_SOURCE_ONLY_PACKAGE_v1.0_EXTRACTED/RUMAHAGEN_FULL_DATABASE_SCHEMA_SOURCE_ONLY_v1.0.md; RUMAHAGEN_WIREFRAME_CORE_FINAL_SOURCE_PACK_v1.2/11_DATABASE_SCHEMA/RUMAHAGEN_FULL_DATABASE_SCHEMA_SOURCE_ONLY_PACKAGE_v1.0_EXTRACTED/RUMAHAGEN_FULL_DATABASE_SCHEMA_SOURCE_ONLY_v1.0.sql; RUMAHAGEN_WIREFRAME_CORE_FINAL_SOURCE_PACK_v1.2/11_DATABASE_SCHEMA/W4-01E_FINAL_BUILD_FROM_ZERO_SCHEMA_PACKAGE_v2.6.zip; RUMAHAGEN_WIREFRAME_CORE_FINAL_SOURCE_PACK_v1.2/11_DATABASE_SCHEMA/W4-01E_FINAL_BUILD_FROM_ZERO_SCHEMA_PACKAGE_v2.6_EXTRACTED/RUMAHAGEN_W4-01E_FINAL_CANONICAL_BUILD_FROM_ZERO_DATABASE_SCHEMA_v2.6.sql,STEP07 v1.1 preserved finding M04-CI-010; Core artifact 04_ARCHITECTURE/W4-02A.6.5_SYSTEM_ARCHITECTURE_FULL_CONSOLIDATED_v1.8.docx; Mxx authority RUMAHAGEN_WF03_M04_FULL_REBUILD_v1.2_QIR_INTEGRATED_CONTROLLED/M04_CANONICAL_v1.2.md,M01-M15 authoritative semantic delta; not a whole-artifact replacement.
M06-CI-001,MXX_RULE_EXTENSION_OR_AMENDMENT,M06,Project semantic schema expansion,STEP07 v1.1 preserved finding M06-CI-001; Core artifact 11_DATABASE_SCHEMA/RUMAHAGEN_FULL_DATABASE_SCHEMA_SOURCE_ONLY_PACKAGE_v1.0.zip; Mxx authority RUMAHAGEN_WF03_M06_FULL_REBUILD_CONTROLLED_v1.5_FULL_VERSION/07_M06_FULL_REBUILD_CONTROLLED_v1.5.md,RUMAHAGEN_WIREFRAME_CORE_FINAL_SOURCE_PACK_v1.2/07_PRD/W4-02A.6.11_PRD_CURRENT_PRODUCT_REQUIREMENTS_FULL_CONSOLIDATED_v2.1.docx; RUMAHAGEN_WIREFRAME_CORE_FINAL_SOURCE_PACK_v1.2/08_USER_FLOW/W4-02A.6.12_USER_FLOW_CURRENT_CROSS_DOMAIN_INTERACTION_FLOW_FULL_CONSOLIDATED_v2.1.docx; RUMAHAGEN_WIREFRAME_CORE_FINAL_SOURCE_PACK_v1.2/14_FUNCTIONAL/W4-02A.6.18_FUNCTIONAL_SPECIFICATION_CURRENT_FUNCTIONAL_IMPLEMENTATION_CONTRACT_v2.1.md; RUMAHAGEN_WIREFRAME_CORE_FINAL_SOURCE_PACK_v1.2/09_ERD/W4-02A.6.13_ERD_CURRENT_LOGICAL_DATA_MODEL_FULL_CONSOLIDATED_v2.1.docx; RUMAHAGEN_WIREFRAME_CORE_FINAL_SOURCE_PACK_v1.2/10_DATABASE_DICTIONARY/W4-02A.6.14_DATABASE_DICTIONARY_CURRENT_LOGICAL_TO_PHYSICAL_DATA_MEANING_FULL_CONSOLIDATED_v2.2.docx; RUMAHAGEN_WIREFRAME_CORE_FINAL_SOURCE_PACK_v1.2/11_DATABASE_SCHEMA/RUMAHAGEN_FULL_DATABASE_SCHEMA_SOURCE_ONLY_PACKAGE_v1.0.zip; RUMAHAGEN_WIREFRAME_CORE_FINAL_SOURCE_PACK_v1.2/11_DATABASE_SCHEMA/RUMAHAGEN_FULL_DATABASE_SCHEMA_SOURCE_ONLY_PACKAGE_v1.0_EXTRACTED/RUMAHAGEN_FULL_DATABASE_SCHEMA_SOURCE_ONLY_v1.0.md; RUMAHAGEN_WIREFRAME_CORE_FINAL_SOURCE_PACK_v1.2/11_DATABASE_SCHEMA/RUMAHAGEN_FULL_DATABASE_SCHEMA_SOURCE_ONLY_PACKAGE_v1.0_EXTRACTED/RUMAHAGEN_FULL_DATABASE_SCHEMA_SOURCE_ONLY_v1.0.sql; RUMAHAGEN_WIREFRAME_CORE_FINAL_SOURCE_PACK_v1.2/11_DATABASE_SCHEMA/W4-01E_FINAL_BUILD_FROM_ZERO_SCHEMA_PACKAGE_v2.6.zip; RUMAHAGEN_WIREFRAME_CORE_FINAL_SOURCE_PACK_v1.2/11_DATABASE_SCHEMA/W4-01E_FINAL_BUILD_FROM_ZERO_SCHEMA_PACKAGE_v2.6_EXTRACTED/RUMAHAGEN_W4-01E_FINAL_CANONICAL_BUILD_FROM_ZERO_DATABASE_SCHEMA_v2.6.sql; RUMAHAGEN_WIREFRAME_CORE_FINAL_SOURCE_PACK_v1.2/11_DATABASE_SCHEMA/W4-01E_FINAL_BUILD_FROM_ZERO_SCHEMA_PACKAGE_v2.6_EXTRACTED/RUMAHAGEN_W4-01E_FINAL_CANONICAL_TABLE_REGISTER_v2.6.csv; RUMAHAGEN_WIREFRAME_CORE_FINAL_SOURCE_PACK_v1.2/11_DATABASE_SCHEMA/W4-01E_FINAL_BUILD_FROM_ZERO_SCHEMA_PACKAGE_v2.6_EXTRACTED/RUMAHAGEN_W4-01E_FINAL_SCHEMA_CLOSURE_AND_FREEZE_v2.6.md,STEP07 v1.1 preserved finding M06-CI-001; Core artifact 11_DATABASE_SCHEMA/RUMAHAGEN_FULL_DATABASE_SCHEMA_SOURCE_ONLY_PACKAGE_v1.0.zip; Mxx authority RUMAHAGEN_WF03_M06_FULL_REBUILD_CONTROLLED_v1.5_FULL_VERSION/07_M06_FULL_REBUILD_CONTROLLED_v1.5.md,M01-M15 authoritative semantic delta; not a whole-artifact replacement.
M06-CI-006,MXX_RULE_EXTENSION_OR_AMENDMENT,M06,Developer company_logo + Tentang Developer,STEP07 v1.1 preserved finding M06-CI-006; Core artifact 04_ARCHITECTURE/W4-02A.6.5_SYSTEM_ARCHITECTURE_FULL_CONSOLIDATED_v1.8.docx; Mxx authority RUMAHAGEN_WF03_M06_FULL_REBUILD_CONTROLLED_v1.5_FULL_VERSION/07_M06_FULL_REBUILD_CONTROLLED_v1.5.md,RUMAHAGEN_WIREFRAME_CORE_FINAL_SOURCE_PACK_v1.2/03_BUSINESS_RULES/W4-02A.6.10_BUSINESS_RULES_BASELINE_TRACEABILITY_FULL_CONSOLIDATED_v1.2_REAUDITED.docx; RUMAHAGEN_WIREFRAME_CORE_FINAL_SOURCE_PACK_v1.2/04_ARCHITECTURE/W4-02A.6.5_SYSTEM_ARCHITECTURE_FULL_CONSOLIDATED_v1.8.docx; RUMAHAGEN_WIREFRAME_CORE_FINAL_SOURCE_PACK_v1.2/05_TECHNICAL_DECISIONS/W4-02A.6.6_TECHNICAL_DECISIONS_FULL_CONSOLIDATED_v1.6.docx; RUMAHAGEN_WIREFRAME_CORE_FINAL_SOURCE_PACK_v1.2/06_DEPENDENCY_MANIFEST/W4-02A.6.7_DEPENDENCY_MANIFEST_FULL_CONSOLIDATED_v1.9.docx; RUMAHAGEN_WIREFRAME_CORE_FINAL_SOURCE_PACK_v1.2/09_ERD/W4-02A.6.13_ERD_CURRENT_LOGICAL_DATA_MODEL_FULL_CONSOLIDATED_v2.1.docx; RUMAHAGEN_WIREFRAME_CORE_FINAL_SOURCE_PACK_v1.2/10_DATABASE_DICTIONARY/W4-02A.6.14_DATABASE_DICTIONARY_CURRENT_LOGICAL_TO_PHYSICAL_DATA_MEANING_FULL_CONSOLIDATED_v2.2.docx; RUMAHAGEN_WIREFRAME_CORE_FINAL_SOURCE_PACK_v1.2/11_DATABASE_SCHEMA/RUMAHAGEN_FULL_DATABASE_SCHEMA_SOURCE_ONLY_PACKAGE_v1.0.zip; RUMAHAGEN_WIREFRAME_CORE_FINAL_SOURCE_PACK_v1.2/11_DATABASE_SCHEMA/RUMAHAGEN_FULL_DATABASE_SCHEMA_SOURCE_ONLY_PACKAGE_v1.0_EXTRACTED/RUMAHAGEN_FULL_DATABASE_SCHEMA_SOURCE_ONLY_v1.0.md; RUMAHAGEN_WIREFRAME_CORE_FINAL_SOURCE_PACK_v1.2/11_DATABASE_SCHEMA/RUMAHAGEN_FULL_DATABASE_SCHEMA_SOURCE_ONLY_PACKAGE_v1.0_EXTRACTED/RUMAHAGEN_FULL_DATABASE_SCHEMA_SOURCE_ONLY_v1.0.sql; RUMAHAGEN_WIREFRAME_CORE_FINAL_SOURCE_PACK_v1.2/11_DATABASE_SCHEMA/W4-01E_FINAL_BUILD_FROM_ZERO_SCHEMA_PACKAGE_v2.6.zip; RUMAHAGEN_WIREFRAME_CORE_FINAL_SOURCE_PACK_v1.2/11_DATABASE_SCHEMA/W4-01E_FINAL_BUILD_FROM_ZERO_SCHEMA_PACKAGE_v2.6_EXTRACTED/RUMAHAGEN_W4-01E_FINAL_CANONICAL_BUILD_FROM_ZERO_DATABASE_SCHEMA_v2.6.sql; RUMAHAGEN_WIREFRAME_CORE_FINAL_SOURCE_PACK_v1.2/11_DATABASE_SCHEMA/W4-01E_FINAL_BUILD_FROM_ZERO_SCHEMA_PACKAGE_v2.6_EXTRACTED/RUMAHAGEN_W4-01E_FINAL_CANONICAL_TABLE_REGISTER_v2.6.csv,STEP07 v1.1 preserved finding M06-CI-006; Core artifact 04_ARCHITECTURE/W4-02A.6.5_SYSTEM_ARCHITECTURE_FULL_CONSOLIDATED_v1.8.docx; Mxx authority RUMAHAGEN_WF03_M06_FULL_REBUILD_CONTROLLED_v1.5_FULL_VERSION/07_M06_FULL_REBUILD_CONTROLLED_v1.5.md,M01-M15 authoritative semantic delta; not a whole-artifact replacement.
M06-CI-007,MXX_RULE_EXTENSION_OR_AMENDMENT,M06,Project Media boundary,STEP07 v1.1 preserved finding M06-CI-007; Core artifact 04_ARCHITECTURE/W4-02A.6.5_SYSTEM_ARCHITECTURE_FULL_CONSOLIDATED_v1.8.docx; Mxx authority RUMAHAGEN_WF03_M06_FULL_REBUILD_CONTROLLED_v1.5_FULL_VERSION/07_M06_FULL_REBUILD_CONTROLLED_v1.5.md,RUMAHAGEN_WIREFRAME_CORE_FINAL_SOURCE_PACK_v1.2/07_PRD/W4-02A.6.11_PRD_CURRENT_PRODUCT_REQUIREMENTS_FULL_CONSOLIDATED_v2.1.docx; RUMAHAGEN_WIREFRAME_CORE_FINAL_SOURCE_PACK_v1.2/08_USER_FLOW/W4-02A.6.12_USER_FLOW_CURRENT_CROSS_DOMAIN_INTERACTION_FLOW_FULL_CONSOLIDATED_v2.1.docx; RUMAHAGEN_WIREFRAME_CORE_FINAL_SOURCE_PACK_v1.2/14_FUNCTIONAL/W4-02A.6.18_FUNCTIONAL_SPECIFICATION_CURRENT_FUNCTIONAL_IMPLEMENTATION_CONTRACT_v2.1.md; RUMAHAGEN_WIREFRAME_CORE_FINAL_SOURCE_PACK_v1.2/03_BUSINESS_RULES/W4-02A.6.10_BUSINESS_RULES_BASELINE_TRACEABILITY_FULL_CONSOLIDATED_v1.2_REAUDITED.docx; RUMAHAGEN_WIREFRAME_CORE_FINAL_SOURCE_PACK_v1.2/04_ARCHITECTURE/W4-02A.6.5_SYSTEM_ARCHITECTURE_FULL_CONSOLIDATED_v1.8.docx; RUMAHAGEN_WIREFRAME_CORE_FINAL_SOURCE_PACK_v1.2/05_TECHNICAL_DECISIONS/W4-02A.6.6_TECHNICAL_DECISIONS_FULL_CONSOLIDATED_v1.6.docx; RUMAHAGEN_WIREFRAME_CORE_FINAL_SOURCE_PACK_v1.2/06_DEPENDENCY_MANIFEST/W4-02A.6.7_DEPENDENCY_MANIFEST_FULL_CONSOLIDATED_v1.9.docx; RUMAHAGEN_WIREFRAME_CORE_FINAL_SOURCE_PACK_v1.2/09_ERD/W4-02A.6.13_ERD_CURRENT_LOGICAL_DATA_MODEL_FULL_CONSOLIDATED_v2.1.docx; RUMAHAGEN_WIREFRAME_CORE_FINAL_SOURCE_PACK_v1.2/10_DATABASE_DICTIONARY/W4-02A.6.14_DATABASE_DICTIONARY_CURRENT_LOGICAL_TO_PHYSICAL_DATA_MEANING_FULL_CONSOLIDATED_v2.2.docx; RUMAHAGEN_WIREFRAME_CORE_FINAL_SOURCE_PACK_v1.2/11_DATABASE_SCHEMA/RUMAHAGEN_FULL_DATABASE_SCHEMA_SOURCE_ONLY_PACKAGE_v1.0.zip; RUMAHAGEN_WIREFRAME_CORE_FINAL_SOURCE_PACK_v1.2/11_DATABASE_SCHEMA/RUMAHAGEN_FULL_DATABASE_SCHEMA_SOURCE_ONLY_PACKAGE_v1.0_EXTRACTED/RUMAHAGEN_FULL_DATABASE_SCHEMA_SOURCE_ONLY_v1.0.md; RUMAHAGEN_WIREFRAME_CORE_FINAL_SOURCE_PACK_v1.2/11_DATABASE_SCHEMA/RUMAHAGEN_FULL_DATABASE_SCHEMA_SOURCE_ONLY_PACKAGE_v1.0_EXTRACTED/RUMAHAGEN_FULL_DATABASE_SCHEMA_SOURCE_ONLY_v1.0.sql,STEP07 v1.1 preserved finding M06-CI-007; Core artifact 04_ARCHITECTURE/W4-02A.6.5_SYSTEM_ARCHITECTURE_FULL_CONSOLIDATED_v1.8.docx; Mxx authority RUMAHAGEN_WF03_M06_FULL_REBUILD_CONTROLLED_v1.5_FULL_VERSION/07_M06_FULL_REBUILD_CONTROLLED_v1.5.md,M01-M15 authoritative semantic delta; not a whole-artifact replacement.
M06-CI-008,MXX_RULE_EXTENSION_OR_AMENDMENT,M06,Marketing Kit resource,STEP07 v1.1 preserved finding M06-CI-008; Core artifact 09_ERD/W4-02A.6.13_ERD_CURRENT_LOGICAL_DATA_MODEL_FULL_CONSOLIDATED_v2.1.docx; Mxx authority RUMAHAGEN_WF03_M06_FULL_REBUILD_CONTROLLED_v1.5_FULL_VERSION/07_M06_FULL_REBUILD_CONTROLLED_v1.5.md,RUMAHAGEN_WIREFRAME_CORE_FINAL_SOURCE_PACK_v1.2/07_PRD/W4-02A.6.11_PRD_CURRENT_PRODUCT_REQUIREMENTS_FULL_CONSOLIDATED_v2.1.docx; RUMAHAGEN_WIREFRAME_CORE_FINAL_SOURCE_PACK_v1.2/08_USER_FLOW/W4-02A.6.12_USER_FLOW_CURRENT_CROSS_DOMAIN_INTERACTION_FLOW_FULL_CONSOLIDATED_v2.1.docx; RUMAHAGEN_WIREFRAME_CORE_FINAL_SOURCE_PACK_v1.2/14_FUNCTIONAL/W4-02A.6.18_FUNCTIONAL_SPECIFICATION_CURRENT_FUNCTIONAL_IMPLEMENTATION_CONTRACT_v2.1.md; RUMAHAGEN_WIREFRAME_CORE_FINAL_SOURCE_PACK_v1.2/03_BUSINESS_RULES/W4-02A.6.10_BUSINESS_RULES_BASELINE_TRACEABILITY_FULL_CONSOLIDATED_v1.2_REAUDITED.docx; RUMAHAGEN_WIREFRAME_CORE_FINAL_SOURCE_PACK_v1.2/04_ARCHITECTURE/W4-02A.6.5_SYSTEM_ARCHITECTURE_FULL_CONSOLIDATED_v1.8.docx; RUMAHAGEN_WIREFRAME_CORE_FINAL_SOURCE_PACK_v1.2/05_TECHNICAL_DECISIONS/W4-02A.6.6_TECHNICAL_DECISIONS_FULL_CONSOLIDATED_v1.6.docx; RUMAHAGEN_WIREFRAME_CORE_FINAL_SOURCE_PACK_v1.2/06_DEPENDENCY_MANIFEST/W4-02A.6.7_DEPENDENCY_MANIFEST_FULL_CONSOLIDATED_v1.9.docx; RUMAHAGEN_WIREFRAME_CORE_FINAL_SOURCE_PACK_v1.2/09_ERD/W4-02A.6.13_ERD_CURRENT_LOGICAL_DATA_MODEL_FULL_CONSOLIDATED_v2.1.docx; RUMAHAGEN_WIREFRAME_CORE_FINAL_SOURCE_PACK_v1.2/10_DATABASE_DICTIONARY/W4-02A.6.14_DATABASE_DICTIONARY_CURRENT_LOGICAL_TO_PHYSICAL_DATA_MEANING_FULL_CONSOLIDATED_v2.2.docx; RUMAHAGEN_WIREFRAME_CORE_FINAL_SOURCE_PACK_v1.2/11_DATABASE_SCHEMA/RUMAHAGEN_FULL_DATABASE_SCHEMA_SOURCE_ONLY_PACKAGE_v1.0.zip; RUMAHAGEN_WIREFRAME_CORE_FINAL_SOURCE_PACK_v1.2/11_DATABASE_SCHEMA/RUMAHAGEN_FULL_DATABASE_SCHEMA_SOURCE_ONLY_PACKAGE_v1.0_EXTRACTED/RUMAHAGEN_FULL_DATABASE_SCHEMA_SOURCE_ONLY_v1.0.md; RUMAHAGEN_WIREFRAME_CORE_FINAL_SOURCE_PACK_v1.2/11_DATABASE_SCHEMA/RUMAHAGEN_FULL_DATABASE_SCHEMA_SOURCE_ONLY_PACKAGE_v1.0_EXTRACTED/RUMAHAGEN_FULL_DATABASE_SCHEMA_SOURCE_ONLY_v1.0.sql,STEP07 v1.1 preserved finding M06-CI-008; Core artifact 09_ERD/W4-02A.6.13_ERD_CURRENT_LOGICAL_DATA_MODEL_FULL_CONSOLIDATED_v2.1.docx; Mxx authority RUMAHAGEN_WF03_M06_FULL_REBUILD_CONTROLLED_v1.5_FULL_VERSION/07_M06_FULL_REBUILD_CONTROLLED_v1.5.md,M01-M15 authoritative semantic delta; not a whole-artifact replacement.
M06-CI-009,MXX_RULE_EXTENSION_OR_AMENDMENT,M06,Marketing Kit CRUD authorization,STEP07 v1.1 preserved finding M06-CI-009; Core artifact 13_RBAC_RLS/W4-02A.6.17_RBAC_PERMISSION_RLS_CURRENT_AUTHORIZATION_BASELINE_FULL_CONSOLIDATED_v2.1.docx; Mxx authority RUMAHAGEN_WF03_M06_FULL_REBUILD_CONTROLLED_v1.5_FULL_VERSION/07_M06_FULL_REBUILD_CONTROLLED_v1.5.md,RUMAHAGEN_WIREFRAME_CORE_FINAL_SOURCE_PACK_v1.2/13_RBAC_RLS/W4-02A.6.17_RBAC_PERMISSION_RLS_CURRENT_AUTHORIZATION_BASELINE_FULL_CONSOLIDATED_v2.1.docx; RUMAHAGEN_WIREFRAME_CORE_FINAL_SOURCE_PACK_v1.2/07_PRD/W4-02A.6.11_PRD_CURRENT_PRODUCT_REQUIREMENTS_FULL_CONSOLIDATED_v2.1.docx; RUMAHAGEN_WIREFRAME_CORE_FINAL_SOURCE_PACK_v1.2/08_USER_FLOW/W4-02A.6.12_USER_FLOW_CURRENT_CROSS_DOMAIN_INTERACTION_FLOW_FULL_CONSOLIDATED_v2.1.docx; RUMAHAGEN_WIREFRAME_CORE_FINAL_SOURCE_PACK_v1.2/14_FUNCTIONAL/W4-02A.6.18_FUNCTIONAL_SPECIFICATION_CURRENT_FUNCTIONAL_IMPLEMENTATION_CONTRACT_v2.1.md; RUMAHAGEN_WIREFRAME_CORE_FINAL_SOURCE_PACK_v1.2/03_BUSINESS_RULES/W4-02A.6.10_BUSINESS_RULES_BASELINE_TRACEABILITY_FULL_CONSOLIDATED_v1.2_REAUDITED.docx; RUMAHAGEN_WIREFRAME_CORE_FINAL_SOURCE_PACK_v1.2/04_ARCHITECTURE/W4-02A.6.5_SYSTEM_ARCHITECTURE_FULL_CONSOLIDATED_v1.8.docx; RUMAHAGEN_WIREFRAME_CORE_FINAL_SOURCE_PACK_v1.2/05_TECHNICAL_DECISIONS/W4-02A.6.6_TECHNICAL_DECISIONS_FULL_CONSOLIDATED_v1.6.docx; RUMAHAGEN_WIREFRAME_CORE_FINAL_SOURCE_PACK_v1.2/06_DEPENDENCY_MANIFEST/W4-02A.6.7_DEPENDENCY_MANIFEST_FULL_CONSOLIDATED_v1.9.docx; RUMAHAGEN_WIREFRAME_CORE_FINAL_SOURCE_PACK_v1.2/09_ERD/W4-02A.6.13_ERD_CURRENT_LOGICAL_DATA_MODEL_FULL_CONSOLIDATED_v2.1.docx; RUMAHAGEN_WIREFRAME_CORE_FINAL_SOURCE_PACK_v1.2/10_DATABASE_DICTIONARY/W4-02A.6.14_DATABASE_DICTIONARY_CURRENT_LOGICAL_TO_PHYSICAL_DATA_MEANING_FULL_CONSOLIDATED_v2.2.docx; RUMAHAGEN_WIREFRAME_CORE_FINAL_SOURCE_PACK_v1.2/11_DATABASE_SCHEMA/RUMAHAGEN_FULL_DATABASE_SCHEMA_SOURCE_ONLY_PACKAGE_v1.0.zip; RUMAHAGEN_WIREFRAME_CORE_FINAL_SOURCE_PACK_v1.2/11_DATABASE_SCHEMA/RUMAHAGEN_FULL_DATABASE_SCHEMA_SOURCE_ONLY_PACKAGE_v1.0_EXTRACTED/RUMAHAGEN_FULL_DATABASE_SCHEMA_SOURCE_ONLY_v1.0.md,STEP07 v1.1 preserved finding M06-CI-009; Core artifact 13_RBAC_RLS/W4-02A.6.17_RBAC_PERMISSION_RLS_CURRENT_AUTHORIZATION_BASELINE_FULL_CONSOLIDATED_v2.1.docx; Mxx authority RUMAHAGEN_WF03_M06_FULL_REBUILD_CONTROLLED_v1.5_FULL_VERSION/07_M06_FULL_REBUILD_CONTROLLED_v1.5.md,M01-M15 authoritative semantic delta; not a whole-artifact replacement.
M06-CI-010,MXX_RULE_EXTENSION_OR_AMENDMENT,M06,Claim lifecycle state representation,STEP07 v1.1 preserved finding M06-CI-010; Core artifact 27_AI_BLUEPRINT/W4-02A.6.31_AI_DEVELOPMENT_BLUEPRINT_v2.1.md; Mxx authority RUMAHAGEN_WF03_M06_FULL_REBUILD_CONTROLLED_v1.5_FULL_VERSION/07_M06_FULL_REBUILD_CONTROLLED_v1.5.md,RUMAHAGEN_WIREFRAME_CORE_FINAL_SOURCE_PACK_v1.2/03_BUSINESS_RULES/W4-02A.6.10_BUSINESS_RULES_BASELINE_TRACEABILITY_FULL_CONSOLIDATED_v1.2_REAUDITED.docx; RUMAHAGEN_WIREFRAME_CORE_FINAL_SOURCE_PACK_v1.2/04_ARCHITECTURE/W4-02A.6.5_SYSTEM_ARCHITECTURE_FULL_CONSOLIDATED_v1.8.docx; RUMAHAGEN_WIREFRAME_CORE_FINAL_SOURCE_PACK_v1.2/05_TECHNICAL_DECISIONS/W4-02A.6.6_TECHNICAL_DECISIONS_FULL_CONSOLIDATED_v1.6.docx; RUMAHAGEN_WIREFRAME_CORE_FINAL_SOURCE_PACK_v1.2/06_DEPENDENCY_MANIFEST/W4-02A.6.7_DEPENDENCY_MANIFEST_FULL_CONSOLIDATED_v1.9.docx; RUMAHAGEN_WIREFRAME_CORE_FINAL_SOURCE_PACK_v1.2/09_ERD/W4-02A.6.13_ERD_CURRENT_LOGICAL_DATA_MODEL_FULL_CONSOLIDATED_v2.1.docx; RUMAHAGEN_WIREFRAME_CORE_FINAL_SOURCE_PACK_v1.2/10_DATABASE_DICTIONARY/W4-02A.6.14_DATABASE_DICTIONARY_CURRENT_LOGICAL_TO_PHYSICAL_DATA_MEANING_FULL_CONSOLIDATED_v2.2.docx; RUMAHAGEN_WIREFRAME_CORE_FINAL_SOURCE_PACK_v1.2/11_DATABASE_SCHEMA/RUMAHAGEN_FULL_DATABASE_SCHEMA_SOURCE_ONLY_PACKAGE_v1.0.zip; RUMAHAGEN_WIREFRAME_CORE_FINAL_SOURCE_PACK_v1.2/11_DATABASE_SCHEMA/RUMAHAGEN_FULL_DATABASE_SCHEMA_SOURCE_ONLY_PACKAGE_v1.0_EXTRACTED/RUMAHAGEN_FULL_DATABASE_SCHEMA_SOURCE_ONLY_v1.0.md; RUMAHAGEN_WIREFRAME_CORE_FINAL_SOURCE_PACK_v1.2/11_DATABASE_SCHEMA/RUMAHAGEN_FULL_DATABASE_SCHEMA_SOURCE_ONLY_PACKAGE_v1.0_EXTRACTED/RUMAHAGEN_FULL_DATABASE_SCHEMA_SOURCE_ONLY_v1.0.sql; RUMAHAGEN_WIREFRAME_CORE_FINAL_SOURCE_PACK_v1.2/11_DATABASE_SCHEMA/W4-01E_FINAL_BUILD_FROM_ZERO_SCHEMA_PACKAGE_v2.6.zip; RUMAHAGEN_WIREFRAME_CORE_FINAL_SOURCE_PACK_v1.2/11_DATABASE_SCHEMA/W4-01E_FINAL_BUILD_FROM_ZERO_SCHEMA_PACKAGE_v2.6_EXTRACTED/RUMAHAGEN_W4-01E_FINAL_CANONICAL_BUILD_FROM_ZERO_DATABASE_SCHEMA_v2.6.sql; RUMAHAGEN_WIREFRAME_CORE_FINAL_SOURCE_PACK_v1.2/11_DATABASE_SCHEMA/W4-01E_FINAL_BUILD_FROM_ZERO_SCHEMA_PACKAGE_v2.6_EXTRACTED/RUMAHAGEN_W4-01E_FINAL_CANONICAL_TABLE_REGISTER_v2.6.csv,STEP07 v1.1 preserved finding M06-CI-010; Core artifact 27_AI_BLUEPRINT/W4-02A.6.31_AI_DEVELOPMENT_BLUEPRINT_v2.1.md; Mxx authority RUMAHAGEN_WF03_M06_FULL_REBUILD_CONTROLLED_v1.5_FULL_VERSION/07_M06_FULL_REBUILD_CONTROLLED_v1.5.md,M01-M15 authoritative semantic delta; not a whole-artifact replacement.
M06-CI-011,MXX_RULE_EXTENSION_OR_AMENDMENT,M06,Claim approval authority,STEP07 v1.1 preserved finding M06-CI-011; Core artifact 13_RBAC_RLS/W4-02A.6.17_RBAC_PERMISSION_RLS_CURRENT_AUTHORIZATION_BASELINE_FULL_CONSOLIDATED_v2.1.docx; Mxx authority RUMAHAGEN_WF03_M06_FULL_REBUILD_CONTROLLED_v1.5_FULL_VERSION/07_M06_FULL_REBUILD_CONTROLLED_v1.5.md,RUMAHAGEN_WIREFRAME_CORE_FINAL_SOURCE_PACK_v1.2/03_BUSINESS_RULES/W4-02A.6.10_BUSINESS_RULES_BASELINE_TRACEABILITY_FULL_CONSOLIDATED_v1.2_REAUDITED.docx; RUMAHAGEN_WIREFRAME_CORE_FINAL_SOURCE_PACK_v1.2/04_ARCHITECTURE/W4-02A.6.5_SYSTEM_ARCHITECTURE_FULL_CONSOLIDATED_v1.8.docx; RUMAHAGEN_WIREFRAME_CORE_FINAL_SOURCE_PACK_v1.2/05_TECHNICAL_DECISIONS/W4-02A.6.6_TECHNICAL_DECISIONS_FULL_CONSOLIDATED_v1.6.docx; RUMAHAGEN_WIREFRAME_CORE_FINAL_SOURCE_PACK_v1.2/06_DEPENDENCY_MANIFEST/W4-02A.6.7_DEPENDENCY_MANIFEST_FULL_CONSOLIDATED_v1.9.docx; RUMAHAGEN_WIREFRAME_CORE_FINAL_SOURCE_PACK_v1.2/09_ERD/W4-02A.6.13_ERD_CURRENT_LOGICAL_DATA_MODEL_FULL_CONSOLIDATED_v2.1.docx; RUMAHAGEN_WIREFRAME_CORE_FINAL_SOURCE_PACK_v1.2/10_DATABASE_DICTIONARY/W4-02A.6.14_DATABASE_DICTIONARY_CURRENT_LOGICAL_TO_PHYSICAL_DATA_MEANING_FULL_CONSOLIDATED_v2.2.docx; RUMAHAGEN_WIREFRAME_CORE_FINAL_SOURCE_PACK_v1.2/11_DATABASE_SCHEMA/RUMAHAGEN_FULL_DATABASE_SCHEMA_SOURCE_ONLY_PACKAGE_v1.0.zip; RUMAHAGEN_WIREFRAME_CORE_FINAL_SOURCE_PACK_v1.2/11_DATABASE_SCHEMA/RUMAHAGEN_FULL_DATABASE_SCHEMA_SOURCE_ONLY_PACKAGE_v1.0_EXTRACTED/RUMAHAGEN_FULL_DATABASE_SCHEMA_SOURCE_ONLY_v1.0.md; RUMAHAGEN_WIREFRAME_CORE_FINAL_SOURCE_PACK_v1.2/11_DATABASE_SCHEMA/RUMAHAGEN_FULL_DATABASE_SCHEMA_SOURCE_ONLY_PACKAGE_v1.0_EXTRACTED/RUMAHAGEN_FULL_DATABASE_SCHEMA_SOURCE_ONLY_v1.0.sql; RUMAHAGEN_WIREFRAME_CORE_FINAL_SOURCE_PACK_v1.2/11_DATABASE_SCHEMA/W4-01E_FINAL_BUILD_FROM_ZERO_SCHEMA_PACKAGE_v2.6.zip; RUMAHAGEN_WIREFRAME_CORE_FINAL_SOURCE_PACK_v1.2/11_DATABASE_SCHEMA/W4-01E_FINAL_BUILD_FROM_ZERO_SCHEMA_PACKAGE_v2.6_EXTRACTED/RUMAHAGEN_W4-01E_FINAL_CANONICAL_BUILD_FROM_ZERO_DATABASE_SCHEMA_v2.6.sql; RUMAHAGEN_WIREFRAME_CORE_FINAL_SOURCE_PACK_v1.2/11_DATABASE_SCHEMA/W4-01E_FINAL_BUILD_FROM_ZERO_SCHEMA_PACKAGE_v2.6_EXTRACTED/RUMAHAGEN_W4-01E_FINAL_CANONICAL_TABLE_REGISTER_v2.6.csv,STEP07 v1.1 preserved finding M06-CI-011; Core artifact 13_RBAC_RLS/W4-02A.6.17_RBAC_PERMISSION_RLS_CURRENT_AUTHORIZATION_BASELINE_FULL_CONSOLIDATED_v2.1.docx; Mxx authority RUMAHAGEN_WF03_M06_FULL_REBUILD_CONTROLLED_v1.5_FULL_VERSION/07_M06_FULL_REBUILD_CONTROLLED_v1.5.md,M01-M15 authoritative semantic delta; not a whole-artifact replacement.
M06-CI-012,MXX_RULE_EXTENSION_OR_AMENDMENT,M06,Approval Claim artifact,STEP07 v1.1 preserved finding M06-CI-012; Core artifact 11_DATABASE_SCHEMA/RUMAHAGEN_FULL_DATABASE_SCHEMA_SOURCE_ONLY_PACKAGE_v1.0.zip; Mxx authority RUMAHAGEN_WF03_M06_FULL_REBUILD_CONTROLLED_v1.5_FULL_VERSION/07_M06_FULL_REBUILD_CONTROLLED_v1.5.md,RUMAHAGEN_WIREFRAME_CORE_FINAL_SOURCE_PACK_v1.2/03_BUSINESS_RULES/W4-02A.6.10_BUSINESS_RULES_BASELINE_TRACEABILITY_FULL_CONSOLIDATED_v1.2_REAUDITED.docx; RUMAHAGEN_WIREFRAME_CORE_FINAL_SOURCE_PACK_v1.2/04_ARCHITECTURE/W4-02A.6.5_SYSTEM_ARCHITECTURE_FULL_CONSOLIDATED_v1.8.docx; RUMAHAGEN_WIREFRAME_CORE_FINAL_SOURCE_PACK_v1.2/05_TECHNICAL_DECISIONS/W4-02A.6.6_TECHNICAL_DECISIONS_FULL_CONSOLIDATED_v1.6.docx; RUMAHAGEN_WIREFRAME_CORE_FINAL_SOURCE_PACK_v1.2/06_DEPENDENCY_MANIFEST/W4-02A.6.7_DEPENDENCY_MANIFEST_FULL_CONSOLIDATED_v1.9.docx; RUMAHAGEN_WIREFRAME_CORE_FINAL_SOURCE_PACK_v1.2/09_ERD/W4-02A.6.13_ERD_CURRENT_LOGICAL_DATA_MODEL_FULL_CONSOLIDATED_v2.1.docx; RUMAHAGEN_WIREFRAME_CORE_FINAL_SOURCE_PACK_v1.2/10_DATABASE_DICTIONARY/W4-02A.6.14_DATABASE_DICTIONARY_CURRENT_LOGICAL_TO_PHYSICAL_DATA_MEANING_FULL_CONSOLIDATED_v2.2.docx; RUMAHAGEN_WIREFRAME_CORE_FINAL_SOURCE_PACK_v1.2/11_DATABASE_SCHEMA/RUMAHAGEN_FULL_DATABASE_SCHEMA_SOURCE_ONLY_PACKAGE_v1.0.zip; RUMAHAGEN_WIREFRAME_CORE_FINAL_SOURCE_PACK_v1.2/11_DATABASE_SCHEMA/RUMAHAGEN_FULL_DATABASE_SCHEMA_SOURCE_ONLY_PACKAGE_v1.0_EXTRACTED/RUMAHAGEN_FULL_DATABASE_SCHEMA_SOURCE_ONLY_v1.0.md; RUMAHAGEN_WIREFRAME_CORE_FINAL_SOURCE_PACK_v1.2/11_DATABASE_SCHEMA/RUMAHAGEN_FULL_DATABASE_SCHEMA_SOURCE_ONLY_PACKAGE_v1.0_EXTRACTED/RUMAHAGEN_FULL_DATABASE_SCHEMA_SOURCE_ONLY_v1.0.sql; RUMAHAGEN_WIREFRAME_CORE_FINAL_SOURCE_PACK_v1.2/11_DATABASE_SCHEMA/W4-01E_FINAL_BUILD_FROM_ZERO_SCHEMA_PACKAGE_v2.6.zip; RUMAHAGEN_WIREFRAME_CORE_FINAL_SOURCE_PACK_v1.2/11_DATABASE_SCHEMA/W4-01E_FINAL_BUILD_FROM_ZERO_SCHEMA_PACKAGE_v2.6_EXTRACTED/RUMAHAGEN_W4-01E_FINAL_CANONICAL_BUILD_FROM_ZERO_DATABASE_SCHEMA_v2.6.sql; RUMAHAGEN_WIREFRAME_CORE_FINAL_SOURCE_PACK_v1.2/11_DATABASE_SCHEMA/W4-01E_FINAL_BUILD_FROM_ZERO_SCHEMA_PACKAGE_v2.6_EXTRACTED/RUMAHAGEN_W4-01E_FINAL_CANONICAL_TABLE_REGISTER_v2.6.csv,STEP07 v1.1 preserved finding M06-CI-012; Core artifact 11_DATABASE_SCHEMA/RUMAHAGEN_FULL_DATABASE_SCHEMA_SOURCE_ONLY_PACKAGE_v1.0.zip; Mxx authority RUMAHAGEN_WF03_M06_FULL_REBUILD_CONTROLLED_v1.5_FULL_VERSION/07_M06_FULL_REBUILD_CONTROLLED_v1.5.md,M01-M15 authoritative semantic delta; not a whole-artifact replacement.
M06-CI-014,MXX_RULE_EXTENSION_OR_AMENDMENT,M06,Approved Claim → Agent-owned Listing initialization,STEP07 v1.1 preserved finding M06-CI-014; Core artifact 27_AI_BLUEPRINT/W4-02A.6.31_AI_DEVELOPMENT_BLUEPRINT_v2.1.md; Mxx authority RUMAHAGEN_WF03_M06_FULL_REBUILD_CONTROLLED_v1.5_FULL_VERSION/07_M06_FULL_REBUILD_CONTROLLED_v1.5.md,RUMAHAGEN_WIREFRAME_CORE_FINAL_SOURCE_PACK_v1.2/07_PRD/W4-02A.6.11_PRD_CURRENT_PRODUCT_REQUIREMENTS_FULL_CONSOLIDATED_v2.1.docx; RUMAHAGEN_WIREFRAME_CORE_FINAL_SOURCE_PACK_v1.2/08_USER_FLOW/W4-02A.6.12_USER_FLOW_CURRENT_CROSS_DOMAIN_INTERACTION_FLOW_FULL_CONSOLIDATED_v2.1.docx; RUMAHAGEN_WIREFRAME_CORE_FINAL_SOURCE_PACK_v1.2/14_FUNCTIONAL/W4-02A.6.18_FUNCTIONAL_SPECIFICATION_CURRENT_FUNCTIONAL_IMPLEMENTATION_CONTRACT_v2.1.md; RUMAHAGEN_WIREFRAME_CORE_FINAL_SOURCE_PACK_v1.2/03_BUSINESS_RULES/W4-02A.6.10_BUSINESS_RULES_BASELINE_TRACEABILITY_FULL_CONSOLIDATED_v1.2_REAUDITED.docx; RUMAHAGEN_WIREFRAME_CORE_FINAL_SOURCE_PACK_v1.2/04_ARCHITECTURE/W4-02A.6.5_SYSTEM_ARCHITECTURE_FULL_CONSOLIDATED_v1.8.docx; RUMAHAGEN_WIREFRAME_CORE_FINAL_SOURCE_PACK_v1.2/05_TECHNICAL_DECISIONS/W4-02A.6.6_TECHNICAL_DECISIONS_FULL_CONSOLIDATED_v1.6.docx; RUMAHAGEN_WIREFRAME_CORE_FINAL_SOURCE_PACK_v1.2/06_DEPENDENCY_MANIFEST/W4-02A.6.7_DEPENDENCY_MANIFEST_FULL_CONSOLIDATED_v1.9.docx; RUMAHAGEN_WIREFRAME_CORE_FINAL_SOURCE_PACK_v1.2/09_ERD/W4-02A.6.13_ERD_CURRENT_LOGICAL_DATA_MODEL_FULL_CONSOLIDATED_v2.1.docx; RUMAHAGEN_WIREFRAME_CORE_FINAL_SOURCE_PACK_v1.2/10_DATABASE_DICTIONARY/W4-02A.6.14_DATABASE_DICTIONARY_CURRENT_LOGICAL_TO_PHYSICAL_DATA_MEANING_FULL_CONSOLIDATED_v2.2.docx; RUMAHAGEN_WIREFRAME_CORE_FINAL_SOURCE_PACK_v1.2/11_DATABASE_SCHEMA/RUMAHAGEN_FULL_DATABASE_SCHEMA_SOURCE_ONLY_PACKAGE_v1.0.zip; RUMAHAGEN_WIREFRAME_CORE_FINAL_SOURCE_PACK_v1.2/11_DATABASE_SCHEMA/RUMAHAGEN_FULL_DATABASE_SCHEMA_SOURCE_ONLY_PACKAGE_v1.0_EXTRACTED/RUMAHAGEN_FULL_DATABASE_SCHEMA_SOURCE_ONLY_v1.0.md; RUMAHAGEN_WIREFRAME_CORE_FINAL_SOURCE_PACK_v1.2/11_DATABASE_SCHEMA/RUMAHAGEN_FULL_DATABASE_SCHEMA_SOURCE_ONLY_PACKAGE_v1.0_EXTRACTED/RUMAHAGEN_FULL_DATABASE_SCHEMA_SOURCE_ONLY_v1.0.sql,STEP07 v1.1 preserved finding M06-CI-014; Core artifact 27_AI_BLUEPRINT/W4-02A.6.31_AI_DEVELOPMENT_BLUEPRINT_v2.1.md; Mxx authority RUMAHAGEN_WF03_M06_FULL_REBUILD_CONTROLLED_v1.5_FULL_VERSION/07_M06_FULL_REBUILD_CONTROLLED_v1.5.md,M01-M15 authoritative semantic delta; not a whole-artifact replacement.
M10-CORE-02,MXX_RULE_EXTENSION_OR_AMENDMENT,M10,Core Permission,STEP07 v1.1 preserved finding M10-CORE-02; Core artifact 09_ERD/W4-02A.6.13_ERD_CURRENT_LOGICAL_DATA_MODEL_FULL_CONSOLIDATED_v2.1.docx; Mxx authority RUMAHAGEN_WF03_M10_FULL_REBUILD_CONTROLLED_v1.1_FULL_VERSION/RUMAHAGEN_WF03_M10_FULL_REBUILD_CONTROLLED_v1.2.md,RUMAHAGEN_WIREFRAME_CORE_FINAL_SOURCE_PACK_v1.2/03_BUSINESS_RULES/W4-02A.6.10_BUSINESS_RULES_BASELINE_TRACEABILITY_FULL_CONSOLIDATED_v1.2_REAUDITED.docx; RUMAHAGEN_WIREFRAME_CORE_FINAL_SOURCE_PACK_v1.2/13_RBAC_RLS/W4-02A.6.17_RBAC_PERMISSION_RLS_CURRENT_AUTHORIZATION_BASELINE_FULL_CONSOLIDATED_v2.1.docx; RUMAHAGEN_WIREFRAME_CORE_FINAL_SOURCE_PACK_v1.2/04_ARCHITECTURE/W4-02A.6.5_SYSTEM_ARCHITECTURE_FULL_CONSOLIDATED_v1.8.docx; RUMAHAGEN_WIREFRAME_CORE_FINAL_SOURCE_PACK_v1.2/05_TECHNICAL_DECISIONS/W4-02A.6.6_TECHNICAL_DECISIONS_FULL_CONSOLIDATED_v1.6.docx; RUMAHAGEN_WIREFRAME_CORE_FINAL_SOURCE_PACK_v1.2/06_DEPENDENCY_MANIFEST/W4-02A.6.7_DEPENDENCY_MANIFEST_FULL_CONSOLIDATED_v1.9.docx; RUMAHAGEN_WIREFRAME_CORE_FINAL_SOURCE_PACK_v1.2/09_ERD/W4-02A.6.13_ERD_CURRENT_LOGICAL_DATA_MODEL_FULL_CONSOLIDATED_v2.1.docx; RUMAHAGEN_WIREFRAME_CORE_FINAL_SOURCE_PACK_v1.2/10_DATABASE_DICTIONARY/W4-02A.6.14_DATABASE_DICTIONARY_CURRENT_LOGICAL_TO_PHYSICAL_DATA_MEANING_FULL_CONSOLIDATED_v2.2.docx; RUMAHAGEN_WIREFRAME_CORE_FINAL_SOURCE_PACK_v1.2/11_DATABASE_SCHEMA/RUMAHAGEN_FULL_DATABASE_SCHEMA_SOURCE_ONLY_PACKAGE_v1.0.zip; RUMAHAGEN_WIREFRAME_CORE_FINAL_SOURCE_PACK_v1.2/11_DATABASE_SCHEMA/RUMAHAGEN_FULL_DATABASE_SCHEMA_SOURCE_ONLY_PACKAGE_v1.0_EXTRACTED/RUMAHAGEN_FULL_DATABASE_SCHEMA_SOURCE_ONLY_v1.0.md; RUMAHAGEN_WIREFRAME_CORE_FINAL_SOURCE_PACK_v1.2/11_DATABASE_SCHEMA/RUMAHAGEN_FULL_DATABASE_SCHEMA_SOURCE_ONLY_PACKAGE_v1.0_EXTRACTED/RUMAHAGEN_FULL_DATABASE_SCHEMA_SOURCE_ONLY_v1.0.sql; RUMAHAGEN_WIREFRAME_CORE_FINAL_SOURCE_PACK_v1.2/11_DATABASE_SCHEMA/W4-01E_FINAL_BUILD_FROM_ZERO_SCHEMA_PACKAGE_v2.6.zip; RUMAHAGEN_WIREFRAME_CORE_FINAL_SOURCE_PACK_v1.2/11_DATABASE_SCHEMA/W4-01E_FINAL_BUILD_FROM_ZERO_SCHEMA_PACKAGE_v2.6_EXTRACTED/RUMAHAGEN_W4-01E_FINAL_CANONICAL_BUILD_FROM_ZERO_DATABASE_SCHEMA_v2.6.sql,STEP07 v1.1 preserved finding M10-CORE-02; Core artifact 09_ERD/W4-02A.6.13_ERD_CURRENT_LOGICAL_DATA_MODEL_FULL_CONSOLIDATED_v2.1.docx; Mxx authority RUMAHAGEN_WF03_M10_FULL_REBUILD_CONTROLLED_v1.1_FULL_VERSION/RUMAHAGEN_WF03_M10_FULL_REBUILD_CONTROLLED_v1.2.md,M01-M15 authoritative semantic delta; not a whole-artifact replacement.
M10-CORE-03,MXX_RULE_EXTENSION_OR_AMENDMENT,M10,Core Scope,STEP07 v1.1 preserved finding M10-CORE-03; Core artifact 09_ERD/W4-02A.6.13_ERD_CURRENT_LOGICAL_DATA_MODEL_FULL_CONSOLIDATED_v2.1.docx; Mxx authority RUMAHAGEN_WF03_M10_FULL_REBUILD_CONTROLLED_v1.1_FULL_VERSION/RUMAHAGEN_WF03_M10_FULL_REBUILD_CONTROLLED_v1.2.md,RUMAHAGEN_WIREFRAME_CORE_FINAL_SOURCE_PACK_v1.2/03_BUSINESS_RULES/W4-02A.6.10_BUSINESS_RULES_BASELINE_TRACEABILITY_FULL_CONSOLIDATED_v1.2_REAUDITED.docx; RUMAHAGEN_WIREFRAME_CORE_FINAL_SOURCE_PACK_v1.2/04_ARCHITECTURE/W4-02A.6.5_SYSTEM_ARCHITECTURE_FULL_CONSOLIDATED_v1.8.docx; RUMAHAGEN_WIREFRAME_CORE_FINAL_SOURCE_PACK_v1.2/05_TECHNICAL_DECISIONS/W4-02A.6.6_TECHNICAL_DECISIONS_FULL_CONSOLIDATED_v1.6.docx; RUMAHAGEN_WIREFRAME_CORE_FINAL_SOURCE_PACK_v1.2/06_DEPENDENCY_MANIFEST/W4-02A.6.7_DEPENDENCY_MANIFEST_FULL_CONSOLIDATED_v1.9.docx; RUMAHAGEN_WIREFRAME_CORE_FINAL_SOURCE_PACK_v1.2/09_ERD/W4-02A.6.13_ERD_CURRENT_LOGICAL_DATA_MODEL_FULL_CONSOLIDATED_v2.1.docx; RUMAHAGEN_WIREFRAME_CORE_FINAL_SOURCE_PACK_v1.2/10_DATABASE_DICTIONARY/W4-02A.6.14_DATABASE_DICTIONARY_CURRENT_LOGICAL_TO_PHYSICAL_DATA_MEANING_FULL_CONSOLIDATED_v2.2.docx; RUMAHAGEN_WIREFRAME_CORE_FINAL_SOURCE_PACK_v1.2/11_DATABASE_SCHEMA/RUMAHAGEN_FULL_DATABASE_SCHEMA_SOURCE_ONLY_PACKAGE_v1.0.zip; RUMAHAGEN_WIREFRAME_CORE_FINAL_SOURCE_PACK_v1.2/11_DATABASE_SCHEMA/RUMAHAGEN_FULL_DATABASE_SCHEMA_SOURCE_ONLY_PACKAGE_v1.0_EXTRACTED/RUMAHAGEN_FULL_DATABASE_SCHEMA_SOURCE_ONLY_v1.0.md; RUMAHAGEN_WIREFRAME_CORE_FINAL_SOURCE_PACK_v1.2/11_DATABASE_SCHEMA/RUMAHAGEN_FULL_DATABASE_SCHEMA_SOURCE_ONLY_PACKAGE_v1.0_EXTRACTED/RUMAHAGEN_FULL_DATABASE_SCHEMA_SOURCE_ONLY_v1.0.sql; RUMAHAGEN_WIREFRAME_CORE_FINAL_SOURCE_PACK_v1.2/11_DATABASE_SCHEMA/W4-01E_FINAL_BUILD_FROM_ZERO_SCHEMA_PACKAGE_v2.6.zip; RUMAHAGEN_WIREFRAME_CORE_FINAL_SOURCE_PACK_v1.2/11_DATABASE_SCHEMA/W4-01E_FINAL_BUILD_FROM_ZERO_SCHEMA_PACKAGE_v2.6_EXTRACTED/RUMAHAGEN_W4-01E_FINAL_CANONICAL_BUILD_FROM_ZERO_DATABASE_SCHEMA_v2.6.sql; RUMAHAGEN_WIREFRAME_CORE_FINAL_SOURCE_PACK_v1.2/11_DATABASE_SCHEMA/W4-01E_FINAL_BUILD_FROM_ZERO_SCHEMA_PACKAGE_v2.6_EXTRACTED/RUMAHAGEN_W4-01E_FINAL_CANONICAL_TABLE_REGISTER_v2.6.csv,STEP07 v1.1 preserved finding M10-CORE-03; Core artifact 09_ERD/W4-02A.6.13_ERD_CURRENT_LOGICAL_DATA_MODEL_FULL_CONSOLIDATED_v2.1.docx; Mxx authority RUMAHAGEN_WF03_M10_FULL_REBUILD_CONTROLLED_v1.1_FULL_VERSION/RUMAHAGEN_WF03_M10_FULL_REBUILD_CONTROLLED_v1.2.md,M01-M15 authoritative semantic delta; not a whole-artifact replacement.
M10-CORE-04,MXX_RULE_EXTENSION_OR_AMENDMENT,M10,Core RLS,STEP07 v1.1 preserved finding M10-CORE-04; Core artifact 09_ERD/W4-02A.6.13_ERD_CURRENT_LOGICAL_DATA_MODEL_FULL_CONSOLIDATED_v2.1.docx; Mxx authority RUMAHAGEN_WF03_M10_FULL_REBUILD_CONTROLLED_v1.1_FULL_VERSION/RUMAHAGEN_WF03_M10_FULL_REBUILD_CONTROLLED_v1.2.md,RUMAHAGEN_WIREFRAME_CORE_FINAL_SOURCE_PACK_v1.2/13_RBAC_RLS/W4-02A.6.17_RBAC_PERMISSION_RLS_CURRENT_AUTHORIZATION_BASELINE_FULL_CONSOLIDATED_v2.1.docx; RUMAHAGEN_WIREFRAME_CORE_FINAL_SOURCE_PACK_v1.2/03_BUSINESS_RULES/W4-02A.6.10_BUSINESS_RULES_BASELINE_TRACEABILITY_FULL_CONSOLIDATED_v1.2_REAUDITED.docx; RUMAHAGEN_WIREFRAME_CORE_FINAL_SOURCE_PACK_v1.2/04_ARCHITECTURE/W4-02A.6.5_SYSTEM_ARCHITECTURE_FULL_CONSOLIDATED_v1.8.docx; RUMAHAGEN_WIREFRAME_CORE_FINAL_SOURCE_PACK_v1.2/05_TECHNICAL_DECISIONS/W4-02A.6.6_TECHNICAL_DECISIONS_FULL_CONSOLIDATED_v1.6.docx; RUMAHAGEN_WIREFRAME_CORE_FINAL_SOURCE_PACK_v1.2/06_DEPENDENCY_MANIFEST/W4-02A.6.7_DEPENDENCY_MANIFEST_FULL_CONSOLIDATED_v1.9.docx; RUMAHAGEN_WIREFRAME_CORE_FINAL_SOURCE_PACK_v1.2/09_ERD/W4-02A.6.13_ERD_CURRENT_LOGICAL_DATA_MODEL_FULL_CONSOLIDATED_v2.1.docx; RUMAHAGEN_WIREFRAME_CORE_FINAL_SOURCE_PACK_v1.2/10_DATABASE_DICTIONARY/W4-02A.6.14_DATABASE_DICTIONARY_CURRENT_LOGICAL_TO_PHYSICAL_DATA_MEANING_FULL_CONSOLIDATED_v2.2.docx; RUMAHAGEN_WIREFRAME_CORE_FINAL_SOURCE_PACK_v1.2/11_DATABASE_SCHEMA/RUMAHAGEN_FULL_DATABASE_SCHEMA_SOURCE_ONLY_PACKAGE_v1.0.zip; RUMAHAGEN_WIREFRAME_CORE_FINAL_SOURCE_PACK_v1.2/11_DATABASE_SCHEMA/RUMAHAGEN_FULL_DATABASE_SCHEMA_SOURCE_ONLY_PACKAGE_v1.0_EXTRACTED/RUMAHAGEN_FULL_DATABASE_SCHEMA_SOURCE_ONLY_v1.0.md; RUMAHAGEN_WIREFRAME_CORE_FINAL_SOURCE_PACK_v1.2/11_DATABASE_SCHEMA/RUMAHAGEN_FULL_DATABASE_SCHEMA_SOURCE_ONLY_PACKAGE_v1.0_EXTRACTED/RUMAHAGEN_FULL_DATABASE_SCHEMA_SOURCE_ONLY_v1.0.sql; RUMAHAGEN_WIREFRAME_CORE_FINAL_SOURCE_PACK_v1.2/11_DATABASE_SCHEMA/W4-01E_FINAL_BUILD_FROM_ZERO_SCHEMA_PACKAGE_v2.6.zip; RUMAHAGEN_WIREFRAME_CORE_FINAL_SOURCE_PACK_v1.2/11_DATABASE_SCHEMA/W4-01E_FINAL_BUILD_FROM_ZERO_SCHEMA_PACKAGE_v2.6_EXTRACTED/RUMAHAGEN_W4-01E_FINAL_CANONICAL_BUILD_FROM_ZERO_DATABASE_SCHEMA_v2.6.sql,STEP07 v1.1 preserved finding M10-CORE-04; Core artifact 09_ERD/W4-02A.6.13_ERD_CURRENT_LOGICAL_DATA_MODEL_FULL_CONSOLIDATED_v2.1.docx; Mxx authority RUMAHAGEN_WF03_M10_FULL_REBUILD_CONTROLLED_v1.1_FULL_VERSION/RUMAHAGEN_WF03_M10_FULL_REBUILD_CONTROLLED_v1.2.md,M01-M15 authoritative semantic delta; not a whole-artifact replacement.
M10-CORE-05,MXX_RULE_EXTENSION_OR_AMENDMENT,M10,Core UI/UX,STEP07 v1.1 preserved finding M10-CORE-05; Core artifact 09_ERD/W4-02A.6.13_ERD_CURRENT_LOGICAL_DATA_MODEL_FULL_CONSOLIDATED_v2.1.docx; Mxx authority RUMAHAGEN_WF03_M10_FULL_REBUILD_CONTROLLED_v1.1_FULL_VERSION/RUMAHAGEN_WF03_M10_FULL_REBUILD_CONTROLLED_v1.2.md,RUMAHAGEN_WIREFRAME_CORE_FINAL_SOURCE_PACK_v1.2/16_UI_UX/W4-02A.6.20_UI_UX_SPECIFICATION_CURRENT_INTERFACE_BEHAVIOR_CONTRACT_v2.1.md; RUMAHAGEN_WIREFRAME_CORE_FINAL_SOURCE_PACK_v1.2/03_BUSINESS_RULES/W4-02A.6.10_BUSINESS_RULES_BASELINE_TRACEABILITY_FULL_CONSOLIDATED_v1.2_REAUDITED.docx; RUMAHAGEN_WIREFRAME_CORE_FINAL_SOURCE_PACK_v1.2/04_ARCHITECTURE/W4-02A.6.5_SYSTEM_ARCHITECTURE_FULL_CONSOLIDATED_v1.8.docx; RUMAHAGEN_WIREFRAME_CORE_FINAL_SOURCE_PACK_v1.2/05_TECHNICAL_DECISIONS/W4-02A.6.6_TECHNICAL_DECISIONS_FULL_CONSOLIDATED_v1.6.docx; RUMAHAGEN_WIREFRAME_CORE_FINAL_SOURCE_PACK_v1.2/06_DEPENDENCY_MANIFEST/W4-02A.6.7_DEPENDENCY_MANIFEST_FULL_CONSOLIDATED_v1.9.docx; RUMAHAGEN_WIREFRAME_CORE_FINAL_SOURCE_PACK_v1.2/09_ERD/W4-02A.6.13_ERD_CURRENT_LOGICAL_DATA_MODEL_FULL_CONSOLIDATED_v2.1.docx; RUMAHAGEN_WIREFRAME_CORE_FINAL_SOURCE_PACK_v1.2/10_DATABASE_DICTIONARY/W4-02A.6.14_DATABASE_DICTIONARY_CURRENT_LOGICAL_TO_PHYSICAL_DATA_MEANING_FULL_CONSOLIDATED_v2.2.docx; RUMAHAGEN_WIREFRAME_CORE_FINAL_SOURCE_PACK_v1.2/11_DATABASE_SCHEMA/RUMAHAGEN_FULL_DATABASE_SCHEMA_SOURCE_ONLY_PACKAGE_v1.0.zip; RUMAHAGEN_WIREFRAME_CORE_FINAL_SOURCE_PACK_v1.2/11_DATABASE_SCHEMA/RUMAHAGEN_FULL_DATABASE_SCHEMA_SOURCE_ONLY_PACKAGE_v1.0_EXTRACTED/RUMAHAGEN_FULL_DATABASE_SCHEMA_SOURCE_ONLY_v1.0.md; RUMAHAGEN_WIREFRAME_CORE_FINAL_SOURCE_PACK_v1.2/11_DATABASE_SCHEMA/RUMAHAGEN_FULL_DATABASE_SCHEMA_SOURCE_ONLY_PACKAGE_v1.0_EXTRACTED/RUMAHAGEN_FULL_DATABASE_SCHEMA_SOURCE_ONLY_v1.0.sql; RUMAHAGEN_WIREFRAME_CORE_FINAL_SOURCE_PACK_v1.2/11_DATABASE_SCHEMA/W4-01E_FINAL_BUILD_FROM_ZERO_SCHEMA_PACKAGE_v2.6.zip; RUMAHAGEN_WIREFRAME_CORE_FINAL_SOURCE_PACK_v1.2/11_DATABASE_SCHEMA/W4-01E_FINAL_BUILD_FROM_ZERO_SCHEMA_PACKAGE_v2.6_EXTRACTED/RUMAHAGEN_W4-01E_FINAL_CANONICAL_BUILD_FROM_ZERO_DATABASE_SCHEMA_v2.6.sql,STEP07 v1.1 preserved finding M10-CORE-05; Core artifact 09_ERD/W4-02A.6.13_ERD_CURRENT_LOGICAL_DATA_MODEL_FULL_CONSOLIDATED_v2.1.docx; Mxx authority RUMAHAGEN_WF03_M10_FULL_REBUILD_CONTROLLED_v1.1_FULL_VERSION/RUMAHAGEN_WF03_M10_FULL_REBUILD_CONTROLLED_v1.2.md,M01-M15 authoritative semantic delta; not a whole-artifact replacement.
M10-CORE-06,MXX_RULE_EXTENSION_OR_AMENDMENT,M10,Core API,STEP07 v1.1 preserved finding M10-CORE-06; Core artifact 09_ERD/W4-02A.6.13_ERD_CURRENT_LOGICAL_DATA_MODEL_FULL_CONSOLIDATED_v2.1.docx; Mxx authority RUMAHAGEN_WF03_M10_FULL_REBUILD_CONTROLLED_v1.1_FULL_VERSION/RUMAHAGEN_WF03_M10_FULL_REBUILD_CONTROLLED_v1.2.md,RUMAHAGEN_WIREFRAME_CORE_FINAL_SOURCE_PACK_v1.2/12_API/W4-02A.6.16_API_SPECIFICATION_CURRENT_API_CONTRACT_BASELINE_FULL_CONSOLIDATED_v2.1.docx; RUMAHAGEN_WIREFRAME_CORE_FINAL_SOURCE_PACK_v1.2/03_BUSINESS_RULES/W4-02A.6.10_BUSINESS_RULES_BASELINE_TRACEABILITY_FULL_CONSOLIDATED_v1.2_REAUDITED.docx; RUMAHAGEN_WIREFRAME_CORE_FINAL_SOURCE_PACK_v1.2/04_ARCHITECTURE/W4-02A.6.5_SYSTEM_ARCHITECTURE_FULL_CONSOLIDATED_v1.8.docx; RUMAHAGEN_WIREFRAME_CORE_FINAL_SOURCE_PACK_v1.2/05_TECHNICAL_DECISIONS/W4-02A.6.6_TECHNICAL_DECISIONS_FULL_CONSOLIDATED_v1.6.docx; RUMAHAGEN_WIREFRAME_CORE_FINAL_SOURCE_PACK_v1.2/06_DEPENDENCY_MANIFEST/W4-02A.6.7_DEPENDENCY_MANIFEST_FULL_CONSOLIDATED_v1.9.docx; RUMAHAGEN_WIREFRAME_CORE_FINAL_SOURCE_PACK_v1.2/09_ERD/W4-02A.6.13_ERD_CURRENT_LOGICAL_DATA_MODEL_FULL_CONSOLIDATED_v2.1.docx; RUMAHAGEN_WIREFRAME_CORE_FINAL_SOURCE_PACK_v1.2/10_DATABASE_DICTIONARY/W4-02A.6.14_DATABASE_DICTIONARY_CURRENT_LOGICAL_TO_PHYSICAL_DATA_MEANING_FULL_CONSOLIDATED_v2.2.docx; RUMAHAGEN_WIREFRAME_CORE_FINAL_SOURCE_PACK_v1.2/11_DATABASE_SCHEMA/RUMAHAGEN_FULL_DATABASE_SCHEMA_SOURCE_ONLY_PACKAGE_v1.0.zip; RUMAHAGEN_WIREFRAME_CORE_FINAL_SOURCE_PACK_v1.2/11_DATABASE_SCHEMA/RUMAHAGEN_FULL_DATABASE_SCHEMA_SOURCE_ONLY_PACKAGE_v1.0_EXTRACTED/RUMAHAGEN_FULL_DATABASE_SCHEMA_SOURCE_ONLY_v1.0.md; RUMAHAGEN_WIREFRAME_CORE_FINAL_SOURCE_PACK_v1.2/11_DATABASE_SCHEMA/RUMAHAGEN_FULL_DATABASE_SCHEMA_SOURCE_ONLY_PACKAGE_v1.0_EXTRACTED/RUMAHAGEN_FULL_DATABASE_SCHEMA_SOURCE_ONLY_v1.0.sql; RUMAHAGEN_WIREFRAME_CORE_FINAL_SOURCE_PACK_v1.2/11_DATABASE_SCHEMA/W4-01E_FINAL_BUILD_FROM_ZERO_SCHEMA_PACKAGE_v2.6.zip; RUMAHAGEN_WIREFRAME_CORE_FINAL_SOURCE_PACK_v1.2/11_DATABASE_SCHEMA/W4-01E_FINAL_BUILD_FROM_ZERO_SCHEMA_PACKAGE_v2.6_EXTRACTED/RUMAHAGEN_W4-01E_FINAL_CANONICAL_BUILD_FROM_ZERO_DATABASE_SCHEMA_v2.6.sql,STEP07 v1.1 preserved finding M10-CORE-06; Core artifact 09_ERD/W4-02A.6.13_ERD_CURRENT_LOGICAL_DATA_MODEL_FULL_CONSOLIDATED_v2.1.docx; Mxx authority RUMAHAGEN_WF03_M10_FULL_REBUILD_CONTROLLED_v1.1_FULL_VERSION/RUMAHAGEN_WF03_M10_FULL_REBUILD_CONTROLLED_v1.2.md,M01-M15 authoritative semantic delta; not a whole-artifact replacement.
M10-CORE-07,MXX_RULE_EXTENSION_OR_AMENDMENT,M10,Core ERD / DB,STEP07 v1.1 preserved finding M10-CORE-07; Core artifact 09_ERD/W4-02A.6.13_ERD_CURRENT_LOGICAL_DATA_MODEL_FULL_CONSOLIDATED_v2.1.docx; Mxx authority RUMAHAGEN_WF03_M10_FULL_REBUILD_CONTROLLED_v1.1_FULL_VERSION/RUMAHAGEN_WF03_M10_FULL_REBUILD_CONTROLLED_v1.2.md,RUMAHAGEN_WIREFRAME_CORE_FINAL_SOURCE_PACK_v1.2/03_BUSINESS_RULES/W4-02A.6.10_BUSINESS_RULES_BASELINE_TRACEABILITY_FULL_CONSOLIDATED_v1.2_REAUDITED.docx; RUMAHAGEN_WIREFRAME_CORE_FINAL_SOURCE_PACK_v1.2/04_ARCHITECTURE/W4-02A.6.5_SYSTEM_ARCHITECTURE_FULL_CONSOLIDATED_v1.8.docx; RUMAHAGEN_WIREFRAME_CORE_FINAL_SOURCE_PACK_v1.2/05_TECHNICAL_DECISIONS/W4-02A.6.6_TECHNICAL_DECISIONS_FULL_CONSOLIDATED_v1.6.docx; RUMAHAGEN_WIREFRAME_CORE_FINAL_SOURCE_PACK_v1.2/06_DEPENDENCY_MANIFEST/W4-02A.6.7_DEPENDENCY_MANIFEST_FULL_CONSOLIDATED_v1.9.docx; RUMAHAGEN_WIREFRAME_CORE_FINAL_SOURCE_PACK_v1.2/09_ERD/W4-02A.6.13_ERD_CURRENT_LOGICAL_DATA_MODEL_FULL_CONSOLIDATED_v2.1.docx; RUMAHAGEN_WIREFRAME_CORE_FINAL_SOURCE_PACK_v1.2/10_DATABASE_DICTIONARY/W4-02A.6.14_DATABASE_DICTIONARY_CURRENT_LOGICAL_TO_PHYSICAL_DATA_MEANING_FULL_CONSOLIDATED_v2.2.docx; RUMAHAGEN_WIREFRAME_CORE_FINAL_SOURCE_PACK_v1.2/11_DATABASE_SCHEMA/RUMAHAGEN_FULL_DATABASE_SCHEMA_SOURCE_ONLY_PACKAGE_v1.0.zip; RUMAHAGEN_WIREFRAME_CORE_FINAL_SOURCE_PACK_v1.2/11_DATABASE_SCHEMA/RUMAHAGEN_FULL_DATABASE_SCHEMA_SOURCE_ONLY_PACKAGE_v1.0_EXTRACTED/RUMAHAGEN_FULL_DATABASE_SCHEMA_SOURCE_ONLY_v1.0.md; RUMAHAGEN_WIREFRAME_CORE_FINAL_SOURCE_PACK_v1.2/11_DATABASE_SCHEMA/RUMAHAGEN_FULL_DATABASE_SCHEMA_SOURCE_ONLY_PACKAGE_v1.0_EXTRACTED/RUMAHAGEN_FULL_DATABASE_SCHEMA_SOURCE_ONLY_v1.0.sql; RUMAHAGEN_WIREFRAME_CORE_FINAL_SOURCE_PACK_v1.2/11_DATABASE_SCHEMA/W4-01E_FINAL_BUILD_FROM_ZERO_SCHEMA_PACKAGE_v2.6.zip; RUMAHAGEN_WIREFRAME_CORE_FINAL_SOURCE_PACK_v1.2/11_DATABASE_SCHEMA/W4-01E_FINAL_BUILD_FROM_ZERO_SCHEMA_PACKAGE_v2.6_EXTRACTED/RUMAHAGEN_W4-01E_FINAL_CANONICAL_BUILD_FROM_ZERO_DATABASE_SCHEMA_v2.6.sql; RUMAHAGEN_WIREFRAME_CORE_FINAL_SOURCE_PACK_v1.2/11_DATABASE_SCHEMA/W4-01E_FINAL_BUILD_FROM_ZERO_SCHEMA_PACKAGE_v2.6_EXTRACTED/RUMAHAGEN_W4-01E_FINAL_CANONICAL_TABLE_REGISTER_v2.6.csv,STEP07 v1.1 preserved finding M10-CORE-07; Core artifact 09_ERD/W4-02A.6.13_ERD_CURRENT_LOGICAL_DATA_MODEL_FULL_CONSOLIDATED_v2.1.docx; Mxx authority RUMAHAGEN_WF03_M10_FULL_REBUILD_CONTROLLED_v1.1_FULL_VERSION/RUMAHAGEN_WF03_M10_FULL_REBUILD_CONTROLLED_v1.2.md,M01-M15 authoritative semantic delta; not a whole-artifact replacement.
M10-CORE-12,MXX_RULE_EXTENSION_OR_AMENDMENT,M10,Core cross-module authorization,STEP07 v1.1 preserved finding M10-CORE-12; Core artifact 09_ERD/W4-02A.6.13_ERD_CURRENT_LOGICAL_DATA_MODEL_FULL_CONSOLIDATED_v2.1.docx; Mxx authority RUMAHAGEN_WF03_M10_FULL_REBUILD_CONTROLLED_v1.1_FULL_VERSION/RUMAHAGEN_WF03_M10_FULL_REBUILD_CONTROLLED_v1.2.md,RUMAHAGEN_WIREFRAME_CORE_FINAL_SOURCE_PACK_v1.2/13_RBAC_RLS/W4-02A.6.17_RBAC_PERMISSION_RLS_CURRENT_AUTHORIZATION_BASELINE_FULL_CONSOLIDATED_v2.1.docx; RUMAHAGEN_WIREFRAME_CORE_FINAL_SOURCE_PACK_v1.2/18_MODULE_DEPENDENCY/W4-02A.6.22_MODULE_DEPENDENCY_MATRIX_CROSS_MODULE_DEPENDENCY_CONTRACT_v2.1.md; RUMAHAGEN_WIREFRAME_CORE_FINAL_SOURCE_PACK_v1.2/03_BUSINESS_RULES/W4-02A.6.10_BUSINESS_RULES_BASELINE_TRACEABILITY_FULL_CONSOLIDATED_v1.2_REAUDITED.docx; RUMAHAGEN_WIREFRAME_CORE_FINAL_SOURCE_PACK_v1.2/04_ARCHITECTURE/W4-02A.6.5_SYSTEM_ARCHITECTURE_FULL_CONSOLIDATED_v1.8.docx; RUMAHAGEN_WIREFRAME_CORE_FINAL_SOURCE_PACK_v1.2/05_TECHNICAL_DECISIONS/W4-02A.6.6_TECHNICAL_DECISIONS_FULL_CONSOLIDATED_v1.6.docx; RUMAHAGEN_WIREFRAME_CORE_FINAL_SOURCE_PACK_v1.2/06_DEPENDENCY_MANIFEST/W4-02A.6.7_DEPENDENCY_MANIFEST_FULL_CONSOLIDATED_v1.9.docx; RUMAHAGEN_WIREFRAME_CORE_FINAL_SOURCE_PACK_v1.2/09_ERD/W4-02A.6.13_ERD_CURRENT_LOGICAL_DATA_MODEL_FULL_CONSOLIDATED_v2.1.docx; RUMAHAGEN_WIREFRAME_CORE_FINAL_SOURCE_PACK_v1.2/10_DATABASE_DICTIONARY/W4-02A.6.14_DATABASE_DICTIONARY_CURRENT_LOGICAL_TO_PHYSICAL_DATA_MEANING_FULL_CONSOLIDATED_v2.2.docx; RUMAHAGEN_WIREFRAME_CORE_FINAL_SOURCE_PACK_v1.2/11_DATABASE_SCHEMA/RUMAHAGEN_FULL_DATABASE_SCHEMA_SOURCE_ONLY_PACKAGE_v1.0.zip; RUMAHAGEN_WIREFRAME_CORE_FINAL_SOURCE_PACK_v1.2/11_DATABASE_SCHEMA/RUMAHAGEN_FULL_DATABASE_SCHEMA_SOURCE_ONLY_PACKAGE_v1.0_EXTRACTED/RUMAHAGEN_FULL_DATABASE_SCHEMA_SOURCE_ONLY_v1.0.md; RUMAHAGEN_WIREFRAME_CORE_FINAL_SOURCE_PACK_v1.2/11_DATABASE_SCHEMA/RUMAHAGEN_FULL_DATABASE_SCHEMA_SOURCE_ONLY_PACKAGE_v1.0_EXTRACTED/RUMAHAGEN_FULL_DATABASE_SCHEMA_SOURCE_ONLY_v1.0.sql; RUMAHAGEN_WIREFRAME_CORE_FINAL_SOURCE_PACK_v1.2/11_DATABASE_SCHEMA/W4-01E_FINAL_BUILD_FROM_ZERO_SCHEMA_PACKAGE_v2.6.zip,STEP07 v1.1 preserved finding M10-CORE-12; Core artifact 09_ERD/W4-02A.6.13_ERD_CURRENT_LOGICAL_DATA_MODEL_FULL_CONSOLIDATED_v2.1.docx; Mxx authority RUMAHAGEN_WF03_M10_FULL_REBUILD_CONTROLLED_v1.1_FULL_VERSION/RUMAHAGEN_WF03_M10_FULL_REBUILD_CONTROLLED_v1.2.md,M01-M15 authoritative semantic delta; not a whole-artifact replacement.
M05-CI-002,MXX_RULE_EXTENSION_OR_AMENDMENT,M05,Event quota = maximum Registered participants; not commercial entitlement or Session capacity,STEP07 v1.1 preserved finding M05-CI-002; Core artifact 07_PRD/W4-02A.6.11_PRD_CURRENT_PRODUCT_REQUIREMENTS_FULL_CONSOLIDATED_v2.1.docx; Mxx authority RUMAHAGEN_WF03_M05_FULL_REBUILD_CONTROLLED_v1.3_FULL_VERSION/18_M05_FULL_REBUILD_CONTROLLED_v1.3.docx,RUMAHAGEN_WIREFRAME_CORE_FINAL_SOURCE_PACK_v1.2/03_BUSINESS_RULES/W4-02A.6.10_BUSINESS_RULES_BASELINE_TRACEABILITY_FULL_CONSOLIDATED_v1.2_REAUDITED.docx; RUMAHAGEN_WIREFRAME_CORE_FINAL_SOURCE_PACK_v1.2/13_RBAC_RLS/W4-02A.6.17_RBAC_PERMISSION_RLS_CURRENT_AUTHORIZATION_BASELINE_FULL_CONSOLIDATED_v2.1.docx; RUMAHAGEN_WIREFRAME_CORE_FINAL_SOURCE_PACK_v1.2/07_PRD/W4-02A.6.11_PRD_CURRENT_PRODUCT_REQUIREMENTS_FULL_CONSOLIDATED_v2.1.docx; RUMAHAGEN_WIREFRAME_CORE_FINAL_SOURCE_PACK_v1.2/08_USER_FLOW/W4-02A.6.12_USER_FLOW_CURRENT_CROSS_DOMAIN_INTERACTION_FLOW_FULL_CONSOLIDATED_v2.1.docx; RUMAHAGEN_WIREFRAME_CORE_FINAL_SOURCE_PACK_v1.2/14_FUNCTIONAL/W4-02A.6.18_FUNCTIONAL_SPECIFICATION_CURRENT_FUNCTIONAL_IMPLEMENTATION_CONTRACT_v2.1.md; RUMAHAGEN_WIREFRAME_CORE_FINAL_SOURCE_PACK_v1.2/09_ERD/W4-02A.6.13_ERD_CURRENT_LOGICAL_DATA_MODEL_FULL_CONSOLIDATED_v2.1.docx; RUMAHAGEN_WIREFRAME_CORE_FINAL_SOURCE_PACK_v1.2/10_DATABASE_DICTIONARY/W4-02A.6.14_DATABASE_DICTIONARY_CURRENT_LOGICAL_TO_PHYSICAL_DATA_MEANING_FULL_CONSOLIDATED_v2.2.docx; RUMAHAGEN_WIREFRAME_CORE_FINAL_SOURCE_PACK_v1.2/11_DATABASE_SCHEMA/RUMAHAGEN_FULL_DATABASE_SCHEMA_SOURCE_ONLY_PACKAGE_v1.0.zip; RUMAHAGEN_WIREFRAME_CORE_FINAL_SOURCE_PACK_v1.2/11_DATABASE_SCHEMA/RUMAHAGEN_FULL_DATABASE_SCHEMA_SOURCE_ONLY_PACKAGE_v1.0_EXTRACTED/RUMAHAGEN_FULL_DATABASE_SCHEMA_SOURCE_ONLY_v1.0.md; RUMAHAGEN_WIREFRAME_CORE_FINAL_SOURCE_PACK_v1.2/11_DATABASE_SCHEMA/RUMAHAGEN_FULL_DATABASE_SCHEMA_SOURCE_ONLY_PACKAGE_v1.0_EXTRACTED/RUMAHAGEN_FULL_DATABASE_SCHEMA_SOURCE_ONLY_v1.0.sql; RUMAHAGEN_WIREFRAME_CORE_FINAL_SOURCE_PACK_v1.2/11_DATABASE_SCHEMA/W4-01E_FINAL_BUILD_FROM_ZERO_SCHEMA_PACKAGE_v2.6.zip; RUMAHAGEN_WIREFRAME_CORE_FINAL_SOURCE_PACK_v1.2/11_DATABASE_SCHEMA/W4-01E_FINAL_BUILD_FROM_ZERO_SCHEMA_PACKAGE_v2.6_EXTRACTED/RUMAHAGEN_W4-01E_FINAL_CANONICAL_BUILD_FROM_ZERO_DATABASE_SCHEMA_v2.6.sql,STEP07 v1.1 preserved finding M05-CI-002; Core artifact 07_PRD/W4-02A.6.11_PRD_CURRENT_PRODUCT_REQUIREMENTS_FULL_CONSOLIDATED_v2.1.docx; Mxx authority RUMAHAGEN_WF03_M05_FULL_REBUILD_CONTROLLED_v1.3_FULL_VERSION/18_M05_FULL_REBUILD_CONTROLLED_v1.3.docx,M01-M15 authoritative semantic delta; not a whole-artifact replacement.
M05-CI-003,MXX_RULE_EXTENSION_OR_AMENDMENT,M05,Waitinglist has no queue number/rank; participants are equal,STEP07 v1.1 preserved finding M05-CI-003; Core artifact 07_PRD/W4-02A.6.11_PRD_CURRENT_PRODUCT_REQUIREMENTS_FULL_CONSOLIDATED_v2.1.docx; Mxx authority RUMAHAGEN_WF03_M05_FULL_REBUILD_CONTROLLED_v1.3_FULL_VERSION/18_M05_FULL_REBUILD_CONTROLLED_v1.3.docx,RUMAHAGEN_WIREFRAME_CORE_FINAL_SOURCE_PACK_v1.2/03_BUSINESS_RULES/W4-02A.6.10_BUSINESS_RULES_BASELINE_TRACEABILITY_FULL_CONSOLIDATED_v1.2_REAUDITED.docx; RUMAHAGEN_WIREFRAME_CORE_FINAL_SOURCE_PACK_v1.2/04_ARCHITECTURE/W4-02A.6.5_SYSTEM_ARCHITECTURE_FULL_CONSOLIDATED_v1.8.docx; RUMAHAGEN_WIREFRAME_CORE_FINAL_SOURCE_PACK_v1.2/05_TECHNICAL_DECISIONS/W4-02A.6.6_TECHNICAL_DECISIONS_FULL_CONSOLIDATED_v1.6.docx; RUMAHAGEN_WIREFRAME_CORE_FINAL_SOURCE_PACK_v1.2/06_DEPENDENCY_MANIFEST/W4-02A.6.7_DEPENDENCY_MANIFEST_FULL_CONSOLIDATED_v1.9.docx; RUMAHAGEN_WIREFRAME_CORE_FINAL_SOURCE_PACK_v1.2/09_ERD/W4-02A.6.13_ERD_CURRENT_LOGICAL_DATA_MODEL_FULL_CONSOLIDATED_v2.1.docx; RUMAHAGEN_WIREFRAME_CORE_FINAL_SOURCE_PACK_v1.2/10_DATABASE_DICTIONARY/W4-02A.6.14_DATABASE_DICTIONARY_CURRENT_LOGICAL_TO_PHYSICAL_DATA_MEANING_FULL_CONSOLIDATED_v2.2.docx; RUMAHAGEN_WIREFRAME_CORE_FINAL_SOURCE_PACK_v1.2/11_DATABASE_SCHEMA/RUMAHAGEN_FULL_DATABASE_SCHEMA_SOURCE_ONLY_PACKAGE_v1.0.zip; RUMAHAGEN_WIREFRAME_CORE_FINAL_SOURCE_PACK_v1.2/11_DATABASE_SCHEMA/RUMAHAGEN_FULL_DATABASE_SCHEMA_SOURCE_ONLY_PACKAGE_v1.0_EXTRACTED/RUMAHAGEN_FULL_DATABASE_SCHEMA_SOURCE_ONLY_v1.0.md; RUMAHAGEN_WIREFRAME_CORE_FINAL_SOURCE_PACK_v1.2/11_DATABASE_SCHEMA/RUMAHAGEN_FULL_DATABASE_SCHEMA_SOURCE_ONLY_PACKAGE_v1.0_EXTRACTED/RUMAHAGEN_FULL_DATABASE_SCHEMA_SOURCE_ONLY_v1.0.sql; RUMAHAGEN_WIREFRAME_CORE_FINAL_SOURCE_PACK_v1.2/11_DATABASE_SCHEMA/W4-01E_FINAL_BUILD_FROM_ZERO_SCHEMA_PACKAGE_v2.6.zip; RUMAHAGEN_WIREFRAME_CORE_FINAL_SOURCE_PACK_v1.2/11_DATABASE_SCHEMA/W4-01E_FINAL_BUILD_FROM_ZERO_SCHEMA_PACKAGE_v2.6_EXTRACTED/RUMAHAGEN_W4-01E_FINAL_CANONICAL_BUILD_FROM_ZERO_DATABASE_SCHEMA_v2.6.sql; RUMAHAGEN_WIREFRAME_CORE_FINAL_SOURCE_PACK_v1.2/11_DATABASE_SCHEMA/W4-01E_FINAL_BUILD_FROM_ZERO_SCHEMA_PACKAGE_v2.6_EXTRACTED/RUMAHAGEN_W4-01E_FINAL_CANONICAL_TABLE_REGISTER_v2.6.csv,STEP07 v1.1 preserved finding M05-CI-003; Core artifact 07_PRD/W4-02A.6.11_PRD_CURRENT_PRODUCT_REQUIREMENTS_FULL_CONSOLIDATED_v2.1.docx; Mxx authority RUMAHAGEN_WF03_M05_FULL_REBUILD_CONTROLLED_v1.3_FULL_VERSION/18_M05_FULL_REBUILD_CONTROLLED_v1.3.docx,M01-M15 authoritative semantic delta; not a whole-artifact replacement.
M05-CI-004,MXX_RULE_EXTENSION_OR_AMENDMENT,M05,First successful registration captures an available slot,STEP07 v1.1 preserved finding M05-CI-004; Core artifact 07_PRD/W4-02A.6.11_PRD_CURRENT_PRODUCT_REQUIREMENTS_FULL_CONSOLIDATED_v2.1.docx; Mxx authority RUMAHAGEN_WF03_M05_FULL_REBUILD_CONTROLLED_v1.3_FULL_VERSION/18_M05_FULL_REBUILD_CONTROLLED_v1.3.docx,RUMAHAGEN_WIREFRAME_CORE_FINAL_SOURCE_PACK_v1.2/03_BUSINESS_RULES/W4-02A.6.10_BUSINESS_RULES_BASELINE_TRACEABILITY_FULL_CONSOLIDATED_v1.2_REAUDITED.docx; RUMAHAGEN_WIREFRAME_CORE_FINAL_SOURCE_PACK_v1.2/04_ARCHITECTURE/W4-02A.6.5_SYSTEM_ARCHITECTURE_FULL_CONSOLIDATED_v1.8.docx; RUMAHAGEN_WIREFRAME_CORE_FINAL_SOURCE_PACK_v1.2/05_TECHNICAL_DECISIONS/W4-02A.6.6_TECHNICAL_DECISIONS_FULL_CONSOLIDATED_v1.6.docx; RUMAHAGEN_WIREFRAME_CORE_FINAL_SOURCE_PACK_v1.2/06_DEPENDENCY_MANIFEST/W4-02A.6.7_DEPENDENCY_MANIFEST_FULL_CONSOLIDATED_v1.9.docx; RUMAHAGEN_WIREFRAME_CORE_FINAL_SOURCE_PACK_v1.2/09_ERD/W4-02A.6.13_ERD_CURRENT_LOGICAL_DATA_MODEL_FULL_CONSOLIDATED_v2.1.docx; RUMAHAGEN_WIREFRAME_CORE_FINAL_SOURCE_PACK_v1.2/10_DATABASE_DICTIONARY/W4-02A.6.14_DATABASE_DICTIONARY_CURRENT_LOGICAL_TO_PHYSICAL_DATA_MEANING_FULL_CONSOLIDATED_v2.2.docx; RUMAHAGEN_WIREFRAME_CORE_FINAL_SOURCE_PACK_v1.2/11_DATABASE_SCHEMA/RUMAHAGEN_FULL_DATABASE_SCHEMA_SOURCE_ONLY_PACKAGE_v1.0.zip; RUMAHAGEN_WIREFRAME_CORE_FINAL_SOURCE_PACK_v1.2/11_DATABASE_SCHEMA/RUMAHAGEN_FULL_DATABASE_SCHEMA_SOURCE_ONLY_PACKAGE_v1.0_EXTRACTED/RUMAHAGEN_FULL_DATABASE_SCHEMA_SOURCE_ONLY_v1.0.md; RUMAHAGEN_WIREFRAME_CORE_FINAL_SOURCE_PACK_v1.2/11_DATABASE_SCHEMA/RUMAHAGEN_FULL_DATABASE_SCHEMA_SOURCE_ONLY_PACKAGE_v1.0_EXTRACTED/RUMAHAGEN_FULL_DATABASE_SCHEMA_SOURCE_ONLY_v1.0.sql; RUMAHAGEN_WIREFRAME_CORE_FINAL_SOURCE_PACK_v1.2/11_DATABASE_SCHEMA/W4-01E_FINAL_BUILD_FROM_ZERO_SCHEMA_PACKAGE_v2.6.zip; RUMAHAGEN_WIREFRAME_CORE_FINAL_SOURCE_PACK_v1.2/11_DATABASE_SCHEMA/W4-01E_FINAL_BUILD_FROM_ZERO_SCHEMA_PACKAGE_v2.6_EXTRACTED/RUMAHAGEN_W4-01E_FINAL_CANONICAL_BUILD_FROM_ZERO_DATABASE_SCHEMA_v2.6.sql; RUMAHAGEN_WIREFRAME_CORE_FINAL_SOURCE_PACK_v1.2/11_DATABASE_SCHEMA/W4-01E_FINAL_BUILD_FROM_ZERO_SCHEMA_PACKAGE_v2.6_EXTRACTED/RUMAHAGEN_W4-01E_FINAL_CANONICAL_TABLE_REGISTER_v2.6.csv,STEP07 v1.1 preserved finding M05-CI-004; Core artifact 07_PRD/W4-02A.6.11_PRD_CURRENT_PRODUCT_REQUIREMENTS_FULL_CONSOLIDATED_v2.1.docx; Mxx authority RUMAHAGEN_WF03_M05_FULL_REBUILD_CONTROLLED_v1.3_FULL_VERSION/18_M05_FULL_REBUILD_CONTROLLED_v1.3.docx,M01-M15 authoritative semantic delta; not a whole-artifact replacement.
M05-CI-005,MXX_RULE_EXTENSION_OR_AMENDMENT,M05,Registration window closes at start_at + 1 hour,STEP07 v1.1 preserved finding M05-CI-005; Core artifact 07_PRD/W4-02A.6.11_PRD_CURRENT_PRODUCT_REQUIREMENTS_FULL_CONSOLIDATED_v2.1.docx; Mxx authority RUMAHAGEN_WF03_M05_FULL_REBUILD_CONTROLLED_v1.3_FULL_VERSION/18_M05_FULL_REBUILD_CONTROLLED_v1.3.docx,RUMAHAGEN_WIREFRAME_CORE_FINAL_SOURCE_PACK_v1.2/03_BUSINESS_RULES/W4-02A.6.10_BUSINESS_RULES_BASELINE_TRACEABILITY_FULL_CONSOLIDATED_v1.2_REAUDITED.docx; RUMAHAGEN_WIREFRAME_CORE_FINAL_SOURCE_PACK_v1.2/04_ARCHITECTURE/W4-02A.6.5_SYSTEM_ARCHITECTURE_FULL_CONSOLIDATED_v1.8.docx; RUMAHAGEN_WIREFRAME_CORE_FINAL_SOURCE_PACK_v1.2/05_TECHNICAL_DECISIONS/W4-02A.6.6_TECHNICAL_DECISIONS_FULL_CONSOLIDATED_v1.6.docx; RUMAHAGEN_WIREFRAME_CORE_FINAL_SOURCE_PACK_v1.2/06_DEPENDENCY_MANIFEST/W4-02A.6.7_DEPENDENCY_MANIFEST_FULL_CONSOLIDATED_v1.9.docx; RUMAHAGEN_WIREFRAME_CORE_FINAL_SOURCE_PACK_v1.2/09_ERD/W4-02A.6.13_ERD_CURRENT_LOGICAL_DATA_MODEL_FULL_CONSOLIDATED_v2.1.docx; RUMAHAGEN_WIREFRAME_CORE_FINAL_SOURCE_PACK_v1.2/10_DATABASE_DICTIONARY/W4-02A.6.14_DATABASE_DICTIONARY_CURRENT_LOGICAL_TO_PHYSICAL_DATA_MEANING_FULL_CONSOLIDATED_v2.2.docx; RUMAHAGEN_WIREFRAME_CORE_FINAL_SOURCE_PACK_v1.2/11_DATABASE_SCHEMA/RUMAHAGEN_FULL_DATABASE_SCHEMA_SOURCE_ONLY_PACKAGE_v1.0.zip; RUMAHAGEN_WIREFRAME_CORE_FINAL_SOURCE_PACK_v1.2/11_DATABASE_SCHEMA/RUMAHAGEN_FULL_DATABASE_SCHEMA_SOURCE_ONLY_PACKAGE_v1.0_EXTRACTED/RUMAHAGEN_FULL_DATABASE_SCHEMA_SOURCE_ONLY_v1.0.md; RUMAHAGEN_WIREFRAME_CORE_FINAL_SOURCE_PACK_v1.2/11_DATABASE_SCHEMA/RUMAHAGEN_FULL_DATABASE_SCHEMA_SOURCE_ONLY_PACKAGE_v1.0_EXTRACTED/RUMAHAGEN_FULL_DATABASE_SCHEMA_SOURCE_ONLY_v1.0.sql; RUMAHAGEN_WIREFRAME_CORE_FINAL_SOURCE_PACK_v1.2/11_DATABASE_SCHEMA/W4-01E_FINAL_BUILD_FROM_ZERO_SCHEMA_PACKAGE_v2.6.zip; RUMAHAGEN_WIREFRAME_CORE_FINAL_SOURCE_PACK_v1.2/11_DATABASE_SCHEMA/W4-01E_FINAL_BUILD_FROM_ZERO_SCHEMA_PACKAGE_v2.6_EXTRACTED/RUMAHAGEN_W4-01E_FINAL_CANONICAL_BUILD_FROM_ZERO_DATABASE_SCHEMA_v2.6.sql; RUMAHAGEN_WIREFRAME_CORE_FINAL_SOURCE_PACK_v1.2/11_DATABASE_SCHEMA/W4-01E_FINAL_BUILD_FROM_ZERO_SCHEMA_PACKAGE_v2.6_EXTRACTED/RUMAHAGEN_W4-01E_FINAL_CANONICAL_TABLE_REGISTER_v2.6.csv,STEP07 v1.1 preserved finding M05-CI-005; Core artifact 07_PRD/W4-02A.6.11_PRD_CURRENT_PRODUCT_REQUIREMENTS_FULL_CONSOLIDATED_v2.1.docx; Mxx authority RUMAHAGEN_WF03_M05_FULL_REBUILD_CONTROLLED_v1.3_FULL_VERSION/18_M05_FULL_REBUILD_CONTROLLED_v1.3.docx,M01-M15 authoritative semantic delta; not a whole-artifact replacement.
M05-CI-006,MXX_RULE_EXTENSION_OR_AMENDMENT,M05,Pre-start cancellation returns one quota slot,STEP07 v1.1 preserved finding M05-CI-006; Core artifact 07_PRD/W4-02A.6.11_PRD_CURRENT_PRODUCT_REQUIREMENTS_FULL_CONSOLIDATED_v2.1.docx; Mxx authority RUMAHAGEN_WF03_M05_FULL_REBUILD_CONTROLLED_v1.3_FULL_VERSION/18_M05_FULL_REBUILD_CONTROLLED_v1.3.docx,RUMAHAGEN_WIREFRAME_CORE_FINAL_SOURCE_PACK_v1.2/03_BUSINESS_RULES/W4-02A.6.10_BUSINESS_RULES_BASELINE_TRACEABILITY_FULL_CONSOLIDATED_v1.2_REAUDITED.docx; RUMAHAGEN_WIREFRAME_CORE_FINAL_SOURCE_PACK_v1.2/09_ERD/W4-02A.6.13_ERD_CURRENT_LOGICAL_DATA_MODEL_FULL_CONSOLIDATED_v2.1.docx; RUMAHAGEN_WIREFRAME_CORE_FINAL_SOURCE_PACK_v1.2/10_DATABASE_DICTIONARY/W4-02A.6.14_DATABASE_DICTIONARY_CURRENT_LOGICAL_TO_PHYSICAL_DATA_MEANING_FULL_CONSOLIDATED_v2.2.docx; RUMAHAGEN_WIREFRAME_CORE_FINAL_SOURCE_PACK_v1.2/11_DATABASE_SCHEMA/RUMAHAGEN_FULL_DATABASE_SCHEMA_SOURCE_ONLY_PACKAGE_v1.0.zip; RUMAHAGEN_WIREFRAME_CORE_FINAL_SOURCE_PACK_v1.2/11_DATABASE_SCHEMA/RUMAHAGEN_FULL_DATABASE_SCHEMA_SOURCE_ONLY_PACKAGE_v1.0_EXTRACTED/RUMAHAGEN_FULL_DATABASE_SCHEMA_SOURCE_ONLY_v1.0.md; RUMAHAGEN_WIREFRAME_CORE_FINAL_SOURCE_PACK_v1.2/11_DATABASE_SCHEMA/RUMAHAGEN_FULL_DATABASE_SCHEMA_SOURCE_ONLY_PACKAGE_v1.0_EXTRACTED/RUMAHAGEN_FULL_DATABASE_SCHEMA_SOURCE_ONLY_v1.0.sql; RUMAHAGEN_WIREFRAME_CORE_FINAL_SOURCE_PACK_v1.2/11_DATABASE_SCHEMA/W4-01E_FINAL_BUILD_FROM_ZERO_SCHEMA_PACKAGE_v2.6.zip; RUMAHAGEN_WIREFRAME_CORE_FINAL_SOURCE_PACK_v1.2/11_DATABASE_SCHEMA/W4-01E_FINAL_BUILD_FROM_ZERO_SCHEMA_PACKAGE_v2.6_EXTRACTED/RUMAHAGEN_W4-01E_FINAL_CANONICAL_BUILD_FROM_ZERO_DATABASE_SCHEMA_v2.6.sql; RUMAHAGEN_WIREFRAME_CORE_FINAL_SOURCE_PACK_v1.2/11_DATABASE_SCHEMA/W4-01E_FINAL_BUILD_FROM_ZERO_SCHEMA_PACKAGE_v2.6_EXTRACTED/RUMAHAGEN_W4-01E_FINAL_CANONICAL_TABLE_REGISTER_v2.6.csv; RUMAHAGEN_WIREFRAME_CORE_FINAL_SOURCE_PACK_v1.2/11_DATABASE_SCHEMA/W4-01E_FINAL_BUILD_FROM_ZERO_SCHEMA_PACKAGE_v2.6_EXTRACTED/RUMAHAGEN_W4-01E_FINAL_SCHEMA_CLOSURE_AND_FREEZE_v2.6.md; RUMAHAGEN_WIREFRAME_CORE_FINAL_SOURCE_PACK_v1.2/11_DATABASE_SCHEMA/W4-01E_FINAL_BUILD_FROM_ZERO_SCHEMA_PACKAGE_v2.6_EXTRACTED/RUMAHAGEN_W4-01E_GATE_CLOSURE_REGISTER_v2.6.csv; RUMAHAGEN_WIREFRAME_CORE_FINAL_SOURCE_PACK_v1.2/11_DATABASE_SCHEMA/W4-02A.6.15_DATABASE_SCHEMA_CURRENT_PHYSICAL_SCHEMA_REFERENCE_FULL_CONSOLIDATED_v2.7.docx,STEP07 v1.1 preserved finding M05-CI-006; Core artifact 07_PRD/W4-02A.6.11_PRD_CURRENT_PRODUCT_REQUIREMENTS_FULL_CONSOLIDATED_v2.1.docx; Mxx authority RUMAHAGEN_WF03_M05_FULL_REBUILD_CONTROLLED_v1.3_FULL_VERSION/18_M05_FULL_REBUILD_CONTROLLED_v1.3.docx,M01-M15 authoritative semantic delta; not a whole-artifact replacement.
M05-CI-007,MXX_RULE_EXTENSION_OR_AMENDMENT,M05,Attendance optional; no-show does not auto-cancel registration,STEP07 v1.1 preserved finding M05-CI-007; Core artifact 07_PRD/W4-02A.6.11_PRD_CURRENT_PRODUCT_REQUIREMENTS_FULL_CONSOLIDATED_v2.1.docx; Mxx authority RUMAHAGEN_WF03_M05_FULL_REBUILD_CONTROLLED_v1.3_FULL_VERSION/18_M05_FULL_REBUILD_CONTROLLED_v1.3.docx,RUMAHAGEN_WIREFRAME_CORE_FINAL_SOURCE_PACK_v1.2/03_BUSINESS_RULES/W4-02A.6.10_BUSINESS_RULES_BASELINE_TRACEABILITY_FULL_CONSOLIDATED_v1.2_REAUDITED.docx; RUMAHAGEN_WIREFRAME_CORE_FINAL_SOURCE_PACK_v1.2/04_ARCHITECTURE/W4-02A.6.5_SYSTEM_ARCHITECTURE_FULL_CONSOLIDATED_v1.8.docx; RUMAHAGEN_WIREFRAME_CORE_FINAL_SOURCE_PACK_v1.2/05_TECHNICAL_DECISIONS/W4-02A.6.6_TECHNICAL_DECISIONS_FULL_CONSOLIDATED_v1.6.docx; RUMAHAGEN_WIREFRAME_CORE_FINAL_SOURCE_PACK_v1.2/06_DEPENDENCY_MANIFEST/W4-02A.6.7_DEPENDENCY_MANIFEST_FULL_CONSOLIDATED_v1.9.docx; RUMAHAGEN_WIREFRAME_CORE_FINAL_SOURCE_PACK_v1.2/09_ERD/W4-02A.6.13_ERD_CURRENT_LOGICAL_DATA_MODEL_FULL_CONSOLIDATED_v2.1.docx; RUMAHAGEN_WIREFRAME_CORE_FINAL_SOURCE_PACK_v1.2/10_DATABASE_DICTIONARY/W4-02A.6.14_DATABASE_DICTIONARY_CURRENT_LOGICAL_TO_PHYSICAL_DATA_MEANING_FULL_CONSOLIDATED_v2.2.docx; RUMAHAGEN_WIREFRAME_CORE_FINAL_SOURCE_PACK_v1.2/11_DATABASE_SCHEMA/RUMAHAGEN_FULL_DATABASE_SCHEMA_SOURCE_ONLY_PACKAGE_v1.0.zip; RUMAHAGEN_WIREFRAME_CORE_FINAL_SOURCE_PACK_v1.2/11_DATABASE_SCHEMA/RUMAHAGEN_FULL_DATABASE_SCHEMA_SOURCE_ONLY_PACKAGE_v1.0_EXTRACTED/RUMAHAGEN_FULL_DATABASE_SCHEMA_SOURCE_ONLY_v1.0.md; RUMAHAGEN_WIREFRAME_CORE_FINAL_SOURCE_PACK_v1.2/11_DATABASE_SCHEMA/RUMAHAGEN_FULL_DATABASE_SCHEMA_SOURCE_ONLY_PACKAGE_v1.0_EXTRACTED/RUMAHAGEN_FULL_DATABASE_SCHEMA_SOURCE_ONLY_v1.0.sql; RUMAHAGEN_WIREFRAME_CORE_FINAL_SOURCE_PACK_v1.2/11_DATABASE_SCHEMA/W4-01E_FINAL_BUILD_FROM_ZERO_SCHEMA_PACKAGE_v2.6.zip; RUMAHAGEN_WIREFRAME_CORE_FINAL_SOURCE_PACK_v1.2/11_DATABASE_SCHEMA/W4-01E_FINAL_BUILD_FROM_ZERO_SCHEMA_PACKAGE_v2.6_EXTRACTED/RUMAHAGEN_W4-01E_FINAL_CANONICAL_BUILD_FROM_ZERO_DATABASE_SCHEMA_v2.6.sql; RUMAHAGEN_WIREFRAME_CORE_FINAL_SOURCE_PACK_v1.2/11_DATABASE_SCHEMA/W4-01E_FINAL_BUILD_FROM_ZERO_SCHEMA_PACKAGE_v2.6_EXTRACTED/RUMAHAGEN_W4-01E_FINAL_CANONICAL_TABLE_REGISTER_v2.6.csv,STEP07 v1.1 preserved finding M05-CI-007; Core artifact 07_PRD/W4-02A.6.11_PRD_CURRENT_PRODUCT_REQUIREMENTS_FULL_CONSOLIDATED_v2.1.docx; Mxx authority RUMAHAGEN_WF03_M05_FULL_REBUILD_CONTROLLED_v1.3_FULL_VERSION/18_M05_FULL_REBUILD_CONTROLLED_v1.3.docx,M01-M15 authoritative semantic delta; not a whole-artifact replacement.
M05-CI-008,MXX_RULE_EXTENSION_OR_AMENDMENT,M05,Event cancellation is distinct from participant registration cancellation,STEP07 v1.1 preserved finding M05-CI-008; Core artifact 07_PRD/W4-02A.6.11_PRD_CURRENT_PRODUCT_REQUIREMENTS_FULL_CONSOLIDATED_v2.1.docx; Mxx authority RUMAHAGEN_WF03_M05_FULL_REBUILD_CONTROLLED_v1.3_FULL_VERSION/18_M05_FULL_REBUILD_CONTROLLED_v1.3.docx,RUMAHAGEN_WIREFRAME_CORE_FINAL_SOURCE_PACK_v1.2/07_PRD/W4-02A.6.11_PRD_CURRENT_PRODUCT_REQUIREMENTS_FULL_CONSOLIDATED_v2.1.docx; RUMAHAGEN_WIREFRAME_CORE_FINAL_SOURCE_PACK_v1.2/08_USER_FLOW/W4-02A.6.12_USER_FLOW_CURRENT_CROSS_DOMAIN_INTERACTION_FLOW_FULL_CONSOLIDATED_v2.1.docx; RUMAHAGEN_WIREFRAME_CORE_FINAL_SOURCE_PACK_v1.2/14_FUNCTIONAL/W4-02A.6.18_FUNCTIONAL_SPECIFICATION_CURRENT_FUNCTIONAL_IMPLEMENTATION_CONTRACT_v2.1.md; RUMAHAGEN_WIREFRAME_CORE_FINAL_SOURCE_PACK_v1.2/03_BUSINESS_RULES/W4-02A.6.10_BUSINESS_RULES_BASELINE_TRACEABILITY_FULL_CONSOLIDATED_v1.2_REAUDITED.docx; RUMAHAGEN_WIREFRAME_CORE_FINAL_SOURCE_PACK_v1.2/04_ARCHITECTURE/W4-02A.6.5_SYSTEM_ARCHITECTURE_FULL_CONSOLIDATED_v1.8.docx; RUMAHAGEN_WIREFRAME_CORE_FINAL_SOURCE_PACK_v1.2/05_TECHNICAL_DECISIONS/W4-02A.6.6_TECHNICAL_DECISIONS_FULL_CONSOLIDATED_v1.6.docx; RUMAHAGEN_WIREFRAME_CORE_FINAL_SOURCE_PACK_v1.2/06_DEPENDENCY_MANIFEST/W4-02A.6.7_DEPENDENCY_MANIFEST_FULL_CONSOLIDATED_v1.9.docx; RUMAHAGEN_WIREFRAME_CORE_FINAL_SOURCE_PACK_v1.2/09_ERD/W4-02A.6.13_ERD_CURRENT_LOGICAL_DATA_MODEL_FULL_CONSOLIDATED_v2.1.docx; RUMAHAGEN_WIREFRAME_CORE_FINAL_SOURCE_PACK_v1.2/10_DATABASE_DICTIONARY/W4-02A.6.14_DATABASE_DICTIONARY_CURRENT_LOGICAL_TO_PHYSICAL_DATA_MEANING_FULL_CONSOLIDATED_v2.2.docx; RUMAHAGEN_WIREFRAME_CORE_FINAL_SOURCE_PACK_v1.2/11_DATABASE_SCHEMA/RUMAHAGEN_FULL_DATABASE_SCHEMA_SOURCE_ONLY_PACKAGE_v1.0.zip; RUMAHAGEN_WIREFRAME_CORE_FINAL_SOURCE_PACK_v1.2/11_DATABASE_SCHEMA/RUMAHAGEN_FULL_DATABASE_SCHEMA_SOURCE_ONLY_PACKAGE_v1.0_EXTRACTED/RUMAHAGEN_FULL_DATABASE_SCHEMA_SOURCE_ONLY_v1.0.md; RUMAHAGEN_WIREFRAME_CORE_FINAL_SOURCE_PACK_v1.2/11_DATABASE_SCHEMA/RUMAHAGEN_FULL_DATABASE_SCHEMA_SOURCE_ONLY_PACKAGE_v1.0_EXTRACTED/RUMAHAGEN_FULL_DATABASE_SCHEMA_SOURCE_ONLY_v1.0.sql,STEP07 v1.1 preserved finding M05-CI-008; Core artifact 07_PRD/W4-02A.6.11_PRD_CURRENT_PRODUCT_REQUIREMENTS_FULL_CONSOLIDATED_v2.1.docx; Mxx authority RUMAHAGEN_WF03_M05_FULL_REBUILD_CONTROLLED_v1.3_FULL_VERSION/18_M05_FULL_REBUILD_CONTROLLED_v1.3.docx,M01-M15 authoritative semantic delta; not a whole-artifact replacement.
M05-CI-009,MXX_RULE_EXTENSION_OR_AMENDMENT,M05,Event-start notification targets registered and waitinglist participants; M08 remains delivery/projection layer,STEP07 v1.1 preserved finding M05-CI-009; Core artifact 07_PRD/W4-02A.6.11_PRD_CURRENT_PRODUCT_REQUIREMENTS_FULL_CONSOLIDATED_v2.1.docx; Mxx authority RUMAHAGEN_WF03_M05_FULL_REBUILD_CONTROLLED_v1.3_FULL_VERSION/18_M05_FULL_REBUILD_CONTROLLED_v1.3.docx,RUMAHAGEN_WIREFRAME_CORE_FINAL_SOURCE_PACK_v1.2/07_PRD/W4-02A.6.11_PRD_CURRENT_PRODUCT_REQUIREMENTS_FULL_CONSOLIDATED_v2.1.docx; RUMAHAGEN_WIREFRAME_CORE_FINAL_SOURCE_PACK_v1.2/08_USER_FLOW/W4-02A.6.12_USER_FLOW_CURRENT_CROSS_DOMAIN_INTERACTION_FLOW_FULL_CONSOLIDATED_v2.1.docx; RUMAHAGEN_WIREFRAME_CORE_FINAL_SOURCE_PACK_v1.2/14_FUNCTIONAL/W4-02A.6.18_FUNCTIONAL_SPECIFICATION_CURRENT_FUNCTIONAL_IMPLEMENTATION_CONTRACT_v2.1.md; RUMAHAGEN_WIREFRAME_CORE_FINAL_SOURCE_PACK_v1.2/03_BUSINESS_RULES/W4-02A.6.10_BUSINESS_RULES_BASELINE_TRACEABILITY_FULL_CONSOLIDATED_v1.2_REAUDITED.docx; RUMAHAGEN_WIREFRAME_CORE_FINAL_SOURCE_PACK_v1.2/04_ARCHITECTURE/W4-02A.6.5_SYSTEM_ARCHITECTURE_FULL_CONSOLIDATED_v1.8.docx; RUMAHAGEN_WIREFRAME_CORE_FINAL_SOURCE_PACK_v1.2/05_TECHNICAL_DECISIONS/W4-02A.6.6_TECHNICAL_DECISIONS_FULL_CONSOLIDATED_v1.6.docx; RUMAHAGEN_WIREFRAME_CORE_FINAL_SOURCE_PACK_v1.2/06_DEPENDENCY_MANIFEST/W4-02A.6.7_DEPENDENCY_MANIFEST_FULL_CONSOLIDATED_v1.9.docx; RUMAHAGEN_WIREFRAME_CORE_FINAL_SOURCE_PACK_v1.2/09_ERD/W4-02A.6.13_ERD_CURRENT_LOGICAL_DATA_MODEL_FULL_CONSOLIDATED_v2.1.docx; RUMAHAGEN_WIREFRAME_CORE_FINAL_SOURCE_PACK_v1.2/10_DATABASE_DICTIONARY/W4-02A.6.14_DATABASE_DICTIONARY_CURRENT_LOGICAL_TO_PHYSICAL_DATA_MEANING_FULL_CONSOLIDATED_v2.2.docx; RUMAHAGEN_WIREFRAME_CORE_FINAL_SOURCE_PACK_v1.2/11_DATABASE_SCHEMA/RUMAHAGEN_FULL_DATABASE_SCHEMA_SOURCE_ONLY_PACKAGE_v1.0.zip; RUMAHAGEN_WIREFRAME_CORE_FINAL_SOURCE_PACK_v1.2/11_DATABASE_SCHEMA/RUMAHAGEN_FULL_DATABASE_SCHEMA_SOURCE_ONLY_PACKAGE_v1.0_EXTRACTED/RUMAHAGEN_FULL_DATABASE_SCHEMA_SOURCE_ONLY_v1.0.md; RUMAHAGEN_WIREFRAME_CORE_FINAL_SOURCE_PACK_v1.2/11_DATABASE_SCHEMA/RUMAHAGEN_FULL_DATABASE_SCHEMA_SOURCE_ONLY_PACKAGE_v1.0_EXTRACTED/RUMAHAGEN_FULL_DATABASE_SCHEMA_SOURCE_ONLY_v1.0.sql,STEP07 v1.1 preserved finding M05-CI-009; Core artifact 07_PRD/W4-02A.6.11_PRD_CURRENT_PRODUCT_REQUIREMENTS_FULL_CONSOLIDATED_v2.1.docx; Mxx authority RUMAHAGEN_WF03_M05_FULL_REBUILD_CONTROLLED_v1.3_FULL_VERSION/18_M05_FULL_REBUILD_CONTROLLED_v1.3.docx,M01-M15 authoritative semantic delta; not a whole-artifact replacement.
M11-CI-006,MXX_RULE_EXTENSION_OR_AMENDMENT,M11,M09 Static Public Content → M11 discovery,STEP07 v1.1 preserved finding M11-CI-006; Core artifact 07_PRD/W4-02A.6.11_PRD_CURRENT_PRODUCT_REQUIREMENTS_FULL_CONSOLIDATED_v2.1.docx; Mxx authority RUMAHAGEN_WF03_M11_FULL_REBUILD_CONTROLLED_v2.0_FULL_VERSION/RUMAHAGEN_WF03_M11_FULL_REBUILD_CONTROLLED_v2.0_FULL_VERSION.md,RUMAHAGEN_WIREFRAME_CORE_FINAL_SOURCE_PACK_v1.2/07_PRD/W4-02A.6.11_PRD_CURRENT_PRODUCT_REQUIREMENTS_FULL_CONSOLIDATED_v2.1.docx; RUMAHAGEN_WIREFRAME_CORE_FINAL_SOURCE_PACK_v1.2/08_USER_FLOW/W4-02A.6.12_USER_FLOW_CURRENT_CROSS_DOMAIN_INTERACTION_FLOW_FULL_CONSOLIDATED_v2.1.docx; RUMAHAGEN_WIREFRAME_CORE_FINAL_SOURCE_PACK_v1.2/14_FUNCTIONAL/W4-02A.6.18_FUNCTIONAL_SPECIFICATION_CURRENT_FUNCTIONAL_IMPLEMENTATION_CONTRACT_v2.1.md; RUMAHAGEN_WIREFRAME_CORE_FINAL_SOURCE_PACK_v1.2/16_UI_UX/W4-02A.6.20_UI_UX_SPECIFICATION_CURRENT_INTERFACE_BEHAVIOR_CONTRACT_v2.1.md; RUMAHAGEN_WIREFRAME_CORE_FINAL_SOURCE_PACK_v1.2/17_SEO_ANALYTICS/W4-02A.6.21_SEO_ANALYTICS_SPECIFICATION_DISCOVERY_MEASUREMENT_BASELINE_v2.1.md; RUMAHAGEN_WIREFRAME_CORE_FINAL_SOURCE_PACK_v1.2/03_BUSINESS_RULES/W4-02A.6.10_BUSINESS_RULES_BASELINE_TRACEABILITY_FULL_CONSOLIDATED_v1.2_REAUDITED.docx; RUMAHAGEN_WIREFRAME_CORE_FINAL_SOURCE_PACK_v1.2/04_ARCHITECTURE/W4-02A.6.5_SYSTEM_ARCHITECTURE_FULL_CONSOLIDATED_v1.8.docx; RUMAHAGEN_WIREFRAME_CORE_FINAL_SOURCE_PACK_v1.2/05_TECHNICAL_DECISIONS/W4-02A.6.6_TECHNICAL_DECISIONS_FULL_CONSOLIDATED_v1.6.docx; RUMAHAGEN_WIREFRAME_CORE_FINAL_SOURCE_PACK_v1.2/06_DEPENDENCY_MANIFEST/W4-02A.6.7_DEPENDENCY_MANIFEST_FULL_CONSOLIDATED_v1.9.docx; RUMAHAGEN_WIREFRAME_CORE_FINAL_SOURCE_PACK_v1.2/09_ERD/W4-02A.6.13_ERD_CURRENT_LOGICAL_DATA_MODEL_FULL_CONSOLIDATED_v2.1.docx; RUMAHAGEN_WIREFRAME_CORE_FINAL_SOURCE_PACK_v1.2/10_DATABASE_DICTIONARY/W4-02A.6.14_DATABASE_DICTIONARY_CURRENT_LOGICAL_TO_PHYSICAL_DATA_MEANING_FULL_CONSOLIDATED_v2.2.docx; RUMAHAGEN_WIREFRAME_CORE_FINAL_SOURCE_PACK_v1.2/11_DATABASE_SCHEMA/RUMAHAGEN_FULL_DATABASE_SCHEMA_SOURCE_ONLY_PACKAGE_v1.0.zip,STEP07 v1.1 preserved finding M11-CI-006; Core artifact 07_PRD/W4-02A.6.11_PRD_CURRENT_PRODUCT_REQUIREMENTS_FULL_CONSOLIDATED_v2.1.docx; Mxx authority RUMAHAGEN_WF03_M11_FULL_REBUILD_CONTROLLED_v2.0_FULL_VERSION/RUMAHAGEN_WF03_M11_FULL_REBUILD_CONTROLLED_v2.0_FULL_VERSION.md,M01-M15 authoritative semantic delta; not a whole-artifact replacement.
M11-CI-007,MXX_RULE_EXTENSION_OR_AMENDMENT,M11,M09 Announcement/Promotion → M11 discovery/measurement,STEP07 v1.1 preserved finding M11-CI-007; Core artifact 07_PRD/W4-02A.6.11_PRD_CURRENT_PRODUCT_REQUIREMENTS_FULL_CONSOLIDATED_v2.1.docx; Mxx authority RUMAHAGEN_WF03_M11_FULL_REBUILD_CONTROLLED_v2.0_FULL_VERSION/RUMAHAGEN_WF03_M11_FULL_REBUILD_CONTROLLED_v2.0_FULL_VERSION.md,RUMAHAGEN_WIREFRAME_CORE_FINAL_SOURCE_PACK_v1.2/03_BUSINESS_RULES/W4-02A.6.10_BUSINESS_RULES_BASELINE_TRACEABILITY_FULL_CONSOLIDATED_v1.2_REAUDITED.docx; RUMAHAGEN_WIREFRAME_CORE_FINAL_SOURCE_PACK_v1.2/07_PRD/W4-02A.6.11_PRD_CURRENT_PRODUCT_REQUIREMENTS_FULL_CONSOLIDATED_v2.1.docx; RUMAHAGEN_WIREFRAME_CORE_FINAL_SOURCE_PACK_v1.2/08_USER_FLOW/W4-02A.6.12_USER_FLOW_CURRENT_CROSS_DOMAIN_INTERACTION_FLOW_FULL_CONSOLIDATED_v2.1.docx; RUMAHAGEN_WIREFRAME_CORE_FINAL_SOURCE_PACK_v1.2/14_FUNCTIONAL/W4-02A.6.18_FUNCTIONAL_SPECIFICATION_CURRENT_FUNCTIONAL_IMPLEMENTATION_CONTRACT_v2.1.md; RUMAHAGEN_WIREFRAME_CORE_FINAL_SOURCE_PACK_v1.2/17_SEO_ANALYTICS/W4-02A.6.21_SEO_ANALYTICS_SPECIFICATION_DISCOVERY_MEASUREMENT_BASELINE_v2.1.md; RUMAHAGEN_WIREFRAME_CORE_FINAL_SOURCE_PACK_v1.2/04_ARCHITECTURE/W4-02A.6.5_SYSTEM_ARCHITECTURE_FULL_CONSOLIDATED_v1.8.docx; RUMAHAGEN_WIREFRAME_CORE_FINAL_SOURCE_PACK_v1.2/05_TECHNICAL_DECISIONS/W4-02A.6.6_TECHNICAL_DECISIONS_FULL_CONSOLIDATED_v1.6.docx; RUMAHAGEN_WIREFRAME_CORE_FINAL_SOURCE_PACK_v1.2/06_DEPENDENCY_MANIFEST/W4-02A.6.7_DEPENDENCY_MANIFEST_FULL_CONSOLIDATED_v1.9.docx; RUMAHAGEN_WIREFRAME_CORE_FINAL_SOURCE_PACK_v1.2/09_ERD/W4-02A.6.13_ERD_CURRENT_LOGICAL_DATA_MODEL_FULL_CONSOLIDATED_v2.1.docx; RUMAHAGEN_WIREFRAME_CORE_FINAL_SOURCE_PACK_v1.2/10_DATABASE_DICTIONARY/W4-02A.6.14_DATABASE_DICTIONARY_CURRENT_LOGICAL_TO_PHYSICAL_DATA_MEANING_FULL_CONSOLIDATED_v2.2.docx; RUMAHAGEN_WIREFRAME_CORE_FINAL_SOURCE_PACK_v1.2/11_DATABASE_SCHEMA/RUMAHAGEN_FULL_DATABASE_SCHEMA_SOURCE_ONLY_PACKAGE_v1.0.zip; RUMAHAGEN_WIREFRAME_CORE_FINAL_SOURCE_PACK_v1.2/11_DATABASE_SCHEMA/RUMAHAGEN_FULL_DATABASE_SCHEMA_SOURCE_ONLY_PACKAGE_v1.0_EXTRACTED/RUMAHAGEN_FULL_DATABASE_SCHEMA_SOURCE_ONLY_v1.0.md,STEP07 v1.1 preserved finding M11-CI-007; Core artifact 07_PRD/W4-02A.6.11_PRD_CURRENT_PRODUCT_REQUIREMENTS_FULL_CONSOLIDATED_v2.1.docx; Mxx authority RUMAHAGEN_WF03_M11_FULL_REBUILD_CONTROLLED_v2.0_FULL_VERSION/RUMAHAGEN_WF03_M11_FULL_REBUILD_CONTROLLED_v2.0_FULL_VERSION.md,M01-M15 authoritative semantic delta; not a whole-artifact replacement.
M12-CI-004,MXX_RULE_EXTENSION_OR_AMENDMENT,M12,ORG-ADMIN action/permission boundary,STEP07 v1.1 preserved finding M12-CI-004; Core artifact 07_PRD/W4-02A.6.11_PRD_CURRENT_PRODUCT_REQUIREMENTS_FULL_CONSOLIDATED_v2.1.docx; Mxx authority RUMAHAGEN_WF03_M12_FULL_REBUILD_CONTROLLED_v1.0/RUMAHAGEN_WF03_M12_FULL_REBUILD_CONTROLLED_v1.0.md,RUMAHAGEN_WIREFRAME_CORE_FINAL_SOURCE_PACK_v1.2/03_BUSINESS_RULES/W4-02A.6.10_BUSINESS_RULES_BASELINE_TRACEABILITY_FULL_CONSOLIDATED_v1.2_REAUDITED.docx; RUMAHAGEN_WIREFRAME_CORE_FINAL_SOURCE_PACK_v1.2/13_RBAC_RLS/W4-02A.6.17_RBAC_PERMISSION_RLS_CURRENT_AUTHORIZATION_BASELINE_FULL_CONSOLIDATED_v2.1.docx; RUMAHAGEN_WIREFRAME_CORE_FINAL_SOURCE_PACK_v1.2/04_ARCHITECTURE/W4-02A.6.5_SYSTEM_ARCHITECTURE_FULL_CONSOLIDATED_v1.8.docx; RUMAHAGEN_WIREFRAME_CORE_FINAL_SOURCE_PACK_v1.2/05_TECHNICAL_DECISIONS/W4-02A.6.6_TECHNICAL_DECISIONS_FULL_CONSOLIDATED_v1.6.docx; RUMAHAGEN_WIREFRAME_CORE_FINAL_SOURCE_PACK_v1.2/06_DEPENDENCY_MANIFEST/W4-02A.6.7_DEPENDENCY_MANIFEST_FULL_CONSOLIDATED_v1.9.docx; RUMAHAGEN_WIREFRAME_CORE_FINAL_SOURCE_PACK_v1.2/09_ERD/W4-02A.6.13_ERD_CURRENT_LOGICAL_DATA_MODEL_FULL_CONSOLIDATED_v2.1.docx; RUMAHAGEN_WIREFRAME_CORE_FINAL_SOURCE_PACK_v1.2/10_DATABASE_DICTIONARY/W4-02A.6.14_DATABASE_DICTIONARY_CURRENT_LOGICAL_TO_PHYSICAL_DATA_MEANING_FULL_CONSOLIDATED_v2.2.docx; RUMAHAGEN_WIREFRAME_CORE_FINAL_SOURCE_PACK_v1.2/11_DATABASE_SCHEMA/RUMAHAGEN_FULL_DATABASE_SCHEMA_SOURCE_ONLY_PACKAGE_v1.0.zip; RUMAHAGEN_WIREFRAME_CORE_FINAL_SOURCE_PACK_v1.2/11_DATABASE_SCHEMA/RUMAHAGEN_FULL_DATABASE_SCHEMA_SOURCE_ONLY_PACKAGE_v1.0_EXTRACTED/RUMAHAGEN_FULL_DATABASE_SCHEMA_SOURCE_ONLY_v1.0.md; RUMAHAGEN_WIREFRAME_CORE_FINAL_SOURCE_PACK_v1.2/11_DATABASE_SCHEMA/RUMAHAGEN_FULL_DATABASE_SCHEMA_SOURCE_ONLY_PACKAGE_v1.0_EXTRACTED/RUMAHAGEN_FULL_DATABASE_SCHEMA_SOURCE_ONLY_v1.0.sql; RUMAHAGEN_WIREFRAME_CORE_FINAL_SOURCE_PACK_v1.2/11_DATABASE_SCHEMA/W4-01E_FINAL_BUILD_FROM_ZERO_SCHEMA_PACKAGE_v2.6.zip; RUMAHAGEN_WIREFRAME_CORE_FINAL_SOURCE_PACK_v1.2/11_DATABASE_SCHEMA/W4-01E_FINAL_BUILD_FROM_ZERO_SCHEMA_PACKAGE_v2.6_EXTRACTED/RUMAHAGEN_W4-01E_FINAL_CANONICAL_BUILD_FROM_ZERO_DATABASE_SCHEMA_v2.6.sql,STEP07 v1.1 preserved finding M12-CI-004; Core artifact 07_PRD/W4-02A.6.11_PRD_CURRENT_PRODUCT_REQUIREMENTS_FULL_CONSOLIDATED_v2.1.docx; Mxx authority RUMAHAGEN_WF03_M12_FULL_REBUILD_CONTROLLED_v1.0/RUMAHAGEN_WF03_M12_FULL_REBUILD_CONTROLLED_v1.0.md,M01-M15 authoritative semantic delta; not a whole-artifact replacement.
M13-CI-001,MXX_RULE_EXTENSION_OR_AMENDMENT,M13,Provider Catalogue mutation authority is Superadmin-only,STEP07 v1.1 preserved finding M13-CI-001; Core artifact 07_PRD/W4-02A.6.11_PRD_CURRENT_PRODUCT_REQUIREMENTS_FULL_CONSOLIDATED_v2.1.docx; Mxx authority RUMAHAGEN_WF03_M13_FULL_REBUILD_CONTROLLED_v1.0/RUMAHAGEN_WF03_M13_FULL_REBUILD_CONTROLLED_v1.0.md,RUMAHAGEN_WIREFRAME_CORE_FINAL_SOURCE_PACK_v1.2/04_ARCHITECTURE/W4-02A.6.5_SYSTEM_ARCHITECTURE_FULL_CONSOLIDATED_v1.8.docx; RUMAHAGEN_WIREFRAME_CORE_FINAL_SOURCE_PACK_v1.2/05_TECHNICAL_DECISIONS/W4-02A.6.6_TECHNICAL_DECISIONS_FULL_CONSOLIDATED_v1.6.docx; RUMAHAGEN_WIREFRAME_CORE_FINAL_SOURCE_PACK_v1.2/06_DEPENDENCY_MANIFEST/W4-02A.6.7_DEPENDENCY_MANIFEST_FULL_CONSOLIDATED_v1.9.docx; RUMAHAGEN_WIREFRAME_CORE_FINAL_SOURCE_PACK_v1.2/03_BUSINESS_RULES/W4-02A.6.10_BUSINESS_RULES_BASELINE_TRACEABILITY_FULL_CONSOLIDATED_v1.2_REAUDITED.docx; RUMAHAGEN_WIREFRAME_CORE_FINAL_SOURCE_PACK_v1.2/09_ERD/W4-02A.6.13_ERD_CURRENT_LOGICAL_DATA_MODEL_FULL_CONSOLIDATED_v2.1.docx; RUMAHAGEN_WIREFRAME_CORE_FINAL_SOURCE_PACK_v1.2/10_DATABASE_DICTIONARY/W4-02A.6.14_DATABASE_DICTIONARY_CURRENT_LOGICAL_TO_PHYSICAL_DATA_MEANING_FULL_CONSOLIDATED_v2.2.docx; RUMAHAGEN_WIREFRAME_CORE_FINAL_SOURCE_PACK_v1.2/11_DATABASE_SCHEMA/RUMAHAGEN_FULL_DATABASE_SCHEMA_SOURCE_ONLY_PACKAGE_v1.0.zip; RUMAHAGEN_WIREFRAME_CORE_FINAL_SOURCE_PACK_v1.2/11_DATABASE_SCHEMA/RUMAHAGEN_FULL_DATABASE_SCHEMA_SOURCE_ONLY_PACKAGE_v1.0_EXTRACTED/RUMAHAGEN_FULL_DATABASE_SCHEMA_SOURCE_ONLY_v1.0.md; RUMAHAGEN_WIREFRAME_CORE_FINAL_SOURCE_PACK_v1.2/11_DATABASE_SCHEMA/RUMAHAGEN_FULL_DATABASE_SCHEMA_SOURCE_ONLY_PACKAGE_v1.0_EXTRACTED/RUMAHAGEN_FULL_DATABASE_SCHEMA_SOURCE_ONLY_v1.0.sql; RUMAHAGEN_WIREFRAME_CORE_FINAL_SOURCE_PACK_v1.2/11_DATABASE_SCHEMA/W4-01E_FINAL_BUILD_FROM_ZERO_SCHEMA_PACKAGE_v2.6.zip; RUMAHAGEN_WIREFRAME_CORE_FINAL_SOURCE_PACK_v1.2/11_DATABASE_SCHEMA/W4-01E_FINAL_BUILD_FROM_ZERO_SCHEMA_PACKAGE_v2.6_EXTRACTED/RUMAHAGEN_W4-01E_FINAL_CANONICAL_BUILD_FROM_ZERO_DATABASE_SCHEMA_v2.6.sql; RUMAHAGEN_WIREFRAME_CORE_FINAL_SOURCE_PACK_v1.2/11_DATABASE_SCHEMA/W4-01E_FINAL_BUILD_FROM_ZERO_SCHEMA_PACKAGE_v2.6_EXTRACTED/RUMAHAGEN_W4-01E_FINAL_CANONICAL_TABLE_REGISTER_v2.6.csv,STEP07 v1.1 preserved finding M13-CI-001; Core artifact 07_PRD/W4-02A.6.11_PRD_CURRENT_PRODUCT_REQUIREMENTS_FULL_CONSOLIDATED_v2.1.docx; Mxx authority RUMAHAGEN_WF03_M13_FULL_REBUILD_CONTROLLED_v1.0/RUMAHAGEN_WF03_M13_FULL_REBUILD_CONTROLLED_v1.0.md,M01-M15 authoritative semantic delta; not a whole-artifact replacement.
M13-CI-002,MXX_RULE_EXTENSION_OR_AMENDMENT,M13,BYOK ownership is Agent/User OWN,STEP07 v1.1 preserved finding M13-CI-002; Core artifact 07_PRD/W4-02A.6.11_PRD_CURRENT_PRODUCT_REQUIREMENTS_FULL_CONSOLIDATED_v2.1.docx; Mxx authority RUMAHAGEN_WF03_M13_FULL_REBUILD_CONTROLLED_v1.0/RUMAHAGEN_WF03_M13_FULL_REBUILD_CONTROLLED_v1.0.md,RUMAHAGEN_WIREFRAME_CORE_FINAL_SOURCE_PACK_v1.2/04_ARCHITECTURE/W4-02A.6.5_SYSTEM_ARCHITECTURE_FULL_CONSOLIDATED_v1.8.docx; RUMAHAGEN_WIREFRAME_CORE_FINAL_SOURCE_PACK_v1.2/05_TECHNICAL_DECISIONS/W4-02A.6.6_TECHNICAL_DECISIONS_FULL_CONSOLIDATED_v1.6.docx; RUMAHAGEN_WIREFRAME_CORE_FINAL_SOURCE_PACK_v1.2/06_DEPENDENCY_MANIFEST/W4-02A.6.7_DEPENDENCY_MANIFEST_FULL_CONSOLIDATED_v1.9.docx; RUMAHAGEN_WIREFRAME_CORE_FINAL_SOURCE_PACK_v1.2/12_API/W4-02A.6.16_API_SPECIFICATION_CURRENT_API_CONTRACT_BASELINE_FULL_CONSOLIDATED_v2.1.docx; RUMAHAGEN_WIREFRAME_CORE_FINAL_SOURCE_PACK_v1.2/03_BUSINESS_RULES/W4-02A.6.10_BUSINESS_RULES_BASELINE_TRACEABILITY_FULL_CONSOLIDATED_v1.2_REAUDITED.docx; RUMAHAGEN_WIREFRAME_CORE_FINAL_SOURCE_PACK_v1.2/09_ERD/W4-02A.6.13_ERD_CURRENT_LOGICAL_DATA_MODEL_FULL_CONSOLIDATED_v2.1.docx; RUMAHAGEN_WIREFRAME_CORE_FINAL_SOURCE_PACK_v1.2/10_DATABASE_DICTIONARY/W4-02A.6.14_DATABASE_DICTIONARY_CURRENT_LOGICAL_TO_PHYSICAL_DATA_MEANING_FULL_CONSOLIDATED_v2.2.docx; RUMAHAGEN_WIREFRAME_CORE_FINAL_SOURCE_PACK_v1.2/11_DATABASE_SCHEMA/RUMAHAGEN_FULL_DATABASE_SCHEMA_SOURCE_ONLY_PACKAGE_v1.0.zip; RUMAHAGEN_WIREFRAME_CORE_FINAL_SOURCE_PACK_v1.2/11_DATABASE_SCHEMA/RUMAHAGEN_FULL_DATABASE_SCHEMA_SOURCE_ONLY_PACKAGE_v1.0_EXTRACTED/RUMAHAGEN_FULL_DATABASE_SCHEMA_SOURCE_ONLY_v1.0.md; RUMAHAGEN_WIREFRAME_CORE_FINAL_SOURCE_PACK_v1.2/11_DATABASE_SCHEMA/RUMAHAGEN_FULL_DATABASE_SCHEMA_SOURCE_ONLY_PACKAGE_v1.0_EXTRACTED/RUMAHAGEN_FULL_DATABASE_SCHEMA_SOURCE_ONLY_v1.0.sql; RUMAHAGEN_WIREFRAME_CORE_FINAL_SOURCE_PACK_v1.2/11_DATABASE_SCHEMA/W4-01E_FINAL_BUILD_FROM_ZERO_SCHEMA_PACKAGE_v2.6.zip; RUMAHAGEN_WIREFRAME_CORE_FINAL_SOURCE_PACK_v1.2/11_DATABASE_SCHEMA/W4-01E_FINAL_BUILD_FROM_ZERO_SCHEMA_PACKAGE_v2.6_EXTRACTED/RUMAHAGEN_W4-01E_FINAL_CANONICAL_BUILD_FROM_ZERO_DATABASE_SCHEMA_v2.6.sql,STEP07 v1.1 preserved finding M13-CI-002; Core artifact 07_PRD/W4-02A.6.11_PRD_CURRENT_PRODUCT_REQUIREMENTS_FULL_CONSOLIDATED_v2.1.docx; Mxx authority RUMAHAGEN_WF03_M13_FULL_REBUILD_CONTROLLED_v1.0/RUMAHAGEN_WF03_M13_FULL_REBUILD_CONTROLLED_v1.0.md,M01-M15 authoritative semantic delta; not a whole-artifact replacement.
M14-CI-005,MXX_RULE_EXTENSION_OR_AMENDMENT,M14,Eight approved commercial surfaces,STEP07 v1.1 preserved finding M14-CI-005; Core artifact 07_PRD/W4-02A.6.11_PRD_CURRENT_PRODUCT_REQUIREMENTS_FULL_CONSOLIDATED_v2.1.docx; Mxx authority RUMAHAGEN_WF03_M14_FULL_REBUILD_v2.2_CORE_DETAIL_PARITY_FULL_VERSION/RUMAHAGEN_WF03_M14_FULL_REBUILD_v2.2_CORE_DETAIL_PARITY_FULL_VERSION.md,RUMAHAGEN_WIREFRAME_CORE_FINAL_SOURCE_PACK_v1.2/03_BUSINESS_RULES/W4-02A.6.10_BUSINESS_RULES_BASELINE_TRACEABILITY_FULL_CONSOLIDATED_v1.2_REAUDITED.docx; RUMAHAGEN_WIREFRAME_CORE_FINAL_SOURCE_PACK_v1.2/04_ARCHITECTURE/W4-02A.6.5_SYSTEM_ARCHITECTURE_FULL_CONSOLIDATED_v1.8.docx; RUMAHAGEN_WIREFRAME_CORE_FINAL_SOURCE_PACK_v1.2/05_TECHNICAL_DECISIONS/W4-02A.6.6_TECHNICAL_DECISIONS_FULL_CONSOLIDATED_v1.6.docx; RUMAHAGEN_WIREFRAME_CORE_FINAL_SOURCE_PACK_v1.2/06_DEPENDENCY_MANIFEST/W4-02A.6.7_DEPENDENCY_MANIFEST_FULL_CONSOLIDATED_v1.9.docx; RUMAHAGEN_WIREFRAME_CORE_FINAL_SOURCE_PACK_v1.2/09_ERD/W4-02A.6.13_ERD_CURRENT_LOGICAL_DATA_MODEL_FULL_CONSOLIDATED_v2.1.docx; RUMAHAGEN_WIREFRAME_CORE_FINAL_SOURCE_PACK_v1.2/10_DATABASE_DICTIONARY/W4-02A.6.14_DATABASE_DICTIONARY_CURRENT_LOGICAL_TO_PHYSICAL_DATA_MEANING_FULL_CONSOLIDATED_v2.2.docx; RUMAHAGEN_WIREFRAME_CORE_FINAL_SOURCE_PACK_v1.2/11_DATABASE_SCHEMA/RUMAHAGEN_FULL_DATABASE_SCHEMA_SOURCE_ONLY_PACKAGE_v1.0.zip; RUMAHAGEN_WIREFRAME_CORE_FINAL_SOURCE_PACK_v1.2/11_DATABASE_SCHEMA/RUMAHAGEN_FULL_DATABASE_SCHEMA_SOURCE_ONLY_PACKAGE_v1.0_EXTRACTED/RUMAHAGEN_FULL_DATABASE_SCHEMA_SOURCE_ONLY_v1.0.md; RUMAHAGEN_WIREFRAME_CORE_FINAL_SOURCE_PACK_v1.2/11_DATABASE_SCHEMA/RUMAHAGEN_FULL_DATABASE_SCHEMA_SOURCE_ONLY_PACKAGE_v1.0_EXTRACTED/RUMAHAGEN_FULL_DATABASE_SCHEMA_SOURCE_ONLY_v1.0.sql; RUMAHAGEN_WIREFRAME_CORE_FINAL_SOURCE_PACK_v1.2/11_DATABASE_SCHEMA/W4-01E_FINAL_BUILD_FROM_ZERO_SCHEMA_PACKAGE_v2.6.zip; RUMAHAGEN_WIREFRAME_CORE_FINAL_SOURCE_PACK_v1.2/11_DATABASE_SCHEMA/W4-01E_FINAL_BUILD_FROM_ZERO_SCHEMA_PACKAGE_v2.6_EXTRACTED/RUMAHAGEN_W4-01E_FINAL_CANONICAL_BUILD_FROM_ZERO_DATABASE_SCHEMA_v2.6.sql; RUMAHAGEN_WIREFRAME_CORE_FINAL_SOURCE_PACK_v1.2/11_DATABASE_SCHEMA/W4-01E_FINAL_BUILD_FROM_ZERO_SCHEMA_PACKAGE_v2.6_EXTRACTED/RUMAHAGEN_W4-01E_FINAL_CANONICAL_TABLE_REGISTER_v2.6.csv,STEP07 v1.1 preserved finding M14-CI-005; Core artifact 07_PRD/W4-02A.6.11_PRD_CURRENT_PRODUCT_REQUIREMENTS_FULL_CONSOLIDATED_v2.1.docx; Mxx authority RUMAHAGEN_WF03_M14_FULL_REBUILD_v2.2_CORE_DETAIL_PARITY_FULL_VERSION/RUMAHAGEN_WF03_M14_FULL_REBUILD_v2.2_CORE_DETAIL_PARITY_FULL_VERSION.md,M01-M15 authoritative semantic delta; not a whole-artifact replacement.
M14-CI-006,MXX_RULE_EXTENSION_OR_AMENDMENT,M14,Subscription lifecycle,STEP07 v1.1 preserved finding M14-CI-006; Core artifact 07_PRD/W4-02A.6.11_PRD_CURRENT_PRODUCT_REQUIREMENTS_FULL_CONSOLIDATED_v2.1.docx; Mxx authority RUMAHAGEN_WF03_M14_FULL_REBUILD_v2.2_CORE_DETAIL_PARITY_FULL_VERSION/RUMAHAGEN_WF03_M14_FULL_REBUILD_v2.2_CORE_DETAIL_PARITY_FULL_VERSION.md,RUMAHAGEN_WIREFRAME_CORE_FINAL_SOURCE_PACK_v1.2/03_BUSINESS_RULES/W4-02A.6.10_BUSINESS_RULES_BASELINE_TRACEABILITY_FULL_CONSOLIDATED_v1.2_REAUDITED.docx; RUMAHAGEN_WIREFRAME_CORE_FINAL_SOURCE_PACK_v1.2/04_ARCHITECTURE/W4-02A.6.5_SYSTEM_ARCHITECTURE_FULL_CONSOLIDATED_v1.8.docx; RUMAHAGEN_WIREFRAME_CORE_FINAL_SOURCE_PACK_v1.2/05_TECHNICAL_DECISIONS/W4-02A.6.6_TECHNICAL_DECISIONS_FULL_CONSOLIDATED_v1.6.docx; RUMAHAGEN_WIREFRAME_CORE_FINAL_SOURCE_PACK_v1.2/06_DEPENDENCY_MANIFEST/W4-02A.6.7_DEPENDENCY_MANIFEST_FULL_CONSOLIDATED_v1.9.docx; RUMAHAGEN_WIREFRAME_CORE_FINAL_SOURCE_PACK_v1.2/09_ERD/W4-02A.6.13_ERD_CURRENT_LOGICAL_DATA_MODEL_FULL_CONSOLIDATED_v2.1.docx; RUMAHAGEN_WIREFRAME_CORE_FINAL_SOURCE_PACK_v1.2/10_DATABASE_DICTIONARY/W4-02A.6.14_DATABASE_DICTIONARY_CURRENT_LOGICAL_TO_PHYSICAL_DATA_MEANING_FULL_CONSOLIDATED_v2.2.docx; RUMAHAGEN_WIREFRAME_CORE_FINAL_SOURCE_PACK_v1.2/11_DATABASE_SCHEMA/RUMAHAGEN_FULL_DATABASE_SCHEMA_SOURCE_ONLY_PACKAGE_v1.0.zip; RUMAHAGEN_WIREFRAME_CORE_FINAL_SOURCE_PACK_v1.2/11_DATABASE_SCHEMA/RUMAHAGEN_FULL_DATABASE_SCHEMA_SOURCE_ONLY_PACKAGE_v1.0_EXTRACTED/RUMAHAGEN_FULL_DATABASE_SCHEMA_SOURCE_ONLY_v1.0.md; RUMAHAGEN_WIREFRAME_CORE_FINAL_SOURCE_PACK_v1.2/11_DATABASE_SCHEMA/RUMAHAGEN_FULL_DATABASE_SCHEMA_SOURCE_ONLY_PACKAGE_v1.0_EXTRACTED/RUMAHAGEN_FULL_DATABASE_SCHEMA_SOURCE_ONLY_v1.0.sql; RUMAHAGEN_WIREFRAME_CORE_FINAL_SOURCE_PACK_v1.2/11_DATABASE_SCHEMA/W4-01E_FINAL_BUILD_FROM_ZERO_SCHEMA_PACKAGE_v2.6.zip; RUMAHAGEN_WIREFRAME_CORE_FINAL_SOURCE_PACK_v1.2/11_DATABASE_SCHEMA/W4-01E_FINAL_BUILD_FROM_ZERO_SCHEMA_PACKAGE_v2.6_EXTRACTED/RUMAHAGEN_W4-01E_FINAL_CANONICAL_BUILD_FROM_ZERO_DATABASE_SCHEMA_v2.6.sql; RUMAHAGEN_WIREFRAME_CORE_FINAL_SOURCE_PACK_v1.2/11_DATABASE_SCHEMA/W4-01E_FINAL_BUILD_FROM_ZERO_SCHEMA_PACKAGE_v2.6_EXTRACTED/RUMAHAGEN_W4-01E_FINAL_CANONICAL_TABLE_REGISTER_v2.6.csv,STEP07 v1.1 preserved finding M14-CI-006; Core artifact 07_PRD/W4-02A.6.11_PRD_CURRENT_PRODUCT_REQUIREMENTS_FULL_CONSOLIDATED_v2.1.docx; Mxx authority RUMAHAGEN_WF03_M14_FULL_REBUILD_v2.2_CORE_DETAIL_PARITY_FULL_VERSION/RUMAHAGEN_WF03_M14_FULL_REBUILD_v2.2_CORE_DETAIL_PARITY_FULL_VERSION.md,M01-M15 authoritative semantic delta; not a whole-artifact replacement.
M14-CI-007,MXX_RULE_EXTENSION_OR_AMENDMENT,M14,Add-on lifecycle/validity,STEP07 v1.1 preserved finding M14-CI-007; Core artifact 07_PRD/W4-02A.6.11_PRD_CURRENT_PRODUCT_REQUIREMENTS_FULL_CONSOLIDATED_v2.1.docx; Mxx authority RUMAHAGEN_WF03_M14_FULL_REBUILD_v2.2_CORE_DETAIL_PARITY_FULL_VERSION/RUMAHAGEN_WF03_M14_FULL_REBUILD_v2.2_CORE_DETAIL_PARITY_FULL_VERSION.md,RUMAHAGEN_WIREFRAME_CORE_FINAL_SOURCE_PACK_v1.2/03_BUSINESS_RULES/W4-02A.6.10_BUSINESS_RULES_BASELINE_TRACEABILITY_FULL_CONSOLIDATED_v1.2_REAUDITED.docx; RUMAHAGEN_WIREFRAME_CORE_FINAL_SOURCE_PACK_v1.2/04_ARCHITECTURE/W4-02A.6.5_SYSTEM_ARCHITECTURE_FULL_CONSOLIDATED_v1.8.docx; RUMAHAGEN_WIREFRAME_CORE_FINAL_SOURCE_PACK_v1.2/05_TECHNICAL_DECISIONS/W4-02A.6.6_TECHNICAL_DECISIONS_FULL_CONSOLIDATED_v1.6.docx; RUMAHAGEN_WIREFRAME_CORE_FINAL_SOURCE_PACK_v1.2/06_DEPENDENCY_MANIFEST/W4-02A.6.7_DEPENDENCY_MANIFEST_FULL_CONSOLIDATED_v1.9.docx; RUMAHAGEN_WIREFRAME_CORE_FINAL_SOURCE_PACK_v1.2/09_ERD/W4-02A.6.13_ERD_CURRENT_LOGICAL_DATA_MODEL_FULL_CONSOLIDATED_v2.1.docx; RUMAHAGEN_WIREFRAME_CORE_FINAL_SOURCE_PACK_v1.2/10_DATABASE_DICTIONARY/W4-02A.6.14_DATABASE_DICTIONARY_CURRENT_LOGICAL_TO_PHYSICAL_DATA_MEANING_FULL_CONSOLIDATED_v2.2.docx; RUMAHAGEN_WIREFRAME_CORE_FINAL_SOURCE_PACK_v1.2/11_DATABASE_SCHEMA/RUMAHAGEN_FULL_DATABASE_SCHEMA_SOURCE_ONLY_PACKAGE_v1.0.zip; RUMAHAGEN_WIREFRAME_CORE_FINAL_SOURCE_PACK_v1.2/11_DATABASE_SCHEMA/RUMAHAGEN_FULL_DATABASE_SCHEMA_SOURCE_ONLY_PACKAGE_v1.0_EXTRACTED/RUMAHAGEN_FULL_DATABASE_SCHEMA_SOURCE_ONLY_v1.0.md; RUMAHAGEN_WIREFRAME_CORE_FINAL_SOURCE_PACK_v1.2/11_DATABASE_SCHEMA/RUMAHAGEN_FULL_DATABASE_SCHEMA_SOURCE_ONLY_PACKAGE_v1.0_EXTRACTED/RUMAHAGEN_FULL_DATABASE_SCHEMA_SOURCE_ONLY_v1.0.sql; RUMAHAGEN_WIREFRAME_CORE_FINAL_SOURCE_PACK_v1.2/11_DATABASE_SCHEMA/W4-01E_FINAL_BUILD_FROM_ZERO_SCHEMA_PACKAGE_v2.6.zip; RUMAHAGEN_WIREFRAME_CORE_FINAL_SOURCE_PACK_v1.2/11_DATABASE_SCHEMA/W4-01E_FINAL_BUILD_FROM_ZERO_SCHEMA_PACKAGE_v2.6_EXTRACTED/RUMAHAGEN_W4-01E_FINAL_CANONICAL_BUILD_FROM_ZERO_DATABASE_SCHEMA_v2.6.sql; RUMAHAGEN_WIREFRAME_CORE_FINAL_SOURCE_PACK_v1.2/11_DATABASE_SCHEMA/W4-01E_FINAL_BUILD_FROM_ZERO_SCHEMA_PACKAGE_v2.6_EXTRACTED/RUMAHAGEN_W4-01E_FINAL_CANONICAL_TABLE_REGISTER_v2.6.csv,STEP07 v1.1 preserved finding M14-CI-007; Core artifact 07_PRD/W4-02A.6.11_PRD_CURRENT_PRODUCT_REQUIREMENTS_FULL_CONSOLIDATED_v2.1.docx; Mxx authority RUMAHAGEN_WF03_M14_FULL_REBUILD_v2.2_CORE_DETAIL_PARITY_FULL_VERSION/RUMAHAGEN_WF03_M14_FULL_REBUILD_v2.2_CORE_DETAIL_PARITY_FULL_VERSION.md,M01-M15 authoritative semantic delta; not a whole-artifact replacement.
M14-CI-008,MXX_RULE_EXTENSION_OR_AMENDMENT,M14,Promotion lifecycle,STEP07 v1.1 preserved finding M14-CI-008; Core artifact 07_PRD/W4-02A.6.11_PRD_CURRENT_PRODUCT_REQUIREMENTS_FULL_CONSOLIDATED_v2.1.docx; Mxx authority RUMAHAGEN_WF03_M14_FULL_REBUILD_v2.2_CORE_DETAIL_PARITY_FULL_VERSION/RUMAHAGEN_WF03_M14_FULL_REBUILD_v2.2_CORE_DETAIL_PARITY_FULL_VERSION.md,RUMAHAGEN_WIREFRAME_CORE_FINAL_SOURCE_PACK_v1.2/03_BUSINESS_RULES/W4-02A.6.10_BUSINESS_RULES_BASELINE_TRACEABILITY_FULL_CONSOLIDATED_v1.2_REAUDITED.docx; RUMAHAGEN_WIREFRAME_CORE_FINAL_SOURCE_PACK_v1.2/04_ARCHITECTURE/W4-02A.6.5_SYSTEM_ARCHITECTURE_FULL_CONSOLIDATED_v1.8.docx; RUMAHAGEN_WIREFRAME_CORE_FINAL_SOURCE_PACK_v1.2/05_TECHNICAL_DECISIONS/W4-02A.6.6_TECHNICAL_DECISIONS_FULL_CONSOLIDATED_v1.6.docx; RUMAHAGEN_WIREFRAME_CORE_FINAL_SOURCE_PACK_v1.2/06_DEPENDENCY_MANIFEST/W4-02A.6.7_DEPENDENCY_MANIFEST_FULL_CONSOLIDATED_v1.9.docx; RUMAHAGEN_WIREFRAME_CORE_FINAL_SOURCE_PACK_v1.2/09_ERD/W4-02A.6.13_ERD_CURRENT_LOGICAL_DATA_MODEL_FULL_CONSOLIDATED_v2.1.docx; RUMAHAGEN_WIREFRAME_CORE_FINAL_SOURCE_PACK_v1.2/10_DATABASE_DICTIONARY/W4-02A.6.14_DATABASE_DICTIONARY_CURRENT_LOGICAL_TO_PHYSICAL_DATA_MEANING_FULL_CONSOLIDATED_v2.2.docx; RUMAHAGEN_WIREFRAME_CORE_FINAL_SOURCE_PACK_v1.2/11_DATABASE_SCHEMA/RUMAHAGEN_FULL_DATABASE_SCHEMA_SOURCE_ONLY_PACKAGE_v1.0.zip; RUMAHAGEN_WIREFRAME_CORE_FINAL_SOURCE_PACK_v1.2/11_DATABASE_SCHEMA/RUMAHAGEN_FULL_DATABASE_SCHEMA_SOURCE_ONLY_PACKAGE_v1.0_EXTRACTED/RUMAHAGEN_FULL_DATABASE_SCHEMA_SOURCE_ONLY_v1.0.md; RUMAHAGEN_WIREFRAME_CORE_FINAL_SOURCE_PACK_v1.2/11_DATABASE_SCHEMA/RUMAHAGEN_FULL_DATABASE_SCHEMA_SOURCE_ONLY_PACKAGE_v1.0_EXTRACTED/RUMAHAGEN_FULL_DATABASE_SCHEMA_SOURCE_ONLY_v1.0.sql; RUMAHAGEN_WIREFRAME_CORE_FINAL_SOURCE_PACK_v1.2/11_DATABASE_SCHEMA/W4-01E_FINAL_BUILD_FROM_ZERO_SCHEMA_PACKAGE_v2.6.zip; RUMAHAGEN_WIREFRAME_CORE_FINAL_SOURCE_PACK_v1.2/11_DATABASE_SCHEMA/W4-01E_FINAL_BUILD_FROM_ZERO_SCHEMA_PACKAGE_v2.6_EXTRACTED/RUMAHAGEN_W4-01E_FINAL_CANONICAL_BUILD_FROM_ZERO_DATABASE_SCHEMA_v2.6.sql; RUMAHAGEN_WIREFRAME_CORE_FINAL_SOURCE_PACK_v1.2/11_DATABASE_SCHEMA/W4-01E_FINAL_BUILD_FROM_ZERO_SCHEMA_PACKAGE_v2.6_EXTRACTED/RUMAHAGEN_W4-01E_FINAL_CANONICAL_TABLE_REGISTER_v2.6.csv,STEP07 v1.1 preserved finding M14-CI-008; Core artifact 07_PRD/W4-02A.6.11_PRD_CURRENT_PRODUCT_REQUIREMENTS_FULL_CONSOLIDATED_v2.1.docx; Mxx authority RUMAHAGEN_WF03_M14_FULL_REBUILD_v2.2_CORE_DETAIL_PARITY_FULL_VERSION/RUMAHAGEN_WF03_M14_FULL_REBUILD_v2.2_CORE_DETAIL_PARITY_FULL_VERSION.md,M01-M15 authoritative semantic delta; not a whole-artifact replacement.
M14-CI-009,MXX_RULE_EXTENSION_OR_AMENDMENT,M14,Immutable purchase snapshot,STEP07 v1.1 preserved finding M14-CI-009; Core artifact 07_PRD/W4-02A.6.11_PRD_CURRENT_PRODUCT_REQUIREMENTS_FULL_CONSOLIDATED_v2.1.docx; Mxx authority RUMAHAGEN_WF03_M14_FULL_REBUILD_v2.2_CORE_DETAIL_PARITY_FULL_VERSION/RUMAHAGEN_WF03_M14_FULL_REBUILD_v2.2_CORE_DETAIL_PARITY_FULL_VERSION.md,RUMAHAGEN_WIREFRAME_CORE_FINAL_SOURCE_PACK_v1.2/03_BUSINESS_RULES/W4-02A.6.10_BUSINESS_RULES_BASELINE_TRACEABILITY_FULL_CONSOLIDATED_v1.2_REAUDITED.docx; RUMAHAGEN_WIREFRAME_CORE_FINAL_SOURCE_PACK_v1.2/04_ARCHITECTURE/W4-02A.6.5_SYSTEM_ARCHITECTURE_FULL_CONSOLIDATED_v1.8.docx; RUMAHAGEN_WIREFRAME_CORE_FINAL_SOURCE_PACK_v1.2/05_TECHNICAL_DECISIONS/W4-02A.6.6_TECHNICAL_DECISIONS_FULL_CONSOLIDATED_v1.6.docx; RUMAHAGEN_WIREFRAME_CORE_FINAL_SOURCE_PACK_v1.2/06_DEPENDENCY_MANIFEST/W4-02A.6.7_DEPENDENCY_MANIFEST_FULL_CONSOLIDATED_v1.9.docx; RUMAHAGEN_WIREFRAME_CORE_FINAL_SOURCE_PACK_v1.2/09_ERD/W4-02A.6.13_ERD_CURRENT_LOGICAL_DATA_MODEL_FULL_CONSOLIDATED_v2.1.docx; RUMAHAGEN_WIREFRAME_CORE_FINAL_SOURCE_PACK_v1.2/10_DATABASE_DICTIONARY/W4-02A.6.14_DATABASE_DICTIONARY_CURRENT_LOGICAL_TO_PHYSICAL_DATA_MEANING_FULL_CONSOLIDATED_v2.2.docx; RUMAHAGEN_WIREFRAME_CORE_FINAL_SOURCE_PACK_v1.2/11_DATABASE_SCHEMA/RUMAHAGEN_FULL_DATABASE_SCHEMA_SOURCE_ONLY_PACKAGE_v1.0.zip; RUMAHAGEN_WIREFRAME_CORE_FINAL_SOURCE_PACK_v1.2/11_DATABASE_SCHEMA/RUMAHAGEN_FULL_DATABASE_SCHEMA_SOURCE_ONLY_PACKAGE_v1.0_EXTRACTED/RUMAHAGEN_FULL_DATABASE_SCHEMA_SOURCE_ONLY_v1.0.md; RUMAHAGEN_WIREFRAME_CORE_FINAL_SOURCE_PACK_v1.2/11_DATABASE_SCHEMA/RUMAHAGEN_FULL_DATABASE_SCHEMA_SOURCE_ONLY_PACKAGE_v1.0_EXTRACTED/RUMAHAGEN_FULL_DATABASE_SCHEMA_SOURCE_ONLY_v1.0.sql; RUMAHAGEN_WIREFRAME_CORE_FINAL_SOURCE_PACK_v1.2/11_DATABASE_SCHEMA/W4-01E_FINAL_BUILD_FROM_ZERO_SCHEMA_PACKAGE_v2.6.zip; RUMAHAGEN_WIREFRAME_CORE_FINAL_SOURCE_PACK_v1.2/11_DATABASE_SCHEMA/W4-01E_FINAL_BUILD_FROM_ZERO_SCHEMA_PACKAGE_v2.6_EXTRACTED/RUMAHAGEN_W4-01E_FINAL_CANONICAL_BUILD_FROM_ZERO_DATABASE_SCHEMA_v2.6.sql; RUMAHAGEN_WIREFRAME_CORE_FINAL_SOURCE_PACK_v1.2/11_DATABASE_SCHEMA/W4-01E_FINAL_BUILD_FROM_ZERO_SCHEMA_PACKAGE_v2.6_EXTRACTED/RUMAHAGEN_W4-01E_FINAL_CANONICAL_TABLE_REGISTER_v2.6.csv,STEP07 v1.1 preserved finding M14-CI-009; Core artifact 07_PRD/W4-02A.6.11_PRD_CURRENT_PRODUCT_REQUIREMENTS_FULL_CONSOLIDATED_v2.1.docx; Mxx authority RUMAHAGEN_WF03_M14_FULL_REBUILD_v2.2_CORE_DETAIL_PARITY_FULL_VERSION/RUMAHAGEN_WF03_M14_FULL_REBUILD_v2.2_CORE_DETAIL_PARITY_FULL_VERSION.md,M01-M15 authoritative semantic delta; not a whole-artifact replacement.
M14-CI-010,MXX_RULE_EXTENSION_OR_AMENDMENT,M14,Order confirmation invariant,STEP07 v1.1 preserved finding M14-CI-010; Core artifact 07_PRD/W4-02A.6.11_PRD_CURRENT_PRODUCT_REQUIREMENTS_FULL_CONSOLIDATED_v2.1.docx; Mxx authority RUMAHAGEN_WF03_M14_FULL_REBUILD_v2.2_CORE_DETAIL_PARITY_FULL_VERSION/RUMAHAGEN_WF03_M14_FULL_REBUILD_v2.2_CORE_DETAIL_PARITY_FULL_VERSION.md,RUMAHAGEN_WIREFRAME_CORE_FINAL_SOURCE_PACK_v1.2/03_BUSINESS_RULES/W4-02A.6.10_BUSINESS_RULES_BASELINE_TRACEABILITY_FULL_CONSOLIDATED_v1.2_REAUDITED.docx; RUMAHAGEN_WIREFRAME_CORE_FINAL_SOURCE_PACK_v1.2/04_ARCHITECTURE/W4-02A.6.5_SYSTEM_ARCHITECTURE_FULL_CONSOLIDATED_v1.8.docx; RUMAHAGEN_WIREFRAME_CORE_FINAL_SOURCE_PACK_v1.2/05_TECHNICAL_DECISIONS/W4-02A.6.6_TECHNICAL_DECISIONS_FULL_CONSOLIDATED_v1.6.docx; RUMAHAGEN_WIREFRAME_CORE_FINAL_SOURCE_PACK_v1.2/06_DEPENDENCY_MANIFEST/W4-02A.6.7_DEPENDENCY_MANIFEST_FULL_CONSOLIDATED_v1.9.docx; RUMAHAGEN_WIREFRAME_CORE_FINAL_SOURCE_PACK_v1.2/09_ERD/W4-02A.6.13_ERD_CURRENT_LOGICAL_DATA_MODEL_FULL_CONSOLIDATED_v2.1.docx; RUMAHAGEN_WIREFRAME_CORE_FINAL_SOURCE_PACK_v1.2/10_DATABASE_DICTIONARY/W4-02A.6.14_DATABASE_DICTIONARY_CURRENT_LOGICAL_TO_PHYSICAL_DATA_MEANING_FULL_CONSOLIDATED_v2.2.docx; RUMAHAGEN_WIREFRAME_CORE_FINAL_SOURCE_PACK_v1.2/11_DATABASE_SCHEMA/RUMAHAGEN_FULL_DATABASE_SCHEMA_SOURCE_ONLY_PACKAGE_v1.0.zip; RUMAHAGEN_WIREFRAME_CORE_FINAL_SOURCE_PACK_v1.2/11_DATABASE_SCHEMA/RUMAHAGEN_FULL_DATABASE_SCHEMA_SOURCE_ONLY_PACKAGE_v1.0_EXTRACTED/RUMAHAGEN_FULL_DATABASE_SCHEMA_SOURCE_ONLY_v1.0.md; RUMAHAGEN_WIREFRAME_CORE_FINAL_SOURCE_PACK_v1.2/11_DATABASE_SCHEMA/RUMAHAGEN_FULL_DATABASE_SCHEMA_SOURCE_ONLY_PACKAGE_v1.0_EXTRACTED/RUMAHAGEN_FULL_DATABASE_SCHEMA_SOURCE_ONLY_v1.0.sql; RUMAHAGEN_WIREFRAME_CORE_FINAL_SOURCE_PACK_v1.2/11_DATABASE_SCHEMA/W4-01E_FINAL_BUILD_FROM_ZERO_SCHEMA_PACKAGE_v2.6.zip; RUMAHAGEN_WIREFRAME_CORE_FINAL_SOURCE_PACK_v1.2/11_DATABASE_SCHEMA/W4-01E_FINAL_BUILD_FROM_ZERO_SCHEMA_PACKAGE_v2.6_EXTRACTED/RUMAHAGEN_W4-01E_FINAL_CANONICAL_BUILD_FROM_ZERO_DATABASE_SCHEMA_v2.6.sql; RUMAHAGEN_WIREFRAME_CORE_FINAL_SOURCE_PACK_v1.2/11_DATABASE_SCHEMA/W4-01E_FINAL_BUILD_FROM_ZERO_SCHEMA_PACKAGE_v2.6_EXTRACTED/RUMAHAGEN_W4-01E_FINAL_CANONICAL_TABLE_REGISTER_v2.6.csv,STEP07 v1.1 preserved finding M14-CI-010; Core artifact 07_PRD/W4-02A.6.11_PRD_CURRENT_PRODUCT_REQUIREMENTS_FULL_CONSOLIDATED_v2.1.docx; Mxx authority RUMAHAGEN_WF03_M14_FULL_REBUILD_v2.2_CORE_DETAIL_PARITY_FULL_VERSION/RUMAHAGEN_WF03_M14_FULL_REBUILD_v2.2_CORE_DETAIL_PARITY_FULL_VERSION.md,M01-M15 authoritative semantic delta; not a whole-artifact replacement.
M14-CI-011,MXX_RULE_EXTENSION_OR_AMENDMENT,M14,Trusted payment verification,STEP07 v1.1 preserved finding M14-CI-011; Core artifact 07_PRD/W4-02A.6.11_PRD_CURRENT_PRODUCT_REQUIREMENTS_FULL_CONSOLIDATED_v2.1.docx; Mxx authority RUMAHAGEN_WF03_M14_FULL_REBUILD_v2.2_CORE_DETAIL_PARITY_FULL_VERSION/RUMAHAGEN_WF03_M14_FULL_REBUILD_v2.2_CORE_DETAIL_PARITY_FULL_VERSION.md,RUMAHAGEN_WIREFRAME_CORE_FINAL_SOURCE_PACK_v1.2/03_BUSINESS_RULES/W4-02A.6.10_BUSINESS_RULES_BASELINE_TRACEABILITY_FULL_CONSOLIDATED_v1.2_REAUDITED.docx; RUMAHAGEN_WIREFRAME_CORE_FINAL_SOURCE_PACK_v1.2/04_ARCHITECTURE/W4-02A.6.5_SYSTEM_ARCHITECTURE_FULL_CONSOLIDATED_v1.8.docx; RUMAHAGEN_WIREFRAME_CORE_FINAL_SOURCE_PACK_v1.2/05_TECHNICAL_DECISIONS/W4-02A.6.6_TECHNICAL_DECISIONS_FULL_CONSOLIDATED_v1.6.docx; RUMAHAGEN_WIREFRAME_CORE_FINAL_SOURCE_PACK_v1.2/06_DEPENDENCY_MANIFEST/W4-02A.6.7_DEPENDENCY_MANIFEST_FULL_CONSOLIDATED_v1.9.docx; RUMAHAGEN_WIREFRAME_CORE_FINAL_SOURCE_PACK_v1.2/09_ERD/W4-02A.6.13_ERD_CURRENT_LOGICAL_DATA_MODEL_FULL_CONSOLIDATED_v2.1.docx; RUMAHAGEN_WIREFRAME_CORE_FINAL_SOURCE_PACK_v1.2/10_DATABASE_DICTIONARY/W4-02A.6.14_DATABASE_DICTIONARY_CURRENT_LOGICAL_TO_PHYSICAL_DATA_MEANING_FULL_CONSOLIDATED_v2.2.docx; RUMAHAGEN_WIREFRAME_CORE_FINAL_SOURCE_PACK_v1.2/11_DATABASE_SCHEMA/RUMAHAGEN_FULL_DATABASE_SCHEMA_SOURCE_ONLY_PACKAGE_v1.0.zip; RUMAHAGEN_WIREFRAME_CORE_FINAL_SOURCE_PACK_v1.2/11_DATABASE_SCHEMA/RUMAHAGEN_FULL_DATABASE_SCHEMA_SOURCE_ONLY_PACKAGE_v1.0_EXTRACTED/RUMAHAGEN_FULL_DATABASE_SCHEMA_SOURCE_ONLY_v1.0.md; RUMAHAGEN_WIREFRAME_CORE_FINAL_SOURCE_PACK_v1.2/11_DATABASE_SCHEMA/RUMAHAGEN_FULL_DATABASE_SCHEMA_SOURCE_ONLY_PACKAGE_v1.0_EXTRACTED/RUMAHAGEN_FULL_DATABASE_SCHEMA_SOURCE_ONLY_v1.0.sql; RUMAHAGEN_WIREFRAME_CORE_FINAL_SOURCE_PACK_v1.2/11_DATABASE_SCHEMA/W4-01E_FINAL_BUILD_FROM_ZERO_SCHEMA_PACKAGE_v2.6.zip; RUMAHAGEN_WIREFRAME_CORE_FINAL_SOURCE_PACK_v1.2/11_DATABASE_SCHEMA/W4-01E_FINAL_BUILD_FROM_ZERO_SCHEMA_PACKAGE_v2.6_EXTRACTED/RUMAHAGEN_W4-01E_FINAL_CANONICAL_BUILD_FROM_ZERO_DATABASE_SCHEMA_v2.6.sql; RUMAHAGEN_WIREFRAME_CORE_FINAL_SOURCE_PACK_v1.2/11_DATABASE_SCHEMA/W4-01E_FINAL_BUILD_FROM_ZERO_SCHEMA_PACKAGE_v2.6_EXTRACTED/RUMAHAGEN_W4-01E_FINAL_CANONICAL_TABLE_REGISTER_v2.6.csv,STEP07 v1.1 preserved finding M14-CI-011; Core artifact 07_PRD/W4-02A.6.11_PRD_CURRENT_PRODUCT_REQUIREMENTS_FULL_CONSOLIDATED_v2.1.docx; Mxx authority RUMAHAGEN_WF03_M14_FULL_REBUILD_v2.2_CORE_DETAIL_PARITY_FULL_VERSION/RUMAHAGEN_WF03_M14_FULL_REBUILD_v2.2_CORE_DETAIL_PARITY_FULL_VERSION.md,M01-M15 authoritative semantic delta; not a whole-artifact replacement.
M14-CI-012,MXX_RULE_EXTENSION_OR_AMENDMENT,M14,Idempotent fulfillment,STEP07 v1.1 preserved finding M14-CI-012; Core artifact 07_PRD/W4-02A.6.11_PRD_CURRENT_PRODUCT_REQUIREMENTS_FULL_CONSOLIDATED_v2.1.docx; Mxx authority RUMAHAGEN_WF03_M14_FULL_REBUILD_v2.2_CORE_DETAIL_PARITY_FULL_VERSION/RUMAHAGEN_WF03_M14_FULL_REBUILD_v2.2_CORE_DETAIL_PARITY_FULL_VERSION.md,RUMAHAGEN_WIREFRAME_CORE_FINAL_SOURCE_PACK_v1.2/03_BUSINESS_RULES/W4-02A.6.10_BUSINESS_RULES_BASELINE_TRACEABILITY_FULL_CONSOLIDATED_v1.2_REAUDITED.docx; RUMAHAGEN_WIREFRAME_CORE_FINAL_SOURCE_PACK_v1.2/04_ARCHITECTURE/W4-02A.6.5_SYSTEM_ARCHITECTURE_FULL_CONSOLIDATED_v1.8.docx; RUMAHAGEN_WIREFRAME_CORE_FINAL_SOURCE_PACK_v1.2/05_TECHNICAL_DECISIONS/W4-02A.6.6_TECHNICAL_DECISIONS_FULL_CONSOLIDATED_v1.6.docx; RUMAHAGEN_WIREFRAME_CORE_FINAL_SOURCE_PACK_v1.2/06_DEPENDENCY_MANIFEST/W4-02A.6.7_DEPENDENCY_MANIFEST_FULL_CONSOLIDATED_v1.9.docx; RUMAHAGEN_WIREFRAME_CORE_FINAL_SOURCE_PACK_v1.2/09_ERD/W4-02A.6.13_ERD_CURRENT_LOGICAL_DATA_MODEL_FULL_CONSOLIDATED_v2.1.docx; RUMAHAGEN_WIREFRAME_CORE_FINAL_SOURCE_PACK_v1.2/10_DATABASE_DICTIONARY/W4-02A.6.14_DATABASE_DICTIONARY_CURRENT_LOGICAL_TO_PHYSICAL_DATA_MEANING_FULL_CONSOLIDATED_v2.2.docx; RUMAHAGEN_WIREFRAME_CORE_FINAL_SOURCE_PACK_v1.2/11_DATABASE_SCHEMA/RUMAHAGEN_FULL_DATABASE_SCHEMA_SOURCE_ONLY_PACKAGE_v1.0.zip; RUMAHAGEN_WIREFRAME_CORE_FINAL_SOURCE_PACK_v1.2/11_DATABASE_SCHEMA/RUMAHAGEN_FULL_DATABASE_SCHEMA_SOURCE_ONLY_PACKAGE_v1.0_EXTRACTED/RUMAHAGEN_FULL_DATABASE_SCHEMA_SOURCE_ONLY_v1.0.md; RUMAHAGEN_WIREFRAME_CORE_FINAL_SOURCE_PACK_v1.2/11_DATABASE_SCHEMA/RUMAHAGEN_FULL_DATABASE_SCHEMA_SOURCE_ONLY_PACKAGE_v1.0_EXTRACTED/RUMAHAGEN_FULL_DATABASE_SCHEMA_SOURCE_ONLY_v1.0.sql; RUMAHAGEN_WIREFRAME_CORE_FINAL_SOURCE_PACK_v1.2/11_DATABASE_SCHEMA/W4-01E_FINAL_BUILD_FROM_ZERO_SCHEMA_PACKAGE_v2.6.zip; RUMAHAGEN_WIREFRAME_CORE_FINAL_SOURCE_PACK_v1.2/11_DATABASE_SCHEMA/W4-01E_FINAL_BUILD_FROM_ZERO_SCHEMA_PACKAGE_v2.6_EXTRACTED/RUMAHAGEN_W4-01E_FINAL_CANONICAL_BUILD_FROM_ZERO_DATABASE_SCHEMA_v2.6.sql; RUMAHAGEN_WIREFRAME_CORE_FINAL_SOURCE_PACK_v1.2/11_DATABASE_SCHEMA/W4-01E_FINAL_BUILD_FROM_ZERO_SCHEMA_PACKAGE_v2.6_EXTRACTED/RUMAHAGEN_W4-01E_FINAL_CANONICAL_TABLE_REGISTER_v2.6.csv,STEP07 v1.1 preserved finding M14-CI-012; Core artifact 07_PRD/W4-02A.6.11_PRD_CURRENT_PRODUCT_REQUIREMENTS_FULL_CONSOLIDATED_v2.1.docx; Mxx authority RUMAHAGEN_WF03_M14_FULL_REBUILD_v2.2_CORE_DETAIL_PARITY_FULL_VERSION/RUMAHAGEN_WF03_M14_FULL_REBUILD_v2.2_CORE_DETAIL_PARITY_FULL_VERSION.md,M01-M15 authoritative semantic delta; not a whole-artifact replacement.
M14-CI-013,MXX_RULE_EXTENSION_OR_AMENDMENT,M14,Entitlement lifecycle,STEP07 v1.1 preserved finding M14-CI-013; Core artifact 07_PRD/W4-02A.6.11_PRD_CURRENT_PRODUCT_REQUIREMENTS_FULL_CONSOLIDATED_v2.1.docx; Mxx authority RUMAHAGEN_WF03_M14_FULL_REBUILD_v2.2_CORE_DETAIL_PARITY_FULL_VERSION/RUMAHAGEN_WF03_M14_FULL_REBUILD_v2.2_CORE_DETAIL_PARITY_FULL_VERSION.md,RUMAHAGEN_WIREFRAME_CORE_FINAL_SOURCE_PACK_v1.2/03_BUSINESS_RULES/W4-02A.6.10_BUSINESS_RULES_BASELINE_TRACEABILITY_FULL_CONSOLIDATED_v1.2_REAUDITED.docx; RUMAHAGEN_WIREFRAME_CORE_FINAL_SOURCE_PACK_v1.2/13_RBAC_RLS/W4-02A.6.17_RBAC_PERMISSION_RLS_CURRENT_AUTHORIZATION_BASELINE_FULL_CONSOLIDATED_v2.1.docx; RUMAHAGEN_WIREFRAME_CORE_FINAL_SOURCE_PACK_v1.2/04_ARCHITECTURE/W4-02A.6.5_SYSTEM_ARCHITECTURE_FULL_CONSOLIDATED_v1.8.docx; RUMAHAGEN_WIREFRAME_CORE_FINAL_SOURCE_PACK_v1.2/05_TECHNICAL_DECISIONS/W4-02A.6.6_TECHNICAL_DECISIONS_FULL_CONSOLIDATED_v1.6.docx; RUMAHAGEN_WIREFRAME_CORE_FINAL_SOURCE_PACK_v1.2/06_DEPENDENCY_MANIFEST/W4-02A.6.7_DEPENDENCY_MANIFEST_FULL_CONSOLIDATED_v1.9.docx; RUMAHAGEN_WIREFRAME_CORE_FINAL_SOURCE_PACK_v1.2/09_ERD/W4-02A.6.13_ERD_CURRENT_LOGICAL_DATA_MODEL_FULL_CONSOLIDATED_v2.1.docx; RUMAHAGEN_WIREFRAME_CORE_FINAL_SOURCE_PACK_v1.2/10_DATABASE_DICTIONARY/W4-02A.6.14_DATABASE_DICTIONARY_CURRENT_LOGICAL_TO_PHYSICAL_DATA_MEANING_FULL_CONSOLIDATED_v2.2.docx; RUMAHAGEN_WIREFRAME_CORE_FINAL_SOURCE_PACK_v1.2/11_DATABASE_SCHEMA/RUMAHAGEN_FULL_DATABASE_SCHEMA_SOURCE_ONLY_PACKAGE_v1.0.zip; RUMAHAGEN_WIREFRAME_CORE_FINAL_SOURCE_PACK_v1.2/11_DATABASE_SCHEMA/RUMAHAGEN_FULL_DATABASE_SCHEMA_SOURCE_ONLY_PACKAGE_v1.0_EXTRACTED/RUMAHAGEN_FULL_DATABASE_SCHEMA_SOURCE_ONLY_v1.0.md; RUMAHAGEN_WIREFRAME_CORE_FINAL_SOURCE_PACK_v1.2/11_DATABASE_SCHEMA/RUMAHAGEN_FULL_DATABASE_SCHEMA_SOURCE_ONLY_PACKAGE_v1.0_EXTRACTED/RUMAHAGEN_FULL_DATABASE_SCHEMA_SOURCE_ONLY_v1.0.sql; RUMAHAGEN_WIREFRAME_CORE_FINAL_SOURCE_PACK_v1.2/11_DATABASE_SCHEMA/W4-01E_FINAL_BUILD_FROM_ZERO_SCHEMA_PACKAGE_v2.6.zip; RUMAHAGEN_WIREFRAME_CORE_FINAL_SOURCE_PACK_v1.2/11_DATABASE_SCHEMA/W4-01E_FINAL_BUILD_FROM_ZERO_SCHEMA_PACKAGE_v2.6_EXTRACTED/RUMAHAGEN_W4-01E_FINAL_CANONICAL_BUILD_FROM_ZERO_DATABASE_SCHEMA_v2.6.sql,STEP07 v1.1 preserved finding M14-CI-013; Core artifact 07_PRD/W4-02A.6.11_PRD_CURRENT_PRODUCT_REQUIREMENTS_FULL_CONSOLIDATED_v2.1.docx; Mxx authority RUMAHAGEN_WF03_M14_FULL_REBUILD_v2.2_CORE_DETAIL_PARITY_FULL_VERSION/RUMAHAGEN_WF03_M14_FULL_REBUILD_v2.2_CORE_DETAIL_PARITY_FULL_VERSION.md,M01-M15 authoritative semantic delta; not a whole-artifact replacement.
M14-CI-014,MXX_RULE_EXTENSION_OR_AMENDMENT,M14,Quota Capacity,STEP07 v1.1 preserved finding M14-CI-014; Core artifact 07_PRD/W4-02A.6.11_PRD_CURRENT_PRODUCT_REQUIREMENTS_FULL_CONSOLIDATED_v2.1.docx; Mxx authority RUMAHAGEN_WF03_M14_FULL_REBUILD_v2.2_CORE_DETAIL_PARITY_FULL_VERSION/RUMAHAGEN_WF03_M14_FULL_REBUILD_v2.2_CORE_DETAIL_PARITY_FULL_VERSION.md,RUMAHAGEN_WIREFRAME_CORE_FINAL_SOURCE_PACK_v1.2/03_BUSINESS_RULES/W4-02A.6.10_BUSINESS_RULES_BASELINE_TRACEABILITY_FULL_CONSOLIDATED_v1.2_REAUDITED.docx; RUMAHAGEN_WIREFRAME_CORE_FINAL_SOURCE_PACK_v1.2/09_ERD/W4-02A.6.13_ERD_CURRENT_LOGICAL_DATA_MODEL_FULL_CONSOLIDATED_v2.1.docx; RUMAHAGEN_WIREFRAME_CORE_FINAL_SOURCE_PACK_v1.2/10_DATABASE_DICTIONARY/W4-02A.6.14_DATABASE_DICTIONARY_CURRENT_LOGICAL_TO_PHYSICAL_DATA_MEANING_FULL_CONSOLIDATED_v2.2.docx; RUMAHAGEN_WIREFRAME_CORE_FINAL_SOURCE_PACK_v1.2/11_DATABASE_SCHEMA/RUMAHAGEN_FULL_DATABASE_SCHEMA_SOURCE_ONLY_PACKAGE_v1.0.zip; RUMAHAGEN_WIREFRAME_CORE_FINAL_SOURCE_PACK_v1.2/11_DATABASE_SCHEMA/RUMAHAGEN_FULL_DATABASE_SCHEMA_SOURCE_ONLY_PACKAGE_v1.0_EXTRACTED/RUMAHAGEN_FULL_DATABASE_SCHEMA_SOURCE_ONLY_v1.0.md; RUMAHAGEN_WIREFRAME_CORE_FINAL_SOURCE_PACK_v1.2/11_DATABASE_SCHEMA/RUMAHAGEN_FULL_DATABASE_SCHEMA_SOURCE_ONLY_PACKAGE_v1.0_EXTRACTED/RUMAHAGEN_FULL_DATABASE_SCHEMA_SOURCE_ONLY_v1.0.sql; RUMAHAGEN_WIREFRAME_CORE_FINAL_SOURCE_PACK_v1.2/11_DATABASE_SCHEMA/W4-01E_FINAL_BUILD_FROM_ZERO_SCHEMA_PACKAGE_v2.6.zip; RUMAHAGEN_WIREFRAME_CORE_FINAL_SOURCE_PACK_v1.2/11_DATABASE_SCHEMA/W4-01E_FINAL_BUILD_FROM_ZERO_SCHEMA_PACKAGE_v2.6_EXTRACTED/RUMAHAGEN_W4-01E_FINAL_CANONICAL_BUILD_FROM_ZERO_DATABASE_SCHEMA_v2.6.sql; RUMAHAGEN_WIREFRAME_CORE_FINAL_SOURCE_PACK_v1.2/11_DATABASE_SCHEMA/W4-01E_FINAL_BUILD_FROM_ZERO_SCHEMA_PACKAGE_v2.6_EXTRACTED/RUMAHAGEN_W4-01E_FINAL_CANONICAL_TABLE_REGISTER_v2.6.csv; RUMAHAGEN_WIREFRAME_CORE_FINAL_SOURCE_PACK_v1.2/11_DATABASE_SCHEMA/W4-01E_FINAL_BUILD_FROM_ZERO_SCHEMA_PACKAGE_v2.6_EXTRACTED/RUMAHAGEN_W4-01E_FINAL_SCHEMA_CLOSURE_AND_FREEZE_v2.6.md; RUMAHAGEN_WIREFRAME_CORE_FINAL_SOURCE_PACK_v1.2/11_DATABASE_SCHEMA/W4-01E_FINAL_BUILD_FROM_ZERO_SCHEMA_PACKAGE_v2.6_EXTRACTED/RUMAHAGEN_W4-01E_GATE_CLOSURE_REGISTER_v2.6.csv; RUMAHAGEN_WIREFRAME_CORE_FINAL_SOURCE_PACK_v1.2/11_DATABASE_SCHEMA/W4-02A.6.15_DATABASE_SCHEMA_CURRENT_PHYSICAL_SCHEMA_REFERENCE_FULL_CONSOLIDATED_v2.7.docx,STEP07 v1.1 preserved finding M14-CI-014; Core artifact 07_PRD/W4-02A.6.11_PRD_CURRENT_PRODUCT_REQUIREMENTS_FULL_CONSOLIDATED_v2.1.docx; Mxx authority RUMAHAGEN_WF03_M14_FULL_REBUILD_v2.2_CORE_DETAIL_PARITY_FULL_VERSION/RUMAHAGEN_WF03_M14_FULL_REBUILD_v2.2_CORE_DETAIL_PARITY_FULL_VERSION.md,M01-M15 authoritative semantic delta; not a whole-artifact replacement.
M14-CI-015,MXX_RULE_EXTENSION_OR_AMENDMENT,M14,Operational Pool,STEP07 v1.1 preserved finding M14-CI-015; Core artifact 07_PRD/W4-02A.6.11_PRD_CURRENT_PRODUCT_REQUIREMENTS_FULL_CONSOLIDATED_v2.1.docx; Mxx authority RUMAHAGEN_WF03_M14_FULL_REBUILD_v2.2_CORE_DETAIL_PARITY_FULL_VERSION/RUMAHAGEN_WF03_M14_FULL_REBUILD_v2.2_CORE_DETAIL_PARITY_FULL_VERSION.md,RUMAHAGEN_WIREFRAME_CORE_FINAL_SOURCE_PACK_v1.2/03_BUSINESS_RULES/W4-02A.6.10_BUSINESS_RULES_BASELINE_TRACEABILITY_FULL_CONSOLIDATED_v1.2_REAUDITED.docx; RUMAHAGEN_WIREFRAME_CORE_FINAL_SOURCE_PACK_v1.2/04_ARCHITECTURE/W4-02A.6.5_SYSTEM_ARCHITECTURE_FULL_CONSOLIDATED_v1.8.docx; RUMAHAGEN_WIREFRAME_CORE_FINAL_SOURCE_PACK_v1.2/05_TECHNICAL_DECISIONS/W4-02A.6.6_TECHNICAL_DECISIONS_FULL_CONSOLIDATED_v1.6.docx; RUMAHAGEN_WIREFRAME_CORE_FINAL_SOURCE_PACK_v1.2/06_DEPENDENCY_MANIFEST/W4-02A.6.7_DEPENDENCY_MANIFEST_FULL_CONSOLIDATED_v1.9.docx; RUMAHAGEN_WIREFRAME_CORE_FINAL_SOURCE_PACK_v1.2/09_ERD/W4-02A.6.13_ERD_CURRENT_LOGICAL_DATA_MODEL_FULL_CONSOLIDATED_v2.1.docx; RUMAHAGEN_WIREFRAME_CORE_FINAL_SOURCE_PACK_v1.2/10_DATABASE_DICTIONARY/W4-02A.6.14_DATABASE_DICTIONARY_CURRENT_LOGICAL_TO_PHYSICAL_DATA_MEANING_FULL_CONSOLIDATED_v2.2.docx; RUMAHAGEN_WIREFRAME_CORE_FINAL_SOURCE_PACK_v1.2/11_DATABASE_SCHEMA/RUMAHAGEN_FULL_DATABASE_SCHEMA_SOURCE_ONLY_PACKAGE_v1.0.zip; RUMAHAGEN_WIREFRAME_CORE_FINAL_SOURCE_PACK_v1.2/11_DATABASE_SCHEMA/RUMAHAGEN_FULL_DATABASE_SCHEMA_SOURCE_ONLY_PACKAGE_v1.0_EXTRACTED/RUMAHAGEN_FULL_DATABASE_SCHEMA_SOURCE_ONLY_v1.0.md; RUMAHAGEN_WIREFRAME_CORE_FINAL_SOURCE_PACK_v1.2/11_DATABASE_SCHEMA/RUMAHAGEN_FULL_DATABASE_SCHEMA_SOURCE_ONLY_PACKAGE_v1.0_EXTRACTED/RUMAHAGEN_FULL_DATABASE_SCHEMA_SOURCE_ONLY_v1.0.sql; RUMAHAGEN_WIREFRAME_CORE_FINAL_SOURCE_PACK_v1.2/11_DATABASE_SCHEMA/W4-01E_FINAL_BUILD_FROM_ZERO_SCHEMA_PACKAGE_v2.6.zip; RUMAHAGEN_WIREFRAME_CORE_FINAL_SOURCE_PACK_v1.2/11_DATABASE_SCHEMA/W4-01E_FINAL_BUILD_FROM_ZERO_SCHEMA_PACKAGE_v2.6_EXTRACTED/RUMAHAGEN_W4-01E_FINAL_CANONICAL_BUILD_FROM_ZERO_DATABASE_SCHEMA_v2.6.sql; RUMAHAGEN_WIREFRAME_CORE_FINAL_SOURCE_PACK_v1.2/11_DATABASE_SCHEMA/W4-01E_FINAL_BUILD_FROM_ZERO_SCHEMA_PACKAGE_v2.6_EXTRACTED/RUMAHAGEN_W4-01E_FINAL_CANONICAL_TABLE_REGISTER_v2.6.csv,STEP07 v1.1 preserved finding M14-CI-015; Core artifact 07_PRD/W4-02A.6.11_PRD_CURRENT_PRODUCT_REQUIREMENTS_FULL_CONSOLIDATED_v2.1.docx; Mxx authority RUMAHAGEN_WF03_M14_FULL_REBUILD_v2.2_CORE_DETAIL_PARITY_FULL_VERSION/RUMAHAGEN_WF03_M14_FULL_REBUILD_v2.2_CORE_DETAIL_PARITY_FULL_VERSION.md,M01-M15 authoritative semantic delta; not a whole-artifact replacement.
M14-CI-016,MXX_RULE_EXTENSION_OR_AMENDMENT,M14,Allocation,STEP07 v1.1 preserved finding M14-CI-016; Core artifact 07_PRD/W4-02A.6.11_PRD_CURRENT_PRODUCT_REQUIREMENTS_FULL_CONSOLIDATED_v2.1.docx; Mxx authority RUMAHAGEN_WF03_M14_FULL_REBUILD_v2.2_CORE_DETAIL_PARITY_FULL_VERSION/RUMAHAGEN_WF03_M14_FULL_REBUILD_v2.2_CORE_DETAIL_PARITY_FULL_VERSION.md,RUMAHAGEN_WIREFRAME_CORE_FINAL_SOURCE_PACK_v1.2/03_BUSINESS_RULES/W4-02A.6.10_BUSINESS_RULES_BASELINE_TRACEABILITY_FULL_CONSOLIDATED_v1.2_REAUDITED.docx; RUMAHAGEN_WIREFRAME_CORE_FINAL_SOURCE_PACK_v1.2/04_ARCHITECTURE/W4-02A.6.5_SYSTEM_ARCHITECTURE_FULL_CONSOLIDATED_v1.8.docx; RUMAHAGEN_WIREFRAME_CORE_FINAL_SOURCE_PACK_v1.2/05_TECHNICAL_DECISIONS/W4-02A.6.6_TECHNICAL_DECISIONS_FULL_CONSOLIDATED_v1.6.docx; RUMAHAGEN_WIREFRAME_CORE_FINAL_SOURCE_PACK_v1.2/06_DEPENDENCY_MANIFEST/W4-02A.6.7_DEPENDENCY_MANIFEST_FULL_CONSOLIDATED_v1.9.docx; RUMAHAGEN_WIREFRAME_CORE_FINAL_SOURCE_PACK_v1.2/09_ERD/W4-02A.6.13_ERD_CURRENT_LOGICAL_DATA_MODEL_FULL_CONSOLIDATED_v2.1.docx; RUMAHAGEN_WIREFRAME_CORE_FINAL_SOURCE_PACK_v1.2/10_DATABASE_DICTIONARY/W4-02A.6.14_DATABASE_DICTIONARY_CURRENT_LOGICAL_TO_PHYSICAL_DATA_MEANING_FULL_CONSOLIDATED_v2.2.docx; RUMAHAGEN_WIREFRAME_CORE_FINAL_SOURCE_PACK_v1.2/11_DATABASE_SCHEMA/RUMAHAGEN_FULL_DATABASE_SCHEMA_SOURCE_ONLY_PACKAGE_v1.0.zip; RUMAHAGEN_WIREFRAME_CORE_FINAL_SOURCE_PACK_v1.2/11_DATABASE_SCHEMA/RUMAHAGEN_FULL_DATABASE_SCHEMA_SOURCE_ONLY_PACKAGE_v1.0_EXTRACTED/RUMAHAGEN_FULL_DATABASE_SCHEMA_SOURCE_ONLY_v1.0.md; RUMAHAGEN_WIREFRAME_CORE_FINAL_SOURCE_PACK_v1.2/11_DATABASE_SCHEMA/RUMAHAGEN_FULL_DATABASE_SCHEMA_SOURCE_ONLY_PACKAGE_v1.0_EXTRACTED/RUMAHAGEN_FULL_DATABASE_SCHEMA_SOURCE_ONLY_v1.0.sql; RUMAHAGEN_WIREFRAME_CORE_FINAL_SOURCE_PACK_v1.2/11_DATABASE_SCHEMA/W4-01E_FINAL_BUILD_FROM_ZERO_SCHEMA_PACKAGE_v2.6.zip; RUMAHAGEN_WIREFRAME_CORE_FINAL_SOURCE_PACK_v1.2/11_DATABASE_SCHEMA/W4-01E_FINAL_BUILD_FROM_ZERO_SCHEMA_PACKAGE_v2.6_EXTRACTED/RUMAHAGEN_W4-01E_FINAL_CANONICAL_BUILD_FROM_ZERO_DATABASE_SCHEMA_v2.6.sql; RUMAHAGEN_WIREFRAME_CORE_FINAL_SOURCE_PACK_v1.2/11_DATABASE_SCHEMA/W4-01E_FINAL_BUILD_FROM_ZERO_SCHEMA_PACKAGE_v2.6_EXTRACTED/RUMAHAGEN_W4-01E_FINAL_CANONICAL_TABLE_REGISTER_v2.6.csv,STEP07 v1.1 preserved finding M14-CI-016; Core artifact 07_PRD/W4-02A.6.11_PRD_CURRENT_PRODUCT_REQUIREMENTS_FULL_CONSOLIDATED_v2.1.docx; Mxx authority RUMAHAGEN_WF03_M14_FULL_REBUILD_v2.2_CORE_DETAIL_PARITY_FULL_VERSION/RUMAHAGEN_WF03_M14_FULL_REBUILD_v2.2_CORE_DETAIL_PARITY_FULL_VERSION.md,M01-M15 authoritative semantic delta; not a whole-artifact replacement.
M14-CI-017,MXX_RULE_EXTENSION_OR_AMENDMENT,M14,Usage,STEP07 v1.1 preserved finding M14-CI-017; Core artifact 07_PRD/W4-02A.6.11_PRD_CURRENT_PRODUCT_REQUIREMENTS_FULL_CONSOLIDATED_v2.1.docx; Mxx authority RUMAHAGEN_WF03_M14_FULL_REBUILD_v2.2_CORE_DETAIL_PARITY_FULL_VERSION/RUMAHAGEN_WF03_M14_FULL_REBUILD_v2.2_CORE_DETAIL_PARITY_FULL_VERSION.md,RUMAHAGEN_WIREFRAME_CORE_FINAL_SOURCE_PACK_v1.2/03_BUSINESS_RULES/W4-02A.6.10_BUSINESS_RULES_BASELINE_TRACEABILITY_FULL_CONSOLIDATED_v1.2_REAUDITED.docx; RUMAHAGEN_WIREFRAME_CORE_FINAL_SOURCE_PACK_v1.2/04_ARCHITECTURE/W4-02A.6.5_SYSTEM_ARCHITECTURE_FULL_CONSOLIDATED_v1.8.docx; RUMAHAGEN_WIREFRAME_CORE_FINAL_SOURCE_PACK_v1.2/05_TECHNICAL_DECISIONS/W4-02A.6.6_TECHNICAL_DECISIONS_FULL_CONSOLIDATED_v1.6.docx; RUMAHAGEN_WIREFRAME_CORE_FINAL_SOURCE_PACK_v1.2/06_DEPENDENCY_MANIFEST/W4-02A.6.7_DEPENDENCY_MANIFEST_FULL_CONSOLIDATED_v1.9.docx; RUMAHAGEN_WIREFRAME_CORE_FINAL_SOURCE_PACK_v1.2/09_ERD/W4-02A.6.13_ERD_CURRENT_LOGICAL_DATA_MODEL_FULL_CONSOLIDATED_v2.1.docx; RUMAHAGEN_WIREFRAME_CORE_FINAL_SOURCE_PACK_v1.2/10_DATABASE_DICTIONARY/W4-02A.6.14_DATABASE_DICTIONARY_CURRENT_LOGICAL_TO_PHYSICAL_DATA_MEANING_FULL_CONSOLIDATED_v2.2.docx; RUMAHAGEN_WIREFRAME_CORE_FINAL_SOURCE_PACK_v1.2/11_DATABASE_SCHEMA/RUMAHAGEN_FULL_DATABASE_SCHEMA_SOURCE_ONLY_PACKAGE_v1.0.zip; RUMAHAGEN_WIREFRAME_CORE_FINAL_SOURCE_PACK_v1.2/11_DATABASE_SCHEMA/RUMAHAGEN_FULL_DATABASE_SCHEMA_SOURCE_ONLY_PACKAGE_v1.0_EXTRACTED/RUMAHAGEN_FULL_DATABASE_SCHEMA_SOURCE_ONLY_v1.0.md; RUMAHAGEN_WIREFRAME_CORE_FINAL_SOURCE_PACK_v1.2/11_DATABASE_SCHEMA/RUMAHAGEN_FULL_DATABASE_SCHEMA_SOURCE_ONLY_PACKAGE_v1.0_EXTRACTED/RUMAHAGEN_FULL_DATABASE_SCHEMA_SOURCE_ONLY_v1.0.sql; RUMAHAGEN_WIREFRAME_CORE_FINAL_SOURCE_PACK_v1.2/11_DATABASE_SCHEMA/W4-01E_FINAL_BUILD_FROM_ZERO_SCHEMA_PACKAGE_v2.6.zip; RUMAHAGEN_WIREFRAME_CORE_FINAL_SOURCE_PACK_v1.2/11_DATABASE_SCHEMA/W4-01E_FINAL_BUILD_FROM_ZERO_SCHEMA_PACKAGE_v2.6_EXTRACTED/RUMAHAGEN_W4-01E_FINAL_CANONICAL_BUILD_FROM_ZERO_DATABASE_SCHEMA_v2.6.sql; RUMAHAGEN_WIREFRAME_CORE_FINAL_SOURCE_PACK_v1.2/11_DATABASE_SCHEMA/W4-01E_FINAL_BUILD_FROM_ZERO_SCHEMA_PACKAGE_v2.6_EXTRACTED/RUMAHAGEN_W4-01E_FINAL_CANONICAL_TABLE_REGISTER_v2.6.csv,STEP07 v1.1 preserved finding M14-CI-017; Core artifact 07_PRD/W4-02A.6.11_PRD_CURRENT_PRODUCT_REQUIREMENTS_FULL_CONSOLIDATED_v2.1.docx; Mxx authority RUMAHAGEN_WF03_M14_FULL_REBUILD_v2.2_CORE_DETAIL_PARITY_FULL_VERSION/RUMAHAGEN_WF03_M14_FULL_REBUILD_v2.2_CORE_DETAIL_PARITY_FULL_VERSION.md,M01-M15 authoritative semantic delta; not a whole-artifact replacement.
M14-CI-018,MXX_RULE_EXTENSION_OR_AMENDMENT,M14,Refund / chargeback,STEP07 v1.1 preserved finding M14-CI-018; Core artifact 07_PRD/W4-02A.6.11_PRD_CURRENT_PRODUCT_REQUIREMENTS_FULL_CONSOLIDATED_v2.1.docx; Mxx authority RUMAHAGEN_WF03_M14_FULL_REBUILD_v2.2_CORE_DETAIL_PARITY_FULL_VERSION/RUMAHAGEN_WF03_M14_FULL_REBUILD_v2.2_CORE_DETAIL_PARITY_FULL_VERSION.md,RUMAHAGEN_WIREFRAME_CORE_FINAL_SOURCE_PACK_v1.2/03_BUSINESS_RULES/W4-02A.6.10_BUSINESS_RULES_BASELINE_TRACEABILITY_FULL_CONSOLIDATED_v1.2_REAUDITED.docx; RUMAHAGEN_WIREFRAME_CORE_FINAL_SOURCE_PACK_v1.2/04_ARCHITECTURE/W4-02A.6.5_SYSTEM_ARCHITECTURE_FULL_CONSOLIDATED_v1.8.docx; RUMAHAGEN_WIREFRAME_CORE_FINAL_SOURCE_PACK_v1.2/05_TECHNICAL_DECISIONS/W4-02A.6.6_TECHNICAL_DECISIONS_FULL_CONSOLIDATED_v1.6.docx; RUMAHAGEN_WIREFRAME_CORE_FINAL_SOURCE_PACK_v1.2/06_DEPENDENCY_MANIFEST/W4-02A.6.7_DEPENDENCY_MANIFEST_FULL_CONSOLIDATED_v1.9.docx; RUMAHAGEN_WIREFRAME_CORE_FINAL_SOURCE_PACK_v1.2/09_ERD/W4-02A.6.13_ERD_CURRENT_LOGICAL_DATA_MODEL_FULL_CONSOLIDATED_v2.1.docx; RUMAHAGEN_WIREFRAME_CORE_FINAL_SOURCE_PACK_v1.2/10_DATABASE_DICTIONARY/W4-02A.6.14_DATABASE_DICTIONARY_CURRENT_LOGICAL_TO_PHYSICAL_DATA_MEANING_FULL_CONSOLIDATED_v2.2.docx; RUMAHAGEN_WIREFRAME_CORE_FINAL_SOURCE_PACK_v1.2/11_DATABASE_SCHEMA/RUMAHAGEN_FULL_DATABASE_SCHEMA_SOURCE_ONLY_PACKAGE_v1.0.zip; RUMAHAGEN_WIREFRAME_CORE_FINAL_SOURCE_PACK_v1.2/11_DATABASE_SCHEMA/RUMAHAGEN_FULL_DATABASE_SCHEMA_SOURCE_ONLY_PACKAGE_v1.0_EXTRACTED/RUMAHAGEN_FULL_DATABASE_SCHEMA_SOURCE_ONLY_v1.0.md; RUMAHAGEN_WIREFRAME_CORE_FINAL_SOURCE_PACK_v1.2/11_DATABASE_SCHEMA/RUMAHAGEN_FULL_DATABASE_SCHEMA_SOURCE_ONLY_PACKAGE_v1.0_EXTRACTED/RUMAHAGEN_FULL_DATABASE_SCHEMA_SOURCE_ONLY_v1.0.sql; RUMAHAGEN_WIREFRAME_CORE_FINAL_SOURCE_PACK_v1.2/11_DATABASE_SCHEMA/W4-01E_FINAL_BUILD_FROM_ZERO_SCHEMA_PACKAGE_v2.6.zip; RUMAHAGEN_WIREFRAME_CORE_FINAL_SOURCE_PACK_v1.2/11_DATABASE_SCHEMA/W4-01E_FINAL_BUILD_FROM_ZERO_SCHEMA_PACKAGE_v2.6_EXTRACTED/RUMAHAGEN_W4-01E_FINAL_CANONICAL_BUILD_FROM_ZERO_DATABASE_SCHEMA_v2.6.sql; RUMAHAGEN_WIREFRAME_CORE_FINAL_SOURCE_PACK_v1.2/11_DATABASE_SCHEMA/W4-01E_FINAL_BUILD_FROM_ZERO_SCHEMA_PACKAGE_v2.6_EXTRACTED/RUMAHAGEN_W4-01E_FINAL_CANONICAL_TABLE_REGISTER_v2.6.csv,STEP07 v1.1 preserved finding M14-CI-018; Core artifact 07_PRD/W4-02A.6.11_PRD_CURRENT_PRODUCT_REQUIREMENTS_FULL_CONSOLIDATED_v2.1.docx; Mxx authority RUMAHAGEN_WF03_M14_FULL_REBUILD_v2.2_CORE_DETAIL_PARITY_FULL_VERSION/RUMAHAGEN_WF03_M14_FULL_REBUILD_v2.2_CORE_DETAIL_PARITY_FULL_VERSION.md,M01-M15 authoritative semantic delta; not a whole-artifact replacement.
M14-CI-019,MXX_RULE_EXTENSION_OR_AMENDMENT,M14,Reconciliation,STEP07 v1.1 preserved finding M14-CI-019; Core artifact 07_PRD/W4-02A.6.11_PRD_CURRENT_PRODUCT_REQUIREMENTS_FULL_CONSOLIDATED_v2.1.docx; Mxx authority RUMAHAGEN_WF03_M14_FULL_REBUILD_v2.2_CORE_DETAIL_PARITY_FULL_VERSION/RUMAHAGEN_WF03_M14_FULL_REBUILD_v2.2_CORE_DETAIL_PARITY_FULL_VERSION.md,RUMAHAGEN_WIREFRAME_CORE_FINAL_SOURCE_PACK_v1.2/03_BUSINESS_RULES/W4-02A.6.10_BUSINESS_RULES_BASELINE_TRACEABILITY_FULL_CONSOLIDATED_v1.2_REAUDITED.docx; RUMAHAGEN_WIREFRAME_CORE_FINAL_SOURCE_PACK_v1.2/04_ARCHITECTURE/W4-02A.6.5_SYSTEM_ARCHITECTURE_FULL_CONSOLIDATED_v1.8.docx; RUMAHAGEN_WIREFRAME_CORE_FINAL_SOURCE_PACK_v1.2/05_TECHNICAL_DECISIONS/W4-02A.6.6_TECHNICAL_DECISIONS_FULL_CONSOLIDATED_v1.6.docx; RUMAHAGEN_WIREFRAME_CORE_FINAL_SOURCE_PACK_v1.2/06_DEPENDENCY_MANIFEST/W4-02A.6.7_DEPENDENCY_MANIFEST_FULL_CONSOLIDATED_v1.9.docx; RUMAHAGEN_WIREFRAME_CORE_FINAL_SOURCE_PACK_v1.2/09_ERD/W4-02A.6.13_ERD_CURRENT_LOGICAL_DATA_MODEL_FULL_CONSOLIDATED_v2.1.docx; RUMAHAGEN_WIREFRAME_CORE_FINAL_SOURCE_PACK_v1.2/10_DATABASE_DICTIONARY/W4-02A.6.14_DATABASE_DICTIONARY_CURRENT_LOGICAL_TO_PHYSICAL_DATA_MEANING_FULL_CONSOLIDATED_v2.2.docx; RUMAHAGEN_WIREFRAME_CORE_FINAL_SOURCE_PACK_v1.2/11_DATABASE_SCHEMA/RUMAHAGEN_FULL_DATABASE_SCHEMA_SOURCE_ONLY_PACKAGE_v1.0.zip; RUMAHAGEN_WIREFRAME_CORE_FINAL_SOURCE_PACK_v1.2/11_DATABASE_SCHEMA/RUMAHAGEN_FULL_DATABASE_SCHEMA_SOURCE_ONLY_PACKAGE_v1.0_EXTRACTED/RUMAHAGEN_FULL_DATABASE_SCHEMA_SOURCE_ONLY_v1.0.md; RUMAHAGEN_WIREFRAME_CORE_FINAL_SOURCE_PACK_v1.2/11_DATABASE_SCHEMA/RUMAHAGEN_FULL_DATABASE_SCHEMA_SOURCE_ONLY_PACKAGE_v1.0_EXTRACTED/RUMAHAGEN_FULL_DATABASE_SCHEMA_SOURCE_ONLY_v1.0.sql; RUMAHAGEN_WIREFRAME_CORE_FINAL_SOURCE_PACK_v1.2/11_DATABASE_SCHEMA/W4-01E_FINAL_BUILD_FROM_ZERO_SCHEMA_PACKAGE_v2.6.zip; RUMAHAGEN_WIREFRAME_CORE_FINAL_SOURCE_PACK_v1.2/11_DATABASE_SCHEMA/W4-01E_FINAL_BUILD_FROM_ZERO_SCHEMA_PACKAGE_v2.6_EXTRACTED/RUMAHAGEN_W4-01E_FINAL_CANONICAL_BUILD_FROM_ZERO_DATABASE_SCHEMA_v2.6.sql; RUMAHAGEN_WIREFRAME_CORE_FINAL_SOURCE_PACK_v1.2/11_DATABASE_SCHEMA/W4-01E_FINAL_BUILD_FROM_ZERO_SCHEMA_PACKAGE_v2.6_EXTRACTED/RUMAHAGEN_W4-01E_FINAL_CANONICAL_TABLE_REGISTER_v2.6.csv,STEP07 v1.1 preserved finding M14-CI-019; Core artifact 07_PRD/W4-02A.6.11_PRD_CURRENT_PRODUCT_REQUIREMENTS_FULL_CONSOLIDATED_v2.1.docx; Mxx authority RUMAHAGEN_WF03_M14_FULL_REBUILD_v2.2_CORE_DETAIL_PARITY_FULL_VERSION/RUMAHAGEN_WF03_M14_FULL_REBUILD_v2.2_CORE_DETAIL_PARITY_FULL_VERSION.md,M01-M15 authoritative semantic delta; not a whole-artifact replacement.
M14-CI-020,MXX_RULE_EXTENSION_OR_AMENDMENT,M14,Refresh Allowance,STEP07 v1.1 preserved finding M14-CI-020; Core artifact 07_PRD/W4-02A.6.11_PRD_CURRENT_PRODUCT_REQUIREMENTS_FULL_CONSOLIDATED_v2.1.docx; Mxx authority RUMAHAGEN_WF03_M14_FULL_REBUILD_v2.2_CORE_DETAIL_PARITY_FULL_VERSION/RUMAHAGEN_WF03_M14_FULL_REBUILD_v2.2_CORE_DETAIL_PARITY_FULL_VERSION.md,RUMAHAGEN_WIREFRAME_CORE_FINAL_SOURCE_PACK_v1.2/03_BUSINESS_RULES/W4-02A.6.10_BUSINESS_RULES_BASELINE_TRACEABILITY_FULL_CONSOLIDATED_v1.2_REAUDITED.docx; RUMAHAGEN_WIREFRAME_CORE_FINAL_SOURCE_PACK_v1.2/04_ARCHITECTURE/W4-02A.6.5_SYSTEM_ARCHITECTURE_FULL_CONSOLIDATED_v1.8.docx; RUMAHAGEN_WIREFRAME_CORE_FINAL_SOURCE_PACK_v1.2/05_TECHNICAL_DECISIONS/W4-02A.6.6_TECHNICAL_DECISIONS_FULL_CONSOLIDATED_v1.6.docx; RUMAHAGEN_WIREFRAME_CORE_FINAL_SOURCE_PACK_v1.2/06_DEPENDENCY_MANIFEST/W4-02A.6.7_DEPENDENCY_MANIFEST_FULL_CONSOLIDATED_v1.9.docx; RUMAHAGEN_WIREFRAME_CORE_FINAL_SOURCE_PACK_v1.2/09_ERD/W4-02A.6.13_ERD_CURRENT_LOGICAL_DATA_MODEL_FULL_CONSOLIDATED_v2.1.docx; RUMAHAGEN_WIREFRAME_CORE_FINAL_SOURCE_PACK_v1.2/10_DATABASE_DICTIONARY/W4-02A.6.14_DATABASE_DICTIONARY_CURRENT_LOGICAL_TO_PHYSICAL_DATA_MEANING_FULL_CONSOLIDATED_v2.2.docx; RUMAHAGEN_WIREFRAME_CORE_FINAL_SOURCE_PACK_v1.2/11_DATABASE_SCHEMA/RUMAHAGEN_FULL_DATABASE_SCHEMA_SOURCE_ONLY_PACKAGE_v1.0.zip; RUMAHAGEN_WIREFRAME_CORE_FINAL_SOURCE_PACK_v1.2/11_DATABASE_SCHEMA/RUMAHAGEN_FULL_DATABASE_SCHEMA_SOURCE_ONLY_PACKAGE_v1.0_EXTRACTED/RUMAHAGEN_FULL_DATABASE_SCHEMA_SOURCE_ONLY_v1.0.md; RUMAHAGEN_WIREFRAME_CORE_FINAL_SOURCE_PACK_v1.2/11_DATABASE_SCHEMA/RUMAHAGEN_FULL_DATABASE_SCHEMA_SOURCE_ONLY_PACKAGE_v1.0_EXTRACTED/RUMAHAGEN_FULL_DATABASE_SCHEMA_SOURCE_ONLY_v1.0.sql; RUMAHAGEN_WIREFRAME_CORE_FINAL_SOURCE_PACK_v1.2/11_DATABASE_SCHEMA/W4-01E_FINAL_BUILD_FROM_ZERO_SCHEMA_PACKAGE_v2.6.zip; RUMAHAGEN_WIREFRAME_CORE_FINAL_SOURCE_PACK_v1.2/11_DATABASE_SCHEMA/W4-01E_FINAL_BUILD_FROM_ZERO_SCHEMA_PACKAGE_v2.6_EXTRACTED/RUMAHAGEN_W4-01E_FINAL_CANONICAL_BUILD_FROM_ZERO_DATABASE_SCHEMA_v2.6.sql; RUMAHAGEN_WIREFRAME_CORE_FINAL_SOURCE_PACK_v1.2/11_DATABASE_SCHEMA/W4-01E_FINAL_BUILD_FROM_ZERO_SCHEMA_PACKAGE_v2.6_EXTRACTED/RUMAHAGEN_W4-01E_FINAL_CANONICAL_TABLE_REGISTER_v2.6.csv,STEP07 v1.1 preserved finding M14-CI-020; Core artifact 07_PRD/W4-02A.6.11_PRD_CURRENT_PRODUCT_REQUIREMENTS_FULL_CONSOLIDATED_v2.1.docx; Mxx authority RUMAHAGEN_WF03_M14_FULL_REBUILD_v2.2_CORE_DETAIL_PARITY_FULL_VERSION/RUMAHAGEN_WF03_M14_FULL_REBUILD_v2.2_CORE_DETAIL_PARITY_FULL_VERSION.md,M01-M15 authoritative semantic delta; not a whole-artifact replacement.
M15-IA-03,MXX_RULE_EXTENSION_OR_AMENDMENT,M15,Qualification/evidence,STEP07 v1.1 preserved finding M15-IA-03; Core artifact 07_PRD/W4-02A.6.11_PRD_CURRENT_PRODUCT_REQUIREMENTS_FULL_CONSOLIDATED_v2.1.docx; Mxx authority RUMAHAGEN_WF03_M15_FULL_REBUILD_v1.1_CORE_DETAIL_SYNCHRONIZED_FULL_VERSION/RUMAHAGEN_WF03_M15_FULL_REBUILD_v1.1_CORE_DETAIL_SYNCHRONIZED_FULL_VERSION.md,RUMAHAGEN_WIREFRAME_CORE_FINAL_SOURCE_PACK_v1.2/03_BUSINESS_RULES/W4-02A.6.10_BUSINESS_RULES_BASELINE_TRACEABILITY_FULL_CONSOLIDATED_v1.2_REAUDITED.docx; RUMAHAGEN_WIREFRAME_CORE_FINAL_SOURCE_PACK_v1.2/04_ARCHITECTURE/W4-02A.6.5_SYSTEM_ARCHITECTURE_FULL_CONSOLIDATED_v1.8.docx; RUMAHAGEN_WIREFRAME_CORE_FINAL_SOURCE_PACK_v1.2/05_TECHNICAL_DECISIONS/W4-02A.6.6_TECHNICAL_DECISIONS_FULL_CONSOLIDATED_v1.6.docx; RUMAHAGEN_WIREFRAME_CORE_FINAL_SOURCE_PACK_v1.2/06_DEPENDENCY_MANIFEST/W4-02A.6.7_DEPENDENCY_MANIFEST_FULL_CONSOLIDATED_v1.9.docx; RUMAHAGEN_WIREFRAME_CORE_FINAL_SOURCE_PACK_v1.2/09_ERD/W4-02A.6.13_ERD_CURRENT_LOGICAL_DATA_MODEL_FULL_CONSOLIDATED_v2.1.docx; RUMAHAGEN_WIREFRAME_CORE_FINAL_SOURCE_PACK_v1.2/10_DATABASE_DICTIONARY/W4-02A.6.14_DATABASE_DICTIONARY_CURRENT_LOGICAL_TO_PHYSICAL_DATA_MEANING_FULL_CONSOLIDATED_v2.2.docx; RUMAHAGEN_WIREFRAME_CORE_FINAL_SOURCE_PACK_v1.2/11_DATABASE_SCHEMA/RUMAHAGEN_FULL_DATABASE_SCHEMA_SOURCE_ONLY_PACKAGE_v1.0.zip; RUMAHAGEN_WIREFRAME_CORE_FINAL_SOURCE_PACK_v1.2/11_DATABASE_SCHEMA/RUMAHAGEN_FULL_DATABASE_SCHEMA_SOURCE_ONLY_PACKAGE_v1.0_EXTRACTED/RUMAHAGEN_FULL_DATABASE_SCHEMA_SOURCE_ONLY_v1.0.md; RUMAHAGEN_WIREFRAME_CORE_FINAL_SOURCE_PACK_v1.2/11_DATABASE_SCHEMA/RUMAHAGEN_FULL_DATABASE_SCHEMA_SOURCE_ONLY_PACKAGE_v1.0_EXTRACTED/RUMAHAGEN_FULL_DATABASE_SCHEMA_SOURCE_ONLY_v1.0.sql; RUMAHAGEN_WIREFRAME_CORE_FINAL_SOURCE_PACK_v1.2/11_DATABASE_SCHEMA/W4-01E_FINAL_BUILD_FROM_ZERO_SCHEMA_PACKAGE_v2.6.zip; RUMAHAGEN_WIREFRAME_CORE_FINAL_SOURCE_PACK_v1.2/11_DATABASE_SCHEMA/W4-01E_FINAL_BUILD_FROM_ZERO_SCHEMA_PACKAGE_v2.6_EXTRACTED/RUMAHAGEN_W4-01E_FINAL_CANONICAL_BUILD_FROM_ZERO_DATABASE_SCHEMA_v2.6.sql; RUMAHAGEN_WIREFRAME_CORE_FINAL_SOURCE_PACK_v1.2/11_DATABASE_SCHEMA/W4-01E_FINAL_BUILD_FROM_ZERO_SCHEMA_PACKAGE_v2.6_EXTRACTED/RUMAHAGEN_W4-01E_FINAL_CANONICAL_TABLE_REGISTER_v2.6.csv,STEP07 v1.1 preserved finding M15-IA-03; Core artifact 07_PRD/W4-02A.6.11_PRD_CURRENT_PRODUCT_REQUIREMENTS_FULL_CONSOLIDATED_v2.1.docx; Mxx authority RUMAHAGEN_WF03_M15_FULL_REBUILD_v1.1_CORE_DETAIL_SYNCHRONIZED_FULL_VERSION/RUMAHAGEN_WF03_M15_FULL_REBUILD_v1.1_CORE_DETAIL_SYNCHRONIZED_FULL_VERSION.md,M01-M15 authoritative semantic delta; not a whole-artifact replacement.
M15-IA-04,MXX_RULE_EXTENSION_OR_AMENDMENT,M15,Partner Learning,STEP07 v1.1 preserved finding M15-IA-04; Core artifact 07_PRD/W4-02A.6.11_PRD_CURRENT_PRODUCT_REQUIREMENTS_FULL_CONSOLIDATED_v2.1.docx; Mxx authority RUMAHAGEN_WF03_M15_FULL_REBUILD_v1.1_CORE_DETAIL_SYNCHRONIZED_FULL_VERSION/RUMAHAGEN_WF03_M15_FULL_REBUILD_v1.1_CORE_DETAIL_SYNCHRONIZED_FULL_VERSION.md,RUMAHAGEN_WIREFRAME_CORE_FINAL_SOURCE_PACK_v1.2/07_PRD/W4-02A.6.11_PRD_CURRENT_PRODUCT_REQUIREMENTS_FULL_CONSOLIDATED_v2.1.docx; RUMAHAGEN_WIREFRAME_CORE_FINAL_SOURCE_PACK_v1.2/08_USER_FLOW/W4-02A.6.12_USER_FLOW_CURRENT_CROSS_DOMAIN_INTERACTION_FLOW_FULL_CONSOLIDATED_v2.1.docx; RUMAHAGEN_WIREFRAME_CORE_FINAL_SOURCE_PACK_v1.2/14_FUNCTIONAL/W4-02A.6.18_FUNCTIONAL_SPECIFICATION_CURRENT_FUNCTIONAL_IMPLEMENTATION_CONTRACT_v2.1.md; RUMAHAGEN_WIREFRAME_CORE_FINAL_SOURCE_PACK_v1.2/03_BUSINESS_RULES/W4-02A.6.10_BUSINESS_RULES_BASELINE_TRACEABILITY_FULL_CONSOLIDATED_v1.2_REAUDITED.docx; RUMAHAGEN_WIREFRAME_CORE_FINAL_SOURCE_PACK_v1.2/04_ARCHITECTURE/W4-02A.6.5_SYSTEM_ARCHITECTURE_FULL_CONSOLIDATED_v1.8.docx; RUMAHAGEN_WIREFRAME_CORE_FINAL_SOURCE_PACK_v1.2/05_TECHNICAL_DECISIONS/W4-02A.6.6_TECHNICAL_DECISIONS_FULL_CONSOLIDATED_v1.6.docx; RUMAHAGEN_WIREFRAME_CORE_FINAL_SOURCE_PACK_v1.2/06_DEPENDENCY_MANIFEST/W4-02A.6.7_DEPENDENCY_MANIFEST_FULL_CONSOLIDATED_v1.9.docx; RUMAHAGEN_WIREFRAME_CORE_FINAL_SOURCE_PACK_v1.2/09_ERD/W4-02A.6.13_ERD_CURRENT_LOGICAL_DATA_MODEL_FULL_CONSOLIDATED_v2.1.docx; RUMAHAGEN_WIREFRAME_CORE_FINAL_SOURCE_PACK_v1.2/10_DATABASE_DICTIONARY/W4-02A.6.14_DATABASE_DICTIONARY_CURRENT_LOGICAL_TO_PHYSICAL_DATA_MEANING_FULL_CONSOLIDATED_v2.2.docx; RUMAHAGEN_WIREFRAME_CORE_FINAL_SOURCE_PACK_v1.2/11_DATABASE_SCHEMA/RUMAHAGEN_FULL_DATABASE_SCHEMA_SOURCE_ONLY_PACKAGE_v1.0.zip; RUMAHAGEN_WIREFRAME_CORE_FINAL_SOURCE_PACK_v1.2/11_DATABASE_SCHEMA/RUMAHAGEN_FULL_DATABASE_SCHEMA_SOURCE_ONLY_PACKAGE_v1.0_EXTRACTED/RUMAHAGEN_FULL_DATABASE_SCHEMA_SOURCE_ONLY_v1.0.md; RUMAHAGEN_WIREFRAME_CORE_FINAL_SOURCE_PACK_v1.2/11_DATABASE_SCHEMA/RUMAHAGEN_FULL_DATABASE_SCHEMA_SOURCE_ONLY_PACKAGE_v1.0_EXTRACTED/RUMAHAGEN_FULL_DATABASE_SCHEMA_SOURCE_ONLY_v1.0.sql,STEP07 v1.1 preserved finding M15-IA-04; Core artifact 07_PRD/W4-02A.6.11_PRD_CURRENT_PRODUCT_REQUIREMENTS_FULL_CONSOLIDATED_v2.1.docx; Mxx authority RUMAHAGEN_WF03_M15_FULL_REBUILD_v1.1_CORE_DETAIL_SYNCHRONIZED_FULL_VERSION/RUMAHAGEN_WF03_M15_FULL_REBUILD_v1.1_CORE_DETAIL_SYNCHRONIZED_FULL_VERSION.md,M01-M15 authoritative semantic delta; not a whole-artifact replacement.
M15-IA-05,MXX_RULE_EXTENSION_OR_AMENDMENT,M15,Developer Learning,STEP07 v1.1 preserved finding M15-IA-05; Core artifact 07_PRD/W4-02A.6.11_PRD_CURRENT_PRODUCT_REQUIREMENTS_FULL_CONSOLIDATED_v2.1.docx; Mxx authority RUMAHAGEN_WF03_M15_FULL_REBUILD_v1.1_CORE_DETAIL_SYNCHRONIZED_FULL_VERSION/RUMAHAGEN_WF03_M15_FULL_REBUILD_v1.1_CORE_DETAIL_SYNCHRONIZED_FULL_VERSION.md,RUMAHAGEN_WIREFRAME_CORE_FINAL_SOURCE_PACK_v1.2/07_PRD/W4-02A.6.11_PRD_CURRENT_PRODUCT_REQUIREMENTS_FULL_CONSOLIDATED_v2.1.docx; RUMAHAGEN_WIREFRAME_CORE_FINAL_SOURCE_PACK_v1.2/08_USER_FLOW/W4-02A.6.12_USER_FLOW_CURRENT_CROSS_DOMAIN_INTERACTION_FLOW_FULL_CONSOLIDATED_v2.1.docx; RUMAHAGEN_WIREFRAME_CORE_FINAL_SOURCE_PACK_v1.2/14_FUNCTIONAL/W4-02A.6.18_FUNCTIONAL_SPECIFICATION_CURRENT_FUNCTIONAL_IMPLEMENTATION_CONTRACT_v2.1.md; RUMAHAGEN_WIREFRAME_CORE_FINAL_SOURCE_PACK_v1.2/03_BUSINESS_RULES/W4-02A.6.10_BUSINESS_RULES_BASELINE_TRACEABILITY_FULL_CONSOLIDATED_v1.2_REAUDITED.docx; RUMAHAGEN_WIREFRAME_CORE_FINAL_SOURCE_PACK_v1.2/04_ARCHITECTURE/W4-02A.6.5_SYSTEM_ARCHITECTURE_FULL_CONSOLIDATED_v1.8.docx; RUMAHAGEN_WIREFRAME_CORE_FINAL_SOURCE_PACK_v1.2/05_TECHNICAL_DECISIONS/W4-02A.6.6_TECHNICAL_DECISIONS_FULL_CONSOLIDATED_v1.6.docx; RUMAHAGEN_WIREFRAME_CORE_FINAL_SOURCE_PACK_v1.2/06_DEPENDENCY_MANIFEST/W4-02A.6.7_DEPENDENCY_MANIFEST_FULL_CONSOLIDATED_v1.9.docx; RUMAHAGEN_WIREFRAME_CORE_FINAL_SOURCE_PACK_v1.2/09_ERD/W4-02A.6.13_ERD_CURRENT_LOGICAL_DATA_MODEL_FULL_CONSOLIDATED_v2.1.docx; RUMAHAGEN_WIREFRAME_CORE_FINAL_SOURCE_PACK_v1.2/10_DATABASE_DICTIONARY/W4-02A.6.14_DATABASE_DICTIONARY_CURRENT_LOGICAL_TO_PHYSICAL_DATA_MEANING_FULL_CONSOLIDATED_v2.2.docx; RUMAHAGEN_WIREFRAME_CORE_FINAL_SOURCE_PACK_v1.2/11_DATABASE_SCHEMA/RUMAHAGEN_FULL_DATABASE_SCHEMA_SOURCE_ONLY_PACKAGE_v1.0.zip; RUMAHAGEN_WIREFRAME_CORE_FINAL_SOURCE_PACK_v1.2/11_DATABASE_SCHEMA/RUMAHAGEN_FULL_DATABASE_SCHEMA_SOURCE_ONLY_PACKAGE_v1.0_EXTRACTED/RUMAHAGEN_FULL_DATABASE_SCHEMA_SOURCE_ONLY_v1.0.md; RUMAHAGEN_WIREFRAME_CORE_FINAL_SOURCE_PACK_v1.2/11_DATABASE_SCHEMA/RUMAHAGEN_FULL_DATABASE_SCHEMA_SOURCE_ONLY_PACKAGE_v1.0_EXTRACTED/RUMAHAGEN_FULL_DATABASE_SCHEMA_SOURCE_ONLY_v1.0.sql,STEP07 v1.1 preserved finding M15-IA-05; Core artifact 07_PRD/W4-02A.6.11_PRD_CURRENT_PRODUCT_REQUIREMENTS_FULL_CONSOLIDATED_v2.1.docx; Mxx authority RUMAHAGEN_WF03_M15_FULL_REBUILD_v1.1_CORE_DETAIL_SYNCHRONIZED_FULL_VERSION/RUMAHAGEN_WF03_M15_FULL_REBUILD_v1.1_CORE_DETAIL_SYNCHRONIZED_FULL_VERSION.md,M01-M15 authoritative semantic delta; not a whole-artifact replacement.
M15-IA-08,MXX_RULE_EXTENSION_OR_AMENDMENT,M15,Permission,STEP07 v1.1 preserved finding M15-IA-08; Core artifact 07_PRD/W4-02A.6.11_PRD_CURRENT_PRODUCT_REQUIREMENTS_FULL_CONSOLIDATED_v2.1.docx; Mxx authority RUMAHAGEN_WF03_M15_FULL_REBUILD_v1.1_CORE_DETAIL_SYNCHRONIZED_FULL_VERSION/RUMAHAGEN_WF03_M15_FULL_REBUILD_v1.1_CORE_DETAIL_SYNCHRONIZED_FULL_VERSION.md,RUMAHAGEN_WIREFRAME_CORE_FINAL_SOURCE_PACK_v1.2/03_BUSINESS_RULES/W4-02A.6.10_BUSINESS_RULES_BASELINE_TRACEABILITY_FULL_CONSOLIDATED_v1.2_REAUDITED.docx; RUMAHAGEN_WIREFRAME_CORE_FINAL_SOURCE_PACK_v1.2/13_RBAC_RLS/W4-02A.6.17_RBAC_PERMISSION_RLS_CURRENT_AUTHORIZATION_BASELINE_FULL_CONSOLIDATED_v2.1.docx; RUMAHAGEN_WIREFRAME_CORE_FINAL_SOURCE_PACK_v1.2/04_ARCHITECTURE/W4-02A.6.5_SYSTEM_ARCHITECTURE_FULL_CONSOLIDATED_v1.8.docx; RUMAHAGEN_WIREFRAME_CORE_FINAL_SOURCE_PACK_v1.2/05_TECHNICAL_DECISIONS/W4-02A.6.6_TECHNICAL_DECISIONS_FULL_CONSOLIDATED_v1.6.docx; RUMAHAGEN_WIREFRAME_CORE_FINAL_SOURCE_PACK_v1.2/06_DEPENDENCY_MANIFEST/W4-02A.6.7_DEPENDENCY_MANIFEST_FULL_CONSOLIDATED_v1.9.docx; RUMAHAGEN_WIREFRAME_CORE_FINAL_SOURCE_PACK_v1.2/09_ERD/W4-02A.6.13_ERD_CURRENT_LOGICAL_DATA_MODEL_FULL_CONSOLIDATED_v2.1.docx; RUMAHAGEN_WIREFRAME_CORE_FINAL_SOURCE_PACK_v1.2/10_DATABASE_DICTIONARY/W4-02A.6.14_DATABASE_DICTIONARY_CURRENT_LOGICAL_TO_PHYSICAL_DATA_MEANING_FULL_CONSOLIDATED_v2.2.docx; RUMAHAGEN_WIREFRAME_CORE_FINAL_SOURCE_PACK_v1.2/11_DATABASE_SCHEMA/RUMAHAGEN_FULL_DATABASE_SCHEMA_SOURCE_ONLY_PACKAGE_v1.0.zip; RUMAHAGEN_WIREFRAME_CORE_FINAL_SOURCE_PACK_v1.2/11_DATABASE_SCHEMA/RUMAHAGEN_FULL_DATABASE_SCHEMA_SOURCE_ONLY_PACKAGE_v1.0_EXTRACTED/RUMAHAGEN_FULL_DATABASE_SCHEMA_SOURCE_ONLY_v1.0.md; RUMAHAGEN_WIREFRAME_CORE_FINAL_SOURCE_PACK_v1.2/11_DATABASE_SCHEMA/RUMAHAGEN_FULL_DATABASE_SCHEMA_SOURCE_ONLY_PACKAGE_v1.0_EXTRACTED/RUMAHAGEN_FULL_DATABASE_SCHEMA_SOURCE_ONLY_v1.0.sql; RUMAHAGEN_WIREFRAME_CORE_FINAL_SOURCE_PACK_v1.2/11_DATABASE_SCHEMA/W4-01E_FINAL_BUILD_FROM_ZERO_SCHEMA_PACKAGE_v2.6.zip; RUMAHAGEN_WIREFRAME_CORE_FINAL_SOURCE_PACK_v1.2/11_DATABASE_SCHEMA/W4-01E_FINAL_BUILD_FROM_ZERO_SCHEMA_PACKAGE_v2.6_EXTRACTED/RUMAHAGEN_W4-01E_FINAL_CANONICAL_BUILD_FROM_ZERO_DATABASE_SCHEMA_v2.6.sql,STEP07 v1.1 preserved finding M15-IA-08; Core artifact 07_PRD/W4-02A.6.11_PRD_CURRENT_PRODUCT_REQUIREMENTS_FULL_CONSOLIDATED_v2.1.docx; Mxx authority RUMAHAGEN_WF03_M15_FULL_REBUILD_v1.1_CORE_DETAIL_SYNCHRONIZED_FULL_VERSION/RUMAHAGEN_WF03_M15_FULL_REBUILD_v1.1_CORE_DETAIL_SYNCHRONIZED_FULL_VERSION.md,M01-M15 authoritative semantic delta; not a whole-artifact replacement.
M15-IA-10,MXX_RULE_EXTENSION_OR_AMENDMENT,M15,Visibility/Presentation,STEP07 v1.1 preserved finding M15-IA-10; Core artifact 07_PRD/W4-02A.6.11_PRD_CURRENT_PRODUCT_REQUIREMENTS_FULL_CONSOLIDATED_v2.1.docx; Mxx authority RUMAHAGEN_WF03_M15_FULL_REBUILD_v1.1_CORE_DETAIL_SYNCHRONIZED_FULL_VERSION/RUMAHAGEN_WF03_M15_FULL_REBUILD_v1.1_CORE_DETAIL_SYNCHRONIZED_FULL_VERSION.md,RUMAHAGEN_WIREFRAME_CORE_FINAL_SOURCE_PACK_v1.2/16_UI_UX/W4-02A.6.20_UI_UX_SPECIFICATION_CURRENT_INTERFACE_BEHAVIOR_CONTRACT_v2.1.md; RUMAHAGEN_WIREFRAME_CORE_FINAL_SOURCE_PACK_v1.2/03_BUSINESS_RULES/W4-02A.6.10_BUSINESS_RULES_BASELINE_TRACEABILITY_FULL_CONSOLIDATED_v1.2_REAUDITED.docx; RUMAHAGEN_WIREFRAME_CORE_FINAL_SOURCE_PACK_v1.2/04_ARCHITECTURE/W4-02A.6.5_SYSTEM_ARCHITECTURE_FULL_CONSOLIDATED_v1.8.docx; RUMAHAGEN_WIREFRAME_CORE_FINAL_SOURCE_PACK_v1.2/05_TECHNICAL_DECISIONS/W4-02A.6.6_TECHNICAL_DECISIONS_FULL_CONSOLIDATED_v1.6.docx; RUMAHAGEN_WIREFRAME_CORE_FINAL_SOURCE_PACK_v1.2/06_DEPENDENCY_MANIFEST/W4-02A.6.7_DEPENDENCY_MANIFEST_FULL_CONSOLIDATED_v1.9.docx; RUMAHAGEN_WIREFRAME_CORE_FINAL_SOURCE_PACK_v1.2/09_ERD/W4-02A.6.13_ERD_CURRENT_LOGICAL_DATA_MODEL_FULL_CONSOLIDATED_v2.1.docx; RUMAHAGEN_WIREFRAME_CORE_FINAL_SOURCE_PACK_v1.2/10_DATABASE_DICTIONARY/W4-02A.6.14_DATABASE_DICTIONARY_CURRENT_LOGICAL_TO_PHYSICAL_DATA_MEANING_FULL_CONSOLIDATED_v2.2.docx; RUMAHAGEN_WIREFRAME_CORE_FINAL_SOURCE_PACK_v1.2/11_DATABASE_SCHEMA/RUMAHAGEN_FULL_DATABASE_SCHEMA_SOURCE_ONLY_PACKAGE_v1.0.zip; RUMAHAGEN_WIREFRAME_CORE_FINAL_SOURCE_PACK_v1.2/11_DATABASE_SCHEMA/RUMAHAGEN_FULL_DATABASE_SCHEMA_SOURCE_ONLY_PACKAGE_v1.0_EXTRACTED/RUMAHAGEN_FULL_DATABASE_SCHEMA_SOURCE_ONLY_v1.0.md; RUMAHAGEN_WIREFRAME_CORE_FINAL_SOURCE_PACK_v1.2/11_DATABASE_SCHEMA/RUMAHAGEN_FULL_DATABASE_SCHEMA_SOURCE_ONLY_PACKAGE_v1.0_EXTRACTED/RUMAHAGEN_FULL_DATABASE_SCHEMA_SOURCE_ONLY_v1.0.sql; RUMAHAGEN_WIREFRAME_CORE_FINAL_SOURCE_PACK_v1.2/11_DATABASE_SCHEMA/W4-01E_FINAL_BUILD_FROM_ZERO_SCHEMA_PACKAGE_v2.6.zip; RUMAHAGEN_WIREFRAME_CORE_FINAL_SOURCE_PACK_v1.2/11_DATABASE_SCHEMA/W4-01E_FINAL_BUILD_FROM_ZERO_SCHEMA_PACKAGE_v2.6_EXTRACTED/RUMAHAGEN_W4-01E_FINAL_CANONICAL_BUILD_FROM_ZERO_DATABASE_SCHEMA_v2.6.sql,STEP07 v1.1 preserved finding M15-IA-10; Core artifact 07_PRD/W4-02A.6.11_PRD_CURRENT_PRODUCT_REQUIREMENTS_FULL_CONSOLIDATED_v2.1.docx; Mxx authority RUMAHAGEN_WF03_M15_FULL_REBUILD_v1.1_CORE_DETAIL_SYNCHRONIZED_FULL_VERSION/RUMAHAGEN_WF03_M15_FULL_REBUILD_v1.1_CORE_DETAIL_SYNCHRONIZED_FULL_VERSION.md,M01-M15 authoritative semantic delta; not a whole-artifact replacement.
M15-IA-11,MXX_RULE_EXTENSION_OR_AMENDMENT,M15,Approval,STEP07 v1.1 preserved finding M15-IA-11; Core artifact 07_PRD/W4-02A.6.11_PRD_CURRENT_PRODUCT_REQUIREMENTS_FULL_CONSOLIDATED_v2.1.docx; Mxx authority RUMAHAGEN_WF03_M15_FULL_REBUILD_v1.1_CORE_DETAIL_SYNCHRONIZED_FULL_VERSION/RUMAHAGEN_WF03_M15_FULL_REBUILD_v1.1_CORE_DETAIL_SYNCHRONIZED_FULL_VERSION.md,RUMAHAGEN_WIREFRAME_CORE_FINAL_SOURCE_PACK_v1.2/03_BUSINESS_RULES/W4-02A.6.10_BUSINESS_RULES_BASELINE_TRACEABILITY_FULL_CONSOLIDATED_v1.2_REAUDITED.docx; RUMAHAGEN_WIREFRAME_CORE_FINAL_SOURCE_PACK_v1.2/04_ARCHITECTURE/W4-02A.6.5_SYSTEM_ARCHITECTURE_FULL_CONSOLIDATED_v1.8.docx; RUMAHAGEN_WIREFRAME_CORE_FINAL_SOURCE_PACK_v1.2/05_TECHNICAL_DECISIONS/W4-02A.6.6_TECHNICAL_DECISIONS_FULL_CONSOLIDATED_v1.6.docx; RUMAHAGEN_WIREFRAME_CORE_FINAL_SOURCE_PACK_v1.2/06_DEPENDENCY_MANIFEST/W4-02A.6.7_DEPENDENCY_MANIFEST_FULL_CONSOLIDATED_v1.9.docx; RUMAHAGEN_WIREFRAME_CORE_FINAL_SOURCE_PACK_v1.2/09_ERD/W4-02A.6.13_ERD_CURRENT_LOGICAL_DATA_MODEL_FULL_CONSOLIDATED_v2.1.docx; RUMAHAGEN_WIREFRAME_CORE_FINAL_SOURCE_PACK_v1.2/10_DATABASE_DICTIONARY/W4-02A.6.14_DATABASE_DICTIONARY_CURRENT_LOGICAL_TO_PHYSICAL_DATA_MEANING_FULL_CONSOLIDATED_v2.2.docx; RUMAHAGEN_WIREFRAME_CORE_FINAL_SOURCE_PACK_v1.2/11_DATABASE_SCHEMA/RUMAHAGEN_FULL_DATABASE_SCHEMA_SOURCE_ONLY_PACKAGE_v1.0.zip; RUMAHAGEN_WIREFRAME_CORE_FINAL_SOURCE_PACK_v1.2/11_DATABASE_SCHEMA/RUMAHAGEN_FULL_DATABASE_SCHEMA_SOURCE_ONLY_PACKAGE_v1.0_EXTRACTED/RUMAHAGEN_FULL_DATABASE_SCHEMA_SOURCE_ONLY_v1.0.md; RUMAHAGEN_WIREFRAME_CORE_FINAL_SOURCE_PACK_v1.2/11_DATABASE_SCHEMA/RUMAHAGEN_FULL_DATABASE_SCHEMA_SOURCE_ONLY_PACKAGE_v1.0_EXTRACTED/RUMAHAGEN_FULL_DATABASE_SCHEMA_SOURCE_ONLY_v1.0.sql; RUMAHAGEN_WIREFRAME_CORE_FINAL_SOURCE_PACK_v1.2/11_DATABASE_SCHEMA/W4-01E_FINAL_BUILD_FROM_ZERO_SCHEMA_PACKAGE_v2.6.zip; RUMAHAGEN_WIREFRAME_CORE_FINAL_SOURCE_PACK_v1.2/11_DATABASE_SCHEMA/W4-01E_FINAL_BUILD_FROM_ZERO_SCHEMA_PACKAGE_v2.6_EXTRACTED/RUMAHAGEN_W4-01E_FINAL_CANONICAL_BUILD_FROM_ZERO_DATABASE_SCHEMA_v2.6.sql; RUMAHAGEN_WIREFRAME_CORE_FINAL_SOURCE_PACK_v1.2/11_DATABASE_SCHEMA/W4-01E_FINAL_BUILD_FROM_ZERO_SCHEMA_PACKAGE_v2.6_EXTRACTED/RUMAHAGEN_W4-01E_FINAL_CANONICAL_TABLE_REGISTER_v2.6.csv,STEP07 v1.1 preserved finding M15-IA-11; Core artifact 07_PRD/W4-02A.6.11_PRD_CURRENT_PRODUCT_REQUIREMENTS_FULL_CONSOLIDATED_v2.1.docx; Mxx authority RUMAHAGEN_WF03_M15_FULL_REBUILD_v1.1_CORE_DETAIL_SYNCHRONIZED_FULL_VERSION/RUMAHAGEN_WF03_M15_FULL_REBUILD_v1.1_CORE_DETAIL_SYNCHRONIZED_FULL_VERSION.md,M01-M15 authoritative semantic delta; not a whole-artifact replacement.
M15-IA-12,MXX_RULE_EXTENSION_OR_AMENDMENT,M15,API,STEP07 v1.1 preserved finding M15-IA-12; Core artifact 07_PRD/W4-02A.6.11_PRD_CURRENT_PRODUCT_REQUIREMENTS_FULL_CONSOLIDATED_v2.1.docx; Mxx authority RUMAHAGEN_WF03_M15_FULL_REBUILD_v1.1_CORE_DETAIL_SYNCHRONIZED_FULL_VERSION/RUMAHAGEN_WF03_M15_FULL_REBUILD_v1.1_CORE_DETAIL_SYNCHRONIZED_FULL_VERSION.md,RUMAHAGEN_WIREFRAME_CORE_FINAL_SOURCE_PACK_v1.2/12_API/W4-02A.6.16_API_SPECIFICATION_CURRENT_API_CONTRACT_BASELINE_FULL_CONSOLIDATED_v2.1.docx; RUMAHAGEN_WIREFRAME_CORE_FINAL_SOURCE_PACK_v1.2/03_BUSINESS_RULES/W4-02A.6.10_BUSINESS_RULES_BASELINE_TRACEABILITY_FULL_CONSOLIDATED_v1.2_REAUDITED.docx; RUMAHAGEN_WIREFRAME_CORE_FINAL_SOURCE_PACK_v1.2/04_ARCHITECTURE/W4-02A.6.5_SYSTEM_ARCHITECTURE_FULL_CONSOLIDATED_v1.8.docx; RUMAHAGEN_WIREFRAME_CORE_FINAL_SOURCE_PACK_v1.2/05_TECHNICAL_DECISIONS/W4-02A.6.6_TECHNICAL_DECISIONS_FULL_CONSOLIDATED_v1.6.docx; RUMAHAGEN_WIREFRAME_CORE_FINAL_SOURCE_PACK_v1.2/06_DEPENDENCY_MANIFEST/W4-02A.6.7_DEPENDENCY_MANIFEST_FULL_CONSOLIDATED_v1.9.docx; RUMAHAGEN_WIREFRAME_CORE_FINAL_SOURCE_PACK_v1.2/09_ERD/W4-02A.6.13_ERD_CURRENT_LOGICAL_DATA_MODEL_FULL_CONSOLIDATED_v2.1.docx; RUMAHAGEN_WIREFRAME_CORE_FINAL_SOURCE_PACK_v1.2/10_DATABASE_DICTIONARY/W4-02A.6.14_DATABASE_DICTIONARY_CURRENT_LOGICAL_TO_PHYSICAL_DATA_MEANING_FULL_CONSOLIDATED_v2.2.docx; RUMAHAGEN_WIREFRAME_CORE_FINAL_SOURCE_PACK_v1.2/11_DATABASE_SCHEMA/RUMAHAGEN_FULL_DATABASE_SCHEMA_SOURCE_ONLY_PACKAGE_v1.0.zip; RUMAHAGEN_WIREFRAME_CORE_FINAL_SOURCE_PACK_v1.2/11_DATABASE_SCHEMA/RUMAHAGEN_FULL_DATABASE_SCHEMA_SOURCE_ONLY_PACKAGE_v1.0_EXTRACTED/RUMAHAGEN_FULL_DATABASE_SCHEMA_SOURCE_ONLY_v1.0.md; RUMAHAGEN_WIREFRAME_CORE_FINAL_SOURCE_PACK_v1.2/11_DATABASE_SCHEMA/RUMAHAGEN_FULL_DATABASE_SCHEMA_SOURCE_ONLY_PACKAGE_v1.0_EXTRACTED/RUMAHAGEN_FULL_DATABASE_SCHEMA_SOURCE_ONLY_v1.0.sql; RUMAHAGEN_WIREFRAME_CORE_FINAL_SOURCE_PACK_v1.2/11_DATABASE_SCHEMA/W4-01E_FINAL_BUILD_FROM_ZERO_SCHEMA_PACKAGE_v2.6.zip; RUMAHAGEN_WIREFRAME_CORE_FINAL_SOURCE_PACK_v1.2/11_DATABASE_SCHEMA/W4-01E_FINAL_BUILD_FROM_ZERO_SCHEMA_PACKAGE_v2.6_EXTRACTED/RUMAHAGEN_W4-01E_FINAL_CANONICAL_BUILD_FROM_ZERO_DATABASE_SCHEMA_v2.6.sql,STEP07 v1.1 preserved finding M15-IA-12; Core artifact 07_PRD/W4-02A.6.11_PRD_CURRENT_PRODUCT_REQUIREMENTS_FULL_CONSOLIDATED_v2.1.docx; Mxx authority RUMAHAGEN_WF03_M15_FULL_REBUILD_v1.1_CORE_DETAIL_SYNCHRONIZED_FULL_VERSION/RUMAHAGEN_WF03_M15_FULL_REBUILD_v1.1_CORE_DETAIL_SYNCHRONIZED_FULL_VERSION.md,M01-M15 authoritative semantic delta; not a whole-artifact replacement.
M15-IA-15,MXX_RULE_EXTENSION_OR_AMENDMENT,M15,RBAC/RLS,STEP07 v1.1 preserved finding M15-IA-15; Core artifact 07_PRD/W4-02A.6.11_PRD_CURRENT_PRODUCT_REQUIREMENTS_FULL_CONSOLIDATED_v2.1.docx; Mxx authority RUMAHAGEN_WF03_M15_FULL_REBUILD_v1.1_CORE_DETAIL_SYNCHRONIZED_FULL_VERSION/RUMAHAGEN_WF03_M15_FULL_REBUILD_v1.1_CORE_DETAIL_SYNCHRONIZED_FULL_VERSION.md,RUMAHAGEN_WIREFRAME_CORE_FINAL_SOURCE_PACK_v1.2/13_RBAC_RLS/W4-02A.6.17_RBAC_PERMISSION_RLS_CURRENT_AUTHORIZATION_BASELINE_FULL_CONSOLIDATED_v2.1.docx; RUMAHAGEN_WIREFRAME_CORE_FINAL_SOURCE_PACK_v1.2/03_BUSINESS_RULES/W4-02A.6.10_BUSINESS_RULES_BASELINE_TRACEABILITY_FULL_CONSOLIDATED_v1.2_REAUDITED.docx; RUMAHAGEN_WIREFRAME_CORE_FINAL_SOURCE_PACK_v1.2/04_ARCHITECTURE/W4-02A.6.5_SYSTEM_ARCHITECTURE_FULL_CONSOLIDATED_v1.8.docx; RUMAHAGEN_WIREFRAME_CORE_FINAL_SOURCE_PACK_v1.2/05_TECHNICAL_DECISIONS/W4-02A.6.6_TECHNICAL_DECISIONS_FULL_CONSOLIDATED_v1.6.docx; RUMAHAGEN_WIREFRAME_CORE_FINAL_SOURCE_PACK_v1.2/06_DEPENDENCY_MANIFEST/W4-02A.6.7_DEPENDENCY_MANIFEST_FULL_CONSOLIDATED_v1.9.docx; RUMAHAGEN_WIREFRAME_CORE_FINAL_SOURCE_PACK_v1.2/09_ERD/W4-02A.6.13_ERD_CURRENT_LOGICAL_DATA_MODEL_FULL_CONSOLIDATED_v2.1.docx; RUMAHAGEN_WIREFRAME_CORE_FINAL_SOURCE_PACK_v1.2/10_DATABASE_DICTIONARY/W4-02A.6.14_DATABASE_DICTIONARY_CURRENT_LOGICAL_TO_PHYSICAL_DATA_MEANING_FULL_CONSOLIDATED_v2.2.docx; RUMAHAGEN_WIREFRAME_CORE_FINAL_SOURCE_PACK_v1.2/11_DATABASE_SCHEMA/RUMAHAGEN_FULL_DATABASE_SCHEMA_SOURCE_ONLY_PACKAGE_v1.0.zip; RUMAHAGEN_WIREFRAME_CORE_FINAL_SOURCE_PACK_v1.2/11_DATABASE_SCHEMA/RUMAHAGEN_FULL_DATABASE_SCHEMA_SOURCE_ONLY_PACKAGE_v1.0_EXTRACTED/RUMAHAGEN_FULL_DATABASE_SCHEMA_SOURCE_ONLY_v1.0.md; RUMAHAGEN_WIREFRAME_CORE_FINAL_SOURCE_PACK_v1.2/11_DATABASE_SCHEMA/RUMAHAGEN_FULL_DATABASE_SCHEMA_SOURCE_ONLY_PACKAGE_v1.0_EXTRACTED/RUMAHAGEN_FULL_DATABASE_SCHEMA_SOURCE_ONLY_v1.0.sql; RUMAHAGEN_WIREFRAME_CORE_FINAL_SOURCE_PACK_v1.2/11_DATABASE_SCHEMA/W4-01E_FINAL_BUILD_FROM_ZERO_SCHEMA_PACKAGE_v2.6.zip; RUMAHAGEN_WIREFRAME_CORE_FINAL_SOURCE_PACK_v1.2/11_DATABASE_SCHEMA/W4-01E_FINAL_BUILD_FROM_ZERO_SCHEMA_PACKAGE_v2.6_EXTRACTED/RUMAHAGEN_W4-01E_FINAL_CANONICAL_BUILD_FROM_ZERO_DATABASE_SCHEMA_v2.6.sql,STEP07 v1.1 preserved finding M15-IA-15; Core artifact 07_PRD/W4-02A.6.11_PRD_CURRENT_PRODUCT_REQUIREMENTS_FULL_CONSOLIDATED_v2.1.docx; Mxx authority RUMAHAGEN_WF03_M15_FULL_REBUILD_v1.1_CORE_DETAIL_SYNCHRONIZED_FULL_VERSION/RUMAHAGEN_WF03_M15_FULL_REBUILD_v1.1_CORE_DETAIL_SYNCHRONIZED_FULL_VERSION.md,M01-M15 authoritative semantic delta; not a whole-artifact replacement.
M15-IA-16,MXX_RULE_EXTENSION_OR_AMENDMENT,M15,Functional,STEP07 v1.1 preserved finding M15-IA-16; Core artifact 07_PRD/W4-02A.6.11_PRD_CURRENT_PRODUCT_REQUIREMENTS_FULL_CONSOLIDATED_v2.1.docx; Mxx authority RUMAHAGEN_WF03_M15_FULL_REBUILD_v1.1_CORE_DETAIL_SYNCHRONIZED_FULL_VERSION/RUMAHAGEN_WF03_M15_FULL_REBUILD_v1.1_CORE_DETAIL_SYNCHRONIZED_FULL_VERSION.md,RUMAHAGEN_WIREFRAME_CORE_FINAL_SOURCE_PACK_v1.2/03_BUSINESS_RULES/W4-02A.6.10_BUSINESS_RULES_BASELINE_TRACEABILITY_FULL_CONSOLIDATED_v1.2_REAUDITED.docx; RUMAHAGEN_WIREFRAME_CORE_FINAL_SOURCE_PACK_v1.2/04_ARCHITECTURE/W4-02A.6.5_SYSTEM_ARCHITECTURE_FULL_CONSOLIDATED_v1.8.docx; RUMAHAGEN_WIREFRAME_CORE_FINAL_SOURCE_PACK_v1.2/05_TECHNICAL_DECISIONS/W4-02A.6.6_TECHNICAL_DECISIONS_FULL_CONSOLIDATED_v1.6.docx; RUMAHAGEN_WIREFRAME_CORE_FINAL_SOURCE_PACK_v1.2/06_DEPENDENCY_MANIFEST/W4-02A.6.7_DEPENDENCY_MANIFEST_FULL_CONSOLIDATED_v1.9.docx; RUMAHAGEN_WIREFRAME_CORE_FINAL_SOURCE_PACK_v1.2/09_ERD/W4-02A.6.13_ERD_CURRENT_LOGICAL_DATA_MODEL_FULL_CONSOLIDATED_v2.1.docx; RUMAHAGEN_WIREFRAME_CORE_FINAL_SOURCE_PACK_v1.2/10_DATABASE_DICTIONARY/W4-02A.6.14_DATABASE_DICTIONARY_CURRENT_LOGICAL_TO_PHYSICAL_DATA_MEANING_FULL_CONSOLIDATED_v2.2.docx; RUMAHAGEN_WIREFRAME_CORE_FINAL_SOURCE_PACK_v1.2/11_DATABASE_SCHEMA/RUMAHAGEN_FULL_DATABASE_SCHEMA_SOURCE_ONLY_PACKAGE_v1.0.zip; RUMAHAGEN_WIREFRAME_CORE_FINAL_SOURCE_PACK_v1.2/11_DATABASE_SCHEMA/RUMAHAGEN_FULL_DATABASE_SCHEMA_SOURCE_ONLY_PACKAGE_v1.0_EXTRACTED/RUMAHAGEN_FULL_DATABASE_SCHEMA_SOURCE_ONLY_v1.0.md; RUMAHAGEN_WIREFRAME_CORE_FINAL_SOURCE_PACK_v1.2/11_DATABASE_SCHEMA/RUMAHAGEN_FULL_DATABASE_SCHEMA_SOURCE_ONLY_PACKAGE_v1.0_EXTRACTED/RUMAHAGEN_FULL_DATABASE_SCHEMA_SOURCE_ONLY_v1.0.sql; RUMAHAGEN_WIREFRAME_CORE_FINAL_SOURCE_PACK_v1.2/11_DATABASE_SCHEMA/W4-01E_FINAL_BUILD_FROM_ZERO_SCHEMA_PACKAGE_v2.6.zip; RUMAHAGEN_WIREFRAME_CORE_FINAL_SOURCE_PACK_v1.2/11_DATABASE_SCHEMA/W4-01E_FINAL_BUILD_FROM_ZERO_SCHEMA_PACKAGE_v2.6_EXTRACTED/RUMAHAGEN_W4-01E_FINAL_CANONICAL_BUILD_FROM_ZERO_DATABASE_SCHEMA_v2.6.sql; RUMAHAGEN_WIREFRAME_CORE_FINAL_SOURCE_PACK_v1.2/11_DATABASE_SCHEMA/W4-01E_FINAL_BUILD_FROM_ZERO_SCHEMA_PACKAGE_v2.6_EXTRACTED/RUMAHAGEN_W4-01E_FINAL_CANONICAL_TABLE_REGISTER_v2.6.csv,STEP07 v1.1 preserved finding M15-IA-16; Core artifact 07_PRD/W4-02A.6.11_PRD_CURRENT_PRODUCT_REQUIREMENTS_FULL_CONSOLIDATED_v2.1.docx; Mxx authority RUMAHAGEN_WF03_M15_FULL_REBUILD_v1.1_CORE_DETAIL_SYNCHRONIZED_FULL_VERSION/RUMAHAGEN_WF03_M15_FULL_REBUILD_v1.1_CORE_DETAIL_SYNCHRONIZED_FULL_VERSION.md,M01-M15 authoritative semantic delta; not a whole-artifact replacement.
M15-IA-17,MXX_RULE_EXTENSION_OR_AMENDMENT,M15,Technical,STEP07 v1.1 preserved finding M15-IA-17; Core artifact 07_PRD/W4-02A.6.11_PRD_CURRENT_PRODUCT_REQUIREMENTS_FULL_CONSOLIDATED_v2.1.docx; Mxx authority RUMAHAGEN_WF03_M15_FULL_REBUILD_v1.1_CORE_DETAIL_SYNCHRONIZED_FULL_VERSION/RUMAHAGEN_WF03_M15_FULL_REBUILD_v1.1_CORE_DETAIL_SYNCHRONIZED_FULL_VERSION.md,RUMAHAGEN_WIREFRAME_CORE_FINAL_SOURCE_PACK_v1.2/03_BUSINESS_RULES/W4-02A.6.10_BUSINESS_RULES_BASELINE_TRACEABILITY_FULL_CONSOLIDATED_v1.2_REAUDITED.docx; RUMAHAGEN_WIREFRAME_CORE_FINAL_SOURCE_PACK_v1.2/04_ARCHITECTURE/W4-02A.6.5_SYSTEM_ARCHITECTURE_FULL_CONSOLIDATED_v1.8.docx; RUMAHAGEN_WIREFRAME_CORE_FINAL_SOURCE_PACK_v1.2/05_TECHNICAL_DECISIONS/W4-02A.6.6_TECHNICAL_DECISIONS_FULL_CONSOLIDATED_v1.6.docx; RUMAHAGEN_WIREFRAME_CORE_FINAL_SOURCE_PACK_v1.2/06_DEPENDENCY_MANIFEST/W4-02A.6.7_DEPENDENCY_MANIFEST_FULL_CONSOLIDATED_v1.9.docx; RUMAHAGEN_WIREFRAME_CORE_FINAL_SOURCE_PACK_v1.2/09_ERD/W4-02A.6.13_ERD_CURRENT_LOGICAL_DATA_MODEL_FULL_CONSOLIDATED_v2.1.docx; RUMAHAGEN_WIREFRAME_CORE_FINAL_SOURCE_PACK_v1.2/10_DATABASE_DICTIONARY/W4-02A.6.14_DATABASE_DICTIONARY_CURRENT_LOGICAL_TO_PHYSICAL_DATA_MEANING_FULL_CONSOLIDATED_v2.2.docx; RUMAHAGEN_WIREFRAME_CORE_FINAL_SOURCE_PACK_v1.2/11_DATABASE_SCHEMA/RUMAHAGEN_FULL_DATABASE_SCHEMA_SOURCE_ONLY_PACKAGE_v1.0.zip; RUMAHAGEN_WIREFRAME_CORE_FINAL_SOURCE_PACK_v1.2/11_DATABASE_SCHEMA/RUMAHAGEN_FULL_DATABASE_SCHEMA_SOURCE_ONLY_PACKAGE_v1.0_EXTRACTED/RUMAHAGEN_FULL_DATABASE_SCHEMA_SOURCE_ONLY_v1.0.md; RUMAHAGEN_WIREFRAME_CORE_FINAL_SOURCE_PACK_v1.2/11_DATABASE_SCHEMA/RUMAHAGEN_FULL_DATABASE_SCHEMA_SOURCE_ONLY_PACKAGE_v1.0_EXTRACTED/RUMAHAGEN_FULL_DATABASE_SCHEMA_SOURCE_ONLY_v1.0.sql; RUMAHAGEN_WIREFRAME_CORE_FINAL_SOURCE_PACK_v1.2/11_DATABASE_SCHEMA/W4-01E_FINAL_BUILD_FROM_ZERO_SCHEMA_PACKAGE_v2.6.zip; RUMAHAGEN_WIREFRAME_CORE_FINAL_SOURCE_PACK_v1.2/11_DATABASE_SCHEMA/W4-01E_FINAL_BUILD_FROM_ZERO_SCHEMA_PACKAGE_v2.6_EXTRACTED/RUMAHAGEN_W4-01E_FINAL_CANONICAL_BUILD_FROM_ZERO_DATABASE_SCHEMA_v2.6.sql; RUMAHAGEN_WIREFRAME_CORE_FINAL_SOURCE_PACK_v1.2/11_DATABASE_SCHEMA/W4-01E_FINAL_BUILD_FROM_ZERO_SCHEMA_PACKAGE_v2.6_EXTRACTED/RUMAHAGEN_W4-01E_FINAL_CANONICAL_TABLE_REGISTER_v2.6.csv,STEP07 v1.1 preserved finding M15-IA-17; Core artifact 07_PRD/W4-02A.6.11_PRD_CURRENT_PRODUCT_REQUIREMENTS_FULL_CONSOLIDATED_v2.1.docx; Mxx authority RUMAHAGEN_WF03_M15_FULL_REBUILD_v1.1_CORE_DETAIL_SYNCHRONIZED_FULL_VERSION/RUMAHAGEN_WF03_M15_FULL_REBUILD_v1.1_CORE_DETAIL_SYNCHRONIZED_FULL_VERSION.md,M01-M15 authoritative semantic delta; not a whole-artifact replacement.
M15-IA-18,MXX_RULE_EXTENSION_OR_AMENDMENT,M15,UI/UX,STEP07 v1.1 preserved finding M15-IA-18; Core artifact 07_PRD/W4-02A.6.11_PRD_CURRENT_PRODUCT_REQUIREMENTS_FULL_CONSOLIDATED_v2.1.docx; Mxx authority RUMAHAGEN_WF03_M15_FULL_REBUILD_v1.1_CORE_DETAIL_SYNCHRONIZED_FULL_VERSION/RUMAHAGEN_WF03_M15_FULL_REBUILD_v1.1_CORE_DETAIL_SYNCHRONIZED_FULL_VERSION.md,RUMAHAGEN_WIREFRAME_CORE_FINAL_SOURCE_PACK_v1.2/16_UI_UX/W4-02A.6.20_UI_UX_SPECIFICATION_CURRENT_INTERFACE_BEHAVIOR_CONTRACT_v2.1.md; RUMAHAGEN_WIREFRAME_CORE_FINAL_SOURCE_PACK_v1.2/03_BUSINESS_RULES/W4-02A.6.10_BUSINESS_RULES_BASELINE_TRACEABILITY_FULL_CONSOLIDATED_v1.2_REAUDITED.docx; RUMAHAGEN_WIREFRAME_CORE_FINAL_SOURCE_PACK_v1.2/04_ARCHITECTURE/W4-02A.6.5_SYSTEM_ARCHITECTURE_FULL_CONSOLIDATED_v1.8.docx; RUMAHAGEN_WIREFRAME_CORE_FINAL_SOURCE_PACK_v1.2/05_TECHNICAL_DECISIONS/W4-02A.6.6_TECHNICAL_DECISIONS_FULL_CONSOLIDATED_v1.6.docx; RUMAHAGEN_WIREFRAME_CORE_FINAL_SOURCE_PACK_v1.2/06_DEPENDENCY_MANIFEST/W4-02A.6.7_DEPENDENCY_MANIFEST_FULL_CONSOLIDATED_v1.9.docx; RUMAHAGEN_WIREFRAME_CORE_FINAL_SOURCE_PACK_v1.2/09_ERD/W4-02A.6.13_ERD_CURRENT_LOGICAL_DATA_MODEL_FULL_CONSOLIDATED_v2.1.docx; RUMAHAGEN_WIREFRAME_CORE_FINAL_SOURCE_PACK_v1.2/10_DATABASE_DICTIONARY/W4-02A.6.14_DATABASE_DICTIONARY_CURRENT_LOGICAL_TO_PHYSICAL_DATA_MEANING_FULL_CONSOLIDATED_v2.2.docx; RUMAHAGEN_WIREFRAME_CORE_FINAL_SOURCE_PACK_v1.2/11_DATABASE_SCHEMA/RUMAHAGEN_FULL_DATABASE_SCHEMA_SOURCE_ONLY_PACKAGE_v1.0.zip; RUMAHAGEN_WIREFRAME_CORE_FINAL_SOURCE_PACK_v1.2/11_DATABASE_SCHEMA/RUMAHAGEN_FULL_DATABASE_SCHEMA_SOURCE_ONLY_PACKAGE_v1.0_EXTRACTED/RUMAHAGEN_FULL_DATABASE_SCHEMA_SOURCE_ONLY_v1.0.md; RUMAHAGEN_WIREFRAME_CORE_FINAL_SOURCE_PACK_v1.2/11_DATABASE_SCHEMA/RUMAHAGEN_FULL_DATABASE_SCHEMA_SOURCE_ONLY_PACKAGE_v1.0_EXTRACTED/RUMAHAGEN_FULL_DATABASE_SCHEMA_SOURCE_ONLY_v1.0.sql; RUMAHAGEN_WIREFRAME_CORE_FINAL_SOURCE_PACK_v1.2/11_DATABASE_SCHEMA/W4-01E_FINAL_BUILD_FROM_ZERO_SCHEMA_PACKAGE_v2.6.zip; RUMAHAGEN_WIREFRAME_CORE_FINAL_SOURCE_PACK_v1.2/11_DATABASE_SCHEMA/W4-01E_FINAL_BUILD_FROM_ZERO_SCHEMA_PACKAGE_v2.6_EXTRACTED/RUMAHAGEN_W4-01E_FINAL_CANONICAL_BUILD_FROM_ZERO_DATABASE_SCHEMA_v2.6.sql,STEP07 v1.1 preserved finding M15-IA-18; Core artifact 07_PRD/W4-02A.6.11_PRD_CURRENT_PRODUCT_REQUIREMENTS_FULL_CONSOLIDATED_v2.1.docx; Mxx authority RUMAHAGEN_WF03_M15_FULL_REBUILD_v1.1_CORE_DETAIL_SYNCHRONIZED_FULL_VERSION/RUMAHAGEN_WF03_M15_FULL_REBUILD_v1.1_CORE_DETAIL_SYNCHRONIZED_FULL_VERSION.md,M01-M15 authoritative semantic delta; not a whole-artifact replacement.
M15-IA-19,MXX_RULE_EXTENSION_OR_AMENDMENT,M15,Dependencies,STEP07 v1.1 preserved finding M15-IA-19; Core artifact 07_PRD/W4-02A.6.11_PRD_CURRENT_PRODUCT_REQUIREMENTS_FULL_CONSOLIDATED_v2.1.docx; Mxx authority RUMAHAGEN_WF03_M15_FULL_REBUILD_v1.1_CORE_DETAIL_SYNCHRONIZED_FULL_VERSION/RUMAHAGEN_WF03_M15_FULL_REBUILD_v1.1_CORE_DETAIL_SYNCHRONIZED_FULL_VERSION.md,RUMAHAGEN_WIREFRAME_CORE_FINAL_SOURCE_PACK_v1.2/03_BUSINESS_RULES/W4-02A.6.10_BUSINESS_RULES_BASELINE_TRACEABILITY_FULL_CONSOLIDATED_v1.2_REAUDITED.docx; RUMAHAGEN_WIREFRAME_CORE_FINAL_SOURCE_PACK_v1.2/04_ARCHITECTURE/W4-02A.6.5_SYSTEM_ARCHITECTURE_FULL_CONSOLIDATED_v1.8.docx; RUMAHAGEN_WIREFRAME_CORE_FINAL_SOURCE_PACK_v1.2/05_TECHNICAL_DECISIONS/W4-02A.6.6_TECHNICAL_DECISIONS_FULL_CONSOLIDATED_v1.6.docx; RUMAHAGEN_WIREFRAME_CORE_FINAL_SOURCE_PACK_v1.2/06_DEPENDENCY_MANIFEST/W4-02A.6.7_DEPENDENCY_MANIFEST_FULL_CONSOLIDATED_v1.9.docx; RUMAHAGEN_WIREFRAME_CORE_FINAL_SOURCE_PACK_v1.2/09_ERD/W4-02A.6.13_ERD_CURRENT_LOGICAL_DATA_MODEL_FULL_CONSOLIDATED_v2.1.docx; RUMAHAGEN_WIREFRAME_CORE_FINAL_SOURCE_PACK_v1.2/10_DATABASE_DICTIONARY/W4-02A.6.14_DATABASE_DICTIONARY_CURRENT_LOGICAL_TO_PHYSICAL_DATA_MEANING_FULL_CONSOLIDATED_v2.2.docx; RUMAHAGEN_WIREFRAME_CORE_FINAL_SOURCE_PACK_v1.2/11_DATABASE_SCHEMA/RUMAHAGEN_FULL_DATABASE_SCHEMA_SOURCE_ONLY_PACKAGE_v1.0.zip; RUMAHAGEN_WIREFRAME_CORE_FINAL_SOURCE_PACK_v1.2/11_DATABASE_SCHEMA/RUMAHAGEN_FULL_DATABASE_SCHEMA_SOURCE_ONLY_PACKAGE_v1.0_EXTRACTED/RUMAHAGEN_FULL_DATABASE_SCHEMA_SOURCE_ONLY_v1.0.md; RUMAHAGEN_WIREFRAME_CORE_FINAL_SOURCE_PACK_v1.2/11_DATABASE_SCHEMA/RUMAHAGEN_FULL_DATABASE_SCHEMA_SOURCE_ONLY_PACKAGE_v1.0_EXTRACTED/RUMAHAGEN_FULL_DATABASE_SCHEMA_SOURCE_ONLY_v1.0.sql; RUMAHAGEN_WIREFRAME_CORE_FINAL_SOURCE_PACK_v1.2/11_DATABASE_SCHEMA/W4-01E_FINAL_BUILD_FROM_ZERO_SCHEMA_PACKAGE_v2.6.zip; RUMAHAGEN_WIREFRAME_CORE_FINAL_SOURCE_PACK_v1.2/11_DATABASE_SCHEMA/W4-01E_FINAL_BUILD_FROM_ZERO_SCHEMA_PACKAGE_v2.6_EXTRACTED/RUMAHAGEN_W4-01E_FINAL_CANONICAL_BUILD_FROM_ZERO_DATABASE_SCHEMA_v2.6.sql; RUMAHAGEN_WIREFRAME_CORE_FINAL_SOURCE_PACK_v1.2/11_DATABASE_SCHEMA/W4-01E_FINAL_BUILD_FROM_ZERO_SCHEMA_PACKAGE_v2.6_EXTRACTED/RUMAHAGEN_W4-01E_FINAL_CANONICAL_TABLE_REGISTER_v2.6.csv,STEP07 v1.1 preserved finding M15-IA-19; Core artifact 07_PRD/W4-02A.6.11_PRD_CURRENT_PRODUCT_REQUIREMENTS_FULL_CONSOLIDATED_v2.1.docx; Mxx authority RUMAHAGEN_WF03_M15_FULL_REBUILD_v1.1_CORE_DETAIL_SYNCHRONIZED_FULL_VERSION/RUMAHAGEN_WF03_M15_FULL_REBUILD_v1.1_CORE_DETAIL_SYNCHRONIZED_FULL_VERSION.md,M01-M15 authoritative semantic delta; not a whole-artifact replacement.
MBR-COM-001,COMMERCIAL_CLOSED_APPROVED,M14,MBR-COM-001 — Approved Commercial Business Rules Family,RUMAHAGEN_COMMERCIAL_BUSINESS_RULES_CLOSURE_MBR-COM-001-013_v1.0.md,Core v1.3 Business Rules baseline identifies MBR-COM-001–013 as separate Commercial BR family; closure status now supersedes prior gap classification.,Owner-approved Commercial Closure Record v1.0,MBR-COM-001-013 closed/owner-approved commercial family; no fabricated historical per-ID wording.
MBR-COM-002,COMMERCIAL_CLOSED_APPROVED,M14,MBR-COM-002 — Approved Commercial Business Rules Family,RUMAHAGEN_COMMERCIAL_BUSINESS_RULES_CLOSURE_MBR-COM-001-013_v1.0.md,Core v1.3 Business Rules baseline identifies MBR-COM-001–013 as separate Commercial BR family; closure status now supersedes prior gap classification.,Owner-approved Commercial Closure Record v1.0,MBR-COM-001-013 closed/owner-approved commercial family; no fabricated historical per-ID wording.
MBR-COM-003,COMMERCIAL_CLOSED_APPROVED,M14,MBR-COM-003 — Approved Commercial Business Rules Family,RUMAHAGEN_COMMERCIAL_BUSINESS_RULES_CLOSURE_MBR-COM-001-013_v1.0.md,Core v1.3 Business Rules baseline identifies MBR-COM-001–013 as separate Commercial BR family; closure status now supersedes prior gap classification.,Owner-approved Commercial Closure Record v1.0,MBR-COM-001-013 closed/owner-approved commercial family; no fabricated historical per-ID wording.
MBR-COM-004,COMMERCIAL_CLOSED_APPROVED,M14,MBR-COM-004 — Approved Commercial Business Rules Family,RUMAHAGEN_COMMERCIAL_BUSINESS_RULES_CLOSURE_MBR-COM-001-013_v1.0.md,Core v1.3 Business Rules baseline identifies MBR-COM-001–013 as separate Commercial BR family; closure status now supersedes prior gap classification.,Owner-approved Commercial Closure Record v1.0,MBR-COM-001-013 closed/owner-approved commercial family; no fabricated historical per-ID wording.
MBR-COM-005,COMMERCIAL_CLOSED_APPROVED,M14,MBR-COM-005 — Approved Commercial Business Rules Family,RUMAHAGEN_COMMERCIAL_BUSINESS_RULES_CLOSURE_MBR-COM-001-013_v1.0.md,Core v1.3 Business Rules baseline identifies MBR-COM-001–013 as separate Commercial BR family; closure status now supersedes prior gap classification.,Owner-approved Commercial Closure Record v1.0,MBR-COM-001-013 closed/owner-approved commercial family; no fabricated historical per-ID wording.
MBR-COM-006,COMMERCIAL_CLOSED_APPROVED,M14,MBR-COM-006 — Approved Commercial Business Rules Family,RUMAHAGEN_COMMERCIAL_BUSINESS_RULES_CLOSURE_MBR-COM-001-013_v1.0.md,Core v1.3 Business Rules baseline identifies MBR-COM-001–013 as separate Commercial BR family; closure status now supersedes prior gap classification.,Owner-approved Commercial Closure Record v1.0,MBR-COM-001-013 closed/owner-approved commercial family; no fabricated historical per-ID wording.
MBR-COM-007,COMMERCIAL_CLOSED_APPROVED,M14,MBR-COM-007 — Approved Commercial Business Rules Family,RUMAHAGEN_COMMERCIAL_BUSINESS_RULES_CLOSURE_MBR-COM-001-013_v1.0.md,Core v1.3 Business Rules baseline identifies MBR-COM-001–013 as separate Commercial BR family; closure status now supersedes prior gap classification.,Owner-approved Commercial Closure Record v1.0,MBR-COM-001-013 closed/owner-approved commercial family; no fabricated historical per-ID wording.
MBR-COM-008,COMMERCIAL_CLOSED_APPROVED,M14,MBR-COM-008 — Approved Commercial Business Rules Family,RUMAHAGEN_COMMERCIAL_BUSINESS_RULES_CLOSURE_MBR-COM-001-013_v1.0.md,Core v1.3 Business Rules baseline identifies MBR-COM-001–013 as separate Commercial BR family; closure status now supersedes prior gap classification.,Owner-approved Commercial Closure Record v1.0,MBR-COM-001-013 closed/owner-approved commercial family; no fabricated historical per-ID wording.
MBR-COM-009,COMMERCIAL_CLOSED_APPROVED,M14,MBR-COM-009 — Approved Commercial Business Rules Family,RUMAHAGEN_COMMERCIAL_BUSINESS_RULES_CLOSURE_MBR-COM-001-013_v1.0.md,Core v1.3 Business Rules baseline identifies MBR-COM-001–013 as separate Commercial BR family; closure status now supersedes prior gap classification.,Owner-approved Commercial Closure Record v1.0,MBR-COM-001-013 closed/owner-approved commercial family; no fabricated historical per-ID wording.
MBR-COM-010,COMMERCIAL_CLOSED_APPROVED,M14,MBR-COM-010 — Approved Commercial Business Rules Family,RUMAHAGEN_COMMERCIAL_BUSINESS_RULES_CLOSURE_MBR-COM-001-013_v1.0.md,Core v1.3 Business Rules baseline identifies MBR-COM-001–013 as separate Commercial BR family; closure status now supersedes prior gap classification.,Owner-approved Commercial Closure Record v1.0,MBR-COM-001-013 closed/owner-approved commercial family; no fabricated historical per-ID wording.
MBR-COM-011,COMMERCIAL_CLOSED_APPROVED,M14,MBR-COM-011 — Approved Commercial Business Rules Family,RUMAHAGEN_COMMERCIAL_BUSINESS_RULES_CLOSURE_MBR-COM-001-013_v1.0.md,Core v1.3 Business Rules baseline identifies MBR-COM-001–013 as separate Commercial BR family; closure status now supersedes prior gap classification.,Owner-approved Commercial Closure Record v1.0,MBR-COM-001-013 closed/owner-approved commercial family; no fabricated historical per-ID wording.
MBR-COM-012,COMMERCIAL_CLOSED_APPROVED,M14,MBR-COM-012 — Approved Commercial Business Rules Family,RUMAHAGEN_COMMERCIAL_BUSINESS_RULES_CLOSURE_MBR-COM-001-013_v1.0.md,Core v1.3 Business Rules baseline identifies MBR-COM-001–013 as separate Commercial BR family; closure status now supersedes prior gap classification.,Owner-approved Commercial Closure Record v1.0,MBR-COM-001-013 closed/owner-approved commercial family; no fabricated historical per-ID wording.
MBR-COM-013,COMMERCIAL_CLOSED_APPROVED,M14,MBR-COM-013 — Approved Commercial Business Rules Family,RUMAHAGEN_COMMERCIAL_BUSINESS_RULES_CLOSURE_MBR-COM-001-013_v1.0.md,Core v1.3 Business Rules baseline identifies MBR-COM-001–013 as separate Commercial BR family; closure status now supersedes prior gap classification.,Owner-approved Commercial Closure Record v1.0,MBR-COM-001-013 closed/owner-approved commercial family; no fabricated historical per-ID wording.
