finding_id,module,recon_semantic_detail_finding,module_authority_artifact,step03_relationship_id,core_artifact_id,core_artifact,core_section_heading,authority_owner,authority_source_artifact,authority_basis,authority_scope,core_evidence_line,core_evidence_excerpt,dependency,proposed_synchronization_action,classification,linkage_status,candidate_count,linkage_basis,historical_core_artifact_id,historical_core_section_heading
M01-CI-001,M01,User / Identity View-Update,WF03-03-01_M01_FULL_SEMANTIC_REBUILD_v1.1.md,SR-F-0001,CAM11-0034,14_FUNCTIONAL/W4-02A.6.18_FUNCTIONAL_SPECIFICATION_CURRENT_FUNCTIONAL_IMPLEMENTATION_CONTRACT_v2.1.md,# 6. MODULE 1 — REGISTRATION & AUTHENTICATION,CORE FUNCTIONAL CONTRACT AUTHORITY,01_GOVERNANCE/W4-02A.1_GOVERNANCE_CONSOLIDATION_FINAL_DECISION_AUTHORITY_v1.0.docx,Functional contract under Core governance,FULL semantic rebuild; current M01 identity/authentication authority,344.0,→ enter identity/contact → verify OTP → create account → upload required verification documents,M02/M10/M12/M14/M15 as governed dependencies,Preserve existing Core semantic/detail contract; retain provenance.,PRESERVE,DETERMINISTIC_EXPLICIT_FINDING_RELATIONSHIP,1,Exact finding-level relationship created in STEP03 v1.3 from current module authority + exact Core artifact + exact section/evidence anchor.,CAM11-0076,# RUMAHAGEN — WIREFRAME CORE FINAL SOURCE PACK v1.1
M01-CI-002,M01,OTP / authentication lifecycle,WF03-03-01_M01_FULL_SEMANTIC_REBUILD_v1.1.md,SR-F-0002,CAM11-0034,14_FUNCTIONAL/W4-02A.6.18_FUNCTIONAL_SPECIFICATION_CURRENT_FUNCTIONAL_IMPLEMENTATION_CONTRACT_v2.1.md,# 6. MODULE 1 — REGISTRATION & AUTHENTICATION,CORE FUNCTIONAL CONTRACT AUTHORITY,01_GOVERNANCE/W4-02A.1_GOVERNANCE_CONSOLIDATION_FINAL_DECISION_AUTHORITY_v1.0.docx,Functional contract under Core governance,FULL semantic rebuild; current M01 identity/authentication authority,345.0,→ verify OTP,M02/M10/M12/M14/M15 as governed dependencies,Preserve existing Core semantic/detail contract; retain provenance.,PRESERVE,DETERMINISTIC_EXPLICIT_FINDING_RELATIONSHIP,1,Exact finding-level relationship created in STEP03 v1.3 from current module authority + exact Core artifact + exact section/evidence anchor.,CAM11-0076,# RUMAHAGEN — WIREFRAME CORE FINAL SOURCE PACK v1.1
M01-CI-003,M01,Verification Document Create,WF03-03-01_M01_FULL_SEMANTIC_REBUILD_v1.1.md,SR-F-0003,CAM11-0034,14_FUNCTIONAL/W4-02A.6.18_FUNCTIONAL_SPECIFICATION_CURRENT_FUNCTIONAL_IMPLEMENTATION_CONTRACT_v2.1.md,# 6. MODULE 1 — REGISTRATION & AUTHENTICATION,CORE FUNCTIONAL CONTRACT AUTHORITY,01_GOVERNANCE/W4-02A.1_GOVERNANCE_CONSOLIDATION_FINAL_DECISION_AUTHORITY_v1.0.docx,Functional contract under Core governance,FULL semantic rebuild; current M01 identity/authentication authority,347.0,→ upload required verification documents,M02/M10/M12/M14/M15 as governed dependencies,Preserve existing Core semantic/detail contract; retain provenance.,PRESERVE,DETERMINISTIC_EXPLICIT_FINDING_RELATIONSHIP,1,Exact finding-level relationship created in STEP03 v1.3 from current module authority + exact Core artifact + exact section/evidence anchor.,CAM11-0076,# RUMAHAGEN — WIREFRAME CORE FINAL SOURCE PACK v1.1
M01-CI-004,M01,Verification Document View,WF03-03-01_M01_FULL_SEMANTIC_REBUILD_v1.1.md,SR-0723,26_ENGINEERING_ALIGNMENT/W4-02A.6.30_ENGINEERING_ALIGNMENT_GUIDEBOOK_PLAYBOOK_v2.1.md,26_ENGINEERING_ALIGNMENT/W4-02A.6.30_ENGINEERING_ALIGNMENT_GUIDEBOOK_PLAYBOOK_v2.1.md,# RUMAHAGEN — W4-02A.6.30,CORE ENGINEERING ALIGNMENT AUTHORITY,01_GOVERNANCE/W4-02A.1_GOVERNANCE_CONSOLIDATION_FINAL_DECISION_AUTHORITY_v1.0.docx,Engineering alignment is controlled by Core governance,FULL semantic rebuild; current M01 identity/authentication authority,4.0,**Version:** 2.1,M02/M10/M12/M14/M15 as governed dependencies,Preserve existing Core semantic/detail contract; retain provenance.,PRESERVE,DETERMINISTIC_CROSSWALK_VALIDATED,1,Exact deterministic join on module + prior candidate Core artifact + prior Core section. Current Core/evidence/authority/dependency fields are sourced from the matched STEP03 v1.2 relationship. STEP04 v1.0 is provenance only; no keyword/layer fallback.,CAM11-0066,# RUMAHAGEN — W4-02A.6.30
M01-CI-005,M01,Verification Document Review,WF03-03-01_M01_FULL_SEMANTIC_REBUILD_v1.1.md,SR-0723,26_ENGINEERING_ALIGNMENT/W4-02A.6.30_ENGINEERING_ALIGNMENT_GUIDEBOOK_PLAYBOOK_v2.1.md,26_ENGINEERING_ALIGNMENT/W4-02A.6.30_ENGINEERING_ALIGNMENT_GUIDEBOOK_PLAYBOOK_v2.1.md,# RUMAHAGEN — W4-02A.6.30,CORE ENGINEERING ALIGNMENT AUTHORITY,01_GOVERNANCE/W4-02A.1_GOVERNANCE_CONSOLIDATION_FINAL_DECISION_AUTHORITY_v1.0.docx,Engineering alignment is controlled by Core governance,FULL semantic rebuild; current M01 identity/authentication authority,4.0,**Version:** 2.1,M02/M10/M12/M14/M15 as governed dependencies,Preserve existing Core semantic/detail contract; retain provenance.,PRESERVE,DETERMINISTIC_CROSSWALK_VALIDATED,1,Exact deterministic join on module + prior candidate Core artifact + prior Core section. Current Core/evidence/authority/dependency fields are sourced from the matched STEP03 v1.2 relationship. STEP04 v1.0 is provenance only; no keyword/layer fallback.,CAM11-0066,# RUMAHAGEN — W4-02A.6.30
M01-CI-006,M01,Agent auto-activation,WF03-03-01_M01_FULL_SEMANTIC_REBUILD_v1.1.md,SR-0415,14_FUNCTIONAL/W4-02A.6.18_FUNCTIONAL_SPECIFICATION_CURRENT_FUNCTIONAL_IMPLEMENTATION_CONTRACT_v2.1.md,14_FUNCTIONAL/W4-02A.6.18_FUNCTIONAL_SPECIFICATION_CURRENT_FUNCTIONAL_IMPLEMENTATION_CONTRACT_v2.1.md,# RUMAHAGEN — FUNCTIONAL SPECIFICATION,CORE FUNCTIONAL CONTRACT AUTHORITY,01_GOVERNANCE/W4-02A.1_GOVERNANCE_CONSOLIDATION_FINAL_DECISION_AUTHORITY_v1.0.docx,Functional contract under Core governance,FULL semantic rebuild; current M01 identity/authentication authority,4.0,**Version:** 2.1 — W4-02A.6.18,M02/M10/M12/M14/M15 as governed dependencies,Preserve existing Core semantic/detail contract; retain provenance.,PRESERVE,DETERMINISTIC_CROSSWALK_VALIDATED,1,Exact deterministic join on module + prior candidate Core artifact + prior Core section. Current Core/evidence/authority/dependency fields are sourced from the matched STEP03 v1.2 relationship. STEP04 v1.0 is provenance only; no keyword/layer fallback.,CAM11-0034,# RUMAHAGEN — FUNCTIONAL SPECIFICATION
M01-CI-007,M01,Conditional KTP eligibility,WF03-03-01_M01_FULL_SEMANTIC_REBUILD_v1.1.md,SR-0723,26_ENGINEERING_ALIGNMENT/W4-02A.6.30_ENGINEERING_ALIGNMENT_GUIDEBOOK_PLAYBOOK_v2.1.md,26_ENGINEERING_ALIGNMENT/W4-02A.6.30_ENGINEERING_ALIGNMENT_GUIDEBOOK_PLAYBOOK_v2.1.md,# RUMAHAGEN — W4-02A.6.30,CORE ENGINEERING ALIGNMENT AUTHORITY,01_GOVERNANCE/W4-02A.1_GOVERNANCE_CONSOLIDATION_FINAL_DECISION_AUTHORITY_v1.0.docx,Engineering alignment is controlled by Core governance,FULL semantic rebuild; current M01 identity/authentication authority,4.0,**Version:** 2.1,M02/M10/M12/M14/M15 as governed dependencies,Carry validated module detail into the applicable Core contract without deleting valid Core detail.,AUGMENT,DETERMINISTIC_CROSSWALK_VALIDATED,1,Exact deterministic join on module + prior candidate Core artifact + prior Core section. Current Core/evidence/authority/dependency fields are sourced from the matched STEP03 v1.2 relationship. STEP04 v1.0 is provenance only; no keyword/layer fallback.,CAM11-0066,# RUMAHAGEN — W4-02A.6.30
M01-CI-008,M01,KTP DEFERRED / ISI NANTI,WF03-03-01_M01_FULL_SEMANTIC_REBUILD_v1.1.md,SR-0498,20_MODULE_PLANNING/W4-02A.6.24_REVISED_MODULE_PLANNING_CURRENT_MODULE_DELIVERY_PLANNING_v2.1.md,20_MODULE_PLANNING/W4-02A.6.24_REVISED_MODULE_PLANNING_CURRENT_MODULE_DELIVERY_PLANNING_v2.1.md,# RUMAHAGEN — REVISED MODULE PLANNING,CORE MODULE PLANNING AUTHORITY,01_GOVERNANCE/W4-02A.1_GOVERNANCE_CONSOLIDATION_FINAL_DECISION_AUTHORITY_v1.0.docx,Current module delivery planning contract,FULL semantic rebuild; current M01 identity/authentication authority,4.0,**Version:** 2.1 — W4-02A.6.24,M02/M10/M12/M14/M15 as governed dependencies,Preserve existing Core semantic/detail contract; retain provenance.,PRESERVE,DETERMINISTIC_CROSSWALK_VALIDATED,1,Exact deterministic join on module + prior candidate Core artifact + prior Core section. Current Core/evidence/authority/dependency fields are sourced from the matched STEP03 v1.2 relationship. STEP04 v1.0 is provenance only; no keyword/layer fallback.,CAM11-0040,# RUMAHAGEN — REVISED MODULE PLANNING
M01-CI-009,M01,Pending Review boundary,WF03-03-01_M01_FULL_SEMANTIC_REBUILD_v1.1.md,SR-0483,19_IMPLEMENTATION_STRATEGY/W4-02A.6.23_MODULE_IMPLEMENTATION_STRATEGY_INTEGRATED_IMPLEMENTATION_SEQUENCING_v2.1.md,19_IMPLEMENTATION_STRATEGY/W4-02A.6.23_MODULE_IMPLEMENTATION_STRATEGY_INTEGRATED_IMPLEMENTATION_SEQUENCING_v2.1.md,# RUMAHAGEN — MODULE IMPLEMENTATION STRATEGY,CORE IMPLEMENTATION STRATEGY AUTHORITY,01_GOVERNANCE/W4-02A.1_GOVERNANCE_CONSOLIDATION_FINAL_DECISION_AUTHORITY_v1.0.docx,Integrated implementation sequencing under freeze,FULL semantic rebuild; current M01 identity/authentication authority,4.0,**Version:** 2.1 — W4-02A.6.23,M02/M10/M12/M14/M15 as governed dependencies,Hand only the contradictory semantic portion to STEP05; preserve unrelated Core detail.,RECONCILE,DETERMINISTIC_CROSSWALK_VALIDATED,1,Exact deterministic join on module + prior candidate Core artifact + prior Core section. Current Core/evidence/authority/dependency fields are sourced from the matched STEP03 v1.2 relationship. STEP04 v1.0 is provenance only; no keyword/layer fallback.,CAM11-0039,# RUMAHAGEN — MODULE IMPLEMENTATION STRATEGY
M01-CI-010,M01,Identity → authorization M10,WF03-03-01_M01_FULL_SEMANTIC_REBUILD_v1.1.md,SR-0723,26_ENGINEERING_ALIGNMENT/W4-02A.6.30_ENGINEERING_ALIGNMENT_GUIDEBOOK_PLAYBOOK_v2.1.md,26_ENGINEERING_ALIGNMENT/W4-02A.6.30_ENGINEERING_ALIGNMENT_GUIDEBOOK_PLAYBOOK_v2.1.md,# RUMAHAGEN — W4-02A.6.30,CORE ENGINEERING ALIGNMENT AUTHORITY,01_GOVERNANCE/W4-02A.1_GOVERNANCE_CONSOLIDATION_FINAL_DECISION_AUTHORITY_v1.0.docx,Engineering alignment is controlled by Core governance,FULL semantic rebuild; current M01 identity/authentication authority,4.0,**Version:** 2.1,M02/M10/M12/M14/M15 as governed dependencies,Preserve existing Core semantic/detail contract; retain provenance.,PRESERVE,DETERMINISTIC_CROSSWALK_VALIDATED,1,Exact deterministic join on module + prior candidate Core artifact + prior Core section. Current Core/evidence/authority/dependency fields are sourced from the matched STEP03 v1.2 relationship. STEP04 v1.0 is provenance only; no keyword/layer fallback.,CAM11-0066,# RUMAHAGEN — W4-02A.6.30
M01-CI-011,M01,Identity dependencies M02/M03/M06,WF03-03-01_M01_FULL_SEMANTIC_REBUILD_v1.1.md,SR-0723,26_ENGINEERING_ALIGNMENT/W4-02A.6.30_ENGINEERING_ALIGNMENT_GUIDEBOOK_PLAYBOOK_v2.1.md,26_ENGINEERING_ALIGNMENT/W4-02A.6.30_ENGINEERING_ALIGNMENT_GUIDEBOOK_PLAYBOOK_v2.1.md,# RUMAHAGEN — W4-02A.6.30,CORE ENGINEERING ALIGNMENT AUTHORITY,01_GOVERNANCE/W4-02A.1_GOVERNANCE_CONSOLIDATION_FINAL_DECISION_AUTHORITY_v1.0.docx,Engineering alignment is controlled by Core governance,FULL semantic rebuild; current M01 identity/authentication authority,4.0,**Version:** 2.1,M02/M10/M12/M14/M15 as governed dependencies,Preserve existing Core semantic/detail contract; retain provenance.,PRESERVE,DETERMINISTIC_CROSSWALK_VALIDATED,1,Exact deterministic join on module + prior candidate Core artifact + prior Core section. Current Core/evidence/authority/dependency fields are sourced from the matched STEP03 v1.2 relationship. STEP04 v1.0 is provenance only; no keyword/layer fallback.,CAM11-0066,# RUMAHAGEN — W4-02A.6.30
M01-CI-012,M01,Physical/runtime separation,WF03-03-01_M01_FULL_SEMANTIC_REBUILD_v1.1.md,SR-F-0004,CAM11-0045,23_M01_M07/W4-02A.6.27_FOCUSED_EXECUTION_PACK_M01-M07_v2.1_EXTRACTED/RUMAHAGEN_W4-02A.6.27_FOCUSED_EXECUTION_PACK_M01-M07_v2.1/M01_PHYSICAL_EXECUTION_SPEC_v2.1.md,## 19. Controlled residuals,M01–M07 EXECUTION CONTEXT; MODULE AUTHORITIES REMAIN SEMANTIC AUTHORITY,M01–M07 CURRENT AUTHORITY ARTIFACT SET,Focused execution pack is downstream execution context,FULL semantic rebuild; current M01 identity/authentication authority,144.0,## 19. Controlled residuals - Runtime verification remains downstream in W4-03. - Exact physical permission seeds/IDs remain downstream unless frozen by current authority. - Provider operational/runtime behavior remains downstream where applicable.,M02/M10/M12/M14/M15 as governed dependencies,Preserve existing Core semantic/detail contract; retain provenance.,PRESERVE,DETERMINISTIC_EXPLICIT_FINDING_RELATIONSHIP,1,Exact finding-level relationship created in STEP03 v1.3 from current module authority + exact Core artifact + exact section/evidence anchor.,CAM11-0076,# RUMAHAGEN — WIREFRAME CORE FINAL SOURCE PACK v1.1
M01-CI-013,M01,M01 physical/runtime status,WF03-03-01_M01_FULL_SEMANTIC_REBUILD_v1.1.md,SR-0072,04_ARCHITECTURE/W4-02A.6.5_SYSTEM_ARCHITECTURE_FULL_CONSOLIDATED_v1.8.docx,04_ARCHITECTURE/W4-02A.6.5_SYSTEM_ARCHITECTURE_FULL_CONSOLIDATED_v1.8.docx,"# developer-projects, calculator (dbr), notifications, rbac, seo",CORE ARCHITECTURE,01_GOVERNANCE/W4-02A.1_GOVERNANCE_CONSOLIDATION_FINAL_DECISION_AUTHORITY_v1.0.docx,Core architecture is governed as immutable Core semantic contract,FULL semantic rebuild; current M01 identity/authentication authority,1.0,RUMAHAGEN — SYSTEM ARCHITECTURE,M02/M10/M12/M14/M15 as governed dependencies,Track downstream physical/API/RLS/runtime work; do not convert implementation status into semantic proof.,CONTROLLED,DETERMINISTIC_CROSSWALK_VALIDATED,1,Exact deterministic join on module + prior candidate Core artifact + prior Core section. Current Core/evidence/authority/dependency fields are sourced from the matched STEP03 v1.2 relationship. STEP04 v1.0 is provenance only; no keyword/layer fallback.,CAM11-0011,"# developer-projects, calculator (dbr), notifications, rbac, seo"
M01-CI-014,M01,M01 public profile authority,WF03-03-01_M01_FULL_SEMANTIC_REBUILD_v1.1.md,SR-0072,04_ARCHITECTURE/W4-02A.6.5_SYSTEM_ARCHITECTURE_FULL_CONSOLIDATED_v1.8.docx,04_ARCHITECTURE/W4-02A.6.5_SYSTEM_ARCHITECTURE_FULL_CONSOLIDATED_v1.8.docx,"# developer-projects, calculator (dbr), notifications, rbac, seo",CORE ARCHITECTURE,01_GOVERNANCE/W4-02A.1_GOVERNANCE_CONSOLIDATION_FINAL_DECISION_AUTHORITY_v1.0.docx,Core architecture is governed as immutable Core semantic contract,FULL semantic rebuild; current M01 identity/authentication authority,1.0,RUMAHAGEN — SYSTEM ARCHITECTURE,M02/M10/M12/M14/M15 as governed dependencies,Do not propagate this finding into the target Core contract; retain provenance.,NO-PROPAGATION,DETERMINISTIC_CROSSWALK_VALIDATED,1,Exact deterministic join on module + prior candidate Core artifact + prior Core section. Current Core/evidence/authority/dependency fields are sourced from the matched STEP03 v1.2 relationship. STEP04 v1.0 is provenance only; no keyword/layer fallback.,CAM11-0011,"# developer-projects, calculator (dbr), notifications, rbac, seo"
M02-CI-001,M02,Agent Profile — View,WF03-03-02_M02_FULL_SEMANTIC_REBUILD_v1.1.md,SR-0499,20_MODULE_PLANNING/W4-02A.6.24_REVISED_MODULE_PLANNING_CURRENT_MODULE_DELIVERY_PLANNING_v2.1.md,20_MODULE_PLANNING/W4-02A.6.24_REVISED_MODULE_PLANNING_CURRENT_MODULE_DELIVERY_PLANNING_v2.1.md,# RUMAHAGEN — REVISED MODULE PLANNING,CORE MODULE PLANNING AUTHORITY,01_GOVERNANCE/W4-02A.1_GOVERNANCE_CONSOLIDATION_FINAL_DECISION_AUTHORITY_v1.0.docx,Current module delivery planning contract,FULL semantic rebuild; current M02 profile/reviews/visibility authority,4.0,**Version:** 2.1 — W4-02A.6.24,M01/M03/M11/M12,Preserve existing Core semantic/detail contract; retain provenance.,PRESERVE,DETERMINISTIC_CROSSWALK_VALIDATED,1,Exact deterministic join on module + prior candidate Core artifact + prior Core section. Current Core/evidence/authority/dependency fields are sourced from the matched STEP03 v1.2 relationship. STEP04 v1.0 is provenance only; no keyword/layer fallback.,CAM11-0040,# RUMAHAGEN — REVISED MODULE PLANNING
M02-CI-002,M02,Agent Profile — Update,WF03-03-02_M02_FULL_SEMANTIC_REBUILD_v1.1.md,SR-0416,14_FUNCTIONAL/W4-02A.6.18_FUNCTIONAL_SPECIFICATION_CURRENT_FUNCTIONAL_IMPLEMENTATION_CONTRACT_v2.1.md,14_FUNCTIONAL/W4-02A.6.18_FUNCTIONAL_SPECIFICATION_CURRENT_FUNCTIONAL_IMPLEMENTATION_CONTRACT_v2.1.md,# RUMAHAGEN — FUNCTIONAL SPECIFICATION,CORE FUNCTIONAL CONTRACT AUTHORITY,01_GOVERNANCE/W4-02A.1_GOVERNANCE_CONSOLIDATION_FINAL_DECISION_AUTHORITY_v1.0.docx,Functional contract under Core governance,FULL semantic rebuild; current M02 profile/reviews/visibility authority,4.0,**Version:** 2.1 — W4-02A.6.18,M01/M03/M11/M12,Preserve existing Core semantic/detail contract; retain provenance.,PRESERVE,DETERMINISTIC_CROSSWALK_VALIDATED,1,Exact deterministic join on module + prior candidate Core artifact + prior Core section. Current Core/evidence/authority/dependency fields are sourced from the matched STEP03 v1.2 relationship. STEP04 v1.0 is provenance only; no keyword/layer fallback.,CAM11-0034,# RUMAHAGEN — FUNCTIONAL SPECIFICATION
M02-CI-003,M02,Profile Visibility — PUBLIC/PRIVATE,WF03-03-02_M02_FULL_SEMANTIC_REBUILD_v1.1.md,SR-0724,26_ENGINEERING_ALIGNMENT/W4-02A.6.30_ENGINEERING_ALIGNMENT_GUIDEBOOK_PLAYBOOK_v2.1.md,26_ENGINEERING_ALIGNMENT/W4-02A.6.30_ENGINEERING_ALIGNMENT_GUIDEBOOK_PLAYBOOK_v2.1.md,# RUMAHAGEN — W4-02A.6.30,CORE ENGINEERING ALIGNMENT AUTHORITY,01_GOVERNANCE/W4-02A.1_GOVERNANCE_CONSOLIDATION_FINAL_DECISION_AUTHORITY_v1.0.docx,Engineering alignment is controlled by Core governance,FULL semantic rebuild; current M02 profile/reviews/visibility authority,4.0,**Version:** 2.1,M01/M03/M11/M12,Preserve existing Core semantic/detail contract; retain provenance.,PRESERVE,DETERMINISTIC_CROSSWALK_VALIDATED,1,Exact deterministic join on module + prior candidate Core artifact + prior Core section. Current Core/evidence/authority/dependency fields are sourced from the matched STEP03 v1.2 relationship. STEP04 v1.0 is provenance only; no keyword/layer fallback.,CAM11-0066,# RUMAHAGEN — W4-02A.6.30
M02-CI-004,M02,Public CTA — explicit opt-in,WF03-03-02_M02_FULL_SEMANTIC_REBUILD_v1.1.md,SR-0460,17_SEO_ANALYTICS/W4-02A.6.21_SEO_ANALYTICS_SPECIFICATION_DISCOVERY_MEASUREMENT_BASELINE_v2.1.md,17_SEO_ANALYTICS/W4-02A.6.21_SEO_ANALYTICS_SPECIFICATION_DISCOVERY_MEASUREMENT_BASELINE_v2.1.md,# RUMAHAGEN --- SEO / ANALYTICS SPECIFICATION,M11 PUBLIC DISCOVERY / SEO / MEASUREMENT AUTHORITY,RUMAHAGEN_WF03_M11_FULL_REBUILD_CONTROLLED_v2.0_FULL_VERSION/RUMAHAGEN_WF03_M11_FULL_REBUILD_CONTROLLED_v2.0_FULL_VERSION.md,"M11 owns public discovery, SEO, tracking and measurement",FULL semantic rebuild; current M02 profile/reviews/visibility authority,5.0,**Version:** 2.1 --- W4-02A.6.21\,M01/M03/M11/M12,Preserve existing Core semantic/detail contract; retain provenance.,PRESERVE,DETERMINISTIC_CROSSWALK_VALIDATED,1,Exact deterministic join on module + prior candidate Core artifact + prior Core section. Current Core/evidence/authority/dependency fields are sourced from the matched STEP03 v1.2 relationship. STEP04 v1.0 is provenance only; no keyword/layer fallback.,CAM11-0037,# RUMAHAGEN --- SEO / ANALYTICS SPECIFICATION
M02-CI-005,M02,Superadmin visibility/CTA override,WF03-03-02_M02_FULL_SEMANTIC_REBUILD_v1.1.md,SR-0724,26_ENGINEERING_ALIGNMENT/W4-02A.6.30_ENGINEERING_ALIGNMENT_GUIDEBOOK_PLAYBOOK_v2.1.md,26_ENGINEERING_ALIGNMENT/W4-02A.6.30_ENGINEERING_ALIGNMENT_GUIDEBOOK_PLAYBOOK_v2.1.md,# RUMAHAGEN — W4-02A.6.30,CORE ENGINEERING ALIGNMENT AUTHORITY,01_GOVERNANCE/W4-02A.1_GOVERNANCE_CONSOLIDATION_FINAL_DECISION_AUTHORITY_v1.0.docx,Engineering alignment is controlled by Core governance,FULL semantic rebuild; current M02 profile/reviews/visibility authority,4.0,**Version:** 2.1,M01/M03/M11/M12,Preserve existing Core semantic/detail contract; retain provenance.,PRESERVE,DETERMINISTIC_CROSSWALK_VALIDATED,1,Exact deterministic join on module + prior candidate Core artifact + prior Core section. Current Core/evidence/authority/dependency fields are sourced from the matched STEP03 v1.2 relationship. STEP04 v1.0 is provenance only; no keyword/layer fallback.,CAM11-0066,# RUMAHAGEN — W4-02A.6.30
M02-CI-006,M02,Review Create — OWN,WF03-03-02_M02_FULL_SEMANTIC_REBUILD_v1.1.md,SR-F-0005,CAM11-0034,14_FUNCTIONAL/W4-02A.6.18_FUNCTIONAL_SPECIFICATION_CURRENT_FUNCTIONAL_IMPLEMENTATION_CONTRACT_v2.1.md,## 7.4 FR-M02-004 — Review,CORE FUNCTIONAL CONTRACT AUTHORITY,01_GOVERNANCE/W4-02A.1_GOVERNANCE_CONSOLIDATION_FINAL_DECISION_AUTHORITY_v1.0.docx,Functional contract under Core governance,FULL semantic rebuild; current M02 profile/reviews/visibility authority,469.0,## 7.4 FR-M02-004 — Review  ```text Buyer → select Agent → submit review → PENDING → moderation → APPROVED / REJECTED ```  Current PRD preserves:  - one active Buyer review per Agent; - later submission replaces prior active review; - Buyer may review multiple Agents; - Agent self-review is allowed; - Agent self-review is auto-approved; - approved reviews contribute to aggregate rating;,M01/M03/M11/M12,Preserve existing Core semantic/detail contract; retain provenance.,PRESERVE,DETERMINISTIC_EXPLICIT_FINDING_RELATIONSHIP,1,Exact finding-level relationship created in STEP03 v1.3 from current module authority + exact Core artifact + exact section/evidence anchor.,CAM11-0076,# RUMAHAGEN — WIREFRAME CORE FINAL SOURCE PACK v1.1
M02-CI-007,M02,Review View,WF03-03-02_M02_FULL_SEMANTIC_REBUILD_v1.1.md,SR-0724,26_ENGINEERING_ALIGNMENT/W4-02A.6.30_ENGINEERING_ALIGNMENT_GUIDEBOOK_PLAYBOOK_v2.1.md,26_ENGINEERING_ALIGNMENT/W4-02A.6.30_ENGINEERING_ALIGNMENT_GUIDEBOOK_PLAYBOOK_v2.1.md,# RUMAHAGEN — W4-02A.6.30,CORE ENGINEERING ALIGNMENT AUTHORITY,01_GOVERNANCE/W4-02A.1_GOVERNANCE_CONSOLIDATION_FINAL_DECISION_AUTHORITY_v1.0.docx,Engineering alignment is controlled by Core governance,FULL semantic rebuild; current M02 profile/reviews/visibility authority,4.0,**Version:** 2.1,M01/M03/M11/M12,Preserve existing Core semantic/detail contract; retain provenance.,PRESERVE,DETERMINISTIC_CROSSWALK_VALIDATED,1,Exact deterministic join on module + prior candidate Core artifact + prior Core section. Current Core/evidence/authority/dependency fields are sourced from the matched STEP03 v1.2 relationship. STEP04 v1.0 is provenance only; no keyword/layer fallback.,CAM11-0066,# RUMAHAGEN — W4-02A.6.30
M02-CI-008,M02,Review Auto-Approve / post-publication moderation,WF03-03-02_M02_FULL_SEMANTIC_REBUILD_v1.1.md,SR-0724,26_ENGINEERING_ALIGNMENT/W4-02A.6.30_ENGINEERING_ALIGNMENT_GUIDEBOOK_PLAYBOOK_v2.1.md,26_ENGINEERING_ALIGNMENT/W4-02A.6.30_ENGINEERING_ALIGNMENT_GUIDEBOOK_PLAYBOOK_v2.1.md,# RUMAHAGEN — W4-02A.6.30,CORE ENGINEERING ALIGNMENT AUTHORITY,01_GOVERNANCE/W4-02A.1_GOVERNANCE_CONSOLIDATION_FINAL_DECISION_AUTHORITY_v1.0.docx,Engineering alignment is controlled by Core governance,FULL semantic rebuild; current M02 profile/reviews/visibility authority,4.0,**Version:** 2.1,M01/M03/M11/M12,Hand only the contradictory semantic portion to STEP05; preserve unrelated Core detail.,RECONCILE,DETERMINISTIC_CROSSWALK_VALIDATED,1,Exact deterministic join on module + prior candidate Core artifact + prior Core section. Current Core/evidence/authority/dependency fields are sourced from the matched STEP03 v1.2 relationship. STEP04 v1.0 is provenance only; no keyword/layer fallback.,CAM11-0066,# RUMAHAGEN — W4-02A.6.30
M02-CI-009,M02,Outcome Presentation — non-owning,WF03-03-02_M02_FULL_SEMANTIC_REBUILD_v1.1.md,SR-0073,04_ARCHITECTURE/W4-02A.6.5_SYSTEM_ARCHITECTURE_FULL_CONSOLIDATED_v1.8.docx,04_ARCHITECTURE/W4-02A.6.5_SYSTEM_ARCHITECTURE_FULL_CONSOLIDATED_v1.8.docx,"# developer-projects, calculator (dbr), notifications, rbac, seo",CORE ARCHITECTURE,01_GOVERNANCE/W4-02A.1_GOVERNANCE_CONSOLIDATION_FINAL_DECISION_AUTHORITY_v1.0.docx,Core architecture is governed as immutable Core semantic contract,FULL semantic rebuild; current M02 profile/reviews/visibility authority,1.0,RUMAHAGEN — SYSTEM ARCHITECTURE,M01/M03/M11/M12,Add validated capability/detail to the Core semantic contract; preserve existing detail.,ADD-NEW,DETERMINISTIC_CROSSWALK_VALIDATED,1,Exact deterministic join on module + prior candidate Core artifact + prior Core section. Current Core/evidence/authority/dependency fields are sourced from the matched STEP03 v1.2 relationship. STEP04 v1.0 is provenance only; no keyword/layer fallback.,CAM11-0011,"# developer-projects, calculator (dbr), notifications, rbac, seo"
M02-CI-010,M02,Private Identity / Legal / Verification boundary,WF03-03-02_M02_FULL_SEMANTIC_REBUILD_v1.1.md,SR-F-0006,CAM11-0035,15_TECHNICAL/W4-02A.6.19_TECHNICAL_SPECIFICATION_CURRENT_TECHNICAL_IMPLEMENTATION_CONTRACT_v2.1.md,## 21.3 Legal documents,CORE TECHNICAL CONTRACT AUTHORITY,01_GOVERNANCE/W4-02A.1_GOVERNANCE_CONSOLIDATION_FINAL_DECISION_AUTHORITY_v1.0.docx,Technical implementation contract under Core governance,FULL semantic rebuild; current M02 profile/reviews/visibility authority,1466.0,KTP/NPWP/legal files:  - private; - authorized access only; - never indexed; - never included in public analytics; - never exposed through public URL without controlled authorization.,M01/M03/M11/M12,Preserve existing Core semantic/detail contract; retain provenance.,PRESERVE,DETERMINISTIC_EXPLICIT_FINDING_RELATIONSHIP,1,Exact finding-level relationship created in STEP03 v1.3 from current module authority + exact Core artifact + exact section/evidence anchor.,CAM11-0076,# RUMAHAGEN — WIREFRAME CORE FINAL SOURCE PACK v1.1
M02-CI-011,M02,KTP deferred semantics,WF03-03-02_M02_FULL_SEMANTIC_REBUILD_v1.1.md,SR-F-0010,CAM11-0034,14_FUNCTIONAL/W4-02A.6.18_FUNCTIONAL_SPECIFICATION_CURRENT_FUNCTIONAL_IMPLEMENTATION_CONTRACT_v2.1.md,§6.1 FR-M01-001 — Agent registration,CORE FUNCTIONAL CONTRACT AUTHORITY,01_GOVERNANCE/W4-02A.1_GOVERNANCE_CONSOLIDATION_FINAL_DECISION_AUTHORITY_v1.0.docx,Functional contract under Core governance,Core functional contract authority; current registration/review state evidence,340–372,verify OTP → create account → upload required verification documents → submit review → account = PENDING_REVIEW; Reviewer approves → ACTIVE; Pending account is not treated as Active,M01/M03/M11/M12,Reconcile M02 deferred-KTP semantic flow against the contradictory current Core registration/review contract; preserve both M02/M01 semantic evidence and Core evidence for STEP05 semantic conflict resolution; do not modify Core in STEP03.,RECONCILE,DETERMINISTIC_EXPLICIT_FINDING_RELATIONSHIP,1,"STEP03-A v1.0 establishes a deterministic current-Core target: primary exact anchor CAM11-0034 §6.1 FR-M01-001 lines 340–372. Corroborating exact UI/UX anchor is linked as SR-F-0011 (CAM11-0036 §9.3 lines 666–680). Current M01/M02 semantic authorities state KTP DEFERRED/NOT_PROVIDED → ACTIVE → HOME with no PENDING_REVIEW; Core functional/UI evidence states verification documents → PENDING_REVIEW → reviewer approval → ACTIVE. This is an explicit semantic conflict candidate, not an inferred mapping.",CAM11-0076,# RUMAHAGEN — WIREFRAME CORE FINAL SOURCE PACK v1.1
M02-CI-012,M02,M02 ↔ M01 identity boundary,WF03-03-02_M02_FULL_SEMANTIC_REBUILD_v1.1.md,SR-0724,26_ENGINEERING_ALIGNMENT/W4-02A.6.30_ENGINEERING_ALIGNMENT_GUIDEBOOK_PLAYBOOK_v2.1.md,26_ENGINEERING_ALIGNMENT/W4-02A.6.30_ENGINEERING_ALIGNMENT_GUIDEBOOK_PLAYBOOK_v2.1.md,# RUMAHAGEN — W4-02A.6.30,CORE ENGINEERING ALIGNMENT AUTHORITY,01_GOVERNANCE/W4-02A.1_GOVERNANCE_CONSOLIDATION_FINAL_DECISION_AUTHORITY_v1.0.docx,Engineering alignment is controlled by Core governance,FULL semantic rebuild; current M02 profile/reviews/visibility authority,4.0,**Version:** 2.1,M01/M03/M11/M12,Preserve existing Core semantic/detail contract; retain provenance.,PRESERVE,DETERMINISTIC_CROSSWALK_VALIDATED,1,Exact deterministic join on module + prior candidate Core artifact + prior Core section. Current Core/evidence/authority/dependency fields are sourced from the matched STEP03 v1.2 relationship. STEP04 v1.0 is provenance only; no keyword/layer fallback.,CAM11-0066,# RUMAHAGEN — W4-02A.6.30
M02-CI-013,M02,M02 ↔ M03 Listing boundary,WF03-03-02_M02_FULL_SEMANTIC_REBUILD_v1.1.md,SR-0724,26_ENGINEERING_ALIGNMENT/W4-02A.6.30_ENGINEERING_ALIGNMENT_GUIDEBOOK_PLAYBOOK_v2.1.md,26_ENGINEERING_ALIGNMENT/W4-02A.6.30_ENGINEERING_ALIGNMENT_GUIDEBOOK_PLAYBOOK_v2.1.md,# RUMAHAGEN — W4-02A.6.30,CORE ENGINEERING ALIGNMENT AUTHORITY,01_GOVERNANCE/W4-02A.1_GOVERNANCE_CONSOLIDATION_FINAL_DECISION_AUTHORITY_v1.0.docx,Engineering alignment is controlled by Core governance,FULL semantic rebuild; current M02 profile/reviews/visibility authority,4.0,**Version:** 2.1,M01/M03/M11/M12,Preserve existing Core semantic/detail contract; retain provenance.,PRESERVE,DETERMINISTIC_CROSSWALK_VALIDATED,1,Exact deterministic join on module + prior candidate Core artifact + prior Core section. Current Core/evidence/authority/dependency fields are sourced from the matched STEP03 v1.2 relationship. STEP04 v1.0 is provenance only; no keyword/layer fallback.,CAM11-0066,# RUMAHAGEN — W4-02A.6.30
M02-CI-014,M02,M02 ↔ M10 authorization boundary,WF03-03-02_M02_FULL_SEMANTIC_REBUILD_v1.1.md,SR-0724,26_ENGINEERING_ALIGNMENT/W4-02A.6.30_ENGINEERING_ALIGNMENT_GUIDEBOOK_PLAYBOOK_v2.1.md,26_ENGINEERING_ALIGNMENT/W4-02A.6.30_ENGINEERING_ALIGNMENT_GUIDEBOOK_PLAYBOOK_v2.1.md,# RUMAHAGEN — W4-02A.6.30,CORE ENGINEERING ALIGNMENT AUTHORITY,01_GOVERNANCE/W4-02A.1_GOVERNANCE_CONSOLIDATION_FINAL_DECISION_AUTHORITY_v1.0.docx,Engineering alignment is controlled by Core governance,FULL semantic rebuild; current M02 profile/reviews/visibility authority,4.0,**Version:** 2.1,M01/M03/M11/M12,Preserve existing Core semantic/detail contract; retain provenance.,PRESERVE,DETERMINISTIC_CROSSWALK_VALIDATED,1,Exact deterministic join on module + prior candidate Core artifact + prior Core section. Current Core/evidence/authority/dependency fields are sourced from the matched STEP03 v1.2 relationship. STEP04 v1.0 is provenance only; no keyword/layer fallback.,CAM11-0066,# RUMAHAGEN — W4-02A.6.30
M02-CI-015,M02,Physical/runtime separation,WF03-03-02_M02_FULL_SEMANTIC_REBUILD_v1.1.md,SR-F-0007,CAM11-0046,23_M01_M07/W4-02A.6.27_FOCUSED_EXECUTION_PACK_M01-M07_v2.1_EXTRACTED/RUMAHAGEN_W4-02A.6.27_FOCUSED_EXECUTION_PACK_M01-M07_v2.1/M02_PHYSICAL_EXECUTION_SPEC_v2.1.md,## 19. Controlled residuals,M01–M07 EXECUTION CONTEXT; MODULE AUTHORITIES REMAIN SEMANTIC AUTHORITY,M01–M07 CURRENT AUTHORITY ARTIFACT SET,Focused execution pack is downstream execution context,FULL semantic rebuild; current M02 profile/reviews/visibility authority,143.0,## 19. Controlled residuals - Runtime verification remains downstream in W4-03. - Exact physical permission seeds/IDs remain downstream unless frozen by current authority. - Provider operational/runtime behavior remains downstream where applicable. - Any discovered physical-schema contradiction is a controlled change candidate and must stop the affected path.,M01/M03/M11/M12,Preserve existing Core semantic/detail contract; retain provenance.,PRESERVE,DETERMINISTIC_EXPLICIT_FINDING_RELATIONSHIP,1,Exact finding-level relationship created in STEP03 v1.3 from current module authority + exact Core artifact + exact section/evidence anchor.,CAM11-0076,# RUMAHAGEN — WIREFRAME CORE FINAL SOURCE PACK v1.1
M02-CI-016,M02,M02 physical/runtime status,WF03-03-02_M02_FULL_SEMANTIC_REBUILD_v1.1.md,SR-0073,04_ARCHITECTURE/W4-02A.6.5_SYSTEM_ARCHITECTURE_FULL_CONSOLIDATED_v1.8.docx,04_ARCHITECTURE/W4-02A.6.5_SYSTEM_ARCHITECTURE_FULL_CONSOLIDATED_v1.8.docx,"# developer-projects, calculator (dbr), notifications, rbac, seo",CORE ARCHITECTURE,01_GOVERNANCE/W4-02A.1_GOVERNANCE_CONSOLIDATION_FINAL_DECISION_AUTHORITY_v1.0.docx,Core architecture is governed as immutable Core semantic contract,FULL semantic rebuild; current M02 profile/reviews/visibility authority,1.0,RUMAHAGEN — SYSTEM ARCHITECTURE,M01/M03/M11/M12,Track downstream physical/API/RLS/runtime work; do not convert implementation status into semantic proof.,CONTROLLED,DETERMINISTIC_CROSSWALK_VALIDATED,1,Exact deterministic join on module + prior candidate Core artifact + prior Core section. Current Core/evidence/authority/dependency fields are sourced from the matched STEP03 v1.2 relationship. STEP04 v1.0 is provenance only; no keyword/layer fallback.,CAM11-0011,"# developer-projects, calculator (dbr), notifications, rbac, seo"
M02-CI-017,M02,Outcome upstream authority,WF03-03-02_M02_FULL_SEMANTIC_REBUILD_v1.1.md,SR-0073,04_ARCHITECTURE/W4-02A.6.5_SYSTEM_ARCHITECTURE_FULL_CONSOLIDATED_v1.8.docx,04_ARCHITECTURE/W4-02A.6.5_SYSTEM_ARCHITECTURE_FULL_CONSOLIDATED_v1.8.docx,"# developer-projects, calculator (dbr), notifications, rbac, seo",CORE ARCHITECTURE,01_GOVERNANCE/W4-02A.1_GOVERNANCE_CONSOLIDATION_FINAL_DECISION_AUTHORITY_v1.0.docx,Core architecture is governed as immutable Core semantic contract,FULL semantic rebuild; current M02 profile/reviews/visibility authority,1.0,RUMAHAGEN — SYSTEM ARCHITECTURE,M01/M03/M11/M12,Do not propagate this finding into the target Core contract; retain provenance.,NO-PROPAGATION,DETERMINISTIC_CROSSWALK_VALIDATED,1,Exact deterministic join on module + prior candidate Core artifact + prior Core section. Current Core/evidence/authority/dependency fields are sourced from the matched STEP03 v1.2 relationship. STEP04 v1.0 is provenance only; no keyword/layer fallback.,CAM11-0011,"# developer-projects, calculator (dbr), notifications, rbac, seo"
M03-CI-001,M03,Publication / no Pending Review,RUMAHAGEN_WF03_M03_FULL_REBUILD_v1.3_QIR_INTEGRATED_CONTROLLED/00_M03_REBUILD_CONTROL_REPORT_v1.3.md,SR-0500,20_MODULE_PLANNING/W4-02A.6.24_REVISED_MODULE_PLANNING_CURRENT_MODULE_DELIVERY_PLANNING_v2.1.md,20_MODULE_PLANNING/W4-02A.6.24_REVISED_MODULE_PLANNING_CURRENT_MODULE_DELIVERY_PLANNING_v2.1.md,# RUMAHAGEN — REVISED MODULE PLANNING,CORE MODULE PLANNING AUTHORITY,01_GOVERNANCE/W4-02A.1_GOVERNANCE_CONSOLIDATION_FINAL_DECISION_AUTHORITY_v1.0.docx,Current module delivery planning contract,FULL deep-scan rebuild; M03 Listing/Refresh action authority,4.0,**Version:** 2.1 — W4-02A.6.24,M06/M11/M14,Hand only the contradictory semantic portion to STEP05; preserve unrelated Core detail.,RECONCILE,DETERMINISTIC_CROSSWALK_VALIDATED,1,Exact deterministic join on module + prior candidate Core artifact + prior Core section. Current Core/evidence/authority/dependency fields are sourced from the matched STEP03 v1.2 relationship. STEP04 v1.0 is provenance only; no keyword/layer fallback.,CAM11-0040,# RUMAHAGEN — REVISED MODULE PLANNING
M03-CI-002,M03,Suspension / violation enforcement,RUMAHAGEN_WF03_M03_FULL_REBUILD_v1.3_QIR_INTEGRATED_CONTROLLED/00_M03_REBUILD_CONTROL_REPORT_v1.3.md,SR-0500,20_MODULE_PLANNING/W4-02A.6.24_REVISED_MODULE_PLANNING_CURRENT_MODULE_DELIVERY_PLANNING_v2.1.md,20_MODULE_PLANNING/W4-02A.6.24_REVISED_MODULE_PLANNING_CURRENT_MODULE_DELIVERY_PLANNING_v2.1.md,# RUMAHAGEN — REVISED MODULE PLANNING,CORE MODULE PLANNING AUTHORITY,01_GOVERNANCE/W4-02A.1_GOVERNANCE_CONSOLIDATION_FINAL_DECISION_AUTHORITY_v1.0.docx,Current module delivery planning contract,FULL deep-scan rebuild; M03 Listing/Refresh action authority,4.0,**Version:** 2.1 — W4-02A.6.24,M06/M11/M14,Preserve existing Core semantic/detail contract; retain provenance.,PRESERVE,DETERMINISTIC_CROSSWALK_VALIDATED,1,Exact deterministic join on module + prior candidate Core artifact + prior Core section. Current Core/evidence/authority/dependency fields are sourced from the matched STEP03 v1.2 relationship. STEP04 v1.0 is provenance only; no keyword/layer fallback.,CAM11-0040,# RUMAHAGEN — REVISED MODULE PLANNING
M03-CI-003,M03,Sold/Rented search exclusion and profile count,RUMAHAGEN_WF03_M03_FULL_REBUILD_v1.3_QIR_INTEGRATED_CONTROLLED/00_M03_REBUILD_CONTROL_REPORT_v1.3.md,SR-0461,17_SEO_ANALYTICS/W4-02A.6.21_SEO_ANALYTICS_SPECIFICATION_DISCOVERY_MEASUREMENT_BASELINE_v2.1.md,17_SEO_ANALYTICS/W4-02A.6.21_SEO_ANALYTICS_SPECIFICATION_DISCOVERY_MEASUREMENT_BASELINE_v2.1.md,# RUMAHAGEN --- SEO / ANALYTICS SPECIFICATION,M11 PUBLIC DISCOVERY / SEO / MEASUREMENT AUTHORITY,RUMAHAGEN_WF03_M11_FULL_REBUILD_CONTROLLED_v2.0_FULL_VERSION/RUMAHAGEN_WF03_M11_FULL_REBUILD_CONTROLLED_v2.0_FULL_VERSION.md,"M11 owns public discovery, SEO, tracking and measurement",FULL deep-scan rebuild; M03 Listing/Refresh action authority,5.0,**Version:** 2.1 --- W4-02A.6.21\,M06/M11/M14,Preserve existing Core semantic/detail contract; retain provenance.,PRESERVE,DETERMINISTIC_CROSSWALK_VALIDATED,1,Exact deterministic join on module + prior candidate Core artifact + prior Core section. Current Core/evidence/authority/dependency fields are sourced from the matched STEP03 v1.2 relationship. STEP04 v1.0 is provenance only; no keyword/layer fallback.,CAM11-0037,# RUMAHAGEN --- SEO / ANALYTICS SPECIFICATION
M03-CI-004,M03,Owner-only Listing edit,RUMAHAGEN_WF03_M03_FULL_REBUILD_v1.3_QIR_INTEGRATED_CONTROLLED/00_M03_REBUILD_CONTROL_REPORT_v1.3.md,SR-0500,20_MODULE_PLANNING/W4-02A.6.24_REVISED_MODULE_PLANNING_CURRENT_MODULE_DELIVERY_PLANNING_v2.1.md,20_MODULE_PLANNING/W4-02A.6.24_REVISED_MODULE_PLANNING_CURRENT_MODULE_DELIVERY_PLANNING_v2.1.md,# RUMAHAGEN — REVISED MODULE PLANNING,CORE MODULE PLANNING AUTHORITY,01_GOVERNANCE/W4-02A.1_GOVERNANCE_CONSOLIDATION_FINAL_DECISION_AUTHORITY_v1.0.docx,Current module delivery planning contract,FULL deep-scan rebuild; M03 Listing/Refresh action authority,4.0,**Version:** 2.1 — W4-02A.6.24,M06/M11/M14,Preserve existing Core semantic/detail contract; retain provenance.,PRESERVE,DETERMINISTIC_CROSSWALK_VALIDATED,1,Exact deterministic join on module + prior candidate Core artifact + prior Core section. Current Core/evidence/authority/dependency fields are sourced from the matched STEP03 v1.2 relationship. STEP04 v1.0 is provenance only; no keyword/layer fallback.,CAM11-0040,# RUMAHAGEN — REVISED MODULE PLANNING
M03-CI-005,M03,Four-field post-publish locks,RUMAHAGEN_WF03_M03_FULL_REBUILD_v1.3_QIR_INTEGRATED_CONTROLLED/00_M03_REBUILD_CONTROL_REPORT_v1.3.md,SR-0461,17_SEO_ANALYTICS/W4-02A.6.21_SEO_ANALYTICS_SPECIFICATION_DISCOVERY_MEASUREMENT_BASELINE_v2.1.md,17_SEO_ANALYTICS/W4-02A.6.21_SEO_ANALYTICS_SPECIFICATION_DISCOVERY_MEASUREMENT_BASELINE_v2.1.md,# RUMAHAGEN --- SEO / ANALYTICS SPECIFICATION,M11 PUBLIC DISCOVERY / SEO / MEASUREMENT AUTHORITY,RUMAHAGEN_WF03_M11_FULL_REBUILD_CONTROLLED_v2.0_FULL_VERSION/RUMAHAGEN_WF03_M11_FULL_REBUILD_CONTROLLED_v2.0_FULL_VERSION.md,"M11 owns public discovery, SEO, tracking and measurement",FULL deep-scan rebuild; M03 Listing/Refresh action authority,5.0,**Version:** 2.1 --- W4-02A.6.21\,M06/M11/M14,Preserve existing Core semantic/detail contract; retain provenance.,PRESERVE,DETERMINISTIC_CROSSWALK_VALIDATED,1,Exact deterministic join on module + prior candidate Core artifact + prior Core section. Current Core/evidence/authority/dependency fields are sourced from the matched STEP03 v1.2 relationship. STEP04 v1.0 is provenance only; no keyword/layer fallback.,CAM11-0037,# RUMAHAGEN --- SEO / ANALYTICS SPECIFICATION
M03-CI-006,M03,Refresh daily quota default 5,RUMAHAGEN_WF03_M03_FULL_REBUILD_v1.3_QIR_INTEGRATED_CONTROLLED/00_M03_REBUILD_CONTROL_REPORT_v1.3.md,SR-0740,27_AI_BLUEPRINT/W4-02A.6.31_AI_DEVELOPMENT_BLUEPRINT_v2.1.md,27_AI_BLUEPRINT/W4-02A.6.31_AI_DEVELOPMENT_BLUEPRINT_v2.1.md,# RUMAHAGEN — W4-02A.6.31,CORE AI DEVELOPMENT BLUEPRINT AUTHORITY,01_GOVERNANCE/W4-02A.1_GOVERNANCE_CONSOLIDATION_FINAL_DECISION_AUTHORITY_v1.0.docx,AI development blueprint is controlled project context,FULL deep-scan rebuild; M03 Listing/Refresh action authority,4.0,**Version:** 2.1,M06/M11/M14,Add validated capability/detail to the Core semantic contract; preserve existing detail.,ADD-NEW,DETERMINISTIC_CROSSWALK_VALIDATED,1,Exact deterministic join on module + prior candidate Core artifact + prior Core section. Current Core/evidence/authority/dependency fields are sourced from the matched STEP03 v1.2 relationship. STEP04 v1.0 is provenance only; no keyword/layer fallback.,CAM11-0067,# RUMAHAGEN — W4-02A.6.31
M03-CI-007,M03,Refresh Superadmin configuration,RUMAHAGEN_WF03_M03_FULL_REBUILD_v1.3_QIR_INTEGRATED_CONTROLLED/00_M03_REBUILD_CONTROL_REPORT_v1.3.md,SR-0725,26_ENGINEERING_ALIGNMENT/W4-02A.6.30_ENGINEERING_ALIGNMENT_GUIDEBOOK_PLAYBOOK_v2.1.md,26_ENGINEERING_ALIGNMENT/W4-02A.6.30_ENGINEERING_ALIGNMENT_GUIDEBOOK_PLAYBOOK_v2.1.md,# RUMAHAGEN — W4-02A.6.30,CORE ENGINEERING ALIGNMENT AUTHORITY,01_GOVERNANCE/W4-02A.1_GOVERNANCE_CONSOLIDATION_FINAL_DECISION_AUTHORITY_v1.0.docx,Engineering alignment is controlled by Core governance,FULL deep-scan rebuild; M03 Listing/Refresh action authority,4.0,**Version:** 2.1,M06/M11/M14,Preserve existing Core semantic/detail contract; retain provenance.,PRESERVE,DETERMINISTIC_CROSSWALK_VALIDATED,1,Exact deterministic join on module + prior candidate Core artifact + prior Core section. Current Core/evidence/authority/dependency fields are sourced from the matched STEP03 v1.2 relationship. STEP04 v1.0 is provenance only; no keyword/layer fallback.,CAM11-0066,# RUMAHAGEN — W4-02A.6.30
M03-CI-008,M03,Refresh no carry-forward,RUMAHAGEN_WF03_M03_FULL_REBUILD_v1.3_QIR_INTEGRATED_CONTROLLED/00_M03_REBUILD_CONTROL_REPORT_v1.3.md,SR-0725,26_ENGINEERING_ALIGNMENT/W4-02A.6.30_ENGINEERING_ALIGNMENT_GUIDEBOOK_PLAYBOOK_v2.1.md,26_ENGINEERING_ALIGNMENT/W4-02A.6.30_ENGINEERING_ALIGNMENT_GUIDEBOOK_PLAYBOOK_v2.1.md,# RUMAHAGEN — W4-02A.6.30,CORE ENGINEERING ALIGNMENT AUTHORITY,01_GOVERNANCE/W4-02A.1_GOVERNANCE_CONSOLIDATION_FINAL_DECISION_AUTHORITY_v1.0.docx,Engineering alignment is controlled by Core governance,FULL deep-scan rebuild; M03 Listing/Refresh action authority,4.0,**Version:** 2.1,M06/M11/M14,Preserve existing Core semantic/detail contract; retain provenance.,PRESERVE,DETERMINISTIC_CROSSWALK_VALIDATED,1,Exact deterministic join on module + prior candidate Core artifact + prior Core section. Current Core/evidence/authority/dependency fields are sourced from the matched STEP03 v1.2 relationship. STEP04 v1.0 is provenance only; no keyword/layer fallback.,CAM11-0066,# RUMAHAGEN — W4-02A.6.30
M03-CI-009,M03,Refresh Asia/Jakarta reset,RUMAHAGEN_WF03_M03_FULL_REBUILD_v1.3_QIR_INTEGRATED_CONTROLLED/00_M03_REBUILD_CONTROL_REPORT_v1.3.md,SR-0074,04_ARCHITECTURE/W4-02A.6.5_SYSTEM_ARCHITECTURE_FULL_CONSOLIDATED_v1.8.docx,04_ARCHITECTURE/W4-02A.6.5_SYSTEM_ARCHITECTURE_FULL_CONSOLIDATED_v1.8.docx,"# developer-projects, calculator (dbr), notifications, rbac, seo",CORE ARCHITECTURE,01_GOVERNANCE/W4-02A.1_GOVERNANCE_CONSOLIDATION_FINAL_DECISION_AUTHORITY_v1.0.docx,Core architecture is governed as immutable Core semantic contract,FULL deep-scan rebuild; M03 Listing/Refresh action authority,1.0,RUMAHAGEN — SYSTEM ARCHITECTURE,M06/M11/M14,Add validated capability/detail to the Core semantic contract; preserve existing detail.,ADD-NEW,DETERMINISTIC_CROSSWALK_VALIDATED,1,Exact deterministic join on module + prior candidate Core artifact + prior Core section. Current Core/evidence/authority/dependency fields are sourced from the matched STEP03 v1.2 relationship. STEP04 v1.0 is provenance only; no keyword/layer fallback.,CAM11-0011,"# developer-projects, calculator (dbr), notifications, rbac, seo"
M03-CI-010,M03,One successful Refresh per Listing/day,RUMAHAGEN_WF03_M03_FULL_REBUILD_v1.3_QIR_INTEGRATED_CONTROLLED/00_M03_REBUILD_CONTROL_REPORT_v1.3.md,SR-0074,04_ARCHITECTURE/W4-02A.6.5_SYSTEM_ARCHITECTURE_FULL_CONSOLIDATED_v1.8.docx,04_ARCHITECTURE/W4-02A.6.5_SYSTEM_ARCHITECTURE_FULL_CONSOLIDATED_v1.8.docx,"# developer-projects, calculator (dbr), notifications, rbac, seo",CORE ARCHITECTURE,01_GOVERNANCE/W4-02A.1_GOVERNANCE_CONSOLIDATION_FINAL_DECISION_AUTHORITY_v1.0.docx,Core architecture is governed as immutable Core semantic contract,FULL deep-scan rebuild; M03 Listing/Refresh action authority,1.0,RUMAHAGEN — SYSTEM ARCHITECTURE,M06/M11/M14,Add validated capability/detail to the Core semantic contract; preserve existing detail.,ADD-NEW,DETERMINISTIC_CROSSWALK_VALIDATED,1,Exact deterministic join on module + prior candidate Core artifact + prior Core section. Current Core/evidence/authority/dependency fields are sourced from the matched STEP03 v1.2 relationship. STEP04 v1.0 is provenance only; no keyword/layer fallback.,CAM11-0011,"# developer-projects, calculator (dbr), notifications, rbac, seo"
M03-CI-011,M03,District-local Refresh repositioning,RUMAHAGEN_WF03_M03_FULL_REBUILD_v1.3_QIR_INTEGRATED_CONTROLLED/00_M03_REBUILD_CONTROL_REPORT_v1.3.md,SR-0074,04_ARCHITECTURE/W4-02A.6.5_SYSTEM_ARCHITECTURE_FULL_CONSOLIDATED_v1.8.docx,04_ARCHITECTURE/W4-02A.6.5_SYSTEM_ARCHITECTURE_FULL_CONSOLIDATED_v1.8.docx,"# developer-projects, calculator (dbr), notifications, rbac, seo",CORE ARCHITECTURE,01_GOVERNANCE/W4-02A.1_GOVERNANCE_CONSOLIDATION_FINAL_DECISION_AUTHORITY_v1.0.docx,Core architecture is governed as immutable Core semantic contract,FULL deep-scan rebuild; M03 Listing/Refresh action authority,1.0,RUMAHAGEN — SYSTEM ARCHITECTURE,M06/M11/M14,Add validated capability/detail to the Core semantic contract; preserve existing detail.,ADD-NEW,DETERMINISTIC_CROSSWALK_VALIDATED,1,Exact deterministic join on module + prior candidate Core artifact + prior Core section. Current Core/evidence/authority/dependency fields are sourced from the matched STEP03 v1.2 relationship. STEP04 v1.0 is provenance only; no keyword/layer fallback.,CAM11-0011,"# developer-projects, calculator (dbr), notifications, rbac, seo"
M03-CI-012,M03,Refresh tie-break first recorded,RUMAHAGEN_WF03_M03_FULL_REBUILD_v1.3_QIR_INTEGRATED_CONTROLLED/00_M03_REBUILD_CONTROL_REPORT_v1.3.md,SR-0074,04_ARCHITECTURE/W4-02A.6.5_SYSTEM_ARCHITECTURE_FULL_CONSOLIDATED_v1.8.docx,04_ARCHITECTURE/W4-02A.6.5_SYSTEM_ARCHITECTURE_FULL_CONSOLIDATED_v1.8.docx,"# developer-projects, calculator (dbr), notifications, rbac, seo",CORE ARCHITECTURE,01_GOVERNANCE/W4-02A.1_GOVERNANCE_CONSOLIDATION_FINAL_DECISION_AUTHORITY_v1.0.docx,Core architecture is governed as immutable Core semantic contract,FULL deep-scan rebuild; M03 Listing/Refresh action authority,1.0,RUMAHAGEN — SYSTEM ARCHITECTURE,M06/M11/M14,Add validated capability/detail to the Core semantic contract; preserve existing detail.,ADD-NEW,DETERMINISTIC_CROSSWALK_VALIDATED,1,Exact deterministic join on module + prior candidate Core artifact + prior Core section. Current Core/evidence/authority/dependency fields are sourced from the matched STEP03 v1.2 relationship. STEP04 v1.0 is provenance only; no keyword/layer fallback.,CAM11-0011,"# developer-projects, calculator (dbr), notifications, rbac, seo"
M03-CI-013,M03,Refresh server-authoritative timestamp,RUMAHAGEN_WF03_M03_FULL_REBUILD_v1.3_QIR_INTEGRATED_CONTROLLED/00_M03_REBUILD_CONTROL_REPORT_v1.3.md,SR-0485,19_IMPLEMENTATION_STRATEGY/W4-02A.6.23_MODULE_IMPLEMENTATION_STRATEGY_INTEGRATED_IMPLEMENTATION_SEQUENCING_v2.1.md,19_IMPLEMENTATION_STRATEGY/W4-02A.6.23_MODULE_IMPLEMENTATION_STRATEGY_INTEGRATED_IMPLEMENTATION_SEQUENCING_v2.1.md,# RUMAHAGEN — MODULE IMPLEMENTATION STRATEGY,CORE IMPLEMENTATION STRATEGY AUTHORITY,01_GOVERNANCE/W4-02A.1_GOVERNANCE_CONSOLIDATION_FINAL_DECISION_AUTHORITY_v1.0.docx,Integrated implementation sequencing under freeze,FULL deep-scan rebuild; M03 Listing/Refresh action authority,4.0,**Version:** 2.1 — W4-02A.6.23,M06/M11/M14,Preserve existing Core semantic/detail contract; retain provenance.,PRESERVE,DETERMINISTIC_CROSSWALK_VALIDATED,1,Exact deterministic join on module + prior candidate Core artifact + prior Core section. Current Core/evidence/authority/dependency fields are sourced from the matched STEP03 v1.2 relationship. STEP04 v1.0 is provenance only; no keyword/layer fallback.,CAM11-0039,# RUMAHAGEN — MODULE IMPLEMENTATION STRATEGY
M03-CI-014,M03,Media derivative thumbnails,RUMAHAGEN_WF03_M03_FULL_REBUILD_v1.3_QIR_INTEGRATED_CONTROLLED/00_M03_REBUILD_CONTROL_REPORT_v1.3.md,SR-0740,27_AI_BLUEPRINT/W4-02A.6.31_AI_DEVELOPMENT_BLUEPRINT_v2.1.md,27_AI_BLUEPRINT/W4-02A.6.31_AI_DEVELOPMENT_BLUEPRINT_v2.1.md,# RUMAHAGEN — W4-02A.6.31,CORE AI DEVELOPMENT BLUEPRINT AUTHORITY,01_GOVERNANCE/W4-02A.1_GOVERNANCE_CONSOLIDATION_FINAL_DECISION_AUTHORITY_v1.0.docx,AI development blueprint is controlled project context,FULL deep-scan rebuild; M03 Listing/Refresh action authority,4.0,**Version:** 2.1,M06/M11/M14,Add validated capability/detail to the Core semantic contract; preserve existing detail.,ADD-NEW,DETERMINISTIC_CROSSWALK_VALIDATED,1,Exact deterministic join on module + prior candidate Core artifact + prior Core section. Current Core/evidence/authority/dependency fields are sourced from the matched STEP03 v1.2 relationship. STEP04 v1.0 is provenance only; no keyword/layer fallback.,CAM11-0067,# RUMAHAGEN — W4-02A.6.31
M03-CI-015,M03,Media no stretching,RUMAHAGEN_WF03_M03_FULL_REBUILD_v1.3_QIR_INTEGRATED_CONTROLLED/00_M03_REBUILD_CONTROL_REPORT_v1.3.md,SR-0074,04_ARCHITECTURE/W4-02A.6.5_SYSTEM_ARCHITECTURE_FULL_CONSOLIDATED_v1.8.docx,04_ARCHITECTURE/W4-02A.6.5_SYSTEM_ARCHITECTURE_FULL_CONSOLIDATED_v1.8.docx,"# developer-projects, calculator (dbr), notifications, rbac, seo",CORE ARCHITECTURE,01_GOVERNANCE/W4-02A.1_GOVERNANCE_CONSOLIDATION_FINAL_DECISION_AUTHORITY_v1.0.docx,Core architecture is governed as immutable Core semantic contract,FULL deep-scan rebuild; M03 Listing/Refresh action authority,1.0,RUMAHAGEN — SYSTEM ARCHITECTURE,M06/M11/M14,Add validated capability/detail to the Core semantic contract; preserve existing detail.,ADD-NEW,DETERMINISTIC_CROSSWALK_VALIDATED,1,Exact deterministic join on module + prior candidate Core artifact + prior Core section. Current Core/evidence/authority/dependency fields are sourced from the matched STEP03 v1.2 relationship. STEP04 v1.0 is provenance only; no keyword/layer fallback.,CAM11-0011,"# developer-projects, calculator (dbr), notifications, rbac, seo"
M03-CI-016,M03,Listing geographic binding,RUMAHAGEN_WF03_M03_FULL_REBUILD_v1.3_QIR_INTEGRATED_CONTROLLED/00_M03_REBUILD_CONTROL_REPORT_v1.3.md,SR-0074,04_ARCHITECTURE/W4-02A.6.5_SYSTEM_ARCHITECTURE_FULL_CONSOLIDATED_v1.8.docx,04_ARCHITECTURE/W4-02A.6.5_SYSTEM_ARCHITECTURE_FULL_CONSOLIDATED_v1.8.docx,"# developer-projects, calculator (dbr), notifications, rbac, seo",CORE ARCHITECTURE,01_GOVERNANCE/W4-02A.1_GOVERNANCE_CONSOLIDATION_FINAL_DECISION_AUTHORITY_v1.0.docx,Core architecture is governed as immutable Core semantic contract,FULL deep-scan rebuild; M03 Listing/Refresh action authority,1.0,RUMAHAGEN — SYSTEM ARCHITECTURE,M06/M11/M14,Add validated capability/detail to the Core semantic contract; preserve existing detail.,ADD-NEW,DETERMINISTIC_CROSSWALK_VALIDATED,1,Exact deterministic join on module + prior candidate Core artifact + prior Core section. Current Core/evidence/authority/dependency fields are sourced from the matched STEP03 v1.2 relationship. STEP04 v1.0 is provenance only; no keyword/layer fallback.,CAM11-0011,"# developer-projects, calculator (dbr), notifications, rbac, seo"
M03-CI-017,M03,Audit provenance,RUMAHAGEN_WF03_M03_FULL_REBUILD_v1.3_QIR_INTEGRATED_CONTROLLED/00_M03_REBUILD_CONTROL_REPORT_v1.3.md,SR-0725,26_ENGINEERING_ALIGNMENT/W4-02A.6.30_ENGINEERING_ALIGNMENT_GUIDEBOOK_PLAYBOOK_v2.1.md,26_ENGINEERING_ALIGNMENT/W4-02A.6.30_ENGINEERING_ALIGNMENT_GUIDEBOOK_PLAYBOOK_v2.1.md,# RUMAHAGEN — W4-02A.6.30,CORE ENGINEERING ALIGNMENT AUTHORITY,01_GOVERNANCE/W4-02A.1_GOVERNANCE_CONSOLIDATION_FINAL_DECISION_AUTHORITY_v1.0.docx,Engineering alignment is controlled by Core governance,FULL deep-scan rebuild; M03 Listing/Refresh action authority,4.0,**Version:** 2.1,M06/M11/M14,Preserve existing Core semantic/detail contract; retain provenance.,PRESERVE,DETERMINISTIC_CROSSWALK_VALIDATED,1,Exact deterministic join on module + prior candidate Core artifact + prior Core section. Current Core/evidence/authority/dependency fields are sourced from the matched STEP03 v1.2 relationship. STEP04 v1.0 is provenance only; no keyword/layer fallback.,CAM11-0066,# RUMAHAGEN — W4-02A.6.30
M03-CI-018,M03,API Refresh,RUMAHAGEN_WF03_M03_FULL_REBUILD_v1.3_QIR_INTEGRATED_CONTROLLED/00_M03_REBUILD_CONTROL_REPORT_v1.3.md,SR-0389,12_API/W4-02A.6.16_API_SPECIFICATION_CURRENT_API_CONTRACT_BASELINE_FULL_CONSOLIDATED_v2.1.docx,12_API/W4-02A.6.16_API_SPECIFICATION_CURRENT_API_CONTRACT_BASELINE_FULL_CONSOLIDATED_v2.1.docx,NO_HEADING_DETECTED,CORE API CONTRACT AUTHORITY,01_GOVERNANCE/W4-02A.1_GOVERNANCE_CONSOLIDATION_FINAL_DECISION_AUTHORITY_v1.0.docx,API contract governed by Core freeze,FULL deep-scan rebuild; M03 Listing/Refresh action authority,1.0,RUMAHAGEN — API SPECIFICATION,M06/M11/M14,Add validated capability/detail to the Core semantic contract; preserve existing detail.,ADD-NEW,DETERMINISTIC_CROSSWALK_VALIDATED,1,Exact deterministic join on module + prior candidate Core artifact + prior Core section. Current Core/evidence/authority/dependency fields are sourced from the matched STEP03 v1.2 relationship. STEP04 v1.0 is provenance only; no keyword/layer fallback.,CAM11-0032,NO_HEADING_DETECTED
M03-CI-019,M03,Physical/runtime separation,RUMAHAGEN_WF03_M03_FULL_REBUILD_v1.3_QIR_INTEGRATED_CONTROLLED/00_M03_REBUILD_CONTROL_REPORT_v1.3.md,SR-F-0008,CAM11-0047,23_M01_M07/W4-02A.6.27_FOCUSED_EXECUTION_PACK_M01-M07_v2.1_EXTRACTED/RUMAHAGEN_W4-02A.6.27_FOCUSED_EXECUTION_PACK_M01-M07_v2.1/M03_PHYSICAL_EXECUTION_SPEC_v2.1.md,## 19. Controlled residuals,M01–M07 EXECUTION CONTEXT; MODULE AUTHORITIES REMAIN SEMANTIC AUTHORITY,M01–M07 CURRENT AUTHORITY ARTIFACT SET,Focused execution pack is downstream execution context,FULL deep-scan rebuild; M03 Listing/Refresh action authority,158.0,## 19. Controlled residuals - Runtime verification remains downstream in W4-03. - Exact physical permission seeds/IDs remain downstream unless frozen by current authority. - Provider operational/runtime behavior remains downstream where applicable. - Any discovered physical-schema contradiction is a controlled change candidate and must stop the affected path.,M06/M11/M14,Preserve existing Core semantic/detail contract; retain provenance.,PRESERVE,DETERMINISTIC_EXPLICIT_FINDING_RELATIONSHIP,1,Exact finding-level relationship created in STEP03 v1.3 from current module authority + exact Core artifact + exact section/evidence anchor.,CAM11-0076,# RUMAHAGEN — WIREFRAME CORE FINAL SOURCE PACK v1.1
M03-CI-020,M03,Refresh does not create regional quota,RUMAHAGEN_WF03_M03_FULL_REBUILD_v1.3_QIR_INTEGRATED_CONTROLLED/00_M03_REBUILD_CONTROL_REPORT_v1.3.md,SR-0074,04_ARCHITECTURE/W4-02A.6.5_SYSTEM_ARCHITECTURE_FULL_CONSOLIDATED_v1.8.docx,04_ARCHITECTURE/W4-02A.6.5_SYSTEM_ARCHITECTURE_FULL_CONSOLIDATED_v1.8.docx,"# developer-projects, calculator (dbr), notifications, rbac, seo",CORE ARCHITECTURE,01_GOVERNANCE/W4-02A.1_GOVERNANCE_CONSOLIDATION_FINAL_DECISION_AUTHORITY_v1.0.docx,Core architecture is governed as immutable Core semantic contract,FULL deep-scan rebuild; M03 Listing/Refresh action authority,1.0,RUMAHAGEN — SYSTEM ARCHITECTURE,M06/M11/M14,Do not propagate this finding into the target Core contract; retain provenance.,NO-PROPAGATION,DETERMINISTIC_CROSSWALK_VALIDATED,1,Exact deterministic join on module + prior candidate Core artifact + prior Core section. Current Core/evidence/authority/dependency fields are sourced from the matched STEP03 v1.2 relationship. STEP04 v1.0 is provenance only; no keyword/layer fallback.,CAM11-0011,"# developer-projects, calculator (dbr), notifications, rbac, seo"
M03-CI-021,M03,M03 physical/runtime claims,RUMAHAGEN_WF03_M03_FULL_REBUILD_v1.3_QIR_INTEGRATED_CONTROLLED/00_M03_REBUILD_CONTROL_REPORT_v1.3.md,SR-0740,27_AI_BLUEPRINT/W4-02A.6.31_AI_DEVELOPMENT_BLUEPRINT_v2.1.md,27_AI_BLUEPRINT/W4-02A.6.31_AI_DEVELOPMENT_BLUEPRINT_v2.1.md,# RUMAHAGEN — W4-02A.6.31,CORE AI DEVELOPMENT BLUEPRINT AUTHORITY,01_GOVERNANCE/W4-02A.1_GOVERNANCE_CONSOLIDATION_FINAL_DECISION_AUTHORITY_v1.0.docx,AI development blueprint is controlled project context,FULL deep-scan rebuild; M03 Listing/Refresh action authority,4.0,**Version:** 2.1,M06/M11/M14,Track downstream physical/API/RLS/runtime work; do not convert implementation status into semantic proof.,CONTROLLED,DETERMINISTIC_CROSSWALK_VALIDATED,1,Exact deterministic join on module + prior candidate Core artifact + prior Core section. Current Core/evidence/authority/dependency fields are sourced from the matched STEP03 v1.2 relationship. STEP04 v1.0 is provenance only; no keyword/layer fallback.,CAM11-0067,# RUMAHAGEN — W4-02A.6.31
M04-CI-001,M04,Learning Activity + Completion,RUMAHAGEN_WF03_M04_FULL_REBUILD_v1.2_QIR_INTEGRATED_CONTROLLED/M04_CANONICAL_v1.2.md,SR-0075,04_ARCHITECTURE/W4-02A.6.5_SYSTEM_ARCHITECTURE_FULL_CONSOLIDATED_v1.8.docx,04_ARCHITECTURE/W4-02A.6.5_SYSTEM_ARCHITECTURE_FULL_CONSOLIDATED_v1.8.docx,"# developer-projects, calculator (dbr), notifications, rbac, seo",CORE ARCHITECTURE,01_GOVERNANCE/W4-02A.1_GOVERNANCE_CONSOLIDATION_FINAL_DECISION_AUTHORITY_v1.0.docx,Core architecture is governed as immutable Core semantic contract,FULL QIR-integrated Learning authority,1.0,RUMAHAGEN — SYSTEM ARCHITECTURE,M10/M14/M15,Preserve existing Core semantic/detail contract; retain provenance.,PRESERVE,DETERMINISTIC_CROSSWALK_VALIDATED,1,Exact deterministic join on module + prior candidate Core artifact + prior Core section. Current Core/evidence/authority/dependency fields are sourced from the matched STEP03 v1.2 relationship. STEP04 v1.0 is provenance only; no keyword/layer fallback.,CAM11-0011,"# developer-projects, calculator (dbr), notifications, rbac, seo"
M04-CI-002,M04,Learning Session,RUMAHAGEN_WF03_M04_FULL_REBUILD_v1.2_QIR_INTEGRATED_CONTROLLED/M04_CANONICAL_v1.2.md,SR-0075,04_ARCHITECTURE/W4-02A.6.5_SYSTEM_ARCHITECTURE_FULL_CONSOLIDATED_v1.8.docx,04_ARCHITECTURE/W4-02A.6.5_SYSTEM_ARCHITECTURE_FULL_CONSOLIDATED_v1.8.docx,"# developer-projects, calculator (dbr), notifications, rbac, seo",CORE ARCHITECTURE,01_GOVERNANCE/W4-02A.1_GOVERNANCE_CONSOLIDATION_FINAL_DECISION_AUTHORITY_v1.0.docx,Core architecture is governed as immutable Core semantic contract,FULL QIR-integrated Learning authority,1.0,RUMAHAGEN — SYSTEM ARCHITECTURE,M10/M14/M15,Preserve existing Core semantic/detail contract; retain provenance.,PRESERVE,DETERMINISTIC_CROSSWALK_VALIDATED,1,Exact deterministic join on module + prior candidate Core artifact + prior Core section. Current Core/evidence/authority/dependency fields are sourced from the matched STEP03 v1.2 relationship. STEP04 v1.0 is provenance only; no keyword/layer fallback.,CAM11-0011,"# developer-projects, calculator (dbr), notifications, rbac, seo"
M04-CI-003,M04,Session Enrollment,RUMAHAGEN_WF03_M04_FULL_REBUILD_v1.2_QIR_INTEGRATED_CONTROLLED/M04_CANONICAL_v1.2.md,SR-0075,04_ARCHITECTURE/W4-02A.6.5_SYSTEM_ARCHITECTURE_FULL_CONSOLIDATED_v1.8.docx,04_ARCHITECTURE/W4-02A.6.5_SYSTEM_ARCHITECTURE_FULL_CONSOLIDATED_v1.8.docx,"# developer-projects, calculator (dbr), notifications, rbac, seo",CORE ARCHITECTURE,01_GOVERNANCE/W4-02A.1_GOVERNANCE_CONSOLIDATION_FINAL_DECISION_AUTHORITY_v1.0.docx,Core architecture is governed as immutable Core semantic contract,FULL QIR-integrated Learning authority,1.0,RUMAHAGEN — SYSTEM ARCHITECTURE,M10/M14/M15,Preserve existing Core semantic/detail contract; retain provenance.,PRESERVE,DETERMINISTIC_CROSSWALK_VALIDATED,1,Exact deterministic join on module + prior candidate Core artifact + prior Core section. Current Core/evidence/authority/dependency fields are sourced from the matched STEP03 v1.2 relationship. STEP04 v1.0 is provenance only; no keyword/layer fallback.,CAM11-0011,"# developer-projects, calculator (dbr), notifications, rbac, seo"
M04-CI-004,M04,Session Evidence / Attendance / Completion,RUMAHAGEN_WF03_M04_FULL_REBUILD_v1.2_QIR_INTEGRATED_CONTROLLED/M04_CANONICAL_v1.2.md,SR-0075,04_ARCHITECTURE/W4-02A.6.5_SYSTEM_ARCHITECTURE_FULL_CONSOLIDATED_v1.8.docx,04_ARCHITECTURE/W4-02A.6.5_SYSTEM_ARCHITECTURE_FULL_CONSOLIDATED_v1.8.docx,"# developer-projects, calculator (dbr), notifications, rbac, seo",CORE ARCHITECTURE,01_GOVERNANCE/W4-02A.1_GOVERNANCE_CONSOLIDATION_FINAL_DECISION_AUTHORITY_v1.0.docx,Core architecture is governed as immutable Core semantic contract,FULL QIR-integrated Learning authority,1.0,RUMAHAGEN — SYSTEM ARCHITECTURE,M10/M14/M15,Preserve existing Core semantic/detail contract; retain provenance.,PRESERVE,DETERMINISTIC_CROSSWALK_VALIDATED,1,Exact deterministic join on module + prior candidate Core artifact + prior Core section. Current Core/evidence/authority/dependency fields are sourced from the matched STEP03 v1.2 relationship. STEP04 v1.0 is provenance only; no keyword/layer fallback.,CAM11-0011,"# developer-projects, calculator (dbr), notifications, rbac, seo"
M04-CI-005,M04,Session Artifact,RUMAHAGEN_WF03_M04_FULL_REBUILD_v1.2_QIR_INTEGRATED_CONTROLLED/M04_CANONICAL_v1.2.md,SR-0075,04_ARCHITECTURE/W4-02A.6.5_SYSTEM_ARCHITECTURE_FULL_CONSOLIDATED_v1.8.docx,04_ARCHITECTURE/W4-02A.6.5_SYSTEM_ARCHITECTURE_FULL_CONSOLIDATED_v1.8.docx,"# developer-projects, calculator (dbr), notifications, rbac, seo",CORE ARCHITECTURE,01_GOVERNANCE/W4-02A.1_GOVERNANCE_CONSOLIDATION_FINAL_DECISION_AUTHORITY_v1.0.docx,Core architecture is governed as immutable Core semantic contract,FULL QIR-integrated Learning authority,1.0,RUMAHAGEN — SYSTEM ARCHITECTURE,M10/M14/M15,Preserve existing Core semantic/detail contract; retain provenance.,PRESERVE,DETERMINISTIC_CROSSWALK_VALIDATED,1,Exact deterministic join on module + prior candidate Core artifact + prior Core section. Current Core/evidence/authority/dependency fields are sourced from the matched STEP03 v1.2 relationship. STEP04 v1.0 is provenance only; no keyword/layer fallback.,CAM11-0011,"# developer-projects, calculator (dbr), notifications, rbac, seo"
M04-CI-006,M04,Session Assignment,RUMAHAGEN_WF03_M04_FULL_REBUILD_v1.2_QIR_INTEGRATED_CONTROLLED/M04_CANONICAL_v1.2.md,SR-0075,04_ARCHITECTURE/W4-02A.6.5_SYSTEM_ARCHITECTURE_FULL_CONSOLIDATED_v1.8.docx,04_ARCHITECTURE/W4-02A.6.5_SYSTEM_ARCHITECTURE_FULL_CONSOLIDATED_v1.8.docx,"# developer-projects, calculator (dbr), notifications, rbac, seo",CORE ARCHITECTURE,01_GOVERNANCE/W4-02A.1_GOVERNANCE_CONSOLIDATION_FINAL_DECISION_AUTHORITY_v1.0.docx,Core architecture is governed as immutable Core semantic contract,FULL QIR-integrated Learning authority,1.0,RUMAHAGEN — SYSTEM ARCHITECTURE,M10/M14/M15,Preserve existing Core semantic/detail contract; retain provenance.,PRESERVE,DETERMINISTIC_CROSSWALK_VALIDATED,1,Exact deterministic join on module + prior candidate Core artifact + prior Core section. Current Core/evidence/authority/dependency fields are sourced from the matched STEP03 v1.2 relationship. STEP04 v1.0 is provenance only; no keyword/layer fallback.,CAM11-0011,"# developer-projects, calculator (dbr), notifications, rbac, seo"
M04-CI-007,M04,Provider,RUMAHAGEN_WF03_M04_FULL_REBUILD_v1.2_QIR_INTEGRATED_CONTROLLED/M04_CANONICAL_v1.2.md,SR-0075,04_ARCHITECTURE/W4-02A.6.5_SYSTEM_ARCHITECTURE_FULL_CONSOLIDATED_v1.8.docx,04_ARCHITECTURE/W4-02A.6.5_SYSTEM_ARCHITECTURE_FULL_CONSOLIDATED_v1.8.docx,"# developer-projects, calculator (dbr), notifications, rbac, seo",CORE ARCHITECTURE,01_GOVERNANCE/W4-02A.1_GOVERNANCE_CONSOLIDATION_FINAL_DECISION_AUTHORITY_v1.0.docx,Core architecture is governed as immutable Core semantic contract,FULL QIR-integrated Learning authority,1.0,RUMAHAGEN — SYSTEM ARCHITECTURE,M10/M14/M15,Preserve existing Core semantic/detail contract; retain provenance.,PRESERVE,DETERMINISTIC_CROSSWALK_VALIDATED,1,Exact deterministic join on module + prior candidate Core artifact + prior Core section. Current Core/evidence/authority/dependency fields are sourced from the matched STEP03 v1.2 relationship. STEP04 v1.0 is provenance only; no keyword/layer fallback.,CAM11-0011,"# developer-projects, calculator (dbr), notifications, rbac, seo"
M04-CI-008,M04,Host / Instructor,RUMAHAGEN_WF03_M04_FULL_REBUILD_v1.2_QIR_INTEGRATED_CONTROLLED/M04_CANONICAL_v1.2.md,SR-0075,04_ARCHITECTURE/W4-02A.6.5_SYSTEM_ARCHITECTURE_FULL_CONSOLIDATED_v1.8.docx,04_ARCHITECTURE/W4-02A.6.5_SYSTEM_ARCHITECTURE_FULL_CONSOLIDATED_v1.8.docx,"# developer-projects, calculator (dbr), notifications, rbac, seo",CORE ARCHITECTURE,01_GOVERNANCE/W4-02A.1_GOVERNANCE_CONSOLIDATION_FINAL_DECISION_AUTHORITY_v1.0.docx,Core architecture is governed as immutable Core semantic contract,FULL QIR-integrated Learning authority,1.0,RUMAHAGEN — SYSTEM ARCHITECTURE,M10/M14/M15,Preserve existing Core semantic/detail contract; retain provenance.,PRESERVE,DETERMINISTIC_CROSSWALK_VALIDATED,1,Exact deterministic join on module + prior candidate Core artifact + prior Core section. Current Core/evidence/authority/dependency fields are sourced from the matched STEP03 v1.2 relationship. STEP04 v1.0 is provenance only; no keyword/layer fallback.,CAM11-0011,"# developer-projects, calculator (dbr), notifications, rbac, seo"
M04-CI-009,M04,Session Visibility,RUMAHAGEN_WF03_M04_FULL_REBUILD_v1.2_QIR_INTEGRATED_CONTROLLED/M04_CANONICAL_v1.2.md,SR-0075,04_ARCHITECTURE/W4-02A.6.5_SYSTEM_ARCHITECTURE_FULL_CONSOLIDATED_v1.8.docx,04_ARCHITECTURE/W4-02A.6.5_SYSTEM_ARCHITECTURE_FULL_CONSOLIDATED_v1.8.docx,"# developer-projects, calculator (dbr), notifications, rbac, seo",CORE ARCHITECTURE,01_GOVERNANCE/W4-02A.1_GOVERNANCE_CONSOLIDATION_FINAL_DECISION_AUTHORITY_v1.0.docx,Core architecture is governed as immutable Core semantic contract,FULL QIR-integrated Learning authority,1.0,RUMAHAGEN — SYSTEM ARCHITECTURE,M10/M14/M15,Preserve existing Core semantic/detail contract; retain provenance.,PRESERVE,DETERMINISTIC_CROSSWALK_VALIDATED,1,Exact deterministic join on module + prior candidate Core artifact + prior Core section. Current Core/evidence/authority/dependency fields are sourced from the matched STEP03 v1.2 relationship. STEP04 v1.0 is provenance only; no keyword/layer fallback.,CAM11-0011,"# developer-projects, calculator (dbr), notifications, rbac, seo"
M04-CI-010,M04,Session permission family,RUMAHAGEN_WF03_M04_FULL_REBUILD_v1.2_QIR_INTEGRATED_CONTROLLED/M04_CANONICAL_v1.2.md,SR-0075,04_ARCHITECTURE/W4-02A.6.5_SYSTEM_ARCHITECTURE_FULL_CONSOLIDATED_v1.8.docx,04_ARCHITECTURE/W4-02A.6.5_SYSTEM_ARCHITECTURE_FULL_CONSOLIDATED_v1.8.docx,"# developer-projects, calculator (dbr), notifications, rbac, seo",CORE ARCHITECTURE,01_GOVERNANCE/W4-02A.1_GOVERNANCE_CONSOLIDATION_FINAL_DECISION_AUTHORITY_v1.0.docx,Core architecture is governed as immutable Core semantic contract,FULL QIR-integrated Learning authority,1.0,RUMAHAGEN — SYSTEM ARCHITECTURE,M10/M14/M15,Add validated capability/detail to the Core semantic contract; preserve existing detail.,ADD-NEW,DETERMINISTIC_CROSSWALK_VALIDATED,1,Exact deterministic join on module + prior candidate Core artifact + prior Core section. Current Core/evidence/authority/dependency fields are sourced from the matched STEP03 v1.2 relationship. STEP04 v1.0 is provenance only; no keyword/layer fallback.,CAM11-0011,"# developer-projects, calculator (dbr), notifications, rbac, seo"
M04-CI-011,M04,Session → Learning Activity,RUMAHAGEN_WF03_M04_FULL_REBUILD_v1.2_QIR_INTEGRATED_CONTROLLED/M04_CANONICAL_v1.2.md,SR-0075,04_ARCHITECTURE/W4-02A.6.5_SYSTEM_ARCHITECTURE_FULL_CONSOLIDATED_v1.8.docx,04_ARCHITECTURE/W4-02A.6.5_SYSTEM_ARCHITECTURE_FULL_CONSOLIDATED_v1.8.docx,"# developer-projects, calculator (dbr), notifications, rbac, seo",CORE ARCHITECTURE,01_GOVERNANCE/W4-02A.1_GOVERNANCE_CONSOLIDATION_FINAL_DECISION_AUTHORITY_v1.0.docx,Core architecture is governed as immutable Core semantic contract,FULL QIR-integrated Learning authority,1.0,RUMAHAGEN — SYSTEM ARCHITECTURE,M10/M14/M15,Preserve existing Core semantic/detail contract; retain provenance.,PRESERVE,DETERMINISTIC_CROSSWALK_VALIDATED,1,Exact deterministic join on module + prior candidate Core artifact + prior Core section. Current Core/evidence/authority/dependency fields are sourced from the matched STEP03 v1.2 relationship. STEP04 v1.0 is provenance only; no keyword/layer fallback.,CAM11-0011,"# developer-projects, calculator (dbr), notifications, rbac, seo"
M04-CI-012,M04,Reward boundary,RUMAHAGEN_WF03_M04_FULL_REBUILD_v1.2_QIR_INTEGRATED_CONTROLLED/M04_CANONICAL_v1.2.md,SR-0075,04_ARCHITECTURE/W4-02A.6.5_SYSTEM_ARCHITECTURE_FULL_CONSOLIDATED_v1.8.docx,04_ARCHITECTURE/W4-02A.6.5_SYSTEM_ARCHITECTURE_FULL_CONSOLIDATED_v1.8.docx,"# developer-projects, calculator (dbr), notifications, rbac, seo",CORE ARCHITECTURE,01_GOVERNANCE/W4-02A.1_GOVERNANCE_CONSOLIDATION_FINAL_DECISION_AUTHORITY_v1.0.docx,Core architecture is governed as immutable Core semantic contract,FULL QIR-integrated Learning authority,1.0,RUMAHAGEN — SYSTEM ARCHITECTURE,M10/M14/M15,Preserve existing Core semantic/detail contract; retain provenance.,PRESERVE,DETERMINISTIC_CROSSWALK_VALIDATED,1,Exact deterministic join on module + prior candidate Core artifact + prior Core section. Current Core/evidence/authority/dependency fields are sourced from the matched STEP03 v1.2 relationship. STEP04 v1.0 is provenance only; no keyword/layer fallback.,CAM11-0011,"# developer-projects, calculator (dbr), notifications, rbac, seo"
M04-CI-013,M04,Partnership Learning Result,RUMAHAGEN_WF03_M04_FULL_REBUILD_v1.2_QIR_INTEGRATED_CONTROLLED/M04_CANONICAL_v1.2.md,SR-0075,04_ARCHITECTURE/W4-02A.6.5_SYSTEM_ARCHITECTURE_FULL_CONSOLIDATED_v1.8.docx,04_ARCHITECTURE/W4-02A.6.5_SYSTEM_ARCHITECTURE_FULL_CONSOLIDATED_v1.8.docx,"# developer-projects, calculator (dbr), notifications, rbac, seo",CORE ARCHITECTURE,01_GOVERNANCE/W4-02A.1_GOVERNANCE_CONSOLIDATION_FINAL_DECISION_AUTHORITY_v1.0.docx,Core architecture is governed as immutable Core semantic contract,FULL QIR-integrated Learning authority,1.0,RUMAHAGEN — SYSTEM ARCHITECTURE,M10/M14/M15,Track downstream physical/API/RLS/runtime work; do not convert implementation status into semantic proof.,CONTROLLED,DETERMINISTIC_CROSSWALK_VALIDATED,1,Exact deterministic join on module + prior candidate Core artifact + prior Core section. Current Core/evidence/authority/dependency fields are sourced from the matched STEP03 v1.2 relationship. STEP04 v1.0 is provenance only; no keyword/layer fallback.,CAM11-0011,"# developer-projects, calculator (dbr), notifications, rbac, seo"
M04-CI-014,M04,Learning Reconciliation,RUMAHAGEN_WF03_M04_FULL_REBUILD_v1.2_QIR_INTEGRATED_CONTROLLED/M04_CANONICAL_v1.2.md,SR-0846,30_RECONCILIATION_EVIDENCE/W4-02A.5R_SOURCE_UPDATE_REVALIDATION_v1.1.docx,30_RECONCILIATION_EVIDENCE/W4-02A.5R_SOURCE_UPDATE_REVALIDATION_v1.1.docx,NO_HEADING_DETECTED,CORE RECONCILIATION EVIDENCE AUTHORITY,00_CONTROL/W4-02A.7_RECURSIVE_SOURCE_AUDIT_REGISTER_v1.0.csv,Reconciliation evidence and audit lineage,FULL QIR-integrated Learning authority,1.0,RUMAHAGEN — W4-02A.5R SOURCE UPDATE REVALIDATION,M10/M14/M15,Track downstream physical/API/RLS/runtime work; do not convert implementation status into semantic proof.,CONTROLLED,DETERMINISTIC_CROSSWALK_VALIDATED,1,Exact deterministic join on module + prior candidate Core artifact + prior Core section. Current Core/evidence/authority/dependency fields are sourced from the matched STEP03 v1.2 relationship. STEP04 v1.0 is provenance only; no keyword/layer fallback.,CAM11-0074,NO_HEADING_DETECTED
M04-CI-015,M04,Physical permission mapping,RUMAHAGEN_WF03_M04_FULL_REBUILD_v1.2_QIR_INTEGRATED_CONTROLLED/M04_CANONICAL_v1.2.md,SR-0075,04_ARCHITECTURE/W4-02A.6.5_SYSTEM_ARCHITECTURE_FULL_CONSOLIDATED_v1.8.docx,04_ARCHITECTURE/W4-02A.6.5_SYSTEM_ARCHITECTURE_FULL_CONSOLIDATED_v1.8.docx,"# developer-projects, calculator (dbr), notifications, rbac, seo",CORE ARCHITECTURE,01_GOVERNANCE/W4-02A.1_GOVERNANCE_CONSOLIDATION_FINAL_DECISION_AUTHORITY_v1.0.docx,Core architecture is governed as immutable Core semantic contract,FULL QIR-integrated Learning authority,1.0,RUMAHAGEN — SYSTEM ARCHITECTURE,M10/M14/M15,Track downstream physical/API/RLS/runtime work; do not convert implementation status into semantic proof.,CONTROLLED,DETERMINISTIC_CROSSWALK_VALIDATED,1,Exact deterministic join on module + prior candidate Core artifact + prior Core section. Current Core/evidence/authority/dependency fields are sourced from the matched STEP03 v1.2 relationship. STEP04 v1.0 is provenance only; no keyword/layer fallback.,CAM11-0011,"# developer-projects, calculator (dbr), notifications, rbac, seo"
M04-CI-016,M04,RLS,RUMAHAGEN_WF03_M04_FULL_REBUILD_v1.2_QIR_INTEGRATED_CONTROLLED/M04_CANONICAL_v1.2.md,SR-0404,13_RBAC_RLS/W4-02A.6.17_RBAC_PERMISSION_RLS_CURRENT_AUTHORIZATION_BASELINE_FULL_CONSOLIDATED_v2.1.docx,13_RBAC_RLS/W4-02A.6.17_RBAC_PERMISSION_RLS_CURRENT_AUTHORIZATION_BASELINE_FULL_CONSOLIDATED_v2.1.docx,NO_HEADING_DETECTED,M10 AUTHORIZATION AUTHORITY,RUMAHAGEN_WF03_M10_FULL_REBUILD_CONTROLLED_v1.1_FULL_VERSION/RUMAHAGEN_WF03_M10_FULL_REBUILD_CONTROLLED_v1.1.md,M10 is Role/Permission/Scope/Condition/Ownership/Organization/RLS authority,FULL QIR-integrated Learning authority,1.0,STEP AKTIF = W4-02A.6.17 — RBAC / PERMISSION / RLS CURRENT AUTHORIZATION BASELINE,M10/M14/M15,Track downstream physical/API/RLS/runtime work; do not convert implementation status into semantic proof.,CONTROLLED,DETERMINISTIC_CROSSWALK_VALIDATED,1,Exact deterministic join on module + prior candidate Core artifact + prior Core section. Current Core/evidence/authority/dependency fields are sourced from the matched STEP03 v1.2 relationship. STEP04 v1.0 is provenance only; no keyword/layer fallback.,CAM11-0033,NO_HEADING_DETECTED
M04-CI-017,M04,Runtime,RUMAHAGEN_WF03_M04_FULL_REBUILD_v1.2_QIR_INTEGRATED_CONTROLLED/M04_CANONICAL_v1.2.md,SR-0075,04_ARCHITECTURE/W4-02A.6.5_SYSTEM_ARCHITECTURE_FULL_CONSOLIDATED_v1.8.docx,04_ARCHITECTURE/W4-02A.6.5_SYSTEM_ARCHITECTURE_FULL_CONSOLIDATED_v1.8.docx,"# developer-projects, calculator (dbr), notifications, rbac, seo",CORE ARCHITECTURE,01_GOVERNANCE/W4-02A.1_GOVERNANCE_CONSOLIDATION_FINAL_DECISION_AUTHORITY_v1.0.docx,Core architecture is governed as immutable Core semantic contract,FULL QIR-integrated Learning authority,1.0,RUMAHAGEN — SYSTEM ARCHITECTURE,M10/M14/M15,Track downstream physical/API/RLS/runtime work; do not convert implementation status into semantic proof.,CONTROLLED,DETERMINISTIC_CROSSWALK_VALIDATED,1,Exact deterministic join on module + prior candidate Core artifact + prior Core section. Current Core/evidence/authority/dependency fields are sourced from the matched STEP03 v1.2 relationship. STEP04 v1.0 is provenance only; no keyword/layer fallback.,CAM11-0011,"# developer-projects, calculator (dbr), notifications, rbac, seo"
M06-CI-001,M06,Project semantic schema expansion,RUMAHAGEN_WF03_M06_FULL_REBUILD_CONTROLLED_v1.5_FULL_VERSION/07_M06_FULL_REBUILD_CONTROLLED_v1.5.md,SR-0182,11_DATABASE_SCHEMA/RUMAHAGEN_FULL_DATABASE_SCHEMA_SOURCE_ONLY_PACKAGE_v1.0.zip,11_DATABASE_SCHEMA/RUMAHAGEN_FULL_DATABASE_SCHEMA_SOURCE_ONLY_PACKAGE_v1.0.zip,NO_HEADING_DETECTED,W4-01E / W4-02 PHYSICAL AUTHORITY,11_DATABASE_SCHEMA/W4-01E_FINAL_BUILD_FROM_ZERO_SCHEMA_PACKAGE_v2.6.zip;11_DATABASE_SCHEMA/W4-02_CANONICAL_BUILD_FROM_ZERO_MIGRATION_PACKAGE_v1.0.zip,W4-01E frozen physical design and W4-02 executable physical baseline,FULL controlled Developer/Project/Marketing Kit/Claim authority,1.0,RUMAHAGEN_FULL_DATABASE_SCHEMA_SOURCE_ONLY_v1.0.sql,M03/M11/M14,Carry validated module detail into the applicable Core contract without deleting valid Core detail.,AUGMENT,DETERMINISTIC_CROSSWALK_VALIDATED,1,Exact deterministic join on module + prior candidate Core artifact + prior Core section. Current Core/evidence/authority/dependency fields are sourced from the matched STEP03 v1.2 relationship. STEP04 v1.0 is provenance only; no keyword/layer fallback.,CAM11-0018,NO_HEADING_DETECTED
M06-CI-002,M06,M03 field naming: land_area,RUMAHAGEN_WF03_M06_FULL_REBUILD_CONTROLLED_v1.5_FULL_VERSION/07_M06_FULL_REBUILD_CONTROLLED_v1.5.md,SR-0077,04_ARCHITECTURE/W4-02A.6.5_SYSTEM_ARCHITECTURE_FULL_CONSOLIDATED_v1.8.docx,04_ARCHITECTURE/W4-02A.6.5_SYSTEM_ARCHITECTURE_FULL_CONSOLIDATED_v1.8.docx,"# developer-projects, calculator (dbr), notifications, rbac, seo",CORE ARCHITECTURE,01_GOVERNANCE/W4-02A.1_GOVERNANCE_CONSOLIDATION_FINAL_DECISION_AUTHORITY_v1.0.docx,Core architecture is governed as immutable Core semantic contract,FULL controlled Developer/Project/Marketing Kit/Claim authority,1.0,RUMAHAGEN — SYSTEM ARCHITECTURE,M03/M11/M14,Preserve existing Core semantic/detail contract; retain provenance.,PRESERVE,DETERMINISTIC_CROSSWALK_VALIDATED,1,Exact deterministic join on module + prior candidate Core artifact + prior Core section. Current Core/evidence/authority/dependency fields are sourced from the matched STEP03 v1.2 relationship. STEP04 v1.0 is provenance only; no keyword/layer fallback.,CAM11-0011,"# developer-projects, calculator (dbr), notifications, rbac, seo"
M06-CI-003,M06,M03 field naming: building_area,RUMAHAGEN_WF03_M06_FULL_REBUILD_CONTROLLED_v1.5_FULL_VERSION/07_M06_FULL_REBUILD_CONTROLLED_v1.5.md,SR-0450,16_UI_UX/W4-02A.6.20_UI_UX_SPECIFICATION_CURRENT_INTERFACE_BEHAVIOR_CONTRACT_v2.1.md,16_UI_UX/W4-02A.6.20_UI_UX_SPECIFICATION_CURRENT_INTERFACE_BEHAVIOR_CONTRACT_v2.1.md,# RUMAHAGEN — UI / UX SPECIFICATION,CORE INTERFACE BEHAVIOR AUTHORITY,01_GOVERNANCE/W4-02A.1_GOVERNANCE_CONSOLIDATION_FINAL_DECISION_AUTHORITY_v1.0.docx,UI/UX behavior contract; visibility is not authorization,FULL controlled Developer/Project/Marketing Kit/Claim authority,4.0,**Version:** 2.1 — W4-02A.6.20,M03/M11/M14,Preserve existing Core semantic/detail contract; retain provenance.,PRESERVE,DETERMINISTIC_CROSSWALK_VALIDATED,1,Exact deterministic join on module + prior candidate Core artifact + prior Core section. Current Core/evidence/authority/dependency fields are sourced from the matched STEP03 v1.2 relationship. STEP04 v1.0 is provenance only; no keyword/layer fallback.,CAM11-0036,# RUMAHAGEN — UI / UX SPECIFICATION
M06-CI-004,M06,Project meta_description → Listing description,RUMAHAGEN_WF03_M06_FULL_REBUILD_CONTROLLED_v1.5_FULL_VERSION/07_M06_FULL_REBUILD_CONTROLLED_v1.5.md,SR-0077,04_ARCHITECTURE/W4-02A.6.5_SYSTEM_ARCHITECTURE_FULL_CONSOLIDATED_v1.8.docx,04_ARCHITECTURE/W4-02A.6.5_SYSTEM_ARCHITECTURE_FULL_CONSOLIDATED_v1.8.docx,"# developer-projects, calculator (dbr), notifications, rbac, seo",CORE ARCHITECTURE,01_GOVERNANCE/W4-02A.1_GOVERNANCE_CONSOLIDATION_FINAL_DECISION_AUTHORITY_v1.0.docx,Core architecture is governed as immutable Core semantic contract,FULL controlled Developer/Project/Marketing Kit/Claim authority,1.0,RUMAHAGEN — SYSTEM ARCHITECTURE,M03/M11/M14,Preserve existing Core semantic/detail contract; retain provenance.,PRESERVE,DETERMINISTIC_CROSSWALK_VALIDATED,1,Exact deterministic join on module + prior candidate Core artifact + prior Core section. Current Core/evidence/authority/dependency fields are sourced from the matched STEP03 v1.2 relationship. STEP04 v1.0 is provenance only; no keyword/layer fallback.,CAM11-0011,"# developer-projects, calculator (dbr), notifications, rbac, seo"
M06-CI-005,M06,Project meta_title → Listing title/header,RUMAHAGEN_WF03_M06_FULL_REBUILD_CONTROLLED_v1.5_FULL_VERSION/07_M06_FULL_REBUILD_CONTROLLED_v1.5.md,SR-0077,04_ARCHITECTURE/W4-02A.6.5_SYSTEM_ARCHITECTURE_FULL_CONSOLIDATED_v1.8.docx,04_ARCHITECTURE/W4-02A.6.5_SYSTEM_ARCHITECTURE_FULL_CONSOLIDATED_v1.8.docx,"# developer-projects, calculator (dbr), notifications, rbac, seo",CORE ARCHITECTURE,01_GOVERNANCE/W4-02A.1_GOVERNANCE_CONSOLIDATION_FINAL_DECISION_AUTHORITY_v1.0.docx,Core architecture is governed as immutable Core semantic contract,FULL controlled Developer/Project/Marketing Kit/Claim authority,1.0,RUMAHAGEN — SYSTEM ARCHITECTURE,M03/M11/M14,Preserve existing Core semantic/detail contract; retain provenance.,PRESERVE,DETERMINISTIC_CROSSWALK_VALIDATED,1,Exact deterministic join on module + prior candidate Core artifact + prior Core section. Current Core/evidence/authority/dependency fields are sourced from the matched STEP03 v1.2 relationship. STEP04 v1.0 is provenance only; no keyword/layer fallback.,CAM11-0011,"# developer-projects, calculator (dbr), notifications, rbac, seo"
M06-CI-006,M06,Developer company_logo + Tentang Developer,RUMAHAGEN_WF03_M06_FULL_REBUILD_CONTROLLED_v1.5_FULL_VERSION/07_M06_FULL_REBUILD_CONTROLLED_v1.5.md,SR-0077,04_ARCHITECTURE/W4-02A.6.5_SYSTEM_ARCHITECTURE_FULL_CONSOLIDATED_v1.8.docx,04_ARCHITECTURE/W4-02A.6.5_SYSTEM_ARCHITECTURE_FULL_CONSOLIDATED_v1.8.docx,"# developer-projects, calculator (dbr), notifications, rbac, seo",CORE ARCHITECTURE,01_GOVERNANCE/W4-02A.1_GOVERNANCE_CONSOLIDATION_FINAL_DECISION_AUTHORITY_v1.0.docx,Core architecture is governed as immutable Core semantic contract,FULL controlled Developer/Project/Marketing Kit/Claim authority,1.0,RUMAHAGEN — SYSTEM ARCHITECTURE,M03/M11/M14,Add validated capability/detail to the Core semantic contract; preserve existing detail.,ADD-NEW,DETERMINISTIC_CROSSWALK_VALIDATED,1,Exact deterministic join on module + prior candidate Core artifact + prior Core section. Current Core/evidence/authority/dependency fields are sourced from the matched STEP03 v1.2 relationship. STEP04 v1.0 is provenance only; no keyword/layer fallback.,CAM11-0011,"# developer-projects, calculator (dbr), notifications, rbac, seo"
M06-CI-007,M06,Project Media boundary,RUMAHAGEN_WF03_M06_FULL_REBUILD_CONTROLLED_v1.5_FULL_VERSION/07_M06_FULL_REBUILD_CONTROLLED_v1.5.md,SR-0077,04_ARCHITECTURE/W4-02A.6.5_SYSTEM_ARCHITECTURE_FULL_CONSOLIDATED_v1.8.docx,04_ARCHITECTURE/W4-02A.6.5_SYSTEM_ARCHITECTURE_FULL_CONSOLIDATED_v1.8.docx,"# developer-projects, calculator (dbr), notifications, rbac, seo",CORE ARCHITECTURE,01_GOVERNANCE/W4-02A.1_GOVERNANCE_CONSOLIDATION_FINAL_DECISION_AUTHORITY_v1.0.docx,Core architecture is governed as immutable Core semantic contract,FULL controlled Developer/Project/Marketing Kit/Claim authority,1.0,RUMAHAGEN — SYSTEM ARCHITECTURE,M03/M11/M14,Hand only the contradictory semantic portion to STEP05; preserve unrelated Core detail.,RECONCILE,DETERMINISTIC_CROSSWALK_VALIDATED,1,Exact deterministic join on module + prior candidate Core artifact + prior Core section. Current Core/evidence/authority/dependency fields are sourced from the matched STEP03 v1.2 relationship. STEP04 v1.0 is provenance only; no keyword/layer fallback.,CAM11-0011,"# developer-projects, calculator (dbr), notifications, rbac, seo"
M06-CI-008,M06,Marketing Kit resource,RUMAHAGEN_WF03_M06_FULL_REBUILD_CONTROLLED_v1.5_FULL_VERSION/07_M06_FULL_REBUILD_CONTROLLED_v1.5.md,SR-0152,09_ERD/W4-02A.6.13_ERD_CURRENT_LOGICAL_DATA_MODEL_FULL_CONSOLIDATED_v2.1.docx,09_ERD/W4-02A.6.13_ERD_CURRENT_LOGICAL_DATA_MODEL_FULL_CONSOLIDATED_v2.1.docx,NO_HEADING_DETECTED,CORE LOGICAL DATA MODEL AUTHORITY,01_GOVERNANCE/W4-02A.1_GOVERNANCE_CONSOLIDATION_FINAL_DECISION_AUTHORITY_v1.0.docx,Core logical data model authority,FULL controlled Developer/Project/Marketing Kit/Claim authority,1.0,RUMAHAGEN — ERD & DATA RELATIONSHIP MODEL,M03/M11/M14,Add validated capability/detail to the Core semantic contract; preserve existing detail.,ADD-NEW,DETERMINISTIC_CROSSWALK_VALIDATED,1,Exact deterministic join on module + prior candidate Core artifact + prior Core section. Current Core/evidence/authority/dependency fields are sourced from the matched STEP03 v1.2 relationship. STEP04 v1.0 is provenance only; no keyword/layer fallback.,CAM11-0016,NO_HEADING_DETECTED
M06-CI-009,M06,Marketing Kit CRUD authorization,RUMAHAGEN_WF03_M06_FULL_REBUILD_CONTROLLED_v1.5_FULL_VERSION/07_M06_FULL_REBUILD_CONTROLLED_v1.5.md,SR-0406,13_RBAC_RLS/W4-02A.6.17_RBAC_PERMISSION_RLS_CURRENT_AUTHORIZATION_BASELINE_FULL_CONSOLIDATED_v2.1.docx,13_RBAC_RLS/W4-02A.6.17_RBAC_PERMISSION_RLS_CURRENT_AUTHORIZATION_BASELINE_FULL_CONSOLIDATED_v2.1.docx,NO_HEADING_DETECTED,M10 AUTHORIZATION AUTHORITY,RUMAHAGEN_WF03_M10_FULL_REBUILD_CONTROLLED_v1.1_FULL_VERSION/RUMAHAGEN_WF03_M10_FULL_REBUILD_CONTROLLED_v1.1.md,M10 is Role/Permission/Scope/Condition/Ownership/Organization/RLS authority,FULL controlled Developer/Project/Marketing Kit/Claim authority,1.0,STEP AKTIF = W4-02A.6.17 — RBAC / PERMISSION / RLS CURRENT AUTHORIZATION BASELINE,M03/M11/M14,Carry validated module detail into the applicable Core contract without deleting valid Core detail.,AUGMENT,DETERMINISTIC_CROSSWALK_VALIDATED,1,Exact deterministic join on module + prior candidate Core artifact + prior Core section. Current Core/evidence/authority/dependency fields are sourced from the matched STEP03 v1.2 relationship. STEP04 v1.0 is provenance only; no keyword/layer fallback.,CAM11-0033,NO_HEADING_DETECTED
M06-CI-010,M06,Claim lifecycle state representation,RUMAHAGEN_WF03_M06_FULL_REBUILD_CONTROLLED_v1.5_FULL_VERSION/07_M06_FULL_REBUILD_CONTROLLED_v1.5.md,SR-0743,27_AI_BLUEPRINT/W4-02A.6.31_AI_DEVELOPMENT_BLUEPRINT_v2.1.md,27_AI_BLUEPRINT/W4-02A.6.31_AI_DEVELOPMENT_BLUEPRINT_v2.1.md,# RUMAHAGEN — W4-02A.6.31,CORE AI DEVELOPMENT BLUEPRINT AUTHORITY,01_GOVERNANCE/W4-02A.1_GOVERNANCE_CONSOLIDATION_FINAL_DECISION_AUTHORITY_v1.0.docx,AI development blueprint is controlled project context,FULL controlled Developer/Project/Marketing Kit/Claim authority,4.0,**Version:** 2.1,M03/M11/M14,Carry validated module detail into the applicable Core contract without deleting valid Core detail.,AUGMENT,DETERMINISTIC_CROSSWALK_VALIDATED,1,Exact deterministic join on module + prior candidate Core artifact + prior Core section. Current Core/evidence/authority/dependency fields are sourced from the matched STEP03 v1.2 relationship. STEP04 v1.0 is provenance only; no keyword/layer fallback.,CAM11-0067,# RUMAHAGEN — W4-02A.6.31
M06-CI-011,M06,Claim approval authority,RUMAHAGEN_WF03_M06_FULL_REBUILD_CONTROLLED_v1.5_FULL_VERSION/07_M06_FULL_REBUILD_CONTROLLED_v1.5.md,SR-0406,13_RBAC_RLS/W4-02A.6.17_RBAC_PERMISSION_RLS_CURRENT_AUTHORIZATION_BASELINE_FULL_CONSOLIDATED_v2.1.docx,13_RBAC_RLS/W4-02A.6.17_RBAC_PERMISSION_RLS_CURRENT_AUTHORIZATION_BASELINE_FULL_CONSOLIDATED_v2.1.docx,NO_HEADING_DETECTED,M10 AUTHORIZATION AUTHORITY,RUMAHAGEN_WF03_M10_FULL_REBUILD_CONTROLLED_v1.1_FULL_VERSION/RUMAHAGEN_WF03_M10_FULL_REBUILD_CONTROLLED_v1.1.md,M10 is Role/Permission/Scope/Condition/Ownership/Organization/RLS authority,FULL controlled Developer/Project/Marketing Kit/Claim authority,1.0,STEP AKTIF = W4-02A.6.17 — RBAC / PERMISSION / RLS CURRENT AUTHORIZATION BASELINE,M03/M11/M14,Carry validated module detail into the applicable Core contract without deleting valid Core detail.,AUGMENT,DETERMINISTIC_CROSSWALK_VALIDATED,1,Exact deterministic join on module + prior candidate Core artifact + prior Core section. Current Core/evidence/authority/dependency fields are sourced from the matched STEP03 v1.2 relationship. STEP04 v1.0 is provenance only; no keyword/layer fallback.,CAM11-0033,NO_HEADING_DETECTED
M06-CI-012,M06,Approval Claim artifact,RUMAHAGEN_WF03_M06_FULL_REBUILD_CONTROLLED_v1.5_FULL_VERSION/07_M06_FULL_REBUILD_CONTROLLED_v1.5.md,SR-0182,11_DATABASE_SCHEMA/RUMAHAGEN_FULL_DATABASE_SCHEMA_SOURCE_ONLY_PACKAGE_v1.0.zip,11_DATABASE_SCHEMA/RUMAHAGEN_FULL_DATABASE_SCHEMA_SOURCE_ONLY_PACKAGE_v1.0.zip,NO_HEADING_DETECTED,W4-01E / W4-02 PHYSICAL AUTHORITY,11_DATABASE_SCHEMA/W4-01E_FINAL_BUILD_FROM_ZERO_SCHEMA_PACKAGE_v2.6.zip;11_DATABASE_SCHEMA/W4-02_CANONICAL_BUILD_FROM_ZERO_MIGRATION_PACKAGE_v1.0.zip,W4-01E frozen physical design and W4-02 executable physical baseline,FULL controlled Developer/Project/Marketing Kit/Claim authority,1.0,RUMAHAGEN_FULL_DATABASE_SCHEMA_SOURCE_ONLY_v1.0.sql,M03/M11/M14,Add validated capability/detail to the Core semantic contract; preserve existing detail.,ADD-NEW,DETERMINISTIC_CROSSWALK_VALIDATED,1,Exact deterministic join on module + prior candidate Core artifact + prior Core section. Current Core/evidence/authority/dependency fields are sourced from the matched STEP03 v1.2 relationship. STEP04 v1.0 is provenance only; no keyword/layer fallback.,CAM11-0018,NO_HEADING_DETECTED
M06-CI-013,M06,Developer Project ownership ≠ Listing authority,RUMAHAGEN_WF03_M06_FULL_REBUILD_CONTROLLED_v1.5_FULL_VERSION/07_M06_FULL_REBUILD_CONTROLLED_v1.5.md,SR-0152,09_ERD/W4-02A.6.13_ERD_CURRENT_LOGICAL_DATA_MODEL_FULL_CONSOLIDATED_v2.1.docx,09_ERD/W4-02A.6.13_ERD_CURRENT_LOGICAL_DATA_MODEL_FULL_CONSOLIDATED_v2.1.docx,NO_HEADING_DETECTED,CORE LOGICAL DATA MODEL AUTHORITY,01_GOVERNANCE/W4-02A.1_GOVERNANCE_CONSOLIDATION_FINAL_DECISION_AUTHORITY_v1.0.docx,Core logical data model authority,FULL controlled Developer/Project/Marketing Kit/Claim authority,1.0,RUMAHAGEN — ERD & DATA RELATIONSHIP MODEL,M03/M11/M14,Track downstream physical/API/RLS/runtime work; do not convert implementation status into semantic proof.,CONTROLLED,DETERMINISTIC_CROSSWALK_VALIDATED,1,Exact deterministic join on module + prior candidate Core artifact + prior Core section. Current Core/evidence/authority/dependency fields are sourced from the matched STEP03 v1.2 relationship. STEP04 v1.0 is provenance only; no keyword/layer fallback.,CAM11-0016,NO_HEADING_DETECTED
M06-CI-014,M06,Approved Claim → Agent-owned Listing initialization,RUMAHAGEN_WF03_M06_FULL_REBUILD_CONTROLLED_v1.5_FULL_VERSION/07_M06_FULL_REBUILD_CONTROLLED_v1.5.md,SR-0743,27_AI_BLUEPRINT/W4-02A.6.31_AI_DEVELOPMENT_BLUEPRINT_v2.1.md,27_AI_BLUEPRINT/W4-02A.6.31_AI_DEVELOPMENT_BLUEPRINT_v2.1.md,# RUMAHAGEN — W4-02A.6.31,CORE AI DEVELOPMENT BLUEPRINT AUTHORITY,01_GOVERNANCE/W4-02A.1_GOVERNANCE_CONSOLIDATION_FINAL_DECISION_AUTHORITY_v1.0.docx,AI development blueprint is controlled project context,FULL controlled Developer/Project/Marketing Kit/Claim authority,4.0,**Version:** 2.1,M03/M11/M14,Carry validated module detail into the applicable Core contract without deleting valid Core detail.,AUGMENT,DETERMINISTIC_CROSSWALK_VALIDATED,1,Exact deterministic join on module + prior candidate Core artifact + prior Core section. Current Core/evidence/authority/dependency fields are sourced from the matched STEP03 v1.2 relationship. STEP04 v1.0 is provenance only; no keyword/layer fallback.,CAM11-0067,# RUMAHAGEN — W4-02A.6.31
M06-CI-015,M06,Project Media vs Listing media,RUMAHAGEN_WF03_M06_FULL_REBUILD_CONTROLLED_v1.5_FULL_VERSION/07_M06_FULL_REBUILD_CONTROLLED_v1.5.md,SR-0152,09_ERD/W4-02A.6.13_ERD_CURRENT_LOGICAL_DATA_MODEL_FULL_CONSOLIDATED_v2.1.docx,09_ERD/W4-02A.6.13_ERD_CURRENT_LOGICAL_DATA_MODEL_FULL_CONSOLIDATED_v2.1.docx,NO_HEADING_DETECTED,CORE LOGICAL DATA MODEL AUTHORITY,01_GOVERNANCE/W4-02A.1_GOVERNANCE_CONSOLIDATION_FINAL_DECISION_AUTHORITY_v1.0.docx,Core logical data model authority,FULL controlled Developer/Project/Marketing Kit/Claim authority,1.0,RUMAHAGEN — ERD & DATA RELATIONSHIP MODEL,M03/M11/M14,Track downstream physical/API/RLS/runtime work; do not convert implementation status into semantic proof.,CONTROLLED,DETERMINISTIC_CROSSWALK_VALIDATED,1,Exact deterministic join on module + prior candidate Core artifact + prior Core section. Current Core/evidence/authority/dependency fields are sourced from the matched STEP03 v1.2 relationship. STEP04 v1.0 is provenance only; no keyword/layer fallback.,CAM11-0016,NO_HEADING_DETECTED
M06-CI-016,M06,Physical/runtime separation,RUMAHAGEN_WF03_M06_FULL_REBUILD_CONTROLLED_v1.5_FULL_VERSION/07_M06_FULL_REBUILD_CONTROLLED_v1.5.md,SR-0077,04_ARCHITECTURE/W4-02A.6.5_SYSTEM_ARCHITECTURE_FULL_CONSOLIDATED_v1.8.docx,04_ARCHITECTURE/W4-02A.6.5_SYSTEM_ARCHITECTURE_FULL_CONSOLIDATED_v1.8.docx,"# developer-projects, calculator (dbr), notifications, rbac, seo",CORE ARCHITECTURE,01_GOVERNANCE/W4-02A.1_GOVERNANCE_CONSOLIDATION_FINAL_DECISION_AUTHORITY_v1.0.docx,Core architecture is governed as immutable Core semantic contract,FULL controlled Developer/Project/Marketing Kit/Claim authority,1.0,RUMAHAGEN — SYSTEM ARCHITECTURE,M03/M11/M14,Track downstream physical/API/RLS/runtime work; do not convert implementation status into semantic proof.,CONTROLLED,DETERMINISTIC_CROSSWALK_VALIDATED,1,Exact deterministic join on module + prior candidate Core artifact + prior Core section. Current Core/evidence/authority/dependency fields are sourced from the matched STEP03 v1.2 relationship. STEP04 v1.0 is provenance only; no keyword/layer fallback.,CAM11-0011,"# developer-projects, calculator (dbr), notifications, rbac, seo"
M06-CI-017,M06,Existing Core developer module CRUD,RUMAHAGEN_WF03_M06_FULL_REBUILD_CONTROLLED_v1.5_FULL_VERSION/07_M06_FULL_REBUILD_CONTROLLED_v1.5.md,SR-0420,14_FUNCTIONAL/W4-02A.6.18_FUNCTIONAL_SPECIFICATION_CURRENT_FUNCTIONAL_IMPLEMENTATION_CONTRACT_v2.1.md,14_FUNCTIONAL/W4-02A.6.18_FUNCTIONAL_SPECIFICATION_CURRENT_FUNCTIONAL_IMPLEMENTATION_CONTRACT_v2.1.md,# RUMAHAGEN — FUNCTIONAL SPECIFICATION,CORE FUNCTIONAL CONTRACT AUTHORITY,01_GOVERNANCE/W4-02A.1_GOVERNANCE_CONSOLIDATION_FINAL_DECISION_AUTHORITY_v1.0.docx,Functional contract under Core governance,FULL controlled Developer/Project/Marketing Kit/Claim authority,4.0,**Version:** 2.1 — W4-02A.6.18,M03/M11/M14,Track downstream physical/API/RLS/runtime work; do not convert implementation status into semantic proof.,CONTROLLED,DETERMINISTIC_CROSSWALK_VALIDATED,1,Exact deterministic join on module + prior candidate Core artifact + prior Core section. Current Core/evidence/authority/dependency fields are sourced from the matched STEP03 v1.2 relationship. STEP04 v1.0 is provenance only; no keyword/layer fallback.,CAM11-0034,# RUMAHAGEN — FUNCTIONAL SPECIFICATION
M06-CI-018,M06,Non-exclusivity,RUMAHAGEN_WF03_M06_FULL_REBUILD_CONTROLLED_v1.5_FULL_VERSION/07_M06_FULL_REBUILD_CONTROLLED_v1.5.md,SR-0152,09_ERD/W4-02A.6.13_ERD_CURRENT_LOGICAL_DATA_MODEL_FULL_CONSOLIDATED_v2.1.docx,09_ERD/W4-02A.6.13_ERD_CURRENT_LOGICAL_DATA_MODEL_FULL_CONSOLIDATED_v2.1.docx,NO_HEADING_DETECTED,CORE LOGICAL DATA MODEL AUTHORITY,01_GOVERNANCE/W4-02A.1_GOVERNANCE_CONSOLIDATION_FINAL_DECISION_AUTHORITY_v1.0.docx,Core logical data model authority,FULL controlled Developer/Project/Marketing Kit/Claim authority,1.0,RUMAHAGEN — ERD & DATA RELATIONSHIP MODEL,M03/M11/M14,Preserve existing Core semantic/detail contract; retain provenance.,PRESERVE,DETERMINISTIC_CROSSWALK_VALIDATED,1,Exact deterministic join on module + prior candidate Core artifact + prior Core section. Current Core/evidence/authority/dependency fields are sourced from the matched STEP03 v1.2 relationship. STEP04 v1.0 is provenance only; no keyword/layer fallback.,CAM11-0016,NO_HEADING_DETECTED
M07-IA-001,M07,Semantic scope,RUMAHAGEN_WF03_M07_FULL_REBUILD_CONTROLLED_v1.1_FULL_VERSION/00_M07_FULL_REBUILD_CONTROLLED_v1.1.md,SR-0078,04_ARCHITECTURE/W4-02A.6.5_SYSTEM_ARCHITECTURE_FULL_CONSOLIDATED_v1.8.docx,04_ARCHITECTURE/W4-02A.6.5_SYSTEM_ARCHITECTURE_FULL_CONSOLIDATED_v1.8.docx,"# developer-projects, calculator (dbr), notifications, rbac, seo",CORE ARCHITECTURE,01_GOVERNANCE/W4-02A.1_GOVERNANCE_CONSOLIDATION_FINAL_DECISION_AUTHORITY_v1.0.docx,Core architecture is governed as immutable Core semantic contract,FULL corrected DBR authority,1.0,RUMAHAGEN — SYSTEM ARCHITECTURE,M09/M10,Preserve locked semantic contract and provenance.,PRESERVE,DETERMINISTIC_CROSSWALK_VALIDATED,1,Exact deterministic join on module + prior candidate Core artifact + prior Core section. Current Core/evidence/authority/dependency fields are sourced from the matched STEP03 v1.2 relationship. STEP04 v1.0 is provenance only; no keyword/layer fallback.,CAM11-0011,"# developer-projects, calculator (dbr), notifications, rbac, seo"
M07-IA-002,M07,Bank Master semantic authority,RUMAHAGEN_WF03_M07_FULL_REBUILD_CONTROLLED_v1.1_FULL_VERSION/00_M07_FULL_REBUILD_CONTROLLED_v1.1.md,SR-0078,04_ARCHITECTURE/W4-02A.6.5_SYSTEM_ARCHITECTURE_FULL_CONSOLIDATED_v1.8.docx,04_ARCHITECTURE/W4-02A.6.5_SYSTEM_ARCHITECTURE_FULL_CONSOLIDATED_v1.8.docx,"# developer-projects, calculator (dbr), notifications, rbac, seo",CORE ARCHITECTURE,01_GOVERNANCE/W4-02A.1_GOVERNANCE_CONSOLIDATION_FINAL_DECISION_AUTHORITY_v1.0.docx,Core architecture is governed as immutable Core semantic contract,FULL corrected DBR authority,1.0,RUMAHAGEN — SYSTEM ARCHITECTURE,M09/M10,Preserve locked semantic contract and provenance.,PRESERVE,DETERMINISTIC_CROSSWALK_VALIDATED,1,Exact deterministic join on module + prior candidate Core artifact + prior Core section. Current Core/evidence/authority/dependency fields are sourced from the matched STEP03 v1.2 relationship. STEP04 v1.0 is provenance only; no keyword/layer fallback.,CAM11-0011,"# developer-projects, calculator (dbr), notifications, rbac, seo"
M07-IA-003,M07,Bank Master physical representation,RUMAHAGEN_WF03_M07_FULL_REBUILD_CONTROLLED_v1.1_FULL_VERSION/00_M07_FULL_REBUILD_CONTROLLED_v1.1.md,SR-0183,11_DATABASE_SCHEMA/RUMAHAGEN_FULL_DATABASE_SCHEMA_SOURCE_ONLY_PACKAGE_v1.0.zip,11_DATABASE_SCHEMA/RUMAHAGEN_FULL_DATABASE_SCHEMA_SOURCE_ONLY_PACKAGE_v1.0.zip,NO_HEADING_DETECTED,W4-01E / W4-02 PHYSICAL AUTHORITY,11_DATABASE_SCHEMA/W4-01E_FINAL_BUILD_FROM_ZERO_SCHEMA_PACKAGE_v2.6.zip;11_DATABASE_SCHEMA/W4-02_CANONICAL_BUILD_FROM_ZERO_MIGRATION_PACKAGE_v1.0.zip,W4-01E frozen physical design and W4-02 executable physical baseline,FULL corrected DBR authority,1.0,RUMAHAGEN_FULL_DATABASE_SCHEMA_SOURCE_ONLY_v1.0.sql,M09/M10,Track physical/API/RLS/runtime impact downstream; do not treat it as semantic proof.,CONTROLLED,DETERMINISTIC_CROSSWALK_VALIDATED,1,Exact deterministic join on module + prior candidate Core artifact + prior Core section. Current Core/evidence/authority/dependency fields are sourced from the matched STEP03 v1.2 relationship. STEP04 v1.0 is provenance only; no keyword/layer fallback.,CAM11-0018,NO_HEADING_DETECTED
M07-IA-004,M07,Admin configuration enforcement,RUMAHAGEN_WF03_M07_FULL_REBUILD_CONTROLLED_v1.1_FULL_VERSION/00_M07_FULL_REBUILD_CONTROLLED_v1.1.md,SR-0436,15_TECHNICAL/W4-02A.6.19_TECHNICAL_SPECIFICATION_CURRENT_TECHNICAL_IMPLEMENTATION_CONTRACT_v2.1.md,15_TECHNICAL/W4-02A.6.19_TECHNICAL_SPECIFICATION_CURRENT_TECHNICAL_IMPLEMENTATION_CONTRACT_v2.1.md,# RUMAHAGEN — TECHNICAL SPECIFICATION,CORE TECHNICAL CONTRACT AUTHORITY,01_GOVERNANCE/W4-02A.1_GOVERNANCE_CONSOLIDATION_FINAL_DECISION_AUTHORITY_v1.0.docx,Technical implementation contract under Core governance,FULL corrected DBR authority,4.0,**Version:** 2.1 — W4-02A.6.19,M09/M10,Track physical/API/RLS/runtime impact downstream; do not treat it as semantic proof.,CONTROLLED,DETERMINISTIC_CROSSWALK_VALIDATED,1,Exact deterministic join on module + prior candidate Core artifact + prior Core section. Current Core/evidence/authority/dependency fields are sourced from the matched STEP03 v1.2 relationship. STEP04 v1.0 is provenance only; no keyword/layer fallback.,CAM11-0035,# RUMAHAGEN — TECHNICAL SPECIFICATION
M07-IA-005,M07,API contract,RUMAHAGEN_WF03_M07_FULL_REBUILD_CONTROLLED_v1.1_FULL_VERSION/00_M07_FULL_REBUILD_CONTROLLED_v1.1.md,SR-0393,12_API/W4-02A.6.16_API_SPECIFICATION_CURRENT_API_CONTRACT_BASELINE_FULL_CONSOLIDATED_v2.1.docx,12_API/W4-02A.6.16_API_SPECIFICATION_CURRENT_API_CONTRACT_BASELINE_FULL_CONSOLIDATED_v2.1.docx,NO_HEADING_DETECTED,CORE API CONTRACT AUTHORITY,01_GOVERNANCE/W4-02A.1_GOVERNANCE_CONSOLIDATION_FINAL_DECISION_AUTHORITY_v1.0.docx,API contract governed by Core freeze,FULL corrected DBR authority,1.0,RUMAHAGEN — API SPECIFICATION,M09/M10,Track physical/API/RLS/runtime impact downstream; do not treat it as semantic proof.,CONTROLLED,DETERMINISTIC_CROSSWALK_VALIDATED,1,Exact deterministic join on module + prior candidate Core artifact + prior Core section. Current Core/evidence/authority/dependency fields are sourced from the matched STEP03 v1.2 relationship. STEP04 v1.0 is provenance only; no keyword/layer fallback.,CAM11-0032,NO_HEADING_DETECTED
M07-IA-006,M07,Threshold,RUMAHAGEN_WF03_M07_FULL_REBUILD_CONTROLLED_v1.1_FULL_VERSION/00_M07_FULL_REBUILD_CONTROLLED_v1.1.md,SR-F-0009,CAM11-0052,23_M01_M07/W4-02A.6.27_FOCUSED_EXECUTION_PACK_M01-M07_v2.1_EXTRACTED/RUMAHAGEN_W4-02A.6.27_FOCUSED_EXECUTION_PACK_M01-M07_v2.1/M07_PHYSICAL_EXECUTION_SPEC_v2.1.md,## 16. Required negative / regression tests,M01–M07 EXECUTION CONTEXT; MODULE AUTHORITIES REMAIN SEMANTIC AUTHORITY,M01–M07 CURRENT AUTHORITY ARTIFACT SET,Focused execution pack is downstream execution context,FULL corrected DBR authority,125.0,## 16. Required negative / regression tests - user attempts manual threshold override - bank deactivated but selected - more than four displayed banks - fixed 10pp boundary tests - DBR > threshold - DBR exactly threshold - DBR exactly threshold-10pp - wrong actor accesses history - admin/user scope violation,M09/M10,Preserve locked semantic contract and provenance.,PRESERVE,DETERMINISTIC_EXPLICIT_FINDING_RELATIONSHIP,1,Exact finding-level relationship created in STEP03 v1.3 from current module authority + exact Core artifact + exact section/evidence anchor.,CAM11-0001,# 6.33 Filename Clarification Register
M07-IA-007,M07,Bank display limit,RUMAHAGEN_WF03_M07_FULL_REBUILD_CONTROLLED_v1.1_FULL_VERSION/00_M07_FULL_REBUILD_CONTROLLED_v1.1.md,SR-0436,15_TECHNICAL/W4-02A.6.19_TECHNICAL_SPECIFICATION_CURRENT_TECHNICAL_IMPLEMENTATION_CONTRACT_v2.1.md,15_TECHNICAL/W4-02A.6.19_TECHNICAL_SPECIFICATION_CURRENT_TECHNICAL_IMPLEMENTATION_CONTRACT_v2.1.md,# RUMAHAGEN — TECHNICAL SPECIFICATION,CORE TECHNICAL CONTRACT AUTHORITY,01_GOVERNANCE/W4-02A.1_GOVERNANCE_CONSOLIDATION_FINAL_DECISION_AUTHORITY_v1.0.docx,Technical implementation contract under Core governance,FULL corrected DBR authority,4.0,**Version:** 2.1 — W4-02A.6.19,M09/M10,Preserve locked semantic contract and provenance.,PRESERVE,DETERMINISTIC_CROSSWALK_VALIDATED,1,Exact deterministic join on module + prior candidate Core artifact + prior Core section. Current Core/evidence/authority/dependency fields are sourced from the matched STEP03 v1.2 relationship. STEP04 v1.0 is provenance only; no keyword/layer fallback.,CAM11-0035,# RUMAHAGEN — TECHNICAL SPECIFICATION
M07-IA-008,M07,Interpretation bands,RUMAHAGEN_WF03_M07_FULL_REBUILD_CONTROLLED_v1.1_FULL_VERSION/00_M07_FULL_REBUILD_CONTROLLED_v1.1.md,SR-0519,21_EXECUTION_SPECIFICATION/W4-02A.6.25_MODULE_EXECUTION_SPECIFICATION_ARCHITECTURE_v2.1.md,21_EXECUTION_SPECIFICATION/W4-02A.6.25_MODULE_EXECUTION_SPECIFICATION_ARCHITECTURE_v2.1.md,# RUMAHAGEN — MODULE EXECUTION SPECIFICATION ARCHITECTURE,CORE EXECUTION SPECIFICATION AUTHORITY,01_GOVERNANCE/W4-02A.1_GOVERNANCE_CONSOLIDATION_FINAL_DECISION_AUTHORITY_v1.0.docx,Execution specification is downstream of frozen semantic authority,FULL corrected DBR authority,4.0,**Version:** 2.1 — W4-02A.6.25,M09/M10,Preserve locked semantic contract and provenance.,PRESERVE,DETERMINISTIC_CROSSWALK_VALIDATED,1,Exact deterministic join on module + prior candidate Core artifact + prior Core section. Current Core/evidence/authority/dependency fields are sourced from the matched STEP03 v1.2 relationship. STEP04 v1.0 is provenance only; no keyword/layer fallback.,CAM11-0041,# RUMAHAGEN — MODULE EXECUTION SPECIFICATION ARCHITECTURE
M07-IA-009,M07,Simulation persistence,RUMAHAGEN_WF03_M07_FULL_REBUILD_CONTROLLED_v1.1_FULL_VERSION/00_M07_FULL_REBUILD_CONTROLLED_v1.1.md,SR-0183,11_DATABASE_SCHEMA/RUMAHAGEN_FULL_DATABASE_SCHEMA_SOURCE_ONLY_PACKAGE_v1.0.zip,11_DATABASE_SCHEMA/RUMAHAGEN_FULL_DATABASE_SCHEMA_SOURCE_ONLY_PACKAGE_v1.0.zip,NO_HEADING_DETECTED,W4-01E / W4-02 PHYSICAL AUTHORITY,11_DATABASE_SCHEMA/W4-01E_FINAL_BUILD_FROM_ZERO_SCHEMA_PACKAGE_v2.6.zip;11_DATABASE_SCHEMA/W4-02_CANONICAL_BUILD_FROM_ZERO_MIGRATION_PACKAGE_v1.0.zip,W4-01E frozen physical design and W4-02 executable physical baseline,FULL corrected DBR authority,1.0,RUMAHAGEN_FULL_DATABASE_SCHEMA_SOURCE_ONLY_v1.0.sql,M09/M10,Preserve locked semantic contract and provenance.,PRESERVE,DETERMINISTIC_CROSSWALK_VALIDATED,1,Exact deterministic join on module + prior candidate Core artifact + prior Core section. Current Core/evidence/authority/dependency fields are sourced from the matched STEP03 v1.2 relationship. STEP04 v1.0 is provenance only; no keyword/layer fallback.,CAM11-0018,NO_HEADING_DETECTED
M07-IA-010,M07,Sharing/revoke,RUMAHAGEN_WF03_M07_FULL_REBUILD_CONTROLLED_v1.1_FULL_VERSION/00_M07_FULL_REBUILD_CONTROLLED_v1.1.md,SR-0078,04_ARCHITECTURE/W4-02A.6.5_SYSTEM_ARCHITECTURE_FULL_CONSOLIDATED_v1.8.docx,04_ARCHITECTURE/W4-02A.6.5_SYSTEM_ARCHITECTURE_FULL_CONSOLIDATED_v1.8.docx,"# developer-projects, calculator (dbr), notifications, rbac, seo",CORE ARCHITECTURE,01_GOVERNANCE/W4-02A.1_GOVERNANCE_CONSOLIDATION_FINAL_DECISION_AUTHORITY_v1.0.docx,Core architecture is governed as immutable Core semantic contract,FULL corrected DBR authority,1.0,RUMAHAGEN — SYSTEM ARCHITECTURE,M09/M10,Preserve locked semantic contract and provenance.,PRESERVE,DETERMINISTIC_CROSSWALK_VALIDATED,1,Exact deterministic join on module + prior candidate Core artifact + prior Core section. Current Core/evidence/authority/dependency fields are sourced from the matched STEP03 v1.2 relationship. STEP04 v1.0 is provenance only; no keyword/layer fallback.,CAM11-0011,"# developer-projects, calculator (dbr), notifications, rbac, seo"
M07-IA-011,M07,Buyer OWN/OPEN,RUMAHAGEN_WF03_M07_FULL_REBUILD_CONTROLLED_v1.1_FULL_VERSION/00_M07_FULL_REBUILD_CONTROLLED_v1.1.md,SR-0078,04_ARCHITECTURE/W4-02A.6.5_SYSTEM_ARCHITECTURE_FULL_CONSOLIDATED_v1.8.docx,04_ARCHITECTURE/W4-02A.6.5_SYSTEM_ARCHITECTURE_FULL_CONSOLIDATED_v1.8.docx,"# developer-projects, calculator (dbr), notifications, rbac, seo",CORE ARCHITECTURE,01_GOVERNANCE/W4-02A.1_GOVERNANCE_CONSOLIDATION_FINAL_DECISION_AUTHORITY_v1.0.docx,Core architecture is governed as immutable Core semantic contract,FULL corrected DBR authority,1.0,RUMAHAGEN — SYSTEM ARCHITECTURE,M09/M10,Preserve locked semantic contract and provenance.,PRESERVE,DETERMINISTIC_CROSSWALK_VALIDATED,1,Exact deterministic join on module + prior candidate Core artifact + prior Core section. Current Core/evidence/authority/dependency fields are sourced from the matched STEP03 v1.2 relationship. STEP04 v1.0 is provenance only; no keyword/layer fallback.,CAM11-0011,"# developer-projects, calculator (dbr), notifications, rbac, seo"
M07-IA-012,M07,M07 authority boundary,RUMAHAGEN_WF03_M07_FULL_REBUILD_CONTROLLED_v1.1_FULL_VERSION/00_M07_FULL_REBUILD_CONTROLLED_v1.1.md,SR-0078,04_ARCHITECTURE/W4-02A.6.5_SYSTEM_ARCHITECTURE_FULL_CONSOLIDATED_v1.8.docx,04_ARCHITECTURE/W4-02A.6.5_SYSTEM_ARCHITECTURE_FULL_CONSOLIDATED_v1.8.docx,"# developer-projects, calculator (dbr), notifications, rbac, seo",CORE ARCHITECTURE,01_GOVERNANCE/W4-02A.1_GOVERNANCE_CONSOLIDATION_FINAL_DECISION_AUTHORITY_v1.0.docx,Core architecture is governed as immutable Core semantic contract,FULL corrected DBR authority,1.0,RUMAHAGEN — SYSTEM ARCHITECTURE,M09/M10,Preserve locked semantic contract and provenance.,PRESERVE,DETERMINISTIC_CROSSWALK_VALIDATED,1,Exact deterministic join on module + prior candidate Core artifact + prior Core section. Current Core/evidence/authority/dependency fields are sourced from the matched STEP03 v1.2 relationship. STEP04 v1.0 is provenance only; no keyword/layer fallback.,CAM11-0011,"# developer-projects, calculator (dbr), notifications, rbac, seo"
M07-IA-013,M07,AI boundary,RUMAHAGEN_WF03_M07_FULL_REBUILD_CONTROLLED_v1.1_FULL_VERSION/00_M07_FULL_REBUILD_CONTROLLED_v1.1.md,SR-0744,27_AI_BLUEPRINT/W4-02A.6.31_AI_DEVELOPMENT_BLUEPRINT_v2.1.md,27_AI_BLUEPRINT/W4-02A.6.31_AI_DEVELOPMENT_BLUEPRINT_v2.1.md,# RUMAHAGEN — W4-02A.6.31,CORE AI DEVELOPMENT BLUEPRINT AUTHORITY,01_GOVERNANCE/W4-02A.1_GOVERNANCE_CONSOLIDATION_FINAL_DECISION_AUTHORITY_v1.0.docx,AI development blueprint is controlled project context,FULL corrected DBR authority,4.0,**Version:** 2.1,M09/M10,Preserve locked semantic contract and provenance.,PRESERVE,DETERMINISTIC_CROSSWALK_VALIDATED,1,Exact deterministic join on module + prior candidate Core artifact + prior Core section. Current Core/evidence/authority/dependency fields are sourced from the matched STEP03 v1.2 relationship. STEP04 v1.0 is provenance only; no keyword/layer fallback.,CAM11-0067,# RUMAHAGEN — W4-02A.6.31
M07-IA-014,M07,M09 dependency,RUMAHAGEN_WF03_M07_FULL_REBUILD_CONTROLLED_v1.1_FULL_VERSION/00_M07_FULL_REBUILD_CONTROLLED_v1.1.md,SR-0474,18_MODULE_DEPENDENCY/W4-02A.6.22_MODULE_DEPENDENCY_MATRIX_CROSS_MODULE_DEPENDENCY_CONTRACT_v2.1.md,18_MODULE_DEPENDENCY/W4-02A.6.22_MODULE_DEPENDENCY_MATRIX_CROSS_MODULE_DEPENDENCY_CONTRACT_v2.1.md,# RUMAHAGEN — MODULE DEPENDENCY MATRIX,CORE CROSS-MODULE DEPENDENCY CONTRACT,00_CONTROL/SOURCE_INDEX_v1.3.md,Cross-module dependency contract and controlled dependency matrix,FULL corrected DBR authority,4.0,**Version:** 2.1 — W4-02A.6.22,M09/M10,Preserve locked semantic contract and provenance.,PRESERVE,DETERMINISTIC_CROSSWALK_VALIDATED,1,Exact deterministic join on module + prior candidate Core artifact + prior Core section. Current Core/evidence/authority/dependency fields are sourced from the matched STEP03 v1.2 relationship. STEP04 v1.0 is provenance only; no keyword/layer fallback.,CAM11-0038,# RUMAHAGEN — MODULE DEPENDENCY MATRIX
M07-IA-015,M07,M10 dependency,RUMAHAGEN_WF03_M07_FULL_REBUILD_CONTROLLED_v1.1_FULL_VERSION/00_M07_FULL_REBUILD_CONTROLLED_v1.1.md,SR-0474,18_MODULE_DEPENDENCY/W4-02A.6.22_MODULE_DEPENDENCY_MATRIX_CROSS_MODULE_DEPENDENCY_CONTRACT_v2.1.md,18_MODULE_DEPENDENCY/W4-02A.6.22_MODULE_DEPENDENCY_MATRIX_CROSS_MODULE_DEPENDENCY_CONTRACT_v2.1.md,# RUMAHAGEN — MODULE DEPENDENCY MATRIX,CORE CROSS-MODULE DEPENDENCY CONTRACT,00_CONTROL/SOURCE_INDEX_v1.3.md,Cross-module dependency contract and controlled dependency matrix,FULL corrected DBR authority,4.0,**Version:** 2.1 — W4-02A.6.22,M09/M10,Preserve locked semantic contract and provenance.,PRESERVE,DETERMINISTIC_CROSSWALK_VALIDATED,1,Exact deterministic join on module + prior candidate Core artifact + prior Core section. Current Core/evidence/authority/dependency fields are sourced from the matched STEP03 v1.2 relationship. STEP04 v1.0 is provenance only; no keyword/layer fallback.,CAM11-0038,# RUMAHAGEN — MODULE DEPENDENCY MATRIX
M07-IA-016,M07,Physical proof gate,RUMAHAGEN_WF03_M07_FULL_REBUILD_CONTROLLED_v1.1_FULL_VERSION/00_M07_FULL_REBUILD_CONTROLLED_v1.1.md,SR-0078,04_ARCHITECTURE/W4-02A.6.5_SYSTEM_ARCHITECTURE_FULL_CONSOLIDATED_v1.8.docx,04_ARCHITECTURE/W4-02A.6.5_SYSTEM_ARCHITECTURE_FULL_CONSOLIDATED_v1.8.docx,"# developer-projects, calculator (dbr), notifications, rbac, seo",CORE ARCHITECTURE,01_GOVERNANCE/W4-02A.1_GOVERNANCE_CONSOLIDATION_FINAL_DECISION_AUTHORITY_v1.0.docx,Core architecture is governed as immutable Core semantic contract,FULL corrected DBR authority,1.0,RUMAHAGEN — SYSTEM ARCHITECTURE,M09/M10,Preserve locked semantic contract and provenance.,PRESERVE,DETERMINISTIC_CROSSWALK_VALIDATED,1,Exact deterministic join on module + prior candidate Core artifact + prior Core section. Current Core/evidence/authority/dependency fields are sourced from the matched STEP03 v1.2 relationship. STEP04 v1.0 is provenance only; no keyword/layer fallback.,CAM11-0011,"# developer-projects, calculator (dbr), notifications, rbac, seo"
M07-IA-017,M07,Runtime proof gate,RUMAHAGEN_WF03_M07_FULL_REBUILD_CONTROLLED_v1.1_FULL_VERSION/00_M07_FULL_REBUILD_CONTROLLED_v1.1.md,SR-0519,21_EXECUTION_SPECIFICATION/W4-02A.6.25_MODULE_EXECUTION_SPECIFICATION_ARCHITECTURE_v2.1.md,21_EXECUTION_SPECIFICATION/W4-02A.6.25_MODULE_EXECUTION_SPECIFICATION_ARCHITECTURE_v2.1.md,# RUMAHAGEN — MODULE EXECUTION SPECIFICATION ARCHITECTURE,CORE EXECUTION SPECIFICATION AUTHORITY,01_GOVERNANCE/W4-02A.1_GOVERNANCE_CONSOLIDATION_FINAL_DECISION_AUTHORITY_v1.0.docx,Execution specification is downstream of frozen semantic authority,FULL corrected DBR authority,4.0,**Version:** 2.1 — W4-02A.6.25,M09/M10,Preserve locked semantic contract and provenance.,PRESERVE,DETERMINISTIC_CROSSWALK_VALIDATED,1,Exact deterministic join on module + prior candidate Core artifact + prior Core section. Current Core/evidence/authority/dependency fields are sourced from the matched STEP03 v1.2 relationship. STEP04 v1.0 is provenance only; no keyword/layer fallback.,CAM11-0041,# RUMAHAGEN — MODULE EXECUTION SPECIFICATION ARCHITECTURE
M07-IA-018,M07,Physical baseline authority,RUMAHAGEN_WF03_M07_FULL_REBUILD_CONTROLLED_v1.1_FULL_VERSION/00_M07_FULL_REBUILD_CONTROLLED_v1.1.md,SR-0519,21_EXECUTION_SPECIFICATION/W4-02A.6.25_MODULE_EXECUTION_SPECIFICATION_ARCHITECTURE_v2.1.md,21_EXECUTION_SPECIFICATION/W4-02A.6.25_MODULE_EXECUTION_SPECIFICATION_ARCHITECTURE_v2.1.md,# RUMAHAGEN — MODULE EXECUTION SPECIFICATION ARCHITECTURE,CORE EXECUTION SPECIFICATION AUTHORITY,01_GOVERNANCE/W4-02A.1_GOVERNANCE_CONSOLIDATION_FINAL_DECISION_AUTHORITY_v1.0.docx,Execution specification is downstream of frozen semantic authority,FULL corrected DBR authority,4.0,**Version:** 2.1 — W4-02A.6.25,M09/M10,Preserve locked semantic contract and provenance.,PRESERVE,DETERMINISTIC_CROSSWALK_VALIDATED,1,Exact deterministic join on module + prior candidate Core artifact + prior Core section. Current Core/evidence/authority/dependency fields are sourced from the matched STEP03 v1.2 relationship. STEP04 v1.0 is provenance only; no keyword/layer fallback.,CAM11-0041,# RUMAHAGEN — MODULE EXECUTION SPECIFICATION ARCHITECTURE
M07-IA-019,M07,Core version provenance,RUMAHAGEN_WF03_M07_FULL_REBUILD_CONTROLLED_v1.1_FULL_VERSION/00_M07_FULL_REBUILD_CONTROLLED_v1.1.md,SR-0078,04_ARCHITECTURE/W4-02A.6.5_SYSTEM_ARCHITECTURE_FULL_CONSOLIDATED_v1.8.docx,04_ARCHITECTURE/W4-02A.6.5_SYSTEM_ARCHITECTURE_FULL_CONSOLIDATED_v1.8.docx,"# developer-projects, calculator (dbr), notifications, rbac, seo",CORE ARCHITECTURE,01_GOVERNANCE/W4-02A.1_GOVERNANCE_CONSOLIDATION_FINAL_DECISION_AUTHORITY_v1.0.docx,Core architecture is governed as immutable Core semantic contract,FULL corrected DBR authority,1.0,RUMAHAGEN — SYSTEM ARCHITECTURE,M09/M10,Track physical/API/RLS/runtime impact downstream; do not treat it as semantic proof.,CONTROLLED,DETERMINISTIC_CROSSWALK_VALIDATED,1,Exact deterministic join on module + prior candidate Core artifact + prior Core section. Current Core/evidence/authority/dependency fields are sourced from the matched STEP03 v1.2 relationship. STEP04 v1.0 is provenance only; no keyword/layer fallback.,CAM11-0011,"# developer-projects, calculator (dbr), notifications, rbac, seo"
M08-IA-01,M08,Dashboard Projection,RUMAHAGEN_WF03_M08_FULL_REBUILD_CONTROLLED_v1.0/00_README_M08_CONTROLLED_v1.0.md,SR-0394,12_API/W4-02A.6.16_API_SPECIFICATION_CURRENT_API_CONTRACT_BASELINE_FULL_CONSOLIDATED_v2.1.docx,12_API/W4-02A.6.16_API_SPECIFICATION_CURRENT_API_CONTRACT_BASELINE_FULL_CONSOLIDATED_v2.1.docx,NO_HEADING_DETECTED,CORE API CONTRACT AUTHORITY,01_GOVERNANCE/W4-02A.1_GOVERNANCE_CONSOLIDATION_FINAL_DECISION_AUTHORITY_v1.0.docx,API contract governed by Core freeze,FULL controlled Dashboard/Notification projection authority,1.0,RUMAHAGEN — API SPECIFICATION,M01-M15 upstream sources,Preserve locked M08 projection/notification boundary.,PRESERVE,DETERMINISTIC_CROSSWALK_VALIDATED,1,Exact deterministic join on module + prior candidate Core artifact + prior Core section. Current Core/evidence/authority/dependency fields are sourced from the matched STEP03 v1.2 relationship. STEP04 v1.0 is provenance only; no keyword/layer fallback.,CAM11-0032,NO_HEADING_DETECTED
M08-IA-02,M08,Notification State,RUMAHAGEN_WF03_M08_FULL_REBUILD_CONTROLLED_v1.0/00_README_M08_CONTROLLED_v1.0.md,SR-0394,12_API/W4-02A.6.16_API_SPECIFICATION_CURRENT_API_CONTRACT_BASELINE_FULL_CONSOLIDATED_v2.1.docx,12_API/W4-02A.6.16_API_SPECIFICATION_CURRENT_API_CONTRACT_BASELINE_FULL_CONSOLIDATED_v2.1.docx,NO_HEADING_DETECTED,CORE API CONTRACT AUTHORITY,01_GOVERNANCE/W4-02A.1_GOVERNANCE_CONSOLIDATION_FINAL_DECISION_AUTHORITY_v1.0.docx,API contract governed by Core freeze,FULL controlled Dashboard/Notification projection authority,1.0,RUMAHAGEN — API SPECIFICATION,M01-M15 upstream sources,Preserve locked M08 projection/notification boundary.,PRESERVE,DETERMINISTIC_CROSSWALK_VALIDATED,1,Exact deterministic join on module + prior candidate Core artifact + prior Core section. Current Core/evidence/authority/dependency fields are sourced from the matched STEP03 v1.2 relationship. STEP04 v1.0 is provenance only; no keyword/layer fallback.,CAM11-0032,NO_HEADING_DETECTED
M08-IA-03,M08,Source-domain visibility,RUMAHAGEN_WF03_M08_FULL_REBUILD_CONTROLLED_v1.0/00_README_M08_CONTROLLED_v1.0.md,SR-0394,12_API/W4-02A.6.16_API_SPECIFICATION_CURRENT_API_CONTRACT_BASELINE_FULL_CONSOLIDATED_v2.1.docx,12_API/W4-02A.6.16_API_SPECIFICATION_CURRENT_API_CONTRACT_BASELINE_FULL_CONSOLIDATED_v2.1.docx,NO_HEADING_DETECTED,CORE API CONTRACT AUTHORITY,01_GOVERNANCE/W4-02A.1_GOVERNANCE_CONSOLIDATION_FINAL_DECISION_AUTHORITY_v1.0.docx,API contract governed by Core freeze,FULL controlled Dashboard/Notification projection authority,1.0,RUMAHAGEN — API SPECIFICATION,M01-M15 upstream sources,Preserve locked M08 projection/notification boundary.,PRESERVE,DETERMINISTIC_CROSSWALK_VALIDATED,1,Exact deterministic join on module + prior candidate Core artifact + prior Core section. Current Core/evidence/authority/dependency fields are sourced from the matched STEP03 v1.2 relationship. STEP04 v1.0 is provenance only; no keyword/layer fallback.,CAM11-0032,NO_HEADING_DETECTED
M08-IA-04,M08,Notification reference protection,RUMAHAGEN_WF03_M08_FULL_REBUILD_CONTROLLED_v1.0/00_README_M08_CONTROLLED_v1.0.md,SR-0394,12_API/W4-02A.6.16_API_SPECIFICATION_CURRENT_API_CONTRACT_BASELINE_FULL_CONSOLIDATED_v2.1.docx,12_API/W4-02A.6.16_API_SPECIFICATION_CURRENT_API_CONTRACT_BASELINE_FULL_CONSOLIDATED_v2.1.docx,NO_HEADING_DETECTED,CORE API CONTRACT AUTHORITY,01_GOVERNANCE/W4-02A.1_GOVERNANCE_CONSOLIDATION_FINAL_DECISION_AUTHORITY_v1.0.docx,API contract governed by Core freeze,FULL controlled Dashboard/Notification projection authority,1.0,RUMAHAGEN — API SPECIFICATION,M01-M15 upstream sources,Preserve locked M08 projection/notification boundary.,PRESERVE,DETERMINISTIC_CROSSWALK_VALIDATED,1,Exact deterministic join on module + prior candidate Core artifact + prior Core section. Current Core/evidence/authority/dependency fields are sourced from the matched STEP03 v1.2 relationship. STEP04 v1.0 is provenance only; no keyword/layer fallback.,CAM11-0032,NO_HEADING_DETECTED
M08-IA-05,M08,M10 boundary,RUMAHAGEN_WF03_M08_FULL_REBUILD_CONTROLLED_v1.0/00_README_M08_CONTROLLED_v1.0.md,SR-0394,12_API/W4-02A.6.16_API_SPECIFICATION_CURRENT_API_CONTRACT_BASELINE_FULL_CONSOLIDATED_v2.1.docx,12_API/W4-02A.6.16_API_SPECIFICATION_CURRENT_API_CONTRACT_BASELINE_FULL_CONSOLIDATED_v2.1.docx,NO_HEADING_DETECTED,CORE API CONTRACT AUTHORITY,01_GOVERNANCE/W4-02A.1_GOVERNANCE_CONSOLIDATION_FINAL_DECISION_AUTHORITY_v1.0.docx,API contract governed by Core freeze,FULL controlled Dashboard/Notification projection authority,1.0,RUMAHAGEN — API SPECIFICATION,M01-M15 upstream sources,Preserve locked M08 projection/notification boundary.,PRESERVE,DETERMINISTIC_CROSSWALK_VALIDATED,1,Exact deterministic join on module + prior candidate Core artifact + prior Core section. Current Core/evidence/authority/dependency fields are sourced from the matched STEP03 v1.2 relationship. STEP04 v1.0 is provenance only; no keyword/layer fallback.,CAM11-0032,NO_HEADING_DETECTED
M08-IA-06,M08,Notification state representation,RUMAHAGEN_WF03_M08_FULL_REBUILD_CONTROLLED_v1.0/00_README_M08_CONTROLLED_v1.0.md,SR-0394,12_API/W4-02A.6.16_API_SPECIFICATION_CURRENT_API_CONTRACT_BASELINE_FULL_CONSOLIDATED_v2.1.docx,12_API/W4-02A.6.16_API_SPECIFICATION_CURRENT_API_CONTRACT_BASELINE_FULL_CONSOLIDATED_v2.1.docx,NO_HEADING_DETECTED,CORE API CONTRACT AUTHORITY,01_GOVERNANCE/W4-02A.1_GOVERNANCE_CONSOLIDATION_FINAL_DECISION_AUTHORITY_v1.0.docx,API contract governed by Core freeze,FULL controlled Dashboard/Notification projection authority,1.0,RUMAHAGEN — API SPECIFICATION,M01-M15 upstream sources,Preserve locked M08 projection/notification boundary.,PRESERVE,DETERMINISTIC_CROSSWALK_VALIDATED,1,Exact deterministic join on module + prior candidate Core artifact + prior Core section. Current Core/evidence/authority/dependency fields are sourced from the matched STEP03 v1.2 relationship. STEP04 v1.0 is provenance only; no keyword/layer fallback.,CAM11-0032,NO_HEADING_DETECTED
M08-IA-07,M08,Notification operations,RUMAHAGEN_WF03_M08_FULL_REBUILD_CONTROLLED_v1.0/00_README_M08_CONTROLLED_v1.0.md,SR-0394,12_API/W4-02A.6.16_API_SPECIFICATION_CURRENT_API_CONTRACT_BASELINE_FULL_CONSOLIDATED_v2.1.docx,12_API/W4-02A.6.16_API_SPECIFICATION_CURRENT_API_CONTRACT_BASELINE_FULL_CONSOLIDATED_v2.1.docx,NO_HEADING_DETECTED,CORE API CONTRACT AUTHORITY,01_GOVERNANCE/W4-02A.1_GOVERNANCE_CONSOLIDATION_FINAL_DECISION_AUTHORITY_v1.0.docx,API contract governed by Core freeze,FULL controlled Dashboard/Notification projection authority,1.0,RUMAHAGEN — API SPECIFICATION,M01-M15 upstream sources,Preserve locked M08 projection/notification boundary.,PRESERVE,DETERMINISTIC_CROSSWALK_VALIDATED,1,Exact deterministic join on module + prior candidate Core artifact + prior Core section. Current Core/evidence/authority/dependency fields are sourced from the matched STEP03 v1.2 relationship. STEP04 v1.0 is provenance only; no keyword/layer fallback.,CAM11-0032,NO_HEADING_DETECTED
M08-IA-08,M08,Admin notification push,RUMAHAGEN_WF03_M08_FULL_REBUILD_CONTROLLED_v1.0/00_README_M08_CONTROLLED_v1.0.md,SR-0394,12_API/W4-02A.6.16_API_SPECIFICATION_CURRENT_API_CONTRACT_BASELINE_FULL_CONSOLIDATED_v2.1.docx,12_API/W4-02A.6.16_API_SPECIFICATION_CURRENT_API_CONTRACT_BASELINE_FULL_CONSOLIDATED_v2.1.docx,NO_HEADING_DETECTED,CORE API CONTRACT AUTHORITY,01_GOVERNANCE/W4-02A.1_GOVERNANCE_CONSOLIDATION_FINAL_DECISION_AUTHORITY_v1.0.docx,API contract governed by Core freeze,FULL controlled Dashboard/Notification projection authority,1.0,RUMAHAGEN — API SPECIFICATION,M01-M15 upstream sources,Preserve locked M08 projection/notification boundary.,PRESERVE,DETERMINISTIC_CROSSWALK_VALIDATED,1,Exact deterministic join on module + prior candidate Core artifact + prior Core section. Current Core/evidence/authority/dependency fields are sourced from the matched STEP03 v1.2 relationship. STEP04 v1.0 is provenance only; no keyword/layer fallback.,CAM11-0032,NO_HEADING_DETECTED
M08-IA-09,M08,Event/status producers,RUMAHAGEN_WF03_M08_FULL_REBUILD_CONTROLLED_v1.0/00_README_M08_CONTROLLED_v1.0.md,SR-0394,12_API/W4-02A.6.16_API_SPECIFICATION_CURRENT_API_CONTRACT_BASELINE_FULL_CONSOLIDATED_v2.1.docx,12_API/W4-02A.6.16_API_SPECIFICATION_CURRENT_API_CONTRACT_BASELINE_FULL_CONSOLIDATED_v2.1.docx,NO_HEADING_DETECTED,CORE API CONTRACT AUTHORITY,01_GOVERNANCE/W4-02A.1_GOVERNANCE_CONSOLIDATION_FINAL_DECISION_AUTHORITY_v1.0.docx,API contract governed by Core freeze,FULL controlled Dashboard/Notification projection authority,1.0,RUMAHAGEN — API SPECIFICATION,M01-M15 upstream sources,Preserve locked M08 projection/notification boundary.,PRESERVE,DETERMINISTIC_CROSSWALK_VALIDATED,1,Exact deterministic join on module + prior candidate Core artifact + prior Core section. Current Core/evidence/authority/dependency fields are sourced from the matched STEP03 v1.2 relationship. STEP04 v1.0 is provenance only; no keyword/layer fallback.,CAM11-0032,NO_HEADING_DETECTED
M08-IA-10,M08,Actor lifecycle,RUMAHAGEN_WF03_M08_FULL_REBUILD_CONTROLLED_v1.0/00_README_M08_CONTROLLED_v1.0.md,SR-0394,12_API/W4-02A.6.16_API_SPECIFICATION_CURRENT_API_CONTRACT_BASELINE_FULL_CONSOLIDATED_v2.1.docx,12_API/W4-02A.6.16_API_SPECIFICATION_CURRENT_API_CONTRACT_BASELINE_FULL_CONSOLIDATED_v2.1.docx,NO_HEADING_DETECTED,CORE API CONTRACT AUTHORITY,01_GOVERNANCE/W4-02A.1_GOVERNANCE_CONSOLIDATION_FINAL_DECISION_AUTHORITY_v1.0.docx,API contract governed by Core freeze,FULL controlled Dashboard/Notification projection authority,1.0,RUMAHAGEN — API SPECIFICATION,M01-M15 upstream sources,Preserve locked M08 projection/notification boundary.,PRESERVE,DETERMINISTIC_CROSSWALK_VALIDATED,1,Exact deterministic join on module + prior candidate Core artifact + prior Core section. Current Core/evidence/authority/dependency fields are sourced from the matched STEP03 v1.2 relationship. STEP04 v1.0 is provenance only; no keyword/layer fallback.,CAM11-0032,NO_HEADING_DETECTED
M08-IA-11,M08,Projection boundary,RUMAHAGEN_WF03_M08_FULL_REBUILD_CONTROLLED_v1.0/00_README_M08_CONTROLLED_v1.0.md,SR-0394,12_API/W4-02A.6.16_API_SPECIFICATION_CURRENT_API_CONTRACT_BASELINE_FULL_CONSOLIDATED_v2.1.docx,12_API/W4-02A.6.16_API_SPECIFICATION_CURRENT_API_CONTRACT_BASELINE_FULL_CONSOLIDATED_v2.1.docx,NO_HEADING_DETECTED,CORE API CONTRACT AUTHORITY,01_GOVERNANCE/W4-02A.1_GOVERNANCE_CONSOLIDATION_FINAL_DECISION_AUTHORITY_v1.0.docx,API contract governed by Core freeze,FULL controlled Dashboard/Notification projection authority,1.0,RUMAHAGEN — API SPECIFICATION,M01-M15 upstream sources,Preserve locked M08 projection/notification boundary.,PRESERVE,DETERMINISTIC_CROSSWALK_VALIDATED,1,Exact deterministic join on module + prior candidate Core artifact + prior Core section. Current Core/evidence/authority/dependency fields are sourced from the matched STEP03 v1.2 relationship. STEP04 v1.0 is provenance only; no keyword/layer fallback.,CAM11-0032,NO_HEADING_DETECTED
M08-IA-12,M08,Idempotency/retry,RUMAHAGEN_WF03_M08_FULL_REBUILD_CONTROLLED_v1.0/00_README_M08_CONTROLLED_v1.0.md,SR-0394,12_API/W4-02A.6.16_API_SPECIFICATION_CURRENT_API_CONTRACT_BASELINE_FULL_CONSOLIDATED_v2.1.docx,12_API/W4-02A.6.16_API_SPECIFICATION_CURRENT_API_CONTRACT_BASELINE_FULL_CONSOLIDATED_v2.1.docx,NO_HEADING_DETECTED,CORE API CONTRACT AUTHORITY,01_GOVERNANCE/W4-02A.1_GOVERNANCE_CONSOLIDATION_FINAL_DECISION_AUTHORITY_v1.0.docx,API contract governed by Core freeze,FULL controlled Dashboard/Notification projection authority,1.0,RUMAHAGEN — API SPECIFICATION,M01-M15 upstream sources,Preserve locked M08 projection/notification boundary.,PRESERVE,DETERMINISTIC_CROSSWALK_VALIDATED,1,Exact deterministic join on module + prior candidate Core artifact + prior Core section. Current Core/evidence/authority/dependency fields are sourced from the matched STEP03 v1.2 relationship. STEP04 v1.0 is provenance only; no keyword/layer fallback.,CAM11-0032,NO_HEADING_DETECTED
M08-IA-13,M08,Provenance/audit,RUMAHAGEN_WF03_M08_FULL_REBUILD_CONTROLLED_v1.0/00_README_M08_CONTROLLED_v1.0.md,SR-0394,12_API/W4-02A.6.16_API_SPECIFICATION_CURRENT_API_CONTRACT_BASELINE_FULL_CONSOLIDATED_v2.1.docx,12_API/W4-02A.6.16_API_SPECIFICATION_CURRENT_API_CONTRACT_BASELINE_FULL_CONSOLIDATED_v2.1.docx,NO_HEADING_DETECTED,CORE API CONTRACT AUTHORITY,01_GOVERNANCE/W4-02A.1_GOVERNANCE_CONSOLIDATION_FINAL_DECISION_AUTHORITY_v1.0.docx,API contract governed by Core freeze,FULL controlled Dashboard/Notification projection authority,1.0,RUMAHAGEN — API SPECIFICATION,M01-M15 upstream sources,Preserve locked M08 projection/notification boundary.,PRESERVE,DETERMINISTIC_CROSSWALK_VALIDATED,1,Exact deterministic join on module + prior candidate Core artifact + prior Core section. Current Core/evidence/authority/dependency fields are sourced from the matched STEP03 v1.2 relationship. STEP04 v1.0 is provenance only; no keyword/layer fallback.,CAM11-0032,NO_HEADING_DETECTED
M08-IA-14,M08,Supersession,RUMAHAGEN_WF03_M08_FULL_REBUILD_CONTROLLED_v1.0/00_README_M08_CONTROLLED_v1.0.md,SR-0394,12_API/W4-02A.6.16_API_SPECIFICATION_CURRENT_API_CONTRACT_BASELINE_FULL_CONSOLIDATED_v2.1.docx,12_API/W4-02A.6.16_API_SPECIFICATION_CURRENT_API_CONTRACT_BASELINE_FULL_CONSOLIDATED_v2.1.docx,NO_HEADING_DETECTED,CORE API CONTRACT AUTHORITY,01_GOVERNANCE/W4-02A.1_GOVERNANCE_CONSOLIDATION_FINAL_DECISION_AUTHORITY_v1.0.docx,API contract governed by Core freeze,FULL controlled Dashboard/Notification projection authority,1.0,RUMAHAGEN — API SPECIFICATION,M01-M15 upstream sources,Preserve locked M08 projection/notification boundary.,PRESERVE,DETERMINISTIC_CROSSWALK_VALIDATED,1,Exact deterministic join on module + prior candidate Core artifact + prior Core section. Current Core/evidence/authority/dependency fields are sourced from the matched STEP03 v1.2 relationship. STEP04 v1.0 is provenance only; no keyword/layer fallback.,CAM11-0032,NO_HEADING_DETECTED
M08-IA-15,M08,Physical/runtime gate,RUMAHAGEN_WF03_M08_FULL_REBUILD_CONTROLLED_v1.0/00_README_M08_CONTROLLED_v1.0.md,SR-0394,12_API/W4-02A.6.16_API_SPECIFICATION_CURRENT_API_CONTRACT_BASELINE_FULL_CONSOLIDATED_v2.1.docx,12_API/W4-02A.6.16_API_SPECIFICATION_CURRENT_API_CONTRACT_BASELINE_FULL_CONSOLIDATED_v2.1.docx,NO_HEADING_DETECTED,CORE API CONTRACT AUTHORITY,01_GOVERNANCE/W4-02A.1_GOVERNANCE_CONSOLIDATION_FINAL_DECISION_AUTHORITY_v1.0.docx,API contract governed by Core freeze,FULL controlled Dashboard/Notification projection authority,1.0,RUMAHAGEN — API SPECIFICATION,M01-M15 upstream sources,Preserve locked M08 projection/notification boundary.,PRESERVE,DETERMINISTIC_CROSSWALK_VALIDATED,1,Exact deterministic join on module + prior candidate Core artifact + prior Core section. Current Core/evidence/authority/dependency fields are sourced from the matched STEP03 v1.2 relationship. STEP04 v1.0 is provenance only; no keyword/layer fallback.,CAM11-0032,NO_HEADING_DETECTED
M08-IA-16,M08,Permission cardinality,RUMAHAGEN_WF03_M08_FULL_REBUILD_CONTROLLED_v1.0/00_README_M08_CONTROLLED_v1.0.md,SR-0394,12_API/W4-02A.6.16_API_SPECIFICATION_CURRENT_API_CONTRACT_BASELINE_FULL_CONSOLIDATED_v2.1.docx,12_API/W4-02A.6.16_API_SPECIFICATION_CURRENT_API_CONTRACT_BASELINE_FULL_CONSOLIDATED_v2.1.docx,NO_HEADING_DETECTED,CORE API CONTRACT AUTHORITY,01_GOVERNANCE/W4-02A.1_GOVERNANCE_CONSOLIDATION_FINAL_DECISION_AUTHORITY_v1.0.docx,API contract governed by Core freeze,FULL controlled Dashboard/Notification projection authority,1.0,RUMAHAGEN — API SPECIFICATION,M01-M15 upstream sources,Preserve locked M08 projection/notification boundary.,PRESERVE,DETERMINISTIC_CROSSWALK_VALIDATED,1,Exact deterministic join on module + prior candidate Core artifact + prior Core section. Current Core/evidence/authority/dependency fields are sourced from the matched STEP03 v1.2 relationship. STEP04 v1.0 is provenance only; no keyword/layer fallback.,CAM11-0032,NO_HEADING_DETECTED
M08-IA-17,M08,Source authority preservation,RUMAHAGEN_WF03_M08_FULL_REBUILD_CONTROLLED_v1.0/00_README_M08_CONTROLLED_v1.0.md,SR-0394,12_API/W4-02A.6.16_API_SPECIFICATION_CURRENT_API_CONTRACT_BASELINE_FULL_CONSOLIDATED_v2.1.docx,12_API/W4-02A.6.16_API_SPECIFICATION_CURRENT_API_CONTRACT_BASELINE_FULL_CONSOLIDATED_v2.1.docx,NO_HEADING_DETECTED,CORE API CONTRACT AUTHORITY,01_GOVERNANCE/W4-02A.1_GOVERNANCE_CONSOLIDATION_FINAL_DECISION_AUTHORITY_v1.0.docx,API contract governed by Core freeze,FULL controlled Dashboard/Notification projection authority,1.0,RUMAHAGEN — API SPECIFICATION,M01-M15 upstream sources,Preserve locked M08 projection/notification boundary.,PRESERVE,DETERMINISTIC_CROSSWALK_VALIDATED,1,Exact deterministic join on module + prior candidate Core artifact + prior Core section. Current Core/evidence/authority/dependency fields are sourced from the matched STEP03 v1.2 relationship. STEP04 v1.0 is provenance only; no keyword/layer fallback.,CAM11-0032,NO_HEADING_DETECTED
M08-IA-18,M08,Master progress,RUMAHAGEN_WF03_M08_FULL_REBUILD_CONTROLLED_v1.0/00_README_M08_CONTROLLED_v1.0.md,SR-0394,12_API/W4-02A.6.16_API_SPECIFICATION_CURRENT_API_CONTRACT_BASELINE_FULL_CONSOLIDATED_v2.1.docx,12_API/W4-02A.6.16_API_SPECIFICATION_CURRENT_API_CONTRACT_BASELINE_FULL_CONSOLIDATED_v2.1.docx,NO_HEADING_DETECTED,CORE API CONTRACT AUTHORITY,01_GOVERNANCE/W4-02A.1_GOVERNANCE_CONSOLIDATION_FINAL_DECISION_AUTHORITY_v1.0.docx,API contract governed by Core freeze,FULL controlled Dashboard/Notification projection authority,1.0,RUMAHAGEN — API SPECIFICATION,M01-M15 upstream sources,Track residual downstream without reopening M08 semantics.,CONTROLLED,DETERMINISTIC_CROSSWALK_VALIDATED,1,Exact deterministic join on module + prior candidate Core artifact + prior Core section. Current Core/evidence/authority/dependency fields are sourced from the matched STEP03 v1.2 relationship. STEP04 v1.0 is provenance only; no keyword/layer fallback.,CAM11-0032,NO_HEADING_DETECTED
PROP-M09-01,M09,Core API /admin/reports/export,RUMAHAGEN_WF03_M09_FULL_REBUILD_CONTROLLED_v1.1_FULL_VERSION/README_M09_FULL_REBUILD_CONTROLLED_v1.1.md,SR-0395,12_API/W4-02A.6.16_API_SPECIFICATION_CURRENT_API_CONTRACT_BASELINE_FULL_CONSOLIDATED_v2.1.docx,12_API/W4-02A.6.16_API_SPECIFICATION_CURRENT_API_CONTRACT_BASELINE_FULL_CONSOLIDATED_v2.1.docx,NO_HEADING_DETECTED,CORE API CONTRACT AUTHORITY,01_GOVERNANCE/W4-02A.1_GOVERNANCE_CONSOLIDATION_FINAL_DECISION_AUTHORITY_v1.0.docx,API contract governed by Core freeze,FULL controlled Administration authority,1.0,RUMAHAGEN — API SPECIFICATION,M10 and domain owners,Change blanket Admin/Manager/Superadmin authorization to Superadmin-only for global administrative export,CONTROLLED,DETERMINISTIC_CROSSWALK_VALIDATED,1,Exact deterministic join on module + prior candidate Core artifact + prior Core section. Current Core/evidence/authority/dependency fields are sourced from the matched STEP03 v1.2 relationship. STEP04 v1.0 is provenance only; no keyword/layer fallback.,CAM11-0032,NO_HEADING_DETECTED
PROP-M09-02,M09,Core API /admin/audit-logs,RUMAHAGEN_WF03_M09_FULL_REBUILD_CONTROLLED_v1.1_FULL_VERSION/README_M09_FULL_REBUILD_CONTROLLED_v1.1.md,SR-0395,12_API/W4-02A.6.16_API_SPECIFICATION_CURRENT_API_CONTRACT_BASELINE_FULL_CONSOLIDATED_v2.1.docx,12_API/W4-02A.6.16_API_SPECIFICATION_CURRENT_API_CONTRACT_BASELINE_FULL_CONSOLIDATED_v2.1.docx,NO_HEADING_DETECTED,CORE API CONTRACT AUTHORITY,01_GOVERNANCE/W4-02A.1_GOVERNANCE_CONSOLIDATION_FINAL_DECISION_AUTHORITY_v1.0.docx,API contract governed by Core freeze,FULL controlled Administration authority,1.0,RUMAHAGEN — API SPECIFICATION,M10 and domain owners,Replace ambiguous Authorized admin wording with explicit M09-R04 contextual authorization: Superadmin+Manager; Admin NONE,CONTROLLED,DETERMINISTIC_CROSSWALK_VALIDATED,1,Exact deterministic join on module + prior candidate Core artifact + prior Core section. Current Core/evidence/authority/dependency fields are sourced from the matched STEP03 v1.2 relationship. STEP04 v1.0 is provenance only; no keyword/layer fallback.,CAM11-0032,NO_HEADING_DETECTED
PROP-M09-03,M09,Core M09 physical execution spec,RUMAHAGEN_WF03_M09_FULL_REBUILD_CONTROLLED_v1.1_FULL_VERSION/README_M09_FULL_REBUILD_CONTROLLED_v1.1.md,SR-0521,21_EXECUTION_SPECIFICATION/W4-02A.6.25_MODULE_EXECUTION_SPECIFICATION_ARCHITECTURE_v2.1.md,21_EXECUTION_SPECIFICATION/W4-02A.6.25_MODULE_EXECUTION_SPECIFICATION_ARCHITECTURE_v2.1.md,# RUMAHAGEN — MODULE EXECUTION SPECIFICATION ARCHITECTURE,CORE EXECUTION SPECIFICATION AUTHORITY,01_GOVERNANCE/W4-02A.1_GOVERNANCE_CONSOLIDATION_FINAL_DECISION_AUTHORITY_v1.0.docx,Execution specification is downstream of frozen semantic authority,FULL controlled Administration authority,4.0,**Version:** 2.1 — W4-02A.6.25,M10 and domain owners,Carry Q1-Q6 semantic guardrails into physical contract without inventing endpoints/permissions,CONTROLLED,DETERMINISTIC_CROSSWALK_VALIDATED,1,Exact deterministic join on module + prior candidate Core artifact + prior Core section. Current Core/evidence/authority/dependency fields are sourced from the matched STEP03 v1.2 relationship. STEP04 v1.0 is provenance only; no keyword/layer fallback.,CAM11-0041,# RUMAHAGEN — MODULE EXECUTION SPECIFICATION ARCHITECTURE
PROP-M09-04,M09,M10/RLS system_configs SELECT,RUMAHAGEN_WF03_M09_FULL_REBUILD_CONTROLLED_v1.1_FULL_VERSION/README_M09_FULL_REBUILD_CONTROLLED_v1.1.md,SR-0409,13_RBAC_RLS/W4-02A.6.17_RBAC_PERMISSION_RLS_CURRENT_AUTHORIZATION_BASELINE_FULL_CONSOLIDATED_v2.1.docx,13_RBAC_RLS/W4-02A.6.17_RBAC_PERMISSION_RLS_CURRENT_AUTHORIZATION_BASELINE_FULL_CONSOLIDATED_v2.1.docx,NO_HEADING_DETECTED,M10 AUTHORIZATION AUTHORITY,RUMAHAGEN_WF03_M10_FULL_REBUILD_CONTROLLED_v1.1_FULL_VERSION/RUMAHAGEN_WF03_M10_FULL_REBUILD_CONTROLLED_v1.1.md,M10 is Role/Permission/Scope/Condition/Ownership/Organization/RLS authority,FULL controlled Administration authority,1.0,STEP AKTIF = W4-02A.6.17 — RBAC / PERMISSION / RLS CURRENT AUTHORIZATION BASELINE,M10 and domain owners,Restrict SELECT to locked M09-R02 scope,CONTROLLED,DETERMINISTIC_CROSSWALK_VALIDATED,1,Exact deterministic join on module + prior candidate Core artifact + prior Core section. Current Core/evidence/authority/dependency fields are sourced from the matched STEP03 v1.2 relationship. STEP04 v1.0 is provenance only; no keyword/layer fallback.,CAM11-0033,NO_HEADING_DETECTED
PROP-M09-05,M09,Provider catalogue physical routing,RUMAHAGEN_WF03_M09_FULL_REBUILD_CONTROLLED_v1.1_FULL_VERSION/README_M09_FULL_REBUILD_CONTROLLED_v1.1.md,SR-0080,04_ARCHITECTURE/W4-02A.6.5_SYSTEM_ARCHITECTURE_FULL_CONSOLIDATED_v1.8.docx,04_ARCHITECTURE/W4-02A.6.5_SYSTEM_ARCHITECTURE_FULL_CONSOLIDATED_v1.8.docx,"# developer-projects, calculator (dbr), notifications, rbac, seo",CORE ARCHITECTURE,01_GOVERNANCE/W4-02A.1_GOVERNANCE_CONSOLIDATION_FINAL_DECISION_AUTHORITY_v1.0.docx,Core architecture is governed as immutable Core semantic contract,FULL controlled Administration authority,1.0,RUMAHAGEN — SYSTEM ARCHITECTURE,M10 and domain owners,Preserve M09 admin surface while provider/domain execution remains authoritative elsewhere,CONTROLLED,DETERMINISTIC_CROSSWALK_VALIDATED,1,Exact deterministic join on module + prior candidate Core artifact + prior Core section. Current Core/evidence/authority/dependency fields are sourced from the matched STEP03 v1.2 relationship. STEP04 v1.0 is provenance only; no keyword/layer fallback.,CAM11-0011,"# developer-projects, calculator (dbr), notifications, rbac, seo"
PROP-M09-06,M09,Reconciliation physical actions,RUMAHAGEN_WF03_M09_FULL_REBUILD_CONTROLLED_v1.1_FULL_VERSION/README_M09_FULL_REBUILD_CONTROLLED_v1.1.md,SR-0851,30_RECONCILIATION_EVIDENCE/W4-02A.5R_SOURCE_UPDATE_REVALIDATION_v1.1.docx,30_RECONCILIATION_EVIDENCE/W4-02A.5R_SOURCE_UPDATE_REVALIDATION_v1.1.docx,NO_HEADING_DETECTED,CORE RECONCILIATION EVIDENCE AUTHORITY,00_CONTROL/W4-02A.7_RECURSIVE_SOURCE_AUDIT_REGISTER_v1.0.csv,Reconciliation evidence and audit lineage,FULL controlled Administration authority,1.0,RUMAHAGEN — W4-02A.5R SOURCE UPDATE REVALIDATION,M10 and domain owners,Keep Review/Escalate/Manual Correction physically distinct; correction Superadmin-only,CONTROLLED,DETERMINISTIC_CROSSWALK_VALIDATED,1,Exact deterministic join on module + prior candidate Core artifact + prior Core section. Current Core/evidence/authority/dependency fields are sourced from the matched STEP03 v1.2 relationship. STEP04 v1.0 is provenance only; no keyword/layer fallback.,CAM11-0074,NO_HEADING_DETECTED
M10-CORE-01,M10,Core RBAC,RUMAHAGEN_WF03_M10_FULL_REBUILD_CONTROLLED_v1.1_FULL_VERSION/RUMAHAGEN_WF03_M10_FULL_REBUILD_CONTROLLED_v1.1.md,SR-0156,09_ERD/W4-02A.6.13_ERD_CURRENT_LOGICAL_DATA_MODEL_FULL_CONSOLIDATED_v2.1.docx,09_ERD/W4-02A.6.13_ERD_CURRENT_LOGICAL_DATA_MODEL_FULL_CONSOLIDATED_v2.1.docx,NO_HEADING_DETECTED,CORE LOGICAL DATA MODEL AUTHORITY,01_GOVERNANCE/W4-02A.1_GOVERNANCE_CONSOLIDATION_FINAL_DECISION_AUTHORITY_v1.0.docx,Core logical data model authority,FULL controlled Authorization/RBAC/Permission Preset authority,1.0,RUMAHAGEN — ERD & DATA RELATIONSHIP MODEL,All modules,Core remains the role/authorization foundation; M10 is the canonical authorization boundary.,PRESERVE,DETERMINISTIC_CROSSWALK_VALIDATED,1,Exact deterministic join on module + prior candidate Core artifact + prior Core section. Current Core/evidence/authority/dependency fields are sourced from the matched STEP03 v1.2 relationship. STEP04 v1.0 is provenance only; no keyword/layer fallback.,CAM11-0016,NO_HEADING_DETECTED
M10-CORE-02,M10,Core Permission,RUMAHAGEN_WF03_M10_FULL_REBUILD_CONTROLLED_v1.1_FULL_VERSION/RUMAHAGEN_WF03_M10_FULL_REBUILD_CONTROLLED_v1.1.md,SR-0156,09_ERD/W4-02A.6.13_ERD_CURRENT_LOGICAL_DATA_MODEL_FULL_CONSOLIDATED_v2.1.docx,09_ERD/W4-02A.6.13_ERD_CURRENT_LOGICAL_DATA_MODEL_FULL_CONSOLIDATED_v2.1.docx,NO_HEADING_DETECTED,CORE LOGICAL DATA MODEL AUTHORITY,01_GOVERNANCE/W4-02A.1_GOVERNANCE_CONSOLIDATION_FINAL_DECISION_AUTHORITY_v1.0.docx,Core logical data model authority,FULL controlled Authorization/RBAC/Permission Preset authority,1.0,RUMAHAGEN — ERD & DATA RELATIONSHIP MODEL,All modules,"Role Permission remains the default matrix/baseline; Permission Preset is an optional governed configuration layer, not a role.",AUGMENT,DETERMINISTIC_CROSSWALK_VALIDATED,1,Exact deterministic join on module + prior candidate Core artifact + prior Core section. Current Core/evidence/authority/dependency fields are sourced from the matched STEP03 v1.2 relationship. STEP04 v1.0 is provenance only; no keyword/layer fallback.,CAM11-0016,NO_HEADING_DETECTED
M10-CORE-03,M10,Core Scope,RUMAHAGEN_WF03_M10_FULL_REBUILD_CONTROLLED_v1.1_FULL_VERSION/RUMAHAGEN_WF03_M10_FULL_REBUILD_CONTROLLED_v1.1.md,SR-0156,09_ERD/W4-02A.6.13_ERD_CURRENT_LOGICAL_DATA_MODEL_FULL_CONSOLIDATED_v2.1.docx,09_ERD/W4-02A.6.13_ERD_CURRENT_LOGICAL_DATA_MODEL_FULL_CONSOLIDATED_v2.1.docx,NO_HEADING_DETECTED,CORE LOGICAL DATA MODEL AUTHORITY,01_GOVERNANCE/W4-02A.1_GOVERNANCE_CONSOLIDATION_FINAL_DECISION_AUTHORITY_v1.0.docx,Core logical data model authority,FULL controlled Authorization/RBAC/Permission Preset authority,1.0,RUMAHAGEN — ERD & DATA RELATIONSHIP MODEL,All modules,Preset scope must remain within governed scope semantics and cannot bypass ownership/domain constraints.,AUGMENT,DETERMINISTIC_CROSSWALK_VALIDATED,1,Exact deterministic join on module + prior candidate Core artifact + prior Core section. Current Core/evidence/authority/dependency fields are sourced from the matched STEP03 v1.2 relationship. STEP04 v1.0 is provenance only; no keyword/layer fallback.,CAM11-0016,NO_HEADING_DETECTED
M10-CORE-04,M10,Core RLS,RUMAHAGEN_WF03_M10_FULL_REBUILD_CONTROLLED_v1.1_FULL_VERSION/RUMAHAGEN_WF03_M10_FULL_REBUILD_CONTROLLED_v1.1.md,SR-0156,09_ERD/W4-02A.6.13_ERD_CURRENT_LOGICAL_DATA_MODEL_FULL_CONSOLIDATED_v2.1.docx,09_ERD/W4-02A.6.13_ERD_CURRENT_LOGICAL_DATA_MODEL_FULL_CONSOLIDATED_v2.1.docx,NO_HEADING_DETECTED,CORE LOGICAL DATA MODEL AUTHORITY,01_GOVERNANCE/W4-02A.1_GOVERNANCE_CONSOLIDATION_FINAL_DECISION_AUTHORITY_v1.0.docx,Core logical data model authority,FULL controlled Authorization/RBAC/Permission Preset authority,1.0,RUMAHAGEN — ERD & DATA RELATIONSHIP MODEL,All modules,"RLS must enforce target-role compatibility, protected permissions, Manager Agent-only governance, ownership and organization constraints.",AUGMENT,DETERMINISTIC_CROSSWALK_VALIDATED,1,Exact deterministic join on module + prior candidate Core artifact + prior Core section. Current Core/evidence/authority/dependency fields are sourced from the matched STEP03 v1.2 relationship. STEP04 v1.0 is provenance only; no keyword/layer fallback.,CAM11-0016,NO_HEADING_DETECTED
M10-CORE-05,M10,Core UI/UX,RUMAHAGEN_WF03_M10_FULL_REBUILD_CONTROLLED_v1.1_FULL_VERSION/RUMAHAGEN_WF03_M10_FULL_REBUILD_CONTROLLED_v1.1.md,SR-0156,09_ERD/W4-02A.6.13_ERD_CURRENT_LOGICAL_DATA_MODEL_FULL_CONSOLIDATED_v2.1.docx,09_ERD/W4-02A.6.13_ERD_CURRENT_LOGICAL_DATA_MODEL_FULL_CONSOLIDATED_v2.1.docx,NO_HEADING_DETECTED,CORE LOGICAL DATA MODEL AUTHORITY,01_GOVERNANCE/W4-02A.1_GOVERNANCE_CONSOLIDATION_FINAL_DECISION_AUTHORITY_v1.0.docx,Core logical data model authority,FULL controlled Authorization/RBAC/Permission Preset authority,1.0,RUMAHAGEN — ERD & DATA RELATIONSHIP MODEL,All modules,"Add configurable Preset List/Create/Edit/Assign, baseline-matrix configuration, scope configuration, validation, effective-permission preview, audit and lifecycle-gated delete.",AUGMENT,DETERMINISTIC_CROSSWALK_VALIDATED,1,Exact deterministic join on module + prior candidate Core artifact + prior Core section. Current Core/evidence/authority/dependency fields are sourced from the matched STEP03 v1.2 relationship. STEP04 v1.0 is provenance only; no keyword/layer fallback.,CAM11-0016,NO_HEADING_DETECTED
M10-CORE-06,M10,Core API,RUMAHAGEN_WF03_M10_FULL_REBUILD_CONTROLLED_v1.1_FULL_VERSION/RUMAHAGEN_WF03_M10_FULL_REBUILD_CONTROLLED_v1.1.md,SR-0156,09_ERD/W4-02A.6.13_ERD_CURRENT_LOGICAL_DATA_MODEL_FULL_CONSOLIDATED_v2.1.docx,09_ERD/W4-02A.6.13_ERD_CURRENT_LOGICAL_DATA_MODEL_FULL_CONSOLIDATED_v2.1.docx,NO_HEADING_DETECTED,CORE LOGICAL DATA MODEL AUTHORITY,01_GOVERNANCE/W4-02A.1_GOVERNANCE_CONSOLIDATION_FINAL_DECISION_AUTHORITY_v1.0.docx,Core logical data model authority,FULL controlled Authorization/RBAC/Permission Preset authority,1.0,RUMAHAGEN — ERD & DATA RELATIONSHIP MODEL,All modules,"Server-side APIs must enforce target-role compatibility, baseline containment, protected permissions and Manager Agent-only preset governance.",AUGMENT,DETERMINISTIC_CROSSWALK_VALIDATED,1,Exact deterministic join on module + prior candidate Core artifact + prior Core section. Current Core/evidence/authority/dependency fields are sourced from the matched STEP03 v1.2 relationship. STEP04 v1.0 is provenance only; no keyword/layer fallback.,CAM11-0016,NO_HEADING_DETECTED
M10-CORE-07,M10,Core ERD / DB,RUMAHAGEN_WF03_M10_FULL_REBUILD_CONTROLLED_v1.1_FULL_VERSION/RUMAHAGEN_WF03_M10_FULL_REBUILD_CONTROLLED_v1.1.md,SR-0156,09_ERD/W4-02A.6.13_ERD_CURRENT_LOGICAL_DATA_MODEL_FULL_CONSOLIDATED_v2.1.docx,09_ERD/W4-02A.6.13_ERD_CURRENT_LOGICAL_DATA_MODEL_FULL_CONSOLIDATED_v2.1.docx,NO_HEADING_DETECTED,CORE LOGICAL DATA MODEL AUTHORITY,01_GOVERNANCE/W4-02A.1_GOVERNANCE_CONSOLIDATION_FINAL_DECISION_AUTHORITY_v1.0.docx,Core logical data model authority,FULL controlled Authorization/RBAC/Permission Preset authority,1.0,RUMAHAGEN — ERD & DATA RELATIONSHIP MODEL,All modules,"Support governed preset definition, permission items and assignments, with integrity constraints for target role and assignment compatibility.",AUGMENT,DETERMINISTIC_CROSSWALK_VALIDATED,1,Exact deterministic join on module + prior candidate Core artifact + prior Core section. Current Core/evidence/authority/dependency fields are sourced from the matched STEP03 v1.2 relationship. STEP04 v1.0 is provenance only; no keyword/layer fallback.,CAM11-0016,NO_HEADING_DETECTED
M10-CORE-08,M10,Core lifecycle,RUMAHAGEN_WF03_M10_FULL_REBUILD_CONTROLLED_v1.1_FULL_VERSION/RUMAHAGEN_WF03_M10_FULL_REBUILD_CONTROLLED_v1.1.md,SR-0156,09_ERD/W4-02A.6.13_ERD_CURRENT_LOGICAL_DATA_MODEL_FULL_CONSOLIDATED_v2.1.docx,09_ERD/W4-02A.6.13_ERD_CURRENT_LOGICAL_DATA_MODEL_FULL_CONSOLIDATED_v2.1.docx,NO_HEADING_DETECTED,CORE LOGICAL DATA MODEL AUTHORITY,01_GOVERNANCE/W4-02A.1_GOVERNANCE_CONSOLIDATION_FINAL_DECISION_AUTHORITY_v1.0.docx,Core logical data model authority,FULL controlled Authorization/RBAC/Permission Preset authority,1.0,RUMAHAGEN — ERD & DATA RELATIONSHIP MODEL,All modules,Preset lifecycle is separate from account lifecycle: NOT CREATED→CREATED→ACTIVE→ASSIGNED→EDITED/MODIFIED→REASSIGNED/REPLACED.,PRESERVE,DETERMINISTIC_CROSSWALK_VALIDATED,1,Exact deterministic join on module + prior candidate Core artifact + prior Core section. Current Core/evidence/authority/dependency fields are sourced from the matched STEP03 v1.2 relationship. STEP04 v1.0 is provenance only; no keyword/layer fallback.,CAM11-0016,NO_HEADING_DETECTED
M10-CORE-09,M10,Core actor/role,RUMAHAGEN_WF03_M10_FULL_REBUILD_CONTROLLED_v1.1_FULL_VERSION/RUMAHAGEN_WF03_M10_FULL_REBUILD_CONTROLLED_v1.1.md,SR-0156,09_ERD/W4-02A.6.13_ERD_CURRENT_LOGICAL_DATA_MODEL_FULL_CONSOLIDATED_v2.1.docx,09_ERD/W4-02A.6.13_ERD_CURRENT_LOGICAL_DATA_MODEL_FULL_CONSOLIDATED_v2.1.docx,NO_HEADING_DETECTED,CORE LOGICAL DATA MODEL AUTHORITY,01_GOVERNANCE/W4-02A.1_GOVERNANCE_CONSOLIDATION_FINAL_DECISION_AUTHORITY_v1.0.docx,Core logical data model authority,FULL controlled Authorization/RBAC/Permission Preset authority,1.0,RUMAHAGEN — ERD & DATA RELATIONSHIP MODEL,All modules,Role remains actor grouping; Superadmin Full Governance; Manager preset management Agent-only; others no preset management.,PRESERVE,DETERMINISTIC_CROSSWALK_VALIDATED,1,Exact deterministic join on module + prior candidate Core artifact + prior Core section. Current Core/evidence/authority/dependency fields are sourced from the matched STEP03 v1.2 relationship. STEP04 v1.0 is provenance only; no keyword/layer fallback.,CAM11-0016,NO_HEADING_DETECTED
M10-CORE-10,M10,Core organization boundary,RUMAHAGEN_WF03_M10_FULL_REBUILD_CONTROLLED_v1.1_FULL_VERSION/RUMAHAGEN_WF03_M10_FULL_REBUILD_CONTROLLED_v1.1.md,SR-0156,09_ERD/W4-02A.6.13_ERD_CURRENT_LOGICAL_DATA_MODEL_FULL_CONSOLIDATED_v2.1.docx,09_ERD/W4-02A.6.13_ERD_CURRENT_LOGICAL_DATA_MODEL_FULL_CONSOLIDATED_v2.1.docx,NO_HEADING_DETECTED,CORE LOGICAL DATA MODEL AUTHORITY,01_GOVERNANCE/W4-02A.1_GOVERNANCE_CONSOLIDATION_FINAL_DECISION_AUTHORITY_v1.0.docx,Core logical data model authority,FULL controlled Authorization/RBAC/Permission Preset authority,1.0,RUMAHAGEN — ERD & DATA RELATIONSHIP MODEL,All modules,Preset cannot grant organization membership/context.,PRESERVE,DETERMINISTIC_CROSSWALK_VALIDATED,1,Exact deterministic join on module + prior candidate Core artifact + prior Core section. Current Core/evidence/authority/dependency fields are sourced from the matched STEP03 v1.2 relationship. STEP04 v1.0 is provenance only; no keyword/layer fallback.,CAM11-0016,NO_HEADING_DETECTED
M10-CORE-11,M10,Core ownership boundary,RUMAHAGEN_WF03_M10_FULL_REBUILD_CONTROLLED_v1.1_FULL_VERSION/RUMAHAGEN_WF03_M10_FULL_REBUILD_CONTROLLED_v1.1.md,SR-0156,09_ERD/W4-02A.6.13_ERD_CURRENT_LOGICAL_DATA_MODEL_FULL_CONSOLIDATED_v2.1.docx,09_ERD/W4-02A.6.13_ERD_CURRENT_LOGICAL_DATA_MODEL_FULL_CONSOLIDATED_v2.1.docx,NO_HEADING_DETECTED,CORE LOGICAL DATA MODEL AUTHORITY,01_GOVERNANCE/W4-02A.1_GOVERNANCE_CONSOLIDATION_FINAL_DECISION_AUTHORITY_v1.0.docx,Core logical data model authority,FULL controlled Authorization/RBAC/Permission Preset authority,1.0,RUMAHAGEN — ERD & DATA RELATIONSHIP MODEL,All modules,Preset cannot redefine business ownership or hard ownership.,PRESERVE,DETERMINISTIC_CROSSWALK_VALIDATED,1,Exact deterministic join on module + prior candidate Core artifact + prior Core section. Current Core/evidence/authority/dependency fields are sourced from the matched STEP03 v1.2 relationship. STEP04 v1.0 is provenance only; no keyword/layer fallback.,CAM11-0016,NO_HEADING_DETECTED
M10-CORE-12,M10,Core cross-module authorization,RUMAHAGEN_WF03_M10_FULL_REBUILD_CONTROLLED_v1.1_FULL_VERSION/RUMAHAGEN_WF03_M10_FULL_REBUILD_CONTROLLED_v1.1.md,SR-0156,09_ERD/W4-02A.6.13_ERD_CURRENT_LOGICAL_DATA_MODEL_FULL_CONSOLIDATED_v2.1.docx,09_ERD/W4-02A.6.13_ERD_CURRENT_LOGICAL_DATA_MODEL_FULL_CONSOLIDATED_v2.1.docx,NO_HEADING_DETECTED,CORE LOGICAL DATA MODEL AUTHORITY,01_GOVERNANCE/W4-02A.1_GOVERNANCE_CONSOLIDATION_FINAL_DECISION_AUTHORITY_v1.0.docx,Core logical data model authority,FULL controlled Authorization/RBAC/Permission Preset authority,1.0,RUMAHAGEN — ERD & DATA RELATIONSHIP MODEL,All modules,Modules must consume M10 authorization and must not create local RBAC bypasses.,AUGMENT,DETERMINISTIC_CROSSWALK_VALIDATED,1,Exact deterministic join on module + prior candidate Core artifact + prior Core section. Current Core/evidence/authority/dependency fields are sourced from the matched STEP03 v1.2 relationship. STEP04 v1.0 is provenance only; no keyword/layer fallback.,CAM11-0016,NO_HEADING_DETECTED
M10-CORE-13,M10,Core implementation/downstream,RUMAHAGEN_WF03_M10_FULL_REBUILD_CONTROLLED_v1.1_FULL_VERSION/RUMAHAGEN_WF03_M10_FULL_REBUILD_CONTROLLED_v1.1.md,SR-0156,09_ERD/W4-02A.6.13_ERD_CURRENT_LOGICAL_DATA_MODEL_FULL_CONSOLIDATED_v2.1.docx,09_ERD/W4-02A.6.13_ERD_CURRENT_LOGICAL_DATA_MODEL_FULL_CONSOLIDATED_v2.1.docx,NO_HEADING_DETECTED,CORE LOGICAL DATA MODEL AUTHORITY,01_GOVERNANCE/W4-02A.1_GOVERNANCE_CONSOLIDATION_FINAL_DECISION_AUTHORITY_v1.0.docx,Core logical data model authority,FULL controlled Authorization/RBAC/Permission Preset authority,1.0,RUMAHAGEN — ERD & DATA RELATIONSHIP MODEL,All modules,"Physical implementation, RLS implementation, runtime tests, audit and recovery must implement the locked semantic contract.",CONTROLLED,DETERMINISTIC_CROSSWALK_VALIDATED,1,Exact deterministic join on module + prior candidate Core artifact + prior Core section. Current Core/evidence/authority/dependency fields are sourced from the matched STEP03 v1.2 relationship. STEP04 v1.0 is provenance only; no keyword/layer fallback.,CAM11-0016,NO_HEADING_DETECTED
M10-CORE-14,M10,Privilege escalation,RUMAHAGEN_WF03_M10_FULL_REBUILD_CONTROLLED_v1.1_FULL_VERSION/RUMAHAGEN_WF03_M10_FULL_REBUILD_CONTROLLED_v1.1.md,SR-0156,09_ERD/W4-02A.6.13_ERD_CURRENT_LOGICAL_DATA_MODEL_FULL_CONSOLIDATED_v2.1.docx,09_ERD/W4-02A.6.13_ERD_CURRENT_LOGICAL_DATA_MODEL_FULL_CONSOLIDATED_v2.1.docx,NO_HEADING_DETECTED,CORE LOGICAL DATA MODEL AUTHORITY,01_GOVERNANCE/W4-02A.1_GOVERNANCE_CONSOLIDATION_FINAL_DECISION_AUTHORITY_v1.0.docx,Core logical data model authority,FULL controlled Authorization/RBAC/Permission Preset authority,1.0,RUMAHAGEN — ERD & DATA RELATIONSHIP MODEL,All modules,Manager is restricted to Agent-target presets; protected permissions and mismatch paths fail closed.,PRESERVE,DETERMINISTIC_CROSSWALK_VALIDATED,1,Exact deterministic join on module + prior candidate Core artifact + prior Core section. Current Core/evidence/authority/dependency fields are sourced from the matched STEP03 v1.2 relationship. STEP04 v1.0 is provenance only; no keyword/layer fallback.,CAM11-0016,NO_HEADING_DETECTED
M10-CORE-15,M10,Effective authorization resolution,RUMAHAGEN_WF03_M10_FULL_REBUILD_CONTROLLED_v1.1_FULL_VERSION/RUMAHAGEN_WF03_M10_FULL_REBUILD_CONTROLLED_v1.1.md,SR-0156,09_ERD/W4-02A.6.13_ERD_CURRENT_LOGICAL_DATA_MODEL_FULL_CONSOLIDATED_v2.1.docx,09_ERD/W4-02A.6.13_ERD_CURRENT_LOGICAL_DATA_MODEL_FULL_CONSOLIDATED_v2.1.docx,NO_HEADING_DETECTED,CORE LOGICAL DATA MODEL AUTHORITY,01_GOVERNANCE/W4-02A.1_GOVERNANCE_CONSOLIDATION_FINAL_DECISION_AUTHORITY_v1.0.docx,Core logical data model authority,FULL controlled Authorization/RBAC/Permission Preset authority,1.0,RUMAHAGEN — ERD & DATA RELATIONSHIP MODEL,All modules,No preset→default; active preset→current active preset; empty preset→default.,PRESERVE,DETERMINISTIC_CROSSWALK_VALIDATED,1,Exact deterministic join on module + prior candidate Core artifact + prior Core section. Current Core/evidence/authority/dependency fields are sourced from the matched STEP03 v1.2 relationship. STEP04 v1.0 is provenance only; no keyword/layer fallback.,CAM11-0016,NO_HEADING_DETECTED
M10-CORE-16,M10,Preset lifecycle/recovery,RUMAHAGEN_WF03_M10_FULL_REBUILD_CONTROLLED_v1.1_FULL_VERSION/RUMAHAGEN_WF03_M10_FULL_REBUILD_CONTROLLED_v1.1.md,SR-0156,09_ERD/W4-02A.6.13_ERD_CURRENT_LOGICAL_DATA_MODEL_FULL_CONSOLIDATED_v2.1.docx,09_ERD/W4-02A.6.13_ERD_CURRENT_LOGICAL_DATA_MODEL_FULL_CONSOLIDATED_v2.1.docx,NO_HEADING_DETECTED,CORE LOGICAL DATA MODEL AUTHORITY,01_GOVERNANCE/W4-02A.1_GOVERNANCE_CONSOLIDATION_FINAL_DECISION_AUTHORITY_v1.0.docx,Core logical data model authority,FULL controlled Authorization/RBAC/Permission Preset authority,1.0,RUMAHAGEN — ERD & DATA RELATIONSHIP MODEL,All modules,Used preset has no normal delete; emergency recovery may remove assignment/dependency and fail closed.,PRESERVE,DETERMINISTIC_CROSSWALK_VALIDATED,1,Exact deterministic join on module + prior candidate Core artifact + prior Core section. Current Core/evidence/authority/dependency fields are sourced from the matched STEP03 v1.2 relationship. STEP04 v1.0 is provenance only; no keyword/layer fallback.,CAM11-0016,NO_HEADING_DETECTED
M10-CORE-17,M10,WF03 legacy baseline,RUMAHAGEN_WF03_M10_FULL_REBUILD_CONTROLLED_v1.1_FULL_VERSION/RUMAHAGEN_WF03_M10_FULL_REBUILD_CONTROLLED_v1.1.md,SR-0156,09_ERD/W4-02A.6.13_ERD_CURRENT_LOGICAL_DATA_MODEL_FULL_CONSOLIDATED_v2.1.docx,09_ERD/W4-02A.6.13_ERD_CURRENT_LOGICAL_DATA_MODEL_FULL_CONSOLIDATED_v2.1.docx,NO_HEADING_DETECTED,CORE LOGICAL DATA MODEL AUTHORITY,01_GOVERNANCE/W4-02A.1_GOVERNANCE_CONSOLIDATION_FINAL_DECISION_AUTHORITY_v1.0.docx,Core logical data model authority,FULL controlled Authorization/RBAC/Permission Preset authority,1.0,RUMAHAGEN — ERD & DATA RELATIONSHIP MODEL,All modules,WF03permissionmatrix remains legacy/superseded and is not a new governing baseline.,CONTROLLED,DETERMINISTIC_CROSSWALK_VALIDATED,1,Exact deterministic join on module + prior candidate Core artifact + prior Core section. Current Core/evidence/authority/dependency fields are sourced from the matched STEP03 v1.2 relationship. STEP04 v1.0 is provenance only; no keyword/layer fallback.,CAM11-0016,NO_HEADING_DETECTED
M05-CI-001,M05,Event / Calendar / Event Registration canonical scope,RUMAHAGEN_WF03_M05_FULL_REBUILD_CONTROLLED_v1.3_FULL_VERSION/18_M05_FULL_REBUILD_CONTROLLED_v1.3.docx,SR-0121,07_PRD/W4-02A.6.11_PRD_CURRENT_PRODUCT_REQUIREMENTS_FULL_CONSOLIDATED_v2.1.docx,07_PRD/W4-02A.6.11_PRD_CURRENT_PRODUCT_REQUIREMENTS_FULL_CONSOLIDATED_v2.1.docx,NO_HEADING_DETECTED,CORE PRODUCT REQUIREMENTS AUTHORITY,01_GOVERNANCE/W4-02A.1_GOVERNANCE_CONSOLIDATION_FINAL_DECISION_AUTHORITY_v1.0.docx,Core PRD is current product requirement contract,FULL QIR-corrected Event/Calendar/Registration authority,1.0,STEP AKTIF = W4-02A.6.11 — PRD CURRENT PRODUCT REQUIREMENTS,M04/M11,Preserve M05 canonical scope.,PRESERVE,DETERMINISTIC_CROSSWALK_VALIDATED,1,Exact deterministic join on module + prior candidate Core artifact + prior Core section. Current Core/evidence/authority/dependency fields are sourced from the matched STEP03 v1.2 relationship. STEP04 v1.0 is provenance only; no keyword/layer fallback.,CAM11-0014,NO_HEADING_DETECTED
M05-CI-002,M05,Event quota = maximum Registered participants; not commercial entitlement or Session capacity,RUMAHAGEN_WF03_M05_FULL_REBUILD_CONTROLLED_v1.3_FULL_VERSION/18_M05_FULL_REBUILD_CONTROLLED_v1.3.docx,SR-0121,07_PRD/W4-02A.6.11_PRD_CURRENT_PRODUCT_REQUIREMENTS_FULL_CONSOLIDATED_v2.1.docx,07_PRD/W4-02A.6.11_PRD_CURRENT_PRODUCT_REQUIREMENTS_FULL_CONSOLIDATED_v2.1.docx,NO_HEADING_DETECTED,CORE PRODUCT REQUIREMENTS AUTHORITY,01_GOVERNANCE/W4-02A.1_GOVERNANCE_CONSOLIDATION_FINAL_DECISION_AUTHORITY_v1.0.docx,Core PRD is current product requirement contract,FULL QIR-corrected Event/Calendar/Registration authority,1.0,STEP AKTIF = W4-02A.6.11 — PRD CURRENT PRODUCT REQUIREMENTS,M04/M11,Synchronize precise Event quota semantics.,AUGMENT,DETERMINISTIC_CROSSWALK_VALIDATED,1,Exact deterministic join on module + prior candidate Core artifact + prior Core section. Current Core/evidence/authority/dependency fields are sourced from the matched STEP03 v1.2 relationship. STEP04 v1.0 is provenance only; no keyword/layer fallback.,CAM11-0014,NO_HEADING_DETECTED
M05-CI-003,M05,Waitinglist has no queue number/rank; participants are equal,RUMAHAGEN_WF03_M05_FULL_REBUILD_CONTROLLED_v1.3_FULL_VERSION/18_M05_FULL_REBUILD_CONTROLLED_v1.3.docx,SR-0121,07_PRD/W4-02A.6.11_PRD_CURRENT_PRODUCT_REQUIREMENTS_FULL_CONSOLIDATED_v2.1.docx,07_PRD/W4-02A.6.11_PRD_CURRENT_PRODUCT_REQUIREMENTS_FULL_CONSOLIDATED_v2.1.docx,NO_HEADING_DETECTED,CORE PRODUCT REQUIREMENTS AUTHORITY,01_GOVERNANCE/W4-02A.1_GOVERNANCE_CONSOLIDATION_FINAL_DECISION_AUTHORITY_v1.0.docx,Core PRD is current product requirement contract,FULL QIR-corrected Event/Calendar/Registration authority,1.0,STEP AKTIF = W4-02A.6.11 — PRD CURRENT PRODUCT REQUIREMENTS,M04/M11,Add waitinglist semantics.,ADD-NEW,DETERMINISTIC_CROSSWALK_VALIDATED,1,Exact deterministic join on module + prior candidate Core artifact + prior Core section. Current Core/evidence/authority/dependency fields are sourced from the matched STEP03 v1.2 relationship. STEP04 v1.0 is provenance only; no keyword/layer fallback.,CAM11-0014,NO_HEADING_DETECTED
M05-CI-004,M05,First successful registration captures an available slot,RUMAHAGEN_WF03_M05_FULL_REBUILD_CONTROLLED_v1.3_FULL_VERSION/18_M05_FULL_REBUILD_CONTROLLED_v1.3.docx,SR-0121,07_PRD/W4-02A.6.11_PRD_CURRENT_PRODUCT_REQUIREMENTS_FULL_CONSOLIDATED_v2.1.docx,07_PRD/W4-02A.6.11_PRD_CURRENT_PRODUCT_REQUIREMENTS_FULL_CONSOLIDATED_v2.1.docx,NO_HEADING_DETECTED,CORE PRODUCT REQUIREMENTS AUTHORITY,01_GOVERNANCE/W4-02A.1_GOVERNANCE_CONSOLIDATION_FINAL_DECISION_AUTHORITY_v1.0.docx,Core PRD is current product requirement contract,FULL QIR-corrected Event/Calendar/Registration authority,1.0,STEP AKTIF = W4-02A.6.11 — PRD CURRENT PRODUCT REQUIREMENTS,M04/M11,Add slot-capture rule; physical transaction remains downstream.,ADD-NEW,DETERMINISTIC_CROSSWALK_VALIDATED,1,Exact deterministic join on module + prior candidate Core artifact + prior Core section. Current Core/evidence/authority/dependency fields are sourced from the matched STEP03 v1.2 relationship. STEP04 v1.0 is provenance only; no keyword/layer fallback.,CAM11-0014,NO_HEADING_DETECTED
M05-CI-005,M05,Registration window closes at start_at + 1 hour,RUMAHAGEN_WF03_M05_FULL_REBUILD_CONTROLLED_v1.3_FULL_VERSION/18_M05_FULL_REBUILD_CONTROLLED_v1.3.docx,SR-0121,07_PRD/W4-02A.6.11_PRD_CURRENT_PRODUCT_REQUIREMENTS_FULL_CONSOLIDATED_v2.1.docx,07_PRD/W4-02A.6.11_PRD_CURRENT_PRODUCT_REQUIREMENTS_FULL_CONSOLIDATED_v2.1.docx,NO_HEADING_DETECTED,CORE PRODUCT REQUIREMENTS AUTHORITY,01_GOVERNANCE/W4-02A.1_GOVERNANCE_CONSOLIDATION_FINAL_DECISION_AUTHORITY_v1.0.docx,Core PRD is current product requirement contract,FULL QIR-corrected Event/Calendar/Registration authority,1.0,STEP AKTIF = W4-02A.6.11 — PRD CURRENT PRODUCT REQUIREMENTS,M04/M11,Add explicit registration-window rule.,ADD-NEW,DETERMINISTIC_CROSSWALK_VALIDATED,1,Exact deterministic join on module + prior candidate Core artifact + prior Core section. Current Core/evidence/authority/dependency fields are sourced from the matched STEP03 v1.2 relationship. STEP04 v1.0 is provenance only; no keyword/layer fallback.,CAM11-0014,NO_HEADING_DETECTED
M05-CI-006,M05,Pre-start cancellation returns one quota slot,RUMAHAGEN_WF03_M05_FULL_REBUILD_CONTROLLED_v1.3_FULL_VERSION/18_M05_FULL_REBUILD_CONTROLLED_v1.3.docx,SR-0121,07_PRD/W4-02A.6.11_PRD_CURRENT_PRODUCT_REQUIREMENTS_FULL_CONSOLIDATED_v2.1.docx,07_PRD/W4-02A.6.11_PRD_CURRENT_PRODUCT_REQUIREMENTS_FULL_CONSOLIDATED_v2.1.docx,NO_HEADING_DETECTED,CORE PRODUCT REQUIREMENTS AUTHORITY,01_GOVERNANCE/W4-02A.1_GOVERNANCE_CONSOLIDATION_FINAL_DECISION_AUTHORITY_v1.0.docx,Core PRD is current product requirement contract,FULL QIR-corrected Event/Calendar/Registration authority,1.0,STEP AKTIF = W4-02A.6.11 — PRD CURRENT PRODUCT REQUIREMENTS,M04/M11,Add quota-return rule without changing M14 commercial quota authority.,ADD-NEW,DETERMINISTIC_CROSSWALK_VALIDATED,1,Exact deterministic join on module + prior candidate Core artifact + prior Core section. Current Core/evidence/authority/dependency fields are sourced from the matched STEP03 v1.2 relationship. STEP04 v1.0 is provenance only; no keyword/layer fallback.,CAM11-0014,NO_HEADING_DETECTED
M05-CI-007,M05,Attendance optional; no-show does not auto-cancel registration,RUMAHAGEN_WF03_M05_FULL_REBUILD_CONTROLLED_v1.3_FULL_VERSION/18_M05_FULL_REBUILD_CONTROLLED_v1.3.docx,SR-0121,07_PRD/W4-02A.6.11_PRD_CURRENT_PRODUCT_REQUIREMENTS_FULL_CONSOLIDATED_v2.1.docx,07_PRD/W4-02A.6.11_PRD_CURRENT_PRODUCT_REQUIREMENTS_FULL_CONSOLIDATED_v2.1.docx,NO_HEADING_DETECTED,CORE PRODUCT REQUIREMENTS AUTHORITY,01_GOVERNANCE/W4-02A.1_GOVERNANCE_CONSOLIDATION_FINAL_DECISION_AUTHORITY_v1.0.docx,Core PRD is current product requirement contract,FULL QIR-corrected Event/Calendar/Registration authority,1.0,STEP AKTIF = W4-02A.6.11 — PRD CURRENT PRODUCT REQUIREMENTS,M04/M11,Add attendance/no-show semantics.,ADD-NEW,DETERMINISTIC_CROSSWALK_VALIDATED,1,Exact deterministic join on module + prior candidate Core artifact + prior Core section. Current Core/evidence/authority/dependency fields are sourced from the matched STEP03 v1.2 relationship. STEP04 v1.0 is provenance only; no keyword/layer fallback.,CAM11-0014,NO_HEADING_DETECTED
M05-CI-008,M05,Event cancellation is distinct from participant registration cancellation,RUMAHAGEN_WF03_M05_FULL_REBUILD_CONTROLLED_v1.3_FULL_VERSION/18_M05_FULL_REBUILD_CONTROLLED_v1.3.docx,SR-0121,07_PRD/W4-02A.6.11_PRD_CURRENT_PRODUCT_REQUIREMENTS_FULL_CONSOLIDATED_v2.1.docx,07_PRD/W4-02A.6.11_PRD_CURRENT_PRODUCT_REQUIREMENTS_FULL_CONSOLIDATED_v2.1.docx,NO_HEADING_DETECTED,CORE PRODUCT REQUIREMENTS AUTHORITY,01_GOVERNANCE/W4-02A.1_GOVERNANCE_CONSOLIDATION_FINAL_DECISION_AUTHORITY_v1.0.docx,Core PRD is current product requirement contract,FULL QIR-corrected Event/Calendar/Registration authority,1.0,STEP AKTIF = W4-02A.6.11 — PRD CURRENT PRODUCT REQUIREMENTS,M04/M11,Clarify M05 lifecycle/action boundary; retain M10 governance.,AUGMENT,DETERMINISTIC_CROSSWALK_VALIDATED,1,Exact deterministic join on module + prior candidate Core artifact + prior Core section. Current Core/evidence/authority/dependency fields are sourced from the matched STEP03 v1.2 relationship. STEP04 v1.0 is provenance only; no keyword/layer fallback.,CAM11-0014,NO_HEADING_DETECTED
M05-CI-009,M05,Event-start notification targets registered and waitinglist participants; M08 remains delivery/projection layer,RUMAHAGEN_WF03_M05_FULL_REBUILD_CONTROLLED_v1.3_FULL_VERSION/18_M05_FULL_REBUILD_CONTROLLED_v1.3.docx,SR-0121,07_PRD/W4-02A.6.11_PRD_CURRENT_PRODUCT_REQUIREMENTS_FULL_CONSOLIDATED_v2.1.docx,07_PRD/W4-02A.6.11_PRD_CURRENT_PRODUCT_REQUIREMENTS_FULL_CONSOLIDATED_v2.1.docx,NO_HEADING_DETECTED,CORE PRODUCT REQUIREMENTS AUTHORITY,01_GOVERNANCE/W4-02A.1_GOVERNANCE_CONSOLIDATION_FINAL_DECISION_AUTHORITY_v1.0.docx,Core PRD is current product requirement contract,FULL QIR-corrected Event/Calendar/Registration authority,1.0,STEP AKTIF = W4-02A.6.11 — PRD CURRENT PRODUCT REQUIREMENTS,M04/M11,Propagate trigger semantics while preserving M08 authority.,ADD-NEW,DETERMINISTIC_CROSSWALK_VALIDATED,1,Exact deterministic join on module + prior candidate Core artifact + prior Core section. Current Core/evidence/authority/dependency fields are sourced from the matched STEP03 v1.2 relationship. STEP04 v1.0 is provenance only; no keyword/layer fallback.,CAM11-0014,NO_HEADING_DETECTED
M05-CI-010,M05,Developer Partner event publication follows M05 Event lifecycle/permission semantics,RUMAHAGEN_WF03_M05_FULL_REBUILD_CONTROLLED_v1.3_FULL_VERSION/18_M05_FULL_REBUILD_CONTROLLED_v1.3.docx,SR-0121,07_PRD/W4-02A.6.11_PRD_CURRENT_PRODUCT_REQUIREMENTS_FULL_CONSOLIDATED_v2.1.docx,07_PRD/W4-02A.6.11_PRD_CURRENT_PRODUCT_REQUIREMENTS_FULL_CONSOLIDATED_v2.1.docx,NO_HEADING_DETECTED,CORE PRODUCT REQUIREMENTS AUTHORITY,01_GOVERNANCE/W4-02A.1_GOVERNANCE_CONSOLIDATION_FINAL_DECISION_AUTHORITY_v1.0.docx,Core PRD is current product requirement contract,FULL QIR-corrected Event/Calendar/Registration authority,1.0,STEP AKTIF = W4-02A.6.11 — PRD CURRENT PRODUCT REQUIREMENTS,M04/M11,Preserve locked publication boundary.,PRESERVE,DETERMINISTIC_CROSSWALK_VALIDATED,1,Exact deterministic join on module + prior candidate Core artifact + prior Core section. Current Core/evidence/authority/dependency fields are sourced from the matched STEP03 v1.2 relationship. STEP04 v1.0 is provenance only; no keyword/layer fallback.,CAM11-0014,NO_HEADING_DETECTED
M11-CI-001,M11,M02 Agent → M11 public profile SEO,RUMAHAGEN_WF03_M11_FULL_REBUILD_CONTROLLED_v2.0_FULL_VERSION/RUMAHAGEN_WF03_M11_FULL_REBUILD_CONTROLLED_v2.0_FULL_VERSION.md,SR-0127,07_PRD/W4-02A.6.11_PRD_CURRENT_PRODUCT_REQUIREMENTS_FULL_CONSOLIDATED_v2.1.docx,07_PRD/W4-02A.6.11_PRD_CURRENT_PRODUCT_REQUIREMENTS_FULL_CONSOLIDATED_v2.1.docx,NO_HEADING_DETECTED,CORE PRODUCT REQUIREMENTS AUTHORITY,01_GOVERNANCE/W4-02A.1_GOVERNANCE_CONSOLIDATION_FINAL_DECISION_AUTHORITY_v1.0.docx,Core PRD is current product requirement contract,FULL controlled SEO/public discovery/measurement authority,1.0,STEP AKTIF = W4-02A.6.11 — PRD CURRENT PRODUCT REQUIREMENTS,M02/M03/M05/M06/M09/M12/M14,Preserve M02 source authority; M11 discovery/measurement.,PRESERVE,DETERMINISTIC_CROSSWALK_VALIDATED,1,Exact deterministic join on module + prior candidate Core artifact + prior Core section. Current Core/evidence/authority/dependency fields are sourced from the matched STEP03 v1.2 relationship. STEP04 v1.0 is provenance only; no keyword/layer fallback.,CAM11-0014,NO_HEADING_DETECTED
M11-CI-002,M11,M03 Listing → M11 Listing SEO/lifecycle discovery,RUMAHAGEN_WF03_M11_FULL_REBUILD_CONTROLLED_v2.0_FULL_VERSION/RUMAHAGEN_WF03_M11_FULL_REBUILD_CONTROLLED_v2.0_FULL_VERSION.md,SR-0127,07_PRD/W4-02A.6.11_PRD_CURRENT_PRODUCT_REQUIREMENTS_FULL_CONSOLIDATED_v2.1.docx,07_PRD/W4-02A.6.11_PRD_CURRENT_PRODUCT_REQUIREMENTS_FULL_CONSOLIDATED_v2.1.docx,NO_HEADING_DETECTED,CORE PRODUCT REQUIREMENTS AUTHORITY,01_GOVERNANCE/W4-02A.1_GOVERNANCE_CONSOLIDATION_FINAL_DECISION_AUTHORITY_v1.0.docx,Core PRD is current product requirement contract,FULL controlled SEO/public discovery/measurement authority,1.0,STEP AKTIF = W4-02A.6.11 — PRD CURRENT PRODUCT REQUIREMENTS,M02/M03/M05/M06/M09/M12/M14,Preserve M03 lifecycle authority; M11 discovery.,PRESERVE,DETERMINISTIC_CROSSWALK_VALIDATED,1,Exact deterministic join on module + prior candidate Core artifact + prior Core section. Current Core/evidence/authority/dependency fields are sourced from the matched STEP03 v1.2 relationship. STEP04 v1.0 is provenance only; no keyword/layer fallback.,CAM11-0014,NO_HEADING_DETECTED
M11-CI-003,M11,M04 Learning/Session → M11 discovery/measurement,RUMAHAGEN_WF03_M11_FULL_REBUILD_CONTROLLED_v2.0_FULL_VERSION/RUMAHAGEN_WF03_M11_FULL_REBUILD_CONTROLLED_v2.0_FULL_VERSION.md,SR-0127,07_PRD/W4-02A.6.11_PRD_CURRENT_PRODUCT_REQUIREMENTS_FULL_CONSOLIDATED_v2.1.docx,07_PRD/W4-02A.6.11_PRD_CURRENT_PRODUCT_REQUIREMENTS_FULL_CONSOLIDATED_v2.1.docx,NO_HEADING_DETECTED,CORE PRODUCT REQUIREMENTS AUTHORITY,01_GOVERNANCE/W4-02A.1_GOVERNANCE_CONSOLIDATION_FINAL_DECISION_AUTHORITY_v1.0.docx,Core PRD is current product requirement contract,FULL controlled SEO/public discovery/measurement authority,1.0,STEP AKTIF = W4-02A.6.11 — PRD CURRENT PRODUCT REQUIREMENTS,M02/M03/M05/M06/M09/M12/M14,Preserve M04 Learning authority.,PRESERVE,DETERMINISTIC_CROSSWALK_VALIDATED,1,Exact deterministic join on module + prior candidate Core artifact + prior Core section. Current Core/evidence/authority/dependency fields are sourced from the matched STEP03 v1.2 relationship. STEP04 v1.0 is provenance only; no keyword/layer fallback.,CAM11-0014,NO_HEADING_DETECTED
M11-CI-004,M11,M05 Event → M11 Event discovery,RUMAHAGEN_WF03_M11_FULL_REBUILD_CONTROLLED_v2.0_FULL_VERSION/RUMAHAGEN_WF03_M11_FULL_REBUILD_CONTROLLED_v2.0_FULL_VERSION.md,SR-0127,07_PRD/W4-02A.6.11_PRD_CURRENT_PRODUCT_REQUIREMENTS_FULL_CONSOLIDATED_v2.1.docx,07_PRD/W4-02A.6.11_PRD_CURRENT_PRODUCT_REQUIREMENTS_FULL_CONSOLIDATED_v2.1.docx,NO_HEADING_DETECTED,CORE PRODUCT REQUIREMENTS AUTHORITY,01_GOVERNANCE/W4-02A.1_GOVERNANCE_CONSOLIDATION_FINAL_DECISION_AUTHORITY_v1.0.docx,Core PRD is current product requirement contract,FULL controlled SEO/public discovery/measurement authority,1.0,STEP AKTIF = W4-02A.6.11 — PRD CURRENT PRODUCT REQUIREMENTS,M02/M03/M05/M06/M09/M12/M14,Preserve M05 Event authority.,PRESERVE,DETERMINISTIC_CROSSWALK_VALIDATED,1,Exact deterministic join on module + prior candidate Core artifact + prior Core section. Current Core/evidence/authority/dependency fields are sourced from the matched STEP03 v1.2 relationship. STEP04 v1.0 is provenance only; no keyword/layer fallback.,CAM11-0014,NO_HEADING_DETECTED
M11-CI-005,M11,M06 Developer/Project → M11 Project SEO,RUMAHAGEN_WF03_M11_FULL_REBUILD_CONTROLLED_v2.0_FULL_VERSION/RUMAHAGEN_WF03_M11_FULL_REBUILD_CONTROLLED_v2.0_FULL_VERSION.md,SR-0127,07_PRD/W4-02A.6.11_PRD_CURRENT_PRODUCT_REQUIREMENTS_FULL_CONSOLIDATED_v2.1.docx,07_PRD/W4-02A.6.11_PRD_CURRENT_PRODUCT_REQUIREMENTS_FULL_CONSOLIDATED_v2.1.docx,NO_HEADING_DETECTED,CORE PRODUCT REQUIREMENTS AUTHORITY,01_GOVERNANCE/W4-02A.1_GOVERNANCE_CONSOLIDATION_FINAL_DECISION_AUTHORITY_v1.0.docx,Core PRD is current product requirement contract,FULL controlled SEO/public discovery/measurement authority,1.0,STEP AKTIF = W4-02A.6.11 — PRD CURRENT PRODUCT REQUIREMENTS,M02/M03/M05/M06/M09/M12/M14,Preserve M06 Project authority.,PRESERVE,DETERMINISTIC_CROSSWALK_VALIDATED,1,Exact deterministic join on module + prior candidate Core artifact + prior Core section. Current Core/evidence/authority/dependency fields are sourced from the matched STEP03 v1.2 relationship. STEP04 v1.0 is provenance only; no keyword/layer fallback.,CAM11-0014,NO_HEADING_DETECTED
M11-CI-006,M11,M09 Static Public Content → M11 discovery,RUMAHAGEN_WF03_M11_FULL_REBUILD_CONTROLLED_v2.0_FULL_VERSION/RUMAHAGEN_WF03_M11_FULL_REBUILD_CONTROLLED_v2.0_FULL_VERSION.md,SR-0127,07_PRD/W4-02A.6.11_PRD_CURRENT_PRODUCT_REQUIREMENTS_FULL_CONSOLIDATED_v2.1.docx,07_PRD/W4-02A.6.11_PRD_CURRENT_PRODUCT_REQUIREMENTS_FULL_CONSOLIDATED_v2.1.docx,NO_HEADING_DETECTED,CORE PRODUCT REQUIREMENTS AUTHORITY,01_GOVERNANCE/W4-02A.1_GOVERNANCE_CONSOLIDATION_FINAL_DECISION_AUTHORITY_v1.0.docx,Core PRD is current product requirement contract,FULL controlled SEO/public discovery/measurement authority,1.0,STEP AKTIF = W4-02A.6.11 — PRD CURRENT PRODUCT REQUIREMENTS,M02/M03/M05/M06/M09/M12/M14,Carry Static Public Content into Core/M11 traceability.,AUGMENT,DETERMINISTIC_CROSSWALK_VALIDATED,1,Exact deterministic join on module + prior candidate Core artifact + prior Core section. Current Core/evidence/authority/dependency fields are sourced from the matched STEP03 v1.2 relationship. STEP04 v1.0 is provenance only; no keyword/layer fallback.,CAM11-0014,NO_HEADING_DETECTED
M11-CI-007,M11,M09 Announcement/Promotion → M11 discovery/measurement,RUMAHAGEN_WF03_M11_FULL_REBUILD_CONTROLLED_v2.0_FULL_VERSION/RUMAHAGEN_WF03_M11_FULL_REBUILD_CONTROLLED_v2.0_FULL_VERSION.md,SR-0127,07_PRD/W4-02A.6.11_PRD_CURRENT_PRODUCT_REQUIREMENTS_FULL_CONSOLIDATED_v2.1.docx,07_PRD/W4-02A.6.11_PRD_CURRENT_PRODUCT_REQUIREMENTS_FULL_CONSOLIDATED_v2.1.docx,NO_HEADING_DETECTED,CORE PRODUCT REQUIREMENTS AUTHORITY,01_GOVERNANCE/W4-02A.1_GOVERNANCE_CONSOLIDATION_FINAL_DECISION_AUTHORITY_v1.0.docx,Core PRD is current product requirement contract,FULL controlled SEO/public discovery/measurement authority,1.0,STEP AKTIF = W4-02A.6.11 — PRD CURRENT PRODUCT REQUIREMENTS,M02/M03/M05/M06/M09/M12/M14,Carry Announcement/Promotion into Core/M11 traceability.,AUGMENT,DETERMINISTIC_CROSSWALK_VALIDATED,1,Exact deterministic join on module + prior candidate Core artifact + prior Core section. Current Core/evidence/authority/dependency fields are sourced from the matched STEP03 v1.2 relationship. STEP04 v1.0 is provenance only; no keyword/layer fallback.,CAM11-0014,NO_HEADING_DETECTED
M11-CI-008,M11,M10 authorization → M11 access filtering,RUMAHAGEN_WF03_M11_FULL_REBUILD_CONTROLLED_v2.0_FULL_VERSION/RUMAHAGEN_WF03_M11_FULL_REBUILD_CONTROLLED_v2.0_FULL_VERSION.md,SR-0127,07_PRD/W4-02A.6.11_PRD_CURRENT_PRODUCT_REQUIREMENTS_FULL_CONSOLIDATED_v2.1.docx,07_PRD/W4-02A.6.11_PRD_CURRENT_PRODUCT_REQUIREMENTS_FULL_CONSOLIDATED_v2.1.docx,NO_HEADING_DETECTED,CORE PRODUCT REQUIREMENTS AUTHORITY,01_GOVERNANCE/W4-02A.1_GOVERNANCE_CONSOLIDATION_FINAL_DECISION_AUTHORITY_v1.0.docx,Core PRD is current product requirement contract,FULL controlled SEO/public discovery/measurement authority,1.0,STEP AKTIF = W4-02A.6.11 — PRD CURRENT PRODUCT REQUIREMENTS,M02/M03/M05/M06/M09/M12/M14,Preserve M10 authorization authority.,PRESERVE,DETERMINISTIC_CROSSWALK_VALIDATED,1,Exact deterministic join on module + prior candidate Core artifact + prior Core section. Current Core/evidence/authority/dependency fields are sourced from the matched STEP03 v1.2 relationship. STEP04 v1.0 is provenance only; no keyword/layer fallback.,CAM11-0014,NO_HEADING_DETECTED
M11-CI-009,M11,M15 Award → M11 permitted public presentation,RUMAHAGEN_WF03_M11_FULL_REBUILD_CONTROLLED_v2.0_FULL_VERSION/RUMAHAGEN_WF03_M11_FULL_REBUILD_CONTROLLED_v2.0_FULL_VERSION.md,SR-0127,07_PRD/W4-02A.6.11_PRD_CURRENT_PRODUCT_REQUIREMENTS_FULL_CONSOLIDATED_v2.1.docx,07_PRD/W4-02A.6.11_PRD_CURRENT_PRODUCT_REQUIREMENTS_FULL_CONSOLIDATED_v2.1.docx,NO_HEADING_DETECTED,CORE PRODUCT REQUIREMENTS AUTHORITY,01_GOVERNANCE/W4-02A.1_GOVERNANCE_CONSOLIDATION_FINAL_DECISION_AUTHORITY_v1.0.docx,Core PRD is current product requirement contract,FULL controlled SEO/public discovery/measurement authority,1.0,STEP AKTIF = W4-02A.6.11 — PRD CURRENT PRODUCT REQUIREMENTS,M02/M03/M05/M06/M09/M12/M14,Preserve M15 awarding authority; M11 only presents/measures.,PRESERVE,DETERMINISTIC_CROSSWALK_VALIDATED,1,Exact deterministic join on module + prior candidate Core artifact + prior Core section. Current Core/evidence/authority/dependency fields are sourced from the matched STEP03 v1.2 relationship. STEP04 v1.0 is provenance only; no keyword/layer fallback.,CAM11-0014,NO_HEADING_DETECTED
M11-CI-010,M11,M11 controlled architectural impact / no semantic blocker,RUMAHAGEN_WF03_M11_FULL_REBUILD_CONTROLLED_v2.0_FULL_VERSION/RUMAHAGEN_WF03_M11_FULL_REBUILD_CONTROLLED_v2.0_FULL_VERSION.md,SR-0127,07_PRD/W4-02A.6.11_PRD_CURRENT_PRODUCT_REQUIREMENTS_FULL_CONSOLIDATED_v2.1.docx,07_PRD/W4-02A.6.11_PRD_CURRENT_PRODUCT_REQUIREMENTS_FULL_CONSOLIDATED_v2.1.docx,NO_HEADING_DETECTED,CORE PRODUCT REQUIREMENTS AUTHORITY,01_GOVERNANCE/W4-02A.1_GOVERNANCE_CONSOLIDATION_FINAL_DECISION_AUTHORITY_v1.0.docx,Core PRD is current product requirement contract,FULL controlled SEO/public discovery/measurement authority,1.0,STEP AKTIF = W4-02A.6.11 — PRD CURRENT PRODUCT REQUIREMENTS,M02/M03/M05/M06/M09/M12/M14,Track controlled propagation without unrelated redesign.,CONTROLLED,DETERMINISTIC_CROSSWALK_VALIDATED,1,Exact deterministic join on module + prior candidate Core artifact + prior Core section. Current Core/evidence/authority/dependency fields are sourced from the matched STEP03 v1.2 relationship. STEP04 v1.0 is provenance only; no keyword/layer fallback.,CAM11-0014,NO_HEADING_DETECTED
M12-CI-001,M12,M12 Organization/Membership/Context ownership,RUMAHAGEN_WF03_M12_FULL_REBUILD_CONTROLLED_v1.0/RUMAHAGEN_WF03_M12_FULL_REBUILD_CONTROLLED_v1.0.md,SR-0128,07_PRD/W4-02A.6.11_PRD_CURRENT_PRODUCT_REQUIREMENTS_FULL_CONSOLIDATED_v2.1.docx,07_PRD/W4-02A.6.11_PRD_CURRENT_PRODUCT_REQUIREMENTS_FULL_CONSOLIDATED_v2.1.docx,NO_HEADING_DETECTED,CORE PRODUCT REQUIREMENTS AUTHORITY,01_GOVERNANCE/W4-02A.1_GOVERNANCE_CONSOLIDATION_FINAL_DECISION_AUTHORITY_v1.0.docx,Core PRD is current product requirement contract,FULL controlled Organization authority,1.0,STEP AKTIF = W4-02A.6.11 — PRD CURRENT PRODUCT REQUIREMENTS,M03/M10/M11/M14,Preserve M12 authority.,PRESERVE,DETERMINISTIC_CROSSWALK_VALIDATED,1,Exact deterministic join on module + prior candidate Core artifact + prior Core section. Current Core/evidence/authority/dependency fields are sourced from the matched STEP03 v1.2 relationship. STEP04 v1.0 is provenance only; no keyword/layer fallback.,CAM11-0014,NO_HEADING_DETECTED
M12-CI-002,M12,Lead Exit → CLOSING → CLOSED; no Lead Transfer/successor inheritance,RUMAHAGEN_WF03_M12_FULL_REBUILD_CONTROLLED_v1.0/RUMAHAGEN_WF03_M12_FULL_REBUILD_CONTROLLED_v1.0.md,SR-0128,07_PRD/W4-02A.6.11_PRD_CURRENT_PRODUCT_REQUIREMENTS_FULL_CONSOLIDATED_v2.1.docx,07_PRD/W4-02A.6.11_PRD_CURRENT_PRODUCT_REQUIREMENTS_FULL_CONSOLIDATED_v2.1.docx,NO_HEADING_DETECTED,CORE PRODUCT REQUIREMENTS AUTHORITY,01_GOVERNANCE/W4-02A.1_GOVERNANCE_CONSOLIDATION_FINAL_DECISION_AUTHORITY_v1.0.docx,Core PRD is current product requirement contract,FULL controlled Organization authority,1.0,STEP AKTIF = W4-02A.6.11 — PRD CURRENT PRODUCT REQUIREMENTS,M03/M10/M11/M14,Preserve lifecycle/negative boundary.,PRESERVE,DETERMINISTIC_CROSSWALK_VALIDATED,1,Exact deterministic join on module + prior candidate Core artifact + prior Core section. Current Core/evidence/authority/dependency fields are sourced from the matched STEP03 v1.2 relationship. STEP04 v1.0 is provenance only; no keyword/layer fallback.,CAM11-0014,NO_HEADING_DETECTED
M12-CI-003,M12,Organization Public Content ownership clarification,RUMAHAGEN_WF03_M12_FULL_REBUILD_CONTROLLED_v1.0/RUMAHAGEN_WF03_M12_FULL_REBUILD_CONTROLLED_v1.0.md,SR-0128,07_PRD/W4-02A.6.11_PRD_CURRENT_PRODUCT_REQUIREMENTS_FULL_CONSOLIDATED_v2.1.docx,07_PRD/W4-02A.6.11_PRD_CURRENT_PRODUCT_REQUIREMENTS_FULL_CONSOLIDATED_v2.1.docx,NO_HEADING_DETECTED,CORE PRODUCT REQUIREMENTS AUTHORITY,01_GOVERNANCE/W4-02A.1_GOVERNANCE_CONSOLIDATION_FINAL_DECISION_AUTHORITY_v1.0.docx,Core PRD is current product requirement contract,FULL controlled Organization authority,1.0,STEP AKTIF = W4-02A.6.11 — PRD CURRENT PRODUCT REQUIREMENTS,M03/M10/M11/M14,Carry clarification without transferring M11 authority.,CONTROLLED,DETERMINISTIC_CROSSWALK_VALIDATED,1,Exact deterministic join on module + prior candidate Core artifact + prior Core section. Current Core/evidence/authority/dependency fields are sourced from the matched STEP03 v1.2 relationship. STEP04 v1.0 is provenance only; no keyword/layer fallback.,CAM11-0014,NO_HEADING_DETECTED
M12-CI-004,M12,ORG-ADMIN action/permission boundary,RUMAHAGEN_WF03_M12_FULL_REBUILD_CONTROLLED_v1.0/RUMAHAGEN_WF03_M12_FULL_REBUILD_CONTROLLED_v1.0.md,SR-0128,07_PRD/W4-02A.6.11_PRD_CURRENT_PRODUCT_REQUIREMENTS_FULL_CONSOLIDATED_v2.1.docx,07_PRD/W4-02A.6.11_PRD_CURRENT_PRODUCT_REQUIREMENTS_FULL_CONSOLIDATED_v2.1.docx,NO_HEADING_DETECTED,CORE PRODUCT REQUIREMENTS AUTHORITY,01_GOVERNANCE/W4-02A.1_GOVERNANCE_CONSOLIDATION_FINAL_DECISION_AUTHORITY_v1.0.docx,Core PRD is current product requirement contract,FULL controlled Organization authority,1.0,STEP AKTIF = W4-02A.6.11 — PRD CURRENT PRODUCT REQUIREMENTS,M03/M10/M11/M14,Reconcile representation while preserving M10 authority.,AUGMENT,DETERMINISTIC_CROSSWALK_VALIDATED,1,Exact deterministic join on module + prior candidate Core artifact + prior Core section. Current Core/evidence/authority/dependency fields are sourced from the matched STEP03 v1.2 relationship. STEP04 v1.0 is provenance only; no keyword/layer fallback.,CAM11-0014,NO_HEADING_DETECTED
M12-CI-005,M12,M12 → M03 organization-context dependency,RUMAHAGEN_WF03_M12_FULL_REBUILD_CONTROLLED_v1.0/RUMAHAGEN_WF03_M12_FULL_REBUILD_CONTROLLED_v1.0.md,SR-0128,07_PRD/W4-02A.6.11_PRD_CURRENT_PRODUCT_REQUIREMENTS_FULL_CONSOLIDATED_v2.1.docx,07_PRD/W4-02A.6.11_PRD_CURRENT_PRODUCT_REQUIREMENTS_FULL_CONSOLIDATED_v2.1.docx,NO_HEADING_DETECTED,CORE PRODUCT REQUIREMENTS AUTHORITY,01_GOVERNANCE/W4-02A.1_GOVERNANCE_CONSOLIDATION_FINAL_DECISION_AUTHORITY_v1.0.docx,Core PRD is current product requirement contract,FULL controlled Organization authority,1.0,STEP AKTIF = W4-02A.6.11 — PRD CURRENT PRODUCT REQUIREMENTS,M03/M10/M11/M14,Preserve M03 Listing authority.,PRESERVE,DETERMINISTIC_CROSSWALK_VALIDATED,1,Exact deterministic join on module + prior candidate Core artifact + prior Core section. Current Core/evidence/authority/dependency fields are sourced from the matched STEP03 v1.2 relationship. STEP04 v1.0 is provenance only; no keyword/layer fallback.,CAM11-0014,NO_HEADING_DETECTED
M12-CI-006,M12,M12 → M10 authorization dependency,RUMAHAGEN_WF03_M12_FULL_REBUILD_CONTROLLED_v1.0/RUMAHAGEN_WF03_M12_FULL_REBUILD_CONTROLLED_v1.0.md,SR-0128,07_PRD/W4-02A.6.11_PRD_CURRENT_PRODUCT_REQUIREMENTS_FULL_CONSOLIDATED_v2.1.docx,07_PRD/W4-02A.6.11_PRD_CURRENT_PRODUCT_REQUIREMENTS_FULL_CONSOLIDATED_v2.1.docx,NO_HEADING_DETECTED,CORE PRODUCT REQUIREMENTS AUTHORITY,01_GOVERNANCE/W4-02A.1_GOVERNANCE_CONSOLIDATION_FINAL_DECISION_AUTHORITY_v1.0.docx,Core PRD is current product requirement contract,FULL controlled Organization authority,1.0,STEP AKTIF = W4-02A.6.11 — PRD CURRENT PRODUCT REQUIREMENTS,M03/M10/M11/M14,Preserve M10 authority.,PRESERVE,DETERMINISTIC_CROSSWALK_VALIDATED,1,Exact deterministic join on module + prior candidate Core artifact + prior Core section. Current Core/evidence/authority/dependency fields are sourced from the matched STEP03 v1.2 relationship. STEP04 v1.0 is provenance only; no keyword/layer fallback.,CAM11-0014,NO_HEADING_DETECTED
M12-CI-007,M12,M12 → M11 discovery dependency,RUMAHAGEN_WF03_M12_FULL_REBUILD_CONTROLLED_v1.0/RUMAHAGEN_WF03_M12_FULL_REBUILD_CONTROLLED_v1.0.md,SR-0128,07_PRD/W4-02A.6.11_PRD_CURRENT_PRODUCT_REQUIREMENTS_FULL_CONSOLIDATED_v2.1.docx,07_PRD/W4-02A.6.11_PRD_CURRENT_PRODUCT_REQUIREMENTS_FULL_CONSOLIDATED_v2.1.docx,NO_HEADING_DETECTED,CORE PRODUCT REQUIREMENTS AUTHORITY,01_GOVERNANCE/W4-02A.1_GOVERNANCE_CONSOLIDATION_FINAL_DECISION_AUTHORITY_v1.0.docx,Core PRD is current product requirement contract,FULL controlled Organization authority,1.0,STEP AKTIF = W4-02A.6.11 — PRD CURRENT PRODUCT REQUIREMENTS,M03/M10/M11/M14,Preserve M11 authority.,PRESERVE,DETERMINISTIC_CROSSWALK_VALIDATED,1,Exact deterministic join on module + prior candidate Core artifact + prior Core section. Current Core/evidence/authority/dependency fields are sourced from the matched STEP03 v1.2 relationship. STEP04 v1.0 is provenance only; no keyword/layer fallback.,CAM11-0014,NO_HEADING_DETECTED
M12-CI-008,M12,M12 → M14 commercial-context dependency,RUMAHAGEN_WF03_M12_FULL_REBUILD_CONTROLLED_v1.0/RUMAHAGEN_WF03_M12_FULL_REBUILD_CONTROLLED_v1.0.md,SR-0128,07_PRD/W4-02A.6.11_PRD_CURRENT_PRODUCT_REQUIREMENTS_FULL_CONSOLIDATED_v2.1.docx,07_PRD/W4-02A.6.11_PRD_CURRENT_PRODUCT_REQUIREMENTS_FULL_CONSOLIDATED_v2.1.docx,NO_HEADING_DETECTED,CORE PRODUCT REQUIREMENTS AUTHORITY,01_GOVERNANCE/W4-02A.1_GOVERNANCE_CONSOLIDATION_FINAL_DECISION_AUTHORITY_v1.0.docx,Core PRD is current product requirement contract,FULL controlled Organization authority,1.0,STEP AKTIF = W4-02A.6.11 — PRD CURRENT PRODUCT REQUIREMENTS,M03/M10/M11/M14,Preserve M14 authority.,PRESERVE,DETERMINISTIC_CROSSWALK_VALIDATED,1,Exact deterministic join on module + prior candidate Core artifact + prior Core section. Current Core/evidence/authority/dependency fields are sourced from the matched STEP03 v1.2 relationship. STEP04 v1.0 is provenance only; no keyword/layer fallback.,CAM11-0014,NO_HEADING_DETECTED
M12-CI-009,M12,Physical implementation status,RUMAHAGEN_WF03_M12_FULL_REBUILD_CONTROLLED_v1.0/RUMAHAGEN_WF03_M12_FULL_REBUILD_CONTROLLED_v1.0.md,SR-0128,07_PRD/W4-02A.6.11_PRD_CURRENT_PRODUCT_REQUIREMENTS_FULL_CONSOLIDATED_v2.1.docx,07_PRD/W4-02A.6.11_PRD_CURRENT_PRODUCT_REQUIREMENTS_FULL_CONSOLIDATED_v2.1.docx,NO_HEADING_DETECTED,CORE PRODUCT REQUIREMENTS AUTHORITY,01_GOVERNANCE/W4-02A.1_GOVERNANCE_CONSOLIDATION_FINAL_DECISION_AUTHORITY_v1.0.docx,Core PRD is current product requirement contract,FULL controlled Organization authority,1.0,STEP AKTIF = W4-02A.6.11 — PRD CURRENT PRODUCT REQUIREMENTS,M03/M10/M11/M14,Track physical realization downstream.,CONTROLLED,DETERMINISTIC_CROSSWALK_VALIDATED,1,Exact deterministic join on module + prior candidate Core artifact + prior Core section. Current Core/evidence/authority/dependency fields are sourced from the matched STEP03 v1.2 relationship. STEP04 v1.0 is provenance only; no keyword/layer fallback.,CAM11-0014,NO_HEADING_DETECTED
M12-CI-010,M12,Runtime status,RUMAHAGEN_WF03_M12_FULL_REBUILD_CONTROLLED_v1.0/RUMAHAGEN_WF03_M12_FULL_REBUILD_CONTROLLED_v1.0.md,SR-0128,07_PRD/W4-02A.6.11_PRD_CURRENT_PRODUCT_REQUIREMENTS_FULL_CONSOLIDATED_v2.1.docx,07_PRD/W4-02A.6.11_PRD_CURRENT_PRODUCT_REQUIREMENTS_FULL_CONSOLIDATED_v2.1.docx,NO_HEADING_DETECTED,CORE PRODUCT REQUIREMENTS AUTHORITY,01_GOVERNANCE/W4-02A.1_GOVERNANCE_CONSOLIDATION_FINAL_DECISION_AUTHORITY_v1.0.docx,Core PRD is current product requirement contract,FULL controlled Organization authority,1.0,STEP AKTIF = W4-02A.6.11 — PRD CURRENT PRODUCT REQUIREMENTS,M03/M10/M11/M14,Track runtime verification downstream; no runtime PASS.,CONTROLLED,DETERMINISTIC_CROSSWALK_VALIDATED,1,Exact deterministic join on module + prior candidate Core artifact + prior Core section. Current Core/evidence/authority/dependency fields are sourced from the matched STEP03 v1.2 relationship. STEP04 v1.0 is provenance only; no keyword/layer fallback.,CAM11-0014,NO_HEADING_DETECTED
M13-CI-001,M13,Provider Catalogue mutation authority is Superadmin-only,RUMAHAGEN_WF03_M13_FULL_REBUILD_CONTROLLED_v1.0/RUMAHAGEN_WF03_M13_FULL_REBUILD_CONTROLLED_v1.0.md,SR-0129,07_PRD/W4-02A.6.11_PRD_CURRENT_PRODUCT_REQUIREMENTS_FULL_CONSOLIDATED_v2.1.docx,07_PRD/W4-02A.6.11_PRD_CURRENT_PRODUCT_REQUIREMENTS_FULL_CONSOLIDATED_v2.1.docx,NO_HEADING_DETECTED,CORE PRODUCT REQUIREMENTS AUTHORITY,01_GOVERNANCE/W4-02A.1_GOVERNANCE_CONSOLIDATION_FINAL_DECISION_AUTHORITY_v1.0.docx,Core PRD is current product requirement contract,FULL controlled AI Provider Catalogue/BYOK authority,1.0,STEP AKTIF = W4-02A.6.11 — PRD CURRENT PRODUCT REQUIREMENTS,M10/M09,Send historical Core wording conflict to STEP05.,RECONCILE,DETERMINISTIC_CROSSWALK_VALIDATED,1,Exact deterministic join on module + prior candidate Core artifact + prior Core section. Current Core/evidence/authority/dependency fields are sourced from the matched STEP03 v1.2 relationship. STEP04 v1.0 is provenance only; no keyword/layer fallback.,CAM11-0014,NO_HEADING_DETECTED
M13-CI-002,M13,BYOK ownership is Agent/User OWN,RUMAHAGEN_WF03_M13_FULL_REBUILD_CONTROLLED_v1.0/RUMAHAGEN_WF03_M13_FULL_REBUILD_CONTROLLED_v1.0.md,SR-0129,07_PRD/W4-02A.6.11_PRD_CURRENT_PRODUCT_REQUIREMENTS_FULL_CONSOLIDATED_v2.1.docx,07_PRD/W4-02A.6.11_PRD_CURRENT_PRODUCT_REQUIREMENTS_FULL_CONSOLIDATED_v2.1.docx,NO_HEADING_DETECTED,CORE PRODUCT REQUIREMENTS AUTHORITY,01_GOVERNANCE/W4-02A.1_GOVERNANCE_CONSOLIDATION_FINAL_DECISION_AUTHORITY_v1.0.docx,Core PRD is current product requirement contract,FULL controlled AI Provider Catalogue/BYOK authority,1.0,STEP AKTIF = W4-02A.6.11 — PRD CURRENT PRODUCT REQUIREMENTS,M10/M09,Reconcile broader historical Core wording to final M13 ownership.,RECONCILE,DETERMINISTIC_CROSSWALK_VALIDATED,1,Exact deterministic join on module + prior candidate Core artifact + prior Core section. Current Core/evidence/authority/dependency fields are sourced from the matched STEP03 v1.2 relationship. STEP04 v1.0 is provenance only; no keyword/layer fallback.,CAM11-0014,NO_HEADING_DETECTED
M13-CI-003,M13,M10 authorization boundary,RUMAHAGEN_WF03_M13_FULL_REBUILD_CONTROLLED_v1.0/RUMAHAGEN_WF03_M13_FULL_REBUILD_CONTROLLED_v1.0.md,SR-0129,07_PRD/W4-02A.6.11_PRD_CURRENT_PRODUCT_REQUIREMENTS_FULL_CONSOLIDATED_v2.1.docx,07_PRD/W4-02A.6.11_PRD_CURRENT_PRODUCT_REQUIREMENTS_FULL_CONSOLIDATED_v2.1.docx,NO_HEADING_DETECTED,CORE PRODUCT REQUIREMENTS AUTHORITY,01_GOVERNANCE/W4-02A.1_GOVERNANCE_CONSOLIDATION_FINAL_DECISION_AUTHORITY_v1.0.docx,Core PRD is current product requirement contract,FULL controlled AI Provider Catalogue/BYOK authority,1.0,STEP AKTIF = W4-02A.6.11 — PRD CURRENT PRODUCT REQUIREMENTS,M10/M09,Preserve M10 authority.,PRESERVE,DETERMINISTIC_CROSSWALK_VALIDATED,1,Exact deterministic join on module + prior candidate Core artifact + prior Core section. Current Core/evidence/authority/dependency fields are sourced from the matched STEP03 v1.2 relationship. STEP04 v1.0 is provenance only; no keyword/layer fallback.,CAM11-0014,NO_HEADING_DETECTED
M13-CI-004,M13,Physical/runtime implementation,RUMAHAGEN_WF03_M13_FULL_REBUILD_CONTROLLED_v1.0/RUMAHAGEN_WF03_M13_FULL_REBUILD_CONTROLLED_v1.0.md,SR-0129,07_PRD/W4-02A.6.11_PRD_CURRENT_PRODUCT_REQUIREMENTS_FULL_CONSOLIDATED_v2.1.docx,07_PRD/W4-02A.6.11_PRD_CURRENT_PRODUCT_REQUIREMENTS_FULL_CONSOLIDATED_v2.1.docx,NO_HEADING_DETECTED,CORE PRODUCT REQUIREMENTS AUTHORITY,01_GOVERNANCE/W4-02A.1_GOVERNANCE_CONSOLIDATION_FINAL_DECISION_AUTHORITY_v1.0.docx,Core PRD is current product requirement contract,FULL controlled AI Provider Catalogue/BYOK authority,1.0,STEP AKTIF = W4-02A.6.11 — PRD CURRENT PRODUCT REQUIREMENTS,M10/M09,Track downstream implementation; no runtime proof.,CONTROLLED,DETERMINISTIC_CROSSWALK_VALIDATED,1,Exact deterministic join on module + prior candidate Core artifact + prior Core section. Current Core/evidence/authority/dependency fields are sourced from the matched STEP03 v1.2 relationship. STEP04 v1.0 is provenance only; no keyword/layer fallback.,CAM11-0014,NO_HEADING_DETECTED
M14-CI-001,M14,M14 commercial authority,RUMAHAGEN_WF03_M14_FULL_REBUILD_v2.2_CORE_DETAIL_PARITY_FULL_VERSION/RUMAHAGEN_WF03_M14_FULL_REBUILD_v2.2_CORE_DETAIL_PARITY_FULL_VERSION.md,SR-0130,07_PRD/W4-02A.6.11_PRD_CURRENT_PRODUCT_REQUIREMENTS_FULL_CONSOLIDATED_v2.1.docx,07_PRD/W4-02A.6.11_PRD_CURRENT_PRODUCT_REQUIREMENTS_FULL_CONSOLIDATED_v2.1.docx,NO_HEADING_DETECTED,CORE PRODUCT REQUIREMENTS AUTHORITY,01_GOVERNANCE/W4-02A.1_GOVERNANCE_CONSOLIDATION_FINAL_DECISION_AUTHORITY_v1.0.docx,Core PRD is current product requirement contract,FULL current synchronized Commercial/Payment/Entitlement/Quota/Promotion/Reconciliation authority,1.0,STEP AKTIF = W4-02A.6.11 — PRD CURRENT PRODUCT REQUIREMENTS,M03/M04/M06/M10/M11/M15,Preserve M14 commercial authority.,PRESERVE,DETERMINISTIC_CROSSWALK_VALIDATED,1,Exact deterministic join on module + prior candidate Core artifact + prior Core section. Current Core/evidence/authority/dependency fields are sourced from the matched STEP03 v1.2 relationship. STEP04 v1.0 is provenance only; no keyword/layer fallback.,CAM11-0014,NO_HEADING_DETECTED
M14-CI-002,M14,Payment belongs to M14,RUMAHAGEN_WF03_M14_FULL_REBUILD_v2.2_CORE_DETAIL_PARITY_FULL_VERSION/RUMAHAGEN_WF03_M14_FULL_REBUILD_v2.2_CORE_DETAIL_PARITY_FULL_VERSION.md,SR-0130,07_PRD/W4-02A.6.11_PRD_CURRENT_PRODUCT_REQUIREMENTS_FULL_CONSOLIDATED_v2.1.docx,07_PRD/W4-02A.6.11_PRD_CURRENT_PRODUCT_REQUIREMENTS_FULL_CONSOLIDATED_v2.1.docx,NO_HEADING_DETECTED,CORE PRODUCT REQUIREMENTS AUTHORITY,01_GOVERNANCE/W4-02A.1_GOVERNANCE_CONSOLIDATION_FINAL_DECISION_AUTHORITY_v1.0.docx,Core PRD is current product requirement contract,FULL current synchronized Commercial/Payment/Entitlement/Quota/Promotion/Reconciliation authority,1.0,STEP AKTIF = W4-02A.6.11 — PRD CURRENT PRODUCT REQUIREMENTS,M03/M04/M06/M10/M11/M15,Preserve Payment Core boundary.,PRESERVE,DETERMINISTIC_CROSSWALK_VALIDATED,1,Exact deterministic join on module + prior candidate Core artifact + prior Core section. Current Core/evidence/authority/dependency fields are sourced from the matched STEP03 v1.2 relationship. STEP04 v1.0 is provenance only; no keyword/layer fallback.,CAM11-0014,NO_HEADING_DETECTED
M14-CI-003,M14,Entitlement ≠ RBAC,RUMAHAGEN_WF03_M14_FULL_REBUILD_v2.2_CORE_DETAIL_PARITY_FULL_VERSION/RUMAHAGEN_WF03_M14_FULL_REBUILD_v2.2_CORE_DETAIL_PARITY_FULL_VERSION.md,SR-0130,07_PRD/W4-02A.6.11_PRD_CURRENT_PRODUCT_REQUIREMENTS_FULL_CONSOLIDATED_v2.1.docx,07_PRD/W4-02A.6.11_PRD_CURRENT_PRODUCT_REQUIREMENTS_FULL_CONSOLIDATED_v2.1.docx,NO_HEADING_DETECTED,CORE PRODUCT REQUIREMENTS AUTHORITY,01_GOVERNANCE/W4-02A.1_GOVERNANCE_CONSOLIDATION_FINAL_DECISION_AUTHORITY_v1.0.docx,Core PRD is current product requirement contract,FULL current synchronized Commercial/Payment/Entitlement/Quota/Promotion/Reconciliation authority,1.0,STEP AKTIF = W4-02A.6.11 — PRD CURRENT PRODUCT REQUIREMENTS,M03/M04/M06/M10/M11/M15,Preserve separation.,PRESERVE,DETERMINISTIC_CROSSWALK_VALIDATED,1,Exact deterministic join on module + prior candidate Core artifact + prior Core section. Current Core/evidence/authority/dependency fields are sourced from the matched STEP03 v1.2 relationship. STEP04 v1.0 is provenance only; no keyword/layer fallback.,CAM11-0014,NO_HEADING_DETECTED
M14-CI-004,M14,Quota is commercial capacity,RUMAHAGEN_WF03_M14_FULL_REBUILD_v2.2_CORE_DETAIL_PARITY_FULL_VERSION/RUMAHAGEN_WF03_M14_FULL_REBUILD_v2.2_CORE_DETAIL_PARITY_FULL_VERSION.md,SR-0130,07_PRD/W4-02A.6.11_PRD_CURRENT_PRODUCT_REQUIREMENTS_FULL_CONSOLIDATED_v2.1.docx,07_PRD/W4-02A.6.11_PRD_CURRENT_PRODUCT_REQUIREMENTS_FULL_CONSOLIDATED_v2.1.docx,NO_HEADING_DETECTED,CORE PRODUCT REQUIREMENTS AUTHORITY,01_GOVERNANCE/W4-02A.1_GOVERNANCE_CONSOLIDATION_FINAL_DECISION_AUTHORITY_v1.0.docx,Core PRD is current product requirement contract,FULL current synchronized Commercial/Payment/Entitlement/Quota/Promotion/Reconciliation authority,1.0,STEP AKTIF = W4-02A.6.11 — PRD CURRENT PRODUCT REQUIREMENTS,M03/M04/M06/M10/M11/M15,Preserve commercial quota meaning.,PRESERVE,DETERMINISTIC_CROSSWALK_VALIDATED,1,Exact deterministic join on module + prior candidate Core artifact + prior Core section. Current Core/evidence/authority/dependency fields are sourced from the matched STEP03 v1.2 relationship. STEP04 v1.0 is provenance only; no keyword/layer fallback.,CAM11-0014,NO_HEADING_DETECTED
M14-CI-005,M14,Eight approved commercial surfaces,RUMAHAGEN_WF03_M14_FULL_REBUILD_v2.2_CORE_DETAIL_PARITY_FULL_VERSION/RUMAHAGEN_WF03_M14_FULL_REBUILD_v2.2_CORE_DETAIL_PARITY_FULL_VERSION.md,SR-0130,07_PRD/W4-02A.6.11_PRD_CURRENT_PRODUCT_REQUIREMENTS_FULL_CONSOLIDATED_v2.1.docx,07_PRD/W4-02A.6.11_PRD_CURRENT_PRODUCT_REQUIREMENTS_FULL_CONSOLIDATED_v2.1.docx,NO_HEADING_DETECTED,CORE PRODUCT REQUIREMENTS AUTHORITY,01_GOVERNANCE/W4-02A.1_GOVERNANCE_CONSOLIDATION_FINAL_DECISION_AUTHORITY_v1.0.docx,Core PRD is current product requirement contract,FULL current synchronized Commercial/Payment/Entitlement/Quota/Promotion/Reconciliation authority,1.0,STEP AKTIF = W4-02A.6.11 — PRD CURRENT PRODUCT REQUIREMENTS,M03/M04/M06/M10/M11/M15,Synchronize explicit surface inventory.,AUGMENT,DETERMINISTIC_CROSSWALK_VALIDATED,1,Exact deterministic join on module + prior candidate Core artifact + prior Core section. Current Core/evidence/authority/dependency fields are sourced from the matched STEP03 v1.2 relationship. STEP04 v1.0 is provenance only; no keyword/layer fallback.,CAM11-0014,NO_HEADING_DETECTED
M14-CI-006,M14,Subscription lifecycle,RUMAHAGEN_WF03_M14_FULL_REBUILD_v2.2_CORE_DETAIL_PARITY_FULL_VERSION/RUMAHAGEN_WF03_M14_FULL_REBUILD_v2.2_CORE_DETAIL_PARITY_FULL_VERSION.md,SR-0130,07_PRD/W4-02A.6.11_PRD_CURRENT_PRODUCT_REQUIREMENTS_FULL_CONSOLIDATED_v2.1.docx,07_PRD/W4-02A.6.11_PRD_CURRENT_PRODUCT_REQUIREMENTS_FULL_CONSOLIDATED_v2.1.docx,NO_HEADING_DETECTED,CORE PRODUCT REQUIREMENTS AUTHORITY,01_GOVERNANCE/W4-02A.1_GOVERNANCE_CONSOLIDATION_FINAL_DECISION_AUTHORITY_v1.0.docx,Core PRD is current product requirement contract,FULL current synchronized Commercial/Payment/Entitlement/Quota/Promotion/Reconciliation authority,1.0,STEP AKTIF = W4-02A.6.11 — PRD CURRENT PRODUCT REQUIREMENTS,M03/M04/M06/M10/M11/M15,Synchronize lifecycle/temporal invariants.,AUGMENT,DETERMINISTIC_CROSSWALK_VALIDATED,1,Exact deterministic join on module + prior candidate Core artifact + prior Core section. Current Core/evidence/authority/dependency fields are sourced from the matched STEP03 v1.2 relationship. STEP04 v1.0 is provenance only; no keyword/layer fallback.,CAM11-0014,NO_HEADING_DETECTED
M14-CI-007,M14,Add-on lifecycle/validity,RUMAHAGEN_WF03_M14_FULL_REBUILD_v2.2_CORE_DETAIL_PARITY_FULL_VERSION/RUMAHAGEN_WF03_M14_FULL_REBUILD_v2.2_CORE_DETAIL_PARITY_FULL_VERSION.md,SR-0130,07_PRD/W4-02A.6.11_PRD_CURRENT_PRODUCT_REQUIREMENTS_FULL_CONSOLIDATED_v2.1.docx,07_PRD/W4-02A.6.11_PRD_CURRENT_PRODUCT_REQUIREMENTS_FULL_CONSOLIDATED_v2.1.docx,NO_HEADING_DETECTED,CORE PRODUCT REQUIREMENTS AUTHORITY,01_GOVERNANCE/W4-02A.1_GOVERNANCE_CONSOLIDATION_FINAL_DECISION_AUTHORITY_v1.0.docx,Core PRD is current product requirement contract,FULL current synchronized Commercial/Payment/Entitlement/Quota/Promotion/Reconciliation authority,1.0,STEP AKTIF = W4-02A.6.11 — PRD CURRENT PRODUCT REQUIREMENTS,M03/M04/M06/M10/M11/M15,Synchronize validity/capacity/promotion semantics.,AUGMENT,DETERMINISTIC_CROSSWALK_VALIDATED,1,Exact deterministic join on module + prior candidate Core artifact + prior Core section. Current Core/evidence/authority/dependency fields are sourced from the matched STEP03 v1.2 relationship. STEP04 v1.0 is provenance only; no keyword/layer fallback.,CAM11-0014,NO_HEADING_DETECTED
M14-CI-008,M14,Promotion lifecycle,RUMAHAGEN_WF03_M14_FULL_REBUILD_v2.2_CORE_DETAIL_PARITY_FULL_VERSION/RUMAHAGEN_WF03_M14_FULL_REBUILD_v2.2_CORE_DETAIL_PARITY_FULL_VERSION.md,SR-0130,07_PRD/W4-02A.6.11_PRD_CURRENT_PRODUCT_REQUIREMENTS_FULL_CONSOLIDATED_v2.1.docx,07_PRD/W4-02A.6.11_PRD_CURRENT_PRODUCT_REQUIREMENTS_FULL_CONSOLIDATED_v2.1.docx,NO_HEADING_DETECTED,CORE PRODUCT REQUIREMENTS AUTHORITY,01_GOVERNANCE/W4-02A.1_GOVERNANCE_CONSOLIDATION_FINAL_DECISION_AUTHORITY_v1.0.docx,Core PRD is current product requirement contract,FULL current synchronized Commercial/Payment/Entitlement/Quota/Promotion/Reconciliation authority,1.0,STEP AKTIF = W4-02A.6.11 — PRD CURRENT PRODUCT REQUIREMENTS,M03/M04/M06/M10/M11/M15,Synchronize lifecycle/history.,AUGMENT,DETERMINISTIC_CROSSWALK_VALIDATED,1,Exact deterministic join on module + prior candidate Core artifact + prior Core section. Current Core/evidence/authority/dependency fields are sourced from the matched STEP03 v1.2 relationship. STEP04 v1.0 is provenance only; no keyword/layer fallback.,CAM11-0014,NO_HEADING_DETECTED
M14-CI-009,M14,Immutable purchase snapshot,RUMAHAGEN_WF03_M14_FULL_REBUILD_v2.2_CORE_DETAIL_PARITY_FULL_VERSION/RUMAHAGEN_WF03_M14_FULL_REBUILD_v2.2_CORE_DETAIL_PARITY_FULL_VERSION.md,SR-0130,07_PRD/W4-02A.6.11_PRD_CURRENT_PRODUCT_REQUIREMENTS_FULL_CONSOLIDATED_v2.1.docx,07_PRD/W4-02A.6.11_PRD_CURRENT_PRODUCT_REQUIREMENTS_FULL_CONSOLIDATED_v2.1.docx,NO_HEADING_DETECTED,CORE PRODUCT REQUIREMENTS AUTHORITY,01_GOVERNANCE/W4-02A.1_GOVERNANCE_CONSOLIDATION_FINAL_DECISION_AUTHORITY_v1.0.docx,Core PRD is current product requirement contract,FULL current synchronized Commercial/Payment/Entitlement/Quota/Promotion/Reconciliation authority,1.0,STEP AKTIF = W4-02A.6.11 — PRD CURRENT PRODUCT REQUIREMENTS,M03/M04/M06/M10/M11/M15,Synchronize purchase snapshot invariant.,AUGMENT,DETERMINISTIC_CROSSWALK_VALIDATED,1,Exact deterministic join on module + prior candidate Core artifact + prior Core section. Current Core/evidence/authority/dependency fields are sourced from the matched STEP03 v1.2 relationship. STEP04 v1.0 is provenance only; no keyword/layer fallback.,CAM11-0014,NO_HEADING_DETECTED
M14-CI-010,M14,Order confirmation invariant,RUMAHAGEN_WF03_M14_FULL_REBUILD_v2.2_CORE_DETAIL_PARITY_FULL_VERSION/RUMAHAGEN_WF03_M14_FULL_REBUILD_v2.2_CORE_DETAIL_PARITY_FULL_VERSION.md,SR-0130,07_PRD/W4-02A.6.11_PRD_CURRENT_PRODUCT_REQUIREMENTS_FULL_CONSOLIDATED_v2.1.docx,07_PRD/W4-02A.6.11_PRD_CURRENT_PRODUCT_REQUIREMENTS_FULL_CONSOLIDATED_v2.1.docx,NO_HEADING_DETECTED,CORE PRODUCT REQUIREMENTS AUTHORITY,01_GOVERNANCE/W4-02A.1_GOVERNANCE_CONSOLIDATION_FINAL_DECISION_AUTHORITY_v1.0.docx,Core PRD is current product requirement contract,FULL current synchronized Commercial/Payment/Entitlement/Quota/Promotion/Reconciliation authority,1.0,STEP AKTIF = W4-02A.6.11 — PRD CURRENT PRODUCT REQUIREMENTS,M03/M04/M06/M10/M11/M15,Synchronize confirmed_at rule.,AUGMENT,DETERMINISTIC_CROSSWALK_VALIDATED,1,Exact deterministic join on module + prior candidate Core artifact + prior Core section. Current Core/evidence/authority/dependency fields are sourced from the matched STEP03 v1.2 relationship. STEP04 v1.0 is provenance only; no keyword/layer fallback.,CAM11-0014,NO_HEADING_DETECTED
M14-CI-011,M14,Trusted payment verification,RUMAHAGEN_WF03_M14_FULL_REBUILD_v2.2_CORE_DETAIL_PARITY_FULL_VERSION/RUMAHAGEN_WF03_M14_FULL_REBUILD_v2.2_CORE_DETAIL_PARITY_FULL_VERSION.md,SR-0130,07_PRD/W4-02A.6.11_PRD_CURRENT_PRODUCT_REQUIREMENTS_FULL_CONSOLIDATED_v2.1.docx,07_PRD/W4-02A.6.11_PRD_CURRENT_PRODUCT_REQUIREMENTS_FULL_CONSOLIDATED_v2.1.docx,NO_HEADING_DETECTED,CORE PRODUCT REQUIREMENTS AUTHORITY,01_GOVERNANCE/W4-02A.1_GOVERNANCE_CONSOLIDATION_FINAL_DECISION_AUTHORITY_v1.0.docx,Core PRD is current product requirement contract,FULL current synchronized Commercial/Payment/Entitlement/Quota/Promotion/Reconciliation authority,1.0,STEP AKTIF = W4-02A.6.11 — PRD CURRENT PRODUCT REQUIREMENTS,M03/M04/M06/M10/M11/M15,Synchronize callback-as-evidence rule.,AUGMENT,DETERMINISTIC_CROSSWALK_VALIDATED,1,Exact deterministic join on module + prior candidate Core artifact + prior Core section. Current Core/evidence/authority/dependency fields are sourced from the matched STEP03 v1.2 relationship. STEP04 v1.0 is provenance only; no keyword/layer fallback.,CAM11-0014,NO_HEADING_DETECTED
M14-CI-012,M14,Idempotent fulfillment,RUMAHAGEN_WF03_M14_FULL_REBUILD_v2.2_CORE_DETAIL_PARITY_FULL_VERSION/RUMAHAGEN_WF03_M14_FULL_REBUILD_v2.2_CORE_DETAIL_PARITY_FULL_VERSION.md,SR-0130,07_PRD/W4-02A.6.11_PRD_CURRENT_PRODUCT_REQUIREMENTS_FULL_CONSOLIDATED_v2.1.docx,07_PRD/W4-02A.6.11_PRD_CURRENT_PRODUCT_REQUIREMENTS_FULL_CONSOLIDATED_v2.1.docx,NO_HEADING_DETECTED,CORE PRODUCT REQUIREMENTS AUTHORITY,01_GOVERNANCE/W4-02A.1_GOVERNANCE_CONSOLIDATION_FINAL_DECISION_AUTHORITY_v1.0.docx,Core PRD is current product requirement contract,FULL current synchronized Commercial/Payment/Entitlement/Quota/Promotion/Reconciliation authority,1.0,STEP AKTIF = W4-02A.6.11 — PRD CURRENT PRODUCT REQUIREMENTS,M03/M04/M06/M10/M11/M15,Synchronize duplicate-outcome prevention.,AUGMENT,DETERMINISTIC_CROSSWALK_VALIDATED,1,Exact deterministic join on module + prior candidate Core artifact + prior Core section. Current Core/evidence/authority/dependency fields are sourced from the matched STEP03 v1.2 relationship. STEP04 v1.0 is provenance only; no keyword/layer fallback.,CAM11-0014,NO_HEADING_DETECTED
M14-CI-013,M14,Entitlement lifecycle,RUMAHAGEN_WF03_M14_FULL_REBUILD_v2.2_CORE_DETAIL_PARITY_FULL_VERSION/RUMAHAGEN_WF03_M14_FULL_REBUILD_v2.2_CORE_DETAIL_PARITY_FULL_VERSION.md,SR-0130,07_PRD/W4-02A.6.11_PRD_CURRENT_PRODUCT_REQUIREMENTS_FULL_CONSOLIDATED_v2.1.docx,07_PRD/W4-02A.6.11_PRD_CURRENT_PRODUCT_REQUIREMENTS_FULL_CONSOLIDATED_v2.1.docx,NO_HEADING_DETECTED,CORE PRODUCT REQUIREMENTS AUTHORITY,01_GOVERNANCE/W4-02A.1_GOVERNANCE_CONSOLIDATION_FINAL_DECISION_AUTHORITY_v1.0.docx,Core PRD is current product requirement contract,FULL current synchronized Commercial/Payment/Entitlement/Quota/Promotion/Reconciliation authority,1.0,STEP AKTIF = W4-02A.6.11 — PRD CURRENT PRODUCT REQUIREMENTS,M03/M04/M06/M10/M11/M15,Synchronize target/lifecycle/temporal semantics.,AUGMENT,DETERMINISTIC_CROSSWALK_VALIDATED,1,Exact deterministic join on module + prior candidate Core artifact + prior Core section. Current Core/evidence/authority/dependency fields are sourced from the matched STEP03 v1.2 relationship. STEP04 v1.0 is provenance only; no keyword/layer fallback.,CAM11-0014,NO_HEADING_DETECTED
M14-CI-014,M14,Quota Capacity,RUMAHAGEN_WF03_M14_FULL_REBUILD_v2.2_CORE_DETAIL_PARITY_FULL_VERSION/RUMAHAGEN_WF03_M14_FULL_REBUILD_v2.2_CORE_DETAIL_PARITY_FULL_VERSION.md,SR-0130,07_PRD/W4-02A.6.11_PRD_CURRENT_PRODUCT_REQUIREMENTS_FULL_CONSOLIDATED_v2.1.docx,07_PRD/W4-02A.6.11_PRD_CURRENT_PRODUCT_REQUIREMENTS_FULL_CONSOLIDATED_v2.1.docx,NO_HEADING_DETECTED,CORE PRODUCT REQUIREMENTS AUTHORITY,01_GOVERNANCE/W4-02A.1_GOVERNANCE_CONSOLIDATION_FINAL_DECISION_AUTHORITY_v1.0.docx,Core PRD is current product requirement contract,FULL current synchronized Commercial/Payment/Entitlement/Quota/Promotion/Reconciliation authority,1.0,STEP AKTIF = W4-02A.6.11 — PRD CURRENT PRODUCT REQUIREMENTS,M03/M04/M06/M10/M11/M15,Synchronize quantity/validity/invariants.,AUGMENT,DETERMINISTIC_CROSSWALK_VALIDATED,1,Exact deterministic join on module + prior candidate Core artifact + prior Core section. Current Core/evidence/authority/dependency fields are sourced from the matched STEP03 v1.2 relationship. STEP04 v1.0 is provenance only; no keyword/layer fallback.,CAM11-0014,NO_HEADING_DETECTED
M14-CI-015,M14,Operational Pool,RUMAHAGEN_WF03_M14_FULL_REBUILD_v2.2_CORE_DETAIL_PARITY_FULL_VERSION/RUMAHAGEN_WF03_M14_FULL_REBUILD_v2.2_CORE_DETAIL_PARITY_FULL_VERSION.md,SR-0130,07_PRD/W4-02A.6.11_PRD_CURRENT_PRODUCT_REQUIREMENTS_FULL_CONSOLIDATED_v2.1.docx,07_PRD/W4-02A.6.11_PRD_CURRENT_PRODUCT_REQUIREMENTS_FULL_CONSOLIDATED_v2.1.docx,NO_HEADING_DETECTED,CORE PRODUCT REQUIREMENTS AUTHORITY,01_GOVERNANCE/W4-02A.1_GOVERNANCE_CONSOLIDATION_FINAL_DECISION_AUTHORITY_v1.0.docx,Core PRD is current product requirement contract,FULL current synchronized Commercial/Payment/Entitlement/Quota/Promotion/Reconciliation authority,1.0,STEP AKTIF = W4-02A.6.11 — PRD CURRENT PRODUCT REQUIREMENTS,M03/M04/M06/M10/M11/M15,Synchronize beneficiary/context/lifecycle.,AUGMENT,DETERMINISTIC_CROSSWALK_VALIDATED,1,Exact deterministic join on module + prior candidate Core artifact + prior Core section. Current Core/evidence/authority/dependency fields are sourced from the matched STEP03 v1.2 relationship. STEP04 v1.0 is provenance only; no keyword/layer fallback.,CAM11-0014,NO_HEADING_DETECTED
M14-CI-016,M14,Allocation,RUMAHAGEN_WF03_M14_FULL_REBUILD_v2.2_CORE_DETAIL_PARITY_FULL_VERSION/RUMAHAGEN_WF03_M14_FULL_REBUILD_v2.2_CORE_DETAIL_PARITY_FULL_VERSION.md,SR-0130,07_PRD/W4-02A.6.11_PRD_CURRENT_PRODUCT_REQUIREMENTS_FULL_CONSOLIDATED_v2.1.docx,07_PRD/W4-02A.6.11_PRD_CURRENT_PRODUCT_REQUIREMENTS_FULL_CONSOLIDATED_v2.1.docx,NO_HEADING_DETECTED,CORE PRODUCT REQUIREMENTS AUTHORITY,01_GOVERNANCE/W4-02A.1_GOVERNANCE_CONSOLIDATION_FINAL_DECISION_AUTHORITY_v1.0.docx,Core PRD is current product requirement contract,FULL current synchronized Commercial/Payment/Entitlement/Quota/Promotion/Reconciliation authority,1.0,STEP AKTIF = W4-02A.6.11 — PRD CURRENT PRODUCT REQUIREMENTS,M03/M04/M06/M10/M11/M15,Synchronize lifecycle/quantity semantics.,AUGMENT,DETERMINISTIC_CROSSWALK_VALIDATED,1,Exact deterministic join on module + prior candidate Core artifact + prior Core section. Current Core/evidence/authority/dependency fields are sourced from the matched STEP03 v1.2 relationship. STEP04 v1.0 is provenance only; no keyword/layer fallback.,CAM11-0014,NO_HEADING_DETECTED
M14-CI-017,M14,Usage,RUMAHAGEN_WF03_M14_FULL_REBUILD_v2.2_CORE_DETAIL_PARITY_FULL_VERSION/RUMAHAGEN_WF03_M14_FULL_REBUILD_v2.2_CORE_DETAIL_PARITY_FULL_VERSION.md,SR-0130,07_PRD/W4-02A.6.11_PRD_CURRENT_PRODUCT_REQUIREMENTS_FULL_CONSOLIDATED_v2.1.docx,07_PRD/W4-02A.6.11_PRD_CURRENT_PRODUCT_REQUIREMENTS_FULL_CONSOLIDATED_v2.1.docx,NO_HEADING_DETECTED,CORE PRODUCT REQUIREMENTS AUTHORITY,01_GOVERNANCE/W4-02A.1_GOVERNANCE_CONSOLIDATION_FINAL_DECISION_AUTHORITY_v1.0.docx,Core PRD is current product requirement contract,FULL current synchronized Commercial/Payment/Entitlement/Quota/Promotion/Reconciliation authority,1.0,STEP AKTIF = W4-02A.6.11 — PRD CURRENT PRODUCT REQUIREMENTS,M03/M04/M06/M10/M11/M15,Synchronize consuming resource/idempotency.,AUGMENT,DETERMINISTIC_CROSSWALK_VALIDATED,1,Exact deterministic join on module + prior candidate Core artifact + prior Core section. Current Core/evidence/authority/dependency fields are sourced from the matched STEP03 v1.2 relationship. STEP04 v1.0 is provenance only; no keyword/layer fallback.,CAM11-0014,NO_HEADING_DETECTED
M14-CI-018,M14,Refund / chargeback,RUMAHAGEN_WF03_M14_FULL_REBUILD_v2.2_CORE_DETAIL_PARITY_FULL_VERSION/RUMAHAGEN_WF03_M14_FULL_REBUILD_v2.2_CORE_DETAIL_PARITY_FULL_VERSION.md,SR-0130,07_PRD/W4-02A.6.11_PRD_CURRENT_PRODUCT_REQUIREMENTS_FULL_CONSOLIDATED_v2.1.docx,07_PRD/W4-02A.6.11_PRD_CURRENT_PRODUCT_REQUIREMENTS_FULL_CONSOLIDATED_v2.1.docx,NO_HEADING_DETECTED,CORE PRODUCT REQUIREMENTS AUTHORITY,01_GOVERNANCE/W4-02A.1_GOVERNANCE_CONSOLIDATION_FINAL_DECISION_AUTHORITY_v1.0.docx,Core PRD is current product requirement contract,FULL current synchronized Commercial/Payment/Entitlement/Quota/Promotion/Reconciliation authority,1.0,STEP AKTIF = W4-02A.6.11 — PRD CURRENT PRODUCT REQUIREMENTS,M03/M04/M06/M10/M11/M15,Synchronize consequences/reconciliation.,AUGMENT,DETERMINISTIC_CROSSWALK_VALIDATED,1,Exact deterministic join on module + prior candidate Core artifact + prior Core section. Current Core/evidence/authority/dependency fields are sourced from the matched STEP03 v1.2 relationship. STEP04 v1.0 is provenance only; no keyword/layer fallback.,CAM11-0014,NO_HEADING_DETECTED
M14-CI-019,M14,Reconciliation,RUMAHAGEN_WF03_M14_FULL_REBUILD_v2.2_CORE_DETAIL_PARITY_FULL_VERSION/RUMAHAGEN_WF03_M14_FULL_REBUILD_v2.2_CORE_DETAIL_PARITY_FULL_VERSION.md,SR-0130,07_PRD/W4-02A.6.11_PRD_CURRENT_PRODUCT_REQUIREMENTS_FULL_CONSOLIDATED_v2.1.docx,07_PRD/W4-02A.6.11_PRD_CURRENT_PRODUCT_REQUIREMENTS_FULL_CONSOLIDATED_v2.1.docx,NO_HEADING_DETECTED,CORE PRODUCT REQUIREMENTS AUTHORITY,01_GOVERNANCE/W4-02A.1_GOVERNANCE_CONSOLIDATION_FINAL_DECISION_AUTHORITY_v1.0.docx,Core PRD is current product requirement contract,FULL current synchronized Commercial/Payment/Entitlement/Quota/Promotion/Reconciliation authority,1.0,STEP AKTIF = W4-02A.6.11 — PRD CURRENT PRODUCT REQUIREMENTS,M03/M04/M06/M10/M11/M15,Synchronize evidence/case lifecycle.,AUGMENT,DETERMINISTIC_CROSSWALK_VALIDATED,1,Exact deterministic join on module + prior candidate Core artifact + prior Core section. Current Core/evidence/authority/dependency fields are sourced from the matched STEP03 v1.2 relationship. STEP04 v1.0 is provenance only; no keyword/layer fallback.,CAM11-0014,NO_HEADING_DETECTED
M14-CI-020,M14,Refresh Allowance,RUMAHAGEN_WF03_M14_FULL_REBUILD_v2.2_CORE_DETAIL_PARITY_FULL_VERSION/RUMAHAGEN_WF03_M14_FULL_REBUILD_v2.2_CORE_DETAIL_PARITY_FULL_VERSION.md,SR-0130,07_PRD/W4-02A.6.11_PRD_CURRENT_PRODUCT_REQUIREMENTS_FULL_CONSOLIDATED_v2.1.docx,07_PRD/W4-02A.6.11_PRD_CURRENT_PRODUCT_REQUIREMENTS_FULL_CONSOLIDATED_v2.1.docx,NO_HEADING_DETECTED,CORE PRODUCT REQUIREMENTS AUTHORITY,01_GOVERNANCE/W4-02A.1_GOVERNANCE_CONSOLIDATION_FINAL_DECISION_AUTHORITY_v1.0.docx,Core PRD is current product requirement contract,FULL current synchronized Commercial/Payment/Entitlement/Quota/Promotion/Reconciliation authority,1.0,STEP AKTIF = W4-02A.6.11 — PRD CURRENT PRODUCT REQUIREMENTS,M03/M04/M06/M10/M11/M15,Add allowance contract without transferring M03 Refresh action authority.,AUGMENT,DETERMINISTIC_CROSSWALK_VALIDATED,1,Exact deterministic join on module + prior candidate Core artifact + prior Core section. Current Core/evidence/authority/dependency fields are sourced from the matched STEP03 v1.2 relationship. STEP04 v1.0 is provenance only; no keyword/layer fallback.,CAM11-0014,NO_HEADING_DETECTED
M15-IA-01,M15,M15 authority,RUMAHAGEN_WF03_M15_FULL_REBUILD_v1.1_CORE_DETAIL_SYNCHRONIZED_FULL_VERSION/RUMAHAGEN_WF03_M15_FULL_REBUILD_v1.1_CORE_DETAIL_SYNCHRONIZED_FULL_VERSION.md,SR-0131,07_PRD/W4-02A.6.11_PRD_CURRENT_PRODUCT_REQUIREMENTS_FULL_CONSOLIDATED_v2.1.docx,07_PRD/W4-02A.6.11_PRD_CURRENT_PRODUCT_REQUIREMENTS_FULL_CONSOLIDATED_v2.1.docx,NO_HEADING_DETECTED,CORE PRODUCT REQUIREMENTS AUTHORITY,01_GOVERNANCE/W4-02A.1_GOVERNANCE_CONSOLIDATION_FINAL_DECISION_AUTHORITY_v1.0.docx,Core PRD is current product requirement contract,FULL synchronized Title/Qualification/Awarding authority,1.0,STEP AKTIF = W4-02A.6.11 — PRD CURRENT PRODUCT REQUIREMENTS,M04/M10/M14,Preserve Title/Qualification/Awarding authority.,PRESERVE,DETERMINISTIC_CROSSWALK_VALIDATED,1,Exact deterministic join on module + prior candidate Core artifact + prior Core section. Current Core/evidence/authority/dependency fields are sourced from the matched STEP03 v1.2 relationship. STEP04 v1.0 is provenance only; no keyword/layer fallback.,CAM11-0014,NO_HEADING_DETECTED
M15-IA-02,M15,Title/Award distinction,RUMAHAGEN_WF03_M15_FULL_REBUILD_v1.1_CORE_DETAIL_SYNCHRONIZED_FULL_VERSION/RUMAHAGEN_WF03_M15_FULL_REBUILD_v1.1_CORE_DETAIL_SYNCHRONIZED_FULL_VERSION.md,SR-0131,07_PRD/W4-02A.6.11_PRD_CURRENT_PRODUCT_REQUIREMENTS_FULL_CONSOLIDATED_v2.1.docx,07_PRD/W4-02A.6.11_PRD_CURRENT_PRODUCT_REQUIREMENTS_FULL_CONSOLIDATED_v2.1.docx,NO_HEADING_DETECTED,CORE PRODUCT REQUIREMENTS AUTHORITY,01_GOVERNANCE/W4-02A.1_GOVERNANCE_CONSOLIDATION_FINAL_DECISION_AUTHORITY_v1.0.docx,Core PRD is current product requirement contract,FULL synchronized Title/Qualification/Awarding authority,1.0,STEP AKTIF = W4-02A.6.11 — PRD CURRENT PRODUCT REQUIREMENTS,M04/M10/M14,Preserve distinction.,PRESERVE,DETERMINISTIC_CROSSWALK_VALIDATED,1,Exact deterministic join on module + prior candidate Core artifact + prior Core section. Current Core/evidence/authority/dependency fields are sourced from the matched STEP03 v1.2 relationship. STEP04 v1.0 is provenance only; no keyword/layer fallback.,CAM11-0014,NO_HEADING_DETECTED
M15-IA-03,M15,Qualification/evidence,RUMAHAGEN_WF03_M15_FULL_REBUILD_v1.1_CORE_DETAIL_SYNCHRONIZED_FULL_VERSION/RUMAHAGEN_WF03_M15_FULL_REBUILD_v1.1_CORE_DETAIL_SYNCHRONIZED_FULL_VERSION.md,SR-0131,07_PRD/W4-02A.6.11_PRD_CURRENT_PRODUCT_REQUIREMENTS_FULL_CONSOLIDATED_v2.1.docx,07_PRD/W4-02A.6.11_PRD_CURRENT_PRODUCT_REQUIREMENTS_FULL_CONSOLIDATED_v2.1.docx,NO_HEADING_DETECTED,CORE PRODUCT REQUIREMENTS AUTHORITY,01_GOVERNANCE/W4-02A.1_GOVERNANCE_CONSOLIDATION_FINAL_DECISION_AUTHORITY_v1.0.docx,Core PRD is current product requirement contract,FULL synchronized Title/Qualification/Awarding authority,1.0,STEP AKTIF = W4-02A.6.11 — PRD CURRENT PRODUCT REQUIREMENTS,M04/M10/M14,Synchronize evidence-source boundary.,AUGMENT,DETERMINISTIC_CROSSWALK_VALIDATED,1,Exact deterministic join on module + prior candidate Core artifact + prior Core section. Current Core/evidence/authority/dependency fields are sourced from the matched STEP03 v1.2 relationship. STEP04 v1.0 is provenance only; no keyword/layer fallback.,CAM11-0014,NO_HEADING_DETECTED
M15-IA-04,M15,Partner Learning,RUMAHAGEN_WF03_M15_FULL_REBUILD_v1.1_CORE_DETAIL_SYNCHRONIZED_FULL_VERSION/RUMAHAGEN_WF03_M15_FULL_REBUILD_v1.1_CORE_DETAIL_SYNCHRONIZED_FULL_VERSION.md,SR-0131,07_PRD/W4-02A.6.11_PRD_CURRENT_PRODUCT_REQUIREMENTS_FULL_CONSOLIDATED_v2.1.docx,07_PRD/W4-02A.6.11_PRD_CURRENT_PRODUCT_REQUIREMENTS_FULL_CONSOLIDATED_v2.1.docx,NO_HEADING_DETECTED,CORE PRODUCT REQUIREMENTS AUTHORITY,01_GOVERNANCE/W4-02A.1_GOVERNANCE_CONSOLIDATION_FINAL_DECISION_AUTHORITY_v1.0.docx,Core PRD is current product requirement contract,FULL synchronized Title/Qualification/Awarding authority,1.0,STEP AKTIF = W4-02A.6.11 — PRD CURRENT PRODUCT REQUIREMENTS,M04/M10/M14,Add M15 evidence trace while preserving M04 Learning authority.,AUGMENT,DETERMINISTIC_CROSSWALK_VALIDATED,1,Exact deterministic join on module + prior candidate Core artifact + prior Core section. Current Core/evidence/authority/dependency fields are sourced from the matched STEP03 v1.2 relationship. STEP04 v1.0 is provenance only; no keyword/layer fallback.,CAM11-0014,NO_HEADING_DETECTED
M15-IA-05,M15,Developer Learning,RUMAHAGEN_WF03_M15_FULL_REBUILD_v1.1_CORE_DETAIL_SYNCHRONIZED_FULL_VERSION/RUMAHAGEN_WF03_M15_FULL_REBUILD_v1.1_CORE_DETAIL_SYNCHRONIZED_FULL_VERSION.md,SR-0131,07_PRD/W4-02A.6.11_PRD_CURRENT_PRODUCT_REQUIREMENTS_FULL_CONSOLIDATED_v2.1.docx,07_PRD/W4-02A.6.11_PRD_CURRENT_PRODUCT_REQUIREMENTS_FULL_CONSOLIDATED_v2.1.docx,NO_HEADING_DETECTED,CORE PRODUCT REQUIREMENTS AUTHORITY,01_GOVERNANCE/W4-02A.1_GOVERNANCE_CONSOLIDATION_FINAL_DECISION_AUTHORITY_v1.0.docx,Core PRD is current product requirement contract,FULL synchronized Title/Qualification/Awarding authority,1.0,STEP AKTIF = W4-02A.6.11 — PRD CURRENT PRODUCT REQUIREMENTS,M04/M10/M14,Add dependency/evidence trace.,AUGMENT,DETERMINISTIC_CROSSWALK_VALIDATED,1,Exact deterministic join on module + prior candidate Core artifact + prior Core section. Current Core/evidence/authority/dependency fields are sourced from the matched STEP03 v1.2 relationship. STEP04 v1.0 is provenance only; no keyword/layer fallback.,CAM11-0014,NO_HEADING_DETECTED
M15-IA-06,M15,Lifecycle,RUMAHAGEN_WF03_M15_FULL_REBUILD_v1.1_CORE_DETAIL_SYNCHRONIZED_FULL_VERSION/RUMAHAGEN_WF03_M15_FULL_REBUILD_v1.1_CORE_DETAIL_SYNCHRONIZED_FULL_VERSION.md,SR-0131,07_PRD/W4-02A.6.11_PRD_CURRENT_PRODUCT_REQUIREMENTS_FULL_CONSOLIDATED_v2.1.docx,07_PRD/W4-02A.6.11_PRD_CURRENT_PRODUCT_REQUIREMENTS_FULL_CONSOLIDATED_v2.1.docx,NO_HEADING_DETECTED,CORE PRODUCT REQUIREMENTS AUTHORITY,01_GOVERNANCE/W4-02A.1_GOVERNANCE_CONSOLIDATION_FINAL_DECISION_AUTHORITY_v1.0.docx,Core PRD is current product requirement contract,FULL synchronized Title/Qualification/Awarding authority,1.0,STEP AKTIF = W4-02A.6.11 — PRD CURRENT PRODUCT REQUIREMENTS,M04/M10/M14,Preserve lifecycle detail.,PRESERVE,DETERMINISTIC_CROSSWALK_VALIDATED,1,Exact deterministic join on module + prior candidate Core artifact + prior Core section. Current Core/evidence/authority/dependency fields are sourced from the matched STEP03 v1.2 relationship. STEP04 v1.0 is provenance only; no keyword/layer fallback.,CAM11-0014,NO_HEADING_DETECTED
M15-IA-07,M15,Actor/Role,RUMAHAGEN_WF03_M15_FULL_REBUILD_v1.1_CORE_DETAIL_SYNCHRONIZED_FULL_VERSION/RUMAHAGEN_WF03_M15_FULL_REBUILD_v1.1_CORE_DETAIL_SYNCHRONIZED_FULL_VERSION.md,SR-0131,07_PRD/W4-02A.6.11_PRD_CURRENT_PRODUCT_REQUIREMENTS_FULL_CONSOLIDATED_v2.1.docx,07_PRD/W4-02A.6.11_PRD_CURRENT_PRODUCT_REQUIREMENTS_FULL_CONSOLIDATED_v2.1.docx,NO_HEADING_DETECTED,CORE PRODUCT REQUIREMENTS AUTHORITY,01_GOVERNANCE/W4-02A.1_GOVERNANCE_CONSOLIDATION_FINAL_DECISION_AUTHORITY_v1.0.docx,Core PRD is current product requirement contract,FULL synchronized Title/Qualification/Awarding authority,1.0,STEP AKTIF = W4-02A.6.11 — PRD CURRENT PRODUCT REQUIREMENTS,M04/M10/M14,Preserve actor/role boundaries.,PRESERVE,DETERMINISTIC_CROSSWALK_VALIDATED,1,Exact deterministic join on module + prior candidate Core artifact + prior Core section. Current Core/evidence/authority/dependency fields are sourced from the matched STEP03 v1.2 relationship. STEP04 v1.0 is provenance only; no keyword/layer fallback.,CAM11-0014,NO_HEADING_DETECTED
M15-IA-08,M15,Permission,RUMAHAGEN_WF03_M15_FULL_REBUILD_v1.1_CORE_DETAIL_SYNCHRONIZED_FULL_VERSION/RUMAHAGEN_WF03_M15_FULL_REBUILD_v1.1_CORE_DETAIL_SYNCHRONIZED_FULL_VERSION.md,SR-0131,07_PRD/W4-02A.6.11_PRD_CURRENT_PRODUCT_REQUIREMENTS_FULL_CONSOLIDATED_v2.1.docx,07_PRD/W4-02A.6.11_PRD_CURRENT_PRODUCT_REQUIREMENTS_FULL_CONSOLIDATED_v2.1.docx,NO_HEADING_DETECTED,CORE PRODUCT REQUIREMENTS AUTHORITY,01_GOVERNANCE/W4-02A.1_GOVERNANCE_CONSOLIDATION_FINAL_DECISION_AUTHORITY_v1.0.docx,Core PRD is current product requirement contract,FULL synchronized Title/Qualification/Awarding authority,1.0,STEP AKTIF = W4-02A.6.11 — PRD CURRENT PRODUCT REQUIREMENTS,M04/M10/M14,Map qualification/award permissions to M10.,AUGMENT,DETERMINISTIC_CROSSWALK_VALIDATED,1,Exact deterministic join on module + prior candidate Core artifact + prior Core section. Current Core/evidence/authority/dependency fields are sourced from the matched STEP03 v1.2 relationship. STEP04 v1.0 is provenance only; no keyword/layer fallback.,CAM11-0014,NO_HEADING_DETECTED
M15-IA-09,M15,Ownership/Scope,RUMAHAGEN_WF03_M15_FULL_REBUILD_v1.1_CORE_DETAIL_SYNCHRONIZED_FULL_VERSION/RUMAHAGEN_WF03_M15_FULL_REBUILD_v1.1_CORE_DETAIL_SYNCHRONIZED_FULL_VERSION.md,SR-0131,07_PRD/W4-02A.6.11_PRD_CURRENT_PRODUCT_REQUIREMENTS_FULL_CONSOLIDATED_v2.1.docx,07_PRD/W4-02A.6.11_PRD_CURRENT_PRODUCT_REQUIREMENTS_FULL_CONSOLIDATED_v2.1.docx,NO_HEADING_DETECTED,CORE PRODUCT REQUIREMENTS AUTHORITY,01_GOVERNANCE/W4-02A.1_GOVERNANCE_CONSOLIDATION_FINAL_DECISION_AUTHORITY_v1.0.docx,Core PRD is current product requirement contract,FULL synchronized Title/Qualification/Awarding authority,1.0,STEP AKTIF = W4-02A.6.11 — PRD CURRENT PRODUCT REQUIREMENTS,M04/M10/M14,Preserve ownership/scope.,PRESERVE,DETERMINISTIC_CROSSWALK_VALIDATED,1,Exact deterministic join on module + prior candidate Core artifact + prior Core section. Current Core/evidence/authority/dependency fields are sourced from the matched STEP03 v1.2 relationship. STEP04 v1.0 is provenance only; no keyword/layer fallback.,CAM11-0014,NO_HEADING_DETECTED
M15-IA-10,M15,Visibility/Presentation,RUMAHAGEN_WF03_M15_FULL_REBUILD_v1.1_CORE_DETAIL_SYNCHRONIZED_FULL_VERSION/RUMAHAGEN_WF03_M15_FULL_REBUILD_v1.1_CORE_DETAIL_SYNCHRONIZED_FULL_VERSION.md,SR-0131,07_PRD/W4-02A.6.11_PRD_CURRENT_PRODUCT_REQUIREMENTS_FULL_CONSOLIDATED_v2.1.docx,07_PRD/W4-02A.6.11_PRD_CURRENT_PRODUCT_REQUIREMENTS_FULL_CONSOLIDATED_v2.1.docx,NO_HEADING_DETECTED,CORE PRODUCT REQUIREMENTS AUTHORITY,01_GOVERNANCE/W4-02A.1_GOVERNANCE_CONSOLIDATION_FINAL_DECISION_AUTHORITY_v1.0.docx,Core PRD is current product requirement contract,FULL synchronized Title/Qualification/Awarding authority,1.0,STEP AKTIF = W4-02A.6.11 — PRD CURRENT PRODUCT REQUIREMENTS,M04/M10/M14,Synchronize presentation constraints; award authority remains M15.,AUGMENT,DETERMINISTIC_CROSSWALK_VALIDATED,1,Exact deterministic join on module + prior candidate Core artifact + prior Core section. Current Core/evidence/authority/dependency fields are sourced from the matched STEP03 v1.2 relationship. STEP04 v1.0 is provenance only; no keyword/layer fallback.,CAM11-0014,NO_HEADING_DETECTED
M15-IA-11,M15,Approval,RUMAHAGEN_WF03_M15_FULL_REBUILD_v1.1_CORE_DETAIL_SYNCHRONIZED_FULL_VERSION/RUMAHAGEN_WF03_M15_FULL_REBUILD_v1.1_CORE_DETAIL_SYNCHRONIZED_FULL_VERSION.md,SR-0131,07_PRD/W4-02A.6.11_PRD_CURRENT_PRODUCT_REQUIREMENTS_FULL_CONSOLIDATED_v2.1.docx,07_PRD/W4-02A.6.11_PRD_CURRENT_PRODUCT_REQUIREMENTS_FULL_CONSOLIDATED_v2.1.docx,NO_HEADING_DETECTED,CORE PRODUCT REQUIREMENTS AUTHORITY,01_GOVERNANCE/W4-02A.1_GOVERNANCE_CONSOLIDATION_FINAL_DECISION_AUTHORITY_v1.0.docx,Core PRD is current product requirement contract,FULL synchronized Title/Qualification/Awarding authority,1.0,STEP AKTIF = W4-02A.6.11 — PRD CURRENT PRODUCT REQUIREMENTS,M04/M10/M14,Preserve qualification review/evaluation distinction.,AUGMENT,DETERMINISTIC_CROSSWALK_VALIDATED,1,Exact deterministic join on module + prior candidate Core artifact + prior Core section. Current Core/evidence/authority/dependency fields are sourced from the matched STEP03 v1.2 relationship. STEP04 v1.0 is provenance only; no keyword/layer fallback.,CAM11-0014,NO_HEADING_DETECTED
M15-IA-12,M15,API,RUMAHAGEN_WF03_M15_FULL_REBUILD_v1.1_CORE_DETAIL_SYNCHRONIZED_FULL_VERSION/RUMAHAGEN_WF03_M15_FULL_REBUILD_v1.1_CORE_DETAIL_SYNCHRONIZED_FULL_VERSION.md,SR-0131,07_PRD/W4-02A.6.11_PRD_CURRENT_PRODUCT_REQUIREMENTS_FULL_CONSOLIDATED_v2.1.docx,07_PRD/W4-02A.6.11_PRD_CURRENT_PRODUCT_REQUIREMENTS_FULL_CONSOLIDATED_v2.1.docx,NO_HEADING_DETECTED,CORE PRODUCT REQUIREMENTS AUTHORITY,01_GOVERNANCE/W4-02A.1_GOVERNANCE_CONSOLIDATION_FINAL_DECISION_AUTHORITY_v1.0.docx,Core PRD is current product requirement contract,FULL synchronized Title/Qualification/Awarding authority,1.0,STEP AKTIF = W4-02A.6.11 — PRD CURRENT PRODUCT REQUIREMENTS,M04/M10/M14,Reconcile API families to current Core without inventing endpoints.,AUGMENT,DETERMINISTIC_CROSSWALK_VALIDATED,1,Exact deterministic join on module + prior candidate Core artifact + prior Core section. Current Core/evidence/authority/dependency fields are sourced from the matched STEP03 v1.2 relationship. STEP04 v1.0 is provenance only; no keyword/layer fallback.,CAM11-0014,NO_HEADING_DETECTED
M15-IA-13,M15,ERD,RUMAHAGEN_WF03_M15_FULL_REBUILD_v1.1_CORE_DETAIL_SYNCHRONIZED_FULL_VERSION/RUMAHAGEN_WF03_M15_FULL_REBUILD_v1.1_CORE_DETAIL_SYNCHRONIZED_FULL_VERSION.md,SR-0131,07_PRD/W4-02A.6.11_PRD_CURRENT_PRODUCT_REQUIREMENTS_FULL_CONSOLIDATED_v2.1.docx,07_PRD/W4-02A.6.11_PRD_CURRENT_PRODUCT_REQUIREMENTS_FULL_CONSOLIDATED_v2.1.docx,NO_HEADING_DETECTED,CORE PRODUCT REQUIREMENTS AUTHORITY,01_GOVERNANCE/W4-02A.1_GOVERNANCE_CONSOLIDATION_FINAL_DECISION_AUTHORITY_v1.0.docx,Core PRD is current product requirement contract,FULL synchronized Title/Qualification/Awarding authority,1.0,STEP AKTIF = W4-02A.6.11 — PRD CURRENT PRODUCT REQUIREMENTS,M04/M10/M14,Preserve existing Core ERD detail.,PRESERVE,DETERMINISTIC_CROSSWALK_VALIDATED,1,Exact deterministic join on module + prior candidate Core artifact + prior Core section. Current Core/evidence/authority/dependency fields are sourced from the matched STEP03 v1.2 relationship. STEP04 v1.0 is provenance only; no keyword/layer fallback.,CAM11-0014,NO_HEADING_DETECTED
M15-IA-14,M15,Schema,RUMAHAGEN_WF03_M15_FULL_REBUILD_v1.1_CORE_DETAIL_SYNCHRONIZED_FULL_VERSION/RUMAHAGEN_WF03_M15_FULL_REBUILD_v1.1_CORE_DETAIL_SYNCHRONIZED_FULL_VERSION.md,SR-0131,07_PRD/W4-02A.6.11_PRD_CURRENT_PRODUCT_REQUIREMENTS_FULL_CONSOLIDATED_v2.1.docx,07_PRD/W4-02A.6.11_PRD_CURRENT_PRODUCT_REQUIREMENTS_FULL_CONSOLIDATED_v2.1.docx,NO_HEADING_DETECTED,CORE PRODUCT REQUIREMENTS AUTHORITY,01_GOVERNANCE/W4-02A.1_GOVERNANCE_CONSOLIDATION_FINAL_DECISION_AUTHORITY_v1.0.docx,Core PRD is current product requirement contract,FULL synchronized Title/Qualification/Awarding authority,1.0,STEP AKTIF = W4-02A.6.11 — PRD CURRENT PRODUCT REQUIREMENTS,M04/M10/M14,Preserve 14 M15 tables and governed meaning.,PRESERVE,DETERMINISTIC_CROSSWALK_VALIDATED,1,Exact deterministic join on module + prior candidate Core artifact + prior Core section. Current Core/evidence/authority/dependency fields are sourced from the matched STEP03 v1.2 relationship. STEP04 v1.0 is provenance only; no keyword/layer fallback.,CAM11-0014,NO_HEADING_DETECTED
M15-IA-15,M15,RBAC/RLS,RUMAHAGEN_WF03_M15_FULL_REBUILD_v1.1_CORE_DETAIL_SYNCHRONIZED_FULL_VERSION/RUMAHAGEN_WF03_M15_FULL_REBUILD_v1.1_CORE_DETAIL_SYNCHRONIZED_FULL_VERSION.md,SR-0131,07_PRD/W4-02A.6.11_PRD_CURRENT_PRODUCT_REQUIREMENTS_FULL_CONSOLIDATED_v2.1.docx,07_PRD/W4-02A.6.11_PRD_CURRENT_PRODUCT_REQUIREMENTS_FULL_CONSOLIDATED_v2.1.docx,NO_HEADING_DETECTED,CORE PRODUCT REQUIREMENTS AUTHORITY,01_GOVERNANCE/W4-02A.1_GOVERNANCE_CONSOLIDATION_FINAL_DECISION_AUTHORITY_v1.0.docx,Core PRD is current product requirement contract,FULL synchronized Title/Qualification/Awarding authority,1.0,STEP AKTIF = W4-02A.6.11 — PRD CURRENT PRODUCT REQUIREMENTS,M04/M10/M14,Synchronize M15 mapping to M10.,AUGMENT,DETERMINISTIC_CROSSWALK_VALIDATED,1,Exact deterministic join on module + prior candidate Core artifact + prior Core section. Current Core/evidence/authority/dependency fields are sourced from the matched STEP03 v1.2 relationship. STEP04 v1.0 is provenance only; no keyword/layer fallback.,CAM11-0014,NO_HEADING_DETECTED
M15-IA-16,M15,Functional,RUMAHAGEN_WF03_M15_FULL_REBUILD_v1.1_CORE_DETAIL_SYNCHRONIZED_FULL_VERSION/RUMAHAGEN_WF03_M15_FULL_REBUILD_v1.1_CORE_DETAIL_SYNCHRONIZED_FULL_VERSION.md,SR-0131,07_PRD/W4-02A.6.11_PRD_CURRENT_PRODUCT_REQUIREMENTS_FULL_CONSOLIDATED_v2.1.docx,07_PRD/W4-02A.6.11_PRD_CURRENT_PRODUCT_REQUIREMENTS_FULL_CONSOLIDATED_v2.1.docx,NO_HEADING_DETECTED,CORE PRODUCT REQUIREMENTS AUTHORITY,01_GOVERNANCE/W4-02A.1_GOVERNANCE_CONSOLIDATION_FINAL_DECISION_AUTHORITY_v1.0.docx,Core PRD is current product requirement contract,FULL synchronized Title/Qualification/Awarding authority,1.0,STEP AKTIF = W4-02A.6.11 — PRD CURRENT PRODUCT REQUIREMENTS,M04/M10/M14,Preserve FR-M15 and negative paths.,AUGMENT,DETERMINISTIC_CROSSWALK_VALIDATED,1,Exact deterministic join on module + prior candidate Core artifact + prior Core section. Current Core/evidence/authority/dependency fields are sourced from the matched STEP03 v1.2 relationship. STEP04 v1.0 is provenance only; no keyword/layer fallback.,CAM11-0014,NO_HEADING_DETECTED
M15-IA-17,M15,Technical,RUMAHAGEN_WF03_M15_FULL_REBUILD_v1.1_CORE_DETAIL_SYNCHRONIZED_FULL_VERSION/RUMAHAGEN_WF03_M15_FULL_REBUILD_v1.1_CORE_DETAIL_SYNCHRONIZED_FULL_VERSION.md,SR-0131,07_PRD/W4-02A.6.11_PRD_CURRENT_PRODUCT_REQUIREMENTS_FULL_CONSOLIDATED_v2.1.docx,07_PRD/W4-02A.6.11_PRD_CURRENT_PRODUCT_REQUIREMENTS_FULL_CONSOLIDATED_v2.1.docx,NO_HEADING_DETECTED,CORE PRODUCT REQUIREMENTS AUTHORITY,01_GOVERNANCE/W4-02A.1_GOVERNANCE_CONSOLIDATION_FINAL_DECISION_AUTHORITY_v1.0.docx,Core PRD is current product requirement contract,FULL synchronized Title/Qualification/Awarding authority,1.0,STEP AKTIF = W4-02A.6.11 — PRD CURRENT PRODUCT REQUIREMENTS,M04/M10/M14,Preserve execution contract/traceability.,AUGMENT,DETERMINISTIC_CROSSWALK_VALIDATED,1,Exact deterministic join on module + prior candidate Core artifact + prior Core section. Current Core/evidence/authority/dependency fields are sourced from the matched STEP03 v1.2 relationship. STEP04 v1.0 is provenance only; no keyword/layer fallback.,CAM11-0014,NO_HEADING_DETECTED
M15-IA-18,M15,UI/UX,RUMAHAGEN_WF03_M15_FULL_REBUILD_v1.1_CORE_DETAIL_SYNCHRONIZED_FULL_VERSION/RUMAHAGEN_WF03_M15_FULL_REBUILD_v1.1_CORE_DETAIL_SYNCHRONIZED_FULL_VERSION.md,SR-0131,07_PRD/W4-02A.6.11_PRD_CURRENT_PRODUCT_REQUIREMENTS_FULL_CONSOLIDATED_v2.1.docx,07_PRD/W4-02A.6.11_PRD_CURRENT_PRODUCT_REQUIREMENTS_FULL_CONSOLIDATED_v2.1.docx,NO_HEADING_DETECTED,CORE PRODUCT REQUIREMENTS AUTHORITY,01_GOVERNANCE/W4-02A.1_GOVERNANCE_CONSOLIDATION_FINAL_DECISION_AUTHORITY_v1.0.docx,Core PRD is current product requirement contract,FULL synchronized Title/Qualification/Awarding authority,1.0,STEP AKTIF = W4-02A.6.11 — PRD CURRENT PRODUCT REQUIREMENTS,M04/M10/M14,Preserve Title/Qualification/Award/Presentation states.,AUGMENT,DETERMINISTIC_CROSSWALK_VALIDATED,1,Exact deterministic join on module + prior candidate Core artifact + prior Core section. Current Core/evidence/authority/dependency fields are sourced from the matched STEP03 v1.2 relationship. STEP04 v1.0 is provenance only; no keyword/layer fallback.,CAM11-0014,NO_HEADING_DETECTED
M15-IA-19,M15,Dependencies,RUMAHAGEN_WF03_M15_FULL_REBUILD_v1.1_CORE_DETAIL_SYNCHRONIZED_FULL_VERSION/RUMAHAGEN_WF03_M15_FULL_REBUILD_v1.1_CORE_DETAIL_SYNCHRONIZED_FULL_VERSION.md,SR-0131,07_PRD/W4-02A.6.11_PRD_CURRENT_PRODUCT_REQUIREMENTS_FULL_CONSOLIDATED_v2.1.docx,07_PRD/W4-02A.6.11_PRD_CURRENT_PRODUCT_REQUIREMENTS_FULL_CONSOLIDATED_v2.1.docx,NO_HEADING_DETECTED,CORE PRODUCT REQUIREMENTS AUTHORITY,01_GOVERNANCE/W4-02A.1_GOVERNANCE_CONSOLIDATION_FINAL_DECISION_AUTHORITY_v1.0.docx,Core PRD is current product requirement contract,FULL synchronized Title/Qualification/Awarding authority,1.0,STEP AKTIF = W4-02A.6.11 — PRD CURRENT PRODUCT REQUIREMENTS,M04/M10/M14,Synchronize hard/conditional/consumer relationships.,AUGMENT,DETERMINISTIC_CROSSWALK_VALIDATED,1,Exact deterministic join on module + prior candidate Core artifact + prior Core section. Current Core/evidence/authority/dependency fields are sourced from the matched STEP03 v1.2 relationship. STEP04 v1.0 is provenance only; no keyword/layer fallback.,CAM11-0014,NO_HEADING_DETECTED
M15-IA-20,M15,Physical implementation,RUMAHAGEN_WF03_M15_FULL_REBUILD_v1.1_CORE_DETAIL_SYNCHRONIZED_FULL_VERSION/RUMAHAGEN_WF03_M15_FULL_REBUILD_v1.1_CORE_DETAIL_SYNCHRONIZED_FULL_VERSION.md,SR-0131,07_PRD/W4-02A.6.11_PRD_CURRENT_PRODUCT_REQUIREMENTS_FULL_CONSOLIDATED_v2.1.docx,07_PRD/W4-02A.6.11_PRD_CURRENT_PRODUCT_REQUIREMENTS_FULL_CONSOLIDATED_v2.1.docx,NO_HEADING_DETECTED,CORE PRODUCT REQUIREMENTS AUTHORITY,01_GOVERNANCE/W4-02A.1_GOVERNANCE_CONSOLIDATION_FINAL_DECISION_AUTHORITY_v1.0.docx,Core PRD is current product requirement contract,FULL synchronized Title/Qualification/Awarding authority,1.0,STEP AKTIF = W4-02A.6.11 — PRD CURRENT PRODUCT REQUIREMENTS,M04/M10/M14,Track W4 physical execution downstream.,CONTROLLED,DETERMINISTIC_CROSSWALK_VALIDATED,1,Exact deterministic join on module + prior candidate Core artifact + prior Core section. Current Core/evidence/authority/dependency fields are sourced from the matched STEP03 v1.2 relationship. STEP04 v1.0 is provenance only; no keyword/layer fallback.,CAM11-0014,NO_HEADING_DETECTED
M15-IA-21,M15,Runtime,RUMAHAGEN_WF03_M15_FULL_REBUILD_v1.1_CORE_DETAIL_SYNCHRONIZED_FULL_VERSION/RUMAHAGEN_WF03_M15_FULL_REBUILD_v1.1_CORE_DETAIL_SYNCHRONIZED_FULL_VERSION.md,SR-0131,07_PRD/W4-02A.6.11_PRD_CURRENT_PRODUCT_REQUIREMENTS_FULL_CONSOLIDATED_v2.1.docx,07_PRD/W4-02A.6.11_PRD_CURRENT_PRODUCT_REQUIREMENTS_FULL_CONSOLIDATED_v2.1.docx,NO_HEADING_DETECTED,CORE PRODUCT REQUIREMENTS AUTHORITY,01_GOVERNANCE/W4-02A.1_GOVERNANCE_CONSOLIDATION_FINAL_DECISION_AUTHORITY_v1.0.docx,Core PRD is current product requirement contract,FULL synchronized Title/Qualification/Awarding authority,1.0,STEP AKTIF = W4-02A.6.11 — PRD CURRENT PRODUCT REQUIREMENTS,M04/M10/M14,Track W4-03 runtime verification; no runtime PASS.,CONTROLLED,DETERMINISTIC_CROSSWALK_VALIDATED,1,Exact deterministic join on module + prior candidate Core artifact + prior Core section. Current Core/evidence/authority/dependency fields are sourced from the matched STEP03 v1.2 relationship. STEP04 v1.0 is provenance only; no keyword/layer fallback.,CAM11-0014,NO_HEADING_DETECTED
M15-IA-22,M15,Production,RUMAHAGEN_WF03_M15_FULL_REBUILD_v1.1_CORE_DETAIL_SYNCHRONIZED_FULL_VERSION/RUMAHAGEN_WF03_M15_FULL_REBUILD_v1.1_CORE_DETAIL_SYNCHRONIZED_FULL_VERSION.md,SR-0131,07_PRD/W4-02A.6.11_PRD_CURRENT_PRODUCT_REQUIREMENTS_FULL_CONSOLIDATED_v2.1.docx,07_PRD/W4-02A.6.11_PRD_CURRENT_PRODUCT_REQUIREMENTS_FULL_CONSOLIDATED_v2.1.docx,NO_HEADING_DETECTED,CORE PRODUCT REQUIREMENTS AUTHORITY,01_GOVERNANCE/W4-02A.1_GOVERNANCE_CONSOLIDATION_FINAL_DECISION_AUTHORITY_v1.0.docx,Core PRD is current product requirement contract,FULL synchronized Title/Qualification/Awarding authority,1.0,STEP AKTIF = W4-02A.6.11 — PRD CURRENT PRODUCT REQUIREMENTS,M04/M10/M14,Do not treat documentation as production authorization.,NO-PROPAGATION,DETERMINISTIC_CROSSWALK_VALIDATED,1,Exact deterministic join on module + prior candidate Core artifact + prior Core section. Current Core/evidence/authority/dependency fields are sourced from the matched STEP03 v1.2 relationship. STEP04 v1.0 is provenance only; no keyword/layer fallback.,CAM11-0014,NO_HEADING_DETECTED
