sync_id,finding_id,module,module_authority_artifact,step03_relationship_id,core_artifact_id,authority_owner,authority_source_artifact,authority_basis,linkage_status,linkage_basis,historical_core_artifact_id
STEP04-0001,M01-CI-001,M01,WF03-03-01_M01_FULL_SEMANTIC_REBUILD_v1.1.md,SR-F-0001,CAM11-0034,CORE FUNCTIONAL CONTRACT AUTHORITY,01_GOVERNANCE/W4-02A.1_GOVERNANCE_CONSOLIDATION_FINAL_DECISION_AUTHORITY_v1.0.docx,Functional contract under Core governance,DETERMINISTIC_EXPLICIT_FINDING_RELATIONSHIP,Exact finding-level relationship created in STEP03 v1.3 from current module authority + exact Core artifact + exact section/evidence anchor.,CAM11-0076
STEP04-0002,M01-CI-002,M01,WF03-03-01_M01_FULL_SEMANTIC_REBUILD_v1.1.md,SR-F-0002,CAM11-0034,CORE FUNCTIONAL CONTRACT AUTHORITY,01_GOVERNANCE/W4-02A.1_GOVERNANCE_CONSOLIDATION_FINAL_DECISION_AUTHORITY_v1.0.docx,Functional contract under Core governance,DETERMINISTIC_EXPLICIT_FINDING_RELATIONSHIP,Exact finding-level relationship created in STEP03 v1.3 from current module authority + exact Core artifact + exact section/evidence anchor.,CAM11-0076
STEP04-0003,M01-CI-003,M01,WF03-03-01_M01_FULL_SEMANTIC_REBUILD_v1.1.md,SR-F-0003,CAM11-0034,CORE FUNCTIONAL CONTRACT AUTHORITY,01_GOVERNANCE/W4-02A.1_GOVERNANCE_CONSOLIDATION_FINAL_DECISION_AUTHORITY_v1.0.docx,Functional contract under Core governance,DETERMINISTIC_EXPLICIT_FINDING_RELATIONSHIP,Exact finding-level relationship created in STEP03 v1.3 from current module authority + exact Core artifact + exact section/evidence anchor.,CAM11-0076
STEP04-0004,M01-CI-004,M01,WF03-03-01_M01_FULL_SEMANTIC_REBUILD_v1.1.md,SR-0723,26_ENGINEERING_ALIGNMENT/W4-02A.6.30_ENGINEERING_ALIGNMENT_GUIDEBOOK_PLAYBOOK_v2.1.md,CORE ENGINEERING ALIGNMENT AUTHORITY,01_GOVERNANCE/W4-02A.1_GOVERNANCE_CONSOLIDATION_FINAL_DECISION_AUTHORITY_v1.0.docx,Engineering alignment is controlled by Core governance,DETERMINISTIC_CROSSWALK_VALIDATED,Exact deterministic join on module + prior candidate Core artifact + prior Core section. Current Core/evidence/authority/dependency fields are sourced from the matched STEP03 v1.2 relationship. STEP04 v1.0 is provenance only; no keyword/layer fallback.,CAM11-0066
STEP04-0005,M01-CI-005,M01,WF03-03-01_M01_FULL_SEMANTIC_REBUILD_v1.1.md,SR-0723,26_ENGINEERING_ALIGNMENT/W4-02A.6.30_ENGINEERING_ALIGNMENT_GUIDEBOOK_PLAYBOOK_v2.1.md,CORE ENGINEERING ALIGNMENT AUTHORITY,01_GOVERNANCE/W4-02A.1_GOVERNANCE_CONSOLIDATION_FINAL_DECISION_AUTHORITY_v1.0.docx,Engineering alignment is controlled by Core governance,DETERMINISTIC_CROSSWALK_VALIDATED,Exact deterministic join on module + prior candidate Core artifact + prior Core section. Current Core/evidence/authority/dependency fields are sourced from the matched STEP03 v1.2 relationship. STEP04 v1.0 is provenance only; no keyword/layer fallback.,CAM11-0066
STEP04-0006,M01-CI-006,M01,WF03-03-01_M01_FULL_SEMANTIC_REBUILD_v1.1.md,SR-0415,14_FUNCTIONAL/W4-02A.6.18_FUNCTIONAL_SPECIFICATION_CURRENT_FUNCTIONAL_IMPLEMENTATION_CONTRACT_v2.1.md,CORE FUNCTIONAL CONTRACT AUTHORITY,01_GOVERNANCE/W4-02A.1_GOVERNANCE_CONSOLIDATION_FINAL_DECISION_AUTHORITY_v1.0.docx,Functional contract under Core governance,DETERMINISTIC_CROSSWALK_VALIDATED,Exact deterministic join on module + prior candidate Core artifact + prior Core section. Current Core/evidence/authority/dependency fields are sourced from the matched STEP03 v1.2 relationship. STEP04 v1.0 is provenance only; no keyword/layer fallback.,CAM11-0034
STEP04-0007,M01-CI-007,M01,WF03-03-01_M01_FULL_SEMANTIC_REBUILD_v1.1.md,SR-0723,26_ENGINEERING_ALIGNMENT/W4-02A.6.30_ENGINEERING_ALIGNMENT_GUIDEBOOK_PLAYBOOK_v2.1.md,CORE ENGINEERING ALIGNMENT AUTHORITY,01_GOVERNANCE/W4-02A.1_GOVERNANCE_CONSOLIDATION_FINAL_DECISION_AUTHORITY_v1.0.docx,Engineering alignment is controlled by Core governance,DETERMINISTIC_CROSSWALK_VALIDATED,Exact deterministic join on module + prior candidate Core artifact + prior Core section. Current Core/evidence/authority/dependency fields are sourced from the matched STEP03 v1.2 relationship. STEP04 v1.0 is provenance only; no keyword/layer fallback.,CAM11-0066
STEP04-0008,M01-CI-008,M01,WF03-03-01_M01_FULL_SEMANTIC_REBUILD_v1.1.md,SR-0498,20_MODULE_PLANNING/W4-02A.6.24_REVISED_MODULE_PLANNING_CURRENT_MODULE_DELIVERY_PLANNING_v2.1.md,CORE MODULE PLANNING AUTHORITY,01_GOVERNANCE/W4-02A.1_GOVERNANCE_CONSOLIDATION_FINAL_DECISION_AUTHORITY_v1.0.docx,Current module delivery planning contract,DETERMINISTIC_CROSSWALK_VALIDATED,Exact deterministic join on module + prior candidate Core artifact + prior Core section. Current Core/evidence/authority/dependency fields are sourced from the matched STEP03 v1.2 relationship. STEP04 v1.0 is provenance only; no keyword/layer fallback.,CAM11-0040
STEP04-0009,M01-CI-009,M01,WF03-03-01_M01_FULL_SEMANTIC_REBUILD_v1.1.md,SR-0483,19_IMPLEMENTATION_STRATEGY/W4-02A.6.23_MODULE_IMPLEMENTATION_STRATEGY_INTEGRATED_IMPLEMENTATION_SEQUENCING_v2.1.md,CORE IMPLEMENTATION STRATEGY AUTHORITY,01_GOVERNANCE/W4-02A.1_GOVERNANCE_CONSOLIDATION_FINAL_DECISION_AUTHORITY_v1.0.docx,Integrated implementation sequencing under freeze,DETERMINISTIC_CROSSWALK_VALIDATED,Exact deterministic join on module + prior candidate Core artifact + prior Core section. Current Core/evidence/authority/dependency fields are sourced from the matched STEP03 v1.2 relationship. STEP04 v1.0 is provenance only; no keyword/layer fallback.,CAM11-0039
STEP04-0010,M01-CI-010,M01,WF03-03-01_M01_FULL_SEMANTIC_REBUILD_v1.1.md,SR-0723,26_ENGINEERING_ALIGNMENT/W4-02A.6.30_ENGINEERING_ALIGNMENT_GUIDEBOOK_PLAYBOOK_v2.1.md,CORE ENGINEERING ALIGNMENT AUTHORITY,01_GOVERNANCE/W4-02A.1_GOVERNANCE_CONSOLIDATION_FINAL_DECISION_AUTHORITY_v1.0.docx,Engineering alignment is controlled by Core governance,DETERMINISTIC_CROSSWALK_VALIDATED,Exact deterministic join on module + prior candidate Core artifact + prior Core section. Current Core/evidence/authority/dependency fields are sourced from the matched STEP03 v1.2 relationship. STEP04 v1.0 is provenance only; no keyword/layer fallback.,CAM11-0066
STEP04-0011,M01-CI-011,M01,WF03-03-01_M01_FULL_SEMANTIC_REBUILD_v1.1.md,SR-0723,26_ENGINEERING_ALIGNMENT/W4-02A.6.30_ENGINEERING_ALIGNMENT_GUIDEBOOK_PLAYBOOK_v2.1.md,CORE ENGINEERING ALIGNMENT AUTHORITY,01_GOVERNANCE/W4-02A.1_GOVERNANCE_CONSOLIDATION_FINAL_DECISION_AUTHORITY_v1.0.docx,Engineering alignment is controlled by Core governance,DETERMINISTIC_CROSSWALK_VALIDATED,Exact deterministic join on module + prior candidate Core artifact + prior Core section. Current Core/evidence/authority/dependency fields are sourced from the matched STEP03 v1.2 relationship. STEP04 v1.0 is provenance only; no keyword/layer fallback.,CAM11-0066
STEP04-0012,M01-CI-012,M01,WF03-03-01_M01_FULL_SEMANTIC_REBUILD_v1.1.md,SR-F-0004,CAM11-0045,M01–M07 EXECUTION CONTEXT; MODULE AUTHORITIES REMAIN SEMANTIC AUTHORITY,M01–M07 CURRENT AUTHORITY ARTIFACT SET,Focused execution pack is downstream execution context,DETERMINISTIC_EXPLICIT_FINDING_RELATIONSHIP,Exact finding-level relationship created in STEP03 v1.3 from current module authority + exact Core artifact + exact section/evidence anchor.,CAM11-0076
STEP04-0013,M01-CI-013,M01,WF03-03-01_M01_FULL_SEMANTIC_REBUILD_v1.1.md,SR-0072,04_ARCHITECTURE/W4-02A.6.5_SYSTEM_ARCHITECTURE_FULL_CONSOLIDATED_v1.8.docx,CORE ARCHITECTURE,01_GOVERNANCE/W4-02A.1_GOVERNANCE_CONSOLIDATION_FINAL_DECISION_AUTHORITY_v1.0.docx,Core architecture is governed as immutable Core semantic contract,DETERMINISTIC_CROSSWALK_VALIDATED,Exact deterministic join on module + prior candidate Core artifact + prior Core section. Current Core/evidence/authority/dependency fields are sourced from the matched STEP03 v1.2 relationship. STEP04 v1.0 is provenance only; no keyword/layer fallback.,CAM11-0011
STEP04-0014,M01-CI-014,M01,WF03-03-01_M01_FULL_SEMANTIC_REBUILD_v1.1.md,SR-0072,04_ARCHITECTURE/W4-02A.6.5_SYSTEM_ARCHITECTURE_FULL_CONSOLIDATED_v1.8.docx,CORE ARCHITECTURE,01_GOVERNANCE/W4-02A.1_GOVERNANCE_CONSOLIDATION_FINAL_DECISION_AUTHORITY_v1.0.docx,Core architecture is governed as immutable Core semantic contract,DETERMINISTIC_CROSSWALK_VALIDATED,Exact deterministic join on module + prior candidate Core artifact + prior Core section. Current Core/evidence/authority/dependency fields are sourced from the matched STEP03 v1.2 relationship. STEP04 v1.0 is provenance only; no keyword/layer fallback.,CAM11-0011
STEP04-0015,M02-CI-001,M02,WF03-03-02_M02_FULL_SEMANTIC_REBUILD_v1.1.md,SR-0499,20_MODULE_PLANNING/W4-02A.6.24_REVISED_MODULE_PLANNING_CURRENT_MODULE_DELIVERY_PLANNING_v2.1.md,CORE MODULE PLANNING AUTHORITY,01_GOVERNANCE/W4-02A.1_GOVERNANCE_CONSOLIDATION_FINAL_DECISION_AUTHORITY_v1.0.docx,Current module delivery planning contract,DETERMINISTIC_CROSSWALK_VALIDATED,Exact deterministic join on module + prior candidate Core artifact + prior Core section. Current Core/evidence/authority/dependency fields are sourced from the matched STEP03 v1.2 relationship. STEP04 v1.0 is provenance only; no keyword/layer fallback.,CAM11-0040
STEP04-0016,M02-CI-002,M02,WF03-03-02_M02_FULL_SEMANTIC_REBUILD_v1.1.md,SR-0416,14_FUNCTIONAL/W4-02A.6.18_FUNCTIONAL_SPECIFICATION_CURRENT_FUNCTIONAL_IMPLEMENTATION_CONTRACT_v2.1.md,CORE FUNCTIONAL CONTRACT AUTHORITY,01_GOVERNANCE/W4-02A.1_GOVERNANCE_CONSOLIDATION_FINAL_DECISION_AUTHORITY_v1.0.docx,Functional contract under Core governance,DETERMINISTIC_CROSSWALK_VALIDATED,Exact deterministic join on module + prior candidate Core artifact + prior Core section. Current Core/evidence/authority/dependency fields are sourced from the matched STEP03 v1.2 relationship. STEP04 v1.0 is provenance only; no keyword/layer fallback.,CAM11-0034
STEP04-0017,M02-CI-003,M02,WF03-03-02_M02_FULL_SEMANTIC_REBUILD_v1.1.md,SR-0724,26_ENGINEERING_ALIGNMENT/W4-02A.6.30_ENGINEERING_ALIGNMENT_GUIDEBOOK_PLAYBOOK_v2.1.md,CORE ENGINEERING ALIGNMENT AUTHORITY,01_GOVERNANCE/W4-02A.1_GOVERNANCE_CONSOLIDATION_FINAL_DECISION_AUTHORITY_v1.0.docx,Engineering alignment is controlled by Core governance,DETERMINISTIC_CROSSWALK_VALIDATED,Exact deterministic join on module + prior candidate Core artifact + prior Core section. Current Core/evidence/authority/dependency fields are sourced from the matched STEP03 v1.2 relationship. STEP04 v1.0 is provenance only; no keyword/layer fallback.,CAM11-0066
STEP04-0018,M02-CI-004,M02,WF03-03-02_M02_FULL_SEMANTIC_REBUILD_v1.1.md,SR-0460,17_SEO_ANALYTICS/W4-02A.6.21_SEO_ANALYTICS_SPECIFICATION_DISCOVERY_MEASUREMENT_BASELINE_v2.1.md,M11 PUBLIC DISCOVERY / SEO / MEASUREMENT AUTHORITY,RUMAHAGEN_WF03_M11_FULL_REBUILD_CONTROLLED_v2.0_FULL_VERSION/RUMAHAGEN_WF03_M11_FULL_REBUILD_CONTROLLED_v2.0_FULL_VERSION.md,"M11 owns public discovery, SEO, tracking and measurement",DETERMINISTIC_CROSSWALK_VALIDATED,Exact deterministic join on module + prior candidate Core artifact + prior Core section. Current Core/evidence/authority/dependency fields are sourced from the matched STEP03 v1.2 relationship. STEP04 v1.0 is provenance only; no keyword/layer fallback.,CAM11-0037
STEP04-0019,M02-CI-005,M02,WF03-03-02_M02_FULL_SEMANTIC_REBUILD_v1.1.md,SR-0724,26_ENGINEERING_ALIGNMENT/W4-02A.6.30_ENGINEERING_ALIGNMENT_GUIDEBOOK_PLAYBOOK_v2.1.md,CORE ENGINEERING ALIGNMENT AUTHORITY,01_GOVERNANCE/W4-02A.1_GOVERNANCE_CONSOLIDATION_FINAL_DECISION_AUTHORITY_v1.0.docx,Engineering alignment is controlled by Core governance,DETERMINISTIC_CROSSWALK_VALIDATED,Exact deterministic join on module + prior candidate Core artifact + prior Core section. Current Core/evidence/authority/dependency fields are sourced from the matched STEP03 v1.2 relationship. STEP04 v1.0 is provenance only; no keyword/layer fallback.,CAM11-0066
STEP04-0020,M02-CI-006,M02,WF03-03-02_M02_FULL_SEMANTIC_REBUILD_v1.1.md,SR-F-0005,CAM11-0034,CORE FUNCTIONAL CONTRACT AUTHORITY,01_GOVERNANCE/W4-02A.1_GOVERNANCE_CONSOLIDATION_FINAL_DECISION_AUTHORITY_v1.0.docx,Functional contract under Core governance,DETERMINISTIC_EXPLICIT_FINDING_RELATIONSHIP,Exact finding-level relationship created in STEP03 v1.3 from current module authority + exact Core artifact + exact section/evidence anchor.,CAM11-0076
STEP04-0021,M02-CI-007,M02,WF03-03-02_M02_FULL_SEMANTIC_REBUILD_v1.1.md,SR-0724,26_ENGINEERING_ALIGNMENT/W4-02A.6.30_ENGINEERING_ALIGNMENT_GUIDEBOOK_PLAYBOOK_v2.1.md,CORE ENGINEERING ALIGNMENT AUTHORITY,01_GOVERNANCE/W4-02A.1_GOVERNANCE_CONSOLIDATION_FINAL_DECISION_AUTHORITY_v1.0.docx,Engineering alignment is controlled by Core governance,DETERMINISTIC_CROSSWALK_VALIDATED,Exact deterministic join on module + prior candidate Core artifact + prior Core section. Current Core/evidence/authority/dependency fields are sourced from the matched STEP03 v1.2 relationship. STEP04 v1.0 is provenance only; no keyword/layer fallback.,CAM11-0066
STEP04-0022,M02-CI-008,M02,WF03-03-02_M02_FULL_SEMANTIC_REBUILD_v1.1.md,SR-0724,26_ENGINEERING_ALIGNMENT/W4-02A.6.30_ENGINEERING_ALIGNMENT_GUIDEBOOK_PLAYBOOK_v2.1.md,CORE ENGINEERING ALIGNMENT AUTHORITY,01_GOVERNANCE/W4-02A.1_GOVERNANCE_CONSOLIDATION_FINAL_DECISION_AUTHORITY_v1.0.docx,Engineering alignment is controlled by Core governance,DETERMINISTIC_CROSSWALK_VALIDATED,Exact deterministic join on module + prior candidate Core artifact + prior Core section. Current Core/evidence/authority/dependency fields are sourced from the matched STEP03 v1.2 relationship. STEP04 v1.0 is provenance only; no keyword/layer fallback.,CAM11-0066
STEP04-0023,M02-CI-009,M02,WF03-03-02_M02_FULL_SEMANTIC_REBUILD_v1.1.md,SR-0073,04_ARCHITECTURE/W4-02A.6.5_SYSTEM_ARCHITECTURE_FULL_CONSOLIDATED_v1.8.docx,CORE ARCHITECTURE,01_GOVERNANCE/W4-02A.1_GOVERNANCE_CONSOLIDATION_FINAL_DECISION_AUTHORITY_v1.0.docx,Core architecture is governed as immutable Core semantic contract,DETERMINISTIC_CROSSWALK_VALIDATED,Exact deterministic join on module + prior candidate Core artifact + prior Core section. Current Core/evidence/authority/dependency fields are sourced from the matched STEP03 v1.2 relationship. STEP04 v1.0 is provenance only; no keyword/layer fallback.,CAM11-0011
STEP04-0024,M02-CI-010,M02,WF03-03-02_M02_FULL_SEMANTIC_REBUILD_v1.1.md,SR-F-0006,CAM11-0035,CORE TECHNICAL CONTRACT AUTHORITY,01_GOVERNANCE/W4-02A.1_GOVERNANCE_CONSOLIDATION_FINAL_DECISION_AUTHORITY_v1.0.docx,Technical implementation contract under Core governance,DETERMINISTIC_EXPLICIT_FINDING_RELATIONSHIP,Exact finding-level relationship created in STEP03 v1.3 from current module authority + exact Core artifact + exact section/evidence anchor.,CAM11-0076
STEP04-0025,M02-CI-011,M02,WF03-03-02_M02_FULL_SEMANTIC_REBUILD_v1.1.md,SR-F-0010,CAM11-0034,CORE FUNCTIONAL CONTRACT AUTHORITY,01_GOVERNANCE/W4-02A.1_GOVERNANCE_CONSOLIDATION_FINAL_DECISION_AUTHORITY_v1.0.docx,Functional contract under Core governance,DETERMINISTIC_EXPLICIT_FINDING_RELATIONSHIP,"STEP03-A v1.0 establishes a deterministic current-Core target: primary exact anchor CAM11-0034 §6.1 FR-M01-001 lines 340–372. Corroborating exact UI/UX anchor is linked as SR-F-0011 (CAM11-0036 §9.3 lines 666–680). Current M01/M02 semantic authorities state KTP DEFERRED/NOT_PROVIDED → ACTIVE → HOME with no PENDING_REVIEW; Core functional/UI evidence states verification documents → PENDING_REVIEW → reviewer approval → ACTIVE. This is an explicit semantic conflict candidate, not an inferred mapping.",CAM11-0076
STEP04-0026,M02-CI-012,M02,WF03-03-02_M02_FULL_SEMANTIC_REBUILD_v1.1.md,SR-0724,26_ENGINEERING_ALIGNMENT/W4-02A.6.30_ENGINEERING_ALIGNMENT_GUIDEBOOK_PLAYBOOK_v2.1.md,CORE ENGINEERING ALIGNMENT AUTHORITY,01_GOVERNANCE/W4-02A.1_GOVERNANCE_CONSOLIDATION_FINAL_DECISION_AUTHORITY_v1.0.docx,Engineering alignment is controlled by Core governance,DETERMINISTIC_CROSSWALK_VALIDATED,Exact deterministic join on module + prior candidate Core artifact + prior Core section. Current Core/evidence/authority/dependency fields are sourced from the matched STEP03 v1.2 relationship. STEP04 v1.0 is provenance only; no keyword/layer fallback.,CAM11-0066
STEP04-0027,M02-CI-013,M02,WF03-03-02_M02_FULL_SEMANTIC_REBUILD_v1.1.md,SR-0724,26_ENGINEERING_ALIGNMENT/W4-02A.6.30_ENGINEERING_ALIGNMENT_GUIDEBOOK_PLAYBOOK_v2.1.md,CORE ENGINEERING ALIGNMENT AUTHORITY,01_GOVERNANCE/W4-02A.1_GOVERNANCE_CONSOLIDATION_FINAL_DECISION_AUTHORITY_v1.0.docx,Engineering alignment is controlled by Core governance,DETERMINISTIC_CROSSWALK_VALIDATED,Exact deterministic join on module + prior candidate Core artifact + prior Core section. Current Core/evidence/authority/dependency fields are sourced from the matched STEP03 v1.2 relationship. STEP04 v1.0 is provenance only; no keyword/layer fallback.,CAM11-0066
STEP04-0028,M02-CI-014,M02,WF03-03-02_M02_FULL_SEMANTIC_REBUILD_v1.1.md,SR-0724,26_ENGINEERING_ALIGNMENT/W4-02A.6.30_ENGINEERING_ALIGNMENT_GUIDEBOOK_PLAYBOOK_v2.1.md,CORE ENGINEERING ALIGNMENT AUTHORITY,01_GOVERNANCE/W4-02A.1_GOVERNANCE_CONSOLIDATION_FINAL_DECISION_AUTHORITY_v1.0.docx,Engineering alignment is controlled by Core governance,DETERMINISTIC_CROSSWALK_VALIDATED,Exact deterministic join on module + prior candidate Core artifact + prior Core section. Current Core/evidence/authority/dependency fields are sourced from the matched STEP03 v1.2 relationship. STEP04 v1.0 is provenance only; no keyword/layer fallback.,CAM11-0066
STEP04-0029,M02-CI-015,M02,WF03-03-02_M02_FULL_SEMANTIC_REBUILD_v1.1.md,SR-F-0007,CAM11-0046,M01–M07 EXECUTION CONTEXT; MODULE AUTHORITIES REMAIN SEMANTIC AUTHORITY,M01–M07 CURRENT AUTHORITY ARTIFACT SET,Focused execution pack is downstream execution context,DETERMINISTIC_EXPLICIT_FINDING_RELATIONSHIP,Exact finding-level relationship created in STEP03 v1.3 from current module authority + exact Core artifact + exact section/evidence anchor.,CAM11-0076
STEP04-0030,M02-CI-016,M02,WF03-03-02_M02_FULL_SEMANTIC_REBUILD_v1.1.md,SR-0073,04_ARCHITECTURE/W4-02A.6.5_SYSTEM_ARCHITECTURE_FULL_CONSOLIDATED_v1.8.docx,CORE ARCHITECTURE,01_GOVERNANCE/W4-02A.1_GOVERNANCE_CONSOLIDATION_FINAL_DECISION_AUTHORITY_v1.0.docx,Core architecture is governed as immutable Core semantic contract,DETERMINISTIC_CROSSWALK_VALIDATED,Exact deterministic join on module + prior candidate Core artifact + prior Core section. Current Core/evidence/authority/dependency fields are sourced from the matched STEP03 v1.2 relationship. STEP04 v1.0 is provenance only; no keyword/layer fallback.,CAM11-0011
STEP04-0031,M02-CI-017,M02,WF03-03-02_M02_FULL_SEMANTIC_REBUILD_v1.1.md,SR-0073,04_ARCHITECTURE/W4-02A.6.5_SYSTEM_ARCHITECTURE_FULL_CONSOLIDATED_v1.8.docx,CORE ARCHITECTURE,01_GOVERNANCE/W4-02A.1_GOVERNANCE_CONSOLIDATION_FINAL_DECISION_AUTHORITY_v1.0.docx,Core architecture is governed as immutable Core semantic contract,DETERMINISTIC_CROSSWALK_VALIDATED,Exact deterministic join on module + prior candidate Core artifact + prior Core section. Current Core/evidence/authority/dependency fields are sourced from the matched STEP03 v1.2 relationship. STEP04 v1.0 is provenance only; no keyword/layer fallback.,CAM11-0011
STEP04-0032,M03-CI-001,M03,RUMAHAGEN_WF03_M03_FULL_REBUILD_v1.3_QIR_INTEGRATED_CONTROLLED/00_M03_REBUILD_CONTROL_REPORT_v1.3.md,SR-0500,20_MODULE_PLANNING/W4-02A.6.24_REVISED_MODULE_PLANNING_CURRENT_MODULE_DELIVERY_PLANNING_v2.1.md,CORE MODULE PLANNING AUTHORITY,01_GOVERNANCE/W4-02A.1_GOVERNANCE_CONSOLIDATION_FINAL_DECISION_AUTHORITY_v1.0.docx,Current module delivery planning contract,DETERMINISTIC_CROSSWALK_VALIDATED,Exact deterministic join on module + prior candidate Core artifact + prior Core section. Current Core/evidence/authority/dependency fields are sourced from the matched STEP03 v1.2 relationship. STEP04 v1.0 is provenance only; no keyword/layer fallback.,CAM11-0040
STEP04-0033,M03-CI-002,M03,RUMAHAGEN_WF03_M03_FULL_REBUILD_v1.3_QIR_INTEGRATED_CONTROLLED/00_M03_REBUILD_CONTROL_REPORT_v1.3.md,SR-0500,20_MODULE_PLANNING/W4-02A.6.24_REVISED_MODULE_PLANNING_CURRENT_MODULE_DELIVERY_PLANNING_v2.1.md,CORE MODULE PLANNING AUTHORITY,01_GOVERNANCE/W4-02A.1_GOVERNANCE_CONSOLIDATION_FINAL_DECISION_AUTHORITY_v1.0.docx,Current module delivery planning contract,DETERMINISTIC_CROSSWALK_VALIDATED,Exact deterministic join on module + prior candidate Core artifact + prior Core section. Current Core/evidence/authority/dependency fields are sourced from the matched STEP03 v1.2 relationship. STEP04 v1.0 is provenance only; no keyword/layer fallback.,CAM11-0040
STEP04-0034,M03-CI-003,M03,RUMAHAGEN_WF03_M03_FULL_REBUILD_v1.3_QIR_INTEGRATED_CONTROLLED/00_M03_REBUILD_CONTROL_REPORT_v1.3.md,SR-0461,17_SEO_ANALYTICS/W4-02A.6.21_SEO_ANALYTICS_SPECIFICATION_DISCOVERY_MEASUREMENT_BASELINE_v2.1.md,M11 PUBLIC DISCOVERY / SEO / MEASUREMENT AUTHORITY,RUMAHAGEN_WF03_M11_FULL_REBUILD_CONTROLLED_v2.0_FULL_VERSION/RUMAHAGEN_WF03_M11_FULL_REBUILD_CONTROLLED_v2.0_FULL_VERSION.md,"M11 owns public discovery, SEO, tracking and measurement",DETERMINISTIC_CROSSWALK_VALIDATED,Exact deterministic join on module + prior candidate Core artifact + prior Core section. Current Core/evidence/authority/dependency fields are sourced from the matched STEP03 v1.2 relationship. STEP04 v1.0 is provenance only; no keyword/layer fallback.,CAM11-0037
STEP04-0035,M03-CI-004,M03,RUMAHAGEN_WF03_M03_FULL_REBUILD_v1.3_QIR_INTEGRATED_CONTROLLED/00_M03_REBUILD_CONTROL_REPORT_v1.3.md,SR-0500,20_MODULE_PLANNING/W4-02A.6.24_REVISED_MODULE_PLANNING_CURRENT_MODULE_DELIVERY_PLANNING_v2.1.md,CORE MODULE PLANNING AUTHORITY,01_GOVERNANCE/W4-02A.1_GOVERNANCE_CONSOLIDATION_FINAL_DECISION_AUTHORITY_v1.0.docx,Current module delivery planning contract,DETERMINISTIC_CROSSWALK_VALIDATED,Exact deterministic join on module + prior candidate Core artifact + prior Core section. Current Core/evidence/authority/dependency fields are sourced from the matched STEP03 v1.2 relationship. STEP04 v1.0 is provenance only; no keyword/layer fallback.,CAM11-0040
STEP04-0036,M03-CI-005,M03,RUMAHAGEN_WF03_M03_FULL_REBUILD_v1.3_QIR_INTEGRATED_CONTROLLED/00_M03_REBUILD_CONTROL_REPORT_v1.3.md,SR-0461,17_SEO_ANALYTICS/W4-02A.6.21_SEO_ANALYTICS_SPECIFICATION_DISCOVERY_MEASUREMENT_BASELINE_v2.1.md,M11 PUBLIC DISCOVERY / SEO / MEASUREMENT AUTHORITY,RUMAHAGEN_WF03_M11_FULL_REBUILD_CONTROLLED_v2.0_FULL_VERSION/RUMAHAGEN_WF03_M11_FULL_REBUILD_CONTROLLED_v2.0_FULL_VERSION.md,"M11 owns public discovery, SEO, tracking and measurement",DETERMINISTIC_CROSSWALK_VALIDATED,Exact deterministic join on module + prior candidate Core artifact + prior Core section. Current Core/evidence/authority/dependency fields are sourced from the matched STEP03 v1.2 relationship. STEP04 v1.0 is provenance only; no keyword/layer fallback.,CAM11-0037
STEP04-0037,M03-CI-006,M03,RUMAHAGEN_WF03_M03_FULL_REBUILD_v1.3_QIR_INTEGRATED_CONTROLLED/00_M03_REBUILD_CONTROL_REPORT_v1.3.md,SR-0740,27_AI_BLUEPRINT/W4-02A.6.31_AI_DEVELOPMENT_BLUEPRINT_v2.1.md,CORE AI DEVELOPMENT BLUEPRINT AUTHORITY,01_GOVERNANCE/W4-02A.1_GOVERNANCE_CONSOLIDATION_FINAL_DECISION_AUTHORITY_v1.0.docx,AI development blueprint is controlled project context,DETERMINISTIC_CROSSWALK_VALIDATED,Exact deterministic join on module + prior candidate Core artifact + prior Core section. Current Core/evidence/authority/dependency fields are sourced from the matched STEP03 v1.2 relationship. STEP04 v1.0 is provenance only; no keyword/layer fallback.,CAM11-0067
STEP04-0038,M03-CI-007,M03,RUMAHAGEN_WF03_M03_FULL_REBUILD_v1.3_QIR_INTEGRATED_CONTROLLED/00_M03_REBUILD_CONTROL_REPORT_v1.3.md,SR-0725,26_ENGINEERING_ALIGNMENT/W4-02A.6.30_ENGINEERING_ALIGNMENT_GUIDEBOOK_PLAYBOOK_v2.1.md,CORE ENGINEERING ALIGNMENT AUTHORITY,01_GOVERNANCE/W4-02A.1_GOVERNANCE_CONSOLIDATION_FINAL_DECISION_AUTHORITY_v1.0.docx,Engineering alignment is controlled by Core governance,DETERMINISTIC_CROSSWALK_VALIDATED,Exact deterministic join on module + prior candidate Core artifact + prior Core section. Current Core/evidence/authority/dependency fields are sourced from the matched STEP03 v1.2 relationship. STEP04 v1.0 is provenance only; no keyword/layer fallback.,CAM11-0066
STEP04-0039,M03-CI-008,M03,RUMAHAGEN_WF03_M03_FULL_REBUILD_v1.3_QIR_INTEGRATED_CONTROLLED/00_M03_REBUILD_CONTROL_REPORT_v1.3.md,SR-0725,26_ENGINEERING_ALIGNMENT/W4-02A.6.30_ENGINEERING_ALIGNMENT_GUIDEBOOK_PLAYBOOK_v2.1.md,CORE ENGINEERING ALIGNMENT AUTHORITY,01_GOVERNANCE/W4-02A.1_GOVERNANCE_CONSOLIDATION_FINAL_DECISION_AUTHORITY_v1.0.docx,Engineering alignment is controlled by Core governance,DETERMINISTIC_CROSSWALK_VALIDATED,Exact deterministic join on module + prior candidate Core artifact + prior Core section. Current Core/evidence/authority/dependency fields are sourced from the matched STEP03 v1.2 relationship. STEP04 v1.0 is provenance only; no keyword/layer fallback.,CAM11-0066
STEP04-0040,M03-CI-009,M03,RUMAHAGEN_WF03_M03_FULL_REBUILD_v1.3_QIR_INTEGRATED_CONTROLLED/00_M03_REBUILD_CONTROL_REPORT_v1.3.md,SR-0074,04_ARCHITECTURE/W4-02A.6.5_SYSTEM_ARCHITECTURE_FULL_CONSOLIDATED_v1.8.docx,CORE ARCHITECTURE,01_GOVERNANCE/W4-02A.1_GOVERNANCE_CONSOLIDATION_FINAL_DECISION_AUTHORITY_v1.0.docx,Core architecture is governed as immutable Core semantic contract,DETERMINISTIC_CROSSWALK_VALIDATED,Exact deterministic join on module + prior candidate Core artifact + prior Core section. Current Core/evidence/authority/dependency fields are sourced from the matched STEP03 v1.2 relationship. STEP04 v1.0 is provenance only; no keyword/layer fallback.,CAM11-0011
STEP04-0041,M03-CI-010,M03,RUMAHAGEN_WF03_M03_FULL_REBUILD_v1.3_QIR_INTEGRATED_CONTROLLED/00_M03_REBUILD_CONTROL_REPORT_v1.3.md,SR-0074,04_ARCHITECTURE/W4-02A.6.5_SYSTEM_ARCHITECTURE_FULL_CONSOLIDATED_v1.8.docx,CORE ARCHITECTURE,01_GOVERNANCE/W4-02A.1_GOVERNANCE_CONSOLIDATION_FINAL_DECISION_AUTHORITY_v1.0.docx,Core architecture is governed as immutable Core semantic contract,DETERMINISTIC_CROSSWALK_VALIDATED,Exact deterministic join on module + prior candidate Core artifact + prior Core section. Current Core/evidence/authority/dependency fields are sourced from the matched STEP03 v1.2 relationship. STEP04 v1.0 is provenance only; no keyword/layer fallback.,CAM11-0011
STEP04-0042,M03-CI-011,M03,RUMAHAGEN_WF03_M03_FULL_REBUILD_v1.3_QIR_INTEGRATED_CONTROLLED/00_M03_REBUILD_CONTROL_REPORT_v1.3.md,SR-0074,04_ARCHITECTURE/W4-02A.6.5_SYSTEM_ARCHITECTURE_FULL_CONSOLIDATED_v1.8.docx,CORE ARCHITECTURE,01_GOVERNANCE/W4-02A.1_GOVERNANCE_CONSOLIDATION_FINAL_DECISION_AUTHORITY_v1.0.docx,Core architecture is governed as immutable Core semantic contract,DETERMINISTIC_CROSSWALK_VALIDATED,Exact deterministic join on module + prior candidate Core artifact + prior Core section. Current Core/evidence/authority/dependency fields are sourced from the matched STEP03 v1.2 relationship. STEP04 v1.0 is provenance only; no keyword/layer fallback.,CAM11-0011
STEP04-0043,M03-CI-012,M03,RUMAHAGEN_WF03_M03_FULL_REBUILD_v1.3_QIR_INTEGRATED_CONTROLLED/00_M03_REBUILD_CONTROL_REPORT_v1.3.md,SR-0074,04_ARCHITECTURE/W4-02A.6.5_SYSTEM_ARCHITECTURE_FULL_CONSOLIDATED_v1.8.docx,CORE ARCHITECTURE,01_GOVERNANCE/W4-02A.1_GOVERNANCE_CONSOLIDATION_FINAL_DECISION_AUTHORITY_v1.0.docx,Core architecture is governed as immutable Core semantic contract,DETERMINISTIC_CROSSWALK_VALIDATED,Exact deterministic join on module + prior candidate Core artifact + prior Core section. Current Core/evidence/authority/dependency fields are sourced from the matched STEP03 v1.2 relationship. STEP04 v1.0 is provenance only; no keyword/layer fallback.,CAM11-0011
STEP04-0044,M03-CI-013,M03,RUMAHAGEN_WF03_M03_FULL_REBUILD_v1.3_QIR_INTEGRATED_CONTROLLED/00_M03_REBUILD_CONTROL_REPORT_v1.3.md,SR-0485,19_IMPLEMENTATION_STRATEGY/W4-02A.6.23_MODULE_IMPLEMENTATION_STRATEGY_INTEGRATED_IMPLEMENTATION_SEQUENCING_v2.1.md,CORE IMPLEMENTATION STRATEGY AUTHORITY,01_GOVERNANCE/W4-02A.1_GOVERNANCE_CONSOLIDATION_FINAL_DECISION_AUTHORITY_v1.0.docx,Integrated implementation sequencing under freeze,DETERMINISTIC_CROSSWALK_VALIDATED,Exact deterministic join on module + prior candidate Core artifact + prior Core section. Current Core/evidence/authority/dependency fields are sourced from the matched STEP03 v1.2 relationship. STEP04 v1.0 is provenance only; no keyword/layer fallback.,CAM11-0039
STEP04-0045,M03-CI-014,M03,RUMAHAGEN_WF03_M03_FULL_REBUILD_v1.3_QIR_INTEGRATED_CONTROLLED/00_M03_REBUILD_CONTROL_REPORT_v1.3.md,SR-0740,27_AI_BLUEPRINT/W4-02A.6.31_AI_DEVELOPMENT_BLUEPRINT_v2.1.md,CORE AI DEVELOPMENT BLUEPRINT AUTHORITY,01_GOVERNANCE/W4-02A.1_GOVERNANCE_CONSOLIDATION_FINAL_DECISION_AUTHORITY_v1.0.docx,AI development blueprint is controlled project context,DETERMINISTIC_CROSSWALK_VALIDATED,Exact deterministic join on module + prior candidate Core artifact + prior Core section. Current Core/evidence/authority/dependency fields are sourced from the matched STEP03 v1.2 relationship. STEP04 v1.0 is provenance only; no keyword/layer fallback.,CAM11-0067
STEP04-0046,M03-CI-015,M03,RUMAHAGEN_WF03_M03_FULL_REBUILD_v1.3_QIR_INTEGRATED_CONTROLLED/00_M03_REBUILD_CONTROL_REPORT_v1.3.md,SR-0074,04_ARCHITECTURE/W4-02A.6.5_SYSTEM_ARCHITECTURE_FULL_CONSOLIDATED_v1.8.docx,CORE ARCHITECTURE,01_GOVERNANCE/W4-02A.1_GOVERNANCE_CONSOLIDATION_FINAL_DECISION_AUTHORITY_v1.0.docx,Core architecture is governed as immutable Core semantic contract,DETERMINISTIC_CROSSWALK_VALIDATED,Exact deterministic join on module + prior candidate Core artifact + prior Core section. Current Core/evidence/authority/dependency fields are sourced from the matched STEP03 v1.2 relationship. STEP04 v1.0 is provenance only; no keyword/layer fallback.,CAM11-0011
STEP04-0047,M03-CI-016,M03,RUMAHAGEN_WF03_M03_FULL_REBUILD_v1.3_QIR_INTEGRATED_CONTROLLED/00_M03_REBUILD_CONTROL_REPORT_v1.3.md,SR-0074,04_ARCHITECTURE/W4-02A.6.5_SYSTEM_ARCHITECTURE_FULL_CONSOLIDATED_v1.8.docx,CORE ARCHITECTURE,01_GOVERNANCE/W4-02A.1_GOVERNANCE_CONSOLIDATION_FINAL_DECISION_AUTHORITY_v1.0.docx,Core architecture is governed as immutable Core semantic contract,DETERMINISTIC_CROSSWALK_VALIDATED,Exact deterministic join on module + prior candidate Core artifact + prior Core section. Current Core/evidence/authority/dependency fields are sourced from the matched STEP03 v1.2 relationship. STEP04 v1.0 is provenance only; no keyword/layer fallback.,CAM11-0011
STEP04-0048,M03-CI-017,M03,RUMAHAGEN_WF03_M03_FULL_REBUILD_v1.3_QIR_INTEGRATED_CONTROLLED/00_M03_REBUILD_CONTROL_REPORT_v1.3.md,SR-0725,26_ENGINEERING_ALIGNMENT/W4-02A.6.30_ENGINEERING_ALIGNMENT_GUIDEBOOK_PLAYBOOK_v2.1.md,CORE ENGINEERING ALIGNMENT AUTHORITY,01_GOVERNANCE/W4-02A.1_GOVERNANCE_CONSOLIDATION_FINAL_DECISION_AUTHORITY_v1.0.docx,Engineering alignment is controlled by Core governance,DETERMINISTIC_CROSSWALK_VALIDATED,Exact deterministic join on module + prior candidate Core artifact + prior Core section. Current Core/evidence/authority/dependency fields are sourced from the matched STEP03 v1.2 relationship. STEP04 v1.0 is provenance only; no keyword/layer fallback.,CAM11-0066
STEP04-0049,M03-CI-018,M03,RUMAHAGEN_WF03_M03_FULL_REBUILD_v1.3_QIR_INTEGRATED_CONTROLLED/00_M03_REBUILD_CONTROL_REPORT_v1.3.md,SR-0389,12_API/W4-02A.6.16_API_SPECIFICATION_CURRENT_API_CONTRACT_BASELINE_FULL_CONSOLIDATED_v2.1.docx,CORE API CONTRACT AUTHORITY,01_GOVERNANCE/W4-02A.1_GOVERNANCE_CONSOLIDATION_FINAL_DECISION_AUTHORITY_v1.0.docx,API contract governed by Core freeze,DETERMINISTIC_CROSSWALK_VALIDATED,Exact deterministic join on module + prior candidate Core artifact + prior Core section. Current Core/evidence/authority/dependency fields are sourced from the matched STEP03 v1.2 relationship. STEP04 v1.0 is provenance only; no keyword/layer fallback.,CAM11-0032
STEP04-0050,M03-CI-019,M03,RUMAHAGEN_WF03_M03_FULL_REBUILD_v1.3_QIR_INTEGRATED_CONTROLLED/00_M03_REBUILD_CONTROL_REPORT_v1.3.md,SR-F-0008,CAM11-0047,M01–M07 EXECUTION CONTEXT; MODULE AUTHORITIES REMAIN SEMANTIC AUTHORITY,M01–M07 CURRENT AUTHORITY ARTIFACT SET,Focused execution pack is downstream execution context,DETERMINISTIC_EXPLICIT_FINDING_RELATIONSHIP,Exact finding-level relationship created in STEP03 v1.3 from current module authority + exact Core artifact + exact section/evidence anchor.,CAM11-0076
STEP04-0051,M03-CI-020,M03,RUMAHAGEN_WF03_M03_FULL_REBUILD_v1.3_QIR_INTEGRATED_CONTROLLED/00_M03_REBUILD_CONTROL_REPORT_v1.3.md,SR-0074,04_ARCHITECTURE/W4-02A.6.5_SYSTEM_ARCHITECTURE_FULL_CONSOLIDATED_v1.8.docx,CORE ARCHITECTURE,01_GOVERNANCE/W4-02A.1_GOVERNANCE_CONSOLIDATION_FINAL_DECISION_AUTHORITY_v1.0.docx,Core architecture is governed as immutable Core semantic contract,DETERMINISTIC_CROSSWALK_VALIDATED,Exact deterministic join on module + prior candidate Core artifact + prior Core section. Current Core/evidence/authority/dependency fields are sourced from the matched STEP03 v1.2 relationship. STEP04 v1.0 is provenance only; no keyword/layer fallback.,CAM11-0011
STEP04-0052,M03-CI-021,M03,RUMAHAGEN_WF03_M03_FULL_REBUILD_v1.3_QIR_INTEGRATED_CONTROLLED/00_M03_REBUILD_CONTROL_REPORT_v1.3.md,SR-0740,27_AI_BLUEPRINT/W4-02A.6.31_AI_DEVELOPMENT_BLUEPRINT_v2.1.md,CORE AI DEVELOPMENT BLUEPRINT AUTHORITY,01_GOVERNANCE/W4-02A.1_GOVERNANCE_CONSOLIDATION_FINAL_DECISION_AUTHORITY_v1.0.docx,AI development blueprint is controlled project context,DETERMINISTIC_CROSSWALK_VALIDATED,Exact deterministic join on module + prior candidate Core artifact + prior Core section. Current Core/evidence/authority/dependency fields are sourced from the matched STEP03 v1.2 relationship. STEP04 v1.0 is provenance only; no keyword/layer fallback.,CAM11-0067
STEP04-0053,M04-CI-001,M04,RUMAHAGEN_WF03_M04_FULL_REBUILD_v1.2_QIR_INTEGRATED_CONTROLLED/M04_CANONICAL_v1.2.md,SR-0075,04_ARCHITECTURE/W4-02A.6.5_SYSTEM_ARCHITECTURE_FULL_CONSOLIDATED_v1.8.docx,CORE ARCHITECTURE,01_GOVERNANCE/W4-02A.1_GOVERNANCE_CONSOLIDATION_FINAL_DECISION_AUTHORITY_v1.0.docx,Core architecture is governed as immutable Core semantic contract,DETERMINISTIC_CROSSWALK_VALIDATED,Exact deterministic join on module + prior candidate Core artifact + prior Core section. Current Core/evidence/authority/dependency fields are sourced from the matched STEP03 v1.2 relationship. STEP04 v1.0 is provenance only; no keyword/layer fallback.,CAM11-0011
STEP04-0054,M04-CI-002,M04,RUMAHAGEN_WF03_M04_FULL_REBUILD_v1.2_QIR_INTEGRATED_CONTROLLED/M04_CANONICAL_v1.2.md,SR-0075,04_ARCHITECTURE/W4-02A.6.5_SYSTEM_ARCHITECTURE_FULL_CONSOLIDATED_v1.8.docx,CORE ARCHITECTURE,01_GOVERNANCE/W4-02A.1_GOVERNANCE_CONSOLIDATION_FINAL_DECISION_AUTHORITY_v1.0.docx,Core architecture is governed as immutable Core semantic contract,DETERMINISTIC_CROSSWALK_VALIDATED,Exact deterministic join on module + prior candidate Core artifact + prior Core section. Current Core/evidence/authority/dependency fields are sourced from the matched STEP03 v1.2 relationship. STEP04 v1.0 is provenance only; no keyword/layer fallback.,CAM11-0011
STEP04-0055,M04-CI-003,M04,RUMAHAGEN_WF03_M04_FULL_REBUILD_v1.2_QIR_INTEGRATED_CONTROLLED/M04_CANONICAL_v1.2.md,SR-0075,04_ARCHITECTURE/W4-02A.6.5_SYSTEM_ARCHITECTURE_FULL_CONSOLIDATED_v1.8.docx,CORE ARCHITECTURE,01_GOVERNANCE/W4-02A.1_GOVERNANCE_CONSOLIDATION_FINAL_DECISION_AUTHORITY_v1.0.docx,Core architecture is governed as immutable Core semantic contract,DETERMINISTIC_CROSSWALK_VALIDATED,Exact deterministic join on module + prior candidate Core artifact + prior Core section. Current Core/evidence/authority/dependency fields are sourced from the matched STEP03 v1.2 relationship. STEP04 v1.0 is provenance only; no keyword/layer fallback.,CAM11-0011
STEP04-0056,M04-CI-004,M04,RUMAHAGEN_WF03_M04_FULL_REBUILD_v1.2_QIR_INTEGRATED_CONTROLLED/M04_CANONICAL_v1.2.md,SR-0075,04_ARCHITECTURE/W4-02A.6.5_SYSTEM_ARCHITECTURE_FULL_CONSOLIDATED_v1.8.docx,CORE ARCHITECTURE,01_GOVERNANCE/W4-02A.1_GOVERNANCE_CONSOLIDATION_FINAL_DECISION_AUTHORITY_v1.0.docx,Core architecture is governed as immutable Core semantic contract,DETERMINISTIC_CROSSWALK_VALIDATED,Exact deterministic join on module + prior candidate Core artifact + prior Core section. Current Core/evidence/authority/dependency fields are sourced from the matched STEP03 v1.2 relationship. STEP04 v1.0 is provenance only; no keyword/layer fallback.,CAM11-0011
STEP04-0057,M04-CI-005,M04,RUMAHAGEN_WF03_M04_FULL_REBUILD_v1.2_QIR_INTEGRATED_CONTROLLED/M04_CANONICAL_v1.2.md,SR-0075,04_ARCHITECTURE/W4-02A.6.5_SYSTEM_ARCHITECTURE_FULL_CONSOLIDATED_v1.8.docx,CORE ARCHITECTURE,01_GOVERNANCE/W4-02A.1_GOVERNANCE_CONSOLIDATION_FINAL_DECISION_AUTHORITY_v1.0.docx,Core architecture is governed as immutable Core semantic contract,DETERMINISTIC_CROSSWALK_VALIDATED,Exact deterministic join on module + prior candidate Core artifact + prior Core section. Current Core/evidence/authority/dependency fields are sourced from the matched STEP03 v1.2 relationship. STEP04 v1.0 is provenance only; no keyword/layer fallback.,CAM11-0011
STEP04-0058,M04-CI-006,M04,RUMAHAGEN_WF03_M04_FULL_REBUILD_v1.2_QIR_INTEGRATED_CONTROLLED/M04_CANONICAL_v1.2.md,SR-0075,04_ARCHITECTURE/W4-02A.6.5_SYSTEM_ARCHITECTURE_FULL_CONSOLIDATED_v1.8.docx,CORE ARCHITECTURE,01_GOVERNANCE/W4-02A.1_GOVERNANCE_CONSOLIDATION_FINAL_DECISION_AUTHORITY_v1.0.docx,Core architecture is governed as immutable Core semantic contract,DETERMINISTIC_CROSSWALK_VALIDATED,Exact deterministic join on module + prior candidate Core artifact + prior Core section. Current Core/evidence/authority/dependency fields are sourced from the matched STEP03 v1.2 relationship. STEP04 v1.0 is provenance only; no keyword/layer fallback.,CAM11-0011
STEP04-0059,M04-CI-007,M04,RUMAHAGEN_WF03_M04_FULL_REBUILD_v1.2_QIR_INTEGRATED_CONTROLLED/M04_CANONICAL_v1.2.md,SR-0075,04_ARCHITECTURE/W4-02A.6.5_SYSTEM_ARCHITECTURE_FULL_CONSOLIDATED_v1.8.docx,CORE ARCHITECTURE,01_GOVERNANCE/W4-02A.1_GOVERNANCE_CONSOLIDATION_FINAL_DECISION_AUTHORITY_v1.0.docx,Core architecture is governed as immutable Core semantic contract,DETERMINISTIC_CROSSWALK_VALIDATED,Exact deterministic join on module + prior candidate Core artifact + prior Core section. Current Core/evidence/authority/dependency fields are sourced from the matched STEP03 v1.2 relationship. STEP04 v1.0 is provenance only; no keyword/layer fallback.,CAM11-0011
STEP04-0060,M04-CI-008,M04,RUMAHAGEN_WF03_M04_FULL_REBUILD_v1.2_QIR_INTEGRATED_CONTROLLED/M04_CANONICAL_v1.2.md,SR-0075,04_ARCHITECTURE/W4-02A.6.5_SYSTEM_ARCHITECTURE_FULL_CONSOLIDATED_v1.8.docx,CORE ARCHITECTURE,01_GOVERNANCE/W4-02A.1_GOVERNANCE_CONSOLIDATION_FINAL_DECISION_AUTHORITY_v1.0.docx,Core architecture is governed as immutable Core semantic contract,DETERMINISTIC_CROSSWALK_VALIDATED,Exact deterministic join on module + prior candidate Core artifact + prior Core section. Current Core/evidence/authority/dependency fields are sourced from the matched STEP03 v1.2 relationship. STEP04 v1.0 is provenance only; no keyword/layer fallback.,CAM11-0011
STEP04-0061,M04-CI-009,M04,RUMAHAGEN_WF03_M04_FULL_REBUILD_v1.2_QIR_INTEGRATED_CONTROLLED/M04_CANONICAL_v1.2.md,SR-0075,04_ARCHITECTURE/W4-02A.6.5_SYSTEM_ARCHITECTURE_FULL_CONSOLIDATED_v1.8.docx,CORE ARCHITECTURE,01_GOVERNANCE/W4-02A.1_GOVERNANCE_CONSOLIDATION_FINAL_DECISION_AUTHORITY_v1.0.docx,Core architecture is governed as immutable Core semantic contract,DETERMINISTIC_CROSSWALK_VALIDATED,Exact deterministic join on module + prior candidate Core artifact + prior Core section. Current Core/evidence/authority/dependency fields are sourced from the matched STEP03 v1.2 relationship. STEP04 v1.0 is provenance only; no keyword/layer fallback.,CAM11-0011
STEP04-0062,M04-CI-010,M04,RUMAHAGEN_WF03_M04_FULL_REBUILD_v1.2_QIR_INTEGRATED_CONTROLLED/M04_CANONICAL_v1.2.md,SR-0075,04_ARCHITECTURE/W4-02A.6.5_SYSTEM_ARCHITECTURE_FULL_CONSOLIDATED_v1.8.docx,CORE ARCHITECTURE,01_GOVERNANCE/W4-02A.1_GOVERNANCE_CONSOLIDATION_FINAL_DECISION_AUTHORITY_v1.0.docx,Core architecture is governed as immutable Core semantic contract,DETERMINISTIC_CROSSWALK_VALIDATED,Exact deterministic join on module + prior candidate Core artifact + prior Core section. Current Core/evidence/authority/dependency fields are sourced from the matched STEP03 v1.2 relationship. STEP04 v1.0 is provenance only; no keyword/layer fallback.,CAM11-0011
STEP04-0063,M04-CI-011,M04,RUMAHAGEN_WF03_M04_FULL_REBUILD_v1.2_QIR_INTEGRATED_CONTROLLED/M04_CANONICAL_v1.2.md,SR-0075,04_ARCHITECTURE/W4-02A.6.5_SYSTEM_ARCHITECTURE_FULL_CONSOLIDATED_v1.8.docx,CORE ARCHITECTURE,01_GOVERNANCE/W4-02A.1_GOVERNANCE_CONSOLIDATION_FINAL_DECISION_AUTHORITY_v1.0.docx,Core architecture is governed as immutable Core semantic contract,DETERMINISTIC_CROSSWALK_VALIDATED,Exact deterministic join on module + prior candidate Core artifact + prior Core section. Current Core/evidence/authority/dependency fields are sourced from the matched STEP03 v1.2 relationship. STEP04 v1.0 is provenance only; no keyword/layer fallback.,CAM11-0011
STEP04-0064,M04-CI-012,M04,RUMAHAGEN_WF03_M04_FULL_REBUILD_v1.2_QIR_INTEGRATED_CONTROLLED/M04_CANONICAL_v1.2.md,SR-0075,04_ARCHITECTURE/W4-02A.6.5_SYSTEM_ARCHITECTURE_FULL_CONSOLIDATED_v1.8.docx,CORE ARCHITECTURE,01_GOVERNANCE/W4-02A.1_GOVERNANCE_CONSOLIDATION_FINAL_DECISION_AUTHORITY_v1.0.docx,Core architecture is governed as immutable Core semantic contract,DETERMINISTIC_CROSSWALK_VALIDATED,Exact deterministic join on module + prior candidate Core artifact + prior Core section. Current Core/evidence/authority/dependency fields are sourced from the matched STEP03 v1.2 relationship. STEP04 v1.0 is provenance only; no keyword/layer fallback.,CAM11-0011
STEP04-0065,M04-CI-013,M04,RUMAHAGEN_WF03_M04_FULL_REBUILD_v1.2_QIR_INTEGRATED_CONTROLLED/M04_CANONICAL_v1.2.md,SR-0075,04_ARCHITECTURE/W4-02A.6.5_SYSTEM_ARCHITECTURE_FULL_CONSOLIDATED_v1.8.docx,CORE ARCHITECTURE,01_GOVERNANCE/W4-02A.1_GOVERNANCE_CONSOLIDATION_FINAL_DECISION_AUTHORITY_v1.0.docx,Core architecture is governed as immutable Core semantic contract,DETERMINISTIC_CROSSWALK_VALIDATED,Exact deterministic join on module + prior candidate Core artifact + prior Core section. Current Core/evidence/authority/dependency fields are sourced from the matched STEP03 v1.2 relationship. STEP04 v1.0 is provenance only; no keyword/layer fallback.,CAM11-0011
STEP04-0066,M04-CI-014,M04,RUMAHAGEN_WF03_M04_FULL_REBUILD_v1.2_QIR_INTEGRATED_CONTROLLED/M04_CANONICAL_v1.2.md,SR-0846,30_RECONCILIATION_EVIDENCE/W4-02A.5R_SOURCE_UPDATE_REVALIDATION_v1.1.docx,CORE RECONCILIATION EVIDENCE AUTHORITY,00_CONTROL/W4-02A.7_RECURSIVE_SOURCE_AUDIT_REGISTER_v1.0.csv,Reconciliation evidence and audit lineage,DETERMINISTIC_CROSSWALK_VALIDATED,Exact deterministic join on module + prior candidate Core artifact + prior Core section. Current Core/evidence/authority/dependency fields are sourced from the matched STEP03 v1.2 relationship. STEP04 v1.0 is provenance only; no keyword/layer fallback.,CAM11-0074
STEP04-0067,M04-CI-015,M04,RUMAHAGEN_WF03_M04_FULL_REBUILD_v1.2_QIR_INTEGRATED_CONTROLLED/M04_CANONICAL_v1.2.md,SR-0075,04_ARCHITECTURE/W4-02A.6.5_SYSTEM_ARCHITECTURE_FULL_CONSOLIDATED_v1.8.docx,CORE ARCHITECTURE,01_GOVERNANCE/W4-02A.1_GOVERNANCE_CONSOLIDATION_FINAL_DECISION_AUTHORITY_v1.0.docx,Core architecture is governed as immutable Core semantic contract,DETERMINISTIC_CROSSWALK_VALIDATED,Exact deterministic join on module + prior candidate Core artifact + prior Core section. Current Core/evidence/authority/dependency fields are sourced from the matched STEP03 v1.2 relationship. STEP04 v1.0 is provenance only; no keyword/layer fallback.,CAM11-0011
STEP04-0068,M04-CI-016,M04,RUMAHAGEN_WF03_M04_FULL_REBUILD_v1.2_QIR_INTEGRATED_CONTROLLED/M04_CANONICAL_v1.2.md,SR-0404,13_RBAC_RLS/W4-02A.6.17_RBAC_PERMISSION_RLS_CURRENT_AUTHORIZATION_BASELINE_FULL_CONSOLIDATED_v2.1.docx,M10 AUTHORIZATION AUTHORITY,RUMAHAGEN_WF03_M10_FULL_REBUILD_CONTROLLED_v1.1_FULL_VERSION/RUMAHAGEN_WF03_M10_FULL_REBUILD_CONTROLLED_v1.1.md,M10 is Role/Permission/Scope/Condition/Ownership/Organization/RLS authority,DETERMINISTIC_CROSSWALK_VALIDATED,Exact deterministic join on module + prior candidate Core artifact + prior Core section. Current Core/evidence/authority/dependency fields are sourced from the matched STEP03 v1.2 relationship. STEP04 v1.0 is provenance only; no keyword/layer fallback.,CAM11-0033
STEP04-0069,M04-CI-017,M04,RUMAHAGEN_WF03_M04_FULL_REBUILD_v1.2_QIR_INTEGRATED_CONTROLLED/M04_CANONICAL_v1.2.md,SR-0075,04_ARCHITECTURE/W4-02A.6.5_SYSTEM_ARCHITECTURE_FULL_CONSOLIDATED_v1.8.docx,CORE ARCHITECTURE,01_GOVERNANCE/W4-02A.1_GOVERNANCE_CONSOLIDATION_FINAL_DECISION_AUTHORITY_v1.0.docx,Core architecture is governed as immutable Core semantic contract,DETERMINISTIC_CROSSWALK_VALIDATED,Exact deterministic join on module + prior candidate Core artifact + prior Core section. Current Core/evidence/authority/dependency fields are sourced from the matched STEP03 v1.2 relationship. STEP04 v1.0 is provenance only; no keyword/layer fallback.,CAM11-0011
STEP04-0070,M06-CI-001,M06,RUMAHAGEN_WF03_M06_FULL_REBUILD_CONTROLLED_v1.5_FULL_VERSION/07_M06_FULL_REBUILD_CONTROLLED_v1.5.md,SR-0182,11_DATABASE_SCHEMA/RUMAHAGEN_FULL_DATABASE_SCHEMA_SOURCE_ONLY_PACKAGE_v1.0.zip,W4-01E / W4-02 PHYSICAL AUTHORITY,11_DATABASE_SCHEMA/W4-01E_FINAL_BUILD_FROM_ZERO_SCHEMA_PACKAGE_v2.6.zip;11_DATABASE_SCHEMA/W4-02_CANONICAL_BUILD_FROM_ZERO_MIGRATION_PACKAGE_v1.0.zip,W4-01E frozen physical design and W4-02 executable physical baseline,DETERMINISTIC_CROSSWALK_VALIDATED,Exact deterministic join on module + prior candidate Core artifact + prior Core section. Current Core/evidence/authority/dependency fields are sourced from the matched STEP03 v1.2 relationship. STEP04 v1.0 is provenance only; no keyword/layer fallback.,CAM11-0018
STEP04-0071,M06-CI-002,M06,RUMAHAGEN_WF03_M06_FULL_REBUILD_CONTROLLED_v1.5_FULL_VERSION/07_M06_FULL_REBUILD_CONTROLLED_v1.5.md,SR-0077,04_ARCHITECTURE/W4-02A.6.5_SYSTEM_ARCHITECTURE_FULL_CONSOLIDATED_v1.8.docx,CORE ARCHITECTURE,01_GOVERNANCE/W4-02A.1_GOVERNANCE_CONSOLIDATION_FINAL_DECISION_AUTHORITY_v1.0.docx,Core architecture is governed as immutable Core semantic contract,DETERMINISTIC_CROSSWALK_VALIDATED,Exact deterministic join on module + prior candidate Core artifact + prior Core section. Current Core/evidence/authority/dependency fields are sourced from the matched STEP03 v1.2 relationship. STEP04 v1.0 is provenance only; no keyword/layer fallback.,CAM11-0011
STEP04-0072,M06-CI-003,M06,RUMAHAGEN_WF03_M06_FULL_REBUILD_CONTROLLED_v1.5_FULL_VERSION/07_M06_FULL_REBUILD_CONTROLLED_v1.5.md,SR-0450,16_UI_UX/W4-02A.6.20_UI_UX_SPECIFICATION_CURRENT_INTERFACE_BEHAVIOR_CONTRACT_v2.1.md,CORE INTERFACE BEHAVIOR AUTHORITY,01_GOVERNANCE/W4-02A.1_GOVERNANCE_CONSOLIDATION_FINAL_DECISION_AUTHORITY_v1.0.docx,UI/UX behavior contract; visibility is not authorization,DETERMINISTIC_CROSSWALK_VALIDATED,Exact deterministic join on module + prior candidate Core artifact + prior Core section. Current Core/evidence/authority/dependency fields are sourced from the matched STEP03 v1.2 relationship. STEP04 v1.0 is provenance only; no keyword/layer fallback.,CAM11-0036
STEP04-0073,M06-CI-004,M06,RUMAHAGEN_WF03_M06_FULL_REBUILD_CONTROLLED_v1.5_FULL_VERSION/07_M06_FULL_REBUILD_CONTROLLED_v1.5.md,SR-0077,04_ARCHITECTURE/W4-02A.6.5_SYSTEM_ARCHITECTURE_FULL_CONSOLIDATED_v1.8.docx,CORE ARCHITECTURE,01_GOVERNANCE/W4-02A.1_GOVERNANCE_CONSOLIDATION_FINAL_DECISION_AUTHORITY_v1.0.docx,Core architecture is governed as immutable Core semantic contract,DETERMINISTIC_CROSSWALK_VALIDATED,Exact deterministic join on module + prior candidate Core artifact + prior Core section. Current Core/evidence/authority/dependency fields are sourced from the matched STEP03 v1.2 relationship. STEP04 v1.0 is provenance only; no keyword/layer fallback.,CAM11-0011
STEP04-0074,M06-CI-005,M06,RUMAHAGEN_WF03_M06_FULL_REBUILD_CONTROLLED_v1.5_FULL_VERSION/07_M06_FULL_REBUILD_CONTROLLED_v1.5.md,SR-0077,04_ARCHITECTURE/W4-02A.6.5_SYSTEM_ARCHITECTURE_FULL_CONSOLIDATED_v1.8.docx,CORE ARCHITECTURE,01_GOVERNANCE/W4-02A.1_GOVERNANCE_CONSOLIDATION_FINAL_DECISION_AUTHORITY_v1.0.docx,Core architecture is governed as immutable Core semantic contract,DETERMINISTIC_CROSSWALK_VALIDATED,Exact deterministic join on module + prior candidate Core artifact + prior Core section. Current Core/evidence/authority/dependency fields are sourced from the matched STEP03 v1.2 relationship. STEP04 v1.0 is provenance only; no keyword/layer fallback.,CAM11-0011
STEP04-0075,M06-CI-006,M06,RUMAHAGEN_WF03_M06_FULL_REBUILD_CONTROLLED_v1.5_FULL_VERSION/07_M06_FULL_REBUILD_CONTROLLED_v1.5.md,SR-0077,04_ARCHITECTURE/W4-02A.6.5_SYSTEM_ARCHITECTURE_FULL_CONSOLIDATED_v1.8.docx,CORE ARCHITECTURE,01_GOVERNANCE/W4-02A.1_GOVERNANCE_CONSOLIDATION_FINAL_DECISION_AUTHORITY_v1.0.docx,Core architecture is governed as immutable Core semantic contract,DETERMINISTIC_CROSSWALK_VALIDATED,Exact deterministic join on module + prior candidate Core artifact + prior Core section. Current Core/evidence/authority/dependency fields are sourced from the matched STEP03 v1.2 relationship. STEP04 v1.0 is provenance only; no keyword/layer fallback.,CAM11-0011
STEP04-0076,M06-CI-007,M06,RUMAHAGEN_WF03_M06_FULL_REBUILD_CONTROLLED_v1.5_FULL_VERSION/07_M06_FULL_REBUILD_CONTROLLED_v1.5.md,SR-0077,04_ARCHITECTURE/W4-02A.6.5_SYSTEM_ARCHITECTURE_FULL_CONSOLIDATED_v1.8.docx,CORE ARCHITECTURE,01_GOVERNANCE/W4-02A.1_GOVERNANCE_CONSOLIDATION_FINAL_DECISION_AUTHORITY_v1.0.docx,Core architecture is governed as immutable Core semantic contract,DETERMINISTIC_CROSSWALK_VALIDATED,Exact deterministic join on module + prior candidate Core artifact + prior Core section. Current Core/evidence/authority/dependency fields are sourced from the matched STEP03 v1.2 relationship. STEP04 v1.0 is provenance only; no keyword/layer fallback.,CAM11-0011
STEP04-0077,M06-CI-008,M06,RUMAHAGEN_WF03_M06_FULL_REBUILD_CONTROLLED_v1.5_FULL_VERSION/07_M06_FULL_REBUILD_CONTROLLED_v1.5.md,SR-0152,09_ERD/W4-02A.6.13_ERD_CURRENT_LOGICAL_DATA_MODEL_FULL_CONSOLIDATED_v2.1.docx,CORE LOGICAL DATA MODEL AUTHORITY,01_GOVERNANCE/W4-02A.1_GOVERNANCE_CONSOLIDATION_FINAL_DECISION_AUTHORITY_v1.0.docx,Core logical data model authority,DETERMINISTIC_CROSSWALK_VALIDATED,Exact deterministic join on module + prior candidate Core artifact + prior Core section. Current Core/evidence/authority/dependency fields are sourced from the matched STEP03 v1.2 relationship. STEP04 v1.0 is provenance only; no keyword/layer fallback.,CAM11-0016
STEP04-0078,M06-CI-009,M06,RUMAHAGEN_WF03_M06_FULL_REBUILD_CONTROLLED_v1.5_FULL_VERSION/07_M06_FULL_REBUILD_CONTROLLED_v1.5.md,SR-0406,13_RBAC_RLS/W4-02A.6.17_RBAC_PERMISSION_RLS_CURRENT_AUTHORIZATION_BASELINE_FULL_CONSOLIDATED_v2.1.docx,M10 AUTHORIZATION AUTHORITY,RUMAHAGEN_WF03_M10_FULL_REBUILD_CONTROLLED_v1.1_FULL_VERSION/RUMAHAGEN_WF03_M10_FULL_REBUILD_CONTROLLED_v1.1.md,M10 is Role/Permission/Scope/Condition/Ownership/Organization/RLS authority,DETERMINISTIC_CROSSWALK_VALIDATED,Exact deterministic join on module + prior candidate Core artifact + prior Core section. Current Core/evidence/authority/dependency fields are sourced from the matched STEP03 v1.2 relationship. STEP04 v1.0 is provenance only; no keyword/layer fallback.,CAM11-0033
STEP04-0079,M06-CI-010,M06,RUMAHAGEN_WF03_M06_FULL_REBUILD_CONTROLLED_v1.5_FULL_VERSION/07_M06_FULL_REBUILD_CONTROLLED_v1.5.md,SR-0743,27_AI_BLUEPRINT/W4-02A.6.31_AI_DEVELOPMENT_BLUEPRINT_v2.1.md,CORE AI DEVELOPMENT BLUEPRINT AUTHORITY,01_GOVERNANCE/W4-02A.1_GOVERNANCE_CONSOLIDATION_FINAL_DECISION_AUTHORITY_v1.0.docx,AI development blueprint is controlled project context,DETERMINISTIC_CROSSWALK_VALIDATED,Exact deterministic join on module + prior candidate Core artifact + prior Core section. Current Core/evidence/authority/dependency fields are sourced from the matched STEP03 v1.2 relationship. STEP04 v1.0 is provenance only; no keyword/layer fallback.,CAM11-0067
STEP04-0080,M06-CI-011,M06,RUMAHAGEN_WF03_M06_FULL_REBUILD_CONTROLLED_v1.5_FULL_VERSION/07_M06_FULL_REBUILD_CONTROLLED_v1.5.md,SR-0406,13_RBAC_RLS/W4-02A.6.17_RBAC_PERMISSION_RLS_CURRENT_AUTHORIZATION_BASELINE_FULL_CONSOLIDATED_v2.1.docx,M10 AUTHORIZATION AUTHORITY,RUMAHAGEN_WF03_M10_FULL_REBUILD_CONTROLLED_v1.1_FULL_VERSION/RUMAHAGEN_WF03_M10_FULL_REBUILD_CONTROLLED_v1.1.md,M10 is Role/Permission/Scope/Condition/Ownership/Organization/RLS authority,DETERMINISTIC_CROSSWALK_VALIDATED,Exact deterministic join on module + prior candidate Core artifact + prior Core section. Current Core/evidence/authority/dependency fields are sourced from the matched STEP03 v1.2 relationship. STEP04 v1.0 is provenance only; no keyword/layer fallback.,CAM11-0033
STEP04-0081,M06-CI-012,M06,RUMAHAGEN_WF03_M06_FULL_REBUILD_CONTROLLED_v1.5_FULL_VERSION/07_M06_FULL_REBUILD_CONTROLLED_v1.5.md,SR-0182,11_DATABASE_SCHEMA/RUMAHAGEN_FULL_DATABASE_SCHEMA_SOURCE_ONLY_PACKAGE_v1.0.zip,W4-01E / W4-02 PHYSICAL AUTHORITY,11_DATABASE_SCHEMA/W4-01E_FINAL_BUILD_FROM_ZERO_SCHEMA_PACKAGE_v2.6.zip;11_DATABASE_SCHEMA/W4-02_CANONICAL_BUILD_FROM_ZERO_MIGRATION_PACKAGE_v1.0.zip,W4-01E frozen physical design and W4-02 executable physical baseline,DETERMINISTIC_CROSSWALK_VALIDATED,Exact deterministic join on module + prior candidate Core artifact + prior Core section. Current Core/evidence/authority/dependency fields are sourced from the matched STEP03 v1.2 relationship. STEP04 v1.0 is provenance only; no keyword/layer fallback.,CAM11-0018
STEP04-0082,M06-CI-013,M06,RUMAHAGEN_WF03_M06_FULL_REBUILD_CONTROLLED_v1.5_FULL_VERSION/07_M06_FULL_REBUILD_CONTROLLED_v1.5.md,SR-0152,09_ERD/W4-02A.6.13_ERD_CURRENT_LOGICAL_DATA_MODEL_FULL_CONSOLIDATED_v2.1.docx,CORE LOGICAL DATA MODEL AUTHORITY,01_GOVERNANCE/W4-02A.1_GOVERNANCE_CONSOLIDATION_FINAL_DECISION_AUTHORITY_v1.0.docx,Core logical data model authority,DETERMINISTIC_CROSSWALK_VALIDATED,Exact deterministic join on module + prior candidate Core artifact + prior Core section. Current Core/evidence/authority/dependency fields are sourced from the matched STEP03 v1.2 relationship. STEP04 v1.0 is provenance only; no keyword/layer fallback.,CAM11-0016
STEP04-0083,M06-CI-014,M06,RUMAHAGEN_WF03_M06_FULL_REBUILD_CONTROLLED_v1.5_FULL_VERSION/07_M06_FULL_REBUILD_CONTROLLED_v1.5.md,SR-0743,27_AI_BLUEPRINT/W4-02A.6.31_AI_DEVELOPMENT_BLUEPRINT_v2.1.md,CORE AI DEVELOPMENT BLUEPRINT AUTHORITY,01_GOVERNANCE/W4-02A.1_GOVERNANCE_CONSOLIDATION_FINAL_DECISION_AUTHORITY_v1.0.docx,AI development blueprint is controlled project context,DETERMINISTIC_CROSSWALK_VALIDATED,Exact deterministic join on module + prior candidate Core artifact + prior Core section. Current Core/evidence/authority/dependency fields are sourced from the matched STEP03 v1.2 relationship. STEP04 v1.0 is provenance only; no keyword/layer fallback.,CAM11-0067
STEP04-0084,M06-CI-015,M06,RUMAHAGEN_WF03_M06_FULL_REBUILD_CONTROLLED_v1.5_FULL_VERSION/07_M06_FULL_REBUILD_CONTROLLED_v1.5.md,SR-0152,09_ERD/W4-02A.6.13_ERD_CURRENT_LOGICAL_DATA_MODEL_FULL_CONSOLIDATED_v2.1.docx,CORE LOGICAL DATA MODEL AUTHORITY,01_GOVERNANCE/W4-02A.1_GOVERNANCE_CONSOLIDATION_FINAL_DECISION_AUTHORITY_v1.0.docx,Core logical data model authority,DETERMINISTIC_CROSSWALK_VALIDATED,Exact deterministic join on module + prior candidate Core artifact + prior Core section. Current Core/evidence/authority/dependency fields are sourced from the matched STEP03 v1.2 relationship. STEP04 v1.0 is provenance only; no keyword/layer fallback.,CAM11-0016
STEP04-0085,M06-CI-016,M06,RUMAHAGEN_WF03_M06_FULL_REBUILD_CONTROLLED_v1.5_FULL_VERSION/07_M06_FULL_REBUILD_CONTROLLED_v1.5.md,SR-0077,04_ARCHITECTURE/W4-02A.6.5_SYSTEM_ARCHITECTURE_FULL_CONSOLIDATED_v1.8.docx,CORE ARCHITECTURE,01_GOVERNANCE/W4-02A.1_GOVERNANCE_CONSOLIDATION_FINAL_DECISION_AUTHORITY_v1.0.docx,Core architecture is governed as immutable Core semantic contract,DETERMINISTIC_CROSSWALK_VALIDATED,Exact deterministic join on module + prior candidate Core artifact + prior Core section. Current Core/evidence/authority/dependency fields are sourced from the matched STEP03 v1.2 relationship. STEP04 v1.0 is provenance only; no keyword/layer fallback.,CAM11-0011
STEP04-0086,M06-CI-017,M06,RUMAHAGEN_WF03_M06_FULL_REBUILD_CONTROLLED_v1.5_FULL_VERSION/07_M06_FULL_REBUILD_CONTROLLED_v1.5.md,SR-0420,14_FUNCTIONAL/W4-02A.6.18_FUNCTIONAL_SPECIFICATION_CURRENT_FUNCTIONAL_IMPLEMENTATION_CONTRACT_v2.1.md,CORE FUNCTIONAL CONTRACT AUTHORITY,01_GOVERNANCE/W4-02A.1_GOVERNANCE_CONSOLIDATION_FINAL_DECISION_AUTHORITY_v1.0.docx,Functional contract under Core governance,DETERMINISTIC_CROSSWALK_VALIDATED,Exact deterministic join on module + prior candidate Core artifact + prior Core section. Current Core/evidence/authority/dependency fields are sourced from the matched STEP03 v1.2 relationship. STEP04 v1.0 is provenance only; no keyword/layer fallback.,CAM11-0034
STEP04-0087,M06-CI-018,M06,RUMAHAGEN_WF03_M06_FULL_REBUILD_CONTROLLED_v1.5_FULL_VERSION/07_M06_FULL_REBUILD_CONTROLLED_v1.5.md,SR-0152,09_ERD/W4-02A.6.13_ERD_CURRENT_LOGICAL_DATA_MODEL_FULL_CONSOLIDATED_v2.1.docx,CORE LOGICAL DATA MODEL AUTHORITY,01_GOVERNANCE/W4-02A.1_GOVERNANCE_CONSOLIDATION_FINAL_DECISION_AUTHORITY_v1.0.docx,Core logical data model authority,DETERMINISTIC_CROSSWALK_VALIDATED,Exact deterministic join on module + prior candidate Core artifact + prior Core section. Current Core/evidence/authority/dependency fields are sourced from the matched STEP03 v1.2 relationship. STEP04 v1.0 is provenance only; no keyword/layer fallback.,CAM11-0016
STEP04-0088,M07-IA-001,M07,RUMAHAGEN_WF03_M07_FULL_REBUILD_CONTROLLED_v1.1_FULL_VERSION/00_M07_FULL_REBUILD_CONTROLLED_v1.1.md,SR-0078,04_ARCHITECTURE/W4-02A.6.5_SYSTEM_ARCHITECTURE_FULL_CONSOLIDATED_v1.8.docx,CORE ARCHITECTURE,01_GOVERNANCE/W4-02A.1_GOVERNANCE_CONSOLIDATION_FINAL_DECISION_AUTHORITY_v1.0.docx,Core architecture is governed as immutable Core semantic contract,DETERMINISTIC_CROSSWALK_VALIDATED,Exact deterministic join on module + prior candidate Core artifact + prior Core section. Current Core/evidence/authority/dependency fields are sourced from the matched STEP03 v1.2 relationship. STEP04 v1.0 is provenance only; no keyword/layer fallback.,CAM11-0011
STEP04-0089,M07-IA-002,M07,RUMAHAGEN_WF03_M07_FULL_REBUILD_CONTROLLED_v1.1_FULL_VERSION/00_M07_FULL_REBUILD_CONTROLLED_v1.1.md,SR-0078,04_ARCHITECTURE/W4-02A.6.5_SYSTEM_ARCHITECTURE_FULL_CONSOLIDATED_v1.8.docx,CORE ARCHITECTURE,01_GOVERNANCE/W4-02A.1_GOVERNANCE_CONSOLIDATION_FINAL_DECISION_AUTHORITY_v1.0.docx,Core architecture is governed as immutable Core semantic contract,DETERMINISTIC_CROSSWALK_VALIDATED,Exact deterministic join on module + prior candidate Core artifact + prior Core section. Current Core/evidence/authority/dependency fields are sourced from the matched STEP03 v1.2 relationship. STEP04 v1.0 is provenance only; no keyword/layer fallback.,CAM11-0011
STEP04-0090,M07-IA-003,M07,RUMAHAGEN_WF03_M07_FULL_REBUILD_CONTROLLED_v1.1_FULL_VERSION/00_M07_FULL_REBUILD_CONTROLLED_v1.1.md,SR-0183,11_DATABASE_SCHEMA/RUMAHAGEN_FULL_DATABASE_SCHEMA_SOURCE_ONLY_PACKAGE_v1.0.zip,W4-01E / W4-02 PHYSICAL AUTHORITY,11_DATABASE_SCHEMA/W4-01E_FINAL_BUILD_FROM_ZERO_SCHEMA_PACKAGE_v2.6.zip;11_DATABASE_SCHEMA/W4-02_CANONICAL_BUILD_FROM_ZERO_MIGRATION_PACKAGE_v1.0.zip,W4-01E frozen physical design and W4-02 executable physical baseline,DETERMINISTIC_CROSSWALK_VALIDATED,Exact deterministic join on module + prior candidate Core artifact + prior Core section. Current Core/evidence/authority/dependency fields are sourced from the matched STEP03 v1.2 relationship. STEP04 v1.0 is provenance only; no keyword/layer fallback.,CAM11-0018
STEP04-0091,M07-IA-004,M07,RUMAHAGEN_WF03_M07_FULL_REBUILD_CONTROLLED_v1.1_FULL_VERSION/00_M07_FULL_REBUILD_CONTROLLED_v1.1.md,SR-0436,15_TECHNICAL/W4-02A.6.19_TECHNICAL_SPECIFICATION_CURRENT_TECHNICAL_IMPLEMENTATION_CONTRACT_v2.1.md,CORE TECHNICAL CONTRACT AUTHORITY,01_GOVERNANCE/W4-02A.1_GOVERNANCE_CONSOLIDATION_FINAL_DECISION_AUTHORITY_v1.0.docx,Technical implementation contract under Core governance,DETERMINISTIC_CROSSWALK_VALIDATED,Exact deterministic join on module + prior candidate Core artifact + prior Core section. Current Core/evidence/authority/dependency fields are sourced from the matched STEP03 v1.2 relationship. STEP04 v1.0 is provenance only; no keyword/layer fallback.,CAM11-0035
STEP04-0092,M07-IA-005,M07,RUMAHAGEN_WF03_M07_FULL_REBUILD_CONTROLLED_v1.1_FULL_VERSION/00_M07_FULL_REBUILD_CONTROLLED_v1.1.md,SR-0393,12_API/W4-02A.6.16_API_SPECIFICATION_CURRENT_API_CONTRACT_BASELINE_FULL_CONSOLIDATED_v2.1.docx,CORE API CONTRACT AUTHORITY,01_GOVERNANCE/W4-02A.1_GOVERNANCE_CONSOLIDATION_FINAL_DECISION_AUTHORITY_v1.0.docx,API contract governed by Core freeze,DETERMINISTIC_CROSSWALK_VALIDATED,Exact deterministic join on module + prior candidate Core artifact + prior Core section. Current Core/evidence/authority/dependency fields are sourced from the matched STEP03 v1.2 relationship. STEP04 v1.0 is provenance only; no keyword/layer fallback.,CAM11-0032
STEP04-0093,M07-IA-006,M07,RUMAHAGEN_WF03_M07_FULL_REBUILD_CONTROLLED_v1.1_FULL_VERSION/00_M07_FULL_REBUILD_CONTROLLED_v1.1.md,SR-F-0009,CAM11-0052,M01–M07 EXECUTION CONTEXT; MODULE AUTHORITIES REMAIN SEMANTIC AUTHORITY,M01–M07 CURRENT AUTHORITY ARTIFACT SET,Focused execution pack is downstream execution context,DETERMINISTIC_EXPLICIT_FINDING_RELATIONSHIP,Exact finding-level relationship created in STEP03 v1.3 from current module authority + exact Core artifact + exact section/evidence anchor.,CAM11-0001
STEP04-0094,M07-IA-007,M07,RUMAHAGEN_WF03_M07_FULL_REBUILD_CONTROLLED_v1.1_FULL_VERSION/00_M07_FULL_REBUILD_CONTROLLED_v1.1.md,SR-0436,15_TECHNICAL/W4-02A.6.19_TECHNICAL_SPECIFICATION_CURRENT_TECHNICAL_IMPLEMENTATION_CONTRACT_v2.1.md,CORE TECHNICAL CONTRACT AUTHORITY,01_GOVERNANCE/W4-02A.1_GOVERNANCE_CONSOLIDATION_FINAL_DECISION_AUTHORITY_v1.0.docx,Technical implementation contract under Core governance,DETERMINISTIC_CROSSWALK_VALIDATED,Exact deterministic join on module + prior candidate Core artifact + prior Core section. Current Core/evidence/authority/dependency fields are sourced from the matched STEP03 v1.2 relationship. STEP04 v1.0 is provenance only; no keyword/layer fallback.,CAM11-0035
STEP04-0095,M07-IA-008,M07,RUMAHAGEN_WF03_M07_FULL_REBUILD_CONTROLLED_v1.1_FULL_VERSION/00_M07_FULL_REBUILD_CONTROLLED_v1.1.md,SR-0519,21_EXECUTION_SPECIFICATION/W4-02A.6.25_MODULE_EXECUTION_SPECIFICATION_ARCHITECTURE_v2.1.md,CORE EXECUTION SPECIFICATION AUTHORITY,01_GOVERNANCE/W4-02A.1_GOVERNANCE_CONSOLIDATION_FINAL_DECISION_AUTHORITY_v1.0.docx,Execution specification is downstream of frozen semantic authority,DETERMINISTIC_CROSSWALK_VALIDATED,Exact deterministic join on module + prior candidate Core artifact + prior Core section. Current Core/evidence/authority/dependency fields are sourced from the matched STEP03 v1.2 relationship. STEP04 v1.0 is provenance only; no keyword/layer fallback.,CAM11-0041
STEP04-0096,M07-IA-009,M07,RUMAHAGEN_WF03_M07_FULL_REBUILD_CONTROLLED_v1.1_FULL_VERSION/00_M07_FULL_REBUILD_CONTROLLED_v1.1.md,SR-0183,11_DATABASE_SCHEMA/RUMAHAGEN_FULL_DATABASE_SCHEMA_SOURCE_ONLY_PACKAGE_v1.0.zip,W4-01E / W4-02 PHYSICAL AUTHORITY,11_DATABASE_SCHEMA/W4-01E_FINAL_BUILD_FROM_ZERO_SCHEMA_PACKAGE_v2.6.zip;11_DATABASE_SCHEMA/W4-02_CANONICAL_BUILD_FROM_ZERO_MIGRATION_PACKAGE_v1.0.zip,W4-01E frozen physical design and W4-02 executable physical baseline,DETERMINISTIC_CROSSWALK_VALIDATED,Exact deterministic join on module + prior candidate Core artifact + prior Core section. Current Core/evidence/authority/dependency fields are sourced from the matched STEP03 v1.2 relationship. STEP04 v1.0 is provenance only; no keyword/layer fallback.,CAM11-0018
STEP04-0097,M07-IA-010,M07,RUMAHAGEN_WF03_M07_FULL_REBUILD_CONTROLLED_v1.1_FULL_VERSION/00_M07_FULL_REBUILD_CONTROLLED_v1.1.md,SR-0078,04_ARCHITECTURE/W4-02A.6.5_SYSTEM_ARCHITECTURE_FULL_CONSOLIDATED_v1.8.docx,CORE ARCHITECTURE,01_GOVERNANCE/W4-02A.1_GOVERNANCE_CONSOLIDATION_FINAL_DECISION_AUTHORITY_v1.0.docx,Core architecture is governed as immutable Core semantic contract,DETERMINISTIC_CROSSWALK_VALIDATED,Exact deterministic join on module + prior candidate Core artifact + prior Core section. Current Core/evidence/authority/dependency fields are sourced from the matched STEP03 v1.2 relationship. STEP04 v1.0 is provenance only; no keyword/layer fallback.,CAM11-0011
STEP04-0098,M07-IA-011,M07,RUMAHAGEN_WF03_M07_FULL_REBUILD_CONTROLLED_v1.1_FULL_VERSION/00_M07_FULL_REBUILD_CONTROLLED_v1.1.md,SR-0078,04_ARCHITECTURE/W4-02A.6.5_SYSTEM_ARCHITECTURE_FULL_CONSOLIDATED_v1.8.docx,CORE ARCHITECTURE,01_GOVERNANCE/W4-02A.1_GOVERNANCE_CONSOLIDATION_FINAL_DECISION_AUTHORITY_v1.0.docx,Core architecture is governed as immutable Core semantic contract,DETERMINISTIC_CROSSWALK_VALIDATED,Exact deterministic join on module + prior candidate Core artifact + prior Core section. Current Core/evidence/authority/dependency fields are sourced from the matched STEP03 v1.2 relationship. STEP04 v1.0 is provenance only; no keyword/layer fallback.,CAM11-0011
STEP04-0099,M07-IA-012,M07,RUMAHAGEN_WF03_M07_FULL_REBUILD_CONTROLLED_v1.1_FULL_VERSION/00_M07_FULL_REBUILD_CONTROLLED_v1.1.md,SR-0078,04_ARCHITECTURE/W4-02A.6.5_SYSTEM_ARCHITECTURE_FULL_CONSOLIDATED_v1.8.docx,CORE ARCHITECTURE,01_GOVERNANCE/W4-02A.1_GOVERNANCE_CONSOLIDATION_FINAL_DECISION_AUTHORITY_v1.0.docx,Core architecture is governed as immutable Core semantic contract,DETERMINISTIC_CROSSWALK_VALIDATED,Exact deterministic join on module + prior candidate Core artifact + prior Core section. Current Core/evidence/authority/dependency fields are sourced from the matched STEP03 v1.2 relationship. STEP04 v1.0 is provenance only; no keyword/layer fallback.,CAM11-0011
STEP04-0100,M07-IA-013,M07,RUMAHAGEN_WF03_M07_FULL_REBUILD_CONTROLLED_v1.1_FULL_VERSION/00_M07_FULL_REBUILD_CONTROLLED_v1.1.md,SR-0744,27_AI_BLUEPRINT/W4-02A.6.31_AI_DEVELOPMENT_BLUEPRINT_v2.1.md,CORE AI DEVELOPMENT BLUEPRINT AUTHORITY,01_GOVERNANCE/W4-02A.1_GOVERNANCE_CONSOLIDATION_FINAL_DECISION_AUTHORITY_v1.0.docx,AI development blueprint is controlled project context,DETERMINISTIC_CROSSWALK_VALIDATED,Exact deterministic join on module + prior candidate Core artifact + prior Core section. Current Core/evidence/authority/dependency fields are sourced from the matched STEP03 v1.2 relationship. STEP04 v1.0 is provenance only; no keyword/layer fallback.,CAM11-0067
STEP04-0101,M07-IA-014,M07,RUMAHAGEN_WF03_M07_FULL_REBUILD_CONTROLLED_v1.1_FULL_VERSION/00_M07_FULL_REBUILD_CONTROLLED_v1.1.md,SR-0474,18_MODULE_DEPENDENCY/W4-02A.6.22_MODULE_DEPENDENCY_MATRIX_CROSS_MODULE_DEPENDENCY_CONTRACT_v2.1.md,CORE CROSS-MODULE DEPENDENCY CONTRACT,00_CONTROL/SOURCE_INDEX_v1.3.md,Cross-module dependency contract and controlled dependency matrix,DETERMINISTIC_CROSSWALK_VALIDATED,Exact deterministic join on module + prior candidate Core artifact + prior Core section. Current Core/evidence/authority/dependency fields are sourced from the matched STEP03 v1.2 relationship. STEP04 v1.0 is provenance only; no keyword/layer fallback.,CAM11-0038
STEP04-0102,M07-IA-015,M07,RUMAHAGEN_WF03_M07_FULL_REBUILD_CONTROLLED_v1.1_FULL_VERSION/00_M07_FULL_REBUILD_CONTROLLED_v1.1.md,SR-0474,18_MODULE_DEPENDENCY/W4-02A.6.22_MODULE_DEPENDENCY_MATRIX_CROSS_MODULE_DEPENDENCY_CONTRACT_v2.1.md,CORE CROSS-MODULE DEPENDENCY CONTRACT,00_CONTROL/SOURCE_INDEX_v1.3.md,Cross-module dependency contract and controlled dependency matrix,DETERMINISTIC_CROSSWALK_VALIDATED,Exact deterministic join on module + prior candidate Core artifact + prior Core section. Current Core/evidence/authority/dependency fields are sourced from the matched STEP03 v1.2 relationship. STEP04 v1.0 is provenance only; no keyword/layer fallback.,CAM11-0038
STEP04-0103,M07-IA-016,M07,RUMAHAGEN_WF03_M07_FULL_REBUILD_CONTROLLED_v1.1_FULL_VERSION/00_M07_FULL_REBUILD_CONTROLLED_v1.1.md,SR-0078,04_ARCHITECTURE/W4-02A.6.5_SYSTEM_ARCHITECTURE_FULL_CONSOLIDATED_v1.8.docx,CORE ARCHITECTURE,01_GOVERNANCE/W4-02A.1_GOVERNANCE_CONSOLIDATION_FINAL_DECISION_AUTHORITY_v1.0.docx,Core architecture is governed as immutable Core semantic contract,DETERMINISTIC_CROSSWALK_VALIDATED,Exact deterministic join on module + prior candidate Core artifact + prior Core section. Current Core/evidence/authority/dependency fields are sourced from the matched STEP03 v1.2 relationship. STEP04 v1.0 is provenance only; no keyword/layer fallback.,CAM11-0011
STEP04-0104,M07-IA-017,M07,RUMAHAGEN_WF03_M07_FULL_REBUILD_CONTROLLED_v1.1_FULL_VERSION/00_M07_FULL_REBUILD_CONTROLLED_v1.1.md,SR-0519,21_EXECUTION_SPECIFICATION/W4-02A.6.25_MODULE_EXECUTION_SPECIFICATION_ARCHITECTURE_v2.1.md,CORE EXECUTION SPECIFICATION AUTHORITY,01_GOVERNANCE/W4-02A.1_GOVERNANCE_CONSOLIDATION_FINAL_DECISION_AUTHORITY_v1.0.docx,Execution specification is downstream of frozen semantic authority,DETERMINISTIC_CROSSWALK_VALIDATED,Exact deterministic join on module + prior candidate Core artifact + prior Core section. Current Core/evidence/authority/dependency fields are sourced from the matched STEP03 v1.2 relationship. STEP04 v1.0 is provenance only; no keyword/layer fallback.,CAM11-0041
STEP04-0105,M07-IA-018,M07,RUMAHAGEN_WF03_M07_FULL_REBUILD_CONTROLLED_v1.1_FULL_VERSION/00_M07_FULL_REBUILD_CONTROLLED_v1.1.md,SR-0519,21_EXECUTION_SPECIFICATION/W4-02A.6.25_MODULE_EXECUTION_SPECIFICATION_ARCHITECTURE_v2.1.md,CORE EXECUTION SPECIFICATION AUTHORITY,01_GOVERNANCE/W4-02A.1_GOVERNANCE_CONSOLIDATION_FINAL_DECISION_AUTHORITY_v1.0.docx,Execution specification is downstream of frozen semantic authority,DETERMINISTIC_CROSSWALK_VALIDATED,Exact deterministic join on module + prior candidate Core artifact + prior Core section. Current Core/evidence/authority/dependency fields are sourced from the matched STEP03 v1.2 relationship. STEP04 v1.0 is provenance only; no keyword/layer fallback.,CAM11-0041
STEP04-0106,M07-IA-019,M07,RUMAHAGEN_WF03_M07_FULL_REBUILD_CONTROLLED_v1.1_FULL_VERSION/00_M07_FULL_REBUILD_CONTROLLED_v1.1.md,SR-0078,04_ARCHITECTURE/W4-02A.6.5_SYSTEM_ARCHITECTURE_FULL_CONSOLIDATED_v1.8.docx,CORE ARCHITECTURE,01_GOVERNANCE/W4-02A.1_GOVERNANCE_CONSOLIDATION_FINAL_DECISION_AUTHORITY_v1.0.docx,Core architecture is governed as immutable Core semantic contract,DETERMINISTIC_CROSSWALK_VALIDATED,Exact deterministic join on module + prior candidate Core artifact + prior Core section. Current Core/evidence/authority/dependency fields are sourced from the matched STEP03 v1.2 relationship. STEP04 v1.0 is provenance only; no keyword/layer fallback.,CAM11-0011
STEP04-0107,M08-IA-01,M08,RUMAHAGEN_WF03_M08_FULL_REBUILD_CONTROLLED_v1.0/00_README_M08_CONTROLLED_v1.0.md,SR-0394,12_API/W4-02A.6.16_API_SPECIFICATION_CURRENT_API_CONTRACT_BASELINE_FULL_CONSOLIDATED_v2.1.docx,CORE API CONTRACT AUTHORITY,01_GOVERNANCE/W4-02A.1_GOVERNANCE_CONSOLIDATION_FINAL_DECISION_AUTHORITY_v1.0.docx,API contract governed by Core freeze,DETERMINISTIC_CROSSWALK_VALIDATED,Exact deterministic join on module + prior candidate Core artifact + prior Core section. Current Core/evidence/authority/dependency fields are sourced from the matched STEP03 v1.2 relationship. STEP04 v1.0 is provenance only; no keyword/layer fallback.,CAM11-0032
STEP04-0108,M08-IA-02,M08,RUMAHAGEN_WF03_M08_FULL_REBUILD_CONTROLLED_v1.0/00_README_M08_CONTROLLED_v1.0.md,SR-0394,12_API/W4-02A.6.16_API_SPECIFICATION_CURRENT_API_CONTRACT_BASELINE_FULL_CONSOLIDATED_v2.1.docx,CORE API CONTRACT AUTHORITY,01_GOVERNANCE/W4-02A.1_GOVERNANCE_CONSOLIDATION_FINAL_DECISION_AUTHORITY_v1.0.docx,API contract governed by Core freeze,DETERMINISTIC_CROSSWALK_VALIDATED,Exact deterministic join on module + prior candidate Core artifact + prior Core section. Current Core/evidence/authority/dependency fields are sourced from the matched STEP03 v1.2 relationship. STEP04 v1.0 is provenance only; no keyword/layer fallback.,CAM11-0032
STEP04-0109,M08-IA-03,M08,RUMAHAGEN_WF03_M08_FULL_REBUILD_CONTROLLED_v1.0/00_README_M08_CONTROLLED_v1.0.md,SR-0394,12_API/W4-02A.6.16_API_SPECIFICATION_CURRENT_API_CONTRACT_BASELINE_FULL_CONSOLIDATED_v2.1.docx,CORE API CONTRACT AUTHORITY,01_GOVERNANCE/W4-02A.1_GOVERNANCE_CONSOLIDATION_FINAL_DECISION_AUTHORITY_v1.0.docx,API contract governed by Core freeze,DETERMINISTIC_CROSSWALK_VALIDATED,Exact deterministic join on module + prior candidate Core artifact + prior Core section. Current Core/evidence/authority/dependency fields are sourced from the matched STEP03 v1.2 relationship. STEP04 v1.0 is provenance only; no keyword/layer fallback.,CAM11-0032
STEP04-0110,M08-IA-04,M08,RUMAHAGEN_WF03_M08_FULL_REBUILD_CONTROLLED_v1.0/00_README_M08_CONTROLLED_v1.0.md,SR-0394,12_API/W4-02A.6.16_API_SPECIFICATION_CURRENT_API_CONTRACT_BASELINE_FULL_CONSOLIDATED_v2.1.docx,CORE API CONTRACT AUTHORITY,01_GOVERNANCE/W4-02A.1_GOVERNANCE_CONSOLIDATION_FINAL_DECISION_AUTHORITY_v1.0.docx,API contract governed by Core freeze,DETERMINISTIC_CROSSWALK_VALIDATED,Exact deterministic join on module + prior candidate Core artifact + prior Core section. Current Core/evidence/authority/dependency fields are sourced from the matched STEP03 v1.2 relationship. STEP04 v1.0 is provenance only; no keyword/layer fallback.,CAM11-0032
STEP04-0111,M08-IA-05,M08,RUMAHAGEN_WF03_M08_FULL_REBUILD_CONTROLLED_v1.0/00_README_M08_CONTROLLED_v1.0.md,SR-0394,12_API/W4-02A.6.16_API_SPECIFICATION_CURRENT_API_CONTRACT_BASELINE_FULL_CONSOLIDATED_v2.1.docx,CORE API CONTRACT AUTHORITY,01_GOVERNANCE/W4-02A.1_GOVERNANCE_CONSOLIDATION_FINAL_DECISION_AUTHORITY_v1.0.docx,API contract governed by Core freeze,DETERMINISTIC_CROSSWALK_VALIDATED,Exact deterministic join on module + prior candidate Core artifact + prior Core section. Current Core/evidence/authority/dependency fields are sourced from the matched STEP03 v1.2 relationship. STEP04 v1.0 is provenance only; no keyword/layer fallback.,CAM11-0032
STEP04-0112,M08-IA-06,M08,RUMAHAGEN_WF03_M08_FULL_REBUILD_CONTROLLED_v1.0/00_README_M08_CONTROLLED_v1.0.md,SR-0394,12_API/W4-02A.6.16_API_SPECIFICATION_CURRENT_API_CONTRACT_BASELINE_FULL_CONSOLIDATED_v2.1.docx,CORE API CONTRACT AUTHORITY,01_GOVERNANCE/W4-02A.1_GOVERNANCE_CONSOLIDATION_FINAL_DECISION_AUTHORITY_v1.0.docx,API contract governed by Core freeze,DETERMINISTIC_CROSSWALK_VALIDATED,Exact deterministic join on module + prior candidate Core artifact + prior Core section. Current Core/evidence/authority/dependency fields are sourced from the matched STEP03 v1.2 relationship. STEP04 v1.0 is provenance only; no keyword/layer fallback.,CAM11-0032
STEP04-0113,M08-IA-07,M08,RUMAHAGEN_WF03_M08_FULL_REBUILD_CONTROLLED_v1.0/00_README_M08_CONTROLLED_v1.0.md,SR-0394,12_API/W4-02A.6.16_API_SPECIFICATION_CURRENT_API_CONTRACT_BASELINE_FULL_CONSOLIDATED_v2.1.docx,CORE API CONTRACT AUTHORITY,01_GOVERNANCE/W4-02A.1_GOVERNANCE_CONSOLIDATION_FINAL_DECISION_AUTHORITY_v1.0.docx,API contract governed by Core freeze,DETERMINISTIC_CROSSWALK_VALIDATED,Exact deterministic join on module + prior candidate Core artifact + prior Core section. Current Core/evidence/authority/dependency fields are sourced from the matched STEP03 v1.2 relationship. STEP04 v1.0 is provenance only; no keyword/layer fallback.,CAM11-0032
STEP04-0114,M08-IA-08,M08,RUMAHAGEN_WF03_M08_FULL_REBUILD_CONTROLLED_v1.0/00_README_M08_CONTROLLED_v1.0.md,SR-0394,12_API/W4-02A.6.16_API_SPECIFICATION_CURRENT_API_CONTRACT_BASELINE_FULL_CONSOLIDATED_v2.1.docx,CORE API CONTRACT AUTHORITY,01_GOVERNANCE/W4-02A.1_GOVERNANCE_CONSOLIDATION_FINAL_DECISION_AUTHORITY_v1.0.docx,API contract governed by Core freeze,DETERMINISTIC_CROSSWALK_VALIDATED,Exact deterministic join on module + prior candidate Core artifact + prior Core section. Current Core/evidence/authority/dependency fields are sourced from the matched STEP03 v1.2 relationship. STEP04 v1.0 is provenance only; no keyword/layer fallback.,CAM11-0032
STEP04-0115,M08-IA-09,M08,RUMAHAGEN_WF03_M08_FULL_REBUILD_CONTROLLED_v1.0/00_README_M08_CONTROLLED_v1.0.md,SR-0394,12_API/W4-02A.6.16_API_SPECIFICATION_CURRENT_API_CONTRACT_BASELINE_FULL_CONSOLIDATED_v2.1.docx,CORE API CONTRACT AUTHORITY,01_GOVERNANCE/W4-02A.1_GOVERNANCE_CONSOLIDATION_FINAL_DECISION_AUTHORITY_v1.0.docx,API contract governed by Core freeze,DETERMINISTIC_CROSSWALK_VALIDATED,Exact deterministic join on module + prior candidate Core artifact + prior Core section. Current Core/evidence/authority/dependency fields are sourced from the matched STEP03 v1.2 relationship. STEP04 v1.0 is provenance only; no keyword/layer fallback.,CAM11-0032
STEP04-0116,M08-IA-10,M08,RUMAHAGEN_WF03_M08_FULL_REBUILD_CONTROLLED_v1.0/00_README_M08_CONTROLLED_v1.0.md,SR-0394,12_API/W4-02A.6.16_API_SPECIFICATION_CURRENT_API_CONTRACT_BASELINE_FULL_CONSOLIDATED_v2.1.docx,CORE API CONTRACT AUTHORITY,01_GOVERNANCE/W4-02A.1_GOVERNANCE_CONSOLIDATION_FINAL_DECISION_AUTHORITY_v1.0.docx,API contract governed by Core freeze,DETERMINISTIC_CROSSWALK_VALIDATED,Exact deterministic join on module + prior candidate Core artifact + prior Core section. Current Core/evidence/authority/dependency fields are sourced from the matched STEP03 v1.2 relationship. STEP04 v1.0 is provenance only; no keyword/layer fallback.,CAM11-0032
STEP04-0117,M08-IA-11,M08,RUMAHAGEN_WF03_M08_FULL_REBUILD_CONTROLLED_v1.0/00_README_M08_CONTROLLED_v1.0.md,SR-0394,12_API/W4-02A.6.16_API_SPECIFICATION_CURRENT_API_CONTRACT_BASELINE_FULL_CONSOLIDATED_v2.1.docx,CORE API CONTRACT AUTHORITY,01_GOVERNANCE/W4-02A.1_GOVERNANCE_CONSOLIDATION_FINAL_DECISION_AUTHORITY_v1.0.docx,API contract governed by Core freeze,DETERMINISTIC_CROSSWALK_VALIDATED,Exact deterministic join on module + prior candidate Core artifact + prior Core section. Current Core/evidence/authority/dependency fields are sourced from the matched STEP03 v1.2 relationship. STEP04 v1.0 is provenance only; no keyword/layer fallback.,CAM11-0032
STEP04-0118,M08-IA-12,M08,RUMAHAGEN_WF03_M08_FULL_REBUILD_CONTROLLED_v1.0/00_README_M08_CONTROLLED_v1.0.md,SR-0394,12_API/W4-02A.6.16_API_SPECIFICATION_CURRENT_API_CONTRACT_BASELINE_FULL_CONSOLIDATED_v2.1.docx,CORE API CONTRACT AUTHORITY,01_GOVERNANCE/W4-02A.1_GOVERNANCE_CONSOLIDATION_FINAL_DECISION_AUTHORITY_v1.0.docx,API contract governed by Core freeze,DETERMINISTIC_CROSSWALK_VALIDATED,Exact deterministic join on module + prior candidate Core artifact + prior Core section. Current Core/evidence/authority/dependency fields are sourced from the matched STEP03 v1.2 relationship. STEP04 v1.0 is provenance only; no keyword/layer fallback.,CAM11-0032
STEP04-0119,M08-IA-13,M08,RUMAHAGEN_WF03_M08_FULL_REBUILD_CONTROLLED_v1.0/00_README_M08_CONTROLLED_v1.0.md,SR-0394,12_API/W4-02A.6.16_API_SPECIFICATION_CURRENT_API_CONTRACT_BASELINE_FULL_CONSOLIDATED_v2.1.docx,CORE API CONTRACT AUTHORITY,01_GOVERNANCE/W4-02A.1_GOVERNANCE_CONSOLIDATION_FINAL_DECISION_AUTHORITY_v1.0.docx,API contract governed by Core freeze,DETERMINISTIC_CROSSWALK_VALIDATED,Exact deterministic join on module + prior candidate Core artifact + prior Core section. Current Core/evidence/authority/dependency fields are sourced from the matched STEP03 v1.2 relationship. STEP04 v1.0 is provenance only; no keyword/layer fallback.,CAM11-0032
STEP04-0120,M08-IA-14,M08,RUMAHAGEN_WF03_M08_FULL_REBUILD_CONTROLLED_v1.0/00_README_M08_CONTROLLED_v1.0.md,SR-0394,12_API/W4-02A.6.16_API_SPECIFICATION_CURRENT_API_CONTRACT_BASELINE_FULL_CONSOLIDATED_v2.1.docx,CORE API CONTRACT AUTHORITY,01_GOVERNANCE/W4-02A.1_GOVERNANCE_CONSOLIDATION_FINAL_DECISION_AUTHORITY_v1.0.docx,API contract governed by Core freeze,DETERMINISTIC_CROSSWALK_VALIDATED,Exact deterministic join on module + prior candidate Core artifact + prior Core section. Current Core/evidence/authority/dependency fields are sourced from the matched STEP03 v1.2 relationship. STEP04 v1.0 is provenance only; no keyword/layer fallback.,CAM11-0032
STEP04-0121,M08-IA-15,M08,RUMAHAGEN_WF03_M08_FULL_REBUILD_CONTROLLED_v1.0/00_README_M08_CONTROLLED_v1.0.md,SR-0394,12_API/W4-02A.6.16_API_SPECIFICATION_CURRENT_API_CONTRACT_BASELINE_FULL_CONSOLIDATED_v2.1.docx,CORE API CONTRACT AUTHORITY,01_GOVERNANCE/W4-02A.1_GOVERNANCE_CONSOLIDATION_FINAL_DECISION_AUTHORITY_v1.0.docx,API contract governed by Core freeze,DETERMINISTIC_CROSSWALK_VALIDATED,Exact deterministic join on module + prior candidate Core artifact + prior Core section. Current Core/evidence/authority/dependency fields are sourced from the matched STEP03 v1.2 relationship. STEP04 v1.0 is provenance only; no keyword/layer fallback.,CAM11-0032
STEP04-0122,M08-IA-16,M08,RUMAHAGEN_WF03_M08_FULL_REBUILD_CONTROLLED_v1.0/00_README_M08_CONTROLLED_v1.0.md,SR-0394,12_API/W4-02A.6.16_API_SPECIFICATION_CURRENT_API_CONTRACT_BASELINE_FULL_CONSOLIDATED_v2.1.docx,CORE API CONTRACT AUTHORITY,01_GOVERNANCE/W4-02A.1_GOVERNANCE_CONSOLIDATION_FINAL_DECISION_AUTHORITY_v1.0.docx,API contract governed by Core freeze,DETERMINISTIC_CROSSWALK_VALIDATED,Exact deterministic join on module + prior candidate Core artifact + prior Core section. Current Core/evidence/authority/dependency fields are sourced from the matched STEP03 v1.2 relationship. STEP04 v1.0 is provenance only; no keyword/layer fallback.,CAM11-0032
STEP04-0123,M08-IA-17,M08,RUMAHAGEN_WF03_M08_FULL_REBUILD_CONTROLLED_v1.0/00_README_M08_CONTROLLED_v1.0.md,SR-0394,12_API/W4-02A.6.16_API_SPECIFICATION_CURRENT_API_CONTRACT_BASELINE_FULL_CONSOLIDATED_v2.1.docx,CORE API CONTRACT AUTHORITY,01_GOVERNANCE/W4-02A.1_GOVERNANCE_CONSOLIDATION_FINAL_DECISION_AUTHORITY_v1.0.docx,API contract governed by Core freeze,DETERMINISTIC_CROSSWALK_VALIDATED,Exact deterministic join on module + prior candidate Core artifact + prior Core section. Current Core/evidence/authority/dependency fields are sourced from the matched STEP03 v1.2 relationship. STEP04 v1.0 is provenance only; no keyword/layer fallback.,CAM11-0032
STEP04-0124,M08-IA-18,M08,RUMAHAGEN_WF03_M08_FULL_REBUILD_CONTROLLED_v1.0/00_README_M08_CONTROLLED_v1.0.md,SR-0394,12_API/W4-02A.6.16_API_SPECIFICATION_CURRENT_API_CONTRACT_BASELINE_FULL_CONSOLIDATED_v2.1.docx,CORE API CONTRACT AUTHORITY,01_GOVERNANCE/W4-02A.1_GOVERNANCE_CONSOLIDATION_FINAL_DECISION_AUTHORITY_v1.0.docx,API contract governed by Core freeze,DETERMINISTIC_CROSSWALK_VALIDATED,Exact deterministic join on module + prior candidate Core artifact + prior Core section. Current Core/evidence/authority/dependency fields are sourced from the matched STEP03 v1.2 relationship. STEP04 v1.0 is provenance only; no keyword/layer fallback.,CAM11-0032
STEP04-0125,PROP-M09-01,M09,RUMAHAGEN_WF03_M09_FULL_REBUILD_CONTROLLED_v1.1_FULL_VERSION/README_M09_FULL_REBUILD_CONTROLLED_v1.1.md,SR-0395,12_API/W4-02A.6.16_API_SPECIFICATION_CURRENT_API_CONTRACT_BASELINE_FULL_CONSOLIDATED_v2.1.docx,CORE API CONTRACT AUTHORITY,01_GOVERNANCE/W4-02A.1_GOVERNANCE_CONSOLIDATION_FINAL_DECISION_AUTHORITY_v1.0.docx,API contract governed by Core freeze,DETERMINISTIC_CROSSWALK_VALIDATED,Exact deterministic join on module + prior candidate Core artifact + prior Core section. Current Core/evidence/authority/dependency fields are sourced from the matched STEP03 v1.2 relationship. STEP04 v1.0 is provenance only; no keyword/layer fallback.,CAM11-0032
STEP04-0126,PROP-M09-02,M09,RUMAHAGEN_WF03_M09_FULL_REBUILD_CONTROLLED_v1.1_FULL_VERSION/README_M09_FULL_REBUILD_CONTROLLED_v1.1.md,SR-0395,12_API/W4-02A.6.16_API_SPECIFICATION_CURRENT_API_CONTRACT_BASELINE_FULL_CONSOLIDATED_v2.1.docx,CORE API CONTRACT AUTHORITY,01_GOVERNANCE/W4-02A.1_GOVERNANCE_CONSOLIDATION_FINAL_DECISION_AUTHORITY_v1.0.docx,API contract governed by Core freeze,DETERMINISTIC_CROSSWALK_VALIDATED,Exact deterministic join on module + prior candidate Core artifact + prior Core section. Current Core/evidence/authority/dependency fields are sourced from the matched STEP03 v1.2 relationship. STEP04 v1.0 is provenance only; no keyword/layer fallback.,CAM11-0032
STEP04-0127,PROP-M09-03,M09,RUMAHAGEN_WF03_M09_FULL_REBUILD_CONTROLLED_v1.1_FULL_VERSION/README_M09_FULL_REBUILD_CONTROLLED_v1.1.md,SR-0521,21_EXECUTION_SPECIFICATION/W4-02A.6.25_MODULE_EXECUTION_SPECIFICATION_ARCHITECTURE_v2.1.md,CORE EXECUTION SPECIFICATION AUTHORITY,01_GOVERNANCE/W4-02A.1_GOVERNANCE_CONSOLIDATION_FINAL_DECISION_AUTHORITY_v1.0.docx,Execution specification is downstream of frozen semantic authority,DETERMINISTIC_CROSSWALK_VALIDATED,Exact deterministic join on module + prior candidate Core artifact + prior Core section. Current Core/evidence/authority/dependency fields are sourced from the matched STEP03 v1.2 relationship. STEP04 v1.0 is provenance only; no keyword/layer fallback.,CAM11-0041
STEP04-0128,PROP-M09-04,M09,RUMAHAGEN_WF03_M09_FULL_REBUILD_CONTROLLED_v1.1_FULL_VERSION/README_M09_FULL_REBUILD_CONTROLLED_v1.1.md,SR-0409,13_RBAC_RLS/W4-02A.6.17_RBAC_PERMISSION_RLS_CURRENT_AUTHORIZATION_BASELINE_FULL_CONSOLIDATED_v2.1.docx,M10 AUTHORIZATION AUTHORITY,RUMAHAGEN_WF03_M10_FULL_REBUILD_CONTROLLED_v1.1_FULL_VERSION/RUMAHAGEN_WF03_M10_FULL_REBUILD_CONTROLLED_v1.1.md,M10 is Role/Permission/Scope/Condition/Ownership/Organization/RLS authority,DETERMINISTIC_CROSSWALK_VALIDATED,Exact deterministic join on module + prior candidate Core artifact + prior Core section. Current Core/evidence/authority/dependency fields are sourced from the matched STEP03 v1.2 relationship. STEP04 v1.0 is provenance only; no keyword/layer fallback.,CAM11-0033
STEP04-0129,PROP-M09-05,M09,RUMAHAGEN_WF03_M09_FULL_REBUILD_CONTROLLED_v1.1_FULL_VERSION/README_M09_FULL_REBUILD_CONTROLLED_v1.1.md,SR-0080,04_ARCHITECTURE/W4-02A.6.5_SYSTEM_ARCHITECTURE_FULL_CONSOLIDATED_v1.8.docx,CORE ARCHITECTURE,01_GOVERNANCE/W4-02A.1_GOVERNANCE_CONSOLIDATION_FINAL_DECISION_AUTHORITY_v1.0.docx,Core architecture is governed as immutable Core semantic contract,DETERMINISTIC_CROSSWALK_VALIDATED,Exact deterministic join on module + prior candidate Core artifact + prior Core section. Current Core/evidence/authority/dependency fields are sourced from the matched STEP03 v1.2 relationship. STEP04 v1.0 is provenance only; no keyword/layer fallback.,CAM11-0011
STEP04-0130,PROP-M09-06,M09,RUMAHAGEN_WF03_M09_FULL_REBUILD_CONTROLLED_v1.1_FULL_VERSION/README_M09_FULL_REBUILD_CONTROLLED_v1.1.md,SR-0851,30_RECONCILIATION_EVIDENCE/W4-02A.5R_SOURCE_UPDATE_REVALIDATION_v1.1.docx,CORE RECONCILIATION EVIDENCE AUTHORITY,00_CONTROL/W4-02A.7_RECURSIVE_SOURCE_AUDIT_REGISTER_v1.0.csv,Reconciliation evidence and audit lineage,DETERMINISTIC_CROSSWALK_VALIDATED,Exact deterministic join on module + prior candidate Core artifact + prior Core section. Current Core/evidence/authority/dependency fields are sourced from the matched STEP03 v1.2 relationship. STEP04 v1.0 is provenance only; no keyword/layer fallback.,CAM11-0074
STEP04-0131,M10-CORE-01,M10,RUMAHAGEN_WF03_M10_FULL_REBUILD_CONTROLLED_v1.1_FULL_VERSION/RUMAHAGEN_WF03_M10_FULL_REBUILD_CONTROLLED_v1.1.md,SR-0156,09_ERD/W4-02A.6.13_ERD_CURRENT_LOGICAL_DATA_MODEL_FULL_CONSOLIDATED_v2.1.docx,CORE LOGICAL DATA MODEL AUTHORITY,01_GOVERNANCE/W4-02A.1_GOVERNANCE_CONSOLIDATION_FINAL_DECISION_AUTHORITY_v1.0.docx,Core logical data model authority,DETERMINISTIC_CROSSWALK_VALIDATED,Exact deterministic join on module + prior candidate Core artifact + prior Core section. Current Core/evidence/authority/dependency fields are sourced from the matched STEP03 v1.2 relationship. STEP04 v1.0 is provenance only; no keyword/layer fallback.,CAM11-0016
STEP04-0132,M10-CORE-02,M10,RUMAHAGEN_WF03_M10_FULL_REBUILD_CONTROLLED_v1.1_FULL_VERSION/RUMAHAGEN_WF03_M10_FULL_REBUILD_CONTROLLED_v1.1.md,SR-0156,09_ERD/W4-02A.6.13_ERD_CURRENT_LOGICAL_DATA_MODEL_FULL_CONSOLIDATED_v2.1.docx,CORE LOGICAL DATA MODEL AUTHORITY,01_GOVERNANCE/W4-02A.1_GOVERNANCE_CONSOLIDATION_FINAL_DECISION_AUTHORITY_v1.0.docx,Core logical data model authority,DETERMINISTIC_CROSSWALK_VALIDATED,Exact deterministic join on module + prior candidate Core artifact + prior Core section. Current Core/evidence/authority/dependency fields are sourced from the matched STEP03 v1.2 relationship. STEP04 v1.0 is provenance only; no keyword/layer fallback.,CAM11-0016
STEP04-0133,M10-CORE-03,M10,RUMAHAGEN_WF03_M10_FULL_REBUILD_CONTROLLED_v1.1_FULL_VERSION/RUMAHAGEN_WF03_M10_FULL_REBUILD_CONTROLLED_v1.1.md,SR-0156,09_ERD/W4-02A.6.13_ERD_CURRENT_LOGICAL_DATA_MODEL_FULL_CONSOLIDATED_v2.1.docx,CORE LOGICAL DATA MODEL AUTHORITY,01_GOVERNANCE/W4-02A.1_GOVERNANCE_CONSOLIDATION_FINAL_DECISION_AUTHORITY_v1.0.docx,Core logical data model authority,DETERMINISTIC_CROSSWALK_VALIDATED,Exact deterministic join on module + prior candidate Core artifact + prior Core section. Current Core/evidence/authority/dependency fields are sourced from the matched STEP03 v1.2 relationship. STEP04 v1.0 is provenance only; no keyword/layer fallback.,CAM11-0016
STEP04-0134,M10-CORE-04,M10,RUMAHAGEN_WF03_M10_FULL_REBUILD_CONTROLLED_v1.1_FULL_VERSION/RUMAHAGEN_WF03_M10_FULL_REBUILD_CONTROLLED_v1.1.md,SR-0156,09_ERD/W4-02A.6.13_ERD_CURRENT_LOGICAL_DATA_MODEL_FULL_CONSOLIDATED_v2.1.docx,CORE LOGICAL DATA MODEL AUTHORITY,01_GOVERNANCE/W4-02A.1_GOVERNANCE_CONSOLIDATION_FINAL_DECISION_AUTHORITY_v1.0.docx,Core logical data model authority,DETERMINISTIC_CROSSWALK_VALIDATED,Exact deterministic join on module + prior candidate Core artifact + prior Core section. Current Core/evidence/authority/dependency fields are sourced from the matched STEP03 v1.2 relationship. STEP04 v1.0 is provenance only; no keyword/layer fallback.,CAM11-0016
STEP04-0135,M10-CORE-05,M10,RUMAHAGEN_WF03_M10_FULL_REBUILD_CONTROLLED_v1.1_FULL_VERSION/RUMAHAGEN_WF03_M10_FULL_REBUILD_CONTROLLED_v1.1.md,SR-0156,09_ERD/W4-02A.6.13_ERD_CURRENT_LOGICAL_DATA_MODEL_FULL_CONSOLIDATED_v2.1.docx,CORE LOGICAL DATA MODEL AUTHORITY,01_GOVERNANCE/W4-02A.1_GOVERNANCE_CONSOLIDATION_FINAL_DECISION_AUTHORITY_v1.0.docx,Core logical data model authority,DETERMINISTIC_CROSSWALK_VALIDATED,Exact deterministic join on module + prior candidate Core artifact + prior Core section. Current Core/evidence/authority/dependency fields are sourced from the matched STEP03 v1.2 relationship. STEP04 v1.0 is provenance only; no keyword/layer fallback.,CAM11-0016
STEP04-0136,M10-CORE-06,M10,RUMAHAGEN_WF03_M10_FULL_REBUILD_CONTROLLED_v1.1_FULL_VERSION/RUMAHAGEN_WF03_M10_FULL_REBUILD_CONTROLLED_v1.1.md,SR-0156,09_ERD/W4-02A.6.13_ERD_CURRENT_LOGICAL_DATA_MODEL_FULL_CONSOLIDATED_v2.1.docx,CORE LOGICAL DATA MODEL AUTHORITY,01_GOVERNANCE/W4-02A.1_GOVERNANCE_CONSOLIDATION_FINAL_DECISION_AUTHORITY_v1.0.docx,Core logical data model authority,DETERMINISTIC_CROSSWALK_VALIDATED,Exact deterministic join on module + prior candidate Core artifact + prior Core section. Current Core/evidence/authority/dependency fields are sourced from the matched STEP03 v1.2 relationship. STEP04 v1.0 is provenance only; no keyword/layer fallback.,CAM11-0016
STEP04-0137,M10-CORE-07,M10,RUMAHAGEN_WF03_M10_FULL_REBUILD_CONTROLLED_v1.1_FULL_VERSION/RUMAHAGEN_WF03_M10_FULL_REBUILD_CONTROLLED_v1.1.md,SR-0156,09_ERD/W4-02A.6.13_ERD_CURRENT_LOGICAL_DATA_MODEL_FULL_CONSOLIDATED_v2.1.docx,CORE LOGICAL DATA MODEL AUTHORITY,01_GOVERNANCE/W4-02A.1_GOVERNANCE_CONSOLIDATION_FINAL_DECISION_AUTHORITY_v1.0.docx,Core logical data model authority,DETERMINISTIC_CROSSWALK_VALIDATED,Exact deterministic join on module + prior candidate Core artifact + prior Core section. Current Core/evidence/authority/dependency fields are sourced from the matched STEP03 v1.2 relationship. STEP04 v1.0 is provenance only; no keyword/layer fallback.,CAM11-0016
STEP04-0138,M10-CORE-08,M10,RUMAHAGEN_WF03_M10_FULL_REBUILD_CONTROLLED_v1.1_FULL_VERSION/RUMAHAGEN_WF03_M10_FULL_REBUILD_CONTROLLED_v1.1.md,SR-0156,09_ERD/W4-02A.6.13_ERD_CURRENT_LOGICAL_DATA_MODEL_FULL_CONSOLIDATED_v2.1.docx,CORE LOGICAL DATA MODEL AUTHORITY,01_GOVERNANCE/W4-02A.1_GOVERNANCE_CONSOLIDATION_FINAL_DECISION_AUTHORITY_v1.0.docx,Core logical data model authority,DETERMINISTIC_CROSSWALK_VALIDATED,Exact deterministic join on module + prior candidate Core artifact + prior Core section. Current Core/evidence/authority/dependency fields are sourced from the matched STEP03 v1.2 relationship. STEP04 v1.0 is provenance only; no keyword/layer fallback.,CAM11-0016
STEP04-0139,M10-CORE-09,M10,RUMAHAGEN_WF03_M10_FULL_REBUILD_CONTROLLED_v1.1_FULL_VERSION/RUMAHAGEN_WF03_M10_FULL_REBUILD_CONTROLLED_v1.1.md,SR-0156,09_ERD/W4-02A.6.13_ERD_CURRENT_LOGICAL_DATA_MODEL_FULL_CONSOLIDATED_v2.1.docx,CORE LOGICAL DATA MODEL AUTHORITY,01_GOVERNANCE/W4-02A.1_GOVERNANCE_CONSOLIDATION_FINAL_DECISION_AUTHORITY_v1.0.docx,Core logical data model authority,DETERMINISTIC_CROSSWALK_VALIDATED,Exact deterministic join on module + prior candidate Core artifact + prior Core section. Current Core/evidence/authority/dependency fields are sourced from the matched STEP03 v1.2 relationship. STEP04 v1.0 is provenance only; no keyword/layer fallback.,CAM11-0016
STEP04-0140,M10-CORE-10,M10,RUMAHAGEN_WF03_M10_FULL_REBUILD_CONTROLLED_v1.1_FULL_VERSION/RUMAHAGEN_WF03_M10_FULL_REBUILD_CONTROLLED_v1.1.md,SR-0156,09_ERD/W4-02A.6.13_ERD_CURRENT_LOGICAL_DATA_MODEL_FULL_CONSOLIDATED_v2.1.docx,CORE LOGICAL DATA MODEL AUTHORITY,01_GOVERNANCE/W4-02A.1_GOVERNANCE_CONSOLIDATION_FINAL_DECISION_AUTHORITY_v1.0.docx,Core logical data model authority,DETERMINISTIC_CROSSWALK_VALIDATED,Exact deterministic join on module + prior candidate Core artifact + prior Core section. Current Core/evidence/authority/dependency fields are sourced from the matched STEP03 v1.2 relationship. STEP04 v1.0 is provenance only; no keyword/layer fallback.,CAM11-0016
STEP04-0141,M10-CORE-11,M10,RUMAHAGEN_WF03_M10_FULL_REBUILD_CONTROLLED_v1.1_FULL_VERSION/RUMAHAGEN_WF03_M10_FULL_REBUILD_CONTROLLED_v1.1.md,SR-0156,09_ERD/W4-02A.6.13_ERD_CURRENT_LOGICAL_DATA_MODEL_FULL_CONSOLIDATED_v2.1.docx,CORE LOGICAL DATA MODEL AUTHORITY,01_GOVERNANCE/W4-02A.1_GOVERNANCE_CONSOLIDATION_FINAL_DECISION_AUTHORITY_v1.0.docx,Core logical data model authority,DETERMINISTIC_CROSSWALK_VALIDATED,Exact deterministic join on module + prior candidate Core artifact + prior Core section. Current Core/evidence/authority/dependency fields are sourced from the matched STEP03 v1.2 relationship. STEP04 v1.0 is provenance only; no keyword/layer fallback.,CAM11-0016
STEP04-0142,M10-CORE-12,M10,RUMAHAGEN_WF03_M10_FULL_REBUILD_CONTROLLED_v1.1_FULL_VERSION/RUMAHAGEN_WF03_M10_FULL_REBUILD_CONTROLLED_v1.1.md,SR-0156,09_ERD/W4-02A.6.13_ERD_CURRENT_LOGICAL_DATA_MODEL_FULL_CONSOLIDATED_v2.1.docx,CORE LOGICAL DATA MODEL AUTHORITY,01_GOVERNANCE/W4-02A.1_GOVERNANCE_CONSOLIDATION_FINAL_DECISION_AUTHORITY_v1.0.docx,Core logical data model authority,DETERMINISTIC_CROSSWALK_VALIDATED,Exact deterministic join on module + prior candidate Core artifact + prior Core section. Current Core/evidence/authority/dependency fields are sourced from the matched STEP03 v1.2 relationship. STEP04 v1.0 is provenance only; no keyword/layer fallback.,CAM11-0016
STEP04-0143,M10-CORE-13,M10,RUMAHAGEN_WF03_M10_FULL_REBUILD_CONTROLLED_v1.1_FULL_VERSION/RUMAHAGEN_WF03_M10_FULL_REBUILD_CONTROLLED_v1.1.md,SR-0156,09_ERD/W4-02A.6.13_ERD_CURRENT_LOGICAL_DATA_MODEL_FULL_CONSOLIDATED_v2.1.docx,CORE LOGICAL DATA MODEL AUTHORITY,01_GOVERNANCE/W4-02A.1_GOVERNANCE_CONSOLIDATION_FINAL_DECISION_AUTHORITY_v1.0.docx,Core logical data model authority,DETERMINISTIC_CROSSWALK_VALIDATED,Exact deterministic join on module + prior candidate Core artifact + prior Core section. Current Core/evidence/authority/dependency fields are sourced from the matched STEP03 v1.2 relationship. STEP04 v1.0 is provenance only; no keyword/layer fallback.,CAM11-0016
STEP04-0144,M10-CORE-14,M10,RUMAHAGEN_WF03_M10_FULL_REBUILD_CONTROLLED_v1.1_FULL_VERSION/RUMAHAGEN_WF03_M10_FULL_REBUILD_CONTROLLED_v1.1.md,SR-0156,09_ERD/W4-02A.6.13_ERD_CURRENT_LOGICAL_DATA_MODEL_FULL_CONSOLIDATED_v2.1.docx,CORE LOGICAL DATA MODEL AUTHORITY,01_GOVERNANCE/W4-02A.1_GOVERNANCE_CONSOLIDATION_FINAL_DECISION_AUTHORITY_v1.0.docx,Core logical data model authority,DETERMINISTIC_CROSSWALK_VALIDATED,Exact deterministic join on module + prior candidate Core artifact + prior Core section. Current Core/evidence/authority/dependency fields are sourced from the matched STEP03 v1.2 relationship. STEP04 v1.0 is provenance only; no keyword/layer fallback.,CAM11-0016
STEP04-0145,M10-CORE-15,M10,RUMAHAGEN_WF03_M10_FULL_REBUILD_CONTROLLED_v1.1_FULL_VERSION/RUMAHAGEN_WF03_M10_FULL_REBUILD_CONTROLLED_v1.1.md,SR-0156,09_ERD/W4-02A.6.13_ERD_CURRENT_LOGICAL_DATA_MODEL_FULL_CONSOLIDATED_v2.1.docx,CORE LOGICAL DATA MODEL AUTHORITY,01_GOVERNANCE/W4-02A.1_GOVERNANCE_CONSOLIDATION_FINAL_DECISION_AUTHORITY_v1.0.docx,Core logical data model authority,DETERMINISTIC_CROSSWALK_VALIDATED,Exact deterministic join on module + prior candidate Core artifact + prior Core section. Current Core/evidence/authority/dependency fields are sourced from the matched STEP03 v1.2 relationship. STEP04 v1.0 is provenance only; no keyword/layer fallback.,CAM11-0016
STEP04-0146,M10-CORE-16,M10,RUMAHAGEN_WF03_M10_FULL_REBUILD_CONTROLLED_v1.1_FULL_VERSION/RUMAHAGEN_WF03_M10_FULL_REBUILD_CONTROLLED_v1.1.md,SR-0156,09_ERD/W4-02A.6.13_ERD_CURRENT_LOGICAL_DATA_MODEL_FULL_CONSOLIDATED_v2.1.docx,CORE LOGICAL DATA MODEL AUTHORITY,01_GOVERNANCE/W4-02A.1_GOVERNANCE_CONSOLIDATION_FINAL_DECISION_AUTHORITY_v1.0.docx,Core logical data model authority,DETERMINISTIC_CROSSWALK_VALIDATED,Exact deterministic join on module + prior candidate Core artifact + prior Core section. Current Core/evidence/authority/dependency fields are sourced from the matched STEP03 v1.2 relationship. STEP04 v1.0 is provenance only; no keyword/layer fallback.,CAM11-0016
STEP04-0147,M10-CORE-17,M10,RUMAHAGEN_WF03_M10_FULL_REBUILD_CONTROLLED_v1.1_FULL_VERSION/RUMAHAGEN_WF03_M10_FULL_REBUILD_CONTROLLED_v1.1.md,SR-0156,09_ERD/W4-02A.6.13_ERD_CURRENT_LOGICAL_DATA_MODEL_FULL_CONSOLIDATED_v2.1.docx,CORE LOGICAL DATA MODEL AUTHORITY,01_GOVERNANCE/W4-02A.1_GOVERNANCE_CONSOLIDATION_FINAL_DECISION_AUTHORITY_v1.0.docx,Core logical data model authority,DETERMINISTIC_CROSSWALK_VALIDATED,Exact deterministic join on module + prior candidate Core artifact + prior Core section. Current Core/evidence/authority/dependency fields are sourced from the matched STEP03 v1.2 relationship. STEP04 v1.0 is provenance only; no keyword/layer fallback.,CAM11-0016
STEP04-0148,M05-CI-001,M05,RUMAHAGEN_WF03_M05_FULL_REBUILD_CONTROLLED_v1.3_FULL_VERSION/18_M05_FULL_REBUILD_CONTROLLED_v1.3.docx,SR-0121,07_PRD/W4-02A.6.11_PRD_CURRENT_PRODUCT_REQUIREMENTS_FULL_CONSOLIDATED_v2.1.docx,CORE PRODUCT REQUIREMENTS AUTHORITY,01_GOVERNANCE/W4-02A.1_GOVERNANCE_CONSOLIDATION_FINAL_DECISION_AUTHORITY_v1.0.docx,Core PRD is current product requirement contract,DETERMINISTIC_CROSSWALK_VALIDATED,Exact deterministic join on module + prior candidate Core artifact + prior Core section. Current Core/evidence/authority/dependency fields are sourced from the matched STEP03 v1.2 relationship. STEP04 v1.0 is provenance only; no keyword/layer fallback.,CAM11-0014
STEP04-0149,M05-CI-002,M05,RUMAHAGEN_WF03_M05_FULL_REBUILD_CONTROLLED_v1.3_FULL_VERSION/18_M05_FULL_REBUILD_CONTROLLED_v1.3.docx,SR-0121,07_PRD/W4-02A.6.11_PRD_CURRENT_PRODUCT_REQUIREMENTS_FULL_CONSOLIDATED_v2.1.docx,CORE PRODUCT REQUIREMENTS AUTHORITY,01_GOVERNANCE/W4-02A.1_GOVERNANCE_CONSOLIDATION_FINAL_DECISION_AUTHORITY_v1.0.docx,Core PRD is current product requirement contract,DETERMINISTIC_CROSSWALK_VALIDATED,Exact deterministic join on module + prior candidate Core artifact + prior Core section. Current Core/evidence/authority/dependency fields are sourced from the matched STEP03 v1.2 relationship. STEP04 v1.0 is provenance only; no keyword/layer fallback.,CAM11-0014
STEP04-0150,M05-CI-003,M05,RUMAHAGEN_WF03_M05_FULL_REBUILD_CONTROLLED_v1.3_FULL_VERSION/18_M05_FULL_REBUILD_CONTROLLED_v1.3.docx,SR-0121,07_PRD/W4-02A.6.11_PRD_CURRENT_PRODUCT_REQUIREMENTS_FULL_CONSOLIDATED_v2.1.docx,CORE PRODUCT REQUIREMENTS AUTHORITY,01_GOVERNANCE/W4-02A.1_GOVERNANCE_CONSOLIDATION_FINAL_DECISION_AUTHORITY_v1.0.docx,Core PRD is current product requirement contract,DETERMINISTIC_CROSSWALK_VALIDATED,Exact deterministic join on module + prior candidate Core artifact + prior Core section. Current Core/evidence/authority/dependency fields are sourced from the matched STEP03 v1.2 relationship. STEP04 v1.0 is provenance only; no keyword/layer fallback.,CAM11-0014
STEP04-0151,M05-CI-004,M05,RUMAHAGEN_WF03_M05_FULL_REBUILD_CONTROLLED_v1.3_FULL_VERSION/18_M05_FULL_REBUILD_CONTROLLED_v1.3.docx,SR-0121,07_PRD/W4-02A.6.11_PRD_CURRENT_PRODUCT_REQUIREMENTS_FULL_CONSOLIDATED_v2.1.docx,CORE PRODUCT REQUIREMENTS AUTHORITY,01_GOVERNANCE/W4-02A.1_GOVERNANCE_CONSOLIDATION_FINAL_DECISION_AUTHORITY_v1.0.docx,Core PRD is current product requirement contract,DETERMINISTIC_CROSSWALK_VALIDATED,Exact deterministic join on module + prior candidate Core artifact + prior Core section. Current Core/evidence/authority/dependency fields are sourced from the matched STEP03 v1.2 relationship. STEP04 v1.0 is provenance only; no keyword/layer fallback.,CAM11-0014
STEP04-0152,M05-CI-005,M05,RUMAHAGEN_WF03_M05_FULL_REBUILD_CONTROLLED_v1.3_FULL_VERSION/18_M05_FULL_REBUILD_CONTROLLED_v1.3.docx,SR-0121,07_PRD/W4-02A.6.11_PRD_CURRENT_PRODUCT_REQUIREMENTS_FULL_CONSOLIDATED_v2.1.docx,CORE PRODUCT REQUIREMENTS AUTHORITY,01_GOVERNANCE/W4-02A.1_GOVERNANCE_CONSOLIDATION_FINAL_DECISION_AUTHORITY_v1.0.docx,Core PRD is current product requirement contract,DETERMINISTIC_CROSSWALK_VALIDATED,Exact deterministic join on module + prior candidate Core artifact + prior Core section. Current Core/evidence/authority/dependency fields are sourced from the matched STEP03 v1.2 relationship. STEP04 v1.0 is provenance only; no keyword/layer fallback.,CAM11-0014
STEP04-0153,M05-CI-006,M05,RUMAHAGEN_WF03_M05_FULL_REBUILD_CONTROLLED_v1.3_FULL_VERSION/18_M05_FULL_REBUILD_CONTROLLED_v1.3.docx,SR-0121,07_PRD/W4-02A.6.11_PRD_CURRENT_PRODUCT_REQUIREMENTS_FULL_CONSOLIDATED_v2.1.docx,CORE PRODUCT REQUIREMENTS AUTHORITY,01_GOVERNANCE/W4-02A.1_GOVERNANCE_CONSOLIDATION_FINAL_DECISION_AUTHORITY_v1.0.docx,Core PRD is current product requirement contract,DETERMINISTIC_CROSSWALK_VALIDATED,Exact deterministic join on module + prior candidate Core artifact + prior Core section. Current Core/evidence/authority/dependency fields are sourced from the matched STEP03 v1.2 relationship. STEP04 v1.0 is provenance only; no keyword/layer fallback.,CAM11-0014
STEP04-0154,M05-CI-007,M05,RUMAHAGEN_WF03_M05_FULL_REBUILD_CONTROLLED_v1.3_FULL_VERSION/18_M05_FULL_REBUILD_CONTROLLED_v1.3.docx,SR-0121,07_PRD/W4-02A.6.11_PRD_CURRENT_PRODUCT_REQUIREMENTS_FULL_CONSOLIDATED_v2.1.docx,CORE PRODUCT REQUIREMENTS AUTHORITY,01_GOVERNANCE/W4-02A.1_GOVERNANCE_CONSOLIDATION_FINAL_DECISION_AUTHORITY_v1.0.docx,Core PRD is current product requirement contract,DETERMINISTIC_CROSSWALK_VALIDATED,Exact deterministic join on module + prior candidate Core artifact + prior Core section. Current Core/evidence/authority/dependency fields are sourced from the matched STEP03 v1.2 relationship. STEP04 v1.0 is provenance only; no keyword/layer fallback.,CAM11-0014
STEP04-0155,M05-CI-008,M05,RUMAHAGEN_WF03_M05_FULL_REBUILD_CONTROLLED_v1.3_FULL_VERSION/18_M05_FULL_REBUILD_CONTROLLED_v1.3.docx,SR-0121,07_PRD/W4-02A.6.11_PRD_CURRENT_PRODUCT_REQUIREMENTS_FULL_CONSOLIDATED_v2.1.docx,CORE PRODUCT REQUIREMENTS AUTHORITY,01_GOVERNANCE/W4-02A.1_GOVERNANCE_CONSOLIDATION_FINAL_DECISION_AUTHORITY_v1.0.docx,Core PRD is current product requirement contract,DETERMINISTIC_CROSSWALK_VALIDATED,Exact deterministic join on module + prior candidate Core artifact + prior Core section. Current Core/evidence/authority/dependency fields are sourced from the matched STEP03 v1.2 relationship. STEP04 v1.0 is provenance only; no keyword/layer fallback.,CAM11-0014
STEP04-0156,M05-CI-009,M05,RUMAHAGEN_WF03_M05_FULL_REBUILD_CONTROLLED_v1.3_FULL_VERSION/18_M05_FULL_REBUILD_CONTROLLED_v1.3.docx,SR-0121,07_PRD/W4-02A.6.11_PRD_CURRENT_PRODUCT_REQUIREMENTS_FULL_CONSOLIDATED_v2.1.docx,CORE PRODUCT REQUIREMENTS AUTHORITY,01_GOVERNANCE/W4-02A.1_GOVERNANCE_CONSOLIDATION_FINAL_DECISION_AUTHORITY_v1.0.docx,Core PRD is current product requirement contract,DETERMINISTIC_CROSSWALK_VALIDATED,Exact deterministic join on module + prior candidate Core artifact + prior Core section. Current Core/evidence/authority/dependency fields are sourced from the matched STEP03 v1.2 relationship. STEP04 v1.0 is provenance only; no keyword/layer fallback.,CAM11-0014
STEP04-0157,M05-CI-010,M05,RUMAHAGEN_WF03_M05_FULL_REBUILD_CONTROLLED_v1.3_FULL_VERSION/18_M05_FULL_REBUILD_CONTROLLED_v1.3.docx,SR-0121,07_PRD/W4-02A.6.11_PRD_CURRENT_PRODUCT_REQUIREMENTS_FULL_CONSOLIDATED_v2.1.docx,CORE PRODUCT REQUIREMENTS AUTHORITY,01_GOVERNANCE/W4-02A.1_GOVERNANCE_CONSOLIDATION_FINAL_DECISION_AUTHORITY_v1.0.docx,Core PRD is current product requirement contract,DETERMINISTIC_CROSSWALK_VALIDATED,Exact deterministic join on module + prior candidate Core artifact + prior Core section. Current Core/evidence/authority/dependency fields are sourced from the matched STEP03 v1.2 relationship. STEP04 v1.0 is provenance only; no keyword/layer fallback.,CAM11-0014
STEP04-0158,M11-CI-001,M11,RUMAHAGEN_WF03_M11_FULL_REBUILD_CONTROLLED_v2.0_FULL_VERSION/RUMAHAGEN_WF03_M11_FULL_REBUILD_CONTROLLED_v2.0_FULL_VERSION.md,SR-0127,07_PRD/W4-02A.6.11_PRD_CURRENT_PRODUCT_REQUIREMENTS_FULL_CONSOLIDATED_v2.1.docx,CORE PRODUCT REQUIREMENTS AUTHORITY,01_GOVERNANCE/W4-02A.1_GOVERNANCE_CONSOLIDATION_FINAL_DECISION_AUTHORITY_v1.0.docx,Core PRD is current product requirement contract,DETERMINISTIC_CROSSWALK_VALIDATED,Exact deterministic join on module + prior candidate Core artifact + prior Core section. Current Core/evidence/authority/dependency fields are sourced from the matched STEP03 v1.2 relationship. STEP04 v1.0 is provenance only; no keyword/layer fallback.,CAM11-0014
STEP04-0159,M11-CI-002,M11,RUMAHAGEN_WF03_M11_FULL_REBUILD_CONTROLLED_v2.0_FULL_VERSION/RUMAHAGEN_WF03_M11_FULL_REBUILD_CONTROLLED_v2.0_FULL_VERSION.md,SR-0127,07_PRD/W4-02A.6.11_PRD_CURRENT_PRODUCT_REQUIREMENTS_FULL_CONSOLIDATED_v2.1.docx,CORE PRODUCT REQUIREMENTS AUTHORITY,01_GOVERNANCE/W4-02A.1_GOVERNANCE_CONSOLIDATION_FINAL_DECISION_AUTHORITY_v1.0.docx,Core PRD is current product requirement contract,DETERMINISTIC_CROSSWALK_VALIDATED,Exact deterministic join on module + prior candidate Core artifact + prior Core section. Current Core/evidence/authority/dependency fields are sourced from the matched STEP03 v1.2 relationship. STEP04 v1.0 is provenance only; no keyword/layer fallback.,CAM11-0014
STEP04-0160,M11-CI-003,M11,RUMAHAGEN_WF03_M11_FULL_REBUILD_CONTROLLED_v2.0_FULL_VERSION/RUMAHAGEN_WF03_M11_FULL_REBUILD_CONTROLLED_v2.0_FULL_VERSION.md,SR-0127,07_PRD/W4-02A.6.11_PRD_CURRENT_PRODUCT_REQUIREMENTS_FULL_CONSOLIDATED_v2.1.docx,CORE PRODUCT REQUIREMENTS AUTHORITY,01_GOVERNANCE/W4-02A.1_GOVERNANCE_CONSOLIDATION_FINAL_DECISION_AUTHORITY_v1.0.docx,Core PRD is current product requirement contract,DETERMINISTIC_CROSSWALK_VALIDATED,Exact deterministic join on module + prior candidate Core artifact + prior Core section. Current Core/evidence/authority/dependency fields are sourced from the matched STEP03 v1.2 relationship. STEP04 v1.0 is provenance only; no keyword/layer fallback.,CAM11-0014
STEP04-0161,M11-CI-004,M11,RUMAHAGEN_WF03_M11_FULL_REBUILD_CONTROLLED_v2.0_FULL_VERSION/RUMAHAGEN_WF03_M11_FULL_REBUILD_CONTROLLED_v2.0_FULL_VERSION.md,SR-0127,07_PRD/W4-02A.6.11_PRD_CURRENT_PRODUCT_REQUIREMENTS_FULL_CONSOLIDATED_v2.1.docx,CORE PRODUCT REQUIREMENTS AUTHORITY,01_GOVERNANCE/W4-02A.1_GOVERNANCE_CONSOLIDATION_FINAL_DECISION_AUTHORITY_v1.0.docx,Core PRD is current product requirement contract,DETERMINISTIC_CROSSWALK_VALIDATED,Exact deterministic join on module + prior candidate Core artifact + prior Core section. Current Core/evidence/authority/dependency fields are sourced from the matched STEP03 v1.2 relationship. STEP04 v1.0 is provenance only; no keyword/layer fallback.,CAM11-0014
STEP04-0162,M11-CI-005,M11,RUMAHAGEN_WF03_M11_FULL_REBUILD_CONTROLLED_v2.0_FULL_VERSION/RUMAHAGEN_WF03_M11_FULL_REBUILD_CONTROLLED_v2.0_FULL_VERSION.md,SR-0127,07_PRD/W4-02A.6.11_PRD_CURRENT_PRODUCT_REQUIREMENTS_FULL_CONSOLIDATED_v2.1.docx,CORE PRODUCT REQUIREMENTS AUTHORITY,01_GOVERNANCE/W4-02A.1_GOVERNANCE_CONSOLIDATION_FINAL_DECISION_AUTHORITY_v1.0.docx,Core PRD is current product requirement contract,DETERMINISTIC_CROSSWALK_VALIDATED,Exact deterministic join on module + prior candidate Core artifact + prior Core section. Current Core/evidence/authority/dependency fields are sourced from the matched STEP03 v1.2 relationship. STEP04 v1.0 is provenance only; no keyword/layer fallback.,CAM11-0014
STEP04-0163,M11-CI-006,M11,RUMAHAGEN_WF03_M11_FULL_REBUILD_CONTROLLED_v2.0_FULL_VERSION/RUMAHAGEN_WF03_M11_FULL_REBUILD_CONTROLLED_v2.0_FULL_VERSION.md,SR-0127,07_PRD/W4-02A.6.11_PRD_CURRENT_PRODUCT_REQUIREMENTS_FULL_CONSOLIDATED_v2.1.docx,CORE PRODUCT REQUIREMENTS AUTHORITY,01_GOVERNANCE/W4-02A.1_GOVERNANCE_CONSOLIDATION_FINAL_DECISION_AUTHORITY_v1.0.docx,Core PRD is current product requirement contract,DETERMINISTIC_CROSSWALK_VALIDATED,Exact deterministic join on module + prior candidate Core artifact + prior Core section. Current Core/evidence/authority/dependency fields are sourced from the matched STEP03 v1.2 relationship. STEP04 v1.0 is provenance only; no keyword/layer fallback.,CAM11-0014
STEP04-0164,M11-CI-007,M11,RUMAHAGEN_WF03_M11_FULL_REBUILD_CONTROLLED_v2.0_FULL_VERSION/RUMAHAGEN_WF03_M11_FULL_REBUILD_CONTROLLED_v2.0_FULL_VERSION.md,SR-0127,07_PRD/W4-02A.6.11_PRD_CURRENT_PRODUCT_REQUIREMENTS_FULL_CONSOLIDATED_v2.1.docx,CORE PRODUCT REQUIREMENTS AUTHORITY,01_GOVERNANCE/W4-02A.1_GOVERNANCE_CONSOLIDATION_FINAL_DECISION_AUTHORITY_v1.0.docx,Core PRD is current product requirement contract,DETERMINISTIC_CROSSWALK_VALIDATED,Exact deterministic join on module + prior candidate Core artifact + prior Core section. Current Core/evidence/authority/dependency fields are sourced from the matched STEP03 v1.2 relationship. STEP04 v1.0 is provenance only; no keyword/layer fallback.,CAM11-0014
STEP04-0165,M11-CI-008,M11,RUMAHAGEN_WF03_M11_FULL_REBUILD_CONTROLLED_v2.0_FULL_VERSION/RUMAHAGEN_WF03_M11_FULL_REBUILD_CONTROLLED_v2.0_FULL_VERSION.md,SR-0127,07_PRD/W4-02A.6.11_PRD_CURRENT_PRODUCT_REQUIREMENTS_FULL_CONSOLIDATED_v2.1.docx,CORE PRODUCT REQUIREMENTS AUTHORITY,01_GOVERNANCE/W4-02A.1_GOVERNANCE_CONSOLIDATION_FINAL_DECISION_AUTHORITY_v1.0.docx,Core PRD is current product requirement contract,DETERMINISTIC_CROSSWALK_VALIDATED,Exact deterministic join on module + prior candidate Core artifact + prior Core section. Current Core/evidence/authority/dependency fields are sourced from the matched STEP03 v1.2 relationship. STEP04 v1.0 is provenance only; no keyword/layer fallback.,CAM11-0014
STEP04-0166,M11-CI-009,M11,RUMAHAGEN_WF03_M11_FULL_REBUILD_CONTROLLED_v2.0_FULL_VERSION/RUMAHAGEN_WF03_M11_FULL_REBUILD_CONTROLLED_v2.0_FULL_VERSION.md,SR-0127,07_PRD/W4-02A.6.11_PRD_CURRENT_PRODUCT_REQUIREMENTS_FULL_CONSOLIDATED_v2.1.docx,CORE PRODUCT REQUIREMENTS AUTHORITY,01_GOVERNANCE/W4-02A.1_GOVERNANCE_CONSOLIDATION_FINAL_DECISION_AUTHORITY_v1.0.docx,Core PRD is current product requirement contract,DETERMINISTIC_CROSSWALK_VALIDATED,Exact deterministic join on module + prior candidate Core artifact + prior Core section. Current Core/evidence/authority/dependency fields are sourced from the matched STEP03 v1.2 relationship. STEP04 v1.0 is provenance only; no keyword/layer fallback.,CAM11-0014
STEP04-0167,M11-CI-010,M11,RUMAHAGEN_WF03_M11_FULL_REBUILD_CONTROLLED_v2.0_FULL_VERSION/RUMAHAGEN_WF03_M11_FULL_REBUILD_CONTROLLED_v2.0_FULL_VERSION.md,SR-0127,07_PRD/W4-02A.6.11_PRD_CURRENT_PRODUCT_REQUIREMENTS_FULL_CONSOLIDATED_v2.1.docx,CORE PRODUCT REQUIREMENTS AUTHORITY,01_GOVERNANCE/W4-02A.1_GOVERNANCE_CONSOLIDATION_FINAL_DECISION_AUTHORITY_v1.0.docx,Core PRD is current product requirement contract,DETERMINISTIC_CROSSWALK_VALIDATED,Exact deterministic join on module + prior candidate Core artifact + prior Core section. Current Core/evidence/authority/dependency fields are sourced from the matched STEP03 v1.2 relationship. STEP04 v1.0 is provenance only; no keyword/layer fallback.,CAM11-0014
STEP04-0168,M12-CI-001,M12,RUMAHAGEN_WF03_M12_FULL_REBUILD_CONTROLLED_v1.0/RUMAHAGEN_WF03_M12_FULL_REBUILD_CONTROLLED_v1.0.md,SR-0128,07_PRD/W4-02A.6.11_PRD_CURRENT_PRODUCT_REQUIREMENTS_FULL_CONSOLIDATED_v2.1.docx,CORE PRODUCT REQUIREMENTS AUTHORITY,01_GOVERNANCE/W4-02A.1_GOVERNANCE_CONSOLIDATION_FINAL_DECISION_AUTHORITY_v1.0.docx,Core PRD is current product requirement contract,DETERMINISTIC_CROSSWALK_VALIDATED,Exact deterministic join on module + prior candidate Core artifact + prior Core section. Current Core/evidence/authority/dependency fields are sourced from the matched STEP03 v1.2 relationship. STEP04 v1.0 is provenance only; no keyword/layer fallback.,CAM11-0014
STEP04-0169,M12-CI-002,M12,RUMAHAGEN_WF03_M12_FULL_REBUILD_CONTROLLED_v1.0/RUMAHAGEN_WF03_M12_FULL_REBUILD_CONTROLLED_v1.0.md,SR-0128,07_PRD/W4-02A.6.11_PRD_CURRENT_PRODUCT_REQUIREMENTS_FULL_CONSOLIDATED_v2.1.docx,CORE PRODUCT REQUIREMENTS AUTHORITY,01_GOVERNANCE/W4-02A.1_GOVERNANCE_CONSOLIDATION_FINAL_DECISION_AUTHORITY_v1.0.docx,Core PRD is current product requirement contract,DETERMINISTIC_CROSSWALK_VALIDATED,Exact deterministic join on module + prior candidate Core artifact + prior Core section. Current Core/evidence/authority/dependency fields are sourced from the matched STEP03 v1.2 relationship. STEP04 v1.0 is provenance only; no keyword/layer fallback.,CAM11-0014
STEP04-0170,M12-CI-003,M12,RUMAHAGEN_WF03_M12_FULL_REBUILD_CONTROLLED_v1.0/RUMAHAGEN_WF03_M12_FULL_REBUILD_CONTROLLED_v1.0.md,SR-0128,07_PRD/W4-02A.6.11_PRD_CURRENT_PRODUCT_REQUIREMENTS_FULL_CONSOLIDATED_v2.1.docx,CORE PRODUCT REQUIREMENTS AUTHORITY,01_GOVERNANCE/W4-02A.1_GOVERNANCE_CONSOLIDATION_FINAL_DECISION_AUTHORITY_v1.0.docx,Core PRD is current product requirement contract,DETERMINISTIC_CROSSWALK_VALIDATED,Exact deterministic join on module + prior candidate Core artifact + prior Core section. Current Core/evidence/authority/dependency fields are sourced from the matched STEP03 v1.2 relationship. STEP04 v1.0 is provenance only; no keyword/layer fallback.,CAM11-0014
STEP04-0171,M12-CI-004,M12,RUMAHAGEN_WF03_M12_FULL_REBUILD_CONTROLLED_v1.0/RUMAHAGEN_WF03_M12_FULL_REBUILD_CONTROLLED_v1.0.md,SR-0128,07_PRD/W4-02A.6.11_PRD_CURRENT_PRODUCT_REQUIREMENTS_FULL_CONSOLIDATED_v2.1.docx,CORE PRODUCT REQUIREMENTS AUTHORITY,01_GOVERNANCE/W4-02A.1_GOVERNANCE_CONSOLIDATION_FINAL_DECISION_AUTHORITY_v1.0.docx,Core PRD is current product requirement contract,DETERMINISTIC_CROSSWALK_VALIDATED,Exact deterministic join on module + prior candidate Core artifact + prior Core section. Current Core/evidence/authority/dependency fields are sourced from the matched STEP03 v1.2 relationship. STEP04 v1.0 is provenance only; no keyword/layer fallback.,CAM11-0014
STEP04-0172,M12-CI-005,M12,RUMAHAGEN_WF03_M12_FULL_REBUILD_CONTROLLED_v1.0/RUMAHAGEN_WF03_M12_FULL_REBUILD_CONTROLLED_v1.0.md,SR-0128,07_PRD/W4-02A.6.11_PRD_CURRENT_PRODUCT_REQUIREMENTS_FULL_CONSOLIDATED_v2.1.docx,CORE PRODUCT REQUIREMENTS AUTHORITY,01_GOVERNANCE/W4-02A.1_GOVERNANCE_CONSOLIDATION_FINAL_DECISION_AUTHORITY_v1.0.docx,Core PRD is current product requirement contract,DETERMINISTIC_CROSSWALK_VALIDATED,Exact deterministic join on module + prior candidate Core artifact + prior Core section. Current Core/evidence/authority/dependency fields are sourced from the matched STEP03 v1.2 relationship. STEP04 v1.0 is provenance only; no keyword/layer fallback.,CAM11-0014
STEP04-0173,M12-CI-006,M12,RUMAHAGEN_WF03_M12_FULL_REBUILD_CONTROLLED_v1.0/RUMAHAGEN_WF03_M12_FULL_REBUILD_CONTROLLED_v1.0.md,SR-0128,07_PRD/W4-02A.6.11_PRD_CURRENT_PRODUCT_REQUIREMENTS_FULL_CONSOLIDATED_v2.1.docx,CORE PRODUCT REQUIREMENTS AUTHORITY,01_GOVERNANCE/W4-02A.1_GOVERNANCE_CONSOLIDATION_FINAL_DECISION_AUTHORITY_v1.0.docx,Core PRD is current product requirement contract,DETERMINISTIC_CROSSWALK_VALIDATED,Exact deterministic join on module + prior candidate Core artifact + prior Core section. Current Core/evidence/authority/dependency fields are sourced from the matched STEP03 v1.2 relationship. STEP04 v1.0 is provenance only; no keyword/layer fallback.,CAM11-0014
STEP04-0174,M12-CI-007,M12,RUMAHAGEN_WF03_M12_FULL_REBUILD_CONTROLLED_v1.0/RUMAHAGEN_WF03_M12_FULL_REBUILD_CONTROLLED_v1.0.md,SR-0128,07_PRD/W4-02A.6.11_PRD_CURRENT_PRODUCT_REQUIREMENTS_FULL_CONSOLIDATED_v2.1.docx,CORE PRODUCT REQUIREMENTS AUTHORITY,01_GOVERNANCE/W4-02A.1_GOVERNANCE_CONSOLIDATION_FINAL_DECISION_AUTHORITY_v1.0.docx,Core PRD is current product requirement contract,DETERMINISTIC_CROSSWALK_VALIDATED,Exact deterministic join on module + prior candidate Core artifact + prior Core section. Current Core/evidence/authority/dependency fields are sourced from the matched STEP03 v1.2 relationship. STEP04 v1.0 is provenance only; no keyword/layer fallback.,CAM11-0014
STEP04-0175,M12-CI-008,M12,RUMAHAGEN_WF03_M12_FULL_REBUILD_CONTROLLED_v1.0/RUMAHAGEN_WF03_M12_FULL_REBUILD_CONTROLLED_v1.0.md,SR-0128,07_PRD/W4-02A.6.11_PRD_CURRENT_PRODUCT_REQUIREMENTS_FULL_CONSOLIDATED_v2.1.docx,CORE PRODUCT REQUIREMENTS AUTHORITY,01_GOVERNANCE/W4-02A.1_GOVERNANCE_CONSOLIDATION_FINAL_DECISION_AUTHORITY_v1.0.docx,Core PRD is current product requirement contract,DETERMINISTIC_CROSSWALK_VALIDATED,Exact deterministic join on module + prior candidate Core artifact + prior Core section. Current Core/evidence/authority/dependency fields are sourced from the matched STEP03 v1.2 relationship. STEP04 v1.0 is provenance only; no keyword/layer fallback.,CAM11-0014
STEP04-0176,M12-CI-009,M12,RUMAHAGEN_WF03_M12_FULL_REBUILD_CONTROLLED_v1.0/RUMAHAGEN_WF03_M12_FULL_REBUILD_CONTROLLED_v1.0.md,SR-0128,07_PRD/W4-02A.6.11_PRD_CURRENT_PRODUCT_REQUIREMENTS_FULL_CONSOLIDATED_v2.1.docx,CORE PRODUCT REQUIREMENTS AUTHORITY,01_GOVERNANCE/W4-02A.1_GOVERNANCE_CONSOLIDATION_FINAL_DECISION_AUTHORITY_v1.0.docx,Core PRD is current product requirement contract,DETERMINISTIC_CROSSWALK_VALIDATED,Exact deterministic join on module + prior candidate Core artifact + prior Core section. Current Core/evidence/authority/dependency fields are sourced from the matched STEP03 v1.2 relationship. STEP04 v1.0 is provenance only; no keyword/layer fallback.,CAM11-0014
STEP04-0177,M12-CI-010,M12,RUMAHAGEN_WF03_M12_FULL_REBUILD_CONTROLLED_v1.0/RUMAHAGEN_WF03_M12_FULL_REBUILD_CONTROLLED_v1.0.md,SR-0128,07_PRD/W4-02A.6.11_PRD_CURRENT_PRODUCT_REQUIREMENTS_FULL_CONSOLIDATED_v2.1.docx,CORE PRODUCT REQUIREMENTS AUTHORITY,01_GOVERNANCE/W4-02A.1_GOVERNANCE_CONSOLIDATION_FINAL_DECISION_AUTHORITY_v1.0.docx,Core PRD is current product requirement contract,DETERMINISTIC_CROSSWALK_VALIDATED,Exact deterministic join on module + prior candidate Core artifact + prior Core section. Current Core/evidence/authority/dependency fields are sourced from the matched STEP03 v1.2 relationship. STEP04 v1.0 is provenance only; no keyword/layer fallback.,CAM11-0014
STEP04-0178,M13-CI-001,M13,RUMAHAGEN_WF03_M13_FULL_REBUILD_CONTROLLED_v1.0/RUMAHAGEN_WF03_M13_FULL_REBUILD_CONTROLLED_v1.0.md,SR-0129,07_PRD/W4-02A.6.11_PRD_CURRENT_PRODUCT_REQUIREMENTS_FULL_CONSOLIDATED_v2.1.docx,CORE PRODUCT REQUIREMENTS AUTHORITY,01_GOVERNANCE/W4-02A.1_GOVERNANCE_CONSOLIDATION_FINAL_DECISION_AUTHORITY_v1.0.docx,Core PRD is current product requirement contract,DETERMINISTIC_CROSSWALK_VALIDATED,Exact deterministic join on module + prior candidate Core artifact + prior Core section. Current Core/evidence/authority/dependency fields are sourced from the matched STEP03 v1.2 relationship. STEP04 v1.0 is provenance only; no keyword/layer fallback.,CAM11-0014
STEP04-0179,M13-CI-002,M13,RUMAHAGEN_WF03_M13_FULL_REBUILD_CONTROLLED_v1.0/RUMAHAGEN_WF03_M13_FULL_REBUILD_CONTROLLED_v1.0.md,SR-0129,07_PRD/W4-02A.6.11_PRD_CURRENT_PRODUCT_REQUIREMENTS_FULL_CONSOLIDATED_v2.1.docx,CORE PRODUCT REQUIREMENTS AUTHORITY,01_GOVERNANCE/W4-02A.1_GOVERNANCE_CONSOLIDATION_FINAL_DECISION_AUTHORITY_v1.0.docx,Core PRD is current product requirement contract,DETERMINISTIC_CROSSWALK_VALIDATED,Exact deterministic join on module + prior candidate Core artifact + prior Core section. Current Core/evidence/authority/dependency fields are sourced from the matched STEP03 v1.2 relationship. STEP04 v1.0 is provenance only; no keyword/layer fallback.,CAM11-0014
STEP04-0180,M13-CI-003,M13,RUMAHAGEN_WF03_M13_FULL_REBUILD_CONTROLLED_v1.0/RUMAHAGEN_WF03_M13_FULL_REBUILD_CONTROLLED_v1.0.md,SR-0129,07_PRD/W4-02A.6.11_PRD_CURRENT_PRODUCT_REQUIREMENTS_FULL_CONSOLIDATED_v2.1.docx,CORE PRODUCT REQUIREMENTS AUTHORITY,01_GOVERNANCE/W4-02A.1_GOVERNANCE_CONSOLIDATION_FINAL_DECISION_AUTHORITY_v1.0.docx,Core PRD is current product requirement contract,DETERMINISTIC_CROSSWALK_VALIDATED,Exact deterministic join on module + prior candidate Core artifact + prior Core section. Current Core/evidence/authority/dependency fields are sourced from the matched STEP03 v1.2 relationship. STEP04 v1.0 is provenance only; no keyword/layer fallback.,CAM11-0014
STEP04-0181,M13-CI-004,M13,RUMAHAGEN_WF03_M13_FULL_REBUILD_CONTROLLED_v1.0/RUMAHAGEN_WF03_M13_FULL_REBUILD_CONTROLLED_v1.0.md,SR-0129,07_PRD/W4-02A.6.11_PRD_CURRENT_PRODUCT_REQUIREMENTS_FULL_CONSOLIDATED_v2.1.docx,CORE PRODUCT REQUIREMENTS AUTHORITY,01_GOVERNANCE/W4-02A.1_GOVERNANCE_CONSOLIDATION_FINAL_DECISION_AUTHORITY_v1.0.docx,Core PRD is current product requirement contract,DETERMINISTIC_CROSSWALK_VALIDATED,Exact deterministic join on module + prior candidate Core artifact + prior Core section. Current Core/evidence/authority/dependency fields are sourced from the matched STEP03 v1.2 relationship. STEP04 v1.0 is provenance only; no keyword/layer fallback.,CAM11-0014
STEP04-0182,M14-CI-001,M14,RUMAHAGEN_WF03_M14_FULL_REBUILD_v2.2_CORE_DETAIL_PARITY_FULL_VERSION/RUMAHAGEN_WF03_M14_FULL_REBUILD_v2.2_CORE_DETAIL_PARITY_FULL_VERSION.md,SR-0130,07_PRD/W4-02A.6.11_PRD_CURRENT_PRODUCT_REQUIREMENTS_FULL_CONSOLIDATED_v2.1.docx,CORE PRODUCT REQUIREMENTS AUTHORITY,01_GOVERNANCE/W4-02A.1_GOVERNANCE_CONSOLIDATION_FINAL_DECISION_AUTHORITY_v1.0.docx,Core PRD is current product requirement contract,DETERMINISTIC_CROSSWALK_VALIDATED,Exact deterministic join on module + prior candidate Core artifact + prior Core section. Current Core/evidence/authority/dependency fields are sourced from the matched STEP03 v1.2 relationship. STEP04 v1.0 is provenance only; no keyword/layer fallback.,CAM11-0014
STEP04-0183,M14-CI-002,M14,RUMAHAGEN_WF03_M14_FULL_REBUILD_v2.2_CORE_DETAIL_PARITY_FULL_VERSION/RUMAHAGEN_WF03_M14_FULL_REBUILD_v2.2_CORE_DETAIL_PARITY_FULL_VERSION.md,SR-0130,07_PRD/W4-02A.6.11_PRD_CURRENT_PRODUCT_REQUIREMENTS_FULL_CONSOLIDATED_v2.1.docx,CORE PRODUCT REQUIREMENTS AUTHORITY,01_GOVERNANCE/W4-02A.1_GOVERNANCE_CONSOLIDATION_FINAL_DECISION_AUTHORITY_v1.0.docx,Core PRD is current product requirement contract,DETERMINISTIC_CROSSWALK_VALIDATED,Exact deterministic join on module + prior candidate Core artifact + prior Core section. Current Core/evidence/authority/dependency fields are sourced from the matched STEP03 v1.2 relationship. STEP04 v1.0 is provenance only; no keyword/layer fallback.,CAM11-0014
STEP04-0184,M14-CI-003,M14,RUMAHAGEN_WF03_M14_FULL_REBUILD_v2.2_CORE_DETAIL_PARITY_FULL_VERSION/RUMAHAGEN_WF03_M14_FULL_REBUILD_v2.2_CORE_DETAIL_PARITY_FULL_VERSION.md,SR-0130,07_PRD/W4-02A.6.11_PRD_CURRENT_PRODUCT_REQUIREMENTS_FULL_CONSOLIDATED_v2.1.docx,CORE PRODUCT REQUIREMENTS AUTHORITY,01_GOVERNANCE/W4-02A.1_GOVERNANCE_CONSOLIDATION_FINAL_DECISION_AUTHORITY_v1.0.docx,Core PRD is current product requirement contract,DETERMINISTIC_CROSSWALK_VALIDATED,Exact deterministic join on module + prior candidate Core artifact + prior Core section. Current Core/evidence/authority/dependency fields are sourced from the matched STEP03 v1.2 relationship. STEP04 v1.0 is provenance only; no keyword/layer fallback.,CAM11-0014
STEP04-0185,M14-CI-004,M14,RUMAHAGEN_WF03_M14_FULL_REBUILD_v2.2_CORE_DETAIL_PARITY_FULL_VERSION/RUMAHAGEN_WF03_M14_FULL_REBUILD_v2.2_CORE_DETAIL_PARITY_FULL_VERSION.md,SR-0130,07_PRD/W4-02A.6.11_PRD_CURRENT_PRODUCT_REQUIREMENTS_FULL_CONSOLIDATED_v2.1.docx,CORE PRODUCT REQUIREMENTS AUTHORITY,01_GOVERNANCE/W4-02A.1_GOVERNANCE_CONSOLIDATION_FINAL_DECISION_AUTHORITY_v1.0.docx,Core PRD is current product requirement contract,DETERMINISTIC_CROSSWALK_VALIDATED,Exact deterministic join on module + prior candidate Core artifact + prior Core section. Current Core/evidence/authority/dependency fields are sourced from the matched STEP03 v1.2 relationship. STEP04 v1.0 is provenance only; no keyword/layer fallback.,CAM11-0014
STEP04-0186,M14-CI-005,M14,RUMAHAGEN_WF03_M14_FULL_REBUILD_v2.2_CORE_DETAIL_PARITY_FULL_VERSION/RUMAHAGEN_WF03_M14_FULL_REBUILD_v2.2_CORE_DETAIL_PARITY_FULL_VERSION.md,SR-0130,07_PRD/W4-02A.6.11_PRD_CURRENT_PRODUCT_REQUIREMENTS_FULL_CONSOLIDATED_v2.1.docx,CORE PRODUCT REQUIREMENTS AUTHORITY,01_GOVERNANCE/W4-02A.1_GOVERNANCE_CONSOLIDATION_FINAL_DECISION_AUTHORITY_v1.0.docx,Core PRD is current product requirement contract,DETERMINISTIC_CROSSWALK_VALIDATED,Exact deterministic join on module + prior candidate Core artifact + prior Core section. Current Core/evidence/authority/dependency fields are sourced from the matched STEP03 v1.2 relationship. STEP04 v1.0 is provenance only; no keyword/layer fallback.,CAM11-0014
STEP04-0187,M14-CI-006,M14,RUMAHAGEN_WF03_M14_FULL_REBUILD_v2.2_CORE_DETAIL_PARITY_FULL_VERSION/RUMAHAGEN_WF03_M14_FULL_REBUILD_v2.2_CORE_DETAIL_PARITY_FULL_VERSION.md,SR-0130,07_PRD/W4-02A.6.11_PRD_CURRENT_PRODUCT_REQUIREMENTS_FULL_CONSOLIDATED_v2.1.docx,CORE PRODUCT REQUIREMENTS AUTHORITY,01_GOVERNANCE/W4-02A.1_GOVERNANCE_CONSOLIDATION_FINAL_DECISION_AUTHORITY_v1.0.docx,Core PRD is current product requirement contract,DETERMINISTIC_CROSSWALK_VALIDATED,Exact deterministic join on module + prior candidate Core artifact + prior Core section. Current Core/evidence/authority/dependency fields are sourced from the matched STEP03 v1.2 relationship. STEP04 v1.0 is provenance only; no keyword/layer fallback.,CAM11-0014
STEP04-0188,M14-CI-007,M14,RUMAHAGEN_WF03_M14_FULL_REBUILD_v2.2_CORE_DETAIL_PARITY_FULL_VERSION/RUMAHAGEN_WF03_M14_FULL_REBUILD_v2.2_CORE_DETAIL_PARITY_FULL_VERSION.md,SR-0130,07_PRD/W4-02A.6.11_PRD_CURRENT_PRODUCT_REQUIREMENTS_FULL_CONSOLIDATED_v2.1.docx,CORE PRODUCT REQUIREMENTS AUTHORITY,01_GOVERNANCE/W4-02A.1_GOVERNANCE_CONSOLIDATION_FINAL_DECISION_AUTHORITY_v1.0.docx,Core PRD is current product requirement contract,DETERMINISTIC_CROSSWALK_VALIDATED,Exact deterministic join on module + prior candidate Core artifact + prior Core section. Current Core/evidence/authority/dependency fields are sourced from the matched STEP03 v1.2 relationship. STEP04 v1.0 is provenance only; no keyword/layer fallback.,CAM11-0014
STEP04-0189,M14-CI-008,M14,RUMAHAGEN_WF03_M14_FULL_REBUILD_v2.2_CORE_DETAIL_PARITY_FULL_VERSION/RUMAHAGEN_WF03_M14_FULL_REBUILD_v2.2_CORE_DETAIL_PARITY_FULL_VERSION.md,SR-0130,07_PRD/W4-02A.6.11_PRD_CURRENT_PRODUCT_REQUIREMENTS_FULL_CONSOLIDATED_v2.1.docx,CORE PRODUCT REQUIREMENTS AUTHORITY,01_GOVERNANCE/W4-02A.1_GOVERNANCE_CONSOLIDATION_FINAL_DECISION_AUTHORITY_v1.0.docx,Core PRD is current product requirement contract,DETERMINISTIC_CROSSWALK_VALIDATED,Exact deterministic join on module + prior candidate Core artifact + prior Core section. Current Core/evidence/authority/dependency fields are sourced from the matched STEP03 v1.2 relationship. STEP04 v1.0 is provenance only; no keyword/layer fallback.,CAM11-0014
STEP04-0190,M14-CI-009,M14,RUMAHAGEN_WF03_M14_FULL_REBUILD_v2.2_CORE_DETAIL_PARITY_FULL_VERSION/RUMAHAGEN_WF03_M14_FULL_REBUILD_v2.2_CORE_DETAIL_PARITY_FULL_VERSION.md,SR-0130,07_PRD/W4-02A.6.11_PRD_CURRENT_PRODUCT_REQUIREMENTS_FULL_CONSOLIDATED_v2.1.docx,CORE PRODUCT REQUIREMENTS AUTHORITY,01_GOVERNANCE/W4-02A.1_GOVERNANCE_CONSOLIDATION_FINAL_DECISION_AUTHORITY_v1.0.docx,Core PRD is current product requirement contract,DETERMINISTIC_CROSSWALK_VALIDATED,Exact deterministic join on module + prior candidate Core artifact + prior Core section. Current Core/evidence/authority/dependency fields are sourced from the matched STEP03 v1.2 relationship. STEP04 v1.0 is provenance only; no keyword/layer fallback.,CAM11-0014
STEP04-0191,M14-CI-010,M14,RUMAHAGEN_WF03_M14_FULL_REBUILD_v2.2_CORE_DETAIL_PARITY_FULL_VERSION/RUMAHAGEN_WF03_M14_FULL_REBUILD_v2.2_CORE_DETAIL_PARITY_FULL_VERSION.md,SR-0130,07_PRD/W4-02A.6.11_PRD_CURRENT_PRODUCT_REQUIREMENTS_FULL_CONSOLIDATED_v2.1.docx,CORE PRODUCT REQUIREMENTS AUTHORITY,01_GOVERNANCE/W4-02A.1_GOVERNANCE_CONSOLIDATION_FINAL_DECISION_AUTHORITY_v1.0.docx,Core PRD is current product requirement contract,DETERMINISTIC_CROSSWALK_VALIDATED,Exact deterministic join on module + prior candidate Core artifact + prior Core section. Current Core/evidence/authority/dependency fields are sourced from the matched STEP03 v1.2 relationship. STEP04 v1.0 is provenance only; no keyword/layer fallback.,CAM11-0014
STEP04-0192,M14-CI-011,M14,RUMAHAGEN_WF03_M14_FULL_REBUILD_v2.2_CORE_DETAIL_PARITY_FULL_VERSION/RUMAHAGEN_WF03_M14_FULL_REBUILD_v2.2_CORE_DETAIL_PARITY_FULL_VERSION.md,SR-0130,07_PRD/W4-02A.6.11_PRD_CURRENT_PRODUCT_REQUIREMENTS_FULL_CONSOLIDATED_v2.1.docx,CORE PRODUCT REQUIREMENTS AUTHORITY,01_GOVERNANCE/W4-02A.1_GOVERNANCE_CONSOLIDATION_FINAL_DECISION_AUTHORITY_v1.0.docx,Core PRD is current product requirement contract,DETERMINISTIC_CROSSWALK_VALIDATED,Exact deterministic join on module + prior candidate Core artifact + prior Core section. Current Core/evidence/authority/dependency fields are sourced from the matched STEP03 v1.2 relationship. STEP04 v1.0 is provenance only; no keyword/layer fallback.,CAM11-0014
STEP04-0193,M14-CI-012,M14,RUMAHAGEN_WF03_M14_FULL_REBUILD_v2.2_CORE_DETAIL_PARITY_FULL_VERSION/RUMAHAGEN_WF03_M14_FULL_REBUILD_v2.2_CORE_DETAIL_PARITY_FULL_VERSION.md,SR-0130,07_PRD/W4-02A.6.11_PRD_CURRENT_PRODUCT_REQUIREMENTS_FULL_CONSOLIDATED_v2.1.docx,CORE PRODUCT REQUIREMENTS AUTHORITY,01_GOVERNANCE/W4-02A.1_GOVERNANCE_CONSOLIDATION_FINAL_DECISION_AUTHORITY_v1.0.docx,Core PRD is current product requirement contract,DETERMINISTIC_CROSSWALK_VALIDATED,Exact deterministic join on module + prior candidate Core artifact + prior Core section. Current Core/evidence/authority/dependency fields are sourced from the matched STEP03 v1.2 relationship. STEP04 v1.0 is provenance only; no keyword/layer fallback.,CAM11-0014
STEP04-0194,M14-CI-013,M14,RUMAHAGEN_WF03_M14_FULL_REBUILD_v2.2_CORE_DETAIL_PARITY_FULL_VERSION/RUMAHAGEN_WF03_M14_FULL_REBUILD_v2.2_CORE_DETAIL_PARITY_FULL_VERSION.md,SR-0130,07_PRD/W4-02A.6.11_PRD_CURRENT_PRODUCT_REQUIREMENTS_FULL_CONSOLIDATED_v2.1.docx,CORE PRODUCT REQUIREMENTS AUTHORITY,01_GOVERNANCE/W4-02A.1_GOVERNANCE_CONSOLIDATION_FINAL_DECISION_AUTHORITY_v1.0.docx,Core PRD is current product requirement contract,DETERMINISTIC_CROSSWALK_VALIDATED,Exact deterministic join on module + prior candidate Core artifact + prior Core section. Current Core/evidence/authority/dependency fields are sourced from the matched STEP03 v1.2 relationship. STEP04 v1.0 is provenance only; no keyword/layer fallback.,CAM11-0014
STEP04-0195,M14-CI-014,M14,RUMAHAGEN_WF03_M14_FULL_REBUILD_v2.2_CORE_DETAIL_PARITY_FULL_VERSION/RUMAHAGEN_WF03_M14_FULL_REBUILD_v2.2_CORE_DETAIL_PARITY_FULL_VERSION.md,SR-0130,07_PRD/W4-02A.6.11_PRD_CURRENT_PRODUCT_REQUIREMENTS_FULL_CONSOLIDATED_v2.1.docx,CORE PRODUCT REQUIREMENTS AUTHORITY,01_GOVERNANCE/W4-02A.1_GOVERNANCE_CONSOLIDATION_FINAL_DECISION_AUTHORITY_v1.0.docx,Core PRD is current product requirement contract,DETERMINISTIC_CROSSWALK_VALIDATED,Exact deterministic join on module + prior candidate Core artifact + prior Core section. Current Core/evidence/authority/dependency fields are sourced from the matched STEP03 v1.2 relationship. STEP04 v1.0 is provenance only; no keyword/layer fallback.,CAM11-0014
STEP04-0196,M14-CI-015,M14,RUMAHAGEN_WF03_M14_FULL_REBUILD_v2.2_CORE_DETAIL_PARITY_FULL_VERSION/RUMAHAGEN_WF03_M14_FULL_REBUILD_v2.2_CORE_DETAIL_PARITY_FULL_VERSION.md,SR-0130,07_PRD/W4-02A.6.11_PRD_CURRENT_PRODUCT_REQUIREMENTS_FULL_CONSOLIDATED_v2.1.docx,CORE PRODUCT REQUIREMENTS AUTHORITY,01_GOVERNANCE/W4-02A.1_GOVERNANCE_CONSOLIDATION_FINAL_DECISION_AUTHORITY_v1.0.docx,Core PRD is current product requirement contract,DETERMINISTIC_CROSSWALK_VALIDATED,Exact deterministic join on module + prior candidate Core artifact + prior Core section. Current Core/evidence/authority/dependency fields are sourced from the matched STEP03 v1.2 relationship. STEP04 v1.0 is provenance only; no keyword/layer fallback.,CAM11-0014
STEP04-0197,M14-CI-016,M14,RUMAHAGEN_WF03_M14_FULL_REBUILD_v2.2_CORE_DETAIL_PARITY_FULL_VERSION/RUMAHAGEN_WF03_M14_FULL_REBUILD_v2.2_CORE_DETAIL_PARITY_FULL_VERSION.md,SR-0130,07_PRD/W4-02A.6.11_PRD_CURRENT_PRODUCT_REQUIREMENTS_FULL_CONSOLIDATED_v2.1.docx,CORE PRODUCT REQUIREMENTS AUTHORITY,01_GOVERNANCE/W4-02A.1_GOVERNANCE_CONSOLIDATION_FINAL_DECISION_AUTHORITY_v1.0.docx,Core PRD is current product requirement contract,DETERMINISTIC_CROSSWALK_VALIDATED,Exact deterministic join on module + prior candidate Core artifact + prior Core section. Current Core/evidence/authority/dependency fields are sourced from the matched STEP03 v1.2 relationship. STEP04 v1.0 is provenance only; no keyword/layer fallback.,CAM11-0014
STEP04-0198,M14-CI-017,M14,RUMAHAGEN_WF03_M14_FULL_REBUILD_v2.2_CORE_DETAIL_PARITY_FULL_VERSION/RUMAHAGEN_WF03_M14_FULL_REBUILD_v2.2_CORE_DETAIL_PARITY_FULL_VERSION.md,SR-0130,07_PRD/W4-02A.6.11_PRD_CURRENT_PRODUCT_REQUIREMENTS_FULL_CONSOLIDATED_v2.1.docx,CORE PRODUCT REQUIREMENTS AUTHORITY,01_GOVERNANCE/W4-02A.1_GOVERNANCE_CONSOLIDATION_FINAL_DECISION_AUTHORITY_v1.0.docx,Core PRD is current product requirement contract,DETERMINISTIC_CROSSWALK_VALIDATED,Exact deterministic join on module + prior candidate Core artifact + prior Core section. Current Core/evidence/authority/dependency fields are sourced from the matched STEP03 v1.2 relationship. STEP04 v1.0 is provenance only; no keyword/layer fallback.,CAM11-0014
STEP04-0199,M14-CI-018,M14,RUMAHAGEN_WF03_M14_FULL_REBUILD_v2.2_CORE_DETAIL_PARITY_FULL_VERSION/RUMAHAGEN_WF03_M14_FULL_REBUILD_v2.2_CORE_DETAIL_PARITY_FULL_VERSION.md,SR-0130,07_PRD/W4-02A.6.11_PRD_CURRENT_PRODUCT_REQUIREMENTS_FULL_CONSOLIDATED_v2.1.docx,CORE PRODUCT REQUIREMENTS AUTHORITY,01_GOVERNANCE/W4-02A.1_GOVERNANCE_CONSOLIDATION_FINAL_DECISION_AUTHORITY_v1.0.docx,Core PRD is current product requirement contract,DETERMINISTIC_CROSSWALK_VALIDATED,Exact deterministic join on module + prior candidate Core artifact + prior Core section. Current Core/evidence/authority/dependency fields are sourced from the matched STEP03 v1.2 relationship. STEP04 v1.0 is provenance only; no keyword/layer fallback.,CAM11-0014
STEP04-0200,M14-CI-019,M14,RUMAHAGEN_WF03_M14_FULL_REBUILD_v2.2_CORE_DETAIL_PARITY_FULL_VERSION/RUMAHAGEN_WF03_M14_FULL_REBUILD_v2.2_CORE_DETAIL_PARITY_FULL_VERSION.md,SR-0130,07_PRD/W4-02A.6.11_PRD_CURRENT_PRODUCT_REQUIREMENTS_FULL_CONSOLIDATED_v2.1.docx,CORE PRODUCT REQUIREMENTS AUTHORITY,01_GOVERNANCE/W4-02A.1_GOVERNANCE_CONSOLIDATION_FINAL_DECISION_AUTHORITY_v1.0.docx,Core PRD is current product requirement contract,DETERMINISTIC_CROSSWALK_VALIDATED,Exact deterministic join on module + prior candidate Core artifact + prior Core section. Current Core/evidence/authority/dependency fields are sourced from the matched STEP03 v1.2 relationship. STEP04 v1.0 is provenance only; no keyword/layer fallback.,CAM11-0014
STEP04-0201,M14-CI-020,M14,RUMAHAGEN_WF03_M14_FULL_REBUILD_v2.2_CORE_DETAIL_PARITY_FULL_VERSION/RUMAHAGEN_WF03_M14_FULL_REBUILD_v2.2_CORE_DETAIL_PARITY_FULL_VERSION.md,SR-0130,07_PRD/W4-02A.6.11_PRD_CURRENT_PRODUCT_REQUIREMENTS_FULL_CONSOLIDATED_v2.1.docx,CORE PRODUCT REQUIREMENTS AUTHORITY,01_GOVERNANCE/W4-02A.1_GOVERNANCE_CONSOLIDATION_FINAL_DECISION_AUTHORITY_v1.0.docx,Core PRD is current product requirement contract,DETERMINISTIC_CROSSWALK_VALIDATED,Exact deterministic join on module + prior candidate Core artifact + prior Core section. Current Core/evidence/authority/dependency fields are sourced from the matched STEP03 v1.2 relationship. STEP04 v1.0 is provenance only; no keyword/layer fallback.,CAM11-0014
STEP04-0202,M15-IA-01,M15,RUMAHAGEN_WF03_M15_FULL_REBUILD_v1.1_CORE_DETAIL_SYNCHRONIZED_FULL_VERSION/RUMAHAGEN_WF03_M15_FULL_REBUILD_v1.1_CORE_DETAIL_SYNCHRONIZED_FULL_VERSION.md,SR-0131,07_PRD/W4-02A.6.11_PRD_CURRENT_PRODUCT_REQUIREMENTS_FULL_CONSOLIDATED_v2.1.docx,CORE PRODUCT REQUIREMENTS AUTHORITY,01_GOVERNANCE/W4-02A.1_GOVERNANCE_CONSOLIDATION_FINAL_DECISION_AUTHORITY_v1.0.docx,Core PRD is current product requirement contract,DETERMINISTIC_CROSSWALK_VALIDATED,Exact deterministic join on module + prior candidate Core artifact + prior Core section. Current Core/evidence/authority/dependency fields are sourced from the matched STEP03 v1.2 relationship. STEP04 v1.0 is provenance only; no keyword/layer fallback.,CAM11-0014
STEP04-0203,M15-IA-02,M15,RUMAHAGEN_WF03_M15_FULL_REBUILD_v1.1_CORE_DETAIL_SYNCHRONIZED_FULL_VERSION/RUMAHAGEN_WF03_M15_FULL_REBUILD_v1.1_CORE_DETAIL_SYNCHRONIZED_FULL_VERSION.md,SR-0131,07_PRD/W4-02A.6.11_PRD_CURRENT_PRODUCT_REQUIREMENTS_FULL_CONSOLIDATED_v2.1.docx,CORE PRODUCT REQUIREMENTS AUTHORITY,01_GOVERNANCE/W4-02A.1_GOVERNANCE_CONSOLIDATION_FINAL_DECISION_AUTHORITY_v1.0.docx,Core PRD is current product requirement contract,DETERMINISTIC_CROSSWALK_VALIDATED,Exact deterministic join on module + prior candidate Core artifact + prior Core section. Current Core/evidence/authority/dependency fields are sourced from the matched STEP03 v1.2 relationship. STEP04 v1.0 is provenance only; no keyword/layer fallback.,CAM11-0014
STEP04-0204,M15-IA-03,M15,RUMAHAGEN_WF03_M15_FULL_REBUILD_v1.1_CORE_DETAIL_SYNCHRONIZED_FULL_VERSION/RUMAHAGEN_WF03_M15_FULL_REBUILD_v1.1_CORE_DETAIL_SYNCHRONIZED_FULL_VERSION.md,SR-0131,07_PRD/W4-02A.6.11_PRD_CURRENT_PRODUCT_REQUIREMENTS_FULL_CONSOLIDATED_v2.1.docx,CORE PRODUCT REQUIREMENTS AUTHORITY,01_GOVERNANCE/W4-02A.1_GOVERNANCE_CONSOLIDATION_FINAL_DECISION_AUTHORITY_v1.0.docx,Core PRD is current product requirement contract,DETERMINISTIC_CROSSWALK_VALIDATED,Exact deterministic join on module + prior candidate Core artifact + prior Core section. Current Core/evidence/authority/dependency fields are sourced from the matched STEP03 v1.2 relationship. STEP04 v1.0 is provenance only; no keyword/layer fallback.,CAM11-0014
STEP04-0205,M15-IA-04,M15,RUMAHAGEN_WF03_M15_FULL_REBUILD_v1.1_CORE_DETAIL_SYNCHRONIZED_FULL_VERSION/RUMAHAGEN_WF03_M15_FULL_REBUILD_v1.1_CORE_DETAIL_SYNCHRONIZED_FULL_VERSION.md,SR-0131,07_PRD/W4-02A.6.11_PRD_CURRENT_PRODUCT_REQUIREMENTS_FULL_CONSOLIDATED_v2.1.docx,CORE PRODUCT REQUIREMENTS AUTHORITY,01_GOVERNANCE/W4-02A.1_GOVERNANCE_CONSOLIDATION_FINAL_DECISION_AUTHORITY_v1.0.docx,Core PRD is current product requirement contract,DETERMINISTIC_CROSSWALK_VALIDATED,Exact deterministic join on module + prior candidate Core artifact + prior Core section. Current Core/evidence/authority/dependency fields are sourced from the matched STEP03 v1.2 relationship. STEP04 v1.0 is provenance only; no keyword/layer fallback.,CAM11-0014
STEP04-0206,M15-IA-05,M15,RUMAHAGEN_WF03_M15_FULL_REBUILD_v1.1_CORE_DETAIL_SYNCHRONIZED_FULL_VERSION/RUMAHAGEN_WF03_M15_FULL_REBUILD_v1.1_CORE_DETAIL_SYNCHRONIZED_FULL_VERSION.md,SR-0131,07_PRD/W4-02A.6.11_PRD_CURRENT_PRODUCT_REQUIREMENTS_FULL_CONSOLIDATED_v2.1.docx,CORE PRODUCT REQUIREMENTS AUTHORITY,01_GOVERNANCE/W4-02A.1_GOVERNANCE_CONSOLIDATION_FINAL_DECISION_AUTHORITY_v1.0.docx,Core PRD is current product requirement contract,DETERMINISTIC_CROSSWALK_VALIDATED,Exact deterministic join on module + prior candidate Core artifact + prior Core section. Current Core/evidence/authority/dependency fields are sourced from the matched STEP03 v1.2 relationship. STEP04 v1.0 is provenance only; no keyword/layer fallback.,CAM11-0014
STEP04-0207,M15-IA-06,M15,RUMAHAGEN_WF03_M15_FULL_REBUILD_v1.1_CORE_DETAIL_SYNCHRONIZED_FULL_VERSION/RUMAHAGEN_WF03_M15_FULL_REBUILD_v1.1_CORE_DETAIL_SYNCHRONIZED_FULL_VERSION.md,SR-0131,07_PRD/W4-02A.6.11_PRD_CURRENT_PRODUCT_REQUIREMENTS_FULL_CONSOLIDATED_v2.1.docx,CORE PRODUCT REQUIREMENTS AUTHORITY,01_GOVERNANCE/W4-02A.1_GOVERNANCE_CONSOLIDATION_FINAL_DECISION_AUTHORITY_v1.0.docx,Core PRD is current product requirement contract,DETERMINISTIC_CROSSWALK_VALIDATED,Exact deterministic join on module + prior candidate Core artifact + prior Core section. Current Core/evidence/authority/dependency fields are sourced from the matched STEP03 v1.2 relationship. STEP04 v1.0 is provenance only; no keyword/layer fallback.,CAM11-0014
STEP04-0208,M15-IA-07,M15,RUMAHAGEN_WF03_M15_FULL_REBUILD_v1.1_CORE_DETAIL_SYNCHRONIZED_FULL_VERSION/RUMAHAGEN_WF03_M15_FULL_REBUILD_v1.1_CORE_DETAIL_SYNCHRONIZED_FULL_VERSION.md,SR-0131,07_PRD/W4-02A.6.11_PRD_CURRENT_PRODUCT_REQUIREMENTS_FULL_CONSOLIDATED_v2.1.docx,CORE PRODUCT REQUIREMENTS AUTHORITY,01_GOVERNANCE/W4-02A.1_GOVERNANCE_CONSOLIDATION_FINAL_DECISION_AUTHORITY_v1.0.docx,Core PRD is current product requirement contract,DETERMINISTIC_CROSSWALK_VALIDATED,Exact deterministic join on module + prior candidate Core artifact + prior Core section. Current Core/evidence/authority/dependency fields are sourced from the matched STEP03 v1.2 relationship. STEP04 v1.0 is provenance only; no keyword/layer fallback.,CAM11-0014
STEP04-0209,M15-IA-08,M15,RUMAHAGEN_WF03_M15_FULL_REBUILD_v1.1_CORE_DETAIL_SYNCHRONIZED_FULL_VERSION/RUMAHAGEN_WF03_M15_FULL_REBUILD_v1.1_CORE_DETAIL_SYNCHRONIZED_FULL_VERSION.md,SR-0131,07_PRD/W4-02A.6.11_PRD_CURRENT_PRODUCT_REQUIREMENTS_FULL_CONSOLIDATED_v2.1.docx,CORE PRODUCT REQUIREMENTS AUTHORITY,01_GOVERNANCE/W4-02A.1_GOVERNANCE_CONSOLIDATION_FINAL_DECISION_AUTHORITY_v1.0.docx,Core PRD is current product requirement contract,DETERMINISTIC_CROSSWALK_VALIDATED,Exact deterministic join on module + prior candidate Core artifact + prior Core section. Current Core/evidence/authority/dependency fields are sourced from the matched STEP03 v1.2 relationship. STEP04 v1.0 is provenance only; no keyword/layer fallback.,CAM11-0014
STEP04-0210,M15-IA-09,M15,RUMAHAGEN_WF03_M15_FULL_REBUILD_v1.1_CORE_DETAIL_SYNCHRONIZED_FULL_VERSION/RUMAHAGEN_WF03_M15_FULL_REBUILD_v1.1_CORE_DETAIL_SYNCHRONIZED_FULL_VERSION.md,SR-0131,07_PRD/W4-02A.6.11_PRD_CURRENT_PRODUCT_REQUIREMENTS_FULL_CONSOLIDATED_v2.1.docx,CORE PRODUCT REQUIREMENTS AUTHORITY,01_GOVERNANCE/W4-02A.1_GOVERNANCE_CONSOLIDATION_FINAL_DECISION_AUTHORITY_v1.0.docx,Core PRD is current product requirement contract,DETERMINISTIC_CROSSWALK_VALIDATED,Exact deterministic join on module + prior candidate Core artifact + prior Core section. Current Core/evidence/authority/dependency fields are sourced from the matched STEP03 v1.2 relationship. STEP04 v1.0 is provenance only; no keyword/layer fallback.,CAM11-0014
STEP04-0211,M15-IA-10,M15,RUMAHAGEN_WF03_M15_FULL_REBUILD_v1.1_CORE_DETAIL_SYNCHRONIZED_FULL_VERSION/RUMAHAGEN_WF03_M15_FULL_REBUILD_v1.1_CORE_DETAIL_SYNCHRONIZED_FULL_VERSION.md,SR-0131,07_PRD/W4-02A.6.11_PRD_CURRENT_PRODUCT_REQUIREMENTS_FULL_CONSOLIDATED_v2.1.docx,CORE PRODUCT REQUIREMENTS AUTHORITY,01_GOVERNANCE/W4-02A.1_GOVERNANCE_CONSOLIDATION_FINAL_DECISION_AUTHORITY_v1.0.docx,Core PRD is current product requirement contract,DETERMINISTIC_CROSSWALK_VALIDATED,Exact deterministic join on module + prior candidate Core artifact + prior Core section. Current Core/evidence/authority/dependency fields are sourced from the matched STEP03 v1.2 relationship. STEP04 v1.0 is provenance only; no keyword/layer fallback.,CAM11-0014
STEP04-0212,M15-IA-11,M15,RUMAHAGEN_WF03_M15_FULL_REBUILD_v1.1_CORE_DETAIL_SYNCHRONIZED_FULL_VERSION/RUMAHAGEN_WF03_M15_FULL_REBUILD_v1.1_CORE_DETAIL_SYNCHRONIZED_FULL_VERSION.md,SR-0131,07_PRD/W4-02A.6.11_PRD_CURRENT_PRODUCT_REQUIREMENTS_FULL_CONSOLIDATED_v2.1.docx,CORE PRODUCT REQUIREMENTS AUTHORITY,01_GOVERNANCE/W4-02A.1_GOVERNANCE_CONSOLIDATION_FINAL_DECISION_AUTHORITY_v1.0.docx,Core PRD is current product requirement contract,DETERMINISTIC_CROSSWALK_VALIDATED,Exact deterministic join on module + prior candidate Core artifact + prior Core section. Current Core/evidence/authority/dependency fields are sourced from the matched STEP03 v1.2 relationship. STEP04 v1.0 is provenance only; no keyword/layer fallback.,CAM11-0014
STEP04-0213,M15-IA-12,M15,RUMAHAGEN_WF03_M15_FULL_REBUILD_v1.1_CORE_DETAIL_SYNCHRONIZED_FULL_VERSION/RUMAHAGEN_WF03_M15_FULL_REBUILD_v1.1_CORE_DETAIL_SYNCHRONIZED_FULL_VERSION.md,SR-0131,07_PRD/W4-02A.6.11_PRD_CURRENT_PRODUCT_REQUIREMENTS_FULL_CONSOLIDATED_v2.1.docx,CORE PRODUCT REQUIREMENTS AUTHORITY,01_GOVERNANCE/W4-02A.1_GOVERNANCE_CONSOLIDATION_FINAL_DECISION_AUTHORITY_v1.0.docx,Core PRD is current product requirement contract,DETERMINISTIC_CROSSWALK_VALIDATED,Exact deterministic join on module + prior candidate Core artifact + prior Core section. Current Core/evidence/authority/dependency fields are sourced from the matched STEP03 v1.2 relationship. STEP04 v1.0 is provenance only; no keyword/layer fallback.,CAM11-0014
STEP04-0214,M15-IA-13,M15,RUMAHAGEN_WF03_M15_FULL_REBUILD_v1.1_CORE_DETAIL_SYNCHRONIZED_FULL_VERSION/RUMAHAGEN_WF03_M15_FULL_REBUILD_v1.1_CORE_DETAIL_SYNCHRONIZED_FULL_VERSION.md,SR-0131,07_PRD/W4-02A.6.11_PRD_CURRENT_PRODUCT_REQUIREMENTS_FULL_CONSOLIDATED_v2.1.docx,CORE PRODUCT REQUIREMENTS AUTHORITY,01_GOVERNANCE/W4-02A.1_GOVERNANCE_CONSOLIDATION_FINAL_DECISION_AUTHORITY_v1.0.docx,Core PRD is current product requirement contract,DETERMINISTIC_CROSSWALK_VALIDATED,Exact deterministic join on module + prior candidate Core artifact + prior Core section. Current Core/evidence/authority/dependency fields are sourced from the matched STEP03 v1.2 relationship. STEP04 v1.0 is provenance only; no keyword/layer fallback.,CAM11-0014
STEP04-0215,M15-IA-14,M15,RUMAHAGEN_WF03_M15_FULL_REBUILD_v1.1_CORE_DETAIL_SYNCHRONIZED_FULL_VERSION/RUMAHAGEN_WF03_M15_FULL_REBUILD_v1.1_CORE_DETAIL_SYNCHRONIZED_FULL_VERSION.md,SR-0131,07_PRD/W4-02A.6.11_PRD_CURRENT_PRODUCT_REQUIREMENTS_FULL_CONSOLIDATED_v2.1.docx,CORE PRODUCT REQUIREMENTS AUTHORITY,01_GOVERNANCE/W4-02A.1_GOVERNANCE_CONSOLIDATION_FINAL_DECISION_AUTHORITY_v1.0.docx,Core PRD is current product requirement contract,DETERMINISTIC_CROSSWALK_VALIDATED,Exact deterministic join on module + prior candidate Core artifact + prior Core section. Current Core/evidence/authority/dependency fields are sourced from the matched STEP03 v1.2 relationship. STEP04 v1.0 is provenance only; no keyword/layer fallback.,CAM11-0014
STEP04-0216,M15-IA-15,M15,RUMAHAGEN_WF03_M15_FULL_REBUILD_v1.1_CORE_DETAIL_SYNCHRONIZED_FULL_VERSION/RUMAHAGEN_WF03_M15_FULL_REBUILD_v1.1_CORE_DETAIL_SYNCHRONIZED_FULL_VERSION.md,SR-0131,07_PRD/W4-02A.6.11_PRD_CURRENT_PRODUCT_REQUIREMENTS_FULL_CONSOLIDATED_v2.1.docx,CORE PRODUCT REQUIREMENTS AUTHORITY,01_GOVERNANCE/W4-02A.1_GOVERNANCE_CONSOLIDATION_FINAL_DECISION_AUTHORITY_v1.0.docx,Core PRD is current product requirement contract,DETERMINISTIC_CROSSWALK_VALIDATED,Exact deterministic join on module + prior candidate Core artifact + prior Core section. Current Core/evidence/authority/dependency fields are sourced from the matched STEP03 v1.2 relationship. STEP04 v1.0 is provenance only; no keyword/layer fallback.,CAM11-0014
STEP04-0217,M15-IA-16,M15,RUMAHAGEN_WF03_M15_FULL_REBUILD_v1.1_CORE_DETAIL_SYNCHRONIZED_FULL_VERSION/RUMAHAGEN_WF03_M15_FULL_REBUILD_v1.1_CORE_DETAIL_SYNCHRONIZED_FULL_VERSION.md,SR-0131,07_PRD/W4-02A.6.11_PRD_CURRENT_PRODUCT_REQUIREMENTS_FULL_CONSOLIDATED_v2.1.docx,CORE PRODUCT REQUIREMENTS AUTHORITY,01_GOVERNANCE/W4-02A.1_GOVERNANCE_CONSOLIDATION_FINAL_DECISION_AUTHORITY_v1.0.docx,Core PRD is current product requirement contract,DETERMINISTIC_CROSSWALK_VALIDATED,Exact deterministic join on module + prior candidate Core artifact + prior Core section. Current Core/evidence/authority/dependency fields are sourced from the matched STEP03 v1.2 relationship. STEP04 v1.0 is provenance only; no keyword/layer fallback.,CAM11-0014
STEP04-0218,M15-IA-17,M15,RUMAHAGEN_WF03_M15_FULL_REBUILD_v1.1_CORE_DETAIL_SYNCHRONIZED_FULL_VERSION/RUMAHAGEN_WF03_M15_FULL_REBUILD_v1.1_CORE_DETAIL_SYNCHRONIZED_FULL_VERSION.md,SR-0131,07_PRD/W4-02A.6.11_PRD_CURRENT_PRODUCT_REQUIREMENTS_FULL_CONSOLIDATED_v2.1.docx,CORE PRODUCT REQUIREMENTS AUTHORITY,01_GOVERNANCE/W4-02A.1_GOVERNANCE_CONSOLIDATION_FINAL_DECISION_AUTHORITY_v1.0.docx,Core PRD is current product requirement contract,DETERMINISTIC_CROSSWALK_VALIDATED,Exact deterministic join on module + prior candidate Core artifact + prior Core section. Current Core/evidence/authority/dependency fields are sourced from the matched STEP03 v1.2 relationship. STEP04 v1.0 is provenance only; no keyword/layer fallback.,CAM11-0014
STEP04-0219,M15-IA-18,M15,RUMAHAGEN_WF03_M15_FULL_REBUILD_v1.1_CORE_DETAIL_SYNCHRONIZED_FULL_VERSION/RUMAHAGEN_WF03_M15_FULL_REBUILD_v1.1_CORE_DETAIL_SYNCHRONIZED_FULL_VERSION.md,SR-0131,07_PRD/W4-02A.6.11_PRD_CURRENT_PRODUCT_REQUIREMENTS_FULL_CONSOLIDATED_v2.1.docx,CORE PRODUCT REQUIREMENTS AUTHORITY,01_GOVERNANCE/W4-02A.1_GOVERNANCE_CONSOLIDATION_FINAL_DECISION_AUTHORITY_v1.0.docx,Core PRD is current product requirement contract,DETERMINISTIC_CROSSWALK_VALIDATED,Exact deterministic join on module + prior candidate Core artifact + prior Core section. Current Core/evidence/authority/dependency fields are sourced from the matched STEP03 v1.2 relationship. STEP04 v1.0 is provenance only; no keyword/layer fallback.,CAM11-0014
STEP04-0220,M15-IA-19,M15,RUMAHAGEN_WF03_M15_FULL_REBUILD_v1.1_CORE_DETAIL_SYNCHRONIZED_FULL_VERSION/RUMAHAGEN_WF03_M15_FULL_REBUILD_v1.1_CORE_DETAIL_SYNCHRONIZED_FULL_VERSION.md,SR-0131,07_PRD/W4-02A.6.11_PRD_CURRENT_PRODUCT_REQUIREMENTS_FULL_CONSOLIDATED_v2.1.docx,CORE PRODUCT REQUIREMENTS AUTHORITY,01_GOVERNANCE/W4-02A.1_GOVERNANCE_CONSOLIDATION_FINAL_DECISION_AUTHORITY_v1.0.docx,Core PRD is current product requirement contract,DETERMINISTIC_CROSSWALK_VALIDATED,Exact deterministic join on module + prior candidate Core artifact + prior Core section. Current Core/evidence/authority/dependency fields are sourced from the matched STEP03 v1.2 relationship. STEP04 v1.0 is provenance only; no keyword/layer fallback.,CAM11-0014
STEP04-0221,M15-IA-20,M15,RUMAHAGEN_WF03_M15_FULL_REBUILD_v1.1_CORE_DETAIL_SYNCHRONIZED_FULL_VERSION/RUMAHAGEN_WF03_M15_FULL_REBUILD_v1.1_CORE_DETAIL_SYNCHRONIZED_FULL_VERSION.md,SR-0131,07_PRD/W4-02A.6.11_PRD_CURRENT_PRODUCT_REQUIREMENTS_FULL_CONSOLIDATED_v2.1.docx,CORE PRODUCT REQUIREMENTS AUTHORITY,01_GOVERNANCE/W4-02A.1_GOVERNANCE_CONSOLIDATION_FINAL_DECISION_AUTHORITY_v1.0.docx,Core PRD is current product requirement contract,DETERMINISTIC_CROSSWALK_VALIDATED,Exact deterministic join on module + prior candidate Core artifact + prior Core section. Current Core/evidence/authority/dependency fields are sourced from the matched STEP03 v1.2 relationship. STEP04 v1.0 is provenance only; no keyword/layer fallback.,CAM11-0014
STEP04-0222,M15-IA-21,M15,RUMAHAGEN_WF03_M15_FULL_REBUILD_v1.1_CORE_DETAIL_SYNCHRONIZED_FULL_VERSION/RUMAHAGEN_WF03_M15_FULL_REBUILD_v1.1_CORE_DETAIL_SYNCHRONIZED_FULL_VERSION.md,SR-0131,07_PRD/W4-02A.6.11_PRD_CURRENT_PRODUCT_REQUIREMENTS_FULL_CONSOLIDATED_v2.1.docx,CORE PRODUCT REQUIREMENTS AUTHORITY,01_GOVERNANCE/W4-02A.1_GOVERNANCE_CONSOLIDATION_FINAL_DECISION_AUTHORITY_v1.0.docx,Core PRD is current product requirement contract,DETERMINISTIC_CROSSWALK_VALIDATED,Exact deterministic join on module + prior candidate Core artifact + prior Core section. Current Core/evidence/authority/dependency fields are sourced from the matched STEP03 v1.2 relationship. STEP04 v1.0 is provenance only; no keyword/layer fallback.,CAM11-0014
STEP04-0223,M15-IA-22,M15,RUMAHAGEN_WF03_M15_FULL_REBUILD_v1.1_CORE_DETAIL_SYNCHRONIZED_FULL_VERSION/RUMAHAGEN_WF03_M15_FULL_REBUILD_v1.1_CORE_DETAIL_SYNCHRONIZED_FULL_VERSION.md,SR-0131,07_PRD/W4-02A.6.11_PRD_CURRENT_PRODUCT_REQUIREMENTS_FULL_CONSOLIDATED_v2.1.docx,CORE PRODUCT REQUIREMENTS AUTHORITY,01_GOVERNANCE/W4-02A.1_GOVERNANCE_CONSOLIDATION_FINAL_DECISION_AUTHORITY_v1.0.docx,Core PRD is current product requirement contract,DETERMINISTIC_CROSSWALK_VALIDATED,Exact deterministic join on module + prior candidate Core artifact + prior Core section. Current Core/evidence/authority/dependency fields are sourced from the matched STEP03 v1.2 relationship. STEP04 v1.0 is provenance only; no keyword/layer fallback.,CAM11-0014
