source,nesting_level,relative_path,size_bytes,sha256
RUMAHAGEN_P2_MODULE_IMPLEMENTATION_STRATEGY_FULL_REBUILD_20260907_v1.1.zip,0,P2_AUDIT_INPUT_RECURSIVE_DEEP_SCAN_INVENTORY_v1.1.csv,640185,c1dd289a6aa1c97683c6cc93d517c2d0e8d6e6288bc9aec5f03497843559cb53
RUMAHAGEN_P2_MODULE_IMPLEMENTATION_STRATEGY_FULL_REBUILD_20260907_v1.1.zip,0,P2_AUDIT_SOURCE_SHA256_MANIFEST_v1.1.csv,739,6dd920e7538c77ad1d5f7cc54ee6517eb54cac243a57483554b92d3349ae0718
RUMAHAGEN_P2_MODULE_IMPLEMENTATION_STRATEGY_FULL_REBUILD_20260907_v1.1.zip,0,P2_AUTHORITY_BOUNDARY_STRATEGY_v1.1.csv,2565,b2f2acee8c4f4ae3a7ff8b26a531511ecc554ac8de44a283a7148200441e625f
RUMAHAGEN_P2_MODULE_IMPLEMENTATION_STRATEGY_FULL_REBUILD_20260907_v1.1.zip,0,P2_CORE_V1.3_SCOPE_COVERAGE_MATRIX_v1.1.csv,1084,6e2d1c429201fb5d3de495fc665774f635592ac3bd31f492410eccc8e1a07663
RUMAHAGEN_P2_MODULE_IMPLEMENTATION_STRATEGY_FULL_REBUILD_20260907_v1.1.zip,0,P2_DEPENDENCY_IMPLEMENTATION_STRATEGY_v1.1.csv,10217,0c80a71e9369e5b90540b9c9465c3eed1ff15c94892b20c7f90124066532dc37
RUMAHAGEN_P2_MODULE_IMPLEMENTATION_STRATEGY_FULL_REBUILD_20260907_v1.1.zip,0,P2_FINDING_CORRECTION_REGISTER_v1.1.csv,2606,35f6f938f8e0cb08e14a88b389bd2d1501c9d52445e0c805d124242ba5ceffc8
RUMAHAGEN_P2_MODULE_IMPLEMENTATION_STRATEGY_FULL_REBUILD_20260907_v1.1.zip,0,P2_IMPLEMENTATION_LAYER_STRATEGY_v1.1.csv,532,056c6cde46732c959d830d686086af3b2d344614850c20f825af5b7381c44422
RUMAHAGEN_P2_MODULE_IMPLEMENTATION_STRATEGY_FULL_REBUILD_20260907_v1.1.zip,0,P2_M01-M15_REQUIRED_CHANGE_COVERAGE_MATRIX_v1.1.csv,33853,e31afa107eb8291bd5133396d1296dbf7914a398d181afd82e1fca8fb6a52904
RUMAHAGEN_P2_MODULE_IMPLEMENTATION_STRATEGY_FULL_REBUILD_20260907_v1.1.zip,0,P2_MODULE_IMPLEMENTATION_STRATEGY_FULL_REBUILD_20260907_v1.1.docx,39551,9b984d66a4c43e993f456cfeedcf50586baa0156b0402c492189a1a72bb5ad82
RUMAHAGEN_P2_MODULE_IMPLEMENTATION_STRATEGY_FULL_REBUILD_20260907_v1.1.zip,0,P2_MODULE_IMPLEMENTATION_STRATEGY_FULL_REBUILD_20260907_v1.1.md,9086,4edb694b441edb27c94a9316f734203b74771e213db70f8bcb5d14150b2482c0
RUMAHAGEN_P2_MODULE_IMPLEMENTATION_STRATEGY_FULL_REBUILD_20260907_v1.1.zip,0,P2_MODULE_IMPLEMENTATION_STRATEGY_MATRIX_v1.1.csv,2512,87d03b084e2afeca5f03315b245c96d03d7de6427f602e7ba47a70b7777daa58
RUMAHAGEN_P2_MODULE_IMPLEMENTATION_STRATEGY_FULL_REBUILD_20260907_v1.1.zip,0,P2_MODULE_IMPLEMENTATION_STRATEGY_WORKBOOK_v1.1.xlsx,17091,b188a6e38a69c94b9b21808b4eedafc1749adb409e2052bed3cb94338b8ba989
RUMAHAGEN_P2_MODULE_IMPLEMENTATION_STRATEGY_FULL_REBUILD_20260907_v1.1.zip,0,P2_POST_CORRECTION_SECOND_FULL_DEEP_SCAN_REPORT_v1.1.md,1046,be2369e6e66b679c4c0a85a8811e62ede9846fccda80b2226e1b3b7d9058d07d
STEP SYNC CORE(20260907-081753).zip,0,STEP SYNC CORE/RUMAHAGEN_STEP01_M01-M15_RECON_AUTHORITY_FREEZE_FULL_v1.0.zip,10675,4392a4ecf1f3b1c3c170d921e10159e6fba60e3f72825ab35829c19dbd8cbe7f
STEP SYNC CORE(20260907-081753).zip,1,STEP SYNC CORE/RUMAHAGEN_STEP01_M01-M15_RECON_AUTHORITY_FREEZE_FULL_v1.0.zip!00_STEP01_OUTPUT_MANIFEST_SHA256_v1.0.csv,884,0cda0e526bd97458b47bdab55ea1d302256d644bcec1d32df1f6915eecb2d5fd
STEP SYNC CORE(20260907-081753).zip,1,STEP SYNC CORE/RUMAHAGEN_STEP01_M01-M15_RECON_AUTHORITY_FREEZE_FULL_v1.0.zip!01_STEP01_M01-M15_RECON_AUTHORITY_FREEZE_FULL_REPORT_v1.0.md,8462,6ef5163c98178900bdf108ba5763b3fa88665aeb9e53299c333e022a7a50a615
STEP SYNC CORE(20260907-081753).zip,1,STEP SYNC CORE/RUMAHAGEN_STEP01_M01-M15_RECON_AUTHORITY_FREEZE_FULL_v1.0.zip!02_STEP01_M01-M15_AUTHORITY_MATRIX_v1.0.csv,4704,ac82b0f345a286128ebf9ccad6f4a9535089bb63ab1de773367799c2a6582273
STEP SYNC CORE(20260907-081753).zip,1,STEP SYNC CORE/RUMAHAGEN_STEP01_M01-M15_RECON_AUTHORITY_FREEZE_FULL_v1.0.zip!03_STEP01_RECON_SOURCE_INVENTORY_TOPLEVEL_v1.0.csv,6503,29059fb0ef3c918b66d38b90da37816f19fa83a37ee7e97d3ac2e9b65133a3df
STEP SYNC CORE(20260907-081753).zip,1,STEP SYNC CORE/RUMAHAGEN_STEP01_M01-M15_RECON_AUTHORITY_FREEZE_FULL_v1.0.zip!04_STEP01_HISTORICAL_SUPERSEDED_SUPPORTING_EXCLUSION_REGISTER_v1.0.csv,1052,cb35ebd7d425684b183a3ad78a1380e6e6d5ee879a0ef6512012fb8ba8266e10
STEP SYNC CORE(20260907-081753).zip,1,STEP SYNC CORE/RUMAHAGEN_STEP01_M01-M15_RECON_AUTHORITY_FREEZE_FULL_v1.0.zip!05_STEP01_Q01-Q64_M14_PROVENANCE_AUDIT_v1.0.csv,550,2e4666cac2d817403a3eab7bb625714a351089f13475e74b39bcad7b65c4c9ec
STEP SYNC CORE(20260907-081753).zip,1,STEP SYNC CORE/RUMAHAGEN_STEP01_M01-M15_RECON_AUTHORITY_FREEZE_FULL_v1.0.zip!06_STEP01_VERSION_ID_EXCEPTION_REGISTER_v1.0.csv,684,2c55e6c007ecf9652a9b5db9a8cd9f002dcbb20bc3bcc84c3e6f538405d10dc4
STEP SYNC CORE(20260907-081753).zip,1,STEP SYNC CORE/RUMAHAGEN_STEP01_M01-M15_RECON_AUTHORITY_FREEZE_FULL_v1.0.zip!README_STEP01_FULL_VERSION_v1.0.md,723,717481470c19a198518284790b357a2e381c73c70995e830b1acae489d551a98
STEP SYNC CORE(20260907-081753).zip,0,STEP SYNC CORE/RUMAHAGEN_STEP02_MASTER_RECON_INVENTORY_FULL_v1.1.zip,147584,1b912658bd2bad4730b34eae25a32c37599e377cd51e1e48f01b2bffc113a82c
STEP SYNC CORE(20260907-081753).zip,1,STEP SYNC CORE/RUMAHAGEN_STEP02_MASTER_RECON_INVENTORY_FULL_v1.1.zip!00_STEP02_OUTPUT_MANIFEST_SHA256_v1.1.csv,1179,e603527a0a60891c1ad015f60465c6d93041edbeaaa3a4133998843152d15074
STEP SYNC CORE(20260907-081753).zip,1,STEP SYNC CORE/RUMAHAGEN_STEP02_MASTER_RECON_INVENTORY_FULL_v1.1.zip!01_STEP02_MASTER_RECON_INVENTORY_FULL_v1.1.md,5855,00cf36c97972683a8b784182838f666735aa0c52fc353349e7e128cedefa6d56
STEP SYNC CORE(20260907-081753).zip,1,STEP SYNC CORE/RUMAHAGEN_STEP02_MASTER_RECON_INVENTORY_FULL_v1.1.zip!02_STEP02_M01-M15_ARTIFACT_INVENTORY_FULL.csv,1138437,37215d93fe38f93196eafcc909674090320038e63889c932db6574eaba3f9818
STEP SYNC CORE(20260907-081753).zip,1,STEP SYNC CORE/RUMAHAGEN_STEP02_MASTER_RECON_INVENTORY_FULL_v1.1.zip!03_STEP02_CURRENT_AUTHORITY_REGISTER.csv,4105,7e3f538cca6b4bfaf74d4ccc461972515c7012a92eb8363b7559137c3e3b8d77
STEP SYNC CORE(20260907-081753).zip,1,STEP SYNC CORE/RUMAHAGEN_STEP02_MASTER_RECON_INVENTORY_FULL_v1.1.zip!04_STEP02_HISTORICAL_SUPERSEDED_SUPPORTING_REGISTER.csv,3593,ddbbc9de84eba1f85dd96e3c5f960b743aaefce63b03fba5a9d7d4e6280bf9b8
STEP SYNC CORE(20260907-081753).zip,1,STEP SYNC CORE/RUMAHAGEN_STEP02_MASTER_RECON_INVENTORY_FULL_v1.1.zip!05_STEP02_SCOPE_CAPABILITY_INVENTORY.csv,3637,e4c598fab2e232bd0433c0423bab1a287f793c5b400a9f2393cba1b394f3d383
STEP SYNC CORE(20260907-081753).zip,1,STEP SYNC CORE/RUMAHAGEN_STEP02_MASTER_RECON_INVENTORY_FULL_v1.1.zip!06_STEP02_CROSS_MODULE_DEPENDENCY_MATRIX.csv,19221,0bdb7ccf447e30a56172ad4f79239aa8bd2026cdb2ac1d6854ddad07ddf6277d
STEP SYNC CORE(20260907-081753).zip,1,STEP SYNC CORE/RUMAHAGEN_STEP02_MASTER_RECON_INVENTORY_FULL_v1.1.zip!07_STEP02_CONFLICT_RESIDUAL_INVENTORY.csv,1393,5efd1281b04c951b1a3240c3c248cd0986588ae994077cad0d1b540380416025
STEP SYNC CORE(20260907-081753).zip,1,STEP SYNC CORE/RUMAHAGEN_STEP02_MASTER_RECON_INVENTORY_FULL_v1.1.zip!08_STEP02_CHECKLIST_VERIFICATION.csv,1455,b6b024aa93a2434c2f602ac1f48e3e205f37fb2967552f62f638cf5a473819bf
STEP SYNC CORE(20260907-081753).zip,1,STEP SYNC CORE/RUMAHAGEN_STEP02_MASTER_RECON_INVENTORY_FULL_v1.1.zip!09_STEP02_INTEGRATION_READINESS_REGISTER.csv,1566,9e554570b46062796ba8dfea0d5710ad827a873c01fa39aa46e8b13adea36baf
STEP SYNC CORE(20260907-081753).zip,1,STEP SYNC CORE/RUMAHAGEN_STEP02_MASTER_RECON_INVENTORY_FULL_v1.1.zip!README_STEP02_FULL_VERSION_v1.1.md,929,fe8facf7f29321a2f550f40701380c64203037d0f8b4cac5f86b00824ce5a9a0
STEP SYNC CORE(20260907-081753).zip,0,STEP SYNC CORE/RUMAHAGEN_STEP03_CORE_ARTIFACT_MAP_FULL_v1.3_CORRECTED_FULL_REBUILD (1).zip,63186,6cb5f5f578a90c8cea0cdc2c3c3ac8b0af08fc27d9874ef36d847175cd5296b9
STEP SYNC CORE(20260907-081753).zip,1,STEP SYNC CORE/RUMAHAGEN_STEP03_CORE_ARTIFACT_MAP_FULL_v1.3_CORRECTED_FULL_REBUILD (1).zip!00_INPUT_DEEP_SCAN_MANIFEST_v1.3.csv,1177,72a21432039b13e0f90f0bd6028389b42adced418fd38501e906062174a5fb8a
STEP SYNC CORE(20260907-081753).zip,1,STEP SYNC CORE/RUMAHAGEN_STEP03_CORE_ARTIFACT_MAP_FULL_v1.3_CORRECTED_FULL_REBUILD (1).zip!00_OUTPUT_MANIFEST_SHA256_v1.3.csv,1501,cbf53d0da6672b12772b2395fbe78e263d252918cd8b0a28eff90e4e33ce59d5
STEP SYNC CORE(20260907-081753).zip,1,STEP SYNC CORE/RUMAHAGEN_STEP03_CORE_ARTIFACT_MAP_FULL_v1.3_CORRECTED_FULL_REBUILD (1).zip!01_STEP03_CORE_ARTIFACT_MAP_FULL_REPORT_v1.3.md,3942,2171c607d536eb0bc3e6770265d9f71b45961f2c76c18d31508ad2de717f52e7
STEP SYNC CORE(20260907-081753).zip,1,STEP SYNC CORE/RUMAHAGEN_STEP03_CORE_ARTIFACT_MAP_FULL_v1.3_CORRECTED_FULL_REBUILD (1).zip!02_STEP03_CORE_ARTIFACT_MAP_FULL_v1.3.csv,109151,df9506e78510f7e891ed800abddabef2495a0545c12d4ca1f0f6321500c6182e
STEP SYNC CORE(20260907-081753).zip,1,STEP SYNC CORE/RUMAHAGEN_STEP03_CORE_ARTIFACT_MAP_FULL_v1.3_CORRECTED_FULL_REBUILD (1).zip!03_STEP03_AUTHORITY_RESOLUTION_REGISTER_v1.3.csv,38387,6459a6078ab823e659d13d221717f154e831a105b384001397969cd555c214e1
STEP SYNC CORE(20260907-081753).zip,1,STEP SYNC CORE/RUMAHAGEN_STEP03_CORE_ARTIFACT_MAP_FULL_v1.3_CORRECTED_FULL_REBUILD (1).zip!04_STEP03_M01-M15_CORE_RELATIONSHIP_EVIDENCE_FULL_v1.3.csv,1080561,193ef5b7ce3bd3f040b4680866462d59d950fa92971784a5cc916c16ef20428a
STEP SYNC CORE(20260907-081753).zip,1,STEP SYNC CORE/RUMAHAGEN_STEP03_CORE_ARTIFACT_MAP_FULL_v1.3_CORRECTED_FULL_REBUILD (1).zip!05_STEP03_FINDING_TO_CORE_DETERMINISTIC_LINKAGE_FULL_v1.3.csv,235722,b995208421b951c6e99f01d28df544a1266d87fa50babae0a7dae17374dc5900
STEP SYNC CORE(20260907-081753).zip,1,STEP SYNC CORE/RUMAHAGEN_STEP03_CORE_ARTIFACT_MAP_FULL_v1.3_CORRECTED_FULL_REBUILD (1).zip!06_STEP03_MODULE_HANDOFF_SUMMARY_v1.3.csv,12936,315730ab062d2b4fdd240fd60ae0405a3018d4616992bbf3c9d9ccb07c5ab6ee
STEP SYNC CORE(20260907-081753).zip,1,STEP SYNC CORE/RUMAHAGEN_STEP03_CORE_ARTIFACT_MAP_FULL_v1.3_CORRECTED_FULL_REBUILD (1).zip!07_STEP03_DEPENDENCY_HANDOFF_MATRIX_v1.3.csv,95744,6bd5b50154f0ca6964bf82729e3101d0f9a0e8ffdb872e54ef15599eec1996e2
STEP SYNC CORE(20260907-081753).zip,1,STEP SYNC CORE/RUMAHAGEN_STEP03_CORE_ARTIFACT_MAP_FULL_v1.3_CORRECTED_FULL_REBUILD (1).zip!08_STEP03_RESIDUAL_AND_ORPHAN_AUDIT_v1.3.csv,2319,f17714695906a4575d15118b5f9e1487165b3d6973638301090e5d749c1d9dc0
STEP SYNC CORE(20260907-081753).zip,1,STEP SYNC CORE/RUMAHAGEN_STEP03_CORE_ARTIFACT_MAP_FULL_v1.3_CORRECTED_FULL_REBUILD (1).zip!09_STEP04_REOPEN_FEEDBACK_REGISTER_v1.3.csv,1576,23a8d5405366bfbe2b17a063ce25eeb10ed8387e75d840b38a94744acd1a4f23
STEP SYNC CORE(20260907-081753).zip,1,STEP SYNC CORE/RUMAHAGEN_STEP03_CORE_ARTIFACT_MAP_FULL_v1.3_CORRECTED_FULL_REBUILD (1).zip!10_STEP03_CHECKLIST_VERIFICATION_v1.3.csv,1203,c0351c33449b7761be061a3f0ce42c00b915d405b9c3ef3dbad8721a8932faf4
STEP SYNC CORE(20260907-081753).zip,1,STEP SYNC CORE/RUMAHAGEN_STEP03_CORE_ARTIFACT_MAP_FULL_v1.3_CORRECTED_FULL_REBUILD (1).zip!README_STEP03_FULL_VERSION_v1.3.md,1230,c6e14e62415c2bdb86e107fad67b2524a29a2ff3f2c8e8fc1b17a68b60511a3f
STEP SYNC CORE(20260907-081753).zip,0,STEP SYNC CORE/RUMAHAGEN_STEP04_M01-M15_CORE_SYNCHRONIZATION_MATRIX_FULL_v1.2_CORRECTED_FULL_REBUILD.zip,86886,958c2e83f0ae83da72a21a1fbc8939f93aa7f3fdad61479e59203ef24a5490ed
STEP SYNC CORE(20260907-081753).zip,1,STEP SYNC CORE/RUMAHAGEN_STEP04_M01-M15_CORE_SYNCHRONIZATION_MATRIX_FULL_v1.2_CORRECTED_FULL_REBUILD.zip!00_STEP04_INPUT_DEEP_SCAN_MANIFEST_v1.2.csv,1128,c685310c9446650a8608d7c8ba520886a5dbc16ed08fd0bc1d13625fff7d3c30
STEP SYNC CORE(20260907-081753).zip,1,STEP SYNC CORE/RUMAHAGEN_STEP04_M01-M15_CORE_SYNCHRONIZATION_MATRIX_FULL_v1.2_CORRECTED_FULL_REBUILD.zip!00_STEP04_OUTPUT_MANIFEST_SHA256_v1.2.csv,1796,c3047296a2cf0daebfe8a70534f6dbb3941d146e45437d18972fa579909931e8
STEP SYNC CORE(20260907-081753).zip,1,STEP SYNC CORE/RUMAHAGEN_STEP04_M01-M15_CORE_SYNCHRONIZATION_MATRIX_FULL_v1.2_CORRECTED_FULL_REBUILD.zip!01_STEP04_FULL_REPORT_v1.2.md,2884,d89f6578e33432ca30db54a7519d6856512957e1db971a36125516a4770d037e
STEP SYNC CORE(20260907-081753).zip,1,STEP SYNC CORE/RUMAHAGEN_STEP04_M01-M15_CORE_SYNCHRONIZATION_MATRIX_FULL_v1.2_CORRECTED_FULL_REBUILD.zip!02_STEP04_M01-M15_CORE_SYNCHRONIZATION_MATRIX_FULL_v1.2.csv,312083,dba4e5ce48156c1a1077c846758da767eb712b480553f4d0331097c048e31b73
STEP SYNC CORE(20260907-081753).zip,1,STEP SYNC CORE/RUMAHAGEN_STEP04_M01-M15_CORE_SYNCHRONIZATION_MATRIX_FULL_v1.2_CORRECTED_FULL_REBUILD.zip!03_FINDING_TO_STEP03_DETERMINISTIC_LINKAGE_REGISTER_v1.2.csv,235759,19f295bbfc25df109122004b25747ab3905f97836a8f04af3b2fed9264f3854a
STEP SYNC CORE(20260907-081753).zip,1,STEP SYNC CORE/RUMAHAGEN_STEP04_M01-M15_CORE_SYNCHRONIZATION_MATRIX_FULL_v1.2_CORRECTED_FULL_REBUILD.zip!04_STEP04_M01-M15_RELATIONSHIP_EVIDENCE_COVERAGE_FULL_v1.2.csv,1121090,f226a4d353b9f56dc35598e80843529a7ccea740eeb130e66d3e77e246482078
STEP SYNC CORE(20260907-081753).zip,1,STEP SYNC CORE/RUMAHAGEN_STEP04_M01-M15_CORE_SYNCHRONIZATION_MATRIX_FULL_v1.2_CORRECTED_FULL_REBUILD.zip!05_STEP04_MODULE_SYNCHRONIZATION_SUMMARY_v1.2.csv,499,550e4126f551143c372c8bffa10ea24bab8663b1c5213b0220a0c04b88159cb0
STEP SYNC CORE(20260907-081753).zip,1,STEP SYNC CORE/RUMAHAGEN_STEP04_M01-M15_CORE_SYNCHRONIZATION_MATRIX_FULL_v1.2_CORRECTED_FULL_REBUILD.zip!06_STEP04_CORE_ARTIFACT_SYNCHRONIZATION_SUMMARY_v1.2.csv,5212,6ba3acc616811b78ad3935b3a6226cf9d0163ae48d3433bc2cade49b2727f995
STEP SYNC CORE(20260907-081753).zip,1,STEP SYNC CORE/RUMAHAGEN_STEP04_M01-M15_CORE_SYNCHRONIZATION_MATRIX_FULL_v1.2_CORRECTED_FULL_REBUILD.zip!07_STEP04_PRESERVE_AUGMENT_ADDNEW_REGISTER_v1.2.csv,251166,220d4b824be1c355a1a8817dad6bc59f29d8d93ccee1e9c350984f63865b1da3
STEP SYNC CORE(20260907-081753).zip,1,STEP SYNC CORE/RUMAHAGEN_STEP04_M01-M15_CORE_SYNCHRONIZATION_MATRIX_FULL_v1.2_CORRECTED_FULL_REBUILD.zip!08_STEP04_RECONCILE_REGISTER_v1.2.csv,10929,c97c36a7ce040e922d0ffda0c69a2fe6dc537e286e737e19f331a88cdc45ac55
STEP SYNC CORE(20260907-081753).zip,1,STEP SYNC CORE/RUMAHAGEN_STEP04_M01-M15_CORE_SYNCHRONIZATION_MATRIX_FULL_v1.2_CORRECTED_FULL_REBUILD.zip!09_STEP04_CONTROLLED_NO_PROPAGATION_SUPERSEDED_REGISTER_v1.2.csv,51086,c54cf5e3286ff2d0a32a6719ebf26ef6ba4d60eb6c6221c45e5dfe2c3e6e3127
STEP SYNC CORE(20260907-081753).zip,1,STEP SYNC CORE/RUMAHAGEN_STEP04_M01-M15_CORE_SYNCHRONIZATION_MATRIX_FULL_v1.2_CORRECTED_FULL_REBUILD.zip!10_STEP04_DEPENDENCY_HANDOFF_REGISTER_v1.2.csv,58304,ed8c7ac720802848c3806531022bcd1d930ad8ec0ce546f6bebdbff60b89fdc0
STEP SYNC CORE(20260907-081753).zip,1,STEP SYNC CORE/RUMAHAGEN_STEP04_M01-M15_CORE_SYNCHRONIZATION_MATRIX_FULL_v1.2_CORRECTED_FULL_REBUILD.zip!11_STEP04_AUTHORITY_PROVENANCE_REGISTER_v1.2.csv,151397,a7a76c59a63c31c43e4f3333b949a1f20d8401add8f4f2c56e9ab65c1c57c5cf
STEP SYNC CORE(20260907-081753).zip,1,STEP SYNC CORE/RUMAHAGEN_STEP04_M01-M15_CORE_SYNCHRONIZATION_MATRIX_FULL_v1.2_CORRECTED_FULL_REBUILD.zip!12_STEP04_CHECKLIST_VERIFICATION_v1.2.csv,1398,04f4e6b72f8d82f348b4b8c7deb250aede31eab09b8d346411ca3ce85cfe1104
STEP SYNC CORE(20260907-081753).zip,1,STEP SYNC CORE/RUMAHAGEN_STEP04_M01-M15_CORE_SYNCHRONIZATION_MATRIX_FULL_v1.2_CORRECTED_FULL_REBUILD.zip!README_STEP04_FULL_VERSION_v1.2.md,674,b4616356799cda4e044e60e987555e61e3a3a31a1e20f12f380dca35bd2394a1
STEP SYNC CORE(20260907-081753).zip,0,STEP SYNC CORE/RUMAHAGEN_STEP05_SEMANTIC_CONFLICT_RESOLUTION_FINAL_FULL_v1.1.zip,34112,6a16adf8bd2a2e3946d0c0ce521f24dd520d6705821546bfc4b7baf85ee6eb4e
STEP SYNC CORE(20260907-081753).zip,1,STEP SYNC CORE/RUMAHAGEN_STEP05_SEMANTIC_CONFLICT_RESOLUTION_FINAL_FULL_v1.1.zip!05_STEP05_FINAL_INPUT_COVERAGE_AND_INTEGRITY_AUDIT_v1.1.csv,1403,557b83f16e6105609e5989148aa564ab48944bbac824601b55ffc05a10562469
STEP SYNC CORE(20260907-081753).zip,1,STEP SYNC CORE/RUMAHAGEN_STEP05_SEMANTIC_CONFLICT_RESOLUTION_FINAL_FULL_v1.1.zip!01_STEP05_FINAL_DECISION_RATIONALE_REGISTER_v1.1.csv,7495,356ab6be6d4d1e5634b9d3551cba7579275c1c3b03225588a55f694a1704ce2a
STEP SYNC CORE(20260907-081753).zip,1,STEP SYNC CORE/RUMAHAGEN_STEP05_SEMANTIC_CONFLICT_RESOLUTION_FINAL_FULL_v1.1.zip!03_STEP05_FINAL_GLOBAL_223_FINDING_IMPACT_SCAN_v1.1.csv,69265,e0343c054542361d43b1757d48ca9d676ed73008cbf8be332f3ed7865ae77f70
STEP SYNC CORE(20260907-081753).zip,1,STEP SYNC CORE/RUMAHAGEN_STEP05_SEMANTIC_CONFLICT_RESOLUTION_FINAL_FULL_v1.1.zip!02_STEP05_FINAL_ARTIFACT_LEVEL_RECONCILIATION_MATRIX_v1.1.csv,6681,44c110f249fa1a44fea3b9237fc079e6cf628c1ca0375f00a83469187ea8d592
STEP SYNC CORE(20260907-081753).zip,1,STEP SYNC CORE/RUMAHAGEN_STEP05_SEMANTIC_CONFLICT_RESOLUTION_FINAL_FULL_v1.1.zip!04_STEP05_FINAL_AUTHORITY_NON_OVERTURN_AUDIT_v1.1.csv,1380,8c3b5961c388324df4d70e38571bc6a66a481b922ec56bab938de73290dadc55
STEP SYNC CORE(20260907-081753).zip,1,STEP SYNC CORE/RUMAHAGEN_STEP05_SEMANTIC_CONFLICT_RESOLUTION_FINAL_FULL_v1.1.zip!06_STEP05_FINAL_GLOBAL_CONFLICT_CLOSURE_SUMMARY_v1.1.md,788,10cb142f5811c1f5f9c67b75821f986c396b40f65f30718a308577a5b75ca26d
STEP SYNC CORE(20260907-081753).zip,1,STEP SYNC CORE/RUMAHAGEN_STEP05_SEMANTIC_CONFLICT_RESOLUTION_FINAL_FULL_v1.1.zip!07_STEP05_FINAL_EXECUTION_CHECKLIST_v1.1.md,867,001eef77316fd413d374897163751bde6cdbdebe1309c4c13edb22d4ed34df89
STEP SYNC CORE(20260907-081753).zip,1,STEP SYNC CORE/RUMAHAGEN_STEP05_SEMANTIC_CONFLICT_RESOLUTION_FINAL_FULL_v1.1.zip!README_STEP05_FINAL_FULL_VERSION_v1.1.md,329,65cb8503e85941da864356d06f03ff7ec49b0289b0ed637bb8e7b5e74f2564c4
STEP SYNC CORE(20260907-081753).zip,1,STEP SYNC CORE/RUMAHAGEN_STEP05_SEMANTIC_CONFLICT_RESOLUTION_FINAL_FULL_v1.1.zip!00_STEP05_FINAL_OUTPUT_MANIFEST_SHA256_v1.1.csv,2507,62ebcb7dfd0a372cd5f86c0b2fc29da8d830f04f583bf3c18cb979ca4746165a
STEP SYNC CORE(20260907-081753).zip,1,STEP SYNC CORE/RUMAHAGEN_STEP05_SEMANTIC_CONFLICT_RESOLUTION_FINAL_FULL_v1.1.zip!STEP05_FINAL_FULL_REPORT_v1.1.md,17572,9fde011f9a44c9f5d209ffd2b3cd91dbe3ed37c3e1204d180187e214db5b523b
STEP SYNC CORE(20260907-081753).zip,1,STEP SYNC CORE/RUMAHAGEN_STEP05_SEMANTIC_CONFLICT_RESOLUTION_FINAL_FULL_v1.1.zip!00_PREVIOUS_STEP05_v1.0/05_STEP05_INPUT_INTEGRITY_DEEP_SCAN_FULL_v1.0.csv,1153,b8d40d17561ce4262fa594fd7f427afbe57394440d437b710cd6e601b35a215a
STEP SYNC CORE(20260907-081753).zip,1,STEP SYNC CORE/RUMAHAGEN_STEP05_SEMANTIC_CONFLICT_RESOLUTION_FINAL_FULL_v1.1.zip!00_PREVIOUS_STEP05_v1.0/02_STEP05_CORE_EVIDENCE_ANCHOR_REGISTER_FULL_v1.0.csv,1946,a156ec4700e27bfd641a23ccb317c8e5b1a8bd17f93556313fd5175035fa44a1
STEP SYNC CORE(20260907-081753).zip,1,STEP SYNC CORE/RUMAHAGEN_STEP05_SEMANTIC_CONFLICT_RESOLUTION_FINAL_FULL_v1.1.zip!00_PREVIOUS_STEP05_v1.0/01_STEP05_CONFLICT_RESOLUTION_REGISTER_FULL_v1.0.csv,6373,3f605a49978a9f35a171e8ea7ab95d5866f2b08b11c7c01df20ded07950565e1
STEP SYNC CORE(20260907-081753).zip,1,STEP SYNC CORE/RUMAHAGEN_STEP05_SEMANTIC_CONFLICT_RESOLUTION_FINAL_FULL_v1.1.zip!00_PREVIOUS_STEP05_v1.0/MANIFEST_STEP05_FULL_v1.0.csv,1089,b77c32d0324d038e098399674e1ddc2e35f93784c6c2b5b94b5c4e698db0e28b
STEP SYNC CORE(20260907-081753).zip,1,STEP SYNC CORE/RUMAHAGEN_STEP05_SEMANTIC_CONFLICT_RESOLUTION_FINAL_FULL_v1.1.zip!00_PREVIOUS_STEP05_v1.0/07_STEP05_EXECUTION_CHECKLIST_FULL_v1.0.md,714,524efe62942d87a9e61065ce62ec4baa6bba61d938d51174e4b418af334dca9f
STEP SYNC CORE(20260907-081753).zip,1,STEP SYNC CORE/RUMAHAGEN_STEP05_SEMANTIC_CONFLICT_RESOLUTION_FINAL_FULL_v1.1.zip!00_PREVIOUS_STEP05_v1.0/README_STEP05_FULL_VERSION_v1.0.md,482,1e4825b780dff13bc6c33c720ed11d850435ebeecd85ce87f334548b15d0a831
STEP SYNC CORE(20260907-081753).zip,1,STEP SYNC CORE/RUMAHAGEN_STEP05_SEMANTIC_CONFLICT_RESOLUTION_FINAL_FULL_v1.1.zip!00_PREVIOUS_STEP05_v1.0/STEP05_FULL_REPORT_v1.0.md,15243,2f47e6b2e4c2e1c76ae7797107a3b7ac73222e8c8da211f33e1afbbf796d380b
STEP SYNC CORE(20260907-081753).zip,1,STEP SYNC CORE/RUMAHAGEN_STEP05_SEMANTIC_CONFLICT_RESOLUTION_FINAL_FULL_v1.1.zip!00_PREVIOUS_STEP05_v1.0/06_STEP05_POST_RESOLUTION_CONFLICT_RESCAN_FULL_v1.0.csv,851,38bfe2aee1c1dff8a5acb9d30198b159212598f448f5ecb812e6543c68e33c31
STEP SYNC CORE(20260907-081753).zip,1,STEP SYNC CORE/RUMAHAGEN_STEP05_SEMANTIC_CONFLICT_RESOLUTION_FINAL_FULL_v1.1.zip!00_PREVIOUS_STEP05_v1.0/04_STEP05_PROVENANCE_AND_DECISION_CHAIN_FULL_v1.0.csv,1902,1dcffe5f63187531b54669bcbf441f909718f7f84292123dae8ab92107f06d39
STEP SYNC CORE(20260907-081753).zip,1,STEP SYNC CORE/RUMAHAGEN_STEP05_SEMANTIC_CONFLICT_RESOLUTION_FINAL_FULL_v1.1.zip!00_PREVIOUS_STEP05_v1.0/03_STEP05_CORE_DETAIL_PRESERVATION_MATRIX_FULL_v1.0.csv,1138,d9f79f570fc3a1b57036c6182c7b9c7def6338ab1e6b73409a71938b464ae63d
STEP SYNC CORE(20260907-081753).zip,0,STEP SYNC CORE/RUMAHAGEN_STEP06_ADDitive_SEMANTIC_MERGE_FULL_v1.1.zip,361303,839a7eca7999f5905de846686536a1129bd591ac1c81eb9bdcb02efdaac67534
STEP SYNC CORE(20260907-081753).zip,1,STEP SYNC CORE/RUMAHAGEN_STEP06_ADDitive_SEMANTIC_MERGE_FULL_v1.1.zip!00_M01-M15_CURRENT_AUTHORITY_DEEP_SCAN_MANIFEST_v1.1.csv,7167,1a9393e6e27bba3482734bd235252f03115d2d280d2b2e8734b651dbdd92a7de
STEP SYNC CORE(20260907-081753).zip,1,STEP SYNC CORE/RUMAHAGEN_STEP06_ADDitive_SEMANTIC_MERGE_FULL_v1.1.zip!00_STEP06_FULL_REPORT_v1.1.md,6680,0b3337b4b22d7d7163ff6a933c4e204075851bd7c28253176d8a28f4cb5acb22
STEP SYNC CORE(20260907-081753).zip,1,STEP SYNC CORE/RUMAHAGEN_STEP06_ADDitive_SEMANTIC_MERGE_FULL_v1.1.zip!01_STEP06_INPUT_DEEP_SCAN_MANIFEST_v1.1.csv,1091,3ee08c08d66f733efb5f3a1fa6f280a9507e25c5dbde1c82bfc85dd89d8edb78
STEP SYNC CORE(20260907-081753).zip,1,STEP SYNC CORE/RUMAHAGEN_STEP06_ADDitive_SEMANTIC_MERGE_FULL_v1.1.zip!02_M01-M15_RECON_RECURSIVE_DEEP_SCAN_INVENTORY_v1.1.csv,596606,705c16a17962bb65f797f91d1238912a6669926f7dbeb250e279ecc79fe46de3
STEP SYNC CORE(20260907-081753).zip,1,STEP SYNC CORE/RUMAHAGEN_STEP06_ADDitive_SEMANTIC_MERGE_FULL_v1.1.zip!03_STEP06_CORE_DETAIL_PRESERVATION_AUDIT_RECURSIVE_76_v1.1.csv,28492,5cfe4fa51ef4782b1e77044b6dadf2afe273517e95c30f6e6fc1f8c34c452737
STEP SYNC CORE(20260907-081753).zip,1,STEP SYNC CORE/RUMAHAGEN_STEP06_ADDitive_SEMANTIC_MERGE_FULL_v1.1.zip!04_STEP06_GRANULAR_SEMANTIC_DIFF_CORE_VS_M01-M15_FULL_223_v1.1.csv,534139,691ba4b4059a0559dcc91fa8147256fd40231e8c078b7dd47fd6542f0dc7d352
STEP SYNC CORE(20260907-081753).zip,1,STEP SYNC CORE/RUMAHAGEN_STEP06_ADDitive_SEMANTIC_MERGE_FULL_v1.1.zip!05_STEP06_LIFECYCLE_PRESERVATION_MATRIX_23_TARGETS_v1.1.csv,61967,c68c8d10a8f0db8fb6784a8ef451cd7f3b709f2e7d4d049e70d4b7a8d3ae4ee1
STEP SYNC CORE(20260907-081753).zip,1,STEP SYNC CORE/RUMAHAGEN_STEP06_ADDitive_SEMANTIC_MERGE_FULL_v1.1.zip!06_STEP06_RULE_DELTA_UPDATE_AUDIT_FULL_73_v1.1.csv,24737,ed2c3cc5c10088bca129a1ac59130195d7cc35b1359596d3a941fe3aac5b6f1f
STEP SYNC CORE(20260907-081753).zip,1,STEP SYNC CORE/RUMAHAGEN_STEP06_ADDitive_SEMANTIC_MERGE_FULL_v1.1.zip!07_STEP06_DUPLICATE_SEMANTIC_CONSOLIDATION_AUDIT_FULL_223_v1.1.csv,89339,d3d8f15cd47e90f93c647d417c077240d75b3aabd355b7420ccbaa5a616f8798
STEP SYNC CORE(20260907-081753).zip,1,STEP SYNC CORE/RUMAHAGEN_STEP06_ADDitive_SEMANTIC_MERGE_FULL_v1.1.zip!08_STEP06_ADDITIVE_SEMANTIC_MERGE_REGISTER_FULL_223_v1.1.csv,269163,905a71aca71b3c8d57b13bffa4ec3aa7bd7604060ef98424861bde9211be3135
STEP SYNC CORE(20260907-081753).zip,1,STEP SYNC CORE/RUMAHAGEN_STEP06_ADDitive_SEMANTIC_MERGE_FULL_v1.1.zip!09_STEP06_RECONCILE_APPLICATION_REGISTER_ENHANCED_7_v1.1.csv,7088,3d7aa6eefe09bc712ad70812d5dece20964abedd2b770994474e57fd270347d9
STEP SYNC CORE(20260907-081753).zip,1,STEP SYNC CORE/RUMAHAGEN_STEP06_ADDitive_SEMANTIC_MERGE_FULL_v1.1.zip!10_STEP06_NO_REPLACEMENT_DELETION_CONTENT_AUDIT_FULL_76_v1.1.csv,25777,dad22bac641a18359a7e4a97d3076b8c83ae45e025cdcab2a399e57d2e030d39
STEP SYNC CORE(20260907-081753).zip,1,STEP SYNC CORE/RUMAHAGEN_STEP06_ADDitive_SEMANTIC_MERGE_FULL_v1.1.zip!11_STEP06_AUTHORITY_PRESERVATION_AUDIT_v1.1.csv,5859,867712f789a54cd989e06508b8487824c184936529d82bf84f6dc9ae79abe802
STEP SYNC CORE(20260907-081753).zip,1,STEP SYNC CORE/RUMAHAGEN_STEP06_ADDitive_SEMANTIC_MERGE_FULL_v1.1.zip!12_STEP06_PROVENANCE_COMPLETENESS_REGISTER_FULL_223_v1.1.csv,209259,8c9eb5abe95763e99e272e10c812e53e4b53751d6f69fc24a33b2c0ddcafa732
STEP SYNC CORE(20260907-081753).zip,1,STEP SYNC CORE/RUMAHAGEN_STEP06_ADDitive_SEMANTIC_MERGE_FULL_v1.1.zip!13_STEP06_CLOSURE_AND_GATE_AUDIT_v1.1.csv,586,efd84d445a4cfd7045e4a3ccfd1dc7e5f13ede4b038fae7ff335f2eaf6068890
STEP SYNC CORE(20260907-081753).zip,1,STEP SYNC CORE/RUMAHAGEN_STEP06_ADDitive_SEMANTIC_MERGE_FULL_v1.1.zip!14_STEP06_SEMANTIC_MERGE_CANDIDATE_FULL_v1.1.md,30312,d6968aeaf9fae302f37b5c2cccec44bbe3f8466b5af75e452d39d46d74e6c90c
STEP SYNC CORE(20260907-081753).zip,1,STEP SYNC CORE/RUMAHAGEN_STEP06_ADDitive_SEMANTIC_MERGE_FULL_v1.1.zip!15_PRE00_GATE_RECURSIVE_INVENTORY_v1.1.csv,2468,e77a1d0db52917e98b4bfc17d9ef665069648b1049aa0a02e273551a5a5c23d4
STEP SYNC CORE(20260907-081753).zip,1,STEP SYNC CORE/RUMAHAGEN_STEP06_ADDitive_SEMANTIC_MERGE_FULL_v1.1.zip!16_STEP_SYNC_CORE_RAR_EMBEDDED_PACKAGE_INVENTORY_v1.1.csv,1206,043b071e2823329a0cc722302fd29de26e1745a3959c2d0a7a623bbb77633d5b
STEP SYNC CORE(20260907-081753).zip,1,STEP SYNC CORE/RUMAHAGEN_STEP06_ADDitive_SEMANTIC_MERGE_FULL_v1.1.zip!17_STEP06_EXECUTION_CHECKLIST_FULL_v1.1.md,2168,74d52cc61d37c7cc95c103cb4cca1999a695cc17b50b029fb93caa6330210599
STEP SYNC CORE(20260907-081753).zip,1,STEP SYNC CORE/RUMAHAGEN_STEP06_ADDitive_SEMANTIC_MERGE_FULL_v1.1.zip!18_STEP06_DEPENDENCY_HANDOFF_v1.1.md,1424,29bb6de6cdb0785366e856ff2569a2629411c7e243cbb1f584e6ad88005a1478
STEP SYNC CORE(20260907-081753).zip,1,STEP SYNC CORE/RUMAHAGEN_STEP06_ADDitive_SEMANTIC_MERGE_FULL_v1.1.zip!19_STEP06_OUTPUT_MANIFEST_SHA256_v1.1.csv,2805,9616595936bdf8c6508d77cbcdc61e9abb6f9a30c83bdc38b5b794e769a68c9e
STEP SYNC CORE(20260907-081753).zip,1,STEP SYNC CORE/RUMAHAGEN_STEP06_ADDitive_SEMANTIC_MERGE_FULL_v1.1.zip!HISTORICAL_STEP06_v1.0.zip,54130,92ff14839e9a9d52f3d7f97f65d4f8fe944120326fb838ae2637ad700e68b353
STEP SYNC CORE(20260907-081753).zip,2,STEP SYNC CORE/RUMAHAGEN_STEP06_ADDitive_SEMANTIC_MERGE_FULL_v1.1.zip!HISTORICAL_STEP06_v1.0.zip!RUMAHAGEN_STEP06_ADDitive_SEMANTIC_MERGE_FULL_v1.0/11_STEP06_EXECUTION_CHECKLIST_v1.0.md,1203,9d79af3bf800012cf1aa321becb81576422b8b5ae99c7a0653c95b05d03d69d3
STEP SYNC CORE(20260907-081753).zip,2,STEP SYNC CORE/RUMAHAGEN_STEP06_ADDitive_SEMANTIC_MERGE_FULL_v1.1.zip!HISTORICAL_STEP06_v1.0.zip!RUMAHAGEN_STEP06_ADDitive_SEMANTIC_MERGE_FULL_v1.0/10_STEP06_DEPENDENCY_HANDOFF_v1.0.md,940,4201dec42e5790a90774045afe672aa1e7ae68fe531c1accda90e1219103b16a
STEP SYNC CORE(20260907-081753).zip,2,STEP SYNC CORE/RUMAHAGEN_STEP06_ADDitive_SEMANTIC_MERGE_FULL_v1.1.zip!HISTORICAL_STEP06_v1.0.zip!RUMAHAGEN_STEP06_ADDitive_SEMANTIC_MERGE_FULL_v1.0/02_STEP06_ADDITIVE_SEMANTIC_MERGE_REGISTER_FULL_v1.0.csv,207816,d8de5eea85700708decd24db2c622a640257e36b0f7b1da2f4ed98a3cc267305
STEP SYNC CORE(20260907-081753).zip,2,STEP SYNC CORE/RUMAHAGEN_STEP06_ADDitive_SEMANTIC_MERGE_FULL_v1.1.zip!HISTORICAL_STEP06_v1.0.zip!RUMAHAGEN_STEP06_ADDitive_SEMANTIC_MERGE_FULL_v1.0/07_STEP06_NO_REPLACEMENT_DELETION_AUDIT_FULL_v1.0.csv,12993,27f0d51c199e973153db6a6bbd814e7510e0c6ebe0c168281f9e1d3cdab4889a
STEP SYNC CORE(20260907-081753).zip,2,STEP SYNC CORE/RUMAHAGEN_STEP06_ADDitive_SEMANTIC_MERGE_FULL_v1.1.zip!HISTORICAL_STEP06_v1.0.zip!RUMAHAGEN_STEP06_ADDitive_SEMANTIC_MERGE_FULL_v1.0/06_STEP06_AUTHORITY_PRESERVATION_AUDIT_v1.0.csv,5405,1b7d6126a1bb5e6257b2042211f54b172080ce2b230402defc1e6c3caa58ceeb
STEP SYNC CORE(20260907-081753).zip,2,STEP SYNC CORE/RUMAHAGEN_STEP06_ADDitive_SEMANTIC_MERGE_FULL_v1.1.zip!HISTORICAL_STEP06_v1.0.zip!RUMAHAGEN_STEP06_ADDitive_SEMANTIC_MERGE_FULL_v1.0/12_STEP06_OUTPUT_MANIFEST_SHA256_v1.0.csv,1552,d18630df9bed018f4f7d8ae315081754345e2e3a88994611f5c49232ce45af39
STEP SYNC CORE(20260907-081753).zip,2,STEP SYNC CORE/RUMAHAGEN_STEP06_ADDitive_SEMANTIC_MERGE_FULL_v1.1.zip!HISTORICAL_STEP06_v1.0.zip!RUMAHAGEN_STEP06_ADDitive_SEMANTIC_MERGE_FULL_v1.0/04_STEP06_RECON_DELTA_PROPAGATION_REGISTER_FULL_v1.0.csv,51088,f081787ae8fbd979ac0395529200685d2a7f1339c636f3e9824d38a2bff96650
STEP SYNC CORE(20260907-081753).zip,2,STEP SYNC CORE/RUMAHAGEN_STEP06_ADDitive_SEMANTIC_MERGE_FULL_v1.1.zip!HISTORICAL_STEP06_v1.0.zip!RUMAHAGEN_STEP06_ADDitive_SEMANTIC_MERGE_FULL_v1.0/01_STEP06_INPUT_DEEP_SCAN_MANIFEST_v1.0.csv,1828,f5ee3a3a22b8fdebd1a0d4a02a64f32ba13ab55f5c6cb81807baaba299d4eb97
STEP SYNC CORE(20260907-081753).zip,2,STEP SYNC CORE/RUMAHAGEN_STEP06_ADDitive_SEMANTIC_MERGE_FULL_v1.1.zip!HISTORICAL_STEP06_v1.0.zip!RUMAHAGEN_STEP06_ADDitive_SEMANTIC_MERGE_FULL_v1.0/README_STEP06_FULL_VERSION_v1.0.md,1421,6df285f25e934da3064464359ae5ea39b591f581a973286737888de6dfb72386
STEP SYNC CORE(20260907-081753).zip,2,STEP SYNC CORE/RUMAHAGEN_STEP06_ADDitive_SEMANTIC_MERGE_FULL_v1.1.zip!HISTORICAL_STEP06_v1.0.zip!RUMAHAGEN_STEP06_ADDitive_SEMANTIC_MERGE_FULL_v1.0/08_STEP06_PROVENANCE_REGISTER_FULL_v1.0.csv,175197,9ca4d557769f0b9298962d7f4811b5960c4b5ff13d23925e852a3fd92126259e
STEP SYNC CORE(20260907-081753).zip,2,STEP SYNC CORE/RUMAHAGEN_STEP06_ADDitive_SEMANTIC_MERGE_FULL_v1.1.zip!HISTORICAL_STEP06_v1.0.zip!RUMAHAGEN_STEP06_ADDitive_SEMANTIC_MERGE_FULL_v1.0/03_STEP06_CORE_DETAIL_PRESERVATION_MATRIX_FULL_v1.0.csv,38383,7b008e4a965f87f2a09509c155e279bebb25548752ab5ced014588831db42a49
STEP SYNC CORE(20260907-081753).zip,2,STEP SYNC CORE/RUMAHAGEN_STEP06_ADDitive_SEMANTIC_MERGE_FULL_v1.1.zip!HISTORICAL_STEP06_v1.0.zip!RUMAHAGEN_STEP06_ADDitive_SEMANTIC_MERGE_FULL_v1.0/05_STEP06_RECONCILE_APPLICATION_REGISTER_FULL_v1.0.csv,5924,96893717b916478768ae84d0b584d9aefe0a8871557a8414b64cadb5eef5d6a7
STEP SYNC CORE(20260907-081753).zip,2,STEP SYNC CORE/RUMAHAGEN_STEP06_ADDitive_SEMANTIC_MERGE_FULL_v1.1.zip!HISTORICAL_STEP06_v1.0.zip!RUMAHAGEN_STEP06_ADDitive_SEMANTIC_MERGE_FULL_v1.0/00_STEP06_FULL_REPORT_v1.0.md,3845,a22fbf6c76ed62c4591ce1372fde5222c6d9d2e6efaac9510e658d81d496a4f3
STEP SYNC CORE(20260907-081753).zip,2,STEP SYNC CORE/RUMAHAGEN_STEP06_ADDitive_SEMANTIC_MERGE_FULL_v1.1.zip!HISTORICAL_STEP06_v1.0.zip!RUMAHAGEN_STEP06_ADDitive_SEMANTIC_MERGE_FULL_v1.0/09_STEP06_SEMANTIC_MERGE_CANDIDATE_v1.0.md,34804,b11653e7c8c9dbda223bb2ac11f1c3340daa0c14487480bdc41a77b908bd62fd
STEP SYNC CORE(20260907-081753).zip,1,STEP SYNC CORE/RUMAHAGEN_STEP06_ADDitive_SEMANTIC_MERGE_FULL_v1.1.zip!INPUT_GOVERNANCE_v1.3_LOCKED.docx,52353,f8e79957ac273d55ae7a6ac439e23b9afb01fffd6c8f05db70c47308f7c53efb
STEP SYNC CORE(20260907-081753).zip,1,STEP SYNC CORE/RUMAHAGEN_STEP06_ADDitive_SEMANTIC_MERGE_FULL_v1.1.zip!README_STEP06_FULL_VERSION_v1.1.md,876,efc3fdb4a6082f5e3ef81f8b6e6f768c0ef40a003f76505b1220be87d867c0e4
STEP SYNC CORE(20260907-081753).zip,0,STEP SYNC CORE/RUMAHAGEN_STEP07-A_DOCUMENT_COVERAGE_AND_DEPENDENCY_SYNCHRONIZATION_MATRIX_FULL_v1.1.zip,236899,0ce1a4f2aec20b7faa766eeff495500f0630b8e89facd8d24b86b8ee7327e2b5
STEP SYNC CORE(20260907-081753).zip,1,STEP SYNC CORE/RUMAHAGEN_STEP07-A_DOCUMENT_COVERAGE_AND_DEPENDENCY_SYNCHRONIZATION_MATRIX_FULL_v1.1.zip!00_STEP07-A_FULL_REPORT_v1.1.md,4884,79eabcbe116f1e5296ee456e4efb7dc014fab86cd033341e5a2ed8e0a60c66e3
STEP SYNC CORE(20260907-081753).zip,1,STEP SYNC CORE/RUMAHAGEN_STEP07-A_DOCUMENT_COVERAGE_AND_DEPENDENCY_SYNCHRONIZATION_MATRIX_FULL_v1.1.zip!01_STEP07-A_DOCUMENT_COVERAGE_SYNCHRONIZATION_MATRIX_277_v1.1.csv,847296,24e385fdadf59e6a36e2fa0f156ada41e116ffc58b32bcdf375818fdd8a98818
STEP SYNC CORE(20260907-081753).zip,1,STEP SYNC CORE/RUMAHAGEN_STEP07-A_DOCUMENT_COVERAGE_AND_DEPENDENCY_SYNCHRONIZATION_MATRIX_FULL_v1.1.zip!02_STEP07-A_ORDER_AND_DEPENDENCY_CONTROL_REGISTER_v1.1.csv,886,835df83bf35dc67fcac9556edfcd8f68d93a843a81f8e3bde87111bad153c5e5
STEP SYNC CORE(20260907-081753).zip,1,STEP SYNC CORE/RUMAHAGEN_STEP07-A_DOCUMENT_COVERAGE_AND_DEPENDENCY_SYNCHRONIZATION_MATRIX_FULL_v1.1.zip!06_STEP07-A_OUTPUT_MANIFEST_SHA256_v1.1.csv,2205,44e05cba8d501017bfa13e19b0396189a573d5b229cc14970b7993f42a6bdd8f
STEP SYNC CORE(20260907-081753).zip,1,STEP SYNC CORE/RUMAHAGEN_STEP07-A_DOCUMENT_COVERAGE_AND_DEPENDENCY_SYNCHRONIZATION_MATRIX_FULL_v1.1.zip!03_STEP07-A_SYNCHRONIZATION_SEQUENCE_SUMMARY_v1.1.csv,183,9be2fc4b035680881daf60b189d1bd3d73e928baf1ae5102c4eb89d5cc1f831b
STEP SYNC CORE(20260907-081753).zip,1,STEP SYNC CORE/RUMAHAGEN_STEP07-A_DOCUMENT_COVERAGE_AND_DEPENDENCY_SYNCHRONIZATION_MATRIX_FULL_v1.1.zip!05_STEP07-A_FINAL_GATE_CHECKLIST_v1.1.csv,814,e797afa746369fc81fde9411ff9dd3f6081eb4b631250672700ebc3c6d1d7c1e
STEP SYNC CORE(20260907-081753).zip,1,STEP SYNC CORE/RUMAHAGEN_STEP07-A_DOCUMENT_COVERAGE_AND_DEPENDENCY_SYNCHRONIZATION_MATRIX_FULL_v1.1.zip!README_STEP07-A_FULL_VERSION_v1.1.md,246,63bf9c4af39231d1db2e597e0c2a7872f53e5ef7f7475303153d1d12ee02c28f
STEP SYNC CORE(20260907-081753).zip,1,STEP SYNC CORE/RUMAHAGEN_STEP07-A_DOCUMENT_COVERAGE_AND_DEPENDENCY_SYNCHRONIZATION_MATRIX_FULL_v1.1.zip!04_STEP07-A_STAGE_DEPENDENCY_GRAPH_v1.1.csv,688,c4a99c754f157da48072581eb0f52f56932b77b3b8dcca6c9e23abd8f78b604e
STEP SYNC CORE(20260907-081753).zip,1,STEP SYNC CORE/RUMAHAGEN_STEP07-A_DOCUMENT_COVERAGE_AND_DEPENDENCY_SYNCHRONIZATION_MATRIX_FULL_v1.1.zip!00_PREVIOUS_STEP07-A_v1.0/05_STEP07-A_CORE_TARGET_SECTION_REGISTER.csv,11311,81264a3c0ed0adf0daa2778e151dc089e17cfcdaa0facbe08f2133732f61f272
STEP SYNC CORE(20260907-081753).zip,1,STEP SYNC CORE/RUMAHAGEN_STEP07-A_DOCUMENT_COVERAGE_AND_DEPENDENCY_SYNCHRONIZATION_MATRIX_FULL_v1.1.zip!00_PREVIOUS_STEP07-A_v1.0/02_STEP07-A_ACTION_SUMMARY.csv,228,f93549f1ba3df49585cb0c6782388189f64d6b1b25cfd3bdad784154d649f213
STEP SYNC CORE(20260907-081753).zip,1,STEP SYNC CORE/RUMAHAGEN_STEP07-A_DOCUMENT_COVERAGE_AND_DEPENDENCY_SYNCHRONIZATION_MATRIX_FULL_v1.1.zip!00_PREVIOUS_STEP07-A_v1.0/01_STEP07-A_DOCUMENT_COVERAGE_SYNCHRONIZATION_MATRIX_277.csv,621069,0e29a01f71efd74ae046780259a9d232fe65b3f48dd20ab7a3d7c397fe468321
STEP SYNC CORE(20260907-081753).zip,1,STEP SYNC CORE/RUMAHAGEN_STEP07-A_DOCUMENT_COVERAGE_AND_DEPENDENCY_SYNCHRONIZATION_MATRIX_FULL_v1.1.zip!00_PREVIOUS_STEP07-A_v1.0/README_STEP07-A_FULL_VERSION_v1.0.md,223,42c0e5340431c6c7bd3eb5f91e27cf3f14f3c064991060a12f0cc021a34d33c2
STEP SYNC CORE(20260907-081753).zip,1,STEP SYNC CORE/RUMAHAGEN_STEP07-A_DOCUMENT_COVERAGE_AND_DEPENDENCY_SYNCHRONIZATION_MATRIX_FULL_v1.1.zip!00_PREVIOUS_STEP07-A_v1.0/00_INPUT_STEP07_v1.1.zip,194931,56317e8be715d8bff3ea2311f5ecc40235677b044311cab42aa61e0426ed7c0c
STEP SYNC CORE(20260907-081753).zip,2,STEP SYNC CORE/RUMAHAGEN_STEP07-A_DOCUMENT_COVERAGE_AND_DEPENDENCY_SYNCHRONIZATION_MATRIX_FULL_v1.1.zip!00_PREVIOUS_STEP07-A_v1.0/00_INPUT_STEP07_v1.1.zip!00_PREVIOUS_STEP07_v1.0/00_STEP07_FULL_REPORT_v1.0.md,10364,d426b2850df0cef15d6d9a75612b26d3db5e0c7562a8c6f2e3c6717febbc20a5
STEP SYNC CORE(20260907-081753).zip,2,STEP SYNC CORE/RUMAHAGEN_STEP07-A_DOCUMENT_COVERAGE_AND_DEPENDENCY_SYNCHRONIZATION_MATRIX_FULL_v1.1.zip!00_PREVIOUS_STEP07-A_v1.0/00_INPUT_STEP07_v1.1.zip!00_PREVIOUS_STEP07_v1.0/01_STEP07_INPUT_DEEP_SCAN_MANIFEST_v1.0.csv,1360,06c08374e3cbe764cb6e327f86b9fca7c5a2f19385aea5c0a28d8a1e91760eb0
STEP SYNC CORE(20260907-081753).zip,2,STEP SYNC CORE/RUMAHAGEN_STEP07-A_DOCUMENT_COVERAGE_AND_DEPENDENCY_SYNCHRONIZATION_MATRIX_FULL_v1.1.zip!00_PREVIOUS_STEP07-A_v1.0/00_INPUT_STEP07_v1.1.zip!00_PREVIOUS_STEP07_v1.0/02_STEP07_UPSTREAM_PACKAGE_IDENTITY_v1.0.csv,852,fbf9c01953ace9a15c05450028c58c9adf17761d8f515a0ed9f556528d274a79
STEP SYNC CORE(20260907-081753).zip,2,STEP SYNC CORE/RUMAHAGEN_STEP07-A_DOCUMENT_COVERAGE_AND_DEPENDENCY_SYNCHRONIZATION_MATRIX_FULL_v1.1.zip!00_PREVIOUS_STEP07-A_v1.0/00_INPUT_STEP07_v1.1.zip!00_PREVIOUS_STEP07_v1.0/03_STEP07_STEP_SYNC_CORE_CURRENT_EMBEDDED_INVENTORY_v1.0.csv,1054,ba6e07fe559286951f86a2639bfcff5c4c0c803432ccecb264c6b970958d9d00
STEP SYNC CORE(20260907-081753).zip,2,STEP SYNC CORE/RUMAHAGEN_STEP07-A_DOCUMENT_COVERAGE_AND_DEPENDENCY_SYNCHRONIZATION_MATRIX_FULL_v1.1.zip!00_PREVIOUS_STEP07-A_v1.0/00_INPUT_STEP07_v1.1.zip!00_PREVIOUS_STEP07_v1.0/04_STEP07_CORE_BASELINE_IDENTITY_COMPARE_v1.0.csv,483,224324a035454685d6d7626565e69c956c2067980c9e810252cedd5d24dc726d
STEP SYNC CORE(20260907-081753).zip,2,STEP SYNC CORE/RUMAHAGEN_STEP07-A_DOCUMENT_COVERAGE_AND_DEPENDENCY_SYNCHRONIZATION_MATRIX_FULL_v1.1.zip!00_PREVIOUS_STEP07-A_v1.0/00_INPUT_STEP07_v1.1.zip!00_PREVIOUS_STEP07_v1.0/05_STEP07_CURRENT_M01-M15_AUTHORITY_REGISTER_15_v1.0.csv,4086,ded1b6093590cdbf85ef85e6265dec40e8f78dda6ac1fbe8b8e90e2f6c6e4b1f
STEP SYNC CORE(20260907-081753).zip,2,STEP SYNC CORE/RUMAHAGEN_STEP07-A_DOCUMENT_COVERAGE_AND_DEPENDENCY_SYNCHRONIZATION_MATRIX_FULL_v1.1.zip!00_PREVIOUS_STEP07-A_v1.0/00_INPUT_STEP07_v1.1.zip!00_PREVIOUS_STEP07_v1.0/06_STEP07_DEPENDENCY_MATRIX_73_NON_AUTHORITY_EDGES_v1.0.csv,19144,0819c4d91244c1222f64a0009ba16322278f77cd13488db11c2e1efc0061f963
STEP SYNC CORE(20260907-081753).zip,2,STEP SYNC CORE/RUMAHAGEN_STEP07-A_DOCUMENT_COVERAGE_AND_DEPENDENCY_SYNCHRONIZATION_MATRIX_FULL_v1.1.zip!00_PREVIOUS_STEP07-A_v1.0/00_INPUT_STEP07_v1.1.zip!00_PREVIOUS_STEP07_v1.0/07_STEP07_SEMANTIC_AUTHORITY_BOUNDARY_MATRIX_15_MODULES_v1.0.csv,2253,b888e1c0fb56c7a8c83f5b49e673215afc5a68bbdf12717f36288b58b5e12441
STEP SYNC CORE(20260907-081753).zip,2,STEP SYNC CORE/RUMAHAGEN_STEP07-A_DOCUMENT_COVERAGE_AND_DEPENDENCY_SYNCHRONIZATION_MATRIX_FULL_v1.1.zip!00_PREVIOUS_STEP07-A_v1.0/00_INPUT_STEP07_v1.1.zip!00_PREVIOUS_STEP07_v1.0/08_STEP07_CROSS_MODULE_AUTHORITY_RELATIONSHIP_REGISTER_43_v1.0.csv,4928,86e74d336017578149dffab90ccf8f06445cc28f468ab7f7610e98c25d7de487
STEP SYNC CORE(20260907-081753).zip,2,STEP SYNC CORE/RUMAHAGEN_STEP07-A_DOCUMENT_COVERAGE_AND_DEPENDENCY_SYNCHRONIZATION_MATRIX_FULL_v1.1.zip!00_PREVIOUS_STEP07-A_v1.0/00_INPUT_STEP07_v1.1.zip!00_PREVIOUS_STEP07_v1.0/09_STEP07_FINDING_LEVEL_AUTHORITY_RECONCILIATION_223_v1.0.csv,88978,03e9dc09ce7105b6487f03eea675c7cd497d73e6b728933fac30cd2fda3d1411
STEP SYNC CORE(20260907-081753).zip,2,STEP SYNC CORE/RUMAHAGEN_STEP07-A_DOCUMENT_COVERAGE_AND_DEPENDENCY_SYNCHRONIZATION_MATRIX_FULL_v1.1.zip!00_PREVIOUS_STEP07-A_v1.0/00_INPUT_STEP07_v1.1.zip!00_PREVIOUS_STEP07_v1.0/10_STEP07_CROSS_MODULE_COLLISION_AND_BOUNDARY_REGISTER_15_v1.0.csv,3314,929e2b4f81ca452ba7923251a8826816400ae487ab61ecada2f0ab9941d3e23f
STEP SYNC CORE(20260907-081753).zip,2,STEP SYNC CORE/RUMAHAGEN_STEP07-A_DOCUMENT_COVERAGE_AND_DEPENDENCY_SYNCHRONIZATION_MATRIX_FULL_v1.1.zip!00_PREVIOUS_STEP07-A_v1.0/00_INPUT_STEP07_v1.1.zip!00_PREVIOUS_STEP07_v1.0/11_STEP07_CORE_AUTHORITY_RECONCILIATION_76_v1.0.csv,52088,72fd74b931afcdccf94058151f532dc98dc75646c2070f6eed8a4b5b3aef85a6
STEP SYNC CORE(20260907-081753).zip,2,STEP SYNC CORE/RUMAHAGEN_STEP07-A_DOCUMENT_COVERAGE_AND_DEPENDENCY_SYNCHRONIZATION_MATRIX_FULL_v1.1.zip!00_PREVIOUS_STEP07-A_v1.0/00_INPUT_STEP07_v1.1.zip!00_PREVIOUS_STEP07_v1.0/12_STEP07_SEMANTIC_AUTHORITY_CYCLE_AUDIT_v1.0.csv,626,c8024bfc2b51107ea1768f670c626f80a484270983defea03a7bb92b258f47c0
STEP SYNC CORE(20260907-081753).zip,2,STEP SYNC CORE/RUMAHAGEN_STEP07-A_DOCUMENT_COVERAGE_AND_DEPENDENCY_SYNCHRONIZATION_MATRIX_FULL_v1.1.zip!00_PREVIOUS_STEP07-A_v1.0/00_INPUT_STEP07_v1.1.zip!00_PREVIOUS_STEP07_v1.0/13_STEP07_AUTHORITY_PRESERVATION_AND_NO_TAKEOVER_AUDIT_15_v1.0.csv,2381,007364bb011c6e4ee5a63b342e0fcf1d04557c8b9d08dee7e63fb9cf06680319
STEP SYNC CORE(20260907-081753).zip,2,STEP SYNC CORE/RUMAHAGEN_STEP07-A_DOCUMENT_COVERAGE_AND_DEPENDENCY_SYNCHRONIZATION_MATRIX_FULL_v1.1.zip!00_PREVIOUS_STEP07-A_v1.0/00_INPUT_STEP07_v1.1.zip!00_PREVIOUS_STEP07_v1.0/14_STEP07_PROVENANCE_REGISTER_223_v1.0.csv,129107,2a7e7ec1b18702ac77a4a971bfbc25bbed038e2d662bcf23f944b88ce7e73383
STEP SYNC CORE(20260907-081753).zip,2,STEP SYNC CORE/RUMAHAGEN_STEP07-A_DOCUMENT_COVERAGE_AND_DEPENDENCY_SYNCHRONIZATION_MATRIX_FULL_v1.1.zip!00_PREVIOUS_STEP07-A_v1.0/00_INPUT_STEP07_v1.1.zip!00_PREVIOUS_STEP07_v1.0/15_STEP07_DEEP_SCAN_COVERAGE_SUMMARY_v1.0.csv,84,316eb1c3631e744f4a8feb60b92bc86b2d0f138e034f07d2b514e87841aa4594
STEP SYNC CORE(20260907-081753).zip,2,STEP SYNC CORE/RUMAHAGEN_STEP07-A_DOCUMENT_COVERAGE_AND_DEPENDENCY_SYNCHRONIZATION_MATRIX_FULL_v1.1.zip!00_PREVIOUS_STEP07-A_v1.0/00_INPUT_STEP07_v1.1.zip!00_PREVIOUS_STEP07_v1.0/16_STEP07_FINAL_GATE_CHECKLIST_v1.0.csv,1649,0d8b776af69bd28839cc5a4c1523de065629aef87813873f356d92a635583990
STEP SYNC CORE(20260907-081753).zip,2,STEP SYNC CORE/RUMAHAGEN_STEP07-A_DOCUMENT_COVERAGE_AND_DEPENDENCY_SYNCHRONIZATION_MATRIX_FULL_v1.1.zip!00_PREVIOUS_STEP07-A_v1.0/00_INPUT_STEP07_v1.1.zip!00_PREVIOUS_STEP07_v1.0/17_STEP07_AUTHORITY_GRAPH_v1.0.json,11630,00893c840e08dec1f52e7473af6f1959d94ec52069a5498d9786131c101e4347
STEP SYNC CORE(20260907-081753).zip,2,STEP SYNC CORE/RUMAHAGEN_STEP07-A_DOCUMENT_COVERAGE_AND_DEPENDENCY_SYNCHRONIZATION_MATRIX_FULL_v1.1.zip!00_PREVIOUS_STEP07-A_v1.0/00_INPUT_STEP07_v1.1.zip!00_PREVIOUS_STEP07_v1.0/18_STEP07_OUTPUT_MANIFEST_SHA256_v1.0.csv,2332,252a37d4338b69855a20e106e56652bb738d5e0c8fdafe4a7dd9eefa52ba3069
STEP SYNC CORE(20260907-081753).zip,2,STEP SYNC CORE/RUMAHAGEN_STEP07-A_DOCUMENT_COVERAGE_AND_DEPENDENCY_SYNCHRONIZATION_MATRIX_FULL_v1.1.zip!00_PREVIOUS_STEP07-A_v1.0/00_INPUT_STEP07_v1.1.zip!00_PREVIOUS_STEP07_v1.0/README_STEP07_FULL_VERSION_v1.0.md,1240,3885badbf888cb67bc0528a1f477f7b40fbdaca5f283ec6b46c140438bdf2c8d
STEP SYNC CORE(20260907-081753).zip,2,STEP SYNC CORE/RUMAHAGEN_STEP07-A_DOCUMENT_COVERAGE_AND_DEPENDENCY_SYNCHRONIZATION_MATRIX_FULL_v1.1.zip!00_PREVIOUS_STEP07-A_v1.0/00_INPUT_STEP07_v1.1.zip!00_STEP07_FULL_REPORT_v1.1.md,5648,6d034788a6c55f4e821f4613c46db1e2a95c141290789d48c3c2f9ee7e6c28b5
STEP SYNC CORE(20260907-081753).zip,2,STEP SYNC CORE/RUMAHAGEN_STEP07-A_DOCUMENT_COVERAGE_AND_DEPENDENCY_SYNCHRONIZATION_MATRIX_FULL_v1.1.zip!00_PREVIOUS_STEP07-A_v1.0/00_INPUT_STEP07_v1.1.zip!01_STEP07_v1.1_INPUT_IDENTITY_SHA256.csv,772,3acf1b51c0d4bc72d1f9a8bb546bb38cb5a1a6f1ad70fefb215ca6719e25dadf
STEP SYNC CORE(20260907-081753).zip,2,STEP SYNC CORE/RUMAHAGEN_STEP07-A_DOCUMENT_COVERAGE_AND_DEPENDENCY_SYNCHRONIZATION_MATRIX_FULL_v1.1.zip!00_PREVIOUS_STEP07-A_v1.0/00_INPUT_STEP07_v1.1.zip!02_STEP07_v1.1_STEP_SYNC_CORE_RAR_MEMBER_INVENTORY.csv,512,1142d2c3d29fc6bd2bf2273d972f00a49894174c8c8be89914a8643637e2c2d3
STEP SYNC CORE(20260907-081753).zip,2,STEP SYNC CORE/RUMAHAGEN_STEP07-A_DOCUMENT_COVERAGE_AND_DEPENDENCY_SYNCHRONIZATION_MATRIX_FULL_v1.1.zip!00_PREVIOUS_STEP07-A_v1.0/00_INPUT_STEP07_v1.1.zip!03_STEP07_v1.1_RECURSIVE_SOURCE_ARTIFACT_INVENTORY_2374.csv,736030,1e85da2725cd6d5142239071936c4d4d4a626b8a5403a567683ed72f5182c066
STEP SYNC CORE(20260907-081753).zip,2,STEP SYNC CORE/RUMAHAGEN_STEP07-A_DOCUMENT_COVERAGE_AND_DEPENDENCY_SYNCHRONIZATION_MATRIX_FULL_v1.1.zip!00_PREVIOUS_STEP07-A_v1.0/00_INPUT_STEP07_v1.1.zip!04_STEP07_v1.1_PRE00_COMPLETE_ARTIFACT_COVERAGE_18.csv,4527,41dfeca4324b2a0066bdaa05fd624be9f75b65016a54db693926ed6ad1020f48
STEP SYNC CORE(20260907-081753).zip,2,STEP SYNC CORE/RUMAHAGEN_STEP07-A_DOCUMENT_COVERAGE_AND_DEPENDENCY_SYNCHRONIZATION_MATRIX_FULL_v1.1.zip!00_PREVIOUS_STEP07-A_v1.0/00_INPUT_STEP07_v1.1.zip!05_STEP07_v1.1_CORE_V1.3_FROZEN_ARTIFACT_COVERAGE_76.csv,21321,d6aa5b50017b98414fa700a63f5c8c5f5dd693b9f24d166e349069add5a9fbe8
STEP SYNC CORE(20260907-081753).zip,2,STEP SYNC CORE/RUMAHAGEN_STEP07-A_DOCUMENT_COVERAGE_AND_DEPENDENCY_SYNCHRONIZATION_MATRIX_FULL_v1.1.zip!00_PREVIOUS_STEP07-A_v1.0/00_INPUT_STEP07_v1.1.zip!06_STEP07_v1.1_M01-M15_AUTHORITY_REGISTER_15_PRESERVED.csv,4086,ded1b6093590cdbf85ef85e6265dec40e8f78dda6ac1fbe8b8e90e2f6c6e4b1f
STEP SYNC CORE(20260907-081753).zip,2,STEP SYNC CORE/RUMAHAGEN_STEP07-A_DOCUMENT_COVERAGE_AND_DEPENDENCY_SYNCHRONIZATION_MATRIX_FULL_v1.1.zip!00_PREVIOUS_STEP07-A_v1.0/00_INPUT_STEP07_v1.1.zip!07_STEP07_v1.1_FINDING_AUTHORITY_RECONCILIATION_223_PRESERVED.csv,88978,03e9dc09ce7105b6487f03eea675c7cd497d73e6b728933fac30cd2fda3d1411
STEP SYNC CORE(20260907-081753).zip,2,STEP SYNC CORE/RUMAHAGEN_STEP07-A_DOCUMENT_COVERAGE_AND_DEPENDENCY_SYNCHRONIZATION_MATRIX_FULL_v1.1.zip!00_PREVIOUS_STEP07-A_v1.0/00_INPUT_STEP07_v1.1.zip!08_STEP07_v1.1_COMPLETE_INTEGRATION_COVERAGE_LEDGER_54.csv,8120,7bd432d186b09910eb387a43d53761ce6a6cb32d481c4f1f1514a6d4e87a0c66
STEP SYNC CORE(20260907-081753).zip,2,STEP SYNC CORE/RUMAHAGEN_STEP07-A_DOCUMENT_COVERAGE_AND_DEPENDENCY_SYNCHRONIZATION_MATRIX_FULL_v1.1.zip!00_PREVIOUS_STEP07-A_v1.0/00_INPUT_STEP07_v1.1.zip!09_STEP07_v1.1_ORPHAN_CONTROL_REGISTER.csv,9714,d0a621b40292ecf623151dd02cd9b69a8f1f153f04c1bf71077a47acf4bb2cd8
STEP SYNC CORE(20260907-081753).zip,2,STEP SYNC CORE/RUMAHAGEN_STEP07-A_DOCUMENT_COVERAGE_AND_DEPENDENCY_SYNCHRONIZATION_MATRIX_FULL_v1.1.zip!00_PREVIOUS_STEP07-A_v1.0/00_INPUT_STEP07_v1.1.zip!10_STEP07_v1.1_CROSS_MODULE_BOUNDARY_REGISTER_15_PRESERVED.csv,3314,929e2b4f81ca452ba7923251a8826816400ae487ab61ecada2f0ab9941d3e23f
STEP SYNC CORE(20260907-081753).zip,2,STEP SYNC CORE/RUMAHAGEN_STEP07-A_DOCUMENT_COVERAGE_AND_DEPENDENCY_SYNCHRONIZATION_MATRIX_FULL_v1.1.zip!00_PREVIOUS_STEP07-A_v1.0/00_INPUT_STEP07_v1.1.zip!11_STEP07_v1.1_CORE_AUTHORITY_RECONCILIATION_76_PRESERVED.csv,52088,72fd74b931afcdccf94058151f532dc98dc75646c2070f6eed8a4b5b3aef85a6
STEP SYNC CORE(20260907-081753).zip,2,STEP SYNC CORE/RUMAHAGEN_STEP07-A_DOCUMENT_COVERAGE_AND_DEPENDENCY_SYNCHRONIZATION_MATRIX_FULL_v1.1.zip!00_PREVIOUS_STEP07-A_v1.0/00_INPUT_STEP07_v1.1.zip!12_STEP07_v1.1_AUTHORITY_RELATIONSHIP_REGISTER_PHYSICAL_COUNT_CORRECTED.csv,6404,c420bc243fc2b981609c6ce22750fa0906944ae10cd6830ae18aab58df49084b
STEP SYNC CORE(20260907-081753).zip,2,STEP SYNC CORE/RUMAHAGEN_STEP07-A_DOCUMENT_COVERAGE_AND_DEPENDENCY_SYNCHRONIZATION_MATRIX_FULL_v1.1.zip!00_PREVIOUS_STEP07-A_v1.0/00_INPUT_STEP07_v1.1.zip!13_STEP07_v1.1_CORRECTION_AND_HARDENING_REGISTER.csv,1188,014ace69337e7430b11b88490e150bf121729a413d1e6670e560c68407dff7f5
STEP SYNC CORE(20260907-081753).zip,2,STEP SYNC CORE/RUMAHAGEN_STEP07-A_DOCUMENT_COVERAGE_AND_DEPENDENCY_SYNCHRONIZATION_MATRIX_FULL_v1.1.zip!00_PREVIOUS_STEP07-A_v1.0/00_INPUT_STEP07_v1.1.zip!14_STEP07_v1.1_DEEP_SCAN_COVERAGE_SUMMARY.csv,922,4293605e37395510dbf22386f0f882a7299e67e407256e0f97ff79102f3d078b
STEP SYNC CORE(20260907-081753).zip,2,STEP SYNC CORE/RUMAHAGEN_STEP07-A_DOCUMENT_COVERAGE_AND_DEPENDENCY_SYNCHRONIZATION_MATRIX_FULL_v1.1.zip!00_PREVIOUS_STEP07-A_v1.0/00_INPUT_STEP07_v1.1.zip!15_STEP07_v1.1_MODULE_COVERAGE_CONTROL_SUMMARY.csv,293,ed850fcf37c8c0cca316e3d902dfd2e55e102252c052d896d8dfa7ac2da71f9f
STEP SYNC CORE(20260907-081753).zip,2,STEP SYNC CORE/RUMAHAGEN_STEP07-A_DOCUMENT_COVERAGE_AND_DEPENDENCY_SYNCHRONIZATION_MATRIX_FULL_v1.1.zip!00_PREVIOUS_STEP07-A_v1.0/00_INPUT_STEP07_v1.1.zip!16_STEP07_v1.1_AUTHORITY_GRAPH_PRESERVED.json,11630,00893c840e08dec1f52e7473af6f1959d94ec52069a5498d9786131c101e4347
STEP SYNC CORE(20260907-081753).zip,2,STEP SYNC CORE/RUMAHAGEN_STEP07-A_DOCUMENT_COVERAGE_AND_DEPENDENCY_SYNCHRONIZATION_MATRIX_FULL_v1.1.zip!00_PREVIOUS_STEP07-A_v1.0/00_INPUT_STEP07_v1.1.zip!17_STEP07_v1.1_FINAL_GATE_CHECKLIST.csv,1374,062c908a8148a52abbbd391ea7f067108789e9082bae74edda474668a1efc665
STEP SYNC CORE(20260907-081753).zip,2,STEP SYNC CORE/RUMAHAGEN_STEP07-A_DOCUMENT_COVERAGE_AND_DEPENDENCY_SYNCHRONIZATION_MATRIX_FULL_v1.1.zip!00_PREVIOUS_STEP07-A_v1.0/00_INPUT_STEP07_v1.1.zip!18_STEP07_v1.1_OUTPUT_MANIFEST_SHA256.csv,5252,266c27087a5d8c7f2968c51c023f36fb20d1844f12f55bf35ce19b444a19691a
STEP SYNC CORE(20260907-081753).zip,2,STEP SYNC CORE/RUMAHAGEN_STEP07-A_DOCUMENT_COVERAGE_AND_DEPENDENCY_SYNCHRONIZATION_MATRIX_FULL_v1.1.zip!00_PREVIOUS_STEP07-A_v1.0/00_INPUT_STEP07_v1.1.zip!README_STEP07_FULL_VERSION_v1.1.md,666,4db140bb1092af0fa32e6768562a66bdbd597a1a7db5c53d97ed35e96711d182
STEP SYNC CORE(20260907-081753).zip,1,STEP SYNC CORE/RUMAHAGEN_STEP07-A_DOCUMENT_COVERAGE_AND_DEPENDENCY_SYNCHRONIZATION_MATRIX_FULL_v1.1.zip!00_PREVIOUS_STEP07-A_v1.0/00_STEP07-A_FULL_REPORT_v1.0.md,2213,1c77143c46a091959bfb38498ff00ed8ee6116c6c6973f1186913ca1a0cf22f5
STEP SYNC CORE(20260907-081753).zip,1,STEP SYNC CORE/RUMAHAGEN_STEP07-A_DOCUMENT_COVERAGE_AND_DEPENDENCY_SYNCHRONIZATION_MATRIX_FULL_v1.1.zip!00_PREVIOUS_STEP07-A_v1.0/04_STEP07-A_ORPHAN_TARGET_AUDIT.csv,259,1425e58c5072f40e9beaa89cd394c5809548b04502e315963f0207633ea4b55f
STEP SYNC CORE(20260907-081753).zip,1,STEP SYNC CORE/RUMAHAGEN_STEP07-A_DOCUMENT_COVERAGE_AND_DEPENDENCY_SYNCHRONIZATION_MATRIX_FULL_v1.1.zip!00_PREVIOUS_STEP07-A_v1.0/03_STEP07-A_MODULE_COVERAGE_SUMMARY.csv,1013,202444d47b843515b925c7587d8cc6b13ac8781d09fac5d466fdea028269ddb4
STEP SYNC CORE(20260907-081753).zip,1,STEP SYNC CORE/RUMAHAGEN_STEP07-A_DOCUMENT_COVERAGE_AND_DEPENDENCY_SYNCHRONIZATION_MATRIX_FULL_v1.1.zip!00_PREVIOUS_STEP07-A_v1.0/06_STEP07-A_FINAL_GATE_CHECKLIST.csv,970,4514ecdeb9525e9a9b1938811970788eb327feddea0311e5d4e80a35f19e9ad9
STEP SYNC CORE(20260907-081753).zip,1,STEP SYNC CORE/RUMAHAGEN_STEP07-A_DOCUMENT_COVERAGE_AND_DEPENDENCY_SYNCHRONIZATION_MATRIX_FULL_v1.1.zip!00_PREVIOUS_STEP07-A_v1.0/07_STEP07-A_OUTPUT_MANIFEST_SHA256.csv,998,a8c33e7ff0b9af9aa2cbfd5e67a008f1d5e19598170659816501219f9f4c4b8a
STEP SYNC CORE(20260907-081753).zip,0,STEP SYNC CORE/RUMAHAGEN_STEP07_CROSS_MODULE_AUTHORITY_AND_COMPLETE_INTEGRATION_COVERAGE_FULL_v1.1.zip,194931,56317e8be715d8bff3ea2311f5ecc40235677b044311cab42aa61e0426ed7c0c
STEP SYNC CORE(20260907-081753).zip,1,STEP SYNC CORE/RUMAHAGEN_STEP07_CROSS_MODULE_AUTHORITY_AND_COMPLETE_INTEGRATION_COVERAGE_FULL_v1.1.zip!00_PREVIOUS_STEP07_v1.0/00_STEP07_FULL_REPORT_v1.0.md,10364,d426b2850df0cef15d6d9a75612b26d3db5e0c7562a8c6f2e3c6717febbc20a5
STEP SYNC CORE(20260907-081753).zip,1,STEP SYNC CORE/RUMAHAGEN_STEP07_CROSS_MODULE_AUTHORITY_AND_COMPLETE_INTEGRATION_COVERAGE_FULL_v1.1.zip!00_PREVIOUS_STEP07_v1.0/01_STEP07_INPUT_DEEP_SCAN_MANIFEST_v1.0.csv,1360,06c08374e3cbe764cb6e327f86b9fca7c5a2f19385aea5c0a28d8a1e91760eb0
STEP SYNC CORE(20260907-081753).zip,1,STEP SYNC CORE/RUMAHAGEN_STEP07_CROSS_MODULE_AUTHORITY_AND_COMPLETE_INTEGRATION_COVERAGE_FULL_v1.1.zip!00_PREVIOUS_STEP07_v1.0/02_STEP07_UPSTREAM_PACKAGE_IDENTITY_v1.0.csv,852,fbf9c01953ace9a15c05450028c58c9adf17761d8f515a0ed9f556528d274a79
STEP SYNC CORE(20260907-081753).zip,1,STEP SYNC CORE/RUMAHAGEN_STEP07_CROSS_MODULE_AUTHORITY_AND_COMPLETE_INTEGRATION_COVERAGE_FULL_v1.1.zip!00_PREVIOUS_STEP07_v1.0/03_STEP07_STEP_SYNC_CORE_CURRENT_EMBEDDED_INVENTORY_v1.0.csv,1054,ba6e07fe559286951f86a2639bfcff5c4c0c803432ccecb264c6b970958d9d00
STEP SYNC CORE(20260907-081753).zip,1,STEP SYNC CORE/RUMAHAGEN_STEP07_CROSS_MODULE_AUTHORITY_AND_COMPLETE_INTEGRATION_COVERAGE_FULL_v1.1.zip!00_PREVIOUS_STEP07_v1.0/04_STEP07_CORE_BASELINE_IDENTITY_COMPARE_v1.0.csv,483,224324a035454685d6d7626565e69c956c2067980c9e810252cedd5d24dc726d
STEP SYNC CORE(20260907-081753).zip,1,STEP SYNC CORE/RUMAHAGEN_STEP07_CROSS_MODULE_AUTHORITY_AND_COMPLETE_INTEGRATION_COVERAGE_FULL_v1.1.zip!00_PREVIOUS_STEP07_v1.0/05_STEP07_CURRENT_M01-M15_AUTHORITY_REGISTER_15_v1.0.csv,4086,ded1b6093590cdbf85ef85e6265dec40e8f78dda6ac1fbe8b8e90e2f6c6e4b1f
STEP SYNC CORE(20260907-081753).zip,1,STEP SYNC CORE/RUMAHAGEN_STEP07_CROSS_MODULE_AUTHORITY_AND_COMPLETE_INTEGRATION_COVERAGE_FULL_v1.1.zip!00_PREVIOUS_STEP07_v1.0/06_STEP07_DEPENDENCY_MATRIX_73_NON_AUTHORITY_EDGES_v1.0.csv,19144,0819c4d91244c1222f64a0009ba16322278f77cd13488db11c2e1efc0061f963
STEP SYNC CORE(20260907-081753).zip,1,STEP SYNC CORE/RUMAHAGEN_STEP07_CROSS_MODULE_AUTHORITY_AND_COMPLETE_INTEGRATION_COVERAGE_FULL_v1.1.zip!00_PREVIOUS_STEP07_v1.0/07_STEP07_SEMANTIC_AUTHORITY_BOUNDARY_MATRIX_15_MODULES_v1.0.csv,2253,b888e1c0fb56c7a8c83f5b49e673215afc5a68bbdf12717f36288b58b5e12441
STEP SYNC CORE(20260907-081753).zip,1,STEP SYNC CORE/RUMAHAGEN_STEP07_CROSS_MODULE_AUTHORITY_AND_COMPLETE_INTEGRATION_COVERAGE_FULL_v1.1.zip!00_PREVIOUS_STEP07_v1.0/08_STEP07_CROSS_MODULE_AUTHORITY_RELATIONSHIP_REGISTER_43_v1.0.csv,4928,86e74d336017578149dffab90ccf8f06445cc28f468ab7f7610e98c25d7de487
STEP SYNC CORE(20260907-081753).zip,1,STEP SYNC CORE/RUMAHAGEN_STEP07_CROSS_MODULE_AUTHORITY_AND_COMPLETE_INTEGRATION_COVERAGE_FULL_v1.1.zip!00_PREVIOUS_STEP07_v1.0/09_STEP07_FINDING_LEVEL_AUTHORITY_RECONCILIATION_223_v1.0.csv,88978,03e9dc09ce7105b6487f03eea675c7cd497d73e6b728933fac30cd2fda3d1411
STEP SYNC CORE(20260907-081753).zip,1,STEP SYNC CORE/RUMAHAGEN_STEP07_CROSS_MODULE_AUTHORITY_AND_COMPLETE_INTEGRATION_COVERAGE_FULL_v1.1.zip!00_PREVIOUS_STEP07_v1.0/10_STEP07_CROSS_MODULE_COLLISION_AND_BOUNDARY_REGISTER_15_v1.0.csv,3314,929e2b4f81ca452ba7923251a8826816400ae487ab61ecada2f0ab9941d3e23f
STEP SYNC CORE(20260907-081753).zip,1,STEP SYNC CORE/RUMAHAGEN_STEP07_CROSS_MODULE_AUTHORITY_AND_COMPLETE_INTEGRATION_COVERAGE_FULL_v1.1.zip!00_PREVIOUS_STEP07_v1.0/11_STEP07_CORE_AUTHORITY_RECONCILIATION_76_v1.0.csv,52088,72fd74b931afcdccf94058151f532dc98dc75646c2070f6eed8a4b5b3aef85a6
STEP SYNC CORE(20260907-081753).zip,1,STEP SYNC CORE/RUMAHAGEN_STEP07_CROSS_MODULE_AUTHORITY_AND_COMPLETE_INTEGRATION_COVERAGE_FULL_v1.1.zip!00_PREVIOUS_STEP07_v1.0/12_STEP07_SEMANTIC_AUTHORITY_CYCLE_AUDIT_v1.0.csv,626,c8024bfc2b51107ea1768f670c626f80a484270983defea03a7bb92b258f47c0
STEP SYNC CORE(20260907-081753).zip,1,STEP SYNC CORE/RUMAHAGEN_STEP07_CROSS_MODULE_AUTHORITY_AND_COMPLETE_INTEGRATION_COVERAGE_FULL_v1.1.zip!00_PREVIOUS_STEP07_v1.0/13_STEP07_AUTHORITY_PRESERVATION_AND_NO_TAKEOVER_AUDIT_15_v1.0.csv,2381,007364bb011c6e4ee5a63b342e0fcf1d04557c8b9d08dee7e63fb9cf06680319
STEP SYNC CORE(20260907-081753).zip,1,STEP SYNC CORE/RUMAHAGEN_STEP07_CROSS_MODULE_AUTHORITY_AND_COMPLETE_INTEGRATION_COVERAGE_FULL_v1.1.zip!00_PREVIOUS_STEP07_v1.0/14_STEP07_PROVENANCE_REGISTER_223_v1.0.csv,129107,2a7e7ec1b18702ac77a4a971bfbc25bbed038e2d662bcf23f944b88ce7e73383
STEP SYNC CORE(20260907-081753).zip,1,STEP SYNC CORE/RUMAHAGEN_STEP07_CROSS_MODULE_AUTHORITY_AND_COMPLETE_INTEGRATION_COVERAGE_FULL_v1.1.zip!00_PREVIOUS_STEP07_v1.0/15_STEP07_DEEP_SCAN_COVERAGE_SUMMARY_v1.0.csv,84,316eb1c3631e744f4a8feb60b92bc86b2d0f138e034f07d2b514e87841aa4594
STEP SYNC CORE(20260907-081753).zip,1,STEP SYNC CORE/RUMAHAGEN_STEP07_CROSS_MODULE_AUTHORITY_AND_COMPLETE_INTEGRATION_COVERAGE_FULL_v1.1.zip!00_PREVIOUS_STEP07_v1.0/16_STEP07_FINAL_GATE_CHECKLIST_v1.0.csv,1649,0d8b776af69bd28839cc5a4c1523de065629aef87813873f356d92a635583990
STEP SYNC CORE(20260907-081753).zip,1,STEP SYNC CORE/RUMAHAGEN_STEP07_CROSS_MODULE_AUTHORITY_AND_COMPLETE_INTEGRATION_COVERAGE_FULL_v1.1.zip!00_PREVIOUS_STEP07_v1.0/17_STEP07_AUTHORITY_GRAPH_v1.0.json,11630,00893c840e08dec1f52e7473af6f1959d94ec52069a5498d9786131c101e4347
STEP SYNC CORE(20260907-081753).zip,1,STEP SYNC CORE/RUMAHAGEN_STEP07_CROSS_MODULE_AUTHORITY_AND_COMPLETE_INTEGRATION_COVERAGE_FULL_v1.1.zip!00_PREVIOUS_STEP07_v1.0/18_STEP07_OUTPUT_MANIFEST_SHA256_v1.0.csv,2332,252a37d4338b69855a20e106e56652bb738d5e0c8fdafe4a7dd9eefa52ba3069
STEP SYNC CORE(20260907-081753).zip,1,STEP SYNC CORE/RUMAHAGEN_STEP07_CROSS_MODULE_AUTHORITY_AND_COMPLETE_INTEGRATION_COVERAGE_FULL_v1.1.zip!00_PREVIOUS_STEP07_v1.0/README_STEP07_FULL_VERSION_v1.0.md,1240,3885badbf888cb67bc0528a1f477f7b40fbdaca5f283ec6b46c140438bdf2c8d
STEP SYNC CORE(20260907-081753).zip,1,STEP SYNC CORE/RUMAHAGEN_STEP07_CROSS_MODULE_AUTHORITY_AND_COMPLETE_INTEGRATION_COVERAGE_FULL_v1.1.zip!00_STEP07_FULL_REPORT_v1.1.md,5648,6d034788a6c55f4e821f4613c46db1e2a95c141290789d48c3c2f9ee7e6c28b5
STEP SYNC CORE(20260907-081753).zip,1,STEP SYNC CORE/RUMAHAGEN_STEP07_CROSS_MODULE_AUTHORITY_AND_COMPLETE_INTEGRATION_COVERAGE_FULL_v1.1.zip!01_STEP07_v1.1_INPUT_IDENTITY_SHA256.csv,772,3acf1b51c0d4bc72d1f9a8bb546bb38cb5a1a6f1ad70fefb215ca6719e25dadf
STEP SYNC CORE(20260907-081753).zip,1,STEP SYNC CORE/RUMAHAGEN_STEP07_CROSS_MODULE_AUTHORITY_AND_COMPLETE_INTEGRATION_COVERAGE_FULL_v1.1.zip!02_STEP07_v1.1_STEP_SYNC_CORE_RAR_MEMBER_INVENTORY.csv,512,1142d2c3d29fc6bd2bf2273d972f00a49894174c8c8be89914a8643637e2c2d3
STEP SYNC CORE(20260907-081753).zip,1,STEP SYNC CORE/RUMAHAGEN_STEP07_CROSS_MODULE_AUTHORITY_AND_COMPLETE_INTEGRATION_COVERAGE_FULL_v1.1.zip!03_STEP07_v1.1_RECURSIVE_SOURCE_ARTIFACT_INVENTORY_2374.csv,736030,1e85da2725cd6d5142239071936c4d4d4a626b8a5403a567683ed72f5182c066
STEP SYNC CORE(20260907-081753).zip,1,STEP SYNC CORE/RUMAHAGEN_STEP07_CROSS_MODULE_AUTHORITY_AND_COMPLETE_INTEGRATION_COVERAGE_FULL_v1.1.zip!04_STEP07_v1.1_PRE00_COMPLETE_ARTIFACT_COVERAGE_18.csv,4527,41dfeca4324b2a0066bdaa05fd624be9f75b65016a54db693926ed6ad1020f48
STEP SYNC CORE(20260907-081753).zip,1,STEP SYNC CORE/RUMAHAGEN_STEP07_CROSS_MODULE_AUTHORITY_AND_COMPLETE_INTEGRATION_COVERAGE_FULL_v1.1.zip!05_STEP07_v1.1_CORE_V1.3_FROZEN_ARTIFACT_COVERAGE_76.csv,21321,d6aa5b50017b98414fa700a63f5c8c5f5dd693b9f24d166e349069add5a9fbe8
STEP SYNC CORE(20260907-081753).zip,1,STEP SYNC CORE/RUMAHAGEN_STEP07_CROSS_MODULE_AUTHORITY_AND_COMPLETE_INTEGRATION_COVERAGE_FULL_v1.1.zip!06_STEP07_v1.1_M01-M15_AUTHORITY_REGISTER_15_PRESERVED.csv,4086,ded1b6093590cdbf85ef85e6265dec40e8f78dda6ac1fbe8b8e90e2f6c6e4b1f
STEP SYNC CORE(20260907-081753).zip,1,STEP SYNC CORE/RUMAHAGEN_STEP07_CROSS_MODULE_AUTHORITY_AND_COMPLETE_INTEGRATION_COVERAGE_FULL_v1.1.zip!07_STEP07_v1.1_FINDING_AUTHORITY_RECONCILIATION_223_PRESERVED.csv,88978,03e9dc09ce7105b6487f03eea675c7cd497d73e6b728933fac30cd2fda3d1411
STEP SYNC CORE(20260907-081753).zip,1,STEP SYNC CORE/RUMAHAGEN_STEP07_CROSS_MODULE_AUTHORITY_AND_COMPLETE_INTEGRATION_COVERAGE_FULL_v1.1.zip!08_STEP07_v1.1_COMPLETE_INTEGRATION_COVERAGE_LEDGER_54.csv,8120,7bd432d186b09910eb387a43d53761ce6a6cb32d481c4f1f1514a6d4e87a0c66
STEP SYNC CORE(20260907-081753).zip,1,STEP SYNC CORE/RUMAHAGEN_STEP07_CROSS_MODULE_AUTHORITY_AND_COMPLETE_INTEGRATION_COVERAGE_FULL_v1.1.zip!09_STEP07_v1.1_ORPHAN_CONTROL_REGISTER.csv,9714,d0a621b40292ecf623151dd02cd9b69a8f1f153f04c1bf71077a47acf4bb2cd8
STEP SYNC CORE(20260907-081753).zip,1,STEP SYNC CORE/RUMAHAGEN_STEP07_CROSS_MODULE_AUTHORITY_AND_COMPLETE_INTEGRATION_COVERAGE_FULL_v1.1.zip!10_STEP07_v1.1_CROSS_MODULE_BOUNDARY_REGISTER_15_PRESERVED.csv,3314,929e2b4f81ca452ba7923251a8826816400ae487ab61ecada2f0ab9941d3e23f
STEP SYNC CORE(20260907-081753).zip,1,STEP SYNC CORE/RUMAHAGEN_STEP07_CROSS_MODULE_AUTHORITY_AND_COMPLETE_INTEGRATION_COVERAGE_FULL_v1.1.zip!11_STEP07_v1.1_CORE_AUTHORITY_RECONCILIATION_76_PRESERVED.csv,52088,72fd74b931afcdccf94058151f532dc98dc75646c2070f6eed8a4b5b3aef85a6
STEP SYNC CORE(20260907-081753).zip,1,STEP SYNC CORE/RUMAHAGEN_STEP07_CROSS_MODULE_AUTHORITY_AND_COMPLETE_INTEGRATION_COVERAGE_FULL_v1.1.zip!12_STEP07_v1.1_AUTHORITY_RELATIONSHIP_REGISTER_PHYSICAL_COUNT_CORRECTED.csv,6404,c420bc243fc2b981609c6ce22750fa0906944ae10cd6830ae18aab58df49084b
STEP SYNC CORE(20260907-081753).zip,1,STEP SYNC CORE/RUMAHAGEN_STEP07_CROSS_MODULE_AUTHORITY_AND_COMPLETE_INTEGRATION_COVERAGE_FULL_v1.1.zip!13_STEP07_v1.1_CORRECTION_AND_HARDENING_REGISTER.csv,1188,014ace69337e7430b11b88490e150bf121729a413d1e6670e560c68407dff7f5
STEP SYNC CORE(20260907-081753).zip,1,STEP SYNC CORE/RUMAHAGEN_STEP07_CROSS_MODULE_AUTHORITY_AND_COMPLETE_INTEGRATION_COVERAGE_FULL_v1.1.zip!14_STEP07_v1.1_DEEP_SCAN_COVERAGE_SUMMARY.csv,922,4293605e37395510dbf22386f0f882a7299e67e407256e0f97ff79102f3d078b
STEP SYNC CORE(20260907-081753).zip,1,STEP SYNC CORE/RUMAHAGEN_STEP07_CROSS_MODULE_AUTHORITY_AND_COMPLETE_INTEGRATION_COVERAGE_FULL_v1.1.zip!15_STEP07_v1.1_MODULE_COVERAGE_CONTROL_SUMMARY.csv,293,ed850fcf37c8c0cca316e3d902dfd2e55e102252c052d896d8dfa7ac2da71f9f
STEP SYNC CORE(20260907-081753).zip,1,STEP SYNC CORE/RUMAHAGEN_STEP07_CROSS_MODULE_AUTHORITY_AND_COMPLETE_INTEGRATION_COVERAGE_FULL_v1.1.zip!16_STEP07_v1.1_AUTHORITY_GRAPH_PRESERVED.json,11630,00893c840e08dec1f52e7473af6f1959d94ec52069a5498d9786131c101e4347
STEP SYNC CORE(20260907-081753).zip,1,STEP SYNC CORE/RUMAHAGEN_STEP07_CROSS_MODULE_AUTHORITY_AND_COMPLETE_INTEGRATION_COVERAGE_FULL_v1.1.zip!17_STEP07_v1.1_FINAL_GATE_CHECKLIST.csv,1374,062c908a8148a52abbbd391ea7f067108789e9082bae74edda474668a1efc665
STEP SYNC CORE(20260907-081753).zip,1,STEP SYNC CORE/RUMAHAGEN_STEP07_CROSS_MODULE_AUTHORITY_AND_COMPLETE_INTEGRATION_COVERAGE_FULL_v1.1.zip!18_STEP07_v1.1_OUTPUT_MANIFEST_SHA256.csv,5252,266c27087a5d8c7f2968c51c023f36fb20d1844f12f55bf35ce19b444a19691a
STEP SYNC CORE(20260907-081753).zip,1,STEP SYNC CORE/RUMAHAGEN_STEP07_CROSS_MODULE_AUTHORITY_AND_COMPLETE_INTEGRATION_COVERAGE_FULL_v1.1.zip!README_STEP07_FULL_VERSION_v1.1.md,666,4db140bb1092af0fa32e6768562a66bdbd597a1a7db5c53d97ed35e96711d182
STEP SYNC CORE(20260907-081753).zip,0,STEP SYNC CORE/RUMAHAGEN_STEP08_BUSINESS_RULES_BASELINE_CONSOLIDATED_FULL_v1.1_CORRECTED.zip,57199,21c45f2bfaa3bc86661bfa29c90e1083167573821698161b688a6c76573da86a
STEP SYNC CORE(20260907-081753).zip,1,STEP SYNC CORE/RUMAHAGEN_STEP08_BUSINESS_RULES_BASELINE_CONSOLIDATED_FULL_v1.1_CORRECTED.zip!00_COMPLETENESS_DEEP_SCAN_AUDIT_v1.1.md,2724,b271a506c690c18e97ba154a05be91d2c8e0e15114344a351b6a96deb35c7acb
STEP SYNC CORE(20260907-081753).zip,1,STEP SYNC CORE/RUMAHAGEN_STEP08_BUSINESS_RULES_BASELINE_CONSOLIDATED_FULL_v1.1_CORRECTED.zip!02_RULE_PROVENANCE_REGISTER.csv,268039,9c1796f1bd6fca9d6b99d2ff5cfdf783752bddf73475c1d3ffcb604845ac824b
STEP SYNC CORE(20260907-081753).zip,1,STEP SYNC CORE/RUMAHAGEN_STEP08_BUSINESS_RULES_BASELINE_CONSOLIDATED_FULL_v1.1_CORRECTED.zip!03_RULE_SOURCE_MAPPING.csv,238469,a5a092e5f8b9b99e911523eab6f408b71e8dbd789a801286e5f72c1190170ee1
STEP SYNC CORE(20260907-081753).zip,1,STEP SYNC CORE/RUMAHAGEN_STEP08_BUSINESS_RULES_BASELINE_CONSOLIDATED_FULL_v1.1_CORRECTED.zip!04_RULE_DELTA_REGISTER.csv,24737,ed2c3cc5c10088bca129a1ac59130195d7cc35b1359596d3a941fe3aac5b6f1f
STEP SYNC CORE(20260907-081753).zip,1,STEP SYNC CORE/RUMAHAGEN_STEP08_BUSINESS_RULES_BASELINE_CONSOLIDATED_FULL_v1.1_CORRECTED.zip!05_LIFECYCLE_RULE_MATRIX.csv,1511,2ecd189e9351d0f24972733b4d39770055bcea88f11b9b0c6022c5ca01e8366b
STEP SYNC CORE(20260907-081753).zip,1,STEP SYNC CORE/RUMAHAGEN_STEP08_BUSINESS_RULES_BASELINE_CONSOLIDATED_FULL_v1.1_CORRECTED.zip!06_ACTOR_OWNERSHIP_AUTHORITY.csv,1890,03fec6f9705fe440b67e2a437cb329e7d4089f870033925872669ba9fab2440b
STEP SYNC CORE(20260907-081753).zip,1,STEP SYNC CORE/RUMAHAGEN_STEP08_BUSINESS_RULES_BASELINE_CONSOLIDATED_FULL_v1.1_CORRECTED.zip!07_CONFIGURABLE_PARAMETER_REGISTER.csv,959,6c598c255552e7985f6fe48009cb0dd7743b159ca044313dadce6385bfc9d236
STEP SYNC CORE(20260907-081753).zip,1,STEP SYNC CORE/RUMAHAGEN_STEP08_BUSINESS_RULES_BASELINE_CONSOLIDATED_FULL_v1.1_CORRECTED.zip!08_CONFLICT_APPLICATION.csv,7495,356ab6be6d4d1e5634b9d3551cba7579275c1c3b03225588a55f694a1704ce2a
STEP SYNC CORE(20260907-081753).zip,1,STEP SYNC CORE/RUMAHAGEN_STEP08_BUSINESS_RULES_BASELINE_CONSOLIDATED_FULL_v1.1_CORRECTED.zip!09_CORE_PRESERVATION_AUDIT.csv,408,34da1892ac0aec411fd2f610f3b2b856d22a0f4706104fae4fa188b4369dd3d3
STEP SYNC CORE(20260907-081753).zip,1,STEP SYNC CORE/RUMAHAGEN_STEP08_BUSINESS_RULES_BASELINE_CONSOLIDATED_FULL_v1.1_CORRECTED.zip!10_DUPLICATE_CONSOLIDATION_AUDIT.csv,31163,75a846d7691dfa7b4cfa32bfc6edc6c4eeef8be6c186863ca2881525545602cd
STEP SYNC CORE(20260907-081753).zip,1,STEP SYNC CORE/RUMAHAGEN_STEP08_BUSINESS_RULES_BASELINE_CONSOLIDATED_FULL_v1.1_CORRECTED.zip!11_GATE_CHECKLIST.csv,1228,b491038b3fd8332bfee9d52f244a3125e3002ed28a1e9de2412be2dda5db4799
STEP SYNC CORE(20260907-081753).zip,1,STEP SYNC CORE/RUMAHAGEN_STEP08_BUSINESS_RULES_BASELINE_CONSOLIDATED_FULL_v1.1_CORRECTED.zip!12_OUTPUT_MANIFEST_SHA256_v1.1.csv,1283,555cb01cd24db669cc0eb0f85e1a6a4c70d9b65049e9a15dd973751edaca0f52
STEP SYNC CORE(20260907-081753).zip,1,STEP SYNC CORE/RUMAHAGEN_STEP08_BUSINESS_RULES_BASELINE_CONSOLIDATED_FULL_v1.1_CORRECTED.zip!README_STEP08_BR_BASELINE_CONSOLIDATED_v1.1.md,1179,af3d1171790104849bae4aad5d04968cd9d7f70d09ce0ec654ceef7e10c4d4ff
STEP SYNC CORE(20260907-081753).zip,1,STEP SYNC CORE/RUMAHAGEN_STEP08_BUSINESS_RULES_BASELINE_CONSOLIDATED_FULL_v1.1_CORRECTED.zip!RUMAHAGEN_BUSINESS_RULES_BASELINE_CONSOLIDATED_STEP08_v1.1.md,110829,a499082839f3343a8fa99744f66dfa49abfe43cb512d99e280078bfea07011fd
STEP SYNC CORE(20260907-081753).zip,0,STEP SYNC CORE/RUMAHAGEN_STEP09-A2_CONSTITUTION_CONTROLLED_REENTRY_FULL_VERSION_v1.17.zip,55875,c6bee627ffbf6d1b2054ec6138bccb60a58a066c9a864aa5eab7d129ce45f721
STEP SYNC CORE(20260907-081753).zip,1,STEP SYNC CORE/RUMAHAGEN_STEP09-A2_CONSTITUTION_CONTROLLED_REENTRY_FULL_VERSION_v1.17.zip!01_OUTPUT/PROJECT_CONSTITUTION_v1.17_STEP09-A2_CONTROLLED_REENTRY.docx,54274,acd7f5d8a7ee90e4bcd65dd338d668513e988ec886a2cea05c0716be28b2c1d8
STEP SYNC CORE(20260907-081753).zip,1,STEP SYNC CORE/RUMAHAGEN_STEP09-A2_CONSTITUTION_CONTROLLED_REENTRY_FULL_VERSION_v1.17.zip!01_OUTPUT/STEP09-A2_DEEP_SCAN_AND_GATE_REPORT_v1.0.md,3935,c86e1664c9483892da6b0269e163db3023235f5728da8dcf63a25d533e76e400
STEP SYNC CORE(20260907-081753).zip,1,STEP SYNC CORE/RUMAHAGEN_STEP09-A2_CONSTITUTION_CONTROLLED_REENTRY_FULL_VERSION_v1.17.zip!01_OUTPUT/STEP09-A2_CONTROLLED_REENTRY_DECISION_RECORD_v1.0.md,1035,08efc13021921687c886b0893376c17fef164e868019f2876c01f8418d8abf71
STEP SYNC CORE(20260907-081753).zip,1,STEP SYNC CORE/RUMAHAGEN_STEP09-A2_CONSTITUTION_CONTROLLED_REENTRY_FULL_VERSION_v1.17.zip!01_OUTPUT/STEP09-A2_PROVENANCE_SHA256_MANIFEST_v1.0.csv,1073,cc067596aa74ae63aeeeccd4e02d91d7fe109dcaf3ef82ca1954827663b90675
STEP SYNC CORE(20260907-081753).zip,1,STEP SYNC CORE/RUMAHAGEN_STEP09-A2_CONSTITUTION_CONTROLLED_REENTRY_FULL_VERSION_v1.17.zip!01_OUTPUT/STEP09-A2_ARTIFACT_INVENTORY_v1.0.csv,436,4158fce16210506226f2a2f06735ca1d71cb250d39ebbc44aaeaabea62b3d2eb
STEP SYNC CORE(20260907-081753).zip,0,STEP SYNC CORE/RUMAHAGEN_STEP09-B_ARCHITECTURE_CONTROLLED_REENTRY_FULL_VERSION_v1.9.zip,98322,5dea71e59a93d42b0325cd3eb9bc1cc4171f68b398d019c6699cd6ad7e753cc8
STEP SYNC CORE(20260907-081753).zip,1,STEP SYNC CORE/RUMAHAGEN_STEP09-B_ARCHITECTURE_CONTROLLED_REENTRY_FULL_VERSION_v1.9.zip!01_OUTPUT/SYSTEM_ARCHITECTURE_v1.9_STEP09-B_CONTROLLED_REENTRY.docx,96929,5d737f900a71e79d5e90b0a731f4bdcf850a558211626f1655f000b4e034d8a7
STEP SYNC CORE(20260907-081753).zip,1,STEP SYNC CORE/RUMAHAGEN_STEP09-B_ARCHITECTURE_CONTROLLED_REENTRY_FULL_VERSION_v1.9.zip!01_OUTPUT/STEP09-B_IMPACT_CHECK_AND_CONTROLLED_REENTRY_REPORT_v1.0.md,4246,0e6544d09cb5ab4879b899cde03426e83e24ee073d0ea6feb7f45e092d5cb3f4
STEP SYNC CORE(20260907-081753).zip,1,STEP SYNC CORE/RUMAHAGEN_STEP09-B_ARCHITECTURE_CONTROLLED_REENTRY_FULL_VERSION_v1.9.zip!01_OUTPUT/STEP09-B_CONTROLLED_REENTRY_DECISION_RECORD_v1.0.md,708,c2fdba7c2638afd3d4e370da9728ae108c93312bd1c5a08720cf1bf41b9b92f1
STEP SYNC CORE(20260907-081753).zip,1,STEP SYNC CORE/RUMAHAGEN_STEP09-B_ARCHITECTURE_CONTROLLED_REENTRY_FULL_VERSION_v1.9.zip!01_OUTPUT/STEP09-B_IMPACT_MATRIX_v1.0.csv,542,f15c8c4e288c6a51f230d85143407b7bef2455ae57232db464afbe95f295137c
STEP SYNC CORE(20260907-081753).zip,1,STEP SYNC CORE/RUMAHAGEN_STEP09-B_ARCHITECTURE_CONTROLLED_REENTRY_FULL_VERSION_v1.9.zip!01_OUTPUT/STEP09-B_PROVENANCE_SHA256_MANIFEST_v1.0.csv,516,e5bd7602597f2d45bf4f6d5fb8faa81915392d247e8ce4244909281485a368cd
STEP SYNC CORE(20260907-081753).zip,0,STEP SYNC CORE/RUMAHAGEN_STEP09-C_TECHNICAL_DECISIONS_CONTROLLED_REENTRY_FULL_VERSION_v1.6.zip,53289,6b1b09431cac1425b6a4499553a0cbef724142f21f4e9bda96c2c5da5f1ab043
STEP SYNC CORE(20260907-081753).zip,1,STEP SYNC CORE/RUMAHAGEN_STEP09-C_TECHNICAL_DECISIONS_CONTROLLED_REENTRY_FULL_VERSION_v1.6.zip!01_OUTPUT/W4-02A.6.6_TECHNICAL_DECISIONS_FULL_CONSOLIDATED_v1.6_STEP09-C_CONTROLLED_REENTRY_Q01-Q66.docx,53047,24afc108af63dd1b7de5d9ae560070f84f055bef8d3254626ffac8a831d95907
STEP SYNC CORE(20260907-081753).zip,1,STEP SYNC CORE/RUMAHAGEN_STEP09-C_TECHNICAL_DECISIONS_CONTROLLED_REENTRY_FULL_VERSION_v1.6.zip!01_OUTPUT/STEP09-C_IMPACT_REENTRY_AND_GATE_REPORT_v1.0.md,2013,edaa81982375d229f535dee65b1337e570cb6dabf57b9652116543d44605e0e0
STEP SYNC CORE(20260907-081753).zip,1,STEP SYNC CORE/RUMAHAGEN_STEP09-C_TECHNICAL_DECISIONS_CONTROLLED_REENTRY_FULL_VERSION_v1.6.zip!01_OUTPUT/STEP09-C_CONTROLLED_REENTRY_DECISION_RECORD_v1.0.md,810,aa8f2e14679a745931b999d6659e80a642ec88968767a008f0c62fe524bddc9d
STEP SYNC CORE(20260907-081753).zip,1,STEP SYNC CORE/RUMAHAGEN_STEP09-C_TECHNICAL_DECISIONS_CONTROLLED_REENTRY_FULL_VERSION_v1.6.zip!01_OUTPUT/STEP09-C_PROVENANCE_SHA256_MANIFEST_v1.0.csv,658,8dcbbfecab9df37b95a5af3c7e47dfec732421652e941447b6c7fd3bf4336094
STEP SYNC CORE(20260907-081753).zip,0,STEP SYNC CORE/RUMAHAGEN_STEP09-D_DEPENDENCY_MANIFEST_SYNCHRONIZATION_FULL_VERSION_CORRECTED_REENTRY_v1.0.zip,64371,3751533dbce167e9a7dfd787b065dd8f2e513f4ad63762fe1b898d11703b0742
STEP SYNC CORE(20260907-081753).zip,1,STEP SYNC CORE/RUMAHAGEN_STEP09-D_DEPENDENCY_MANIFEST_SYNCHRONIZATION_FULL_VERSION_CORRECTED_REENTRY_v1.0.zip!W4-02A.6.7_DEPENDENCY_MANIFEST_FULL_CONSOLIDATED_v1.9_STEP09-D_SYNCHRONIZED_FULL_VERSION_CORRECTED_REENTRY.md,41419,6478e04327b0cd284447de82ab805d5bf324309b67df1862bfe92d7a47a27948
STEP SYNC CORE(20260907-081753).zip,1,STEP SYNC CORE/RUMAHAGEN_STEP09-D_DEPENDENCY_MANIFEST_SYNCHRONIZATION_FULL_VERSION_CORRECTED_REENTRY_v1.0.zip!W4-02A.6.7_DEPENDENCY_MANIFEST_FULL_CONSOLIDATED_v1.9_STEP09-D_SYNCHRONIZED_FULL_VERSION_CORRECTED_REENTRY.docx,51843,259d7baff83bf8673cc2a84b1f1034bdb7031eca9e85c646d37367b1722ee3f6
STEP SYNC CORE(20260907-081753).zip,1,STEP SYNC CORE/RUMAHAGEN_STEP09-D_DEPENDENCY_MANIFEST_SYNCHRONIZATION_FULL_VERSION_CORRECTED_REENTRY_v1.0.zip!STEP09-D_CONTROLLED_REENTRY_FULL_DEEP_RESCAN_AND_GATE_REPORT_v1.0.md,2012,94ea71d2ae7ec0cad561fa1ae7f818eb871da0fee7eb25d4722bc9b913bee80d
STEP SYNC CORE(20260907-081753).zip,1,STEP SYNC CORE/RUMAHAGEN_STEP09-D_DEPENDENCY_MANIFEST_SYNCHRONIZATION_FULL_VERSION_CORRECTED_REENTRY_v1.0.zip!STEP09-D_REENTRY_DEPENDENCY_GAP_REGISTER.csv,636,8de378dc1f35f612c35001a2d047d1bc81b5a66624d68d8f80ebf40587d4dafc
STEP SYNC CORE(20260907-081753).zip,0,STEP SYNC CORE/RUMAHAGEN_STEP09-E_CROSS_09_ARCHITECTURE_DEPENDENCY_RECONCILIATION_FULL_VERSION_v1.0.zip,250706,20b94c41c1fed812fb653efce6e789cfbed6d6fd05b941430bf292e316fdafba
STEP SYNC CORE(20260907-081753).zip,1,STEP SYNC CORE/RUMAHAGEN_STEP09-E_CROSS_09_ARCHITECTURE_DEPENDENCY_RECONCILIATION_FULL_VERSION_v1.0.zip!STEP09-E_INPUT_INTEGRITY_MATRIX.csv,928,604272bba99ec78ae4ccdfb005a5ad56228889ead8bbb7d40543863731a5f02b
STEP SYNC CORE(20260907-081753).zip,1,STEP SYNC CORE/RUMAHAGEN_STEP09-E_CROSS_09_ARCHITECTURE_DEPENDENCY_RECONCILIATION_FULL_VERSION_v1.0.zip!W4-02A.6.7_DEPENDENCY_MANIFEST_FULL_CONSOLIDATED_v1.9_STEP09-D_SYNCHRONIZED_FULL_VERSION_CORRECTED_REENTRY.docx,51843,259d7baff83bf8673cc2a84b1f1034bdb7031eca9e85c646d37367b1722ee3f6
STEP SYNC CORE(20260907-081753).zip,1,STEP SYNC CORE/RUMAHAGEN_STEP09-E_CROSS_09_ARCHITECTURE_DEPENDENCY_RECONCILIATION_FULL_VERSION_v1.0.zip!W4-02A.6.6_TECHNICAL_DECISIONS_FULL_CONSOLIDATED_v1.6_STEP09-C_SYNCHRONIZED_FULL_VERSION_CORRECTED_REENTRY.docx,53014,8eafc3bbeab85e47d1d44922e75aead6a1e591caf5d7a379ab72637f9ed0dbd3
STEP SYNC CORE(20260907-081753).zip,1,STEP SYNC CORE/RUMAHAGEN_STEP09-E_CROSS_09_ARCHITECTURE_DEPENDENCY_RECONCILIATION_FULL_VERSION_v1.0.zip!W4-02A.6.5_SYSTEM_ARCHITECTURE_FULL_CONSOLIDATED_v1.9_STEP09-B.1_CONTROLLED_REENTRY_FINAL.docx,96925,1c4a1b80df1eedea5ce5138ec6e1ad8aa68362c04daba5ef510f9e5569068170
STEP SYNC CORE(20260907-081753).zip,1,STEP SYNC CORE/RUMAHAGEN_STEP09-E_CROSS_09_ARCHITECTURE_DEPENDENCY_RECONCILIATION_FULL_VERSION_v1.0.zip!STEP09-E_DEPENDENCY_DIRECTION_RECONCILIATION.csv,598,246c368abd44b7365e4355080c1001ae4f21ebf05b7f605e86ebb8b22a7a99fc
STEP SYNC CORE(20260907-081753).zip,1,STEP SYNC CORE/RUMAHAGEN_STEP09-E_CROSS_09_ARCHITECTURE_DEPENDENCY_RECONCILIATION_FULL_VERSION_v1.0.zip!RUMAHAGEN_PROJECT_CONSTITUTION_v1.17_STEP09-A2_FULL_RECONCILED_CORRECTED.docx,53778,ede846a0452fb985d562b459075c28250db310b4dca7a251366a0e78d2e79266
STEP SYNC CORE(20260907-081753).zip,1,STEP SYNC CORE/RUMAHAGEN_STEP09-E_CROSS_09_ARCHITECTURE_DEPENDENCY_RECONCILIATION_FULL_VERSION_v1.0.zip!STEP09-E_CROSS_09_ARCHITECTURE_DEPENDENCY_RECONCILIATION_REPORT_v1.0.md,7135,a30ade13cc36f58780ab0e48196341cf331d9e198a667a46014898bac67732e9
STEP SYNC CORE(20260907-081753).zip,0,STEP SYNC CORE/STEP09-E_CROSS_09_ARCHITECTURE_DEPENDENCY_RECONCILIATION_REPORT_v1.0.md,7135,a30ade13cc36f58780ab0e48196341cf331d9e198a667a46014898bac67732e9
STEP SYNC CORE(20260907-081753).zip,0,STEP SYNC CORE/STEP09_PREPARATION_PACKAGE_v1.0.zip,6490,65d15ccb1258ebc3847a1e5eb5ca07d6e8e7561f721ac2a5c699ac276b27f3ed
STEP SYNC CORE(20260907-081753).zip,1,STEP SYNC CORE/STEP09_PREPARATION_PACKAGE_v1.0.zip!STEP09_PREPARATION_v1.0/STEP09_INPUT_DEEP_SCAN_AND_READINESS_GATE_v1.0.md,10283,c7834aba063e21c09fe69e4b213b196af236bf0067a12b13431ceff00358ced7
STEP SYNC CORE(20260907-081753).zip,1,STEP SYNC CORE/STEP09_PREPARATION_PACKAGE_v1.0.zip!STEP09_PREPARATION_v1.0/STEP09_PREPARATION_CHECKLIST_v1.0.csv,984,cbb39d6fef3ffef40b13ae9f58dc1cf16d13855b66b0b21e005a35523e41931b
STEP SYNC CORE(20260907-081753).zip,1,STEP SYNC CORE/STEP09_PREPARATION_PACKAGE_v1.0.zip!STEP09_PREPARATION_v1.0/STEP09_INPUT_MANIFEST_v1.0.csv,1645,79474347de4455afff462758e1e1cc269008bc3ef6ad39331e3e83f1e19df6b2
STEP SYNC CORE(20260907-081753).zip,0,STEP10-00_RERUN-01_INPUT_DEEP_SCAN_CURRENTNESS_AUTHORITY_GATE_v1.0.md,9445,3bc2ad5defa73d1d038b632fc0b3f9f6d448c3c1997b1b109d85ce6d3dfaeb83
STEP SYNC CORE(20260907-081753).zip,0,STEP10-A1_A2_B_C_D_CHAIN_RERUN-02_FULL_VERSION.zip,173343,bab0021387905c8b5bb0b417fcce3f27808b2975391bd8f5bb4ba332e4401043
STEP SYNC CORE(20260907-081753).zip,1,STEP10-A1_A2_B_C_D_CHAIN_RERUN-02_FULL_VERSION.zip!STEP10-A1_A2_B_C_D_CHAIN_RERUN-02_FULL_VERSION/STEP10-A1_FULL_VERSION_RERUN_v2.2/STEP10-A1_CHAIN_SOURCE_AUTHORITY_MANIFEST_RERUN-02.csv,677,f1ab34c9d581eef323f08d3d2d401b682f98e114652a69a529f1ef51bd9ef357
STEP SYNC CORE(20260907-081753).zip,1,STEP10-A1_A2_B_C_D_CHAIN_RERUN-02_FULL_VERSION.zip!STEP10-A1_A2_B_C_D_CHAIN_RERUN-02_FULL_VERSION/STEP10-A1_FULL_VERSION_RERUN_v2.2/STEP10-A1_FULL_LOGICAL_ERD_REBUILD_RERUN_v2.2.md,7741,7a4b2c04670cbfee5dc9d1e78611d941ea7451b018ec82f4d2932c5e8f262302
STEP SYNC CORE(20260907-081753).zip,1,STEP10-A1_A2_B_C_D_CHAIN_RERUN-02_FULL_VERSION.zip!STEP10-A1_A2_B_C_D_CHAIN_RERUN-02_FULL_VERSION/STEP10-A1_FULL_VERSION_RERUN_v2.2/STEP10-A1_LOGICAL_ATTRIBUTE_REGISTER_94_FULL_RERUN_v2.2.csv,129164,16af37a290f27855d2b2bf4767280457f9dfed9aa0186cabd941cdeb2df812b2
STEP SYNC CORE(20260907-081753).zip,1,STEP10-A1_A2_B_C_D_CHAIN_RERUN-02_FULL_VERSION.zip!STEP10-A1_A2_B_C_D_CHAIN_RERUN-02_FULL_VERSION/STEP10-A1_FULL_VERSION_RERUN_v2.2/STEP10-A1_LOGICAL_ERD_RELATIONSHIP_MATRIX_FULL_RERUN_v2.2.csv,34443,edfec1c3e4e193ac06fc2ce4b6a30e62e703936a348638bf45fa630bcc14de5f
STEP SYNC CORE(20260907-081753).zip,1,STEP10-A1_A2_B_C_D_CHAIN_RERUN-02_FULL_VERSION.zip!STEP10-A1_A2_B_C_D_CHAIN_RERUN-02_FULL_VERSION/STEP10-A1_FULL_VERSION_RERUN_v2.2/STEP10-A1_RERUN_FINDING_CORRECTION_REGISTER_v2.2.csv,2046,7a341bf2d9af94c70dc25fd92807c26308ca5d0cade54d415e7c5265c7cf0d8d
STEP SYNC CORE(20260907-081753).zip,1,STEP10-A1_A2_B_C_D_CHAIN_RERUN-02_FULL_VERSION.zip!STEP10-A1_A2_B_C_D_CHAIN_RERUN-02_FULL_VERSION/STEP10-A1_FULL_VERSION_RERUN_v2.2/STEP10-A1_RERUN_SOURCE_HASH_MANIFEST_v2.1_LEGACY_PRESERVED.csv,2091,3eb82f3e23f8e4d66b018cbff6c752b48066b661f1a7087d311bfd63a81d1432
STEP SYNC CORE(20260907-081753).zip,1,STEP10-A1_A2_B_C_D_CHAIN_RERUN-02_FULL_VERSION.zip!STEP10-A1_A2_B_C_D_CHAIN_RERUN-02_FULL_VERSION/STEP10-A1_FULL_VERSION_RERUN_v2.2/STEP10-A1_RERUN_SOURCE_HASH_MANIFEST_v2.2.csv,767,521e0bb424778b40d7360b6f2c7b6a2ad8e487acc05dd14a7cda099f3c15c94b
STEP SYNC CORE(20260907-081753).zip,1,STEP10-A1_A2_B_C_D_CHAIN_RERUN-02_FULL_VERSION.zip!STEP10-A1_A2_B_C_D_CHAIN_RERUN-02_FULL_VERSION/STEP10-A1_FULL_VERSION_RERUN_v2.2/STEP10-A1_RERUN_VALIDATION_GATE_MATRIX_v2.2.csv,1481,5a73a599aab5ba08dd9d6bac0c216caf1c6f9410e5371a20f1a1063a3e14ad8c
STEP SYNC CORE(20260907-081753).zip,1,STEP10-A1_A2_B_C_D_CHAIN_RERUN-02_FULL_VERSION.zip!STEP10-A1_A2_B_C_D_CHAIN_RERUN-02_FULL_VERSION/STEP10-A2_RERUN_v2.2_FULL_VERSION/STEP10-A2_CHAIN_SOURCE_AUTHORITY_MANIFEST_RERUN-02.csv,333,6b4a81171b34d0cdcbb2e1ad820efaf61e8d8bf84c414e1cc2eb1213101deff4
STEP SYNC CORE(20260907-081753).zip,1,STEP10-A1_A2_B_C_D_CHAIN_RERUN-02_FULL_VERSION.zip!STEP10-A1_A2_B_C_D_CHAIN_RERUN-02_FULL_VERSION/STEP10-A2_RERUN_v2.2_FULL_VERSION/STEP10-A2_LOGICAL_ERD_VALIDATION_RECONCILIATION_RERUN_v2.2.md,6857,a216282259d702bbec64300789103c23ffe0f42a0b46466063f18d0d1268d5cb
STEP SYNC CORE(20260907-081753).zip,1,STEP10-A1_A2_B_C_D_CHAIN_RERUN-02_FULL_VERSION.zip!STEP10-A1_A2_B_C_D_CHAIN_RERUN-02_FULL_VERSION/STEP10-A2_RERUN_v2.2_FULL_VERSION/STEP10-A2_RERUN_EXCEPTION_CONFLICT_REGISTER_v2.2.csv,1242,f147115117039488d44e8234819cb7107c065b30201b85ca09d23f9e65ea02ce
STEP SYNC CORE(20260907-081753).zip,1,STEP10-A1_A2_B_C_D_CHAIN_RERUN-02_FULL_VERSION.zip!STEP10-A1_A2_B_C_D_CHAIN_RERUN-02_FULL_VERSION/STEP10-A2_RERUN_v2.2_FULL_VERSION/STEP10-A2_RERUN_OUTPUT_MANIFEST_v2.2.md,257,80c3b05af48a443f6fd6e7592049161ab080b5df3555ff9af90256105c4a118f
STEP SYNC CORE(20260907-081753).zip,1,STEP10-A1_A2_B_C_D_CHAIN_RERUN-02_FULL_VERSION.zip!STEP10-A1_A2_B_C_D_CHAIN_RERUN-02_FULL_VERSION/STEP10-A2_RERUN_v2.2_FULL_VERSION/STEP10-A2_RERUN_SOURCE_HASH_MANIFEST_v2.1_LEGACY_PRESERVED.csv,664,e9ccc6f75bd77fec1642cd28b086d03dd6ad08bc5a0176042624063daf764495
STEP SYNC CORE(20260907-081753).zip,1,STEP10-A1_A2_B_C_D_CHAIN_RERUN-02_FULL_VERSION.zip!STEP10-A1_A2_B_C_D_CHAIN_RERUN-02_FULL_VERSION/STEP10-A2_RERUN_v2.2_FULL_VERSION/STEP10-A2_RERUN_SOURCE_HASH_MANIFEST_v2.2.csv,602,9d6ca6f4b0b8dfd8749ebeeb8376baad88daf9861dd1eadb5803af352da49c3b
STEP SYNC CORE(20260907-081753).zip,1,STEP10-A1_A2_B_C_D_CHAIN_RERUN-02_FULL_VERSION.zip!STEP10-A1_A2_B_C_D_CHAIN_RERUN-02_FULL_VERSION/STEP10-A2_RERUN_v2.2_FULL_VERSION/STEP10-A2_RERUN_VALIDATION_GATE_MATRIX_v2.2.csv,1952,699e9b5e5e3ff668e2126aa9f9078e40865a8649da0b3125b93d504cebd7ec1b
STEP SYNC CORE(20260907-081753).zip,1,STEP10-A1_A2_B_C_D_CHAIN_RERUN-02_FULL_VERSION.zip!STEP10-A1_A2_B_C_D_CHAIN_RERUN-02_FULL_VERSION/STEP10-B_FULL_VERSION_RERUN_v2.2/STEP10-B_CHAIN_SOURCE_AUTHORITY_MANIFEST_RERUN-02.csv,681,13dc1d9e495794269a2ae5d8f590eabe59dfa5be3ea22f104d74e61336c58342
STEP SYNC CORE(20260907-081753).zip,1,STEP10-A1_A2_B_C_D_CHAIN_RERUN-02_FULL_VERSION.zip!STEP10-A1_A2_B_C_D_CHAIN_RERUN-02_FULL_VERSION/STEP10-B_FULL_VERSION_RERUN_v2.2/STEP10-B_CONSTRAINT_FK_CARDINALITY_RECONCILIATION_RERUN_v2.2.csv,95800,055899aac1c72391cf4e952fc85ab5adb71e5a8e525dde59a438efe918753039
STEP SYNC CORE(20260907-081753).zip,1,STEP10-A1_A2_B_C_D_CHAIN_RERUN-02_FULL_VERSION.zip!STEP10-A1_A2_B_C_D_CHAIN_RERUN-02_FULL_VERSION/STEP10-B_FULL_VERSION_RERUN_v2.2/STEP10-B_DATABASE_DICTIONARY_FULL_RECONSTRUCTION_RERUN_v2.2.md,7772,1709ba2ef755d1154727c1e16ff1aaa3b940b775e4151af8fbda934ab91c6487
STEP SYNC CORE(20260907-081753).zip,1,STEP10-A1_A2_B_C_D_CHAIN_RERUN-02_FULL_VERSION.zip!STEP10-A1_A2_B_C_D_CHAIN_RERUN-02_FULL_VERSION/STEP10-B_FULL_VERSION_RERUN_v2.2/STEP10-B_EXCEPTION_CONFLICT_REGISTER_RERUN_v2.2.csv,3544,578bc1b8a53a800678850cc2d77591dd6f9e3e090885afa5c37447050344a069
STEP SYNC CORE(20260907-081753).zip,1,STEP10-A1_A2_B_C_D_CHAIN_RERUN-02_FULL_VERSION.zip!STEP10-A1_A2_B_C_D_CHAIN_RERUN-02_FULL_VERSION/STEP10-B_FULL_VERSION_RERUN_v2.2/STEP10-B_FULL_ATTRIBUTE_RECONCILIATION_MATRIX_RERUN_v2.2.csv,255053,fe721fffd1b2af5841590214b3d2c6b82938d0647286432384a07eb75cc6efb5
STEP SYNC CORE(20260907-081753).zip,1,STEP10-A1_A2_B_C_D_CHAIN_RERUN-02_FULL_VERSION.zip!STEP10-A1_A2_B_C_D_CHAIN_RERUN-02_FULL_VERSION/STEP10-B_FULL_VERSION_RERUN_v2.2/STEP10-B_LOGICAL_TO_PHYSICAL_MAPPING_MATRIX_RERUN_v2.2.csv,18914,0112a2cb5fdb54dcd83fda92901b68b99f4a503cf9abeae02d116a69e12d0ce2
STEP SYNC CORE(20260907-081753).zip,1,STEP10-A1_A2_B_C_D_CHAIN_RERUN-02_FULL_VERSION.zip!STEP10-A1_A2_B_C_D_CHAIN_RERUN-02_FULL_VERSION/STEP10-B_FULL_VERSION_RERUN_v2.2/STEP10-B_OUTPUT_MANIFEST_RERUN_v2.2.md,1231,3f234c3d8614b1b387c59285178afbac55c8808aeafbeea524994140504ed190
STEP SYNC CORE(20260907-081753).zip,1,STEP10-A1_A2_B_C_D_CHAIN_RERUN-02_FULL_VERSION.zip!STEP10-A1_A2_B_C_D_CHAIN_RERUN-02_FULL_VERSION/STEP10-B_FULL_VERSION_RERUN_v2.2/STEP10-B_RELATIONSHIP_RECONCILIATION_MATRIX_RERUN_v2.2.csv,34443,edfec1c3e4e193ac06fc2ce4b6a30e62e703936a348638bf45fa630bcc14de5f
STEP SYNC CORE(20260907-081753).zip,1,STEP10-A1_A2_B_C_D_CHAIN_RERUN-02_FULL_VERSION.zip!STEP10-A1_A2_B_C_D_CHAIN_RERUN-02_FULL_VERSION/STEP10-B_FULL_VERSION_RERUN_v2.2/STEP10-B_SOURCE_AUTHORITY_PROVENANCE_MATRIX_RERUN_v2.2.csv,1170,0f066c6d9a9eeb8c92c9e004c3d81dd6f359b81164b555cd47fa1d9bac88d763
STEP SYNC CORE(20260907-081753).zip,1,STEP10-A1_A2_B_C_D_CHAIN_RERUN-02_FULL_VERSION.zip!STEP10-A1_A2_B_C_D_CHAIN_RERUN-02_FULL_VERSION/STEP10-B_FULL_VERSION_RERUN_v2.2/STEP10-B_SOURCE_HASH_MANIFEST_RERUN_v2.1_LEGACY_PRESERVED.csv,705,aa07487972ce653d622248d77c58c545e55c50e1b60894b82a367414d536a226
STEP SYNC CORE(20260907-081753).zip,1,STEP10-A1_A2_B_C_D_CHAIN_RERUN-02_FULL_VERSION.zip!STEP10-A1_A2_B_C_D_CHAIN_RERUN-02_FULL_VERSION/STEP10-B_FULL_VERSION_RERUN_v2.2/STEP10-B_SOURCE_HASH_MANIFEST_RERUN_v2.2.csv,1369,a159285618312d88d24e7340817a00aaaaaa1641b3a9d1f70625bdf814c1084d
STEP SYNC CORE(20260907-081753).zip,1,STEP10-A1_A2_B_C_D_CHAIN_RERUN-02_FULL_VERSION.zip!STEP10-A1_A2_B_C_D_CHAIN_RERUN-02_FULL_VERSION/STEP10-B_FULL_VERSION_RERUN_v2.2/STEP10-B_VALIDATION_GATE_MATRIX_RERUN_v2.2.csv,2276,54d55b25967d0c70bbf20ec1d91888687334781b218003479d08d7e7cc95b920
STEP SYNC CORE(20260907-081753).zip,1,STEP10-A1_A2_B_C_D_CHAIN_RERUN-02_FULL_VERSION.zip!STEP10-A1_A2_B_C_D_CHAIN_RERUN-02_FULL_VERSION/STEP10-C_RERUN_v1.1_FULL_VERSION/STEP10-C_CHAIN_SOURCE_AUTHORITY_MANIFEST_RERUN-02.csv,653,9e6cd3cd159f7b16361316c22d1a288b598763462cb94d29449ae655af198c6d
STEP SYNC CORE(20260907-081753).zip,1,STEP10-A1_A2_B_C_D_CHAIN_RERUN-02_FULL_VERSION.zip!STEP10-A1_A2_B_C_D_CHAIN_RERUN-02_FULL_VERSION/STEP10-C_RERUN_v1.1_FULL_VERSION/STEP10-C_DATABASE_DICTIONARY_RECONCILIATION_GATE_RERUN_v1.1.md,8621,e56869b8ac5106367770c4329603dfc9d9278c0d4c2ed86fe584ec4b12513c70
STEP SYNC CORE(20260907-081753).zip,1,STEP10-A1_A2_B_C_D_CHAIN_RERUN-02_FULL_VERSION.zip!STEP10-A1_A2_B_C_D_CHAIN_RERUN-02_FULL_VERSION/STEP10-C_RERUN_v1.1_FULL_VERSION/STEP10-C_ENTITY_FIELD_COVERAGE_RECONCILIATION_RERUN_v1.1.csv,9416,878a71c80befc2b644d0592dbafa68ec10ac14eedabff914e7d7dd883f2525ea
STEP SYNC CORE(20260907-081753).zip,1,STEP10-A1_A2_B_C_D_CHAIN_RERUN-02_FULL_VERSION.zip!STEP10-A1_A2_B_C_D_CHAIN_RERUN-02_FULL_VERSION/STEP10-C_RERUN_v1.1_FULL_VERSION/STEP10-C_EXCEPTION_CONFLICT_REGISTER_RERUN_v1.1.csv,2471,3eb28f3f31bf602eaa64f8998cf314e341d3103c7ef0a2d1c422a628f0366db8
STEP SYNC CORE(20260907-081753).zip,1,STEP10-A1_A2_B_C_D_CHAIN_RERUN-02_FULL_VERSION.zip!STEP10-A1_A2_B_C_D_CHAIN_RERUN-02_FULL_VERSION/STEP10-C_RERUN_v1.1_FULL_VERSION/STEP10-C_FULL_ATTRIBUTE_RECONCILIATION_RERUN_v1.1.csv,335111,24cddd21122efc1513714860845a936f61330d4bb5a92c314db72d32977c8871
STEP SYNC CORE(20260907-081753).zip,1,STEP10-A1_A2_B_C_D_CHAIN_RERUN-02_FULL_VERSION.zip!STEP10-A1_A2_B_C_D_CHAIN_RERUN-02_FULL_VERSION/STEP10-C_RERUN_v1.1_FULL_VERSION/STEP10-C_LIFECYCLE_HISTORICAL_PROVENANCE_AUDIT_RERUN_v1.1.csv,159532,0476f5e180941a603f6ae7c5642595a92efa7277aa3df51fb59ffa8e2d973261
STEP SYNC CORE(20260907-081753).zip,1,STEP10-A1_A2_B_C_D_CHAIN_RERUN-02_FULL_VERSION.zip!STEP10-A1_A2_B_C_D_CHAIN_RERUN-02_FULL_VERSION/STEP10-C_RERUN_v1.1_FULL_VERSION/STEP10-C_OUTPUT_MANIFEST_RERUN_v1.1.md,1722,8409ec5d763c2b7d073dcbbfe5ded32e4479d11ac2c06a6fa64ff5b74023d4b8
STEP SYNC CORE(20260907-081753).zip,1,STEP10-A1_A2_B_C_D_CHAIN_RERUN-02_FULL_VERSION.zip!STEP10-A1_A2_B_C_D_CHAIN_RERUN-02_FULL_VERSION/STEP10-C_RERUN_v1.1_FULL_VERSION/STEP10-C_RELATIONSHIP_REFERENCE_CONSISTENCY_RECONCILIATION_RERUN_v1.1.csv,59981,8a4aee84b5b7aaceb9df4b475f173670ddd2fd5141a75c81befd1fa7d43fc5c4
STEP SYNC CORE(20260907-081753).zip,1,STEP10-A1_A2_B_C_D_CHAIN_RERUN-02_FULL_VERSION.zip!STEP10-A1_A2_B_C_D_CHAIN_RERUN-02_FULL_VERSION/STEP10-C_RERUN_v1.1_FULL_VERSION/STEP10-C_SOURCE_AUTHORITY_PROVENANCE_MATRIX_RERUN_v1.1.csv,1554,d8962b12d63e73e4dbbbe31e1b92fcebe8dc5771c5ddc95c435d953a9ff4bbff
STEP SYNC CORE(20260907-081753).zip,1,STEP10-A1_A2_B_C_D_CHAIN_RERUN-02_FULL_VERSION.zip!STEP10-A1_A2_B_C_D_CHAIN_RERUN-02_FULL_VERSION/STEP10-C_RERUN_v1.1_FULL_VERSION/STEP10-C_SOURCE_HASH_MANIFEST_RERUN_v1.0_LEGACY_PRESERVED.csv,1384,9e5df9107bd488ad6518765938d3a9e0909937cb041f9643932482a9f3071e9b
STEP SYNC CORE(20260907-081753).zip,1,STEP10-A1_A2_B_C_D_CHAIN_RERUN-02_FULL_VERSION.zip!STEP10-A1_A2_B_C_D_CHAIN_RERUN-02_FULL_VERSION/STEP10-C_RERUN_v1.1_FULL_VERSION/STEP10-C_SOURCE_HASH_MANIFEST_RERUN_v1.1.csv,1376,cd62a7d7ae83ef6620cd25467bff50820586f417dbdd6631d42f47252a863d1c
STEP SYNC CORE(20260907-081753).zip,1,STEP10-A1_A2_B_C_D_CHAIN_RERUN-02_FULL_VERSION.zip!STEP10-A1_A2_B_C_D_CHAIN_RERUN-02_FULL_VERSION/STEP10-C_RERUN_v1.1_FULL_VERSION/STEP10-C_VALIDATION_GATE_MATRIX_RERUN_v1.1.csv,1876,ee651665abcf34eefc0a6dea2deb71c5d7e877c7e0dbba3baa6a8aeb9a03b341
STEP SYNC CORE(20260907-081753).zip,1,STEP10-A1_A2_B_C_D_CHAIN_RERUN-02_FULL_VERSION.zip!STEP10-A1_A2_B_C_D_CHAIN_RERUN-02_FULL_VERSION/STEP10-D_RERUN-02_v1.2_FULL_VERSION/STEP10-D_ATTRIBUTE_TO_PHYSICAL_COLUMN_RECONCILIATION.csv,200690,7092ec72899a3f77c46f8baa3c7bd47e1d60da0c2e8ff785a0753abac33e2ea0
STEP SYNC CORE(20260907-081753).zip,1,STEP10-A1_A2_B_C_D_CHAIN_RERUN-02_FULL_VERSION.zip!STEP10-A1_A2_B_C_D_CHAIN_RERUN-02_FULL_VERSION/STEP10-D_RERUN-02_v1.2_FULL_VERSION/STEP10-D_CHAIN_SOURCE_AUTHORITY_MANIFEST_RERUN-02.csv,752,45c649959e0c17421c04749e37fc2526f07dfadbd7a98782bfdd2761b9b54806
STEP SYNC CORE(20260907-081753).zip,1,STEP10-A1_A2_B_C_D_CHAIN_RERUN-02_FULL_VERSION.zip!STEP10-A1_A2_B_C_D_CHAIN_RERUN-02_FULL_VERSION/STEP10-D_RERUN-02_v1.2_FULL_VERSION/STEP10-D_CONTROLLED_PHYSICAL_DELTA_REGISTER.csv,3633,8868afdbbdbe68d217921b008f349d44f941194b4416ca26e4c2dbb8c157d580
STEP SYNC CORE(20260907-081753).zip,1,STEP10-A1_A2_B_C_D_CHAIN_RERUN-02_FULL_VERSION.zip!STEP10-A1_A2_B_C_D_CHAIN_RERUN-02_FULL_VERSION/STEP10-D_RERUN-02_v1.2_FULL_VERSION/STEP10-D_DATABASE_SCHEMA_SYNCHRONIZATION_RERUN_v1.2.md,4800,ec2cb1f28944be91ba857a4f7b939d9bf1ce0f08893e0c74c13fc6f9212f1036
STEP SYNC CORE(20260907-081753).zip,1,STEP10-A1_A2_B_C_D_CHAIN_RERUN-02_FULL_VERSION.zip!STEP10-A1_A2_B_C_D_CHAIN_RERUN-02_FULL_VERSION/STEP10-D_RERUN-02_v1.2_FULL_VERSION/STEP10-D_DEEP_SCAN_INVENTORY.csv,1537,1b3e3631c3f4feee64bf4801ec57e2671b9e53ddd536101adf35ae1a841d4090
STEP SYNC CORE(20260907-081753).zip,1,STEP10-A1_A2_B_C_D_CHAIN_RERUN-02_FULL_VERSION.zip!STEP10-A1_A2_B_C_D_CHAIN_RERUN-02_FULL_VERSION/STEP10-D_RERUN-02_v1.2_FULL_VERSION/STEP10-D_ENTITY_TO_PHYSICAL_TABLE_RECONCILIATION.csv,12059,d73af5c9eb46c9cadb3d424cc3ad67417e398669a1c5d48ced548cdb49ccb2da
STEP SYNC CORE(20260907-081753).zip,1,STEP10-A1_A2_B_C_D_CHAIN_RERUN-02_FULL_VERSION.zip!STEP10-A1_A2_B_C_D_CHAIN_RERUN-02_FULL_VERSION/STEP10-D_RERUN-02_v1.2_FULL_VERSION/STEP10-D_MIGRATION_RESIDUAL_REGISTER.csv,996,b93fdc98f46ef8e38e6e9d95f39ea5f3d0137d91aef12a98fdcd84494130a47c
STEP SYNC CORE(20260907-081753).zip,1,STEP10-A1_A2_B_C_D_CHAIN_RERUN-02_FULL_VERSION.zip!STEP10-A1_A2_B_C_D_CHAIN_RERUN-02_FULL_VERSION/STEP10-D_RERUN-02_v1.2_FULL_VERSION/STEP10-D_OUTPUT_MANIFEST.md,939,1a559f33790c09ba392e7d692afe7f1abb867f08338bd2e73673f42e75fc8c74
STEP SYNC CORE(20260907-081753).zip,1,STEP10-A1_A2_B_C_D_CHAIN_RERUN-02_FULL_VERSION.zip!STEP10-A1_A2_B_C_D_CHAIN_RERUN-02_FULL_VERSION/STEP10-D_RERUN-02_v1.2_FULL_VERSION/STEP10-D_OUTPUT_SHA256_MANIFEST.csv,1619,2377630badff19c04e6cb276b719e9c2caf88071f62baa0045445d7cdfc92ddb
STEP SYNC CORE(20260907-081753).zip,1,STEP10-A1_A2_B_C_D_CHAIN_RERUN-02_FULL_VERSION.zip!STEP10-A1_A2_B_C_D_CHAIN_RERUN-02_FULL_VERSION/STEP10-D_RERUN-02_v1.2_FULL_VERSION/STEP10-D_PHYSICAL_CONSTRAINT_INDEX_RECONCILIATION.csv,5085,ea4bebaeb0b892f116964a2e756a23dbd9365048ea418eaffb4d74e9271d29bb
STEP SYNC CORE(20260907-081753).zip,1,STEP10-A1_A2_B_C_D_CHAIN_RERUN-02_FULL_VERSION.zip!STEP10-A1_A2_B_C_D_CHAIN_RERUN-02_FULL_VERSION/STEP10-D_RERUN-02_v1.2_FULL_VERSION/STEP10-D_RELATIONSHIP_FK_RECONCILIATION.csv,31503,5a0df882b98c6f3edb59a7f289fb3563f5a4b7d5c3e03945ed0a18b1dd3c3b91
STEP SYNC CORE(20260907-081753).zip,1,STEP10-A1_A2_B_C_D_CHAIN_RERUN-02_FULL_VERSION.zip!STEP10-A1_A2_B_C_D_CHAIN_RERUN-02_FULL_VERSION/STEP10-D_RERUN-02_v1.2_FULL_VERSION/STEP10-D_RLS_PHYSICAL_DEPENDENCY_REGISTER.csv,4886,bf0cccfd9dd7ce306f73c246f0a9d90ba95bc9dcf1234d6027659072f1b57872
STEP SYNC CORE(20260907-081753).zip,1,STEP10-A1_A2_B_C_D_CHAIN_RERUN-02_FULL_VERSION.zip!STEP10-A1_A2_B_C_D_CHAIN_RERUN-02_FULL_VERSION/STEP10-D_RERUN-02_v1.2_FULL_VERSION/STEP10-D_SCHEMA_REFERENCE_DOCUMENT_DRIFT.csv,671,66faa6dc2862740e6e115d5acc68bcd8f6a23a7c893792a093e60df6aebf505b
STEP SYNC CORE(20260907-081753).zip,1,STEP10-A1_A2_B_C_D_CHAIN_RERUN-02_FULL_VERSION.zip!STEP10-A1_A2_B_C_D_CHAIN_RERUN-02_FULL_VERSION/STEP10-D_RERUN-02_v1.2_FULL_VERSION/STEP10-D_SOURCE_HASH_MANIFEST.csv,1935,4c81533f661778b5f8cd550daeae6e567b56e9e06c90b0dfb9f390fbe1ad27a8
STEP SYNC CORE(20260907-081753).zip,1,STEP10-A1_A2_B_C_D_CHAIN_RERUN-02_FULL_VERSION.zip!STEP10-A1_A2_B_C_D_CHAIN_RERUN-02_FULL_VERSION/STEP10-D_RERUN-02_v1.2_FULL_VERSION/STEP10-D_SOURCE_HASH_MANIFEST_LEGACY_PRESERVED.csv,256,fea3132a155f8dc39421e269ee77c2e978fca9022c5849406d9daba74509db36
STEP SYNC CORE(20260907-081753).zip,1,STEP10-A1_A2_B_C_D_CHAIN_RERUN-02_FULL_VERSION.zip!STEP10-A1_A2_B_C_D_CHAIN_RERUN-02_FULL_VERSION/STEP10-D_RERUN-02_v1.2_FULL_VERSION/STEP10-D_UPSTREAM_REENTRY_REGISTER.csv,600,2033af9d8b6c294610cebb17f97e35ccc5322777b5386c9e8e8264a19335d561
STEP SYNC CORE(20260907-081753).zip,1,STEP10-A1_A2_B_C_D_CHAIN_RERUN-02_FULL_VERSION.zip!STEP10-A1_A2_B_C_D_CHAIN_RERUN-02_FULL_VERSION/STEP10-D_RERUN-02_v1.2_FULL_VERSION/STEP10-D_VALIDATION_GATE_MATRIX.csv,1438,54fefc02035a79cc1e3c62cf49ff2dbc084100ec9063855f99761e51f48993b6
STEP SYNC CORE(20260907-081753).zip,1,STEP10-A1_A2_B_C_D_CHAIN_RERUN-02_FULL_VERSION.zip!STEP10-A1_A2_B_C_D_CHAIN_RERUN-02_FULL_VERSION/STEP10_CHAIN_SHA256_MANIFEST.csv,8757,4a97d83592fdc8014b34dafc7caada41bb563e7e72e0bdb72aa384e5ff05a556
STEP SYNC CORE(20260907-081753).zip,0,STEP10-E_RERUN-04_FINAL_CORRECTION_FULL_VERSION.zip,165267,459481026b785ec9fbe5e251794e676d36f59166cbee930c35dc9c106ae4ee59
STEP SYNC CORE(20260907-081753).zip,1,STEP10-E_RERUN-04_FINAL_CORRECTION_FULL_VERSION.zip!CORRECTION/STEP10-E_RERUN-04_FINAL_CORRECTION_REGISTER.csv,2321,8142e9f66ee42dbd46dd7e86d281499077d73f15782be61a48812ca5221d3215
STEP SYNC CORE(20260907-081753).zip,1,STEP10-E_RERUN-04_FINAL_CORRECTION_FULL_VERSION.zip!CORRECTION/STEP10-E_RERUN-04_MACHINE_VERIFICATION.json,2049,07de5400a7bfc26210630cc15526f401a943a733a8ee1bad358d641d6f29d714
STEP SYNC CORE(20260907-081753).zip,1,STEP10-E_RERUN-04_FINAL_CORRECTION_FULL_VERSION.zip!EVIDENCE/STEP10-A1_A2_B_C_D_CHAIN_RERUN-02_FULL_VERSION.zip,173343,bab0021387905c8b5bb0b417fcce3f27808b2975391bd8f5bb4ba332e4401043
STEP SYNC CORE(20260907-081753).zip,2,STEP10-E_RERUN-04_FINAL_CORRECTION_FULL_VERSION.zip!EVIDENCE/STEP10-A1_A2_B_C_D_CHAIN_RERUN-02_FULL_VERSION.zip!STEP10-A1_A2_B_C_D_CHAIN_RERUN-02_FULL_VERSION/STEP10-A1_FULL_VERSION_RERUN_v2.2/STEP10-A1_CHAIN_SOURCE_AUTHORITY_MANIFEST_RERUN-02.csv,677,f1ab34c9d581eef323f08d3d2d401b682f98e114652a69a529f1ef51bd9ef357
STEP SYNC CORE(20260907-081753).zip,2,STEP10-E_RERUN-04_FINAL_CORRECTION_FULL_VERSION.zip!EVIDENCE/STEP10-A1_A2_B_C_D_CHAIN_RERUN-02_FULL_VERSION.zip!STEP10-A1_A2_B_C_D_CHAIN_RERUN-02_FULL_VERSION/STEP10-A1_FULL_VERSION_RERUN_v2.2/STEP10-A1_FULL_LOGICAL_ERD_REBUILD_RERUN_v2.2.md,7741,7a4b2c04670cbfee5dc9d1e78611d941ea7451b018ec82f4d2932c5e8f262302
STEP SYNC CORE(20260907-081753).zip,2,STEP10-E_RERUN-04_FINAL_CORRECTION_FULL_VERSION.zip!EVIDENCE/STEP10-A1_A2_B_C_D_CHAIN_RERUN-02_FULL_VERSION.zip!STEP10-A1_A2_B_C_D_CHAIN_RERUN-02_FULL_VERSION/STEP10-A1_FULL_VERSION_RERUN_v2.2/STEP10-A1_LOGICAL_ATTRIBUTE_REGISTER_94_FULL_RERUN_v2.2.csv,129164,16af37a290f27855d2b2bf4767280457f9dfed9aa0186cabd941cdeb2df812b2
STEP SYNC CORE(20260907-081753).zip,2,STEP10-E_RERUN-04_FINAL_CORRECTION_FULL_VERSION.zip!EVIDENCE/STEP10-A1_A2_B_C_D_CHAIN_RERUN-02_FULL_VERSION.zip!STEP10-A1_A2_B_C_D_CHAIN_RERUN-02_FULL_VERSION/STEP10-A1_FULL_VERSION_RERUN_v2.2/STEP10-A1_LOGICAL_ERD_RELATIONSHIP_MATRIX_FULL_RERUN_v2.2.csv,34443,edfec1c3e4e193ac06fc2ce4b6a30e62e703936a348638bf45fa630bcc14de5f
STEP SYNC CORE(20260907-081753).zip,2,STEP10-E_RERUN-04_FINAL_CORRECTION_FULL_VERSION.zip!EVIDENCE/STEP10-A1_A2_B_C_D_CHAIN_RERUN-02_FULL_VERSION.zip!STEP10-A1_A2_B_C_D_CHAIN_RERUN-02_FULL_VERSION/STEP10-A1_FULL_VERSION_RERUN_v2.2/STEP10-A1_RERUN_FINDING_CORRECTION_REGISTER_v2.2.csv,2046,7a341bf2d9af94c70dc25fd92807c26308ca5d0cade54d415e7c5265c7cf0d8d
STEP SYNC CORE(20260907-081753).zip,2,STEP10-E_RERUN-04_FINAL_CORRECTION_FULL_VERSION.zip!EVIDENCE/STEP10-A1_A2_B_C_D_CHAIN_RERUN-02_FULL_VERSION.zip!STEP10-A1_A2_B_C_D_CHAIN_RERUN-02_FULL_VERSION/STEP10-A1_FULL_VERSION_RERUN_v2.2/STEP10-A1_RERUN_SOURCE_HASH_MANIFEST_v2.1_LEGACY_PRESERVED.csv,2091,3eb82f3e23f8e4d66b018cbff6c752b48066b661f1a7087d311bfd63a81d1432
STEP SYNC CORE(20260907-081753).zip,2,STEP10-E_RERUN-04_FINAL_CORRECTION_FULL_VERSION.zip!EVIDENCE/STEP10-A1_A2_B_C_D_CHAIN_RERUN-02_FULL_VERSION.zip!STEP10-A1_A2_B_C_D_CHAIN_RERUN-02_FULL_VERSION/STEP10-A1_FULL_VERSION_RERUN_v2.2/STEP10-A1_RERUN_SOURCE_HASH_MANIFEST_v2.2.csv,767,521e0bb424778b40d7360b6f2c7b6a2ad8e487acc05dd14a7cda099f3c15c94b
STEP SYNC CORE(20260907-081753).zip,2,STEP10-E_RERUN-04_FINAL_CORRECTION_FULL_VERSION.zip!EVIDENCE/STEP10-A1_A2_B_C_D_CHAIN_RERUN-02_FULL_VERSION.zip!STEP10-A1_A2_B_C_D_CHAIN_RERUN-02_FULL_VERSION/STEP10-A1_FULL_VERSION_RERUN_v2.2/STEP10-A1_RERUN_VALIDATION_GATE_MATRIX_v2.2.csv,1481,5a73a599aab5ba08dd9d6bac0c216caf1c6f9410e5371a20f1a1063a3e14ad8c
STEP SYNC CORE(20260907-081753).zip,2,STEP10-E_RERUN-04_FINAL_CORRECTION_FULL_VERSION.zip!EVIDENCE/STEP10-A1_A2_B_C_D_CHAIN_RERUN-02_FULL_VERSION.zip!STEP10-A1_A2_B_C_D_CHAIN_RERUN-02_FULL_VERSION/STEP10-A2_RERUN_v2.2_FULL_VERSION/STEP10-A2_CHAIN_SOURCE_AUTHORITY_MANIFEST_RERUN-02.csv,333,6b4a81171b34d0cdcbb2e1ad820efaf61e8d8bf84c414e1cc2eb1213101deff4
STEP SYNC CORE(20260907-081753).zip,2,STEP10-E_RERUN-04_FINAL_CORRECTION_FULL_VERSION.zip!EVIDENCE/STEP10-A1_A2_B_C_D_CHAIN_RERUN-02_FULL_VERSION.zip!STEP10-A1_A2_B_C_D_CHAIN_RERUN-02_FULL_VERSION/STEP10-A2_RERUN_v2.2_FULL_VERSION/STEP10-A2_LOGICAL_ERD_VALIDATION_RECONCILIATION_RERUN_v2.2.md,6857,a216282259d702bbec64300789103c23ffe0f42a0b46466063f18d0d1268d5cb
STEP SYNC CORE(20260907-081753).zip,2,STEP10-E_RERUN-04_FINAL_CORRECTION_FULL_VERSION.zip!EVIDENCE/STEP10-A1_A2_B_C_D_CHAIN_RERUN-02_FULL_VERSION.zip!STEP10-A1_A2_B_C_D_CHAIN_RERUN-02_FULL_VERSION/STEP10-A2_RERUN_v2.2_FULL_VERSION/STEP10-A2_RERUN_EXCEPTION_CONFLICT_REGISTER_v2.2.csv,1242,f147115117039488d44e8234819cb7107c065b30201b85ca09d23f9e65ea02ce
STEP SYNC CORE(20260907-081753).zip,2,STEP10-E_RERUN-04_FINAL_CORRECTION_FULL_VERSION.zip!EVIDENCE/STEP10-A1_A2_B_C_D_CHAIN_RERUN-02_FULL_VERSION.zip!STEP10-A1_A2_B_C_D_CHAIN_RERUN-02_FULL_VERSION/STEP10-A2_RERUN_v2.2_FULL_VERSION/STEP10-A2_RERUN_OUTPUT_MANIFEST_v2.2.md,257,80c3b05af48a443f6fd6e7592049161ab080b5df3555ff9af90256105c4a118f
STEP SYNC CORE(20260907-081753).zip,2,STEP10-E_RERUN-04_FINAL_CORRECTION_FULL_VERSION.zip!EVIDENCE/STEP10-A1_A2_B_C_D_CHAIN_RERUN-02_FULL_VERSION.zip!STEP10-A1_A2_B_C_D_CHAIN_RERUN-02_FULL_VERSION/STEP10-A2_RERUN_v2.2_FULL_VERSION/STEP10-A2_RERUN_SOURCE_HASH_MANIFEST_v2.1_LEGACY_PRESERVED.csv,664,e9ccc6f75bd77fec1642cd28b086d03dd6ad08bc5a0176042624063daf764495
STEP SYNC CORE(20260907-081753).zip,2,STEP10-E_RERUN-04_FINAL_CORRECTION_FULL_VERSION.zip!EVIDENCE/STEP10-A1_A2_B_C_D_CHAIN_RERUN-02_FULL_VERSION.zip!STEP10-A1_A2_B_C_D_CHAIN_RERUN-02_FULL_VERSION/STEP10-A2_RERUN_v2.2_FULL_VERSION/STEP10-A2_RERUN_SOURCE_HASH_MANIFEST_v2.2.csv,602,9d6ca6f4b0b8dfd8749ebeeb8376baad88daf9861dd1eadb5803af352da49c3b
STEP SYNC CORE(20260907-081753).zip,2,STEP10-E_RERUN-04_FINAL_CORRECTION_FULL_VERSION.zip!EVIDENCE/STEP10-A1_A2_B_C_D_CHAIN_RERUN-02_FULL_VERSION.zip!STEP10-A1_A2_B_C_D_CHAIN_RERUN-02_FULL_VERSION/STEP10-A2_RERUN_v2.2_FULL_VERSION/STEP10-A2_RERUN_VALIDATION_GATE_MATRIX_v2.2.csv,1952,699e9b5e5e3ff668e2126aa9f9078e40865a8649da0b3125b93d504cebd7ec1b
STEP SYNC CORE(20260907-081753).zip,2,STEP10-E_RERUN-04_FINAL_CORRECTION_FULL_VERSION.zip!EVIDENCE/STEP10-A1_A2_B_C_D_CHAIN_RERUN-02_FULL_VERSION.zip!STEP10-A1_A2_B_C_D_CHAIN_RERUN-02_FULL_VERSION/STEP10-B_FULL_VERSION_RERUN_v2.2/STEP10-B_CHAIN_SOURCE_AUTHORITY_MANIFEST_RERUN-02.csv,681,13dc1d9e495794269a2ae5d8f590eabe59dfa5be3ea22f104d74e61336c58342
STEP SYNC CORE(20260907-081753).zip,2,STEP10-E_RERUN-04_FINAL_CORRECTION_FULL_VERSION.zip!EVIDENCE/STEP10-A1_A2_B_C_D_CHAIN_RERUN-02_FULL_VERSION.zip!STEP10-A1_A2_B_C_D_CHAIN_RERUN-02_FULL_VERSION/STEP10-B_FULL_VERSION_RERUN_v2.2/STEP10-B_CONSTRAINT_FK_CARDINALITY_RECONCILIATION_RERUN_v2.2.csv,95800,055899aac1c72391cf4e952fc85ab5adb71e5a8e525dde59a438efe918753039
STEP SYNC CORE(20260907-081753).zip,2,STEP10-E_RERUN-04_FINAL_CORRECTION_FULL_VERSION.zip!EVIDENCE/STEP10-A1_A2_B_C_D_CHAIN_RERUN-02_FULL_VERSION.zip!STEP10-A1_A2_B_C_D_CHAIN_RERUN-02_FULL_VERSION/STEP10-B_FULL_VERSION_RERUN_v2.2/STEP10-B_DATABASE_DICTIONARY_FULL_RECONSTRUCTION_RERUN_v2.2.md,7772,1709ba2ef755d1154727c1e16ff1aaa3b940b775e4151af8fbda934ab91c6487
STEP SYNC CORE(20260907-081753).zip,2,STEP10-E_RERUN-04_FINAL_CORRECTION_FULL_VERSION.zip!EVIDENCE/STEP10-A1_A2_B_C_D_CHAIN_RERUN-02_FULL_VERSION.zip!STEP10-A1_A2_B_C_D_CHAIN_RERUN-02_FULL_VERSION/STEP10-B_FULL_VERSION_RERUN_v2.2/STEP10-B_EXCEPTION_CONFLICT_REGISTER_RERUN_v2.2.csv,3544,578bc1b8a53a800678850cc2d77591dd6f9e3e090885afa5c37447050344a069
STEP SYNC CORE(20260907-081753).zip,2,STEP10-E_RERUN-04_FINAL_CORRECTION_FULL_VERSION.zip!EVIDENCE/STEP10-A1_A2_B_C_D_CHAIN_RERUN-02_FULL_VERSION.zip!STEP10-A1_A2_B_C_D_CHAIN_RERUN-02_FULL_VERSION/STEP10-B_FULL_VERSION_RERUN_v2.2/STEP10-B_FULL_ATTRIBUTE_RECONCILIATION_MATRIX_RERUN_v2.2.csv,255053,fe721fffd1b2af5841590214b3d2c6b82938d0647286432384a07eb75cc6efb5
STEP SYNC CORE(20260907-081753).zip,2,STEP10-E_RERUN-04_FINAL_CORRECTION_FULL_VERSION.zip!EVIDENCE/STEP10-A1_A2_B_C_D_CHAIN_RERUN-02_FULL_VERSION.zip!STEP10-A1_A2_B_C_D_CHAIN_RERUN-02_FULL_VERSION/STEP10-B_FULL_VERSION_RERUN_v2.2/STEP10-B_LOGICAL_TO_PHYSICAL_MAPPING_MATRIX_RERUN_v2.2.csv,18914,0112a2cb5fdb54dcd83fda92901b68b99f4a503cf9abeae02d116a69e12d0ce2
STEP SYNC CORE(20260907-081753).zip,2,STEP10-E_RERUN-04_FINAL_CORRECTION_FULL_VERSION.zip!EVIDENCE/STEP10-A1_A2_B_C_D_CHAIN_RERUN-02_FULL_VERSION.zip!STEP10-A1_A2_B_C_D_CHAIN_RERUN-02_FULL_VERSION/STEP10-B_FULL_VERSION_RERUN_v2.2/STEP10-B_OUTPUT_MANIFEST_RERUN_v2.2.md,1231,3f234c3d8614b1b387c59285178afbac55c8808aeafbeea524994140504ed190
STEP SYNC CORE(20260907-081753).zip,2,STEP10-E_RERUN-04_FINAL_CORRECTION_FULL_VERSION.zip!EVIDENCE/STEP10-A1_A2_B_C_D_CHAIN_RERUN-02_FULL_VERSION.zip!STEP10-A1_A2_B_C_D_CHAIN_RERUN-02_FULL_VERSION/STEP10-B_FULL_VERSION_RERUN_v2.2/STEP10-B_RELATIONSHIP_RECONCILIATION_MATRIX_RERUN_v2.2.csv,34443,edfec1c3e4e193ac06fc2ce4b6a30e62e703936a348638bf45fa630bcc14de5f
STEP SYNC CORE(20260907-081753).zip,2,STEP10-E_RERUN-04_FINAL_CORRECTION_FULL_VERSION.zip!EVIDENCE/STEP10-A1_A2_B_C_D_CHAIN_RERUN-02_FULL_VERSION.zip!STEP10-A1_A2_B_C_D_CHAIN_RERUN-02_FULL_VERSION/STEP10-B_FULL_VERSION_RERUN_v2.2/STEP10-B_SOURCE_AUTHORITY_PROVENANCE_MATRIX_RERUN_v2.2.csv,1170,0f066c6d9a9eeb8c92c9e004c3d81dd6f359b81164b555cd47fa1d9bac88d763
STEP SYNC CORE(20260907-081753).zip,2,STEP10-E_RERUN-04_FINAL_CORRECTION_FULL_VERSION.zip!EVIDENCE/STEP10-A1_A2_B_C_D_CHAIN_RERUN-02_FULL_VERSION.zip!STEP10-A1_A2_B_C_D_CHAIN_RERUN-02_FULL_VERSION/STEP10-B_FULL_VERSION_RERUN_v2.2/STEP10-B_SOURCE_HASH_MANIFEST_RERUN_v2.1_LEGACY_PRESERVED.csv,705,aa07487972ce653d622248d77c58c545e55c50e1b60894b82a367414d536a226
STEP SYNC CORE(20260907-081753).zip,2,STEP10-E_RERUN-04_FINAL_CORRECTION_FULL_VERSION.zip!EVIDENCE/STEP10-A1_A2_B_C_D_CHAIN_RERUN-02_FULL_VERSION.zip!STEP10-A1_A2_B_C_D_CHAIN_RERUN-02_FULL_VERSION/STEP10-B_FULL_VERSION_RERUN_v2.2/STEP10-B_SOURCE_HASH_MANIFEST_RERUN_v2.2.csv,1369,a159285618312d88d24e7340817a00aaaaaa1641b3a9d1f70625bdf814c1084d
STEP SYNC CORE(20260907-081753).zip,2,STEP10-E_RERUN-04_FINAL_CORRECTION_FULL_VERSION.zip!EVIDENCE/STEP10-A1_A2_B_C_D_CHAIN_RERUN-02_FULL_VERSION.zip!STEP10-A1_A2_B_C_D_CHAIN_RERUN-02_FULL_VERSION/STEP10-B_FULL_VERSION_RERUN_v2.2/STEP10-B_VALIDATION_GATE_MATRIX_RERUN_v2.2.csv,2276,54d55b25967d0c70bbf20ec1d91888687334781b218003479d08d7e7cc95b920
STEP SYNC CORE(20260907-081753).zip,2,STEP10-E_RERUN-04_FINAL_CORRECTION_FULL_VERSION.zip!EVIDENCE/STEP10-A1_A2_B_C_D_CHAIN_RERUN-02_FULL_VERSION.zip!STEP10-A1_A2_B_C_D_CHAIN_RERUN-02_FULL_VERSION/STEP10-C_RERUN_v1.1_FULL_VERSION/STEP10-C_CHAIN_SOURCE_AUTHORITY_MANIFEST_RERUN-02.csv,653,9e6cd3cd159f7b16361316c22d1a288b598763462cb94d29449ae655af198c6d
STEP SYNC CORE(20260907-081753).zip,2,STEP10-E_RERUN-04_FINAL_CORRECTION_FULL_VERSION.zip!EVIDENCE/STEP10-A1_A2_B_C_D_CHAIN_RERUN-02_FULL_VERSION.zip!STEP10-A1_A2_B_C_D_CHAIN_RERUN-02_FULL_VERSION/STEP10-C_RERUN_v1.1_FULL_VERSION/STEP10-C_DATABASE_DICTIONARY_RECONCILIATION_GATE_RERUN_v1.1.md,8621,e56869b8ac5106367770c4329603dfc9d9278c0d4c2ed86fe584ec4b12513c70
STEP SYNC CORE(20260907-081753).zip,2,STEP10-E_RERUN-04_FINAL_CORRECTION_FULL_VERSION.zip!EVIDENCE/STEP10-A1_A2_B_C_D_CHAIN_RERUN-02_FULL_VERSION.zip!STEP10-A1_A2_B_C_D_CHAIN_RERUN-02_FULL_VERSION/STEP10-C_RERUN_v1.1_FULL_VERSION/STEP10-C_ENTITY_FIELD_COVERAGE_RECONCILIATION_RERUN_v1.1.csv,9416,878a71c80befc2b644d0592dbafa68ec10ac14eedabff914e7d7dd883f2525ea
STEP SYNC CORE(20260907-081753).zip,2,STEP10-E_RERUN-04_FINAL_CORRECTION_FULL_VERSION.zip!EVIDENCE/STEP10-A1_A2_B_C_D_CHAIN_RERUN-02_FULL_VERSION.zip!STEP10-A1_A2_B_C_D_CHAIN_RERUN-02_FULL_VERSION/STEP10-C_RERUN_v1.1_FULL_VERSION/STEP10-C_EXCEPTION_CONFLICT_REGISTER_RERUN_v1.1.csv,2471,3eb28f3f31bf602eaa64f8998cf314e341d3103c7ef0a2d1c422a628f0366db8
STEP SYNC CORE(20260907-081753).zip,2,STEP10-E_RERUN-04_FINAL_CORRECTION_FULL_VERSION.zip!EVIDENCE/STEP10-A1_A2_B_C_D_CHAIN_RERUN-02_FULL_VERSION.zip!STEP10-A1_A2_B_C_D_CHAIN_RERUN-02_FULL_VERSION/STEP10-C_RERUN_v1.1_FULL_VERSION/STEP10-C_FULL_ATTRIBUTE_RECONCILIATION_RERUN_v1.1.csv,335111,24cddd21122efc1513714860845a936f61330d4bb5a92c314db72d32977c8871
STEP SYNC CORE(20260907-081753).zip,2,STEP10-E_RERUN-04_FINAL_CORRECTION_FULL_VERSION.zip!EVIDENCE/STEP10-A1_A2_B_C_D_CHAIN_RERUN-02_FULL_VERSION.zip!STEP10-A1_A2_B_C_D_CHAIN_RERUN-02_FULL_VERSION/STEP10-C_RERUN_v1.1_FULL_VERSION/STEP10-C_LIFECYCLE_HISTORICAL_PROVENANCE_AUDIT_RERUN_v1.1.csv,159532,0476f5e180941a603f6ae7c5642595a92efa7277aa3df51fb59ffa8e2d973261
STEP SYNC CORE(20260907-081753).zip,2,STEP10-E_RERUN-04_FINAL_CORRECTION_FULL_VERSION.zip!EVIDENCE/STEP10-A1_A2_B_C_D_CHAIN_RERUN-02_FULL_VERSION.zip!STEP10-A1_A2_B_C_D_CHAIN_RERUN-02_FULL_VERSION/STEP10-C_RERUN_v1.1_FULL_VERSION/STEP10-C_OUTPUT_MANIFEST_RERUN_v1.1.md,1722,8409ec5d763c2b7d073dcbbfe5ded32e4479d11ac2c06a6fa64ff5b74023d4b8
STEP SYNC CORE(20260907-081753).zip,2,STEP10-E_RERUN-04_FINAL_CORRECTION_FULL_VERSION.zip!EVIDENCE/STEP10-A1_A2_B_C_D_CHAIN_RERUN-02_FULL_VERSION.zip!STEP10-A1_A2_B_C_D_CHAIN_RERUN-02_FULL_VERSION/STEP10-C_RERUN_v1.1_FULL_VERSION/STEP10-C_RELATIONSHIP_REFERENCE_CONSISTENCY_RECONCILIATION_RERUN_v1.1.csv,59981,8a4aee84b5b7aaceb9df4b475f173670ddd2fd5141a75c81befd1fa7d43fc5c4
STEP SYNC CORE(20260907-081753).zip,2,STEP10-E_RERUN-04_FINAL_CORRECTION_FULL_VERSION.zip!EVIDENCE/STEP10-A1_A2_B_C_D_CHAIN_RERUN-02_FULL_VERSION.zip!STEP10-A1_A2_B_C_D_CHAIN_RERUN-02_FULL_VERSION/STEP10-C_RERUN_v1.1_FULL_VERSION/STEP10-C_SOURCE_AUTHORITY_PROVENANCE_MATRIX_RERUN_v1.1.csv,1554,d8962b12d63e73e4dbbbe31e1b92fcebe8dc5771c5ddc95c435d953a9ff4bbff
STEP SYNC CORE(20260907-081753).zip,2,STEP10-E_RERUN-04_FINAL_CORRECTION_FULL_VERSION.zip!EVIDENCE/STEP10-A1_A2_B_C_D_CHAIN_RERUN-02_FULL_VERSION.zip!STEP10-A1_A2_B_C_D_CHAIN_RERUN-02_FULL_VERSION/STEP10-C_RERUN_v1.1_FULL_VERSION/STEP10-C_SOURCE_HASH_MANIFEST_RERUN_v1.0_LEGACY_PRESERVED.csv,1384,9e5df9107bd488ad6518765938d3a9e0909937cb041f9643932482a9f3071e9b
STEP SYNC CORE(20260907-081753).zip,2,STEP10-E_RERUN-04_FINAL_CORRECTION_FULL_VERSION.zip!EVIDENCE/STEP10-A1_A2_B_C_D_CHAIN_RERUN-02_FULL_VERSION.zip!STEP10-A1_A2_B_C_D_CHAIN_RERUN-02_FULL_VERSION/STEP10-C_RERUN_v1.1_FULL_VERSION/STEP10-C_SOURCE_HASH_MANIFEST_RERUN_v1.1.csv,1376,cd62a7d7ae83ef6620cd25467bff50820586f417dbdd6631d42f47252a863d1c
STEP SYNC CORE(20260907-081753).zip,2,STEP10-E_RERUN-04_FINAL_CORRECTION_FULL_VERSION.zip!EVIDENCE/STEP10-A1_A2_B_C_D_CHAIN_RERUN-02_FULL_VERSION.zip!STEP10-A1_A2_B_C_D_CHAIN_RERUN-02_FULL_VERSION/STEP10-C_RERUN_v1.1_FULL_VERSION/STEP10-C_VALIDATION_GATE_MATRIX_RERUN_v1.1.csv,1876,ee651665abcf34eefc0a6dea2deb71c5d7e877c7e0dbba3baa6a8aeb9a03b341
STEP SYNC CORE(20260907-081753).zip,2,STEP10-E_RERUN-04_FINAL_CORRECTION_FULL_VERSION.zip!EVIDENCE/STEP10-A1_A2_B_C_D_CHAIN_RERUN-02_FULL_VERSION.zip!STEP10-A1_A2_B_C_D_CHAIN_RERUN-02_FULL_VERSION/STEP10-D_RERUN-02_v1.2_FULL_VERSION/STEP10-D_ATTRIBUTE_TO_PHYSICAL_COLUMN_RECONCILIATION.csv,200690,7092ec72899a3f77c46f8baa3c7bd47e1d60da0c2e8ff785a0753abac33e2ea0
STEP SYNC CORE(20260907-081753).zip,2,STEP10-E_RERUN-04_FINAL_CORRECTION_FULL_VERSION.zip!EVIDENCE/STEP10-A1_A2_B_C_D_CHAIN_RERUN-02_FULL_VERSION.zip!STEP10-A1_A2_B_C_D_CHAIN_RERUN-02_FULL_VERSION/STEP10-D_RERUN-02_v1.2_FULL_VERSION/STEP10-D_CHAIN_SOURCE_AUTHORITY_MANIFEST_RERUN-02.csv,752,45c649959e0c17421c04749e37fc2526f07dfadbd7a98782bfdd2761b9b54806
STEP SYNC CORE(20260907-081753).zip,2,STEP10-E_RERUN-04_FINAL_CORRECTION_FULL_VERSION.zip!EVIDENCE/STEP10-A1_A2_B_C_D_CHAIN_RERUN-02_FULL_VERSION.zip!STEP10-A1_A2_B_C_D_CHAIN_RERUN-02_FULL_VERSION/STEP10-D_RERUN-02_v1.2_FULL_VERSION/STEP10-D_CONTROLLED_PHYSICAL_DELTA_REGISTER.csv,3633,8868afdbbdbe68d217921b008f349d44f941194b4416ca26e4c2dbb8c157d580
STEP SYNC CORE(20260907-081753).zip,2,STEP10-E_RERUN-04_FINAL_CORRECTION_FULL_VERSION.zip!EVIDENCE/STEP10-A1_A2_B_C_D_CHAIN_RERUN-02_FULL_VERSION.zip!STEP10-A1_A2_B_C_D_CHAIN_RERUN-02_FULL_VERSION/STEP10-D_RERUN-02_v1.2_FULL_VERSION/STEP10-D_DATABASE_SCHEMA_SYNCHRONIZATION_RERUN_v1.2.md,4800,ec2cb1f28944be91ba857a4f7b939d9bf1ce0f08893e0c74c13fc6f9212f1036
STEP SYNC CORE(20260907-081753).zip,2,STEP10-E_RERUN-04_FINAL_CORRECTION_FULL_VERSION.zip!EVIDENCE/STEP10-A1_A2_B_C_D_CHAIN_RERUN-02_FULL_VERSION.zip!STEP10-A1_A2_B_C_D_CHAIN_RERUN-02_FULL_VERSION/STEP10-D_RERUN-02_v1.2_FULL_VERSION/STEP10-D_DEEP_SCAN_INVENTORY.csv,1537,1b3e3631c3f4feee64bf4801ec57e2671b9e53ddd536101adf35ae1a841d4090
STEP SYNC CORE(20260907-081753).zip,2,STEP10-E_RERUN-04_FINAL_CORRECTION_FULL_VERSION.zip!EVIDENCE/STEP10-A1_A2_B_C_D_CHAIN_RERUN-02_FULL_VERSION.zip!STEP10-A1_A2_B_C_D_CHAIN_RERUN-02_FULL_VERSION/STEP10-D_RERUN-02_v1.2_FULL_VERSION/STEP10-D_ENTITY_TO_PHYSICAL_TABLE_RECONCILIATION.csv,12059,d73af5c9eb46c9cadb3d424cc3ad67417e398669a1c5d48ced548cdb49ccb2da
STEP SYNC CORE(20260907-081753).zip,2,STEP10-E_RERUN-04_FINAL_CORRECTION_FULL_VERSION.zip!EVIDENCE/STEP10-A1_A2_B_C_D_CHAIN_RERUN-02_FULL_VERSION.zip!STEP10-A1_A2_B_C_D_CHAIN_RERUN-02_FULL_VERSION/STEP10-D_RERUN-02_v1.2_FULL_VERSION/STEP10-D_MIGRATION_RESIDUAL_REGISTER.csv,996,b93fdc98f46ef8e38e6e9d95f39ea5f3d0137d91aef12a98fdcd84494130a47c
STEP SYNC CORE(20260907-081753).zip,2,STEP10-E_RERUN-04_FINAL_CORRECTION_FULL_VERSION.zip!EVIDENCE/STEP10-A1_A2_B_C_D_CHAIN_RERUN-02_FULL_VERSION.zip!STEP10-A1_A2_B_C_D_CHAIN_RERUN-02_FULL_VERSION/STEP10-D_RERUN-02_v1.2_FULL_VERSION/STEP10-D_OUTPUT_MANIFEST.md,939,1a559f33790c09ba392e7d692afe7f1abb867f08338bd2e73673f42e75fc8c74
STEP SYNC CORE(20260907-081753).zip,2,STEP10-E_RERUN-04_FINAL_CORRECTION_FULL_VERSION.zip!EVIDENCE/STEP10-A1_A2_B_C_D_CHAIN_RERUN-02_FULL_VERSION.zip!STEP10-A1_A2_B_C_D_CHAIN_RERUN-02_FULL_VERSION/STEP10-D_RERUN-02_v1.2_FULL_VERSION/STEP10-D_OUTPUT_SHA256_MANIFEST.csv,1619,2377630badff19c04e6cb276b719e9c2caf88071f62baa0045445d7cdfc92ddb
STEP SYNC CORE(20260907-081753).zip,2,STEP10-E_RERUN-04_FINAL_CORRECTION_FULL_VERSION.zip!EVIDENCE/STEP10-A1_A2_B_C_D_CHAIN_RERUN-02_FULL_VERSION.zip!STEP10-A1_A2_B_C_D_CHAIN_RERUN-02_FULL_VERSION/STEP10-D_RERUN-02_v1.2_FULL_VERSION/STEP10-D_PHYSICAL_CONSTRAINT_INDEX_RECONCILIATION.csv,5085,ea4bebaeb0b892f116964a2e756a23dbd9365048ea418eaffb4d74e9271d29bb
STEP SYNC CORE(20260907-081753).zip,2,STEP10-E_RERUN-04_FINAL_CORRECTION_FULL_VERSION.zip!EVIDENCE/STEP10-A1_A2_B_C_D_CHAIN_RERUN-02_FULL_VERSION.zip!STEP10-A1_A2_B_C_D_CHAIN_RERUN-02_FULL_VERSION/STEP10-D_RERUN-02_v1.2_FULL_VERSION/STEP10-D_RELATIONSHIP_FK_RECONCILIATION.csv,31503,5a0df882b98c6f3edb59a7f289fb3563f5a4b7d5c3e03945ed0a18b1dd3c3b91
STEP SYNC CORE(20260907-081753).zip,2,STEP10-E_RERUN-04_FINAL_CORRECTION_FULL_VERSION.zip!EVIDENCE/STEP10-A1_A2_B_C_D_CHAIN_RERUN-02_FULL_VERSION.zip!STEP10-A1_A2_B_C_D_CHAIN_RERUN-02_FULL_VERSION/STEP10-D_RERUN-02_v1.2_FULL_VERSION/STEP10-D_RLS_PHYSICAL_DEPENDENCY_REGISTER.csv,4886,bf0cccfd9dd7ce306f73c246f0a9d90ba95bc9dcf1234d6027659072f1b57872
STEP SYNC CORE(20260907-081753).zip,2,STEP10-E_RERUN-04_FINAL_CORRECTION_FULL_VERSION.zip!EVIDENCE/STEP10-A1_A2_B_C_D_CHAIN_RERUN-02_FULL_VERSION.zip!STEP10-A1_A2_B_C_D_CHAIN_RERUN-02_FULL_VERSION/STEP10-D_RERUN-02_v1.2_FULL_VERSION/STEP10-D_SCHEMA_REFERENCE_DOCUMENT_DRIFT.csv,671,66faa6dc2862740e6e115d5acc68bcd8f6a23a7c893792a093e60df6aebf505b
STEP SYNC CORE(20260907-081753).zip,2,STEP10-E_RERUN-04_FINAL_CORRECTION_FULL_VERSION.zip!EVIDENCE/STEP10-A1_A2_B_C_D_CHAIN_RERUN-02_FULL_VERSION.zip!STEP10-A1_A2_B_C_D_CHAIN_RERUN-02_FULL_VERSION/STEP10-D_RERUN-02_v1.2_FULL_VERSION/STEP10-D_SOURCE_HASH_MANIFEST.csv,1935,4c81533f661778b5f8cd550daeae6e567b56e9e06c90b0dfb9f390fbe1ad27a8
STEP SYNC CORE(20260907-081753).zip,2,STEP10-E_RERUN-04_FINAL_CORRECTION_FULL_VERSION.zip!EVIDENCE/STEP10-A1_A2_B_C_D_CHAIN_RERUN-02_FULL_VERSION.zip!STEP10-A1_A2_B_C_D_CHAIN_RERUN-02_FULL_VERSION/STEP10-D_RERUN-02_v1.2_FULL_VERSION/STEP10-D_SOURCE_HASH_MANIFEST_LEGACY_PRESERVED.csv,256,fea3132a155f8dc39421e269ee77c2e978fca9022c5849406d9daba74509db36
STEP SYNC CORE(20260907-081753).zip,2,STEP10-E_RERUN-04_FINAL_CORRECTION_FULL_VERSION.zip!EVIDENCE/STEP10-A1_A2_B_C_D_CHAIN_RERUN-02_FULL_VERSION.zip!STEP10-A1_A2_B_C_D_CHAIN_RERUN-02_FULL_VERSION/STEP10-D_RERUN-02_v1.2_FULL_VERSION/STEP10-D_UPSTREAM_REENTRY_REGISTER.csv,600,2033af9d8b6c294610cebb17f97e35ccc5322777b5386c9e8e8264a19335d561
STEP SYNC CORE(20260907-081753).zip,2,STEP10-E_RERUN-04_FINAL_CORRECTION_FULL_VERSION.zip!EVIDENCE/STEP10-A1_A2_B_C_D_CHAIN_RERUN-02_FULL_VERSION.zip!STEP10-A1_A2_B_C_D_CHAIN_RERUN-02_FULL_VERSION/STEP10-D_RERUN-02_v1.2_FULL_VERSION/STEP10-D_VALIDATION_GATE_MATRIX.csv,1438,54fefc02035a79cc1e3c62cf49ff2dbc084100ec9063855f99761e51f48993b6
STEP SYNC CORE(20260907-081753).zip,2,STEP10-E_RERUN-04_FINAL_CORRECTION_FULL_VERSION.zip!EVIDENCE/STEP10-A1_A2_B_C_D_CHAIN_RERUN-02_FULL_VERSION.zip!STEP10-A1_A2_B_C_D_CHAIN_RERUN-02_FULL_VERSION/STEP10_CHAIN_SHA256_MANIFEST.csv,8757,4a97d83592fdc8014b34dafc7caada41bb563e7e72e0bdb72aa384e5ff05a556
STEP SYNC CORE(20260907-081753).zip,1,STEP10-E_RERUN-04_FINAL_CORRECTION_FULL_VERSION.zip!MANIFEST/STEP10-E_RERUN-04_EVIDENCE_MANIFEST_SHA256.csv,152,caab33aa6460d6734ec271ec7f35b5596e08dac56756e1317d2cf5d597db8396
STEP SYNC CORE(20260907-081753).zip,1,STEP10-E_RERUN-04_FINAL_CORRECTION_FULL_VERSION.zip!MANIFEST/STEP10-E_RERUN-04_SOURCE_INPUT_MANIFEST.json,1137,5ecfea232ae6e11f93af1e465fa81cabc0d81d4819214d4072b9f92e2abc7cf1
STEP SYNC CORE(20260907-081753).zip,1,STEP10-E_RERUN-04_FINAL_CORRECTION_FULL_VERSION.zip!README.md,304,fd007382521dde4656651e96ada09c074594a20af8cfdca68ab6e0bb8fe8a0ac
STEP SYNC CORE(20260907-081753).zip,1,STEP10-E_RERUN-04_FINAL_CORRECTION_FULL_VERSION.zip!STEP10-E_RERUN-04_DOWNSTREAM_HANDOFF_TO_STEP11.csv,2270,7c6ced317c1fe1e617e46b209633e56257ed8af74c1e02f978467f578af5826f
STEP SYNC CORE(20260907-081753).zip,1,STEP10-E_RERUN-04_FINAL_CORRECTION_FULL_VERSION.zip!STEP10-E_RERUN-04_FINAL_DATA_LAYER_GATE_v1.0.md,4820,f1853454fbb11da3efdff403b9e31f7203d44d10fd7cb4ae9034261d871c72dd
STEP SYNC CORE(20260907-081753).zip,0,STEP SYNC CORE/RUMAHAGEN_STEP09-F_FINAL_GATE_AND_DOWNSTREAM_HANDOFF_FULL_VERSION_v1.2_RERUN_01_CLEAN.zip,8005,6fdcb4117d5c3327d6e4d4a83e2ec23d823d0fd3c2dcbb7ae35d7fb4b3fbe6f6
STEP SYNC CORE(20260907-081753).zip,1,STEP SYNC CORE/RUMAHAGEN_STEP09-F_FINAL_GATE_AND_DOWNSTREAM_HANDOFF_FULL_VERSION_v1.2_RERUN_01_CLEAN.zip!01_OUTPUT/STEP09-F_GATE_MATRIX_v1.2_RERUN_01.csv,1301,652b10d358af340c4e459c9a1d6a6cab7d242f11b63ccf790589c1ac21486c7b
STEP SYNC CORE(20260907-081753).zip,1,STEP SYNC CORE/RUMAHAGEN_STEP09-F_FINAL_GATE_AND_DOWNSTREAM_HANDOFF_FULL_VERSION_v1.2_RERUN_01_CLEAN.zip!01_OUTPUT/STEP09-F_HANDOFF_AUTHORITY_MANIFEST_v1.2_RERUN_01.csv,999,e44b12f5d7b76f0a3c8140a2970eb0ac515c9d052a2e0d1caffc9d5d0fdbebcd
STEP SYNC CORE(20260907-081753).zip,1,STEP SYNC CORE/RUMAHAGEN_STEP09-F_FINAL_GATE_AND_DOWNSTREAM_HANDOFF_FULL_VERSION_v1.2_RERUN_01_CLEAN.zip!01_OUTPUT/STEP09-F_FINAL_GATE_AND_DOWNSTREAM_HANDOFF_FULL_REBUILD_v1.2_RERUN_01.md,7044,2840795d15188fb12a355d713167c2fe290f089f03db2ae4c1c973af1f2dce39
STEP SYNC CORE(20260907-081753).zip,1,STEP SYNC CORE/RUMAHAGEN_STEP09-F_FINAL_GATE_AND_DOWNSTREAM_HANDOFF_FULL_VERSION_v1.2_RERUN_01_CLEAN.zip!01_OUTPUT/STEP09-F_INPUT_EVIDENCE_SHA256_MANIFEST_v1.2_RERUN_01.csv,1114,6c6278bf2eb697eecfe31a8562541abf53fb9beabdc3b6f46bbeaa46e2a4f7ea
STEP SYNC CORE(20260907-081753).zip,1,STEP SYNC CORE/RUMAHAGEN_STEP09-F_FINAL_GATE_AND_DOWNSTREAM_HANDOFF_FULL_VERSION_v1.2_RERUN_01_CLEAN.zip!01_OUTPUT/STEP09-F_FINDING_RESOLUTION_REGISTER_v1.2_RERUN_01.csv,675,d935ee02b6abca88908c6ec780afc864e5410355f39d7c080abbc5178a86cae7
STEP SYNC CORE(20260907-081753).zip,1,STEP SYNC CORE/RUMAHAGEN_STEP09-F_FINAL_GATE_AND_DOWNSTREAM_HANDOFF_FULL_VERSION_v1.2_RERUN_01_CLEAN.zip!02_CONTROL/STEP09-F_PACKAGE_HASH_POLICY_v1.2_RERUN_01.md,245,59a7b14e64162adf5e9c98513c64c5b9d914fc321ed3ead6cb75b070c72a0dcb
STEP SYNC CORE(20260907-081753).zip,1,STEP SYNC CORE/RUMAHAGEN_STEP09-F_FINAL_GATE_AND_DOWNSTREAM_HANDOFF_FULL_VERSION_v1.2_RERUN_01_CLEAN.zip!02_CONTROL/STEP09-F_CONTROLLED_REENTRY_DECISION_RECORD_v1.2_RERUN_01.md,723,39ab12fdab5454dd60ded4f751391a85ed362f7a3abc4919f9f552078f94ef13
STEP SYNC CORE(20260907-081753).zip,1,STEP SYNC CORE/RUMAHAGEN_STEP09-F_FINAL_GATE_AND_DOWNSTREAM_HANDOFF_FULL_VERSION_v1.2_RERUN_01_CLEAN.zip!02_CONTROL/STEP09-F_EVIDENCE_OUTPUT_SHA256_MANIFEST_v1.2_RERUN_01.txt,1459,fd4a03115bd513fe26f4cd70b84af5b91db0429f82e6a6783e8c1d8cc8f05449
STEP SYNC CORE(20260907-081753).zip,0,Step11 Sync core.zip,905550,db6d96c9e0f9b9d22b17e44ffbdf00791b6eef8ccdc191c348f5fdb021f92826
STEP SYNC CORE(20260907-081753).zip,1,Step11 Sync core.zip!STEP11-B2_LISTING_SEARCH_LEAD_REFRESH_API_SYNCHRONIZATION_FULL_DEEP_SCAN_v1.1_FINAL_CORRECTED.docx,49740,7e4c4ba47b2f1e957410285a7e57a47713968111ce84b931ae94244779fa32e3
STEP SYNC CORE(20260907-081753).zip,1,Step11 Sync core.zip!STEP11-B7_COMMERCIAL_PAYMENT_ENTITLEMENT_QUOTA_RECONCILIATION_API_SYNCHRONIZATION_FULL_DEEP_SCAN_v1.1_FINAL_CORRECTED.md,35280,2b209c09e41b05417c9e7a4fca5bd30892d04f6d5eb9f54ced0edcc3daa2d018
STEP SYNC CORE(20260907-081753).zip,1,Step11 Sync core.zip!STEP11-B6_ORGANIZATION_MEMBERSHIP_INVITATION_API_SYNCHRONIZATION_FULL_DEEP_SCAN_v1.2_FINAL_CORRECTED.md,34839,61e39750c675e0e3f785b44d5c25c504be4b8b44ebf516ee05ba3b4a13ca64b0
STEP SYNC CORE(20260907-081753).zip,1,Step11 Sync core.zip!STEP11-B5_LEARNING_SESSION_ENROLLMENT_PROVIDER_EVIDENCE_API_SYNCHRONIZATION_FULL_DEEP_SCAN_v1.2_FINAL_CORRECTED.docx,50087,d6e143294c1a62f70a667d1b50d19ac385aada8cd77c80dc93d0dc1afb3427fc
STEP SYNC CORE(20260907-081753).zip,1,Step11 Sync core.zip!STEP11-B4_LEARNING_CATALOG_ACTIVITY_LEARNING_ECONOMY_API_SYNCHRONIZATION_FULL_DEEP_SCAN_v1.1_FINAL_CORRECTED.docx,52226,784964b4048b2c860cfe0c874d1824ad3d2f83ed81bf89f66fb310ebbc920303
STEP SYNC CORE(20260907-081753).zip,1,Step11 Sync core.zip!STEP11-B3_DEVELOPER_PROJECT_MEDIA_CLAIM_API_SYNCHRONIZATION_FULL_DEEP_SCAN_v1.1_FINAL_CORRECTED.docx,51490,84fa3111a5bd3dc4aac3da76ddd59f3380c4a6cacb9c6ac6528623c3c511ebbd
STEP SYNC CORE(20260907-081753).zip,1,Step11 Sync core.zip!STEP11-B1_IDENTITY_AUTH_PROFILE_API_SYNCHRONIZATION_FULL_DEEP_SCAN_v1.2_FINAL_CORRECTED.docx,47267,e73e84330119675c3586e9923e4aa7f913d0c6ab1858b84fa2baf252421c7911
STEP SYNC CORE(20260907-081753).zip,1,Step11 Sync core.zip!STEP11-A_EXISTING_API_BASELINE_PRESERVATION_ENDPOINT_INVENTORY_v1.3_FULL_REBUILD_CORRECTED.docx,56917,545c3de8c857dc67a4b3048f7c75da3622ee98cb0592b070415b6391c8ed99c4
STEP SYNC CORE(20260907-081753).zip,1,Step11 Sync core.zip!STEP11-00_INPUT_DEEP_SCAN_CURRENTNESS_AUTHORITY_GATE_RERUN-01_v1.0(1).docx,39563,87360e9a453debd64a0bc5030379296c27d4a0688dff685be22ad05799c6e3b4
STEP SYNC CORE(20260907-081753).zip,1,Step11 Sync core.zip!STEP11-B8_M15_FULL_VERSION_PACKAGE_v1.0.zip,56840,a85ff3fb8e95a6c8440ee9e01f9247b3471b776c36ecc94d1764a6bb60f99e30
STEP SYNC CORE(20260907-081753).zip,2,Step11 Sync core.zip!STEP11-B8_M15_FULL_VERSION_PACKAGE_v1.0.zip!STEP11-B8_M15_QUALIFICATION_EVIDENCE_AWARDING_APPEAL_API_SYNCHRONIZATION_FULL_DEEP_SCAN_v1.0.md,32729,4dbfa0b14566e8ec27f4ea69008736abfe56bb69bdd437280f3a10cc86395e0b
STEP SYNC CORE(20260907-081753).zip,2,Step11 Sync core.zip!STEP11-B8_M15_FULL_VERSION_PACKAGE_v1.0.zip!STEP11-B8_M15_QUALIFICATION_EVIDENCE_AWARDING_APPEAL_API_SYNCHRONIZATION_FULL_DEEP_SCAN_v1.0.docx,49194,d5d0b1322adc3589361e410f7f77fa55b6e90057e9a666b2c9f8cae31b7c6c52
STEP SYNC CORE(20260907-081753).zip,2,Step11 Sync core.zip!STEP11-B8_M15_FULL_VERSION_PACKAGE_v1.0.zip!STEP11-B8_MACHINE_REVALIDATION_v1.0.json,658,73fb3f19d368dd89ed049e77eaecdf5a6d5ac08f1ee930509bfbd55e23c4d2df
STEP SYNC CORE(20260907-081753).zip,1,Step11 Sync core.zip!STEP11-C_CROSS_CUTTING_HTTP_API_CONTRACT_FULL_VERSION_PACKAGE_v1.2_FINAL_CORRECTED.zip,46452,c085ec340e45c231c87f1159ffca780e165cf755cdbf8cb5c88c9ab6a4855fed
STEP SYNC CORE(20260907-081753).zip,2,Step11 Sync core.zip!STEP11-C_CROSS_CUTTING_HTTP_API_CONTRACT_FULL_VERSION_PACKAGE_v1.2_FINAL_CORRECTED.zip!STEP11-C_CONTROLLED_FINDING_REGISTER_v1.2_FINAL_CORRECTED.csv,4381,62f63c1c733624b6a92583152032306e61feca13b7818e33d079ad4fcfbe41c8
STEP SYNC CORE(20260907-081753).zip,2,Step11 Sync core.zip!STEP11-C_CROSS_CUTTING_HTTP_API_CONTRACT_FULL_VERSION_PACKAGE_v1.2_FINAL_CORRECTED.zip!STEP11-C_CROSS_CUTTING_HTTP_API_CONTRACT_SYNCHRONIZATION_FULL_DEEP_SCAN_v1.2_FINAL_CORRECTED.docx,38405,b7c6c871ca1ceeb0b3b174cd33fbf840ce08824d549a544a077f1b851bcd7a96
STEP SYNC CORE(20260907-081753).zip,2,Step11 Sync core.zip!STEP11-C_CROSS_CUTTING_HTTP_API_CONTRACT_FULL_VERSION_PACKAGE_v1.2_FINAL_CORRECTED.zip!STEP11-C_CROSS_CUTTING_HTTP_API_CONTRACT_SYNCHRONIZATION_FULL_DEEP_SCAN_v1.2_FINAL_CORRECTED.md,13383,9e1ea9db8de6c4809b56ad11eab09e7eace1a7d7e91e4775c32b83e7146367fa
STEP SYNC CORE(20260907-081753).zip,2,Step11 Sync core.zip!STEP11-C_CROSS_CUTTING_HTTP_API_CONTRACT_FULL_VERSION_PACKAGE_v1.2_FINAL_CORRECTED.zip!STEP11-C_CURRENT_CORE_API_PROVENANCE_MATRIX_v1.2.csv,583,a6d8b5bfb4ea12154e18ea6ec1f8bb30f6cc5ca2dac459dfe4c1f1f8b54b8cf4
STEP SYNC CORE(20260907-081753).zip,2,Step11 Sync core.zip!STEP11-C_CROSS_CUTTING_HTTP_API_CONTRACT_FULL_VERSION_PACKAGE_v1.2_FINAL_CORRECTED.zip!STEP11-C_HTTP_STATUS_MATRIX_v1.2.csv,188,26becda8cadb50dec52c22768453f562cd81d3b95604c171934caa375128f2e1
STEP SYNC CORE(20260907-081753).zip,2,Step11 Sync core.zip!STEP11-C_CROSS_CUTTING_HTTP_API_CONTRACT_FULL_VERSION_PACKAGE_v1.2_FINAL_CORRECTED.zip!STEP11-C_M01_M15_COVERAGE_MATRIX_v1.2.csv,637,ad0421ddff258fc95c0454369cfc688e5e84498ee95a302bd80175bf7a40c807
STEP SYNC CORE(20260907-081753).zip,2,Step11 Sync core.zip!STEP11-C_CROSS_CUTTING_HTTP_API_CONTRACT_FULL_VERSION_PACKAGE_v1.2_FINAL_CORRECTED.zip!STEP11-C_OUTPUT_SHA256_MANIFEST_v1.2.json,1644,3e17477c01d5a9f27f174ddd87589ade6994ecfdf07df1b39c06cbc286de62a7
STEP SYNC CORE(20260907-081753).zip,2,Step11 Sync core.zip!STEP11-C_CROSS_CUTTING_HTTP_API_CONTRACT_FULL_VERSION_PACKAGE_v1.2_FINAL_CORRECTED.zip!STEP11-C_PAGINATION_RATE_IDEMPOTENCY_MATRIX_v1.2.csv,199,9fb190e5c9b3f41e04fb4c7268ecad8f2cc1e74d3ae7a6207e1148698b5a10ee
STEP SYNC CORE(20260907-081753).zip,2,Step11 Sync core.zip!STEP11-C_CROSS_CUTTING_HTTP_API_CONTRACT_FULL_VERSION_PACKAGE_v1.2_FINAL_CORRECTED.zip!STEP11-C_POST_CORRECTION_DEEP_RESCAN_v1.2.json,508,8a0ea04e0ec71c14bca15a7d77972bbac42211f508d308dce5dbbe4022c125c0
STEP SYNC CORE(20260907-081753).zip,2,Step11 Sync core.zip!STEP11-C_CROSS_CUTTING_HTTP_API_CONTRACT_FULL_VERSION_PACKAGE_v1.2_FINAL_CORRECTED.zip!STEP11-C_REQUEST_RESPONSE_CONTRACT_MATRIX_v1.2.csv,178,cfb97e7979333d4a67c910771ff4e2a3e4b5d0f1d964f7e7a69a83b239dc9d62
STEP SYNC CORE(20260907-081753).zip,1,Step11 Sync core.zip!STEP11-B10_AI_PROVIDER_ADMIN_NOTIFICATION_LEGACY_FULL_VERSION_PACKAGE_v1.1_FINAL_CORRECTED.zip,52833,e57aea642c9274b6fcdeee91dd975422e519e938a070cb9ea8a58c1bf1d4eead
STEP SYNC CORE(20260907-081753).zip,2,Step11 Sync core.zip!STEP11-B10_AI_PROVIDER_ADMIN_NOTIFICATION_LEGACY_FULL_VERSION_PACKAGE_v1.1_FINAL_CORRECTED.zip!STEP11-B10_AI_PROVIDER_ADMIN_NOTIFICATION_LEGACY_API_SYNCHRONIZATION_FULL_DEEP_SCAN_v1.1_FINAL_CORRECTED.md,21823,ff5a1bd4aecf80bdc35632ecb7d02d9e853bd8308dc6a4b6f79c961b69b5383e
STEP SYNC CORE(20260907-081753).zip,2,Step11 Sync core.zip!STEP11-B10_AI_PROVIDER_ADMIN_NOTIFICATION_LEGACY_FULL_VERSION_PACKAGE_v1.1_FINAL_CORRECTED.zip!STEP11-B10_AI_PROVIDER_ADMIN_NOTIFICATION_LEGACY_API_SYNCHRONIZATION_FULL_DEEP_SCAN_v1.1_FINAL_CORRECTED.docx,43935,ae49f791abf6898e2177261212eb6ad9b1c2b84305d47f9a9c228cb536d268f5
STEP SYNC CORE(20260907-081753).zip,2,Step11 Sync core.zip!STEP11-B10_AI_PROVIDER_ADMIN_NOTIFICATION_LEGACY_FULL_VERSION_PACKAGE_v1.1_FINAL_CORRECTED.zip!STEP11-B10_CONTROLLED_FINDING_REGISTER_v1.1_CORRECTED.csv,2861,0c5ac9dfa6e162b3e9ea5958744aabb6afebe3ccac38c8fbed00e5bdb461cbd3
STEP SYNC CORE(20260907-081753).zip,2,Step11 Sync core.zip!STEP11-B10_AI_PROVIDER_ADMIN_NOTIFICATION_LEGACY_FULL_VERSION_PACKAGE_v1.1_FINAL_CORRECTED.zip!STEP11-B10_POST_CORRECTION_DEEP_RESCAN_v1.1.json,2651,cfa7f0410873158bf49e3f7b9d967550d7599d50f51cb20726a09c6433e554b1
STEP SYNC CORE(20260907-081753).zip,2,Step11 Sync core.zip!STEP11-B10_AI_PROVIDER_ADMIN_NOTIFICATION_LEGACY_FULL_VERSION_PACKAGE_v1.1_FINAL_CORRECTED.zip!STEP11-B10_OUTPUT_SHA256_MANIFEST_v1.1_CORRECTED.json,2220,f390d953b6ed09a99b8f1c715ffd02965e761885ee5045096aaf58f1a6e81d9d
STEP SYNC CORE(20260907-081753).zip,1,Step11 Sync core.zip!STEP11-B9_M11_FULL_VERSION_PACKAGE_v1.1_FINAL_CORRECTED.zip,50827,d5a7097346abf932c01da70a1c79c2a312611525575d75b9be5f090175949566
STEP SYNC CORE(20260907-081753).zip,2,Step11 Sync core.zip!STEP11-B9_M11_FULL_VERSION_PACKAGE_v1.1_FINAL_CORRECTED.zip!STEP11-B9_M11_PUBLIC_DISCOVERY_STATIC_CONTENT_ANNOUNCEMENT_PROMOTION_API_SYNCHRONIZATION_FULL_DEEP_SCAN_v1.1_FINAL_CORRECTED.md,18119,d73e61cbd4c62a05103910e3cc25b6a56826d939a2bfc390a33a6ef49730bb04
STEP SYNC CORE(20260907-081753).zip,2,Step11 Sync core.zip!STEP11-B9_M11_FULL_VERSION_PACKAGE_v1.1_FINAL_CORRECTED.zip!STEP11-B9_M11_PUBLIC_DISCOVERY_STATIC_CONTENT_ANNOUNCEMENT_PROMOTION_API_SYNCHRONIZATION_FULL_DEEP_SCAN_v1.1_FINAL_CORRECTED.docx,43093,ac6934cde8d961b75e3c8557a892e6269cd7c87b868cc927468aec2518f33ec3
STEP SYNC CORE(20260907-081753).zip,2,Step11 Sync core.zip!STEP11-B9_M11_FULL_VERSION_PACKAGE_v1.1_FINAL_CORRECTED.zip!STEP11-B9_DS2_FINAL_REVALIDATION_v1.1.json,3283,418b0729c65b8851c7507e45d4d6f712abc1981c4a1af89fdadd0e4c02d027c8
STEP SYNC CORE(20260907-081753).zip,2,Step11 Sync core.zip!STEP11-B9_M11_FULL_VERSION_PACKAGE_v1.1_FINAL_CORRECTED.zip!STEP11-B9_API_PRESERVATION_AND_CONTROLLED_GAP_REGISTER_v1.1.csv,1610,d3d02069fd9509f62de73e2cfff964474b4e6541b99281084952f394eb4a037a
STEP SYNC CORE(20260907-081753).zip,2,Step11 Sync core.zip!STEP11-B9_M11_FULL_VERSION_PACKAGE_v1.1_FINAL_CORRECTED.zip!STEP11-B9_POST_CORRECTION_DEEP_RESCAN_v1.1.json,436,86d1cb08149ef3203c53fe3920c357025f3cf9e399258e2a174153f10f52da46
STEP SYNC CORE(20260907-081753).zip,2,Step11 Sync core.zip!STEP11-B9_M11_FULL_VERSION_PACKAGE_v1.1_FINAL_CORRECTED.zip!STEP11-B9_OUTPUT_SHA256_MANIFEST_v1.1.json,1036,f3a3dcbae789f2727c271d8cd5bef0e93278ab4d49d19ecbc71a4f06fbd2e53f
STEP SYNC CORE(20260907-081753).zip,1,Step11 Sync core.zip!STEP11-E_WEBHOOK_IDEMPOTENCY_CONCURRENCY_FULL_VERSION_PACKAGE_v1.2_FINAL_REBUILT (2).zip,122092,451c31a9c625289d07d8c86a19b1cf28d68c6fd4e3124d2c339489acad23b180
STEP SYNC CORE(20260907-081753).zip,2,Step11 Sync core.zip!STEP11-E_WEBHOOK_IDEMPOTENCY_CONCURRENCY_FULL_VERSION_PACKAGE_v1.2_FINAL_REBUILT (2).zip!00_README_STEP11-E_v1.1_FINAL_CORRECTED.md,1111,2b6f80283bac23168709806c004aa8d18ffa7d02a114880e40fe6b66022e8ea3
STEP SYNC CORE(20260907-081753).zip,2,Step11 Sync core.zip!STEP11-E_WEBHOOK_IDEMPOTENCY_CONCURRENCY_FULL_VERSION_PACKAGE_v1.2_FINAL_REBUILT (2).zip!00_README_STEP11-E_v1.2_FINAL_REBUILT.md,849,acf35297e67575375f28c7676b7935053aa3f9ddc2f6e0c92f2cdf509de01a3f
STEP SYNC CORE(20260907-081753).zip,2,Step11 Sync core.zip!STEP11-E_WEBHOOK_IDEMPOTENCY_CONCURRENCY_FULL_VERSION_PACKAGE_v1.2_FINAL_REBUILT (2).zip!01_STEP11-E_FULL_DEEP_SCAN_REPORT_v1.1_FINAL_CORRECTED.md,12358,e29a5280a2be1b24911ce2647c1cd2c19b6eea23736cfebd46f7583434ac049e
STEP SYNC CORE(20260907-081753).zip,2,Step11 Sync core.zip!STEP11-E_WEBHOOK_IDEMPOTENCY_CONCURRENCY_FULL_VERSION_PACKAGE_v1.2_FINAL_REBUILT (2).zip!01_STEP11-E_FULL_DEEP_SCAN_REPORT_v1.2_FINAL_REBUILT.md,11226,903cbaeee45088178909ab9cd08115d3aad176c52491d3b9e901b7dd15e930f7
STEP SYNC CORE(20260907-081753).zip,2,Step11 Sync core.zip!STEP11-E_WEBHOOK_IDEMPOTENCY_CONCURRENCY_FULL_VERSION_PACKAGE_v1.2_FINAL_REBUILT (2).zip!02_STEP11-E_WEBHOOK_API_MATRIX.csv,1077,e82d34f7e673df79e3354943587f84fd03cbd59b28e277f7beb54bf0f1edd61b
STEP SYNC CORE(20260907-081753).zip,2,Step11 Sync core.zip!STEP11-E_WEBHOOK_IDEMPOTENCY_CONCURRENCY_FULL_VERSION_PACKAGE_v1.2_FINAL_REBUILT (2).zip!03_STEP11-E_IDEMPOTENCY_MATRIX.csv,1213,b267a37595b42f69f6c7b64d5526cb5ca14960bdf09d0c60cb91c24aaf3c5d63
STEP SYNC CORE(20260907-081753).zip,2,Step11 Sync core.zip!STEP11-E_WEBHOOK_IDEMPOTENCY_CONCURRENCY_FULL_VERSION_PACKAGE_v1.2_FINAL_REBUILT (2).zip!04_STEP11-E_CONCURRENCY_ATOMICITY_MATRIX.csv,1465,23d161d2ed54a1efd6323262ea44cba874f974608fa80ddfa5261c4714bf459a
STEP SYNC CORE(20260907-081753).zip,2,Step11 Sync core.zip!STEP11-E_WEBHOOK_IDEMPOTENCY_CONCURRENCY_FULL_VERSION_PACKAGE_v1.2_FINAL_REBUILT (2).zip!05_STEP11-E_RETRY_REPLAY_MATRIX.csv,776,c6b64a78ed96f4e2fbbb01cf096a321a55e65b907c8f76d9107543dfaec08374
STEP SYNC CORE(20260907-081753).zip,2,Step11 Sync core.zip!STEP11-E_WEBHOOK_IDEMPOTENCY_CONCURRENCY_FULL_VERSION_PACKAGE_v1.2_FINAL_REBUILT (2).zip!06_STEP11-E_EVENT_PROPAGATION_MATRIX.csv,998,4901eed9e30543a525a15adc39fdf21198b0a8f0654d08435ccae895179237c1
STEP SYNC CORE(20260907-081753).zip,2,Step11 Sync core.zip!STEP11-E_WEBHOOK_IDEMPOTENCY_CONCURRENCY_FULL_VERSION_PACKAGE_v1.2_FINAL_REBUILT (2).zip!07_STEP11-E_PRODUCER_CONSUMER_EVENT_MATRIX.csv,804,233216fd43aad3fdd6d990a3019353a385c81ed33078e7c42a47256c55df5987
STEP SYNC CORE(20260907-081753).zip,2,Step11 Sync core.zip!STEP11-E_WEBHOOK_IDEMPOTENCY_CONCURRENCY_FULL_VERSION_PACKAGE_v1.2_FINAL_REBUILT (2).zip!08_STEP11-E_CROSS_MODULE_STATE_TRANSITION_MATRIX.csv,845,4b4fc32652209dc536ae6cd605a339ab48bf9b409111b1af7123e8a006a94105
STEP SYNC CORE(20260907-081753).zip,2,Step11 Sync core.zip!STEP11-E_WEBHOOK_IDEMPOTENCY_CONCURRENCY_FULL_VERSION_PACKAGE_v1.2_FINAL_REBUILT (2).zip!09_STEP11-E_CONTROLLED_GAP_REGISTER_v1.1.csv,2584,4912ca0309d1eb05c80cfc1d2eeab425c5c480f9dfed23b43d9acf453b351799
STEP SYNC CORE(20260907-081753).zip,2,Step11 Sync core.zip!STEP11-E_WEBHOOK_IDEMPOTENCY_CONCURRENCY_FULL_VERSION_PACKAGE_v1.2_FINAL_REBUILT (2).zip!09_STEP11-E_CONTROLLED_GAP_REGISTER_v1.2.csv,2553,f5191647176857f0282702e8f503b6069b046c1209e67f79aa3243311303c12c
STEP SYNC CORE(20260907-081753).zip,2,Step11 Sync core.zip!STEP11-E_WEBHOOK_IDEMPOTENCY_CONCURRENCY_FULL_VERSION_PACKAGE_v1.2_FINAL_REBUILT (2).zip!10_STEP11-E_CLOSED_FINDING_REGISTER.csv,610,91c7161cdf6f1b0ec5f09e51f3dbd8f653098a56e3ec5bc2ac3d165974f93c5d
STEP SYNC CORE(20260907-081753).zip,2,Step11 Sync core.zip!STEP11-E_WEBHOOK_IDEMPOTENCY_CONCURRENCY_FULL_VERSION_PACKAGE_v1.2_FINAL_REBUILT (2).zip!11_STEP11-E_LEGACY_WEBHOOK_RECONCILIATION.csv,393,14c0a2304d22de6d4427befe6da7dccd7a8d695251f38849f9206e7f5065f9a5
STEP SYNC CORE(20260907-081753).zip,2,Step11 Sync core.zip!STEP11-E_WEBHOOK_IDEMPOTENCY_CONCURRENCY_FULL_VERSION_PACKAGE_v1.2_FINAL_REBUILT (2).zip!12_STEP11-E_AUTHORITY_BOUNDARY_REGISTER.csv,590,c879bd90f09912a122e5914454422306200fed9a8ea87150119a2e151f02b389
STEP SYNC CORE(20260907-081753).zip,2,Step11 Sync core.zip!STEP11-E_WEBHOOK_IDEMPOTENCY_CONCURRENCY_FULL_VERSION_PACKAGE_v1.2_FINAL_REBUILT (2).zip!13_STEP11-E_RUNTIME_PROOF_BOUNDARY_REGISTER.csv,811,36d937fb350812c634464de45f000aecb08e10b53b468754755c09496b5241a2
STEP SYNC CORE(20260907-081753).zip,2,Step11 Sync core.zip!STEP11-E_WEBHOOK_IDEMPOTENCY_CONCURRENCY_FULL_VERSION_PACKAGE_v1.2_FINAL_REBUILT (2).zip!14_STEP11-E_CORE_V1_3_RESIDUAL_REGISTER.csv,510,f5e88b5806491f54f44d886ec503fba4d8dfb4f587e0512852251316b216df93
STEP SYNC CORE(20260907-081753).zip,2,Step11 Sync core.zip!STEP11-E_WEBHOOK_IDEMPOTENCY_CONCURRENCY_FULL_VERSION_PACKAGE_v1.2_FINAL_REBUILT (2).zip!14_STEP11-E_CORE_V1_3_RESIDUAL_REGISTER_v1.2.csv,999,5e8759cb32f16165485d348e0f1d42c239c7b8e5d78972c214ad0076869e56b2
STEP SYNC CORE(20260907-081753).zip,2,Step11 Sync core.zip!STEP11-E_WEBHOOK_IDEMPOTENCY_CONCURRENCY_FULL_VERSION_PACKAGE_v1.2_FINAL_REBUILT (2).zip!15_STEP11-E_POST_CORRECTION_DEEP_RESCAN.json,992,f7fcaedbf59a9aa6c5c0a14b06aa9e4ed6943e15916c2fd9c3a5721a6e77c136
STEP SYNC CORE(20260907-081753).zip,2,Step11 Sync core.zip!STEP11-E_WEBHOOK_IDEMPOTENCY_CONCURRENCY_FULL_VERSION_PACKAGE_v1.2_FINAL_REBUILT (2).zip!15_STEP11-E_POST_CORRECTION_DEEP_RESCAN_v1.1.json,603,fb6116cb7d8509da4086d47dff1b72c1f4d7d55cb7eeec69da4ff655550ebfa5
STEP SYNC CORE(20260907-081753).zip,2,Step11 Sync core.zip!STEP11-E_WEBHOOK_IDEMPOTENCY_CONCURRENCY_FULL_VERSION_PACKAGE_v1.2_FINAL_REBUILT (2).zip!15_STEP11-E_POST_CORRECTION_DEEP_RESCAN_v1.2.json,550,191a58d301f05b8ad09b167ce8792948ed26b02a361b7f21cd56370cbb528e7f
STEP SYNC CORE(20260907-081753).zip,2,Step11 Sync core.zip!STEP11-E_WEBHOOK_IDEMPOTENCY_CONCURRENCY_FULL_VERSION_PACKAGE_v1.2_FINAL_REBUILT (2).zip!16_STEP11-E_FINAL_GATE_SUMMARY.json,406,b3f4428b0064b04659f5ed172cb79ca2caec911082ec7f07e8d1f2bc751383c7
STEP SYNC CORE(20260907-081753).zip,2,Step11 Sync core.zip!STEP11-E_WEBHOOK_IDEMPOTENCY_CONCURRENCY_FULL_VERSION_PACKAGE_v1.2_FINAL_REBUILT (2).zip!16_STEP11-E_FINAL_GATE_SUMMARY_v1.1.json,663,983e261c0d66d6276d7d69693cf46ee6ae69041572543ba102e7af3a403c1610
STEP SYNC CORE(20260907-081753).zip,2,Step11 Sync core.zip!STEP11-E_WEBHOOK_IDEMPOTENCY_CONCURRENCY_FULL_VERSION_PACKAGE_v1.2_FINAL_REBUILT (2).zip!16_STEP11-E_FINAL_GATE_SUMMARY_v1.2.json,452,bd7c5562a598d82c4a7f8c6c837683555204e1a41fe3d73c7fb38eb2cf87c09a
STEP SYNC CORE(20260907-081753).zip,2,Step11 Sync core.zip!STEP11-E_WEBHOOK_IDEMPOTENCY_CONCURRENCY_FULL_VERSION_PACKAGE_v1.2_FINAL_REBUILT (2).zip!17_STEP11-E_SHA256_PROVENANCE_MANIFEST.json,1168,a92badd3674ada7393086c3dee8a3fc608bab61ea94cc12e67f8e1200ea15c14
STEP SYNC CORE(20260907-081753).zip,2,Step11 Sync core.zip!STEP11-E_WEBHOOK_IDEMPOTENCY_CONCURRENCY_FULL_VERSION_PACKAGE_v1.2_FINAL_REBUILT (2).zip!17_STEP11-E_SHA256_PROVENANCE_MANIFEST_v1.1.json,740,aa779b227d15e1e9a6cdcfbe77e9549bfebe9d392a52bfb824fc96272dc570ff
STEP SYNC CORE(20260907-081753).zip,2,Step11 Sync core.zip!STEP11-E_WEBHOOK_IDEMPOTENCY_CONCURRENCY_FULL_VERSION_PACKAGE_v1.2_FINAL_REBUILT (2).zip!17_STEP11-E_SHA256_PROVENANCE_MANIFEST_v1.2.json,1443,17574c820f992ba53b70bcf8c931043c284752d178f0145bfef8ce00c6093bef
STEP SYNC CORE(20260907-081753).zip,2,Step11 Sync core.zip!STEP11-E_WEBHOOK_IDEMPOTENCY_CONCURRENCY_FULL_VERSION_PACKAGE_v1.2_FINAL_REBUILT (2).zip!18_STEP11-E_FULL_VERSION_REPORT_v1.1_FINAL_CORRECTED.docx,41743,1cf73b47b281d47f243e938a7dc0374be1ede8e9ccbeb0db03b0590f543ebd6a
STEP SYNC CORE(20260907-081753).zip,2,Step11 Sync core.zip!STEP11-E_WEBHOOK_IDEMPOTENCY_CONCURRENCY_FULL_VERSION_PACKAGE_v1.2_FINAL_REBUILT (2).zip!18_STEP11-E_FULL_VERSION_REPORT_v1.2_FINAL_REBUILT.docx,41282,e98ff1db4c016b5a5a01fae9f123eeff7a4dc63d0e3d6684e65e4fe24bd58f30
STEP SYNC CORE(20260907-081753).zip,2,Step11 Sync core.zip!STEP11-E_WEBHOOK_IDEMPOTENCY_CONCURRENCY_FULL_VERSION_PACKAGE_v1.2_FINAL_REBUILT (2).zip!19_STEP11-E_ARTIFACT_SHA256_MANIFEST.json,3353,4626ca20f71fc9c0d0d7c42ccdeb04d72b7571d78af53b80f2fb0aa8c2b7b533
STEP SYNC CORE(20260907-081753).zip,2,Step11 Sync core.zip!STEP11-E_WEBHOOK_IDEMPOTENCY_CONCURRENCY_FULL_VERSION_PACKAGE_v1.2_FINAL_REBUILT (2).zip!19_STEP11-E_ARTIFACT_SHA256_MANIFEST_v1.1.json,4537,46dda22d04d8996430aee171e663c85847f2a7ac098c4d8094603163140a769c
STEP SYNC CORE(20260907-081753).zip,2,Step11 Sync core.zip!STEP11-E_WEBHOOK_IDEMPOTENCY_CONCURRENCY_FULL_VERSION_PACKAGE_v1.2_FINAL_REBUILT (2).zip!19_STEP11-E_ARTIFACT_SHA256_MANIFEST_v1.2.json,4072,045e544c01ecdefc94821a4192586f62e469fa503a7e2096497d7f35a71972f6
STEP SYNC CORE(20260907-081753).zip,2,Step11 Sync core.zip!STEP11-E_WEBHOOK_IDEMPOTENCY_CONCURRENCY_FULL_VERSION_PACKAGE_v1.2_FINAL_REBUILT (2).zip!20_STEP11-E_M01_M15_SCOPE_COVERAGE_MATRIX_v1.1.csv,2649,8704cf4ea8ef6903b62ee44c2242b2e031a5b2660342ca6eab952e70a40d6c13
STEP SYNC CORE(20260907-081753).zip,2,Step11 Sync core.zip!STEP11-E_WEBHOOK_IDEMPOTENCY_CONCURRENCY_FULL_VERSION_PACKAGE_v1.2_FINAL_REBUILT (2).zip!20_STEP11-E_M01_M15_SCOPE_COVERAGE_MATRIX_v1.2.csv,1274,577369d32dd4d70d2a292419e9b5f628caae58c193db44396b07fe036c5fe432
STEP SYNC CORE(20260907-081753).zip,2,Step11 Sync core.zip!STEP11-E_WEBHOOK_IDEMPOTENCY_CONCURRENCY_FULL_VERSION_PACKAGE_v1.2_FINAL_REBUILT (2).zip!21_STEP11-E_CORE_V1_3_E_SCOPE_RECONCILIATION_v1.1.csv,1606,d8b96af5aeeee695b4723a878177ca0b453cd9aa7e0e74548ec8978d444acdd7
STEP SYNC CORE(20260907-081753).zip,2,Step11 Sync core.zip!STEP11-E_WEBHOOK_IDEMPOTENCY_CONCURRENCY_FULL_VERSION_PACKAGE_v1.2_FINAL_REBUILT (2).zip!21_STEP11-E_CORE_V1_3_E_SCOPE_RECONCILIATION_v1.2.csv,551,e4c03eccd7b148c61702d78affa57df0a13ee4f0ae4c4b44fe12d270275b277a
STEP SYNC CORE(20260907-081753).zip,2,Step11 Sync core.zip!STEP11-E_WEBHOOK_IDEMPOTENCY_CONCURRENCY_FULL_VERSION_PACKAGE_v1.2_FINAL_REBUILT (2).zip!22_STEP11-E_CORRECTION_DISPOSITION_REGISTER_v1.1.csv,2376,3b59bf1a7837b01c4e286d426583ea3bd58f7204776ad377c185f2c0f41aaae4
STEP SYNC CORE(20260907-081753).zip,2,Step11 Sync core.zip!STEP11-E_WEBHOOK_IDEMPOTENCY_CONCURRENCY_FULL_VERSION_PACKAGE_v1.2_FINAL_REBUILT (2).zip!22_STEP11-E_CORRECTION_DISPOSITION_REGISTER_v1.2.csv,1857,b7c42041eba6b8df9a561aa1babc8de1574286ba9c8f30c43d2cedef5649598e
STEP SYNC CORE(20260907-081753).zip,2,Step11 Sync core.zip!STEP11-E_WEBHOOK_IDEMPOTENCY_CONCURRENCY_FULL_VERSION_PACKAGE_v1.2_FINAL_REBUILT (2).zip!23_STEP11-E_SOURCE_EVIDENCE_INDEX_v1.1.csv,785,e937f2ebccfe18203724061c654256f88d83a2a03eee9e86fa5dc22a0fedf02a
STEP SYNC CORE(20260907-081753).zip,2,Step11 Sync core.zip!STEP11-E_WEBHOOK_IDEMPOTENCY_CONCURRENCY_FULL_VERSION_PACKAGE_v1.2_FINAL_REBUILT (2).zip!23_STEP11-E_SOURCE_EVIDENCE_INDEX_v1.2.csv,1962,daae566e759bff558326629e5060ba37e747c3299c8615fe52d38e5a5ababac4
STEP SYNC CORE(20260907-081753).zip,2,Step11 Sync core.zip!STEP11-E_WEBHOOK_IDEMPOTENCY_CONCURRENCY_FULL_VERSION_PACKAGE_v1.2_FINAL_REBUILT (2).zip!24_STEP11-E_V1_1_TO_V1_2_ARTIFACT_PRESERVATION_MANIFEST.json,3047,bfd557d589e390cd532e472daebae5e2f2b76696f52e0a61068255b4cb048fa9
STEP SYNC CORE(20260907-081753).zip,2,Step11 Sync core.zip!STEP11-E_WEBHOOK_IDEMPOTENCY_CONCURRENCY_FULL_VERSION_PACKAGE_v1.2_FINAL_REBUILT (2).zip!25_STEP11-E_FINAL_PACKAGE_ARTIFACT_MANIFEST.json,7163,9708a32d58505d80ce7850fa7e808d85901ca67528729ccb85261205e6eaf821
STEP SYNC CORE(20260907-081753).zip,1,Step11 Sync core.zip!STEP11-D_CROSS_MODULE_API_CONSISTENCY_FULL_VERSION_PACKAGE_v1.3_FINAL_CORRECTED_PRESERVATION_COMPLETE.zip,64866,1900a9ef1750002de8eca9e83d54a55e6d3e9a61666bce71b1d2a66c83356ab3
STEP SYNC CORE(20260907-081753).zip,2,Step11 Sync core.zip!STEP11-D_CROSS_MODULE_API_CONSISTENCY_FULL_VERSION_PACKAGE_v1.3_FINAL_CORRECTED_PRESERVATION_COMPLETE.zip!00_README_STEP11-D_v1.3_FINAL_CORRECTED.md,598,341969f406b1261049704092b1fc5c682cd7ec6cfe2ca8cc8ae9ab6409e4e860
STEP SYNC CORE(20260907-081753).zip,2,Step11 Sync core.zip!STEP11-D_CROSS_MODULE_API_CONSISTENCY_FULL_VERSION_PACKAGE_v1.3_FINAL_CORRECTED_PRESERVATION_COMPLETE.zip!00_STEP11-D_V1_1_V1_2_CONTENT_PRESERVATION_RECONCILIATION_v1.3.md,2174,cf080e3ab6068d33bdda29cdcfe2029ae3f06fa6791401bb224b415e547fef3c
STEP SYNC CORE(20260907-081753).zip,2,Step11 Sync core.zip!STEP11-D_CROSS_MODULE_API_CONSISTENCY_FULL_VERSION_PACKAGE_v1.3_FINAL_CORRECTED_PRESERVATION_COMPLETE.zip!01_STEP11-D_FULL_DEEP_SCAN_REPORT_v1.3_FINAL_RECONCILED.docx,40309,14aa20bd64e5cfea7450cb492fb6ef5b5c986b594fb007f7d38db554c065c663
STEP SYNC CORE(20260907-081753).zip,2,Step11 Sync core.zip!STEP11-D_CROSS_MODULE_API_CONSISTENCY_FULL_VERSION_PACKAGE_v1.3_FINAL_CORRECTED_PRESERVATION_COMPLETE.zip!01_STEP11-D_FULL_DEEP_SCAN_REPORT_v1.3_FINAL_RECONCILED.md,11345,6330099535b5f53d98e4e20a9c939167dc038ddd4186b0390239faa5dce7b07d
STEP SYNC CORE(20260907-081753).zip,2,Step11 Sync core.zip!STEP11-D_CROSS_MODULE_API_CONSISTENCY_FULL_VERSION_PACKAGE_v1.3_FINAL_CORRECTED_PRESERVATION_COMPLETE.zip!02_M01_M15_DEPENDENCY_MATRIX_v1.3.csv,7213,8d604d110489fb0c66193b595323dda877fb2cb1b17fe4c50b9e02f6b87ceacd
STEP SYNC CORE(20260907-081753).zip,2,Step11 Sync core.zip!STEP11-D_CROSS_MODULE_API_CONSISTENCY_FULL_VERSION_PACKAGE_v1.3_FINAL_CORRECTED_PRESERVATION_COMPLETE.zip!03_CROSS_MODULE_API_DEPENDENCY_MATRIX_v1.3.csv,3314,6eef09ca0ff0b4d5136c12b78002a0167b5d4cec0ada12e01e2fc8a1d3b8c529
STEP SYNC CORE(20260907-081753).zip,2,Step11 Sync core.zip!STEP11-D_CROSS_MODULE_API_CONSISTENCY_FULL_VERSION_PACKAGE_v1.3_FINAL_CORRECTED_PRESERVATION_COMPLETE.zip!04_AUTHORITY_DEPENDENCY_MATRIX_v1.3.csv,2951,9e85b900598c3ef12a702738a770028622757df4a2b293bb404c688a3c8071d6
STEP SYNC CORE(20260907-081753).zip,2,Step11 Sync core.zip!STEP11-D_CROSS_MODULE_API_CONSISTENCY_FULL_VERSION_PACKAGE_v1.3_FINAL_CORRECTED_PRESERVATION_COMPLETE.zip!05_CORE_V1_3_STEP11_D_RESIDUAL_REGISTER_v1.3.csv,774,43ab382274247d71f6a64ab51882e178836f9ed95f71bb380a334dbabb39cfff
STEP SYNC CORE(20260907-081753).zip,2,Step11 Sync core.zip!STEP11-D_CROSS_MODULE_API_CONSISTENCY_FULL_VERSION_PACKAGE_v1.3_FINAL_CORRECTED_PRESERVATION_COMPLETE.zip!06_API_PRODUCER_CONSUMER_MATRIX_v1.3.csv,603,35dc084d7868377736929c8b67b5b2bbc18be4a079462a7ddc77ec3fac72ed49
STEP SYNC CORE(20260907-081753).zip,2,Step11 Sync core.zip!STEP11-D_CROSS_MODULE_API_CONSISTENCY_FULL_VERSION_PACKAGE_v1.3_FINAL_CORRECTED_PRESERVATION_COMPLETE.zip!07_LIFECYCLE_DEPENDENCY_MATRIX_v1.3.csv,615,7681b086ee13c1cdeeacf239d2d8a6145b9c4b49fa71b32b3368f8a643b6a548
STEP SYNC CORE(20260907-081753).zip,2,Step11 Sync core.zip!STEP11-D_CROSS_MODULE_API_CONSISTENCY_FULL_VERSION_PACKAGE_v1.3_FINAL_CORRECTED_PRESERVATION_COMPLETE.zip!08_RESOURCE_IDENTIFIER_DEPENDENCY_MATRIX_v1.3.csv,669,fda827ffe78956dd2f01173b4647f442fcd6b1f43fff6185372fb04dc3fcc2bf
STEP SYNC CORE(20260907-081753).zip,2,Step11 Sync core.zip!STEP11-D_CROSS_MODULE_API_CONSISTENCY_FULL_VERSION_PACKAGE_v1.3_FINAL_CORRECTED_PRESERVATION_COMPLETE.zip!09_CIRCULAR_DEPENDENCY_REGISTER_v1.3.csv,431,e7dbbc140f0b1c3490b35aa1f79b2352ef46d24b8cec48c74c3854d38bed8eeb
STEP SYNC CORE(20260907-081753).zip,2,Step11 Sync core.zip!STEP11-D_CROSS_MODULE_API_CONSISTENCY_FULL_VERSION_PACKAGE_v1.3_FINAL_CORRECTED_PRESERVATION_COMPLETE.zip!10_CROSS_MODULE_ERROR_PROPAGATION_MATRIX_v1.3.csv,522,fbaf07560faa1ba85b2bf693442bf008c82622479c3a9f3f9d3170c889c10e64
STEP SYNC CORE(20260907-081753).zip,2,Step11 Sync core.zip!STEP11-D_CROSS_MODULE_API_CONSISTENCY_FULL_VERSION_PACKAGE_v1.3_FINAL_CORRECTED_PRESERVATION_COMPLETE.zip!11_SHARED_RESOURCE_CONFIGURATION_MATRIX_v1.3.csv,2228,f09e3d5ed7aa1c82834979ad6cebf85e88a223e706066755450ab2d260952146
STEP SYNC CORE(20260907-081753).zip,2,Step11 Sync core.zip!STEP11-D_CROSS_MODULE_API_CONSISTENCY_FULL_VERSION_PACKAGE_v1.3_FINAL_CORRECTED_PRESERVATION_COMPLETE.zip!12_LEGACY_DEPENDENCY_RECONCILIATION_v1.3.csv,1139,2f3711eaf8df3dc9aa80cc35ac4975af0eab3077d708895d6cf75177984c1a04
STEP SYNC CORE(20260907-081753).zip,2,Step11 Sync core.zip!STEP11-D_CROSS_MODULE_API_CONSISTENCY_FULL_VERSION_PACKAGE_v1.3_FINAL_CORRECTED_PRESERVATION_COMPLETE.zip!13_C_CONTROLLED_GAP_CLOSURE_REGISTER_v1.3.csv,1780,9ec2d6cf30878ab37465bb80c3cb5a44421bdc1e707a6ad821d102aed57e75e9
STEP SYNC CORE(20260907-081753).zip,2,Step11 Sync core.zip!STEP11-D_CROSS_MODULE_API_CONSISTENCY_FULL_VERSION_PACKAGE_v1.3_FINAL_CORRECTED_PRESERVATION_COMPLETE.zip!14_CROSS_MODULE_CONFLICT_RECONCILIATION_REGISTER_v1.3.csv,679,dcab3c6e13cd334fac3a0a80d442db743a03bd96ef127aba90e3532b43bbc9dd
STEP SYNC CORE(20260907-081753).zip,2,Step11 Sync core.zip!STEP11-D_CROSS_MODULE_API_CONSISTENCY_FULL_VERSION_PACKAGE_v1.3_FINAL_CORRECTED_PRESERVATION_COMPLETE.zip!15_CONTROLLED_FINDING_REGISTER_v1.3.csv,11874,868d5dcfad8deebb36971bea7a0259be999e59ef3f2d0fff5a739b63b6b067db
STEP SYNC CORE(20260907-081753).zip,2,Step11 Sync core.zip!STEP11-D_CROSS_MODULE_API_CONSISTENCY_FULL_VERSION_PACKAGE_v1.3_FINAL_CORRECTED_PRESERVATION_COMPLETE.zip!16_POST_CORRECTION_DEEP_RESCAN_v1.3.json,408,526cb8b9ce066d62cf7c02e50d1c4dfdf51e0c97221c4e5937cde97ed70d36b5
STEP SYNC CORE(20260907-081753).zip,2,Step11 Sync core.zip!STEP11-D_CROSS_MODULE_API_CONSISTENCY_FULL_VERSION_PACKAGE_v1.3_FINAL_CORRECTED_PRESERVATION_COMPLETE.zip!17_SHA256_PROVENANCE_MANIFEST_v1.3.json,464,279ccc762eb20a882dfa1d506c46d76272e78b45cddb6c552f17ea17208efa84
STEP SYNC CORE(20260907-081753).zip,2,Step11 Sync core.zip!STEP11-D_CROSS_MODULE_API_CONSISTENCY_FULL_VERSION_PACKAGE_v1.3_FINAL_CORRECTED_PRESERVATION_COMPLETE.zip!18_ARTIFACT_SHA256_MANIFEST_v1.3.json,3417,bcc8f2b4633212e08b895ebc374dd424712bdfd67d4762e6e6c5709e313727ec
STEP SYNC CORE(20260907-081753).zip,2,Step11 Sync core.zip!STEP11-D_CROSS_MODULE_API_CONSISTENCY_FULL_VERSION_PACKAGE_v1.3_FINAL_CORRECTED_PRESERVATION_COMPLETE.zip!18_PACKAGE_FINAL_GATE_SUMMARY_v1.3.json,609,c36fd868e50b56f5ea0e2b116d81e2631163761094444d1610972ef42c01db6d
STEP SYNC CORE(20260907-081753).zip,2,Step11 Sync core.zip!STEP11-D_CROSS_MODULE_API_CONSISTENCY_FULL_VERSION_PACKAGE_v1.3_FINAL_CORRECTED_PRESERVATION_COMPLETE.zip!19_ARTIFACT_SHA256_MANIFEST_v1.3.json,3221,6bf0b493c99e499f41cf9373f6446cfa4a5ad6c493be9b2ceb72e1e2694ec8a5
STEP SYNC CORE(20260907-081753).zip,2,Step11 Sync core.zip!STEP11-D_CROSS_MODULE_API_CONSISTENCY_FULL_VERSION_PACKAGE_v1.3_FINAL_CORRECTED_PRESERVATION_COMPLETE.zip!19_PACKAGE_FINAL_GATE_SUMMARY.json,511,e6648ce460b901fef28f655c1782b8b5d0075ec26b790e58b38435ef152fc06a
STEP SYNC CORE(20260907-081753).zip,2,Step11 Sync core.zip!STEP11-D_CROSS_MODULE_API_CONSISTENCY_FULL_VERSION_PACKAGE_v1.3_FINAL_CORRECTED_PRESERVATION_COMPLETE.zip!20_CONTENT_PRESERVATION_AUDIT_v1.3.json,2521,d9f8fe9f57c945fefe1d9cd47331a48c7aae665045c67203d6c62e4201d6e80a
STEP SYNC CORE(20260907-081753).zip,1,Step11 Sync core.zip!STEP11-F_v1.1_FULL_VERSION_GOVERNANCE_CORRECTED_DEEP_SCAN.zip,47315,026a3d2dc73cfd50461b0645e9908addad7ae988bea61f4432211a440669a6e1
STEP SYNC CORE(20260907-081753).zip,2,Step11 Sync core.zip!STEP11-F_v1.1_FULL_VERSION_GOVERNANCE_CORRECTED_DEEP_SCAN.zip!STEP11-F_v1.1_FULL_VERSION_GOVERNANCE_CORRECTED_DEEP_SCAN.md,13825,e9104dfe49f69a937a53769eecfce35f94b9518caa7a38e387e257a119bec63f
STEP SYNC CORE(20260907-081753).zip,2,Step11 Sync core.zip!STEP11-F_v1.1_FULL_VERSION_GOVERNANCE_CORRECTED_DEEP_SCAN.zip!STEP11-F_v1.1_FULL_VERSION_GOVERNANCE_CORRECTED_DEEP_SCAN.docx,42047,f513f76314a64418d5a4b15a460ce62ea02b287ba2a1b6cdf8b21154b1a8cbf6
STEP SYNC CORE(20260907-081753).zip,2,Step11 Sync core.zip!STEP11-F_v1.1_FULL_VERSION_GOVERNANCE_CORRECTED_DEEP_SCAN.zip!STEP11-F_v1.1_CORE_PROPAGATION_MATRIX.csv,4024,f586e16b5db64d8cd9345aadc3f3761a990ce43cbc3e6e506617c58bef43ca0a
STEP SYNC CORE(20260907-081753).zip,2,Step11 Sync core.zip!STEP11-F_v1.1_FULL_VERSION_GOVERNANCE_CORRECTED_DEEP_SCAN.zip!STEP11-F_v1.1_OUTPUT_MANIFEST_SHA256.csv,400,5ede229889cd5454c965755313bf1695f1b4bb3bc76e0ef0f7560f04a0fd2346
STEP SYNC CORE(20260907-081753).zip,1,Step11 Sync core.zip!STEP11_A_TO_F_FULL_CORE_UPDATE_REBUILD_v2.0_FINAL_FULL_VERSION.zip,19376,823e5981c1cc06fff6fcf7de2c581f008ec7a9eccde1f23538ddbeabf21d62a1
STEP SYNC CORE(20260907-081753).zip,2,Step11 Sync core.zip!STEP11_A_TO_F_FULL_CORE_UPDATE_REBUILD_v2.0_FINAL_FULL_VERSION.zip!00_README_STEP11_A_TO_F_v2.0.md,3024,28fd8b6364ce0fb2886f02bee6d932fdf1da1381cc69620014fc4d3653dff030
STEP SYNC CORE(20260907-081753).zip,2,Step11 Sync core.zip!STEP11_A_TO_F_FULL_CORE_UPDATE_REBUILD_v2.0_FINAL_FULL_VERSION.zip!01_STEP11_A_TO_F_FULL_DEEP_SCAN_REPORT_v2.0.md,4899,478edba19477eaca6bddc54db1ef2f355409a3354f89b406b16d06e092293290
STEP SYNC CORE(20260907-081753).zip,2,Step11 Sync core.zip!STEP11_A_TO_F_FULL_CORE_UPDATE_REBUILD_v2.0_FINAL_FULL_VERSION.zip!02_STEP11_API_CORE_UPDATE_ROUTE_REGISTER_v2.0.csv,25480,0265b3d12b2b9e722fe3dceb2e5ec2d9b6c3bef129d21273bbf8c86758f3ed55
STEP SYNC CORE(20260907-081753).zip,2,Step11 Sync core.zip!STEP11_A_TO_F_FULL_CORE_UPDATE_REBUILD_v2.0_FINAL_FULL_VERSION.zip!03_STEP11_M01_M15_CORE_UPDATE_DISPOSITION_223_v2.0.csv,82037,1ddb800c8aa418fe96e9c9c8343ca62833281248154ca037a9ad9b1584956cd9
STEP SYNC CORE(20260907-081753).zip,2,Step11 Sync core.zip!STEP11_A_TO_F_FULL_CORE_UPDATE_REBUILD_v2.0_FINAL_FULL_VERSION.zip!04_STEP11_CORE_UPDATE_FINDING_REGISTER_v2.0.csv,3495,0dffc6081688c77c3cd97c59c49fc174e8b56f54f7efe34a423563a9dffff714
STEP SYNC CORE(20260907-081753).zip,2,Step11 Sync core.zip!STEP11_A_TO_F_FULL_CORE_UPDATE_REBUILD_v2.0_FINAL_FULL_VERSION.zip!05_STEP11_AUTHORITY_CORE_PROPAGATION_MATRIX_v2.0.csv,1540,5c3bf654d2f7c994336598ff444da216a2bbe410785f31be19944244951a8b16
STEP SYNC CORE(20260907-081753).zip,2,Step11 Sync core.zip!STEP11_A_TO_F_FULL_CORE_UPDATE_REBUILD_v2.0_FINAL_FULL_VERSION.zip!06_STEP11-F_GATE_AND_STEP11-G_HANDOFF_v2.0.md,1651,04afd7b6d364338383ba605172e160fa6db1fbfcb3bb93929d28ac7fe721a270
STEP SYNC CORE(20260907-081753).zip,2,Step11 Sync core.zip!STEP11_A_TO_F_FULL_CORE_UPDATE_REBUILD_v2.0_FINAL_FULL_VERSION.zip!07_STEP11_PROVENANCE_SHA256_MANIFEST_v2.0.csv,2687,3967598251c90e0b4b0853472a782ecfc5a8ca9ed1cf1427d1980d717348355e
STEP SYNC CORE(20260907-081753).zip,2,Step11 Sync core.zip!STEP11_A_TO_F_FULL_CORE_UPDATE_REBUILD_v2.0_FINAL_FULL_VERSION.zip!08_STEP11_SECOND_DEEP_SCAN_v2.0.md,759,a04344adce7fe1457c731c5e91f35e213f45c2dffe64c76dc48b3f061e14aed0
STEP SYNC CORE(20260907-081753).zip,2,Step11 Sync core.zip!STEP11_A_TO_F_FULL_CORE_UPDATE_REBUILD_v2.0_FINAL_FULL_VERSION.zip!09_STEP11_MACHINE_SUMMARY_v2.0.json,1251,b1fe0c71e410c18074fc5756a406d7ddefbf14e6c630f1e0f7a9ef5b455b67d2
STEP SYNC CORE(20260907-081753).zip,1,Step11 Sync core.zip!STEP11-G_v1.2_FULL_VERSION_CORE_SYNC_REVALIDATED_DEEP_SCAN.zip,50597,54c84250035d65cd0f9f86bb82ced2d3d63cde519c44deaacd994f67553e40ef
STEP SYNC CORE(20260907-081753).zip,2,Step11 Sync core.zip!STEP11-G_v1.2_FULL_VERSION_CORE_SYNC_REVALIDATED_DEEP_SCAN.zip!STEP11-G_v1.2_FULL_VERSION_CORE_SYNC_REVALIDATED_DEEP_SCAN.md,12044,3eecb53575af47c8fc1f6c5960543ed23404c6cd7ed136c9c31c36e125c9cd5b
STEP SYNC CORE(20260907-081753).zip,2,Step11 Sync core.zip!STEP11-G_v1.2_FULL_VERSION_CORE_SYNC_REVALIDATED_DEEP_SCAN.zip!STEP11-G_v1.2_MASTER_REALIZATION_AND_CORE_SYNC_REGISTER.csv,26133,162f057ae515559176af40c1767b7074ea809a3751ceb865b63c1b02171d9b21
STEP SYNC CORE(20260907-081753).zip,2,Step11 Sync core.zip!STEP11-G_v1.2_FULL_VERSION_CORE_SYNC_REVALIDATED_DEEP_SCAN.zip!STEP11-G_v1.2_CORE_v1.3_SCOPE_G_SYNCHRONIZATION_MATRIX.csv,4742,cb133369895754250b4b6f939bc678e76329fcb53ca2c47a88074a3be3f89fd6
STEP SYNC CORE(20260907-081753).zip,2,Step11 Sync core.zip!STEP11-G_v1.2_FULL_VERSION_CORE_SYNC_REVALIDATED_DEEP_SCAN.zip!STEP11-G_v1.2_M01-M15_G_REALIZATION_COVERAGE.csv,1074,645ee302df86f61d0da7cf9483b5ce95bdf4c606d0ad522141c78827a6a85d63
STEP SYNC CORE(20260907-081753).zip,2,Step11 Sync core.zip!STEP11-G_v1.2_FULL_VERSION_CORE_SYNC_REVALIDATED_DEEP_SCAN.zip!STEP11-G_v1.2_SOURCE_PACKAGE_MANIFEST_SHA256.csv,794,84dbe8592b8612f629b4d7abb7fde006c993d24c74e1ad4cf98f1d627b6151d5
STEP SYNC CORE(20260907-081753).zip,2,Step11 Sync core.zip!STEP11-G_v1.2_FULL_VERSION_CORE_SYNC_REVALIDATED_DEEP_SCAN.zip!STEP11-G_v1.2_FULL_VERSION_CORE_SYNC_REVALIDATED_DEEP_SCAN.docx,37913,d70a709fd8db3d092de9d766c859f89def772bb09aa23e9569caf54799be3122
STEP SYNC CORE(20260907-081753).zip,2,Step11 Sync core.zip!STEP11-G_v1.2_FULL_VERSION_CORE_SYNC_REVALIDATED_DEEP_SCAN.zip!STEP11-G_v1.2_MACHINE_SUMMARY.json,949,ef9491d27815621464d1c204637ab4c30a48e0f3f2ca9635e405a2b92ac9ca6d
STEP SYNC CORE(20260907-081753).zip,2,Step11 Sync core.zip!STEP11-G_v1.2_FULL_VERSION_CORE_SYNC_REVALIDATED_DEEP_SCAN.zip!STEP11-G_v1.2_OUTPUT_MANIFEST_SHA256.csv,903,53c8b695461cb1fc9a040c88b48d65f02997e0938de145de0c0b3062748d2714
STEP SYNC CORE(20260907-081753).zip,1,Step11 Sync core.zip!STEP11-H_v1.1_FINAL_API_GATE_STEP12_HANDOFF_CORE_REVALIDATED.zip,50409,550532a30dd8abbf0157df6c61d64b79c49e760c374d68a5174ee2b09bdf703f
STEP SYNC CORE(20260907-081753).zip,2,Step11 Sync core.zip!STEP11-H_v1.1_FINAL_API_GATE_STEP12_HANDOFF_CORE_REVALIDATED.zip!STEP11-H_v1.1_OUTPUT_MANIFEST_SHA256.csv,835,6004c5b282ffe2a16db22998f8319ca20613ee3dc82f41a311fa3b9c2514f77c
STEP SYNC CORE(20260907-081753).zip,2,Step11 Sync core.zip!STEP11-H_v1.1_FINAL_API_GATE_STEP12_HANDOFF_CORE_REVALIDATED.zip!STEP11-H_v1.1_FINAL_API_GATE_STEP12_HANDOFF.md,8250,69d6c52af815131113d3c2240d59123042781bc866604519ae4dd11f9204b18d
STEP SYNC CORE(20260907-081753).zip,2,Step11 Sync core.zip!STEP11-H_v1.1_FINAL_API_GATE_STEP12_HANDOFF_CORE_REVALIDATED.zip!STEP11-H_v1.1_MACHINE_SUMMARY.json,1031,4e41501bd4cf93c73c7e1ead2fad434b94db9a1da42eeecec64408932611673f
STEP SYNC CORE(20260907-081753).zip,2,Step11 Sync core.zip!STEP11-H_v1.1_FINAL_API_GATE_STEP12_HANDOFF_CORE_REVALIDATED.zip!STEP11-H_v1.1_SOURCE_PACKAGE_MANIFEST_SHA256.csv,928,1c97f7f466ce2f83e55e8c708daec996549ab475f8440f5fb810f46cffb0bc0c
STEP SYNC CORE(20260907-081753).zip,2,Step11 Sync core.zip!STEP11-H_v1.1_FINAL_API_GATE_STEP12_HANDOFF_CORE_REVALIDATED.zip!STEP11-H_v1.1_FINAL_API_GATE_STEP12_HANDOFF.docx,40131,c10942952db27902cd7d8ce8c9f56e576b2cd43be31bac7634afd01a19ee0a33
STEP SYNC CORE(20260907-081753).zip,2,Step11 Sync core.zip!STEP11-H_v1.1_FINAL_API_GATE_STEP12_HANDOFF_CORE_REVALIDATED.zip!STEP11-H_v1.1_M01-M15_SCOPE_H_COVERAGE_MATRIX.csv,3856,0dd0e71860d06538da6362696f701d6c2eb2ef18e50996a465e5cfa9136dd2f9
STEP SYNC CORE(20260907-081753).zip,2,Step11 Sync core.zip!STEP11-H_v1.1_FINAL_API_GATE_STEP12_HANDOFF_CORE_REVALIDATED.zip!STEP11-H_v1.1_FINAL_GATE_FINDING_REGISTER.csv,12711,e28b1779e258126550f035f8eb8c04c6af887f553bf6e5c33a6a4f913a8a2aca
STEP SYNC CORE(20260907-081753).zip,2,Step11 Sync core.zip!STEP11-H_v1.1_FINAL_API_GATE_STEP12_HANDOFF_CORE_REVALIDATED.zip!STEP11-H_v1.1_GATE_MATRIX.csv,2285,5311b7133ff69715bbbd0e01a911d91c06a3a2c897b14f82ae5954c6823fe061
STEP SYNC CORE(20260907-081753).zip,0,step12 sync core.zip,506801,91dbdadea5f00bc9d3aab3f7eb2f9fa9be5177620599b1ec01d393ddc2d069eb
STEP SYNC CORE(20260907-081753).zip,1,step12 sync core.zip!STEP12-H_FINAL_RBAC_RLS_GATE_STEP13_HANDOFF_FULL_VERSION_v1.1_FULL_REBUILD.zip,12552,363887d5faf7f81ad1b4a8d6a88d829f2b75ab0489d7acdfa306e72faca220f4
STEP SYNC CORE(20260907-081753).zip,2,step12 sync core.zip!STEP12-H_FINAL_RBAC_RLS_GATE_STEP13_HANDOFF_FULL_VERSION_v1.1_FULL_REBUILD.zip!README.md,345,37b25c42d20c555014273463fcff84489fba004ad0a394a241a65960bb1b3276
STEP SYNC CORE(20260907-081753).zip,2,step12 sync core.zip!STEP12-H_FINAL_RBAC_RLS_GATE_STEP13_HANDOFF_FULL_VERSION_v1.1_FULL_REBUILD.zip!STEP12-H_AUTHORITY_RBAC_FINAL_RECONCILIATION.csv,2321,f619e980d077d168083d33c55c3c16fc49ffbb5ba1521b108239df9a59a1c565
STEP SYNC CORE(20260907-081753).zip,2,step12 sync core.zip!STEP12-H_FINAL_RBAC_RLS_GATE_STEP13_HANDOFF_FULL_VERSION_v1.1_FULL_REBUILD.zip!STEP12-H_CAPABILITY_API_RECONCILIATION.csv,3984,2eefc02128068fee9446c1ad254564a95b2246654460c92472740df0c6e5613e
STEP SYNC CORE(20260907-081753).zip,2,step12 sync core.zip!STEP12-H_FINAL_RBAC_RLS_GATE_STEP13_HANDOFF_FULL_VERSION_v1.1_FULL_REBUILD.zip!STEP12-H_CONTROLLED_RESIDUAL_REGISTER.csv,1891,8d671c4c78a915864e893c6d261df1f3a8fc1494f61631b0fa6b17ef03de25de
STEP SYNC CORE(20260907-081753).zip,2,step12 sync core.zip!STEP12-H_FINAL_RBAC_RLS_GATE_STEP13_HANDOFF_FULL_VERSION_v1.1_FULL_REBUILD.zip!STEP12-H_CORE_V1_3_PRESERVATION_AUDIT.csv,2443,40cc6c61ef339ad54a7564ccc7572d2a6b60a5819ff4f4f8aae662f417c1be01
STEP SYNC CORE(20260907-081753).zip,2,step12 sync core.zip!STEP12-H_FINAL_RBAC_RLS_GATE_STEP13_HANDOFF_FULL_VERSION_v1.1_FULL_REBUILD.zip!STEP12-H_FINAL_GATE_MATRIX.csv,1485,52a628e63484683019fe087adfea36d12ce7e3290226d487aac4dfe050e97520
STEP SYNC CORE(20260907-081753).zip,2,step12 sync core.zip!STEP12-H_FINAL_RBAC_RLS_GATE_STEP13_HANDOFF_FULL_VERSION_v1.1_FULL_REBUILD.zip!STEP12-H_FINAL_RBAC_RLS_GATE_STEP13_HANDOFF_FULL_VERSION.md,3555,96995fd5795c4e3ad0eb08c6085853f50eea71317c77f35aaed6b31107842f7c
STEP SYNC CORE(20260907-081753).zip,2,step12 sync core.zip!STEP12-H_FINAL_RBAC_RLS_GATE_STEP13_HANDOFF_FULL_VERSION_v1.1_FULL_REBUILD.zip!STEP12-H_PERMISSION_PRESET_FINAL_AUDIT.csv,1011,6ca0b079c3c2a250f8c37e11880f6e8e28501ec9e093c666bf70a25f5357124c
STEP SYNC CORE(20260907-081753).zip,2,step12 sync core.zip!STEP12-H_FINAL_RBAC_RLS_GATE_STEP13_HANDOFF_FULL_VERSION_v1.1_FULL_REBUILD.zip!STEP12-H_PORTABLE_CHECKPOINT.json,673,068efe2dbc2e8269ce64e1aa52aef5782c21b8ebf15f50895bea4b323774ddcf
STEP SYNC CORE(20260907-081753).zip,2,step12 sync core.zip!STEP12-H_FINAL_RBAC_RLS_GATE_STEP13_HANDOFF_FULL_VERSION_v1.1_FULL_REBUILD.zip!STEP12-H_RLS_COVERAGE_HANDOFF_SNAPSHOT.csv,9857,d6c90332416c27aa9a55814d0e4e6e2ac0869fa3e2611846dd640e6283c7c646
STEP SYNC CORE(20260907-081753).zip,2,step12 sync core.zip!STEP12-H_FINAL_RBAC_RLS_GATE_STEP13_HANDOFF_FULL_VERSION_v1.1_FULL_REBUILD.zip!STEP12-H_SHA256_SOURCE_MANIFEST.csv,2097,b67ae784a94d98c232892a215dcca0971a544ad2c02b10efea56a8f21dd41a74
STEP SYNC CORE(20260907-081753).zip,2,step12 sync core.zip!STEP12-H_FINAL_RBAC_RLS_GATE_STEP13_HANDOFF_FULL_VERSION_v1.1_FULL_REBUILD.zip!STEP12-H_SOURCE_DEEP_SCAN_INVENTORY.csv,2117,21b0c8beed48243fc9644c2b6d6b64efe6bf6aad421747a3c39c570da6d6f839
STEP SYNC CORE(20260907-081753).zip,2,step12 sync core.zip!STEP12-H_FINAL_RBAC_RLS_GATE_STEP13_HANDOFF_FULL_VERSION_v1.1_FULL_REBUILD.zip!STEP12-H_v1.1_SECOND_DEEP_SCAN_REPORT.txt,802,2d99a80eaad90a06dd180a1715fdef33348a2552c7bb820cf8784200ddd37b4b
STEP SYNC CORE(20260907-081753).zip,1,step12 sync core.zip!STEP12-G_PHYSICAL_RLS_RUNTIME_RESIDUAL_GATE_FULL_VERSION_v1.4_FULL_REBUILD.zip,71687,4ed94f224d9a0d1bc857cee8618cefdab775bc21176609d4946c8933f2ef55fe
STEP SYNC CORE(20260907-081753).zip,2,step12 sync core.zip!STEP12-G_PHYSICAL_RLS_RUNTIME_RESIDUAL_GATE_FULL_VERSION_v1.4_FULL_REBUILD.zip!README.md,955,d8839a7899983807736aa86cfea65538e9e942e758a849a817975a7270a6f657
STEP SYNC CORE(20260907-081753).zip,2,step12 sync core.zip!STEP12-G_PHYSICAL_RLS_RUNTIME_RESIDUAL_GATE_FULL_VERSION_v1.4_FULL_REBUILD.zip!STEP12-G_API_RLS_CONSISTENCY_MATRIX.csv,23315,34ce786df34204d7599b8d560768e23873e3be4483ac723d5b33f7bde0433384
STEP SYNC CORE(20260907-081753).zip,2,step12 sync core.zip!STEP12-G_PHYSICAL_RLS_RUNTIME_RESIDUAL_GATE_FULL_VERSION_v1.4_FULL_REBUILD.zip!STEP12-G_CAPABILITY_PHYSICAL_ENFORCEMENT_MATRIX.csv,28452,90dc8c16898eb1537bf99becbc21186138325ea25ffaaf94e4d2709899f7973a
STEP SYNC CORE(20260907-081753).zip,2,step12 sync core.zip!STEP12-G_PHYSICAL_RLS_RUNTIME_RESIDUAL_GATE_FULL_VERSION_v1.4_FULL_REBUILD.zip!STEP12-G_CONTROLLED_PHYSICAL_DELTA_REGISTER.csv,2668,bb4ae29ae6012c7b35b339bf4eb10e6218ce33c6eb00a6b0547bc70498ff76d9
STEP SYNC CORE(20260907-081753).zip,2,step12 sync core.zip!STEP12-G_PHYSICAL_RLS_RUNTIME_RESIDUAL_GATE_FULL_VERSION_v1.4_FULL_REBUILD.zip!STEP12-G_CORE_V1_3_PHYSICAL_INHERITANCE_AUDIT.csv,5615,b28596334b23b888c2ca9068238874e690f968dd1a3cebcbc13a81b677b60d25
STEP SYNC CORE(20260907-081753).zip,2,step12 sync core.zip!STEP12-G_PHYSICAL_RLS_RUNTIME_RESIDUAL_GATE_FULL_VERSION_v1.4_FULL_REBUILD.zip!STEP12-G_EVIDENCE_PROVENANCE_MANIFEST.csv,3313,7e7c7cb2dcd4b2b482138cd5e4a2537ea6d280d86bfc8161d75baaccb2273bee
STEP SYNC CORE(20260907-081753).zip,2,step12 sync core.zip!STEP12-G_PHYSICAL_RLS_RUNTIME_RESIDUAL_GATE_FULL_VERSION_v1.4_FULL_REBUILD.zip!STEP12-G_EVIDENCE_SOURCE_INVENTORY_v1.4.csv,1533,16eca87b6e16e0322e302a787cd758440545466206ba013a13453daf20ed9554
STEP SYNC CORE(20260907-081753).zip,2,step12 sync core.zip!STEP12-G_PHYSICAL_RLS_RUNTIME_RESIDUAL_GATE_FULL_VERSION_v1.4_FULL_REBUILD.zip!STEP12-G_FINAL_PACKAGE_DEEP_SCAN_REPORT.csv,207,f416d3364ad97369d52c3c44fa1ca26de868ddd38b8be1de4e5a9a1a825bd973
STEP SYNC CORE(20260907-081753).zip,2,step12 sync core.zip!STEP12-G_PHYSICAL_RLS_RUNTIME_RESIDUAL_GATE_FULL_VERSION_v1.4_FULL_REBUILD.zip!STEP12-G_FINDING_REGISTER.csv,4524,c53f1d9f29a965b46c89bebbb72b4c85b47a4dbcb314a272805fb6dbad0abbe6
STEP SYNC CORE(20260907-081753).zip,2,step12 sync core.zip!STEP12-G_PHYSICAL_RLS_RUNTIME_RESIDUAL_GATE_FULL_VERSION_v1.4_FULL_REBUILD.zip!STEP12-G_FULL_VERSION.docx,39802,5dbe8dcd5f3835961890a6c21104ac912c52d26eedcdee1e58b73d9da6800d07
STEP SYNC CORE(20260907-081753).zip,2,step12 sync core.zip!STEP12-G_PHYSICAL_RLS_RUNTIME_RESIDUAL_GATE_FULL_VERSION_v1.4_FULL_REBUILD.zip!STEP12-G_FULL_VERSION.md,8052,d173a6c190b7e6049dce84c7b4b22c824ab4079734286a2e1708d9bc211aa8c5
STEP SYNC CORE(20260907-081753).zip,2,step12 sync core.zip!STEP12-G_PHYSICAL_RLS_RUNTIME_RESIDUAL_GATE_FULL_VERSION_v1.4_FULL_REBUILD.zip!STEP12-G_GATE_MATRIX.csv,1528,7c7296668549b1a3617b5991dde498456b569fd7b4fe4d6869973d4c992a1322
STEP SYNC CORE(20260907-081753).zip,2,step12 sync core.zip!STEP12-G_PHYSICAL_RLS_RUNTIME_RESIDUAL_GATE_FULL_VERSION_v1.4_FULL_REBUILD.zip!STEP12-G_M01-M15_PHYSICAL_RLS_IMPACT_MATRIX.csv,1409,703c7401dccf3a9517ba5004ac5b113d9a6d4b1062be59fb25fc68dd68213e4c
STEP SYNC CORE(20260907-081753).zip,2,step12 sync core.zip!STEP12-G_PHYSICAL_RLS_RUNTIME_RESIDUAL_GATE_FULL_VERSION_v1.4_FULL_REBUILD.zip!STEP12-G_M10_PERMISSION_PRESET_PHYSICAL_READINESS_REGISTER.csv,1688,0cd6de506b3d54493e3468972a711041f97e9e999fc1052e5583d2184b7a2fb4
STEP SYNC CORE(20260907-081753).zip,2,step12 sync core.zip!STEP12-G_PHYSICAL_RLS_RUNTIME_RESIDUAL_GATE_FULL_VERSION_v1.4_FULL_REBUILD.zip!STEP12-G_PHYSICAL_BASELINE_RECONCILIATION_MATRIX.csv,462,81b61b1ceaf5aef2f23d6d6af04ba63b4825c9583451b3aa524d57d5e21b64ea
STEP SYNC CORE(20260907-081753).zip,2,step12 sync core.zip!STEP12-G_PHYSICAL_RLS_RUNTIME_RESIDUAL_GATE_FULL_VERSION_v1.4_FULL_REBUILD.zip!STEP12-G_PORTABLE_CHECKPOINT.json,702,8b82e6bf3c02e09c41a1af4fd286102539731a426e1f0dd56372b7454e17a88e
STEP SYNC CORE(20260907-081753).zip,2,step12 sync core.zip!STEP12-G_PHYSICAL_RLS_RUNTIME_RESIDUAL_GATE_FULL_VERSION_v1.4_FULL_REBUILD.zip!STEP12-G_RECURSIVE_SOURCE_DEEP_SCAN_REPORT.csv,1804,8b37e3684a75aebf683ab192c40ad42337f720dfeea57728c19ec8601bf3fa69
STEP SYNC CORE(20260907-081753).zip,2,step12 sync core.zip!STEP12-G_PHYSICAL_RLS_RUNTIME_RESIDUAL_GATE_FULL_VERSION_v1.4_FULL_REBUILD.zip!STEP12-G_RLS_COVERAGE_MATRIX.csv,9791,6577e76de987dac81d14f2bb18423bc8b21c43660b1bc1215521aff786b5fcbb
STEP SYNC CORE(20260907-081753).zip,2,step12 sync core.zip!STEP12-G_PHYSICAL_RLS_RUNTIME_RESIDUAL_GATE_FULL_VERSION_v1.4_FULL_REBUILD.zip!STEP12-G_RLS_POLICY_TRACEABILITY_MATRIX.csv,8622,4e1fc16ccfac9a1d66c6cb8c625fd2d0249f29c02206a9e630c6f84e1e725f85
STEP SYNC CORE(20260907-081753).zip,2,step12 sync core.zip!STEP12-G_PHYSICAL_RLS_RUNTIME_RESIDUAL_GATE_FULL_VERSION_v1.4_FULL_REBUILD.zip!STEP12-G_ROLE_PERMISSION_CAPABILITY_RLS_MATRIX.csv,23634,af6f77078b3bdbf12eb3e718c6746df10e6f14b90ea461c6eff75d3ec08e48be
STEP SYNC CORE(20260907-081753).zip,2,step12 sync core.zip!STEP12-G_PHYSICAL_RLS_RUNTIME_RESIDUAL_GATE_FULL_VERSION_v1.4_FULL_REBUILD.zip!STEP12-G_RUNTIME_VERIFICATION_RESIDUAL_REGISTER.csv,521,461e3eeefd3b4d19fc85276f6e10d84070b5c796f6192772f0fa4eaff1ea8086
STEP SYNC CORE(20260907-081753).zip,2,step12 sync core.zip!STEP12-G_PHYSICAL_RLS_RUNTIME_RESIDUAL_GATE_FULL_VERSION_v1.4_FULL_REBUILD.zip!STEP12-G_SECURITY_CRITICAL_RESOURCE_REGISTER.csv,3828,546ff51083286d463e6e26f3c8b897fbea4d8574d44dca87f18ed78144a2fd1d
STEP SYNC CORE(20260907-081753).zip,2,step12 sync core.zip!STEP12-G_PHYSICAL_RLS_RUNTIME_RESIDUAL_GATE_FULL_VERSION_v1.4_FULL_REBUILD.zip!STEP12-G_SHA256_MANIFEST.csv,2463,79813a24942bbe8cd0a96cdbdadfb1cf112d88b0887faa3464e1fba6afc70c64
STEP SYNC CORE(20260907-081753).zip,2,step12 sync core.zip!STEP12-G_PHYSICAL_RLS_RUNTIME_RESIDUAL_GATE_FULL_VERSION_v1.4_FULL_REBUILD.zip!STEP12-G_SHA256_MANIFEST_PREBUILD.csv,2463,79813a24942bbe8cd0a96cdbdadfb1cf112d88b0887faa3464e1fba6afc70c64
STEP SYNC CORE(20260907-081753).zip,2,step12 sync core.zip!STEP12-G_PHYSICAL_RLS_RUNTIME_RESIDUAL_GATE_FULL_VERSION_v1.4_FULL_REBUILD.zip!STEP12-G_STEP12F_HANDOFF_REGISTER.csv,1733,cc58458ec454e3ec173f43f7a2c5b2925258cc354dd385d5322815ccb03a2bfe
STEP SYNC CORE(20260907-081753).zip,2,step12 sync core.zip!STEP12-G_PHYSICAL_RLS_RUNTIME_RESIDUAL_GATE_FULL_VERSION_v1.4_FULL_REBUILD.zip!STEP12-G_ZERO_POLICY_TABLE_REGISTER.csv,4033,e1ff68f4830cfd84e74d2f012d6bed595e50754810110a880db86110ba27cc4c
STEP SYNC CORE(20260907-081753).zip,1,step12 sync core.zip!STEP12-F_API_DATA_FLOW_AUTHORIZATION_TRACEABILITY_FULL_VERSION_v1.1_CORRECTED.zip,76997,ccfc70b2137ac930f39a668df0ef7fd26a6ecbc037035d59ac42a8a932df69e4
STEP SYNC CORE(20260907-081753).zip,2,step12 sync core.zip!STEP12-F_API_DATA_FLOW_AUTHORIZATION_TRACEABILITY_FULL_VERSION_v1.1_CORRECTED.zip!README.md,462,347c1ebe20959171f308e8438ad290ed7b7c64b9da1a091f366381be4320526e
STEP SYNC CORE(20260907-081753).zip,2,step12 sync core.zip!STEP12-F_API_DATA_FLOW_AUTHORIZATION_TRACEABILITY_FULL_VERSION_v1.1_CORRECTED.zip!STEP12-F_API_AUTHORIZATION_TRACEABILITY_MATRIX.csv,57358,7d23bb736c4207e3cc68993ae3c471def27f357c5c3064f214c0fca0cfa0458b
STEP SYNC CORE(20260907-081753).zip,2,step12 sync core.zip!STEP12-F_API_DATA_FLOW_AUTHORIZATION_TRACEABILITY_FULL_VERSION_v1.1_CORRECTED.zip!STEP12-F_API_DATA_ENTITY_MATRIX.csv,91600,73421c8c7eb5a7713fb8e0ea3c98e620871695a860cc2282c660a1e698858e71
STEP SYNC CORE(20260907-081753).zip,2,step12 sync core.zip!STEP12-F_API_DATA_FLOW_AUTHORIZATION_TRACEABILITY_FULL_VERSION_v1.1_CORRECTED.zip!STEP12-F_API_FLOW_MATRIX.csv,56272,fb94e06e68023abed877b775db52f259bd36598f053032a0e0e1928f00594212
STEP SYNC CORE(20260907-081753).zip,2,step12 sync core.zip!STEP12-F_API_DATA_FLOW_AUTHORIZATION_TRACEABILITY_FULL_VERSION_v1.1_CORRECTED.zip!STEP12-F_CAPABILITY_API_MATRIX.csv,19666,cfcef56e36173003125dc5c699cfd7d3ed0ca81638f759bde62d812fa5741225
STEP SYNC CORE(20260907-081753).zip,2,step12 sync core.zip!STEP12-F_API_DATA_FLOW_AUTHORIZATION_TRACEABILITY_FULL_VERSION_v1.1_CORRECTED.zip!STEP12-F_CONTROLLED_API_RESIDUAL_REGISTER.csv,2272,47c8a5fcb189462c042ad12eb74e2f83c8f6f46d913893d1d415f0f4c3fc2afe
STEP SYNC CORE(20260907-081753).zip,2,step12 sync core.zip!STEP12-F_API_DATA_FLOW_AUTHORIZATION_TRACEABILITY_FULL_VERSION_v1.1_CORRECTED.zip!STEP12-F_CORE_V1_3_INHERITANCE_RECONCILIATION_AUDIT.csv,3020,31518f2b43964512f83ae624c69f88b646816fc26c1679c7a5649423213f01ce
STEP SYNC CORE(20260907-081753).zip,2,step12 sync core.zip!STEP12-F_API_DATA_FLOW_AUTHORIZATION_TRACEABILITY_FULL_VERSION_v1.1_CORRECTED.zip!STEP12-F_CROSS_MODULE_AUTHORIZATION_TRACEABILITY_MATRIX.csv,1706,1120733e7aa4f0d540a8c3d40304508ad67fe3e009a94d79da23300284e1d88d
STEP SYNC CORE(20260907-081753).zip,2,step12 sync core.zip!STEP12-F_API_DATA_FLOW_AUTHORIZATION_TRACEABILITY_FULL_VERSION_v1.1_CORRECTED.zip!STEP12-F_FINAL_PACKAGE_DEEP_SCAN_REPORT.csv,182,3c07f11bda5d2645cc2456ed77f74b073d2b2bcd6cc72dca75aefa3630c1c6da
STEP SYNC CORE(20260907-081753).zip,2,step12 sync core.zip!STEP12-F_API_DATA_FLOW_AUTHORIZATION_TRACEABILITY_FULL_VERSION_v1.1_CORRECTED.zip!STEP12-F_FINDING_REGISTER.csv,2181,3102ab1bebd4e57f06449f12d5338cf6e5f940d3c599c9990765a79d1640ed72
STEP SYNC CORE(20260907-081753).zip,2,step12 sync core.zip!STEP12-F_API_DATA_FLOW_AUTHORIZATION_TRACEABILITY_FULL_VERSION_v1.1_CORRECTED.zip!STEP12-F_FULL_VERSION.docx,37142,ccd8489cfd8f466a957b2eb837234fbecc27cbcf19bf91db9779013e13385cab
STEP SYNC CORE(20260907-081753).zip,2,step12 sync core.zip!STEP12-F_API_DATA_FLOW_AUTHORIZATION_TRACEABILITY_FULL_VERSION_v1.1_CORRECTED.zip!STEP12-F_FULL_VERSION.md,2979,98c46d4780e0eecaa13ee614509a695faf6269dba80705274cdf9d3088d0fd7e
STEP SYNC CORE(20260907-081753).zip,2,step12 sync core.zip!STEP12-F_API_DATA_FLOW_AUTHORIZATION_TRACEABILITY_FULL_VERSION_v1.1_CORRECTED.zip!STEP12-F_GATE_MATRIX.csv,1491,b64565c7e44e54d3442a0c3a95ecbaf2d20c0cf12e1588bfc56157e0c2f49a19
STEP SYNC CORE(20260907-081753).zip,2,step12 sync core.zip!STEP12-F_API_DATA_FLOW_AUTHORIZATION_TRACEABILITY_FULL_VERSION_v1.1_CORRECTED.zip!STEP12-F_M01-M15_IMPACT_MATRIX.csv,2488,fdd6914df52e6d6450313e4cdb2d27d90ea055f527a1ca5f54f85e0b0891b22e
STEP SYNC CORE(20260907-081753).zip,2,step12 sync core.zip!STEP12-F_API_DATA_FLOW_AUTHORIZATION_TRACEABILITY_FULL_VERSION_v1.1_CORRECTED.zip!STEP12-F_MISSING_AUTHORIZATION_API_REGISTER.csv,576,d14e871d2d64b5135aa2abec1960b4fb33d063d68d3d921f7f43998e90b26126
STEP SYNC CORE(20260907-081753).zip,2,step12 sync core.zip!STEP12-F_API_DATA_FLOW_AUTHORIZATION_TRACEABILITY_FULL_VERSION_v1.1_CORRECTED.zip!STEP12-F_ORPHAN_CAPABILITY_REGISTER.csv,21219,f88121445387f8ac53c27e1fe839fe36ceef0ffc422556729c6db1c843631d38
STEP SYNC CORE(20260907-081753).zip,2,step12 sync core.zip!STEP12-F_API_DATA_FLOW_AUTHORIZATION_TRACEABILITY_FULL_VERSION_v1.1_CORRECTED.zip!STEP12-F_PORTABLE_CHECKPOINT.json,886,c02b5c7bb01eee0512c5c6c1b80104de2dfcb694a8c57e4b57483aef8821c9bc
STEP SYNC CORE(20260907-081753).zip,2,step12 sync core.zip!STEP12-F_API_DATA_FLOW_AUTHORIZATION_TRACEABILITY_FULL_VERSION_v1.1_CORRECTED.zip!STEP12-F_PROTECTED_API_AUTHORIZATION_COVERAGE.csv,65732,1de519d3d3ba44b9b633695c1b9efd7f6be07a8cfc01a41919b45208c749fac0
STEP SYNC CORE(20260907-081753).zip,2,step12 sync core.zip!STEP12-F_API_DATA_FLOW_AUTHORIZATION_TRACEABILITY_FULL_VERSION_v1.1_CORRECTED.zip!STEP12-F_RECURSIVE_SOURCE_DEEP_SCAN_REPORT.csv,1909,4f993b9c9a7b37aecd1509ee63761c67a49673c8f05ac28637b70fe9f6fe9b2f
STEP SYNC CORE(20260907-081753).zip,2,step12 sync core.zip!STEP12-F_API_DATA_FLOW_AUTHORIZATION_TRACEABILITY_FULL_VERSION_v1.1_CORRECTED.zip!STEP12-F_ROLE_PERMISSION_CAPABILITY_API_MATRIX.csv,118023,3b1f4a1eb458ad16764a5ccbf3bfa5b7250044e22b7d416b1dade12c63c9691a
STEP SYNC CORE(20260907-081753).zip,2,step12 sync core.zip!STEP12-F_API_DATA_FLOW_AUTHORIZATION_TRACEABILITY_FULL_VERSION_v1.1_CORRECTED.zip!STEP12-F_SHA256_MANIFEST.csv,2312,08931b1ff54d927b2f62306cfdd312ab1d9c4f74f7d3ed62fb5b9455a0239ca2
STEP SYNC CORE(20260907-081753).zip,2,step12 sync core.zip!STEP12-F_API_DATA_FLOW_AUTHORIZATION_TRACEABILITY_FULL_VERSION_v1.1_CORRECTED.zip!STEP12-F_SOURCE_EVIDENCE_PROVENANCE_MANIFEST.csv,632,543421d19afabe6593faf6b8d7f326ddbfc4da776b84005b540677bdcfea5b7a
STEP SYNC CORE(20260907-081753).zip,2,step12 sync core.zip!STEP12-F_API_DATA_FLOW_AUTHORIZATION_TRACEABILITY_FULL_VERSION_v1.1_CORRECTED.zip!STEP12-F_STEP12E_HANDOFF_REGISTER.csv,424,7edb355a504d3424684f0d6390cb770f437fecfef28c6bc716b39d83040017f5
STEP SYNC CORE(20260907-081753).zip,1,step12 sync core.zip!STEP12-E_CROSS_MODULE_AUTHORIZATION_RECONCILIATION_FULL_VERSION_v1.1_CORRECTED.zip,54632,c96332bf3d1bb821cb3555a84ed07c9a79781b2db3306f937b1444cfe973455e
STEP SYNC CORE(20260907-081753).zip,2,step12 sync core.zip!STEP12-E_CROSS_MODULE_AUTHORIZATION_RECONCILIATION_FULL_VERSION_v1.1_CORRECTED.zip!README.md,476,ff33fe377923c6831b30b1f6bc19012bbd96a02fba17093afe727ffdbf5b3bbe
STEP SYNC CORE(20260907-081753).zip,2,step12 sync core.zip!STEP12-E_CROSS_MODULE_AUTHORIZATION_RECONCILIATION_FULL_VERSION_v1.1_CORRECTED.zip!STEP12-E_AUTHORIZATION_DEPENDENCY_MATRIX.csv,12834,142e93b7da9880b1c6f8b0c966e84131bbafea3b7b7eaf4e070d7e205b177a85
STEP SYNC CORE(20260907-081753).zip,2,step12 sync core.zip!STEP12-E_CROSS_MODULE_AUTHORIZATION_RECONCILIATION_FULL_VERSION_v1.1_CORRECTED.zip!STEP12-E_CAPABILITY_OWNERSHIP_MATRIX.csv,9188,af8be039a4ffb8a9ce828c3475f7533522975c2917b5a5236a7d7ea486ee5bd3
STEP SYNC CORE(20260907-081753).zip,2,step12 sync core.zip!STEP12-E_CROSS_MODULE_AUTHORIZATION_RECONCILIATION_FULL_VERSION_v1.1_CORRECTED.zip!STEP12-E_CONTROLLED_RESIDUAL_REGISTER.csv,541,c8caa3ade503ae1dfb736a3ee05c17aa5d8e7521bb4dc4cf03420082622b1501
STEP SYNC CORE(20260907-081753).zip,2,step12 sync core.zip!STEP12-E_CROSS_MODULE_AUTHORIZATION_RECONCILIATION_FULL_VERSION_v1.1_CORRECTED.zip!STEP12-E_CORE_V1_3_INHERITANCE_RECONCILIATION_AUDIT.csv,5263,708d7ac6907a5f35d443ae3e95bcfa7b5e4c569c7a4d19b8e56393a7bdf1a2c1
STEP SYNC CORE(20260907-081753).zip,2,step12 sync core.zip!STEP12-E_CROSS_MODULE_AUTHORIZATION_RECONCILIATION_FULL_VERSION_v1.1_CORRECTED.zip!STEP12-E_CORE_V1_3_SCOPE_GAP_AUDIT.csv,2613,45ed052cb0d342ffc1bc1d1279f8d4ae0ae43466004bfd678bef53c01b723231
STEP SYNC CORE(20260907-081753).zip,2,step12 sync core.zip!STEP12-E_CROSS_MODULE_AUTHORIZATION_RECONCILIATION_FULL_VERSION_v1.1_CORRECTED.zip!STEP12-E_CROSS_MODULE_AUTHORIZATION_RECONCILIATION_FULL_VERSION.docx,37297,be2c91da680d63d20086583271acd8bacd823cb85d2ff7a47712d1220cfdd133
STEP SYNC CORE(20260907-081753).zip,2,step12 sync core.zip!STEP12-E_CROSS_MODULE_AUTHORIZATION_RECONCILIATION_FULL_VERSION_v1.1_CORRECTED.zip!STEP12-E_CROSS_MODULE_AUTHORIZATION_RECONCILIATION_FULL_VERSION.md,1799,1e260cc43abab91b1eade8dc22fcaf89dbb35e2697796dbd9a4f82dcfe3e1da4
STEP SYNC CORE(20260907-081753).zip,2,step12 sync core.zip!STEP12-E_CROSS_MODULE_AUTHORIZATION_RECONCILIATION_FULL_VERSION_v1.1_CORRECTED.zip!STEP12-E_CROSS_MODULE_AUTHORIZATION_RECONCILIATION_MATRIX.csv,2886,687a01685740dee117e1ce3cdce10786691797b239afda0583461d546b08a8b2
STEP SYNC CORE(20260907-081753).zip,2,step12 sync core.zip!STEP12-E_CROSS_MODULE_AUTHORIZATION_RECONCILIATION_FULL_VERSION_v1.1_CORRECTED.zip!STEP12-E_CROSS_MODULE_CONFLICT_FINDING_REGISTER.csv,1346,8654757fc126fd81da7719c3050d00091c0aa52975b6afae7bb53f1d79931d50
STEP SYNC CORE(20260907-081753).zip,2,step12 sync core.zip!STEP12-E_CROSS_MODULE_AUTHORIZATION_RECONCILIATION_FULL_VERSION_v1.1_CORRECTED.zip!STEP12-E_FINAL_PACKAGE_DEEP_SCAN_REPORT.csv,175,e17617da9b134a7775acf8bd982e0ce0f49d253ab5083af4b39a1431a5296bdc
STEP SYNC CORE(20260907-081753).zip,2,step12 sync core.zip!STEP12-E_CROSS_MODULE_AUTHORIZATION_RECONCILIATION_FULL_VERSION_v1.1_CORRECTED.zip!STEP12-E_GATE_MATRIX.csv,1075,56a40923934219f90e8bcabd0d2fb3dd27940d3fd470b6cf1fbf1a162a37bf76
STEP SYNC CORE(20260907-081753).zip,2,step12 sync core.zip!STEP12-E_CROSS_MODULE_AUTHORIZATION_RECONCILIATION_FULL_VERSION_v1.1_CORRECTED.zip!STEP12-E_M01-M15_AUTHORITY_BOUNDARY_IMPACT_MATRIX.csv,784,fa90ffcdbd36c640d2a336b9829bc0c278c37f86a8d165e636953bb619b52ee6
STEP SYNC CORE(20260907-081753).zip,2,step12 sync core.zip!STEP12-E_CROSS_MODULE_AUTHORIZATION_RECONCILIATION_FULL_VERSION_v1.1_CORRECTED.zip!STEP12-E_M01-M15_AUTHORITY_BOUNDARY_MATRIX_FULL.csv,2413,33348d68f91befd23ed123a3d5cf0b11c7798aa21a9612985f21cde55283e13e
STEP SYNC CORE(20260907-081753).zip,2,step12 sync core.zip!STEP12-E_CROSS_MODULE_AUTHORIZATION_RECONCILIATION_FULL_VERSION_v1.1_CORRECTED.zip!STEP12-E_M10_AUTHORIZATION_AUTHORITY_VERIFICATION.csv,832,fd2f533953e6c9fe8d46188b594754a0445d56a4fee27152b07868ce079898ed
STEP SYNC CORE(20260907-081753).zip,2,step12 sync core.zip!STEP12-E_CROSS_MODULE_AUTHORIZATION_RECONCILIATION_FULL_VERSION_v1.1_CORRECTED.zip!STEP12-E_PORTABLE_CHECKPOINT.json,552,2d5f969f58ca513eaea3b295578d47d906b13410ecba9877dc88c3b1d4c4265d
STEP SYNC CORE(20260907-081753).zip,2,step12 sync core.zip!STEP12-E_CROSS_MODULE_AUTHORIZATION_RECONCILIATION_FULL_VERSION_v1.1_CORRECTED.zip!STEP12-E_RECURSIVE_SOURCE_DEEP_SCAN_REPORT.csv,905,e81fbf8050dfdd5922e15965f5e6138a710b0232e4f54a0df00ce1b27ffb967e
STEP SYNC CORE(20260907-081753).zip,2,step12 sync core.zip!STEP12-E_CROSS_MODULE_AUTHORIZATION_RECONCILIATION_FULL_VERSION_v1.1_CORRECTED.zip!STEP12-E_SCOPE_CONDITION_OWNERSHIP_ORGANIZATION_BOUNDARY_MATRIX.csv,19539,ed9ed9747eb19522f8e7ec945c1325a1e893fc1a92efa4dd558d908903d69632
STEP SYNC CORE(20260907-081753).zip,2,step12 sync core.zip!STEP12-E_CROSS_MODULE_AUTHORIZATION_RECONCILIATION_FULL_VERSION_v1.1_CORRECTED.zip!STEP12-E_SHA256_MANIFEST.csv,2364,08252783b6b1438bf5f376fa4dbd7802906094784baa02c4e48f03dfcdd297d6
STEP SYNC CORE(20260907-081753).zip,2,step12 sync core.zip!STEP12-E_CROSS_MODULE_AUTHORIZATION_RECONCILIATION_FULL_VERSION_v1.1_CORRECTED.zip!STEP12-E_SOURCE_EVIDENCE_PROVENANCE_MANIFEST.csv,1731,1549a6ae1dfc9c9395b192fc1e96351ebfcfdf20a051c0acd81200448a012a3c
STEP SYNC CORE(20260907-081753).zip,2,step12 sync core.zip!STEP12-E_CROSS_MODULE_AUTHORIZATION_RECONCILIATION_FULL_VERSION_v1.1_CORRECTED.zip!STEP12-E_STEP12D_HANDOFF_REGISTER.csv,671,c9e887a7b2bed2bebdd461eee4369f67af69e3c8f784130b3cfceac088f4c8bf
STEP SYNC CORE(20260907-081753).zip,1,step12 sync core.zip!STEP12-D_PHYSICAL_AUTHORIZATION_RLS_MAPPING_ENFORCEMENT_FULL_VERSION_v1.1_CORRECTED.zip,72672,e697573849b01f936ab454edcce5574a722158274a8fad5a4103161e9ce70c54
STEP SYNC CORE(20260907-081753).zip,2,step12 sync core.zip!STEP12-D_PHYSICAL_AUTHORIZATION_RLS_MAPPING_ENFORCEMENT_FULL_VERSION_v1.1_CORRECTED.zip!README.md,476,ccde1f3337577e6770d1af17062a5da28d009e6fa132af35997085c83d46d30d
STEP SYNC CORE(20260907-081753).zip,2,step12 sync core.zip!STEP12-D_PHYSICAL_AUTHORIZATION_RLS_MAPPING_ENFORCEMENT_FULL_VERSION_v1.1_CORRECTED.zip!STEP12-D_API_DATA_RLS_DEPENDENCY_REGISTER.csv,17320,8f6e726434195acfaaa4c4187d4a20b42cf8ec9d8bfaeeb108ac59af10a6e81c
STEP SYNC CORE(20260907-081753).zip,2,step12 sync core.zip!STEP12-D_PHYSICAL_AUTHORIZATION_RLS_MAPPING_ENFORCEMENT_FULL_VERSION_v1.1_CORRECTED.zip!STEP12-D_CAPABILITY_RESOURCE_MAPPING.csv,9212,b7d3d006bd49b8946bba4f29884c7ef3fc931a0808595e630315d6ab69f08011
STEP SYNC CORE(20260907-081753).zip,2,step12 sync core.zip!STEP12-D_PHYSICAL_AUTHORIZATION_RLS_MAPPING_ENFORCEMENT_FULL_VERSION_v1.1_CORRECTED.zip!STEP12-D_CONDITION_PHYSICAL_ENFORCEMENT_REGISTER.csv,12920,3a54ddc9a91eb0f15b5a112eaeeb8db233ababd17a60f074493519e2de9fa680
STEP SYNC CORE(20260907-081753).zip,2,step12 sync core.zip!STEP12-D_PHYSICAL_AUTHORIZATION_RLS_MAPPING_ENFORCEMENT_FULL_VERSION_v1.1_CORRECTED.zip!STEP12-D_CONTROLLED_PHYSICAL_DELTA_REGISTER.csv,1363,10cff71d7be5d9e1856ba72d253cfbebc6dec67003b4c9ffd2a19f89fc953258
STEP SYNC CORE(20260907-081753).zip,2,step12 sync core.zip!STEP12-D_PHYSICAL_AUTHORIZATION_RLS_MAPPING_ENFORCEMENT_FULL_VERSION_v1.1_CORRECTED.zip!STEP12-D_CORE_V1_3_PHYSICAL_AUTHORIZATION_INHERITANCE_REGISTER.csv,2848,79f5a734357882332221b11a446a415c79fe4be11228d3ca39d52d6e1f77be31
STEP SYNC CORE(20260907-081753).zip,2,step12 sync core.zip!STEP12-D_PHYSICAL_AUTHORIZATION_RLS_MAPPING_ENFORCEMENT_FULL_VERSION_v1.1_CORRECTED.zip!STEP12-D_CORE_V1_3_SCOPE_GAP_AUDIT.csv,1179,102414f866085bad5d2f10de49c424b80c955ca6ab8f665ed690ddf07e19b6e5
STEP SYNC CORE(20260907-081753).zip,2,step12 sync core.zip!STEP12-D_PHYSICAL_AUTHORIZATION_RLS_MAPPING_ENFORCEMENT_FULL_VERSION_v1.1_CORRECTED.zip!STEP12-D_CROSS_MODULE_RLS_CONFLICT_REGISTER.csv,1298,7d5af0ed71d55bc7e8f6bfd4723d40ce29c5eb4ca280af05c98df48ac0aa0d56
STEP SYNC CORE(20260907-081753).zip,2,step12 sync core.zip!STEP12-D_PHYSICAL_AUTHORIZATION_RLS_MAPPING_ENFORCEMENT_FULL_VERSION_v1.1_CORRECTED.zip!STEP12-D_GATE_MATRIX.csv,1064,1fb1bea2f81138193bd22ab68dcc78914055c8d18efefb04a194fe4227d3f732
STEP SYNC CORE(20260907-081753).zip,2,step12 sync core.zip!STEP12-D_PHYSICAL_AUTHORIZATION_RLS_MAPPING_ENFORCEMENT_FULL_VERSION_v1.1_CORRECTED.zip!STEP12-D_LOGICAL_ENTITY_TO_PHYSICAL_TABLE_MAPPING.csv,11146,eafd657636cc0a933471772497e62dc1c12715fa58d8e03fed3be501594330f3
STEP SYNC CORE(20260907-081753).zip,2,step12 sync core.zip!STEP12-D_PHYSICAL_AUTHORIZATION_RLS_MAPPING_ENFORCEMENT_FULL_VERSION_v1.1_CORRECTED.zip!STEP12-D_M01-M15_PHYSICAL_AUTHORIZATION_IMPACT_MATRIX.csv,798,673ed3bac3c2f033a0c9f0b4fda91d2f8a61abeb7b490cf879340e3649402dde
STEP SYNC CORE(20260907-081753).zip,2,step12 sync core.zip!STEP12-D_PHYSICAL_AUTHORIZATION_RLS_MAPPING_ENFORCEMENT_FULL_VERSION_v1.1_CORRECTED.zip!STEP12-D_M10_PERMISSION_PRESET_PHYSICAL_MAPPING.csv,1667,f32b49620eadfc8b9ed312f4f27f640fa6df84c26267a14a9e674ca87a80b40e
STEP SYNC CORE(20260907-081753).zip,2,step12 sync core.zip!STEP12-D_PHYSICAL_AUTHORIZATION_RLS_MAPPING_ENFORCEMENT_FULL_VERSION_v1.1_CORRECTED.zip!STEP12-D_MISSING_PHYSICAL_ENFORCEMENT_FINDING_REGISTER.csv,2671,f65e642811684082319d7d9f2d99df4f3ffcb32a171b892317fe9eb6d4c55f13
STEP SYNC CORE(20260907-081753).zip,2,step12 sync core.zip!STEP12-D_PHYSICAL_AUTHORIZATION_RLS_MAPPING_ENFORCEMENT_FULL_VERSION_v1.1_CORRECTED.zip!STEP12-D_ORGANIZATION_BOUNDARY_ENFORCEMENT_REGISTER.csv,15561,09bce6e419d744817ada5a8cbd2dd8528d59123a126b2ea5291c6599b32d82b8
STEP SYNC CORE(20260907-081753).zip,2,step12 sync core.zip!STEP12-D_PHYSICAL_AUTHORIZATION_RLS_MAPPING_ENFORCEMENT_FULL_VERSION_v1.1_CORRECTED.zip!STEP12-D_OWNERSHIP_ENFORCEMENT_REGISTER.csv,15479,4ea5f5cec7f5d09ebda48f88ffd8f561d0f5c5af1c9a69304f0789401a48a14c
STEP SYNC CORE(20260907-081753).zip,2,step12 sync core.zip!STEP12-D_PHYSICAL_AUTHORIZATION_RLS_MAPPING_ENFORCEMENT_FULL_VERSION_v1.1_CORRECTED.zip!STEP12-D_PHYSICAL_AUTHORIZATION_MAPPING_MATRIX.csv,29590,a3b4bfbfa7f6f69f44a8472e89d4c8b1dc87f35fff902a494af81fa4bbccf51e
STEP SYNC CORE(20260907-081753).zip,2,step12 sync core.zip!STEP12-D_PHYSICAL_AUTHORIZATION_RLS_MAPPING_ENFORCEMENT_FULL_VERSION_v1.1_CORRECTED.zip!STEP12-D_PHYSICAL_AUTHORIZATION_RLS_MAPPING_ENFORCEMENT_READINESS_FULL_VERSION.docx,38292,f7efdbaece16dbcfebb829073fc336479e63d6639a8a301e2080f89e9169638d
STEP SYNC CORE(20260907-081753).zip,2,step12 sync core.zip!STEP12-D_PHYSICAL_AUTHORIZATION_RLS_MAPPING_ENFORCEMENT_FULL_VERSION_v1.1_CORRECTED.zip!STEP12-D_PHYSICAL_AUTHORIZATION_RLS_MAPPING_ENFORCEMENT_READINESS_FULL_VERSION.md,3842,f6dd55db47b7802f5a3917bb6488a47f40b2271256af816e3a959695d87a01e4
STEP SYNC CORE(20260907-081753).zip,2,step12 sync core.zip!STEP12-D_PHYSICAL_AUTHORIZATION_RLS_MAPPING_ENFORCEMENT_FULL_VERSION_v1.1_CORRECTED.zip!STEP12-D_PHYSICAL_RLS_RUNTIME_RESIDUAL_REGISTER.csv,1109,1f0a0d806c35bc3d8335838d47f7562a4fe59e4906fbff995054104ee152ea86
STEP SYNC CORE(20260907-081753).zip,2,step12 sync core.zip!STEP12-D_PHYSICAL_AUTHORIZATION_RLS_MAPPING_ENFORCEMENT_FULL_VERSION_v1.1_CORRECTED.zip!STEP12-D_PORTABLE_CHECKPOINT.json,363,2bc4193382745d2f3d64e0b70d3e75320dfa305757b3a5e75644863cfcb8206f
STEP SYNC CORE(20260907-081753).zip,2,step12 sync core.zip!STEP12-D_PHYSICAL_AUTHORIZATION_RLS_MAPPING_ENFORCEMENT_FULL_VERSION_v1.1_CORRECTED.zip!STEP12-D_RLS_COVERAGE_MATRIX.csv,8001,ae6b3b93f114d78f78a0ce2e39eb3245010a19d93c9c340239f1a76e91b99f97
STEP SYNC CORE(20260907-081753).zip,2,step12 sync core.zip!STEP12-D_PHYSICAL_AUTHORIZATION_RLS_MAPPING_ENFORCEMENT_FULL_VERSION_v1.1_CORRECTED.zip!STEP12-D_RLS_REQUIREMENT_MATRIX.csv,24522,8bca9404846af3be73be0d8bc4cba604153c0a1cd2d449efe3c98f78fb40524f
STEP SYNC CORE(20260907-081753).zip,2,step12 sync core.zip!STEP12-D_PHYSICAL_AUTHORIZATION_RLS_MAPPING_ENFORCEMENT_FULL_VERSION_v1.1_CORRECTED.zip!STEP12-D_ROLE_PERMISSION_RLS_DEPENDENCY_REGISTER.csv,15735,1fc6cf082aca27b7532c3ce3ecaa4ae29a1f7c841433d4f084f32e7f277a2377
STEP SYNC CORE(20260907-081753).zip,2,step12 sync core.zip!STEP12-D_PHYSICAL_AUTHORIZATION_RLS_MAPPING_ENFORCEMENT_FULL_VERSION_v1.1_CORRECTED.zip!STEP12-D_SECOND_DEEP_SCAN_REPORT.csv,304,1e4c728474d0e58b04bf4275780d3e3f8e5bcf45650cb196d0aaaf58bd4e6ccb
STEP SYNC CORE(20260907-081753).zip,2,step12 sync core.zip!STEP12-D_PHYSICAL_AUTHORIZATION_RLS_MAPPING_ENFORCEMENT_FULL_VERSION_v1.1_CORRECTED.zip!STEP12-D_SHA256_MANIFEST.csv,3208,5926a80fd901a3e7325bb654dc067fd1ddd7fae5549863df899b622010e17bd7
STEP SYNC CORE(20260907-081753).zip,2,step12 sync core.zip!STEP12-D_PHYSICAL_AUTHORIZATION_RLS_MAPPING_ENFORCEMENT_FULL_VERSION_v1.1_CORRECTED.zip!STEP12-D_SOURCE_EVIDENCE_PROVENANCE_MANIFEST.csv,1575,a035fadc25f8e498bb6d015a3bed53fec4a3941d4030d8fc4aa7dee5dcf1d9d4
STEP SYNC CORE(20260907-081753).zip,2,step12 sync core.zip!STEP12-D_PHYSICAL_AUTHORIZATION_RLS_MAPPING_ENFORCEMENT_FULL_VERSION_v1.1_CORRECTED.zip!STEP12-D_STEP12C_HANDOFF_REGISTER.csv,634,5c51e8d6d91be1cd236b4823a188883c82e9fbc6bed783dd36c84d749c3b5810
STEP SYNC CORE(20260907-081753).zip,2,step12 sync core.zip!STEP12-D_PHYSICAL_AUTHORIZATION_RLS_MAPPING_ENFORCEMENT_FULL_VERSION_v1.1_CORRECTED.zip!STEP12-D_TARGETED_RLS_HARDENING_REGISTER.csv,73,97473e69ae868418b7d795aa18e14c0246626735704998ec4f3e6546bb820fbf
STEP SYNC CORE(20260907-081753).zip,1,step12 sync core.zip!STEP12-C_CAPABILITY_SCOPE_CONDITION_OWNERSHIP_ORGANIZATION_FULL_VERSION_v1.1_CORRECTED.zip,65092,8f79f4e805657beee4f9dd9904c1445fd77e8efbb439fc6234bf7ecfdd07233d
STEP SYNC CORE(20260907-081753).zip,2,step12 sync core.zip!STEP12-C_CAPABILITY_SCOPE_CONDITION_OWNERSHIP_ORGANIZATION_FULL_VERSION_v1.1_CORRECTED.zip!README.md,671,4fc44842172062b1e694d0740d0aab32cb4b37acd8a3fc6eb7db9faf27405762
STEP SYNC CORE(20260907-081753).zip,2,step12 sync core.zip!STEP12-C_CAPABILITY_SCOPE_CONDITION_OWNERSHIP_ORGANIZATION_FULL_VERSION_v1.1_CORRECTED.zip!STEP12-C_API_DATA_FLOW_AUTHORIZATION_DEPENDENCY_REGISTER.csv,1706,598997fa7da1caa79b3900a0c65de02dfc3bbedac61f5269d76d9503297467e5
STEP SYNC CORE(20260907-081753).zip,2,step12 sync core.zip!STEP12-C_CAPABILITY_SCOPE_CONDITION_OWNERSHIP_ORGANIZATION_FULL_VERSION_v1.1_CORRECTED.zip!STEP12-C_AUTHORIZATION_GRAPH_REGISTER.csv,85792,9ef8aa1f118a8194f927da6cf1f49edc79e42f567eca7bc58371459658312bf5
STEP SYNC CORE(20260907-081753).zip,2,step12 sync core.zip!STEP12-C_CAPABILITY_SCOPE_CONDITION_OWNERSHIP_ORGANIZATION_FULL_VERSION_v1.1_CORRECTED.zip!STEP12-C_CAPABILITY_AUTHORITY_REGISTER.csv,7768,979b5866cb8b20ff1a253657e533542b31d42e0be24a3199a0e40b5c0f9f0c32
STEP SYNC CORE(20260907-081753).zip,2,step12 sync core.zip!STEP12-C_CAPABILITY_SCOPE_CONDITION_OWNERSHIP_ORGANIZATION_FULL_VERSION_v1.1_CORRECTED.zip!STEP12-C_CAPABILITY_SCOPE_CONDITION_OWNERSHIP_ORGANIZATION_FULL_VERSION.docx,38946,abde2da57a0966fdb013a77f3cfc841b289688d5c64015fb1d7cdc73282e3497
STEP SYNC CORE(20260907-081753).zip,2,step12 sync core.zip!STEP12-C_CAPABILITY_SCOPE_CONDITION_OWNERSHIP_ORGANIZATION_FULL_VERSION_v1.1_CORRECTED.zip!STEP12-C_CAPABILITY_SCOPE_CONDITION_OWNERSHIP_ORGANIZATION_FULL_VERSION.md,5146,d3a845f0ba2545c8d2a0d9131f486f6c49ec5a432df5f22f9670fa7f9dda2028
STEP SYNC CORE(20260907-081753).zip,2,step12 sync core.zip!STEP12-C_CAPABILITY_SCOPE_CONDITION_OWNERSHIP_ORGANIZATION_FULL_VERSION_v1.1_CORRECTED.zip!STEP12-C_CAPABILITY_SCOPE_CONDITION_OWNERSHIP_ORGANIZATION_MATRIX.csv,9625,874964653125f1ffc910ef0f8b444e99093a135c0d9e1380b0026c9ec630b438
STEP SYNC CORE(20260907-081753).zip,2,step12 sync core.zip!STEP12-C_CAPABILITY_SCOPE_CONDITION_OWNERSHIP_ORGANIZATION_FULL_VERSION_v1.1_CORRECTED.zip!STEP12-C_CONDITION_REGISTER.csv,6137,485bf7b7c91319e21ed39b5db029646fab0e1cc91eafee89cd2a730b98715652
STEP SYNC CORE(20260907-081753).zip,2,step12 sync core.zip!STEP12-C_CAPABILITY_SCOPE_CONDITION_OWNERSHIP_ORGANIZATION_FULL_VERSION_v1.1_CORRECTED.zip!STEP12-C_CORE_V1_3_C_SCOPE_INHERITANCE_AUGMENTATION_REGISTER.csv,1681,518279a0034f9b449843616ee2adea15cf13a681295e4148989712352375f928
STEP SYNC CORE(20260907-081753).zip,2,step12 sync core.zip!STEP12-C_CAPABILITY_SCOPE_CONDITION_OWNERSHIP_ORGANIZATION_FULL_VERSION_v1.1_CORRECTED.zip!STEP12-C_CROSS_MODULE_AUTHORIZATION_CONFLICT_REGISTER.csv,2023,3d63fab3a73b9766914f8457fe7b5b1c46c6c81de941ddac7a0514364e17498a
STEP SYNC CORE(20260907-081753).zip,2,step12 sync core.zip!STEP12-C_CAPABILITY_SCOPE_CONDITION_OWNERSHIP_ORGANIZATION_FULL_VERSION_v1.1_CORRECTED.zip!STEP12-C_FINDING_REGISTER.csv,1448,37ccf0e31df818228092aa1bfc182e9a228b60c2e7805ee8b65c74ffd956b719
STEP SYNC CORE(20260907-081753).zip,2,step12 sync core.zip!STEP12-C_CAPABILITY_SCOPE_CONDITION_OWNERSHIP_ORGANIZATION_FULL_VERSION_v1.1_CORRECTED.zip!STEP12-C_GATE_MATRIX.csv,875,503484abfa37456d0cd10e717b0b09aa65fc1df73ccd2d07b3593c816572f488
STEP SYNC CORE(20260907-081753).zip,2,step12 sync core.zip!STEP12-C_CAPABILITY_SCOPE_CONDITION_OWNERSHIP_ORGANIZATION_FULL_VERSION_v1.1_CORRECTED.zip!STEP12-C_M01-M15_C_SCOPE_IMPACT_MATRIX.csv,2093,d90796a7ba1dd64679fbd01763f1f00dbb30d20c3b3062b93ee57b1ad8fd9e12
STEP SYNC CORE(20260907-081753).zip,2,step12 sync core.zip!STEP12-C_CAPABILITY_SCOPE_CONDITION_OWNERSHIP_ORGANIZATION_FULL_VERSION_v1.1_CORRECTED.zip!STEP12-C_ORGANIZATION_CONTEXT_REGISTER.csv,13387,e7dafd8f4b7ac2b8cf6f7699c30d4f45316568ded4ca5a1090780a8e40bbb4c5
STEP SYNC CORE(20260907-081753).zip,2,step12 sync core.zip!STEP12-C_CAPABILITY_SCOPE_CONDITION_OWNERSHIP_ORGANIZATION_FULL_VERSION_v1.1_CORRECTED.zip!STEP12-C_OWNERSHIP_BOUNDARY_REGISTER.csv,10459,8f7023ba59726ee1d72bd525627a82bc1b4353ac9d35794f9ed4718be535363e
STEP SYNC CORE(20260907-081753).zip,2,step12 sync core.zip!STEP12-C_CAPABILITY_SCOPE_CONDITION_OWNERSHIP_ORGANIZATION_FULL_VERSION_v1.1_CORRECTED.zip!STEP12-C_PHYSICAL_RLS_DOWNSTREAM_RESIDUAL_REGISTER.csv,559,9633b251ddf726eeeacb120492b4d41bf748057fe08f0a46d444baa75d7cd19c
STEP SYNC CORE(20260907-081753).zip,2,step12 sync core.zip!STEP12-C_CAPABILITY_SCOPE_CONDITION_OWNERSHIP_ORGANIZATION_FULL_VERSION_v1.1_CORRECTED.zip!STEP12-C_PORTABLE_CHECKPOINT.json,801,5e9717821458f7d3707fe42470ac95706917d2aae753560abfa7027f24c118bf
STEP SYNC CORE(20260907-081753).zip,2,step12 sync core.zip!STEP12-C_CAPABILITY_SCOPE_CONDITION_OWNERSHIP_ORGANIZATION_FULL_VERSION_v1.1_CORRECTED.zip!STEP12-C_SCOPE_SEMANTICS_REGISTER.csv,10986,b6d131fc894e49320a4025fb3c66da90e2c3617cb2f0c27889782cd2eeb1383d
STEP SYNC CORE(20260907-081753).zip,2,step12 sync core.zip!STEP12-C_CAPABILITY_SCOPE_CONDITION_OWNERSHIP_ORGANIZATION_FULL_VERSION_v1.1_CORRECTED.zip!STEP12-C_SOURCE_MANIFEST_SHA256.csv,1238,525de563ce48e95f9d0d6dc7dff8e0f259244113c5c71d1af76efc5db907d646
STEP SYNC CORE(20260907-081753).zip,2,step12 sync core.zip!STEP12-C_CAPABILITY_SCOPE_CONDITION_OWNERSHIP_ORGANIZATION_FULL_VERSION_v1.1_CORRECTED.zip!STEP12-C_STEP12B_HANDOFF_REGISTER.csv,538,15c252b092ef8b236652db51a8d71783e321e09f120cd6f1a3d94e1260774572
STEP SYNC CORE(20260907-081753).zip,1,step12 sync core.zip!STEP12-B_PERMISSION_PRESET_SYNCHRONIZATION_FULL_VERSION_v1.1_CORRECTED.zip,52310,2f932ca6443ab7814d75cbe132d99898580dad5f24474547431ad3dcb5f6bb23
STEP SYNC CORE(20260907-081753).zip,2,step12 sync core.zip!STEP12-B_PERMISSION_PRESET_SYNCHRONIZATION_FULL_VERSION_v1.1_CORRECTED.zip!README.md,389,a6abd28d17642eb7d638c8619f641e58bed53362685b502cfc9a6744d84533e2
STEP SYNC CORE(20260907-081753).zip,2,step12 sync core.zip!STEP12-B_PERMISSION_PRESET_SYNCHRONIZATION_FULL_VERSION_v1.1_CORRECTED.zip!STEP12-B_API_STORAGE_RLS_EVIDENCE_REGISTER.csv,893,8b4c770f7c6b824b8d05ed03baeb53134a8c9d47621eeca64e0aa95ee75dc15e
STEP SYNC CORE(20260907-081753).zip,2,step12 sync core.zip!STEP12-B_PERMISSION_PRESET_SYNCHRONIZATION_FULL_VERSION_v1.1_CORRECTED.zip!STEP12-B_CONFLICT_FINDING_REGISTER.csv,1529,a218b27fd2671e2b2984baf760defedb3a92fcaa4d679bc8351d292e43f56adb
STEP SYNC CORE(20260907-081753).zip,2,step12 sync core.zip!STEP12-B_PERMISSION_PRESET_SYNCHRONIZATION_FULL_VERSION_v1.1_CORRECTED.zip!STEP12-B_CORE_INHERITANCE_AUGMENTATION_REGISTER.csv,1071,0a07d081c38b8c1f78f8eee5ac13a7dfcee1992f02b7b27aebf232236fab3400
STEP SYNC CORE(20260907-081753).zip,2,step12 sync core.zip!STEP12-B_PERMISSION_PRESET_SYNCHRONIZATION_FULL_VERSION_v1.1_CORRECTED.zip!STEP12-B_CORE_V1_3_SCOPE_GAP_AUDIT.csv,1153,19972f015a0358e5878463ade2fb46e8a3b6b01ba5c625c58ac4a17ee8f25f29
STEP SYNC CORE(20260907-081753).zip,2,step12 sync core.zip!STEP12-B_PERMISSION_PRESET_SYNCHRONIZATION_FULL_VERSION_v1.1_CORRECTED.zip!STEP12-B_GATE_MATRIX.csv,877,dd3eb78c0dae37807dc96cf46ae004f9daad18d1ef6b7e1d7f68a47f29f941ee
STEP SYNC CORE(20260907-081753).zip,2,step12 sync core.zip!STEP12-B_PERMISSION_PRESET_SYNCHRONIZATION_FULL_VERSION_v1.1_CORRECTED.zip!STEP12-B_M01-M15_PERMISSION_PRESET_IMPACT_COVERAGE_MATRIX.csv,3163,a68f49535f2a2edd5802a6d8f338ed380798567756a5496f027b827d9a64c98d
STEP SYNC CORE(20260907-081753).zip,2,step12 sync core.zip!STEP12-B_PERMISSION_PRESET_SYNCHRONIZATION_FULL_VERSION_v1.1_CORRECTED.zip!STEP12-B_M10_TO_CORE_PERMISSION_PRESET_DELTA_REGISTER.csv,1738,fd571ac0c843a81041402462bf3c3ad80d152791bccc416cb0309d23989b4838
STEP SYNC CORE(20260907-081753).zip,2,step12 sync core.zip!STEP12-B_PERMISSION_PRESET_SYNCHRONIZATION_FULL_VERSION_v1.1_CORRECTED.zip!STEP12-B_PERMISSION_PRESET_GOVERNANCE_COVERAGE_REGISTER.csv,1214,14f8c86c1784d8b9053b293f26faf1ace15ea5b10b4381ecaa7f00ad770438d7
STEP SYNC CORE(20260907-081753).zip,2,step12 sync core.zip!STEP12-B_PERMISSION_PRESET_SYNCHRONIZATION_FULL_VERSION_v1.1_CORRECTED.zip!STEP12-B_PERMISSION_PRESET_SYNCHRONIZATION_FULL_VERSION.docx,39970,227f5c505700491484223e1c511bc0d0d965554810e400683216007370bbf061
STEP SYNC CORE(20260907-081753).zip,2,step12 sync core.zip!STEP12-B_PERMISSION_PRESET_SYNCHRONIZATION_FULL_VERSION_v1.1_CORRECTED.zip!STEP12-B_PERMISSION_PRESET_SYNCHRONIZATION_FULL_VERSION.md,7642,dbe921dcffad651838e8fa22dad191586b6092da78841858824d0f4a11fc04dc
STEP SYNC CORE(20260907-081753).zip,2,step12 sync core.zip!STEP12-B_PERMISSION_PRESET_SYNCHRONIZATION_FULL_VERSION_v1.1_CORRECTED.zip!STEP12-B_PORTABLE_CHECKPOINT.json,524,1c67d0c37ed9858bec4a62bec0bccde02f59713f360353e2af0bb29fedde9d1a
STEP SYNC CORE(20260907-081753).zip,2,step12 sync core.zip!STEP12-B_PERMISSION_PRESET_SYNCHRONIZATION_FULL_VERSION_v1.1_CORRECTED.zip!STEP12-B_PRESET_CAPABILITY_BOUNDARY_MATRIX.csv,1044,04aacb1b375721b3ebad04dc7e0ed13b8d4b175efc4652a225d638c14089ddd7
STEP SYNC CORE(20260907-081753).zip,2,step12 sync core.zip!STEP12-B_PERMISSION_PRESET_SYNCHRONIZATION_FULL_VERSION_v1.1_CORRECTED.zip!STEP12-B_PRESET_ROLE_TRACEABILITY_MATRIX.csv,1169,71054ba040e32ac9c8fd35acf3af1dc4f10ca66f2fd63f489ab8c8b79e6f019e
STEP SYNC CORE(20260907-081753).zip,2,step12 sync core.zip!STEP12-B_PERMISSION_PRESET_SYNCHRONIZATION_FULL_VERSION_v1.1_CORRECTED.zip!STEP12-B_SCOPE_CONDITION_OWNERSHIP_ORGANIZATION_MATRIX.csv,829,c3017a22400751d7983bf9f1f515b9eeab43837f78c0d51c99239ca8de7d717c
STEP SYNC CORE(20260907-081753).zip,2,step12 sync core.zip!STEP12-B_PERMISSION_PRESET_SYNCHRONIZATION_FULL_VERSION_v1.1_CORRECTED.zip!STEP12-B_SOURCE_MANIFEST_SHA256.csv,1057,0897f75bdc777c4a93f9502dc239168a646aa0f6e9b865328d51039a7dc86fe3
STEP SYNC CORE(20260907-081753).zip,2,step12 sync core.zip!STEP12-B_PERMISSION_PRESET_SYNCHRONIZATION_FULL_VERSION_v1.1_CORRECTED.zip!STEP12-B_STEP11_HANDOFF_RESIDUAL_REGISTER.csv,543,08f975f4c88023d0eac4c59801e579379fed64dcb3dad2b7f12863f48c60f594
STEP SYNC CORE(20260907-081753).zip,1,step12 sync core.zip!STEP12-01_ROLE_ROLE_PERMISSION_SYNCHRONIZATION_FULL_VERSION_v1.1_CORRECTED.zip,53625,981ca274c6fbc38be5b742b6cc6e906b58e617d778656c8432937690922cff2e
STEP SYNC CORE(20260907-081753).zip,2,step12 sync core.zip!STEP12-01_ROLE_ROLE_PERMISSION_SYNCHRONIZATION_FULL_VERSION_v1.1_CORRECTED.zip!README.md,403,53b7121de8acf8685674a99f6d77398411f46d672185ab384b06e5b08b2ec8a7
STEP SYNC CORE(20260907-081753).zip,2,step12 sync core.zip!STEP12-01_ROLE_ROLE_PERMISSION_SYNCHRONIZATION_FULL_VERSION_v1.1_CORRECTED.zip!STEP12-01_AUTHORITY_SCOPE_RECONCILIATION_REGISTER.csv,1614,24c3edc9d4d296591fd6d132d4137a076fa92393f64fab721a7775519d1e57f8
STEP SYNC CORE(20260907-081753).zip,2,step12 sync core.zip!STEP12-01_ROLE_ROLE_PERMISSION_SYNCHRONIZATION_FULL_VERSION_v1.1_CORRECTED.zip!STEP12-01_CORE_ROLE_PERMISSION_DELTA_REGISTER.csv,3325,111d28deec9499e85683ab2b8dda99e7511e3f611a79bce8e054bb04b272f5b8
STEP SYNC CORE(20260907-081753).zip,2,step12 sync core.zip!STEP12-01_ROLE_ROLE_PERMISSION_SYNCHRONIZATION_FULL_VERSION_v1.1_CORRECTED.zip!STEP12-01_DIRECT_STEP11_RBAC_RLS_HANDOFF_REGISTER.csv,419,0301cca444274748888c28dd53ed361c06d032d7d3b6ed12041be9ea1cae2295
STEP SYNC CORE(20260907-081753).zip,2,step12 sync core.zip!STEP12-01_ROLE_ROLE_PERMISSION_SYNCHRONIZATION_FULL_VERSION_v1.1_CORRECTED.zip!STEP12-01_FINDING_REGISTER.csv,1546,693b5838f3ddcd7c9d056ac6b3efcdbbae3c1748bea0c24363beadb79e03141c
STEP SYNC CORE(20260907-081753).zip,2,step12 sync core.zip!STEP12-01_ROLE_ROLE_PERMISSION_SYNCHRONIZATION_FULL_VERSION_v1.1_CORRECTED.zip!STEP12-01_M01-M15_ROLE_PERMISSION_SYNCHRONIZATION_MATRIX.csv,2997,ac585fbbacc004813b8a6fc4759088b9a30fa77bdc72b51d84e5155399b8f66f
STEP SYNC CORE(20260907-081753).zip,2,step12 sync core.zip!STEP12-01_ROLE_ROLE_PERMISSION_SYNCHRONIZATION_FULL_VERSION_v1.1_CORRECTED.zip!STEP12-01_M04_FROZEN_PERMISSION_VOCABULARY.csv,1285,ae05fbbe64b2c2be119dba73b9444c27398affe27ed99e4b2614f0c2be0c4bd4
STEP SYNC CORE(20260907-081753).zip,2,step12 sync core.zip!STEP12-01_ROLE_ROLE_PERMISSION_SYNCHRONIZATION_FULL_VERSION_v1.1_CORRECTED.zip!STEP12-01_M10_CURRENT_ROLE_PERMISSION_BASELINE.csv,1394,891de55341786f222ec25330f1bd374eaac5cda4e4001b480a5d1700088285a4
STEP SYNC CORE(20260907-081753).zip,2,step12 sync core.zip!STEP12-01_ROLE_ROLE_PERMISSION_SYNCHRONIZATION_FULL_VERSION_v1.1_CORRECTED.zip!STEP12-01_PERMISSION_PRESET_BOUNDARY_REGISTER.csv,609,f3815a63d2c2763abbcc89d399483c2e1fe7ad8cf3baea0289b3a04a14da53cf
STEP SYNC CORE(20260907-081753).zip,2,step12 sync core.zip!STEP12-01_ROLE_ROLE_PERMISSION_SYNCHRONIZATION_FULL_VERSION_v1.1_CORRECTED.zip!STEP12-01_PORTABLE_CHECKPOINT.json,872,4a45eeb7f69d7fa23a3e9348b98e7912ffdbb1304acf9dec70967233ea92dbcb
STEP SYNC CORE(20260907-081753).zip,2,step12 sync core.zip!STEP12-01_ROLE_ROLE_PERMISSION_SYNCHRONIZATION_FULL_VERSION_v1.1_CORRECTED.zip!STEP12-01_ROLE_CATALOGUE_FULL.csv,1383,02878a5439f929ea2e6ab5372157c0b73441f42e4340448608a7fce950e48e7f
STEP SYNC CORE(20260907-081753).zip,2,step12 sync core.zip!STEP12-01_ROLE_ROLE_PERMISSION_SYNCHRONIZATION_FULL_VERSION_v1.1_CORRECTED.zip!STEP12-01_ROLE_PERMISSION_CONFLICT_REGISTER.csv,2148,de208a9879fcd71db2c46693ea952b5748507d43b0904eadbca6806ae545daab
STEP SYNC CORE(20260907-081753).zip,2,step12 sync core.zip!STEP12-01_ROLE_ROLE_PERMISSION_SYNCHRONIZATION_FULL_VERSION_v1.1_CORRECTED.zip!STEP12-01_ROLE_PERMISSION_MASTER_MATRIX.csv,7604,b32f560cd10129f7dcb070a259f0a281154685aad2f111c5c4a9d8b6689167b1
STEP SYNC CORE(20260907-081753).zip,2,step12 sync core.zip!STEP12-01_ROLE_ROLE_PERMISSION_SYNCHRONIZATION_FULL_VERSION_v1.1_CORRECTED.zip!STEP12-01_ROLE_PERMISSION_SYNCHRONIZATION_FULL_VERSION.docx,39191,1785b1605a3cb8fcf2bd847a058d00404b757707b8c980fb623960c7a4dde40a
STEP SYNC CORE(20260907-081753).zip,2,step12 sync core.zip!STEP12-01_ROLE_ROLE_PERMISSION_SYNCHRONIZATION_FULL_VERSION_v1.1_CORRECTED.zip!STEP12-01_ROLE_PERMISSION_SYNCHRONIZATION_FULL_VERSION.md,7929,9f2c3ebe91a6fe987c57bbd1c97884e2f76e9e7208c24407fd09d691de951f94
STEP SYNC CORE(20260907-081753).zip,2,step12 sync core.zip!STEP12-01_ROLE_ROLE_PERMISSION_SYNCHRONIZATION_FULL_VERSION_v1.1_CORRECTED.zip!STEP12-01_SOURCE_MANIFEST_SHA256.csv,1596,673ecc83fb95f24e59fed7ae83c98bcd7bb22b6dbbe267b5369b2f5fa1a5ba48
STEP SYNC CORE(20260907-081753).zip,1,step12 sync core.zip!STEP12-00_FULL_VERSION_PACKAGE_v1.1_CORRECTED.zip,61009,4c9a14913439f48eb8b36d2f7efd21894d3b367363a1984d827ff60bd75f7fe6
STEP SYNC CORE(20260907-081753).zip,2,step12 sync core.zip!STEP12-00_FULL_VERSION_PACKAGE_v1.1_CORRECTED.zip!STEP12-00_INPUT_DEEP_SCAN_CURRENTNESS_AUTHORITY_GATE_FULL_VERSION_v1.1_CORRECTED.md,32918,9cf4ee57f1d3c23e8fcfdbcdc6fc9fad7b841749602b6c0b7792db55375e4c2a
STEP SYNC CORE(20260907-081753).zip,2,step12 sync core.zip!STEP12-00_FULL_VERSION_PACKAGE_v1.1_CORRECTED.zip!STEP12-00_INPUT_DEEP_SCAN_CURRENTNESS_AUTHORITY_GATE_FULL_VERSION_v1.1_CORRECTED.docx,49360,f8674df2fdc01583ec5b19656ad4131b8c1c4b5e185bd87f464c8cbf580803e0
STEP SYNC CORE(20260907-081753).zip,2,step12 sync core.zip!STEP12-00_FULL_VERSION_PACKAGE_v1.1_CORRECTED.zip!STEP12-00_SOURCE_MANIFEST_SHA256_v1.1_CORRECTED.csv,898,724b2594c070f79cbf338104b3d15951447dc7e87b12f5bdbdb322a01ef515e9
STEP SYNC CORE(20260907-081753).zip,2,step12 sync core.zip!STEP12-00_FULL_VERSION_PACKAGE_v1.1_CORRECTED.zip!STEP12-00_PORTABLE_CHECKPOINT_v1.1_CORRECTED.json,887,18833d0e35911530042a856de199fdfc2fc760b98e2536e4cd8c1c9f08ef7d65
STEP SYNC CORE(20260907-081753).zip,2,step12 sync core.zip!STEP12-00_FULL_VERSION_PACKAGE_v1.1_CORRECTED.zip!README.md,356,0f1119041947d59fe6ac6464e84453c4bc3f15720cc8eaa898f5e01d48011c1d
STEP SYNC CORE(20260907-081753).zip,2,step12 sync core.zip!STEP12-00_FULL_VERSION_PACKAGE_v1.1_CORRECTED.zip!STEP12-00_FINDING_REGISTER_v1.1_CORRECTED.csv,2460,b7866543588d987fb6be3f8e6491c2403eb743fe317cdebef2ddcb76ec5ae92f
STEP SYNC CORE(20260907-081753).zip,0,step13 sync core.zip,240319,9e8798242781b11fe4cb784cee1f71e28d9d5bf20fe02f43215007271485f0c3
STEP SYNC CORE(20260907-081753).zip,1,step13 sync core.zip!STEP13-C_SUCCESSOR_INTEGRATED_USER_FLOW_FULL_REBUILD_PACKAGE_v1.1.zip,24221,5d7a60bc4c6ef52e831dcdf7d2b895d8ba01ba042f73b7a399b2a13f2cfc6b1d
STEP SYNC CORE(20260907-081753).zip,2,step13 sync core.zip!STEP13-C_SUCCESSOR_INTEGRATED_USER_FLOW_FULL_REBUILD_PACKAGE_v1.1.zip!STEP13-C_SUCCESSOR_INTEGRATED_USER_FLOW_FULL_v1.1.md,52289,71444d19d9a8ee34dc0f9c994511ba40b4bc102f34b0ce272b27b8d447c6a821
STEP SYNC CORE(20260907-081753).zip,2,step13 sync core.zip!STEP13-C_SUCCESSOR_INTEGRATED_USER_FLOW_FULL_REBUILD_PACKAGE_v1.1.zip!STEP13-C_SECOND_FULL_DEEP_SCAN_REPORT_v1.1.md,2496,8f80587968f650d3a198e40d93e1dbc48c4d261bc91039b1c41edc69a025d615
STEP SYNC CORE(20260907-081753).zip,2,step13 sync core.zip!STEP13-C_SUCCESSOR_INTEGRATED_USER_FLOW_FULL_REBUILD_PACKAGE_v1.1.zip!STEP13-C_FUNCTIONAL_FLOW_TRACEABILITY_MATRIX_v1.1.md,2270,f08a74363b8315e1cb56a0f6a7e964dd8c2e4bc8330014c30a7b3b8bcca40abf
STEP SYNC CORE(20260907-081753).zip,2,step13 sync core.zip!STEP13-C_SUCCESSOR_INTEGRATED_USER_FLOW_FULL_REBUILD_PACKAGE_v1.1.zip!STEP13-C_FLOW_FINDING_REGISTER_PROVENANCE_v1.1.md,3716,b338b233f7d59ec12e2c4bcb4c0fc055cda60babc14096905808bbf577a5c48a
STEP SYNC CORE(20260907-081753).zip,2,step13 sync core.zip!STEP13-C_SUCCESSOR_INTEGRATED_USER_FLOW_FULL_REBUILD_PACKAGE_v1.1.zip!STEP13-C_ROLE_AUTHORIZATION_AWARE_FLOW_MATRIX_v1.1.md,1460,a524b8d18fa784f8c46ad94c57c8e19d95fd31212a0f74635c6cc66f58458ba2
STEP SYNC CORE(20260907-081753).zip,2,step13 sync core.zip!STEP13-C_SUCCESSOR_INTEGRATED_USER_FLOW_FULL_REBUILD_PACKAGE_v1.1.zip!STEP13-C_SHA256_MANIFEST_v1.1.json,1511,bc99d323a045ed6e3bec1a2becd182ea64c623f689fa38a3a95d3abf7ffc5f3e
STEP SYNC CORE(20260907-081753).zip,1,step13 sync core.zip!STEP13-B_SUCCESSOR_INTEGRATED_FUNCTIONAL_SPECIFICATION_FULL_v2.3.md,94840,85d17bd2e4736771593403cf67fe4bbf55446cfd6bf6b1cf87a7ebdbd47a96a1
STEP SYNC CORE(20260907-081753).zip,1,step13 sync core.zip!STEP13-A_SUCCESSOR_INTEGRATED_PRD_FULL_REBUILD_PACKAGE_v3.7.zip,21741,cc6b8e88c26d3e8faf399232a886721a3fd394e7649773524e2b7f04283e282a
STEP SYNC CORE(20260907-081753).zip,2,step13 sync core.zip!STEP13-A_SUCCESSOR_INTEGRATED_PRD_FULL_REBUILD_PACKAGE_v3.7.zip!STEP13-A_AUTHORITY_RECONCILIATION_MATRIX_v1.7.md,1324,029ba6a1a2ff9ec18d7db0caf2b52647bee33706c9c5b38a84c1b1d395cb0d58
STEP SYNC CORE(20260907-081753).zip,2,step13 sync core.zip!STEP13-A_SUCCESSOR_INTEGRATED_PRD_FULL_REBUILD_PACKAGE_v3.7.zip!STEP13-A_CORE_PRD_PRESERVATION_MATRIX_v1.7.md,1218,e24dbaf58b974d1fbb53d18c52ede54577dc652816f4ad4c0fd0a9b1ccd3681e
STEP SYNC CORE(20260907-081753).zip,2,step13 sync core.zip!STEP13-A_SUCCESSOR_INTEGRATED_PRD_FULL_REBUILD_PACKAGE_v3.7.zip!STEP13-A_COVERAGE_REGISTER_v1.7.md,632,39d2e3da192babc401a8bdc906f577c8f2f47566748fc579cfab5e163de67e7a
STEP SYNC CORE(20260907-081753).zip,2,step13 sync core.zip!STEP13-A_SUCCESSOR_INTEGRATED_PRD_FULL_REBUILD_PACKAGE_v3.7.zip!STEP13-A_PROVENANCE_SHA256_MANIFEST_v1.9.json,590,c705c93c63fbf50dbff9bdcbc0de3e86a5fe3902d655ff9cb0847b499959580a
STEP SYNC CORE(20260907-081753).zip,2,step13 sync core.zip!STEP13-A_SUCCESSOR_INTEGRATED_PRD_FULL_REBUILD_PACKAGE_v3.7.zip!STEP13-A_SECOND_FULL_DEEP_SCAN_REPORT_v1.9.md,3077,b53bb62f9a5ce1a1b25dd2826d6b1d2847aa1185159d8eeed2c1af8fd71a37a3
STEP SYNC CORE(20260907-081753).zip,2,step13 sync core.zip!STEP13-A_SUCCESSOR_INTEGRATED_PRD_FULL_REBUILD_PACKAGE_v3.7.zip!STEP13-A_SUCCESSOR_INTEGRATED_PRD_FULL_v3.7.md,63489,30f504d1ceb6b580b1504c0bcfc9d928378b991f304664dfe25d15743fa538a1
STEP SYNC CORE(20260907-081753).zip,1,step13 sync core.zip!STEP13-00_INPUT_DEEP_SCAN_CURRENTNESS_AUTHORITY_GATE_FULL_v1.1_CORRECTED_REBUILT_20260906.md,31396,39702521d7e6ad0838a75a4cd8fe36201152ff57199e59668f4e486945e04b2e
STEP SYNC CORE(20260907-081753).zip,1,step13 sync core.zip!STEP13-D_SUCCESSOR_INTEGRATED_TECHNICAL_SPECIFICATION_FULL_REBUILD_PACKAGE_v1.3.zip,34972,b8af21270ca0d0266cda96beadc267949e3c3766e363ce129ec0456c10769750
STEP SYNC CORE(20260907-081753).zip,2,step13 sync core.zip!STEP13-D_SUCCESSOR_INTEGRATED_TECHNICAL_SPECIFICATION_FULL_REBUILD_PACKAGE_v1.3.zip!STEP13-D_SUCCESSOR_INTEGRATED_TECHNICAL_SPECIFICATION_FULL_v1.3.md,99135,01ec2d14cd8d2f97dc94b537e412d8e6bb8db87eabec7855d74cbe0e95045118
STEP SYNC CORE(20260907-081753).zip,2,step13 sync core.zip!STEP13-D_SUCCESSOR_INTEGRATED_TECHNICAL_SPECIFICATION_FULL_REBUILD_PACKAGE_v1.3.zip!STEP13-D_SECOND_FULL_DEEP_SCAN_REPORT_v1.3.md,3086,e88ad034e1e4fe04dd2c4f0d5e3881799e799582faa98e3a89c592fa7902cab7
STEP SYNC CORE(20260907-081753).zip,2,step13 sync core.zip!STEP13-D_SUCCESSOR_INTEGRATED_TECHNICAL_SPECIFICATION_FULL_REBUILD_PACKAGE_v1.3.zip!STEP13-D_SOURCE_BUILD_MANIFEST_v1.3.md,855,6511dd787e772a08d47100b58472b26fac2dc80f96587f69d598572a3c77d417
STEP SYNC CORE(20260907-081753).zip,1,step13 sync core.zip!STEP13-F_SUCCESSOR_INTEGRATED_SEO_ANALYTICS_FULL_REBUILD_PACKAGE_v1.1.zip,23382,9ed959cf474db0a637e59c7b4e67c89300ff7aa9105a67e7e74a8be010bce132
STEP SYNC CORE(20260907-081753).zip,2,step13 sync core.zip!STEP13-F_SUCCESSOR_INTEGRATED_SEO_ANALYTICS_FULL_REBUILD_PACKAGE_v1.1.zip!STEP13-F_AUTHORIZATION_VISIBILITY_MEASUREMENT_MATRIX_v1.1.md,1314,8a51103b9dc486dd40ac1977e0c0f2321437e691c20fd518efe5db2276c917d3
STEP SYNC CORE(20260907-081753).zip,2,step13 sync core.zip!STEP13-F_SUCCESSOR_INTEGRATED_SEO_ANALYTICS_FULL_REBUILD_PACKAGE_v1.1.zip!STEP13-F_EVENT_MEASUREMENT_MATRIX_v1.1.md,1976,2d8a2ff8b67f8351c9d2e38a22532778eedf0efe0c44a077fc0ce43e9b90dad8
STEP SYNC CORE(20260907-081753).zip,2,step13 sync core.zip!STEP13-F_SUCCESSOR_INTEGRATED_SEO_ANALYTICS_FULL_REBUILD_PACKAGE_v1.1.zip!STEP13-F_FINAL_GATE_v1.1.md,476,05095e118f42e8dff5549da4687625d8809552b8778b1cebffa15117f204d881
STEP SYNC CORE(20260907-081753).zip,2,step13 sync core.zip!STEP13-F_SUCCESSOR_INTEGRATED_SEO_ANALYTICS_FULL_REBUILD_PACKAGE_v1.1.zip!STEP13-F_FINDING_PROVENANCE_REGISTER_v1.1.md,4080,93d19f0d7bbd182eaab40ea5b6215bf28dabda3d51105bdddaf692d0d659ffd0
STEP SYNC CORE(20260907-081753).zip,2,step13 sync core.zip!STEP13-F_SUCCESSOR_INTEGRATED_SEO_ANALYTICS_FULL_REBUILD_PACKAGE_v1.1.zip!STEP13-F_FIRST_FULL_DEEP_SCAN_REPORT_v1.1.md,1243,4d738a55dbf6228f2049ba870a5fb4c7ba25379c4dae65d196339727a716b1c1
STEP SYNC CORE(20260907-081753).zip,2,step13 sync core.zip!STEP13-F_SUCCESSOR_INTEGRATED_SEO_ANALYTICS_FULL_REBUILD_PACKAGE_v1.1.zip!STEP13-F_OUTPUT_SHA256_MANIFEST_v1.1.md,1376,17ca4358144419ae9682bb7e78f51a68ad48832fa2981eba4986651dfc588c70
STEP SYNC CORE(20260907-081753).zip,2,step13 sync core.zip!STEP13-F_SUCCESSOR_INTEGRATED_SEO_ANALYTICS_FULL_REBUILD_PACKAGE_v1.1.zip!STEP13-F_PUBLIC_SURFACE_INDEXABILITY_MATRIX_v1.1.md,1355,0b81f1aaf338269efda0440c5ce23233ce066a2c8d776b33a19849b9ac1e4d37
STEP SYNC CORE(20260907-081753).zip,2,step13 sync core.zip!STEP13-F_SUCCESSOR_INTEGRATED_SEO_ANALYTICS_FULL_REBUILD_PACKAGE_v1.1.zip!STEP13-F_SECOND_FULL_DEEP_SCAN_REPORT_v1.1.md,1555,3a66663eb3d18af273ab7f64da2455ed4f1ac8325de6b1ac08d7653ee544bb31
STEP SYNC CORE(20260907-081753).zip,2,step13 sync core.zip!STEP13-F_SUCCESSOR_INTEGRATED_SEO_ANALYTICS_FULL_REBUILD_PACKAGE_v1.1.zip!STEP13-F_SEO_ANALYTICS_M01-M15_MATRIX_v1.1.md,4026,a79d4eb51a013c158dd63cc99d6a6a835356395aa495dd2cfdfc360a92b6f789
STEP SYNC CORE(20260907-081753).zip,2,step13 sync core.zip!STEP13-F_SUCCESSOR_INTEGRATED_SEO_ANALYTICS_FULL_REBUILD_PACKAGE_v1.1.zip!STEP13-F_SOURCE_BUILD_MANIFEST_v1.1.md,1791,e72a5653d01203147de1fe45da772c4d5c1088deedb1519686c848c6643c6414
STEP SYNC CORE(20260907-081753).zip,2,step13 sync core.zip!STEP13-F_SUCCESSOR_INTEGRATED_SEO_ANALYTICS_FULL_REBUILD_PACKAGE_v1.1.zip!STEP13-F_SUCCESSOR_INTEGRATED_SEO_ANALYTICS_SPECIFICATION_FULL_v1.1.md,43011,d051156740aff90b33af23893aaf6ff0aaeade2b2aac34cdf2c0ffd997a45da5
STEP SYNC CORE(20260907-081753).zip,1,step13 sync core.zip!STEP13-E_SUCCESSOR_INTEGRATED_UI_UX_SPECIFICATION_FULL_REBUILD_PACKAGE_v3.1.zip,26657,15603376a4a4eb534df798881e42fae7351fcfc3aae7018d4f778e57196bddd6
STEP SYNC CORE(20260907-081753).zip,2,step13 sync core.zip!STEP13-E_SUCCESSOR_INTEGRATED_UI_UX_SPECIFICATION_FULL_REBUILD_PACKAGE_v3.1.zip!STEP13-E_SUCCESSOR_INTEGRATED_UI_UX_SPECIFICATION_FULL_v3.1.md,87980,0106824c643335b923ed5250320e1bb057ed44cd17ed9cbc87c1dedefa7a892c
STEP SYNC CORE(20260907-081753).zip,2,step13 sync core.zip!STEP13-E_SUCCESSOR_INTEGRATED_UI_UX_SPECIFICATION_FULL_REBUILD_PACKAGE_v3.1.zip!STEP13-E_SECOND_FULL_DEEP_SCAN_REPORT_v3.1.md,1447,9384e8723a08de908728c4dbca54f49e9120faedebe5afb011a69a3772d4c450
STEP SYNC CORE(20260907-081753).zip,2,step13 sync core.zip!STEP13-E_SUCCESSOR_INTEGRATED_UI_UX_SPECIFICATION_FULL_REBUILD_PACKAGE_v3.1.zip!STEP13-E_SOURCE_BUILD_MANIFEST_v3.1.md,466,c4eb2d806bc27c79017df8559e4ad17c61623fa1057f4cec0f7de3c5b5b2ecde
STEP SYNC CORE(20260907-081753).zip,1,step13 sync core.zip!STEP13-G_SUCCESSOR_INTEGRATED_SYSTEM_RECONCILIATION_FULL_REBUILD_PACKAGE_v1.1_EXPORT.zip,17339,e0bf89404b04d0c67362ff26f7a80e35b613d3746b981baef976b74beb3b34d3
STEP SYNC CORE(20260907-081753).zip,2,step13 sync core.zip!STEP13-G_SUCCESSOR_INTEGRATED_SYSTEM_RECONCILIATION_FULL_REBUILD_PACKAGE_v1.1_EXPORT.zip!STEP13-G_CORE_V1.3_SUCCESSOR_PROPAGATION_AUDIT_v1.1.md,3390,c6a3c3677ca6e590b2e7c24689e71023aecbf6f7cdbdcbcbf1cedc77c7af3c23
STEP SYNC CORE(20260907-081753).zip,2,step13 sync core.zip!STEP13-G_SUCCESSOR_INTEGRATED_SYSTEM_RECONCILIATION_FULL_REBUILD_PACKAGE_v1.1_EXPORT.zip!STEP13-G_CROSS_DOMAIN_DEPENDENCY_HANDOFF_MATRIX_v1.1.md,1422,17a1462d4e5bea193e594198c4286ecbbabb6495c8de91f0e2ef1289cb73556a
STEP SYNC CORE(20260907-081753).zip,2,step13 sync core.zip!STEP13-G_SUCCESSOR_INTEGRATED_SYSTEM_RECONCILIATION_FULL_REBUILD_PACKAGE_v1.1_EXPORT.zip!STEP13-G_EVIDENCE_PROVENANCE_REGISTER_v1.1.md,1264,32f2f9004d621d266b12521c45d66a1fb02c29952d124623529204de74184d76
STEP SYNC CORE(20260907-081753).zip,2,step13 sync core.zip!STEP13-G_SUCCESSOR_INTEGRATED_SYSTEM_RECONCILIATION_FULL_REBUILD_PACKAGE_v1.1_EXPORT.zip!STEP13-G_FINAL_GATE_v1.1.md,891,156e8f11baea079d41dba09942edf5d63f5575489964f65abca4857093766530
STEP SYNC CORE(20260907-081753).zip,2,step13 sync core.zip!STEP13-G_SUCCESSOR_INTEGRATED_SYSTEM_RECONCILIATION_FULL_REBUILD_PACKAGE_v1.1_EXPORT.zip!STEP13-G_FIRST_FULL_DEEP_SCAN_REPORT_v1.1.md,797,c179d2b148a58ff3bad759c759559ca4c0ad1f61d03b46ad6a5c7e5e75b2651e
STEP SYNC CORE(20260907-081753).zip,2,step13 sync core.zip!STEP13-G_SUCCESSOR_INTEGRATED_SYSTEM_RECONCILIATION_FULL_REBUILD_PACKAGE_v1.1_EXPORT.zip!STEP13-G_GLOBAL_CONFLICT_RECONCILIATION_REGISTER_v1.1.md,1306,de51af812c3c2436068a9fc41da5b58a879497b76f683945affe38808ef3802b
STEP SYNC CORE(20260907-081753).zip,2,step13 sync core.zip!STEP13-G_SUCCESSOR_INTEGRATED_SYSTEM_RECONCILIATION_FULL_REBUILD_PACKAGE_v1.1_EXPORT.zip!STEP13-G_M01-M15_CROSS_DOMAIN_AUTHORITY_MATRIX_v1.1.md,3769,d4681bb3a6b17f013dff0062b75ac6115dbca3bcc21147c93ca30246ec093d34
STEP SYNC CORE(20260907-081753).zip,2,step13 sync core.zip!STEP13-G_SUCCESSOR_INTEGRATED_SYSTEM_RECONCILIATION_FULL_REBUILD_PACKAGE_v1.1_EXPORT.zip!STEP13-G_OUTPUT_SHA256_MANIFEST_v1.1.md,1316,bb8d0f399fc19653bc92273ef5238b0f474b5a274702849de8e9f51e94cd7bf7
STEP SYNC CORE(20260907-081753).zip,2,step13 sync core.zip!STEP13-G_SUCCESSOR_INTEGRATED_SYSTEM_RECONCILIATION_FULL_REBUILD_PACKAGE_v1.1_EXPORT.zip!STEP13-G_SECOND_FULL_DEEP_SCAN_REPORT_v1.1.md,2149,1babd30fdff33755dda0c21f2631a1f851c7b5da2972932111dc066a4badd428
STEP SYNC CORE(20260907-081753).zip,2,step13 sync core.zip!STEP13-G_SUCCESSOR_INTEGRATED_SYSTEM_RECONCILIATION_FULL_REBUILD_PACKAGE_v1.1_EXPORT.zip!STEP13-G_SOURCE_BUILD_MANIFEST_v1.1.md,2137,7e8a5c19857a7c71511543b681106eccb8f56a273b4544e72c6c278bdb05cc42
STEP SYNC CORE(20260907-081753).zip,2,step13 sync core.zip!STEP13-G_SUCCESSOR_INTEGRATED_SYSTEM_RECONCILIATION_FULL_REBUILD_PACKAGE_v1.1_EXPORT.zip!STEP13-G_SUCCESSOR_INTEGRATED_SYSTEM_RECONCILIATION_FULL_v1.1.md,19060,608bfad596c61ec8d1f49735e4007451a3d6452d82f6a3d9d5c8308ab9e9da0f
STEP SYNC CORE(20260907-081753).zip,1,step13 sync core.zip!STEP13-I_FINAL_STEP13_GATE_STEP14_HANDOFF_FULL_REBUILD_PACKAGE_v1.1.zip,28957,92664a0f7bd2436c4a9c6030f27241f88b6ba548793455a440fb0560ddf5e1f2
STEP SYNC CORE(20260907-081753).zip,2,step13 sync core.zip!STEP13-I_FINAL_STEP13_GATE_STEP14_HANDOFF_FULL_REBUILD_PACKAGE_v1.1.zip!STEP13-I_AUTHORITY_DEPENDENCY_FINAL_REGISTER_v1.1.md,791,2b8752897c91a5e65cb9742c7f07b9cc0012553ef8e43acc5f9f25fba70921c9
STEP SYNC CORE(20260907-081753).zip,2,step13 sync core.zip!STEP13-I_FINAL_STEP13_GATE_STEP14_HANDOFF_FULL_REBUILD_PACKAGE_v1.1.zip!STEP13-I_CONTROLLED_RESIDUAL_EVIDENCE_GATED_REGISTER_v1.1.md,509,a22b7b71bf2c3ce06b9328f08d12ca68291af8c073e99a2197a5b0d03a9c3a06
STEP SYNC CORE(20260907-081753).zip,2,step13 sync core.zip!STEP13-I_FINAL_STEP13_GATE_STEP14_HANDOFF_FULL_REBUILD_PACKAGE_v1.1.zip!STEP13-I_CORE_V1.3_PRESERVATION_FINAL_VERIFICATION_v1.1.md,16016,3e7a54f9e3653038d2daf166d633be4271228754ce1b978c7117a93ee8cebb9c
STEP SYNC CORE(20260907-081753).zip,2,step13 sync core.zip!STEP13-I_FINAL_STEP13_GATE_STEP14_HANDOFF_FULL_REBUILD_PACKAGE_v1.1.zip!STEP13-I_CROSS_DOCUMENT_CONSISTENCY_FINAL_REGISTER_v1.1.md,748,4c149839ed6d664f7fba211ef731a772c04281b37576b376a0f844da70e4fc07
STEP SYNC CORE(20260907-081753).zip,2,step13 sync core.zip!STEP13-I_FINAL_STEP13_GATE_STEP14_HANDOFF_FULL_REBUILD_PACKAGE_v1.1.zip!STEP13-I_FINAL_COMPLETION_MATRIX_v1.1.csv,572,7e1b788ff139bcc2608ab70ebb0bb809e7a46132ca3f309f34630c8bd9064ab1
STEP SYNC CORE(20260907-081753).zip,2,step13 sync core.zip!STEP13-I_FINAL_STEP13_GATE_STEP14_HANDOFF_FULL_REBUILD_PACKAGE_v1.1.zip!STEP13-I_FINAL_DEEP_SCAN_REPORT_v1.1.md,554,79a0d459cedc865eb6b6ed71bb18d10f6ed7c05895b70fd17cd34969346037dd
STEP SYNC CORE(20260907-081753).zip,2,step13 sync core.zip!STEP13-I_FINAL_STEP13_GATE_STEP14_HANDOFF_FULL_REBUILD_PACKAGE_v1.1.zip!STEP13-I_FINAL_GATE_REPORT_v1.1.md,1524,1042001d7727feb2d15327a91b1dd7d40f06a3a59747dc31545002c0eeeb72ba
STEP SYNC CORE(20260907-081753).zip,2,step13 sync core.zip!STEP13-I_FINAL_STEP13_GATE_STEP14_HANDOFF_FULL_REBUILD_PACKAGE_v1.1.zip!STEP13-I_FINAL_PROVENANCE_SOURCE_MANIFEST_v1.1.csv,1234,899131ca79bf3d7a29d61cde69773bac14d6c411272eb3a175a2dda087dcf690
STEP SYNC CORE(20260907-081753).zip,2,step13 sync core.zip!STEP13-I_FINAL_STEP13_GATE_STEP14_HANDOFF_FULL_REBUILD_PACKAGE_v1.1.zip!STEP13-I_M01-M15_FINAL_CLOSURE_MATRIX_v1.1.csv,1142,88d4912a34a4c67968086394543a93f7cd0db739acc86ef52624deffa3dd27a2
STEP SYNC CORE(20260907-081753).zip,2,step13 sync core.zip!STEP13-I_FINAL_STEP13_GATE_STEP14_HANDOFF_FULL_REBUILD_PACKAGE_v1.1.zip!STEP13-I_OUTPUT_SHA256_MANIFEST_v1.1.csv,1566,446d5a80381b74744662bf02b26ed67961a364a42a565c06720eee424d61538d
STEP SYNC CORE(20260907-081753).zip,2,step13 sync core.zip!STEP13-I_FINAL_STEP13_GATE_STEP14_HANDOFF_FULL_REBUILD_PACKAGE_v1.1.zip!STEP13-I_PORTABLE_CHECKPOINT_v1.1.md,403,a446d288f388439580248a6afe1b5abce98a83dce2d62f1f2f7a001d756a385e
STEP SYNC CORE(20260907-081753).zip,2,step13 sync core.zip!STEP13-I_FINAL_STEP13_GATE_STEP14_HANDOFF_FULL_REBUILD_PACKAGE_v1.1.zip!STEP13-I_STEP14_HANDOFF_MANIFEST_v1.1.md,503,16018e610b71886cb15de29c0768cf446f49102f632092c13f0a754398ce33cd
STEP SYNC CORE(20260907-081753).zip,2,step13 sync core.zip!STEP13-I_FINAL_STEP13_GATE_STEP14_HANDOFF_FULL_REBUILD_PACKAGE_v1.1.zip!STEP13-I_SUCCESSOR_INTEGRATED_CORE_CANDIDATE_v1.1.md,145035,26bb05dc13e0a4d2d049fee8c2e34e21b3ab65ff6aab4695e8c96359767aeb29
STEP SYNC CORE(20260907-081753).zip,2,step13 sync core.zip!STEP13-I_FINAL_STEP13_GATE_STEP14_HANDOFF_FULL_REBUILD_PACKAGE_v1.1.zip!STEP13-I_SUCCESSOR_SEMANTIC_INTEGRATION_REGISTER_v1.1.csv,105371,d0436d0e14f75ec24dd5918f8560d15dcd1db5e649a2931e1dfcc45d8532ddbf
STEP SYNC CORE(20260907-081753).zip,1,step13 sync core.zip!STEP13-H_SUCCESSOR_INTEGRATED_CORE_PRESERVATION_SUCCESSOR_TRACEABILITY_FULL_REBUILD_PACKAGE_v1.1.zip,27313,eb1d0c1644da625e104e88fc6e638c1261404f269f808261dcfc98236220a53a
STEP SYNC CORE(20260907-081753).zip,2,step13 sync core.zip!STEP13-H_SUCCESSOR_INTEGRATED_CORE_PRESERVATION_SUCCESSOR_TRACEABILITY_FULL_REBUILD_PACKAGE_v1.1.zip!STEP13-H_M01-M15_SUCCESSOR_CORE_TRACEABILITY_MATRIX_v1.1.csv,133958,b695356985aaa0effa455edc6f2236380621cc5f25f82526c0f8d8f21635568d
STEP SYNC CORE(20260907-081753).zip,2,step13 sync core.zip!STEP13-H_SUCCESSOR_INTEGRATED_CORE_PRESERVATION_SUCCESSOR_TRACEABILITY_FULL_REBUILD_PACKAGE_v1.1.zip!STEP13-H_SECOND_FULL_DEEP_SCAN_REPORT_v1.1.md,883,13f8a2ce4ec967d970247eeedec3d5dea3d852ab9fd73b7b81773f4a41e465ec
STEP SYNC CORE(20260907-081753).zip,2,step13 sync core.zip!STEP13-H_SUCCESSOR_INTEGRATED_CORE_PRESERVATION_SUCCESSOR_TRACEABILITY_FULL_REBUILD_PACKAGE_v1.1.zip!STEP13-H_FINAL_GATE_v1.1.md,1297,364b0a271353bd0ae2e02a12aa2773360d1df70d4167072996545c15cf47ba96
STEP SYNC CORE(20260907-081753).zip,2,step13 sync core.zip!STEP13-H_SUCCESSOR_INTEGRATED_CORE_PRESERVATION_SUCCESSOR_TRACEABILITY_FULL_REBUILD_PACKAGE_v1.1.zip!STEP13-H_SOURCE_BUILD_MANIFEST_v1.1.csv,1149,da0522eb7af95541615a39e05b0f9cebabac697119b779d1413a353e39b6ac3a
STEP SYNC CORE(20260907-081753).zip,2,step13 sync core.zip!STEP13-H_SUCCESSOR_INTEGRATED_CORE_PRESERVATION_SUCCESSOR_TRACEABILITY_FULL_REBUILD_PACKAGE_v1.1.zip!STEP13-H_SUCCESSOR_INTEGRATED_CORE_CANDIDATE_v1.1.md,10775,69183ab503714bb720fca4d4b63b00e52f0b76bc02c68901bc6077e362df1ec2
STEP SYNC CORE(20260907-081753).zip,2,step13 sync core.zip!STEP13-H_SUCCESSOR_INTEGRATED_CORE_PRESERVATION_SUCCESSOR_TRACEABILITY_FULL_REBUILD_PACKAGE_v1.1.zip!STEP13-H_FIRST_FULL_DEEP_SCAN_REPORT_v1.1.md,1425,5a52d3204e9c613706ab3e0294bad4097423d595dc718e876d3f5bea2042f6f7
STEP SYNC CORE(20260907-081753).zip,2,step13 sync core.zip!STEP13-H_SUCCESSOR_INTEGRATED_CORE_PRESERVATION_SUCCESSOR_TRACEABILITY_FULL_REBUILD_PACKAGE_v1.1.zip!STEP13-H_PROVENANCE_REGISTER_v1.1.md,2101,10bdc9fe4dfba4046267c40208415ab4d3d12133b1b2abe896b6f7a4831679b4
STEP SYNC CORE(20260907-081753).zip,2,step13 sync core.zip!STEP13-H_SUCCESSOR_INTEGRATED_CORE_PRESERVATION_SUCCESSOR_TRACEABILITY_FULL_REBUILD_PACKAGE_v1.1.zip!STEP13-H_CORE_PRESERVATION_MATRIX_v1.1.csv,40553,e20e2e317bc09816a8a3c68545e2144a4f0950ae1be5277b875d7618e31142d8
STEP SYNC CORE(20260907-081753).zip,2,step13 sync core.zip!STEP13-H_SUCCESSOR_INTEGRATED_CORE_PRESERVATION_SUCCESSOR_TRACEABILITY_FULL_REBUILD_PACKAGE_v1.1.zip!STEP13-H_SUPERSESSION_CONFLICT_DECISION_REGISTER_v1.1.md,3011,9f6cf3f111f71a79cfe295f2c017604a5ab90a86f0597d3f9cd56088ada18746
STEP SYNC CORE(20260907-081753).zip,2,step13 sync core.zip!STEP13-H_SUCCESSOR_INTEGRATED_CORE_PRESERVATION_SUCCESSOR_TRACEABILITY_FULL_REBUILD_PACKAGE_v1.1.zip!STEP13-H_OUTPUT_SHA256_MANIFEST_v1.1.csv,2473,ac367907257bd77481b7531e5f137a2678996c9f645dcb5b48238e94767aea6e
STEP SYNC CORE(20260907-081753).zip,2,step13 sync core.zip!STEP13-H_SUCCESSOR_INTEGRATED_CORE_PRESERVATION_SUCCESSOR_TRACEABILITY_FULL_REBUILD_PACKAGE_v1.1.zip!STEP13-H_SUCCESSOR_CORE_COVERAGE_REGISTER_v1.1.csv,1097,e84b0d686398afb1a288f17195b3d68862d3dfc36c8a23adcec31f55de3a7a10
STEP SYNC CORE(20260907-081753).zip,0,STEP14_FULL_CROSS_DOCUMENT_RECONCILIATION_FULL_REBUILD_PACKAGE_v1.1.zip,27812,8d12beeab3e038f5260c5d4686df4e2b848e97c4107ec43dcf86a60f6739dac8
STEP SYNC CORE(20260907-081753).zip,1,STEP14_FULL_CROSS_DOCUMENT_RECONCILIATION_FULL_REBUILD_PACKAGE_v1.1.zip!README_STEP14_FULL_REBUILD_v1.1.md,834,eaffb173940277c0b79cd43279db889cdfbb820946c9aef9238806056b66d88b
STEP SYNC CORE(20260907-081753).zip,1,STEP14_FULL_CROSS_DOCUMENT_RECONCILIATION_FULL_REBUILD_PACKAGE_v1.1.zip!RUMAHAGEN_GOVERNANCE_CHECKLIST_v2.3_STEP14_COMPLETE_FULL_REBUILD.md,5351,9aef561972e5526ffab73cac11d6882bd989ec17f7ecafdbe50d6ad62e2a664b
STEP SYNC CORE(20260907-081753).zip,1,STEP14_FULL_CROSS_DOCUMENT_RECONCILIATION_FULL_REBUILD_PACKAGE_v1.1.zip!STEP14-00_INPUT_DEEP_SCAN_CURRENTNESS_AUTHORITY_GATE_v1.1.md,1248,e36827c04ec872e7397ae273ed49585c4085f2a3245f2bf65344cc437cfdb716
STEP SYNC CORE(20260907-081753).zip,1,STEP14_FULL_CROSS_DOCUMENT_RECONCILIATION_FULL_REBUILD_PACKAGE_v1.1.zip!STEP14-A_CROSS_DOCUMENT_AUTHORITY_SEMANTIC_RECONCILIATION_v1.1.md,1679,d3348b335116a2de0059541a67db89a8d434b5422913f8cbf5b8dc9c729b4ae3
STEP SYNC CORE(20260907-081753).zip,1,STEP14_FULL_CROSS_DOCUMENT_RECONCILIATION_FULL_REBUILD_PACKAGE_v1.1.zip!STEP14-B_M01_M15_SUCCESSOR_CORE_TRACEABILITY_REVALIDATION_v1.1.md,684,d65a588d5222b6787bcf94ab5c4534d17f3e6ac859bca14e761eb738e9467455
STEP SYNC CORE(20260907-081753).zip,1,STEP14_FULL_CROSS_DOCUMENT_RECONCILIATION_FULL_REBUILD_PACKAGE_v1.1.zip!STEP14-C_DATA_API_RBAC_FLOW_UIUX_SEO_RECONCILIATION_v1.1.md,1083,460839e70f006228922503af5091db30c89ec5b7cd8f3dabdff7481c5d68d875
STEP SYNC CORE(20260907-081753).zip,1,STEP14_FULL_CROSS_DOCUMENT_RECONCILIATION_FULL_REBUILD_PACKAGE_v1.1.zip!STEP14-D_FINAL_CROSS_DOCUMENT_RECONCILIATION_GATE_v1.1.md,1288,8841d7065554f1c105697e75b674d963c0e37ad5c96e8a4b649142acaa565441
STEP SYNC CORE(20260907-081753).zip,1,STEP14_FULL_CROSS_DOCUMENT_RECONCILIATION_FULL_REBUILD_PACKAGE_v1.1.zip!STEP14-E_SECOND_FULL_DEEP_SCAN_v1.1.md,1176,2e0a1b0af7a21131717bc404aafa8dc61c8f4d8f194c5a10d14e998441a96946
STEP SYNC CORE(20260907-081753).zip,1,STEP14_FULL_CROSS_DOCUMENT_RECONCILIATION_FULL_REBUILD_PACKAGE_v1.1.zip!STEP14_CORE_V1.3_IN_SCOPE_ARTIFACT_INVENTORY_v1.1.md,709,301b636092c9fc75008a4bbe4b26d8f54b24395282efb6a84116998bfd59280d
STEP SYNC CORE(20260907-081753).zip,1,STEP14_FULL_CROSS_DOCUMENT_RECONCILIATION_FULL_REBUILD_PACKAGE_v1.1.zip!STEP14_CORE_V1.3_IN_SCOPE_ARTIFACT_MATRIX_v1.1.csv,3246,d1d03e68cd16c29896779ad4e7acdba540d87f2740d6414a76dacc245e03350a
STEP SYNC CORE(20260907-081753).zip,1,STEP14_FULL_CROSS_DOCUMENT_RECONCILIATION_FULL_REBUILD_PACKAGE_v1.1.zip!STEP14_CROSS_DOCUMENT_CONSISTENCY_MATRIX_FULL_223_v1.1.csv,82873,7111c5e1cff26e91ef9aed1b376c7d2cbbcae1c920110f244de60099097ad707
STEP SYNC CORE(20260907-081753).zip,1,STEP14_FULL_CROSS_DOCUMENT_RECONCILIATION_FULL_REBUILD_PACKAGE_v1.1.zip!STEP14_FINAL_FINDING_REGISTER_v1.1.csv,917,0fa3d70f50d3b22b1e13efa1220600b5ff9b5e0792209571545f0e4d81c55949
STEP SYNC CORE(20260907-081753).zip,1,STEP14_FULL_CROSS_DOCUMENT_RECONCILIATION_FULL_REBUILD_PACKAGE_v1.1.zip!STEP14_M01_M15_SUCCESSOR_CORE_TRACEABILITY_REVALIDATION_FULL_v1.1.csv,105147,1c8e6ab3e3575b91da5499775cd33a9169904a220bb0306a1e868ea9c5c6160c
STEP SYNC CORE(20260907-081753).zip,1,STEP14_FULL_CROSS_DOCUMENT_RECONCILIATION_FULL_REBUILD_PACKAGE_v1.1.zip!STEP14_OUTPUT_SHA256_MANIFEST_v1.1.csv,2001,0ef1c3b8808eb9913ba91f8a23991581b3f0e5e9ed9210fc564b93e7c6f6d2f1
STEP SYNC CORE(20260907-081753).zip,1,STEP14_FULL_CROSS_DOCUMENT_RECONCILIATION_FULL_REBUILD_PACKAGE_v1.1.zip!STEP14_PORTABLE_CHECKPOINT_v1.1.md,827,3596d7df4998b6972a90db2cbf6a2cff1bbaf4910034991b967824ba46d2b839
STEP SYNC CORE(20260907-081753).zip,1,STEP14_FULL_CROSS_DOCUMENT_RECONCILIATION_FULL_REBUILD_PACKAGE_v1.1.zip!STEP14_RECURSIVE_ARCHIVE_INTEGRITY_MATRIX_v1.1.csv,1252,f964fad71704efd2c52f9bec4f1879373d8d588210950be102d7e02fff25e8fc
STEP SYNC CORE(20260907-081753).zip,1,STEP14_FULL_CROSS_DOCUMENT_RECONCILIATION_FULL_REBUILD_PACKAGE_v1.1.zip!STEP14_SOURCE_PROVENANCE_SHA256_MANIFEST_v1.1.csv,1141,fc93b091d3c18cc6a35b86a3e07ab0e6a525595ee93269bba1da571eb1e511fd
STEP SYNC CORE(20260907-081753).zip,0,pre-00 gate.zip,277791,f241d2cc281168a25767d938b954c3fd84ab9e51dbfeb072116449f2507b8751
STEP SYNC CORE(20260907-081753).zip,1,pre-00 gate.zip!PRE-00-J_M08_SCOPE_CONTROL_GATE_FULL_v1.0.md,46285,dba6792398e34590118b4a73e675b08fd6f90b02c5858748dd58638f02483cec
STEP SYNC CORE(20260907-081753).zip,1,pre-00 gate.zip!PRE-00-I_M07_DOMAIN_ALIGNMENT_GATE_FULL_v1.1.md,43682,d5e9a9f9301acf513d7d6329aac6951b476a1bd06390475286afd0ce38346741
STEP SYNC CORE(20260907-081753).zip,1,pre-00 gate.zip!PRE-00-H_M06_DEVELOPER_PROJECT_MARKETING_CLAIM_GATE_FULL_v1.1.md,54521,0f07ee67b8695aab5fdc99ece67db40aa90c919a867aadf29dde61a0d508e664
STEP SYNC CORE(20260907-081753).zip,1,pre-00 gate.zip!PRE-00-G_M05_MANDATORY_DELTA_IMPACT_GATE_FULL_v1.0.md,54304,0311d50ba85eb81c41b5d90cccc6934ba833bff9ff59ed711255483110a0a533
STEP SYNC CORE(20260907-081753).zip,1,pre-00 gate.zip!PRE-00-F_M04_LEARNING_GATE_FULL_v1.1.md,65272,c3f90fcfd318669f48e805e62b329ee37944f147737b0c636d189522e533d01e
STEP SYNC CORE(20260907-081753).zip,1,pre-00 gate.zip!PRE-00-E_M03_LISTING_REFRESH_GATE_FULL_v1.1.md,39936,48e85fb2fb81f5aca32613c3b50d76b421df60059a54f1129b4e2487b176c6d3
STEP SYNC CORE(20260907-081753).zip,1,pre-00 gate.zip!PRE-00-D_M02_PROFILE_PUBLIC_VISIBILITY_GATE_FULL_v1.1.md,27086,c215a58eaff0a119a3ba55634b228bd8aab3ca29884494e7c33e377e6e1c5f4f
STEP SYNC CORE(20260907-081753).zip,1,pre-00 gate.zip!PRE-00-C_M01_IDENTITY_CONFLICT_GATE_FULL_v1.1.md,21272,a5388da1a2fef27ad47dae8334c5ff7dc4d4d3817cacce375aa42e04a6738d69
STEP SYNC CORE(20260907-081753).zip,1,pre-00 gate.zip!PRE-00-A-A_M14_V2.1_TO_V2.2_VERSION_LINEAGE_RECONCILIATION_FULL_v1.0.docx,43408,971af2227ec78982d74258973cc78abde8757e05996c31f89512434837d4c91e
STEP SYNC CORE(20260907-081753).zip,1,pre-00 gate.zip!RUMAHAGEN_M01-M15_RECON_TO_CORE_v1.1_INTEGRATION_GOVERNANCE_CHECKLIST_PRE-00.docx,45092,473305266d9a8b1d7e8594f504713722a1fc99f5753a3a1183f82b032bcd47d0
STEP SYNC CORE(20260907-081753).zip,1,pre-00 gate.zip!PRE-00-K_M09_ADMINISTRATION_AUTHORITY_GATE_FULL_v1.0.md,20762,8a7f87fa235ee8f9cf3fb9eb461839131dc784292935437671d31ac2f224fa23
STEP SYNC CORE(20260907-081753).zip,1,pre-00 gate.zip!PRE-00-Q_M15_QUALIFICATION_EVIDENCE_AUTHORITY_GATE_FULL_v1.0.md,45620,46ed028eb10f312117a27354fc1c440e78b0cbb1a9a6308bb8e0947b5ca3254c
STEP SYNC CORE(20260907-081753).zip,1,pre-00 gate.zip!PRE-00-P_M14_COMMERCIAL_SUBSCRIPTION_QUOTA_PROMOTION_MONETIZATION_AUTHORITY_GATE_FULL_v1.2_MIDTRANS_MVP_CONFIGURABLE.md,95010,e0be3de3f1c3f82de6d229bd930f460630e4098555e49d039b1b341adfc223b2
STEP SYNC CORE(20260907-081753).zip,1,pre-00 gate.zip!PRE-00-O_M13_PROVIDER_CATALOGUE_BYOK_AUTHORITY_GATE_FULL_v1.0.md,39409,103fe619a622621702c63cd5159605cb82b89f01c4c2e88398f449d583b8239f
STEP SYNC CORE(20260907-081753).zip,1,pre-00 gate.zip!PRE-00-N_M12_ORGANIZATION_MEMBERSHIP_AUTHORITY_GATE_FULL_v1.0.md,32471,69173eda77814a73a16abfbb6673b2ed8c15d5c1904c17e5cc3f8b504212882b
STEP SYNC CORE(20260907-081753).zip,1,pre-00 gate.zip!PRE-00-M_M11_PUBLIC_DISCOVERY_SEO_TRACKING_MEASUREMENT_AUTHORITY_GATE_FULL_v1.1.md,30617,6173f2733527adb432285bca39a6ab9d19dd9318c38d34e838b74953eabacd8b
STEP SYNC CORE(20260907-081753).zip,1,pre-00 gate.zip!PRE-00-R_CROSS_MODULE_CONFLICT_SCAN_FINAL_M01-M15_SEMANTIC_RECONCILIATION_FULL_v1.0.md,38469,13485cc5b0bbf1a26838000668ff19d75776b2bb2de8db2061ad0c8e2fe51200
STEP SYNC CORE(20260907-081753).zip,1,pre-00 gate.zip!FINAL-M10-AUTHORIZATION-IMPACT-UPDATE-RECONCILIATION-FULL-v1.2.md,45100,2900a7431c6f2954335000327c64a3da972b1eb1d58aa71f966755fac1a8bd0d
M01-M15 new recon(20260907-081753).zip,0,WF03-03-01_M01_FULL_SEMANTIC_REBUILD_v1.1.md,24186,1c53930998a825a2b0b36bf7407239a913f8306b201e642d8628ce3e2327ed53
M01-M15 new recon(20260907-081753).zip,0,WF03_STEP02_FULL_M01-M15_BLOCKER_PREREQUISITE_RETRACE_v1.0.md,11010,53c5b2104a79c8cfa562f18c9446065b9e063284de621a7d2665868895ff4f97
M01-M15 new recon(20260907-081753).zip,0,WF03_STEP01_OWNER_OVERRIDE_AND_RETRACE_BASELINE_v1.0.md,4405,88354e3dd21fb63cd83acf7afb289451078b06432099c9c2c82daf737278714a
M01-M15 new recon(20260907-081753).zip,0,WF03-03-02_M02_FULL_SEMANTIC_REBUILD_v1.1.md,21104,eb148ae05de827ae90619ae7be69186a2423cdfe9ba66c35c4dee6b21b5a30e6
M01-M15 new recon(20260907-081753).zip,0,RUMAHAGEN_WF03_M03_FULL_REBUILD_v1.3_QIR_INTEGRATED_CONTROLLED.zip,161796,b9e484c35d3cc997f791510ba10a5eeef0e851030a424699fff790b8317e76ca
M01-M15 new recon(20260907-081753).zip,1,RUMAHAGEN_WF03_M03_FULL_REBUILD_v1.3_QIR_INTEGRATED_CONTROLLED.zip!15_M03_QA_COMPLETION_CONTROLLED_v1.3.md,1396,c2a161abd7ee786113a8a1d8db7e293e4c7b0745fc4884697a78ff76323c0f00
M01-M15 new recon(20260907-081753).zip,1,RUMAHAGEN_WF03_M03_FULL_REBUILD_v1.3_QIR_INTEGRATED_CONTROLLED.zip!MANIFEST_M03_FULL_REBUILD_v1.3.md,1148,9a72ff3191e16efd885522b81e1c1ebdb124ca80f09f3c21e8031f9f2547df58
M01-M15 new recon(20260907-081753).zip,1,RUMAHAGEN_WF03_M03_FULL_REBUILD_v1.3_QIR_INTEGRATED_CONTROLLED.zip!09_M03_SEARCH_CONTRACT_FULL_v1.3.md,1635,8b88d97ee61f222d30336e49d9792513d59395fad2655db35f365ca7b5457a71
M01-M15 new recon(20260907-081753).zip,1,RUMAHAGEN_WF03_M03_FULL_REBUILD_v1.3_QIR_INTEGRATED_CONTROLLED.zip!17_M03_QIR_INTEGRATION_PROVENANCE_v1.3.md,1605,ee95baced7b6a41e2bd7fe067db3b07c208b816382d1b4ae5f54a32cd3a76e39
M01-M15 new recon(20260907-081753).zip,1,RUMAHAGEN_WF03_M03_FULL_REBUILD_v1.3_QIR_INTEGRATED_CONTROLLED.zip!02_M03_PERMISSION_MATRIX_FULL_v1.3.xlsx,8231,055b82e2f0c0afbc692653dc63ff52857556a21b49f25d9b796434109a9eae13
M01-M15 new recon(20260907-081753).zip,1,RUMAHAGEN_WF03_M03_FULL_REBUILD_v1.3_QIR_INTEGRATED_CONTROLLED.zip!11_M03_PHYSICAL_RUNTIME_STATUS_FULL_v1.3.md,1346,ddcf7ff72551e43765665754443ad95e9ebae2518d99980e302ecf56fc5df73a
M01-M15 new recon(20260907-081753).zip,1,RUMAHAGEN_WF03_M03_FULL_REBUILD_v1.3_QIR_INTEGRATED_CONTROLLED.zip!01_M03_QUESTION_INVENTORY_FULL_v1.3.csv,14733,7ebcbdd2b8989e0c57a981f28add726ae7b046b74d6e0118e58eeae895cbc88d
M01-M15 new recon(20260907-081753).zip,1,RUMAHAGEN_WF03_M03_FULL_REBUILD_v1.3_QIR_INTEGRATED_CONTROLLED.zip!README_CONTROLLED_OUTPUT_v1.3.md,1358,6324296237781583dc4c164b90569d0daa4556d64edbfb3b4c7ef15bcf72875a
M01-M15 new recon(20260907-081753).zip,1,RUMAHAGEN_WF03_M03_FULL_REBUILD_v1.3_QIR_INTEGRATED_CONTROLLED.zip!05_M03_CROSS_ARTIFACT_RECONCILIATION_FULL_v1.3.md,2047,3e80c41639a4a5b1bd36565a3b4dfcd3a6e6b6e41b49c8d90dd9ae365e4ce04e
M01-M15 new recon(20260907-081753).zip,1,RUMAHAGEN_WF03_M03_FULL_REBUILD_v1.3_QIR_INTEGRATED_CONTROLLED.zip!04_M03_SEMANTIC_LIFECYCLE_AUTHORITY_FULL_v1.3.md,3651,d237ceef14e3ffdcbbef81163d9758aa98e94a6e273124c7d3be8713fb8c21fc
M01-M15 new recon(20260907-081753).zip,1,RUMAHAGEN_WF03_M03_FULL_REBUILD_v1.3_QIR_INTEGRATED_CONTROLLED.zip!07_M03_RBAC_RLS_CONTRACT_FULL_v1.3.md,1468,09d31f650c0cc476741119d75206b283abf22605e2bec9a76ea47347389a2ed9
M01-M15 new recon(20260907-081753).zip,1,RUMAHAGEN_WF03_M03_FULL_REBUILD_v1.3_QIR_INTEGRATED_CONTROLLED.zip!06_M03_API_CONTRACT_FULL_v1.3.md,1992,5b1299f701cbb3dd0d8e5f3ba041e619d5a584c0401578469d60e7e7013746e8
M01-M15 new recon(20260907-081753).zip,1,RUMAHAGEN_WF03_M03_FULL_REBUILD_v1.3_QIR_INTEGRATED_CONTROLLED.zip!08_M03_SCHEMA_ERD_RECONCILIATION_FULL_v1.3.sql,662,ce83c094d6914d06ce71d88de776cda62a39ee4dc047b294558c08fbcdb6e7bd
M01-M15 new recon(20260907-081753).zip,1,RUMAHAGEN_WF03_M03_FULL_REBUILD_v1.3_QIR_INTEGRATED_CONTROLLED.zip!00_M03_REBUILD_CONTROL_REPORT_v1.3.md,4607,cc0fe9bdeff48456a3010936fdadeba7ceb338ccded2f46b46c4a6d551b08285
M01-M15 new recon(20260907-081753).zip,1,RUMAHAGEN_WF03_M03_FULL_REBUILD_v1.3_QIR_INTEGRATED_CONTROLLED.zip!16_WF03_MASTER_PROGRESS_M01-M15_v1.8_M03_QIR_INTEGRATED.xlsx,29255,eba4a88d5d22fa972654e78c1a3ae4ffe3c4fa07103a82b39b749f1435401ed2
M01-M15 new recon(20260907-081753).zip,1,RUMAHAGEN_WF03_M03_FULL_REBUILD_v1.3_QIR_INTEGRATED_CONTROLLED.zip!01_M03_QUESTION_INVENTORY_FULL_v1.3.xlsx,10724,9038cefe60b2982db6cc081355d1262c16a4df852b1199eca0b732e6fa6d40ef
M01-M15 new recon(20260907-081753).zip,1,RUMAHAGEN_WF03_M03_FULL_REBUILD_v1.3_QIR_INTEGRATED_CONTROLLED.zip!13_M03_MEDIA_THUMBNAIL_DERIVATIVE_CONTRACT_FULL_v1.3.md,1664,de6aea2c25f5a253264419b55b0559e8f9747381806d00180a349d409de04b25
M01-M15 new recon(20260907-081753).zip,1,RUMAHAGEN_WF03_M03_FULL_REBUILD_v1.3_QIR_INTEGRATED_CONTROLLED.zip!03_M03_PERMISSION_MATRIX_FULL_v1.3.csv,2976,99dfeae307ee98b5feeb954772740e79dd2f096eed0cfcb16034df5c1af3fc43
M01-M15 new recon(20260907-081753).zip,1,RUMAHAGEN_WF03_M03_FULL_REBUILD_v1.3_QIR_INTEGRATED_CONTROLLED.zip!10_M03_UI_UX_USER_FLOW_FULL_v1.3.md,1632,8088db4f7266fc022960ff19b9f2aca8e473a7ab20eb294a5bd79992d6eee86a
M01-M15 new recon(20260907-081753).zip,1,RUMAHAGEN_WF03_M03_FULL_REBUILD_v1.3_QIR_INTEGRATED_CONTROLLED.zip!14_M03_DISTRICT_REFRESH_POSITIONING_CONTRACT_FULL_v1.3.md,1518,cfd64dc6285dc1a6f0db4aa703ffc412eaf24dfb2c116f20af8a76ce4ea3e3ea
M01-M15 new recon(20260907-081753).zip,1,RUMAHAGEN_WF03_M03_FULL_REBUILD_v1.3_QIR_INTEGRATED_CONTROLLED.zip!_PROVENANCE_QIR_V1.0_SOURCE/01_M03_QUESTION_INVENTORY_RESOLVED_v1.0.xlsx,10960,10acb3cdc93a7a2dcf62228c000bc9b1f88e1a2c838f794ce8add5fe640bec82
M01-M15 new recon(20260907-081753).zip,1,RUMAHAGEN_WF03_M03_FULL_REBUILD_v1.3_QIR_INTEGRATED_CONTROLLED.zip!_PROVENANCE_QIR_V1.0_SOURCE/11_M03_PHYSICAL_RUNTIME_STATUS_FULL_v1.2.md,1346,f04d585eb56bbac7b4ae96ff13367809aeff4ed2a3b703a208676d73cb72666d
M01-M15 new recon(20260907-081753).zip,1,RUMAHAGEN_WF03_M03_FULL_REBUILD_v1.3_QIR_INTEGRATED_CONTROLLED.zip!_PROVENANCE_QIR_V1.0_SOURCE/08_M03_SCHEMA_ERD_RECONCILIATION_FULL_v1.0.sql,1013,846555669f649b6e9eb2aae9134aded8d09d0992873632d09929b406cf54cd9a
M01-M15 new recon(20260907-081753).zip,1,RUMAHAGEN_WF03_M03_FULL_REBUILD_v1.3_QIR_INTEGRATED_CONTROLLED.zip!_PROVENANCE_QIR_V1.0_SOURCE/00_M03_QUESTION_INVENTORY_RESOLUTION_REPORT_v1.0.md,2543,cacde59e135baa32ccbb8013b13272d47ab374ca481fe67e685b544e3accc9a6
M01-M15 new recon(20260907-081753).zip,1,RUMAHAGEN_WF03_M03_FULL_REBUILD_v1.3_QIR_INTEGRATED_CONTROLLED.zip!_PROVENANCE_QIR_V1.0_SOURCE/08_M03_SCHEMA_ERD_RECONCILIATION_FULL_v1.2.sql,662,3e1265850c556d0a5be379968439e3d84654619e23479b7599d4ff89d4c34c0e
M01-M15 new recon(20260907-081753).zip,1,RUMAHAGEN_WF03_M03_FULL_REBUILD_v1.3_QIR_INTEGRATED_CONTROLLED.zip!_PROVENANCE_QIR_V1.0_SOURCE/MANIFEST_M03_QIR_v1.0.md,965,1fa2b9efd20dee21f6abd546c4e5989d5db875f78972d68ddff42fb7f88e82a4
M01-M15 new recon(20260907-081753).zip,1,RUMAHAGEN_WF03_M03_FULL_REBUILD_v1.3_QIR_INTEGRATED_CONTROLLED.zip!_PROVENANCE_QIR_V1.0_SOURCE/05_M03_CROSS_ARTIFACT_RECONCILIATION_FULL_v1.2.md,2047,97b5a1d742b8c19104464fa4b7ad31dac3de83693e1a1bb3d989f07c891ef660
M01-M15 new recon(20260907-081753).zip,1,RUMAHAGEN_WF03_M03_FULL_REBUILD_v1.3_QIR_INTEGRATED_CONTROLLED.zip!_PROVENANCE_QIR_V1.0_SOURCE/14_M03_DISTRICT_REFRESH_POSITIONING_CONTRACT_FULL_v1.2.md,1518,47f7549ff7d6a0c8149336f9ea8636d86100dde5888a9b2417b07ca9b8300e2f
M01-M15 new recon(20260907-081753).zip,1,RUMAHAGEN_WF03_M03_FULL_REBUILD_v1.3_QIR_INTEGRATED_CONTROLLED.zip!_PROVENANCE_QIR_V1.0_SOURCE/MANIFEST_v1.2.md,889,4dd81fc1d0e9c94ea2f18988069d42a5b5e79253fc33335421231b799d5f3e8b
M01-M15 new recon(20260907-081753).zip,1,RUMAHAGEN_WF03_M03_FULL_REBUILD_v1.3_QIR_INTEGRATED_CONTROLLED.zip!_PROVENANCE_QIR_V1.0_SOURCE/04_M03_SEMANTIC_LIFECYCLE_AUTHORITY_RESOLVED_v1.0.md,3834,7c6ab09ad4495bc656b7e3bc5799f3bef4894ad0e5331bcead49a4833ea7ae20
M01-M15 new recon(20260907-081753).zip,1,RUMAHAGEN_WF03_M03_FULL_REBUILD_v1.3_QIR_INTEGRATED_CONTROLLED.zip!_PROVENANCE_QIR_V1.0_SOURCE/01_M03_QUESTION_INVENTORY_RESOLVED_v1.0.csv,12262,d55245642ba7edbc425af1c55b83ce3de712b49ad77c579c0d1361bde55d4d4d
M01-M15 new recon(20260907-081753).zip,1,RUMAHAGEN_WF03_M03_FULL_REBUILD_v1.3_QIR_INTEGRATED_CONTROLLED.zip!_PROVENANCE_QIR_V1.0_SOURCE/README_CONTROLLED_OUTPUT_v1.2.md,1198,716f12d89786ffaf61a6d2d5f29ad4fd8156b85d4c75c47b3a327d03d673cf4a
M01-M15 new recon(20260907-081753).zip,1,RUMAHAGEN_WF03_M03_FULL_REBUILD_v1.3_QIR_INTEGRATED_CONTROLLED.zip!_PROVENANCE_QIR_V1.0_SOURCE/03_M03_PERMISSION_MATRIX_FULL_v1.2.csv,3290,e990ded819f7ad539ce9f1daab3d00ec13a5296183300b9e7ba64232a7e93f34
M01-M15 new recon(20260907-081753).zip,1,RUMAHAGEN_WF03_M03_FULL_REBUILD_v1.3_QIR_INTEGRATED_CONTROLLED.zip!_PROVENANCE_QIR_V1.0_SOURCE/02_M03_PERMISSION_MATRIX_RESOLVED_v1.0.xlsx,8231,5f4bdff6411198fb2a35bf88bc16d15f726bf0aafd3f4a4c0cfd271abaf35ee9
M01-M15 new recon(20260907-081753).zip,1,RUMAHAGEN_WF03_M03_FULL_REBUILD_v1.3_QIR_INTEGRATED_CONTROLLED.zip!_PROVENANCE_QIR_V1.0_SOURCE/10_M03_UI_UX_USER_FLOW_FULL_v1.2.md,1632,09639adb4f8e01e6ddaa109a17e66a00f9ce0f2fc9e715609f271255c369f610
M01-M15 new recon(20260907-081753).zip,1,RUMAHAGEN_WF03_M03_FULL_REBUILD_v1.3_QIR_INTEGRATED_CONTROLLED.zip!_PROVENANCE_QIR_V1.0_SOURCE/15_M03_QA_COMPLETION_CONTROLLED_v1.2.md,1396,e0a2c95114e9773552a013e3b535818667409bf4791a2946ae8cbf1d86d53f38
M01-M15 new recon(20260907-081753).zip,1,RUMAHAGEN_WF03_M03_FULL_REBUILD_v1.3_QIR_INTEGRATED_CONTROLLED.zip!_PROVENANCE_QIR_V1.0_SOURCE/00_M03_REBUILD_CONTROL_REPORT_v1.2.md,4607,f02ca75459fdf42ebfe5ce9af63f33e2ed038587a21aa41f7ac5583bebf7c4bb
M01-M15 new recon(20260907-081753).zip,1,RUMAHAGEN_WF03_M03_FULL_REBUILD_v1.3_QIR_INTEGRATED_CONTROLLED.zip!_PROVENANCE_QIR_V1.0_SOURCE/09_M03_SEARCH_CONTRACT_RESOLVED_v1.0.md,1665,6b015b4ec40f4af741b8ef372c12cf5c38997ad279630df9c5a28bfd59a135bd
M01-M15 new recon(20260907-081753).zip,1,RUMAHAGEN_WF03_M03_FULL_REBUILD_v1.3_QIR_INTEGRATED_CONTROLLED.zip!_PROVENANCE_QIR_V1.0_SOURCE/06_M03_API_CONTRACT_FULL_v1.2.md,1992,7b89a05f96fea587c1390dce4a7276986e04ba5f8b2833ef2a020f037a104812
M01-M15 new recon(20260907-081753).zip,1,RUMAHAGEN_WF03_M03_FULL_REBUILD_v1.3_QIR_INTEGRATED_CONTROLLED.zip!_PROVENANCE_QIR_V1.0_SOURCE/13_M03_MEDIA_THUMBNAIL_DERIVATIVE_CONTRACT_FULL_v1.2.md,1664,ef6b046ac3c6896be9860f034832cc455a1efd8ab53e959acc9c9edd033cbfbe
M01-M15 new recon(20260907-081753).zip,1,RUMAHAGEN_WF03_M03_FULL_REBUILD_v1.3_QIR_INTEGRATED_CONTROLLED.zip!_PROVENANCE_QIR_V1.0_SOURCE/16_WF03_MASTER_PROGRESS_M01-M15_v1.7_M03_QIR_COMPLETE.xlsx,29256,bdbaf8f992d9887a4d57b4570436cf21f16605f109c8e60aa45959e0433412c4
M01-M15 new recon(20260907-081753).zip,1,RUMAHAGEN_WF03_M03_FULL_REBUILD_v1.3_QIR_INTEGRATED_CONTROLLED.zip!_PROVENANCE_M03_V1.2_ORIGINAL/01_M03_QUESTION_INVENTORY_FULL_v1.2.csv,11442,654d03bbfec99b2daeea2387aa56d61b779fcd04eea8a52cab9f6718698192af
M01-M15 new recon(20260907-081753).zip,1,RUMAHAGEN_WF03_M03_FULL_REBUILD_v1.3_QIR_INTEGRATED_CONTROLLED.zip!_PROVENANCE_M03_V1.2_ORIGINAL/01_M03_QUESTION_INVENTORY_FULL_v1.2.xlsx,10816,a74a6be6e48b3234201a71a9993d4779b5b1476128794d0b1a133c5bc327f5b0
M01-M15 new recon(20260907-081753).zip,1,RUMAHAGEN_WF03_M03_FULL_REBUILD_v1.3_QIR_INTEGRATED_CONTROLLED.zip!_PROVENANCE_M03_V1.2_ORIGINAL/11_M03_PHYSICAL_RUNTIME_STATUS_FULL_v1.2.md,1346,f04d585eb56bbac7b4ae96ff13367809aeff4ed2a3b703a208676d73cb72666d
M01-M15 new recon(20260907-081753).zip,1,RUMAHAGEN_WF03_M03_FULL_REBUILD_v1.3_QIR_INTEGRATED_CONTROLLED.zip!_PROVENANCE_M03_V1.2_ORIGINAL/08_M03_SCHEMA_ERD_RECONCILIATION_FULL_v1.0.sql,1013,846555669f649b6e9eb2aae9134aded8d09d0992873632d09929b406cf54cd9a
M01-M15 new recon(20260907-081753).zip,1,RUMAHAGEN_WF03_M03_FULL_REBUILD_v1.3_QIR_INTEGRATED_CONTROLLED.zip!_PROVENANCE_M03_V1.2_ORIGINAL/04_M03_SEMANTIC_LIFECYCLE_AUTHORITY_FULL_v1.2.md,3651,e75615d5b2e5f5221c90be6675d952594139d434de7ec46895206fda78222c48
M01-M15 new recon(20260907-081753).zip,1,RUMAHAGEN_WF03_M03_FULL_REBUILD_v1.3_QIR_INTEGRATED_CONTROLLED.zip!_PROVENANCE_M03_V1.2_ORIGINAL/08_M03_SCHEMA_ERD_RECONCILIATION_FULL_v1.2.sql,662,3e1265850c556d0a5be379968439e3d84654619e23479b7599d4ff89d4c34c0e
M01-M15 new recon(20260907-081753).zip,1,RUMAHAGEN_WF03_M03_FULL_REBUILD_v1.3_QIR_INTEGRATED_CONTROLLED.zip!_PROVENANCE_M03_V1.2_ORIGINAL/05_M03_CROSS_ARTIFACT_RECONCILIATION_FULL_v1.2.md,2047,97b5a1d742b8c19104464fa4b7ad31dac3de83693e1a1bb3d989f07c891ef660
M01-M15 new recon(20260907-081753).zip,1,RUMAHAGEN_WF03_M03_FULL_REBUILD_v1.3_QIR_INTEGRATED_CONTROLLED.zip!_PROVENANCE_M03_V1.2_ORIGINAL/07_M03_RBAC_RLS_CONTRACT_FULL_v1.2.md,1468,01509fa3b2025be1c425da46575cbba2491b78203d5061c89a86eb525eab6023
M01-M15 new recon(20260907-081753).zip,1,RUMAHAGEN_WF03_M03_FULL_REBUILD_v1.3_QIR_INTEGRATED_CONTROLLED.zip!_PROVENANCE_M03_V1.2_ORIGINAL/14_M03_DISTRICT_REFRESH_POSITIONING_CONTRACT_FULL_v1.2.md,1518,47f7549ff7d6a0c8149336f9ea8636d86100dde5888a9b2417b07ca9b8300e2f
M01-M15 new recon(20260907-081753).zip,1,RUMAHAGEN_WF03_M03_FULL_REBUILD_v1.3_QIR_INTEGRATED_CONTROLLED.zip!_PROVENANCE_M03_V1.2_ORIGINAL/09_M03_SEARCH_CONTRACT_FULL_v1.2.md,1635,32a10e17db8958176752ec9be097f66ea53f0551880741f6a3c80c1d0194376a
M01-M15 new recon(20260907-081753).zip,1,RUMAHAGEN_WF03_M03_FULL_REBUILD_v1.3_QIR_INTEGRATED_CONTROLLED.zip!_PROVENANCE_M03_V1.2_ORIGINAL/MANIFEST_v1.2.md,889,4dd81fc1d0e9c94ea2f18988069d42a5b5e79253fc33335421231b799d5f3e8b
M01-M15 new recon(20260907-081753).zip,1,RUMAHAGEN_WF03_M03_FULL_REBUILD_v1.3_QIR_INTEGRATED_CONTROLLED.zip!_PROVENANCE_M03_V1.2_ORIGINAL/16_WF03_MASTER_PROGRESS_M01-M15_v1.6_M03_COMPLETE.xlsx,29257,26cbed8af28587ba51e3fb01942c52ae502998596fa6cf39ceac1587d773b347
M01-M15 new recon(20260907-081753).zip,1,RUMAHAGEN_WF03_M03_FULL_REBUILD_v1.3_QIR_INTEGRATED_CONTROLLED.zip!_PROVENANCE_M03_V1.2_ORIGINAL/README_CONTROLLED_OUTPUT_v1.2.md,1198,716f12d89786ffaf61a6d2d5f29ad4fd8156b85d4c75c47b3a327d03d673cf4a
M01-M15 new recon(20260907-081753).zip,1,RUMAHAGEN_WF03_M03_FULL_REBUILD_v1.3_QIR_INTEGRATED_CONTROLLED.zip!_PROVENANCE_M03_V1.2_ORIGINAL/03_M03_PERMISSION_MATRIX_FULL_v1.2.csv,3290,e990ded819f7ad539ce9f1daab3d00ec13a5296183300b9e7ba64232a7e93f34
M01-M15 new recon(20260907-081753).zip,1,RUMAHAGEN_WF03_M03_FULL_REBUILD_v1.3_QIR_INTEGRATED_CONTROLLED.zip!_PROVENANCE_M03_V1.2_ORIGINAL/10_M03_UI_UX_USER_FLOW_FULL_v1.2.md,1632,09639adb4f8e01e6ddaa109a17e66a00f9ce0f2fc9e715609f271255c369f610
M01-M15 new recon(20260907-081753).zip,1,RUMAHAGEN_WF03_M03_FULL_REBUILD_v1.3_QIR_INTEGRATED_CONTROLLED.zip!_PROVENANCE_M03_V1.2_ORIGINAL/15_M03_QA_COMPLETION_CONTROLLED_v1.2.md,1396,e0a2c95114e9773552a013e3b535818667409bf4791a2946ae8cbf1d86d53f38
M01-M15 new recon(20260907-081753).zip,1,RUMAHAGEN_WF03_M03_FULL_REBUILD_v1.3_QIR_INTEGRATED_CONTROLLED.zip!_PROVENANCE_M03_V1.2_ORIGINAL/00_M03_REBUILD_CONTROL_REPORT_v1.2.md,4607,f02ca75459fdf42ebfe5ce9af63f33e2ed038587a21aa41f7ac5583bebf7c4bb
M01-M15 new recon(20260907-081753).zip,1,RUMAHAGEN_WF03_M03_FULL_REBUILD_v1.3_QIR_INTEGRATED_CONTROLLED.zip!_PROVENANCE_M03_V1.2_ORIGINAL/02_M03_PERMISSION_MATRIX_FULL_v1.2.xlsx,8343,10068b1fbdb2a8b456ea66a9a2f39820de63624cb00955a36fb595ec37a365f5
M01-M15 new recon(20260907-081753).zip,1,RUMAHAGEN_WF03_M03_FULL_REBUILD_v1.3_QIR_INTEGRATED_CONTROLLED.zip!_PROVENANCE_M03_V1.2_ORIGINAL/06_M03_API_CONTRACT_FULL_v1.2.md,1992,7b89a05f96fea587c1390dce4a7276986e04ba5f8b2833ef2a020f037a104812
M01-M15 new recon(20260907-081753).zip,1,RUMAHAGEN_WF03_M03_FULL_REBUILD_v1.3_QIR_INTEGRATED_CONTROLLED.zip!_PROVENANCE_M03_V1.2_ORIGINAL/13_M03_MEDIA_THUMBNAIL_DERIVATIVE_CONTRACT_FULL_v1.2.md,1664,ef6b046ac3c6896be9860f034832cc455a1efd8ab53e959acc9c9edd033cbfbe
M01-M15 new recon(20260907-081753).zip,0,M03_CORE_IMPACT_ANALYSIS_FULL_v1.0_CONTROLLED.zip,25873,4a91fa049761f2f3aae0373342a5082c125a481c21a45c8368f1aa28795e1ec3
M01-M15 new recon(20260907-081753).zip,1,M03_CORE_IMPACT_ANALYSIS_FULL_v1.0_CONTROLLED.zip!00_M03_CORE_IMPACT_EXECUTIVE_SUMMARY_v1.0.md,591,7018405a6b28328143778dc8db578a341fe0e365cbf448fc71646a9c3a19f71c
M01-M15 new recon(20260907-081753).zip,1,M03_CORE_IMPACT_ANALYSIS_FULL_v1.0_CONTROLLED.zip!01_M03_CORE_IMPACT_MATRIX_FULL_v1.0.csv,44866,9794fd91286104171cffabf262068b8fcd38599a83d7e1de6409a364833c8dd4
M01-M15 new recon(20260907-081753).zip,1,M03_CORE_IMPACT_ANALYSIS_FULL_v1.0_CONTROLLED.zip!01_M03_CORE_IMPACT_MATRIX_FULL_v1.0.xlsx,12128,8bc972cba4bc365c91e83d38dd2c20fdc78dd124b31c1d4b0d5d8578c52638ad
M01-M15 new recon(20260907-081753).zip,1,M03_CORE_IMPACT_ANALYSIS_FULL_v1.0_CONTROLLED.zip!02_M03_CORE_CONFLICT_REGISTER_FULL_v1.0.md,2436,a56616e47561fe8fdaddb66d961107067d9073e1fbdf8588552a140c9370e8e6
M01-M15 new recon(20260907-081753).zip,1,M03_CORE_IMPACT_ANALYSIS_FULL_v1.0_CONTROLLED.zip!03_M03_CORE_PROPAGATION_MATRIX_FULL_v1.0.csv,2473,6d82ae9c8d072a6bf36b01f38d6f505decbbd9b7e93c504e3c91374cd837434a
M01-M15 new recon(20260907-081753).zip,1,M03_CORE_IMPACT_ANALYSIS_FULL_v1.0_CONTROLLED.zip!04_M03_CORE_DEPENDENCY_IMPACT_FULL_v1.0.md,977,9cf8d9b7b3764916470fef4f3906fc2931db577a018d9875f798f19417fe4e55
M01-M15 new recon(20260907-081753).zip,1,M03_CORE_IMPACT_ANALYSIS_FULL_v1.0_CONTROLLED.zip!05_M03_CORE_REQUIRED_CHANGE_REGISTER_FULL_v1.0.md,1708,15c09511552930d23539842c3c7d3c28cf4432eebe30f2fc40bc80008d9bae2e
M01-M15 new recon(20260907-081753).zip,1,M03_CORE_IMPACT_ANALYSIS_FULL_v1.0_CONTROLLED.zip!06_M03_CORE_AUTHORITY_MAPPING_FULL_v1.0.md,1057,81ef889caac2dc0f5a01ec920e368e2f7ef3bfa534f6d09bc726b9d4dab96a12
M01-M15 new recon(20260907-081753).zip,1,M03_CORE_IMPACT_ANALYSIS_FULL_v1.0_CONTROLLED.zip!07_M03_CORE_IMPACT_QA_FULL_v1.0.md,974,471253870f17a0d823fe7615864ebe11ef6c30671b2814fc1889f68b18cb72eb
M01-M15 new recon(20260907-081753).zip,1,M03_CORE_IMPACT_ANALYSIS_FULL_v1.0_CONTROLLED.zip!08_M03_CORE_INTEGRATION_READINESS_FULL_v1.0.md,861,d5353d7dd77db3887307c0ee928ee886c7387850e534f1c2bf973d517a423521
M01-M15 new recon(20260907-081753).zip,1,M03_CORE_IMPACT_ANALYSIS_FULL_v1.0_CONTROLLED.zip!09_PROVENANCE_M03_CORE_IMPACT_v1.0.md,586,d86f59ca7385a09f79dbaa760af32a8b053941cad2d6312ba5e168ec3bef3f7f
M01-M15 new recon(20260907-081753).zip,1,M03_CORE_IMPACT_ANALYSIS_FULL_v1.0_CONTROLLED.zip!10_MANIFEST_M03_CORE_IMPACT_v1.0.md,568,75fd85e3b9523d8fc02a1ddc00f98c11caf8b2f770c9396253345d0254bd5439
M01-M15 new recon(20260907-081753).zip,0,M02_CORE_IMPACT_ANALYSIS_FULL_v1.0_CONTROLLED.zip,19133,a55cd04084472978604376b736fe0561917569902263e34cf64f8e08f40b8d4d
M01-M15 new recon(20260907-081753).zip,1,M02_CORE_IMPACT_ANALYSIS_FULL_v1.0_CONTROLLED.zip!00_M02_CORE_IMPACT_EXECUTIVE_SUMMARY_v1.0.md,604,1de9e3df0999ef6d50a95c626b34308bdc7b33ec70be4a1790f814dee60861e5
M01-M15 new recon(20260907-081753).zip,1,M02_CORE_IMPACT_ANALYSIS_FULL_v1.0_CONTROLLED.zip!01_M02_CORE_IMPACT_MATRIX_FULL_v1.0.csv,44200,47bd5f25788de3543b5451066082358a34493d941bb5d1ffff9e30280868d65e
M01-M15 new recon(20260907-081753).zip,1,M02_CORE_IMPACT_ANALYSIS_FULL_v1.0_CONTROLLED.zip!01_M02_CORE_IMPACT_MATRIX_FULL_v1.0.xlsx,9458,3a7baa47d096e01003c0ff27d76650daa6730c7ca41f963e2d65ffdd003da3d7
M01-M15 new recon(20260907-081753).zip,1,M02_CORE_IMPACT_ANALYSIS_FULL_v1.0_CONTROLLED.zip!02_M02_CORE_CONFLICT_REGISTER_FULL_v1.0.md,2041,c70e59f3291f3222c7284a16f622322b82681b64f04d121be458d12db0998714
M01-M15 new recon(20260907-081753).zip,1,M02_CORE_IMPACT_ANALYSIS_FULL_v1.0_CONTROLLED.zip!03_M02_CORE_PROPAGATION_MATRIX_FULL_v1.0.csv,1742,b69810f3ee311bec6f28f7a0bb9c4ebdd57e510bbd2fff207d8333598064b553
M01-M15 new recon(20260907-081753).zip,1,M02_CORE_IMPACT_ANALYSIS_FULL_v1.0_CONTROLLED.zip!04_M02_CORE_DEPENDENCY_IMPACT_FULL_v1.0.md,712,8f56fbec7b16cedc61195c0a94519f80b854395889b6a133eff153627495f955
M01-M15 new recon(20260907-081753).zip,1,M02_CORE_IMPACT_ANALYSIS_FULL_v1.0_CONTROLLED.zip!05_M02_CORE_REQUIRED_CHANGE_REGISTER_FULL_v1.0.md,918,3d632c9972a1c1cee618439647ed3aae0d66a2b06958d91c5b75dbda0b1b9321
M01-M15 new recon(20260907-081753).zip,1,M02_CORE_IMPACT_ANALYSIS_FULL_v1.0_CONTROLLED.zip!06_M02_CORE_AUTHORITY_MAPPING_FULL_v1.0.md,595,0f0258b100aa74232bd111514b5f54859be3e5de309a2f31d2164238b76b11d1
M01-M15 new recon(20260907-081753).zip,1,M02_CORE_IMPACT_ANALYSIS_FULL_v1.0_CONTROLLED.zip!07_M02_CORE_IMPACT_QA_FULL_v1.0.md,562,0788bd8934fb640d242670c0072e051d06bdb0e41cd637c41e33f9c1d8b74f42
M01-M15 new recon(20260907-081753).zip,1,M02_CORE_IMPACT_ANALYSIS_FULL_v1.0_CONTROLLED.zip!08_M02_CORE_INTEGRATION_READINESS_FULL_v1.0.md,437,300eae59bcd5f01720bd296518a359e3462852b5cbdb5dc7e526bf0c9dcc5e4a
M01-M15 new recon(20260907-081753).zip,1,M02_CORE_IMPACT_ANALYSIS_FULL_v1.0_CONTROLLED.zip!09_PROVENANCE_M02_CORE_IMPACT_v1.0.md,590,d0e1f22ff9d95cdd70a029ba5bda9a38da9c8a68e1d2400039c25e225e4bc86f
M01-M15 new recon(20260907-081753).zip,1,M02_CORE_IMPACT_ANALYSIS_FULL_v1.0_CONTROLLED.zip!10_MANIFEST_M02_CORE_IMPACT_v1.0.md,548,7e3dc9d8399c8c4ee30c30276c2133eed6a84f0577b27fb194a8240a9a2582d6
M01-M15 new recon(20260907-081753).zip,0,M01_CORE_IMPACT_ANALYSIS_FULL_v1.0_CONTROLLED.zip,18853,2738b2de7b93d31a26f2f1b2251bbae82bde283f6561354c528737a4f0b67d47
M01-M15 new recon(20260907-081753).zip,1,M01_CORE_IMPACT_ANALYSIS_FULL_v1.0_CONTROLLED.zip!00_M01_CORE_IMPACT_EXECUTIVE_SUMMARY_v1.0.md,455,bd97f06a0a269406cc80d258b2a3c2c641e0b0219497f3a8faa180de1fa6af8c
M01-M15 new recon(20260907-081753).zip,1,M01_CORE_IMPACT_ANALYSIS_FULL_v1.0_CONTROLLED.zip!01_M01_CORE_IMPACT_MATRIX_FULL_v1.0.csv,40535,91b4cd2fad6ad5bf40a30d2b9ac6e9ee850147593020dadbaca93148412b288d
M01-M15 new recon(20260907-081753).zip,1,M01_CORE_IMPACT_ANALYSIS_FULL_v1.0_CONTROLLED.zip!01_M01_CORE_IMPACT_MATRIX_FULL_v1.0.xlsx,9698,84e2c3dbf1cf53c07079896cb8242bc11489901a5f7f4f7832c6f0c2ea5e6091
M01-M15 new recon(20260907-081753).zip,1,M01_CORE_IMPACT_ANALYSIS_FULL_v1.0_CONTROLLED.zip!02_M01_CORE_CONFLICT_REGISTER_FULL_v1.0.md,1244,0c292236ba6d2c0490d8288a15c9171ccfcd1c67682d4b02eb8ed953f88e9a17
M01-M15 new recon(20260907-081753).zip,1,M01_CORE_IMPACT_ANALYSIS_FULL_v1.0_CONTROLLED.zip!03_M01_CORE_PROPAGATION_MATRIX_FULL_v1.0.csv,1586,a91682a70dcfda1433cc37c407312bf925ca802c8ce9722f2a71b1c5fc6c04f5
M01-M15 new recon(20260907-081753).zip,1,M01_CORE_IMPACT_ANALYSIS_FULL_v1.0_CONTROLLED.zip!04_M01_CORE_DEPENDENCY_IMPACT_FULL_v1.0.md,531,8181604b0bcbdd4ba02634b0ebef8f0012f1df90881edd44bef1d0931dc8db4c
M01-M15 new recon(20260907-081753).zip,1,M01_CORE_IMPACT_ANALYSIS_FULL_v1.0_CONTROLLED.zip!05_M01_CORE_REQUIRED_CHANGE_REGISTER_FULL_v1.0.md,753,fb23a16cc47bc6c8ffc9320052bad58a62bfeaaf13b258acb0ccfb25d4f000cb
M01-M15 new recon(20260907-081753).zip,1,M01_CORE_IMPACT_ANALYSIS_FULL_v1.0_CONTROLLED.zip!06_M01_CORE_AUTHORITY_MAPPING_FULL_v1.0.md,536,a449df25c2ef58e2ab11729d70ec116a093a432fc7e1bf5b28a426fbb70337da
M01-M15 new recon(20260907-081753).zip,1,M01_CORE_IMPACT_ANALYSIS_FULL_v1.0_CONTROLLED.zip!07_M01_CORE_IMPACT_QA_FULL_v1.0.md,473,9715bb8e3eb27ba4be18fdfcf41cf1b131f6924b8709dfe26b6f1bf76d90bc71
M01-M15 new recon(20260907-081753).zip,1,M01_CORE_IMPACT_ANALYSIS_FULL_v1.0_CONTROLLED.zip!08_M01_CORE_INTEGRATION_READINESS_FULL_v1.0.md,368,ff9c055141a9c68264e3671c6977814676dabb5c188c1847bd3871ed3cd8e096
M01-M15 new recon(20260907-081753).zip,1,M01_CORE_IMPACT_ANALYSIS_FULL_v1.0_CONTROLLED.zip!09_PROVENANCE_M01_CORE_IMPACT_v1.0.md,405,e346c5a18e1cfcb6f6364a5c3ab6089c8fd57da15195f8e304b14461bd487d84
M01-M15 new recon(20260907-081753).zip,1,M01_CORE_IMPACT_ANALYSIS_FULL_v1.0_CONTROLLED.zip!10_MANIFEST_M01_CORE_IMPACT_v1.0.md,548,0a7c8b0355c66531b1dbb4910a9321e4396b82194b8e69828f3205a2c5ab9cab
M01-M15 new recon(20260907-081753).zip,0,M04_CORE_IMPACT_ANALYSIS_FULL_v1.0_CONTROLLED.zip,7535,663eabb21c09aa50a82101ffae0d7dad549ed91f1f04a40dedc3760aca28141e
M01-M15 new recon(20260907-081753).zip,1,M04_CORE_IMPACT_ANALYSIS_FULL_v1.0_CONTROLLED.zip!08_M04_CORE_INTEGRATION_READINESS.md,376,99d609a1732938416071caae5f150991f0aeb478e4e1d2e79db3be034ff65324
M01-M15 new recon(20260907-081753).zip,1,M04_CORE_IMPACT_ANALYSIS_FULL_v1.0_CONTROLLED.zip!05_M04_CORE_REQUIRED_CHANGE_REGISTER.md,565,fc8a9037576ff30c2aa1dd4972b0d6ce1d603dedae43d5e245b786939c386a42
M01-M15 new recon(20260907-081753).zip,1,M04_CORE_IMPACT_ANALYSIS_FULL_v1.0_CONTROLLED.zip!04_M04_CORE_DEPENDENCY_IMPACT.md,717,02ead0f52e56f42ca06074587e39701139d755598beac2aadcd7c3e718d6847c
M01-M15 new recon(20260907-081753).zip,1,M04_CORE_IMPACT_ANALYSIS_FULL_v1.0_CONTROLLED.zip!03_M04_CORE_PROPAGATION_MATRIX.csv,1122,c332327f80ac5c3f2e9d5e0c71117eb54a31199119a32bba9635dac18ae6d43a
M01-M15 new recon(20260907-081753).zip,1,M04_CORE_IMPACT_ANALYSIS_FULL_v1.0_CONTROLLED.zip!09_PROVENANCE.md,394,7fc83b91be813af5443857d4bf2b6fdd1a63cceb102238e8f491d90b7109bdda
M01-M15 new recon(20260907-081753).zip,1,M04_CORE_IMPACT_ANALYSIS_FULL_v1.0_CONTROLLED.zip!01_M04_CORE_IMPACT_MATRIX.csv,1689,e225ea1c6385ddfc0e6ba3e32aa450d252cc765a4d659ccc69c0e5d34a65f585
M01-M15 new recon(20260907-081753).zip,1,M04_CORE_IMPACT_ANALYSIS_FULL_v1.0_CONTROLLED.zip!07_M04_CORE_QA.md,410,720a7c42650baca6a8a6f1b4808495a037a8d9e6fa1d85334a6c08bd250d2f13
M01-M15 new recon(20260907-081753).zip,1,M04_CORE_IMPACT_ANALYSIS_FULL_v1.0_CONTROLLED.zip!02_M04_CORE_CONFLICT_REGISTER.md,9490,de2ce4f66ad5ee4048635348cb19ffafa0d4e98b45be06212fb02c3e0c348f1e
M01-M15 new recon(20260907-081753).zip,1,M04_CORE_IMPACT_ANALYSIS_FULL_v1.0_CONTROLLED.zip!01_M04_CORE_IMPACT_MATRIX.md,2267,51694ac6d8e160b9189ab002f9943cf5100fe4174f348b129115325d6aa88c5e
M01-M15 new recon(20260907-081753).zip,1,M04_CORE_IMPACT_ANALYSIS_FULL_v1.0_CONTROLLED.zip!06_M04_CORE_AUTHORITY_MAPPING.md,813,8a3b1fb5b8aaf5a1386116ea11ded298253e52bb580106ba4122fa15b285840c
M01-M15 new recon(20260907-081753).zip,1,M04_CORE_IMPACT_ANALYSIS_FULL_v1.0_CONTROLLED.zip!10_MANIFEST.md,373,4bd1dbd56e5ec255cd2e8cd84856074f4cee32ec979557e3152695db8ff3d7f9
M01-M15 new recon(20260907-081753).zip,0,RUMAHAGEN_WF03_M05_QIR_CORRECTION_CONTROLLED_FULL_v1.2.zip,134715,c53ba796721387ac3b88e8b3e4a61798ad2dcb3d0f3103f8fcd6c36610fdef7c
M01-M15 new recon(20260907-081753).zip,1,RUMAHAGEN_WF03_M05_QIR_CORRECTION_CONTROLLED_FULL_v1.2.zip!M05_v1.2_BASELINE/11_M05_PERMISSION_MATRIX_FULL_v1.2.csv,585,313bb7e2a1150735acf5784bacdbfcd668602cbcb41cac2c729f07b0f9227d8f
M01-M15 new recon(20260907-081753).zip,1,RUMAHAGEN_WF03_M05_QIR_CORRECTION_CONTROLLED_FULL_v1.2.zip!M05_v1.2_BASELINE/10_M05_CONFIGURATION_PROVIDER_FULL_v1.2.md,994,98cefff14739efb2325fac01ef67cdb66ef7dd73e2dcb95c850324f1e57e485f
M01-M15 new recon(20260907-081753).zip,1,RUMAHAGEN_WF03_M05_QIR_CORRECTION_CONTROLLED_FULL_v1.2.zip!M05_v1.2_BASELINE/08_M05_CROSS_MODULE_RECONCILIATION_FULL_v1.2.md,468,d7d33ca3a8fddabcbc235f0cb3d8ced1bd223fcf0d75ccf31e9c8a3a43ccc7f3
M01-M15 new recon(20260907-081753).zip,1,RUMAHAGEN_WF03_M05_QIR_CORRECTION_CONTROLLED_FULL_v1.2.zip!M05_v1.2_BASELINE/05_M05_PERMISSION_ACTION_REVIEW_FULL_v1.2.md,603,5ed39f103fa02317f3a02d09538d2d5df00f36092571155112dc95baf6529bb0
M01-M15 new recon(20260907-081753).zip,1,RUMAHAGEN_WF03_M05_QIR_CORRECTION_CONTROLLED_FULL_v1.2.zip!M05_v1.2_BASELINE/evidence_iframe.md,7107,87e56e7c740da4101035c2337aec782135d9972c3a094d6da1e35fbbc7b67923
M01-M15 new recon(20260907-081753).zip,1,RUMAHAGEN_WF03_M05_QIR_CORRECTION_CONTROLLED_FULL_v1.2.zip!M05_v1.2_BASELINE/04_M05_LIFECYCLE_FULL_v1.2.md,959,a6de78784a718927f9795c107a5f8a3d02cb0d5bd073ed954257e350a5d0d2d7
M01-M15 new recon(20260907-081753).zip,1,RUMAHAGEN_WF03_M05_QIR_CORRECTION_CONTROLLED_FULL_v1.2.zip!M05_v1.2_BASELINE/evidence_waitinglist.md,8521,632636cf72ddce93215d53df08d7aae1da9f97443c47cc70b1e1c0a7f98ae66e
M01-M15 new recon(20260907-081753).zip,1,RUMAHAGEN_WF03_M05_QIR_CORRECTION_CONTROLLED_FULL_v1.2.zip!M05_v1.2_BASELINE/03_M05_SEMANTIC_REVIEW_FULL_v1.2.md,824,5bc5b8c679a1d8cddb7436f24a45d188e2ac0c4033430f539ec66c07fce57f62
M01-M15 new recon(20260907-081753).zip,1,RUMAHAGEN_WF03_M05_QIR_CORRECTION_CONTROLLED_FULL_v1.2.zip!M05_v1.2_BASELINE/06_M05_CROSS_ARTIFACT_RECONCILIATION_FULL_v1.2.md,771,d0bc8ec1808f80f3fe60a9653d896d39acb47ca8deda709c37d50adb90c222f6
M01-M15 new recon(20260907-081753).zip,1,RUMAHAGEN_WF03_M05_QIR_CORRECTION_CONTROLLED_FULL_v1.2.zip!M05_v1.2_BASELINE/evidence_late_registration.md,8522,5dad927befd76a6385f49a07d5e945c7dac5859f9aabb2e12819b1ad905ea921
M01-M15 new recon(20260907-081753).zip,1,RUMAHAGEN_WF03_M05_QIR_CORRECTION_CONTROLLED_FULL_v1.2.zip!M05_v1.2_BASELINE/evidence_quota.md,8997,5739dd0e60bc7d6dbb132bd2fc99307cbae5e641876d514287331dee2229554d
M01-M15 new recon(20260907-081753).zip,1,RUMAHAGEN_WF03_M05_QIR_CORRECTION_CONTROLLED_FULL_v1.2.zip!M05_v1.2_BASELINE/15_M05_MANIFEST_CONTROLLED_v1.2.md,527,8ac8db02b06f6244c19d45a1fadfa51979200e14f78bca1226d03680a6d52346
M01-M15 new recon(20260907-081753).zip,1,RUMAHAGEN_WF03_M05_QIR_CORRECTION_CONTROLLED_FULL_v1.2.zip!M05_v1.2_BASELINE/01_M05_SOURCE_INVENTORY_100PCT_v1.2.md,331,d0dce5dec2063a77ae9e8d4a70c156055d2074d523459c51ce858372ec6b08b8
M01-M15 new recon(20260907-081753).zip,1,RUMAHAGEN_WF03_M05_QIR_CORRECTION_CONTROLLED_FULL_v1.2.zip!M05_v1.2_BASELINE/12_M05_FULL_FIELD_CONFIGURATION_PERMISSION_MATRIX_v1.2.xlsx,8960,cd1ca9ea4b5b61e66cdcbc9c8e4b376c8264954153921cc3c52df94660e7cf0d
M01-M15 new recon(20260907-081753).zip,1,RUMAHAGEN_WF03_M05_QIR_CORRECTION_CONTROLLED_FULL_v1.2.zip!M05_v1.2_BASELINE/13_M05_EVIDENCE_PROVENANCE_AND_DIFF_v1.2.md,1658,8e44d24df3826d67914b95435702eb6ef3283a5accbc30cce60161b1473ef4ce
M01-M15 new recon(20260907-081753).zip,1,RUMAHAGEN_WF03_M05_QIR_CORRECTION_CONTROLLED_FULL_v1.2.zip!M05_v1.2_BASELINE/07_M05_PHYSICAL_RUNTIME_PREREQUISITE_REVIEW_FULL_v1.2.md,576,c989b648afb1dbf8d0f83b8dea57d9902b246fe24957b3dbdd178c7aed59d616
M01-M15 new recon(20260907-081753).zip,1,RUMAHAGEN_WF03_M05_QIR_CORRECTION_CONTROLLED_FULL_v1.2.zip!M05_v1.2_BASELINE/01_M05_SOURCE_INVENTORY_100PCT_v1.2.csv,67454,2f281b81c85297dbf006fc7967c4786b87989d2323ad17c51e2cabb559d9c24d
M01-M15 new recon(20260907-081753).zip,1,RUMAHAGEN_WF03_M05_QIR_CORRECTION_CONTROLLED_FULL_v1.2.zip!M05_v1.2_BASELINE/16_M05_FULL_REBUILD_CONTROLLED_v1.2.docx,38911,3f6fd5e26ba3be8c62abd83d5fcf23a691d2ed0249457839e2e91eda6728a5a1
M01-M15 new recon(20260907-081753).zip,1,RUMAHAGEN_WF03_M05_QIR_CORRECTION_CONTROLLED_FULL_v1.2.zip!M05_v1.2_BASELINE/09_M05_ACTOR_SURFACE_FULL_v1.2.md,632,c83720852629c84182c81579f44e1822a11d66ec2286806adf7fcddcf0683acd
M01-M15 new recon(20260907-081753).zip,1,RUMAHAGEN_WF03_M05_QIR_CORRECTION_CONTROLLED_FULL_v1.2.zip!M05_v1.2_BASELINE/evidence_attendance.md,8385,96168cb862f58dc1aa5c88ff12e9bb2bea6a9203eae8c7019c45e9bc61e790ce
M01-M15 new recon(20260907-081753).zip,1,RUMAHAGEN_WF03_M05_QIR_CORRECTION_CONTROLLED_FULL_v1.2.zip!M05_v1.2_BASELINE/02_M05_QUESTION_INVENTORY_FULL_v1.2.md,237,0ead9d51ce5c3ccc45f9a7ef3ce107190b3906829753befec4049c23df906a19
M01-M15 new recon(20260907-081753).zip,1,RUMAHAGEN_WF03_M05_QIR_CORRECTION_CONTROLLED_FULL_v1.2.zip!M05_v1.2_BASELINE/00_M05_FULL_REBUILD_CONTROL_REPORT_v1.2.md,1490,2afae2a74dc5cb686cebff9e8bef85291feb0086c7580a46759114ab349f0e72
M01-M15 new recon(20260907-081753).zip,1,RUMAHAGEN_WF03_M05_QIR_CORRECTION_CONTROLLED_FULL_v1.2.zip!M05_v1.2_BASELINE/evidence_fields.md,8908,b3848bb521559a614af5d5a047c90e2628e62b4ed2b70b86d98e1714c2dadc3b
M01-M15 new recon(20260907-081753).zip,1,RUMAHAGEN_WF03_M05_QIR_CORRECTION_CONTROLLED_FULL_v1.2.zip!M05_v1.2_BASELINE/02_M05_QUESTION_INVENTORY_FULL_v1.2.csv,2321,d87f8242e029d255f930f16db9360243f3e24c04e0f020f4ca739467f3c9a1ec
M01-M15 new recon(20260907-081753).zip,1,RUMAHAGEN_WF03_M05_QIR_CORRECTION_CONTROLLED_FULL_v1.2.zip!M05_v1.2_BASELINE/evidence_provider.md,8501,6edaab09e2c2d6284da1f1846448cae2049c0bbee22892a44d162b4cf00919db
M01-M15 new recon(20260907-081753).zip,1,RUMAHAGEN_WF03_M05_QIR_CORRECTION_CONTROLLED_FULL_v1.2.zip!M05_v1.2_BASELINE/14_M05_QA_FULL_v1.2.md,1150,60ab10879ff1f725a8d43d5e9b453714cd019bc694fe71bd9bdbaba83c0e64f1
M01-M15 new recon(20260907-081753).zip,1,RUMAHAGEN_WF03_M05_QIR_CORRECTION_CONTROLLED_FULL_v1.2.zip!M05_QIR_CORRECTION_v1.2/04_M05_QIR_PROVIDER_VALIDATION_CORRECTED_FULL.md,774,8912b94d832a5935e516b0e9b6d8f07f11f60a94a06dd1be309428ba677bf413
M01-M15 new recon(20260907-081753).zip,1,RUMAHAGEN_WF03_M05_QIR_CORRECTION_CONTROLLED_FULL_v1.2.zip!M05_QIR_CORRECTION_v1.2/10_M05_QIR_DOCUMENTARY_BLOCKERS_CORRECTED_FULL.md,710,1d9aba2ac3631ca08b73a1283220a175116697f42e734c69623d0e062f687dd9
M01-M15 new recon(20260907-081753).zip,1,RUMAHAGEN_WF03_M05_QIR_CORRECTION_CONTROLLED_FULL_v1.2.zip!M05_QIR_CORRECTION_v1.2/00_M05_QIR_CORRECTION_CONTROLLED_v1.2.md,3445,67fb3dc81fb2ed765ca936c6ef8cfd934cdd6dc54d7aa26f85e7355d493d6c1a
M01-M15 new recon(20260907-081753).zip,1,RUMAHAGEN_WF03_M05_QIR_CORRECTION_CONTROLLED_FULL_v1.2.zip!M05_QIR_CORRECTION_v1.2/11_M05_QIR_FINAL_FINDINGS_CORRECTED_FULL.md,726,5dc02dcaf61f26873022a0e173f106d7cf633128df540adbd14ca7ccef06a176
M01-M15 new recon(20260907-081753).zip,1,RUMAHAGEN_WF03_M05_QIR_CORRECTION_CONTROLLED_FULL_v1.2.zip!M05_QIR_CORRECTION_v1.2/12_M05_QIR_QA_CORRECTED_FULL.md,963,790d28b5a3dffa8dcea8382e8bed29ce66138489c0fc36a5de92a50a3f7574b5
M01-M15 new recon(20260907-081753).zip,1,RUMAHAGEN_WF03_M05_QIR_CORRECTION_CONTROLLED_FULL_v1.2.zip!M05_QIR_CORRECTION_v1.2/06_M05_QIR_LIFECYCLE_VALIDATION_CORRECTED_FULL.md,804,5ac2d971d2a19a0a0bcf666069705734aa66d8dd359949505332fa66045affa8
M01-M15 new recon(20260907-081753).zip,1,RUMAHAGEN_WF03_M05_QIR_CORRECTION_CONTROLLED_FULL_v1.2.zip!M05_QIR_CORRECTION_v1.2/09_M05_QIR_CROSS_MODULE_VALIDATION_CORRECTED_FULL.md,574,c1c9087dcdd259d4059f80c313ab3d736e79c98c574358e0431bfa417be5d561
M01-M15 new recon(20260907-081753).zip,1,RUMAHAGEN_WF03_M05_QIR_CORRECTION_CONTROLLED_FULL_v1.2.zip!M05_QIR_CORRECTION_v1.2/13_M05_QIR_CORRECTION_CONTROLLED_FULL_v1.2.docx,37642,df945684d663f918757ebe30c3a9d152652572ead56730e17f06c484bbe6a701
M01-M15 new recon(20260907-081753).zip,1,RUMAHAGEN_WF03_M05_QIR_CORRECTION_CONTROLLED_FULL_v1.2.zip!M05_QIR_CORRECTION_v1.2/03_M05_QIR_BUSINESS_RULE_VALIDATION_CORRECTED_FULL.md,1244,443c2794f3e8c3cac41c6ec97876b17484ec98799c718166df2e82ee6b89bdc1
M01-M15 new recon(20260907-081753).zip,1,RUMAHAGEN_WF03_M05_QIR_CORRECTION_CONTROLLED_FULL_v1.2.zip!M05_QIR_CORRECTION_v1.2/07_M05_QIR_PERMISSION_VALIDATION_CORRECTED_FULL.md,542,cbebee490d01f710dc6095904fdc469855333fce08eb9e9779ab0bf5189aa60d
M01-M15 new recon(20260907-081753).zip,1,RUMAHAGEN_WF03_M05_QIR_CORRECTION_CONTROLLED_FULL_v1.2.zip!M05_QIR_CORRECTION_v1.2/05_M05_QIR_GUEST_REGISTRATION_VALIDATION_CORRECTED_FULL.md,742,6d7e3fcd04d42201027ca8664b39db5a54c80364c0cb5476ccc5c7ebe06c1584
M01-M15 new recon(20260907-081753).zip,1,RUMAHAGEN_WF03_M05_QIR_CORRECTION_CONTROLLED_FULL_v1.2.zip!M05_QIR_CORRECTION_v1.2/08_M05_QIR_CONFIGURATION_VALIDATION_CORRECTED_FULL.md,648,bce63b8290765bf213d57435caaeeacb1aacb4d0eb897294f4e1fa2678dcd872
M01-M15 new recon(20260907-081753).zip,1,RUMAHAGEN_WF03_M05_QIR_CORRECTION_CONTROLLED_FULL_v1.2.zip!M05_QIR_CORRECTION_v1.2/02_M05_QIR_RESOLUTION_MATRIX_CORRECTED_FULL.csv,1114,cde79310324c15f2df88a1ac7657ece91f96c00e980b2aa81051e7965d2df047
M01-M15 new recon(20260907-081753).zip,1,RUMAHAGEN_WF03_M05_QIR_CORRECTION_CONTROLLED_FULL_v1.2.zip!M05_QIR_CORRECTION_v1.2/01_M05_QIR_QUESTION_INVENTORY_CORRECTED_FULL.csv,2961,261146c3ad75abdf993c5b62c222d32e0a5ebc11ce2248db08c0af30ef669315
M01-M15 new recon(20260907-081753).zip,0,RUMAHAGEN_WF03_M05_FULL_REBUILD_CONTROLLED_v1.3_FULL_VERSION.zip,166268,1230777319e8d7a0a358e65a2e6081f3e12dcbc69b5082d360f820850f001d36
M01-M15 new recon(20260907-081753).zip,1,RUMAHAGEN_WF03_M05_FULL_REBUILD_CONTROLLED_v1.3_FULL_VERSION.zip!01_M05_SOURCE_INVENTORY_100PCT_v1.3.md,296,3f532424a2fa7f8351433856e4c86168bfd64256a646181b8f1aaaf27db8362c
M01-M15 new recon(20260907-081753).zip,1,RUMAHAGEN_WF03_M05_FULL_REBUILD_CONTROLLED_v1.3_FULL_VERSION.zip!00_M05_FULL_REBUILD_CONTROL_REPORT_v1.3.md,1667,21af39ad84abde95495aeae6f415a7643a9d11635fa3792de570e4d4ff506062
M01-M15 new recon(20260907-081753).zip,1,RUMAHAGEN_WF03_M05_FULL_REBUILD_CONTROLLED_v1.3_FULL_VERSION.zip!18_M05_FULL_REBUILD_CONTROLLED_v1.3.docx,38682,035e9f7a6b4e218b8bec0bdecd1779b88d29f56d17e7e8ded66787e9bafe8d79
M01-M15 new recon(20260907-081753).zip,1,RUMAHAGEN_WF03_M05_FULL_REBUILD_CONTROLLED_v1.3_FULL_VERSION.zip!10_M05_ACTOR_SURFACE_FULL_v1.3.md,579,9ccd8c33b632388544a54e0d3e735f2ccf8542bddc8018548a4bcec27a25c5e5
M01-M15 new recon(20260907-081753).zip,1,RUMAHAGEN_WF03_M05_FULL_REBUILD_CONTROLLED_v1.3_FULL_VERSION.zip!06_M05_PERMISSION_ACTION_REVIEW_FULL_v1.3.md,439,833c490edca36658ed3f72396d49738f6073543502cf61927611d6d6560504b2
M01-M15 new recon(20260907-081753).zip,1,RUMAHAGEN_WF03_M05_FULL_REBUILD_CONTROLLED_v1.3_FULL_VERSION.zip!02_M05_SOURCE_INVENTORY_100PCT_v1.3.csv,72712,5b9721953d1d7d45e6f1e45ccce0c00cfad21cd78ad9c1cf2088909336ee99e0
M01-M15 new recon(20260907-081753).zip,1,RUMAHAGEN_WF03_M05_FULL_REBUILD_CONTROLLED_v1.3_FULL_VERSION.zip!03_M05_QUESTION_INVENTORY_FULL_v1.3.md,250,862d70146bf3b54817fc57f08491c77994ab6cdb7e8419b5a3b9c7899221e6a9
M01-M15 new recon(20260907-081753).zip,1,RUMAHAGEN_WF03_M05_FULL_REBUILD_CONTROLLED_v1.3_FULL_VERSION.zip!07_M05_CROSS_ARTIFACT_RECONCILIATION_FULL_v1.3.md,572,5689d839c0043abb0139b7602cec96dcfc2779b11ed7bec78de1c9ff41dc2a74
M01-M15 new recon(20260907-081753).zip,1,RUMAHAGEN_WF03_M05_FULL_REBUILD_CONTROLLED_v1.3_FULL_VERSION.zip!14_M05_FIELD_INVENTORY_FULL_v1.3.csv,1704,f11d4f60f3fceadeb2eaad39c7ee3e209f6bf55927c9e53b028419a4af07d645
M01-M15 new recon(20260907-081753).zip,1,RUMAHAGEN_WF03_M05_FULL_REBUILD_CONTROLLED_v1.3_FULL_VERSION.zip!03_M05_QUESTION_INVENTORY_FULL_v1.3.csv,2736,e5522ec17f41ff81f7e74fdaa01903f233603bdae45150343cc7765b1155d454
M01-M15 new recon(20260907-081753).zip,1,RUMAHAGEN_WF03_M05_FULL_REBUILD_CONTROLLED_v1.3_FULL_VERSION.zip!12_M05_ONLINE_MEETING_PROVIDER_FULL_v1.3.md,722,543e2b28797686d86c651ce780409084af2b8d000858bdbeb3f61ce86a296a53
M01-M15 new recon(20260907-081753).zip,1,RUMAHAGEN_WF03_M05_FULL_REBUILD_CONTROLLED_v1.3_FULL_VERSION.zip!08_M05_CROSS_MODULE_RECONCILIATION_FULL_v1.3.md,359,d9ccee16e5a72622d76871d91f55d2d05b1476b72f94ba3d7c1c6346f12e5134
M01-M15 new recon(20260907-081753).zip,1,RUMAHAGEN_WF03_M05_FULL_REBUILD_CONTROLLED_v1.3_FULL_VERSION.zip!11_M05_CONFIGURATION_MATRIX_FULL_v1.3.md,782,c8dc02c2f3286c0ab009910c6d287416fd53b9c9a90238004e6bb25198504d93
M01-M15 new recon(20260907-081753).zip,1,RUMAHAGEN_WF03_M05_FULL_REBUILD_CONTROLLED_v1.3_FULL_VERSION.zip!13_M05_GUEST_REGISTRATION_FULL_v1.3.md,670,9f0b5f4d7da73a2b293fbe3ae3699f938737ac0d6fb2bf9fdec08bdbcb965061
M01-M15 new recon(20260907-081753).zip,1,RUMAHAGEN_WF03_M05_FULL_REBUILD_CONTROLLED_v1.3_FULL_VERSION.zip!09_M05_PHYSICAL_RUNTIME_PREREQUISITE_REVIEW_FULL_v1.3.md,414,48cbe3e217adc17b26b2807e5ef479cef416d7d24b3eab6ce2e1e0be44a27d8a
M01-M15 new recon(20260907-081753).zip,1,RUMAHAGEN_WF03_M05_FULL_REBUILD_CONTROLLED_v1.3_FULL_VERSION.zip!17_M05_FINAL_QA_PRE_GATE_v1.3.md,1132,ca998ee830fe566cfd9549c1f6685c8e2a6ceda7017129fcbccee1e002602383
M01-M15 new recon(20260907-081753).zip,1,RUMAHAGEN_WF03_M05_FULL_REBUILD_CONTROLLED_v1.3_FULL_VERSION.zip!16_M05_QIR_CORRECTION_TRACEABILITY_FULL_v1.3.md,663,369245670ca838bb65ecf474122281c33ec66a8f0b7bbe122ace7efe9372ba79
M01-M15 new recon(20260907-081753).zip,1,RUMAHAGEN_WF03_M05_FULL_REBUILD_CONTROLLED_v1.3_FULL_VERSION.zip!15_M05_CONFIGURATION_PERMISSION_MATRIX_FULL_v1.3.xlsx,9152,d78c962ceaa84af68da83f844f384fc5a9aa4acb81c79a70938f1d1a9a37fccc
M01-M15 new recon(20260907-081753).zip,1,RUMAHAGEN_WF03_M05_FULL_REBUILD_CONTROLLED_v1.3_FULL_VERSION.zip!04_M05_SEMANTIC_REVIEW_FULL_v1.3.md,759,a3b75e6b3e2d57f1b6e23250a7d87622e961bc09485692c416ca80a1fac41608
M01-M15 new recon(20260907-081753).zip,1,RUMAHAGEN_WF03_M05_FULL_REBUILD_CONTROLLED_v1.3_FULL_VERSION.zip!05_M05_LIFECYCLE_FULL_v1.3.md,1182,9571114d42331cc9c965926232052565114b7a702ceb346bb4d787865ddbd703
M01-M15 new recon(20260907-081753).zip,1,RUMAHAGEN_WF03_M05_FULL_REBUILD_CONTROLLED_v1.3_FULL_VERSION.zip!01_FULL_V1.2_RETAINED/11_M05_PERMISSION_MATRIX_FULL_v1.2.csv,585,313bb7e2a1150735acf5784bacdbfcd668602cbcb41cac2c729f07b0f9227d8f
M01-M15 new recon(20260907-081753).zip,1,RUMAHAGEN_WF03_M05_FULL_REBUILD_CONTROLLED_v1.3_FULL_VERSION.zip!01_FULL_V1.2_RETAINED/10_M05_CONFIGURATION_PROVIDER_FULL_v1.2.md,994,98cefff14739efb2325fac01ef67cdb66ef7dd73e2dcb95c850324f1e57e485f
M01-M15 new recon(20260907-081753).zip,1,RUMAHAGEN_WF03_M05_FULL_REBUILD_CONTROLLED_v1.3_FULL_VERSION.zip!01_FULL_V1.2_RETAINED/08_M05_CROSS_MODULE_RECONCILIATION_FULL_v1.2.md,468,d7d33ca3a8fddabcbc235f0cb3d8ced1bd223fcf0d75ccf31e9c8a3a43ccc7f3
M01-M15 new recon(20260907-081753).zip,1,RUMAHAGEN_WF03_M05_FULL_REBUILD_CONTROLLED_v1.3_FULL_VERSION.zip!01_FULL_V1.2_RETAINED/05_M05_PERMISSION_ACTION_REVIEW_FULL_v1.2.md,603,5ed39f103fa02317f3a02d09538d2d5df00f36092571155112dc95baf6529bb0
M01-M15 new recon(20260907-081753).zip,1,RUMAHAGEN_WF03_M05_FULL_REBUILD_CONTROLLED_v1.3_FULL_VERSION.zip!01_FULL_V1.2_RETAINED/evidence_iframe.md,7107,87e56e7c740da4101035c2337aec782135d9972c3a094d6da1e35fbbc7b67923
M01-M15 new recon(20260907-081753).zip,1,RUMAHAGEN_WF03_M05_FULL_REBUILD_CONTROLLED_v1.3_FULL_VERSION.zip!01_FULL_V1.2_RETAINED/04_M05_LIFECYCLE_FULL_v1.2.md,959,a6de78784a718927f9795c107a5f8a3d02cb0d5bd073ed954257e350a5d0d2d7
M01-M15 new recon(20260907-081753).zip,1,RUMAHAGEN_WF03_M05_FULL_REBUILD_CONTROLLED_v1.3_FULL_VERSION.zip!01_FULL_V1.2_RETAINED/evidence_waitinglist.md,8521,632636cf72ddce93215d53df08d7aae1da9f97443c47cc70b1e1c0a7f98ae66e
M01-M15 new recon(20260907-081753).zip,1,RUMAHAGEN_WF03_M05_FULL_REBUILD_CONTROLLED_v1.3_FULL_VERSION.zip!01_FULL_V1.2_RETAINED/03_M05_SEMANTIC_REVIEW_FULL_v1.2.md,824,5bc5b8c679a1d8cddb7436f24a45d188e2ac0c4033430f539ec66c07fce57f62
M01-M15 new recon(20260907-081753).zip,1,RUMAHAGEN_WF03_M05_FULL_REBUILD_CONTROLLED_v1.3_FULL_VERSION.zip!01_FULL_V1.2_RETAINED/06_M05_CROSS_ARTIFACT_RECONCILIATION_FULL_v1.2.md,771,d0bc8ec1808f80f3fe60a9653d896d39acb47ca8deda709c37d50adb90c222f6
M01-M15 new recon(20260907-081753).zip,1,RUMAHAGEN_WF03_M05_FULL_REBUILD_CONTROLLED_v1.3_FULL_VERSION.zip!01_FULL_V1.2_RETAINED/evidence_late_registration.md,8522,5dad927befd76a6385f49a07d5e945c7dac5859f9aabb2e12819b1ad905ea921
M01-M15 new recon(20260907-081753).zip,1,RUMAHAGEN_WF03_M05_FULL_REBUILD_CONTROLLED_v1.3_FULL_VERSION.zip!01_FULL_V1.2_RETAINED/evidence_quota.md,8997,5739dd0e60bc7d6dbb132bd2fc99307cbae5e641876d514287331dee2229554d
M01-M15 new recon(20260907-081753).zip,1,RUMAHAGEN_WF03_M05_FULL_REBUILD_CONTROLLED_v1.3_FULL_VERSION.zip!01_FULL_V1.2_RETAINED/15_M05_MANIFEST_CONTROLLED_v1.2.md,527,8ac8db02b06f6244c19d45a1fadfa51979200e14f78bca1226d03680a6d52346
M01-M15 new recon(20260907-081753).zip,1,RUMAHAGEN_WF03_M05_FULL_REBUILD_CONTROLLED_v1.3_FULL_VERSION.zip!01_FULL_V1.2_RETAINED/01_M05_SOURCE_INVENTORY_100PCT_v1.2.md,331,d0dce5dec2063a77ae9e8d4a70c156055d2074d523459c51ce858372ec6b08b8
M01-M15 new recon(20260907-081753).zip,1,RUMAHAGEN_WF03_M05_FULL_REBUILD_CONTROLLED_v1.3_FULL_VERSION.zip!01_FULL_V1.2_RETAINED/12_M05_FULL_FIELD_CONFIGURATION_PERMISSION_MATRIX_v1.2.xlsx,8960,cd1ca9ea4b5b61e66cdcbc9c8e4b376c8264954153921cc3c52df94660e7cf0d
M01-M15 new recon(20260907-081753).zip,1,RUMAHAGEN_WF03_M05_FULL_REBUILD_CONTROLLED_v1.3_FULL_VERSION.zip!01_FULL_V1.2_RETAINED/13_M05_EVIDENCE_PROVENANCE_AND_DIFF_v1.2.md,1658,8e44d24df3826d67914b95435702eb6ef3283a5accbc30cce60161b1473ef4ce
M01-M15 new recon(20260907-081753).zip,1,RUMAHAGEN_WF03_M05_FULL_REBUILD_CONTROLLED_v1.3_FULL_VERSION.zip!01_FULL_V1.2_RETAINED/07_M05_PHYSICAL_RUNTIME_PREREQUISITE_REVIEW_FULL_v1.2.md,576,c989b648afb1dbf8d0f83b8dea57d9902b246fe24957b3dbdd178c7aed59d616
M01-M15 new recon(20260907-081753).zip,1,RUMAHAGEN_WF03_M05_FULL_REBUILD_CONTROLLED_v1.3_FULL_VERSION.zip!01_FULL_V1.2_RETAINED/01_M05_SOURCE_INVENTORY_100PCT_v1.2.csv,67454,2f281b81c85297dbf006fc7967c4786b87989d2323ad17c51e2cabb559d9c24d
M01-M15 new recon(20260907-081753).zip,1,RUMAHAGEN_WF03_M05_FULL_REBUILD_CONTROLLED_v1.3_FULL_VERSION.zip!01_FULL_V1.2_RETAINED/16_M05_FULL_REBUILD_CONTROLLED_v1.2.docx,38911,3f6fd5e26ba3be8c62abd83d5fcf23a691d2ed0249457839e2e91eda6728a5a1
M01-M15 new recon(20260907-081753).zip,1,RUMAHAGEN_WF03_M05_FULL_REBUILD_CONTROLLED_v1.3_FULL_VERSION.zip!01_FULL_V1.2_RETAINED/09_M05_ACTOR_SURFACE_FULL_v1.2.md,632,c83720852629c84182c81579f44e1822a11d66ec2286806adf7fcddcf0683acd
M01-M15 new recon(20260907-081753).zip,1,RUMAHAGEN_WF03_M05_FULL_REBUILD_CONTROLLED_v1.3_FULL_VERSION.zip!01_FULL_V1.2_RETAINED/evidence_attendance.md,8385,96168cb862f58dc1aa5c88ff12e9bb2bea6a9203eae8c7019c45e9bc61e790ce
M01-M15 new recon(20260907-081753).zip,1,RUMAHAGEN_WF03_M05_FULL_REBUILD_CONTROLLED_v1.3_FULL_VERSION.zip!01_FULL_V1.2_RETAINED/02_M05_QUESTION_INVENTORY_FULL_v1.2.md,237,0ead9d51ce5c3ccc45f9a7ef3ce107190b3906829753befec4049c23df906a19
M01-M15 new recon(20260907-081753).zip,1,RUMAHAGEN_WF03_M05_FULL_REBUILD_CONTROLLED_v1.3_FULL_VERSION.zip!01_FULL_V1.2_RETAINED/00_M05_FULL_REBUILD_CONTROL_REPORT_v1.2.md,1490,2afae2a74dc5cb686cebff9e8bef85291feb0086c7580a46759114ab349f0e72
M01-M15 new recon(20260907-081753).zip,1,RUMAHAGEN_WF03_M05_FULL_REBUILD_CONTROLLED_v1.3_FULL_VERSION.zip!01_FULL_V1.2_RETAINED/evidence_fields.md,8908,b3848bb521559a614af5d5a047c90e2628e62b4ed2b70b86d98e1714c2dadc3b
M01-M15 new recon(20260907-081753).zip,1,RUMAHAGEN_WF03_M05_FULL_REBUILD_CONTROLLED_v1.3_FULL_VERSION.zip!01_FULL_V1.2_RETAINED/02_M05_QUESTION_INVENTORY_FULL_v1.2.csv,2321,d87f8242e029d255f930f16db9360243f3e24c04e0f020f4ca739467f3c9a1ec
M01-M15 new recon(20260907-081753).zip,1,RUMAHAGEN_WF03_M05_FULL_REBUILD_CONTROLLED_v1.3_FULL_VERSION.zip!01_FULL_V1.2_RETAINED/evidence_provider.md,8501,6edaab09e2c2d6284da1f1846448cae2049c0bbee22892a44d162b4cf00919db
M01-M15 new recon(20260907-081753).zip,1,RUMAHAGEN_WF03_M05_FULL_REBUILD_CONTROLLED_v1.3_FULL_VERSION.zip!01_FULL_V1.2_RETAINED/14_M05_QA_FULL_v1.2.md,1150,60ab10879ff1f725a8d43d5e9b453714cd019bc694fe71bd9bdbaba83c0e64f1
M01-M15 new recon(20260907-081753).zip,0,RUMAHAGEN_WF03_M06_FULL_REBUILD_CONTROLLED_v1.5_FULL_VERSION.zip,2925265,64d349e107a95c4b0bf8369141f5b7ce790e1bc8a3c499513f20b3681ba028a0
M01-M15 new recon(20260907-081753).zip,1,RUMAHAGEN_WF03_M06_FULL_REBUILD_CONTROLLED_v1.5_FULL_VERSION.zip!02_M06_PROJECT_FIELD_INVENTORY_v1.5.csv,3186,061c2497e15def3d1c042dbeae486dfedad84e03c764ca2ef1c561b09ef3a0ed
M01-M15 new recon(20260907-081753).zip,1,RUMAHAGEN_WF03_M06_FULL_REBUILD_CONTROLLED_v1.5_FULL_VERSION.zip!09_M06_CONTROLLED_OUTPUT_MANIFEST_v1.5.csv,64495,2f63ba6bc044d528523be15e7a328bd5f765d9ed7743fe81a810076582a6665e
M01-M15 new recon(20260907-081753).zip,1,RUMAHAGEN_WF03_M06_FULL_REBUILD_CONTROLLED_v1.5_FULL_VERSION.zip!05_M06_PERMISSION_MATRIX_FULL_24_ROWS_v1.5.csv,2935,2d819e0180f5baba344142ce31831fc5fd3611cb864c55827b543c4551c24505
M01-M15 new recon(20260907-081753).zip,1,RUMAHAGEN_WF03_M06_FULL_REBUILD_CONTROLLED_v1.5_FULL_VERSION.zip!01_M06_FULL_CONTROL_MATRIX_v1.5.xlsx,18869,3fad5c0936695badd0ba7be0f4d21fa194e2cb2d5e675b32c81b75d8194d6465
M01-M15 new recon(20260907-081753).zip,1,RUMAHAGEN_WF03_M06_FULL_REBUILD_CONTROLLED_v1.5_FULL_VERSION.zip!04_M06_QUESTION_INVENTORY_v1.5.csv,4160,9727bd6a13e547a7c54c07c8d750c4f54c2813e36b5f84afdf26d1abc6b3f176
M01-M15 new recon(20260907-081753).zip,1,RUMAHAGEN_WF03_M06_FULL_REBUILD_CONTROLLED_v1.5_FULL_VERSION.zip!03_M06_M03_FIELD_MAPPING_v1.5.csv,3574,bf2c1bc128f03f18793ef9ff6732ce285ceb3422932c48997e22605f14ebed50
M01-M15 new recon(20260907-081753).zip,1,RUMAHAGEN_WF03_M06_FULL_REBUILD_CONTROLLED_v1.5_FULL_VERSION.zip!10_M06_V15_CORRECTION_RECONCILIATION_REPORT.md,1261,d905e75a38e39985d4a626a90a35c447de4c4e4119148d489751fe98605aba77
M01-M15 new recon(20260907-081753).zip,1,RUMAHAGEN_WF03_M06_FULL_REBUILD_CONTROLLED_v1.5_FULL_VERSION.zip!08_M06_SECOND_PASS_PREP_QA_v1.5.md,1974,fde7755ef9e71ac9805d50f9f1a430f811570164b9819e2ce3b9ec67d7f9eb67
M01-M15 new recon(20260907-081753).zip,1,RUMAHAGEN_WF03_M06_FULL_REBUILD_CONTROLLED_v1.5_FULL_VERSION.zip!07_M06_FULL_REBUILD_CONTROLLED_v1.5.md,4009,e285db1731559264037e51f69b68bfd3d1585747e2a4766051173ddc95c79045
M01-M15 new recon(20260907-081753).zip,1,RUMAHAGEN_WF03_M06_FULL_REBUILD_CONTROLLED_v1.5_FULL_VERSION.zip!README_M06_FULL_REBUILD_v1.5.md,1422,f8d6346e82d2f34753f9aac39477551537bcdaf5707304be6b7f03f8cea9f7e3
M01-M15 new recon(20260907-081753).zip,1,RUMAHAGEN_WF03_M06_FULL_REBUILD_CONTROLLED_v1.5_FULL_VERSION.zip!06_M06_FULL_REBUILD_CORRECTION_DECISIONS_v1.5.md,5176,cd3753baad68d644b3c7fd6451e407a3bb80acec21bc79952199f1e1b41b19d2
M01-M15 new recon(20260907-081753).zip,1,RUMAHAGEN_WF03_M06_FULL_REBUILD_CONTROLLED_v1.5_FULL_VERSION.zip!05A_M06_MARKETING_KIT_ACTION_AUTHORITY_v1.5.csv,510,e6d4dc31046ea618e2f63991d604cda3e8929fd89aa08416b0f4984d8ccda6fe
M01-M15 new recon(20260907-081753).zip,1,RUMAHAGEN_WF03_M06_FULL_REBUILD_CONTROLLED_v1.5_FULL_VERSION.zip!00_V1.4_BASELINE_RETAINED/00_V1.3_CANONICAL_BASELINE_RETAINED.xlsx,14158,8f709ee95361b54be2344ba5b1984777c1c5744f357ec16626a32327f1855170
M01-M15 new recon(20260907-081753).zip,1,RUMAHAGEN_WF03_M06_FULL_REBUILD_CONTROLLED_v1.5_FULL_VERSION.zip!00_V1.4_BASELINE_RETAINED/09_M06_CONTROLLED_OUTPUT_MANIFEST_v1.4.csv,9681,44582e545e9156ef7db8729a3c1ee0302c4d31720a72a7964b50f0d19e8b9d15
M01-M15 new recon(20260907-081753).zip,1,RUMAHAGEN_WF03_M06_FULL_REBUILD_CONTROLLED_v1.5_FULL_VERSION.zip!00_V1.4_BASELINE_RETAINED/03_M06_M03_FIELD_MAPPING_v1.4.csv,2882,e0ac020e4764b88e176403098bbeceff9f87e881640037c6423b0df58a995110
M01-M15 new recon(20260907-081753).zip,1,RUMAHAGEN_WF03_M06_FULL_REBUILD_CONTROLLED_v1.5_FULL_VERSION.zip!00_V1.4_BASELINE_RETAINED/01_M06_FULL_CONTROL_MATRIX_v1.4.xlsx,17000,ca5211f5201fbf42ef208d7a9d0f7d29bb0a65c7c7820a2dab8b9595396e726e
M01-M15 new recon(20260907-081753).zip,1,RUMAHAGEN_WF03_M06_FULL_REBUILD_CONTROLLED_v1.5_FULL_VERSION.zip!00_V1.4_BASELINE_RETAINED/07_M06_FULL_REBUILD_CONTROLLED_v1.3.md,838,68dbd98e9ee3d89c1f677e688e0990cc9c02da250e95dd45b83aa5f08fd4d089
M01-M15 new recon(20260907-081753).zip,1,RUMAHAGEN_WF03_M06_FULL_REBUILD_CONTROLLED_v1.5_FULL_VERSION.zip!00_V1.4_BASELINE_RETAINED/04_M06_QUESTION_INVENTORY_v1.3.csv,1331,30caa94622579638ae1544abba7f6219240ca5d9241fc09d2c51185272c7e546
M01-M15 new recon(20260907-081753).zip,1,RUMAHAGEN_WF03_M06_FULL_REBUILD_CONTROLLED_v1.5_FULL_VERSION.zip!00_V1.4_BASELINE_RETAINED/02_M06_PROJECT_FIELD_INVENTORY_v1.3.csv,2314,dc30ea5efe3c1237051ac0c252d5543176b7860ab6092ef17d781a2ff4d9b2a3
M01-M15 new recon(20260907-081753).zip,1,RUMAHAGEN_WF03_M06_FULL_REBUILD_CONTROLLED_v1.5_FULL_VERSION.zip!00_V1.4_BASELINE_RETAINED/05_M06_CORRECTION_DECISION_v1.3.md,786,7cfb6fcf0fb8505320e641c18055306bc7f6f0227d9d82e0f546e5e4c52ef3f1
M01-M15 new recon(20260907-081753).zip,1,RUMAHAGEN_WF03_M06_FULL_REBUILD_CONTROLLED_v1.5_FULL_VERSION.zip!00_V1.4_BASELINE_RETAINED/07_M06_FULL_REBUILD_CONTROLLED_v1.4.md,1212,36c7733266ac2c205228b6fb9240a11a838356348d5807d5f59cc458116f8e24
M01-M15 new recon(20260907-081753).zip,1,RUMAHAGEN_WF03_M06_FULL_REBUILD_CONTROLLED_v1.5_FULL_VERSION.zip!00_V1.4_BASELINE_RETAINED/06_M06_FULL_REBUILD_CORRECTION_DECISIONS_v1.4.md,1553,ea17de99809e2d5932865517b60be0f09506fe38bf5440aa39455f598f50eaa9
M01-M15 new recon(20260907-081753).zip,1,RUMAHAGEN_WF03_M06_FULL_REBUILD_CONTROLLED_v1.5_FULL_VERSION.zip!00_V1.4_BASELINE_RETAINED/03_M06_M03_FIELD_MAPPING_v1.3.csv,823,d9c9410a4adade25266427dc32e7ad523eb6827e8ae95133268423e2685dde26
M01-M15 new recon(20260907-081753).zip,1,RUMAHAGEN_WF03_M06_FULL_REBUILD_CONTROLLED_v1.5_FULL_VERSION.zip!00_V1.4_BASELINE_RETAINED/04_M06_QUESTION_INVENTORY_v1.4.csv,2339,c9e504baaff10fb4dc27338d1ef3516bf5230ee3a5e560f022d166ac2f8f2777
M01-M15 new recon(20260907-081753).zip,1,RUMAHAGEN_WF03_M06_FULL_REBUILD_CONTROLLED_v1.5_FULL_VERSION.zip!00_V1.4_BASELINE_RETAINED/05_M06_PERMISSION_MATRIX_FULL_24_ROWS_v1.4.csv,2459,2841f0e6d72af45a96769f55efe9b59db034ca795548d96e71aece8386ed9db7
M01-M15 new recon(20260907-081753).zip,1,RUMAHAGEN_WF03_M06_FULL_REBUILD_CONTROLLED_v1.5_FULL_VERSION.zip!00_V1.4_BASELINE_RETAINED/02_M06_PROJECT_FIELD_INVENTORY_v1.4.csv,3186,63c898cf2852a0a638d1e84f2994d0e23aa978b0b9ad7cb43d77cd76a43a3a0f
M01-M15 new recon(20260907-081753).zip,1,RUMAHAGEN_WF03_M06_FULL_REBUILD_CONTROLLED_v1.5_FULL_VERSION.zip!00_V1.4_BASELINE_RETAINED/08_M06_SECOND_PASS_PREP_QA_v1.4.md,675,95f5ab8f66c13ddedacc8cd65b3d9bf4a0eea87451972d831db2d120fb0c413a
M01-M15 new recon(20260907-081753).zip,1,RUMAHAGEN_WF03_M06_FULL_REBUILD_CONTROLLED_v1.5_FULL_VERSION.zip!00_V1.4_BASELINE_RETAINED/06_M06_SECOND_PASS_QA_v1.3.md,566,fa0edde57259e855e1c0c41336d66671e65010ec38a0b5270c7784dc4dfe5a6a
M01-M15 new recon(20260907-081753).zip,1,RUMAHAGEN_WF03_M06_FULL_REBUILD_CONTROLLED_v1.5_FULL_VERSION.zip!00_V1.4_BASELINE_RETAINED/00_V1.2_BASELINE_RETAINED/06_M06_MARKETING_KIT_PERMISSION_MATRIX.csv,668,7cd9ce74b6319204147790b1d59a44dee9e844948a12f58956c64337e20c5e34
M01-M15 new recon(20260907-081753).zip,1,RUMAHAGEN_WF03_M06_FULL_REBUILD_CONTROLLED_v1.5_FULL_VERSION.zip!00_V1.4_BASELINE_RETAINED/00_V1.2_BASELINE_RETAINED/14_M06_FULL_QUESTION_UPDATE.md,123,4605584a3bef1ed48c130fa2f7c9fe2faebd234aceb1581f371f4fe034024524
M01-M15 new recon(20260907-081753).zip,1,RUMAHAGEN_WF03_M06_FULL_REBUILD_CONTROLLED_v1.5_FULL_VERSION.zip!00_V1.4_BASELINE_RETAINED/00_V1.2_BASELINE_RETAINED/10_M06_LIFECYCLE_REVIEW_FULL.md,359,114d06c030b0d0e84ec966e056cff8c014ffe088b8002132203e31f4ad137e16
M01-M15 new recon(20260907-081753).zip,1,RUMAHAGEN_WF03_M06_FULL_REBUILD_CONTROLLED_v1.5_FULL_VERSION.zip!00_V1.4_BASELINE_RETAINED/00_V1.2_BASELINE_RETAINED/05_M06_M03_FIELD_MAPPING.csv,895,9aa9d70095bb4bb185bbddeb9866755e8bf2e6c51166e0332ce8500a0f5904d5
M01-M15 new recon(20260907-081753).zip,1,RUMAHAGEN_WF03_M06_FULL_REBUILD_CONTROLLED_v1.5_FULL_VERSION.zip!00_V1.4_BASELINE_RETAINED/00_V1.2_BASELINE_RETAINED/01_M06_FULL_REBUILD_CONTROL_REPORT_v1.2.md,1003,5ce9198d3c64a6e4f5e5f8832027dac86f3a051418b37d3115230e55ed257968
M01-M15 new recon(20260907-081753).zip,1,RUMAHAGEN_WF03_M06_FULL_REBUILD_CONTROLLED_v1.5_FULL_VERSION.zip!00_V1.4_BASELINE_RETAINED/00_V1.2_BASELINE_RETAINED/03_M06_SOURCE_INVENTORY_100PCT.csv,69297,48ff64e25a94ddf0e2b32c3ab286b839c71629c9452741f87f2f11c08a2d5f1e
M01-M15 new recon(20260907-081753).zip,1,RUMAHAGEN_WF03_M06_FULL_REBUILD_CONTROLLED_v1.5_FULL_VERSION.zip!00_V1.4_BASELINE_RETAINED/00_V1.2_BASELINE_RETAINED/16_M06_QA_FULL.md,348,a0d1734740c7a05051a38be9be270446ed1e18c8458cadefb2f21fbf0192e640
M01-M15 new recon(20260907-081753).zip,1,RUMAHAGEN_WF03_M06_FULL_REBUILD_CONTROLLED_v1.5_FULL_VERSION.zip!00_V1.4_BASELINE_RETAINED/00_V1.2_BASELINE_RETAINED/11_M06_CROSS_MODULE_RECONCILIATION_FULL.md,323,4c2ac97bc8bbdb47e2fa2ec7b4cead2803d6beae23f8aa681efc5694b94e3239
M01-M15 new recon(20260907-081753).zip,1,RUMAHAGEN_WF03_M06_FULL_REBUILD_CONTROLLED_v1.5_FULL_VERSION.zip!00_V1.4_BASELINE_RETAINED/00_V1.2_BASELINE_RETAINED/12_M06_PHYSICAL_RUNTIME_PREREQUISITE_REVIEW_FULL.md,235,c8826984eab93c3c6ed920ea5a52d3eab7188c6d0e34b0c4eb21bb583d9b3da7
M01-M15 new recon(20260907-081753).zip,1,RUMAHAGEN_WF03_M06_FULL_REBUILD_CONTROLLED_v1.5_FULL_VERSION.zip!00_V1.4_BASELINE_RETAINED/00_V1.2_BASELINE_RETAINED/07_M06_LIFECYCLE_MATRIX.csv,745,ee89586c2d4eff8c5d8db9f5abcdaf79207db3f3d0940fabbd0ac5d5cb88c390
M01-M15 new recon(20260907-081753).zip,1,RUMAHAGEN_WF03_M06_FULL_REBUILD_CONTROLLED_v1.5_FULL_VERSION.zip!00_V1.4_BASELINE_RETAINED/00_V1.2_BASELINE_RETAINED/18_M06_FULL_CONTROL_MATRIX_v1.2.xlsx,14277,5ebe4006e7acff9cdad98d6cd64a041a7e3a065b2b1d043444c75858815bfe12
M01-M15 new recon(20260907-081753).zip,1,RUMAHAGEN_WF03_M06_FULL_REBUILD_CONTROLLED_v1.5_FULL_VERSION.zip!00_V1.4_BASELINE_RETAINED/00_V1.2_BASELINE_RETAINED/19_M06_FULL_REBUILD_CONTROLLED_v1.2.docx,37097,271b5ec36e38a66621acd3043fa1817ef050a4755f2a6ea1fd39c8a7b24cfc36
M01-M15 new recon(20260907-081753).zip,1,RUMAHAGEN_WF03_M06_FULL_REBUILD_CONTROLLED_v1.5_FULL_VERSION.zip!00_V1.4_BASELINE_RETAINED/00_V1.2_BASELINE_RETAINED/08_M06_QUESTION_INVENTORY_FULL.csv,1286,7d5ad124b75eeb17b24a1573db1256337fb029cdc1fa5112eba169bf44579e16
M01-M15 new recon(20260907-081753).zip,1,RUMAHAGEN_WF03_M06_FULL_REBUILD_CONTROLLED_v1.5_FULL_VERSION.zip!00_V1.4_BASELINE_RETAINED/00_V1.2_BASELINE_RETAINED/09_M06_ROLE_SCOPE_REVIEW_FULL.md,420,0fe62c7bdf57fe79611aa67cfe8ee5f9dbee979f4d821125c3f2a9f15daec46b
M01-M15 new recon(20260907-081753).zip,1,RUMAHAGEN_WF03_M06_FULL_REBUILD_CONTROLLED_v1.5_FULL_VERSION.zip!00_V1.4_BASELINE_RETAINED/00_V1.2_BASELINE_RETAINED/04_M06_FULL_FIELD_INVENTORY.csv,3946,45762e1f09af03d510d653b2fc065ee751d03a732242b215b9f4d2e2cfed0023
M01-M15 new recon(20260907-081753).zip,1,RUMAHAGEN_WF03_M06_FULL_REBUILD_CONTROLLED_v1.5_FULL_VERSION.zip!00_V1.4_BASELINE_RETAINED/00_V1.2_BASELINE_RETAINED/13_M06_GENUINE_BLOCKERS_FULL.md,286,8d6fca00c6bb95d6931c280a4e067c314103b4c85b62b5f8d37dfd0fe00ff7a0
M01-M15 new recon(20260907-081753).zip,1,RUMAHAGEN_WF03_M06_FULL_REBUILD_CONTROLLED_v1.5_FULL_VERSION.zip!00_V1.4_BASELINE_RETAINED/00_V1.2_BASELINE_RETAINED/15_M06_SECOND_PASS_SCAN_RESULT.md,462,ad5d08f047fd7ac048d4033b297e2960c902e784d25019003106c7e52da343e4
M01-M15 new recon(20260907-081753).zip,1,RUMAHAGEN_WF03_M06_FULL_REBUILD_CONTROLLED_v1.5_FULL_VERSION.zip!00_V1.4_BASELINE_RETAINED/00_V1.2_BASELINE_RETAINED/02_M06_SOURCE_INVENTORY_100PCT.md,139,6374b713cb393a9b3c727ddf91ba4ca1ee29d14427fd921aa026f229bbc45283
M01-M15 new recon(20260907-081753).zip,1,RUMAHAGEN_WF03_M06_FULL_REBUILD_CONTROLLED_v1.5_FULL_VERSION.zip!00_V1.4_BASELINE_RETAINED/00_V1.2_BASELINE_RETAINED/17_M06_CONTROLLED_OUTPUT_MANIFEST_FULL.md,167,89009d39dd473a35fbd9d5280e2cd35353ea1528a8936bcdda38b8d48f9163c6
M01-M15 new recon(20260907-081753).zip,1,RUMAHAGEN_WF03_M06_FULL_REBUILD_CONTROLLED_v1.5_FULL_VERSION.zip!00_V1.4_BASELINE_RETAINED/00_V1.2_BASELINE_RETAINED/00_V1.1_BASELINE_RETAINED/11_M06_CROSS_ARTIFACT_RECONCILIATION_FULL.md,642,808ca0fa8ebd725631407b8c1599b26a8a3be01b641bd6b7d956308e9d8eb382
M01-M15 new recon(20260907-081753).zip,1,RUMAHAGEN_WF03_M06_FULL_REBUILD_CONTROLLED_v1.5_FULL_VERSION.zip!00_V1.4_BASELINE_RETAINED/00_V1.2_BASELINE_RETAINED/00_V1.1_BASELINE_RETAINED/03_M06_SOURCE_INVENTORY_100PCT.csv,66475,a305137527ef4591bab8eb1bb48cc96dda7b98751c6809002a2d8576d1d74c85
M01-M15 new recon(20260907-081753).zip,1,RUMAHAGEN_WF03_M06_FULL_REBUILD_CONTROLLED_v1.5_FULL_VERSION.zip!00_V1.4_BASELINE_RETAINED/00_V1.2_BASELINE_RETAINED/00_V1.1_BASELINE_RETAINED/04_M06_QUESTION_INVENTORY_100PCT.csv,2507,4644751b4876a83ce3d8fe0ecebc1b9b8e1ab48756fd750dfef219ac1ea05bcf
M01-M15 new recon(20260907-081753).zip,1,RUMAHAGEN_WF03_M06_FULL_REBUILD_CONTROLLED_v1.5_FULL_VERSION.zip!00_V1.4_BASELINE_RETAINED/00_V1.2_BASELINE_RETAINED/00_V1.1_BASELINE_RETAINED/14_M06_FULL_LIFECYCLE_MATRIX.csv,992,e745fc30d59350b47dddf98a6f2c77e33c64ecc05980865b2e85f3ba1908f487
M01-M15 new recon(20260907-081753).zip,1,RUMAHAGEN_WF03_M06_FULL_REBUILD_CONTROLLED_v1.5_FULL_VERSION.zip!00_V1.4_BASELINE_RETAINED/00_V1.2_BASELINE_RETAINED/00_V1.1_BASELINE_RETAINED/10_M06_GENUINE_DOCUMENTARY_BLOCKERS_FULL.md,497,6e8548e00b2df9f536ec529767e470e942f36f3d0fe6d505c588edb4ee223bb3
M01-M15 new recon(20260907-081753).zip,1,RUMAHAGEN_WF03_M06_FULL_REBUILD_CONTROLLED_v1.5_FULL_VERSION.zip!00_V1.4_BASELINE_RETAINED/00_V1.2_BASELINE_RETAINED/00_V1.1_BASELINE_RETAINED/18_M06_CONTROLLED_OUTPUT_MANIFEST_FULL.md,362,d5932004420e9f4226a090a457f6a3f0de6b6e3ca1b6fb6181a0bc8f41ef522e
M01-M15 new recon(20260907-081753).zip,1,RUMAHAGEN_WF03_M06_FULL_REBUILD_CONTROLLED_v1.5_FULL_VERSION.zip!00_V1.4_BASELINE_RETAINED/00_V1.2_BASELINE_RETAINED/00_V1.1_BASELINE_RETAINED/20_M06_FULL_REBUILD_CONTROLLED_v1.1.docx,37366,a98f8438d3cdca8dd123adb7e6f38e817113916f761f3a87392d47488027e910
M01-M15 new recon(20260907-081753).zip,1,RUMAHAGEN_WF03_M06_FULL_REBUILD_CONTROLLED_v1.5_FULL_VERSION.zip!00_V1.4_BASELINE_RETAINED/00_V1.2_BASELINE_RETAINED/00_V1.1_BASELINE_RETAINED/07_M06_LIFECYCLE_REVIEW_FULL.md,679,1bbb48e97c5984547a6c66b566f175cd2834dcdff22d0bbb7204f2a62e309d3d
M01-M15 new recon(20260907-081753).zip,1,RUMAHAGEN_WF03_M06_FULL_REBUILD_CONTROLLED_v1.5_FULL_VERSION.zip!00_V1.4_BASELINE_RETAINED/00_V1.2_BASELINE_RETAINED/00_V1.1_BASELINE_RETAINED/09_M06_PHYSICAL_RUNTIME_PREREQUISITE_REVIEW_FULL.md,390,f19794a65ba45519e28bbe86df1608cf5966c25c02d04c6d491b668fd70a25ce
M01-M15 new recon(20260907-081753).zip,1,RUMAHAGEN_WF03_M06_FULL_REBUILD_CONTROLLED_v1.5_FULL_VERSION.zip!00_V1.4_BASELINE_RETAINED/00_V1.2_BASELINE_RETAINED/00_V1.1_BASELINE_RETAINED/01_M06_FULL_REBUILD_CONTROL_REPORT_v1.1.md,1241,5f780b5eb216809edbf0266fc57460810badf35832fdfd8880dca435da0e7262
M01-M15 new recon(20260907-081753).zip,1,RUMAHAGEN_WF03_M06_FULL_REBUILD_CONTROLLED_v1.5_FULL_VERSION.zip!00_V1.4_BASELINE_RETAINED/00_V1.2_BASELINE_RETAINED/00_V1.1_BASELINE_RETAINED/13_M06_FULL_PERMISSION_MATRIX.csv,2870,86eba2cba82480699b634bd82032b0d86917908ac7e9654052fb5213a5cab4a9
M01-M15 new recon(20260907-081753).zip,1,RUMAHAGEN_WF03_M06_FULL_REBUILD_CONTROLLED_v1.5_FULL_VERSION.zip!00_V1.4_BASELINE_RETAINED/00_V1.2_BASELINE_RETAINED/00_V1.1_BASELINE_RETAINED/16_M06_FULL_QUESTION_UPDATE.md,578,fa8876bf8bec79dd18ac201f0c063e7704c558c9cfeba326136753a5738b2c10
M01-M15 new recon(20260907-081753).zip,1,RUMAHAGEN_WF03_M06_FULL_REBUILD_CONTROLLED_v1.5_FULL_VERSION.zip!00_V1.4_BASELINE_RETAINED/00_V1.2_BASELINE_RETAINED/00_V1.1_BASELINE_RETAINED/19_M06_FULL_CONTROL_MATRIX_v1.1.xlsx,10723,ffac62afea62bddd2e8f2f2e3099555c546d524266ea5d3bd0bae19eb8fe1645
M01-M15 new recon(20260907-081753).zip,1,RUMAHAGEN_WF03_M06_FULL_REBUILD_CONTROLLED_v1.5_FULL_VERSION.zip!00_V1.4_BASELINE_RETAINED/00_V1.2_BASELINE_RETAINED/00_V1.1_BASELINE_RETAINED/15_M06_FULL_CROSS_MODULE_MATRIX.csv,567,c7ef503a3f454f7d18a0600d2263a4e81ab6e9feb632b29c3bba1e45916525bd
M01-M15 new recon(20260907-081753).zip,1,RUMAHAGEN_WF03_M06_FULL_REBUILD_CONTROLLED_v1.5_FULL_VERSION.zip!00_V1.4_BASELINE_RETAINED/00_V1.2_BASELINE_RETAINED/00_V1.1_BASELINE_RETAINED/08_M06_CROSS_MODULE_DEPENDENCY_REVIEW_FULL.md,439,a5e564ae3b185130e29ce962a9459f6ae903c078fcde8c286e0fcaf8c8591752
M01-M15 new recon(20260907-081753).zip,1,RUMAHAGEN_WF03_M06_FULL_REBUILD_CONTROLLED_v1.5_FULL_VERSION.zip!00_V1.4_BASELINE_RETAINED/00_V1.2_BASELINE_RETAINED/00_V1.1_BASELINE_RETAINED/12_M06_FULL_FIELD_INVENTORY.csv,2510,37f631feb361d8419696bd063b6fb94d4cb23a4d7d32b997b313a88ceddcefe2
M01-M15 new recon(20260907-081753).zip,1,RUMAHAGEN_WF03_M06_FULL_REBUILD_CONTROLLED_v1.5_FULL_VERSION.zip!00_V1.4_BASELINE_RETAINED/00_V1.2_BASELINE_RETAINED/00_V1.1_BASELINE_RETAINED/02_M06_SOURCE_INVENTORY_100PCT.md,170,b1764b6fb46efd6ad552e5527ad8117888b7f98361d917bdc5f688ab1328e248
M01-M15 new recon(20260907-081753).zip,1,RUMAHAGEN_WF03_M06_FULL_REBUILD_CONTROLLED_v1.5_FULL_VERSION.zip!00_V1.4_BASELINE_RETAINED/00_V1.2_BASELINE_RETAINED/00_V1.1_BASELINE_RETAINED/05_M06_ROLE_SCOPE_REVIEW_FULL.md,739,728ca58fdc36e5cb4aa74fe0145ec590c58bacee7319b84aa8726e06196b378f
M01-M15 new recon(20260907-081753).zip,1,RUMAHAGEN_WF03_M06_FULL_REBUILD_CONTROLLED_v1.5_FULL_VERSION.zip!00_V1.4_BASELINE_RETAINED/00_V1.2_BASELINE_RETAINED/00_V1.1_BASELINE_RETAINED/06_M06_PERMISSION_DEPENDENCY_REVIEW_FULL.md,663,52b5894947736ab5e01e66968889fd3564ba58063cf28aa216fc52fd0ef143b4
M01-M15 new recon(20260907-081753).zip,1,RUMAHAGEN_WF03_M06_FULL_REBUILD_CONTROLLED_v1.5_FULL_VERSION.zip!00_V1.4_BASELINE_RETAINED/00_V1.2_BASELINE_RETAINED/00_V1.1_BASELINE_RETAINED/17_M06_FINAL_QA_FULL.md,1103,82637ba208bd2e415ad9cde9c6bf974ebc83a5d8cca88d14f9fb84b95d5b835c
M01-M15 new recon(20260907-081753).zip,1,RUMAHAGEN_WF03_M06_FULL_REBUILD_CONTROLLED_v1.5_FULL_VERSION.zip!00_V1.4_BASELINE_RETAINED/00_V1.2_BASELINE_RETAINED/00_V1.1_BASELINE_RETAINED/00_V1.0_BASELINE_RETAINED/19_M06_FULL_REBUILD_CONTROLLED_v1.0.docx,37283,25f1350c27045403e7496de7776f3c41f874abe33223dc84d09080c513d5cb52
M01-M15 new recon(20260907-081753).zip,1,RUMAHAGEN_WF03_M06_FULL_REBUILD_CONTROLLED_v1.5_FULL_VERSION.zip!00_V1.4_BASELINE_RETAINED/00_V1.2_BASELINE_RETAINED/00_V1.1_BASELINE_RETAINED/00_V1.0_BASELINE_RETAINED/03_M06_QUESTION_INVENTORY_100PCT.md,203,960e4c941811f35ba1c720f7922fc3a7b568a27aedfc19ad45bd09c5741b4389
M01-M15 new recon(20260907-081753).zip,1,RUMAHAGEN_WF03_M06_FULL_REBUILD_CONTROLLED_v1.5_FULL_VERSION.zip!00_V1.4_BASELINE_RETAINED/00_V1.2_BASELINE_RETAINED/00_V1.1_BASELINE_RETAINED/00_V1.0_BASELINE_RETAINED/12_M06_FULL_PERMISSION_ACTION_MATRIX.csv,668,75ba7dca2fc583c9a2b4b12bde6aebaf1756c25cb753e8d408dc8848e85f5609
M01-M15 new recon(20260907-081753).zip,1,RUMAHAGEN_WF03_M06_FULL_REBUILD_CONTROLLED_v1.5_FULL_VERSION.zip!00_V1.4_BASELINE_RETAINED/00_V1.2_BASELINE_RETAINED/00_V1.1_BASELINE_RETAINED/00_V1.0_BASELINE_RETAINED/18_M06_FULL_CONTROL_MATRIX.xlsx,7762,f2f5152a1e32af0f1a2e8d418cef114f34278af028f56071e96f5ce845d5b5ab
M01-M15 new recon(20260907-081753).zip,1,RUMAHAGEN_WF03_M06_FULL_REBUILD_CONTROLLED_v1.5_FULL_VERSION.zip!00_V1.4_BASELINE_RETAINED/00_V1.2_BASELINE_RETAINED/00_V1.1_BASELINE_RETAINED/00_V1.0_BASELINE_RETAINED/16_M06_QA.md,549,1fdbea9447d8a389d29cf42cfde35f812dd0bc16c0642118603a9904dd1cc281
M01-M15 new recon(20260907-081753).zip,1,RUMAHAGEN_WF03_M06_FULL_REBUILD_CONTROLLED_v1.5_FULL_VERSION.zip!00_V1.4_BASELINE_RETAINED/00_V1.2_BASELINE_RETAINED/00_V1.1_BASELINE_RETAINED/00_V1.0_BASELINE_RETAINED/10_M06_FULL_FIELD_INVENTORY.csv,41,d6a58893d2e24779592fd13ea64bff16f541328f74ddf0ee63365e7240334078
M01-M15 new recon(20260907-081753).zip,1,RUMAHAGEN_WF03_M06_FULL_REBUILD_CONTROLLED_v1.5_FULL_VERSION.zip!00_V1.4_BASELINE_RETAINED/00_V1.2_BASELINE_RETAINED/00_V1.1_BASELINE_RETAINED/00_V1.0_BASELINE_RETAINED/11_M06_FULL_ROLE_PERMISSION_MATRIX.csv,661,100c0af5884834a579ce788b97efe5726debaceaf24aeb53b1ebda3cbb93f27e
M01-M15 new recon(20260907-081753).zip,1,RUMAHAGEN_WF03_M06_FULL_REBUILD_CONTROLLED_v1.5_FULL_VERSION.zip!00_V1.4_BASELINE_RETAINED/00_V1.2_BASELINE_RETAINED/00_V1.1_BASELINE_RETAINED/00_V1.0_BASELINE_RETAINED/02_M06_SOURCE_INVENTORY_100PCT.csv,48037,28049e61d6c234544b990497c6a055128272c62cad955351caf785e9f0186206
M01-M15 new recon(20260907-081753).zip,1,RUMAHAGEN_WF03_M06_FULL_REBUILD_CONTROLLED_v1.5_FULL_VERSION.zip!00_V1.4_BASELINE_RETAINED/00_V1.2_BASELINE_RETAINED/00_V1.1_BASELINE_RETAINED/00_V1.0_BASELINE_RETAINED/14_M06_FULL_LIFECYCLE_MATRIX.csv,416,cc1438b2f2a9e019f24e97c06ea8b6c7bac572b5052c8b57201e8e01c6f18d05
M01-M15 new recon(20260907-081753).zip,1,RUMAHAGEN_WF03_M06_FULL_REBUILD_CONTROLLED_v1.5_FULL_VERSION.zip!00_V1.4_BASELINE_RETAINED/00_V1.2_BASELINE_RETAINED/00_V1.1_BASELINE_RETAINED/00_V1.0_BASELINE_RETAINED/03_M06_QUESTION_INVENTORY_100PCT.csv,1778,4580b184ed6094a0dafa3f481927bc5ceefef79651c842f84cc541956c8c2d9f
M01-M15 new recon(20260907-081753).zip,1,RUMAHAGEN_WF03_M06_FULL_REBUILD_CONTROLLED_v1.5_FULL_VERSION.zip!00_V1.4_BASELINE_RETAINED/00_V1.2_BASELINE_RETAINED/00_V1.1_BASELINE_RETAINED/00_V1.0_BASELINE_RETAINED/01_M06_SOURCE_INVENTORY_100PCT.md,294,3542e6ffb95c1f867b36d9cbab55f056b6b1acd896a6d505043ca444f1ca339e
M01-M15 new recon(20260907-081753).zip,1,RUMAHAGEN_WF03_M06_FULL_REBUILD_CONTROLLED_v1.5_FULL_VERSION.zip!00_V1.4_BASELINE_RETAINED/00_V1.2_BASELINE_RETAINED/00_V1.1_BASELINE_RETAINED/00_V1.0_BASELINE_RETAINED/09_M06_GENUINE_DOCUMENTARY_BLOCKERS.md,391,7e79eb87104a838e224e360619e9fb27a39cbf31669a10cdaf11491198c425df
M01-M15 new recon(20260907-081753).zip,1,RUMAHAGEN_WF03_M06_FULL_REBUILD_CONTROLLED_v1.5_FULL_VERSION.zip!00_V1.4_BASELINE_RETAINED/00_V1.2_BASELINE_RETAINED/00_V1.1_BASELINE_RETAINED/00_V1.0_BASELINE_RETAINED/08_M06_PHYSICAL_RUNTIME_PREREQUISITE_REVIEW.md,446,021c7fb5e16e96522e7c609cb704b1f7b0790289ffe490813e746b47fdd0fda2
M01-M15 new recon(20260907-081753).zip,1,RUMAHAGEN_WF03_M06_FULL_REBUILD_CONTROLLED_v1.5_FULL_VERSION.zip!00_V1.4_BASELINE_RETAINED/00_V1.2_BASELINE_RETAINED/00_V1.1_BASELINE_RETAINED/00_V1.0_BASELINE_RETAINED/06_M06_LIFECYCLE_REVIEW.md,528,145313c974bef0e0aca95c30d3791642a65606d8f01d0008b948a6b62b227d9c
M01-M15 new recon(20260907-081753).zip,1,RUMAHAGEN_WF03_M06_FULL_REBUILD_CONTROLLED_v1.5_FULL_VERSION.zip!00_V1.4_BASELINE_RETAINED/00_V1.2_BASELINE_RETAINED/00_V1.1_BASELINE_RETAINED/00_V1.0_BASELINE_RETAINED/04_M06_ROLE_SCOPE_REVIEW.md,535,d949122be464690d0d27a4e857adc3f0c86c78ff31c204f1e18b8eab87063119
M01-M15 new recon(20260907-081753).zip,1,RUMAHAGEN_WF03_M06_FULL_REBUILD_CONTROLLED_v1.5_FULL_VERSION.zip!00_V1.4_BASELINE_RETAINED/00_V1.2_BASELINE_RETAINED/00_V1.1_BASELINE_RETAINED/00_V1.0_BASELINE_RETAINED/07_M06_CROSS_MODULE_DEPENDENCY_REVIEW.md,563,9b17bcaf0ad4615e8a3fba6cebc5d51ad99120595b951755c713581a62a1db66
M01-M15 new recon(20260907-081753).zip,1,RUMAHAGEN_WF03_M06_FULL_REBUILD_CONTROLLED_v1.5_FULL_VERSION.zip!00_V1.4_BASELINE_RETAINED/00_V1.2_BASELINE_RETAINED/00_V1.1_BASELINE_RETAINED/00_V1.0_BASELINE_RETAINED/05_M06_PERMISSION_DEPENDENCY_REVIEW.md,548,d5067768d73997ed11bea7805e3bf694deeb96f9671b400125eae35f350bc4bb
M01-M15 new recon(20260907-081753).zip,1,RUMAHAGEN_WF03_M06_FULL_REBUILD_CONTROLLED_v1.5_FULL_VERSION.zip!00_V1.4_BASELINE_RETAINED/00_V1.2_BASELINE_RETAINED/00_V1.1_BASELINE_RETAINED/00_V1.0_BASELINE_RETAINED/00_M06_FULL_REBUILD_CONTROL_REPORT_v1.0.md,809,72db6725bd5c11e352bb58c117039586077dd39beaaa90f4a874a40d6b05bece
M01-M15 new recon(20260907-081753).zip,1,RUMAHAGEN_WF03_M06_FULL_REBUILD_CONTROLLED_v1.5_FULL_VERSION.zip!00_V1.4_BASELINE_RETAINED/00_V1.2_BASELINE_RETAINED/00_V1.1_BASELINE_RETAINED/00_V1.0_BASELINE_RETAINED/15_M06_FULL_QUESTION_UPDATE.md,416,8d30cb518910d1b065b028a04e91e1fd44d6f4827361bbb0c1210aaa3e31ff4e
M01-M15 new recon(20260907-081753).zip,1,RUMAHAGEN_WF03_M06_FULL_REBUILD_CONTROLLED_v1.5_FULL_VERSION.zip!00_V1.4_BASELINE_RETAINED/00_V1.2_BASELINE_RETAINED/00_V1.1_BASELINE_RETAINED/00_V1.0_BASELINE_RETAINED/17_M06_CONTROLLED_OUTPUT_MANIFEST.md,278,4234ddc4abfead14f4e195060e1c9fb9ff2a48a6467831d833642102bd088443
M01-M15 new recon(20260907-081753).zip,1,RUMAHAGEN_WF03_M06_FULL_REBUILD_CONTROLLED_v1.5_FULL_VERSION.zip!00_V1.4_BASELINE_RETAINED/00_V1.2_BASELINE_RETAINED/00_V1.1_BASELINE_RETAINED/00_V1.0_BASELINE_RETAINED/13_M06_FULL_CONFIGURATION_MATRIX.csv,328,2471ffef628608fc383b2ba42ea3a0e40e6dba8a1b3899ae0caef5c276ee3f35
M01-M15 new recon(20260907-081753).zip,1,RUMAHAGEN_WF03_M06_FULL_REBUILD_CONTROLLED_v1.5_FULL_VERSION.zip!source_extracts/M05_RECON/10_M05_ACTOR_SURFACE_FULL_v1.3.md,579,9ccd8c33b632388544a54e0d3e735f2ccf8542bddc8018548a4bcec27a25c5e5
M01-M15 new recon(20260907-081753).zip,1,RUMAHAGEN_WF03_M06_FULL_REBUILD_CONTROLLED_v1.5_FULL_VERSION.zip!source_extracts/M05_RECON/18_M05_FULL_REBUILD_CONTROLLED_v1.3.docx,38682,035e9f7a6b4e218b8bec0bdecd1779b88d29f56d17e7e8ded66787e9bafe8d79
M01-M15 new recon(20260907-081753).zip,1,RUMAHAGEN_WF03_M06_FULL_REBUILD_CONTROLLED_v1.5_FULL_VERSION.zip!source_extracts/M05_RECON/17_M05_FINAL_QA_PRE_GATE_v1.3.md,1132,ca998ee830fe566cfd9549c1f6685c8e2a6ceda7017129fcbccee1e002602383
M01-M15 new recon(20260907-081753).zip,1,RUMAHAGEN_WF03_M06_FULL_REBUILD_CONTROLLED_v1.5_FULL_VERSION.zip!source_extracts/M05_RECON/09_M05_PHYSICAL_RUNTIME_PREREQUISITE_REVIEW_FULL_v1.3.md,414,48cbe3e217adc17b26b2807e5ef479cef416d7d24b3eab6ce2e1e0be44a27d8a
M01-M15 new recon(20260907-081753).zip,1,RUMAHAGEN_WF03_M06_FULL_REBUILD_CONTROLLED_v1.5_FULL_VERSION.zip!source_extracts/M05_RECON/11_M05_CONFIGURATION_MATRIX_FULL_v1.3.md,782,c8dc02c2f3286c0ab009910c6d287416fd53b9c9a90238004e6bb25198504d93
M01-M15 new recon(20260907-081753).zip,1,RUMAHAGEN_WF03_M06_FULL_REBUILD_CONTROLLED_v1.5_FULL_VERSION.zip!source_extracts/M05_RECON/12_M05_ONLINE_MEETING_PROVIDER_FULL_v1.3.md,722,543e2b28797686d86c651ce780409084af2b8d000858bdbeb3f61ce86a296a53
M01-M15 new recon(20260907-081753).zip,1,RUMAHAGEN_WF03_M06_FULL_REBUILD_CONTROLLED_v1.5_FULL_VERSION.zip!source_extracts/M05_RECON/16_M05_QIR_CORRECTION_TRACEABILITY_FULL_v1.3.md,663,369245670ca838bb65ecf474122281c33ec66a8f0b7bbe122ace7efe9372ba79
M01-M15 new recon(20260907-081753).zip,1,RUMAHAGEN_WF03_M06_FULL_REBUILD_CONTROLLED_v1.5_FULL_VERSION.zip!source_extracts/M05_RECON/01_M05_SOURCE_INVENTORY_100PCT_v1.3.md,296,3f532424a2fa7f8351433856e4c86168bfd64256a646181b8f1aaaf27db8362c
M01-M15 new recon(20260907-081753).zip,1,RUMAHAGEN_WF03_M06_FULL_REBUILD_CONTROLLED_v1.5_FULL_VERSION.zip!source_extracts/M05_RECON/00_M05_FULL_REBUILD_CONTROL_REPORT_v1.3.md,1667,21af39ad84abde95495aeae6f415a7643a9d11635fa3792de570e4d4ff506062
M01-M15 new recon(20260907-081753).zip,1,RUMAHAGEN_WF03_M06_FULL_REBUILD_CONTROLLED_v1.5_FULL_VERSION.zip!source_extracts/M05_RECON/14_M05_FIELD_INVENTORY_FULL_v1.3.csv,1704,f11d4f60f3fceadeb2eaad39c7ee3e209f6bf55927c9e53b028419a4af07d645
M01-M15 new recon(20260907-081753).zip,1,RUMAHAGEN_WF03_M06_FULL_REBUILD_CONTROLLED_v1.5_FULL_VERSION.zip!source_extracts/M05_RECON/13_M05_GUEST_REGISTRATION_FULL_v1.3.md,670,9f0b5f4d7da73a2b293fbe3ae3699f938737ac0d6fb2bf9fdec08bdbcb965061
M01-M15 new recon(20260907-081753).zip,1,RUMAHAGEN_WF03_M06_FULL_REBUILD_CONTROLLED_v1.5_FULL_VERSION.zip!source_extracts/M05_RECON/03_M05_QUESTION_INVENTORY_FULL_v1.3.md,250,862d70146bf3b54817fc57f08491c77994ab6cdb7e8419b5a3b9c7899221e6a9
M01-M15 new recon(20260907-081753).zip,1,RUMAHAGEN_WF03_M06_FULL_REBUILD_CONTROLLED_v1.5_FULL_VERSION.zip!source_extracts/M05_RECON/05_M05_LIFECYCLE_FULL_v1.3.md,1182,9571114d42331cc9c965926232052565114b7a702ceb346bb4d787865ddbd703
M01-M15 new recon(20260907-081753).zip,1,RUMAHAGEN_WF03_M06_FULL_REBUILD_CONTROLLED_v1.5_FULL_VERSION.zip!source_extracts/M05_RECON/08_M05_CROSS_MODULE_RECONCILIATION_FULL_v1.3.md,359,d9ccee16e5a72622d76871d91f55d2d05b1476b72f94ba3d7c1c6346f12e5134
M01-M15 new recon(20260907-081753).zip,1,RUMAHAGEN_WF03_M06_FULL_REBUILD_CONTROLLED_v1.5_FULL_VERSION.zip!source_extracts/M05_RECON/04_M05_SEMANTIC_REVIEW_FULL_v1.3.md,759,a3b75e6b3e2d57f1b6e23250a7d87622e961bc09485692c416ca80a1fac41608
M01-M15 new recon(20260907-081753).zip,1,RUMAHAGEN_WF03_M06_FULL_REBUILD_CONTROLLED_v1.5_FULL_VERSION.zip!source_extracts/M05_RECON/03_M05_QUESTION_INVENTORY_FULL_v1.3.csv,2736,e5522ec17f41ff81f7e74fdaa01903f233603bdae45150343cc7765b1155d454
M01-M15 new recon(20260907-081753).zip,1,RUMAHAGEN_WF03_M06_FULL_REBUILD_CONTROLLED_v1.5_FULL_VERSION.zip!source_extracts/M05_RECON/02_M05_SOURCE_INVENTORY_100PCT_v1.3.csv,72712,5b9721953d1d7d45e6f1e45ccce0c00cfad21cd78ad9c1cf2088909336ee99e0
M01-M15 new recon(20260907-081753).zip,1,RUMAHAGEN_WF03_M06_FULL_REBUILD_CONTROLLED_v1.5_FULL_VERSION.zip!source_extracts/M05_RECON/07_M05_CROSS_ARTIFACT_RECONCILIATION_FULL_v1.3.md,572,5689d839c0043abb0139b7602cec96dcfc2779b11ed7bec78de1c9ff41dc2a74
M01-M15 new recon(20260907-081753).zip,1,RUMAHAGEN_WF03_M06_FULL_REBUILD_CONTROLLED_v1.5_FULL_VERSION.zip!source_extracts/M05_RECON/06_M05_PERMISSION_ACTION_REVIEW_FULL_v1.3.md,439,833c490edca36658ed3f72396d49738f6073543502cf61927611d6d6560504b2
M01-M15 new recon(20260907-081753).zip,1,RUMAHAGEN_WF03_M06_FULL_REBUILD_CONTROLLED_v1.5_FULL_VERSION.zip!source_extracts/M05_RECON/15_M05_CONFIGURATION_PERMISSION_MATRIX_FULL_v1.3.xlsx,9152,d78c962ceaa84af68da83f844f384fc5a9aa4acb81c79a70938f1d1a9a37fccc
M01-M15 new recon(20260907-081753).zip,1,RUMAHAGEN_WF03_M06_FULL_REBUILD_CONTROLLED_v1.5_FULL_VERSION.zip!source_extracts/M06_v1.4/00_V1.3_CANONICAL_BASELINE_RETAINED.xlsx,14158,8f709ee95361b54be2344ba5b1984777c1c5744f357ec16626a32327f1855170
M01-M15 new recon(20260907-081753).zip,1,RUMAHAGEN_WF03_M06_FULL_REBUILD_CONTROLLED_v1.5_FULL_VERSION.zip!source_extracts/M06_v1.4/09_M06_CONTROLLED_OUTPUT_MANIFEST_v1.4.csv,9681,44582e545e9156ef7db8729a3c1ee0302c4d31720a72a7964b50f0d19e8b9d15
M01-M15 new recon(20260907-081753).zip,1,RUMAHAGEN_WF03_M06_FULL_REBUILD_CONTROLLED_v1.5_FULL_VERSION.zip!source_extracts/M06_v1.4/03_M06_M03_FIELD_MAPPING_v1.4.csv,2882,e0ac020e4764b88e176403098bbeceff9f87e881640037c6423b0df58a995110
M01-M15 new recon(20260907-081753).zip,1,RUMAHAGEN_WF03_M06_FULL_REBUILD_CONTROLLED_v1.5_FULL_VERSION.zip!source_extracts/M06_v1.4/01_M06_FULL_CONTROL_MATRIX_v1.4.xlsx,17000,ca5211f5201fbf42ef208d7a9d0f7d29bb0a65c7c7820a2dab8b9595396e726e
M01-M15 new recon(20260907-081753).zip,1,RUMAHAGEN_WF03_M06_FULL_REBUILD_CONTROLLED_v1.5_FULL_VERSION.zip!source_extracts/M06_v1.4/07_M06_FULL_REBUILD_CONTROLLED_v1.3.md,838,68dbd98e9ee3d89c1f677e688e0990cc9c02da250e95dd45b83aa5f08fd4d089
M01-M15 new recon(20260907-081753).zip,1,RUMAHAGEN_WF03_M06_FULL_REBUILD_CONTROLLED_v1.5_FULL_VERSION.zip!source_extracts/M06_v1.4/04_M06_QUESTION_INVENTORY_v1.3.csv,1331,30caa94622579638ae1544abba7f6219240ca5d9241fc09d2c51185272c7e546
M01-M15 new recon(20260907-081753).zip,1,RUMAHAGEN_WF03_M06_FULL_REBUILD_CONTROLLED_v1.5_FULL_VERSION.zip!source_extracts/M06_v1.4/02_M06_PROJECT_FIELD_INVENTORY_v1.3.csv,2314,dc30ea5efe3c1237051ac0c252d5543176b7860ab6092ef17d781a2ff4d9b2a3
M01-M15 new recon(20260907-081753).zip,1,RUMAHAGEN_WF03_M06_FULL_REBUILD_CONTROLLED_v1.5_FULL_VERSION.zip!source_extracts/M06_v1.4/05_M06_CORRECTION_DECISION_v1.3.md,786,7cfb6fcf0fb8505320e641c18055306bc7f6f0227d9d82e0f546e5e4c52ef3f1
M01-M15 new recon(20260907-081753).zip,1,RUMAHAGEN_WF03_M06_FULL_REBUILD_CONTROLLED_v1.5_FULL_VERSION.zip!source_extracts/M06_v1.4/07_M06_FULL_REBUILD_CONTROLLED_v1.4.md,1212,36c7733266ac2c205228b6fb9240a11a838356348d5807d5f59cc458116f8e24
M01-M15 new recon(20260907-081753).zip,1,RUMAHAGEN_WF03_M06_FULL_REBUILD_CONTROLLED_v1.5_FULL_VERSION.zip!source_extracts/M06_v1.4/06_M06_FULL_REBUILD_CORRECTION_DECISIONS_v1.4.md,1553,ea17de99809e2d5932865517b60be0f09506fe38bf5440aa39455f598f50eaa9
M01-M15 new recon(20260907-081753).zip,1,RUMAHAGEN_WF03_M06_FULL_REBUILD_CONTROLLED_v1.5_FULL_VERSION.zip!source_extracts/M06_v1.4/03_M06_M03_FIELD_MAPPING_v1.3.csv,823,d9c9410a4adade25266427dc32e7ad523eb6827e8ae95133268423e2685dde26
M01-M15 new recon(20260907-081753).zip,1,RUMAHAGEN_WF03_M06_FULL_REBUILD_CONTROLLED_v1.5_FULL_VERSION.zip!source_extracts/M06_v1.4/04_M06_QUESTION_INVENTORY_v1.4.csv,2339,c9e504baaff10fb4dc27338d1ef3516bf5230ee3a5e560f022d166ac2f8f2777
M01-M15 new recon(20260907-081753).zip,1,RUMAHAGEN_WF03_M06_FULL_REBUILD_CONTROLLED_v1.5_FULL_VERSION.zip!source_extracts/M06_v1.4/05_M06_PERMISSION_MATRIX_FULL_24_ROWS_v1.4.csv,2459,2841f0e6d72af45a96769f55efe9b59db034ca795548d96e71aece8386ed9db7
M01-M15 new recon(20260907-081753).zip,1,RUMAHAGEN_WF03_M06_FULL_REBUILD_CONTROLLED_v1.5_FULL_VERSION.zip!source_extracts/M06_v1.4/02_M06_PROJECT_FIELD_INVENTORY_v1.4.csv,3186,63c898cf2852a0a638d1e84f2994d0e23aa978b0b9ad7cb43d77cd76a43a3a0f
M01-M15 new recon(20260907-081753).zip,1,RUMAHAGEN_WF03_M06_FULL_REBUILD_CONTROLLED_v1.5_FULL_VERSION.zip!source_extracts/M06_v1.4/08_M06_SECOND_PASS_PREP_QA_v1.4.md,675,95f5ab8f66c13ddedacc8cd65b3d9bf4a0eea87451972d831db2d120fb0c413a
M01-M15 new recon(20260907-081753).zip,1,RUMAHAGEN_WF03_M06_FULL_REBUILD_CONTROLLED_v1.5_FULL_VERSION.zip!source_extracts/M06_v1.4/06_M06_SECOND_PASS_QA_v1.3.md,566,fa0edde57259e855e1c0c41336d66671e65010ec38a0b5270c7784dc4dfe5a6a
M01-M15 new recon(20260907-081753).zip,1,RUMAHAGEN_WF03_M06_FULL_REBUILD_CONTROLLED_v1.5_FULL_VERSION.zip!source_extracts/M03_RECON/14_M03_DISTRICT_REFRESH_POSITIONING_CONTRACT_FULL_v1.3.md,1518,cfd64dc6285dc1a6f0db4aa703ffc412eaf24dfb2c116f20af8a76ce4ea3e3ea
M01-M15 new recon(20260907-081753).zip,1,RUMAHAGEN_WF03_M06_FULL_REBUILD_CONTROLLED_v1.5_FULL_VERSION.zip!source_extracts/M03_RECON/02_M03_PERMISSION_MATRIX_FULL_v1.3.xlsx,8231,055b82e2f0c0afbc692653dc63ff52857556a21b49f25d9b796434109a9eae13
M01-M15 new recon(20260907-081753).zip,1,RUMAHAGEN_WF03_M06_FULL_REBUILD_CONTROLLED_v1.5_FULL_VERSION.zip!source_extracts/M03_RECON/README_CONTROLLED_OUTPUT_v1.3.md,1358,6324296237781583dc4c164b90569d0daa4556d64edbfb3b4c7ef15bcf72875a
M01-M15 new recon(20260907-081753).zip,1,RUMAHAGEN_WF03_M06_FULL_REBUILD_CONTROLLED_v1.5_FULL_VERSION.zip!source_extracts/M03_RECON/04_M03_SEMANTIC_LIFECYCLE_AUTHORITY_FULL_v1.3.md,3651,d237ceef14e3ffdcbbef81163d9758aa98e94a6e273124c7d3be8713fb8c21fc
M01-M15 new recon(20260907-081753).zip,1,RUMAHAGEN_WF03_M06_FULL_REBUILD_CONTROLLED_v1.5_FULL_VERSION.zip!source_extracts/M03_RECON/01_M03_QUESTION_INVENTORY_FULL_v1.3.csv,14733,7ebcbdd2b8989e0c57a981f28add726ae7b046b74d6e0118e58eeae895cbc88d
M01-M15 new recon(20260907-081753).zip,1,RUMAHAGEN_WF03_M06_FULL_REBUILD_CONTROLLED_v1.5_FULL_VERSION.zip!source_extracts/M03_RECON/03_M03_PERMISSION_MATRIX_FULL_v1.3.csv,2976,99dfeae307ee98b5feeb954772740e79dd2f096eed0cfcb16034df5c1af3fc43
M01-M15 new recon(20260907-081753).zip,1,RUMAHAGEN_WF03_M06_FULL_REBUILD_CONTROLLED_v1.5_FULL_VERSION.zip!source_extracts/M03_RECON/MANIFEST_M03_FULL_REBUILD_v1.3.md,1148,9a72ff3191e16efd885522b81e1c1ebdb124ca80f09f3c21e8031f9f2547df58
M01-M15 new recon(20260907-081753).zip,1,RUMAHAGEN_WF03_M06_FULL_REBUILD_CONTROLLED_v1.5_FULL_VERSION.zip!source_extracts/M03_RECON/06_M03_API_CONTRACT_FULL_v1.3.md,1992,5b1299f701cbb3dd0d8e5f3ba041e619d5a584c0401578469d60e7e7013746e8
M01-M15 new recon(20260907-081753).zip,1,RUMAHAGEN_WF03_M06_FULL_REBUILD_CONTROLLED_v1.5_FULL_VERSION.zip!source_extracts/M03_RECON/08_M03_SCHEMA_ERD_RECONCILIATION_FULL_v1.3.sql,662,ce83c094d6914d06ce71d88de776cda62a39ee4dc047b294558c08fbcdb6e7bd
M01-M15 new recon(20260907-081753).zip,1,RUMAHAGEN_WF03_M06_FULL_REBUILD_CONTROLLED_v1.5_FULL_VERSION.zip!source_extracts/M03_RECON/07_M03_RBAC_RLS_CONTRACT_FULL_v1.3.md,1468,09d31f650c0cc476741119d75206b283abf22605e2bec9a76ea47347389a2ed9
M01-M15 new recon(20260907-081753).zip,1,RUMAHAGEN_WF03_M06_FULL_REBUILD_CONTROLLED_v1.5_FULL_VERSION.zip!source_extracts/M03_RECON/01_M03_QUESTION_INVENTORY_FULL_v1.3.xlsx,10724,9038cefe60b2982db6cc081355d1262c16a4df852b1199eca0b732e6fa6d40ef
M01-M15 new recon(20260907-081753).zip,1,RUMAHAGEN_WF03_M06_FULL_REBUILD_CONTROLLED_v1.5_FULL_VERSION.zip!source_extracts/M03_RECON/11_M03_PHYSICAL_RUNTIME_STATUS_FULL_v1.3.md,1346,ddcf7ff72551e43765665754443ad95e9ebae2518d99980e302ecf56fc5df73a
M01-M15 new recon(20260907-081753).zip,1,RUMAHAGEN_WF03_M06_FULL_REBUILD_CONTROLLED_v1.5_FULL_VERSION.zip!source_extracts/M03_RECON/17_M03_QIR_INTEGRATION_PROVENANCE_v1.3.md,1605,ee95baced7b6a41e2bd7fe067db3b07c208b816382d1b4ae5f54a32cd3a76e39
M01-M15 new recon(20260907-081753).zip,1,RUMAHAGEN_WF03_M06_FULL_REBUILD_CONTROLLED_v1.5_FULL_VERSION.zip!source_extracts/M03_RECON/16_WF03_MASTER_PROGRESS_M01-M15_v1.8_M03_QIR_INTEGRATED.xlsx,29255,eba4a88d5d22fa972654e78c1a3ae4ffe3c4fa07103a82b39b749f1435401ed2
M01-M15 new recon(20260907-081753).zip,1,RUMAHAGEN_WF03_M06_FULL_REBUILD_CONTROLLED_v1.5_FULL_VERSION.zip!source_extracts/M03_RECON/15_M03_QA_COMPLETION_CONTROLLED_v1.3.md,1396,c2a161abd7ee786113a8a1d8db7e293e4c7b0745fc4884697a78ff76323c0f00
M01-M15 new recon(20260907-081753).zip,1,RUMAHAGEN_WF03_M06_FULL_REBUILD_CONTROLLED_v1.5_FULL_VERSION.zip!source_extracts/M03_RECON/13_M03_MEDIA_THUMBNAIL_DERIVATIVE_CONTRACT_FULL_v1.3.md,1664,de6aea2c25f5a253264419b55b0559e8f9747381806d00180a349d409de04b25
M01-M15 new recon(20260907-081753).zip,1,RUMAHAGEN_WF03_M06_FULL_REBUILD_CONTROLLED_v1.5_FULL_VERSION.zip!source_extracts/M03_RECON/00_M03_REBUILD_CONTROL_REPORT_v1.3.md,4607,cc0fe9bdeff48456a3010936fdadeba7ceb338ccded2f46b46c4a6d551b08285
M01-M15 new recon(20260907-081753).zip,1,RUMAHAGEN_WF03_M06_FULL_REBUILD_CONTROLLED_v1.5_FULL_VERSION.zip!source_extracts/M03_RECON/09_M03_SEARCH_CONTRACT_FULL_v1.3.md,1635,8b88d97ee61f222d30336e49d9792513d59395fad2655db35f365ca7b5457a71
M01-M15 new recon(20260907-081753).zip,1,RUMAHAGEN_WF03_M06_FULL_REBUILD_CONTROLLED_v1.5_FULL_VERSION.zip!source_extracts/M03_RECON/05_M03_CROSS_ARTIFACT_RECONCILIATION_FULL_v1.3.md,2047,3e80c41639a4a5b1bd36565a3b4dfcd3a6e6b6e41b49c8d90dd9ae365e4ce04e
M01-M15 new recon(20260907-081753).zip,1,RUMAHAGEN_WF03_M06_FULL_REBUILD_CONTROLLED_v1.5_FULL_VERSION.zip!source_extracts/M03_RECON/10_M03_UI_UX_USER_FLOW_FULL_v1.3.md,1632,8088db4f7266fc022960ff19b9f2aca8e473a7ab20eb294a5bd79992d6eee86a
M01-M15 new recon(20260907-081753).zip,1,RUMAHAGEN_WF03_M06_FULL_REBUILD_CONTROLLED_v1.5_FULL_VERSION.zip!source_extracts/RECON/WF03-03-02_M02_FULL_SEMANTIC_REBUILD_v1.1.md,21104,eb148ae05de827ae90619ae7be69186a2423cdfe9ba66c35c4dee6b21b5a30e6
M01-M15 new recon(20260907-081753).zip,1,RUMAHAGEN_WF03_M06_FULL_REBUILD_CONTROLLED_v1.5_FULL_VERSION.zip!source_extracts/RECON/WF03-03-01_M01_FULL_SEMANTIC_REBUILD_v1.1.md,24186,1c53930998a825a2b0b36bf7407239a913f8306b201e642d8628ce3e2327ed53
M01-M15 new recon(20260907-081753).zip,1,RUMAHAGEN_WF03_M06_FULL_REBUILD_CONTROLLED_v1.5_FULL_VERSION.zip!source_extracts/RECON/M01_CORE_IMPACT_ANALYSIS_FULL_v1.0_CONTROLLED.zip,18853,2738b2de7b93d31a26f2f1b2251bbae82bde283f6561354c528737a4f0b67d47
M01-M15 new recon(20260907-081753).zip,2,RUMAHAGEN_WF03_M06_FULL_REBUILD_CONTROLLED_v1.5_FULL_VERSION.zip!source_extracts/RECON/M01_CORE_IMPACT_ANALYSIS_FULL_v1.0_CONTROLLED.zip!00_M01_CORE_IMPACT_EXECUTIVE_SUMMARY_v1.0.md,455,bd97f06a0a269406cc80d258b2a3c2c641e0b0219497f3a8faa180de1fa6af8c
M01-M15 new recon(20260907-081753).zip,2,RUMAHAGEN_WF03_M06_FULL_REBUILD_CONTROLLED_v1.5_FULL_VERSION.zip!source_extracts/RECON/M01_CORE_IMPACT_ANALYSIS_FULL_v1.0_CONTROLLED.zip!01_M01_CORE_IMPACT_MATRIX_FULL_v1.0.csv,40535,91b4cd2fad6ad5bf40a30d2b9ac6e9ee850147593020dadbaca93148412b288d
M01-M15 new recon(20260907-081753).zip,2,RUMAHAGEN_WF03_M06_FULL_REBUILD_CONTROLLED_v1.5_FULL_VERSION.zip!source_extracts/RECON/M01_CORE_IMPACT_ANALYSIS_FULL_v1.0_CONTROLLED.zip!01_M01_CORE_IMPACT_MATRIX_FULL_v1.0.xlsx,9698,84e2c3dbf1cf53c07079896cb8242bc11489901a5f7f4f7832c6f0c2ea5e6091
M01-M15 new recon(20260907-081753).zip,2,RUMAHAGEN_WF03_M06_FULL_REBUILD_CONTROLLED_v1.5_FULL_VERSION.zip!source_extracts/RECON/M01_CORE_IMPACT_ANALYSIS_FULL_v1.0_CONTROLLED.zip!02_M01_CORE_CONFLICT_REGISTER_FULL_v1.0.md,1244,0c292236ba6d2c0490d8288a15c9171ccfcd1c67682d4b02eb8ed953f88e9a17
M01-M15 new recon(20260907-081753).zip,2,RUMAHAGEN_WF03_M06_FULL_REBUILD_CONTROLLED_v1.5_FULL_VERSION.zip!source_extracts/RECON/M01_CORE_IMPACT_ANALYSIS_FULL_v1.0_CONTROLLED.zip!03_M01_CORE_PROPAGATION_MATRIX_FULL_v1.0.csv,1586,a91682a70dcfda1433cc37c407312bf925ca802c8ce9722f2a71b1c5fc6c04f5
M01-M15 new recon(20260907-081753).zip,2,RUMAHAGEN_WF03_M06_FULL_REBUILD_CONTROLLED_v1.5_FULL_VERSION.zip!source_extracts/RECON/M01_CORE_IMPACT_ANALYSIS_FULL_v1.0_CONTROLLED.zip!04_M01_CORE_DEPENDENCY_IMPACT_FULL_v1.0.md,531,8181604b0bcbdd4ba02634b0ebef8f0012f1df90881edd44bef1d0931dc8db4c
M01-M15 new recon(20260907-081753).zip,2,RUMAHAGEN_WF03_M06_FULL_REBUILD_CONTROLLED_v1.5_FULL_VERSION.zip!source_extracts/RECON/M01_CORE_IMPACT_ANALYSIS_FULL_v1.0_CONTROLLED.zip!05_M01_CORE_REQUIRED_CHANGE_REGISTER_FULL_v1.0.md,753,fb23a16cc47bc6c8ffc9320052bad58a62bfeaaf13b258acb0ccfb25d4f000cb
M01-M15 new recon(20260907-081753).zip,2,RUMAHAGEN_WF03_M06_FULL_REBUILD_CONTROLLED_v1.5_FULL_VERSION.zip!source_extracts/RECON/M01_CORE_IMPACT_ANALYSIS_FULL_v1.0_CONTROLLED.zip!06_M01_CORE_AUTHORITY_MAPPING_FULL_v1.0.md,536,a449df25c2ef58e2ab11729d70ec116a093a432fc7e1bf5b28a426fbb70337da
M01-M15 new recon(20260907-081753).zip,2,RUMAHAGEN_WF03_M06_FULL_REBUILD_CONTROLLED_v1.5_FULL_VERSION.zip!source_extracts/RECON/M01_CORE_IMPACT_ANALYSIS_FULL_v1.0_CONTROLLED.zip!07_M01_CORE_IMPACT_QA_FULL_v1.0.md,473,9715bb8e3eb27ba4be18fdfcf41cf1b131f6924b8709dfe26b6f1bf76d90bc71
M01-M15 new recon(20260907-081753).zip,2,RUMAHAGEN_WF03_M06_FULL_REBUILD_CONTROLLED_v1.5_FULL_VERSION.zip!source_extracts/RECON/M01_CORE_IMPACT_ANALYSIS_FULL_v1.0_CONTROLLED.zip!08_M01_CORE_INTEGRATION_READINESS_FULL_v1.0.md,368,ff9c055141a9c68264e3671c6977814676dabb5c188c1847bd3871ed3cd8e096
M01-M15 new recon(20260907-081753).zip,2,RUMAHAGEN_WF03_M06_FULL_REBUILD_CONTROLLED_v1.5_FULL_VERSION.zip!source_extracts/RECON/M01_CORE_IMPACT_ANALYSIS_FULL_v1.0_CONTROLLED.zip!09_PROVENANCE_M01_CORE_IMPACT_v1.0.md,405,e346c5a18e1cfcb6f6364a5c3ab6089c8fd57da15195f8e304b14461bd487d84
M01-M15 new recon(20260907-081753).zip,2,RUMAHAGEN_WF03_M06_FULL_REBUILD_CONTROLLED_v1.5_FULL_VERSION.zip!source_extracts/RECON/M01_CORE_IMPACT_ANALYSIS_FULL_v1.0_CONTROLLED.zip!10_MANIFEST_M01_CORE_IMPACT_v1.0.md,548,0a7c8b0355c66531b1dbb4910a9321e4396b82194b8e69828f3205a2c5ab9cab
M01-M15 new recon(20260907-081753).zip,1,RUMAHAGEN_WF03_M06_FULL_REBUILD_CONTROLLED_v1.5_FULL_VERSION.zip!source_extracts/RECON/WF03_STEP01_OWNER_OVERRIDE_AND_RETRACE_BASELINE_v1.0.md,4405,88354e3dd21fb63cd83acf7afb289451078b06432099c9c2c82daf737278714a
M01-M15 new recon(20260907-081753).zip,1,RUMAHAGEN_WF03_M06_FULL_REBUILD_CONTROLLED_v1.5_FULL_VERSION.zip!source_extracts/RECON/RUMAHAGEN_WF03_M04_FULL_REBUILD_v1.1_CORE_EVIDENCE_INTEGRATED_CONTROLLED.zip,61863,dc8f015d4ae1d025434199d6cce5b7137e0d1d5fb1616e0e6ba78898237eed33
M01-M15 new recon(20260907-081753).zip,2,RUMAHAGEN_WF03_M06_FULL_REBUILD_CONTROLLED_v1.5_FULL_VERSION.zip!source_extracts/RECON/RUMAHAGEN_WF03_M04_FULL_REBUILD_v1.1_CORE_EVIDENCE_INTEGRATED_CONTROLLED.zip!02_M04_QUESTION_INVENTORY_v1.1.md,6933,8e8470313c99218db779b805357171f05a8cf7c82f56a2f51e660965b136c26d
M01-M15 new recon(20260907-081753).zip,2,RUMAHAGEN_WF03_M06_FULL_REBUILD_CONTROLLED_v1.5_FULL_VERSION.zip!source_extracts/RECON/RUMAHAGEN_WF03_M04_FULL_REBUILD_v1.1_CORE_EVIDENCE_INTEGRATED_CONTROLLED.zip!13_M04_V1.1_SECOND_DEEP_SCAN_FULL_REVALIDATION.md,1353,691a7cff6a81cbe322013a697f53d61eb3484a0da5be85c7cda66b2c5df6dfe2
M01-M15 new recon(20260907-081753).zip,2,RUMAHAGEN_WF03_M06_FULL_REBUILD_CONTROLLED_v1.5_FULL_VERSION.zip!source_extracts/RECON/RUMAHAGEN_WF03_M04_FULL_REBUILD_v1.1_CORE_EVIDENCE_INTEGRATED_CONTROLLED.zip!11_M04_PROVENANCE_v1.1.md,514,edcd6987f1759db3f6e2c83cc7d01aebc4a00cce98d85441e16ebece9ef75860
M01-M15 new recon(20260907-081753).zip,2,RUMAHAGEN_WF03_M06_FULL_REBUILD_CONTROLLED_v1.5_FULL_VERSION.zip!source_extracts/RECON/RUMAHAGEN_WF03_M04_FULL_REBUILD_v1.1_CORE_EVIDENCE_INTEGRATED_CONTROLLED.zip!12_MANIFEST_M04_v1.1.md,1202,8d721fc47a4b6e1377d201e297c8fc6d33aade41f70c122920e111fb79009b0b
M01-M15 new recon(20260907-081753).zip,2,RUMAHAGEN_WF03_M06_FULL_REBUILD_CONTROLLED_v1.5_FULL_VERSION.zip!source_extracts/RECON/RUMAHAGEN_WF03_M04_FULL_REBUILD_v1.1_CORE_EVIDENCE_INTEGRATED_CONTROLLED.zip!03_M04_SEMANTIC_REVIEW_v1.1.md,1074,860793749484e8cb1066dcf20a6d4dae04cccd1fe7abb6de990d65b3c125600c
M01-M15 new recon(20260907-081753).zip,2,RUMAHAGEN_WF03_M06_FULL_REBUILD_CONTROLLED_v1.5_FULL_VERSION.zip!source_extracts/RECON/RUMAHAGEN_WF03_M04_FULL_REBUILD_v1.1_CORE_EVIDENCE_INTEGRATED_CONTROLLED.zip!04_M04_LIFECYCLE_REVIEW_v1.1.md,928,969617c8ac8fdd05a4ed6dfdbcaa91172dc8be201786c516e9b7e78159f34740
M01-M15 new recon(20260907-081753).zip,2,RUMAHAGEN_WF03_M06_FULL_REBUILD_CONTROLLED_v1.5_FULL_VERSION.zip!source_extracts/RECON/RUMAHAGEN_WF03_M04_FULL_REBUILD_v1.1_CORE_EVIDENCE_INTEGRATED_CONTROLLED.zip!10_M04_INTEGRATION_READINESS_v1.1.md,464,0ed4573de1da916dd2d17d2a5cfaf4a945f2fcc4c81fc16349bedde44b3d5794
M01-M15 new recon(20260907-081753).zip,2,RUMAHAGEN_WF03_M06_FULL_REBUILD_CONTROLLED_v1.5_FULL_VERSION.zip!source_extracts/RECON/RUMAHAGEN_WF03_M04_FULL_REBUILD_v1.1_CORE_EVIDENCE_INTEGRATED_CONTROLLED.zip!06_M04_PERMISSION_ROLE_REVIEW_v1.1.md,818,599532c3458490100c97ffa72643bc31c37137608003fcb09b7e543df4ab1bcf
M01-M15 new recon(20260907-081753).zip,2,RUMAHAGEN_WF03_M06_FULL_REBUILD_CONTROLLED_v1.5_FULL_VERSION.zip!source_extracts/RECON/RUMAHAGEN_WF03_M04_FULL_REBUILD_v1.1_CORE_EVIDENCE_INTEGRATED_CONTROLLED.zip!01_M04_INVENTORY_FULL_DEEP_SCAN_v1.1.md,1740,8ae0566307ca191843a6948e5e74760728c470a864c125d80775efca08df3737
M01-M15 new recon(20260907-081753).zip,2,RUMAHAGEN_WF03_M06_FULL_REBUILD_CONTROLLED_v1.5_FULL_VERSION.zip!source_extracts/RECON/RUMAHAGEN_WF03_M04_FULL_REBUILD_v1.1_CORE_EVIDENCE_INTEGRATED_CONTROLLED.zip!05_M04_CROSS_ARTIFACT_IMPACT_REVIEW_v1.1.md,1305,c08eb8fbea8588e1fa67becbf442a93a489151b7031a5c61f213a6be4ec30915
M01-M15 new recon(20260907-081753).zip,2,RUMAHAGEN_WF03_M06_FULL_REBUILD_CONTROLLED_v1.5_FULL_VERSION.zip!source_extracts/RECON/RUMAHAGEN_WF03_M04_FULL_REBUILD_v1.1_CORE_EVIDENCE_INTEGRATED_CONTROLLED.zip!09_M04_QA_FULL_v1.1.md,804,e7727f36be4b48eaecc32c934dff16bc7c1f6cfb5767e82faad4ac20e1ed4474
M01-M15 new recon(20260907-081753).zip,2,RUMAHAGEN_WF03_M06_FULL_REBUILD_CONTROLLED_v1.5_FULL_VERSION.zip!source_extracts/RECON/RUMAHAGEN_WF03_M04_FULL_REBUILD_v1.1_CORE_EVIDENCE_INTEGRATED_CONTROLLED.zip!07_M04_PHYSICAL_RUNTIME_STATUS_REVIEW_v1.1.md,961,220476d037b81574d2ee5c015b7c12aab2cfb8bd5c73e22c4d09aaaf02d10f75
M01-M15 new recon(20260907-081753).zip,2,RUMAHAGEN_WF03_M06_FULL_REBUILD_CONTROLLED_v1.5_FULL_VERSION.zip!source_extracts/RECON/RUMAHAGEN_WF03_M04_FULL_REBUILD_v1.1_CORE_EVIDENCE_INTEGRATED_CONTROLLED.zip!08_M04_CROSS_MODULE_RECONCILIATION_v1.1.md,917,169fa772f0ce2bb9aa4f79380e9a79d2210672287091731a1a4d12bfe22afcf2
M01-M15 new recon(20260907-081753).zip,2,RUMAHAGEN_WF03_M06_FULL_REBUILD_CONTROLLED_v1.5_FULL_VERSION.zip!source_extracts/RECON/RUMAHAGEN_WF03_M04_FULL_REBUILD_v1.1_CORE_EVIDENCE_INTEGRATED_CONTROLLED.zip!99_PROVENANCE_SOURCE_V1.0/10_PROVENANCE.md,435,934ef956a0faef665143156e1f56df1c60394d0fd334bbc92dcb62db32f61d23
M01-M15 new recon(20260907-081753).zip,2,RUMAHAGEN_WF03_M06_FULL_REBUILD_CONTROLLED_v1.5_FULL_VERSION.zip!source_extracts/RECON/RUMAHAGEN_WF03_M04_FULL_REBUILD_v1.1_CORE_EVIDENCE_INTEGRATED_CONTROLLED.zip!99_PROVENANCE_SOURCE_V1.0/07_M04_PHYSICAL_RUNTIME_STATUS_REVIEW_v1.0.md,50770,535b87eb40c582fdc0cc13c4b38450dc45bfc974076bc3124195f2c6f740dfbe
M01-M15 new recon(20260907-081753).zip,2,RUMAHAGEN_WF03_M06_FULL_REBUILD_CONTROLLED_v1.5_FULL_VERSION.zip!source_extracts/RECON/RUMAHAGEN_WF03_M04_FULL_REBUILD_v1.1_CORE_EVIDENCE_INTEGRATED_CONTROLLED.zip!99_PROVENANCE_SOURCE_V1.0/05_M04_CROSS_ARTIFACT_IMPACT_REVIEW_v1.0.md,50778,8da6da3d52a5bbe1159b81a686a2e0ec1a81cf2ff36f3cdf1819a202b8ea7613
M01-M15 new recon(20260907-081753).zip,2,RUMAHAGEN_WF03_M06_FULL_REBUILD_CONTROLLED_v1.5_FULL_VERSION.zip!source_extracts/RECON/RUMAHAGEN_WF03_M04_FULL_REBUILD_v1.1_CORE_EVIDENCE_INTEGRATED_CONTROLLED.zip!99_PROVENANCE_SOURCE_V1.0/09_M04_QA_FULL_v1.0.md,626,48b6b16e6b3b325c9a1db0fe77a6b7f8dfd22bca1007f45c9a4d31d1faa33a8b
M01-M15 new recon(20260907-081753).zip,2,RUMAHAGEN_WF03_M06_FULL_REBUILD_CONTROLLED_v1.5_FULL_VERSION.zip!source_extracts/RECON/RUMAHAGEN_WF03_M04_FULL_REBUILD_v1.1_CORE_EVIDENCE_INTEGRATED_CONTROLLED.zip!99_PROVENANCE_SOURCE_V1.0/02_M04_QUESTION_INVENTORY_v1.0.md,62524,550488747465f310485e1ed719e046c89ad63f10f79463ccb66bcffa80a7a42b
M01-M15 new recon(20260907-081753).zip,2,RUMAHAGEN_WF03_M06_FULL_REBUILD_CONTROLLED_v1.5_FULL_VERSION.zip!source_extracts/RECON/RUMAHAGEN_WF03_M04_FULL_REBUILD_v1.1_CORE_EVIDENCE_INTEGRATED_CONTROLLED.zip!99_PROVENANCE_SOURCE_V1.0/04_M04_LIFECYCLE_REVIEW_v1.0.md,45043,dedfd92c70ada409e6249dfb1bcdfd9108499fbfd1883503cdba9821e37cc0f1
M01-M15 new recon(20260907-081753).zip,2,RUMAHAGEN_WF03_M06_FULL_REBUILD_CONTROLLED_v1.5_FULL_VERSION.zip!source_extracts/RECON/RUMAHAGEN_WF03_M04_FULL_REBUILD_v1.1_CORE_EVIDENCE_INTEGRATED_CONTROLLED.zip!99_PROVENANCE_SOURCE_V1.0/01_M04_INVENTORY_FULL_DEEP_SCAN_v1.0.md,158082,28836a415fae0e00e781e82db8cd690e7e8da4b5561c6425f8aa2d4d3fdffc83
M01-M15 new recon(20260907-081753).zip,2,RUMAHAGEN_WF03_M06_FULL_REBUILD_CONTROLLED_v1.5_FULL_VERSION.zip!source_extracts/RECON/RUMAHAGEN_WF03_M04_FULL_REBUILD_v1.1_CORE_EVIDENCE_INTEGRATED_CONTROLLED.zip!99_PROVENANCE_SOURCE_V1.0/08_M04_CROSS_MODULE_RECONCILIATION_v1.0.md,45211,fc9faa615418c89eea0178007be14f2f9fdc054dc5e7d6f1dc8847f809f2a514
M01-M15 new recon(20260907-081753).zip,2,RUMAHAGEN_WF03_M06_FULL_REBUILD_CONTROLLED_v1.5_FULL_VERSION.zip!source_extracts/RECON/RUMAHAGEN_WF03_M04_FULL_REBUILD_v1.1_CORE_EVIDENCE_INTEGRATED_CONTROLLED.zip!99_PROVENANCE_SOURCE_V1.0/00_M04_FULL_REBUILD_v1.0_CONTROLLED.md,1405,6971bd96022bfb3a93e2754957c8e72fc71d54c023512cf44f4d8a838343f6a5
M01-M15 new recon(20260907-081753).zip,2,RUMAHAGEN_WF03_M06_FULL_REBUILD_CONTROLLED_v1.5_FULL_VERSION.zip!source_extracts/RECON/RUMAHAGEN_WF03_M04_FULL_REBUILD_v1.1_CORE_EVIDENCE_INTEGRATED_CONTROLLED.zip!99_PROVENANCE_SOURCE_V1.0/03_M04_SEMANTIC_REVIEW_v1.0.md,41924,d704cb4fcf9521c71cdaff22baa77af705cec2c30bbc2e28e466653fbfe634e1
M01-M15 new recon(20260907-081753).zip,2,RUMAHAGEN_WF03_M06_FULL_REBUILD_CONTROLLED_v1.5_FULL_VERSION.zip!source_extracts/RECON/RUMAHAGEN_WF03_M04_FULL_REBUILD_v1.1_CORE_EVIDENCE_INTEGRATED_CONTROLLED.zip!99_PROVENANCE_SOURCE_V1.0/11_MANIFEST.md,457,d8414d0c89c13cc46c863a3eea742b8ca42f6e36ae6292adf7d1e18929cc16b3
M01-M15 new recon(20260907-081753).zip,2,RUMAHAGEN_WF03_M06_FULL_REBUILD_CONTROLLED_v1.5_FULL_VERSION.zip!source_extracts/RECON/RUMAHAGEN_WF03_M04_FULL_REBUILD_v1.1_CORE_EVIDENCE_INTEGRATED_CONTROLLED.zip!99_PROVENANCE_SOURCE_V1.0/06_M04_PERMISSION_ROLE_REVIEW_v1.0.md,39996,83d3a49adabbb066c90ccaf6897e4a2009a9dc5d6db47fdee41c7039381b3977
M01-M15 new recon(20260907-081753).zip,1,RUMAHAGEN_WF03_M06_FULL_REBUILD_CONTROLLED_v1.5_FULL_VERSION.zip!source_extracts/RECON/M02_CORE_IMPACT_ANALYSIS_FULL_v1.0_CONTROLLED.zip,19133,a55cd04084472978604376b736fe0561917569902263e34cf64f8e08f40b8d4d
M01-M15 new recon(20260907-081753).zip,2,RUMAHAGEN_WF03_M06_FULL_REBUILD_CONTROLLED_v1.5_FULL_VERSION.zip!source_extracts/RECON/M02_CORE_IMPACT_ANALYSIS_FULL_v1.0_CONTROLLED.zip!00_M02_CORE_IMPACT_EXECUTIVE_SUMMARY_v1.0.md,604,1de9e3df0999ef6d50a95c626b34308bdc7b33ec70be4a1790f814dee60861e5
M01-M15 new recon(20260907-081753).zip,2,RUMAHAGEN_WF03_M06_FULL_REBUILD_CONTROLLED_v1.5_FULL_VERSION.zip!source_extracts/RECON/M02_CORE_IMPACT_ANALYSIS_FULL_v1.0_CONTROLLED.zip!01_M02_CORE_IMPACT_MATRIX_FULL_v1.0.csv,44200,47bd5f25788de3543b5451066082358a34493d941bb5d1ffff9e30280868d65e
M01-M15 new recon(20260907-081753).zip,2,RUMAHAGEN_WF03_M06_FULL_REBUILD_CONTROLLED_v1.5_FULL_VERSION.zip!source_extracts/RECON/M02_CORE_IMPACT_ANALYSIS_FULL_v1.0_CONTROLLED.zip!01_M02_CORE_IMPACT_MATRIX_FULL_v1.0.xlsx,9458,3a7baa47d096e01003c0ff27d76650daa6730c7ca41f963e2d65ffdd003da3d7
M01-M15 new recon(20260907-081753).zip,2,RUMAHAGEN_WF03_M06_FULL_REBUILD_CONTROLLED_v1.5_FULL_VERSION.zip!source_extracts/RECON/M02_CORE_IMPACT_ANALYSIS_FULL_v1.0_CONTROLLED.zip!02_M02_CORE_CONFLICT_REGISTER_FULL_v1.0.md,2041,c70e59f3291f3222c7284a16f622322b82681b64f04d121be458d12db0998714
M01-M15 new recon(20260907-081753).zip,2,RUMAHAGEN_WF03_M06_FULL_REBUILD_CONTROLLED_v1.5_FULL_VERSION.zip!source_extracts/RECON/M02_CORE_IMPACT_ANALYSIS_FULL_v1.0_CONTROLLED.zip!03_M02_CORE_PROPAGATION_MATRIX_FULL_v1.0.csv,1742,b69810f3ee311bec6f28f7a0bb9c4ebdd57e510bbd2fff207d8333598064b553
M01-M15 new recon(20260907-081753).zip,2,RUMAHAGEN_WF03_M06_FULL_REBUILD_CONTROLLED_v1.5_FULL_VERSION.zip!source_extracts/RECON/M02_CORE_IMPACT_ANALYSIS_FULL_v1.0_CONTROLLED.zip!04_M02_CORE_DEPENDENCY_IMPACT_FULL_v1.0.md,712,8f56fbec7b16cedc61195c0a94519f80b854395889b6a133eff153627495f955
M01-M15 new recon(20260907-081753).zip,2,RUMAHAGEN_WF03_M06_FULL_REBUILD_CONTROLLED_v1.5_FULL_VERSION.zip!source_extracts/RECON/M02_CORE_IMPACT_ANALYSIS_FULL_v1.0_CONTROLLED.zip!05_M02_CORE_REQUIRED_CHANGE_REGISTER_FULL_v1.0.md,918,3d632c9972a1c1cee618439647ed3aae0d66a2b06958d91c5b75dbda0b1b9321
M01-M15 new recon(20260907-081753).zip,2,RUMAHAGEN_WF03_M06_FULL_REBUILD_CONTROLLED_v1.5_FULL_VERSION.zip!source_extracts/RECON/M02_CORE_IMPACT_ANALYSIS_FULL_v1.0_CONTROLLED.zip!06_M02_CORE_AUTHORITY_MAPPING_FULL_v1.0.md,595,0f0258b100aa74232bd111514b5f54859be3e5de309a2f31d2164238b76b11d1
M01-M15 new recon(20260907-081753).zip,2,RUMAHAGEN_WF03_M06_FULL_REBUILD_CONTROLLED_v1.5_FULL_VERSION.zip!source_extracts/RECON/M02_CORE_IMPACT_ANALYSIS_FULL_v1.0_CONTROLLED.zip!07_M02_CORE_IMPACT_QA_FULL_v1.0.md,562,0788bd8934fb640d242670c0072e051d06bdb0e41cd637c41e33f9c1d8b74f42
M01-M15 new recon(20260907-081753).zip,2,RUMAHAGEN_WF03_M06_FULL_REBUILD_CONTROLLED_v1.5_FULL_VERSION.zip!source_extracts/RECON/M02_CORE_IMPACT_ANALYSIS_FULL_v1.0_CONTROLLED.zip!08_M02_CORE_INTEGRATION_READINESS_FULL_v1.0.md,437,300eae59bcd5f01720bd296518a359e3462852b5cbdb5dc7e526bf0c9dcc5e4a
M01-M15 new recon(20260907-081753).zip,2,RUMAHAGEN_WF03_M06_FULL_REBUILD_CONTROLLED_v1.5_FULL_VERSION.zip!source_extracts/RECON/M02_CORE_IMPACT_ANALYSIS_FULL_v1.0_CONTROLLED.zip!09_PROVENANCE_M02_CORE_IMPACT_v1.0.md,590,d0e1f22ff9d95cdd70a029ba5bda9a38da9c8a68e1d2400039c25e225e4bc86f
M01-M15 new recon(20260907-081753).zip,2,RUMAHAGEN_WF03_M06_FULL_REBUILD_CONTROLLED_v1.5_FULL_VERSION.zip!source_extracts/RECON/M02_CORE_IMPACT_ANALYSIS_FULL_v1.0_CONTROLLED.zip!10_MANIFEST_M02_CORE_IMPACT_v1.0.md,548,7e3dc9d8399c8c4ee30c30276c2133eed6a84f0577b27fb194a8240a9a2582d6
M01-M15 new recon(20260907-081753).zip,1,RUMAHAGEN_WF03_M06_FULL_REBUILD_CONTROLLED_v1.5_FULL_VERSION.zip!source_extracts/RECON/RUMAHAGEN_WF03_M05_FULL_REBUILD_CONTROLLED_v1.3_FULL_VERSION.zip,166268,1230777319e8d7a0a358e65a2e6081f3e12dcbc69b5082d360f820850f001d36
M01-M15 new recon(20260907-081753).zip,2,RUMAHAGEN_WF03_M06_FULL_REBUILD_CONTROLLED_v1.5_FULL_VERSION.zip!source_extracts/RECON/RUMAHAGEN_WF03_M05_FULL_REBUILD_CONTROLLED_v1.3_FULL_VERSION.zip!01_M05_SOURCE_INVENTORY_100PCT_v1.3.md,296,3f532424a2fa7f8351433856e4c86168bfd64256a646181b8f1aaaf27db8362c
M01-M15 new recon(20260907-081753).zip,2,RUMAHAGEN_WF03_M06_FULL_REBUILD_CONTROLLED_v1.5_FULL_VERSION.zip!source_extracts/RECON/RUMAHAGEN_WF03_M05_FULL_REBUILD_CONTROLLED_v1.3_FULL_VERSION.zip!00_M05_FULL_REBUILD_CONTROL_REPORT_v1.3.md,1667,21af39ad84abde95495aeae6f415a7643a9d11635fa3792de570e4d4ff506062
M01-M15 new recon(20260907-081753).zip,2,RUMAHAGEN_WF03_M06_FULL_REBUILD_CONTROLLED_v1.5_FULL_VERSION.zip!source_extracts/RECON/RUMAHAGEN_WF03_M05_FULL_REBUILD_CONTROLLED_v1.3_FULL_VERSION.zip!18_M05_FULL_REBUILD_CONTROLLED_v1.3.docx,38682,035e9f7a6b4e218b8bec0bdecd1779b88d29f56d17e7e8ded66787e9bafe8d79
M01-M15 new recon(20260907-081753).zip,2,RUMAHAGEN_WF03_M06_FULL_REBUILD_CONTROLLED_v1.5_FULL_VERSION.zip!source_extracts/RECON/RUMAHAGEN_WF03_M05_FULL_REBUILD_CONTROLLED_v1.3_FULL_VERSION.zip!10_M05_ACTOR_SURFACE_FULL_v1.3.md,579,9ccd8c33b632388544a54e0d3e735f2ccf8542bddc8018548a4bcec27a25c5e5
M01-M15 new recon(20260907-081753).zip,2,RUMAHAGEN_WF03_M06_FULL_REBUILD_CONTROLLED_v1.5_FULL_VERSION.zip!source_extracts/RECON/RUMAHAGEN_WF03_M05_FULL_REBUILD_CONTROLLED_v1.3_FULL_VERSION.zip!06_M05_PERMISSION_ACTION_REVIEW_FULL_v1.3.md,439,833c490edca36658ed3f72396d49738f6073543502cf61927611d6d6560504b2
M01-M15 new recon(20260907-081753).zip,2,RUMAHAGEN_WF03_M06_FULL_REBUILD_CONTROLLED_v1.5_FULL_VERSION.zip!source_extracts/RECON/RUMAHAGEN_WF03_M05_FULL_REBUILD_CONTROLLED_v1.3_FULL_VERSION.zip!02_M05_SOURCE_INVENTORY_100PCT_v1.3.csv,72712,5b9721953d1d7d45e6f1e45ccce0c00cfad21cd78ad9c1cf2088909336ee99e0
M01-M15 new recon(20260907-081753).zip,2,RUMAHAGEN_WF03_M06_FULL_REBUILD_CONTROLLED_v1.5_FULL_VERSION.zip!source_extracts/RECON/RUMAHAGEN_WF03_M05_FULL_REBUILD_CONTROLLED_v1.3_FULL_VERSION.zip!03_M05_QUESTION_INVENTORY_FULL_v1.3.md,250,862d70146bf3b54817fc57f08491c77994ab6cdb7e8419b5a3b9c7899221e6a9
M01-M15 new recon(20260907-081753).zip,2,RUMAHAGEN_WF03_M06_FULL_REBUILD_CONTROLLED_v1.5_FULL_VERSION.zip!source_extracts/RECON/RUMAHAGEN_WF03_M05_FULL_REBUILD_CONTROLLED_v1.3_FULL_VERSION.zip!07_M05_CROSS_ARTIFACT_RECONCILIATION_FULL_v1.3.md,572,5689d839c0043abb0139b7602cec96dcfc2779b11ed7bec78de1c9ff41dc2a74
M01-M15 new recon(20260907-081753).zip,2,RUMAHAGEN_WF03_M06_FULL_REBUILD_CONTROLLED_v1.5_FULL_VERSION.zip!source_extracts/RECON/RUMAHAGEN_WF03_M05_FULL_REBUILD_CONTROLLED_v1.3_FULL_VERSION.zip!14_M05_FIELD_INVENTORY_FULL_v1.3.csv,1704,f11d4f60f3fceadeb2eaad39c7ee3e209f6bf55927c9e53b028419a4af07d645
M01-M15 new recon(20260907-081753).zip,2,RUMAHAGEN_WF03_M06_FULL_REBUILD_CONTROLLED_v1.5_FULL_VERSION.zip!source_extracts/RECON/RUMAHAGEN_WF03_M05_FULL_REBUILD_CONTROLLED_v1.3_FULL_VERSION.zip!03_M05_QUESTION_INVENTORY_FULL_v1.3.csv,2736,e5522ec17f41ff81f7e74fdaa01903f233603bdae45150343cc7765b1155d454
M01-M15 new recon(20260907-081753).zip,2,RUMAHAGEN_WF03_M06_FULL_REBUILD_CONTROLLED_v1.5_FULL_VERSION.zip!source_extracts/RECON/RUMAHAGEN_WF03_M05_FULL_REBUILD_CONTROLLED_v1.3_FULL_VERSION.zip!12_M05_ONLINE_MEETING_PROVIDER_FULL_v1.3.md,722,543e2b28797686d86c651ce780409084af2b8d000858bdbeb3f61ce86a296a53
M01-M15 new recon(20260907-081753).zip,2,RUMAHAGEN_WF03_M06_FULL_REBUILD_CONTROLLED_v1.5_FULL_VERSION.zip!source_extracts/RECON/RUMAHAGEN_WF03_M05_FULL_REBUILD_CONTROLLED_v1.3_FULL_VERSION.zip!08_M05_CROSS_MODULE_RECONCILIATION_FULL_v1.3.md,359,d9ccee16e5a72622d76871d91f55d2d05b1476b72f94ba3d7c1c6346f12e5134
M01-M15 new recon(20260907-081753).zip,2,RUMAHAGEN_WF03_M06_FULL_REBUILD_CONTROLLED_v1.5_FULL_VERSION.zip!source_extracts/RECON/RUMAHAGEN_WF03_M05_FULL_REBUILD_CONTROLLED_v1.3_FULL_VERSION.zip!11_M05_CONFIGURATION_MATRIX_FULL_v1.3.md,782,c8dc02c2f3286c0ab009910c6d287416fd53b9c9a90238004e6bb25198504d93
M01-M15 new recon(20260907-081753).zip,2,RUMAHAGEN_WF03_M06_FULL_REBUILD_CONTROLLED_v1.5_FULL_VERSION.zip!source_extracts/RECON/RUMAHAGEN_WF03_M05_FULL_REBUILD_CONTROLLED_v1.3_FULL_VERSION.zip!13_M05_GUEST_REGISTRATION_FULL_v1.3.md,670,9f0b5f4d7da73a2b293fbe3ae3699f938737ac0d6fb2bf9fdec08bdbcb965061
M01-M15 new recon(20260907-081753).zip,2,RUMAHAGEN_WF03_M06_FULL_REBUILD_CONTROLLED_v1.5_FULL_VERSION.zip!source_extracts/RECON/RUMAHAGEN_WF03_M05_FULL_REBUILD_CONTROLLED_v1.3_FULL_VERSION.zip!09_M05_PHYSICAL_RUNTIME_PREREQUISITE_REVIEW_FULL_v1.3.md,414,48cbe3e217adc17b26b2807e5ef479cef416d7d24b3eab6ce2e1e0be44a27d8a
M01-M15 new recon(20260907-081753).zip,2,RUMAHAGEN_WF03_M06_FULL_REBUILD_CONTROLLED_v1.5_FULL_VERSION.zip!source_extracts/RECON/RUMAHAGEN_WF03_M05_FULL_REBUILD_CONTROLLED_v1.3_FULL_VERSION.zip!17_M05_FINAL_QA_PRE_GATE_v1.3.md,1132,ca998ee830fe566cfd9549c1f6685c8e2a6ceda7017129fcbccee1e002602383
M01-M15 new recon(20260907-081753).zip,2,RUMAHAGEN_WF03_M06_FULL_REBUILD_CONTROLLED_v1.5_FULL_VERSION.zip!source_extracts/RECON/RUMAHAGEN_WF03_M05_FULL_REBUILD_CONTROLLED_v1.3_FULL_VERSION.zip!16_M05_QIR_CORRECTION_TRACEABILITY_FULL_v1.3.md,663,369245670ca838bb65ecf474122281c33ec66a8f0b7bbe122ace7efe9372ba79
M01-M15 new recon(20260907-081753).zip,2,RUMAHAGEN_WF03_M06_FULL_REBUILD_CONTROLLED_v1.5_FULL_VERSION.zip!source_extracts/RECON/RUMAHAGEN_WF03_M05_FULL_REBUILD_CONTROLLED_v1.3_FULL_VERSION.zip!15_M05_CONFIGURATION_PERMISSION_MATRIX_FULL_v1.3.xlsx,9152,d78c962ceaa84af68da83f844f384fc5a9aa4acb81c79a70938f1d1a9a37fccc
M01-M15 new recon(20260907-081753).zip,2,RUMAHAGEN_WF03_M06_FULL_REBUILD_CONTROLLED_v1.5_FULL_VERSION.zip!source_extracts/RECON/RUMAHAGEN_WF03_M05_FULL_REBUILD_CONTROLLED_v1.3_FULL_VERSION.zip!04_M05_SEMANTIC_REVIEW_FULL_v1.3.md,759,a3b75e6b3e2d57f1b6e23250a7d87622e961bc09485692c416ca80a1fac41608
M01-M15 new recon(20260907-081753).zip,2,RUMAHAGEN_WF03_M06_FULL_REBUILD_CONTROLLED_v1.5_FULL_VERSION.zip!source_extracts/RECON/RUMAHAGEN_WF03_M05_FULL_REBUILD_CONTROLLED_v1.3_FULL_VERSION.zip!05_M05_LIFECYCLE_FULL_v1.3.md,1182,9571114d42331cc9c965926232052565114b7a702ceb346bb4d787865ddbd703
M01-M15 new recon(20260907-081753).zip,2,RUMAHAGEN_WF03_M06_FULL_REBUILD_CONTROLLED_v1.5_FULL_VERSION.zip!source_extracts/RECON/RUMAHAGEN_WF03_M05_FULL_REBUILD_CONTROLLED_v1.3_FULL_VERSION.zip!01_FULL_V1.2_RETAINED/11_M05_PERMISSION_MATRIX_FULL_v1.2.csv,585,313bb7e2a1150735acf5784bacdbfcd668602cbcb41cac2c729f07b0f9227d8f
M01-M15 new recon(20260907-081753).zip,2,RUMAHAGEN_WF03_M06_FULL_REBUILD_CONTROLLED_v1.5_FULL_VERSION.zip!source_extracts/RECON/RUMAHAGEN_WF03_M05_FULL_REBUILD_CONTROLLED_v1.3_FULL_VERSION.zip!01_FULL_V1.2_RETAINED/10_M05_CONFIGURATION_PROVIDER_FULL_v1.2.md,994,98cefff14739efb2325fac01ef67cdb66ef7dd73e2dcb95c850324f1e57e485f
M01-M15 new recon(20260907-081753).zip,2,RUMAHAGEN_WF03_M06_FULL_REBUILD_CONTROLLED_v1.5_FULL_VERSION.zip!source_extracts/RECON/RUMAHAGEN_WF03_M05_FULL_REBUILD_CONTROLLED_v1.3_FULL_VERSION.zip!01_FULL_V1.2_RETAINED/08_M05_CROSS_MODULE_RECONCILIATION_FULL_v1.2.md,468,d7d33ca3a8fddabcbc235f0cb3d8ced1bd223fcf0d75ccf31e9c8a3a43ccc7f3
M01-M15 new recon(20260907-081753).zip,2,RUMAHAGEN_WF03_M06_FULL_REBUILD_CONTROLLED_v1.5_FULL_VERSION.zip!source_extracts/RECON/RUMAHAGEN_WF03_M05_FULL_REBUILD_CONTROLLED_v1.3_FULL_VERSION.zip!01_FULL_V1.2_RETAINED/05_M05_PERMISSION_ACTION_REVIEW_FULL_v1.2.md,603,5ed39f103fa02317f3a02d09538d2d5df00f36092571155112dc95baf6529bb0
M01-M15 new recon(20260907-081753).zip,2,RUMAHAGEN_WF03_M06_FULL_REBUILD_CONTROLLED_v1.5_FULL_VERSION.zip!source_extracts/RECON/RUMAHAGEN_WF03_M05_FULL_REBUILD_CONTROLLED_v1.3_FULL_VERSION.zip!01_FULL_V1.2_RETAINED/evidence_iframe.md,7107,87e56e7c740da4101035c2337aec782135d9972c3a094d6da1e35fbbc7b67923
M01-M15 new recon(20260907-081753).zip,2,RUMAHAGEN_WF03_M06_FULL_REBUILD_CONTROLLED_v1.5_FULL_VERSION.zip!source_extracts/RECON/RUMAHAGEN_WF03_M05_FULL_REBUILD_CONTROLLED_v1.3_FULL_VERSION.zip!01_FULL_V1.2_RETAINED/04_M05_LIFECYCLE_FULL_v1.2.md,959,a6de78784a718927f9795c107a5f8a3d02cb0d5bd073ed954257e350a5d0d2d7
M01-M15 new recon(20260907-081753).zip,2,RUMAHAGEN_WF03_M06_FULL_REBUILD_CONTROLLED_v1.5_FULL_VERSION.zip!source_extracts/RECON/RUMAHAGEN_WF03_M05_FULL_REBUILD_CONTROLLED_v1.3_FULL_VERSION.zip!01_FULL_V1.2_RETAINED/evidence_waitinglist.md,8521,632636cf72ddce93215d53df08d7aae1da9f97443c47cc70b1e1c0a7f98ae66e
M01-M15 new recon(20260907-081753).zip,2,RUMAHAGEN_WF03_M06_FULL_REBUILD_CONTROLLED_v1.5_FULL_VERSION.zip!source_extracts/RECON/RUMAHAGEN_WF03_M05_FULL_REBUILD_CONTROLLED_v1.3_FULL_VERSION.zip!01_FULL_V1.2_RETAINED/03_M05_SEMANTIC_REVIEW_FULL_v1.2.md,824,5bc5b8c679a1d8cddb7436f24a45d188e2ac0c4033430f539ec66c07fce57f62
M01-M15 new recon(20260907-081753).zip,2,RUMAHAGEN_WF03_M06_FULL_REBUILD_CONTROLLED_v1.5_FULL_VERSION.zip!source_extracts/RECON/RUMAHAGEN_WF03_M05_FULL_REBUILD_CONTROLLED_v1.3_FULL_VERSION.zip!01_FULL_V1.2_RETAINED/06_M05_CROSS_ARTIFACT_RECONCILIATION_FULL_v1.2.md,771,d0bc8ec1808f80f3fe60a9653d896d39acb47ca8deda709c37d50adb90c222f6
M01-M15 new recon(20260907-081753).zip,2,RUMAHAGEN_WF03_M06_FULL_REBUILD_CONTROLLED_v1.5_FULL_VERSION.zip!source_extracts/RECON/RUMAHAGEN_WF03_M05_FULL_REBUILD_CONTROLLED_v1.3_FULL_VERSION.zip!01_FULL_V1.2_RETAINED/evidence_late_registration.md,8522,5dad927befd76a6385f49a07d5e945c7dac5859f9aabb2e12819b1ad905ea921
M01-M15 new recon(20260907-081753).zip,2,RUMAHAGEN_WF03_M06_FULL_REBUILD_CONTROLLED_v1.5_FULL_VERSION.zip!source_extracts/RECON/RUMAHAGEN_WF03_M05_FULL_REBUILD_CONTROLLED_v1.3_FULL_VERSION.zip!01_FULL_V1.2_RETAINED/evidence_quota.md,8997,5739dd0e60bc7d6dbb132bd2fc99307cbae5e641876d514287331dee2229554d
M01-M15 new recon(20260907-081753).zip,2,RUMAHAGEN_WF03_M06_FULL_REBUILD_CONTROLLED_v1.5_FULL_VERSION.zip!source_extracts/RECON/RUMAHAGEN_WF03_M05_FULL_REBUILD_CONTROLLED_v1.3_FULL_VERSION.zip!01_FULL_V1.2_RETAINED/15_M05_MANIFEST_CONTROLLED_v1.2.md,527,8ac8db02b06f6244c19d45a1fadfa51979200e14f78bca1226d03680a6d52346
M01-M15 new recon(20260907-081753).zip,2,RUMAHAGEN_WF03_M06_FULL_REBUILD_CONTROLLED_v1.5_FULL_VERSION.zip!source_extracts/RECON/RUMAHAGEN_WF03_M05_FULL_REBUILD_CONTROLLED_v1.3_FULL_VERSION.zip!01_FULL_V1.2_RETAINED/01_M05_SOURCE_INVENTORY_100PCT_v1.2.md,331,d0dce5dec2063a77ae9e8d4a70c156055d2074d523459c51ce858372ec6b08b8
M01-M15 new recon(20260907-081753).zip,2,RUMAHAGEN_WF03_M06_FULL_REBUILD_CONTROLLED_v1.5_FULL_VERSION.zip!source_extracts/RECON/RUMAHAGEN_WF03_M05_FULL_REBUILD_CONTROLLED_v1.3_FULL_VERSION.zip!01_FULL_V1.2_RETAINED/12_M05_FULL_FIELD_CONFIGURATION_PERMISSION_MATRIX_v1.2.xlsx,8960,cd1ca9ea4b5b61e66cdcbc9c8e4b376c8264954153921cc3c52df94660e7cf0d
M01-M15 new recon(20260907-081753).zip,2,RUMAHAGEN_WF03_M06_FULL_REBUILD_CONTROLLED_v1.5_FULL_VERSION.zip!source_extracts/RECON/RUMAHAGEN_WF03_M05_FULL_REBUILD_CONTROLLED_v1.3_FULL_VERSION.zip!01_FULL_V1.2_RETAINED/13_M05_EVIDENCE_PROVENANCE_AND_DIFF_v1.2.md,1658,8e44d24df3826d67914b95435702eb6ef3283a5accbc30cce60161b1473ef4ce
M01-M15 new recon(20260907-081753).zip,2,RUMAHAGEN_WF03_M06_FULL_REBUILD_CONTROLLED_v1.5_FULL_VERSION.zip!source_extracts/RECON/RUMAHAGEN_WF03_M05_FULL_REBUILD_CONTROLLED_v1.3_FULL_VERSION.zip!01_FULL_V1.2_RETAINED/07_M05_PHYSICAL_RUNTIME_PREREQUISITE_REVIEW_FULL_v1.2.md,576,c989b648afb1dbf8d0f83b8dea57d9902b246fe24957b3dbdd178c7aed59d616
M01-M15 new recon(20260907-081753).zip,2,RUMAHAGEN_WF03_M06_FULL_REBUILD_CONTROLLED_v1.5_FULL_VERSION.zip!source_extracts/RECON/RUMAHAGEN_WF03_M05_FULL_REBUILD_CONTROLLED_v1.3_FULL_VERSION.zip!01_FULL_V1.2_RETAINED/01_M05_SOURCE_INVENTORY_100PCT_v1.2.csv,67454,2f281b81c85297dbf006fc7967c4786b87989d2323ad17c51e2cabb559d9c24d
M01-M15 new recon(20260907-081753).zip,2,RUMAHAGEN_WF03_M06_FULL_REBUILD_CONTROLLED_v1.5_FULL_VERSION.zip!source_extracts/RECON/RUMAHAGEN_WF03_M05_FULL_REBUILD_CONTROLLED_v1.3_FULL_VERSION.zip!01_FULL_V1.2_RETAINED/16_M05_FULL_REBUILD_CONTROLLED_v1.2.docx,38911,3f6fd5e26ba3be8c62abd83d5fcf23a691d2ed0249457839e2e91eda6728a5a1
M01-M15 new recon(20260907-081753).zip,2,RUMAHAGEN_WF03_M06_FULL_REBUILD_CONTROLLED_v1.5_FULL_VERSION.zip!source_extracts/RECON/RUMAHAGEN_WF03_M05_FULL_REBUILD_CONTROLLED_v1.3_FULL_VERSION.zip!01_FULL_V1.2_RETAINED/09_M05_ACTOR_SURFACE_FULL_v1.2.md,632,c83720852629c84182c81579f44e1822a11d66ec2286806adf7fcddcf0683acd
M01-M15 new recon(20260907-081753).zip,2,RUMAHAGEN_WF03_M06_FULL_REBUILD_CONTROLLED_v1.5_FULL_VERSION.zip!source_extracts/RECON/RUMAHAGEN_WF03_M05_FULL_REBUILD_CONTROLLED_v1.3_FULL_VERSION.zip!01_FULL_V1.2_RETAINED/evidence_attendance.md,8385,96168cb862f58dc1aa5c88ff12e9bb2bea6a9203eae8c7019c45e9bc61e790ce
M01-M15 new recon(20260907-081753).zip,2,RUMAHAGEN_WF03_M06_FULL_REBUILD_CONTROLLED_v1.5_FULL_VERSION.zip!source_extracts/RECON/RUMAHAGEN_WF03_M05_FULL_REBUILD_CONTROLLED_v1.3_FULL_VERSION.zip!01_FULL_V1.2_RETAINED/02_M05_QUESTION_INVENTORY_FULL_v1.2.md,237,0ead9d51ce5c3ccc45f9a7ef3ce107190b3906829753befec4049c23df906a19
M01-M15 new recon(20260907-081753).zip,2,RUMAHAGEN_WF03_M06_FULL_REBUILD_CONTROLLED_v1.5_FULL_VERSION.zip!source_extracts/RECON/RUMAHAGEN_WF03_M05_FULL_REBUILD_CONTROLLED_v1.3_FULL_VERSION.zip!01_FULL_V1.2_RETAINED/00_M05_FULL_REBUILD_CONTROL_REPORT_v1.2.md,1490,2afae2a74dc5cb686cebff9e8bef85291feb0086c7580a46759114ab349f0e72
M01-M15 new recon(20260907-081753).zip,2,RUMAHAGEN_WF03_M06_FULL_REBUILD_CONTROLLED_v1.5_FULL_VERSION.zip!source_extracts/RECON/RUMAHAGEN_WF03_M05_FULL_REBUILD_CONTROLLED_v1.3_FULL_VERSION.zip!01_FULL_V1.2_RETAINED/evidence_fields.md,8908,b3848bb521559a614af5d5a047c90e2628e62b4ed2b70b86d98e1714c2dadc3b
M01-M15 new recon(20260907-081753).zip,2,RUMAHAGEN_WF03_M06_FULL_REBUILD_CONTROLLED_v1.5_FULL_VERSION.zip!source_extracts/RECON/RUMAHAGEN_WF03_M05_FULL_REBUILD_CONTROLLED_v1.3_FULL_VERSION.zip!01_FULL_V1.2_RETAINED/02_M05_QUESTION_INVENTORY_FULL_v1.2.csv,2321,d87f8242e029d255f930f16db9360243f3e24c04e0f020f4ca739467f3c9a1ec
M01-M15 new recon(20260907-081753).zip,2,RUMAHAGEN_WF03_M06_FULL_REBUILD_CONTROLLED_v1.5_FULL_VERSION.zip!source_extracts/RECON/RUMAHAGEN_WF03_M05_FULL_REBUILD_CONTROLLED_v1.3_FULL_VERSION.zip!01_FULL_V1.2_RETAINED/evidence_provider.md,8501,6edaab09e2c2d6284da1f1846448cae2049c0bbee22892a44d162b4cf00919db
M01-M15 new recon(20260907-081753).zip,2,RUMAHAGEN_WF03_M06_FULL_REBUILD_CONTROLLED_v1.5_FULL_VERSION.zip!source_extracts/RECON/RUMAHAGEN_WF03_M05_FULL_REBUILD_CONTROLLED_v1.3_FULL_VERSION.zip!01_FULL_V1.2_RETAINED/14_M05_QA_FULL_v1.2.md,1150,60ab10879ff1f725a8d43d5e9b453714cd019bc694fe71bd9bdbaba83c0e64f1
M01-M15 new recon(20260907-081753).zip,1,RUMAHAGEN_WF03_M06_FULL_REBUILD_CONTROLLED_v1.5_FULL_VERSION.zip!source_extracts/RECON/RUMAHAGEN_WF03_M03_FULL_REBUILD_v1.3_QIR_INTEGRATED_CONTROLLED.zip,161796,b9e484c35d3cc997f791510ba10a5eeef0e851030a424699fff790b8317e76ca
M01-M15 new recon(20260907-081753).zip,2,RUMAHAGEN_WF03_M06_FULL_REBUILD_CONTROLLED_v1.5_FULL_VERSION.zip!source_extracts/RECON/RUMAHAGEN_WF03_M03_FULL_REBUILD_v1.3_QIR_INTEGRATED_CONTROLLED.zip!15_M03_QA_COMPLETION_CONTROLLED_v1.3.md,1396,c2a161abd7ee786113a8a1d8db7e293e4c7b0745fc4884697a78ff76323c0f00
M01-M15 new recon(20260907-081753).zip,2,RUMAHAGEN_WF03_M06_FULL_REBUILD_CONTROLLED_v1.5_FULL_VERSION.zip!source_extracts/RECON/RUMAHAGEN_WF03_M03_FULL_REBUILD_v1.3_QIR_INTEGRATED_CONTROLLED.zip!MANIFEST_M03_FULL_REBUILD_v1.3.md,1148,9a72ff3191e16efd885522b81e1c1ebdb124ca80f09f3c21e8031f9f2547df58
M01-M15 new recon(20260907-081753).zip,2,RUMAHAGEN_WF03_M06_FULL_REBUILD_CONTROLLED_v1.5_FULL_VERSION.zip!source_extracts/RECON/RUMAHAGEN_WF03_M03_FULL_REBUILD_v1.3_QIR_INTEGRATED_CONTROLLED.zip!09_M03_SEARCH_CONTRACT_FULL_v1.3.md,1635,8b88d97ee61f222d30336e49d9792513d59395fad2655db35f365ca7b5457a71
M01-M15 new recon(20260907-081753).zip,2,RUMAHAGEN_WF03_M06_FULL_REBUILD_CONTROLLED_v1.5_FULL_VERSION.zip!source_extracts/RECON/RUMAHAGEN_WF03_M03_FULL_REBUILD_v1.3_QIR_INTEGRATED_CONTROLLED.zip!17_M03_QIR_INTEGRATION_PROVENANCE_v1.3.md,1605,ee95baced7b6a41e2bd7fe067db3b07c208b816382d1b4ae5f54a32cd3a76e39
M01-M15 new recon(20260907-081753).zip,2,RUMAHAGEN_WF03_M06_FULL_REBUILD_CONTROLLED_v1.5_FULL_VERSION.zip!source_extracts/RECON/RUMAHAGEN_WF03_M03_FULL_REBUILD_v1.3_QIR_INTEGRATED_CONTROLLED.zip!02_M03_PERMISSION_MATRIX_FULL_v1.3.xlsx,8231,055b82e2f0c0afbc692653dc63ff52857556a21b49f25d9b796434109a9eae13
M01-M15 new recon(20260907-081753).zip,2,RUMAHAGEN_WF03_M06_FULL_REBUILD_CONTROLLED_v1.5_FULL_VERSION.zip!source_extracts/RECON/RUMAHAGEN_WF03_M03_FULL_REBUILD_v1.3_QIR_INTEGRATED_CONTROLLED.zip!11_M03_PHYSICAL_RUNTIME_STATUS_FULL_v1.3.md,1346,ddcf7ff72551e43765665754443ad95e9ebae2518d99980e302ecf56fc5df73a
M01-M15 new recon(20260907-081753).zip,2,RUMAHAGEN_WF03_M06_FULL_REBUILD_CONTROLLED_v1.5_FULL_VERSION.zip!source_extracts/RECON/RUMAHAGEN_WF03_M03_FULL_REBUILD_v1.3_QIR_INTEGRATED_CONTROLLED.zip!01_M03_QUESTION_INVENTORY_FULL_v1.3.csv,14733,7ebcbdd2b8989e0c57a981f28add726ae7b046b74d6e0118e58eeae895cbc88d
M01-M15 new recon(20260907-081753).zip,2,RUMAHAGEN_WF03_M06_FULL_REBUILD_CONTROLLED_v1.5_FULL_VERSION.zip!source_extracts/RECON/RUMAHAGEN_WF03_M03_FULL_REBUILD_v1.3_QIR_INTEGRATED_CONTROLLED.zip!README_CONTROLLED_OUTPUT_v1.3.md,1358,6324296237781583dc4c164b90569d0daa4556d64edbfb3b4c7ef15bcf72875a
M01-M15 new recon(20260907-081753).zip,2,RUMAHAGEN_WF03_M06_FULL_REBUILD_CONTROLLED_v1.5_FULL_VERSION.zip!source_extracts/RECON/RUMAHAGEN_WF03_M03_FULL_REBUILD_v1.3_QIR_INTEGRATED_CONTROLLED.zip!05_M03_CROSS_ARTIFACT_RECONCILIATION_FULL_v1.3.md,2047,3e80c41639a4a5b1bd36565a3b4dfcd3a6e6b6e41b49c8d90dd9ae365e4ce04e
M01-M15 new recon(20260907-081753).zip,2,RUMAHAGEN_WF03_M06_FULL_REBUILD_CONTROLLED_v1.5_FULL_VERSION.zip!source_extracts/RECON/RUMAHAGEN_WF03_M03_FULL_REBUILD_v1.3_QIR_INTEGRATED_CONTROLLED.zip!04_M03_SEMANTIC_LIFECYCLE_AUTHORITY_FULL_v1.3.md,3651,d237ceef14e3ffdcbbef81163d9758aa98e94a6e273124c7d3be8713fb8c21fc
M01-M15 new recon(20260907-081753).zip,2,RUMAHAGEN_WF03_M06_FULL_REBUILD_CONTROLLED_v1.5_FULL_VERSION.zip!source_extracts/RECON/RUMAHAGEN_WF03_M03_FULL_REBUILD_v1.3_QIR_INTEGRATED_CONTROLLED.zip!07_M03_RBAC_RLS_CONTRACT_FULL_v1.3.md,1468,09d31f650c0cc476741119d75206b283abf22605e2bec9a76ea47347389a2ed9
M01-M15 new recon(20260907-081753).zip,2,RUMAHAGEN_WF03_M06_FULL_REBUILD_CONTROLLED_v1.5_FULL_VERSION.zip!source_extracts/RECON/RUMAHAGEN_WF03_M03_FULL_REBUILD_v1.3_QIR_INTEGRATED_CONTROLLED.zip!06_M03_API_CONTRACT_FULL_v1.3.md,1992,5b1299f701cbb3dd0d8e5f3ba041e619d5a584c0401578469d60e7e7013746e8
M01-M15 new recon(20260907-081753).zip,2,RUMAHAGEN_WF03_M06_FULL_REBUILD_CONTROLLED_v1.5_FULL_VERSION.zip!source_extracts/RECON/RUMAHAGEN_WF03_M03_FULL_REBUILD_v1.3_QIR_INTEGRATED_CONTROLLED.zip!08_M03_SCHEMA_ERD_RECONCILIATION_FULL_v1.3.sql,662,ce83c094d6914d06ce71d88de776cda62a39ee4dc047b294558c08fbcdb6e7bd
M01-M15 new recon(20260907-081753).zip,2,RUMAHAGEN_WF03_M06_FULL_REBUILD_CONTROLLED_v1.5_FULL_VERSION.zip!source_extracts/RECON/RUMAHAGEN_WF03_M03_FULL_REBUILD_v1.3_QIR_INTEGRATED_CONTROLLED.zip!00_M03_REBUILD_CONTROL_REPORT_v1.3.md,4607,cc0fe9bdeff48456a3010936fdadeba7ceb338ccded2f46b46c4a6d551b08285
M01-M15 new recon(20260907-081753).zip,2,RUMAHAGEN_WF03_M06_FULL_REBUILD_CONTROLLED_v1.5_FULL_VERSION.zip!source_extracts/RECON/RUMAHAGEN_WF03_M03_FULL_REBUILD_v1.3_QIR_INTEGRATED_CONTROLLED.zip!16_WF03_MASTER_PROGRESS_M01-M15_v1.8_M03_QIR_INTEGRATED.xlsx,29255,eba4a88d5d22fa972654e78c1a3ae4ffe3c4fa07103a82b39b749f1435401ed2
M01-M15 new recon(20260907-081753).zip,2,RUMAHAGEN_WF03_M06_FULL_REBUILD_CONTROLLED_v1.5_FULL_VERSION.zip!source_extracts/RECON/RUMAHAGEN_WF03_M03_FULL_REBUILD_v1.3_QIR_INTEGRATED_CONTROLLED.zip!01_M03_QUESTION_INVENTORY_FULL_v1.3.xlsx,10724,9038cefe60b2982db6cc081355d1262c16a4df852b1199eca0b732e6fa6d40ef
M01-M15 new recon(20260907-081753).zip,2,RUMAHAGEN_WF03_M06_FULL_REBUILD_CONTROLLED_v1.5_FULL_VERSION.zip!source_extracts/RECON/RUMAHAGEN_WF03_M03_FULL_REBUILD_v1.3_QIR_INTEGRATED_CONTROLLED.zip!13_M03_MEDIA_THUMBNAIL_DERIVATIVE_CONTRACT_FULL_v1.3.md,1664,de6aea2c25f5a253264419b55b0559e8f9747381806d00180a349d409de04b25
M01-M15 new recon(20260907-081753).zip,2,RUMAHAGEN_WF03_M06_FULL_REBUILD_CONTROLLED_v1.5_FULL_VERSION.zip!source_extracts/RECON/RUMAHAGEN_WF03_M03_FULL_REBUILD_v1.3_QIR_INTEGRATED_CONTROLLED.zip!03_M03_PERMISSION_MATRIX_FULL_v1.3.csv,2976,99dfeae307ee98b5feeb954772740e79dd2f096eed0cfcb16034df5c1af3fc43
M01-M15 new recon(20260907-081753).zip,2,RUMAHAGEN_WF03_M06_FULL_REBUILD_CONTROLLED_v1.5_FULL_VERSION.zip!source_extracts/RECON/RUMAHAGEN_WF03_M03_FULL_REBUILD_v1.3_QIR_INTEGRATED_CONTROLLED.zip!10_M03_UI_UX_USER_FLOW_FULL_v1.3.md,1632,8088db4f7266fc022960ff19b9f2aca8e473a7ab20eb294a5bd79992d6eee86a
M01-M15 new recon(20260907-081753).zip,2,RUMAHAGEN_WF03_M06_FULL_REBUILD_CONTROLLED_v1.5_FULL_VERSION.zip!source_extracts/RECON/RUMAHAGEN_WF03_M03_FULL_REBUILD_v1.3_QIR_INTEGRATED_CONTROLLED.zip!14_M03_DISTRICT_REFRESH_POSITIONING_CONTRACT_FULL_v1.3.md,1518,cfd64dc6285dc1a6f0db4aa703ffc412eaf24dfb2c116f20af8a76ce4ea3e3ea
M01-M15 new recon(20260907-081753).zip,2,RUMAHAGEN_WF03_M06_FULL_REBUILD_CONTROLLED_v1.5_FULL_VERSION.zip!source_extracts/RECON/RUMAHAGEN_WF03_M03_FULL_REBUILD_v1.3_QIR_INTEGRATED_CONTROLLED.zip!_PROVENANCE_QIR_V1.0_SOURCE/01_M03_QUESTION_INVENTORY_RESOLVED_v1.0.xlsx,10960,10acb3cdc93a7a2dcf62228c000bc9b1f88e1a2c838f794ce8add5fe640bec82
M01-M15 new recon(20260907-081753).zip,2,RUMAHAGEN_WF03_M06_FULL_REBUILD_CONTROLLED_v1.5_FULL_VERSION.zip!source_extracts/RECON/RUMAHAGEN_WF03_M03_FULL_REBUILD_v1.3_QIR_INTEGRATED_CONTROLLED.zip!_PROVENANCE_QIR_V1.0_SOURCE/11_M03_PHYSICAL_RUNTIME_STATUS_FULL_v1.2.md,1346,f04d585eb56bbac7b4ae96ff13367809aeff4ed2a3b703a208676d73cb72666d
M01-M15 new recon(20260907-081753).zip,2,RUMAHAGEN_WF03_M06_FULL_REBUILD_CONTROLLED_v1.5_FULL_VERSION.zip!source_extracts/RECON/RUMAHAGEN_WF03_M03_FULL_REBUILD_v1.3_QIR_INTEGRATED_CONTROLLED.zip!_PROVENANCE_QIR_V1.0_SOURCE/08_M03_SCHEMA_ERD_RECONCILIATION_FULL_v1.0.sql,1013,846555669f649b6e9eb2aae9134aded8d09d0992873632d09929b406cf54cd9a
M01-M15 new recon(20260907-081753).zip,2,RUMAHAGEN_WF03_M06_FULL_REBUILD_CONTROLLED_v1.5_FULL_VERSION.zip!source_extracts/RECON/RUMAHAGEN_WF03_M03_FULL_REBUILD_v1.3_QIR_INTEGRATED_CONTROLLED.zip!_PROVENANCE_QIR_V1.0_SOURCE/00_M03_QUESTION_INVENTORY_RESOLUTION_REPORT_v1.0.md,2543,cacde59e135baa32ccbb8013b13272d47ab374ca481fe67e685b544e3accc9a6
M01-M15 new recon(20260907-081753).zip,2,RUMAHAGEN_WF03_M06_FULL_REBUILD_CONTROLLED_v1.5_FULL_VERSION.zip!source_extracts/RECON/RUMAHAGEN_WF03_M03_FULL_REBUILD_v1.3_QIR_INTEGRATED_CONTROLLED.zip!_PROVENANCE_QIR_V1.0_SOURCE/08_M03_SCHEMA_ERD_RECONCILIATION_FULL_v1.2.sql,662,3e1265850c556d0a5be379968439e3d84654619e23479b7599d4ff89d4c34c0e
M01-M15 new recon(20260907-081753).zip,2,RUMAHAGEN_WF03_M06_FULL_REBUILD_CONTROLLED_v1.5_FULL_VERSION.zip!source_extracts/RECON/RUMAHAGEN_WF03_M03_FULL_REBUILD_v1.3_QIR_INTEGRATED_CONTROLLED.zip!_PROVENANCE_QIR_V1.0_SOURCE/MANIFEST_M03_QIR_v1.0.md,965,1fa2b9efd20dee21f6abd546c4e5989d5db875f78972d68ddff42fb7f88e82a4
M01-M15 new recon(20260907-081753).zip,2,RUMAHAGEN_WF03_M06_FULL_REBUILD_CONTROLLED_v1.5_FULL_VERSION.zip!source_extracts/RECON/RUMAHAGEN_WF03_M03_FULL_REBUILD_v1.3_QIR_INTEGRATED_CONTROLLED.zip!_PROVENANCE_QIR_V1.0_SOURCE/05_M03_CROSS_ARTIFACT_RECONCILIATION_FULL_v1.2.md,2047,97b5a1d742b8c19104464fa4b7ad31dac3de83693e1a1bb3d989f07c891ef660
M01-M15 new recon(20260907-081753).zip,2,RUMAHAGEN_WF03_M06_FULL_REBUILD_CONTROLLED_v1.5_FULL_VERSION.zip!source_extracts/RECON/RUMAHAGEN_WF03_M03_FULL_REBUILD_v1.3_QIR_INTEGRATED_CONTROLLED.zip!_PROVENANCE_QIR_V1.0_SOURCE/14_M03_DISTRICT_REFRESH_POSITIONING_CONTRACT_FULL_v1.2.md,1518,47f7549ff7d6a0c8149336f9ea8636d86100dde5888a9b2417b07ca9b8300e2f
M01-M15 new recon(20260907-081753).zip,2,RUMAHAGEN_WF03_M06_FULL_REBUILD_CONTROLLED_v1.5_FULL_VERSION.zip!source_extracts/RECON/RUMAHAGEN_WF03_M03_FULL_REBUILD_v1.3_QIR_INTEGRATED_CONTROLLED.zip!_PROVENANCE_QIR_V1.0_SOURCE/MANIFEST_v1.2.md,889,4dd81fc1d0e9c94ea2f18988069d42a5b5e79253fc33335421231b799d5f3e8b
M01-M15 new recon(20260907-081753).zip,2,RUMAHAGEN_WF03_M06_FULL_REBUILD_CONTROLLED_v1.5_FULL_VERSION.zip!source_extracts/RECON/RUMAHAGEN_WF03_M03_FULL_REBUILD_v1.3_QIR_INTEGRATED_CONTROLLED.zip!_PROVENANCE_QIR_V1.0_SOURCE/04_M03_SEMANTIC_LIFECYCLE_AUTHORITY_RESOLVED_v1.0.md,3834,7c6ab09ad4495bc656b7e3bc5799f3bef4894ad0e5331bcead49a4833ea7ae20
M01-M15 new recon(20260907-081753).zip,2,RUMAHAGEN_WF03_M06_FULL_REBUILD_CONTROLLED_v1.5_FULL_VERSION.zip!source_extracts/RECON/RUMAHAGEN_WF03_M03_FULL_REBUILD_v1.3_QIR_INTEGRATED_CONTROLLED.zip!_PROVENANCE_QIR_V1.0_SOURCE/01_M03_QUESTION_INVENTORY_RESOLVED_v1.0.csv,12262,d55245642ba7edbc425af1c55b83ce3de712b49ad77c579c0d1361bde55d4d4d
M01-M15 new recon(20260907-081753).zip,2,RUMAHAGEN_WF03_M06_FULL_REBUILD_CONTROLLED_v1.5_FULL_VERSION.zip!source_extracts/RECON/RUMAHAGEN_WF03_M03_FULL_REBUILD_v1.3_QIR_INTEGRATED_CONTROLLED.zip!_PROVENANCE_QIR_V1.0_SOURCE/README_CONTROLLED_OUTPUT_v1.2.md,1198,716f12d89786ffaf61a6d2d5f29ad4fd8156b85d4c75c47b3a327d03d673cf4a
M01-M15 new recon(20260907-081753).zip,2,RUMAHAGEN_WF03_M06_FULL_REBUILD_CONTROLLED_v1.5_FULL_VERSION.zip!source_extracts/RECON/RUMAHAGEN_WF03_M03_FULL_REBUILD_v1.3_QIR_INTEGRATED_CONTROLLED.zip!_PROVENANCE_QIR_V1.0_SOURCE/03_M03_PERMISSION_MATRIX_FULL_v1.2.csv,3290,e990ded819f7ad539ce9f1daab3d00ec13a5296183300b9e7ba64232a7e93f34
M01-M15 new recon(20260907-081753).zip,2,RUMAHAGEN_WF03_M06_FULL_REBUILD_CONTROLLED_v1.5_FULL_VERSION.zip!source_extracts/RECON/RUMAHAGEN_WF03_M03_FULL_REBUILD_v1.3_QIR_INTEGRATED_CONTROLLED.zip!_PROVENANCE_QIR_V1.0_SOURCE/02_M03_PERMISSION_MATRIX_RESOLVED_v1.0.xlsx,8231,5f4bdff6411198fb2a35bf88bc16d15f726bf0aafd3f4a4c0cfd271abaf35ee9
M01-M15 new recon(20260907-081753).zip,2,RUMAHAGEN_WF03_M06_FULL_REBUILD_CONTROLLED_v1.5_FULL_VERSION.zip!source_extracts/RECON/RUMAHAGEN_WF03_M03_FULL_REBUILD_v1.3_QIR_INTEGRATED_CONTROLLED.zip!_PROVENANCE_QIR_V1.0_SOURCE/10_M03_UI_UX_USER_FLOW_FULL_v1.2.md,1632,09639adb4f8e01e6ddaa109a17e66a00f9ce0f2fc9e715609f271255c369f610
M01-M15 new recon(20260907-081753).zip,2,RUMAHAGEN_WF03_M06_FULL_REBUILD_CONTROLLED_v1.5_FULL_VERSION.zip!source_extracts/RECON/RUMAHAGEN_WF03_M03_FULL_REBUILD_v1.3_QIR_INTEGRATED_CONTROLLED.zip!_PROVENANCE_QIR_V1.0_SOURCE/15_M03_QA_COMPLETION_CONTROLLED_v1.2.md,1396,e0a2c95114e9773552a013e3b535818667409bf4791a2946ae8cbf1d86d53f38
M01-M15 new recon(20260907-081753).zip,2,RUMAHAGEN_WF03_M06_FULL_REBUILD_CONTROLLED_v1.5_FULL_VERSION.zip!source_extracts/RECON/RUMAHAGEN_WF03_M03_FULL_REBUILD_v1.3_QIR_INTEGRATED_CONTROLLED.zip!_PROVENANCE_QIR_V1.0_SOURCE/00_M03_REBUILD_CONTROL_REPORT_v1.2.md,4607,f02ca75459fdf42ebfe5ce9af63f33e2ed038587a21aa41f7ac5583bebf7c4bb
M01-M15 new recon(20260907-081753).zip,2,RUMAHAGEN_WF03_M06_FULL_REBUILD_CONTROLLED_v1.5_FULL_VERSION.zip!source_extracts/RECON/RUMAHAGEN_WF03_M03_FULL_REBUILD_v1.3_QIR_INTEGRATED_CONTROLLED.zip!_PROVENANCE_QIR_V1.0_SOURCE/09_M03_SEARCH_CONTRACT_RESOLVED_v1.0.md,1665,6b015b4ec40f4af741b8ef372c12cf5c38997ad279630df9c5a28bfd59a135bd
M01-M15 new recon(20260907-081753).zip,2,RUMAHAGEN_WF03_M06_FULL_REBUILD_CONTROLLED_v1.5_FULL_VERSION.zip!source_extracts/RECON/RUMAHAGEN_WF03_M03_FULL_REBUILD_v1.3_QIR_INTEGRATED_CONTROLLED.zip!_PROVENANCE_QIR_V1.0_SOURCE/06_M03_API_CONTRACT_FULL_v1.2.md,1992,7b89a05f96fea587c1390dce4a7276986e04ba5f8b2833ef2a020f037a104812
M01-M15 new recon(20260907-081753).zip,2,RUMAHAGEN_WF03_M06_FULL_REBUILD_CONTROLLED_v1.5_FULL_VERSION.zip!source_extracts/RECON/RUMAHAGEN_WF03_M03_FULL_REBUILD_v1.3_QIR_INTEGRATED_CONTROLLED.zip!_PROVENANCE_QIR_V1.0_SOURCE/13_M03_MEDIA_THUMBNAIL_DERIVATIVE_CONTRACT_FULL_v1.2.md,1664,ef6b046ac3c6896be9860f034832cc455a1efd8ab53e959acc9c9edd033cbfbe
M01-M15 new recon(20260907-081753).zip,2,RUMAHAGEN_WF03_M06_FULL_REBUILD_CONTROLLED_v1.5_FULL_VERSION.zip!source_extracts/RECON/RUMAHAGEN_WF03_M03_FULL_REBUILD_v1.3_QIR_INTEGRATED_CONTROLLED.zip!_PROVENANCE_QIR_V1.0_SOURCE/16_WF03_MASTER_PROGRESS_M01-M15_v1.7_M03_QIR_COMPLETE.xlsx,29256,bdbaf8f992d9887a4d57b4570436cf21f16605f109c8e60aa45959e0433412c4
M01-M15 new recon(20260907-081753).zip,2,RUMAHAGEN_WF03_M06_FULL_REBUILD_CONTROLLED_v1.5_FULL_VERSION.zip!source_extracts/RECON/RUMAHAGEN_WF03_M03_FULL_REBUILD_v1.3_QIR_INTEGRATED_CONTROLLED.zip!_PROVENANCE_M03_V1.2_ORIGINAL/01_M03_QUESTION_INVENTORY_FULL_v1.2.csv,11442,654d03bbfec99b2daeea2387aa56d61b779fcd04eea8a52cab9f6718698192af
M01-M15 new recon(20260907-081753).zip,2,RUMAHAGEN_WF03_M06_FULL_REBUILD_CONTROLLED_v1.5_FULL_VERSION.zip!source_extracts/RECON/RUMAHAGEN_WF03_M03_FULL_REBUILD_v1.3_QIR_INTEGRATED_CONTROLLED.zip!_PROVENANCE_M03_V1.2_ORIGINAL/01_M03_QUESTION_INVENTORY_FULL_v1.2.xlsx,10816,a74a6be6e48b3234201a71a9993d4779b5b1476128794d0b1a133c5bc327f5b0
M01-M15 new recon(20260907-081753).zip,2,RUMAHAGEN_WF03_M06_FULL_REBUILD_CONTROLLED_v1.5_FULL_VERSION.zip!source_extracts/RECON/RUMAHAGEN_WF03_M03_FULL_REBUILD_v1.3_QIR_INTEGRATED_CONTROLLED.zip!_PROVENANCE_M03_V1.2_ORIGINAL/11_M03_PHYSICAL_RUNTIME_STATUS_FULL_v1.2.md,1346,f04d585eb56bbac7b4ae96ff13367809aeff4ed2a3b703a208676d73cb72666d
M01-M15 new recon(20260907-081753).zip,2,RUMAHAGEN_WF03_M06_FULL_REBUILD_CONTROLLED_v1.5_FULL_VERSION.zip!source_extracts/RECON/RUMAHAGEN_WF03_M03_FULL_REBUILD_v1.3_QIR_INTEGRATED_CONTROLLED.zip!_PROVENANCE_M03_V1.2_ORIGINAL/08_M03_SCHEMA_ERD_RECONCILIATION_FULL_v1.0.sql,1013,846555669f649b6e9eb2aae9134aded8d09d0992873632d09929b406cf54cd9a
M01-M15 new recon(20260907-081753).zip,2,RUMAHAGEN_WF03_M06_FULL_REBUILD_CONTROLLED_v1.5_FULL_VERSION.zip!source_extracts/RECON/RUMAHAGEN_WF03_M03_FULL_REBUILD_v1.3_QIR_INTEGRATED_CONTROLLED.zip!_PROVENANCE_M03_V1.2_ORIGINAL/04_M03_SEMANTIC_LIFECYCLE_AUTHORITY_FULL_v1.2.md,3651,e75615d5b2e5f5221c90be6675d952594139d434de7ec46895206fda78222c48
M01-M15 new recon(20260907-081753).zip,2,RUMAHAGEN_WF03_M06_FULL_REBUILD_CONTROLLED_v1.5_FULL_VERSION.zip!source_extracts/RECON/RUMAHAGEN_WF03_M03_FULL_REBUILD_v1.3_QIR_INTEGRATED_CONTROLLED.zip!_PROVENANCE_M03_V1.2_ORIGINAL/08_M03_SCHEMA_ERD_RECONCILIATION_FULL_v1.2.sql,662,3e1265850c556d0a5be379968439e3d84654619e23479b7599d4ff89d4c34c0e
M01-M15 new recon(20260907-081753).zip,2,RUMAHAGEN_WF03_M06_FULL_REBUILD_CONTROLLED_v1.5_FULL_VERSION.zip!source_extracts/RECON/RUMAHAGEN_WF03_M03_FULL_REBUILD_v1.3_QIR_INTEGRATED_CONTROLLED.zip!_PROVENANCE_M03_V1.2_ORIGINAL/05_M03_CROSS_ARTIFACT_RECONCILIATION_FULL_v1.2.md,2047,97b5a1d742b8c19104464fa4b7ad31dac3de83693e1a1bb3d989f07c891ef660
M01-M15 new recon(20260907-081753).zip,2,RUMAHAGEN_WF03_M06_FULL_REBUILD_CONTROLLED_v1.5_FULL_VERSION.zip!source_extracts/RECON/RUMAHAGEN_WF03_M03_FULL_REBUILD_v1.3_QIR_INTEGRATED_CONTROLLED.zip!_PROVENANCE_M03_V1.2_ORIGINAL/07_M03_RBAC_RLS_CONTRACT_FULL_v1.2.md,1468,01509fa3b2025be1c425da46575cbba2491b78203d5061c89a86eb525eab6023
M01-M15 new recon(20260907-081753).zip,2,RUMAHAGEN_WF03_M06_FULL_REBUILD_CONTROLLED_v1.5_FULL_VERSION.zip!source_extracts/RECON/RUMAHAGEN_WF03_M03_FULL_REBUILD_v1.3_QIR_INTEGRATED_CONTROLLED.zip!_PROVENANCE_M03_V1.2_ORIGINAL/14_M03_DISTRICT_REFRESH_POSITIONING_CONTRACT_FULL_v1.2.md,1518,47f7549ff7d6a0c8149336f9ea8636d86100dde5888a9b2417b07ca9b8300e2f
M01-M15 new recon(20260907-081753).zip,2,RUMAHAGEN_WF03_M06_FULL_REBUILD_CONTROLLED_v1.5_FULL_VERSION.zip!source_extracts/RECON/RUMAHAGEN_WF03_M03_FULL_REBUILD_v1.3_QIR_INTEGRATED_CONTROLLED.zip!_PROVENANCE_M03_V1.2_ORIGINAL/09_M03_SEARCH_CONTRACT_FULL_v1.2.md,1635,32a10e17db8958176752ec9be097f66ea53f0551880741f6a3c80c1d0194376a
M01-M15 new recon(20260907-081753).zip,2,RUMAHAGEN_WF03_M06_FULL_REBUILD_CONTROLLED_v1.5_FULL_VERSION.zip!source_extracts/RECON/RUMAHAGEN_WF03_M03_FULL_REBUILD_v1.3_QIR_INTEGRATED_CONTROLLED.zip!_PROVENANCE_M03_V1.2_ORIGINAL/MANIFEST_v1.2.md,889,4dd81fc1d0e9c94ea2f18988069d42a5b5e79253fc33335421231b799d5f3e8b
M01-M15 new recon(20260907-081753).zip,2,RUMAHAGEN_WF03_M06_FULL_REBUILD_CONTROLLED_v1.5_FULL_VERSION.zip!source_extracts/RECON/RUMAHAGEN_WF03_M03_FULL_REBUILD_v1.3_QIR_INTEGRATED_CONTROLLED.zip!_PROVENANCE_M03_V1.2_ORIGINAL/16_WF03_MASTER_PROGRESS_M01-M15_v1.6_M03_COMPLETE.xlsx,29257,26cbed8af28587ba51e3fb01942c52ae502998596fa6cf39ceac1587d773b347
M01-M15 new recon(20260907-081753).zip,2,RUMAHAGEN_WF03_M06_FULL_REBUILD_CONTROLLED_v1.5_FULL_VERSION.zip!source_extracts/RECON/RUMAHAGEN_WF03_M03_FULL_REBUILD_v1.3_QIR_INTEGRATED_CONTROLLED.zip!_PROVENANCE_M03_V1.2_ORIGINAL/README_CONTROLLED_OUTPUT_v1.2.md,1198,716f12d89786ffaf61a6d2d5f29ad4fd8156b85d4c75c47b3a327d03d673cf4a
M01-M15 new recon(20260907-081753).zip,2,RUMAHAGEN_WF03_M06_FULL_REBUILD_CONTROLLED_v1.5_FULL_VERSION.zip!source_extracts/RECON/RUMAHAGEN_WF03_M03_FULL_REBUILD_v1.3_QIR_INTEGRATED_CONTROLLED.zip!_PROVENANCE_M03_V1.2_ORIGINAL/03_M03_PERMISSION_MATRIX_FULL_v1.2.csv,3290,e990ded819f7ad539ce9f1daab3d00ec13a5296183300b9e7ba64232a7e93f34
M01-M15 new recon(20260907-081753).zip,2,RUMAHAGEN_WF03_M06_FULL_REBUILD_CONTROLLED_v1.5_FULL_VERSION.zip!source_extracts/RECON/RUMAHAGEN_WF03_M03_FULL_REBUILD_v1.3_QIR_INTEGRATED_CONTROLLED.zip!_PROVENANCE_M03_V1.2_ORIGINAL/10_M03_UI_UX_USER_FLOW_FULL_v1.2.md,1632,09639adb4f8e01e6ddaa109a17e66a00f9ce0f2fc9e715609f271255c369f610
M01-M15 new recon(20260907-081753).zip,2,RUMAHAGEN_WF03_M06_FULL_REBUILD_CONTROLLED_v1.5_FULL_VERSION.zip!source_extracts/RECON/RUMAHAGEN_WF03_M03_FULL_REBUILD_v1.3_QIR_INTEGRATED_CONTROLLED.zip!_PROVENANCE_M03_V1.2_ORIGINAL/15_M03_QA_COMPLETION_CONTROLLED_v1.2.md,1396,e0a2c95114e9773552a013e3b535818667409bf4791a2946ae8cbf1d86d53f38
M01-M15 new recon(20260907-081753).zip,2,RUMAHAGEN_WF03_M06_FULL_REBUILD_CONTROLLED_v1.5_FULL_VERSION.zip!source_extracts/RECON/RUMAHAGEN_WF03_M03_FULL_REBUILD_v1.3_QIR_INTEGRATED_CONTROLLED.zip!_PROVENANCE_M03_V1.2_ORIGINAL/00_M03_REBUILD_CONTROL_REPORT_v1.2.md,4607,f02ca75459fdf42ebfe5ce9af63f33e2ed038587a21aa41f7ac5583bebf7c4bb
M01-M15 new recon(20260907-081753).zip,2,RUMAHAGEN_WF03_M06_FULL_REBUILD_CONTROLLED_v1.5_FULL_VERSION.zip!source_extracts/RECON/RUMAHAGEN_WF03_M03_FULL_REBUILD_v1.3_QIR_INTEGRATED_CONTROLLED.zip!_PROVENANCE_M03_V1.2_ORIGINAL/02_M03_PERMISSION_MATRIX_FULL_v1.2.xlsx,8343,10068b1fbdb2a8b456ea66a9a2f39820de63624cb00955a36fb595ec37a365f5
M01-M15 new recon(20260907-081753).zip,2,RUMAHAGEN_WF03_M06_FULL_REBUILD_CONTROLLED_v1.5_FULL_VERSION.zip!source_extracts/RECON/RUMAHAGEN_WF03_M03_FULL_REBUILD_v1.3_QIR_INTEGRATED_CONTROLLED.zip!_PROVENANCE_M03_V1.2_ORIGINAL/06_M03_API_CONTRACT_FULL_v1.2.md,1992,7b89a05f96fea587c1390dce4a7276986e04ba5f8b2833ef2a020f037a104812
M01-M15 new recon(20260907-081753).zip,2,RUMAHAGEN_WF03_M06_FULL_REBUILD_CONTROLLED_v1.5_FULL_VERSION.zip!source_extracts/RECON/RUMAHAGEN_WF03_M03_FULL_REBUILD_v1.3_QIR_INTEGRATED_CONTROLLED.zip!_PROVENANCE_M03_V1.2_ORIGINAL/13_M03_MEDIA_THUMBNAIL_DERIVATIVE_CONTRACT_FULL_v1.2.md,1664,ef6b046ac3c6896be9860f034832cc455a1efd8ab53e959acc9c9edd033cbfbe
M01-M15 new recon(20260907-081753).zip,1,RUMAHAGEN_WF03_M06_FULL_REBUILD_CONTROLLED_v1.5_FULL_VERSION.zip!source_extracts/RECON/M04_CORE_IMPACT_ANALYSIS_FULL_v1.0_CONTROLLED.zip,7535,663eabb21c09aa50a82101ffae0d7dad549ed91f1f04a40dedc3760aca28141e
M01-M15 new recon(20260907-081753).zip,2,RUMAHAGEN_WF03_M06_FULL_REBUILD_CONTROLLED_v1.5_FULL_VERSION.zip!source_extracts/RECON/M04_CORE_IMPACT_ANALYSIS_FULL_v1.0_CONTROLLED.zip!08_M04_CORE_INTEGRATION_READINESS.md,376,99d609a1732938416071caae5f150991f0aeb478e4e1d2e79db3be034ff65324
M01-M15 new recon(20260907-081753).zip,2,RUMAHAGEN_WF03_M06_FULL_REBUILD_CONTROLLED_v1.5_FULL_VERSION.zip!source_extracts/RECON/M04_CORE_IMPACT_ANALYSIS_FULL_v1.0_CONTROLLED.zip!05_M04_CORE_REQUIRED_CHANGE_REGISTER.md,565,fc8a9037576ff30c2aa1dd4972b0d6ce1d603dedae43d5e245b786939c386a42
M01-M15 new recon(20260907-081753).zip,2,RUMAHAGEN_WF03_M06_FULL_REBUILD_CONTROLLED_v1.5_FULL_VERSION.zip!source_extracts/RECON/M04_CORE_IMPACT_ANALYSIS_FULL_v1.0_CONTROLLED.zip!04_M04_CORE_DEPENDENCY_IMPACT.md,717,02ead0f52e56f42ca06074587e39701139d755598beac2aadcd7c3e718d6847c
M01-M15 new recon(20260907-081753).zip,2,RUMAHAGEN_WF03_M06_FULL_REBUILD_CONTROLLED_v1.5_FULL_VERSION.zip!source_extracts/RECON/M04_CORE_IMPACT_ANALYSIS_FULL_v1.0_CONTROLLED.zip!03_M04_CORE_PROPAGATION_MATRIX.csv,1122,c332327f80ac5c3f2e9d5e0c71117eb54a31199119a32bba9635dac18ae6d43a
M01-M15 new recon(20260907-081753).zip,2,RUMAHAGEN_WF03_M06_FULL_REBUILD_CONTROLLED_v1.5_FULL_VERSION.zip!source_extracts/RECON/M04_CORE_IMPACT_ANALYSIS_FULL_v1.0_CONTROLLED.zip!09_PROVENANCE.md,394,7fc83b91be813af5443857d4bf2b6fdd1a63cceb102238e8f491d90b7109bdda
M01-M15 new recon(20260907-081753).zip,2,RUMAHAGEN_WF03_M06_FULL_REBUILD_CONTROLLED_v1.5_FULL_VERSION.zip!source_extracts/RECON/M04_CORE_IMPACT_ANALYSIS_FULL_v1.0_CONTROLLED.zip!01_M04_CORE_IMPACT_MATRIX.csv,1689,e225ea1c6385ddfc0e6ba3e32aa450d252cc765a4d659ccc69c0e5d34a65f585
M01-M15 new recon(20260907-081753).zip,2,RUMAHAGEN_WF03_M06_FULL_REBUILD_CONTROLLED_v1.5_FULL_VERSION.zip!source_extracts/RECON/M04_CORE_IMPACT_ANALYSIS_FULL_v1.0_CONTROLLED.zip!07_M04_CORE_QA.md,410,720a7c42650baca6a8a6f1b4808495a037a8d9e6fa1d85334a6c08bd250d2f13
M01-M15 new recon(20260907-081753).zip,2,RUMAHAGEN_WF03_M06_FULL_REBUILD_CONTROLLED_v1.5_FULL_VERSION.zip!source_extracts/RECON/M04_CORE_IMPACT_ANALYSIS_FULL_v1.0_CONTROLLED.zip!02_M04_CORE_CONFLICT_REGISTER.md,9490,de2ce4f66ad5ee4048635348cb19ffafa0d4e98b45be06212fb02c3e0c348f1e
M01-M15 new recon(20260907-081753).zip,2,RUMAHAGEN_WF03_M06_FULL_REBUILD_CONTROLLED_v1.5_FULL_VERSION.zip!source_extracts/RECON/M04_CORE_IMPACT_ANALYSIS_FULL_v1.0_CONTROLLED.zip!01_M04_CORE_IMPACT_MATRIX.md,2267,51694ac6d8e160b9189ab002f9943cf5100fe4174f348b129115325d6aa88c5e
M01-M15 new recon(20260907-081753).zip,2,RUMAHAGEN_WF03_M06_FULL_REBUILD_CONTROLLED_v1.5_FULL_VERSION.zip!source_extracts/RECON/M04_CORE_IMPACT_ANALYSIS_FULL_v1.0_CONTROLLED.zip!06_M04_CORE_AUTHORITY_MAPPING.md,813,8a3b1fb5b8aaf5a1386116ea11ded298253e52bb580106ba4122fa15b285840c
M01-M15 new recon(20260907-081753).zip,2,RUMAHAGEN_WF03_M06_FULL_REBUILD_CONTROLLED_v1.5_FULL_VERSION.zip!source_extracts/RECON/M04_CORE_IMPACT_ANALYSIS_FULL_v1.0_CONTROLLED.zip!10_MANIFEST.md,373,4bd1dbd56e5ec255cd2e8cd84856074f4cee32ec979557e3152695db8ff3d7f9
M01-M15 new recon(20260907-081753).zip,1,RUMAHAGEN_WF03_M06_FULL_REBUILD_CONTROLLED_v1.5_FULL_VERSION.zip!source_extracts/RECON/M03_CORE_IMPACT_ANALYSIS_FULL_v1.0_CONTROLLED.zip,25873,4a91fa049761f2f3aae0373342a5082c125a481c21a45c8368f1aa28795e1ec3
M01-M15 new recon(20260907-081753).zip,2,RUMAHAGEN_WF03_M06_FULL_REBUILD_CONTROLLED_v1.5_FULL_VERSION.zip!source_extracts/RECON/M03_CORE_IMPACT_ANALYSIS_FULL_v1.0_CONTROLLED.zip!00_M03_CORE_IMPACT_EXECUTIVE_SUMMARY_v1.0.md,591,7018405a6b28328143778dc8db578a341fe0e365cbf448fc71646a9c3a19f71c
M01-M15 new recon(20260907-081753).zip,2,RUMAHAGEN_WF03_M06_FULL_REBUILD_CONTROLLED_v1.5_FULL_VERSION.zip!source_extracts/RECON/M03_CORE_IMPACT_ANALYSIS_FULL_v1.0_CONTROLLED.zip!01_M03_CORE_IMPACT_MATRIX_FULL_v1.0.csv,44866,9794fd91286104171cffabf262068b8fcd38599a83d7e1de6409a364833c8dd4
M01-M15 new recon(20260907-081753).zip,2,RUMAHAGEN_WF03_M06_FULL_REBUILD_CONTROLLED_v1.5_FULL_VERSION.zip!source_extracts/RECON/M03_CORE_IMPACT_ANALYSIS_FULL_v1.0_CONTROLLED.zip!01_M03_CORE_IMPACT_MATRIX_FULL_v1.0.xlsx,12128,8bc972cba4bc365c91e83d38dd2c20fdc78dd124b31c1d4b0d5d8578c52638ad
M01-M15 new recon(20260907-081753).zip,2,RUMAHAGEN_WF03_M06_FULL_REBUILD_CONTROLLED_v1.5_FULL_VERSION.zip!source_extracts/RECON/M03_CORE_IMPACT_ANALYSIS_FULL_v1.0_CONTROLLED.zip!02_M03_CORE_CONFLICT_REGISTER_FULL_v1.0.md,2436,a56616e47561fe8fdaddb66d961107067d9073e1fbdf8588552a140c9370e8e6
M01-M15 new recon(20260907-081753).zip,2,RUMAHAGEN_WF03_M06_FULL_REBUILD_CONTROLLED_v1.5_FULL_VERSION.zip!source_extracts/RECON/M03_CORE_IMPACT_ANALYSIS_FULL_v1.0_CONTROLLED.zip!03_M03_CORE_PROPAGATION_MATRIX_FULL_v1.0.csv,2473,6d82ae9c8d072a6bf36b01f38d6f505decbbd9b7e93c504e3c91374cd837434a
M01-M15 new recon(20260907-081753).zip,2,RUMAHAGEN_WF03_M06_FULL_REBUILD_CONTROLLED_v1.5_FULL_VERSION.zip!source_extracts/RECON/M03_CORE_IMPACT_ANALYSIS_FULL_v1.0_CONTROLLED.zip!04_M03_CORE_DEPENDENCY_IMPACT_FULL_v1.0.md,977,9cf8d9b7b3764916470fef4f3906fc2931db577a018d9875f798f19417fe4e55
M01-M15 new recon(20260907-081753).zip,2,RUMAHAGEN_WF03_M06_FULL_REBUILD_CONTROLLED_v1.5_FULL_VERSION.zip!source_extracts/RECON/M03_CORE_IMPACT_ANALYSIS_FULL_v1.0_CONTROLLED.zip!05_M03_CORE_REQUIRED_CHANGE_REGISTER_FULL_v1.0.md,1708,15c09511552930d23539842c3c7d3c28cf4432eebe30f2fc40bc80008d9bae2e
M01-M15 new recon(20260907-081753).zip,2,RUMAHAGEN_WF03_M06_FULL_REBUILD_CONTROLLED_v1.5_FULL_VERSION.zip!source_extracts/RECON/M03_CORE_IMPACT_ANALYSIS_FULL_v1.0_CONTROLLED.zip!06_M03_CORE_AUTHORITY_MAPPING_FULL_v1.0.md,1057,81ef889caac2dc0f5a01ec920e368e2f7ef3bfa534f6d09bc726b9d4dab96a12
M01-M15 new recon(20260907-081753).zip,2,RUMAHAGEN_WF03_M06_FULL_REBUILD_CONTROLLED_v1.5_FULL_VERSION.zip!source_extracts/RECON/M03_CORE_IMPACT_ANALYSIS_FULL_v1.0_CONTROLLED.zip!07_M03_CORE_IMPACT_QA_FULL_v1.0.md,974,471253870f17a0d823fe7615864ebe11ef6c30671b2814fc1889f68b18cb72eb
M01-M15 new recon(20260907-081753).zip,2,RUMAHAGEN_WF03_M06_FULL_REBUILD_CONTROLLED_v1.5_FULL_VERSION.zip!source_extracts/RECON/M03_CORE_IMPACT_ANALYSIS_FULL_v1.0_CONTROLLED.zip!08_M03_CORE_INTEGRATION_READINESS_FULL_v1.0.md,861,d5353d7dd77db3887307c0ee928ee886c7387850e534f1c2bf973d517a423521
M01-M15 new recon(20260907-081753).zip,2,RUMAHAGEN_WF03_M06_FULL_REBUILD_CONTROLLED_v1.5_FULL_VERSION.zip!source_extracts/RECON/M03_CORE_IMPACT_ANALYSIS_FULL_v1.0_CONTROLLED.zip!09_PROVENANCE_M03_CORE_IMPACT_v1.0.md,586,d86f59ca7385a09f79dbaa760af32a8b053941cad2d6312ba5e168ec3bef3f7f
M01-M15 new recon(20260907-081753).zip,2,RUMAHAGEN_WF03_M06_FULL_REBUILD_CONTROLLED_v1.5_FULL_VERSION.zip!source_extracts/RECON/M03_CORE_IMPACT_ANALYSIS_FULL_v1.0_CONTROLLED.zip!10_MANIFEST_M03_CORE_IMPACT_v1.0.md,568,75fd85e3b9523d8fc02a1ddc00f98c11caf8b2f770c9396253345d0254bd5439
M01-M15 new recon(20260907-081753).zip,1,RUMAHAGEN_WF03_M06_FULL_REBUILD_CONTROLLED_v1.5_FULL_VERSION.zip!source_extracts/RECON/WF03_STEP02_FULL_M01-M15_BLOCKER_PREREQUISITE_RETRACE_v1.0.md,11010,53c5b2104a79c8cfa562f18c9446065b9e063284de621a7d2665868895ff4f97
M01-M15 new recon(20260907-081753).zip,1,RUMAHAGEN_WF03_M06_FULL_REBUILD_CONTROLLED_v1.5_FULL_VERSION.zip!source_extracts/RECON/RUMAHAGEN_WF03_M05_QIR_CORRECTION_CONTROLLED_FULL_v1.2.zip,134715,c53ba796721387ac3b88e8b3e4a61798ad2dcb3d0f3103f8fcd6c36610fdef7c
M01-M15 new recon(20260907-081753).zip,2,RUMAHAGEN_WF03_M06_FULL_REBUILD_CONTROLLED_v1.5_FULL_VERSION.zip!source_extracts/RECON/RUMAHAGEN_WF03_M05_QIR_CORRECTION_CONTROLLED_FULL_v1.2.zip!M05_v1.2_BASELINE/11_M05_PERMISSION_MATRIX_FULL_v1.2.csv,585,313bb7e2a1150735acf5784bacdbfcd668602cbcb41cac2c729f07b0f9227d8f
M01-M15 new recon(20260907-081753).zip,2,RUMAHAGEN_WF03_M06_FULL_REBUILD_CONTROLLED_v1.5_FULL_VERSION.zip!source_extracts/RECON/RUMAHAGEN_WF03_M05_QIR_CORRECTION_CONTROLLED_FULL_v1.2.zip!M05_v1.2_BASELINE/10_M05_CONFIGURATION_PROVIDER_FULL_v1.2.md,994,98cefff14739efb2325fac01ef67cdb66ef7dd73e2dcb95c850324f1e57e485f
M01-M15 new recon(20260907-081753).zip,2,RUMAHAGEN_WF03_M06_FULL_REBUILD_CONTROLLED_v1.5_FULL_VERSION.zip!source_extracts/RECON/RUMAHAGEN_WF03_M05_QIR_CORRECTION_CONTROLLED_FULL_v1.2.zip!M05_v1.2_BASELINE/08_M05_CROSS_MODULE_RECONCILIATION_FULL_v1.2.md,468,d7d33ca3a8fddabcbc235f0cb3d8ced1bd223fcf0d75ccf31e9c8a3a43ccc7f3
M01-M15 new recon(20260907-081753).zip,2,RUMAHAGEN_WF03_M06_FULL_REBUILD_CONTROLLED_v1.5_FULL_VERSION.zip!source_extracts/RECON/RUMAHAGEN_WF03_M05_QIR_CORRECTION_CONTROLLED_FULL_v1.2.zip!M05_v1.2_BASELINE/05_M05_PERMISSION_ACTION_REVIEW_FULL_v1.2.md,603,5ed39f103fa02317f3a02d09538d2d5df00f36092571155112dc95baf6529bb0
M01-M15 new recon(20260907-081753).zip,2,RUMAHAGEN_WF03_M06_FULL_REBUILD_CONTROLLED_v1.5_FULL_VERSION.zip!source_extracts/RECON/RUMAHAGEN_WF03_M05_QIR_CORRECTION_CONTROLLED_FULL_v1.2.zip!M05_v1.2_BASELINE/evidence_iframe.md,7107,87e56e7c740da4101035c2337aec782135d9972c3a094d6da1e35fbbc7b67923
M01-M15 new recon(20260907-081753).zip,2,RUMAHAGEN_WF03_M06_FULL_REBUILD_CONTROLLED_v1.5_FULL_VERSION.zip!source_extracts/RECON/RUMAHAGEN_WF03_M05_QIR_CORRECTION_CONTROLLED_FULL_v1.2.zip!M05_v1.2_BASELINE/04_M05_LIFECYCLE_FULL_v1.2.md,959,a6de78784a718927f9795c107a5f8a3d02cb0d5bd073ed954257e350a5d0d2d7
M01-M15 new recon(20260907-081753).zip,2,RUMAHAGEN_WF03_M06_FULL_REBUILD_CONTROLLED_v1.5_FULL_VERSION.zip!source_extracts/RECON/RUMAHAGEN_WF03_M05_QIR_CORRECTION_CONTROLLED_FULL_v1.2.zip!M05_v1.2_BASELINE/evidence_waitinglist.md,8521,632636cf72ddce93215d53df08d7aae1da9f97443c47cc70b1e1c0a7f98ae66e
M01-M15 new recon(20260907-081753).zip,2,RUMAHAGEN_WF03_M06_FULL_REBUILD_CONTROLLED_v1.5_FULL_VERSION.zip!source_extracts/RECON/RUMAHAGEN_WF03_M05_QIR_CORRECTION_CONTROLLED_FULL_v1.2.zip!M05_v1.2_BASELINE/03_M05_SEMANTIC_REVIEW_FULL_v1.2.md,824,5bc5b8c679a1d8cddb7436f24a45d188e2ac0c4033430f539ec66c07fce57f62
M01-M15 new recon(20260907-081753).zip,2,RUMAHAGEN_WF03_M06_FULL_REBUILD_CONTROLLED_v1.5_FULL_VERSION.zip!source_extracts/RECON/RUMAHAGEN_WF03_M05_QIR_CORRECTION_CONTROLLED_FULL_v1.2.zip!M05_v1.2_BASELINE/06_M05_CROSS_ARTIFACT_RECONCILIATION_FULL_v1.2.md,771,d0bc8ec1808f80f3fe60a9653d896d39acb47ca8deda709c37d50adb90c222f6
M01-M15 new recon(20260907-081753).zip,2,RUMAHAGEN_WF03_M06_FULL_REBUILD_CONTROLLED_v1.5_FULL_VERSION.zip!source_extracts/RECON/RUMAHAGEN_WF03_M05_QIR_CORRECTION_CONTROLLED_FULL_v1.2.zip!M05_v1.2_BASELINE/evidence_late_registration.md,8522,5dad927befd76a6385f49a07d5e945c7dac5859f9aabb2e12819b1ad905ea921
M01-M15 new recon(20260907-081753).zip,2,RUMAHAGEN_WF03_M06_FULL_REBUILD_CONTROLLED_v1.5_FULL_VERSION.zip!source_extracts/RECON/RUMAHAGEN_WF03_M05_QIR_CORRECTION_CONTROLLED_FULL_v1.2.zip!M05_v1.2_BASELINE/evidence_quota.md,8997,5739dd0e60bc7d6dbb132bd2fc99307cbae5e641876d514287331dee2229554d
M01-M15 new recon(20260907-081753).zip,2,RUMAHAGEN_WF03_M06_FULL_REBUILD_CONTROLLED_v1.5_FULL_VERSION.zip!source_extracts/RECON/RUMAHAGEN_WF03_M05_QIR_CORRECTION_CONTROLLED_FULL_v1.2.zip!M05_v1.2_BASELINE/15_M05_MANIFEST_CONTROLLED_v1.2.md,527,8ac8db02b06f6244c19d45a1fadfa51979200e14f78bca1226d03680a6d52346
M01-M15 new recon(20260907-081753).zip,2,RUMAHAGEN_WF03_M06_FULL_REBUILD_CONTROLLED_v1.5_FULL_VERSION.zip!source_extracts/RECON/RUMAHAGEN_WF03_M05_QIR_CORRECTION_CONTROLLED_FULL_v1.2.zip!M05_v1.2_BASELINE/01_M05_SOURCE_INVENTORY_100PCT_v1.2.md,331,d0dce5dec2063a77ae9e8d4a70c156055d2074d523459c51ce858372ec6b08b8
M01-M15 new recon(20260907-081753).zip,2,RUMAHAGEN_WF03_M06_FULL_REBUILD_CONTROLLED_v1.5_FULL_VERSION.zip!source_extracts/RECON/RUMAHAGEN_WF03_M05_QIR_CORRECTION_CONTROLLED_FULL_v1.2.zip!M05_v1.2_BASELINE/12_M05_FULL_FIELD_CONFIGURATION_PERMISSION_MATRIX_v1.2.xlsx,8960,cd1ca9ea4b5b61e66cdcbc9c8e4b376c8264954153921cc3c52df94660e7cf0d
M01-M15 new recon(20260907-081753).zip,2,RUMAHAGEN_WF03_M06_FULL_REBUILD_CONTROLLED_v1.5_FULL_VERSION.zip!source_extracts/RECON/RUMAHAGEN_WF03_M05_QIR_CORRECTION_CONTROLLED_FULL_v1.2.zip!M05_v1.2_BASELINE/13_M05_EVIDENCE_PROVENANCE_AND_DIFF_v1.2.md,1658,8e44d24df3826d67914b95435702eb6ef3283a5accbc30cce60161b1473ef4ce
M01-M15 new recon(20260907-081753).zip,2,RUMAHAGEN_WF03_M06_FULL_REBUILD_CONTROLLED_v1.5_FULL_VERSION.zip!source_extracts/RECON/RUMAHAGEN_WF03_M05_QIR_CORRECTION_CONTROLLED_FULL_v1.2.zip!M05_v1.2_BASELINE/07_M05_PHYSICAL_RUNTIME_PREREQUISITE_REVIEW_FULL_v1.2.md,576,c989b648afb1dbf8d0f83b8dea57d9902b246fe24957b3dbdd178c7aed59d616
M01-M15 new recon(20260907-081753).zip,2,RUMAHAGEN_WF03_M06_FULL_REBUILD_CONTROLLED_v1.5_FULL_VERSION.zip!source_extracts/RECON/RUMAHAGEN_WF03_M05_QIR_CORRECTION_CONTROLLED_FULL_v1.2.zip!M05_v1.2_BASELINE/01_M05_SOURCE_INVENTORY_100PCT_v1.2.csv,67454,2f281b81c85297dbf006fc7967c4786b87989d2323ad17c51e2cabb559d9c24d
M01-M15 new recon(20260907-081753).zip,2,RUMAHAGEN_WF03_M06_FULL_REBUILD_CONTROLLED_v1.5_FULL_VERSION.zip!source_extracts/RECON/RUMAHAGEN_WF03_M05_QIR_CORRECTION_CONTROLLED_FULL_v1.2.zip!M05_v1.2_BASELINE/16_M05_FULL_REBUILD_CONTROLLED_v1.2.docx,38911,3f6fd5e26ba3be8c62abd83d5fcf23a691d2ed0249457839e2e91eda6728a5a1
M01-M15 new recon(20260907-081753).zip,2,RUMAHAGEN_WF03_M06_FULL_REBUILD_CONTROLLED_v1.5_FULL_VERSION.zip!source_extracts/RECON/RUMAHAGEN_WF03_M05_QIR_CORRECTION_CONTROLLED_FULL_v1.2.zip!M05_v1.2_BASELINE/09_M05_ACTOR_SURFACE_FULL_v1.2.md,632,c83720852629c84182c81579f44e1822a11d66ec2286806adf7fcddcf0683acd
M01-M15 new recon(20260907-081753).zip,2,RUMAHAGEN_WF03_M06_FULL_REBUILD_CONTROLLED_v1.5_FULL_VERSION.zip!source_extracts/RECON/RUMAHAGEN_WF03_M05_QIR_CORRECTION_CONTROLLED_FULL_v1.2.zip!M05_v1.2_BASELINE/evidence_attendance.md,8385,96168cb862f58dc1aa5c88ff12e9bb2bea6a9203eae8c7019c45e9bc61e790ce
M01-M15 new recon(20260907-081753).zip,2,RUMAHAGEN_WF03_M06_FULL_REBUILD_CONTROLLED_v1.5_FULL_VERSION.zip!source_extracts/RECON/RUMAHAGEN_WF03_M05_QIR_CORRECTION_CONTROLLED_FULL_v1.2.zip!M05_v1.2_BASELINE/02_M05_QUESTION_INVENTORY_FULL_v1.2.md,237,0ead9d51ce5c3ccc45f9a7ef3ce107190b3906829753befec4049c23df906a19
M01-M15 new recon(20260907-081753).zip,2,RUMAHAGEN_WF03_M06_FULL_REBUILD_CONTROLLED_v1.5_FULL_VERSION.zip!source_extracts/RECON/RUMAHAGEN_WF03_M05_QIR_CORRECTION_CONTROLLED_FULL_v1.2.zip!M05_v1.2_BASELINE/00_M05_FULL_REBUILD_CONTROL_REPORT_v1.2.md,1490,2afae2a74dc5cb686cebff9e8bef85291feb0086c7580a46759114ab349f0e72
M01-M15 new recon(20260907-081753).zip,2,RUMAHAGEN_WF03_M06_FULL_REBUILD_CONTROLLED_v1.5_FULL_VERSION.zip!source_extracts/RECON/RUMAHAGEN_WF03_M05_QIR_CORRECTION_CONTROLLED_FULL_v1.2.zip!M05_v1.2_BASELINE/evidence_fields.md,8908,b3848bb521559a614af5d5a047c90e2628e62b4ed2b70b86d98e1714c2dadc3b
M01-M15 new recon(20260907-081753).zip,2,RUMAHAGEN_WF03_M06_FULL_REBUILD_CONTROLLED_v1.5_FULL_VERSION.zip!source_extracts/RECON/RUMAHAGEN_WF03_M05_QIR_CORRECTION_CONTROLLED_FULL_v1.2.zip!M05_v1.2_BASELINE/02_M05_QUESTION_INVENTORY_FULL_v1.2.csv,2321,d87f8242e029d255f930f16db9360243f3e24c04e0f020f4ca739467f3c9a1ec
M01-M15 new recon(20260907-081753).zip,2,RUMAHAGEN_WF03_M06_FULL_REBUILD_CONTROLLED_v1.5_FULL_VERSION.zip!source_extracts/RECON/RUMAHAGEN_WF03_M05_QIR_CORRECTION_CONTROLLED_FULL_v1.2.zip!M05_v1.2_BASELINE/evidence_provider.md,8501,6edaab09e2c2d6284da1f1846448cae2049c0bbee22892a44d162b4cf00919db
M01-M15 new recon(20260907-081753).zip,2,RUMAHAGEN_WF03_M06_FULL_REBUILD_CONTROLLED_v1.5_FULL_VERSION.zip!source_extracts/RECON/RUMAHAGEN_WF03_M05_QIR_CORRECTION_CONTROLLED_FULL_v1.2.zip!M05_v1.2_BASELINE/14_M05_QA_FULL_v1.2.md,1150,60ab10879ff1f725a8d43d5e9b453714cd019bc694fe71bd9bdbaba83c0e64f1
M01-M15 new recon(20260907-081753).zip,2,RUMAHAGEN_WF03_M06_FULL_REBUILD_CONTROLLED_v1.5_FULL_VERSION.zip!source_extracts/RECON/RUMAHAGEN_WF03_M05_QIR_CORRECTION_CONTROLLED_FULL_v1.2.zip!M05_QIR_CORRECTION_v1.2/04_M05_QIR_PROVIDER_VALIDATION_CORRECTED_FULL.md,774,8912b94d832a5935e516b0e9b6d8f07f11f60a94a06dd1be309428ba677bf413
M01-M15 new recon(20260907-081753).zip,2,RUMAHAGEN_WF03_M06_FULL_REBUILD_CONTROLLED_v1.5_FULL_VERSION.zip!source_extracts/RECON/RUMAHAGEN_WF03_M05_QIR_CORRECTION_CONTROLLED_FULL_v1.2.zip!M05_QIR_CORRECTION_v1.2/10_M05_QIR_DOCUMENTARY_BLOCKERS_CORRECTED_FULL.md,710,1d9aba2ac3631ca08b73a1283220a175116697f42e734c69623d0e062f687dd9
M01-M15 new recon(20260907-081753).zip,2,RUMAHAGEN_WF03_M06_FULL_REBUILD_CONTROLLED_v1.5_FULL_VERSION.zip!source_extracts/RECON/RUMAHAGEN_WF03_M05_QIR_CORRECTION_CONTROLLED_FULL_v1.2.zip!M05_QIR_CORRECTION_v1.2/00_M05_QIR_CORRECTION_CONTROLLED_v1.2.md,3445,67fb3dc81fb2ed765ca936c6ef8cfd934cdd6dc54d7aa26f85e7355d493d6c1a
M01-M15 new recon(20260907-081753).zip,2,RUMAHAGEN_WF03_M06_FULL_REBUILD_CONTROLLED_v1.5_FULL_VERSION.zip!source_extracts/RECON/RUMAHAGEN_WF03_M05_QIR_CORRECTION_CONTROLLED_FULL_v1.2.zip!M05_QIR_CORRECTION_v1.2/11_M05_QIR_FINAL_FINDINGS_CORRECTED_FULL.md,726,5dc02dcaf61f26873022a0e173f106d7cf633128df540adbd14ca7ccef06a176
M01-M15 new recon(20260907-081753).zip,2,RUMAHAGEN_WF03_M06_FULL_REBUILD_CONTROLLED_v1.5_FULL_VERSION.zip!source_extracts/RECON/RUMAHAGEN_WF03_M05_QIR_CORRECTION_CONTROLLED_FULL_v1.2.zip!M05_QIR_CORRECTION_v1.2/12_M05_QIR_QA_CORRECTED_FULL.md,963,790d28b5a3dffa8dcea8382e8bed29ce66138489c0fc36a5de92a50a3f7574b5
M01-M15 new recon(20260907-081753).zip,2,RUMAHAGEN_WF03_M06_FULL_REBUILD_CONTROLLED_v1.5_FULL_VERSION.zip!source_extracts/RECON/RUMAHAGEN_WF03_M05_QIR_CORRECTION_CONTROLLED_FULL_v1.2.zip!M05_QIR_CORRECTION_v1.2/06_M05_QIR_LIFECYCLE_VALIDATION_CORRECTED_FULL.md,804,5ac2d971d2a19a0a0bcf666069705734aa66d8dd359949505332fa66045affa8
M01-M15 new recon(20260907-081753).zip,2,RUMAHAGEN_WF03_M06_FULL_REBUILD_CONTROLLED_v1.5_FULL_VERSION.zip!source_extracts/RECON/RUMAHAGEN_WF03_M05_QIR_CORRECTION_CONTROLLED_FULL_v1.2.zip!M05_QIR_CORRECTION_v1.2/09_M05_QIR_CROSS_MODULE_VALIDATION_CORRECTED_FULL.md,574,c1c9087dcdd259d4059f80c313ab3d736e79c98c574358e0431bfa417be5d561
M01-M15 new recon(20260907-081753).zip,2,RUMAHAGEN_WF03_M06_FULL_REBUILD_CONTROLLED_v1.5_FULL_VERSION.zip!source_extracts/RECON/RUMAHAGEN_WF03_M05_QIR_CORRECTION_CONTROLLED_FULL_v1.2.zip!M05_QIR_CORRECTION_v1.2/13_M05_QIR_CORRECTION_CONTROLLED_FULL_v1.2.docx,37642,df945684d663f918757ebe30c3a9d152652572ead56730e17f06c484bbe6a701
M01-M15 new recon(20260907-081753).zip,2,RUMAHAGEN_WF03_M06_FULL_REBUILD_CONTROLLED_v1.5_FULL_VERSION.zip!source_extracts/RECON/RUMAHAGEN_WF03_M05_QIR_CORRECTION_CONTROLLED_FULL_v1.2.zip!M05_QIR_CORRECTION_v1.2/03_M05_QIR_BUSINESS_RULE_VALIDATION_CORRECTED_FULL.md,1244,443c2794f3e8c3cac41c6ec97876b17484ec98799c718166df2e82ee6b89bdc1
M01-M15 new recon(20260907-081753).zip,2,RUMAHAGEN_WF03_M06_FULL_REBUILD_CONTROLLED_v1.5_FULL_VERSION.zip!source_extracts/RECON/RUMAHAGEN_WF03_M05_QIR_CORRECTION_CONTROLLED_FULL_v1.2.zip!M05_QIR_CORRECTION_v1.2/07_M05_QIR_PERMISSION_VALIDATION_CORRECTED_FULL.md,542,cbebee490d01f710dc6095904fdc469855333fce08eb9e9779ab0bf5189aa60d
M01-M15 new recon(20260907-081753).zip,2,RUMAHAGEN_WF03_M06_FULL_REBUILD_CONTROLLED_v1.5_FULL_VERSION.zip!source_extracts/RECON/RUMAHAGEN_WF03_M05_QIR_CORRECTION_CONTROLLED_FULL_v1.2.zip!M05_QIR_CORRECTION_v1.2/05_M05_QIR_GUEST_REGISTRATION_VALIDATION_CORRECTED_FULL.md,742,6d7e3fcd04d42201027ca8664b39db5a54c80364c0cb5476ccc5c7ebe06c1584
M01-M15 new recon(20260907-081753).zip,2,RUMAHAGEN_WF03_M06_FULL_REBUILD_CONTROLLED_v1.5_FULL_VERSION.zip!source_extracts/RECON/RUMAHAGEN_WF03_M05_QIR_CORRECTION_CONTROLLED_FULL_v1.2.zip!M05_QIR_CORRECTION_v1.2/08_M05_QIR_CONFIGURATION_VALIDATION_CORRECTED_FULL.md,648,bce63b8290765bf213d57435caaeeacb1aacb4d0eb897294f4e1fa2678dcd872
M01-M15 new recon(20260907-081753).zip,2,RUMAHAGEN_WF03_M06_FULL_REBUILD_CONTROLLED_v1.5_FULL_VERSION.zip!source_extracts/RECON/RUMAHAGEN_WF03_M05_QIR_CORRECTION_CONTROLLED_FULL_v1.2.zip!M05_QIR_CORRECTION_v1.2/02_M05_QIR_RESOLUTION_MATRIX_CORRECTED_FULL.csv,1114,cde79310324c15f2df88a1ac7657ece91f96c00e980b2aa81051e7965d2df047
M01-M15 new recon(20260907-081753).zip,2,RUMAHAGEN_WF03_M06_FULL_REBUILD_CONTROLLED_v1.5_FULL_VERSION.zip!source_extracts/RECON/RUMAHAGEN_WF03_M05_QIR_CORRECTION_CONTROLLED_FULL_v1.2.zip!M05_QIR_CORRECTION_v1.2/01_M05_QIR_QUESTION_INVENTORY_CORRECTED_FULL.csv,2961,261146c3ad75abdf993c5b62c222d32e0a5ebc11ce2248db08c0af30ef669315
M01-M15 new recon(20260907-081753).zip,1,RUMAHAGEN_WF03_M06_FULL_REBUILD_CONTROLLED_v1.5_FULL_VERSION.zip!source_extracts/M03_RECON/_PROVENANCE_QIR_V1.0_SOURCE/00_M03_QUESTION_INVENTORY_RESOLUTION_REPORT_v1.0.md,2543,cacde59e135baa32ccbb8013b13272d47ab374ca481fe67e685b544e3accc9a6
M01-M15 new recon(20260907-081753).zip,1,RUMAHAGEN_WF03_M06_FULL_REBUILD_CONTROLLED_v1.5_FULL_VERSION.zip!source_extracts/M03_RECON/_PROVENANCE_QIR_V1.0_SOURCE/13_M03_MEDIA_THUMBNAIL_DERIVATIVE_CONTRACT_FULL_v1.2.md,1664,ef6b046ac3c6896be9860f034832cc455a1efd8ab53e959acc9c9edd033cbfbe
M01-M15 new recon(20260907-081753).zip,1,RUMAHAGEN_WF03_M06_FULL_REBUILD_CONTROLLED_v1.5_FULL_VERSION.zip!source_extracts/M03_RECON/_PROVENANCE_QIR_V1.0_SOURCE/01_M03_QUESTION_INVENTORY_RESOLVED_v1.0.xlsx,10960,10acb3cdc93a7a2dcf62228c000bc9b1f88e1a2c838f794ce8add5fe640bec82
M01-M15 new recon(20260907-081753).zip,1,RUMAHAGEN_WF03_M06_FULL_REBUILD_CONTROLLED_v1.5_FULL_VERSION.zip!source_extracts/M03_RECON/_PROVENANCE_QIR_V1.0_SOURCE/08_M03_SCHEMA_ERD_RECONCILIATION_FULL_v1.2.sql,662,3e1265850c556d0a5be379968439e3d84654619e23479b7599d4ff89d4c34c0e
M01-M15 new recon(20260907-081753).zip,1,RUMAHAGEN_WF03_M06_FULL_REBUILD_CONTROLLED_v1.5_FULL_VERSION.zip!source_extracts/M03_RECON/_PROVENANCE_QIR_V1.0_SOURCE/02_M03_PERMISSION_MATRIX_RESOLVED_v1.0.xlsx,8231,5f4bdff6411198fb2a35bf88bc16d15f726bf0aafd3f4a4c0cfd271abaf35ee9
M01-M15 new recon(20260907-081753).zip,1,RUMAHAGEN_WF03_M06_FULL_REBUILD_CONTROLLED_v1.5_FULL_VERSION.zip!source_extracts/M03_RECON/_PROVENANCE_QIR_V1.0_SOURCE/11_M03_PHYSICAL_RUNTIME_STATUS_FULL_v1.2.md,1346,f04d585eb56bbac7b4ae96ff13367809aeff4ed2a3b703a208676d73cb72666d
M01-M15 new recon(20260907-081753).zip,1,RUMAHAGEN_WF03_M06_FULL_REBUILD_CONTROLLED_v1.5_FULL_VERSION.zip!source_extracts/M03_RECON/_PROVENANCE_QIR_V1.0_SOURCE/10_M03_UI_UX_USER_FLOW_FULL_v1.2.md,1632,09639adb4f8e01e6ddaa109a17e66a00f9ce0f2fc9e715609f271255c369f610
M01-M15 new recon(20260907-081753).zip,1,RUMAHAGEN_WF03_M06_FULL_REBUILD_CONTROLLED_v1.5_FULL_VERSION.zip!source_extracts/M03_RECON/_PROVENANCE_QIR_V1.0_SOURCE/MANIFEST_M03_QIR_v1.0.md,965,1fa2b9efd20dee21f6abd546c4e5989d5db875f78972d68ddff42fb7f88e82a4
M01-M15 new recon(20260907-081753).zip,1,RUMAHAGEN_WF03_M06_FULL_REBUILD_CONTROLLED_v1.5_FULL_VERSION.zip!source_extracts/M03_RECON/_PROVENANCE_QIR_V1.0_SOURCE/04_M03_SEMANTIC_LIFECYCLE_AUTHORITY_RESOLVED_v1.0.md,3834,7c6ab09ad4495bc656b7e3bc5799f3bef4894ad0e5331bcead49a4833ea7ae20
M01-M15 new recon(20260907-081753).zip,1,RUMAHAGEN_WF03_M06_FULL_REBUILD_CONTROLLED_v1.5_FULL_VERSION.zip!source_extracts/M03_RECON/_PROVENANCE_QIR_V1.0_SOURCE/14_M03_DISTRICT_REFRESH_POSITIONING_CONTRACT_FULL_v1.2.md,1518,47f7549ff7d6a0c8149336f9ea8636d86100dde5888a9b2417b07ca9b8300e2f
M01-M15 new recon(20260907-081753).zip,1,RUMAHAGEN_WF03_M06_FULL_REBUILD_CONTROLLED_v1.5_FULL_VERSION.zip!source_extracts/M03_RECON/_PROVENANCE_QIR_V1.0_SOURCE/MANIFEST_v1.2.md,889,4dd81fc1d0e9c94ea2f18988069d42a5b5e79253fc33335421231b799d5f3e8b
M01-M15 new recon(20260907-081753).zip,1,RUMAHAGEN_WF03_M06_FULL_REBUILD_CONTROLLED_v1.5_FULL_VERSION.zip!source_extracts/M03_RECON/_PROVENANCE_QIR_V1.0_SOURCE/15_M03_QA_COMPLETION_CONTROLLED_v1.2.md,1396,e0a2c95114e9773552a013e3b535818667409bf4791a2946ae8cbf1d86d53f38
M01-M15 new recon(20260907-081753).zip,1,RUMAHAGEN_WF03_M06_FULL_REBUILD_CONTROLLED_v1.5_FULL_VERSION.zip!source_extracts/M03_RECON/_PROVENANCE_QIR_V1.0_SOURCE/05_M03_CROSS_ARTIFACT_RECONCILIATION_FULL_v1.2.md,2047,97b5a1d742b8c19104464fa4b7ad31dac3de83693e1a1bb3d989f07c891ef660
M01-M15 new recon(20260907-081753).zip,1,RUMAHAGEN_WF03_M06_FULL_REBUILD_CONTROLLED_v1.5_FULL_VERSION.zip!source_extracts/M03_RECON/_PROVENANCE_QIR_V1.0_SOURCE/03_M03_PERMISSION_MATRIX_FULL_v1.2.csv,3290,e990ded819f7ad539ce9f1daab3d00ec13a5296183300b9e7ba64232a7e93f34
M01-M15 new recon(20260907-081753).zip,1,RUMAHAGEN_WF03_M06_FULL_REBUILD_CONTROLLED_v1.5_FULL_VERSION.zip!source_extracts/M03_RECON/_PROVENANCE_QIR_V1.0_SOURCE/00_M03_REBUILD_CONTROL_REPORT_v1.2.md,4607,f02ca75459fdf42ebfe5ce9af63f33e2ed038587a21aa41f7ac5583bebf7c4bb
M01-M15 new recon(20260907-081753).zip,1,RUMAHAGEN_WF03_M06_FULL_REBUILD_CONTROLLED_v1.5_FULL_VERSION.zip!source_extracts/M03_RECON/_PROVENANCE_QIR_V1.0_SOURCE/README_CONTROLLED_OUTPUT_v1.2.md,1198,716f12d89786ffaf61a6d2d5f29ad4fd8156b85d4c75c47b3a327d03d673cf4a
M01-M15 new recon(20260907-081753).zip,1,RUMAHAGEN_WF03_M06_FULL_REBUILD_CONTROLLED_v1.5_FULL_VERSION.zip!source_extracts/M03_RECON/_PROVENANCE_QIR_V1.0_SOURCE/16_WF03_MASTER_PROGRESS_M01-M15_v1.7_M03_QIR_COMPLETE.xlsx,29256,bdbaf8f992d9887a4d57b4570436cf21f16605f109c8e60aa45959e0433412c4
M01-M15 new recon(20260907-081753).zip,1,RUMAHAGEN_WF03_M06_FULL_REBUILD_CONTROLLED_v1.5_FULL_VERSION.zip!source_extracts/M03_RECON/_PROVENANCE_QIR_V1.0_SOURCE/08_M03_SCHEMA_ERD_RECONCILIATION_FULL_v1.0.sql,1013,846555669f649b6e9eb2aae9134aded8d09d0992873632d09929b406cf54cd9a
M01-M15 new recon(20260907-081753).zip,1,RUMAHAGEN_WF03_M06_FULL_REBUILD_CONTROLLED_v1.5_FULL_VERSION.zip!source_extracts/M03_RECON/_PROVENANCE_QIR_V1.0_SOURCE/09_M03_SEARCH_CONTRACT_RESOLVED_v1.0.md,1665,6b015b4ec40f4af741b8ef372c12cf5c38997ad279630df9c5a28bfd59a135bd
M01-M15 new recon(20260907-081753).zip,1,RUMAHAGEN_WF03_M06_FULL_REBUILD_CONTROLLED_v1.5_FULL_VERSION.zip!source_extracts/M03_RECON/_PROVENANCE_QIR_V1.0_SOURCE/01_M03_QUESTION_INVENTORY_RESOLVED_v1.0.csv,12262,d55245642ba7edbc425af1c55b83ce3de712b49ad77c579c0d1361bde55d4d4d
M01-M15 new recon(20260907-081753).zip,1,RUMAHAGEN_WF03_M06_FULL_REBUILD_CONTROLLED_v1.5_FULL_VERSION.zip!source_extracts/M03_RECON/_PROVENANCE_QIR_V1.0_SOURCE/06_M03_API_CONTRACT_FULL_v1.2.md,1992,7b89a05f96fea587c1390dce4a7276986e04ba5f8b2833ef2a020f037a104812
M01-M15 new recon(20260907-081753).zip,1,RUMAHAGEN_WF03_M06_FULL_REBUILD_CONTROLLED_v1.5_FULL_VERSION.zip!source_extracts/M03_RECON/_PROVENANCE_M03_V1.2_ORIGINAL/13_M03_MEDIA_THUMBNAIL_DERIVATIVE_CONTRACT_FULL_v1.2.md,1664,ef6b046ac3c6896be9860f034832cc455a1efd8ab53e959acc9c9edd033cbfbe
M01-M15 new recon(20260907-081753).zip,1,RUMAHAGEN_WF03_M06_FULL_REBUILD_CONTROLLED_v1.5_FULL_VERSION.zip!source_extracts/M03_RECON/_PROVENANCE_M03_V1.2_ORIGINAL/09_M03_SEARCH_CONTRACT_FULL_v1.2.md,1635,32a10e17db8958176752ec9be097f66ea53f0551880741f6a3c80c1d0194376a
M01-M15 new recon(20260907-081753).zip,1,RUMAHAGEN_WF03_M06_FULL_REBUILD_CONTROLLED_v1.5_FULL_VERSION.zip!source_extracts/M03_RECON/_PROVENANCE_M03_V1.2_ORIGINAL/01_M03_QUESTION_INVENTORY_FULL_v1.2.xlsx,10816,a74a6be6e48b3234201a71a9993d4779b5b1476128794d0b1a133c5bc327f5b0
M01-M15 new recon(20260907-081753).zip,1,RUMAHAGEN_WF03_M06_FULL_REBUILD_CONTROLLED_v1.5_FULL_VERSION.zip!source_extracts/M03_RECON/_PROVENANCE_M03_V1.2_ORIGINAL/08_M03_SCHEMA_ERD_RECONCILIATION_FULL_v1.2.sql,662,3e1265850c556d0a5be379968439e3d84654619e23479b7599d4ff89d4c34c0e
M01-M15 new recon(20260907-081753).zip,1,RUMAHAGEN_WF03_M06_FULL_REBUILD_CONTROLLED_v1.5_FULL_VERSION.zip!source_extracts/M03_RECON/_PROVENANCE_M03_V1.2_ORIGINAL/02_M03_PERMISSION_MATRIX_FULL_v1.2.xlsx,8343,10068b1fbdb2a8b456ea66a9a2f39820de63624cb00955a36fb595ec37a365f5
M01-M15 new recon(20260907-081753).zip,1,RUMAHAGEN_WF03_M06_FULL_REBUILD_CONTROLLED_v1.5_FULL_VERSION.zip!source_extracts/M03_RECON/_PROVENANCE_M03_V1.2_ORIGINAL/11_M03_PHYSICAL_RUNTIME_STATUS_FULL_v1.2.md,1346,f04d585eb56bbac7b4ae96ff13367809aeff4ed2a3b703a208676d73cb72666d
M01-M15 new recon(20260907-081753).zip,1,RUMAHAGEN_WF03_M06_FULL_REBUILD_CONTROLLED_v1.5_FULL_VERSION.zip!source_extracts/M03_RECON/_PROVENANCE_M03_V1.2_ORIGINAL/10_M03_UI_UX_USER_FLOW_FULL_v1.2.md,1632,09639adb4f8e01e6ddaa109a17e66a00f9ce0f2fc9e715609f271255c369f610
M01-M15 new recon(20260907-081753).zip,1,RUMAHAGEN_WF03_M06_FULL_REBUILD_CONTROLLED_v1.5_FULL_VERSION.zip!source_extracts/M03_RECON/_PROVENANCE_M03_V1.2_ORIGINAL/14_M03_DISTRICT_REFRESH_POSITIONING_CONTRACT_FULL_v1.2.md,1518,47f7549ff7d6a0c8149336f9ea8636d86100dde5888a9b2417b07ca9b8300e2f
M01-M15 new recon(20260907-081753).zip,1,RUMAHAGEN_WF03_M06_FULL_REBUILD_CONTROLLED_v1.5_FULL_VERSION.zip!source_extracts/M03_RECON/_PROVENANCE_M03_V1.2_ORIGINAL/MANIFEST_v1.2.md,889,4dd81fc1d0e9c94ea2f18988069d42a5b5e79253fc33335421231b799d5f3e8b
M01-M15 new recon(20260907-081753).zip,1,RUMAHAGEN_WF03_M06_FULL_REBUILD_CONTROLLED_v1.5_FULL_VERSION.zip!source_extracts/M03_RECON/_PROVENANCE_M03_V1.2_ORIGINAL/15_M03_QA_COMPLETION_CONTROLLED_v1.2.md,1396,e0a2c95114e9773552a013e3b535818667409bf4791a2946ae8cbf1d86d53f38
M01-M15 new recon(20260907-081753).zip,1,RUMAHAGEN_WF03_M06_FULL_REBUILD_CONTROLLED_v1.5_FULL_VERSION.zip!source_extracts/M03_RECON/_PROVENANCE_M03_V1.2_ORIGINAL/04_M03_SEMANTIC_LIFECYCLE_AUTHORITY_FULL_v1.2.md,3651,e75615d5b2e5f5221c90be6675d952594139d434de7ec46895206fda78222c48
M01-M15 new recon(20260907-081753).zip,1,RUMAHAGEN_WF03_M06_FULL_REBUILD_CONTROLLED_v1.5_FULL_VERSION.zip!source_extracts/M03_RECON/_PROVENANCE_M03_V1.2_ORIGINAL/05_M03_CROSS_ARTIFACT_RECONCILIATION_FULL_v1.2.md,2047,97b5a1d742b8c19104464fa4b7ad31dac3de83693e1a1bb3d989f07c891ef660
M01-M15 new recon(20260907-081753).zip,1,RUMAHAGEN_WF03_M06_FULL_REBUILD_CONTROLLED_v1.5_FULL_VERSION.zip!source_extracts/M03_RECON/_PROVENANCE_M03_V1.2_ORIGINAL/03_M03_PERMISSION_MATRIX_FULL_v1.2.csv,3290,e990ded819f7ad539ce9f1daab3d00ec13a5296183300b9e7ba64232a7e93f34
M01-M15 new recon(20260907-081753).zip,1,RUMAHAGEN_WF03_M06_FULL_REBUILD_CONTROLLED_v1.5_FULL_VERSION.zip!source_extracts/M03_RECON/_PROVENANCE_M03_V1.2_ORIGINAL/00_M03_REBUILD_CONTROL_REPORT_v1.2.md,4607,f02ca75459fdf42ebfe5ce9af63f33e2ed038587a21aa41f7ac5583bebf7c4bb
M01-M15 new recon(20260907-081753).zip,1,RUMAHAGEN_WF03_M06_FULL_REBUILD_CONTROLLED_v1.5_FULL_VERSION.zip!source_extracts/M03_RECON/_PROVENANCE_M03_V1.2_ORIGINAL/01_M03_QUESTION_INVENTORY_FULL_v1.2.csv,11442,654d03bbfec99b2daeea2387aa56d61b779fcd04eea8a52cab9f6718698192af
M01-M15 new recon(20260907-081753).zip,1,RUMAHAGEN_WF03_M06_FULL_REBUILD_CONTROLLED_v1.5_FULL_VERSION.zip!source_extracts/M03_RECON/_PROVENANCE_M03_V1.2_ORIGINAL/README_CONTROLLED_OUTPUT_v1.2.md,1198,716f12d89786ffaf61a6d2d5f29ad4fd8156b85d4c75c47b3a327d03d673cf4a
M01-M15 new recon(20260907-081753).zip,1,RUMAHAGEN_WF03_M06_FULL_REBUILD_CONTROLLED_v1.5_FULL_VERSION.zip!source_extracts/M03_RECON/_PROVENANCE_M03_V1.2_ORIGINAL/16_WF03_MASTER_PROGRESS_M01-M15_v1.6_M03_COMPLETE.xlsx,29257,26cbed8af28587ba51e3fb01942c52ae502998596fa6cf39ceac1587d773b347
M01-M15 new recon(20260907-081753).zip,1,RUMAHAGEN_WF03_M06_FULL_REBUILD_CONTROLLED_v1.5_FULL_VERSION.zip!source_extracts/M03_RECON/_PROVENANCE_M03_V1.2_ORIGINAL/08_M03_SCHEMA_ERD_RECONCILIATION_FULL_v1.0.sql,1013,846555669f649b6e9eb2aae9134aded8d09d0992873632d09929b406cf54cd9a
M01-M15 new recon(20260907-081753).zip,1,RUMAHAGEN_WF03_M06_FULL_REBUILD_CONTROLLED_v1.5_FULL_VERSION.zip!source_extracts/M03_RECON/_PROVENANCE_M03_V1.2_ORIGINAL/07_M03_RBAC_RLS_CONTRACT_FULL_v1.2.md,1468,01509fa3b2025be1c425da46575cbba2491b78203d5061c89a86eb525eab6023
M01-M15 new recon(20260907-081753).zip,1,RUMAHAGEN_WF03_M06_FULL_REBUILD_CONTROLLED_v1.5_FULL_VERSION.zip!source_extracts/M03_RECON/_PROVENANCE_M03_V1.2_ORIGINAL/06_M03_API_CONTRACT_FULL_v1.2.md,1992,7b89a05f96fea587c1390dce4a7276986e04ba5f8b2833ef2a020f037a104812
M01-M15 new recon(20260907-081753).zip,1,RUMAHAGEN_WF03_M06_FULL_REBUILD_CONTROLLED_v1.5_FULL_VERSION.zip!source_extracts/CORE/RUMAHAGEN_WIREFRAME_CORE_FINAL_SOURCE_PACK_v1.2/README_CURRENT_BASELINE.md,2468,723ce919284891740a4a11501d925126f3163bc7e8ce458b5f07b1fd1543b878
M01-M15 new recon(20260907-081753).zip,1,RUMAHAGEN_WF03_M06_FULL_REBUILD_CONTROLLED_v1.5_FULL_VERSION.zip!source_extracts/CORE/RUMAHAGEN_WIREFRAME_CORE_FINAL_SOURCE_PACK_v1.2/27_AI_BLUEPRINT/W4-02A.6.31_AI_DEVELOPMENT_BLUEPRINT_v2.1.md,29348,504a5738b3a832159850b0c1035e95f02b509a773a52fb01b722948e01ab09c2
M01-M15 new recon(20260907-081753).zip,1,RUMAHAGEN_WF03_M06_FULL_REBUILD_CONTROLLED_v1.5_FULL_VERSION.zip!source_extracts/CORE/RUMAHAGEN_WIREFRAME_CORE_FINAL_SOURCE_PACK_v1.2/22_EXECUTION_BATCH/W4-02A.6.26_MODULE_EXECUTION_DEPENDENCY_BATCH_PLAN_v2.1.md,40666,316a5cb6d2f71910f078d8b905a4b14024e3186361fa14cfaa9fa921e882d097
M01-M15 new recon(20260907-081753).zip,1,RUMAHAGEN_WF03_M06_FULL_REBUILD_CONTROLLED_v1.5_FULL_VERSION.zip!source_extracts/CORE/RUMAHAGEN_WIREFRAME_CORE_FINAL_SOURCE_PACK_v1.2/23_M01_M07/W4-02A.6.27_FOCUSED_EXECUTION_PACK_M01-M07_v2.1.zip,32254,0d3b2ec0515b08e1977ffe9187a108f2a7483ba7f5a6d8da51b1ee0b951967fc
M01-M15 new recon(20260907-081753).zip,2,RUMAHAGEN_WF03_M06_FULL_REBUILD_CONTROLLED_v1.5_FULL_VERSION.zip!source_extracts/CORE/RUMAHAGEN_WIREFRAME_CORE_FINAL_SOURCE_PACK_v1.2/23_M01_M07/W4-02A.6.27_FOCUSED_EXECUTION_PACK_M01-M07_v2.1.zip!RUMAHAGEN_W4-02A.6.27_FOCUSED_EXECUTION_PACK_M01-M07_v2.1/M01_PHYSICAL_EXECUTION_SPEC_v2.1.md,8933,db988febf9ef1ed6f6746177260d8fab50b5fbb93827afb708de163dd484a3ff
M01-M15 new recon(20260907-081753).zip,2,RUMAHAGEN_WF03_M06_FULL_REBUILD_CONTROLLED_v1.5_FULL_VERSION.zip!source_extracts/CORE/RUMAHAGEN_WIREFRAME_CORE_FINAL_SOURCE_PACK_v1.2/23_M01_M07/W4-02A.6.27_FOCUSED_EXECUTION_PACK_M01-M07_v2.1.zip!RUMAHAGEN_W4-02A.6.27_FOCUSED_EXECUTION_PACK_M01-M07_v2.1/M02_PHYSICAL_EXECUTION_SPEC_v2.1.md,8656,062a76a24169a2115713a3db29c2b992fffab6482814c891285939c6c3cc9826
M01-M15 new recon(20260907-081753).zip,2,RUMAHAGEN_WF03_M06_FULL_REBUILD_CONTROLLED_v1.5_FULL_VERSION.zip!source_extracts/CORE/RUMAHAGEN_WIREFRAME_CORE_FINAL_SOURCE_PACK_v1.2/23_M01_M07/W4-02A.6.27_FOCUSED_EXECUTION_PACK_M01-M07_v2.1.zip!RUMAHAGEN_W4-02A.6.27_FOCUSED_EXECUTION_PACK_M01-M07_v2.1/M03_PHYSICAL_EXECUTION_SPEC_v2.1.md,9445,e8e6797c1859277ab0b9506c6932f6748d38172bf3a0e553faef0249757ff7ae
M01-M15 new recon(20260907-081753).zip,2,RUMAHAGEN_WF03_M06_FULL_REBUILD_CONTROLLED_v1.5_FULL_VERSION.zip!source_extracts/CORE/RUMAHAGEN_WIREFRAME_CORE_FINAL_SOURCE_PACK_v1.2/23_M01_M07/W4-02A.6.27_FOCUSED_EXECUTION_PACK_M01-M07_v2.1.zip!RUMAHAGEN_W4-02A.6.27_FOCUSED_EXECUTION_PACK_M01-M07_v2.1/M04-S_LEARNING_SESSION_EXECUTION_SPEC_v2.1.md,2717,ac6d797bc39eccdbb1a886c0f6a7f7e6c68b2d995076d3573b64e78a5668b519
M01-M15 new recon(20260907-081753).zip,2,RUMAHAGEN_WF03_M06_FULL_REBUILD_CONTROLLED_v1.5_FULL_VERSION.zip!source_extracts/CORE/RUMAHAGEN_WIREFRAME_CORE_FINAL_SOURCE_PACK_v1.2/23_M01_M07/W4-02A.6.27_FOCUSED_EXECUTION_PACK_M01-M07_v2.1.zip!RUMAHAGEN_W4-02A.6.27_FOCUSED_EXECUTION_PACK_M01-M07_v2.1/M04_PHYSICAL_EXECUTION_SPEC_v2.1.md,9572,e53738d64585fabb71fa572ae11d90722723c1882890ba4b0ba8338eadeb1ecd
M01-M15 new recon(20260907-081753).zip,2,RUMAHAGEN_WF03_M06_FULL_REBUILD_CONTROLLED_v1.5_FULL_VERSION.zip!source_extracts/CORE/RUMAHAGEN_WIREFRAME_CORE_FINAL_SOURCE_PACK_v1.2/23_M01_M07/W4-02A.6.27_FOCUSED_EXECUTION_PACK_M01-M07_v2.1.zip!RUMAHAGEN_W4-02A.6.27_FOCUSED_EXECUTION_PACK_M01-M07_v2.1/M05_PHYSICAL_EXECUTION_SPEC_v2.1.md,8391,7315bc7f2937c652967141dddbe1d3e151a0c9835ad21b2bdf4895f3bdb5b513
M01-M15 new recon(20260907-081753).zip,2,RUMAHAGEN_WF03_M06_FULL_REBUILD_CONTROLLED_v1.5_FULL_VERSION.zip!source_extracts/CORE/RUMAHAGEN_WIREFRAME_CORE_FINAL_SOURCE_PACK_v1.2/23_M01_M07/W4-02A.6.27_FOCUSED_EXECUTION_PACK_M01-M07_v2.1.zip!RUMAHAGEN_W4-02A.6.27_FOCUSED_EXECUTION_PACK_M01-M07_v2.1/M06_PHYSICAL_EXECUTION_SPEC_v2.1.md,8388,9337b8ca83b7309dfd57a31a904391d46c21888f6ee1fde93bbaefd7bc89dc3b
M01-M15 new recon(20260907-081753).zip,2,RUMAHAGEN_WF03_M06_FULL_REBUILD_CONTROLLED_v1.5_FULL_VERSION.zip!source_extracts/CORE/RUMAHAGEN_WIREFRAME_CORE_FINAL_SOURCE_PACK_v1.2/23_M01_M07/W4-02A.6.27_FOCUSED_EXECUTION_PACK_M01-M07_v2.1.zip!RUMAHAGEN_W4-02A.6.27_FOCUSED_EXECUTION_PACK_M01-M07_v2.1/M07_PHYSICAL_EXECUTION_SPEC_v2.1.md,8514,662cf023986fc73f6684c928b3c4e00ba5e8e01b2ad07951945b5c9de67808e7
M01-M15 new recon(20260907-081753).zip,2,RUMAHAGEN_WF03_M06_FULL_REBUILD_CONTROLLED_v1.5_FULL_VERSION.zip!source_extracts/CORE/RUMAHAGEN_WIREFRAME_CORE_FINAL_SOURCE_PACK_v1.2/23_M01_M07/W4-02A.6.27_FOCUSED_EXECUTION_PACK_M01-M07_v2.1.zip!RUMAHAGEN_W4-02A.6.27_FOCUSED_EXECUTION_PACK_M01-M07_v2.1/RUMAHAGEN_W4-02A.6.27_FOCUSED_EXECUTION_PACK_M01-M07_v2.1.md,12149,ffdcb89752116a428d687955f911c8769cdd4828096a2f8ec60ff28c75abe543
M01-M15 new recon(20260907-081753).zip,1,RUMAHAGEN_WF03_M06_FULL_REBUILD_CONTROLLED_v1.5_FULL_VERSION.zip!source_extracts/CORE/RUMAHAGEN_WIREFRAME_CORE_FINAL_SOURCE_PACK_v1.2/23_M01_M07/W4-02A.6.27_FOCUSED_EXECUTION_PACK_M01-M07_v2.1.md,12149,ffdcb89752116a428d687955f911c8769cdd4828096a2f8ec60ff28c75abe543
M01-M15 new recon(20260907-081753).zip,1,RUMAHAGEN_WF03_M06_FULL_REBUILD_CONTROLLED_v1.5_FULL_VERSION.zip!source_extracts/CORE/RUMAHAGEN_WIREFRAME_CORE_FINAL_SOURCE_PACK_v1.2/01_GOVERNANCE/W4-02A.6.2_GOVERNANCE_REGISTER_FULL_CONSOLIDATED_v1.16.docx,44768,1840df18fb6c512879033d1c5e27c543752a1d59a800f6348f0455430c2bd86c
M01-M15 new recon(20260907-081753).zip,1,RUMAHAGEN_WF03_M06_FULL_REBUILD_CONTROLLED_v1.5_FULL_VERSION.zip!source_extracts/CORE/RUMAHAGEN_WIREFRAME_CORE_FINAL_SOURCE_PACK_v1.2/01_GOVERNANCE/W4-02A.1_GOVERNANCE_CONSOLIDATION_FINAL_DECISION_AUTHORITY_v1.0.docx,41616,cbcbca4b502c429c6b5b6c59c4c67165570619a503c7d5b59d6c1940905368a8
M01-M15 new recon(20260907-081753).zip,1,RUMAHAGEN_WF03_M06_FULL_REBUILD_CONTROLLED_v1.5_FULL_VERSION.zip!source_extracts/CORE/RUMAHAGEN_WIREFRAME_CORE_FINAL_SOURCE_PACK_v1.2/09_ERD/W4-02A.6.13_ERD_CURRENT_LOGICAL_DATA_MODEL_FULL_CONSOLIDATED_v2.1.docx,62303,5a5ba139cff31fbd297cac3871a3b250f13b94dabcb15b49d89af86ca785cb88
M01-M15 new recon(20260907-081753).zip,1,RUMAHAGEN_WF03_M06_FULL_REBUILD_CONTROLLED_v1.5_FULL_VERSION.zip!source_extracts/CORE/RUMAHAGEN_WIREFRAME_CORE_FINAL_SOURCE_PACK_v1.2/00_CONTROL/SOURCE_INDEX_v1.3.csv,7285,c7d0d912ad37ed28754d02b452ccf5e717645764004c16fb48e77628bec0f111
M01-M15 new recon(20260907-081753).zip,1,RUMAHAGEN_WF03_M06_FULL_REBUILD_CONTROLLED_v1.5_FULL_VERSION.zip!source_extracts/CORE/RUMAHAGEN_WIREFRAME_CORE_FINAL_SOURCE_PACK_v1.2/00_CONTROL/SOURCE_INDEX_v1.3.md,8161,7dc272fc4716760a1fec381734136d2e47d2b97e66957d15c9b1225e91eb6329
M01-M15 new recon(20260907-081753).zip,1,RUMAHAGEN_WF03_M06_FULL_REBUILD_CONTROLLED_v1.5_FULL_VERSION.zip!source_extracts/CORE/RUMAHAGEN_WIREFRAME_CORE_FINAL_SOURCE_PACK_v1.2/00_CONTROL/W4-02A.7_RECURSIVE_SOURCE_AUDIT_REGISTER_v1.0.csv,208747,0144e3114a170252011dc57f391f31155248c10543ef8e3e3aeece81cd85ff7f
M01-M15 new recon(20260907-081753).zip,1,RUMAHAGEN_WF03_M06_FULL_REBUILD_CONTROLLED_v1.5_FULL_VERSION.zip!source_extracts/CORE/RUMAHAGEN_WIREFRAME_CORE_FINAL_SOURCE_PACK_v1.2/00_CONTROL/W4-02A.6.0_CORE_ARTIFACT_INVENTORY_AND_ORDERING_LOCK_v1.1_BASE_TRACK_37_STEPS.docx,41256,4d76cde4437c52e9c1752d99888095253eb748bc25bc8138fc4ae06701da5aec
M01-M15 new recon(20260907-081753).zip,1,RUMAHAGEN_WF03_M06_FULL_REBUILD_CONTROLLED_v1.5_FULL_VERSION.zip!source_extracts/CORE/RUMAHAGEN_WIREFRAME_CORE_FINAL_SOURCE_PACK_v1.2/00_CONTROL/W4-02A.7_FINAL_DOCUMENT_FREEZE_AUTHORITY_VERIFICATION_v1.0.md,11519,12847c5b3609b6ba0f67ce54e7e48627e9d24f7293a9c7bfbb59c75ff5243f32
M01-M15 new recon(20260907-081753).zip,1,RUMAHAGEN_WF03_M06_FULL_REBUILD_CONTROLLED_v1.5_FULL_VERSION.zip!source_extracts/CORE/RUMAHAGEN_WIREFRAME_CORE_FINAL_SOURCE_PACK_v1.2/00_CONTROL/RENAME_REGISTER_6.33.md,645,17ff728177e5ea174227267c4e0ff452d556bd598669f6502b803a62b96a646c
M01-M15 new recon(20260907-081753).zip,1,RUMAHAGEN_WF03_M06_FULL_REBUILD_CONTROLLED_v1.5_FULL_VERSION.zip!source_extracts/CORE/RUMAHAGEN_WIREFRAME_CORE_FINAL_SOURCE_PACK_v1.2/00_CONTROL/SHA256_MANIFEST_CORE_FINAL_v1.3.csv,7054,8a197083cd0ec7e79bb6269ab8199d215d4a83716fb28b1081b26d8006e96c5e
M01-M15 new recon(20260907-081753).zip,1,RUMAHAGEN_WF03_M06_FULL_REBUILD_CONTROLLED_v1.5_FULL_VERSION.zip!source_extracts/CORE/RUMAHAGEN_WIREFRAME_CORE_FINAL_SOURCE_PACK_v1.2/19_IMPLEMENTATION_STRATEGY/W4-02A.6.23_MODULE_IMPLEMENTATION_STRATEGY_INTEGRATED_IMPLEMENTATION_SEQUENCING_v2.1.md,56613,051aa36f9444153d1d56df6d960bd80d91922f3c1f84c02d636dc111dd20d47f
M01-M15 new recon(20260907-081753).zip,1,RUMAHAGEN_WF03_M06_FULL_REBUILD_CONTROLLED_v1.5_FULL_VERSION.zip!source_extracts/CORE/RUMAHAGEN_WIREFRAME_CORE_FINAL_SOURCE_PACK_v1.2/05_TECHNICAL_DECISIONS/W4-02A.6.6_TECHNICAL_DECISIONS_FULL_CONSOLIDATED_v1.6.docx,47059,2ddccdf939a59149b9404ad14c0dbfda1149fb31d23ba77e1b27c24bf05101fa
M01-M15 new recon(20260907-081753).zip,1,RUMAHAGEN_WF03_M06_FULL_REBUILD_CONTROLLED_v1.5_FULL_VERSION.zip!source_extracts/CORE/RUMAHAGEN_WIREFRAME_CORE_FINAL_SOURCE_PACK_v1.2/07_PRD/W4-02A.6.11_PRD_CURRENT_PRODUCT_REQUIREMENTS_FULL_CONSOLIDATED_v2.1.docx,48108,c2a7b6e4a77a08621a16048cba2f0f8641a3d073bc71dc4e4854634aa788aa34
M01-M15 new recon(20260907-081753).zip,1,RUMAHAGEN_WF03_M06_FULL_REBUILD_CONTROLLED_v1.5_FULL_VERSION.zip!source_extracts/CORE/RUMAHAGEN_WIREFRAME_CORE_FINAL_SOURCE_PACK_v1.2/26_ENGINEERING_ALIGNMENT/W4-02A.6.30_ENGINEERING_ALIGNMENT_GUIDEBOOK_PLAYBOOK_v2.1.md,31681,239e06d97698eb97c4e362b1b9ecf25f064fbe8e665e2f9e328d00e6d339a090
M01-M15 new recon(20260907-081753).zip,1,RUMAHAGEN_WF03_M06_FULL_REBUILD_CONTROLLED_v1.5_FULL_VERSION.zip!source_extracts/CORE/RUMAHAGEN_WIREFRAME_CORE_FINAL_SOURCE_PACK_v1.2/06_DEPENDENCY_MANIFEST/W4-02A.6.7_DEPENDENCY_MANIFEST_FULL_CONSOLIDATED_v1.9.docx,48323,66a12120b244cf487b41584b1bfdd3e81cddbc8b82f9c2ee12779e72d423c693
M01-M15 new recon(20260907-081753).zip,1,RUMAHAGEN_WF03_M06_FULL_REBUILD_CONTROLLED_v1.5_FULL_VERSION.zip!source_extracts/CORE/RUMAHAGEN_WIREFRAME_CORE_FINAL_SOURCE_PACK_v1.2/17_SEO_ANALYTICS/W4-02A.6.21_SEO_ANALYTICS_SPECIFICATION_DISCOVERY_MEASUREMENT_BASELINE_v2.1.md,68505,be0af1e745ac3d19a65abb90beff833941b1d1fb5a4fd1233c681a84023e75de
M01-M15 new recon(20260907-081753).zip,1,RUMAHAGEN_WF03_M06_FULL_REBUILD_CONTROLLED_v1.5_FULL_VERSION.zip!source_extracts/CORE/RUMAHAGEN_WIREFRAME_CORE_FINAL_SOURCE_PACK_v1.2/12_API/W4-02A.6.16_API_SPECIFICATION_CURRENT_API_CONTRACT_BASELINE_FULL_CONSOLIDATED_v2.1.docx,65180,fbfc539044ed2b7037ebee6ed5d5065c4e14efbd042a4928b107c02c210277d1
M01-M15 new recon(20260907-081753).zip,1,RUMAHAGEN_WF03_M06_FULL_REBUILD_CONTROLLED_v1.5_FULL_VERSION.zip!source_extracts/CORE/RUMAHAGEN_WIREFRAME_CORE_FINAL_SOURCE_PACK_v1.2/11_DATABASE_SCHEMA/W4-02_CANONICAL_BUILD_FROM_ZERO_MIGRATION_PACKAGE_v1.0.zip,19788,e4ee433128935fae30bfd64d05c3f37d426bafd012ed24842912c1354a8d2df0
M01-M15 new recon(20260907-081753).zip,2,RUMAHAGEN_WF03_M06_FULL_REBUILD_CONTROLLED_v1.5_FULL_VERSION.zip!source_extracts/CORE/RUMAHAGEN_WIREFRAME_CORE_FINAL_SOURCE_PACK_v1.2/11_DATABASE_SCHEMA/W4-02_CANONICAL_BUILD_FROM_ZERO_MIGRATION_PACKAGE_v1.0.zip!RUMAHAGEN_W4-02_CANONICAL_BUILD_FROM_ZERO_MIGRATION_BASELINE_v1.0.sql,113290,51be1733302566feed6c193c89418ef5038441a5968c0717b6be9eb9fdb32fa6
M01-M15 new recon(20260907-081753).zip,2,RUMAHAGEN_WF03_M06_FULL_REBUILD_CONTROLLED_v1.5_FULL_VERSION.zip!source_extracts/CORE/RUMAHAGEN_WIREFRAME_CORE_FINAL_SOURCE_PACK_v1.2/11_DATABASE_SCHEMA/W4-02_CANONICAL_BUILD_FROM_ZERO_MIGRATION_PACKAGE_v1.0.zip!RUMAHAGEN_W4-02_CANONICAL_MIGRATION_BASELINE_v1.0.md,1337,03062a3e327d0c069d8a66f3c07254c13cd8c40931a8d8630a366d7345aaafa2
M01-M15 new recon(20260907-081753).zip,2,RUMAHAGEN_WF03_M06_FULL_REBUILD_CONTROLLED_v1.5_FULL_VERSION.zip!source_extracts/CORE/RUMAHAGEN_WIREFRAME_CORE_FINAL_SOURCE_PACK_v1.2/11_DATABASE_SCHEMA/W4-02_CANONICAL_BUILD_FROM_ZERO_MIGRATION_PACKAGE_v1.0.zip!RUMAHAGEN_W4-02_EXECUTION_PHASE_REGISTER_v1.0.csv,816,8063d32ad50ead75a367f7fbf85cf047811df3c6f22beb1d2097de6042716f60
M01-M15 new recon(20260907-081753).zip,2,RUMAHAGEN_WF03_M06_FULL_REBUILD_CONTROLLED_v1.5_FULL_VERSION.zip!source_extracts/CORE/RUMAHAGEN_WIREFRAME_CORE_FINAL_SOURCE_PACK_v1.2/11_DATABASE_SCHEMA/W4-02_CANONICAL_BUILD_FROM_ZERO_MIGRATION_PACKAGE_v1.0.zip!RUMAHAGEN_W4-02_CANONICAL_86_TABLE_REGISTER_v1.0.csv,6480,0dcbfeb80dbf83e876cea932e0a90b415bda4f21d620695854729b134f43d83f
M01-M15 new recon(20260907-081753).zip,1,RUMAHAGEN_WF03_M06_FULL_REBUILD_CONTROLLED_v1.5_FULL_VERSION.zip!source_extracts/CORE/RUMAHAGEN_WIREFRAME_CORE_FINAL_SOURCE_PACK_v1.2/11_DATABASE_SCHEMA/RUMAHAGEN_FULL_DATABASE_SCHEMA_SOURCE_ONLY_PACKAGE_v1.0.zip,20762,fa720ebe06c1070155e2ddddba6215f8c764b55ac67af2123aa75831b7f84784
M01-M15 new recon(20260907-081753).zip,2,RUMAHAGEN_WF03_M06_FULL_REBUILD_CONTROLLED_v1.5_FULL_VERSION.zip!source_extracts/CORE/RUMAHAGEN_WIREFRAME_CORE_FINAL_SOURCE_PACK_v1.2/11_DATABASE_SCHEMA/RUMAHAGEN_FULL_DATABASE_SCHEMA_SOURCE_ONLY_PACKAGE_v1.0.zip!RUMAHAGEN_FULL_DATABASE_SCHEMA_SOURCE_ONLY_v1.0.sql,104518,0efce0e6e9074732735ee71da69575c3df9a7fba58961b4d3921480cbbd71e26
M01-M15 new recon(20260907-081753).zip,2,RUMAHAGEN_WF03_M06_FULL_REBUILD_CONTROLLED_v1.5_FULL_VERSION.zip!source_extracts/CORE/RUMAHAGEN_WIREFRAME_CORE_FINAL_SOURCE_PACK_v1.2/11_DATABASE_SCHEMA/RUMAHAGEN_FULL_DATABASE_SCHEMA_SOURCE_ONLY_PACKAGE_v1.0.zip!RUMAHAGEN_FULL_DATABASE_SCHEMA_SOURCE_ONLY_v1.0.md,5307,f00f28aed28f98f361117daf8b9fd06c40a3602d0b3ab3339a6d47228211ed51
M01-M15 new recon(20260907-081753).zip,1,RUMAHAGEN_WF03_M06_FULL_REBUILD_CONTROLLED_v1.5_FULL_VERSION.zip!source_extracts/CORE/RUMAHAGEN_WIREFRAME_CORE_FINAL_SOURCE_PACK_v1.2/11_DATABASE_SCHEMA/W4-01E_FINAL_BUILD_FROM_ZERO_SCHEMA_PACKAGE_v2.6.zip,18571,6d4c04df87e2d52e2b2787f4f558456e20394c61a3a81e283938a11f830dfe1a
M01-M15 new recon(20260907-081753).zip,2,RUMAHAGEN_WF03_M06_FULL_REBUILD_CONTROLLED_v1.5_FULL_VERSION.zip!source_extracts/CORE/RUMAHAGEN_WIREFRAME_CORE_FINAL_SOURCE_PACK_v1.2/11_DATABASE_SCHEMA/W4-01E_FINAL_BUILD_FROM_ZERO_SCHEMA_PACKAGE_v2.6.zip!RUMAHAGEN_W4-01E_FINAL_CANONICAL_BUILD_FROM_ZERO_DATABASE_SCHEMA_v2.6.sql,106605,73bc0e2803d1e27160cb9fc8ad61b013b079c50a67b8f1f6e6f5432b4a1c9531
M01-M15 new recon(20260907-081753).zip,2,RUMAHAGEN_WF03_M06_FULL_REBUILD_CONTROLLED_v1.5_FULL_VERSION.zip!source_extracts/CORE/RUMAHAGEN_WIREFRAME_CORE_FINAL_SOURCE_PACK_v1.2/11_DATABASE_SCHEMA/W4-01E_FINAL_BUILD_FROM_ZERO_SCHEMA_PACKAGE_v2.6.zip!RUMAHAGEN_W4-01E_FINAL_SCHEMA_CLOSURE_AND_FREEZE_v2.6.md,1337,03062a3e327d0c069d8a66f3c07254c13cd8c40931a8d8630a366d7345aaafa2
M01-M15 new recon(20260907-081753).zip,2,RUMAHAGEN_WF03_M06_FULL_REBUILD_CONTROLLED_v1.5_FULL_VERSION.zip!source_extracts/CORE/RUMAHAGEN_WIREFRAME_CORE_FINAL_SOURCE_PACK_v1.2/11_DATABASE_SCHEMA/W4-01E_FINAL_BUILD_FROM_ZERO_SCHEMA_PACKAGE_v2.6.zip!RUMAHAGEN_W4-01E_FINAL_CANONICAL_TABLE_REGISTER_v2.6.csv,8023,d3c8386f3cb4a694c51833b50a1114c102f0bfad1e8bf62e188075c463a6308d
M01-M15 new recon(20260907-081753).zip,2,RUMAHAGEN_WF03_M06_FULL_REBUILD_CONTROLLED_v1.5_FULL_VERSION.zip!source_extracts/CORE/RUMAHAGEN_WIREFRAME_CORE_FINAL_SOURCE_PACK_v1.2/11_DATABASE_SCHEMA/W4-01E_FINAL_BUILD_FROM_ZERO_SCHEMA_PACKAGE_v2.6.zip!RUMAHAGEN_W4-01E_GATE_CLOSURE_REGISTER_v2.6.csv,1080,1760c5af3922dc7e2ae205951ad5b559611172059427cac479a5b20cef0b391b
M01-M15 new recon(20260907-081753).zip,1,RUMAHAGEN_WF03_M06_FULL_REBUILD_CONTROLLED_v1.5_FULL_VERSION.zip!source_extracts/CORE/RUMAHAGEN_WIREFRAME_CORE_FINAL_SOURCE_PACK_v1.2/11_DATABASE_SCHEMA/W4-02A.6.15_DATABASE_SCHEMA_CURRENT_PHYSICAL_SCHEMA_REFERENCE_FULL_CONSOLIDATED_v2.7.docx,74525,91d9d78bc4d0818bca5802f0315f3d1146d0a32a9645646607418708745f79b9
M01-M15 new recon(20260907-081753).zip,1,RUMAHAGEN_WF03_M06_FULL_REBUILD_CONTROLLED_v1.5_FULL_VERSION.zip!source_extracts/CORE/RUMAHAGEN_WIREFRAME_CORE_FINAL_SOURCE_PACK_v1.2/21_EXECUTION_SPECIFICATION/W4-02A.6.25_MODULE_EXECUTION_SPECIFICATION_ARCHITECTURE_v2.1.md,46464,8e82d6f1308995ba163d0c2c49786c8b8999d7c2e6b4388e07661678ffa095a3
M01-M15 new recon(20260907-081753).zip,1,RUMAHAGEN_WF03_M06_FULL_REBUILD_CONTROLLED_v1.5_FULL_VERSION.zip!source_extracts/CORE/RUMAHAGEN_WIREFRAME_CORE_FINAL_SOURCE_PACK_v1.2/28_AI_CONTEXT/W4-02A.6.32_AI_CONTEXT_PACK_v2.1.md,19773,b4a5c5863ffc9934467688078144210f23eed59e3f574b9eaba171a10f7a1bae
M01-M15 new recon(20260907-081753).zip,1,RUMAHAGEN_WF03_M06_FULL_REBUILD_CONTROLLED_v1.5_FULL_VERSION.zip!source_extracts/CORE/RUMAHAGEN_WIREFRAME_CORE_FINAL_SOURCE_PACK_v1.2/10_DATABASE_DICTIONARY/W4-02A.6.14_DATABASE_DICTIONARY_CURRENT_LOGICAL_TO_PHYSICAL_DATA_MEANING_FULL_CONSOLIDATED_v2.2.docx,78665,8abcb2ca2e275288c83add193936a2763c9e3c9c75ba38088289a18080956219
M01-M15 new recon(20260907-081753).zip,1,RUMAHAGEN_WF03_M06_FULL_REBUILD_CONTROLLED_v1.5_FULL_VERSION.zip!source_extracts/CORE/RUMAHAGEN_WIREFRAME_CORE_FINAL_SOURCE_PACK_v1.2/18_MODULE_DEPENDENCY/W4-02A.6.22_MODULE_DEPENDENCY_MATRIX_CROSS_MODULE_DEPENDENCY_CONTRACT_v2.1.md,49622,30a5c406428ad0e2e377e2803a77d16c0d9cac0f7f6c1249dadb89d1360bc9e3
M01-M15 new recon(20260907-081753).zip,1,RUMAHAGEN_WF03_M06_FULL_REBUILD_CONTROLLED_v1.5_FULL_VERSION.zip!source_extracts/CORE/RUMAHAGEN_WIREFRAME_CORE_FINAL_SOURCE_PACK_v1.2/08_USER_FLOW/W4-02A.6.12_USER_FLOW_CURRENT_CROSS_DOMAIN_INTERACTION_FLOW_FULL_CONSOLIDATED_v2.1.docx,51562,bc5e3f9af3842e727f34d2ef0c4f3b91cc52c911645698696b92b0745bbbd4de
M01-M15 new recon(20260907-081753).zip,1,RUMAHAGEN_WF03_M06_FULL_REBUILD_CONTROLLED_v1.5_FULL_VERSION.zip!source_extracts/CORE/RUMAHAGEN_WIREFRAME_CORE_FINAL_SOURCE_PACK_v1.2/04_ARCHITECTURE/W4-02A.6.5_SYSTEM_ARCHITECTURE_FULL_CONSOLIDATED_v1.8.docx,93386,c1aa07968bb5bdfc9f9600dc48da804f65574f49da672282237ec90c4cc94884
M01-M15 new recon(20260907-081753).zip,1,RUMAHAGEN_WF03_M06_FULL_REBUILD_CONTROLLED_v1.5_FULL_VERSION.zip!source_extracts/CORE/RUMAHAGEN_WIREFRAME_CORE_FINAL_SOURCE_PACK_v1.2/16_UI_UX/W4-02A.6.20_UI_UX_SPECIFICATION_CURRENT_INTERFACE_BEHAVIOR_CONTRACT_v2.1.md,62858,c2388d37bbcf910316d0d9c257c1f346a99fc0349b2c1086d8e3154a2a32a8d7
M01-M15 new recon(20260907-081753).zip,1,RUMAHAGEN_WF03_M06_FULL_REBUILD_CONTROLLED_v1.5_FULL_VERSION.zip!source_extracts/CORE/RUMAHAGEN_WIREFRAME_CORE_FINAL_SOURCE_PACK_v1.2/20_MODULE_PLANNING/W4-02A.6.24_REVISED_MODULE_PLANNING_CURRENT_MODULE_DELIVERY_PLANNING_v2.1.md,55040,7373552ff7f43e2822f7819b2101ec0df7bc1acee60e8b92dc866f330203d7be
M01-M15 new recon(20260907-081753).zip,1,RUMAHAGEN_WF03_M06_FULL_REBUILD_CONTROLLED_v1.5_FULL_VERSION.zip!source_extracts/CORE/RUMAHAGEN_WIREFRAME_CORE_FINAL_SOURCE_PACK_v1.2/15_TECHNICAL/W4-02A.6.19_TECHNICAL_SPECIFICATION_CURRENT_TECHNICAL_IMPLEMENTATION_CONTRACT_v2.1.md,69175,2ac01b6961b6ab97d26ee8c314aaf06101af49cb746c4069147559fb8002b29c
M01-M15 new recon(20260907-081753).zip,1,RUMAHAGEN_WF03_M06_FULL_REBUILD_CONTROLLED_v1.5_FULL_VERSION.zip!source_extracts/CORE/RUMAHAGEN_WIREFRAME_CORE_FINAL_SOURCE_PACK_v1.2/24_M08_M15/W4-02A.6.28_FOCUSED_EXECUTION_PACK_M08-M15_v2.1.md,12958,a6b879e6d81f1cbb6a3eade8caa71a950432d44488db21fe45b667cd9fa0fdb3
M01-M15 new recon(20260907-081753).zip,1,RUMAHAGEN_WF03_M06_FULL_REBUILD_CONTROLLED_v1.5_FULL_VERSION.zip!source_extracts/CORE/RUMAHAGEN_WIREFRAME_CORE_FINAL_SOURCE_PACK_v1.2/24_M08_M15/W4-02A.6.28_FOCUSED_EXECUTION_PACK_M08-M15_v2.1.zip,29640,54c2560d7f247793f8b26ea8f2ee3128334432d748c09e97ab7be1f5558d3208
M01-M15 new recon(20260907-081753).zip,2,RUMAHAGEN_WF03_M06_FULL_REBUILD_CONTROLLED_v1.5_FULL_VERSION.zip!source_extracts/CORE/RUMAHAGEN_WIREFRAME_CORE_FINAL_SOURCE_PACK_v1.2/24_M08_M15/W4-02A.6.28_FOCUSED_EXECUTION_PACK_M08-M15_v2.1.zip!RUMAHAGEN_W4-02A.6.28_FOCUSED_EXECUTION_PACK_M08-M15_v2.1/M08_PHYSICAL_EXECUTION_SPEC_v2.1.md,6775,d2033671ce0e13b29483fad93756ff1ebfafcaa24585763f4bc68de6a7859926
M01-M15 new recon(20260907-081753).zip,2,RUMAHAGEN_WF03_M06_FULL_REBUILD_CONTROLLED_v1.5_FULL_VERSION.zip!source_extracts/CORE/RUMAHAGEN_WIREFRAME_CORE_FINAL_SOURCE_PACK_v1.2/24_M08_M15/W4-02A.6.28_FOCUSED_EXECUTION_PACK_M08-M15_v2.1.zip!RUMAHAGEN_W4-02A.6.28_FOCUSED_EXECUTION_PACK_M08-M15_v2.1/M09_PHYSICAL_EXECUTION_SPEC_v2.1.md,6944,7d39bb462699dc346c5ecf441996cd9a8e7b1bc5d969604463c810c1d4c34545
M01-M15 new recon(20260907-081753).zip,2,RUMAHAGEN_WF03_M06_FULL_REBUILD_CONTROLLED_v1.5_FULL_VERSION.zip!source_extracts/CORE/RUMAHAGEN_WIREFRAME_CORE_FINAL_SOURCE_PACK_v1.2/24_M08_M15/W4-02A.6.28_FOCUSED_EXECUTION_PACK_M08-M15_v2.1.zip!RUMAHAGEN_W4-02A.6.28_FOCUSED_EXECUTION_PACK_M08-M15_v2.1/M10_PHYSICAL_EXECUTION_SPEC_v2.1.md,6625,0954001b40b9aa4289cf174f807c2625dc4a4f5f373c120c12f28696ecddd8f2
M01-M15 new recon(20260907-081753).zip,2,RUMAHAGEN_WF03_M06_FULL_REBUILD_CONTROLLED_v1.5_FULL_VERSION.zip!source_extracts/CORE/RUMAHAGEN_WIREFRAME_CORE_FINAL_SOURCE_PACK_v1.2/24_M08_M15/W4-02A.6.28_FOCUSED_EXECUTION_PACK_M08-M15_v2.1.zip!RUMAHAGEN_W4-02A.6.28_FOCUSED_EXECUTION_PACK_M08-M15_v2.1/M11_PHYSICAL_EXECUTION_SPEC_v2.1.md,6695,adfc6ce099de713b1bd60194bed59b35cb9dda5ecc99ceec5ccbe96894ee5a70
M01-M15 new recon(20260907-081753).zip,2,RUMAHAGEN_WF03_M06_FULL_REBUILD_CONTROLLED_v1.5_FULL_VERSION.zip!source_extracts/CORE/RUMAHAGEN_WIREFRAME_CORE_FINAL_SOURCE_PACK_v1.2/24_M08_M15/W4-02A.6.28_FOCUSED_EXECUTION_PACK_M08-M15_v2.1.zip!RUMAHAGEN_W4-02A.6.28_FOCUSED_EXECUTION_PACK_M08-M15_v2.1/M12_PHYSICAL_EXECUTION_SPEC_v2.1.md,6477,c01c5da1353a7f689b56d06242f248e0851d2bf5b92fa24fdbc12666e53e8930
M01-M15 new recon(20260907-081753).zip,2,RUMAHAGEN_WF03_M06_FULL_REBUILD_CONTROLLED_v1.5_FULL_VERSION.zip!source_extracts/CORE/RUMAHAGEN_WIREFRAME_CORE_FINAL_SOURCE_PACK_v1.2/24_M08_M15/W4-02A.6.28_FOCUSED_EXECUTION_PACK_M08-M15_v2.1.zip!RUMAHAGEN_W4-02A.6.28_FOCUSED_EXECUTION_PACK_M08-M15_v2.1/M13_PHYSICAL_EXECUTION_SPEC_v2.1.md,6463,8e8f14c0bc0ff8ec33155671ef9c903168894ee6c0111a9d9deb6c2f4ae6ea27
M01-M15 new recon(20260907-081753).zip,2,RUMAHAGEN_WF03_M06_FULL_REBUILD_CONTROLLED_v1.5_FULL_VERSION.zip!source_extracts/CORE/RUMAHAGEN_WIREFRAME_CORE_FINAL_SOURCE_PACK_v1.2/24_M08_M15/W4-02A.6.28_FOCUSED_EXECUTION_PACK_M08-M15_v2.1.zip!RUMAHAGEN_W4-02A.6.28_FOCUSED_EXECUTION_PACK_M08-M15_v2.1/M14_PHYSICAL_EXECUTION_SPEC_v2.1.md,6787,f9f25be2e5e1b541674662f6a4680467c75ba635fad2e665003cf9df780591f1
M01-M15 new recon(20260907-081753).zip,2,RUMAHAGEN_WF03_M06_FULL_REBUILD_CONTROLLED_v1.5_FULL_VERSION.zip!source_extracts/CORE/RUMAHAGEN_WIREFRAME_CORE_FINAL_SOURCE_PACK_v1.2/24_M08_M15/W4-02A.6.28_FOCUSED_EXECUTION_PACK_M08-M15_v2.1.zip!RUMAHAGEN_W4-02A.6.28_FOCUSED_EXECUTION_PACK_M08-M15_v2.1/M15_PHYSICAL_EXECUTION_SPEC_v2.1.md,6642,b86968510b07731383990e40540f9a04b8273d8969fc6814530ebc17e5dd8088
M01-M15 new recon(20260907-081753).zip,2,RUMAHAGEN_WF03_M06_FULL_REBUILD_CONTROLLED_v1.5_FULL_VERSION.zip!source_extracts/CORE/RUMAHAGEN_WIREFRAME_CORE_FINAL_SOURCE_PACK_v1.2/24_M08_M15/W4-02A.6.28_FOCUSED_EXECUTION_PACK_M08-M15_v2.1.zip!RUMAHAGEN_W4-02A.6.28_FOCUSED_EXECUTION_PACK_M08-M15_v2.1/RUMAHAGEN_W4-02A.6.28_FOCUSED_EXECUTION_PACK_M08-M15_v2.1.md,12958,a6b879e6d81f1cbb6a3eade8caa71a950432d44488db21fe45b667cd9fa0fdb3
M01-M15 new recon(20260907-081753).zip,1,RUMAHAGEN_WF03_M06_FULL_REBUILD_CONTROLLED_v1.5_FULL_VERSION.zip!source_extracts/CORE/RUMAHAGEN_WIREFRAME_CORE_FINAL_SOURCE_PACK_v1.2/25_EXECUTION_AUDIT/W4-02A.6.29_EXECUTION_PACK_AUDIT_RECONCILIATION_v2.1.md,18012,70302b771fdd9293db1fe6d9d736f8926eef76bbdf2993489cb0eb182e540ea3
M01-M15 new recon(20260907-081753).zip,1,RUMAHAGEN_WF03_M06_FULL_REBUILD_CONTROLLED_v1.5_FULL_VERSION.zip!source_extracts/CORE/RUMAHAGEN_WIREFRAME_CORE_FINAL_SOURCE_PACK_v1.2/13_RBAC_RLS/W4-02A.6.17_RBAC_PERMISSION_RLS_CURRENT_AUTHORIZATION_BASELINE_FULL_CONSOLIDATED_v2.1.docx,53047,cd5067a3a2cb8e0104e94fbea78ab64a30e19ed28230aef5889baa5021784a0a
M01-M15 new recon(20260907-081753).zip,1,RUMAHAGEN_WF03_M06_FULL_REBUILD_CONTROLLED_v1.5_FULL_VERSION.zip!source_extracts/CORE/RUMAHAGEN_WIREFRAME_CORE_FINAL_SOURCE_PACK_v1.2/03_BUSINESS_RULES/W4-02A.6.10_BUSINESS_RULES_BASELINE_TRACEABILITY_FULL_CONSOLIDATED_v1.2_REAUDITED.docx,51338,f1bd00843508c4bdc16794b1509690e5c6ec6c12c49611587382a932a87e8ebc
M01-M15 new recon(20260907-081753).zip,1,RUMAHAGEN_WF03_M06_FULL_REBUILD_CONTROLLED_v1.5_FULL_VERSION.zip!source_extracts/CORE/RUMAHAGEN_WIREFRAME_CORE_FINAL_SOURCE_PACK_v1.2/30_RECONCILIATION_EVIDENCE/W4-02A.5R_SOURCE_UPDATE_REVALIDATION_v1.1.docx,38455,47a6f021e6c409e73d5d7c7dddaaa270107190db90dba4ff30760080155a2b8f
M01-M15 new recon(20260907-081753).zip,1,RUMAHAGEN_WF03_M06_FULL_REBUILD_CONTROLLED_v1.5_FULL_VERSION.zip!source_extracts/CORE/RUMAHAGEN_WIREFRAME_CORE_FINAL_SOURCE_PACK_v1.2/30_RECONCILIATION_EVIDENCE/W4-02A.5_CROSS_DOMAIN_CONFLICT_RESIDUAL_AUDIT_FULL_CONSOLIDATED_v1.0.docx,42652,16982b5861c3ef86327b8f79f07eb080faac17aa6a422cc983f79d11a40564df
M01-M15 new recon(20260907-081753).zip,1,RUMAHAGEN_WF03_M06_FULL_REBUILD_CONTROLLED_v1.5_FULL_VERSION.zip!source_extracts/CORE/RUMAHAGEN_WIREFRAME_CORE_FINAL_SOURCE_PACK_v1.2/29_FINAL_CONTROL/W4-02A.6.36_CURRENT_PROJECT_STATE_FINAL_rev15.docx,45569,9f929cb9612d755e21bf27b42489de7c9cd3a9c42042d5f4825010a3132cffae
M01-M15 new recon(20260907-081753).zip,1,RUMAHAGEN_WF03_M06_FULL_REBUILD_CONTROLLED_v1.5_FULL_VERSION.zip!source_extracts/CORE/RUMAHAGEN_WIREFRAME_CORE_FINAL_SOURCE_PACK_v1.2/29_FINAL_CONTROL/W4-02A.6.35_PROJECT_MANIFEST_FINAL_v1.32.docx,44768,bcf9a8a109e109016699a84ccdcdf7aa9de9af0b7380962ca74081858a2f0b0a
M01-M15 new recon(20260907-081753).zip,1,RUMAHAGEN_WF03_M06_FULL_REBUILD_CONTROLLED_v1.5_FULL_VERSION.zip!source_extracts/CORE/RUMAHAGEN_WIREFRAME_CORE_FINAL_SOURCE_PACK_v1.2/29_FINAL_CONTROL/W4-02A.6.37_FINAL_CROSS_DOCUMENT_RECONCILIATION_v1.0.docx,56438,55ba7ad886ea26469d2569f50ce577acf241b0b26969816e62774546acab967c
M01-M15 new recon(20260907-081753).zip,1,RUMAHAGEN_WF03_M06_FULL_REBUILD_CONTROLLED_v1.5_FULL_VERSION.zip!source_extracts/CORE/RUMAHAGEN_WIREFRAME_CORE_FINAL_SOURCE_PACK_v1.2/29_FINAL_CONTROL/W4-02A.6.34_CHANGELOG_FINAL_v1.0.docx,46682,42ecb48a9d988bb69b92df6e394b86b7ca0a3336a7f4c58edbe02688327bcf2e
M01-M15 new recon(20260907-081753).zip,1,RUMAHAGEN_WF03_M06_FULL_REBUILD_CONTROLLED_v1.5_FULL_VERSION.zip!source_extracts/CORE/RUMAHAGEN_WIREFRAME_CORE_FINAL_SOURCE_PACK_v1.2/29_FINAL_CONTROL/W4-02A.6.33_DECISION_LOG_FINAL_v2.1.md,18845,712f6513cc1b66ae90f673f920ee500d235a633dd4916f10a97b7031334821ca
M01-M15 new recon(20260907-081753).zip,1,RUMAHAGEN_WF03_M06_FULL_REBUILD_CONTROLLED_v1.5_FULL_VERSION.zip!source_extracts/CORE/RUMAHAGEN_WIREFRAME_CORE_FINAL_SOURCE_PACK_v1.2/14_FUNCTIONAL/W4-02A.6.18_FUNCTIONAL_SPECIFICATION_CURRENT_FUNCTIONAL_IMPLEMENTATION_CONTRACT_v2.1.md,60334,d7e9a7b5c761d51495e77f73824f903ca057e602c204c79284a2ae70c522072e
M01-M15 new recon(20260907-081753).zip,1,RUMAHAGEN_WF03_M06_FULL_REBUILD_CONTROLLED_v1.5_FULL_VERSION.zip!source_extracts/M06_v1.4/00_V1.2_BASELINE_RETAINED/06_M06_MARKETING_KIT_PERMISSION_MATRIX.csv,668,7cd9ce74b6319204147790b1d59a44dee9e844948a12f58956c64337e20c5e34
M01-M15 new recon(20260907-081753).zip,1,RUMAHAGEN_WF03_M06_FULL_REBUILD_CONTROLLED_v1.5_FULL_VERSION.zip!source_extracts/M06_v1.4/00_V1.2_BASELINE_RETAINED/14_M06_FULL_QUESTION_UPDATE.md,123,4605584a3bef1ed48c130fa2f7c9fe2faebd234aceb1581f371f4fe034024524
M01-M15 new recon(20260907-081753).zip,1,RUMAHAGEN_WF03_M06_FULL_REBUILD_CONTROLLED_v1.5_FULL_VERSION.zip!source_extracts/M06_v1.4/00_V1.2_BASELINE_RETAINED/10_M06_LIFECYCLE_REVIEW_FULL.md,359,114d06c030b0d0e84ec966e056cff8c014ffe088b8002132203e31f4ad137e16
M01-M15 new recon(20260907-081753).zip,1,RUMAHAGEN_WF03_M06_FULL_REBUILD_CONTROLLED_v1.5_FULL_VERSION.zip!source_extracts/M06_v1.4/00_V1.2_BASELINE_RETAINED/05_M06_M03_FIELD_MAPPING.csv,895,9aa9d70095bb4bb185bbddeb9866755e8bf2e6c51166e0332ce8500a0f5904d5
M01-M15 new recon(20260907-081753).zip,1,RUMAHAGEN_WF03_M06_FULL_REBUILD_CONTROLLED_v1.5_FULL_VERSION.zip!source_extracts/M06_v1.4/00_V1.2_BASELINE_RETAINED/01_M06_FULL_REBUILD_CONTROL_REPORT_v1.2.md,1003,5ce9198d3c64a6e4f5e5f8832027dac86f3a051418b37d3115230e55ed257968
M01-M15 new recon(20260907-081753).zip,1,RUMAHAGEN_WF03_M06_FULL_REBUILD_CONTROLLED_v1.5_FULL_VERSION.zip!source_extracts/M06_v1.4/00_V1.2_BASELINE_RETAINED/03_M06_SOURCE_INVENTORY_100PCT.csv,69297,48ff64e25a94ddf0e2b32c3ab286b839c71629c9452741f87f2f11c08a2d5f1e
M01-M15 new recon(20260907-081753).zip,1,RUMAHAGEN_WF03_M06_FULL_REBUILD_CONTROLLED_v1.5_FULL_VERSION.zip!source_extracts/M06_v1.4/00_V1.2_BASELINE_RETAINED/16_M06_QA_FULL.md,348,a0d1734740c7a05051a38be9be270446ed1e18c8458cadefb2f21fbf0192e640
M01-M15 new recon(20260907-081753).zip,1,RUMAHAGEN_WF03_M06_FULL_REBUILD_CONTROLLED_v1.5_FULL_VERSION.zip!source_extracts/M06_v1.4/00_V1.2_BASELINE_RETAINED/11_M06_CROSS_MODULE_RECONCILIATION_FULL.md,323,4c2ac97bc8bbdb47e2fa2ec7b4cead2803d6beae23f8aa681efc5694b94e3239
M01-M15 new recon(20260907-081753).zip,1,RUMAHAGEN_WF03_M06_FULL_REBUILD_CONTROLLED_v1.5_FULL_VERSION.zip!source_extracts/M06_v1.4/00_V1.2_BASELINE_RETAINED/12_M06_PHYSICAL_RUNTIME_PREREQUISITE_REVIEW_FULL.md,235,c8826984eab93c3c6ed920ea5a52d3eab7188c6d0e34b0c4eb21bb583d9b3da7
M01-M15 new recon(20260907-081753).zip,1,RUMAHAGEN_WF03_M06_FULL_REBUILD_CONTROLLED_v1.5_FULL_VERSION.zip!source_extracts/M06_v1.4/00_V1.2_BASELINE_RETAINED/07_M06_LIFECYCLE_MATRIX.csv,745,ee89586c2d4eff8c5d8db9f5abcdaf79207db3f3d0940fabbd0ac5d5cb88c390
M01-M15 new recon(20260907-081753).zip,1,RUMAHAGEN_WF03_M06_FULL_REBUILD_CONTROLLED_v1.5_FULL_VERSION.zip!source_extracts/M06_v1.4/00_V1.2_BASELINE_RETAINED/18_M06_FULL_CONTROL_MATRIX_v1.2.xlsx,14277,5ebe4006e7acff9cdad98d6cd64a041a7e3a065b2b1d043444c75858815bfe12
M01-M15 new recon(20260907-081753).zip,1,RUMAHAGEN_WF03_M06_FULL_REBUILD_CONTROLLED_v1.5_FULL_VERSION.zip!source_extracts/M06_v1.4/00_V1.2_BASELINE_RETAINED/19_M06_FULL_REBUILD_CONTROLLED_v1.2.docx,37097,271b5ec36e38a66621acd3043fa1817ef050a4755f2a6ea1fd39c8a7b24cfc36
M01-M15 new recon(20260907-081753).zip,1,RUMAHAGEN_WF03_M06_FULL_REBUILD_CONTROLLED_v1.5_FULL_VERSION.zip!source_extracts/M06_v1.4/00_V1.2_BASELINE_RETAINED/08_M06_QUESTION_INVENTORY_FULL.csv,1286,7d5ad124b75eeb17b24a1573db1256337fb029cdc1fa5112eba169bf44579e16
M01-M15 new recon(20260907-081753).zip,1,RUMAHAGEN_WF03_M06_FULL_REBUILD_CONTROLLED_v1.5_FULL_VERSION.zip!source_extracts/M06_v1.4/00_V1.2_BASELINE_RETAINED/09_M06_ROLE_SCOPE_REVIEW_FULL.md,420,0fe62c7bdf57fe79611aa67cfe8ee5f9dbee979f4d821125c3f2a9f15daec46b
M01-M15 new recon(20260907-081753).zip,1,RUMAHAGEN_WF03_M06_FULL_REBUILD_CONTROLLED_v1.5_FULL_VERSION.zip!source_extracts/M06_v1.4/00_V1.2_BASELINE_RETAINED/04_M06_FULL_FIELD_INVENTORY.csv,3946,45762e1f09af03d510d653b2fc065ee751d03a732242b215b9f4d2e2cfed0023
M01-M15 new recon(20260907-081753).zip,1,RUMAHAGEN_WF03_M06_FULL_REBUILD_CONTROLLED_v1.5_FULL_VERSION.zip!source_extracts/M06_v1.4/00_V1.2_BASELINE_RETAINED/13_M06_GENUINE_BLOCKERS_FULL.md,286,8d6fca00c6bb95d6931c280a4e067c314103b4c85b62b5f8d37dfd0fe00ff7a0
M01-M15 new recon(20260907-081753).zip,1,RUMAHAGEN_WF03_M06_FULL_REBUILD_CONTROLLED_v1.5_FULL_VERSION.zip!source_extracts/M06_v1.4/00_V1.2_BASELINE_RETAINED/15_M06_SECOND_PASS_SCAN_RESULT.md,462,ad5d08f047fd7ac048d4033b297e2960c902e784d25019003106c7e52da343e4
M01-M15 new recon(20260907-081753).zip,1,RUMAHAGEN_WF03_M06_FULL_REBUILD_CONTROLLED_v1.5_FULL_VERSION.zip!source_extracts/M06_v1.4/00_V1.2_BASELINE_RETAINED/02_M06_SOURCE_INVENTORY_100PCT.md,139,6374b713cb393a9b3c727ddf91ba4ca1ee29d14427fd921aa026f229bbc45283
M01-M15 new recon(20260907-081753).zip,1,RUMAHAGEN_WF03_M06_FULL_REBUILD_CONTROLLED_v1.5_FULL_VERSION.zip!source_extracts/M06_v1.4/00_V1.2_BASELINE_RETAINED/17_M06_CONTROLLED_OUTPUT_MANIFEST_FULL.md,167,89009d39dd473a35fbd9d5280e2cd35353ea1528a8936bcdda38b8d48f9163c6
M01-M15 new recon(20260907-081753).zip,1,RUMAHAGEN_WF03_M06_FULL_REBUILD_CONTROLLED_v1.5_FULL_VERSION.zip!source_extracts/M06_v1.4/00_V1.2_BASELINE_RETAINED/00_V1.1_BASELINE_RETAINED/11_M06_CROSS_ARTIFACT_RECONCILIATION_FULL.md,642,808ca0fa8ebd725631407b8c1599b26a8a3be01b641bd6b7d956308e9d8eb382
M01-M15 new recon(20260907-081753).zip,1,RUMAHAGEN_WF03_M06_FULL_REBUILD_CONTROLLED_v1.5_FULL_VERSION.zip!source_extracts/M06_v1.4/00_V1.2_BASELINE_RETAINED/00_V1.1_BASELINE_RETAINED/03_M06_SOURCE_INVENTORY_100PCT.csv,66475,a305137527ef4591bab8eb1bb48cc96dda7b98751c6809002a2d8576d1d74c85
M01-M15 new recon(20260907-081753).zip,1,RUMAHAGEN_WF03_M06_FULL_REBUILD_CONTROLLED_v1.5_FULL_VERSION.zip!source_extracts/M06_v1.4/00_V1.2_BASELINE_RETAINED/00_V1.1_BASELINE_RETAINED/04_M06_QUESTION_INVENTORY_100PCT.csv,2507,4644751b4876a83ce3d8fe0ecebc1b9b8e1ab48756fd750dfef219ac1ea05bcf
M01-M15 new recon(20260907-081753).zip,1,RUMAHAGEN_WF03_M06_FULL_REBUILD_CONTROLLED_v1.5_FULL_VERSION.zip!source_extracts/M06_v1.4/00_V1.2_BASELINE_RETAINED/00_V1.1_BASELINE_RETAINED/14_M06_FULL_LIFECYCLE_MATRIX.csv,992,e745fc30d59350b47dddf98a6f2c77e33c64ecc05980865b2e85f3ba1908f487
M01-M15 new recon(20260907-081753).zip,1,RUMAHAGEN_WF03_M06_FULL_REBUILD_CONTROLLED_v1.5_FULL_VERSION.zip!source_extracts/M06_v1.4/00_V1.2_BASELINE_RETAINED/00_V1.1_BASELINE_RETAINED/10_M06_GENUINE_DOCUMENTARY_BLOCKERS_FULL.md,497,6e8548e00b2df9f536ec529767e470e942f36f3d0fe6d505c588edb4ee223bb3
M01-M15 new recon(20260907-081753).zip,1,RUMAHAGEN_WF03_M06_FULL_REBUILD_CONTROLLED_v1.5_FULL_VERSION.zip!source_extracts/M06_v1.4/00_V1.2_BASELINE_RETAINED/00_V1.1_BASELINE_RETAINED/18_M06_CONTROLLED_OUTPUT_MANIFEST_FULL.md,362,d5932004420e9f4226a090a457f6a3f0de6b6e3ca1b6fb6181a0bc8f41ef522e
M01-M15 new recon(20260907-081753).zip,1,RUMAHAGEN_WF03_M06_FULL_REBUILD_CONTROLLED_v1.5_FULL_VERSION.zip!source_extracts/M06_v1.4/00_V1.2_BASELINE_RETAINED/00_V1.1_BASELINE_RETAINED/20_M06_FULL_REBUILD_CONTROLLED_v1.1.docx,37366,a98f8438d3cdca8dd123adb7e6f38e817113916f761f3a87392d47488027e910
M01-M15 new recon(20260907-081753).zip,1,RUMAHAGEN_WF03_M06_FULL_REBUILD_CONTROLLED_v1.5_FULL_VERSION.zip!source_extracts/M06_v1.4/00_V1.2_BASELINE_RETAINED/00_V1.1_BASELINE_RETAINED/07_M06_LIFECYCLE_REVIEW_FULL.md,679,1bbb48e97c5984547a6c66b566f175cd2834dcdff22d0bbb7204f2a62e309d3d
M01-M15 new recon(20260907-081753).zip,1,RUMAHAGEN_WF03_M06_FULL_REBUILD_CONTROLLED_v1.5_FULL_VERSION.zip!source_extracts/M06_v1.4/00_V1.2_BASELINE_RETAINED/00_V1.1_BASELINE_RETAINED/09_M06_PHYSICAL_RUNTIME_PREREQUISITE_REVIEW_FULL.md,390,f19794a65ba45519e28bbe86df1608cf5966c25c02d04c6d491b668fd70a25ce
M01-M15 new recon(20260907-081753).zip,1,RUMAHAGEN_WF03_M06_FULL_REBUILD_CONTROLLED_v1.5_FULL_VERSION.zip!source_extracts/M06_v1.4/00_V1.2_BASELINE_RETAINED/00_V1.1_BASELINE_RETAINED/01_M06_FULL_REBUILD_CONTROL_REPORT_v1.1.md,1241,5f780b5eb216809edbf0266fc57460810badf35832fdfd8880dca435da0e7262
M01-M15 new recon(20260907-081753).zip,1,RUMAHAGEN_WF03_M06_FULL_REBUILD_CONTROLLED_v1.5_FULL_VERSION.zip!source_extracts/M06_v1.4/00_V1.2_BASELINE_RETAINED/00_V1.1_BASELINE_RETAINED/13_M06_FULL_PERMISSION_MATRIX.csv,2870,86eba2cba82480699b634bd82032b0d86917908ac7e9654052fb5213a5cab4a9
M01-M15 new recon(20260907-081753).zip,1,RUMAHAGEN_WF03_M06_FULL_REBUILD_CONTROLLED_v1.5_FULL_VERSION.zip!source_extracts/M06_v1.4/00_V1.2_BASELINE_RETAINED/00_V1.1_BASELINE_RETAINED/16_M06_FULL_QUESTION_UPDATE.md,578,fa8876bf8bec79dd18ac201f0c063e7704c558c9cfeba326136753a5738b2c10
M01-M15 new recon(20260907-081753).zip,1,RUMAHAGEN_WF03_M06_FULL_REBUILD_CONTROLLED_v1.5_FULL_VERSION.zip!source_extracts/M06_v1.4/00_V1.2_BASELINE_RETAINED/00_V1.1_BASELINE_RETAINED/19_M06_FULL_CONTROL_MATRIX_v1.1.xlsx,10723,ffac62afea62bddd2e8f2f2e3099555c546d524266ea5d3bd0bae19eb8fe1645
M01-M15 new recon(20260907-081753).zip,1,RUMAHAGEN_WF03_M06_FULL_REBUILD_CONTROLLED_v1.5_FULL_VERSION.zip!source_extracts/M06_v1.4/00_V1.2_BASELINE_RETAINED/00_V1.1_BASELINE_RETAINED/15_M06_FULL_CROSS_MODULE_MATRIX.csv,567,c7ef503a3f454f7d18a0600d2263a4e81ab6e9feb632b29c3bba1e45916525bd
M01-M15 new recon(20260907-081753).zip,1,RUMAHAGEN_WF03_M06_FULL_REBUILD_CONTROLLED_v1.5_FULL_VERSION.zip!source_extracts/M06_v1.4/00_V1.2_BASELINE_RETAINED/00_V1.1_BASELINE_RETAINED/08_M06_CROSS_MODULE_DEPENDENCY_REVIEW_FULL.md,439,a5e564ae3b185130e29ce962a9459f6ae903c078fcde8c286e0fcaf8c8591752
M01-M15 new recon(20260907-081753).zip,1,RUMAHAGEN_WF03_M06_FULL_REBUILD_CONTROLLED_v1.5_FULL_VERSION.zip!source_extracts/M06_v1.4/00_V1.2_BASELINE_RETAINED/00_V1.1_BASELINE_RETAINED/12_M06_FULL_FIELD_INVENTORY.csv,2510,37f631feb361d8419696bd063b6fb94d4cb23a4d7d32b997b313a88ceddcefe2
M01-M15 new recon(20260907-081753).zip,1,RUMAHAGEN_WF03_M06_FULL_REBUILD_CONTROLLED_v1.5_FULL_VERSION.zip!source_extracts/M06_v1.4/00_V1.2_BASELINE_RETAINED/00_V1.1_BASELINE_RETAINED/02_M06_SOURCE_INVENTORY_100PCT.md,170,b1764b6fb46efd6ad552e5527ad8117888b7f98361d917bdc5f688ab1328e248
M01-M15 new recon(20260907-081753).zip,1,RUMAHAGEN_WF03_M06_FULL_REBUILD_CONTROLLED_v1.5_FULL_VERSION.zip!source_extracts/M06_v1.4/00_V1.2_BASELINE_RETAINED/00_V1.1_BASELINE_RETAINED/05_M06_ROLE_SCOPE_REVIEW_FULL.md,739,728ca58fdc36e5cb4aa74fe0145ec590c58bacee7319b84aa8726e06196b378f
M01-M15 new recon(20260907-081753).zip,1,RUMAHAGEN_WF03_M06_FULL_REBUILD_CONTROLLED_v1.5_FULL_VERSION.zip!source_extracts/M06_v1.4/00_V1.2_BASELINE_RETAINED/00_V1.1_BASELINE_RETAINED/06_M06_PERMISSION_DEPENDENCY_REVIEW_FULL.md,663,52b5894947736ab5e01e66968889fd3564ba58063cf28aa216fc52fd0ef143b4
M01-M15 new recon(20260907-081753).zip,1,RUMAHAGEN_WF03_M06_FULL_REBUILD_CONTROLLED_v1.5_FULL_VERSION.zip!source_extracts/M06_v1.4/00_V1.2_BASELINE_RETAINED/00_V1.1_BASELINE_RETAINED/17_M06_FINAL_QA_FULL.md,1103,82637ba208bd2e415ad9cde9c6bf974ebc83a5d8cca88d14f9fb84b95d5b835c
M01-M15 new recon(20260907-081753).zip,1,RUMAHAGEN_WF03_M06_FULL_REBUILD_CONTROLLED_v1.5_FULL_VERSION.zip!source_extracts/M06_v1.4/00_V1.2_BASELINE_RETAINED/00_V1.1_BASELINE_RETAINED/00_V1.0_BASELINE_RETAINED/19_M06_FULL_REBUILD_CONTROLLED_v1.0.docx,37283,25f1350c27045403e7496de7776f3c41f874abe33223dc84d09080c513d5cb52
M01-M15 new recon(20260907-081753).zip,1,RUMAHAGEN_WF03_M06_FULL_REBUILD_CONTROLLED_v1.5_FULL_VERSION.zip!source_extracts/M06_v1.4/00_V1.2_BASELINE_RETAINED/00_V1.1_BASELINE_RETAINED/00_V1.0_BASELINE_RETAINED/03_M06_QUESTION_INVENTORY_100PCT.md,203,960e4c941811f35ba1c720f7922fc3a7b568a27aedfc19ad45bd09c5741b4389
M01-M15 new recon(20260907-081753).zip,1,RUMAHAGEN_WF03_M06_FULL_REBUILD_CONTROLLED_v1.5_FULL_VERSION.zip!source_extracts/M06_v1.4/00_V1.2_BASELINE_RETAINED/00_V1.1_BASELINE_RETAINED/00_V1.0_BASELINE_RETAINED/12_M06_FULL_PERMISSION_ACTION_MATRIX.csv,668,75ba7dca2fc583c9a2b4b12bde6aebaf1756c25cb753e8d408dc8848e85f5609
M01-M15 new recon(20260907-081753).zip,1,RUMAHAGEN_WF03_M06_FULL_REBUILD_CONTROLLED_v1.5_FULL_VERSION.zip!source_extracts/M06_v1.4/00_V1.2_BASELINE_RETAINED/00_V1.1_BASELINE_RETAINED/00_V1.0_BASELINE_RETAINED/18_M06_FULL_CONTROL_MATRIX.xlsx,7762,f2f5152a1e32af0f1a2e8d418cef114f34278af028f56071e96f5ce845d5b5ab
M01-M15 new recon(20260907-081753).zip,1,RUMAHAGEN_WF03_M06_FULL_REBUILD_CONTROLLED_v1.5_FULL_VERSION.zip!source_extracts/M06_v1.4/00_V1.2_BASELINE_RETAINED/00_V1.1_BASELINE_RETAINED/00_V1.0_BASELINE_RETAINED/16_M06_QA.md,549,1fdbea9447d8a389d29cf42cfde35f812dd0bc16c0642118603a9904dd1cc281
M01-M15 new recon(20260907-081753).zip,1,RUMAHAGEN_WF03_M06_FULL_REBUILD_CONTROLLED_v1.5_FULL_VERSION.zip!source_extracts/M06_v1.4/00_V1.2_BASELINE_RETAINED/00_V1.1_BASELINE_RETAINED/00_V1.0_BASELINE_RETAINED/10_M06_FULL_FIELD_INVENTORY.csv,41,d6a58893d2e24779592fd13ea64bff16f541328f74ddf0ee63365e7240334078
M01-M15 new recon(20260907-081753).zip,1,RUMAHAGEN_WF03_M06_FULL_REBUILD_CONTROLLED_v1.5_FULL_VERSION.zip!source_extracts/M06_v1.4/00_V1.2_BASELINE_RETAINED/00_V1.1_BASELINE_RETAINED/00_V1.0_BASELINE_RETAINED/11_M06_FULL_ROLE_PERMISSION_MATRIX.csv,661,100c0af5884834a579ce788b97efe5726debaceaf24aeb53b1ebda3cbb93f27e
M01-M15 new recon(20260907-081753).zip,1,RUMAHAGEN_WF03_M06_FULL_REBUILD_CONTROLLED_v1.5_FULL_VERSION.zip!source_extracts/M06_v1.4/00_V1.2_BASELINE_RETAINED/00_V1.1_BASELINE_RETAINED/00_V1.0_BASELINE_RETAINED/02_M06_SOURCE_INVENTORY_100PCT.csv,48037,28049e61d6c234544b990497c6a055128272c62cad955351caf785e9f0186206
M01-M15 new recon(20260907-081753).zip,1,RUMAHAGEN_WF03_M06_FULL_REBUILD_CONTROLLED_v1.5_FULL_VERSION.zip!source_extracts/M06_v1.4/00_V1.2_BASELINE_RETAINED/00_V1.1_BASELINE_RETAINED/00_V1.0_BASELINE_RETAINED/14_M06_FULL_LIFECYCLE_MATRIX.csv,416,cc1438b2f2a9e019f24e97c06ea8b6c7bac572b5052c8b57201e8e01c6f18d05
M01-M15 new recon(20260907-081753).zip,1,RUMAHAGEN_WF03_M06_FULL_REBUILD_CONTROLLED_v1.5_FULL_VERSION.zip!source_extracts/M06_v1.4/00_V1.2_BASELINE_RETAINED/00_V1.1_BASELINE_RETAINED/00_V1.0_BASELINE_RETAINED/03_M06_QUESTION_INVENTORY_100PCT.csv,1778,4580b184ed6094a0dafa3f481927bc5ceefef79651c842f84cc541956c8c2d9f
M01-M15 new recon(20260907-081753).zip,1,RUMAHAGEN_WF03_M06_FULL_REBUILD_CONTROLLED_v1.5_FULL_VERSION.zip!source_extracts/M06_v1.4/00_V1.2_BASELINE_RETAINED/00_V1.1_BASELINE_RETAINED/00_V1.0_BASELINE_RETAINED/01_M06_SOURCE_INVENTORY_100PCT.md,294,3542e6ffb95c1f867b36d9cbab55f056b6b1acd896a6d505043ca444f1ca339e
M01-M15 new recon(20260907-081753).zip,1,RUMAHAGEN_WF03_M06_FULL_REBUILD_CONTROLLED_v1.5_FULL_VERSION.zip!source_extracts/M06_v1.4/00_V1.2_BASELINE_RETAINED/00_V1.1_BASELINE_RETAINED/00_V1.0_BASELINE_RETAINED/09_M06_GENUINE_DOCUMENTARY_BLOCKERS.md,391,7e79eb87104a838e224e360619e9fb27a39cbf31669a10cdaf11491198c425df
M01-M15 new recon(20260907-081753).zip,1,RUMAHAGEN_WF03_M06_FULL_REBUILD_CONTROLLED_v1.5_FULL_VERSION.zip!source_extracts/M06_v1.4/00_V1.2_BASELINE_RETAINED/00_V1.1_BASELINE_RETAINED/00_V1.0_BASELINE_RETAINED/08_M06_PHYSICAL_RUNTIME_PREREQUISITE_REVIEW.md,446,021c7fb5e16e96522e7c609cb704b1f7b0790289ffe490813e746b47fdd0fda2
M01-M15 new recon(20260907-081753).zip,1,RUMAHAGEN_WF03_M06_FULL_REBUILD_CONTROLLED_v1.5_FULL_VERSION.zip!source_extracts/M06_v1.4/00_V1.2_BASELINE_RETAINED/00_V1.1_BASELINE_RETAINED/00_V1.0_BASELINE_RETAINED/06_M06_LIFECYCLE_REVIEW.md,528,145313c974bef0e0aca95c30d3791642a65606d8f01d0008b948a6b62b227d9c
M01-M15 new recon(20260907-081753).zip,1,RUMAHAGEN_WF03_M06_FULL_REBUILD_CONTROLLED_v1.5_FULL_VERSION.zip!source_extracts/M06_v1.4/00_V1.2_BASELINE_RETAINED/00_V1.1_BASELINE_RETAINED/00_V1.0_BASELINE_RETAINED/04_M06_ROLE_SCOPE_REVIEW.md,535,d949122be464690d0d27a4e857adc3f0c86c78ff31c204f1e18b8eab87063119
M01-M15 new recon(20260907-081753).zip,1,RUMAHAGEN_WF03_M06_FULL_REBUILD_CONTROLLED_v1.5_FULL_VERSION.zip!source_extracts/M06_v1.4/00_V1.2_BASELINE_RETAINED/00_V1.1_BASELINE_RETAINED/00_V1.0_BASELINE_RETAINED/07_M06_CROSS_MODULE_DEPENDENCY_REVIEW.md,563,9b17bcaf0ad4615e8a3fba6cebc5d51ad99120595b951755c713581a62a1db66
M01-M15 new recon(20260907-081753).zip,1,RUMAHAGEN_WF03_M06_FULL_REBUILD_CONTROLLED_v1.5_FULL_VERSION.zip!source_extracts/M06_v1.4/00_V1.2_BASELINE_RETAINED/00_V1.1_BASELINE_RETAINED/00_V1.0_BASELINE_RETAINED/05_M06_PERMISSION_DEPENDENCY_REVIEW.md,548,d5067768d73997ed11bea7805e3bf694deeb96f9671b400125eae35f350bc4bb
M01-M15 new recon(20260907-081753).zip,1,RUMAHAGEN_WF03_M06_FULL_REBUILD_CONTROLLED_v1.5_FULL_VERSION.zip!source_extracts/M06_v1.4/00_V1.2_BASELINE_RETAINED/00_V1.1_BASELINE_RETAINED/00_V1.0_BASELINE_RETAINED/00_M06_FULL_REBUILD_CONTROL_REPORT_v1.0.md,809,72db6725bd5c11e352bb58c117039586077dd39beaaa90f4a874a40d6b05bece
M01-M15 new recon(20260907-081753).zip,1,RUMAHAGEN_WF03_M06_FULL_REBUILD_CONTROLLED_v1.5_FULL_VERSION.zip!source_extracts/M06_v1.4/00_V1.2_BASELINE_RETAINED/00_V1.1_BASELINE_RETAINED/00_V1.0_BASELINE_RETAINED/15_M06_FULL_QUESTION_UPDATE.md,416,8d30cb518910d1b065b028a04e91e1fd44d6f4827361bbb0c1210aaa3e31ff4e
M01-M15 new recon(20260907-081753).zip,1,RUMAHAGEN_WF03_M06_FULL_REBUILD_CONTROLLED_v1.5_FULL_VERSION.zip!source_extracts/M06_v1.4/00_V1.2_BASELINE_RETAINED/00_V1.1_BASELINE_RETAINED/00_V1.0_BASELINE_RETAINED/17_M06_CONTROLLED_OUTPUT_MANIFEST.md,278,4234ddc4abfead14f4e195060e1c9fb9ff2a48a6467831d833642102bd088443
M01-M15 new recon(20260907-081753).zip,1,RUMAHAGEN_WF03_M06_FULL_REBUILD_CONTROLLED_v1.5_FULL_VERSION.zip!source_extracts/M06_v1.4/00_V1.2_BASELINE_RETAINED/00_V1.1_BASELINE_RETAINED/00_V1.0_BASELINE_RETAINED/13_M06_FULL_CONFIGURATION_MATRIX.csv,328,2471ffef628608fc383b2ba42ea3a0e40e6dba8a1b3899ae0caef5c276ee3f35
M01-M15 new recon(20260907-081753).zip,1,RUMAHAGEN_WF03_M06_FULL_REBUILD_CONTROLLED_v1.5_FULL_VERSION.zip!source_extracts/M05_RECON/01_FULL_V1.2_RETAINED/evidence_provider.md,8501,6edaab09e2c2d6284da1f1846448cae2049c0bbee22892a44d162b4cf00919db
M01-M15 new recon(20260907-081753).zip,1,RUMAHAGEN_WF03_M06_FULL_REBUILD_CONTROLLED_v1.5_FULL_VERSION.zip!source_extracts/M05_RECON/01_FULL_V1.2_RETAINED/evidence_quota.md,8997,5739dd0e60bc7d6dbb132bd2fc99307cbae5e641876d514287331dee2229554d
M01-M15 new recon(20260907-081753).zip,1,RUMAHAGEN_WF03_M06_FULL_REBUILD_CONTROLLED_v1.5_FULL_VERSION.zip!source_extracts/M05_RECON/01_FULL_V1.2_RETAINED/06_M05_CROSS_ARTIFACT_RECONCILIATION_FULL_v1.2.md,771,d0bc8ec1808f80f3fe60a9653d896d39acb47ca8deda709c37d50adb90c222f6
M01-M15 new recon(20260907-081753).zip,1,RUMAHAGEN_WF03_M06_FULL_REBUILD_CONTROLLED_v1.5_FULL_VERSION.zip!source_extracts/M05_RECON/01_FULL_V1.2_RETAINED/07_M05_PHYSICAL_RUNTIME_PREREQUISITE_REVIEW_FULL_v1.2.md,576,c989b648afb1dbf8d0f83b8dea57d9902b246fe24957b3dbdd178c7aed59d616
M01-M15 new recon(20260907-081753).zip,1,RUMAHAGEN_WF03_M06_FULL_REBUILD_CONTROLLED_v1.5_FULL_VERSION.zip!source_extracts/M05_RECON/01_FULL_V1.2_RETAINED/16_M05_FULL_REBUILD_CONTROLLED_v1.2.docx,38911,3f6fd5e26ba3be8c62abd83d5fcf23a691d2ed0249457839e2e91eda6728a5a1
M01-M15 new recon(20260907-081753).zip,1,RUMAHAGEN_WF03_M06_FULL_REBUILD_CONTROLLED_v1.5_FULL_VERSION.zip!source_extracts/M05_RECON/01_FULL_V1.2_RETAINED/08_M05_CROSS_MODULE_RECONCILIATION_FULL_v1.2.md,468,d7d33ca3a8fddabcbc235f0cb3d8ced1bd223fcf0d75ccf31e9c8a3a43ccc7f3
M01-M15 new recon(20260907-081753).zip,1,RUMAHAGEN_WF03_M06_FULL_REBUILD_CONTROLLED_v1.5_FULL_VERSION.zip!source_extracts/M05_RECON/01_FULL_V1.2_RETAINED/evidence_iframe.md,7107,87e56e7c740da4101035c2337aec782135d9972c3a094d6da1e35fbbc7b67923
M01-M15 new recon(20260907-081753).zip,1,RUMAHAGEN_WF03_M06_FULL_REBUILD_CONTROLLED_v1.5_FULL_VERSION.zip!source_extracts/M05_RECON/01_FULL_V1.2_RETAINED/evidence_late_registration.md,8522,5dad927befd76a6385f49a07d5e945c7dac5859f9aabb2e12819b1ad905ea921
M01-M15 new recon(20260907-081753).zip,1,RUMAHAGEN_WF03_M06_FULL_REBUILD_CONTROLLED_v1.5_FULL_VERSION.zip!source_extracts/M05_RECON/01_FULL_V1.2_RETAINED/03_M05_SEMANTIC_REVIEW_FULL_v1.2.md,824,5bc5b8c679a1d8cddb7436f24a45d188e2ac0c4033430f539ec66c07fce57f62
M01-M15 new recon(20260907-081753).zip,1,RUMAHAGEN_WF03_M06_FULL_REBUILD_CONTROLLED_v1.5_FULL_VERSION.zip!source_extracts/M05_RECON/01_FULL_V1.2_RETAINED/evidence_fields.md,8908,b3848bb521559a614af5d5a047c90e2628e62b4ed2b70b86d98e1714c2dadc3b
M01-M15 new recon(20260907-081753).zip,1,RUMAHAGEN_WF03_M06_FULL_REBUILD_CONTROLLED_v1.5_FULL_VERSION.zip!source_extracts/M05_RECON/01_FULL_V1.2_RETAINED/01_M05_SOURCE_INVENTORY_100PCT_v1.2.md,331,d0dce5dec2063a77ae9e8d4a70c156055d2074d523459c51ce858372ec6b08b8
M01-M15 new recon(20260907-081753).zip,1,RUMAHAGEN_WF03_M06_FULL_REBUILD_CONTROLLED_v1.5_FULL_VERSION.zip!source_extracts/M05_RECON/01_FULL_V1.2_RETAINED/evidence_attendance.md,8385,96168cb862f58dc1aa5c88ff12e9bb2bea6a9203eae8c7019c45e9bc61e790ce
M01-M15 new recon(20260907-081753).zip,1,RUMAHAGEN_WF03_M06_FULL_REBUILD_CONTROLLED_v1.5_FULL_VERSION.zip!source_extracts/M05_RECON/01_FULL_V1.2_RETAINED/15_M05_MANIFEST_CONTROLLED_v1.2.md,527,8ac8db02b06f6244c19d45a1fadfa51979200e14f78bca1226d03680a6d52346
M01-M15 new recon(20260907-081753).zip,1,RUMAHAGEN_WF03_M06_FULL_REBUILD_CONTROLLED_v1.5_FULL_VERSION.zip!source_extracts/M05_RECON/01_FULL_V1.2_RETAINED/02_M05_QUESTION_INVENTORY_FULL_v1.2.csv,2321,d87f8242e029d255f930f16db9360243f3e24c04e0f020f4ca739467f3c9a1ec
M01-M15 new recon(20260907-081753).zip,1,RUMAHAGEN_WF03_M06_FULL_REBUILD_CONTROLLED_v1.5_FULL_VERSION.zip!source_extracts/M05_RECON/01_FULL_V1.2_RETAINED/10_M05_CONFIGURATION_PROVIDER_FULL_v1.2.md,994,98cefff14739efb2325fac01ef67cdb66ef7dd73e2dcb95c850324f1e57e485f
M01-M15 new recon(20260907-081753).zip,1,RUMAHAGEN_WF03_M06_FULL_REBUILD_CONTROLLED_v1.5_FULL_VERSION.zip!source_extracts/M05_RECON/01_FULL_V1.2_RETAINED/evidence_waitinglist.md,8521,632636cf72ddce93215d53df08d7aae1da9f97443c47cc70b1e1c0a7f98ae66e
M01-M15 new recon(20260907-081753).zip,1,RUMAHAGEN_WF03_M06_FULL_REBUILD_CONTROLLED_v1.5_FULL_VERSION.zip!source_extracts/M05_RECON/01_FULL_V1.2_RETAINED/09_M05_ACTOR_SURFACE_FULL_v1.2.md,632,c83720852629c84182c81579f44e1822a11d66ec2286806adf7fcddcf0683acd
M01-M15 new recon(20260907-081753).zip,1,RUMAHAGEN_WF03_M06_FULL_REBUILD_CONTROLLED_v1.5_FULL_VERSION.zip!source_extracts/M05_RECON/01_FULL_V1.2_RETAINED/12_M05_FULL_FIELD_CONFIGURATION_PERMISSION_MATRIX_v1.2.xlsx,8960,cd1ca9ea4b5b61e66cdcbc9c8e4b376c8264954153921cc3c52df94660e7cf0d
M01-M15 new recon(20260907-081753).zip,1,RUMAHAGEN_WF03_M06_FULL_REBUILD_CONTROLLED_v1.5_FULL_VERSION.zip!source_extracts/M05_RECON/01_FULL_V1.2_RETAINED/11_M05_PERMISSION_MATRIX_FULL_v1.2.csv,585,313bb7e2a1150735acf5784bacdbfcd668602cbcb41cac2c729f07b0f9227d8f
M01-M15 new recon(20260907-081753).zip,1,RUMAHAGEN_WF03_M06_FULL_REBUILD_CONTROLLED_v1.5_FULL_VERSION.zip!source_extracts/M05_RECON/01_FULL_V1.2_RETAINED/02_M05_QUESTION_INVENTORY_FULL_v1.2.md,237,0ead9d51ce5c3ccc45f9a7ef3ce107190b3906829753befec4049c23df906a19
M01-M15 new recon(20260907-081753).zip,1,RUMAHAGEN_WF03_M06_FULL_REBUILD_CONTROLLED_v1.5_FULL_VERSION.zip!source_extracts/M05_RECON/01_FULL_V1.2_RETAINED/13_M05_EVIDENCE_PROVENANCE_AND_DIFF_v1.2.md,1658,8e44d24df3826d67914b95435702eb6ef3283a5accbc30cce60161b1473ef4ce
M01-M15 new recon(20260907-081753).zip,1,RUMAHAGEN_WF03_M06_FULL_REBUILD_CONTROLLED_v1.5_FULL_VERSION.zip!source_extracts/M05_RECON/01_FULL_V1.2_RETAINED/00_M05_FULL_REBUILD_CONTROL_REPORT_v1.2.md,1490,2afae2a74dc5cb686cebff9e8bef85291feb0086c7580a46759114ab349f0e72
M01-M15 new recon(20260907-081753).zip,1,RUMAHAGEN_WF03_M06_FULL_REBUILD_CONTROLLED_v1.5_FULL_VERSION.zip!source_extracts/M05_RECON/01_FULL_V1.2_RETAINED/01_M05_SOURCE_INVENTORY_100PCT_v1.2.csv,67454,2f281b81c85297dbf006fc7967c4786b87989d2323ad17c51e2cabb559d9c24d
M01-M15 new recon(20260907-081753).zip,1,RUMAHAGEN_WF03_M06_FULL_REBUILD_CONTROLLED_v1.5_FULL_VERSION.zip!source_extracts/M05_RECON/01_FULL_V1.2_RETAINED/05_M05_PERMISSION_ACTION_REVIEW_FULL_v1.2.md,603,5ed39f103fa02317f3a02d09538d2d5df00f36092571155112dc95baf6529bb0
M01-M15 new recon(20260907-081753).zip,1,RUMAHAGEN_WF03_M06_FULL_REBUILD_CONTROLLED_v1.5_FULL_VERSION.zip!source_extracts/M05_RECON/01_FULL_V1.2_RETAINED/14_M05_QA_FULL_v1.2.md,1150,60ab10879ff1f725a8d43d5e9b453714cd019bc694fe71bd9bdbaba83c0e64f1
M01-M15 new recon(20260907-081753).zip,1,RUMAHAGEN_WF03_M06_FULL_REBUILD_CONTROLLED_v1.5_FULL_VERSION.zip!source_extracts/M05_RECON/01_FULL_V1.2_RETAINED/04_M05_LIFECYCLE_FULL_v1.2.md,959,a6de78784a718927f9795c107a5f8a3d02cb0d5bd073ed954257e350a5d0d2d7
M01-M15 new recon(20260907-081753).zip,0,RUMAHAGEN_WF03_M06_CORE_IMPACT_ANALYSIS_FULL_v1.0_CONTROLLED.zip,18996,3bcba5a06710b381a50796735fb3ee9e3e4ad183dabd7287d522874bee41b494
M01-M15 new recon(20260907-081753).zip,1,RUMAHAGEN_WF03_M06_CORE_IMPACT_ANALYSIS_FULL_v1.0_CONTROLLED.zip!10_MANIFEST_M06_CORE_IMPACT_v1.0.csv,1272,948cc292dc7d6d75863b3215374bd4d7399448abc3b39dfc1980a986cd2225ab
M01-M15 new recon(20260907-081753).zip,1,RUMAHAGEN_WF03_M06_CORE_IMPACT_ANALYSIS_FULL_v1.0_CONTROLLED.zip!01_M06_CORE_IMPACT_MATRIX_FULL_v1.0.xlsx,9462,3ee1895053b4b6a0ee1eb3ac51efd249c11cade46f09d3b8576a9d1668f928dc
M01-M15 new recon(20260907-081753).zip,1,RUMAHAGEN_WF03_M06_CORE_IMPACT_ANALYSIS_FULL_v1.0_CONTROLLED.zip!06_M06_CORE_CONFLICT_REGISTER_FULL_v1.0.md,1627,07edb7d3d55834ade4a106df023c732cee9874636012e9e438ca6c6e98f62a30
M01-M15 new recon(20260907-081753).zip,1,RUMAHAGEN_WF03_M06_CORE_IMPACT_ANALYSIS_FULL_v1.0_CONTROLLED.zip!05_M06_CORE_DEPENDENCY_IMPACT_FULL_v1.0.md,1046,9ee9f800af4758f7967a27195b70673c5fdd1a5ab7d8c497996e4cf0b52afd7d
M01-M15 new recon(20260907-081753).zip,1,RUMAHAGEN_WF03_M06_CORE_IMPACT_ANALYSIS_FULL_v1.0_CONTROLLED.zip!01_M06_CORE_IMPACT_MATRIX_FULL_v1.0.csv,4854,7b4ccc7c96b3cbc747350764ad9a81d4c461304773b62ae121fa4422f8ff8fef
M01-M15 new recon(20260907-081753).zip,1,RUMAHAGEN_WF03_M06_CORE_IMPACT_ANALYSIS_FULL_v1.0_CONTROLLED.zip!00_M06_CORE_IMPACT_EXECUTIVE_SUMMARY_v1.0.md,1612,5504b014be6dfa6e189abc41bff05cd8b726bcfddf3ae1abbc774752f01fc455
M01-M15 new recon(20260907-081753).zip,1,RUMAHAGEN_WF03_M06_CORE_IMPACT_ANALYSIS_FULL_v1.0_CONTROLLED.zip!02_M06_CORE_PROPAGATION_MATRIX_FULL_v1.0.csv,1626,ad042be56c0d2ec9c3964f452182b885d0d4439633899cefda7a72a3560180bc
M01-M15 new recon(20260907-081753).zip,1,RUMAHAGEN_WF03_M06_CORE_IMPACT_ANALYSIS_FULL_v1.0_CONTROLLED.zip!03_M06_CORE_REQUIRED_CHANGE_REGISTER_FULL_v1.0.md,2112,f716a69ed36bcd3fd21a473f018c85e075a7545413dfa1bf0078509a2520181d
M01-M15 new recon(20260907-081753).zip,1,RUMAHAGEN_WF03_M06_CORE_IMPACT_ANALYSIS_FULL_v1.0_CONTROLLED.zip!04_M06_CORE_AUTHORITY_MAPPING_FULL_v1.0.md,1432,89df2abf409fbdb23098072cbccabb9e8b9579e4c177cdee0196d444eb540677
M01-M15 new recon(20260907-081753).zip,1,RUMAHAGEN_WF03_M06_CORE_IMPACT_ANALYSIS_FULL_v1.0_CONTROLLED.zip!08_M06_CORE_INTEGRATION_READINESS_FULL_v1.0.md,809,113dea7a287da2d1190f4956dc2c4278ff802957eba6e681e083a8adeacc8b7a
M01-M15 new recon(20260907-081753).zip,1,RUMAHAGEN_WF03_M06_CORE_IMPACT_ANALYSIS_FULL_v1.0_CONTROLLED.zip!07_M06_CORE_IMPACT_QA_FULL_v1.0.md,1135,5c10102713694e46ada399ad403220677aa742946c61a5c18b7ae57a63d3da53
M01-M15 new recon(20260907-081753).zip,1,RUMAHAGEN_WF03_M06_CORE_IMPACT_ANALYSIS_FULL_v1.0_CONTROLLED.zip!09_M06_CORE_IMPACT_PROVENANCE_v1.0.md,570,57f7a123bf1e20c06dff56f1fa458adc67f3f2b779618c95eb6ba7e66e62faea
M01-M15 new recon(20260907-081753).zip,0,RUMAHAGEN_WF03_M06_QIR_RESOLUTION_CONTROLLED_v1.0_FULL_VERSION.zip,2963686,795b254f8f55dece4c9d281da4663bdeea348ceea05e3b353237f66303124f2e
M01-M15 new recon(20260907-081753).zip,1,RUMAHAGEN_WF03_M06_QIR_RESOLUTION_CONTROLLED_v1.0_FULL_VERSION.zip!11_M06_QIR_OUTPUT_MANIFEST_v1.0.csv,68358,0c432fc24e2cfd7c4584ae90f8f0b5f07d543b8a0c5a32f9ed40ca235c8892ca
M01-M15 new recon(20260907-081753).zip,1,RUMAHAGEN_WF03_M06_QIR_RESOLUTION_CONTROLLED_v1.0_FULL_VERSION.zip!02_M06_PROJECT_FIELD_INVENTORY_v1.5.csv,3186,061c2497e15def3d1c042dbeae486dfedad84e03c764ca2ef1c561b09ef3a0ed
M01-M15 new recon(20260907-081753).zip,1,RUMAHAGEN_WF03_M06_QIR_RESOLUTION_CONTROLLED_v1.0_FULL_VERSION.zip!09_M06_CONTROLLED_OUTPUT_MANIFEST_v1.5.csv,64495,2f63ba6bc044d528523be15e7a328bd5f765d9ed7743fe81a810076582a6665e
M01-M15 new recon(20260907-081753).zip,1,RUMAHAGEN_WF03_M06_QIR_RESOLUTION_CONTROLLED_v1.0_FULL_VERSION.zip!05_M06_PERMISSION_MATRIX_FULL_24_ROWS_v1.5.csv,2935,2d819e0180f5baba344142ce31831fc5fd3611cb864c55827b543c4551c24505
M01-M15 new recon(20260907-081753).zip,1,RUMAHAGEN_WF03_M06_QIR_RESOLUTION_CONTROLLED_v1.0_FULL_VERSION.zip!01_M06_FULL_CONTROL_MATRIX_v1.5.xlsx,18869,3fad5c0936695badd0ba7be0f4d21fa194e2cb2d5e675b32c81b75d8194d6465
M01-M15 new recon(20260907-081753).zip,1,RUMAHAGEN_WF03_M06_QIR_RESOLUTION_CONTROLLED_v1.0_FULL_VERSION.zip!04_M06_QUESTION_INVENTORY_v1.5.csv,4160,9727bd6a13e547a7c54c07c8d750c4f54c2813e36b5f84afdf26d1abc6b3f176
M01-M15 new recon(20260907-081753).zip,1,RUMAHAGEN_WF03_M06_QIR_RESOLUTION_CONTROLLED_v1.0_FULL_VERSION.zip!03_M06_M03_FIELD_MAPPING_v1.5.csv,3574,bf2c1bc128f03f18793ef9ff6732ce285ceb3422932c48997e22605f14ebed50
M01-M15 new recon(20260907-081753).zip,1,RUMAHAGEN_WF03_M06_QIR_RESOLUTION_CONTROLLED_v1.0_FULL_VERSION.zip!10_M06_V15_CORRECTION_RECONCILIATION_REPORT.md,1261,d905e75a38e39985d4a626a90a35c447de4c4e4119148d489751fe98605aba77
M01-M15 new recon(20260907-081753).zip,1,RUMAHAGEN_WF03_M06_QIR_RESOLUTION_CONTROLLED_v1.0_FULL_VERSION.zip!08_M06_SECOND_PASS_PREP_QA_v1.5.md,1974,fde7755ef9e71ac9805d50f9f1a430f811570164b9819e2ce3b9ec67d7f9eb67
M01-M15 new recon(20260907-081753).zip,1,RUMAHAGEN_WF03_M06_QIR_RESOLUTION_CONTROLLED_v1.0_FULL_VERSION.zip!07_M06_FULL_REBUILD_CONTROLLED_v1.5.md,4009,e285db1731559264037e51f69b68bfd3d1585747e2a4766051173ddc95c79045
M01-M15 new recon(20260907-081753).zip,1,RUMAHAGEN_WF03_M06_QIR_RESOLUTION_CONTROLLED_v1.0_FULL_VERSION.zip!README_M06_FULL_REBUILD_v1.5.md,1422,f8d6346e82d2f34753f9aac39477551537bcdaf5707304be6b7f03f8cea9f7e3
M01-M15 new recon(20260907-081753).zip,1,RUMAHAGEN_WF03_M06_QIR_RESOLUTION_CONTROLLED_v1.0_FULL_VERSION.zip!06_M06_FULL_REBUILD_CORRECTION_DECISIONS_v1.5.md,5176,cd3753baad68d644b3c7fd6451e407a3bb80acec21bc79952199f1e1b41b19d2
M01-M15 new recon(20260907-081753).zip,1,RUMAHAGEN_WF03_M06_QIR_RESOLUTION_CONTROLLED_v1.0_FULL_VERSION.zip!05A_M06_MARKETING_KIT_ACTION_AUTHORITY_v1.5.csv,510,e6d4dc31046ea618e2f63991d604cda3e8929fd89aa08416b0f4984d8ccda6fe
M01-M15 new recon(20260907-081753).zip,1,RUMAHAGEN_WF03_M06_QIR_RESOLUTION_CONTROLLED_v1.0_FULL_VERSION.zip!README_M06_QIR_RESOLUTION_v1.0.md,587,c7f062255a76d7e9ae97940da82e5d26739c39cfb705d4bbf0780ebaa87b8baf
M01-M15 new recon(20260907-081753).zip,1,RUMAHAGEN_WF03_M06_QIR_RESOLUTION_CONTROLLED_v1.0_FULL_VERSION.zip!00_V1.4_BASELINE_RETAINED/00_V1.3_CANONICAL_BASELINE_RETAINED.xlsx,14158,8f709ee95361b54be2344ba5b1984777c1c5744f357ec16626a32327f1855170
M01-M15 new recon(20260907-081753).zip,1,RUMAHAGEN_WF03_M06_QIR_RESOLUTION_CONTROLLED_v1.0_FULL_VERSION.zip!00_V1.4_BASELINE_RETAINED/09_M06_CONTROLLED_OUTPUT_MANIFEST_v1.4.csv,9681,44582e545e9156ef7db8729a3c1ee0302c4d31720a72a7964b50f0d19e8b9d15
M01-M15 new recon(20260907-081753).zip,1,RUMAHAGEN_WF03_M06_QIR_RESOLUTION_CONTROLLED_v1.0_FULL_VERSION.zip!00_V1.4_BASELINE_RETAINED/03_M06_M03_FIELD_MAPPING_v1.4.csv,2882,e0ac020e4764b88e176403098bbeceff9f87e881640037c6423b0df58a995110
M01-M15 new recon(20260907-081753).zip,1,RUMAHAGEN_WF03_M06_QIR_RESOLUTION_CONTROLLED_v1.0_FULL_VERSION.zip!00_V1.4_BASELINE_RETAINED/01_M06_FULL_CONTROL_MATRIX_v1.4.xlsx,17000,ca5211f5201fbf42ef208d7a9d0f7d29bb0a65c7c7820a2dab8b9595396e726e
M01-M15 new recon(20260907-081753).zip,1,RUMAHAGEN_WF03_M06_QIR_RESOLUTION_CONTROLLED_v1.0_FULL_VERSION.zip!00_V1.4_BASELINE_RETAINED/07_M06_FULL_REBUILD_CONTROLLED_v1.3.md,838,68dbd98e9ee3d89c1f677e688e0990cc9c02da250e95dd45b83aa5f08fd4d089
M01-M15 new recon(20260907-081753).zip,1,RUMAHAGEN_WF03_M06_QIR_RESOLUTION_CONTROLLED_v1.0_FULL_VERSION.zip!00_V1.4_BASELINE_RETAINED/04_M06_QUESTION_INVENTORY_v1.3.csv,1331,30caa94622579638ae1544abba7f6219240ca5d9241fc09d2c51185272c7e546
M01-M15 new recon(20260907-081753).zip,1,RUMAHAGEN_WF03_M06_QIR_RESOLUTION_CONTROLLED_v1.0_FULL_VERSION.zip!00_V1.4_BASELINE_RETAINED/02_M06_PROJECT_FIELD_INVENTORY_v1.3.csv,2314,dc30ea5efe3c1237051ac0c252d5543176b7860ab6092ef17d781a2ff4d9b2a3
M01-M15 new recon(20260907-081753).zip,1,RUMAHAGEN_WF03_M06_QIR_RESOLUTION_CONTROLLED_v1.0_FULL_VERSION.zip!00_V1.4_BASELINE_RETAINED/05_M06_CORRECTION_DECISION_v1.3.md,786,7cfb6fcf0fb8505320e641c18055306bc7f6f0227d9d82e0f546e5e4c52ef3f1
M01-M15 new recon(20260907-081753).zip,1,RUMAHAGEN_WF03_M06_QIR_RESOLUTION_CONTROLLED_v1.0_FULL_VERSION.zip!00_V1.4_BASELINE_RETAINED/07_M06_FULL_REBUILD_CONTROLLED_v1.4.md,1212,36c7733266ac2c205228b6fb9240a11a838356348d5807d5f59cc458116f8e24
M01-M15 new recon(20260907-081753).zip,1,RUMAHAGEN_WF03_M06_QIR_RESOLUTION_CONTROLLED_v1.0_FULL_VERSION.zip!00_V1.4_BASELINE_RETAINED/06_M06_FULL_REBUILD_CORRECTION_DECISIONS_v1.4.md,1553,ea17de99809e2d5932865517b60be0f09506fe38bf5440aa39455f598f50eaa9
M01-M15 new recon(20260907-081753).zip,1,RUMAHAGEN_WF03_M06_QIR_RESOLUTION_CONTROLLED_v1.0_FULL_VERSION.zip!00_V1.4_BASELINE_RETAINED/03_M06_M03_FIELD_MAPPING_v1.3.csv,823,d9c9410a4adade25266427dc32e7ad523eb6827e8ae95133268423e2685dde26
M01-M15 new recon(20260907-081753).zip,1,RUMAHAGEN_WF03_M06_QIR_RESOLUTION_CONTROLLED_v1.0_FULL_VERSION.zip!00_V1.4_BASELINE_RETAINED/04_M06_QUESTION_INVENTORY_v1.4.csv,2339,c9e504baaff10fb4dc27338d1ef3516bf5230ee3a5e560f022d166ac2f8f2777
M01-M15 new recon(20260907-081753).zip,1,RUMAHAGEN_WF03_M06_QIR_RESOLUTION_CONTROLLED_v1.0_FULL_VERSION.zip!00_V1.4_BASELINE_RETAINED/05_M06_PERMISSION_MATRIX_FULL_24_ROWS_v1.4.csv,2459,2841f0e6d72af45a96769f55efe9b59db034ca795548d96e71aece8386ed9db7
M01-M15 new recon(20260907-081753).zip,1,RUMAHAGEN_WF03_M06_QIR_RESOLUTION_CONTROLLED_v1.0_FULL_VERSION.zip!00_V1.4_BASELINE_RETAINED/02_M06_PROJECT_FIELD_INVENTORY_v1.4.csv,3186,63c898cf2852a0a638d1e84f2994d0e23aa978b0b9ad7cb43d77cd76a43a3a0f
M01-M15 new recon(20260907-081753).zip,1,RUMAHAGEN_WF03_M06_QIR_RESOLUTION_CONTROLLED_v1.0_FULL_VERSION.zip!00_V1.4_BASELINE_RETAINED/08_M06_SECOND_PASS_PREP_QA_v1.4.md,675,95f5ab8f66c13ddedacc8cd65b3d9bf4a0eea87451972d831db2d120fb0c413a
M01-M15 new recon(20260907-081753).zip,1,RUMAHAGEN_WF03_M06_QIR_RESOLUTION_CONTROLLED_v1.0_FULL_VERSION.zip!00_V1.4_BASELINE_RETAINED/06_M06_SECOND_PASS_QA_v1.3.md,566,fa0edde57259e855e1c0c41336d66671e65010ec38a0b5270c7784dc4dfe5a6a
M01-M15 new recon(20260907-081753).zip,1,RUMAHAGEN_WF03_M06_QIR_RESOLUTION_CONTROLLED_v1.0_FULL_VERSION.zip!M06_QIR_RESOLUTION_v1.0/04_M06_QIR_PERMISSION_RECONCILIATION_v1.0.csv,535,512f413707601cc71dcd08813e974dd49782955529d1c161912f7cba1175ac14
M01-M15 new recon(20260907-081753).zip,1,RUMAHAGEN_WF03_M06_QIR_RESOLUTION_CONTROLLED_v1.0_FULL_VERSION.zip!M06_QIR_RESOLUTION_v1.0/02_M06_QIR_CONTRADICTION_REGISTER_v1.0.csv,1675,77e727c6e811bcfb63da5e341b997e8c1ffaa941e2123858097bd282dbdc7e67
M01-M15 new recon(20260907-081753).zip,1,RUMAHAGEN_WF03_M06_QIR_RESOLUTION_CONTROLLED_v1.0_FULL_VERSION.zip!M06_QIR_RESOLUTION_v1.0/10_M06_QIR_RESOLUTION_MATRIX_v1.0.xlsx,9737,8b6a8fa7503a17970ae3567a2feb0f74f3a23b552b22e526b22a5a36646b073e
M01-M15 new recon(20260907-081753).zip,1,RUMAHAGEN_WF03_M06_QIR_RESOLUTION_CONTROLLED_v1.0_FULL_VERSION.zip!M06_QIR_RESOLUTION_v1.0/01_M06_QIR_QUESTION_CLOSURE_MATRIX_v1.0.csv,5775,6220ffcb7b4fcd4f698fdabd5d747de92b8c4beb8459de1d476311c10fea946f
M01-M15 new recon(20260907-081753).zip,1,RUMAHAGEN_WF03_M06_QIR_RESOLUTION_CONTROLLED_v1.0_FULL_VERSION.zip!M06_QIR_RESOLUTION_v1.0/06_M06_QIR_PHYSICAL_RUNTIME_SEPARATION_v1.0.csv,470,babdb88fdeb178a7aada57b6585a330d1220387cd6a9b5b84952cb4acf552b01
M01-M15 new recon(20260907-081753).zip,1,RUMAHAGEN_WF03_M06_QIR_RESOLUTION_CONTROLLED_v1.0_FULL_VERSION.zip!M06_QIR_RESOLUTION_v1.0/05_M06_QIR_LIFECYCLE_AUTHORITY_RECONCILIATION_v1.0.csv,597,de1db32fed7a173a173f359ca9ce28aa19a6d1f0f278ed7b1b781d6ec251d68c
M01-M15 new recon(20260907-081753).zip,1,RUMAHAGEN_WF03_M06_QIR_RESOLUTION_CONTROLLED_v1.0_FULL_VERSION.zip!M06_QIR_RESOLUTION_v1.0/08_M06_QIR_FINAL_QA_v1.0.md,875,23be99f146458c04c3944a44099e37a789853c84b97505066d4b58c88abaeacb
M01-M15 new recon(20260907-081753).zip,1,RUMAHAGEN_WF03_M06_QIR_RESOLUTION_CONTROLLED_v1.0_FULL_VERSION.zip!M06_QIR_RESOLUTION_v1.0/07_M06_QIR_RESIDUAL_DOWNSTREAM_REGISTER_v1.0.csv,958,59ceb78fd8ab7c6ef1e8d13f28987990f4e24210b2b98d832ea74b6822ecaef3
M01-M15 new recon(20260907-081753).zip,1,RUMAHAGEN_WF03_M06_QIR_RESOLUTION_CONTROLLED_v1.0_FULL_VERSION.zip!M06_QIR_RESOLUTION_v1.0/03_M06_M03_FIELD_PARITY_RECONCILIATION_v1.0.csv,1472,aafa01ec51ed6e387ad33d1c15413329cc89ec726ddb22c18896d033ca387e15
M01-M15 new recon(20260907-081753).zip,1,RUMAHAGEN_WF03_M06_QIR_RESOLUTION_CONTROLLED_v1.0_FULL_VERSION.zip!M06_QIR_RESOLUTION_v1.0/00_M06_QIR_RESOLUTION_CONTROL_REPORT_v1.0.md,3735,afc5d46ca03a4ae5c1243f1b4bb2ade6e1fd4014fb59bbf54ed6fc3422a4d04b
M01-M15 new recon(20260907-081753).zip,1,RUMAHAGEN_WF03_M06_QIR_RESOLUTION_CONTROLLED_v1.0_FULL_VERSION.zip!M06_QIR_RESOLUTION_v1.0/09_M06_QIR_PROVENANCE_MANIFEST_v1.0.md,888,b35214f7291ea733f655c27f8f4520610863b843bf53a1c79e762dc3430a8bfe
M01-M15 new recon(20260907-081753).zip,1,RUMAHAGEN_WF03_M06_QIR_RESOLUTION_CONTROLLED_v1.0_FULL_VERSION.zip!00_V1.4_BASELINE_RETAINED/00_V1.2_BASELINE_RETAINED/06_M06_MARKETING_KIT_PERMISSION_MATRIX.csv,668,7cd9ce74b6319204147790b1d59a44dee9e844948a12f58956c64337e20c5e34
M01-M15 new recon(20260907-081753).zip,1,RUMAHAGEN_WF03_M06_QIR_RESOLUTION_CONTROLLED_v1.0_FULL_VERSION.zip!00_V1.4_BASELINE_RETAINED/00_V1.2_BASELINE_RETAINED/14_M06_FULL_QUESTION_UPDATE.md,123,4605584a3bef1ed48c130fa2f7c9fe2faebd234aceb1581f371f4fe034024524
M01-M15 new recon(20260907-081753).zip,1,RUMAHAGEN_WF03_M06_QIR_RESOLUTION_CONTROLLED_v1.0_FULL_VERSION.zip!00_V1.4_BASELINE_RETAINED/00_V1.2_BASELINE_RETAINED/10_M06_LIFECYCLE_REVIEW_FULL.md,359,114d06c030b0d0e84ec966e056cff8c014ffe088b8002132203e31f4ad137e16
M01-M15 new recon(20260907-081753).zip,1,RUMAHAGEN_WF03_M06_QIR_RESOLUTION_CONTROLLED_v1.0_FULL_VERSION.zip!00_V1.4_BASELINE_RETAINED/00_V1.2_BASELINE_RETAINED/05_M06_M03_FIELD_MAPPING.csv,895,9aa9d70095bb4bb185bbddeb9866755e8bf2e6c51166e0332ce8500a0f5904d5
M01-M15 new recon(20260907-081753).zip,1,RUMAHAGEN_WF03_M06_QIR_RESOLUTION_CONTROLLED_v1.0_FULL_VERSION.zip!00_V1.4_BASELINE_RETAINED/00_V1.2_BASELINE_RETAINED/01_M06_FULL_REBUILD_CONTROL_REPORT_v1.2.md,1003,5ce9198d3c64a6e4f5e5f8832027dac86f3a051418b37d3115230e55ed257968
M01-M15 new recon(20260907-081753).zip,1,RUMAHAGEN_WF03_M06_QIR_RESOLUTION_CONTROLLED_v1.0_FULL_VERSION.zip!00_V1.4_BASELINE_RETAINED/00_V1.2_BASELINE_RETAINED/03_M06_SOURCE_INVENTORY_100PCT.csv,69297,48ff64e25a94ddf0e2b32c3ab286b839c71629c9452741f87f2f11c08a2d5f1e
M01-M15 new recon(20260907-081753).zip,1,RUMAHAGEN_WF03_M06_QIR_RESOLUTION_CONTROLLED_v1.0_FULL_VERSION.zip!00_V1.4_BASELINE_RETAINED/00_V1.2_BASELINE_RETAINED/16_M06_QA_FULL.md,348,a0d1734740c7a05051a38be9be270446ed1e18c8458cadefb2f21fbf0192e640
M01-M15 new recon(20260907-081753).zip,1,RUMAHAGEN_WF03_M06_QIR_RESOLUTION_CONTROLLED_v1.0_FULL_VERSION.zip!00_V1.4_BASELINE_RETAINED/00_V1.2_BASELINE_RETAINED/11_M06_CROSS_MODULE_RECONCILIATION_FULL.md,323,4c2ac97bc8bbdb47e2fa2ec7b4cead2803d6beae23f8aa681efc5694b94e3239
M01-M15 new recon(20260907-081753).zip,1,RUMAHAGEN_WF03_M06_QIR_RESOLUTION_CONTROLLED_v1.0_FULL_VERSION.zip!00_V1.4_BASELINE_RETAINED/00_V1.2_BASELINE_RETAINED/12_M06_PHYSICAL_RUNTIME_PREREQUISITE_REVIEW_FULL.md,235,c8826984eab93c3c6ed920ea5a52d3eab7188c6d0e34b0c4eb21bb583d9b3da7
M01-M15 new recon(20260907-081753).zip,1,RUMAHAGEN_WF03_M06_QIR_RESOLUTION_CONTROLLED_v1.0_FULL_VERSION.zip!00_V1.4_BASELINE_RETAINED/00_V1.2_BASELINE_RETAINED/07_M06_LIFECYCLE_MATRIX.csv,745,ee89586c2d4eff8c5d8db9f5abcdaf79207db3f3d0940fabbd0ac5d5cb88c390
M01-M15 new recon(20260907-081753).zip,1,RUMAHAGEN_WF03_M06_QIR_RESOLUTION_CONTROLLED_v1.0_FULL_VERSION.zip!00_V1.4_BASELINE_RETAINED/00_V1.2_BASELINE_RETAINED/18_M06_FULL_CONTROL_MATRIX_v1.2.xlsx,14277,5ebe4006e7acff9cdad98d6cd64a041a7e3a065b2b1d043444c75858815bfe12
M01-M15 new recon(20260907-081753).zip,1,RUMAHAGEN_WF03_M06_QIR_RESOLUTION_CONTROLLED_v1.0_FULL_VERSION.zip!00_V1.4_BASELINE_RETAINED/00_V1.2_BASELINE_RETAINED/19_M06_FULL_REBUILD_CONTROLLED_v1.2.docx,37097,271b5ec36e38a66621acd3043fa1817ef050a4755f2a6ea1fd39c8a7b24cfc36
M01-M15 new recon(20260907-081753).zip,1,RUMAHAGEN_WF03_M06_QIR_RESOLUTION_CONTROLLED_v1.0_FULL_VERSION.zip!00_V1.4_BASELINE_RETAINED/00_V1.2_BASELINE_RETAINED/08_M06_QUESTION_INVENTORY_FULL.csv,1286,7d5ad124b75eeb17b24a1573db1256337fb029cdc1fa5112eba169bf44579e16
M01-M15 new recon(20260907-081753).zip,1,RUMAHAGEN_WF03_M06_QIR_RESOLUTION_CONTROLLED_v1.0_FULL_VERSION.zip!00_V1.4_BASELINE_RETAINED/00_V1.2_BASELINE_RETAINED/09_M06_ROLE_SCOPE_REVIEW_FULL.md,420,0fe62c7bdf57fe79611aa67cfe8ee5f9dbee979f4d821125c3f2a9f15daec46b
M01-M15 new recon(20260907-081753).zip,1,RUMAHAGEN_WF03_M06_QIR_RESOLUTION_CONTROLLED_v1.0_FULL_VERSION.zip!00_V1.4_BASELINE_RETAINED/00_V1.2_BASELINE_RETAINED/04_M06_FULL_FIELD_INVENTORY.csv,3946,45762e1f09af03d510d653b2fc065ee751d03a732242b215b9f4d2e2cfed0023
M01-M15 new recon(20260907-081753).zip,1,RUMAHAGEN_WF03_M06_QIR_RESOLUTION_CONTROLLED_v1.0_FULL_VERSION.zip!00_V1.4_BASELINE_RETAINED/00_V1.2_BASELINE_RETAINED/13_M06_GENUINE_BLOCKERS_FULL.md,286,8d6fca00c6bb95d6931c280a4e067c314103b4c85b62b5f8d37dfd0fe00ff7a0
M01-M15 new recon(20260907-081753).zip,1,RUMAHAGEN_WF03_M06_QIR_RESOLUTION_CONTROLLED_v1.0_FULL_VERSION.zip!00_V1.4_BASELINE_RETAINED/00_V1.2_BASELINE_RETAINED/15_M06_SECOND_PASS_SCAN_RESULT.md,462,ad5d08f047fd7ac048d4033b297e2960c902e784d25019003106c7e52da343e4
M01-M15 new recon(20260907-081753).zip,1,RUMAHAGEN_WF03_M06_QIR_RESOLUTION_CONTROLLED_v1.0_FULL_VERSION.zip!00_V1.4_BASELINE_RETAINED/00_V1.2_BASELINE_RETAINED/02_M06_SOURCE_INVENTORY_100PCT.md,139,6374b713cb393a9b3c727ddf91ba4ca1ee29d14427fd921aa026f229bbc45283
M01-M15 new recon(20260907-081753).zip,1,RUMAHAGEN_WF03_M06_QIR_RESOLUTION_CONTROLLED_v1.0_FULL_VERSION.zip!00_V1.4_BASELINE_RETAINED/00_V1.2_BASELINE_RETAINED/17_M06_CONTROLLED_OUTPUT_MANIFEST_FULL.md,167,89009d39dd473a35fbd9d5280e2cd35353ea1528a8936bcdda38b8d48f9163c6
M01-M15 new recon(20260907-081753).zip,1,RUMAHAGEN_WF03_M06_QIR_RESOLUTION_CONTROLLED_v1.0_FULL_VERSION.zip!00_V1.4_BASELINE_RETAINED/00_V1.2_BASELINE_RETAINED/00_V1.1_BASELINE_RETAINED/11_M06_CROSS_ARTIFACT_RECONCILIATION_FULL.md,642,808ca0fa8ebd725631407b8c1599b26a8a3be01b641bd6b7d956308e9d8eb382
M01-M15 new recon(20260907-081753).zip,1,RUMAHAGEN_WF03_M06_QIR_RESOLUTION_CONTROLLED_v1.0_FULL_VERSION.zip!00_V1.4_BASELINE_RETAINED/00_V1.2_BASELINE_RETAINED/00_V1.1_BASELINE_RETAINED/03_M06_SOURCE_INVENTORY_100PCT.csv,66475,a305137527ef4591bab8eb1bb48cc96dda7b98751c6809002a2d8576d1d74c85
M01-M15 new recon(20260907-081753).zip,1,RUMAHAGEN_WF03_M06_QIR_RESOLUTION_CONTROLLED_v1.0_FULL_VERSION.zip!00_V1.4_BASELINE_RETAINED/00_V1.2_BASELINE_RETAINED/00_V1.1_BASELINE_RETAINED/04_M06_QUESTION_INVENTORY_100PCT.csv,2507,4644751b4876a83ce3d8fe0ecebc1b9b8e1ab48756fd750dfef219ac1ea05bcf
M01-M15 new recon(20260907-081753).zip,1,RUMAHAGEN_WF03_M06_QIR_RESOLUTION_CONTROLLED_v1.0_FULL_VERSION.zip!00_V1.4_BASELINE_RETAINED/00_V1.2_BASELINE_RETAINED/00_V1.1_BASELINE_RETAINED/14_M06_FULL_LIFECYCLE_MATRIX.csv,992,e745fc30d59350b47dddf98a6f2c77e33c64ecc05980865b2e85f3ba1908f487
M01-M15 new recon(20260907-081753).zip,1,RUMAHAGEN_WF03_M06_QIR_RESOLUTION_CONTROLLED_v1.0_FULL_VERSION.zip!00_V1.4_BASELINE_RETAINED/00_V1.2_BASELINE_RETAINED/00_V1.1_BASELINE_RETAINED/10_M06_GENUINE_DOCUMENTARY_BLOCKERS_FULL.md,497,6e8548e00b2df9f536ec529767e470e942f36f3d0fe6d505c588edb4ee223bb3
M01-M15 new recon(20260907-081753).zip,1,RUMAHAGEN_WF03_M06_QIR_RESOLUTION_CONTROLLED_v1.0_FULL_VERSION.zip!00_V1.4_BASELINE_RETAINED/00_V1.2_BASELINE_RETAINED/00_V1.1_BASELINE_RETAINED/18_M06_CONTROLLED_OUTPUT_MANIFEST_FULL.md,362,d5932004420e9f4226a090a457f6a3f0de6b6e3ca1b6fb6181a0bc8f41ef522e
M01-M15 new recon(20260907-081753).zip,1,RUMAHAGEN_WF03_M06_QIR_RESOLUTION_CONTROLLED_v1.0_FULL_VERSION.zip!00_V1.4_BASELINE_RETAINED/00_V1.2_BASELINE_RETAINED/00_V1.1_BASELINE_RETAINED/20_M06_FULL_REBUILD_CONTROLLED_v1.1.docx,37366,a98f8438d3cdca8dd123adb7e6f38e817113916f761f3a87392d47488027e910
M01-M15 new recon(20260907-081753).zip,1,RUMAHAGEN_WF03_M06_QIR_RESOLUTION_CONTROLLED_v1.0_FULL_VERSION.zip!00_V1.4_BASELINE_RETAINED/00_V1.2_BASELINE_RETAINED/00_V1.1_BASELINE_RETAINED/07_M06_LIFECYCLE_REVIEW_FULL.md,679,1bbb48e97c5984547a6c66b566f175cd2834dcdff22d0bbb7204f2a62e309d3d
M01-M15 new recon(20260907-081753).zip,1,RUMAHAGEN_WF03_M06_QIR_RESOLUTION_CONTROLLED_v1.0_FULL_VERSION.zip!00_V1.4_BASELINE_RETAINED/00_V1.2_BASELINE_RETAINED/00_V1.1_BASELINE_RETAINED/09_M06_PHYSICAL_RUNTIME_PREREQUISITE_REVIEW_FULL.md,390,f19794a65ba45519e28bbe86df1608cf5966c25c02d04c6d491b668fd70a25ce
M01-M15 new recon(20260907-081753).zip,1,RUMAHAGEN_WF03_M06_QIR_RESOLUTION_CONTROLLED_v1.0_FULL_VERSION.zip!00_V1.4_BASELINE_RETAINED/00_V1.2_BASELINE_RETAINED/00_V1.1_BASELINE_RETAINED/01_M06_FULL_REBUILD_CONTROL_REPORT_v1.1.md,1241,5f780b5eb216809edbf0266fc57460810badf35832fdfd8880dca435da0e7262
M01-M15 new recon(20260907-081753).zip,1,RUMAHAGEN_WF03_M06_QIR_RESOLUTION_CONTROLLED_v1.0_FULL_VERSION.zip!00_V1.4_BASELINE_RETAINED/00_V1.2_BASELINE_RETAINED/00_V1.1_BASELINE_RETAINED/13_M06_FULL_PERMISSION_MATRIX.csv,2870,86eba2cba82480699b634bd82032b0d86917908ac7e9654052fb5213a5cab4a9
M01-M15 new recon(20260907-081753).zip,1,RUMAHAGEN_WF03_M06_QIR_RESOLUTION_CONTROLLED_v1.0_FULL_VERSION.zip!00_V1.4_BASELINE_RETAINED/00_V1.2_BASELINE_RETAINED/00_V1.1_BASELINE_RETAINED/16_M06_FULL_QUESTION_UPDATE.md,578,fa8876bf8bec79dd18ac201f0c063e7704c558c9cfeba326136753a5738b2c10
M01-M15 new recon(20260907-081753).zip,1,RUMAHAGEN_WF03_M06_QIR_RESOLUTION_CONTROLLED_v1.0_FULL_VERSION.zip!00_V1.4_BASELINE_RETAINED/00_V1.2_BASELINE_RETAINED/00_V1.1_BASELINE_RETAINED/19_M06_FULL_CONTROL_MATRIX_v1.1.xlsx,10723,ffac62afea62bddd2e8f2f2e3099555c546d524266ea5d3bd0bae19eb8fe1645
M01-M15 new recon(20260907-081753).zip,1,RUMAHAGEN_WF03_M06_QIR_RESOLUTION_CONTROLLED_v1.0_FULL_VERSION.zip!00_V1.4_BASELINE_RETAINED/00_V1.2_BASELINE_RETAINED/00_V1.1_BASELINE_RETAINED/15_M06_FULL_CROSS_MODULE_MATRIX.csv,567,c7ef503a3f454f7d18a0600d2263a4e81ab6e9feb632b29c3bba1e45916525bd
M01-M15 new recon(20260907-081753).zip,1,RUMAHAGEN_WF03_M06_QIR_RESOLUTION_CONTROLLED_v1.0_FULL_VERSION.zip!00_V1.4_BASELINE_RETAINED/00_V1.2_BASELINE_RETAINED/00_V1.1_BASELINE_RETAINED/08_M06_CROSS_MODULE_DEPENDENCY_REVIEW_FULL.md,439,a5e564ae3b185130e29ce962a9459f6ae903c078fcde8c286e0fcaf8c8591752
M01-M15 new recon(20260907-081753).zip,1,RUMAHAGEN_WF03_M06_QIR_RESOLUTION_CONTROLLED_v1.0_FULL_VERSION.zip!00_V1.4_BASELINE_RETAINED/00_V1.2_BASELINE_RETAINED/00_V1.1_BASELINE_RETAINED/12_M06_FULL_FIELD_INVENTORY.csv,2510,37f631feb361d8419696bd063b6fb94d4cb23a4d7d32b997b313a88ceddcefe2
M01-M15 new recon(20260907-081753).zip,1,RUMAHAGEN_WF03_M06_QIR_RESOLUTION_CONTROLLED_v1.0_FULL_VERSION.zip!00_V1.4_BASELINE_RETAINED/00_V1.2_BASELINE_RETAINED/00_V1.1_BASELINE_RETAINED/02_M06_SOURCE_INVENTORY_100PCT.md,170,b1764b6fb46efd6ad552e5527ad8117888b7f98361d917bdc5f688ab1328e248
M01-M15 new recon(20260907-081753).zip,1,RUMAHAGEN_WF03_M06_QIR_RESOLUTION_CONTROLLED_v1.0_FULL_VERSION.zip!00_V1.4_BASELINE_RETAINED/00_V1.2_BASELINE_RETAINED/00_V1.1_BASELINE_RETAINED/05_M06_ROLE_SCOPE_REVIEW_FULL.md,739,728ca58fdc36e5cb4aa74fe0145ec590c58bacee7319b84aa8726e06196b378f
M01-M15 new recon(20260907-081753).zip,1,RUMAHAGEN_WF03_M06_QIR_RESOLUTION_CONTROLLED_v1.0_FULL_VERSION.zip!00_V1.4_BASELINE_RETAINED/00_V1.2_BASELINE_RETAINED/00_V1.1_BASELINE_RETAINED/06_M06_PERMISSION_DEPENDENCY_REVIEW_FULL.md,663,52b5894947736ab5e01e66968889fd3564ba58063cf28aa216fc52fd0ef143b4
M01-M15 new recon(20260907-081753).zip,1,RUMAHAGEN_WF03_M06_QIR_RESOLUTION_CONTROLLED_v1.0_FULL_VERSION.zip!00_V1.4_BASELINE_RETAINED/00_V1.2_BASELINE_RETAINED/00_V1.1_BASELINE_RETAINED/17_M06_FINAL_QA_FULL.md,1103,82637ba208bd2e415ad9cde9c6bf974ebc83a5d8cca88d14f9fb84b95d5b835c
M01-M15 new recon(20260907-081753).zip,1,RUMAHAGEN_WF03_M06_QIR_RESOLUTION_CONTROLLED_v1.0_FULL_VERSION.zip!00_V1.4_BASELINE_RETAINED/00_V1.2_BASELINE_RETAINED/00_V1.1_BASELINE_RETAINED/00_V1.0_BASELINE_RETAINED/19_M06_FULL_REBUILD_CONTROLLED_v1.0.docx,37283,25f1350c27045403e7496de7776f3c41f874abe33223dc84d09080c513d5cb52
M01-M15 new recon(20260907-081753).zip,1,RUMAHAGEN_WF03_M06_QIR_RESOLUTION_CONTROLLED_v1.0_FULL_VERSION.zip!00_V1.4_BASELINE_RETAINED/00_V1.2_BASELINE_RETAINED/00_V1.1_BASELINE_RETAINED/00_V1.0_BASELINE_RETAINED/03_M06_QUESTION_INVENTORY_100PCT.md,203,960e4c941811f35ba1c720f7922fc3a7b568a27aedfc19ad45bd09c5741b4389
M01-M15 new recon(20260907-081753).zip,1,RUMAHAGEN_WF03_M06_QIR_RESOLUTION_CONTROLLED_v1.0_FULL_VERSION.zip!00_V1.4_BASELINE_RETAINED/00_V1.2_BASELINE_RETAINED/00_V1.1_BASELINE_RETAINED/00_V1.0_BASELINE_RETAINED/12_M06_FULL_PERMISSION_ACTION_MATRIX.csv,668,75ba7dca2fc583c9a2b4b12bde6aebaf1756c25cb753e8d408dc8848e85f5609
M01-M15 new recon(20260907-081753).zip,1,RUMAHAGEN_WF03_M06_QIR_RESOLUTION_CONTROLLED_v1.0_FULL_VERSION.zip!00_V1.4_BASELINE_RETAINED/00_V1.2_BASELINE_RETAINED/00_V1.1_BASELINE_RETAINED/00_V1.0_BASELINE_RETAINED/18_M06_FULL_CONTROL_MATRIX.xlsx,7762,f2f5152a1e32af0f1a2e8d418cef114f34278af028f56071e96f5ce845d5b5ab
M01-M15 new recon(20260907-081753).zip,1,RUMAHAGEN_WF03_M06_QIR_RESOLUTION_CONTROLLED_v1.0_FULL_VERSION.zip!00_V1.4_BASELINE_RETAINED/00_V1.2_BASELINE_RETAINED/00_V1.1_BASELINE_RETAINED/00_V1.0_BASELINE_RETAINED/16_M06_QA.md,549,1fdbea9447d8a389d29cf42cfde35f812dd0bc16c0642118603a9904dd1cc281
M01-M15 new recon(20260907-081753).zip,1,RUMAHAGEN_WF03_M06_QIR_RESOLUTION_CONTROLLED_v1.0_FULL_VERSION.zip!00_V1.4_BASELINE_RETAINED/00_V1.2_BASELINE_RETAINED/00_V1.1_BASELINE_RETAINED/00_V1.0_BASELINE_RETAINED/10_M06_FULL_FIELD_INVENTORY.csv,41,d6a58893d2e24779592fd13ea64bff16f541328f74ddf0ee63365e7240334078
M01-M15 new recon(20260907-081753).zip,1,RUMAHAGEN_WF03_M06_QIR_RESOLUTION_CONTROLLED_v1.0_FULL_VERSION.zip!00_V1.4_BASELINE_RETAINED/00_V1.2_BASELINE_RETAINED/00_V1.1_BASELINE_RETAINED/00_V1.0_BASELINE_RETAINED/11_M06_FULL_ROLE_PERMISSION_MATRIX.csv,661,100c0af5884834a579ce788b97efe5726debaceaf24aeb53b1ebda3cbb93f27e
M01-M15 new recon(20260907-081753).zip,1,RUMAHAGEN_WF03_M06_QIR_RESOLUTION_CONTROLLED_v1.0_FULL_VERSION.zip!00_V1.4_BASELINE_RETAINED/00_V1.2_BASELINE_RETAINED/00_V1.1_BASELINE_RETAINED/00_V1.0_BASELINE_RETAINED/02_M06_SOURCE_INVENTORY_100PCT.csv,48037,28049e61d6c234544b990497c6a055128272c62cad955351caf785e9f0186206
M01-M15 new recon(20260907-081753).zip,1,RUMAHAGEN_WF03_M06_QIR_RESOLUTION_CONTROLLED_v1.0_FULL_VERSION.zip!00_V1.4_BASELINE_RETAINED/00_V1.2_BASELINE_RETAINED/00_V1.1_BASELINE_RETAINED/00_V1.0_BASELINE_RETAINED/14_M06_FULL_LIFECYCLE_MATRIX.csv,416,cc1438b2f2a9e019f24e97c06ea8b6c7bac572b5052c8b57201e8e01c6f18d05
M01-M15 new recon(20260907-081753).zip,1,RUMAHAGEN_WF03_M06_QIR_RESOLUTION_CONTROLLED_v1.0_FULL_VERSION.zip!00_V1.4_BASELINE_RETAINED/00_V1.2_BASELINE_RETAINED/00_V1.1_BASELINE_RETAINED/00_V1.0_BASELINE_RETAINED/03_M06_QUESTION_INVENTORY_100PCT.csv,1778,4580b184ed6094a0dafa3f481927bc5ceefef79651c842f84cc541956c8c2d9f
M01-M15 new recon(20260907-081753).zip,1,RUMAHAGEN_WF03_M06_QIR_RESOLUTION_CONTROLLED_v1.0_FULL_VERSION.zip!00_V1.4_BASELINE_RETAINED/00_V1.2_BASELINE_RETAINED/00_V1.1_BASELINE_RETAINED/00_V1.0_BASELINE_RETAINED/01_M06_SOURCE_INVENTORY_100PCT.md,294,3542e6ffb95c1f867b36d9cbab55f056b6b1acd896a6d505043ca444f1ca339e
M01-M15 new recon(20260907-081753).zip,1,RUMAHAGEN_WF03_M06_QIR_RESOLUTION_CONTROLLED_v1.0_FULL_VERSION.zip!00_V1.4_BASELINE_RETAINED/00_V1.2_BASELINE_RETAINED/00_V1.1_BASELINE_RETAINED/00_V1.0_BASELINE_RETAINED/09_M06_GENUINE_DOCUMENTARY_BLOCKERS.md,391,7e79eb87104a838e224e360619e9fb27a39cbf31669a10cdaf11491198c425df
M01-M15 new recon(20260907-081753).zip,1,RUMAHAGEN_WF03_M06_QIR_RESOLUTION_CONTROLLED_v1.0_FULL_VERSION.zip!00_V1.4_BASELINE_RETAINED/00_V1.2_BASELINE_RETAINED/00_V1.1_BASELINE_RETAINED/00_V1.0_BASELINE_RETAINED/08_M06_PHYSICAL_RUNTIME_PREREQUISITE_REVIEW.md,446,021c7fb5e16e96522e7c609cb704b1f7b0790289ffe490813e746b47fdd0fda2
M01-M15 new recon(20260907-081753).zip,1,RUMAHAGEN_WF03_M06_QIR_RESOLUTION_CONTROLLED_v1.0_FULL_VERSION.zip!00_V1.4_BASELINE_RETAINED/00_V1.2_BASELINE_RETAINED/00_V1.1_BASELINE_RETAINED/00_V1.0_BASELINE_RETAINED/06_M06_LIFECYCLE_REVIEW.md,528,145313c974bef0e0aca95c30d3791642a65606d8f01d0008b948a6b62b227d9c
M01-M15 new recon(20260907-081753).zip,1,RUMAHAGEN_WF03_M06_QIR_RESOLUTION_CONTROLLED_v1.0_FULL_VERSION.zip!00_V1.4_BASELINE_RETAINED/00_V1.2_BASELINE_RETAINED/00_V1.1_BASELINE_RETAINED/00_V1.0_BASELINE_RETAINED/04_M06_ROLE_SCOPE_REVIEW.md,535,d949122be464690d0d27a4e857adc3f0c86c78ff31c204f1e18b8eab87063119
M01-M15 new recon(20260907-081753).zip,1,RUMAHAGEN_WF03_M06_QIR_RESOLUTION_CONTROLLED_v1.0_FULL_VERSION.zip!00_V1.4_BASELINE_RETAINED/00_V1.2_BASELINE_RETAINED/00_V1.1_BASELINE_RETAINED/00_V1.0_BASELINE_RETAINED/07_M06_CROSS_MODULE_DEPENDENCY_REVIEW.md,563,9b17bcaf0ad4615e8a3fba6cebc5d51ad99120595b951755c713581a62a1db66
M01-M15 new recon(20260907-081753).zip,1,RUMAHAGEN_WF03_M06_QIR_RESOLUTION_CONTROLLED_v1.0_FULL_VERSION.zip!00_V1.4_BASELINE_RETAINED/00_V1.2_BASELINE_RETAINED/00_V1.1_BASELINE_RETAINED/00_V1.0_BASELINE_RETAINED/05_M06_PERMISSION_DEPENDENCY_REVIEW.md,548,d5067768d73997ed11bea7805e3bf694deeb96f9671b400125eae35f350bc4bb
M01-M15 new recon(20260907-081753).zip,1,RUMAHAGEN_WF03_M06_QIR_RESOLUTION_CONTROLLED_v1.0_FULL_VERSION.zip!00_V1.4_BASELINE_RETAINED/00_V1.2_BASELINE_RETAINED/00_V1.1_BASELINE_RETAINED/00_V1.0_BASELINE_RETAINED/00_M06_FULL_REBUILD_CONTROL_REPORT_v1.0.md,809,72db6725bd5c11e352bb58c117039586077dd39beaaa90f4a874a40d6b05bece
M01-M15 new recon(20260907-081753).zip,1,RUMAHAGEN_WF03_M06_QIR_RESOLUTION_CONTROLLED_v1.0_FULL_VERSION.zip!00_V1.4_BASELINE_RETAINED/00_V1.2_BASELINE_RETAINED/00_V1.1_BASELINE_RETAINED/00_V1.0_BASELINE_RETAINED/15_M06_FULL_QUESTION_UPDATE.md,416,8d30cb518910d1b065b028a04e91e1fd44d6f4827361bbb0c1210aaa3e31ff4e
M01-M15 new recon(20260907-081753).zip,1,RUMAHAGEN_WF03_M06_QIR_RESOLUTION_CONTROLLED_v1.0_FULL_VERSION.zip!00_V1.4_BASELINE_RETAINED/00_V1.2_BASELINE_RETAINED/00_V1.1_BASELINE_RETAINED/00_V1.0_BASELINE_RETAINED/17_M06_CONTROLLED_OUTPUT_MANIFEST.md,278,4234ddc4abfead14f4e195060e1c9fb9ff2a48a6467831d833642102bd088443
M01-M15 new recon(20260907-081753).zip,1,RUMAHAGEN_WF03_M06_QIR_RESOLUTION_CONTROLLED_v1.0_FULL_VERSION.zip!00_V1.4_BASELINE_RETAINED/00_V1.2_BASELINE_RETAINED/00_V1.1_BASELINE_RETAINED/00_V1.0_BASELINE_RETAINED/13_M06_FULL_CONFIGURATION_MATRIX.csv,328,2471ffef628608fc383b2ba42ea3a0e40e6dba8a1b3899ae0caef5c276ee3f35
M01-M15 new recon(20260907-081753).zip,1,RUMAHAGEN_WF03_M06_QIR_RESOLUTION_CONTROLLED_v1.0_FULL_VERSION.zip!source_extracts/M05_RECON/10_M05_ACTOR_SURFACE_FULL_v1.3.md,579,9ccd8c33b632388544a54e0d3e735f2ccf8542bddc8018548a4bcec27a25c5e5
M01-M15 new recon(20260907-081753).zip,1,RUMAHAGEN_WF03_M06_QIR_RESOLUTION_CONTROLLED_v1.0_FULL_VERSION.zip!source_extracts/M05_RECON/18_M05_FULL_REBUILD_CONTROLLED_v1.3.docx,38682,035e9f7a6b4e218b8bec0bdecd1779b88d29f56d17e7e8ded66787e9bafe8d79
M01-M15 new recon(20260907-081753).zip,1,RUMAHAGEN_WF03_M06_QIR_RESOLUTION_CONTROLLED_v1.0_FULL_VERSION.zip!source_extracts/M05_RECON/17_M05_FINAL_QA_PRE_GATE_v1.3.md,1132,ca998ee830fe566cfd9549c1f6685c8e2a6ceda7017129fcbccee1e002602383
M01-M15 new recon(20260907-081753).zip,1,RUMAHAGEN_WF03_M06_QIR_RESOLUTION_CONTROLLED_v1.0_FULL_VERSION.zip!source_extracts/M05_RECON/09_M05_PHYSICAL_RUNTIME_PREREQUISITE_REVIEW_FULL_v1.3.md,414,48cbe3e217adc17b26b2807e5ef479cef416d7d24b3eab6ce2e1e0be44a27d8a
M01-M15 new recon(20260907-081753).zip,1,RUMAHAGEN_WF03_M06_QIR_RESOLUTION_CONTROLLED_v1.0_FULL_VERSION.zip!source_extracts/M05_RECON/11_M05_CONFIGURATION_MATRIX_FULL_v1.3.md,782,c8dc02c2f3286c0ab009910c6d287416fd53b9c9a90238004e6bb25198504d93
M01-M15 new recon(20260907-081753).zip,1,RUMAHAGEN_WF03_M06_QIR_RESOLUTION_CONTROLLED_v1.0_FULL_VERSION.zip!source_extracts/M05_RECON/12_M05_ONLINE_MEETING_PROVIDER_FULL_v1.3.md,722,543e2b28797686d86c651ce780409084af2b8d000858bdbeb3f61ce86a296a53
M01-M15 new recon(20260907-081753).zip,1,RUMAHAGEN_WF03_M06_QIR_RESOLUTION_CONTROLLED_v1.0_FULL_VERSION.zip!source_extracts/M05_RECON/16_M05_QIR_CORRECTION_TRACEABILITY_FULL_v1.3.md,663,369245670ca838bb65ecf474122281c33ec66a8f0b7bbe122ace7efe9372ba79
M01-M15 new recon(20260907-081753).zip,1,RUMAHAGEN_WF03_M06_QIR_RESOLUTION_CONTROLLED_v1.0_FULL_VERSION.zip!source_extracts/M05_RECON/01_M05_SOURCE_INVENTORY_100PCT_v1.3.md,296,3f532424a2fa7f8351433856e4c86168bfd64256a646181b8f1aaaf27db8362c
M01-M15 new recon(20260907-081753).zip,1,RUMAHAGEN_WF03_M06_QIR_RESOLUTION_CONTROLLED_v1.0_FULL_VERSION.zip!source_extracts/M05_RECON/00_M05_FULL_REBUILD_CONTROL_REPORT_v1.3.md,1667,21af39ad84abde95495aeae6f415a7643a9d11635fa3792de570e4d4ff506062
M01-M15 new recon(20260907-081753).zip,1,RUMAHAGEN_WF03_M06_QIR_RESOLUTION_CONTROLLED_v1.0_FULL_VERSION.zip!source_extracts/M05_RECON/14_M05_FIELD_INVENTORY_FULL_v1.3.csv,1704,f11d4f60f3fceadeb2eaad39c7ee3e209f6bf55927c9e53b028419a4af07d645
M01-M15 new recon(20260907-081753).zip,1,RUMAHAGEN_WF03_M06_QIR_RESOLUTION_CONTROLLED_v1.0_FULL_VERSION.zip!source_extracts/M05_RECON/13_M05_GUEST_REGISTRATION_FULL_v1.3.md,670,9f0b5f4d7da73a2b293fbe3ae3699f938737ac0d6fb2bf9fdec08bdbcb965061
M01-M15 new recon(20260907-081753).zip,1,RUMAHAGEN_WF03_M06_QIR_RESOLUTION_CONTROLLED_v1.0_FULL_VERSION.zip!source_extracts/M05_RECON/03_M05_QUESTION_INVENTORY_FULL_v1.3.md,250,862d70146bf3b54817fc57f08491c77994ab6cdb7e8419b5a3b9c7899221e6a9
M01-M15 new recon(20260907-081753).zip,1,RUMAHAGEN_WF03_M06_QIR_RESOLUTION_CONTROLLED_v1.0_FULL_VERSION.zip!source_extracts/M05_RECON/05_M05_LIFECYCLE_FULL_v1.3.md,1182,9571114d42331cc9c965926232052565114b7a702ceb346bb4d787865ddbd703
M01-M15 new recon(20260907-081753).zip,1,RUMAHAGEN_WF03_M06_QIR_RESOLUTION_CONTROLLED_v1.0_FULL_VERSION.zip!source_extracts/M05_RECON/08_M05_CROSS_MODULE_RECONCILIATION_FULL_v1.3.md,359,d9ccee16e5a72622d76871d91f55d2d05b1476b72f94ba3d7c1c6346f12e5134
M01-M15 new recon(20260907-081753).zip,1,RUMAHAGEN_WF03_M06_QIR_RESOLUTION_CONTROLLED_v1.0_FULL_VERSION.zip!source_extracts/M05_RECON/04_M05_SEMANTIC_REVIEW_FULL_v1.3.md,759,a3b75e6b3e2d57f1b6e23250a7d87622e961bc09485692c416ca80a1fac41608
M01-M15 new recon(20260907-081753).zip,1,RUMAHAGEN_WF03_M06_QIR_RESOLUTION_CONTROLLED_v1.0_FULL_VERSION.zip!source_extracts/M05_RECON/03_M05_QUESTION_INVENTORY_FULL_v1.3.csv,2736,e5522ec17f41ff81f7e74fdaa01903f233603bdae45150343cc7765b1155d454
M01-M15 new recon(20260907-081753).zip,1,RUMAHAGEN_WF03_M06_QIR_RESOLUTION_CONTROLLED_v1.0_FULL_VERSION.zip!source_extracts/M05_RECON/02_M05_SOURCE_INVENTORY_100PCT_v1.3.csv,72712,5b9721953d1d7d45e6f1e45ccce0c00cfad21cd78ad9c1cf2088909336ee99e0
M01-M15 new recon(20260907-081753).zip,1,RUMAHAGEN_WF03_M06_QIR_RESOLUTION_CONTROLLED_v1.0_FULL_VERSION.zip!source_extracts/M05_RECON/07_M05_CROSS_ARTIFACT_RECONCILIATION_FULL_v1.3.md,572,5689d839c0043abb0139b7602cec96dcfc2779b11ed7bec78de1c9ff41dc2a74
M01-M15 new recon(20260907-081753).zip,1,RUMAHAGEN_WF03_M06_QIR_RESOLUTION_CONTROLLED_v1.0_FULL_VERSION.zip!source_extracts/M05_RECON/06_M05_PERMISSION_ACTION_REVIEW_FULL_v1.3.md,439,833c490edca36658ed3f72396d49738f6073543502cf61927611d6d6560504b2
M01-M15 new recon(20260907-081753).zip,1,RUMAHAGEN_WF03_M06_QIR_RESOLUTION_CONTROLLED_v1.0_FULL_VERSION.zip!source_extracts/M05_RECON/15_M05_CONFIGURATION_PERMISSION_MATRIX_FULL_v1.3.xlsx,9152,d78c962ceaa84af68da83f844f384fc5a9aa4acb81c79a70938f1d1a9a37fccc
M01-M15 new recon(20260907-081753).zip,1,RUMAHAGEN_WF03_M06_QIR_RESOLUTION_CONTROLLED_v1.0_FULL_VERSION.zip!source_extracts/M06_v1.4/00_V1.3_CANONICAL_BASELINE_RETAINED.xlsx,14158,8f709ee95361b54be2344ba5b1984777c1c5744f357ec16626a32327f1855170
M01-M15 new recon(20260907-081753).zip,1,RUMAHAGEN_WF03_M06_QIR_RESOLUTION_CONTROLLED_v1.0_FULL_VERSION.zip!source_extracts/M06_v1.4/09_M06_CONTROLLED_OUTPUT_MANIFEST_v1.4.csv,9681,44582e545e9156ef7db8729a3c1ee0302c4d31720a72a7964b50f0d19e8b9d15
M01-M15 new recon(20260907-081753).zip,1,RUMAHAGEN_WF03_M06_QIR_RESOLUTION_CONTROLLED_v1.0_FULL_VERSION.zip!source_extracts/M06_v1.4/03_M06_M03_FIELD_MAPPING_v1.4.csv,2882,e0ac020e4764b88e176403098bbeceff9f87e881640037c6423b0df58a995110
M01-M15 new recon(20260907-081753).zip,1,RUMAHAGEN_WF03_M06_QIR_RESOLUTION_CONTROLLED_v1.0_FULL_VERSION.zip!source_extracts/M06_v1.4/01_M06_FULL_CONTROL_MATRIX_v1.4.xlsx,17000,ca5211f5201fbf42ef208d7a9d0f7d29bb0a65c7c7820a2dab8b9595396e726e
M01-M15 new recon(20260907-081753).zip,1,RUMAHAGEN_WF03_M06_QIR_RESOLUTION_CONTROLLED_v1.0_FULL_VERSION.zip!source_extracts/M06_v1.4/07_M06_FULL_REBUILD_CONTROLLED_v1.3.md,838,68dbd98e9ee3d89c1f677e688e0990cc9c02da250e95dd45b83aa5f08fd4d089
M01-M15 new recon(20260907-081753).zip,1,RUMAHAGEN_WF03_M06_QIR_RESOLUTION_CONTROLLED_v1.0_FULL_VERSION.zip!source_extracts/M06_v1.4/04_M06_QUESTION_INVENTORY_v1.3.csv,1331,30caa94622579638ae1544abba7f6219240ca5d9241fc09d2c51185272c7e546
M01-M15 new recon(20260907-081753).zip,1,RUMAHAGEN_WF03_M06_QIR_RESOLUTION_CONTROLLED_v1.0_FULL_VERSION.zip!source_extracts/M06_v1.4/02_M06_PROJECT_FIELD_INVENTORY_v1.3.csv,2314,dc30ea5efe3c1237051ac0c252d5543176b7860ab6092ef17d781a2ff4d9b2a3
M01-M15 new recon(20260907-081753).zip,1,RUMAHAGEN_WF03_M06_QIR_RESOLUTION_CONTROLLED_v1.0_FULL_VERSION.zip!source_extracts/M06_v1.4/05_M06_CORRECTION_DECISION_v1.3.md,786,7cfb6fcf0fb8505320e641c18055306bc7f6f0227d9d82e0f546e5e4c52ef3f1
M01-M15 new recon(20260907-081753).zip,1,RUMAHAGEN_WF03_M06_QIR_RESOLUTION_CONTROLLED_v1.0_FULL_VERSION.zip!source_extracts/M06_v1.4/07_M06_FULL_REBUILD_CONTROLLED_v1.4.md,1212,36c7733266ac2c205228b6fb9240a11a838356348d5807d5f59cc458116f8e24
M01-M15 new recon(20260907-081753).zip,1,RUMAHAGEN_WF03_M06_QIR_RESOLUTION_CONTROLLED_v1.0_FULL_VERSION.zip!source_extracts/M06_v1.4/06_M06_FULL_REBUILD_CORRECTION_DECISIONS_v1.4.md,1553,ea17de99809e2d5932865517b60be0f09506fe38bf5440aa39455f598f50eaa9
M01-M15 new recon(20260907-081753).zip,1,RUMAHAGEN_WF03_M06_QIR_RESOLUTION_CONTROLLED_v1.0_FULL_VERSION.zip!source_extracts/M06_v1.4/03_M06_M03_FIELD_MAPPING_v1.3.csv,823,d9c9410a4adade25266427dc32e7ad523eb6827e8ae95133268423e2685dde26
M01-M15 new recon(20260907-081753).zip,1,RUMAHAGEN_WF03_M06_QIR_RESOLUTION_CONTROLLED_v1.0_FULL_VERSION.zip!source_extracts/M06_v1.4/04_M06_QUESTION_INVENTORY_v1.4.csv,2339,c9e504baaff10fb4dc27338d1ef3516bf5230ee3a5e560f022d166ac2f8f2777
M01-M15 new recon(20260907-081753).zip,1,RUMAHAGEN_WF03_M06_QIR_RESOLUTION_CONTROLLED_v1.0_FULL_VERSION.zip!source_extracts/M06_v1.4/05_M06_PERMISSION_MATRIX_FULL_24_ROWS_v1.4.csv,2459,2841f0e6d72af45a96769f55efe9b59db034ca795548d96e71aece8386ed9db7
M01-M15 new recon(20260907-081753).zip,1,RUMAHAGEN_WF03_M06_QIR_RESOLUTION_CONTROLLED_v1.0_FULL_VERSION.zip!source_extracts/M06_v1.4/02_M06_PROJECT_FIELD_INVENTORY_v1.4.csv,3186,63c898cf2852a0a638d1e84f2994d0e23aa978b0b9ad7cb43d77cd76a43a3a0f
M01-M15 new recon(20260907-081753).zip,1,RUMAHAGEN_WF03_M06_QIR_RESOLUTION_CONTROLLED_v1.0_FULL_VERSION.zip!source_extracts/M06_v1.4/08_M06_SECOND_PASS_PREP_QA_v1.4.md,675,95f5ab8f66c13ddedacc8cd65b3d9bf4a0eea87451972d831db2d120fb0c413a
M01-M15 new recon(20260907-081753).zip,1,RUMAHAGEN_WF03_M06_QIR_RESOLUTION_CONTROLLED_v1.0_FULL_VERSION.zip!source_extracts/M06_v1.4/06_M06_SECOND_PASS_QA_v1.3.md,566,fa0edde57259e855e1c0c41336d66671e65010ec38a0b5270c7784dc4dfe5a6a
M01-M15 new recon(20260907-081753).zip,1,RUMAHAGEN_WF03_M06_QIR_RESOLUTION_CONTROLLED_v1.0_FULL_VERSION.zip!source_extracts/M03_RECON/14_M03_DISTRICT_REFRESH_POSITIONING_CONTRACT_FULL_v1.3.md,1518,cfd64dc6285dc1a6f0db4aa703ffc412eaf24dfb2c116f20af8a76ce4ea3e3ea
M01-M15 new recon(20260907-081753).zip,1,RUMAHAGEN_WF03_M06_QIR_RESOLUTION_CONTROLLED_v1.0_FULL_VERSION.zip!source_extracts/M03_RECON/02_M03_PERMISSION_MATRIX_FULL_v1.3.xlsx,8231,055b82e2f0c0afbc692653dc63ff52857556a21b49f25d9b796434109a9eae13
M01-M15 new recon(20260907-081753).zip,1,RUMAHAGEN_WF03_M06_QIR_RESOLUTION_CONTROLLED_v1.0_FULL_VERSION.zip!source_extracts/M03_RECON/README_CONTROLLED_OUTPUT_v1.3.md,1358,6324296237781583dc4c164b90569d0daa4556d64edbfb3b4c7ef15bcf72875a
M01-M15 new recon(20260907-081753).zip,1,RUMAHAGEN_WF03_M06_QIR_RESOLUTION_CONTROLLED_v1.0_FULL_VERSION.zip!source_extracts/M03_RECON/04_M03_SEMANTIC_LIFECYCLE_AUTHORITY_FULL_v1.3.md,3651,d237ceef14e3ffdcbbef81163d9758aa98e94a6e273124c7d3be8713fb8c21fc
M01-M15 new recon(20260907-081753).zip,1,RUMAHAGEN_WF03_M06_QIR_RESOLUTION_CONTROLLED_v1.0_FULL_VERSION.zip!source_extracts/M03_RECON/01_M03_QUESTION_INVENTORY_FULL_v1.3.csv,14733,7ebcbdd2b8989e0c57a981f28add726ae7b046b74d6e0118e58eeae895cbc88d
M01-M15 new recon(20260907-081753).zip,1,RUMAHAGEN_WF03_M06_QIR_RESOLUTION_CONTROLLED_v1.0_FULL_VERSION.zip!source_extracts/M03_RECON/03_M03_PERMISSION_MATRIX_FULL_v1.3.csv,2976,99dfeae307ee98b5feeb954772740e79dd2f096eed0cfcb16034df5c1af3fc43
M01-M15 new recon(20260907-081753).zip,1,RUMAHAGEN_WF03_M06_QIR_RESOLUTION_CONTROLLED_v1.0_FULL_VERSION.zip!source_extracts/M03_RECON/MANIFEST_M03_FULL_REBUILD_v1.3.md,1148,9a72ff3191e16efd885522b81e1c1ebdb124ca80f09f3c21e8031f9f2547df58
M01-M15 new recon(20260907-081753).zip,1,RUMAHAGEN_WF03_M06_QIR_RESOLUTION_CONTROLLED_v1.0_FULL_VERSION.zip!source_extracts/M03_RECON/06_M03_API_CONTRACT_FULL_v1.3.md,1992,5b1299f701cbb3dd0d8e5f3ba041e619d5a584c0401578469d60e7e7013746e8
M01-M15 new recon(20260907-081753).zip,1,RUMAHAGEN_WF03_M06_QIR_RESOLUTION_CONTROLLED_v1.0_FULL_VERSION.zip!source_extracts/M03_RECON/08_M03_SCHEMA_ERD_RECONCILIATION_FULL_v1.3.sql,662,ce83c094d6914d06ce71d88de776cda62a39ee4dc047b294558c08fbcdb6e7bd
M01-M15 new recon(20260907-081753).zip,1,RUMAHAGEN_WF03_M06_QIR_RESOLUTION_CONTROLLED_v1.0_FULL_VERSION.zip!source_extracts/M03_RECON/07_M03_RBAC_RLS_CONTRACT_FULL_v1.3.md,1468,09d31f650c0cc476741119d75206b283abf22605e2bec9a76ea47347389a2ed9
M01-M15 new recon(20260907-081753).zip,1,RUMAHAGEN_WF03_M06_QIR_RESOLUTION_CONTROLLED_v1.0_FULL_VERSION.zip!source_extracts/M03_RECON/01_M03_QUESTION_INVENTORY_FULL_v1.3.xlsx,10724,9038cefe60b2982db6cc081355d1262c16a4df852b1199eca0b732e6fa6d40ef
M01-M15 new recon(20260907-081753).zip,1,RUMAHAGEN_WF03_M06_QIR_RESOLUTION_CONTROLLED_v1.0_FULL_VERSION.zip!source_extracts/M03_RECON/11_M03_PHYSICAL_RUNTIME_STATUS_FULL_v1.3.md,1346,ddcf7ff72551e43765665754443ad95e9ebae2518d99980e302ecf56fc5df73a
M01-M15 new recon(20260907-081753).zip,1,RUMAHAGEN_WF03_M06_QIR_RESOLUTION_CONTROLLED_v1.0_FULL_VERSION.zip!source_extracts/M03_RECON/17_M03_QIR_INTEGRATION_PROVENANCE_v1.3.md,1605,ee95baced7b6a41e2bd7fe067db3b07c208b816382d1b4ae5f54a32cd3a76e39
M01-M15 new recon(20260907-081753).zip,1,RUMAHAGEN_WF03_M06_QIR_RESOLUTION_CONTROLLED_v1.0_FULL_VERSION.zip!source_extracts/M03_RECON/16_WF03_MASTER_PROGRESS_M01-M15_v1.8_M03_QIR_INTEGRATED.xlsx,29255,eba4a88d5d22fa972654e78c1a3ae4ffe3c4fa07103a82b39b749f1435401ed2
M01-M15 new recon(20260907-081753).zip,1,RUMAHAGEN_WF03_M06_QIR_RESOLUTION_CONTROLLED_v1.0_FULL_VERSION.zip!source_extracts/M03_RECON/15_M03_QA_COMPLETION_CONTROLLED_v1.3.md,1396,c2a161abd7ee786113a8a1d8db7e293e4c7b0745fc4884697a78ff76323c0f00
M01-M15 new recon(20260907-081753).zip,1,RUMAHAGEN_WF03_M06_QIR_RESOLUTION_CONTROLLED_v1.0_FULL_VERSION.zip!source_extracts/M03_RECON/13_M03_MEDIA_THUMBNAIL_DERIVATIVE_CONTRACT_FULL_v1.3.md,1664,de6aea2c25f5a253264419b55b0559e8f9747381806d00180a349d409de04b25
M01-M15 new recon(20260907-081753).zip,1,RUMAHAGEN_WF03_M06_QIR_RESOLUTION_CONTROLLED_v1.0_FULL_VERSION.zip!source_extracts/M03_RECON/00_M03_REBUILD_CONTROL_REPORT_v1.3.md,4607,cc0fe9bdeff48456a3010936fdadeba7ceb338ccded2f46b46c4a6d551b08285
M01-M15 new recon(20260907-081753).zip,1,RUMAHAGEN_WF03_M06_QIR_RESOLUTION_CONTROLLED_v1.0_FULL_VERSION.zip!source_extracts/M03_RECON/09_M03_SEARCH_CONTRACT_FULL_v1.3.md,1635,8b88d97ee61f222d30336e49d9792513d59395fad2655db35f365ca7b5457a71
M01-M15 new recon(20260907-081753).zip,1,RUMAHAGEN_WF03_M06_QIR_RESOLUTION_CONTROLLED_v1.0_FULL_VERSION.zip!source_extracts/M03_RECON/05_M03_CROSS_ARTIFACT_RECONCILIATION_FULL_v1.3.md,2047,3e80c41639a4a5b1bd36565a3b4dfcd3a6e6b6e41b49c8d90dd9ae365e4ce04e
M01-M15 new recon(20260907-081753).zip,1,RUMAHAGEN_WF03_M06_QIR_RESOLUTION_CONTROLLED_v1.0_FULL_VERSION.zip!source_extracts/M03_RECON/10_M03_UI_UX_USER_FLOW_FULL_v1.3.md,1632,8088db4f7266fc022960ff19b9f2aca8e473a7ab20eb294a5bd79992d6eee86a
M01-M15 new recon(20260907-081753).zip,1,RUMAHAGEN_WF03_M06_QIR_RESOLUTION_CONTROLLED_v1.0_FULL_VERSION.zip!source_extracts/RECON/WF03-03-02_M02_FULL_SEMANTIC_REBUILD_v1.1.md,21104,eb148ae05de827ae90619ae7be69186a2423cdfe9ba66c35c4dee6b21b5a30e6
M01-M15 new recon(20260907-081753).zip,1,RUMAHAGEN_WF03_M06_QIR_RESOLUTION_CONTROLLED_v1.0_FULL_VERSION.zip!source_extracts/RECON/WF03-03-01_M01_FULL_SEMANTIC_REBUILD_v1.1.md,24186,1c53930998a825a2b0b36bf7407239a913f8306b201e642d8628ce3e2327ed53
M01-M15 new recon(20260907-081753).zip,1,RUMAHAGEN_WF03_M06_QIR_RESOLUTION_CONTROLLED_v1.0_FULL_VERSION.zip!source_extracts/RECON/M01_CORE_IMPACT_ANALYSIS_FULL_v1.0_CONTROLLED.zip,18853,2738b2de7b93d31a26f2f1b2251bbae82bde283f6561354c528737a4f0b67d47
M01-M15 new recon(20260907-081753).zip,2,RUMAHAGEN_WF03_M06_QIR_RESOLUTION_CONTROLLED_v1.0_FULL_VERSION.zip!source_extracts/RECON/M01_CORE_IMPACT_ANALYSIS_FULL_v1.0_CONTROLLED.zip!00_M01_CORE_IMPACT_EXECUTIVE_SUMMARY_v1.0.md,455,bd97f06a0a269406cc80d258b2a3c2c641e0b0219497f3a8faa180de1fa6af8c
M01-M15 new recon(20260907-081753).zip,2,RUMAHAGEN_WF03_M06_QIR_RESOLUTION_CONTROLLED_v1.0_FULL_VERSION.zip!source_extracts/RECON/M01_CORE_IMPACT_ANALYSIS_FULL_v1.0_CONTROLLED.zip!01_M01_CORE_IMPACT_MATRIX_FULL_v1.0.csv,40535,91b4cd2fad6ad5bf40a30d2b9ac6e9ee850147593020dadbaca93148412b288d
M01-M15 new recon(20260907-081753).zip,2,RUMAHAGEN_WF03_M06_QIR_RESOLUTION_CONTROLLED_v1.0_FULL_VERSION.zip!source_extracts/RECON/M01_CORE_IMPACT_ANALYSIS_FULL_v1.0_CONTROLLED.zip!01_M01_CORE_IMPACT_MATRIX_FULL_v1.0.xlsx,9698,84e2c3dbf1cf53c07079896cb8242bc11489901a5f7f4f7832c6f0c2ea5e6091
M01-M15 new recon(20260907-081753).zip,2,RUMAHAGEN_WF03_M06_QIR_RESOLUTION_CONTROLLED_v1.0_FULL_VERSION.zip!source_extracts/RECON/M01_CORE_IMPACT_ANALYSIS_FULL_v1.0_CONTROLLED.zip!02_M01_CORE_CONFLICT_REGISTER_FULL_v1.0.md,1244,0c292236ba6d2c0490d8288a15c9171ccfcd1c67682d4b02eb8ed953f88e9a17
M01-M15 new recon(20260907-081753).zip,2,RUMAHAGEN_WF03_M06_QIR_RESOLUTION_CONTROLLED_v1.0_FULL_VERSION.zip!source_extracts/RECON/M01_CORE_IMPACT_ANALYSIS_FULL_v1.0_CONTROLLED.zip!03_M01_CORE_PROPAGATION_MATRIX_FULL_v1.0.csv,1586,a91682a70dcfda1433cc37c407312bf925ca802c8ce9722f2a71b1c5fc6c04f5
M01-M15 new recon(20260907-081753).zip,2,RUMAHAGEN_WF03_M06_QIR_RESOLUTION_CONTROLLED_v1.0_FULL_VERSION.zip!source_extracts/RECON/M01_CORE_IMPACT_ANALYSIS_FULL_v1.0_CONTROLLED.zip!04_M01_CORE_DEPENDENCY_IMPACT_FULL_v1.0.md,531,8181604b0bcbdd4ba02634b0ebef8f0012f1df90881edd44bef1d0931dc8db4c
M01-M15 new recon(20260907-081753).zip,2,RUMAHAGEN_WF03_M06_QIR_RESOLUTION_CONTROLLED_v1.0_FULL_VERSION.zip!source_extracts/RECON/M01_CORE_IMPACT_ANALYSIS_FULL_v1.0_CONTROLLED.zip!05_M01_CORE_REQUIRED_CHANGE_REGISTER_FULL_v1.0.md,753,fb23a16cc47bc6c8ffc9320052bad58a62bfeaaf13b258acb0ccfb25d4f000cb
M01-M15 new recon(20260907-081753).zip,2,RUMAHAGEN_WF03_M06_QIR_RESOLUTION_CONTROLLED_v1.0_FULL_VERSION.zip!source_extracts/RECON/M01_CORE_IMPACT_ANALYSIS_FULL_v1.0_CONTROLLED.zip!06_M01_CORE_AUTHORITY_MAPPING_FULL_v1.0.md,536,a449df25c2ef58e2ab11729d70ec116a093a432fc7e1bf5b28a426fbb70337da
M01-M15 new recon(20260907-081753).zip,2,RUMAHAGEN_WF03_M06_QIR_RESOLUTION_CONTROLLED_v1.0_FULL_VERSION.zip!source_extracts/RECON/M01_CORE_IMPACT_ANALYSIS_FULL_v1.0_CONTROLLED.zip!07_M01_CORE_IMPACT_QA_FULL_v1.0.md,473,9715bb8e3eb27ba4be18fdfcf41cf1b131f6924b8709dfe26b6f1bf76d90bc71
M01-M15 new recon(20260907-081753).zip,2,RUMAHAGEN_WF03_M06_QIR_RESOLUTION_CONTROLLED_v1.0_FULL_VERSION.zip!source_extracts/RECON/M01_CORE_IMPACT_ANALYSIS_FULL_v1.0_CONTROLLED.zip!08_M01_CORE_INTEGRATION_READINESS_FULL_v1.0.md,368,ff9c055141a9c68264e3671c6977814676dabb5c188c1847bd3871ed3cd8e096
M01-M15 new recon(20260907-081753).zip,2,RUMAHAGEN_WF03_M06_QIR_RESOLUTION_CONTROLLED_v1.0_FULL_VERSION.zip!source_extracts/RECON/M01_CORE_IMPACT_ANALYSIS_FULL_v1.0_CONTROLLED.zip!09_PROVENANCE_M01_CORE_IMPACT_v1.0.md,405,e346c5a18e1cfcb6f6364a5c3ab6089c8fd57da15195f8e304b14461bd487d84
M01-M15 new recon(20260907-081753).zip,2,RUMAHAGEN_WF03_M06_QIR_RESOLUTION_CONTROLLED_v1.0_FULL_VERSION.zip!source_extracts/RECON/M01_CORE_IMPACT_ANALYSIS_FULL_v1.0_CONTROLLED.zip!10_MANIFEST_M01_CORE_IMPACT_v1.0.md,548,0a7c8b0355c66531b1dbb4910a9321e4396b82194b8e69828f3205a2c5ab9cab
M01-M15 new recon(20260907-081753).zip,1,RUMAHAGEN_WF03_M06_QIR_RESOLUTION_CONTROLLED_v1.0_FULL_VERSION.zip!source_extracts/RECON/WF03_STEP01_OWNER_OVERRIDE_AND_RETRACE_BASELINE_v1.0.md,4405,88354e3dd21fb63cd83acf7afb289451078b06432099c9c2c82daf737278714a
M01-M15 new recon(20260907-081753).zip,1,RUMAHAGEN_WF03_M06_QIR_RESOLUTION_CONTROLLED_v1.0_FULL_VERSION.zip!source_extracts/RECON/RUMAHAGEN_WF03_M04_FULL_REBUILD_v1.1_CORE_EVIDENCE_INTEGRATED_CONTROLLED.zip,61863,dc8f015d4ae1d025434199d6cce5b7137e0d1d5fb1616e0e6ba78898237eed33
M01-M15 new recon(20260907-081753).zip,2,RUMAHAGEN_WF03_M06_QIR_RESOLUTION_CONTROLLED_v1.0_FULL_VERSION.zip!source_extracts/RECON/RUMAHAGEN_WF03_M04_FULL_REBUILD_v1.1_CORE_EVIDENCE_INTEGRATED_CONTROLLED.zip!02_M04_QUESTION_INVENTORY_v1.1.md,6933,8e8470313c99218db779b805357171f05a8cf7c82f56a2f51e660965b136c26d
M01-M15 new recon(20260907-081753).zip,2,RUMAHAGEN_WF03_M06_QIR_RESOLUTION_CONTROLLED_v1.0_FULL_VERSION.zip!source_extracts/RECON/RUMAHAGEN_WF03_M04_FULL_REBUILD_v1.1_CORE_EVIDENCE_INTEGRATED_CONTROLLED.zip!13_M04_V1.1_SECOND_DEEP_SCAN_FULL_REVALIDATION.md,1353,691a7cff6a81cbe322013a697f53d61eb3484a0da5be85c7cda66b2c5df6dfe2
M01-M15 new recon(20260907-081753).zip,2,RUMAHAGEN_WF03_M06_QIR_RESOLUTION_CONTROLLED_v1.0_FULL_VERSION.zip!source_extracts/RECON/RUMAHAGEN_WF03_M04_FULL_REBUILD_v1.1_CORE_EVIDENCE_INTEGRATED_CONTROLLED.zip!11_M04_PROVENANCE_v1.1.md,514,edcd6987f1759db3f6e2c83cc7d01aebc4a00cce98d85441e16ebece9ef75860
M01-M15 new recon(20260907-081753).zip,2,RUMAHAGEN_WF03_M06_QIR_RESOLUTION_CONTROLLED_v1.0_FULL_VERSION.zip!source_extracts/RECON/RUMAHAGEN_WF03_M04_FULL_REBUILD_v1.1_CORE_EVIDENCE_INTEGRATED_CONTROLLED.zip!12_MANIFEST_M04_v1.1.md,1202,8d721fc47a4b6e1377d201e297c8fc6d33aade41f70c122920e111fb79009b0b
M01-M15 new recon(20260907-081753).zip,2,RUMAHAGEN_WF03_M06_QIR_RESOLUTION_CONTROLLED_v1.0_FULL_VERSION.zip!source_extracts/RECON/RUMAHAGEN_WF03_M04_FULL_REBUILD_v1.1_CORE_EVIDENCE_INTEGRATED_CONTROLLED.zip!03_M04_SEMANTIC_REVIEW_v1.1.md,1074,860793749484e8cb1066dcf20a6d4dae04cccd1fe7abb6de990d65b3c125600c
M01-M15 new recon(20260907-081753).zip,2,RUMAHAGEN_WF03_M06_QIR_RESOLUTION_CONTROLLED_v1.0_FULL_VERSION.zip!source_extracts/RECON/RUMAHAGEN_WF03_M04_FULL_REBUILD_v1.1_CORE_EVIDENCE_INTEGRATED_CONTROLLED.zip!04_M04_LIFECYCLE_REVIEW_v1.1.md,928,969617c8ac8fdd05a4ed6dfdbcaa91172dc8be201786c516e9b7e78159f34740
M01-M15 new recon(20260907-081753).zip,2,RUMAHAGEN_WF03_M06_QIR_RESOLUTION_CONTROLLED_v1.0_FULL_VERSION.zip!source_extracts/RECON/RUMAHAGEN_WF03_M04_FULL_REBUILD_v1.1_CORE_EVIDENCE_INTEGRATED_CONTROLLED.zip!10_M04_INTEGRATION_READINESS_v1.1.md,464,0ed4573de1da916dd2d17d2a5cfaf4a945f2fcc4c81fc16349bedde44b3d5794
M01-M15 new recon(20260907-081753).zip,2,RUMAHAGEN_WF03_M06_QIR_RESOLUTION_CONTROLLED_v1.0_FULL_VERSION.zip!source_extracts/RECON/RUMAHAGEN_WF03_M04_FULL_REBUILD_v1.1_CORE_EVIDENCE_INTEGRATED_CONTROLLED.zip!06_M04_PERMISSION_ROLE_REVIEW_v1.1.md,818,599532c3458490100c97ffa72643bc31c37137608003fcb09b7e543df4ab1bcf
M01-M15 new recon(20260907-081753).zip,2,RUMAHAGEN_WF03_M06_QIR_RESOLUTION_CONTROLLED_v1.0_FULL_VERSION.zip!source_extracts/RECON/RUMAHAGEN_WF03_M04_FULL_REBUILD_v1.1_CORE_EVIDENCE_INTEGRATED_CONTROLLED.zip!01_M04_INVENTORY_FULL_DEEP_SCAN_v1.1.md,1740,8ae0566307ca191843a6948e5e74760728c470a864c125d80775efca08df3737
M01-M15 new recon(20260907-081753).zip,2,RUMAHAGEN_WF03_M06_QIR_RESOLUTION_CONTROLLED_v1.0_FULL_VERSION.zip!source_extracts/RECON/RUMAHAGEN_WF03_M04_FULL_REBUILD_v1.1_CORE_EVIDENCE_INTEGRATED_CONTROLLED.zip!05_M04_CROSS_ARTIFACT_IMPACT_REVIEW_v1.1.md,1305,c08eb8fbea8588e1fa67becbf442a93a489151b7031a5c61f213a6be4ec30915
M01-M15 new recon(20260907-081753).zip,2,RUMAHAGEN_WF03_M06_QIR_RESOLUTION_CONTROLLED_v1.0_FULL_VERSION.zip!source_extracts/RECON/RUMAHAGEN_WF03_M04_FULL_REBUILD_v1.1_CORE_EVIDENCE_INTEGRATED_CONTROLLED.zip!09_M04_QA_FULL_v1.1.md,804,e7727f36be4b48eaecc32c934dff16bc7c1f6cfb5767e82faad4ac20e1ed4474
M01-M15 new recon(20260907-081753).zip,2,RUMAHAGEN_WF03_M06_QIR_RESOLUTION_CONTROLLED_v1.0_FULL_VERSION.zip!source_extracts/RECON/RUMAHAGEN_WF03_M04_FULL_REBUILD_v1.1_CORE_EVIDENCE_INTEGRATED_CONTROLLED.zip!07_M04_PHYSICAL_RUNTIME_STATUS_REVIEW_v1.1.md,961,220476d037b81574d2ee5c015b7c12aab2cfb8bd5c73e22c4d09aaaf02d10f75
M01-M15 new recon(20260907-081753).zip,2,RUMAHAGEN_WF03_M06_QIR_RESOLUTION_CONTROLLED_v1.0_FULL_VERSION.zip!source_extracts/RECON/RUMAHAGEN_WF03_M04_FULL_REBUILD_v1.1_CORE_EVIDENCE_INTEGRATED_CONTROLLED.zip!08_M04_CROSS_MODULE_RECONCILIATION_v1.1.md,917,169fa772f0ce2bb9aa4f79380e9a79d2210672287091731a1a4d12bfe22afcf2
M01-M15 new recon(20260907-081753).zip,2,RUMAHAGEN_WF03_M06_QIR_RESOLUTION_CONTROLLED_v1.0_FULL_VERSION.zip!source_extracts/RECON/RUMAHAGEN_WF03_M04_FULL_REBUILD_v1.1_CORE_EVIDENCE_INTEGRATED_CONTROLLED.zip!99_PROVENANCE_SOURCE_V1.0/10_PROVENANCE.md,435,934ef956a0faef665143156e1f56df1c60394d0fd334bbc92dcb62db32f61d23
M01-M15 new recon(20260907-081753).zip,2,RUMAHAGEN_WF03_M06_QIR_RESOLUTION_CONTROLLED_v1.0_FULL_VERSION.zip!source_extracts/RECON/RUMAHAGEN_WF03_M04_FULL_REBUILD_v1.1_CORE_EVIDENCE_INTEGRATED_CONTROLLED.zip!99_PROVENANCE_SOURCE_V1.0/07_M04_PHYSICAL_RUNTIME_STATUS_REVIEW_v1.0.md,50770,535b87eb40c582fdc0cc13c4b38450dc45bfc974076bc3124195f2c6f740dfbe
M01-M15 new recon(20260907-081753).zip,2,RUMAHAGEN_WF03_M06_QIR_RESOLUTION_CONTROLLED_v1.0_FULL_VERSION.zip!source_extracts/RECON/RUMAHAGEN_WF03_M04_FULL_REBUILD_v1.1_CORE_EVIDENCE_INTEGRATED_CONTROLLED.zip!99_PROVENANCE_SOURCE_V1.0/05_M04_CROSS_ARTIFACT_IMPACT_REVIEW_v1.0.md,50778,8da6da3d52a5bbe1159b81a686a2e0ec1a81cf2ff36f3cdf1819a202b8ea7613
M01-M15 new recon(20260907-081753).zip,2,RUMAHAGEN_WF03_M06_QIR_RESOLUTION_CONTROLLED_v1.0_FULL_VERSION.zip!source_extracts/RECON/RUMAHAGEN_WF03_M04_FULL_REBUILD_v1.1_CORE_EVIDENCE_INTEGRATED_CONTROLLED.zip!99_PROVENANCE_SOURCE_V1.0/09_M04_QA_FULL_v1.0.md,626,48b6b16e6b3b325c9a1db0fe77a6b7f8dfd22bca1007f45c9a4d31d1faa33a8b
M01-M15 new recon(20260907-081753).zip,2,RUMAHAGEN_WF03_M06_QIR_RESOLUTION_CONTROLLED_v1.0_FULL_VERSION.zip!source_extracts/RECON/RUMAHAGEN_WF03_M04_FULL_REBUILD_v1.1_CORE_EVIDENCE_INTEGRATED_CONTROLLED.zip!99_PROVENANCE_SOURCE_V1.0/02_M04_QUESTION_INVENTORY_v1.0.md,62524,550488747465f310485e1ed719e046c89ad63f10f79463ccb66bcffa80a7a42b
M01-M15 new recon(20260907-081753).zip,2,RUMAHAGEN_WF03_M06_QIR_RESOLUTION_CONTROLLED_v1.0_FULL_VERSION.zip!source_extracts/RECON/RUMAHAGEN_WF03_M04_FULL_REBUILD_v1.1_CORE_EVIDENCE_INTEGRATED_CONTROLLED.zip!99_PROVENANCE_SOURCE_V1.0/04_M04_LIFECYCLE_REVIEW_v1.0.md,45043,dedfd92c70ada409e6249dfb1bcdfd9108499fbfd1883503cdba9821e37cc0f1
M01-M15 new recon(20260907-081753).zip,2,RUMAHAGEN_WF03_M06_QIR_RESOLUTION_CONTROLLED_v1.0_FULL_VERSION.zip!source_extracts/RECON/RUMAHAGEN_WF03_M04_FULL_REBUILD_v1.1_CORE_EVIDENCE_INTEGRATED_CONTROLLED.zip!99_PROVENANCE_SOURCE_V1.0/01_M04_INVENTORY_FULL_DEEP_SCAN_v1.0.md,158082,28836a415fae0e00e781e82db8cd690e7e8da4b5561c6425f8aa2d4d3fdffc83
M01-M15 new recon(20260907-081753).zip,2,RUMAHAGEN_WF03_M06_QIR_RESOLUTION_CONTROLLED_v1.0_FULL_VERSION.zip!source_extracts/RECON/RUMAHAGEN_WF03_M04_FULL_REBUILD_v1.1_CORE_EVIDENCE_INTEGRATED_CONTROLLED.zip!99_PROVENANCE_SOURCE_V1.0/08_M04_CROSS_MODULE_RECONCILIATION_v1.0.md,45211,fc9faa615418c89eea0178007be14f2f9fdc054dc5e7d6f1dc8847f809f2a514
M01-M15 new recon(20260907-081753).zip,2,RUMAHAGEN_WF03_M06_QIR_RESOLUTION_CONTROLLED_v1.0_FULL_VERSION.zip!source_extracts/RECON/RUMAHAGEN_WF03_M04_FULL_REBUILD_v1.1_CORE_EVIDENCE_INTEGRATED_CONTROLLED.zip!99_PROVENANCE_SOURCE_V1.0/00_M04_FULL_REBUILD_v1.0_CONTROLLED.md,1405,6971bd96022bfb3a93e2754957c8e72fc71d54c023512cf44f4d8a838343f6a5
M01-M15 new recon(20260907-081753).zip,2,RUMAHAGEN_WF03_M06_QIR_RESOLUTION_CONTROLLED_v1.0_FULL_VERSION.zip!source_extracts/RECON/RUMAHAGEN_WF03_M04_FULL_REBUILD_v1.1_CORE_EVIDENCE_INTEGRATED_CONTROLLED.zip!99_PROVENANCE_SOURCE_V1.0/03_M04_SEMANTIC_REVIEW_v1.0.md,41924,d704cb4fcf9521c71cdaff22baa77af705cec2c30bbc2e28e466653fbfe634e1
M01-M15 new recon(20260907-081753).zip,2,RUMAHAGEN_WF03_M06_QIR_RESOLUTION_CONTROLLED_v1.0_FULL_VERSION.zip!source_extracts/RECON/RUMAHAGEN_WF03_M04_FULL_REBUILD_v1.1_CORE_EVIDENCE_INTEGRATED_CONTROLLED.zip!99_PROVENANCE_SOURCE_V1.0/11_MANIFEST.md,457,d8414d0c89c13cc46c863a3eea742b8ca42f6e36ae6292adf7d1e18929cc16b3
M01-M15 new recon(20260907-081753).zip,2,RUMAHAGEN_WF03_M06_QIR_RESOLUTION_CONTROLLED_v1.0_FULL_VERSION.zip!source_extracts/RECON/RUMAHAGEN_WF03_M04_FULL_REBUILD_v1.1_CORE_EVIDENCE_INTEGRATED_CONTROLLED.zip!99_PROVENANCE_SOURCE_V1.0/06_M04_PERMISSION_ROLE_REVIEW_v1.0.md,39996,83d3a49adabbb066c90ccaf6897e4a2009a9dc5d6db47fdee41c7039381b3977
M01-M15 new recon(20260907-081753).zip,1,RUMAHAGEN_WF03_M06_QIR_RESOLUTION_CONTROLLED_v1.0_FULL_VERSION.zip!source_extracts/RECON/M02_CORE_IMPACT_ANALYSIS_FULL_v1.0_CONTROLLED.zip,19133,a55cd04084472978604376b736fe0561917569902263e34cf64f8e08f40b8d4d
M01-M15 new recon(20260907-081753).zip,2,RUMAHAGEN_WF03_M06_QIR_RESOLUTION_CONTROLLED_v1.0_FULL_VERSION.zip!source_extracts/RECON/M02_CORE_IMPACT_ANALYSIS_FULL_v1.0_CONTROLLED.zip!00_M02_CORE_IMPACT_EXECUTIVE_SUMMARY_v1.0.md,604,1de9e3df0999ef6d50a95c626b34308bdc7b33ec70be4a1790f814dee60861e5
M01-M15 new recon(20260907-081753).zip,2,RUMAHAGEN_WF03_M06_QIR_RESOLUTION_CONTROLLED_v1.0_FULL_VERSION.zip!source_extracts/RECON/M02_CORE_IMPACT_ANALYSIS_FULL_v1.0_CONTROLLED.zip!01_M02_CORE_IMPACT_MATRIX_FULL_v1.0.csv,44200,47bd5f25788de3543b5451066082358a34493d941bb5d1ffff9e30280868d65e
M01-M15 new recon(20260907-081753).zip,2,RUMAHAGEN_WF03_M06_QIR_RESOLUTION_CONTROLLED_v1.0_FULL_VERSION.zip!source_extracts/RECON/M02_CORE_IMPACT_ANALYSIS_FULL_v1.0_CONTROLLED.zip!01_M02_CORE_IMPACT_MATRIX_FULL_v1.0.xlsx,9458,3a7baa47d096e01003c0ff27d76650daa6730c7ca41f963e2d65ffdd003da3d7
M01-M15 new recon(20260907-081753).zip,2,RUMAHAGEN_WF03_M06_QIR_RESOLUTION_CONTROLLED_v1.0_FULL_VERSION.zip!source_extracts/RECON/M02_CORE_IMPACT_ANALYSIS_FULL_v1.0_CONTROLLED.zip!02_M02_CORE_CONFLICT_REGISTER_FULL_v1.0.md,2041,c70e59f3291f3222c7284a16f622322b82681b64f04d121be458d12db0998714
M01-M15 new recon(20260907-081753).zip,2,RUMAHAGEN_WF03_M06_QIR_RESOLUTION_CONTROLLED_v1.0_FULL_VERSION.zip!source_extracts/RECON/M02_CORE_IMPACT_ANALYSIS_FULL_v1.0_CONTROLLED.zip!03_M02_CORE_PROPAGATION_MATRIX_FULL_v1.0.csv,1742,b69810f3ee311bec6f28f7a0bb9c4ebdd57e510bbd2fff207d8333598064b553
M01-M15 new recon(20260907-081753).zip,2,RUMAHAGEN_WF03_M06_QIR_RESOLUTION_CONTROLLED_v1.0_FULL_VERSION.zip!source_extracts/RECON/M02_CORE_IMPACT_ANALYSIS_FULL_v1.0_CONTROLLED.zip!04_M02_CORE_DEPENDENCY_IMPACT_FULL_v1.0.md,712,8f56fbec7b16cedc61195c0a94519f80b854395889b6a133eff153627495f955
M01-M15 new recon(20260907-081753).zip,2,RUMAHAGEN_WF03_M06_QIR_RESOLUTION_CONTROLLED_v1.0_FULL_VERSION.zip!source_extracts/RECON/M02_CORE_IMPACT_ANALYSIS_FULL_v1.0_CONTROLLED.zip!05_M02_CORE_REQUIRED_CHANGE_REGISTER_FULL_v1.0.md,918,3d632c9972a1c1cee618439647ed3aae0d66a2b06958d91c5b75dbda0b1b9321
M01-M15 new recon(20260907-081753).zip,2,RUMAHAGEN_WF03_M06_QIR_RESOLUTION_CONTROLLED_v1.0_FULL_VERSION.zip!source_extracts/RECON/M02_CORE_IMPACT_ANALYSIS_FULL_v1.0_CONTROLLED.zip!06_M02_CORE_AUTHORITY_MAPPING_FULL_v1.0.md,595,0f0258b100aa74232bd111514b5f54859be3e5de309a2f31d2164238b76b11d1
M01-M15 new recon(20260907-081753).zip,2,RUMAHAGEN_WF03_M06_QIR_RESOLUTION_CONTROLLED_v1.0_FULL_VERSION.zip!source_extracts/RECON/M02_CORE_IMPACT_ANALYSIS_FULL_v1.0_CONTROLLED.zip!07_M02_CORE_IMPACT_QA_FULL_v1.0.md,562,0788bd8934fb640d242670c0072e051d06bdb0e41cd637c41e33f9c1d8b74f42
M01-M15 new recon(20260907-081753).zip,2,RUMAHAGEN_WF03_M06_QIR_RESOLUTION_CONTROLLED_v1.0_FULL_VERSION.zip!source_extracts/RECON/M02_CORE_IMPACT_ANALYSIS_FULL_v1.0_CONTROLLED.zip!08_M02_CORE_INTEGRATION_READINESS_FULL_v1.0.md,437,300eae59bcd5f01720bd296518a359e3462852b5cbdb5dc7e526bf0c9dcc5e4a
M01-M15 new recon(20260907-081753).zip,2,RUMAHAGEN_WF03_M06_QIR_RESOLUTION_CONTROLLED_v1.0_FULL_VERSION.zip!source_extracts/RECON/M02_CORE_IMPACT_ANALYSIS_FULL_v1.0_CONTROLLED.zip!09_PROVENANCE_M02_CORE_IMPACT_v1.0.md,590,d0e1f22ff9d95cdd70a029ba5bda9a38da9c8a68e1d2400039c25e225e4bc86f
M01-M15 new recon(20260907-081753).zip,2,RUMAHAGEN_WF03_M06_QIR_RESOLUTION_CONTROLLED_v1.0_FULL_VERSION.zip!source_extracts/RECON/M02_CORE_IMPACT_ANALYSIS_FULL_v1.0_CONTROLLED.zip!10_MANIFEST_M02_CORE_IMPACT_v1.0.md,548,7e3dc9d8399c8c4ee30c30276c2133eed6a84f0577b27fb194a8240a9a2582d6
M01-M15 new recon(20260907-081753).zip,1,RUMAHAGEN_WF03_M06_QIR_RESOLUTION_CONTROLLED_v1.0_FULL_VERSION.zip!source_extracts/RECON/RUMAHAGEN_WF03_M05_FULL_REBUILD_CONTROLLED_v1.3_FULL_VERSION.zip,166268,1230777319e8d7a0a358e65a2e6081f3e12dcbc69b5082d360f820850f001d36
M01-M15 new recon(20260907-081753).zip,2,RUMAHAGEN_WF03_M06_QIR_RESOLUTION_CONTROLLED_v1.0_FULL_VERSION.zip!source_extracts/RECON/RUMAHAGEN_WF03_M05_FULL_REBUILD_CONTROLLED_v1.3_FULL_VERSION.zip!01_M05_SOURCE_INVENTORY_100PCT_v1.3.md,296,3f532424a2fa7f8351433856e4c86168bfd64256a646181b8f1aaaf27db8362c
M01-M15 new recon(20260907-081753).zip,2,RUMAHAGEN_WF03_M06_QIR_RESOLUTION_CONTROLLED_v1.0_FULL_VERSION.zip!source_extracts/RECON/RUMAHAGEN_WF03_M05_FULL_REBUILD_CONTROLLED_v1.3_FULL_VERSION.zip!00_M05_FULL_REBUILD_CONTROL_REPORT_v1.3.md,1667,21af39ad84abde95495aeae6f415a7643a9d11635fa3792de570e4d4ff506062
M01-M15 new recon(20260907-081753).zip,2,RUMAHAGEN_WF03_M06_QIR_RESOLUTION_CONTROLLED_v1.0_FULL_VERSION.zip!source_extracts/RECON/RUMAHAGEN_WF03_M05_FULL_REBUILD_CONTROLLED_v1.3_FULL_VERSION.zip!18_M05_FULL_REBUILD_CONTROLLED_v1.3.docx,38682,035e9f7a6b4e218b8bec0bdecd1779b88d29f56d17e7e8ded66787e9bafe8d79
M01-M15 new recon(20260907-081753).zip,2,RUMAHAGEN_WF03_M06_QIR_RESOLUTION_CONTROLLED_v1.0_FULL_VERSION.zip!source_extracts/RECON/RUMAHAGEN_WF03_M05_FULL_REBUILD_CONTROLLED_v1.3_FULL_VERSION.zip!10_M05_ACTOR_SURFACE_FULL_v1.3.md,579,9ccd8c33b632388544a54e0d3e735f2ccf8542bddc8018548a4bcec27a25c5e5
M01-M15 new recon(20260907-081753).zip,2,RUMAHAGEN_WF03_M06_QIR_RESOLUTION_CONTROLLED_v1.0_FULL_VERSION.zip!source_extracts/RECON/RUMAHAGEN_WF03_M05_FULL_REBUILD_CONTROLLED_v1.3_FULL_VERSION.zip!06_M05_PERMISSION_ACTION_REVIEW_FULL_v1.3.md,439,833c490edca36658ed3f72396d49738f6073543502cf61927611d6d6560504b2
M01-M15 new recon(20260907-081753).zip,2,RUMAHAGEN_WF03_M06_QIR_RESOLUTION_CONTROLLED_v1.0_FULL_VERSION.zip!source_extracts/RECON/RUMAHAGEN_WF03_M05_FULL_REBUILD_CONTROLLED_v1.3_FULL_VERSION.zip!02_M05_SOURCE_INVENTORY_100PCT_v1.3.csv,72712,5b9721953d1d7d45e6f1e45ccce0c00cfad21cd78ad9c1cf2088909336ee99e0
M01-M15 new recon(20260907-081753).zip,2,RUMAHAGEN_WF03_M06_QIR_RESOLUTION_CONTROLLED_v1.0_FULL_VERSION.zip!source_extracts/RECON/RUMAHAGEN_WF03_M05_FULL_REBUILD_CONTROLLED_v1.3_FULL_VERSION.zip!03_M05_QUESTION_INVENTORY_FULL_v1.3.md,250,862d70146bf3b54817fc57f08491c77994ab6cdb7e8419b5a3b9c7899221e6a9
M01-M15 new recon(20260907-081753).zip,2,RUMAHAGEN_WF03_M06_QIR_RESOLUTION_CONTROLLED_v1.0_FULL_VERSION.zip!source_extracts/RECON/RUMAHAGEN_WF03_M05_FULL_REBUILD_CONTROLLED_v1.3_FULL_VERSION.zip!07_M05_CROSS_ARTIFACT_RECONCILIATION_FULL_v1.3.md,572,5689d839c0043abb0139b7602cec96dcfc2779b11ed7bec78de1c9ff41dc2a74
M01-M15 new recon(20260907-081753).zip,2,RUMAHAGEN_WF03_M06_QIR_RESOLUTION_CONTROLLED_v1.0_FULL_VERSION.zip!source_extracts/RECON/RUMAHAGEN_WF03_M05_FULL_REBUILD_CONTROLLED_v1.3_FULL_VERSION.zip!14_M05_FIELD_INVENTORY_FULL_v1.3.csv,1704,f11d4f60f3fceadeb2eaad39c7ee3e209f6bf55927c9e53b028419a4af07d645
M01-M15 new recon(20260907-081753).zip,2,RUMAHAGEN_WF03_M06_QIR_RESOLUTION_CONTROLLED_v1.0_FULL_VERSION.zip!source_extracts/RECON/RUMAHAGEN_WF03_M05_FULL_REBUILD_CONTROLLED_v1.3_FULL_VERSION.zip!03_M05_QUESTION_INVENTORY_FULL_v1.3.csv,2736,e5522ec17f41ff81f7e74fdaa01903f233603bdae45150343cc7765b1155d454
M01-M15 new recon(20260907-081753).zip,2,RUMAHAGEN_WF03_M06_QIR_RESOLUTION_CONTROLLED_v1.0_FULL_VERSION.zip!source_extracts/RECON/RUMAHAGEN_WF03_M05_FULL_REBUILD_CONTROLLED_v1.3_FULL_VERSION.zip!12_M05_ONLINE_MEETING_PROVIDER_FULL_v1.3.md,722,543e2b28797686d86c651ce780409084af2b8d000858bdbeb3f61ce86a296a53
M01-M15 new recon(20260907-081753).zip,2,RUMAHAGEN_WF03_M06_QIR_RESOLUTION_CONTROLLED_v1.0_FULL_VERSION.zip!source_extracts/RECON/RUMAHAGEN_WF03_M05_FULL_REBUILD_CONTROLLED_v1.3_FULL_VERSION.zip!08_M05_CROSS_MODULE_RECONCILIATION_FULL_v1.3.md,359,d9ccee16e5a72622d76871d91f55d2d05b1476b72f94ba3d7c1c6346f12e5134
M01-M15 new recon(20260907-081753).zip,2,RUMAHAGEN_WF03_M06_QIR_RESOLUTION_CONTROLLED_v1.0_FULL_VERSION.zip!source_extracts/RECON/RUMAHAGEN_WF03_M05_FULL_REBUILD_CONTROLLED_v1.3_FULL_VERSION.zip!11_M05_CONFIGURATION_MATRIX_FULL_v1.3.md,782,c8dc02c2f3286c0ab009910c6d287416fd53b9c9a90238004e6bb25198504d93
M01-M15 new recon(20260907-081753).zip,2,RUMAHAGEN_WF03_M06_QIR_RESOLUTION_CONTROLLED_v1.0_FULL_VERSION.zip!source_extracts/RECON/RUMAHAGEN_WF03_M05_FULL_REBUILD_CONTROLLED_v1.3_FULL_VERSION.zip!13_M05_GUEST_REGISTRATION_FULL_v1.3.md,670,9f0b5f4d7da73a2b293fbe3ae3699f938737ac0d6fb2bf9fdec08bdbcb965061
M01-M15 new recon(20260907-081753).zip,2,RUMAHAGEN_WF03_M06_QIR_RESOLUTION_CONTROLLED_v1.0_FULL_VERSION.zip!source_extracts/RECON/RUMAHAGEN_WF03_M05_FULL_REBUILD_CONTROLLED_v1.3_FULL_VERSION.zip!09_M05_PHYSICAL_RUNTIME_PREREQUISITE_REVIEW_FULL_v1.3.md,414,48cbe3e217adc17b26b2807e5ef479cef416d7d24b3eab6ce2e1e0be44a27d8a
M01-M15 new recon(20260907-081753).zip,2,RUMAHAGEN_WF03_M06_QIR_RESOLUTION_CONTROLLED_v1.0_FULL_VERSION.zip!source_extracts/RECON/RUMAHAGEN_WF03_M05_FULL_REBUILD_CONTROLLED_v1.3_FULL_VERSION.zip!17_M05_FINAL_QA_PRE_GATE_v1.3.md,1132,ca998ee830fe566cfd9549c1f6685c8e2a6ceda7017129fcbccee1e002602383
M01-M15 new recon(20260907-081753).zip,2,RUMAHAGEN_WF03_M06_QIR_RESOLUTION_CONTROLLED_v1.0_FULL_VERSION.zip!source_extracts/RECON/RUMAHAGEN_WF03_M05_FULL_REBUILD_CONTROLLED_v1.3_FULL_VERSION.zip!16_M05_QIR_CORRECTION_TRACEABILITY_FULL_v1.3.md,663,369245670ca838bb65ecf474122281c33ec66a8f0b7bbe122ace7efe9372ba79
M01-M15 new recon(20260907-081753).zip,2,RUMAHAGEN_WF03_M06_QIR_RESOLUTION_CONTROLLED_v1.0_FULL_VERSION.zip!source_extracts/RECON/RUMAHAGEN_WF03_M05_FULL_REBUILD_CONTROLLED_v1.3_FULL_VERSION.zip!15_M05_CONFIGURATION_PERMISSION_MATRIX_FULL_v1.3.xlsx,9152,d78c962ceaa84af68da83f844f384fc5a9aa4acb81c79a70938f1d1a9a37fccc
M01-M15 new recon(20260907-081753).zip,2,RUMAHAGEN_WF03_M06_QIR_RESOLUTION_CONTROLLED_v1.0_FULL_VERSION.zip!source_extracts/RECON/RUMAHAGEN_WF03_M05_FULL_REBUILD_CONTROLLED_v1.3_FULL_VERSION.zip!04_M05_SEMANTIC_REVIEW_FULL_v1.3.md,759,a3b75e6b3e2d57f1b6e23250a7d87622e961bc09485692c416ca80a1fac41608
M01-M15 new recon(20260907-081753).zip,2,RUMAHAGEN_WF03_M06_QIR_RESOLUTION_CONTROLLED_v1.0_FULL_VERSION.zip!source_extracts/RECON/RUMAHAGEN_WF03_M05_FULL_REBUILD_CONTROLLED_v1.3_FULL_VERSION.zip!05_M05_LIFECYCLE_FULL_v1.3.md,1182,9571114d42331cc9c965926232052565114b7a702ceb346bb4d787865ddbd703
M01-M15 new recon(20260907-081753).zip,2,RUMAHAGEN_WF03_M06_QIR_RESOLUTION_CONTROLLED_v1.0_FULL_VERSION.zip!source_extracts/RECON/RUMAHAGEN_WF03_M05_FULL_REBUILD_CONTROLLED_v1.3_FULL_VERSION.zip!01_FULL_V1.2_RETAINED/11_M05_PERMISSION_MATRIX_FULL_v1.2.csv,585,313bb7e2a1150735acf5784bacdbfcd668602cbcb41cac2c729f07b0f9227d8f
M01-M15 new recon(20260907-081753).zip,2,RUMAHAGEN_WF03_M06_QIR_RESOLUTION_CONTROLLED_v1.0_FULL_VERSION.zip!source_extracts/RECON/RUMAHAGEN_WF03_M05_FULL_REBUILD_CONTROLLED_v1.3_FULL_VERSION.zip!01_FULL_V1.2_RETAINED/10_M05_CONFIGURATION_PROVIDER_FULL_v1.2.md,994,98cefff14739efb2325fac01ef67cdb66ef7dd73e2dcb95c850324f1e57e485f
M01-M15 new recon(20260907-081753).zip,2,RUMAHAGEN_WF03_M06_QIR_RESOLUTION_CONTROLLED_v1.0_FULL_VERSION.zip!source_extracts/RECON/RUMAHAGEN_WF03_M05_FULL_REBUILD_CONTROLLED_v1.3_FULL_VERSION.zip!01_FULL_V1.2_RETAINED/08_M05_CROSS_MODULE_RECONCILIATION_FULL_v1.2.md,468,d7d33ca3a8fddabcbc235f0cb3d8ced1bd223fcf0d75ccf31e9c8a3a43ccc7f3
M01-M15 new recon(20260907-081753).zip,2,RUMAHAGEN_WF03_M06_QIR_RESOLUTION_CONTROLLED_v1.0_FULL_VERSION.zip!source_extracts/RECON/RUMAHAGEN_WF03_M05_FULL_REBUILD_CONTROLLED_v1.3_FULL_VERSION.zip!01_FULL_V1.2_RETAINED/05_M05_PERMISSION_ACTION_REVIEW_FULL_v1.2.md,603,5ed39f103fa02317f3a02d09538d2d5df00f36092571155112dc95baf6529bb0
M01-M15 new recon(20260907-081753).zip,2,RUMAHAGEN_WF03_M06_QIR_RESOLUTION_CONTROLLED_v1.0_FULL_VERSION.zip!source_extracts/RECON/RUMAHAGEN_WF03_M05_FULL_REBUILD_CONTROLLED_v1.3_FULL_VERSION.zip!01_FULL_V1.2_RETAINED/evidence_iframe.md,7107,87e56e7c740da4101035c2337aec782135d9972c3a094d6da1e35fbbc7b67923
M01-M15 new recon(20260907-081753).zip,2,RUMAHAGEN_WF03_M06_QIR_RESOLUTION_CONTROLLED_v1.0_FULL_VERSION.zip!source_extracts/RECON/RUMAHAGEN_WF03_M05_FULL_REBUILD_CONTROLLED_v1.3_FULL_VERSION.zip!01_FULL_V1.2_RETAINED/04_M05_LIFECYCLE_FULL_v1.2.md,959,a6de78784a718927f9795c107a5f8a3d02cb0d5bd073ed954257e350a5d0d2d7
M01-M15 new recon(20260907-081753).zip,2,RUMAHAGEN_WF03_M06_QIR_RESOLUTION_CONTROLLED_v1.0_FULL_VERSION.zip!source_extracts/RECON/RUMAHAGEN_WF03_M05_FULL_REBUILD_CONTROLLED_v1.3_FULL_VERSION.zip!01_FULL_V1.2_RETAINED/evidence_waitinglist.md,8521,632636cf72ddce93215d53df08d7aae1da9f97443c47cc70b1e1c0a7f98ae66e
M01-M15 new recon(20260907-081753).zip,2,RUMAHAGEN_WF03_M06_QIR_RESOLUTION_CONTROLLED_v1.0_FULL_VERSION.zip!source_extracts/RECON/RUMAHAGEN_WF03_M05_FULL_REBUILD_CONTROLLED_v1.3_FULL_VERSION.zip!01_FULL_V1.2_RETAINED/03_M05_SEMANTIC_REVIEW_FULL_v1.2.md,824,5bc5b8c679a1d8cddb7436f24a45d188e2ac0c4033430f539ec66c07fce57f62
M01-M15 new recon(20260907-081753).zip,2,RUMAHAGEN_WF03_M06_QIR_RESOLUTION_CONTROLLED_v1.0_FULL_VERSION.zip!source_extracts/RECON/RUMAHAGEN_WF03_M05_FULL_REBUILD_CONTROLLED_v1.3_FULL_VERSION.zip!01_FULL_V1.2_RETAINED/06_M05_CROSS_ARTIFACT_RECONCILIATION_FULL_v1.2.md,771,d0bc8ec1808f80f3fe60a9653d896d39acb47ca8deda709c37d50adb90c222f6
M01-M15 new recon(20260907-081753).zip,2,RUMAHAGEN_WF03_M06_QIR_RESOLUTION_CONTROLLED_v1.0_FULL_VERSION.zip!source_extracts/RECON/RUMAHAGEN_WF03_M05_FULL_REBUILD_CONTROLLED_v1.3_FULL_VERSION.zip!01_FULL_V1.2_RETAINED/evidence_late_registration.md,8522,5dad927befd76a6385f49a07d5e945c7dac5859f9aabb2e12819b1ad905ea921
M01-M15 new recon(20260907-081753).zip,2,RUMAHAGEN_WF03_M06_QIR_RESOLUTION_CONTROLLED_v1.0_FULL_VERSION.zip!source_extracts/RECON/RUMAHAGEN_WF03_M05_FULL_REBUILD_CONTROLLED_v1.3_FULL_VERSION.zip!01_FULL_V1.2_RETAINED/evidence_quota.md,8997,5739dd0e60bc7d6dbb132bd2fc99307cbae5e641876d514287331dee2229554d
M01-M15 new recon(20260907-081753).zip,2,RUMAHAGEN_WF03_M06_QIR_RESOLUTION_CONTROLLED_v1.0_FULL_VERSION.zip!source_extracts/RECON/RUMAHAGEN_WF03_M05_FULL_REBUILD_CONTROLLED_v1.3_FULL_VERSION.zip!01_FULL_V1.2_RETAINED/15_M05_MANIFEST_CONTROLLED_v1.2.md,527,8ac8db02b06f6244c19d45a1fadfa51979200e14f78bca1226d03680a6d52346
M01-M15 new recon(20260907-081753).zip,2,RUMAHAGEN_WF03_M06_QIR_RESOLUTION_CONTROLLED_v1.0_FULL_VERSION.zip!source_extracts/RECON/RUMAHAGEN_WF03_M05_FULL_REBUILD_CONTROLLED_v1.3_FULL_VERSION.zip!01_FULL_V1.2_RETAINED/01_M05_SOURCE_INVENTORY_100PCT_v1.2.md,331,d0dce5dec2063a77ae9e8d4a70c156055d2074d523459c51ce858372ec6b08b8
M01-M15 new recon(20260907-081753).zip,2,RUMAHAGEN_WF03_M06_QIR_RESOLUTION_CONTROLLED_v1.0_FULL_VERSION.zip!source_extracts/RECON/RUMAHAGEN_WF03_M05_FULL_REBUILD_CONTROLLED_v1.3_FULL_VERSION.zip!01_FULL_V1.2_RETAINED/12_M05_FULL_FIELD_CONFIGURATION_PERMISSION_MATRIX_v1.2.xlsx,8960,cd1ca9ea4b5b61e66cdcbc9c8e4b376c8264954153921cc3c52df94660e7cf0d
M01-M15 new recon(20260907-081753).zip,2,RUMAHAGEN_WF03_M06_QIR_RESOLUTION_CONTROLLED_v1.0_FULL_VERSION.zip!source_extracts/RECON/RUMAHAGEN_WF03_M05_FULL_REBUILD_CONTROLLED_v1.3_FULL_VERSION.zip!01_FULL_V1.2_RETAINED/13_M05_EVIDENCE_PROVENANCE_AND_DIFF_v1.2.md,1658,8e44d24df3826d67914b95435702eb6ef3283a5accbc30cce60161b1473ef4ce
M01-M15 new recon(20260907-081753).zip,2,RUMAHAGEN_WF03_M06_QIR_RESOLUTION_CONTROLLED_v1.0_FULL_VERSION.zip!source_extracts/RECON/RUMAHAGEN_WF03_M05_FULL_REBUILD_CONTROLLED_v1.3_FULL_VERSION.zip!01_FULL_V1.2_RETAINED/07_M05_PHYSICAL_RUNTIME_PREREQUISITE_REVIEW_FULL_v1.2.md,576,c989b648afb1dbf8d0f83b8dea57d9902b246fe24957b3dbdd178c7aed59d616
M01-M15 new recon(20260907-081753).zip,2,RUMAHAGEN_WF03_M06_QIR_RESOLUTION_CONTROLLED_v1.0_FULL_VERSION.zip!source_extracts/RECON/RUMAHAGEN_WF03_M05_FULL_REBUILD_CONTROLLED_v1.3_FULL_VERSION.zip!01_FULL_V1.2_RETAINED/01_M05_SOURCE_INVENTORY_100PCT_v1.2.csv,67454,2f281b81c85297dbf006fc7967c4786b87989d2323ad17c51e2cabb559d9c24d
M01-M15 new recon(20260907-081753).zip,2,RUMAHAGEN_WF03_M06_QIR_RESOLUTION_CONTROLLED_v1.0_FULL_VERSION.zip!source_extracts/RECON/RUMAHAGEN_WF03_M05_FULL_REBUILD_CONTROLLED_v1.3_FULL_VERSION.zip!01_FULL_V1.2_RETAINED/16_M05_FULL_REBUILD_CONTROLLED_v1.2.docx,38911,3f6fd5e26ba3be8c62abd83d5fcf23a691d2ed0249457839e2e91eda6728a5a1
M01-M15 new recon(20260907-081753).zip,2,RUMAHAGEN_WF03_M06_QIR_RESOLUTION_CONTROLLED_v1.0_FULL_VERSION.zip!source_extracts/RECON/RUMAHAGEN_WF03_M05_FULL_REBUILD_CONTROLLED_v1.3_FULL_VERSION.zip!01_FULL_V1.2_RETAINED/09_M05_ACTOR_SURFACE_FULL_v1.2.md,632,c83720852629c84182c81579f44e1822a11d66ec2286806adf7fcddcf0683acd
M01-M15 new recon(20260907-081753).zip,2,RUMAHAGEN_WF03_M06_QIR_RESOLUTION_CONTROLLED_v1.0_FULL_VERSION.zip!source_extracts/RECON/RUMAHAGEN_WF03_M05_FULL_REBUILD_CONTROLLED_v1.3_FULL_VERSION.zip!01_FULL_V1.2_RETAINED/evidence_attendance.md,8385,96168cb862f58dc1aa5c88ff12e9bb2bea6a9203eae8c7019c45e9bc61e790ce
M01-M15 new recon(20260907-081753).zip,2,RUMAHAGEN_WF03_M06_QIR_RESOLUTION_CONTROLLED_v1.0_FULL_VERSION.zip!source_extracts/RECON/RUMAHAGEN_WF03_M05_FULL_REBUILD_CONTROLLED_v1.3_FULL_VERSION.zip!01_FULL_V1.2_RETAINED/02_M05_QUESTION_INVENTORY_FULL_v1.2.md,237,0ead9d51ce5c3ccc45f9a7ef3ce107190b3906829753befec4049c23df906a19
M01-M15 new recon(20260907-081753).zip,2,RUMAHAGEN_WF03_M06_QIR_RESOLUTION_CONTROLLED_v1.0_FULL_VERSION.zip!source_extracts/RECON/RUMAHAGEN_WF03_M05_FULL_REBUILD_CONTROLLED_v1.3_FULL_VERSION.zip!01_FULL_V1.2_RETAINED/00_M05_FULL_REBUILD_CONTROL_REPORT_v1.2.md,1490,2afae2a74dc5cb686cebff9e8bef85291feb0086c7580a46759114ab349f0e72
M01-M15 new recon(20260907-081753).zip,2,RUMAHAGEN_WF03_M06_QIR_RESOLUTION_CONTROLLED_v1.0_FULL_VERSION.zip!source_extracts/RECON/RUMAHAGEN_WF03_M05_FULL_REBUILD_CONTROLLED_v1.3_FULL_VERSION.zip!01_FULL_V1.2_RETAINED/evidence_fields.md,8908,b3848bb521559a614af5d5a047c90e2628e62b4ed2b70b86d98e1714c2dadc3b
M01-M15 new recon(20260907-081753).zip,2,RUMAHAGEN_WF03_M06_QIR_RESOLUTION_CONTROLLED_v1.0_FULL_VERSION.zip!source_extracts/RECON/RUMAHAGEN_WF03_M05_FULL_REBUILD_CONTROLLED_v1.3_FULL_VERSION.zip!01_FULL_V1.2_RETAINED/02_M05_QUESTION_INVENTORY_FULL_v1.2.csv,2321,d87f8242e029d255f930f16db9360243f3e24c04e0f020f4ca739467f3c9a1ec
M01-M15 new recon(20260907-081753).zip,2,RUMAHAGEN_WF03_M06_QIR_RESOLUTION_CONTROLLED_v1.0_FULL_VERSION.zip!source_extracts/RECON/RUMAHAGEN_WF03_M05_FULL_REBUILD_CONTROLLED_v1.3_FULL_VERSION.zip!01_FULL_V1.2_RETAINED/evidence_provider.md,8501,6edaab09e2c2d6284da1f1846448cae2049c0bbee22892a44d162b4cf00919db
M01-M15 new recon(20260907-081753).zip,2,RUMAHAGEN_WF03_M06_QIR_RESOLUTION_CONTROLLED_v1.0_FULL_VERSION.zip!source_extracts/RECON/RUMAHAGEN_WF03_M05_FULL_REBUILD_CONTROLLED_v1.3_FULL_VERSION.zip!01_FULL_V1.2_RETAINED/14_M05_QA_FULL_v1.2.md,1150,60ab10879ff1f725a8d43d5e9b453714cd019bc694fe71bd9bdbaba83c0e64f1
M01-M15 new recon(20260907-081753).zip,1,RUMAHAGEN_WF03_M06_QIR_RESOLUTION_CONTROLLED_v1.0_FULL_VERSION.zip!source_extracts/RECON/RUMAHAGEN_WF03_M03_FULL_REBUILD_v1.3_QIR_INTEGRATED_CONTROLLED.zip,161796,b9e484c35d3cc997f791510ba10a5eeef0e851030a424699fff790b8317e76ca
M01-M15 new recon(20260907-081753).zip,2,RUMAHAGEN_WF03_M06_QIR_RESOLUTION_CONTROLLED_v1.0_FULL_VERSION.zip!source_extracts/RECON/RUMAHAGEN_WF03_M03_FULL_REBUILD_v1.3_QIR_INTEGRATED_CONTROLLED.zip!15_M03_QA_COMPLETION_CONTROLLED_v1.3.md,1396,c2a161abd7ee786113a8a1d8db7e293e4c7b0745fc4884697a78ff76323c0f00
M01-M15 new recon(20260907-081753).zip,2,RUMAHAGEN_WF03_M06_QIR_RESOLUTION_CONTROLLED_v1.0_FULL_VERSION.zip!source_extracts/RECON/RUMAHAGEN_WF03_M03_FULL_REBUILD_v1.3_QIR_INTEGRATED_CONTROLLED.zip!MANIFEST_M03_FULL_REBUILD_v1.3.md,1148,9a72ff3191e16efd885522b81e1c1ebdb124ca80f09f3c21e8031f9f2547df58
M01-M15 new recon(20260907-081753).zip,2,RUMAHAGEN_WF03_M06_QIR_RESOLUTION_CONTROLLED_v1.0_FULL_VERSION.zip!source_extracts/RECON/RUMAHAGEN_WF03_M03_FULL_REBUILD_v1.3_QIR_INTEGRATED_CONTROLLED.zip!09_M03_SEARCH_CONTRACT_FULL_v1.3.md,1635,8b88d97ee61f222d30336e49d9792513d59395fad2655db35f365ca7b5457a71
M01-M15 new recon(20260907-081753).zip,2,RUMAHAGEN_WF03_M06_QIR_RESOLUTION_CONTROLLED_v1.0_FULL_VERSION.zip!source_extracts/RECON/RUMAHAGEN_WF03_M03_FULL_REBUILD_v1.3_QIR_INTEGRATED_CONTROLLED.zip!17_M03_QIR_INTEGRATION_PROVENANCE_v1.3.md,1605,ee95baced7b6a41e2bd7fe067db3b07c208b816382d1b4ae5f54a32cd3a76e39
M01-M15 new recon(20260907-081753).zip,2,RUMAHAGEN_WF03_M06_QIR_RESOLUTION_CONTROLLED_v1.0_FULL_VERSION.zip!source_extracts/RECON/RUMAHAGEN_WF03_M03_FULL_REBUILD_v1.3_QIR_INTEGRATED_CONTROLLED.zip!02_M03_PERMISSION_MATRIX_FULL_v1.3.xlsx,8231,055b82e2f0c0afbc692653dc63ff52857556a21b49f25d9b796434109a9eae13
M01-M15 new recon(20260907-081753).zip,2,RUMAHAGEN_WF03_M06_QIR_RESOLUTION_CONTROLLED_v1.0_FULL_VERSION.zip!source_extracts/RECON/RUMAHAGEN_WF03_M03_FULL_REBUILD_v1.3_QIR_INTEGRATED_CONTROLLED.zip!11_M03_PHYSICAL_RUNTIME_STATUS_FULL_v1.3.md,1346,ddcf7ff72551e43765665754443ad95e9ebae2518d99980e302ecf56fc5df73a
M01-M15 new recon(20260907-081753).zip,2,RUMAHAGEN_WF03_M06_QIR_RESOLUTION_CONTROLLED_v1.0_FULL_VERSION.zip!source_extracts/RECON/RUMAHAGEN_WF03_M03_FULL_REBUILD_v1.3_QIR_INTEGRATED_CONTROLLED.zip!01_M03_QUESTION_INVENTORY_FULL_v1.3.csv,14733,7ebcbdd2b8989e0c57a981f28add726ae7b046b74d6e0118e58eeae895cbc88d
M01-M15 new recon(20260907-081753).zip,2,RUMAHAGEN_WF03_M06_QIR_RESOLUTION_CONTROLLED_v1.0_FULL_VERSION.zip!source_extracts/RECON/RUMAHAGEN_WF03_M03_FULL_REBUILD_v1.3_QIR_INTEGRATED_CONTROLLED.zip!README_CONTROLLED_OUTPUT_v1.3.md,1358,6324296237781583dc4c164b90569d0daa4556d64edbfb3b4c7ef15bcf72875a
M01-M15 new recon(20260907-081753).zip,2,RUMAHAGEN_WF03_M06_QIR_RESOLUTION_CONTROLLED_v1.0_FULL_VERSION.zip!source_extracts/RECON/RUMAHAGEN_WF03_M03_FULL_REBUILD_v1.3_QIR_INTEGRATED_CONTROLLED.zip!05_M03_CROSS_ARTIFACT_RECONCILIATION_FULL_v1.3.md,2047,3e80c41639a4a5b1bd36565a3b4dfcd3a6e6b6e41b49c8d90dd9ae365e4ce04e
M01-M15 new recon(20260907-081753).zip,2,RUMAHAGEN_WF03_M06_QIR_RESOLUTION_CONTROLLED_v1.0_FULL_VERSION.zip!source_extracts/RECON/RUMAHAGEN_WF03_M03_FULL_REBUILD_v1.3_QIR_INTEGRATED_CONTROLLED.zip!04_M03_SEMANTIC_LIFECYCLE_AUTHORITY_FULL_v1.3.md,3651,d237ceef14e3ffdcbbef81163d9758aa98e94a6e273124c7d3be8713fb8c21fc
M01-M15 new recon(20260907-081753).zip,2,RUMAHAGEN_WF03_M06_QIR_RESOLUTION_CONTROLLED_v1.0_FULL_VERSION.zip!source_extracts/RECON/RUMAHAGEN_WF03_M03_FULL_REBUILD_v1.3_QIR_INTEGRATED_CONTROLLED.zip!07_M03_RBAC_RLS_CONTRACT_FULL_v1.3.md,1468,09d31f650c0cc476741119d75206b283abf22605e2bec9a76ea47347389a2ed9
M01-M15 new recon(20260907-081753).zip,2,RUMAHAGEN_WF03_M06_QIR_RESOLUTION_CONTROLLED_v1.0_FULL_VERSION.zip!source_extracts/RECON/RUMAHAGEN_WF03_M03_FULL_REBUILD_v1.3_QIR_INTEGRATED_CONTROLLED.zip!06_M03_API_CONTRACT_FULL_v1.3.md,1992,5b1299f701cbb3dd0d8e5f3ba041e619d5a584c0401578469d60e7e7013746e8
M01-M15 new recon(20260907-081753).zip,2,RUMAHAGEN_WF03_M06_QIR_RESOLUTION_CONTROLLED_v1.0_FULL_VERSION.zip!source_extracts/RECON/RUMAHAGEN_WF03_M03_FULL_REBUILD_v1.3_QIR_INTEGRATED_CONTROLLED.zip!08_M03_SCHEMA_ERD_RECONCILIATION_FULL_v1.3.sql,662,ce83c094d6914d06ce71d88de776cda62a39ee4dc047b294558c08fbcdb6e7bd
M01-M15 new recon(20260907-081753).zip,2,RUMAHAGEN_WF03_M06_QIR_RESOLUTION_CONTROLLED_v1.0_FULL_VERSION.zip!source_extracts/RECON/RUMAHAGEN_WF03_M03_FULL_REBUILD_v1.3_QIR_INTEGRATED_CONTROLLED.zip!00_M03_REBUILD_CONTROL_REPORT_v1.3.md,4607,cc0fe9bdeff48456a3010936fdadeba7ceb338ccded2f46b46c4a6d551b08285
M01-M15 new recon(20260907-081753).zip,2,RUMAHAGEN_WF03_M06_QIR_RESOLUTION_CONTROLLED_v1.0_FULL_VERSION.zip!source_extracts/RECON/RUMAHAGEN_WF03_M03_FULL_REBUILD_v1.3_QIR_INTEGRATED_CONTROLLED.zip!16_WF03_MASTER_PROGRESS_M01-M15_v1.8_M03_QIR_INTEGRATED.xlsx,29255,eba4a88d5d22fa972654e78c1a3ae4ffe3c4fa07103a82b39b749f1435401ed2
M01-M15 new recon(20260907-081753).zip,2,RUMAHAGEN_WF03_M06_QIR_RESOLUTION_CONTROLLED_v1.0_FULL_VERSION.zip!source_extracts/RECON/RUMAHAGEN_WF03_M03_FULL_REBUILD_v1.3_QIR_INTEGRATED_CONTROLLED.zip!01_M03_QUESTION_INVENTORY_FULL_v1.3.xlsx,10724,9038cefe60b2982db6cc081355d1262c16a4df852b1199eca0b732e6fa6d40ef
M01-M15 new recon(20260907-081753).zip,2,RUMAHAGEN_WF03_M06_QIR_RESOLUTION_CONTROLLED_v1.0_FULL_VERSION.zip!source_extracts/RECON/RUMAHAGEN_WF03_M03_FULL_REBUILD_v1.3_QIR_INTEGRATED_CONTROLLED.zip!13_M03_MEDIA_THUMBNAIL_DERIVATIVE_CONTRACT_FULL_v1.3.md,1664,de6aea2c25f5a253264419b55b0559e8f9747381806d00180a349d409de04b25
M01-M15 new recon(20260907-081753).zip,2,RUMAHAGEN_WF03_M06_QIR_RESOLUTION_CONTROLLED_v1.0_FULL_VERSION.zip!source_extracts/RECON/RUMAHAGEN_WF03_M03_FULL_REBUILD_v1.3_QIR_INTEGRATED_CONTROLLED.zip!03_M03_PERMISSION_MATRIX_FULL_v1.3.csv,2976,99dfeae307ee98b5feeb954772740e79dd2f096eed0cfcb16034df5c1af3fc43
M01-M15 new recon(20260907-081753).zip,2,RUMAHAGEN_WF03_M06_QIR_RESOLUTION_CONTROLLED_v1.0_FULL_VERSION.zip!source_extracts/RECON/RUMAHAGEN_WF03_M03_FULL_REBUILD_v1.3_QIR_INTEGRATED_CONTROLLED.zip!10_M03_UI_UX_USER_FLOW_FULL_v1.3.md,1632,8088db4f7266fc022960ff19b9f2aca8e473a7ab20eb294a5bd79992d6eee86a
M01-M15 new recon(20260907-081753).zip,2,RUMAHAGEN_WF03_M06_QIR_RESOLUTION_CONTROLLED_v1.0_FULL_VERSION.zip!source_extracts/RECON/RUMAHAGEN_WF03_M03_FULL_REBUILD_v1.3_QIR_INTEGRATED_CONTROLLED.zip!14_M03_DISTRICT_REFRESH_POSITIONING_CONTRACT_FULL_v1.3.md,1518,cfd64dc6285dc1a6f0db4aa703ffc412eaf24dfb2c116f20af8a76ce4ea3e3ea
M01-M15 new recon(20260907-081753).zip,2,RUMAHAGEN_WF03_M06_QIR_RESOLUTION_CONTROLLED_v1.0_FULL_VERSION.zip!source_extracts/RECON/RUMAHAGEN_WF03_M03_FULL_REBUILD_v1.3_QIR_INTEGRATED_CONTROLLED.zip!_PROVENANCE_QIR_V1.0_SOURCE/01_M03_QUESTION_INVENTORY_RESOLVED_v1.0.xlsx,10960,10acb3cdc93a7a2dcf62228c000bc9b1f88e1a2c838f794ce8add5fe640bec82
M01-M15 new recon(20260907-081753).zip,2,RUMAHAGEN_WF03_M06_QIR_RESOLUTION_CONTROLLED_v1.0_FULL_VERSION.zip!source_extracts/RECON/RUMAHAGEN_WF03_M03_FULL_REBUILD_v1.3_QIR_INTEGRATED_CONTROLLED.zip!_PROVENANCE_QIR_V1.0_SOURCE/11_M03_PHYSICAL_RUNTIME_STATUS_FULL_v1.2.md,1346,f04d585eb56bbac7b4ae96ff13367809aeff4ed2a3b703a208676d73cb72666d
M01-M15 new recon(20260907-081753).zip,2,RUMAHAGEN_WF03_M06_QIR_RESOLUTION_CONTROLLED_v1.0_FULL_VERSION.zip!source_extracts/RECON/RUMAHAGEN_WF03_M03_FULL_REBUILD_v1.3_QIR_INTEGRATED_CONTROLLED.zip!_PROVENANCE_QIR_V1.0_SOURCE/08_M03_SCHEMA_ERD_RECONCILIATION_FULL_v1.0.sql,1013,846555669f649b6e9eb2aae9134aded8d09d0992873632d09929b406cf54cd9a
M01-M15 new recon(20260907-081753).zip,2,RUMAHAGEN_WF03_M06_QIR_RESOLUTION_CONTROLLED_v1.0_FULL_VERSION.zip!source_extracts/RECON/RUMAHAGEN_WF03_M03_FULL_REBUILD_v1.3_QIR_INTEGRATED_CONTROLLED.zip!_PROVENANCE_QIR_V1.0_SOURCE/00_M03_QUESTION_INVENTORY_RESOLUTION_REPORT_v1.0.md,2543,cacde59e135baa32ccbb8013b13272d47ab374ca481fe67e685b544e3accc9a6
M01-M15 new recon(20260907-081753).zip,2,RUMAHAGEN_WF03_M06_QIR_RESOLUTION_CONTROLLED_v1.0_FULL_VERSION.zip!source_extracts/RECON/RUMAHAGEN_WF03_M03_FULL_REBUILD_v1.3_QIR_INTEGRATED_CONTROLLED.zip!_PROVENANCE_QIR_V1.0_SOURCE/08_M03_SCHEMA_ERD_RECONCILIATION_FULL_v1.2.sql,662,3e1265850c556d0a5be379968439e3d84654619e23479b7599d4ff89d4c34c0e
M01-M15 new recon(20260907-081753).zip,2,RUMAHAGEN_WF03_M06_QIR_RESOLUTION_CONTROLLED_v1.0_FULL_VERSION.zip!source_extracts/RECON/RUMAHAGEN_WF03_M03_FULL_REBUILD_v1.3_QIR_INTEGRATED_CONTROLLED.zip!_PROVENANCE_QIR_V1.0_SOURCE/MANIFEST_M03_QIR_v1.0.md,965,1fa2b9efd20dee21f6abd546c4e5989d5db875f78972d68ddff42fb7f88e82a4
M01-M15 new recon(20260907-081753).zip,2,RUMAHAGEN_WF03_M06_QIR_RESOLUTION_CONTROLLED_v1.0_FULL_VERSION.zip!source_extracts/RECON/RUMAHAGEN_WF03_M03_FULL_REBUILD_v1.3_QIR_INTEGRATED_CONTROLLED.zip!_PROVENANCE_QIR_V1.0_SOURCE/05_M03_CROSS_ARTIFACT_RECONCILIATION_FULL_v1.2.md,2047,97b5a1d742b8c19104464fa4b7ad31dac3de83693e1a1bb3d989f07c891ef660
M01-M15 new recon(20260907-081753).zip,2,RUMAHAGEN_WF03_M06_QIR_RESOLUTION_CONTROLLED_v1.0_FULL_VERSION.zip!source_extracts/RECON/RUMAHAGEN_WF03_M03_FULL_REBUILD_v1.3_QIR_INTEGRATED_CONTROLLED.zip!_PROVENANCE_QIR_V1.0_SOURCE/14_M03_DISTRICT_REFRESH_POSITIONING_CONTRACT_FULL_v1.2.md,1518,47f7549ff7d6a0c8149336f9ea8636d86100dde5888a9b2417b07ca9b8300e2f
M01-M15 new recon(20260907-081753).zip,2,RUMAHAGEN_WF03_M06_QIR_RESOLUTION_CONTROLLED_v1.0_FULL_VERSION.zip!source_extracts/RECON/RUMAHAGEN_WF03_M03_FULL_REBUILD_v1.3_QIR_INTEGRATED_CONTROLLED.zip!_PROVENANCE_QIR_V1.0_SOURCE/MANIFEST_v1.2.md,889,4dd81fc1d0e9c94ea2f18988069d42a5b5e79253fc33335421231b799d5f3e8b
M01-M15 new recon(20260907-081753).zip,2,RUMAHAGEN_WF03_M06_QIR_RESOLUTION_CONTROLLED_v1.0_FULL_VERSION.zip!source_extracts/RECON/RUMAHAGEN_WF03_M03_FULL_REBUILD_v1.3_QIR_INTEGRATED_CONTROLLED.zip!_PROVENANCE_QIR_V1.0_SOURCE/04_M03_SEMANTIC_LIFECYCLE_AUTHORITY_RESOLVED_v1.0.md,3834,7c6ab09ad4495bc656b7e3bc5799f3bef4894ad0e5331bcead49a4833ea7ae20
M01-M15 new recon(20260907-081753).zip,2,RUMAHAGEN_WF03_M06_QIR_RESOLUTION_CONTROLLED_v1.0_FULL_VERSION.zip!source_extracts/RECON/RUMAHAGEN_WF03_M03_FULL_REBUILD_v1.3_QIR_INTEGRATED_CONTROLLED.zip!_PROVENANCE_QIR_V1.0_SOURCE/01_M03_QUESTION_INVENTORY_RESOLVED_v1.0.csv,12262,d55245642ba7edbc425af1c55b83ce3de712b49ad77c579c0d1361bde55d4d4d
M01-M15 new recon(20260907-081753).zip,2,RUMAHAGEN_WF03_M06_QIR_RESOLUTION_CONTROLLED_v1.0_FULL_VERSION.zip!source_extracts/RECON/RUMAHAGEN_WF03_M03_FULL_REBUILD_v1.3_QIR_INTEGRATED_CONTROLLED.zip!_PROVENANCE_QIR_V1.0_SOURCE/README_CONTROLLED_OUTPUT_v1.2.md,1198,716f12d89786ffaf61a6d2d5f29ad4fd8156b85d4c75c47b3a327d03d673cf4a
M01-M15 new recon(20260907-081753).zip,2,RUMAHAGEN_WF03_M06_QIR_RESOLUTION_CONTROLLED_v1.0_FULL_VERSION.zip!source_extracts/RECON/RUMAHAGEN_WF03_M03_FULL_REBUILD_v1.3_QIR_INTEGRATED_CONTROLLED.zip!_PROVENANCE_QIR_V1.0_SOURCE/03_M03_PERMISSION_MATRIX_FULL_v1.2.csv,3290,e990ded819f7ad539ce9f1daab3d00ec13a5296183300b9e7ba64232a7e93f34
M01-M15 new recon(20260907-081753).zip,2,RUMAHAGEN_WF03_M06_QIR_RESOLUTION_CONTROLLED_v1.0_FULL_VERSION.zip!source_extracts/RECON/RUMAHAGEN_WF03_M03_FULL_REBUILD_v1.3_QIR_INTEGRATED_CONTROLLED.zip!_PROVENANCE_QIR_V1.0_SOURCE/02_M03_PERMISSION_MATRIX_RESOLVED_v1.0.xlsx,8231,5f4bdff6411198fb2a35bf88bc16d15f726bf0aafd3f4a4c0cfd271abaf35ee9
M01-M15 new recon(20260907-081753).zip,2,RUMAHAGEN_WF03_M06_QIR_RESOLUTION_CONTROLLED_v1.0_FULL_VERSION.zip!source_extracts/RECON/RUMAHAGEN_WF03_M03_FULL_REBUILD_v1.3_QIR_INTEGRATED_CONTROLLED.zip!_PROVENANCE_QIR_V1.0_SOURCE/10_M03_UI_UX_USER_FLOW_FULL_v1.2.md,1632,09639adb4f8e01e6ddaa109a17e66a00f9ce0f2fc9e715609f271255c369f610
M01-M15 new recon(20260907-081753).zip,2,RUMAHAGEN_WF03_M06_QIR_RESOLUTION_CONTROLLED_v1.0_FULL_VERSION.zip!source_extracts/RECON/RUMAHAGEN_WF03_M03_FULL_REBUILD_v1.3_QIR_INTEGRATED_CONTROLLED.zip!_PROVENANCE_QIR_V1.0_SOURCE/15_M03_QA_COMPLETION_CONTROLLED_v1.2.md,1396,e0a2c95114e9773552a013e3b535818667409bf4791a2946ae8cbf1d86d53f38
M01-M15 new recon(20260907-081753).zip,2,RUMAHAGEN_WF03_M06_QIR_RESOLUTION_CONTROLLED_v1.0_FULL_VERSION.zip!source_extracts/RECON/RUMAHAGEN_WF03_M03_FULL_REBUILD_v1.3_QIR_INTEGRATED_CONTROLLED.zip!_PROVENANCE_QIR_V1.0_SOURCE/00_M03_REBUILD_CONTROL_REPORT_v1.2.md,4607,f02ca75459fdf42ebfe5ce9af63f33e2ed038587a21aa41f7ac5583bebf7c4bb
M01-M15 new recon(20260907-081753).zip,2,RUMAHAGEN_WF03_M06_QIR_RESOLUTION_CONTROLLED_v1.0_FULL_VERSION.zip!source_extracts/RECON/RUMAHAGEN_WF03_M03_FULL_REBUILD_v1.3_QIR_INTEGRATED_CONTROLLED.zip!_PROVENANCE_QIR_V1.0_SOURCE/09_M03_SEARCH_CONTRACT_RESOLVED_v1.0.md,1665,6b015b4ec40f4af741b8ef372c12cf5c38997ad279630df9c5a28bfd59a135bd
M01-M15 new recon(20260907-081753).zip,2,RUMAHAGEN_WF03_M06_QIR_RESOLUTION_CONTROLLED_v1.0_FULL_VERSION.zip!source_extracts/RECON/RUMAHAGEN_WF03_M03_FULL_REBUILD_v1.3_QIR_INTEGRATED_CONTROLLED.zip!_PROVENANCE_QIR_V1.0_SOURCE/06_M03_API_CONTRACT_FULL_v1.2.md,1992,7b89a05f96fea587c1390dce4a7276986e04ba5f8b2833ef2a020f037a104812
M01-M15 new recon(20260907-081753).zip,2,RUMAHAGEN_WF03_M06_QIR_RESOLUTION_CONTROLLED_v1.0_FULL_VERSION.zip!source_extracts/RECON/RUMAHAGEN_WF03_M03_FULL_REBUILD_v1.3_QIR_INTEGRATED_CONTROLLED.zip!_PROVENANCE_QIR_V1.0_SOURCE/13_M03_MEDIA_THUMBNAIL_DERIVATIVE_CONTRACT_FULL_v1.2.md,1664,ef6b046ac3c6896be9860f034832cc455a1efd8ab53e959acc9c9edd033cbfbe
M01-M15 new recon(20260907-081753).zip,2,RUMAHAGEN_WF03_M06_QIR_RESOLUTION_CONTROLLED_v1.0_FULL_VERSION.zip!source_extracts/RECON/RUMAHAGEN_WF03_M03_FULL_REBUILD_v1.3_QIR_INTEGRATED_CONTROLLED.zip!_PROVENANCE_QIR_V1.0_SOURCE/16_WF03_MASTER_PROGRESS_M01-M15_v1.7_M03_QIR_COMPLETE.xlsx,29256,bdbaf8f992d9887a4d57b4570436cf21f16605f109c8e60aa45959e0433412c4
M01-M15 new recon(20260907-081753).zip,2,RUMAHAGEN_WF03_M06_QIR_RESOLUTION_CONTROLLED_v1.0_FULL_VERSION.zip!source_extracts/RECON/RUMAHAGEN_WF03_M03_FULL_REBUILD_v1.3_QIR_INTEGRATED_CONTROLLED.zip!_PROVENANCE_M03_V1.2_ORIGINAL/01_M03_QUESTION_INVENTORY_FULL_v1.2.csv,11442,654d03bbfec99b2daeea2387aa56d61b779fcd04eea8a52cab9f6718698192af
M01-M15 new recon(20260907-081753).zip,2,RUMAHAGEN_WF03_M06_QIR_RESOLUTION_CONTROLLED_v1.0_FULL_VERSION.zip!source_extracts/RECON/RUMAHAGEN_WF03_M03_FULL_REBUILD_v1.3_QIR_INTEGRATED_CONTROLLED.zip!_PROVENANCE_M03_V1.2_ORIGINAL/01_M03_QUESTION_INVENTORY_FULL_v1.2.xlsx,10816,a74a6be6e48b3234201a71a9993d4779b5b1476128794d0b1a133c5bc327f5b0
M01-M15 new recon(20260907-081753).zip,2,RUMAHAGEN_WF03_M06_QIR_RESOLUTION_CONTROLLED_v1.0_FULL_VERSION.zip!source_extracts/RECON/RUMAHAGEN_WF03_M03_FULL_REBUILD_v1.3_QIR_INTEGRATED_CONTROLLED.zip!_PROVENANCE_M03_V1.2_ORIGINAL/11_M03_PHYSICAL_RUNTIME_STATUS_FULL_v1.2.md,1346,f04d585eb56bbac7b4ae96ff13367809aeff4ed2a3b703a208676d73cb72666d
M01-M15 new recon(20260907-081753).zip,2,RUMAHAGEN_WF03_M06_QIR_RESOLUTION_CONTROLLED_v1.0_FULL_VERSION.zip!source_extracts/RECON/RUMAHAGEN_WF03_M03_FULL_REBUILD_v1.3_QIR_INTEGRATED_CONTROLLED.zip!_PROVENANCE_M03_V1.2_ORIGINAL/08_M03_SCHEMA_ERD_RECONCILIATION_FULL_v1.0.sql,1013,846555669f649b6e9eb2aae9134aded8d09d0992873632d09929b406cf54cd9a
M01-M15 new recon(20260907-081753).zip,2,RUMAHAGEN_WF03_M06_QIR_RESOLUTION_CONTROLLED_v1.0_FULL_VERSION.zip!source_extracts/RECON/RUMAHAGEN_WF03_M03_FULL_REBUILD_v1.3_QIR_INTEGRATED_CONTROLLED.zip!_PROVENANCE_M03_V1.2_ORIGINAL/04_M03_SEMANTIC_LIFECYCLE_AUTHORITY_FULL_v1.2.md,3651,e75615d5b2e5f5221c90be6675d952594139d434de7ec46895206fda78222c48
M01-M15 new recon(20260907-081753).zip,2,RUMAHAGEN_WF03_M06_QIR_RESOLUTION_CONTROLLED_v1.0_FULL_VERSION.zip!source_extracts/RECON/RUMAHAGEN_WF03_M03_FULL_REBUILD_v1.3_QIR_INTEGRATED_CONTROLLED.zip!_PROVENANCE_M03_V1.2_ORIGINAL/08_M03_SCHEMA_ERD_RECONCILIATION_FULL_v1.2.sql,662,3e1265850c556d0a5be379968439e3d84654619e23479b7599d4ff89d4c34c0e
M01-M15 new recon(20260907-081753).zip,2,RUMAHAGEN_WF03_M06_QIR_RESOLUTION_CONTROLLED_v1.0_FULL_VERSION.zip!source_extracts/RECON/RUMAHAGEN_WF03_M03_FULL_REBUILD_v1.3_QIR_INTEGRATED_CONTROLLED.zip!_PROVENANCE_M03_V1.2_ORIGINAL/05_M03_CROSS_ARTIFACT_RECONCILIATION_FULL_v1.2.md,2047,97b5a1d742b8c19104464fa4b7ad31dac3de83693e1a1bb3d989f07c891ef660
M01-M15 new recon(20260907-081753).zip,2,RUMAHAGEN_WF03_M06_QIR_RESOLUTION_CONTROLLED_v1.0_FULL_VERSION.zip!source_extracts/RECON/RUMAHAGEN_WF03_M03_FULL_REBUILD_v1.3_QIR_INTEGRATED_CONTROLLED.zip!_PROVENANCE_M03_V1.2_ORIGINAL/07_M03_RBAC_RLS_CONTRACT_FULL_v1.2.md,1468,01509fa3b2025be1c425da46575cbba2491b78203d5061c89a86eb525eab6023
M01-M15 new recon(20260907-081753).zip,2,RUMAHAGEN_WF03_M06_QIR_RESOLUTION_CONTROLLED_v1.0_FULL_VERSION.zip!source_extracts/RECON/RUMAHAGEN_WF03_M03_FULL_REBUILD_v1.3_QIR_INTEGRATED_CONTROLLED.zip!_PROVENANCE_M03_V1.2_ORIGINAL/14_M03_DISTRICT_REFRESH_POSITIONING_CONTRACT_FULL_v1.2.md,1518,47f7549ff7d6a0c8149336f9ea8636d86100dde5888a9b2417b07ca9b8300e2f
M01-M15 new recon(20260907-081753).zip,2,RUMAHAGEN_WF03_M06_QIR_RESOLUTION_CONTROLLED_v1.0_FULL_VERSION.zip!source_extracts/RECON/RUMAHAGEN_WF03_M03_FULL_REBUILD_v1.3_QIR_INTEGRATED_CONTROLLED.zip!_PROVENANCE_M03_V1.2_ORIGINAL/09_M03_SEARCH_CONTRACT_FULL_v1.2.md,1635,32a10e17db8958176752ec9be097f66ea53f0551880741f6a3c80c1d0194376a
M01-M15 new recon(20260907-081753).zip,2,RUMAHAGEN_WF03_M06_QIR_RESOLUTION_CONTROLLED_v1.0_FULL_VERSION.zip!source_extracts/RECON/RUMAHAGEN_WF03_M03_FULL_REBUILD_v1.3_QIR_INTEGRATED_CONTROLLED.zip!_PROVENANCE_M03_V1.2_ORIGINAL/MANIFEST_v1.2.md,889,4dd81fc1d0e9c94ea2f18988069d42a5b5e79253fc33335421231b799d5f3e8b
M01-M15 new recon(20260907-081753).zip,2,RUMAHAGEN_WF03_M06_QIR_RESOLUTION_CONTROLLED_v1.0_FULL_VERSION.zip!source_extracts/RECON/RUMAHAGEN_WF03_M03_FULL_REBUILD_v1.3_QIR_INTEGRATED_CONTROLLED.zip!_PROVENANCE_M03_V1.2_ORIGINAL/16_WF03_MASTER_PROGRESS_M01-M15_v1.6_M03_COMPLETE.xlsx,29257,26cbed8af28587ba51e3fb01942c52ae502998596fa6cf39ceac1587d773b347
M01-M15 new recon(20260907-081753).zip,2,RUMAHAGEN_WF03_M06_QIR_RESOLUTION_CONTROLLED_v1.0_FULL_VERSION.zip!source_extracts/RECON/RUMAHAGEN_WF03_M03_FULL_REBUILD_v1.3_QIR_INTEGRATED_CONTROLLED.zip!_PROVENANCE_M03_V1.2_ORIGINAL/README_CONTROLLED_OUTPUT_v1.2.md,1198,716f12d89786ffaf61a6d2d5f29ad4fd8156b85d4c75c47b3a327d03d673cf4a
M01-M15 new recon(20260907-081753).zip,2,RUMAHAGEN_WF03_M06_QIR_RESOLUTION_CONTROLLED_v1.0_FULL_VERSION.zip!source_extracts/RECON/RUMAHAGEN_WF03_M03_FULL_REBUILD_v1.3_QIR_INTEGRATED_CONTROLLED.zip!_PROVENANCE_M03_V1.2_ORIGINAL/03_M03_PERMISSION_MATRIX_FULL_v1.2.csv,3290,e990ded819f7ad539ce9f1daab3d00ec13a5296183300b9e7ba64232a7e93f34
M01-M15 new recon(20260907-081753).zip,2,RUMAHAGEN_WF03_M06_QIR_RESOLUTION_CONTROLLED_v1.0_FULL_VERSION.zip!source_extracts/RECON/RUMAHAGEN_WF03_M03_FULL_REBUILD_v1.3_QIR_INTEGRATED_CONTROLLED.zip!_PROVENANCE_M03_V1.2_ORIGINAL/10_M03_UI_UX_USER_FLOW_FULL_v1.2.md,1632,09639adb4f8e01e6ddaa109a17e66a00f9ce0f2fc9e715609f271255c369f610
M01-M15 new recon(20260907-081753).zip,2,RUMAHAGEN_WF03_M06_QIR_RESOLUTION_CONTROLLED_v1.0_FULL_VERSION.zip!source_extracts/RECON/RUMAHAGEN_WF03_M03_FULL_REBUILD_v1.3_QIR_INTEGRATED_CONTROLLED.zip!_PROVENANCE_M03_V1.2_ORIGINAL/15_M03_QA_COMPLETION_CONTROLLED_v1.2.md,1396,e0a2c95114e9773552a013e3b535818667409bf4791a2946ae8cbf1d86d53f38
M01-M15 new recon(20260907-081753).zip,2,RUMAHAGEN_WF03_M06_QIR_RESOLUTION_CONTROLLED_v1.0_FULL_VERSION.zip!source_extracts/RECON/RUMAHAGEN_WF03_M03_FULL_REBUILD_v1.3_QIR_INTEGRATED_CONTROLLED.zip!_PROVENANCE_M03_V1.2_ORIGINAL/00_M03_REBUILD_CONTROL_REPORT_v1.2.md,4607,f02ca75459fdf42ebfe5ce9af63f33e2ed038587a21aa41f7ac5583bebf7c4bb
M01-M15 new recon(20260907-081753).zip,2,RUMAHAGEN_WF03_M06_QIR_RESOLUTION_CONTROLLED_v1.0_FULL_VERSION.zip!source_extracts/RECON/RUMAHAGEN_WF03_M03_FULL_REBUILD_v1.3_QIR_INTEGRATED_CONTROLLED.zip!_PROVENANCE_M03_V1.2_ORIGINAL/02_M03_PERMISSION_MATRIX_FULL_v1.2.xlsx,8343,10068b1fbdb2a8b456ea66a9a2f39820de63624cb00955a36fb595ec37a365f5
M01-M15 new recon(20260907-081753).zip,2,RUMAHAGEN_WF03_M06_QIR_RESOLUTION_CONTROLLED_v1.0_FULL_VERSION.zip!source_extracts/RECON/RUMAHAGEN_WF03_M03_FULL_REBUILD_v1.3_QIR_INTEGRATED_CONTROLLED.zip!_PROVENANCE_M03_V1.2_ORIGINAL/06_M03_API_CONTRACT_FULL_v1.2.md,1992,7b89a05f96fea587c1390dce4a7276986e04ba5f8b2833ef2a020f037a104812
M01-M15 new recon(20260907-081753).zip,2,RUMAHAGEN_WF03_M06_QIR_RESOLUTION_CONTROLLED_v1.0_FULL_VERSION.zip!source_extracts/RECON/RUMAHAGEN_WF03_M03_FULL_REBUILD_v1.3_QIR_INTEGRATED_CONTROLLED.zip!_PROVENANCE_M03_V1.2_ORIGINAL/13_M03_MEDIA_THUMBNAIL_DERIVATIVE_CONTRACT_FULL_v1.2.md,1664,ef6b046ac3c6896be9860f034832cc455a1efd8ab53e959acc9c9edd033cbfbe
M01-M15 new recon(20260907-081753).zip,1,RUMAHAGEN_WF03_M06_QIR_RESOLUTION_CONTROLLED_v1.0_FULL_VERSION.zip!source_extracts/RECON/M04_CORE_IMPACT_ANALYSIS_FULL_v1.0_CONTROLLED.zip,7535,663eabb21c09aa50a82101ffae0d7dad549ed91f1f04a40dedc3760aca28141e
M01-M15 new recon(20260907-081753).zip,2,RUMAHAGEN_WF03_M06_QIR_RESOLUTION_CONTROLLED_v1.0_FULL_VERSION.zip!source_extracts/RECON/M04_CORE_IMPACT_ANALYSIS_FULL_v1.0_CONTROLLED.zip!08_M04_CORE_INTEGRATION_READINESS.md,376,99d609a1732938416071caae5f150991f0aeb478e4e1d2e79db3be034ff65324
M01-M15 new recon(20260907-081753).zip,2,RUMAHAGEN_WF03_M06_QIR_RESOLUTION_CONTROLLED_v1.0_FULL_VERSION.zip!source_extracts/RECON/M04_CORE_IMPACT_ANALYSIS_FULL_v1.0_CONTROLLED.zip!05_M04_CORE_REQUIRED_CHANGE_REGISTER.md,565,fc8a9037576ff30c2aa1dd4972b0d6ce1d603dedae43d5e245b786939c386a42
M01-M15 new recon(20260907-081753).zip,2,RUMAHAGEN_WF03_M06_QIR_RESOLUTION_CONTROLLED_v1.0_FULL_VERSION.zip!source_extracts/RECON/M04_CORE_IMPACT_ANALYSIS_FULL_v1.0_CONTROLLED.zip!04_M04_CORE_DEPENDENCY_IMPACT.md,717,02ead0f52e56f42ca06074587e39701139d755598beac2aadcd7c3e718d6847c
M01-M15 new recon(20260907-081753).zip,2,RUMAHAGEN_WF03_M06_QIR_RESOLUTION_CONTROLLED_v1.0_FULL_VERSION.zip!source_extracts/RECON/M04_CORE_IMPACT_ANALYSIS_FULL_v1.0_CONTROLLED.zip!03_M04_CORE_PROPAGATION_MATRIX.csv,1122,c332327f80ac5c3f2e9d5e0c71117eb54a31199119a32bba9635dac18ae6d43a
M01-M15 new recon(20260907-081753).zip,2,RUMAHAGEN_WF03_M06_QIR_RESOLUTION_CONTROLLED_v1.0_FULL_VERSION.zip!source_extracts/RECON/M04_CORE_IMPACT_ANALYSIS_FULL_v1.0_CONTROLLED.zip!09_PROVENANCE.md,394,7fc83b91be813af5443857d4bf2b6fdd1a63cceb102238e8f491d90b7109bdda
M01-M15 new recon(20260907-081753).zip,2,RUMAHAGEN_WF03_M06_QIR_RESOLUTION_CONTROLLED_v1.0_FULL_VERSION.zip!source_extracts/RECON/M04_CORE_IMPACT_ANALYSIS_FULL_v1.0_CONTROLLED.zip!01_M04_CORE_IMPACT_MATRIX.csv,1689,e225ea1c6385ddfc0e6ba3e32aa450d252cc765a4d659ccc69c0e5d34a65f585
M01-M15 new recon(20260907-081753).zip,2,RUMAHAGEN_WF03_M06_QIR_RESOLUTION_CONTROLLED_v1.0_FULL_VERSION.zip!source_extracts/RECON/M04_CORE_IMPACT_ANALYSIS_FULL_v1.0_CONTROLLED.zip!07_M04_CORE_QA.md,410,720a7c42650baca6a8a6f1b4808495a037a8d9e6fa1d85334a6c08bd250d2f13
M01-M15 new recon(20260907-081753).zip,2,RUMAHAGEN_WF03_M06_QIR_RESOLUTION_CONTROLLED_v1.0_FULL_VERSION.zip!source_extracts/RECON/M04_CORE_IMPACT_ANALYSIS_FULL_v1.0_CONTROLLED.zip!02_M04_CORE_CONFLICT_REGISTER.md,9490,de2ce4f66ad5ee4048635348cb19ffafa0d4e98b45be06212fb02c3e0c348f1e
M01-M15 new recon(20260907-081753).zip,2,RUMAHAGEN_WF03_M06_QIR_RESOLUTION_CONTROLLED_v1.0_FULL_VERSION.zip!source_extracts/RECON/M04_CORE_IMPACT_ANALYSIS_FULL_v1.0_CONTROLLED.zip!01_M04_CORE_IMPACT_MATRIX.md,2267,51694ac6d8e160b9189ab002f9943cf5100fe4174f348b129115325d6aa88c5e
M01-M15 new recon(20260907-081753).zip,2,RUMAHAGEN_WF03_M06_QIR_RESOLUTION_CONTROLLED_v1.0_FULL_VERSION.zip!source_extracts/RECON/M04_CORE_IMPACT_ANALYSIS_FULL_v1.0_CONTROLLED.zip!06_M04_CORE_AUTHORITY_MAPPING.md,813,8a3b1fb5b8aaf5a1386116ea11ded298253e52bb580106ba4122fa15b285840c
M01-M15 new recon(20260907-081753).zip,2,RUMAHAGEN_WF03_M06_QIR_RESOLUTION_CONTROLLED_v1.0_FULL_VERSION.zip!source_extracts/RECON/M04_CORE_IMPACT_ANALYSIS_FULL_v1.0_CONTROLLED.zip!10_MANIFEST.md,373,4bd1dbd56e5ec255cd2e8cd84856074f4cee32ec979557e3152695db8ff3d7f9
M01-M15 new recon(20260907-081753).zip,1,RUMAHAGEN_WF03_M06_QIR_RESOLUTION_CONTROLLED_v1.0_FULL_VERSION.zip!source_extracts/RECON/M03_CORE_IMPACT_ANALYSIS_FULL_v1.0_CONTROLLED.zip,25873,4a91fa049761f2f3aae0373342a5082c125a481c21a45c8368f1aa28795e1ec3
M01-M15 new recon(20260907-081753).zip,2,RUMAHAGEN_WF03_M06_QIR_RESOLUTION_CONTROLLED_v1.0_FULL_VERSION.zip!source_extracts/RECON/M03_CORE_IMPACT_ANALYSIS_FULL_v1.0_CONTROLLED.zip!00_M03_CORE_IMPACT_EXECUTIVE_SUMMARY_v1.0.md,591,7018405a6b28328143778dc8db578a341fe0e365cbf448fc71646a9c3a19f71c
M01-M15 new recon(20260907-081753).zip,2,RUMAHAGEN_WF03_M06_QIR_RESOLUTION_CONTROLLED_v1.0_FULL_VERSION.zip!source_extracts/RECON/M03_CORE_IMPACT_ANALYSIS_FULL_v1.0_CONTROLLED.zip!01_M03_CORE_IMPACT_MATRIX_FULL_v1.0.csv,44866,9794fd91286104171cffabf262068b8fcd38599a83d7e1de6409a364833c8dd4
M01-M15 new recon(20260907-081753).zip,2,RUMAHAGEN_WF03_M06_QIR_RESOLUTION_CONTROLLED_v1.0_FULL_VERSION.zip!source_extracts/RECON/M03_CORE_IMPACT_ANALYSIS_FULL_v1.0_CONTROLLED.zip!01_M03_CORE_IMPACT_MATRIX_FULL_v1.0.xlsx,12128,8bc972cba4bc365c91e83d38dd2c20fdc78dd124b31c1d4b0d5d8578c52638ad
M01-M15 new recon(20260907-081753).zip,2,RUMAHAGEN_WF03_M06_QIR_RESOLUTION_CONTROLLED_v1.0_FULL_VERSION.zip!source_extracts/RECON/M03_CORE_IMPACT_ANALYSIS_FULL_v1.0_CONTROLLED.zip!02_M03_CORE_CONFLICT_REGISTER_FULL_v1.0.md,2436,a56616e47561fe8fdaddb66d961107067d9073e1fbdf8588552a140c9370e8e6
M01-M15 new recon(20260907-081753).zip,2,RUMAHAGEN_WF03_M06_QIR_RESOLUTION_CONTROLLED_v1.0_FULL_VERSION.zip!source_extracts/RECON/M03_CORE_IMPACT_ANALYSIS_FULL_v1.0_CONTROLLED.zip!03_M03_CORE_PROPAGATION_MATRIX_FULL_v1.0.csv,2473,6d82ae9c8d072a6bf36b01f38d6f505decbbd9b7e93c504e3c91374cd837434a
M01-M15 new recon(20260907-081753).zip,2,RUMAHAGEN_WF03_M06_QIR_RESOLUTION_CONTROLLED_v1.0_FULL_VERSION.zip!source_extracts/RECON/M03_CORE_IMPACT_ANALYSIS_FULL_v1.0_CONTROLLED.zip!04_M03_CORE_DEPENDENCY_IMPACT_FULL_v1.0.md,977,9cf8d9b7b3764916470fef4f3906fc2931db577a018d9875f798f19417fe4e55
M01-M15 new recon(20260907-081753).zip,2,RUMAHAGEN_WF03_M06_QIR_RESOLUTION_CONTROLLED_v1.0_FULL_VERSION.zip!source_extracts/RECON/M03_CORE_IMPACT_ANALYSIS_FULL_v1.0_CONTROLLED.zip!05_M03_CORE_REQUIRED_CHANGE_REGISTER_FULL_v1.0.md,1708,15c09511552930d23539842c3c7d3c28cf4432eebe30f2fc40bc80008d9bae2e
M01-M15 new recon(20260907-081753).zip,2,RUMAHAGEN_WF03_M06_QIR_RESOLUTION_CONTROLLED_v1.0_FULL_VERSION.zip!source_extracts/RECON/M03_CORE_IMPACT_ANALYSIS_FULL_v1.0_CONTROLLED.zip!06_M03_CORE_AUTHORITY_MAPPING_FULL_v1.0.md,1057,81ef889caac2dc0f5a01ec920e368e2f7ef3bfa534f6d09bc726b9d4dab96a12
M01-M15 new recon(20260907-081753).zip,2,RUMAHAGEN_WF03_M06_QIR_RESOLUTION_CONTROLLED_v1.0_FULL_VERSION.zip!source_extracts/RECON/M03_CORE_IMPACT_ANALYSIS_FULL_v1.0_CONTROLLED.zip!07_M03_CORE_IMPACT_QA_FULL_v1.0.md,974,471253870f17a0d823fe7615864ebe11ef6c30671b2814fc1889f68b18cb72eb
M01-M15 new recon(20260907-081753).zip,2,RUMAHAGEN_WF03_M06_QIR_RESOLUTION_CONTROLLED_v1.0_FULL_VERSION.zip!source_extracts/RECON/M03_CORE_IMPACT_ANALYSIS_FULL_v1.0_CONTROLLED.zip!08_M03_CORE_INTEGRATION_READINESS_FULL_v1.0.md,861,d5353d7dd77db3887307c0ee928ee886c7387850e534f1c2bf973d517a423521
M01-M15 new recon(20260907-081753).zip,2,RUMAHAGEN_WF03_M06_QIR_RESOLUTION_CONTROLLED_v1.0_FULL_VERSION.zip!source_extracts/RECON/M03_CORE_IMPACT_ANALYSIS_FULL_v1.0_CONTROLLED.zip!09_PROVENANCE_M03_CORE_IMPACT_v1.0.md,586,d86f59ca7385a09f79dbaa760af32a8b053941cad2d6312ba5e168ec3bef3f7f
M01-M15 new recon(20260907-081753).zip,2,RUMAHAGEN_WF03_M06_QIR_RESOLUTION_CONTROLLED_v1.0_FULL_VERSION.zip!source_extracts/RECON/M03_CORE_IMPACT_ANALYSIS_FULL_v1.0_CONTROLLED.zip!10_MANIFEST_M03_CORE_IMPACT_v1.0.md,568,75fd85e3b9523d8fc02a1ddc00f98c11caf8b2f770c9396253345d0254bd5439
M01-M15 new recon(20260907-081753).zip,1,RUMAHAGEN_WF03_M06_QIR_RESOLUTION_CONTROLLED_v1.0_FULL_VERSION.zip!source_extracts/RECON/WF03_STEP02_FULL_M01-M15_BLOCKER_PREREQUISITE_RETRACE_v1.0.md,11010,53c5b2104a79c8cfa562f18c9446065b9e063284de621a7d2665868895ff4f97
M01-M15 new recon(20260907-081753).zip,1,RUMAHAGEN_WF03_M06_QIR_RESOLUTION_CONTROLLED_v1.0_FULL_VERSION.zip!source_extracts/RECON/RUMAHAGEN_WF03_M05_QIR_CORRECTION_CONTROLLED_FULL_v1.2.zip,134715,c53ba796721387ac3b88e8b3e4a61798ad2dcb3d0f3103f8fcd6c36610fdef7c
M01-M15 new recon(20260907-081753).zip,2,RUMAHAGEN_WF03_M06_QIR_RESOLUTION_CONTROLLED_v1.0_FULL_VERSION.zip!source_extracts/RECON/RUMAHAGEN_WF03_M05_QIR_CORRECTION_CONTROLLED_FULL_v1.2.zip!M05_v1.2_BASELINE/11_M05_PERMISSION_MATRIX_FULL_v1.2.csv,585,313bb7e2a1150735acf5784bacdbfcd668602cbcb41cac2c729f07b0f9227d8f
M01-M15 new recon(20260907-081753).zip,2,RUMAHAGEN_WF03_M06_QIR_RESOLUTION_CONTROLLED_v1.0_FULL_VERSION.zip!source_extracts/RECON/RUMAHAGEN_WF03_M05_QIR_CORRECTION_CONTROLLED_FULL_v1.2.zip!M05_v1.2_BASELINE/10_M05_CONFIGURATION_PROVIDER_FULL_v1.2.md,994,98cefff14739efb2325fac01ef67cdb66ef7dd73e2dcb95c850324f1e57e485f
M01-M15 new recon(20260907-081753).zip,2,RUMAHAGEN_WF03_M06_QIR_RESOLUTION_CONTROLLED_v1.0_FULL_VERSION.zip!source_extracts/RECON/RUMAHAGEN_WF03_M05_QIR_CORRECTION_CONTROLLED_FULL_v1.2.zip!M05_v1.2_BASELINE/08_M05_CROSS_MODULE_RECONCILIATION_FULL_v1.2.md,468,d7d33ca3a8fddabcbc235f0cb3d8ced1bd223fcf0d75ccf31e9c8a3a43ccc7f3
M01-M15 new recon(20260907-081753).zip,2,RUMAHAGEN_WF03_M06_QIR_RESOLUTION_CONTROLLED_v1.0_FULL_VERSION.zip!source_extracts/RECON/RUMAHAGEN_WF03_M05_QIR_CORRECTION_CONTROLLED_FULL_v1.2.zip!M05_v1.2_BASELINE/05_M05_PERMISSION_ACTION_REVIEW_FULL_v1.2.md,603,5ed39f103fa02317f3a02d09538d2d5df00f36092571155112dc95baf6529bb0
M01-M15 new recon(20260907-081753).zip,2,RUMAHAGEN_WF03_M06_QIR_RESOLUTION_CONTROLLED_v1.0_FULL_VERSION.zip!source_extracts/RECON/RUMAHAGEN_WF03_M05_QIR_CORRECTION_CONTROLLED_FULL_v1.2.zip!M05_v1.2_BASELINE/evidence_iframe.md,7107,87e56e7c740da4101035c2337aec782135d9972c3a094d6da1e35fbbc7b67923
M01-M15 new recon(20260907-081753).zip,2,RUMAHAGEN_WF03_M06_QIR_RESOLUTION_CONTROLLED_v1.0_FULL_VERSION.zip!source_extracts/RECON/RUMAHAGEN_WF03_M05_QIR_CORRECTION_CONTROLLED_FULL_v1.2.zip!M05_v1.2_BASELINE/04_M05_LIFECYCLE_FULL_v1.2.md,959,a6de78784a718927f9795c107a5f8a3d02cb0d5bd073ed954257e350a5d0d2d7
M01-M15 new recon(20260907-081753).zip,2,RUMAHAGEN_WF03_M06_QIR_RESOLUTION_CONTROLLED_v1.0_FULL_VERSION.zip!source_extracts/RECON/RUMAHAGEN_WF03_M05_QIR_CORRECTION_CONTROLLED_FULL_v1.2.zip!M05_v1.2_BASELINE/evidence_waitinglist.md,8521,632636cf72ddce93215d53df08d7aae1da9f97443c47cc70b1e1c0a7f98ae66e
M01-M15 new recon(20260907-081753).zip,2,RUMAHAGEN_WF03_M06_QIR_RESOLUTION_CONTROLLED_v1.0_FULL_VERSION.zip!source_extracts/RECON/RUMAHAGEN_WF03_M05_QIR_CORRECTION_CONTROLLED_FULL_v1.2.zip!M05_v1.2_BASELINE/03_M05_SEMANTIC_REVIEW_FULL_v1.2.md,824,5bc5b8c679a1d8cddb7436f24a45d188e2ac0c4033430f539ec66c07fce57f62
M01-M15 new recon(20260907-081753).zip,2,RUMAHAGEN_WF03_M06_QIR_RESOLUTION_CONTROLLED_v1.0_FULL_VERSION.zip!source_extracts/RECON/RUMAHAGEN_WF03_M05_QIR_CORRECTION_CONTROLLED_FULL_v1.2.zip!M05_v1.2_BASELINE/06_M05_CROSS_ARTIFACT_RECONCILIATION_FULL_v1.2.md,771,d0bc8ec1808f80f3fe60a9653d896d39acb47ca8deda709c37d50adb90c222f6
M01-M15 new recon(20260907-081753).zip,2,RUMAHAGEN_WF03_M06_QIR_RESOLUTION_CONTROLLED_v1.0_FULL_VERSION.zip!source_extracts/RECON/RUMAHAGEN_WF03_M05_QIR_CORRECTION_CONTROLLED_FULL_v1.2.zip!M05_v1.2_BASELINE/evidence_late_registration.md,8522,5dad927befd76a6385f49a07d5e945c7dac5859f9aabb2e12819b1ad905ea921
M01-M15 new recon(20260907-081753).zip,2,RUMAHAGEN_WF03_M06_QIR_RESOLUTION_CONTROLLED_v1.0_FULL_VERSION.zip!source_extracts/RECON/RUMAHAGEN_WF03_M05_QIR_CORRECTION_CONTROLLED_FULL_v1.2.zip!M05_v1.2_BASELINE/evidence_quota.md,8997,5739dd0e60bc7d6dbb132bd2fc99307cbae5e641876d514287331dee2229554d
M01-M15 new recon(20260907-081753).zip,2,RUMAHAGEN_WF03_M06_QIR_RESOLUTION_CONTROLLED_v1.0_FULL_VERSION.zip!source_extracts/RECON/RUMAHAGEN_WF03_M05_QIR_CORRECTION_CONTROLLED_FULL_v1.2.zip!M05_v1.2_BASELINE/15_M05_MANIFEST_CONTROLLED_v1.2.md,527,8ac8db02b06f6244c19d45a1fadfa51979200e14f78bca1226d03680a6d52346
M01-M15 new recon(20260907-081753).zip,2,RUMAHAGEN_WF03_M06_QIR_RESOLUTION_CONTROLLED_v1.0_FULL_VERSION.zip!source_extracts/RECON/RUMAHAGEN_WF03_M05_QIR_CORRECTION_CONTROLLED_FULL_v1.2.zip!M05_v1.2_BASELINE/01_M05_SOURCE_INVENTORY_100PCT_v1.2.md,331,d0dce5dec2063a77ae9e8d4a70c156055d2074d523459c51ce858372ec6b08b8
M01-M15 new recon(20260907-081753).zip,2,RUMAHAGEN_WF03_M06_QIR_RESOLUTION_CONTROLLED_v1.0_FULL_VERSION.zip!source_extracts/RECON/RUMAHAGEN_WF03_M05_QIR_CORRECTION_CONTROLLED_FULL_v1.2.zip!M05_v1.2_BASELINE/12_M05_FULL_FIELD_CONFIGURATION_PERMISSION_MATRIX_v1.2.xlsx,8960,cd1ca9ea4b5b61e66cdcbc9c8e4b376c8264954153921cc3c52df94660e7cf0d
M01-M15 new recon(20260907-081753).zip,2,RUMAHAGEN_WF03_M06_QIR_RESOLUTION_CONTROLLED_v1.0_FULL_VERSION.zip!source_extracts/RECON/RUMAHAGEN_WF03_M05_QIR_CORRECTION_CONTROLLED_FULL_v1.2.zip!M05_v1.2_BASELINE/13_M05_EVIDENCE_PROVENANCE_AND_DIFF_v1.2.md,1658,8e44d24df3826d67914b95435702eb6ef3283a5accbc30cce60161b1473ef4ce
M01-M15 new recon(20260907-081753).zip,2,RUMAHAGEN_WF03_M06_QIR_RESOLUTION_CONTROLLED_v1.0_FULL_VERSION.zip!source_extracts/RECON/RUMAHAGEN_WF03_M05_QIR_CORRECTION_CONTROLLED_FULL_v1.2.zip!M05_v1.2_BASELINE/07_M05_PHYSICAL_RUNTIME_PREREQUISITE_REVIEW_FULL_v1.2.md,576,c989b648afb1dbf8d0f83b8dea57d9902b246fe24957b3dbdd178c7aed59d616
M01-M15 new recon(20260907-081753).zip,2,RUMAHAGEN_WF03_M06_QIR_RESOLUTION_CONTROLLED_v1.0_FULL_VERSION.zip!source_extracts/RECON/RUMAHAGEN_WF03_M05_QIR_CORRECTION_CONTROLLED_FULL_v1.2.zip!M05_v1.2_BASELINE/01_M05_SOURCE_INVENTORY_100PCT_v1.2.csv,67454,2f281b81c85297dbf006fc7967c4786b87989d2323ad17c51e2cabb559d9c24d
M01-M15 new recon(20260907-081753).zip,2,RUMAHAGEN_WF03_M06_QIR_RESOLUTION_CONTROLLED_v1.0_FULL_VERSION.zip!source_extracts/RECON/RUMAHAGEN_WF03_M05_QIR_CORRECTION_CONTROLLED_FULL_v1.2.zip!M05_v1.2_BASELINE/16_M05_FULL_REBUILD_CONTROLLED_v1.2.docx,38911,3f6fd5e26ba3be8c62abd83d5fcf23a691d2ed0249457839e2e91eda6728a5a1
M01-M15 new recon(20260907-081753).zip,2,RUMAHAGEN_WF03_M06_QIR_RESOLUTION_CONTROLLED_v1.0_FULL_VERSION.zip!source_extracts/RECON/RUMAHAGEN_WF03_M05_QIR_CORRECTION_CONTROLLED_FULL_v1.2.zip!M05_v1.2_BASELINE/09_M05_ACTOR_SURFACE_FULL_v1.2.md,632,c83720852629c84182c81579f44e1822a11d66ec2286806adf7fcddcf0683acd
M01-M15 new recon(20260907-081753).zip,2,RUMAHAGEN_WF03_M06_QIR_RESOLUTION_CONTROLLED_v1.0_FULL_VERSION.zip!source_extracts/RECON/RUMAHAGEN_WF03_M05_QIR_CORRECTION_CONTROLLED_FULL_v1.2.zip!M05_v1.2_BASELINE/evidence_attendance.md,8385,96168cb862f58dc1aa5c88ff12e9bb2bea6a9203eae8c7019c45e9bc61e790ce
M01-M15 new recon(20260907-081753).zip,2,RUMAHAGEN_WF03_M06_QIR_RESOLUTION_CONTROLLED_v1.0_FULL_VERSION.zip!source_extracts/RECON/RUMAHAGEN_WF03_M05_QIR_CORRECTION_CONTROLLED_FULL_v1.2.zip!M05_v1.2_BASELINE/02_M05_QUESTION_INVENTORY_FULL_v1.2.md,237,0ead9d51ce5c3ccc45f9a7ef3ce107190b3906829753befec4049c23df906a19
M01-M15 new recon(20260907-081753).zip,2,RUMAHAGEN_WF03_M06_QIR_RESOLUTION_CONTROLLED_v1.0_FULL_VERSION.zip!source_extracts/RECON/RUMAHAGEN_WF03_M05_QIR_CORRECTION_CONTROLLED_FULL_v1.2.zip!M05_v1.2_BASELINE/00_M05_FULL_REBUILD_CONTROL_REPORT_v1.2.md,1490,2afae2a74dc5cb686cebff9e8bef85291feb0086c7580a46759114ab349f0e72
M01-M15 new recon(20260907-081753).zip,2,RUMAHAGEN_WF03_M06_QIR_RESOLUTION_CONTROLLED_v1.0_FULL_VERSION.zip!source_extracts/RECON/RUMAHAGEN_WF03_M05_QIR_CORRECTION_CONTROLLED_FULL_v1.2.zip!M05_v1.2_BASELINE/evidence_fields.md,8908,b3848bb521559a614af5d5a047c90e2628e62b4ed2b70b86d98e1714c2dadc3b
M01-M15 new recon(20260907-081753).zip,2,RUMAHAGEN_WF03_M06_QIR_RESOLUTION_CONTROLLED_v1.0_FULL_VERSION.zip!source_extracts/RECON/RUMAHAGEN_WF03_M05_QIR_CORRECTION_CONTROLLED_FULL_v1.2.zip!M05_v1.2_BASELINE/02_M05_QUESTION_INVENTORY_FULL_v1.2.csv,2321,d87f8242e029d255f930f16db9360243f3e24c04e0f020f4ca739467f3c9a1ec
M01-M15 new recon(20260907-081753).zip,2,RUMAHAGEN_WF03_M06_QIR_RESOLUTION_CONTROLLED_v1.0_FULL_VERSION.zip!source_extracts/RECON/RUMAHAGEN_WF03_M05_QIR_CORRECTION_CONTROLLED_FULL_v1.2.zip!M05_v1.2_BASELINE/evidence_provider.md,8501,6edaab09e2c2d6284da1f1846448cae2049c0bbee22892a44d162b4cf00919db
M01-M15 new recon(20260907-081753).zip,2,RUMAHAGEN_WF03_M06_QIR_RESOLUTION_CONTROLLED_v1.0_FULL_VERSION.zip!source_extracts/RECON/RUMAHAGEN_WF03_M05_QIR_CORRECTION_CONTROLLED_FULL_v1.2.zip!M05_v1.2_BASELINE/14_M05_QA_FULL_v1.2.md,1150,60ab10879ff1f725a8d43d5e9b453714cd019bc694fe71bd9bdbaba83c0e64f1
M01-M15 new recon(20260907-081753).zip,2,RUMAHAGEN_WF03_M06_QIR_RESOLUTION_CONTROLLED_v1.0_FULL_VERSION.zip!source_extracts/RECON/RUMAHAGEN_WF03_M05_QIR_CORRECTION_CONTROLLED_FULL_v1.2.zip!M05_QIR_CORRECTION_v1.2/04_M05_QIR_PROVIDER_VALIDATION_CORRECTED_FULL.md,774,8912b94d832a5935e516b0e9b6d8f07f11f60a94a06dd1be309428ba677bf413
M01-M15 new recon(20260907-081753).zip,2,RUMAHAGEN_WF03_M06_QIR_RESOLUTION_CONTROLLED_v1.0_FULL_VERSION.zip!source_extracts/RECON/RUMAHAGEN_WF03_M05_QIR_CORRECTION_CONTROLLED_FULL_v1.2.zip!M05_QIR_CORRECTION_v1.2/10_M05_QIR_DOCUMENTARY_BLOCKERS_CORRECTED_FULL.md,710,1d9aba2ac3631ca08b73a1283220a175116697f42e734c69623d0e062f687dd9
M01-M15 new recon(20260907-081753).zip,2,RUMAHAGEN_WF03_M06_QIR_RESOLUTION_CONTROLLED_v1.0_FULL_VERSION.zip!source_extracts/RECON/RUMAHAGEN_WF03_M05_QIR_CORRECTION_CONTROLLED_FULL_v1.2.zip!M05_QIR_CORRECTION_v1.2/00_M05_QIR_CORRECTION_CONTROLLED_v1.2.md,3445,67fb3dc81fb2ed765ca936c6ef8cfd934cdd6dc54d7aa26f85e7355d493d6c1a
M01-M15 new recon(20260907-081753).zip,2,RUMAHAGEN_WF03_M06_QIR_RESOLUTION_CONTROLLED_v1.0_FULL_VERSION.zip!source_extracts/RECON/RUMAHAGEN_WF03_M05_QIR_CORRECTION_CONTROLLED_FULL_v1.2.zip!M05_QIR_CORRECTION_v1.2/11_M05_QIR_FINAL_FINDINGS_CORRECTED_FULL.md,726,5dc02dcaf61f26873022a0e173f106d7cf633128df540adbd14ca7ccef06a176
M01-M15 new recon(20260907-081753).zip,2,RUMAHAGEN_WF03_M06_QIR_RESOLUTION_CONTROLLED_v1.0_FULL_VERSION.zip!source_extracts/RECON/RUMAHAGEN_WF03_M05_QIR_CORRECTION_CONTROLLED_FULL_v1.2.zip!M05_QIR_CORRECTION_v1.2/12_M05_QIR_QA_CORRECTED_FULL.md,963,790d28b5a3dffa8dcea8382e8bed29ce66138489c0fc36a5de92a50a3f7574b5
M01-M15 new recon(20260907-081753).zip,2,RUMAHAGEN_WF03_M06_QIR_RESOLUTION_CONTROLLED_v1.0_FULL_VERSION.zip!source_extracts/RECON/RUMAHAGEN_WF03_M05_QIR_CORRECTION_CONTROLLED_FULL_v1.2.zip!M05_QIR_CORRECTION_v1.2/06_M05_QIR_LIFECYCLE_VALIDATION_CORRECTED_FULL.md,804,5ac2d971d2a19a0a0bcf666069705734aa66d8dd359949505332fa66045affa8
M01-M15 new recon(20260907-081753).zip,2,RUMAHAGEN_WF03_M06_QIR_RESOLUTION_CONTROLLED_v1.0_FULL_VERSION.zip!source_extracts/RECON/RUMAHAGEN_WF03_M05_QIR_CORRECTION_CONTROLLED_FULL_v1.2.zip!M05_QIR_CORRECTION_v1.2/09_M05_QIR_CROSS_MODULE_VALIDATION_CORRECTED_FULL.md,574,c1c9087dcdd259d4059f80c313ab3d736e79c98c574358e0431bfa417be5d561
M01-M15 new recon(20260907-081753).zip,2,RUMAHAGEN_WF03_M06_QIR_RESOLUTION_CONTROLLED_v1.0_FULL_VERSION.zip!source_extracts/RECON/RUMAHAGEN_WF03_M05_QIR_CORRECTION_CONTROLLED_FULL_v1.2.zip!M05_QIR_CORRECTION_v1.2/13_M05_QIR_CORRECTION_CONTROLLED_FULL_v1.2.docx,37642,df945684d663f918757ebe30c3a9d152652572ead56730e17f06c484bbe6a701
M01-M15 new recon(20260907-081753).zip,2,RUMAHAGEN_WF03_M06_QIR_RESOLUTION_CONTROLLED_v1.0_FULL_VERSION.zip!source_extracts/RECON/RUMAHAGEN_WF03_M05_QIR_CORRECTION_CONTROLLED_FULL_v1.2.zip!M05_QIR_CORRECTION_v1.2/03_M05_QIR_BUSINESS_RULE_VALIDATION_CORRECTED_FULL.md,1244,443c2794f3e8c3cac41c6ec97876b17484ec98799c718166df2e82ee6b89bdc1
M01-M15 new recon(20260907-081753).zip,2,RUMAHAGEN_WF03_M06_QIR_RESOLUTION_CONTROLLED_v1.0_FULL_VERSION.zip!source_extracts/RECON/RUMAHAGEN_WF03_M05_QIR_CORRECTION_CONTROLLED_FULL_v1.2.zip!M05_QIR_CORRECTION_v1.2/07_M05_QIR_PERMISSION_VALIDATION_CORRECTED_FULL.md,542,cbebee490d01f710dc6095904fdc469855333fce08eb9e9779ab0bf5189aa60d
M01-M15 new recon(20260907-081753).zip,2,RUMAHAGEN_WF03_M06_QIR_RESOLUTION_CONTROLLED_v1.0_FULL_VERSION.zip!source_extracts/RECON/RUMAHAGEN_WF03_M05_QIR_CORRECTION_CONTROLLED_FULL_v1.2.zip!M05_QIR_CORRECTION_v1.2/05_M05_QIR_GUEST_REGISTRATION_VALIDATION_CORRECTED_FULL.md,742,6d7e3fcd04d42201027ca8664b39db5a54c80364c0cb5476ccc5c7ebe06c1584
M01-M15 new recon(20260907-081753).zip,2,RUMAHAGEN_WF03_M06_QIR_RESOLUTION_CONTROLLED_v1.0_FULL_VERSION.zip!source_extracts/RECON/RUMAHAGEN_WF03_M05_QIR_CORRECTION_CONTROLLED_FULL_v1.2.zip!M05_QIR_CORRECTION_v1.2/08_M05_QIR_CONFIGURATION_VALIDATION_CORRECTED_FULL.md,648,bce63b8290765bf213d57435caaeeacb1aacb4d0eb897294f4e1fa2678dcd872
M01-M15 new recon(20260907-081753).zip,2,RUMAHAGEN_WF03_M06_QIR_RESOLUTION_CONTROLLED_v1.0_FULL_VERSION.zip!source_extracts/RECON/RUMAHAGEN_WF03_M05_QIR_CORRECTION_CONTROLLED_FULL_v1.2.zip!M05_QIR_CORRECTION_v1.2/02_M05_QIR_RESOLUTION_MATRIX_CORRECTED_FULL.csv,1114,cde79310324c15f2df88a1ac7657ece91f96c00e980b2aa81051e7965d2df047
M01-M15 new recon(20260907-081753).zip,2,RUMAHAGEN_WF03_M06_QIR_RESOLUTION_CONTROLLED_v1.0_FULL_VERSION.zip!source_extracts/RECON/RUMAHAGEN_WF03_M05_QIR_CORRECTION_CONTROLLED_FULL_v1.2.zip!M05_QIR_CORRECTION_v1.2/01_M05_QIR_QUESTION_INVENTORY_CORRECTED_FULL.csv,2961,261146c3ad75abdf993c5b62c222d32e0a5ebc11ce2248db08c0af30ef669315
M01-M15 new recon(20260907-081753).zip,1,RUMAHAGEN_WF03_M06_QIR_RESOLUTION_CONTROLLED_v1.0_FULL_VERSION.zip!source_extracts/M03_RECON/_PROVENANCE_QIR_V1.0_SOURCE/00_M03_QUESTION_INVENTORY_RESOLUTION_REPORT_v1.0.md,2543,cacde59e135baa32ccbb8013b13272d47ab374ca481fe67e685b544e3accc9a6
M01-M15 new recon(20260907-081753).zip,1,RUMAHAGEN_WF03_M06_QIR_RESOLUTION_CONTROLLED_v1.0_FULL_VERSION.zip!source_extracts/M03_RECON/_PROVENANCE_QIR_V1.0_SOURCE/13_M03_MEDIA_THUMBNAIL_DERIVATIVE_CONTRACT_FULL_v1.2.md,1664,ef6b046ac3c6896be9860f034832cc455a1efd8ab53e959acc9c9edd033cbfbe
M01-M15 new recon(20260907-081753).zip,1,RUMAHAGEN_WF03_M06_QIR_RESOLUTION_CONTROLLED_v1.0_FULL_VERSION.zip!source_extracts/M03_RECON/_PROVENANCE_QIR_V1.0_SOURCE/01_M03_QUESTION_INVENTORY_RESOLVED_v1.0.xlsx,10960,10acb3cdc93a7a2dcf62228c000bc9b1f88e1a2c838f794ce8add5fe640bec82
M01-M15 new recon(20260907-081753).zip,1,RUMAHAGEN_WF03_M06_QIR_RESOLUTION_CONTROLLED_v1.0_FULL_VERSION.zip!source_extracts/M03_RECON/_PROVENANCE_QIR_V1.0_SOURCE/08_M03_SCHEMA_ERD_RECONCILIATION_FULL_v1.2.sql,662,3e1265850c556d0a5be379968439e3d84654619e23479b7599d4ff89d4c34c0e
M01-M15 new recon(20260907-081753).zip,1,RUMAHAGEN_WF03_M06_QIR_RESOLUTION_CONTROLLED_v1.0_FULL_VERSION.zip!source_extracts/M03_RECON/_PROVENANCE_QIR_V1.0_SOURCE/02_M03_PERMISSION_MATRIX_RESOLVED_v1.0.xlsx,8231,5f4bdff6411198fb2a35bf88bc16d15f726bf0aafd3f4a4c0cfd271abaf35ee9
M01-M15 new recon(20260907-081753).zip,1,RUMAHAGEN_WF03_M06_QIR_RESOLUTION_CONTROLLED_v1.0_FULL_VERSION.zip!source_extracts/M03_RECON/_PROVENANCE_QIR_V1.0_SOURCE/11_M03_PHYSICAL_RUNTIME_STATUS_FULL_v1.2.md,1346,f04d585eb56bbac7b4ae96ff13367809aeff4ed2a3b703a208676d73cb72666d
M01-M15 new recon(20260907-081753).zip,1,RUMAHAGEN_WF03_M06_QIR_RESOLUTION_CONTROLLED_v1.0_FULL_VERSION.zip!source_extracts/M03_RECON/_PROVENANCE_QIR_V1.0_SOURCE/10_M03_UI_UX_USER_FLOW_FULL_v1.2.md,1632,09639adb4f8e01e6ddaa109a17e66a00f9ce0f2fc9e715609f271255c369f610
M01-M15 new recon(20260907-081753).zip,1,RUMAHAGEN_WF03_M06_QIR_RESOLUTION_CONTROLLED_v1.0_FULL_VERSION.zip!source_extracts/M03_RECON/_PROVENANCE_QIR_V1.0_SOURCE/MANIFEST_M03_QIR_v1.0.md,965,1fa2b9efd20dee21f6abd546c4e5989d5db875f78972d68ddff42fb7f88e82a4
M01-M15 new recon(20260907-081753).zip,1,RUMAHAGEN_WF03_M06_QIR_RESOLUTION_CONTROLLED_v1.0_FULL_VERSION.zip!source_extracts/M03_RECON/_PROVENANCE_QIR_V1.0_SOURCE/04_M03_SEMANTIC_LIFECYCLE_AUTHORITY_RESOLVED_v1.0.md,3834,7c6ab09ad4495bc656b7e3bc5799f3bef4894ad0e5331bcead49a4833ea7ae20
M01-M15 new recon(20260907-081753).zip,1,RUMAHAGEN_WF03_M06_QIR_RESOLUTION_CONTROLLED_v1.0_FULL_VERSION.zip!source_extracts/M03_RECON/_PROVENANCE_QIR_V1.0_SOURCE/14_M03_DISTRICT_REFRESH_POSITIONING_CONTRACT_FULL_v1.2.md,1518,47f7549ff7d6a0c8149336f9ea8636d86100dde5888a9b2417b07ca9b8300e2f
M01-M15 new recon(20260907-081753).zip,1,RUMAHAGEN_WF03_M06_QIR_RESOLUTION_CONTROLLED_v1.0_FULL_VERSION.zip!source_extracts/M03_RECON/_PROVENANCE_QIR_V1.0_SOURCE/MANIFEST_v1.2.md,889,4dd81fc1d0e9c94ea2f18988069d42a5b5e79253fc33335421231b799d5f3e8b
M01-M15 new recon(20260907-081753).zip,1,RUMAHAGEN_WF03_M06_QIR_RESOLUTION_CONTROLLED_v1.0_FULL_VERSION.zip!source_extracts/M03_RECON/_PROVENANCE_QIR_V1.0_SOURCE/15_M03_QA_COMPLETION_CONTROLLED_v1.2.md,1396,e0a2c95114e9773552a013e3b535818667409bf4791a2946ae8cbf1d86d53f38
M01-M15 new recon(20260907-081753).zip,1,RUMAHAGEN_WF03_M06_QIR_RESOLUTION_CONTROLLED_v1.0_FULL_VERSION.zip!source_extracts/M03_RECON/_PROVENANCE_QIR_V1.0_SOURCE/05_M03_CROSS_ARTIFACT_RECONCILIATION_FULL_v1.2.md,2047,97b5a1d742b8c19104464fa4b7ad31dac3de83693e1a1bb3d989f07c891ef660
M01-M15 new recon(20260907-081753).zip,1,RUMAHAGEN_WF03_M06_QIR_RESOLUTION_CONTROLLED_v1.0_FULL_VERSION.zip!source_extracts/M03_RECON/_PROVENANCE_QIR_V1.0_SOURCE/03_M03_PERMISSION_MATRIX_FULL_v1.2.csv,3290,e990ded819f7ad539ce9f1daab3d00ec13a5296183300b9e7ba64232a7e93f34
M01-M15 new recon(20260907-081753).zip,1,RUMAHAGEN_WF03_M06_QIR_RESOLUTION_CONTROLLED_v1.0_FULL_VERSION.zip!source_extracts/M03_RECON/_PROVENANCE_QIR_V1.0_SOURCE/00_M03_REBUILD_CONTROL_REPORT_v1.2.md,4607,f02ca75459fdf42ebfe5ce9af63f33e2ed038587a21aa41f7ac5583bebf7c4bb
M01-M15 new recon(20260907-081753).zip,1,RUMAHAGEN_WF03_M06_QIR_RESOLUTION_CONTROLLED_v1.0_FULL_VERSION.zip!source_extracts/M03_RECON/_PROVENANCE_QIR_V1.0_SOURCE/README_CONTROLLED_OUTPUT_v1.2.md,1198,716f12d89786ffaf61a6d2d5f29ad4fd8156b85d4c75c47b3a327d03d673cf4a
M01-M15 new recon(20260907-081753).zip,1,RUMAHAGEN_WF03_M06_QIR_RESOLUTION_CONTROLLED_v1.0_FULL_VERSION.zip!source_extracts/M03_RECON/_PROVENANCE_QIR_V1.0_SOURCE/16_WF03_MASTER_PROGRESS_M01-M15_v1.7_M03_QIR_COMPLETE.xlsx,29256,bdbaf8f992d9887a4d57b4570436cf21f16605f109c8e60aa45959e0433412c4
M01-M15 new recon(20260907-081753).zip,1,RUMAHAGEN_WF03_M06_QIR_RESOLUTION_CONTROLLED_v1.0_FULL_VERSION.zip!source_extracts/M03_RECON/_PROVENANCE_QIR_V1.0_SOURCE/08_M03_SCHEMA_ERD_RECONCILIATION_FULL_v1.0.sql,1013,846555669f649b6e9eb2aae9134aded8d09d0992873632d09929b406cf54cd9a
M01-M15 new recon(20260907-081753).zip,1,RUMAHAGEN_WF03_M06_QIR_RESOLUTION_CONTROLLED_v1.0_FULL_VERSION.zip!source_extracts/M03_RECON/_PROVENANCE_QIR_V1.0_SOURCE/09_M03_SEARCH_CONTRACT_RESOLVED_v1.0.md,1665,6b015b4ec40f4af741b8ef372c12cf5c38997ad279630df9c5a28bfd59a135bd
M01-M15 new recon(20260907-081753).zip,1,RUMAHAGEN_WF03_M06_QIR_RESOLUTION_CONTROLLED_v1.0_FULL_VERSION.zip!source_extracts/M03_RECON/_PROVENANCE_QIR_V1.0_SOURCE/01_M03_QUESTION_INVENTORY_RESOLVED_v1.0.csv,12262,d55245642ba7edbc425af1c55b83ce3de712b49ad77c579c0d1361bde55d4d4d
M01-M15 new recon(20260907-081753).zip,1,RUMAHAGEN_WF03_M06_QIR_RESOLUTION_CONTROLLED_v1.0_FULL_VERSION.zip!source_extracts/M03_RECON/_PROVENANCE_QIR_V1.0_SOURCE/06_M03_API_CONTRACT_FULL_v1.2.md,1992,7b89a05f96fea587c1390dce4a7276986e04ba5f8b2833ef2a020f037a104812
M01-M15 new recon(20260907-081753).zip,1,RUMAHAGEN_WF03_M06_QIR_RESOLUTION_CONTROLLED_v1.0_FULL_VERSION.zip!source_extracts/M03_RECON/_PROVENANCE_M03_V1.2_ORIGINAL/13_M03_MEDIA_THUMBNAIL_DERIVATIVE_CONTRACT_FULL_v1.2.md,1664,ef6b046ac3c6896be9860f034832cc455a1efd8ab53e959acc9c9edd033cbfbe
M01-M15 new recon(20260907-081753).zip,1,RUMAHAGEN_WF03_M06_QIR_RESOLUTION_CONTROLLED_v1.0_FULL_VERSION.zip!source_extracts/M03_RECON/_PROVENANCE_M03_V1.2_ORIGINAL/09_M03_SEARCH_CONTRACT_FULL_v1.2.md,1635,32a10e17db8958176752ec9be097f66ea53f0551880741f6a3c80c1d0194376a
M01-M15 new recon(20260907-081753).zip,1,RUMAHAGEN_WF03_M06_QIR_RESOLUTION_CONTROLLED_v1.0_FULL_VERSION.zip!source_extracts/M03_RECON/_PROVENANCE_M03_V1.2_ORIGINAL/01_M03_QUESTION_INVENTORY_FULL_v1.2.xlsx,10816,a74a6be6e48b3234201a71a9993d4779b5b1476128794d0b1a133c5bc327f5b0
M01-M15 new recon(20260907-081753).zip,1,RUMAHAGEN_WF03_M06_QIR_RESOLUTION_CONTROLLED_v1.0_FULL_VERSION.zip!source_extracts/M03_RECON/_PROVENANCE_M03_V1.2_ORIGINAL/08_M03_SCHEMA_ERD_RECONCILIATION_FULL_v1.2.sql,662,3e1265850c556d0a5be379968439e3d84654619e23479b7599d4ff89d4c34c0e
M01-M15 new recon(20260907-081753).zip,1,RUMAHAGEN_WF03_M06_QIR_RESOLUTION_CONTROLLED_v1.0_FULL_VERSION.zip!source_extracts/M03_RECON/_PROVENANCE_M03_V1.2_ORIGINAL/02_M03_PERMISSION_MATRIX_FULL_v1.2.xlsx,8343,10068b1fbdb2a8b456ea66a9a2f39820de63624cb00955a36fb595ec37a365f5
M01-M15 new recon(20260907-081753).zip,1,RUMAHAGEN_WF03_M06_QIR_RESOLUTION_CONTROLLED_v1.0_FULL_VERSION.zip!source_extracts/M03_RECON/_PROVENANCE_M03_V1.2_ORIGINAL/11_M03_PHYSICAL_RUNTIME_STATUS_FULL_v1.2.md,1346,f04d585eb56bbac7b4ae96ff13367809aeff4ed2a3b703a208676d73cb72666d
M01-M15 new recon(20260907-081753).zip,1,RUMAHAGEN_WF03_M06_QIR_RESOLUTION_CONTROLLED_v1.0_FULL_VERSION.zip!source_extracts/M03_RECON/_PROVENANCE_M03_V1.2_ORIGINAL/10_M03_UI_UX_USER_FLOW_FULL_v1.2.md,1632,09639adb4f8e01e6ddaa109a17e66a00f9ce0f2fc9e715609f271255c369f610
M01-M15 new recon(20260907-081753).zip,1,RUMAHAGEN_WF03_M06_QIR_RESOLUTION_CONTROLLED_v1.0_FULL_VERSION.zip!source_extracts/M03_RECON/_PROVENANCE_M03_V1.2_ORIGINAL/14_M03_DISTRICT_REFRESH_POSITIONING_CONTRACT_FULL_v1.2.md,1518,47f7549ff7d6a0c8149336f9ea8636d86100dde5888a9b2417b07ca9b8300e2f
M01-M15 new recon(20260907-081753).zip,1,RUMAHAGEN_WF03_M06_QIR_RESOLUTION_CONTROLLED_v1.0_FULL_VERSION.zip!source_extracts/M03_RECON/_PROVENANCE_M03_V1.2_ORIGINAL/MANIFEST_v1.2.md,889,4dd81fc1d0e9c94ea2f18988069d42a5b5e79253fc33335421231b799d5f3e8b
M01-M15 new recon(20260907-081753).zip,1,RUMAHAGEN_WF03_M06_QIR_RESOLUTION_CONTROLLED_v1.0_FULL_VERSION.zip!source_extracts/M03_RECON/_PROVENANCE_M03_V1.2_ORIGINAL/15_M03_QA_COMPLETION_CONTROLLED_v1.2.md,1396,e0a2c95114e9773552a013e3b535818667409bf4791a2946ae8cbf1d86d53f38
M01-M15 new recon(20260907-081753).zip,1,RUMAHAGEN_WF03_M06_QIR_RESOLUTION_CONTROLLED_v1.0_FULL_VERSION.zip!source_extracts/M03_RECON/_PROVENANCE_M03_V1.2_ORIGINAL/04_M03_SEMANTIC_LIFECYCLE_AUTHORITY_FULL_v1.2.md,3651,e75615d5b2e5f5221c90be6675d952594139d434de7ec46895206fda78222c48
M01-M15 new recon(20260907-081753).zip,1,RUMAHAGEN_WF03_M06_QIR_RESOLUTION_CONTROLLED_v1.0_FULL_VERSION.zip!source_extracts/M03_RECON/_PROVENANCE_M03_V1.2_ORIGINAL/05_M03_CROSS_ARTIFACT_RECONCILIATION_FULL_v1.2.md,2047,97b5a1d742b8c19104464fa4b7ad31dac3de83693e1a1bb3d989f07c891ef660
M01-M15 new recon(20260907-081753).zip,1,RUMAHAGEN_WF03_M06_QIR_RESOLUTION_CONTROLLED_v1.0_FULL_VERSION.zip!source_extracts/M03_RECON/_PROVENANCE_M03_V1.2_ORIGINAL/03_M03_PERMISSION_MATRIX_FULL_v1.2.csv,3290,e990ded819f7ad539ce9f1daab3d00ec13a5296183300b9e7ba64232a7e93f34
M01-M15 new recon(20260907-081753).zip,1,RUMAHAGEN_WF03_M06_QIR_RESOLUTION_CONTROLLED_v1.0_FULL_VERSION.zip!source_extracts/M03_RECON/_PROVENANCE_M03_V1.2_ORIGINAL/00_M03_REBUILD_CONTROL_REPORT_v1.2.md,4607,f02ca75459fdf42ebfe5ce9af63f33e2ed038587a21aa41f7ac5583bebf7c4bb
M01-M15 new recon(20260907-081753).zip,1,RUMAHAGEN_WF03_M06_QIR_RESOLUTION_CONTROLLED_v1.0_FULL_VERSION.zip!source_extracts/M03_RECON/_PROVENANCE_M03_V1.2_ORIGINAL/01_M03_QUESTION_INVENTORY_FULL_v1.2.csv,11442,654d03bbfec99b2daeea2387aa56d61b779fcd04eea8a52cab9f6718698192af
M01-M15 new recon(20260907-081753).zip,1,RUMAHAGEN_WF03_M06_QIR_RESOLUTION_CONTROLLED_v1.0_FULL_VERSION.zip!source_extracts/M03_RECON/_PROVENANCE_M03_V1.2_ORIGINAL/README_CONTROLLED_OUTPUT_v1.2.md,1198,716f12d89786ffaf61a6d2d5f29ad4fd8156b85d4c75c47b3a327d03d673cf4a
M01-M15 new recon(20260907-081753).zip,1,RUMAHAGEN_WF03_M06_QIR_RESOLUTION_CONTROLLED_v1.0_FULL_VERSION.zip!source_extracts/M03_RECON/_PROVENANCE_M03_V1.2_ORIGINAL/16_WF03_MASTER_PROGRESS_M01-M15_v1.6_M03_COMPLETE.xlsx,29257,26cbed8af28587ba51e3fb01942c52ae502998596fa6cf39ceac1587d773b347
M01-M15 new recon(20260907-081753).zip,1,RUMAHAGEN_WF03_M06_QIR_RESOLUTION_CONTROLLED_v1.0_FULL_VERSION.zip!source_extracts/M03_RECON/_PROVENANCE_M03_V1.2_ORIGINAL/08_M03_SCHEMA_ERD_RECONCILIATION_FULL_v1.0.sql,1013,846555669f649b6e9eb2aae9134aded8d09d0992873632d09929b406cf54cd9a
M01-M15 new recon(20260907-081753).zip,1,RUMAHAGEN_WF03_M06_QIR_RESOLUTION_CONTROLLED_v1.0_FULL_VERSION.zip!source_extracts/M03_RECON/_PROVENANCE_M03_V1.2_ORIGINAL/07_M03_RBAC_RLS_CONTRACT_FULL_v1.2.md,1468,01509fa3b2025be1c425da46575cbba2491b78203d5061c89a86eb525eab6023
M01-M15 new recon(20260907-081753).zip,1,RUMAHAGEN_WF03_M06_QIR_RESOLUTION_CONTROLLED_v1.0_FULL_VERSION.zip!source_extracts/M03_RECON/_PROVENANCE_M03_V1.2_ORIGINAL/06_M03_API_CONTRACT_FULL_v1.2.md,1992,7b89a05f96fea587c1390dce4a7276986e04ba5f8b2833ef2a020f037a104812
M01-M15 new recon(20260907-081753).zip,1,RUMAHAGEN_WF03_M06_QIR_RESOLUTION_CONTROLLED_v1.0_FULL_VERSION.zip!source_extracts/CORE/RUMAHAGEN_WIREFRAME_CORE_FINAL_SOURCE_PACK_v1.2/README_CURRENT_BASELINE.md,2468,723ce919284891740a4a11501d925126f3163bc7e8ce458b5f07b1fd1543b878
M01-M15 new recon(20260907-081753).zip,1,RUMAHAGEN_WF03_M06_QIR_RESOLUTION_CONTROLLED_v1.0_FULL_VERSION.zip!source_extracts/CORE/RUMAHAGEN_WIREFRAME_CORE_FINAL_SOURCE_PACK_v1.2/27_AI_BLUEPRINT/W4-02A.6.31_AI_DEVELOPMENT_BLUEPRINT_v2.1.md,29348,504a5738b3a832159850b0c1035e95f02b509a773a52fb01b722948e01ab09c2
M01-M15 new recon(20260907-081753).zip,1,RUMAHAGEN_WF03_M06_QIR_RESOLUTION_CONTROLLED_v1.0_FULL_VERSION.zip!source_extracts/CORE/RUMAHAGEN_WIREFRAME_CORE_FINAL_SOURCE_PACK_v1.2/22_EXECUTION_BATCH/W4-02A.6.26_MODULE_EXECUTION_DEPENDENCY_BATCH_PLAN_v2.1.md,40666,316a5cb6d2f71910f078d8b905a4b14024e3186361fa14cfaa9fa921e882d097
M01-M15 new recon(20260907-081753).zip,1,RUMAHAGEN_WF03_M06_QIR_RESOLUTION_CONTROLLED_v1.0_FULL_VERSION.zip!source_extracts/CORE/RUMAHAGEN_WIREFRAME_CORE_FINAL_SOURCE_PACK_v1.2/23_M01_M07/W4-02A.6.27_FOCUSED_EXECUTION_PACK_M01-M07_v2.1.zip,32254,0d3b2ec0515b08e1977ffe9187a108f2a7483ba7f5a6d8da51b1ee0b951967fc
M01-M15 new recon(20260907-081753).zip,2,RUMAHAGEN_WF03_M06_QIR_RESOLUTION_CONTROLLED_v1.0_FULL_VERSION.zip!source_extracts/CORE/RUMAHAGEN_WIREFRAME_CORE_FINAL_SOURCE_PACK_v1.2/23_M01_M07/W4-02A.6.27_FOCUSED_EXECUTION_PACK_M01-M07_v2.1.zip!RUMAHAGEN_W4-02A.6.27_FOCUSED_EXECUTION_PACK_M01-M07_v2.1/M01_PHYSICAL_EXECUTION_SPEC_v2.1.md,8933,db988febf9ef1ed6f6746177260d8fab50b5fbb93827afb708de163dd484a3ff
M01-M15 new recon(20260907-081753).zip,2,RUMAHAGEN_WF03_M06_QIR_RESOLUTION_CONTROLLED_v1.0_FULL_VERSION.zip!source_extracts/CORE/RUMAHAGEN_WIREFRAME_CORE_FINAL_SOURCE_PACK_v1.2/23_M01_M07/W4-02A.6.27_FOCUSED_EXECUTION_PACK_M01-M07_v2.1.zip!RUMAHAGEN_W4-02A.6.27_FOCUSED_EXECUTION_PACK_M01-M07_v2.1/M02_PHYSICAL_EXECUTION_SPEC_v2.1.md,8656,062a76a24169a2115713a3db29c2b992fffab6482814c891285939c6c3cc9826
M01-M15 new recon(20260907-081753).zip,2,RUMAHAGEN_WF03_M06_QIR_RESOLUTION_CONTROLLED_v1.0_FULL_VERSION.zip!source_extracts/CORE/RUMAHAGEN_WIREFRAME_CORE_FINAL_SOURCE_PACK_v1.2/23_M01_M07/W4-02A.6.27_FOCUSED_EXECUTION_PACK_M01-M07_v2.1.zip!RUMAHAGEN_W4-02A.6.27_FOCUSED_EXECUTION_PACK_M01-M07_v2.1/M03_PHYSICAL_EXECUTION_SPEC_v2.1.md,9445,e8e6797c1859277ab0b9506c6932f6748d38172bf3a0e553faef0249757ff7ae
M01-M15 new recon(20260907-081753).zip,2,RUMAHAGEN_WF03_M06_QIR_RESOLUTION_CONTROLLED_v1.0_FULL_VERSION.zip!source_extracts/CORE/RUMAHAGEN_WIREFRAME_CORE_FINAL_SOURCE_PACK_v1.2/23_M01_M07/W4-02A.6.27_FOCUSED_EXECUTION_PACK_M01-M07_v2.1.zip!RUMAHAGEN_W4-02A.6.27_FOCUSED_EXECUTION_PACK_M01-M07_v2.1/M04-S_LEARNING_SESSION_EXECUTION_SPEC_v2.1.md,2717,ac6d797bc39eccdbb1a886c0f6a7f7e6c68b2d995076d3573b64e78a5668b519
M01-M15 new recon(20260907-081753).zip,2,RUMAHAGEN_WF03_M06_QIR_RESOLUTION_CONTROLLED_v1.0_FULL_VERSION.zip!source_extracts/CORE/RUMAHAGEN_WIREFRAME_CORE_FINAL_SOURCE_PACK_v1.2/23_M01_M07/W4-02A.6.27_FOCUSED_EXECUTION_PACK_M01-M07_v2.1.zip!RUMAHAGEN_W4-02A.6.27_FOCUSED_EXECUTION_PACK_M01-M07_v2.1/M04_PHYSICAL_EXECUTION_SPEC_v2.1.md,9572,e53738d64585fabb71fa572ae11d90722723c1882890ba4b0ba8338eadeb1ecd
M01-M15 new recon(20260907-081753).zip,2,RUMAHAGEN_WF03_M06_QIR_RESOLUTION_CONTROLLED_v1.0_FULL_VERSION.zip!source_extracts/CORE/RUMAHAGEN_WIREFRAME_CORE_FINAL_SOURCE_PACK_v1.2/23_M01_M07/W4-02A.6.27_FOCUSED_EXECUTION_PACK_M01-M07_v2.1.zip!RUMAHAGEN_W4-02A.6.27_FOCUSED_EXECUTION_PACK_M01-M07_v2.1/M05_PHYSICAL_EXECUTION_SPEC_v2.1.md,8391,7315bc7f2937c652967141dddbe1d3e151a0c9835ad21b2bdf4895f3bdb5b513
M01-M15 new recon(20260907-081753).zip,2,RUMAHAGEN_WF03_M06_QIR_RESOLUTION_CONTROLLED_v1.0_FULL_VERSION.zip!source_extracts/CORE/RUMAHAGEN_WIREFRAME_CORE_FINAL_SOURCE_PACK_v1.2/23_M01_M07/W4-02A.6.27_FOCUSED_EXECUTION_PACK_M01-M07_v2.1.zip!RUMAHAGEN_W4-02A.6.27_FOCUSED_EXECUTION_PACK_M01-M07_v2.1/M06_PHYSICAL_EXECUTION_SPEC_v2.1.md,8388,9337b8ca83b7309dfd57a31a904391d46c21888f6ee1fde93bbaefd7bc89dc3b
M01-M15 new recon(20260907-081753).zip,2,RUMAHAGEN_WF03_M06_QIR_RESOLUTION_CONTROLLED_v1.0_FULL_VERSION.zip!source_extracts/CORE/RUMAHAGEN_WIREFRAME_CORE_FINAL_SOURCE_PACK_v1.2/23_M01_M07/W4-02A.6.27_FOCUSED_EXECUTION_PACK_M01-M07_v2.1.zip!RUMAHAGEN_W4-02A.6.27_FOCUSED_EXECUTION_PACK_M01-M07_v2.1/M07_PHYSICAL_EXECUTION_SPEC_v2.1.md,8514,662cf023986fc73f6684c928b3c4e00ba5e8e01b2ad07951945b5c9de67808e7
M01-M15 new recon(20260907-081753).zip,2,RUMAHAGEN_WF03_M06_QIR_RESOLUTION_CONTROLLED_v1.0_FULL_VERSION.zip!source_extracts/CORE/RUMAHAGEN_WIREFRAME_CORE_FINAL_SOURCE_PACK_v1.2/23_M01_M07/W4-02A.6.27_FOCUSED_EXECUTION_PACK_M01-M07_v2.1.zip!RUMAHAGEN_W4-02A.6.27_FOCUSED_EXECUTION_PACK_M01-M07_v2.1/RUMAHAGEN_W4-02A.6.27_FOCUSED_EXECUTION_PACK_M01-M07_v2.1.md,12149,ffdcb89752116a428d687955f911c8769cdd4828096a2f8ec60ff28c75abe543
M01-M15 new recon(20260907-081753).zip,1,RUMAHAGEN_WF03_M06_QIR_RESOLUTION_CONTROLLED_v1.0_FULL_VERSION.zip!source_extracts/CORE/RUMAHAGEN_WIREFRAME_CORE_FINAL_SOURCE_PACK_v1.2/23_M01_M07/W4-02A.6.27_FOCUSED_EXECUTION_PACK_M01-M07_v2.1.md,12149,ffdcb89752116a428d687955f911c8769cdd4828096a2f8ec60ff28c75abe543
M01-M15 new recon(20260907-081753).zip,1,RUMAHAGEN_WF03_M06_QIR_RESOLUTION_CONTROLLED_v1.0_FULL_VERSION.zip!source_extracts/CORE/RUMAHAGEN_WIREFRAME_CORE_FINAL_SOURCE_PACK_v1.2/01_GOVERNANCE/W4-02A.6.2_GOVERNANCE_REGISTER_FULL_CONSOLIDATED_v1.16.docx,44768,1840df18fb6c512879033d1c5e27c543752a1d59a800f6348f0455430c2bd86c
M01-M15 new recon(20260907-081753).zip,1,RUMAHAGEN_WF03_M06_QIR_RESOLUTION_CONTROLLED_v1.0_FULL_VERSION.zip!source_extracts/CORE/RUMAHAGEN_WIREFRAME_CORE_FINAL_SOURCE_PACK_v1.2/01_GOVERNANCE/W4-02A.1_GOVERNANCE_CONSOLIDATION_FINAL_DECISION_AUTHORITY_v1.0.docx,41616,cbcbca4b502c429c6b5b6c59c4c67165570619a503c7d5b59d6c1940905368a8
M01-M15 new recon(20260907-081753).zip,1,RUMAHAGEN_WF03_M06_QIR_RESOLUTION_CONTROLLED_v1.0_FULL_VERSION.zip!source_extracts/CORE/RUMAHAGEN_WIREFRAME_CORE_FINAL_SOURCE_PACK_v1.2/09_ERD/W4-02A.6.13_ERD_CURRENT_LOGICAL_DATA_MODEL_FULL_CONSOLIDATED_v2.1.docx,62303,5a5ba139cff31fbd297cac3871a3b250f13b94dabcb15b49d89af86ca785cb88
M01-M15 new recon(20260907-081753).zip,1,RUMAHAGEN_WF03_M06_QIR_RESOLUTION_CONTROLLED_v1.0_FULL_VERSION.zip!source_extracts/CORE/RUMAHAGEN_WIREFRAME_CORE_FINAL_SOURCE_PACK_v1.2/00_CONTROL/SOURCE_INDEX_v1.3.csv,7285,c7d0d912ad37ed28754d02b452ccf5e717645764004c16fb48e77628bec0f111
M01-M15 new recon(20260907-081753).zip,1,RUMAHAGEN_WF03_M06_QIR_RESOLUTION_CONTROLLED_v1.0_FULL_VERSION.zip!source_extracts/CORE/RUMAHAGEN_WIREFRAME_CORE_FINAL_SOURCE_PACK_v1.2/00_CONTROL/SOURCE_INDEX_v1.3.md,8161,7dc272fc4716760a1fec381734136d2e47d2b97e66957d15c9b1225e91eb6329
M01-M15 new recon(20260907-081753).zip,1,RUMAHAGEN_WF03_M06_QIR_RESOLUTION_CONTROLLED_v1.0_FULL_VERSION.zip!source_extracts/CORE/RUMAHAGEN_WIREFRAME_CORE_FINAL_SOURCE_PACK_v1.2/00_CONTROL/W4-02A.7_RECURSIVE_SOURCE_AUDIT_REGISTER_v1.0.csv,208747,0144e3114a170252011dc57f391f31155248c10543ef8e3e3aeece81cd85ff7f
M01-M15 new recon(20260907-081753).zip,1,RUMAHAGEN_WF03_M06_QIR_RESOLUTION_CONTROLLED_v1.0_FULL_VERSION.zip!source_extracts/CORE/RUMAHAGEN_WIREFRAME_CORE_FINAL_SOURCE_PACK_v1.2/00_CONTROL/W4-02A.6.0_CORE_ARTIFACT_INVENTORY_AND_ORDERING_LOCK_v1.1_BASE_TRACK_37_STEPS.docx,41256,4d76cde4437c52e9c1752d99888095253eb748bc25bc8138fc4ae06701da5aec
M01-M15 new recon(20260907-081753).zip,1,RUMAHAGEN_WF03_M06_QIR_RESOLUTION_CONTROLLED_v1.0_FULL_VERSION.zip!source_extracts/CORE/RUMAHAGEN_WIREFRAME_CORE_FINAL_SOURCE_PACK_v1.2/00_CONTROL/W4-02A.7_FINAL_DOCUMENT_FREEZE_AUTHORITY_VERIFICATION_v1.0.md,11519,12847c5b3609b6ba0f67ce54e7e48627e9d24f7293a9c7bfbb59c75ff5243f32
M01-M15 new recon(20260907-081753).zip,1,RUMAHAGEN_WF03_M06_QIR_RESOLUTION_CONTROLLED_v1.0_FULL_VERSION.zip!source_extracts/CORE/RUMAHAGEN_WIREFRAME_CORE_FINAL_SOURCE_PACK_v1.2/00_CONTROL/RENAME_REGISTER_6.33.md,645,17ff728177e5ea174227267c4e0ff452d556bd598669f6502b803a62b96a646c
M01-M15 new recon(20260907-081753).zip,1,RUMAHAGEN_WF03_M06_QIR_RESOLUTION_CONTROLLED_v1.0_FULL_VERSION.zip!source_extracts/CORE/RUMAHAGEN_WIREFRAME_CORE_FINAL_SOURCE_PACK_v1.2/00_CONTROL/SHA256_MANIFEST_CORE_FINAL_v1.3.csv,7054,8a197083cd0ec7e79bb6269ab8199d215d4a83716fb28b1081b26d8006e96c5e
M01-M15 new recon(20260907-081753).zip,1,RUMAHAGEN_WF03_M06_QIR_RESOLUTION_CONTROLLED_v1.0_FULL_VERSION.zip!source_extracts/CORE/RUMAHAGEN_WIREFRAME_CORE_FINAL_SOURCE_PACK_v1.2/19_IMPLEMENTATION_STRATEGY/W4-02A.6.23_MODULE_IMPLEMENTATION_STRATEGY_INTEGRATED_IMPLEMENTATION_SEQUENCING_v2.1.md,56613,051aa36f9444153d1d56df6d960bd80d91922f3c1f84c02d636dc111dd20d47f
M01-M15 new recon(20260907-081753).zip,1,RUMAHAGEN_WF03_M06_QIR_RESOLUTION_CONTROLLED_v1.0_FULL_VERSION.zip!source_extracts/CORE/RUMAHAGEN_WIREFRAME_CORE_FINAL_SOURCE_PACK_v1.2/05_TECHNICAL_DECISIONS/W4-02A.6.6_TECHNICAL_DECISIONS_FULL_CONSOLIDATED_v1.6.docx,47059,2ddccdf939a59149b9404ad14c0dbfda1149fb31d23ba77e1b27c24bf05101fa
M01-M15 new recon(20260907-081753).zip,1,RUMAHAGEN_WF03_M06_QIR_RESOLUTION_CONTROLLED_v1.0_FULL_VERSION.zip!source_extracts/CORE/RUMAHAGEN_WIREFRAME_CORE_FINAL_SOURCE_PACK_v1.2/07_PRD/W4-02A.6.11_PRD_CURRENT_PRODUCT_REQUIREMENTS_FULL_CONSOLIDATED_v2.1.docx,48108,c2a7b6e4a77a08621a16048cba2f0f8641a3d073bc71dc4e4854634aa788aa34
M01-M15 new recon(20260907-081753).zip,1,RUMAHAGEN_WF03_M06_QIR_RESOLUTION_CONTROLLED_v1.0_FULL_VERSION.zip!source_extracts/CORE/RUMAHAGEN_WIREFRAME_CORE_FINAL_SOURCE_PACK_v1.2/26_ENGINEERING_ALIGNMENT/W4-02A.6.30_ENGINEERING_ALIGNMENT_GUIDEBOOK_PLAYBOOK_v2.1.md,31681,239e06d97698eb97c4e362b1b9ecf25f064fbe8e665e2f9e328d00e6d339a090
M01-M15 new recon(20260907-081753).zip,1,RUMAHAGEN_WF03_M06_QIR_RESOLUTION_CONTROLLED_v1.0_FULL_VERSION.zip!source_extracts/CORE/RUMAHAGEN_WIREFRAME_CORE_FINAL_SOURCE_PACK_v1.2/06_DEPENDENCY_MANIFEST/W4-02A.6.7_DEPENDENCY_MANIFEST_FULL_CONSOLIDATED_v1.9.docx,48323,66a12120b244cf487b41584b1bfdd3e81cddbc8b82f9c2ee12779e72d423c693
M01-M15 new recon(20260907-081753).zip,1,RUMAHAGEN_WF03_M06_QIR_RESOLUTION_CONTROLLED_v1.0_FULL_VERSION.zip!source_extracts/CORE/RUMAHAGEN_WIREFRAME_CORE_FINAL_SOURCE_PACK_v1.2/17_SEO_ANALYTICS/W4-02A.6.21_SEO_ANALYTICS_SPECIFICATION_DISCOVERY_MEASUREMENT_BASELINE_v2.1.md,68505,be0af1e745ac3d19a65abb90beff833941b1d1fb5a4fd1233c681a84023e75de
M01-M15 new recon(20260907-081753).zip,1,RUMAHAGEN_WF03_M06_QIR_RESOLUTION_CONTROLLED_v1.0_FULL_VERSION.zip!source_extracts/CORE/RUMAHAGEN_WIREFRAME_CORE_FINAL_SOURCE_PACK_v1.2/12_API/W4-02A.6.16_API_SPECIFICATION_CURRENT_API_CONTRACT_BASELINE_FULL_CONSOLIDATED_v2.1.docx,65180,fbfc539044ed2b7037ebee6ed5d5065c4e14efbd042a4928b107c02c210277d1
M01-M15 new recon(20260907-081753).zip,1,RUMAHAGEN_WF03_M06_QIR_RESOLUTION_CONTROLLED_v1.0_FULL_VERSION.zip!source_extracts/CORE/RUMAHAGEN_WIREFRAME_CORE_FINAL_SOURCE_PACK_v1.2/11_DATABASE_SCHEMA/W4-02_CANONICAL_BUILD_FROM_ZERO_MIGRATION_PACKAGE_v1.0.zip,19788,e4ee433128935fae30bfd64d05c3f37d426bafd012ed24842912c1354a8d2df0
M01-M15 new recon(20260907-081753).zip,2,RUMAHAGEN_WF03_M06_QIR_RESOLUTION_CONTROLLED_v1.0_FULL_VERSION.zip!source_extracts/CORE/RUMAHAGEN_WIREFRAME_CORE_FINAL_SOURCE_PACK_v1.2/11_DATABASE_SCHEMA/W4-02_CANONICAL_BUILD_FROM_ZERO_MIGRATION_PACKAGE_v1.0.zip!RUMAHAGEN_W4-02_CANONICAL_BUILD_FROM_ZERO_MIGRATION_BASELINE_v1.0.sql,113290,51be1733302566feed6c193c89418ef5038441a5968c0717b6be9eb9fdb32fa6
M01-M15 new recon(20260907-081753).zip,2,RUMAHAGEN_WF03_M06_QIR_RESOLUTION_CONTROLLED_v1.0_FULL_VERSION.zip!source_extracts/CORE/RUMAHAGEN_WIREFRAME_CORE_FINAL_SOURCE_PACK_v1.2/11_DATABASE_SCHEMA/W4-02_CANONICAL_BUILD_FROM_ZERO_MIGRATION_PACKAGE_v1.0.zip!RUMAHAGEN_W4-02_CANONICAL_MIGRATION_BASELINE_v1.0.md,1337,03062a3e327d0c069d8a66f3c07254c13cd8c40931a8d8630a366d7345aaafa2
M01-M15 new recon(20260907-081753).zip,2,RUMAHAGEN_WF03_M06_QIR_RESOLUTION_CONTROLLED_v1.0_FULL_VERSION.zip!source_extracts/CORE/RUMAHAGEN_WIREFRAME_CORE_FINAL_SOURCE_PACK_v1.2/11_DATABASE_SCHEMA/W4-02_CANONICAL_BUILD_FROM_ZERO_MIGRATION_PACKAGE_v1.0.zip!RUMAHAGEN_W4-02_EXECUTION_PHASE_REGISTER_v1.0.csv,816,8063d32ad50ead75a367f7fbf85cf047811df3c6f22beb1d2097de6042716f60
M01-M15 new recon(20260907-081753).zip,2,RUMAHAGEN_WF03_M06_QIR_RESOLUTION_CONTROLLED_v1.0_FULL_VERSION.zip!source_extracts/CORE/RUMAHAGEN_WIREFRAME_CORE_FINAL_SOURCE_PACK_v1.2/11_DATABASE_SCHEMA/W4-02_CANONICAL_BUILD_FROM_ZERO_MIGRATION_PACKAGE_v1.0.zip!RUMAHAGEN_W4-02_CANONICAL_86_TABLE_REGISTER_v1.0.csv,6480,0dcbfeb80dbf83e876cea932e0a90b415bda4f21d620695854729b134f43d83f
M01-M15 new recon(20260907-081753).zip,1,RUMAHAGEN_WF03_M06_QIR_RESOLUTION_CONTROLLED_v1.0_FULL_VERSION.zip!source_extracts/CORE/RUMAHAGEN_WIREFRAME_CORE_FINAL_SOURCE_PACK_v1.2/11_DATABASE_SCHEMA/RUMAHAGEN_FULL_DATABASE_SCHEMA_SOURCE_ONLY_PACKAGE_v1.0.zip,20762,fa720ebe06c1070155e2ddddba6215f8c764b55ac67af2123aa75831b7f84784
M01-M15 new recon(20260907-081753).zip,2,RUMAHAGEN_WF03_M06_QIR_RESOLUTION_CONTROLLED_v1.0_FULL_VERSION.zip!source_extracts/CORE/RUMAHAGEN_WIREFRAME_CORE_FINAL_SOURCE_PACK_v1.2/11_DATABASE_SCHEMA/RUMAHAGEN_FULL_DATABASE_SCHEMA_SOURCE_ONLY_PACKAGE_v1.0.zip!RUMAHAGEN_FULL_DATABASE_SCHEMA_SOURCE_ONLY_v1.0.sql,104518,0efce0e6e9074732735ee71da69575c3df9a7fba58961b4d3921480cbbd71e26
M01-M15 new recon(20260907-081753).zip,2,RUMAHAGEN_WF03_M06_QIR_RESOLUTION_CONTROLLED_v1.0_FULL_VERSION.zip!source_extracts/CORE/RUMAHAGEN_WIREFRAME_CORE_FINAL_SOURCE_PACK_v1.2/11_DATABASE_SCHEMA/RUMAHAGEN_FULL_DATABASE_SCHEMA_SOURCE_ONLY_PACKAGE_v1.0.zip!RUMAHAGEN_FULL_DATABASE_SCHEMA_SOURCE_ONLY_v1.0.md,5307,f00f28aed28f98f361117daf8b9fd06c40a3602d0b3ab3339a6d47228211ed51
M01-M15 new recon(20260907-081753).zip,1,RUMAHAGEN_WF03_M06_QIR_RESOLUTION_CONTROLLED_v1.0_FULL_VERSION.zip!source_extracts/CORE/RUMAHAGEN_WIREFRAME_CORE_FINAL_SOURCE_PACK_v1.2/11_DATABASE_SCHEMA/W4-01E_FINAL_BUILD_FROM_ZERO_SCHEMA_PACKAGE_v2.6.zip,18571,6d4c04df87e2d52e2b2787f4f558456e20394c61a3a81e283938a11f830dfe1a
M01-M15 new recon(20260907-081753).zip,2,RUMAHAGEN_WF03_M06_QIR_RESOLUTION_CONTROLLED_v1.0_FULL_VERSION.zip!source_extracts/CORE/RUMAHAGEN_WIREFRAME_CORE_FINAL_SOURCE_PACK_v1.2/11_DATABASE_SCHEMA/W4-01E_FINAL_BUILD_FROM_ZERO_SCHEMA_PACKAGE_v2.6.zip!RUMAHAGEN_W4-01E_FINAL_CANONICAL_BUILD_FROM_ZERO_DATABASE_SCHEMA_v2.6.sql,106605,73bc0e2803d1e27160cb9fc8ad61b013b079c50a67b8f1f6e6f5432b4a1c9531
M01-M15 new recon(20260907-081753).zip,2,RUMAHAGEN_WF03_M06_QIR_RESOLUTION_CONTROLLED_v1.0_FULL_VERSION.zip!source_extracts/CORE/RUMAHAGEN_WIREFRAME_CORE_FINAL_SOURCE_PACK_v1.2/11_DATABASE_SCHEMA/W4-01E_FINAL_BUILD_FROM_ZERO_SCHEMA_PACKAGE_v2.6.zip!RUMAHAGEN_W4-01E_FINAL_SCHEMA_CLOSURE_AND_FREEZE_v2.6.md,1337,03062a3e327d0c069d8a66f3c07254c13cd8c40931a8d8630a366d7345aaafa2
M01-M15 new recon(20260907-081753).zip,2,RUMAHAGEN_WF03_M06_QIR_RESOLUTION_CONTROLLED_v1.0_FULL_VERSION.zip!source_extracts/CORE/RUMAHAGEN_WIREFRAME_CORE_FINAL_SOURCE_PACK_v1.2/11_DATABASE_SCHEMA/W4-01E_FINAL_BUILD_FROM_ZERO_SCHEMA_PACKAGE_v2.6.zip!RUMAHAGEN_W4-01E_FINAL_CANONICAL_TABLE_REGISTER_v2.6.csv,8023,d3c8386f3cb4a694c51833b50a1114c102f0bfad1e8bf62e188075c463a6308d
M01-M15 new recon(20260907-081753).zip,2,RUMAHAGEN_WF03_M06_QIR_RESOLUTION_CONTROLLED_v1.0_FULL_VERSION.zip!source_extracts/CORE/RUMAHAGEN_WIREFRAME_CORE_FINAL_SOURCE_PACK_v1.2/11_DATABASE_SCHEMA/W4-01E_FINAL_BUILD_FROM_ZERO_SCHEMA_PACKAGE_v2.6.zip!RUMAHAGEN_W4-01E_GATE_CLOSURE_REGISTER_v2.6.csv,1080,1760c5af3922dc7e2ae205951ad5b559611172059427cac479a5b20cef0b391b
M01-M15 new recon(20260907-081753).zip,1,RUMAHAGEN_WF03_M06_QIR_RESOLUTION_CONTROLLED_v1.0_FULL_VERSION.zip!source_extracts/CORE/RUMAHAGEN_WIREFRAME_CORE_FINAL_SOURCE_PACK_v1.2/11_DATABASE_SCHEMA/W4-02A.6.15_DATABASE_SCHEMA_CURRENT_PHYSICAL_SCHEMA_REFERENCE_FULL_CONSOLIDATED_v2.7.docx,74525,91d9d78bc4d0818bca5802f0315f3d1146d0a32a9645646607418708745f79b9
M01-M15 new recon(20260907-081753).zip,1,RUMAHAGEN_WF03_M06_QIR_RESOLUTION_CONTROLLED_v1.0_FULL_VERSION.zip!source_extracts/CORE/RUMAHAGEN_WIREFRAME_CORE_FINAL_SOURCE_PACK_v1.2/21_EXECUTION_SPECIFICATION/W4-02A.6.25_MODULE_EXECUTION_SPECIFICATION_ARCHITECTURE_v2.1.md,46464,8e82d6f1308995ba163d0c2c49786c8b8999d7c2e6b4388e07661678ffa095a3
M01-M15 new recon(20260907-081753).zip,1,RUMAHAGEN_WF03_M06_QIR_RESOLUTION_CONTROLLED_v1.0_FULL_VERSION.zip!source_extracts/CORE/RUMAHAGEN_WIREFRAME_CORE_FINAL_SOURCE_PACK_v1.2/28_AI_CONTEXT/W4-02A.6.32_AI_CONTEXT_PACK_v2.1.md,19773,b4a5c5863ffc9934467688078144210f23eed59e3f574b9eaba171a10f7a1bae
M01-M15 new recon(20260907-081753).zip,1,RUMAHAGEN_WF03_M06_QIR_RESOLUTION_CONTROLLED_v1.0_FULL_VERSION.zip!source_extracts/CORE/RUMAHAGEN_WIREFRAME_CORE_FINAL_SOURCE_PACK_v1.2/10_DATABASE_DICTIONARY/W4-02A.6.14_DATABASE_DICTIONARY_CURRENT_LOGICAL_TO_PHYSICAL_DATA_MEANING_FULL_CONSOLIDATED_v2.2.docx,78665,8abcb2ca2e275288c83add193936a2763c9e3c9c75ba38088289a18080956219
M01-M15 new recon(20260907-081753).zip,1,RUMAHAGEN_WF03_M06_QIR_RESOLUTION_CONTROLLED_v1.0_FULL_VERSION.zip!source_extracts/CORE/RUMAHAGEN_WIREFRAME_CORE_FINAL_SOURCE_PACK_v1.2/18_MODULE_DEPENDENCY/W4-02A.6.22_MODULE_DEPENDENCY_MATRIX_CROSS_MODULE_DEPENDENCY_CONTRACT_v2.1.md,49622,30a5c406428ad0e2e377e2803a77d16c0d9cac0f7f6c1249dadb89d1360bc9e3
M01-M15 new recon(20260907-081753).zip,1,RUMAHAGEN_WF03_M06_QIR_RESOLUTION_CONTROLLED_v1.0_FULL_VERSION.zip!source_extracts/CORE/RUMAHAGEN_WIREFRAME_CORE_FINAL_SOURCE_PACK_v1.2/08_USER_FLOW/W4-02A.6.12_USER_FLOW_CURRENT_CROSS_DOMAIN_INTERACTION_FLOW_FULL_CONSOLIDATED_v2.1.docx,51562,bc5e3f9af3842e727f34d2ef0c4f3b91cc52c911645698696b92b0745bbbd4de
M01-M15 new recon(20260907-081753).zip,1,RUMAHAGEN_WF03_M06_QIR_RESOLUTION_CONTROLLED_v1.0_FULL_VERSION.zip!source_extracts/CORE/RUMAHAGEN_WIREFRAME_CORE_FINAL_SOURCE_PACK_v1.2/04_ARCHITECTURE/W4-02A.6.5_SYSTEM_ARCHITECTURE_FULL_CONSOLIDATED_v1.8.docx,93386,c1aa07968bb5bdfc9f9600dc48da804f65574f49da672282237ec90c4cc94884
M01-M15 new recon(20260907-081753).zip,1,RUMAHAGEN_WF03_M06_QIR_RESOLUTION_CONTROLLED_v1.0_FULL_VERSION.zip!source_extracts/CORE/RUMAHAGEN_WIREFRAME_CORE_FINAL_SOURCE_PACK_v1.2/16_UI_UX/W4-02A.6.20_UI_UX_SPECIFICATION_CURRENT_INTERFACE_BEHAVIOR_CONTRACT_v2.1.md,62858,c2388d37bbcf910316d0d9c257c1f346a99fc0349b2c1086d8e3154a2a32a8d7
M01-M15 new recon(20260907-081753).zip,1,RUMAHAGEN_WF03_M06_QIR_RESOLUTION_CONTROLLED_v1.0_FULL_VERSION.zip!source_extracts/CORE/RUMAHAGEN_WIREFRAME_CORE_FINAL_SOURCE_PACK_v1.2/20_MODULE_PLANNING/W4-02A.6.24_REVISED_MODULE_PLANNING_CURRENT_MODULE_DELIVERY_PLANNING_v2.1.md,55040,7373552ff7f43e2822f7819b2101ec0df7bc1acee60e8b92dc866f330203d7be
M01-M15 new recon(20260907-081753).zip,1,RUMAHAGEN_WF03_M06_QIR_RESOLUTION_CONTROLLED_v1.0_FULL_VERSION.zip!source_extracts/CORE/RUMAHAGEN_WIREFRAME_CORE_FINAL_SOURCE_PACK_v1.2/15_TECHNICAL/W4-02A.6.19_TECHNICAL_SPECIFICATION_CURRENT_TECHNICAL_IMPLEMENTATION_CONTRACT_v2.1.md,69175,2ac01b6961b6ab97d26ee8c314aaf06101af49cb746c4069147559fb8002b29c
M01-M15 new recon(20260907-081753).zip,1,RUMAHAGEN_WF03_M06_QIR_RESOLUTION_CONTROLLED_v1.0_FULL_VERSION.zip!source_extracts/CORE/RUMAHAGEN_WIREFRAME_CORE_FINAL_SOURCE_PACK_v1.2/24_M08_M15/W4-02A.6.28_FOCUSED_EXECUTION_PACK_M08-M15_v2.1.md,12958,a6b879e6d81f1cbb6a3eade8caa71a950432d44488db21fe45b667cd9fa0fdb3
M01-M15 new recon(20260907-081753).zip,1,RUMAHAGEN_WF03_M06_QIR_RESOLUTION_CONTROLLED_v1.0_FULL_VERSION.zip!source_extracts/CORE/RUMAHAGEN_WIREFRAME_CORE_FINAL_SOURCE_PACK_v1.2/24_M08_M15/W4-02A.6.28_FOCUSED_EXECUTION_PACK_M08-M15_v2.1.zip,29640,54c2560d7f247793f8b26ea8f2ee3128334432d748c09e97ab7be1f5558d3208
M01-M15 new recon(20260907-081753).zip,2,RUMAHAGEN_WF03_M06_QIR_RESOLUTION_CONTROLLED_v1.0_FULL_VERSION.zip!source_extracts/CORE/RUMAHAGEN_WIREFRAME_CORE_FINAL_SOURCE_PACK_v1.2/24_M08_M15/W4-02A.6.28_FOCUSED_EXECUTION_PACK_M08-M15_v2.1.zip!RUMAHAGEN_W4-02A.6.28_FOCUSED_EXECUTION_PACK_M08-M15_v2.1/M08_PHYSICAL_EXECUTION_SPEC_v2.1.md,6775,d2033671ce0e13b29483fad93756ff1ebfafcaa24585763f4bc68de6a7859926
M01-M15 new recon(20260907-081753).zip,2,RUMAHAGEN_WF03_M06_QIR_RESOLUTION_CONTROLLED_v1.0_FULL_VERSION.zip!source_extracts/CORE/RUMAHAGEN_WIREFRAME_CORE_FINAL_SOURCE_PACK_v1.2/24_M08_M15/W4-02A.6.28_FOCUSED_EXECUTION_PACK_M08-M15_v2.1.zip!RUMAHAGEN_W4-02A.6.28_FOCUSED_EXECUTION_PACK_M08-M15_v2.1/M09_PHYSICAL_EXECUTION_SPEC_v2.1.md,6944,7d39bb462699dc346c5ecf441996cd9a8e7b1bc5d969604463c810c1d4c34545
M01-M15 new recon(20260907-081753).zip,2,RUMAHAGEN_WF03_M06_QIR_RESOLUTION_CONTROLLED_v1.0_FULL_VERSION.zip!source_extracts/CORE/RUMAHAGEN_WIREFRAME_CORE_FINAL_SOURCE_PACK_v1.2/24_M08_M15/W4-02A.6.28_FOCUSED_EXECUTION_PACK_M08-M15_v2.1.zip!RUMAHAGEN_W4-02A.6.28_FOCUSED_EXECUTION_PACK_M08-M15_v2.1/M10_PHYSICAL_EXECUTION_SPEC_v2.1.md,6625,0954001b40b9aa4289cf174f807c2625dc4a4f5f373c120c12f28696ecddd8f2
M01-M15 new recon(20260907-081753).zip,2,RUMAHAGEN_WF03_M06_QIR_RESOLUTION_CONTROLLED_v1.0_FULL_VERSION.zip!source_extracts/CORE/RUMAHAGEN_WIREFRAME_CORE_FINAL_SOURCE_PACK_v1.2/24_M08_M15/W4-02A.6.28_FOCUSED_EXECUTION_PACK_M08-M15_v2.1.zip!RUMAHAGEN_W4-02A.6.28_FOCUSED_EXECUTION_PACK_M08-M15_v2.1/M11_PHYSICAL_EXECUTION_SPEC_v2.1.md,6695,adfc6ce099de713b1bd60194bed59b35cb9dda5ecc99ceec5ccbe96894ee5a70
M01-M15 new recon(20260907-081753).zip,2,RUMAHAGEN_WF03_M06_QIR_RESOLUTION_CONTROLLED_v1.0_FULL_VERSION.zip!source_extracts/CORE/RUMAHAGEN_WIREFRAME_CORE_FINAL_SOURCE_PACK_v1.2/24_M08_M15/W4-02A.6.28_FOCUSED_EXECUTION_PACK_M08-M15_v2.1.zip!RUMAHAGEN_W4-02A.6.28_FOCUSED_EXECUTION_PACK_M08-M15_v2.1/M12_PHYSICAL_EXECUTION_SPEC_v2.1.md,6477,c01c5da1353a7f689b56d06242f248e0851d2bf5b92fa24fdbc12666e53e8930
M01-M15 new recon(20260907-081753).zip,2,RUMAHAGEN_WF03_M06_QIR_RESOLUTION_CONTROLLED_v1.0_FULL_VERSION.zip!source_extracts/CORE/RUMAHAGEN_WIREFRAME_CORE_FINAL_SOURCE_PACK_v1.2/24_M08_M15/W4-02A.6.28_FOCUSED_EXECUTION_PACK_M08-M15_v2.1.zip!RUMAHAGEN_W4-02A.6.28_FOCUSED_EXECUTION_PACK_M08-M15_v2.1/M13_PHYSICAL_EXECUTION_SPEC_v2.1.md,6463,8e8f14c0bc0ff8ec33155671ef9c903168894ee6c0111a9d9deb6c2f4ae6ea27
M01-M15 new recon(20260907-081753).zip,2,RUMAHAGEN_WF03_M06_QIR_RESOLUTION_CONTROLLED_v1.0_FULL_VERSION.zip!source_extracts/CORE/RUMAHAGEN_WIREFRAME_CORE_FINAL_SOURCE_PACK_v1.2/24_M08_M15/W4-02A.6.28_FOCUSED_EXECUTION_PACK_M08-M15_v2.1.zip!RUMAHAGEN_W4-02A.6.28_FOCUSED_EXECUTION_PACK_M08-M15_v2.1/M14_PHYSICAL_EXECUTION_SPEC_v2.1.md,6787,f9f25be2e5e1b541674662f6a4680467c75ba635fad2e665003cf9df780591f1
M01-M15 new recon(20260907-081753).zip,2,RUMAHAGEN_WF03_M06_QIR_RESOLUTION_CONTROLLED_v1.0_FULL_VERSION.zip!source_extracts/CORE/RUMAHAGEN_WIREFRAME_CORE_FINAL_SOURCE_PACK_v1.2/24_M08_M15/W4-02A.6.28_FOCUSED_EXECUTION_PACK_M08-M15_v2.1.zip!RUMAHAGEN_W4-02A.6.28_FOCUSED_EXECUTION_PACK_M08-M15_v2.1/M15_PHYSICAL_EXECUTION_SPEC_v2.1.md,6642,b86968510b07731383990e40540f9a04b8273d8969fc6814530ebc17e5dd8088
M01-M15 new recon(20260907-081753).zip,2,RUMAHAGEN_WF03_M06_QIR_RESOLUTION_CONTROLLED_v1.0_FULL_VERSION.zip!source_extracts/CORE/RUMAHAGEN_WIREFRAME_CORE_FINAL_SOURCE_PACK_v1.2/24_M08_M15/W4-02A.6.28_FOCUSED_EXECUTION_PACK_M08-M15_v2.1.zip!RUMAHAGEN_W4-02A.6.28_FOCUSED_EXECUTION_PACK_M08-M15_v2.1/RUMAHAGEN_W4-02A.6.28_FOCUSED_EXECUTION_PACK_M08-M15_v2.1.md,12958,a6b879e6d81f1cbb6a3eade8caa71a950432d44488db21fe45b667cd9fa0fdb3
M01-M15 new recon(20260907-081753).zip,1,RUMAHAGEN_WF03_M06_QIR_RESOLUTION_CONTROLLED_v1.0_FULL_VERSION.zip!source_extracts/CORE/RUMAHAGEN_WIREFRAME_CORE_FINAL_SOURCE_PACK_v1.2/25_EXECUTION_AUDIT/W4-02A.6.29_EXECUTION_PACK_AUDIT_RECONCILIATION_v2.1.md,18012,70302b771fdd9293db1fe6d9d736f8926eef76bbdf2993489cb0eb182e540ea3
M01-M15 new recon(20260907-081753).zip,1,RUMAHAGEN_WF03_M06_QIR_RESOLUTION_CONTROLLED_v1.0_FULL_VERSION.zip!source_extracts/CORE/RUMAHAGEN_WIREFRAME_CORE_FINAL_SOURCE_PACK_v1.2/13_RBAC_RLS/W4-02A.6.17_RBAC_PERMISSION_RLS_CURRENT_AUTHORIZATION_BASELINE_FULL_CONSOLIDATED_v2.1.docx,53047,cd5067a3a2cb8e0104e94fbea78ab64a30e19ed28230aef5889baa5021784a0a
M01-M15 new recon(20260907-081753).zip,1,RUMAHAGEN_WF03_M06_QIR_RESOLUTION_CONTROLLED_v1.0_FULL_VERSION.zip!source_extracts/CORE/RUMAHAGEN_WIREFRAME_CORE_FINAL_SOURCE_PACK_v1.2/03_BUSINESS_RULES/W4-02A.6.10_BUSINESS_RULES_BASELINE_TRACEABILITY_FULL_CONSOLIDATED_v1.2_REAUDITED.docx,51338,f1bd00843508c4bdc16794b1509690e5c6ec6c12c49611587382a932a87e8ebc
M01-M15 new recon(20260907-081753).zip,1,RUMAHAGEN_WF03_M06_QIR_RESOLUTION_CONTROLLED_v1.0_FULL_VERSION.zip!source_extracts/CORE/RUMAHAGEN_WIREFRAME_CORE_FINAL_SOURCE_PACK_v1.2/30_RECONCILIATION_EVIDENCE/W4-02A.5R_SOURCE_UPDATE_REVALIDATION_v1.1.docx,38455,47a6f021e6c409e73d5d7c7dddaaa270107190db90dba4ff30760080155a2b8f
M01-M15 new recon(20260907-081753).zip,1,RUMAHAGEN_WF03_M06_QIR_RESOLUTION_CONTROLLED_v1.0_FULL_VERSION.zip!source_extracts/CORE/RUMAHAGEN_WIREFRAME_CORE_FINAL_SOURCE_PACK_v1.2/30_RECONCILIATION_EVIDENCE/W4-02A.5_CROSS_DOMAIN_CONFLICT_RESIDUAL_AUDIT_FULL_CONSOLIDATED_v1.0.docx,42652,16982b5861c3ef86327b8f79f07eb080faac17aa6a422cc983f79d11a40564df
M01-M15 new recon(20260907-081753).zip,1,RUMAHAGEN_WF03_M06_QIR_RESOLUTION_CONTROLLED_v1.0_FULL_VERSION.zip!source_extracts/CORE/RUMAHAGEN_WIREFRAME_CORE_FINAL_SOURCE_PACK_v1.2/29_FINAL_CONTROL/W4-02A.6.36_CURRENT_PROJECT_STATE_FINAL_rev15.docx,45569,9f929cb9612d755e21bf27b42489de7c9cd3a9c42042d5f4825010a3132cffae
M01-M15 new recon(20260907-081753).zip,1,RUMAHAGEN_WF03_M06_QIR_RESOLUTION_CONTROLLED_v1.0_FULL_VERSION.zip!source_extracts/CORE/RUMAHAGEN_WIREFRAME_CORE_FINAL_SOURCE_PACK_v1.2/29_FINAL_CONTROL/W4-02A.6.35_PROJECT_MANIFEST_FINAL_v1.32.docx,44768,bcf9a8a109e109016699a84ccdcdf7aa9de9af0b7380962ca74081858a2f0b0a
M01-M15 new recon(20260907-081753).zip,1,RUMAHAGEN_WF03_M06_QIR_RESOLUTION_CONTROLLED_v1.0_FULL_VERSION.zip!source_extracts/CORE/RUMAHAGEN_WIREFRAME_CORE_FINAL_SOURCE_PACK_v1.2/29_FINAL_CONTROL/W4-02A.6.37_FINAL_CROSS_DOCUMENT_RECONCILIATION_v1.0.docx,56438,55ba7ad886ea26469d2569f50ce577acf241b0b26969816e62774546acab967c
M01-M15 new recon(20260907-081753).zip,1,RUMAHAGEN_WF03_M06_QIR_RESOLUTION_CONTROLLED_v1.0_FULL_VERSION.zip!source_extracts/CORE/RUMAHAGEN_WIREFRAME_CORE_FINAL_SOURCE_PACK_v1.2/29_FINAL_CONTROL/W4-02A.6.34_CHANGELOG_FINAL_v1.0.docx,46682,42ecb48a9d988bb69b92df6e394b86b7ca0a3336a7f4c58edbe02688327bcf2e
M01-M15 new recon(20260907-081753).zip,1,RUMAHAGEN_WF03_M06_QIR_RESOLUTION_CONTROLLED_v1.0_FULL_VERSION.zip!source_extracts/CORE/RUMAHAGEN_WIREFRAME_CORE_FINAL_SOURCE_PACK_v1.2/29_FINAL_CONTROL/W4-02A.6.33_DECISION_LOG_FINAL_v2.1.md,18845,712f6513cc1b66ae90f673f920ee500d235a633dd4916f10a97b7031334821ca
M01-M15 new recon(20260907-081753).zip,1,RUMAHAGEN_WF03_M06_QIR_RESOLUTION_CONTROLLED_v1.0_FULL_VERSION.zip!source_extracts/CORE/RUMAHAGEN_WIREFRAME_CORE_FINAL_SOURCE_PACK_v1.2/14_FUNCTIONAL/W4-02A.6.18_FUNCTIONAL_SPECIFICATION_CURRENT_FUNCTIONAL_IMPLEMENTATION_CONTRACT_v2.1.md,60334,d7e9a7b5c761d51495e77f73824f903ca057e602c204c79284a2ae70c522072e
M01-M15 new recon(20260907-081753).zip,1,RUMAHAGEN_WF03_M06_QIR_RESOLUTION_CONTROLLED_v1.0_FULL_VERSION.zip!source_extracts/M06_v1.4/00_V1.2_BASELINE_RETAINED/06_M06_MARKETING_KIT_PERMISSION_MATRIX.csv,668,7cd9ce74b6319204147790b1d59a44dee9e844948a12f58956c64337e20c5e34
M01-M15 new recon(20260907-081753).zip,1,RUMAHAGEN_WF03_M06_QIR_RESOLUTION_CONTROLLED_v1.0_FULL_VERSION.zip!source_extracts/M06_v1.4/00_V1.2_BASELINE_RETAINED/14_M06_FULL_QUESTION_UPDATE.md,123,4605584a3bef1ed48c130fa2f7c9fe2faebd234aceb1581f371f4fe034024524
M01-M15 new recon(20260907-081753).zip,1,RUMAHAGEN_WF03_M06_QIR_RESOLUTION_CONTROLLED_v1.0_FULL_VERSION.zip!source_extracts/M06_v1.4/00_V1.2_BASELINE_RETAINED/10_M06_LIFECYCLE_REVIEW_FULL.md,359,114d06c030b0d0e84ec966e056cff8c014ffe088b8002132203e31f4ad137e16
M01-M15 new recon(20260907-081753).zip,1,RUMAHAGEN_WF03_M06_QIR_RESOLUTION_CONTROLLED_v1.0_FULL_VERSION.zip!source_extracts/M06_v1.4/00_V1.2_BASELINE_RETAINED/05_M06_M03_FIELD_MAPPING.csv,895,9aa9d70095bb4bb185bbddeb9866755e8bf2e6c51166e0332ce8500a0f5904d5
M01-M15 new recon(20260907-081753).zip,1,RUMAHAGEN_WF03_M06_QIR_RESOLUTION_CONTROLLED_v1.0_FULL_VERSION.zip!source_extracts/M06_v1.4/00_V1.2_BASELINE_RETAINED/01_M06_FULL_REBUILD_CONTROL_REPORT_v1.2.md,1003,5ce9198d3c64a6e4f5e5f8832027dac86f3a051418b37d3115230e55ed257968
M01-M15 new recon(20260907-081753).zip,1,RUMAHAGEN_WF03_M06_QIR_RESOLUTION_CONTROLLED_v1.0_FULL_VERSION.zip!source_extracts/M06_v1.4/00_V1.2_BASELINE_RETAINED/03_M06_SOURCE_INVENTORY_100PCT.csv,69297,48ff64e25a94ddf0e2b32c3ab286b839c71629c9452741f87f2f11c08a2d5f1e
M01-M15 new recon(20260907-081753).zip,1,RUMAHAGEN_WF03_M06_QIR_RESOLUTION_CONTROLLED_v1.0_FULL_VERSION.zip!source_extracts/M06_v1.4/00_V1.2_BASELINE_RETAINED/16_M06_QA_FULL.md,348,a0d1734740c7a05051a38be9be270446ed1e18c8458cadefb2f21fbf0192e640
M01-M15 new recon(20260907-081753).zip,1,RUMAHAGEN_WF03_M06_QIR_RESOLUTION_CONTROLLED_v1.0_FULL_VERSION.zip!source_extracts/M06_v1.4/00_V1.2_BASELINE_RETAINED/11_M06_CROSS_MODULE_RECONCILIATION_FULL.md,323,4c2ac97bc8bbdb47e2fa2ec7b4cead2803d6beae23f8aa681efc5694b94e3239
M01-M15 new recon(20260907-081753).zip,1,RUMAHAGEN_WF03_M06_QIR_RESOLUTION_CONTROLLED_v1.0_FULL_VERSION.zip!source_extracts/M06_v1.4/00_V1.2_BASELINE_RETAINED/12_M06_PHYSICAL_RUNTIME_PREREQUISITE_REVIEW_FULL.md,235,c8826984eab93c3c6ed920ea5a52d3eab7188c6d0e34b0c4eb21bb583d9b3da7
M01-M15 new recon(20260907-081753).zip,1,RUMAHAGEN_WF03_M06_QIR_RESOLUTION_CONTROLLED_v1.0_FULL_VERSION.zip!source_extracts/M06_v1.4/00_V1.2_BASELINE_RETAINED/07_M06_LIFECYCLE_MATRIX.csv,745,ee89586c2d4eff8c5d8db9f5abcdaf79207db3f3d0940fabbd0ac5d5cb88c390
M01-M15 new recon(20260907-081753).zip,1,RUMAHAGEN_WF03_M06_QIR_RESOLUTION_CONTROLLED_v1.0_FULL_VERSION.zip!source_extracts/M06_v1.4/00_V1.2_BASELINE_RETAINED/18_M06_FULL_CONTROL_MATRIX_v1.2.xlsx,14277,5ebe4006e7acff9cdad98d6cd64a041a7e3a065b2b1d043444c75858815bfe12
M01-M15 new recon(20260907-081753).zip,1,RUMAHAGEN_WF03_M06_QIR_RESOLUTION_CONTROLLED_v1.0_FULL_VERSION.zip!source_extracts/M06_v1.4/00_V1.2_BASELINE_RETAINED/19_M06_FULL_REBUILD_CONTROLLED_v1.2.docx,37097,271b5ec36e38a66621acd3043fa1817ef050a4755f2a6ea1fd39c8a7b24cfc36
M01-M15 new recon(20260907-081753).zip,1,RUMAHAGEN_WF03_M06_QIR_RESOLUTION_CONTROLLED_v1.0_FULL_VERSION.zip!source_extracts/M06_v1.4/00_V1.2_BASELINE_RETAINED/08_M06_QUESTION_INVENTORY_FULL.csv,1286,7d5ad124b75eeb17b24a1573db1256337fb029cdc1fa5112eba169bf44579e16
M01-M15 new recon(20260907-081753).zip,1,RUMAHAGEN_WF03_M06_QIR_RESOLUTION_CONTROLLED_v1.0_FULL_VERSION.zip!source_extracts/M06_v1.4/00_V1.2_BASELINE_RETAINED/09_M06_ROLE_SCOPE_REVIEW_FULL.md,420,0fe62c7bdf57fe79611aa67cfe8ee5f9dbee979f4d821125c3f2a9f15daec46b
M01-M15 new recon(20260907-081753).zip,1,RUMAHAGEN_WF03_M06_QIR_RESOLUTION_CONTROLLED_v1.0_FULL_VERSION.zip!source_extracts/M06_v1.4/00_V1.2_BASELINE_RETAINED/04_M06_FULL_FIELD_INVENTORY.csv,3946,45762e1f09af03d510d653b2fc065ee751d03a732242b215b9f4d2e2cfed0023
M01-M15 new recon(20260907-081753).zip,1,RUMAHAGEN_WF03_M06_QIR_RESOLUTION_CONTROLLED_v1.0_FULL_VERSION.zip!source_extracts/M06_v1.4/00_V1.2_BASELINE_RETAINED/13_M06_GENUINE_BLOCKERS_FULL.md,286,8d6fca00c6bb95d6931c280a4e067c314103b4c85b62b5f8d37dfd0fe00ff7a0
M01-M15 new recon(20260907-081753).zip,1,RUMAHAGEN_WF03_M06_QIR_RESOLUTION_CONTROLLED_v1.0_FULL_VERSION.zip!source_extracts/M06_v1.4/00_V1.2_BASELINE_RETAINED/15_M06_SECOND_PASS_SCAN_RESULT.md,462,ad5d08f047fd7ac048d4033b297e2960c902e784d25019003106c7e52da343e4
M01-M15 new recon(20260907-081753).zip,1,RUMAHAGEN_WF03_M06_QIR_RESOLUTION_CONTROLLED_v1.0_FULL_VERSION.zip!source_extracts/M06_v1.4/00_V1.2_BASELINE_RETAINED/02_M06_SOURCE_INVENTORY_100PCT.md,139,6374b713cb393a9b3c727ddf91ba4ca1ee29d14427fd921aa026f229bbc45283
M01-M15 new recon(20260907-081753).zip,1,RUMAHAGEN_WF03_M06_QIR_RESOLUTION_CONTROLLED_v1.0_FULL_VERSION.zip!source_extracts/M06_v1.4/00_V1.2_BASELINE_RETAINED/17_M06_CONTROLLED_OUTPUT_MANIFEST_FULL.md,167,89009d39dd473a35fbd9d5280e2cd35353ea1528a8936bcdda38b8d48f9163c6
M01-M15 new recon(20260907-081753).zip,1,RUMAHAGEN_WF03_M06_QIR_RESOLUTION_CONTROLLED_v1.0_FULL_VERSION.zip!source_extracts/M06_v1.4/00_V1.2_BASELINE_RETAINED/00_V1.1_BASELINE_RETAINED/11_M06_CROSS_ARTIFACT_RECONCILIATION_FULL.md,642,808ca0fa8ebd725631407b8c1599b26a8a3be01b641bd6b7d956308e9d8eb382
M01-M15 new recon(20260907-081753).zip,1,RUMAHAGEN_WF03_M06_QIR_RESOLUTION_CONTROLLED_v1.0_FULL_VERSION.zip!source_extracts/M06_v1.4/00_V1.2_BASELINE_RETAINED/00_V1.1_BASELINE_RETAINED/03_M06_SOURCE_INVENTORY_100PCT.csv,66475,a305137527ef4591bab8eb1bb48cc96dda7b98751c6809002a2d8576d1d74c85
M01-M15 new recon(20260907-081753).zip,1,RUMAHAGEN_WF03_M06_QIR_RESOLUTION_CONTROLLED_v1.0_FULL_VERSION.zip!source_extracts/M06_v1.4/00_V1.2_BASELINE_RETAINED/00_V1.1_BASELINE_RETAINED/04_M06_QUESTION_INVENTORY_100PCT.csv,2507,4644751b4876a83ce3d8fe0ecebc1b9b8e1ab48756fd750dfef219ac1ea05bcf
M01-M15 new recon(20260907-081753).zip,1,RUMAHAGEN_WF03_M06_QIR_RESOLUTION_CONTROLLED_v1.0_FULL_VERSION.zip!source_extracts/M06_v1.4/00_V1.2_BASELINE_RETAINED/00_V1.1_BASELINE_RETAINED/14_M06_FULL_LIFECYCLE_MATRIX.csv,992,e745fc30d59350b47dddf98a6f2c77e33c64ecc05980865b2e85f3ba1908f487
M01-M15 new recon(20260907-081753).zip,1,RUMAHAGEN_WF03_M06_QIR_RESOLUTION_CONTROLLED_v1.0_FULL_VERSION.zip!source_extracts/M06_v1.4/00_V1.2_BASELINE_RETAINED/00_V1.1_BASELINE_RETAINED/10_M06_GENUINE_DOCUMENTARY_BLOCKERS_FULL.md,497,6e8548e00b2df9f536ec529767e470e942f36f3d0fe6d505c588edb4ee223bb3
M01-M15 new recon(20260907-081753).zip,1,RUMAHAGEN_WF03_M06_QIR_RESOLUTION_CONTROLLED_v1.0_FULL_VERSION.zip!source_extracts/M06_v1.4/00_V1.2_BASELINE_RETAINED/00_V1.1_BASELINE_RETAINED/18_M06_CONTROLLED_OUTPUT_MANIFEST_FULL.md,362,d5932004420e9f4226a090a457f6a3f0de6b6e3ca1b6fb6181a0bc8f41ef522e
M01-M15 new recon(20260907-081753).zip,1,RUMAHAGEN_WF03_M06_QIR_RESOLUTION_CONTROLLED_v1.0_FULL_VERSION.zip!source_extracts/M06_v1.4/00_V1.2_BASELINE_RETAINED/00_V1.1_BASELINE_RETAINED/20_M06_FULL_REBUILD_CONTROLLED_v1.1.docx,37366,a98f8438d3cdca8dd123adb7e6f38e817113916f761f3a87392d47488027e910
M01-M15 new recon(20260907-081753).zip,1,RUMAHAGEN_WF03_M06_QIR_RESOLUTION_CONTROLLED_v1.0_FULL_VERSION.zip!source_extracts/M06_v1.4/00_V1.2_BASELINE_RETAINED/00_V1.1_BASELINE_RETAINED/07_M06_LIFECYCLE_REVIEW_FULL.md,679,1bbb48e97c5984547a6c66b566f175cd2834dcdff22d0bbb7204f2a62e309d3d
M01-M15 new recon(20260907-081753).zip,1,RUMAHAGEN_WF03_M06_QIR_RESOLUTION_CONTROLLED_v1.0_FULL_VERSION.zip!source_extracts/M06_v1.4/00_V1.2_BASELINE_RETAINED/00_V1.1_BASELINE_RETAINED/09_M06_PHYSICAL_RUNTIME_PREREQUISITE_REVIEW_FULL.md,390,f19794a65ba45519e28bbe86df1608cf5966c25c02d04c6d491b668fd70a25ce
M01-M15 new recon(20260907-081753).zip,1,RUMAHAGEN_WF03_M06_QIR_RESOLUTION_CONTROLLED_v1.0_FULL_VERSION.zip!source_extracts/M06_v1.4/00_V1.2_BASELINE_RETAINED/00_V1.1_BASELINE_RETAINED/01_M06_FULL_REBUILD_CONTROL_REPORT_v1.1.md,1241,5f780b5eb216809edbf0266fc57460810badf35832fdfd8880dca435da0e7262
M01-M15 new recon(20260907-081753).zip,1,RUMAHAGEN_WF03_M06_QIR_RESOLUTION_CONTROLLED_v1.0_FULL_VERSION.zip!source_extracts/M06_v1.4/00_V1.2_BASELINE_RETAINED/00_V1.1_BASELINE_RETAINED/13_M06_FULL_PERMISSION_MATRIX.csv,2870,86eba2cba82480699b634bd82032b0d86917908ac7e9654052fb5213a5cab4a9
M01-M15 new recon(20260907-081753).zip,1,RUMAHAGEN_WF03_M06_QIR_RESOLUTION_CONTROLLED_v1.0_FULL_VERSION.zip!source_extracts/M06_v1.4/00_V1.2_BASELINE_RETAINED/00_V1.1_BASELINE_RETAINED/16_M06_FULL_QUESTION_UPDATE.md,578,fa8876bf8bec79dd18ac201f0c063e7704c558c9cfeba326136753a5738b2c10
M01-M15 new recon(20260907-081753).zip,1,RUMAHAGEN_WF03_M06_QIR_RESOLUTION_CONTROLLED_v1.0_FULL_VERSION.zip!source_extracts/M06_v1.4/00_V1.2_BASELINE_RETAINED/00_V1.1_BASELINE_RETAINED/19_M06_FULL_CONTROL_MATRIX_v1.1.xlsx,10723,ffac62afea62bddd2e8f2f2e3099555c546d524266ea5d3bd0bae19eb8fe1645
M01-M15 new recon(20260907-081753).zip,1,RUMAHAGEN_WF03_M06_QIR_RESOLUTION_CONTROLLED_v1.0_FULL_VERSION.zip!source_extracts/M06_v1.4/00_V1.2_BASELINE_RETAINED/00_V1.1_BASELINE_RETAINED/15_M06_FULL_CROSS_MODULE_MATRIX.csv,567,c7ef503a3f454f7d18a0600d2263a4e81ab6e9feb632b29c3bba1e45916525bd
M01-M15 new recon(20260907-081753).zip,1,RUMAHAGEN_WF03_M06_QIR_RESOLUTION_CONTROLLED_v1.0_FULL_VERSION.zip!source_extracts/M06_v1.4/00_V1.2_BASELINE_RETAINED/00_V1.1_BASELINE_RETAINED/08_M06_CROSS_MODULE_DEPENDENCY_REVIEW_FULL.md,439,a5e564ae3b185130e29ce962a9459f6ae903c078fcde8c286e0fcaf8c8591752
M01-M15 new recon(20260907-081753).zip,1,RUMAHAGEN_WF03_M06_QIR_RESOLUTION_CONTROLLED_v1.0_FULL_VERSION.zip!source_extracts/M06_v1.4/00_V1.2_BASELINE_RETAINED/00_V1.1_BASELINE_RETAINED/12_M06_FULL_FIELD_INVENTORY.csv,2510,37f631feb361d8419696bd063b6fb94d4cb23a4d7d32b997b313a88ceddcefe2
M01-M15 new recon(20260907-081753).zip,1,RUMAHAGEN_WF03_M06_QIR_RESOLUTION_CONTROLLED_v1.0_FULL_VERSION.zip!source_extracts/M06_v1.4/00_V1.2_BASELINE_RETAINED/00_V1.1_BASELINE_RETAINED/02_M06_SOURCE_INVENTORY_100PCT.md,170,b1764b6fb46efd6ad552e5527ad8117888b7f98361d917bdc5f688ab1328e248
M01-M15 new recon(20260907-081753).zip,1,RUMAHAGEN_WF03_M06_QIR_RESOLUTION_CONTROLLED_v1.0_FULL_VERSION.zip!source_extracts/M06_v1.4/00_V1.2_BASELINE_RETAINED/00_V1.1_BASELINE_RETAINED/05_M06_ROLE_SCOPE_REVIEW_FULL.md,739,728ca58fdc36e5cb4aa74fe0145ec590c58bacee7319b84aa8726e06196b378f
M01-M15 new recon(20260907-081753).zip,1,RUMAHAGEN_WF03_M06_QIR_RESOLUTION_CONTROLLED_v1.0_FULL_VERSION.zip!source_extracts/M06_v1.4/00_V1.2_BASELINE_RETAINED/00_V1.1_BASELINE_RETAINED/06_M06_PERMISSION_DEPENDENCY_REVIEW_FULL.md,663,52b5894947736ab5e01e66968889fd3564ba58063cf28aa216fc52fd0ef143b4
M01-M15 new recon(20260907-081753).zip,1,RUMAHAGEN_WF03_M06_QIR_RESOLUTION_CONTROLLED_v1.0_FULL_VERSION.zip!source_extracts/M06_v1.4/00_V1.2_BASELINE_RETAINED/00_V1.1_BASELINE_RETAINED/17_M06_FINAL_QA_FULL.md,1103,82637ba208bd2e415ad9cde9c6bf974ebc83a5d8cca88d14f9fb84b95d5b835c
M01-M15 new recon(20260907-081753).zip,1,RUMAHAGEN_WF03_M06_QIR_RESOLUTION_CONTROLLED_v1.0_FULL_VERSION.zip!source_extracts/M06_v1.4/00_V1.2_BASELINE_RETAINED/00_V1.1_BASELINE_RETAINED/00_V1.0_BASELINE_RETAINED/19_M06_FULL_REBUILD_CONTROLLED_v1.0.docx,37283,25f1350c27045403e7496de7776f3c41f874abe33223dc84d09080c513d5cb52
M01-M15 new recon(20260907-081753).zip,1,RUMAHAGEN_WF03_M06_QIR_RESOLUTION_CONTROLLED_v1.0_FULL_VERSION.zip!source_extracts/M06_v1.4/00_V1.2_BASELINE_RETAINED/00_V1.1_BASELINE_RETAINED/00_V1.0_BASELINE_RETAINED/03_M06_QUESTION_INVENTORY_100PCT.md,203,960e4c941811f35ba1c720f7922fc3a7b568a27aedfc19ad45bd09c5741b4389
M01-M15 new recon(20260907-081753).zip,1,RUMAHAGEN_WF03_M06_QIR_RESOLUTION_CONTROLLED_v1.0_FULL_VERSION.zip!source_extracts/M06_v1.4/00_V1.2_BASELINE_RETAINED/00_V1.1_BASELINE_RETAINED/00_V1.0_BASELINE_RETAINED/12_M06_FULL_PERMISSION_ACTION_MATRIX.csv,668,75ba7dca2fc583c9a2b4b12bde6aebaf1756c25cb753e8d408dc8848e85f5609
M01-M15 new recon(20260907-081753).zip,1,RUMAHAGEN_WF03_M06_QIR_RESOLUTION_CONTROLLED_v1.0_FULL_VERSION.zip!source_extracts/M06_v1.4/00_V1.2_BASELINE_RETAINED/00_V1.1_BASELINE_RETAINED/00_V1.0_BASELINE_RETAINED/18_M06_FULL_CONTROL_MATRIX.xlsx,7762,f2f5152a1e32af0f1a2e8d418cef114f34278af028f56071e96f5ce845d5b5ab
M01-M15 new recon(20260907-081753).zip,1,RUMAHAGEN_WF03_M06_QIR_RESOLUTION_CONTROLLED_v1.0_FULL_VERSION.zip!source_extracts/M06_v1.4/00_V1.2_BASELINE_RETAINED/00_V1.1_BASELINE_RETAINED/00_V1.0_BASELINE_RETAINED/16_M06_QA.md,549,1fdbea9447d8a389d29cf42cfde35f812dd0bc16c0642118603a9904dd1cc281
M01-M15 new recon(20260907-081753).zip,1,RUMAHAGEN_WF03_M06_QIR_RESOLUTION_CONTROLLED_v1.0_FULL_VERSION.zip!source_extracts/M06_v1.4/00_V1.2_BASELINE_RETAINED/00_V1.1_BASELINE_RETAINED/00_V1.0_BASELINE_RETAINED/10_M06_FULL_FIELD_INVENTORY.csv,41,d6a58893d2e24779592fd13ea64bff16f541328f74ddf0ee63365e7240334078
M01-M15 new recon(20260907-081753).zip,1,RUMAHAGEN_WF03_M06_QIR_RESOLUTION_CONTROLLED_v1.0_FULL_VERSION.zip!source_extracts/M06_v1.4/00_V1.2_BASELINE_RETAINED/00_V1.1_BASELINE_RETAINED/00_V1.0_BASELINE_RETAINED/11_M06_FULL_ROLE_PERMISSION_MATRIX.csv,661,100c0af5884834a579ce788b97efe5726debaceaf24aeb53b1ebda3cbb93f27e
M01-M15 new recon(20260907-081753).zip,1,RUMAHAGEN_WF03_M06_QIR_RESOLUTION_CONTROLLED_v1.0_FULL_VERSION.zip!source_extracts/M06_v1.4/00_V1.2_BASELINE_RETAINED/00_V1.1_BASELINE_RETAINED/00_V1.0_BASELINE_RETAINED/02_M06_SOURCE_INVENTORY_100PCT.csv,48037,28049e61d6c234544b990497c6a055128272c62cad955351caf785e9f0186206
M01-M15 new recon(20260907-081753).zip,1,RUMAHAGEN_WF03_M06_QIR_RESOLUTION_CONTROLLED_v1.0_FULL_VERSION.zip!source_extracts/M06_v1.4/00_V1.2_BASELINE_RETAINED/00_V1.1_BASELINE_RETAINED/00_V1.0_BASELINE_RETAINED/14_M06_FULL_LIFECYCLE_MATRIX.csv,416,cc1438b2f2a9e019f24e97c06ea8b6c7bac572b5052c8b57201e8e01c6f18d05
M01-M15 new recon(20260907-081753).zip,1,RUMAHAGEN_WF03_M06_QIR_RESOLUTION_CONTROLLED_v1.0_FULL_VERSION.zip!source_extracts/M06_v1.4/00_V1.2_BASELINE_RETAINED/00_V1.1_BASELINE_RETAINED/00_V1.0_BASELINE_RETAINED/03_M06_QUESTION_INVENTORY_100PCT.csv,1778,4580b184ed6094a0dafa3f481927bc5ceefef79651c842f84cc541956c8c2d9f
M01-M15 new recon(20260907-081753).zip,1,RUMAHAGEN_WF03_M06_QIR_RESOLUTION_CONTROLLED_v1.0_FULL_VERSION.zip!source_extracts/M06_v1.4/00_V1.2_BASELINE_RETAINED/00_V1.1_BASELINE_RETAINED/00_V1.0_BASELINE_RETAINED/01_M06_SOURCE_INVENTORY_100PCT.md,294,3542e6ffb95c1f867b36d9cbab55f056b6b1acd896a6d505043ca444f1ca339e
M01-M15 new recon(20260907-081753).zip,1,RUMAHAGEN_WF03_M06_QIR_RESOLUTION_CONTROLLED_v1.0_FULL_VERSION.zip!source_extracts/M06_v1.4/00_V1.2_BASELINE_RETAINED/00_V1.1_BASELINE_RETAINED/00_V1.0_BASELINE_RETAINED/09_M06_GENUINE_DOCUMENTARY_BLOCKERS.md,391,7e79eb87104a838e224e360619e9fb27a39cbf31669a10cdaf11491198c425df
M01-M15 new recon(20260907-081753).zip,1,RUMAHAGEN_WF03_M06_QIR_RESOLUTION_CONTROLLED_v1.0_FULL_VERSION.zip!source_extracts/M06_v1.4/00_V1.2_BASELINE_RETAINED/00_V1.1_BASELINE_RETAINED/00_V1.0_BASELINE_RETAINED/08_M06_PHYSICAL_RUNTIME_PREREQUISITE_REVIEW.md,446,021c7fb5e16e96522e7c609cb704b1f7b0790289ffe490813e746b47fdd0fda2
M01-M15 new recon(20260907-081753).zip,1,RUMAHAGEN_WF03_M06_QIR_RESOLUTION_CONTROLLED_v1.0_FULL_VERSION.zip!source_extracts/M06_v1.4/00_V1.2_BASELINE_RETAINED/00_V1.1_BASELINE_RETAINED/00_V1.0_BASELINE_RETAINED/06_M06_LIFECYCLE_REVIEW.md,528,145313c974bef0e0aca95c30d3791642a65606d8f01d0008b948a6b62b227d9c
M01-M15 new recon(20260907-081753).zip,1,RUMAHAGEN_WF03_M06_QIR_RESOLUTION_CONTROLLED_v1.0_FULL_VERSION.zip!source_extracts/M06_v1.4/00_V1.2_BASELINE_RETAINED/00_V1.1_BASELINE_RETAINED/00_V1.0_BASELINE_RETAINED/04_M06_ROLE_SCOPE_REVIEW.md,535,d949122be464690d0d27a4e857adc3f0c86c78ff31c204f1e18b8eab87063119
M01-M15 new recon(20260907-081753).zip,1,RUMAHAGEN_WF03_M06_QIR_RESOLUTION_CONTROLLED_v1.0_FULL_VERSION.zip!source_extracts/M06_v1.4/00_V1.2_BASELINE_RETAINED/00_V1.1_BASELINE_RETAINED/00_V1.0_BASELINE_RETAINED/07_M06_CROSS_MODULE_DEPENDENCY_REVIEW.md,563,9b17bcaf0ad4615e8a3fba6cebc5d51ad99120595b951755c713581a62a1db66
M01-M15 new recon(20260907-081753).zip,1,RUMAHAGEN_WF03_M06_QIR_RESOLUTION_CONTROLLED_v1.0_FULL_VERSION.zip!source_extracts/M06_v1.4/00_V1.2_BASELINE_RETAINED/00_V1.1_BASELINE_RETAINED/00_V1.0_BASELINE_RETAINED/05_M06_PERMISSION_DEPENDENCY_REVIEW.md,548,d5067768d73997ed11bea7805e3bf694deeb96f9671b400125eae35f350bc4bb
M01-M15 new recon(20260907-081753).zip,1,RUMAHAGEN_WF03_M06_QIR_RESOLUTION_CONTROLLED_v1.0_FULL_VERSION.zip!source_extracts/M06_v1.4/00_V1.2_BASELINE_RETAINED/00_V1.1_BASELINE_RETAINED/00_V1.0_BASELINE_RETAINED/00_M06_FULL_REBUILD_CONTROL_REPORT_v1.0.md,809,72db6725bd5c11e352bb58c117039586077dd39beaaa90f4a874a40d6b05bece
M01-M15 new recon(20260907-081753).zip,1,RUMAHAGEN_WF03_M06_QIR_RESOLUTION_CONTROLLED_v1.0_FULL_VERSION.zip!source_extracts/M06_v1.4/00_V1.2_BASELINE_RETAINED/00_V1.1_BASELINE_RETAINED/00_V1.0_BASELINE_RETAINED/15_M06_FULL_QUESTION_UPDATE.md,416,8d30cb518910d1b065b028a04e91e1fd44d6f4827361bbb0c1210aaa3e31ff4e
M01-M15 new recon(20260907-081753).zip,1,RUMAHAGEN_WF03_M06_QIR_RESOLUTION_CONTROLLED_v1.0_FULL_VERSION.zip!source_extracts/M06_v1.4/00_V1.2_BASELINE_RETAINED/00_V1.1_BASELINE_RETAINED/00_V1.0_BASELINE_RETAINED/17_M06_CONTROLLED_OUTPUT_MANIFEST.md,278,4234ddc4abfead14f4e195060e1c9fb9ff2a48a6467831d833642102bd088443
M01-M15 new recon(20260907-081753).zip,1,RUMAHAGEN_WF03_M06_QIR_RESOLUTION_CONTROLLED_v1.0_FULL_VERSION.zip!source_extracts/M06_v1.4/00_V1.2_BASELINE_RETAINED/00_V1.1_BASELINE_RETAINED/00_V1.0_BASELINE_RETAINED/13_M06_FULL_CONFIGURATION_MATRIX.csv,328,2471ffef628608fc383b2ba42ea3a0e40e6dba8a1b3899ae0caef5c276ee3f35
M01-M15 new recon(20260907-081753).zip,1,RUMAHAGEN_WF03_M06_QIR_RESOLUTION_CONTROLLED_v1.0_FULL_VERSION.zip!source_extracts/M05_RECON/01_FULL_V1.2_RETAINED/evidence_provider.md,8501,6edaab09e2c2d6284da1f1846448cae2049c0bbee22892a44d162b4cf00919db
M01-M15 new recon(20260907-081753).zip,1,RUMAHAGEN_WF03_M06_QIR_RESOLUTION_CONTROLLED_v1.0_FULL_VERSION.zip!source_extracts/M05_RECON/01_FULL_V1.2_RETAINED/evidence_quota.md,8997,5739dd0e60bc7d6dbb132bd2fc99307cbae5e641876d514287331dee2229554d
M01-M15 new recon(20260907-081753).zip,1,RUMAHAGEN_WF03_M06_QIR_RESOLUTION_CONTROLLED_v1.0_FULL_VERSION.zip!source_extracts/M05_RECON/01_FULL_V1.2_RETAINED/06_M05_CROSS_ARTIFACT_RECONCILIATION_FULL_v1.2.md,771,d0bc8ec1808f80f3fe60a9653d896d39acb47ca8deda709c37d50adb90c222f6
M01-M15 new recon(20260907-081753).zip,1,RUMAHAGEN_WF03_M06_QIR_RESOLUTION_CONTROLLED_v1.0_FULL_VERSION.zip!source_extracts/M05_RECON/01_FULL_V1.2_RETAINED/07_M05_PHYSICAL_RUNTIME_PREREQUISITE_REVIEW_FULL_v1.2.md,576,c989b648afb1dbf8d0f83b8dea57d9902b246fe24957b3dbdd178c7aed59d616
M01-M15 new recon(20260907-081753).zip,1,RUMAHAGEN_WF03_M06_QIR_RESOLUTION_CONTROLLED_v1.0_FULL_VERSION.zip!source_extracts/M05_RECON/01_FULL_V1.2_RETAINED/16_M05_FULL_REBUILD_CONTROLLED_v1.2.docx,38911,3f6fd5e26ba3be8c62abd83d5fcf23a691d2ed0249457839e2e91eda6728a5a1
M01-M15 new recon(20260907-081753).zip,1,RUMAHAGEN_WF03_M06_QIR_RESOLUTION_CONTROLLED_v1.0_FULL_VERSION.zip!source_extracts/M05_RECON/01_FULL_V1.2_RETAINED/08_M05_CROSS_MODULE_RECONCILIATION_FULL_v1.2.md,468,d7d33ca3a8fddabcbc235f0cb3d8ced1bd223fcf0d75ccf31e9c8a3a43ccc7f3
M01-M15 new recon(20260907-081753).zip,1,RUMAHAGEN_WF03_M06_QIR_RESOLUTION_CONTROLLED_v1.0_FULL_VERSION.zip!source_extracts/M05_RECON/01_FULL_V1.2_RETAINED/evidence_iframe.md,7107,87e56e7c740da4101035c2337aec782135d9972c3a094d6da1e35fbbc7b67923
M01-M15 new recon(20260907-081753).zip,1,RUMAHAGEN_WF03_M06_QIR_RESOLUTION_CONTROLLED_v1.0_FULL_VERSION.zip!source_extracts/M05_RECON/01_FULL_V1.2_RETAINED/evidence_late_registration.md,8522,5dad927befd76a6385f49a07d5e945c7dac5859f9aabb2e12819b1ad905ea921
M01-M15 new recon(20260907-081753).zip,1,RUMAHAGEN_WF03_M06_QIR_RESOLUTION_CONTROLLED_v1.0_FULL_VERSION.zip!source_extracts/M05_RECON/01_FULL_V1.2_RETAINED/03_M05_SEMANTIC_REVIEW_FULL_v1.2.md,824,5bc5b8c679a1d8cddb7436f24a45d188e2ac0c4033430f539ec66c07fce57f62
M01-M15 new recon(20260907-081753).zip,1,RUMAHAGEN_WF03_M06_QIR_RESOLUTION_CONTROLLED_v1.0_FULL_VERSION.zip!source_extracts/M05_RECON/01_FULL_V1.2_RETAINED/evidence_fields.md,8908,b3848bb521559a614af5d5a047c90e2628e62b4ed2b70b86d98e1714c2dadc3b
M01-M15 new recon(20260907-081753).zip,1,RUMAHAGEN_WF03_M06_QIR_RESOLUTION_CONTROLLED_v1.0_FULL_VERSION.zip!source_extracts/M05_RECON/01_FULL_V1.2_RETAINED/01_M05_SOURCE_INVENTORY_100PCT_v1.2.md,331,d0dce5dec2063a77ae9e8d4a70c156055d2074d523459c51ce858372ec6b08b8
M01-M15 new recon(20260907-081753).zip,1,RUMAHAGEN_WF03_M06_QIR_RESOLUTION_CONTROLLED_v1.0_FULL_VERSION.zip!source_extracts/M05_RECON/01_FULL_V1.2_RETAINED/evidence_attendance.md,8385,96168cb862f58dc1aa5c88ff12e9bb2bea6a9203eae8c7019c45e9bc61e790ce
M01-M15 new recon(20260907-081753).zip,1,RUMAHAGEN_WF03_M06_QIR_RESOLUTION_CONTROLLED_v1.0_FULL_VERSION.zip!source_extracts/M05_RECON/01_FULL_V1.2_RETAINED/15_M05_MANIFEST_CONTROLLED_v1.2.md,527,8ac8db02b06f6244c19d45a1fadfa51979200e14f78bca1226d03680a6d52346
M01-M15 new recon(20260907-081753).zip,1,RUMAHAGEN_WF03_M06_QIR_RESOLUTION_CONTROLLED_v1.0_FULL_VERSION.zip!source_extracts/M05_RECON/01_FULL_V1.2_RETAINED/02_M05_QUESTION_INVENTORY_FULL_v1.2.csv,2321,d87f8242e029d255f930f16db9360243f3e24c04e0f020f4ca739467f3c9a1ec
M01-M15 new recon(20260907-081753).zip,1,RUMAHAGEN_WF03_M06_QIR_RESOLUTION_CONTROLLED_v1.0_FULL_VERSION.zip!source_extracts/M05_RECON/01_FULL_V1.2_RETAINED/10_M05_CONFIGURATION_PROVIDER_FULL_v1.2.md,994,98cefff14739efb2325fac01ef67cdb66ef7dd73e2dcb95c850324f1e57e485f
M01-M15 new recon(20260907-081753).zip,1,RUMAHAGEN_WF03_M06_QIR_RESOLUTION_CONTROLLED_v1.0_FULL_VERSION.zip!source_extracts/M05_RECON/01_FULL_V1.2_RETAINED/evidence_waitinglist.md,8521,632636cf72ddce93215d53df08d7aae1da9f97443c47cc70b1e1c0a7f98ae66e
M01-M15 new recon(20260907-081753).zip,1,RUMAHAGEN_WF03_M06_QIR_RESOLUTION_CONTROLLED_v1.0_FULL_VERSION.zip!source_extracts/M05_RECON/01_FULL_V1.2_RETAINED/09_M05_ACTOR_SURFACE_FULL_v1.2.md,632,c83720852629c84182c81579f44e1822a11d66ec2286806adf7fcddcf0683acd
M01-M15 new recon(20260907-081753).zip,1,RUMAHAGEN_WF03_M06_QIR_RESOLUTION_CONTROLLED_v1.0_FULL_VERSION.zip!source_extracts/M05_RECON/01_FULL_V1.2_RETAINED/12_M05_FULL_FIELD_CONFIGURATION_PERMISSION_MATRIX_v1.2.xlsx,8960,cd1ca9ea4b5b61e66cdcbc9c8e4b376c8264954153921cc3c52df94660e7cf0d
M01-M15 new recon(20260907-081753).zip,1,RUMAHAGEN_WF03_M06_QIR_RESOLUTION_CONTROLLED_v1.0_FULL_VERSION.zip!source_extracts/M05_RECON/01_FULL_V1.2_RETAINED/11_M05_PERMISSION_MATRIX_FULL_v1.2.csv,585,313bb7e2a1150735acf5784bacdbfcd668602cbcb41cac2c729f07b0f9227d8f
M01-M15 new recon(20260907-081753).zip,1,RUMAHAGEN_WF03_M06_QIR_RESOLUTION_CONTROLLED_v1.0_FULL_VERSION.zip!source_extracts/M05_RECON/01_FULL_V1.2_RETAINED/02_M05_QUESTION_INVENTORY_FULL_v1.2.md,237,0ead9d51ce5c3ccc45f9a7ef3ce107190b3906829753befec4049c23df906a19
M01-M15 new recon(20260907-081753).zip,1,RUMAHAGEN_WF03_M06_QIR_RESOLUTION_CONTROLLED_v1.0_FULL_VERSION.zip!source_extracts/M05_RECON/01_FULL_V1.2_RETAINED/13_M05_EVIDENCE_PROVENANCE_AND_DIFF_v1.2.md,1658,8e44d24df3826d67914b95435702eb6ef3283a5accbc30cce60161b1473ef4ce
M01-M15 new recon(20260907-081753).zip,1,RUMAHAGEN_WF03_M06_QIR_RESOLUTION_CONTROLLED_v1.0_FULL_VERSION.zip!source_extracts/M05_RECON/01_FULL_V1.2_RETAINED/00_M05_FULL_REBUILD_CONTROL_REPORT_v1.2.md,1490,2afae2a74dc5cb686cebff9e8bef85291feb0086c7580a46759114ab349f0e72
M01-M15 new recon(20260907-081753).zip,1,RUMAHAGEN_WF03_M06_QIR_RESOLUTION_CONTROLLED_v1.0_FULL_VERSION.zip!source_extracts/M05_RECON/01_FULL_V1.2_RETAINED/01_M05_SOURCE_INVENTORY_100PCT_v1.2.csv,67454,2f281b81c85297dbf006fc7967c4786b87989d2323ad17c51e2cabb559d9c24d
M01-M15 new recon(20260907-081753).zip,1,RUMAHAGEN_WF03_M06_QIR_RESOLUTION_CONTROLLED_v1.0_FULL_VERSION.zip!source_extracts/M05_RECON/01_FULL_V1.2_RETAINED/05_M05_PERMISSION_ACTION_REVIEW_FULL_v1.2.md,603,5ed39f103fa02317f3a02d09538d2d5df00f36092571155112dc95baf6529bb0
M01-M15 new recon(20260907-081753).zip,1,RUMAHAGEN_WF03_M06_QIR_RESOLUTION_CONTROLLED_v1.0_FULL_VERSION.zip!source_extracts/M05_RECON/01_FULL_V1.2_RETAINED/14_M05_QA_FULL_v1.2.md,1150,60ab10879ff1f725a8d43d5e9b453714cd019bc694fe71bd9bdbaba83c0e64f1
M01-M15 new recon(20260907-081753).zip,1,RUMAHAGEN_WF03_M06_QIR_RESOLUTION_CONTROLLED_v1.0_FULL_VERSION.zip!source_extracts/M05_RECON/01_FULL_V1.2_RETAINED/04_M05_LIFECYCLE_FULL_v1.2.md,959,a6de78784a718927f9795c107a5f8a3d02cb0d5bd073ed954257e350a5d0d2d7
M01-M15 new recon(20260907-081753).zip,0,RUMAHAGEN_WF03_M07_FULL_REBUILD_CONTROLLED_v1.1_FULL_VERSION.zip,276432,55ec667204938b5818e17b7cf39111a54e4738f66336e67cda6aa7a2a7354212
M01-M15 new recon(20260907-081753).zip,1,RUMAHAGEN_WF03_M07_FULL_REBUILD_CONTROLLED_v1.1_FULL_VERSION.zip!01_M07_QUESTION_INVENTORY_FULL_v1.0.csv,3387,3b18a1411b75c9b11823d9b29df08914f82d668c10fe61fdba47b68c688a1ee3
M01-M15 new recon(20260907-081753).zip,1,RUMAHAGEN_WF03_M07_FULL_REBUILD_CONTROLLED_v1.1_FULL_VERSION.zip!09_M07_CONFLICT_RECONCILIATION_REGISTER_v1.0.csv,1111,0f1e44e79f76b5fc94c8f43e490a718ef99de9a586179c32868911ae86a66424
M01-M15 new recon(20260907-081753).zip,1,RUMAHAGEN_WF03_M07_FULL_REBUILD_CONTROLLED_v1.1_FULL_VERSION.zip!13_M07_OUTPUT_MANIFEST_v1.0.csv,2266,9e145727b9aeeae1f94bb72646fe89c87a535c630b4f3825040c6882aeade49d
M01-M15 new recon(20260907-081753).zip,1,RUMAHAGEN_WF03_M07_FULL_REBUILD_CONTROLLED_v1.1_FULL_VERSION.zip!10_M07_FINAL_QA_AND_COMPLETION_GATE_v1.0.md,1653,4f16abf00d264275bdde96b942e2376cac5b084ffe2e04367a71cb805c701234
M01-M15 new recon(20260907-081753).zip,1,RUMAHAGEN_WF03_M07_FULL_REBUILD_CONTROLLED_v1.1_FULL_VERSION.zip!02_M07_QUESTION_ID_NUMBERING_AUDIT_v1.0.csv,449,fad9e3725311b6ace04a29348d0e1f2080f74664e852d3fae2c9aa3bf64f597b
M01-M15 new recon(20260907-081753).zip,1,RUMAHAGEN_WF03_M07_FULL_REBUILD_CONTROLLED_v1.1_FULL_VERSION.zip!17_M07_CURRENT_PERMISSION_SOURCE_PARITY_v1.1.csv,404,e3f8f4e094b5746b8f7e8b35f05f35e1f115e564c7c68d2da7b8b7e141fac6b2
M01-M15 new recon(20260907-081753).zip,1,RUMAHAGEN_WF03_M07_FULL_REBUILD_CONTROLLED_v1.1_FULL_VERSION.zip!11_M07_FULL_REBUILD_CONTROL_MATRIX_v1.1.xlsx,8642,5634213c6b4b270548c29bf3aa1e78cefb3e2c9e065e5f5955a5bfbbde457536
M01-M15 new recon(20260907-081753).zip,1,RUMAHAGEN_WF03_M07_FULL_REBUILD_CONTROLLED_v1.1_FULL_VERSION.zip!15_M07_DECISION_TRACEABILITY_MATRIX_v1.1.csv,3144,d85457c47f75861a167d0f75d089dde2079233287a16182414ce5eb9747383d0
M01-M15 new recon(20260907-081753).zip,1,RUMAHAGEN_WF03_M07_FULL_REBUILD_CONTROLLED_v1.1_FULL_VERSION.zip!03_M07_SEMANTIC_DECISION_MATRIX_v1.0.csv,894,9e1f7aaa4670052b07a27635f2fa95d7606e4a6f1401f174f83900ac3f046434
M01-M15 new recon(20260907-081753).zip,1,RUMAHAGEN_WF03_M07_FULL_REBUILD_CONTROLLED_v1.1_FULL_VERSION.zip!00_M07_FULL_REBUILD_CONTROLLED_v1.0.md,1648,d1679fadeac3f0f541d5014876e2eeb7eb7c8c30c738a09799425b27787d7cdf
M01-M15 new recon(20260907-081753).zip,1,RUMAHAGEN_WF03_M07_FULL_REBUILD_CONTROLLED_v1.1_FULL_VERSION.zip!07_M07_CROSS_MODULE_RECONCILIATION_v1.0.csv,896,08191e68ee6a8d6b342e89117917295567dd6f6e1561b4c18591da33dd56fcf6
M01-M15 new recon(20260907-081753).zip,1,RUMAHAGEN_WF03_M07_FULL_REBUILD_CONTROLLED_v1.1_FULL_VERSION.zip!12_M07_PROVENANCE_MANIFEST_v1.1.csv,660,d98dca43a3e80580cb6e3d7b5afdbd8c9b30b55f7c483d920249bd0bda723694
M01-M15 new recon(20260907-081753).zip,1,RUMAHAGEN_WF03_M07_FULL_REBUILD_CONTROLLED_v1.1_FULL_VERSION.zip!00_M07_FULL_REBUILD_CONTROLLED_v1.1.md,921,a1287d0964b21d8f866c5717c1222062d9aecc88da30f597916dad41b46e29e5
M01-M15 new recon(20260907-081753).zip,1,RUMAHAGEN_WF03_M07_FULL_REBUILD_CONTROLLED_v1.1_FULL_VERSION.zip!10_M07_FINAL_QA_AND_COMPLETION_GATE_v1.1.md,1778,4b56ffda5f7d0ce4c75fa502fab9a3756ba8eb0062e36c4de0b8c25c94ee9c36
M01-M15 new recon(20260907-081753).zip,1,RUMAHAGEN_WF03_M07_FULL_REBUILD_CONTROLLED_v1.1_FULL_VERSION.zip!02_M07_QUESTION_ID_NUMBERING_AUDIT_v1.1.csv,480,257ca5adc36a7c2cafecf429c54db9a4331e6dd2c605669e941b202ad007d9e2
M01-M15 new recon(20260907-081753).zip,1,RUMAHAGEN_WF03_M07_FULL_REBUILD_CONTROLLED_v1.1_FULL_VERSION.zip!12_M07_PROVENANCE_MANIFEST_v1.0.csv,662,154fa8e36c55fa51aabc20f968210e114820e3789bfcf0d726861c5ddf73f5f6
M01-M15 new recon(20260907-081753).zip,1,RUMAHAGEN_WF03_M07_FULL_REBUILD_CONTROLLED_v1.1_FULL_VERSION.zip!04_M07_LIFECYCLE_STATE_TRANSITION_MATRIX_v1.0.csv,732,89cee577f7ef7a6096d907c5f17d013c9e9d7878ed40fd581ce409cd9fcd7faf
M01-M15 new recon(20260907-081753).zip,1,RUMAHAGEN_WF03_M07_FULL_REBUILD_CONTROLLED_v1.1_FULL_VERSION.zip!18_M07_DOWNSTREAM_RECONCILIATION_PROVENANCE_v1.1.csv,679,1953b7b2132ebbad18fd60f90f057762127d8cc28489872b827e3f01dd939cea
M01-M15 new recon(20260907-081753).zip,1,RUMAHAGEN_WF03_M07_FULL_REBUILD_CONTROLLED_v1.1_FULL_VERSION.zip!08_M07_DOWNSTREAM_PHYSICAL_RUNTIME_REGISTER_v1.0.csv,552,568038089971b21ae2720e8be60f6b4f976d027f27083f97a28856c79e49f9fb
M01-M15 new recon(20260907-081753).zip,1,RUMAHAGEN_WF03_M07_FULL_REBUILD_CONTROLLED_v1.1_FULL_VERSION.zip!01_M07_QUESTION_INVENTORY_FULL_v1.1.csv,4552,95d078db226be5739505dc0a4bf86609eed8d1594fce6e4a01722e248c26c6c6
M01-M15 new recon(20260907-081753).zip,1,RUMAHAGEN_WF03_M07_FULL_REBUILD_CONTROLLED_v1.1_FULL_VERSION.zip!16_M07_45_DECISION_TRACEABILITY_CLARIFICATION_v1.1.md,704,74c080e5397bf489f3781e77c17aa1e860ddd722ce8eb7ed4723644727c2337a
M01-M15 new recon(20260907-081753).zip,1,RUMAHAGEN_WF03_M07_FULL_REBUILD_CONTROLLED_v1.1_FULL_VERSION.zip!05_M07_SEMANTIC_PERMISSION_MATRIX_v1.0.csv,266,d99b33c9ad910ad7b952993ebcf54cdc7b4b1136a209036e8eea4f14a002803a
M01-M15 new recon(20260907-081753).zip,1,RUMAHAGEN_WF03_M07_FULL_REBUILD_CONTROLLED_v1.1_FULL_VERSION.zip!14_M07_CURRENT_SOURCE_AND_SUPERSEDED_ARTIFACT_REGISTER_v1.1.md,981,01af71230d261643c0e7887d82d0cb6d3395c216eef34c10b6685b65eed1f84d
M01-M15 new recon(20260907-081753).zip,1,RUMAHAGEN_WF03_M07_FULL_REBUILD_CONTROLLED_v1.1_FULL_VERSION.zip!11_M07_FULL_REBUILD_CONTROL_MATRIX_v1.0.xlsx,8588,991629fc0522320e193f68995ca2da99259c059f8e3c021092ca3e5c43f5c29a
M01-M15 new recon(20260907-081753).zip,1,RUMAHAGEN_WF03_M07_FULL_REBUILD_CONTROLLED_v1.1_FULL_VERSION.zip!06_M07_ACTOR_CONDITION_SCOPE_VISIBILITY_APPROVAL_v1.0.csv,879,850b38ce29891a3bbe2f7c3bc2354c5ff491d16688b9010dbc4895a5e2bd928b
M01-M15 new recon(20260907-081753).zip,1,RUMAHAGEN_WF03_M07_FULL_REBUILD_CONTROLLED_v1.1_FULL_VERSION.zip!13_M07_OUTPUT_MANIFEST_v1.1.csv,6562,ff4b272b881ac2eadbcf01fd54c3fcb26d9a7701494a4a4e4f6d188faaf22ee0
M01-M15 new recon(20260907-081753).zip,1,RUMAHAGEN_WF03_M07_FULL_REBUILD_CONTROLLED_v1.1_FULL_VERSION.zip!00_CURRENT_SOURCE_PROVENANCE/M07_PERMISSION_RECONCILIATION_v1.0.docx,38786,fd2fd3ef8a13db69ff2a1fabde3b7627ccfaf18d2485ee9a5e5945b5ee1dd593
M01-M15 new recon(20260907-081753).zip,1,RUMAHAGEN_WF03_M07_FULL_REBUILD_CONTROLLED_v1.1_FULL_VERSION.zip!00_CURRENT_SOURCE_PROVENANCE/CURRENT_PERMISSION_MASTER_v1.2.xlsx,23218,b943598b6fea33b3fa690962f745b6088d4deda168b5396a5cedf07eeea5dc41
M01-M15 new recon(20260907-081753).zip,1,RUMAHAGEN_WF03_M07_FULL_REBUILD_CONTROLLED_v1.1_FULL_VERSION.zip!00_CURRENT_SOURCE_PROVENANCE/CURRENT_PERMISSION_MASTER_v1.2.csv,27560,e5867ab7e3814555603fde73f28080bae198a952a0ac27d9ebe05d0d9eeeb461
M01-M15 new recon(20260907-081753).zip,1,RUMAHAGEN_WF03_M07_FULL_REBUILD_CONTROLLED_v1.1_FULL_VERSION.zip!00_CURRENT_SOURCE_PROVENANCE/M07_REBUILD_v1.0_SOURCE.zip,87977,9276d7318a495102f89d34d98ceb9ee34be55e085d0badb8708b79042cfb816f
M01-M15 new recon(20260907-081753).zip,2,RUMAHAGEN_WF03_M07_FULL_REBUILD_CONTROLLED_v1.1_FULL_VERSION.zip!00_CURRENT_SOURCE_PROVENANCE/M07_REBUILD_v1.0_SOURCE.zip!01_M07_QUESTION_INVENTORY_FULL_v1.0.csv,3387,3b18a1411b75c9b11823d9b29df08914f82d668c10fe61fdba47b68c688a1ee3
M01-M15 new recon(20260907-081753).zip,2,RUMAHAGEN_WF03_M07_FULL_REBUILD_CONTROLLED_v1.1_FULL_VERSION.zip!00_CURRENT_SOURCE_PROVENANCE/M07_REBUILD_v1.0_SOURCE.zip!09_M07_CONFLICT_RECONCILIATION_REGISTER_v1.0.csv,1111,0f1e44e79f76b5fc94c8f43e490a718ef99de9a586179c32868911ae86a66424
M01-M15 new recon(20260907-081753).zip,2,RUMAHAGEN_WF03_M07_FULL_REBUILD_CONTROLLED_v1.1_FULL_VERSION.zip!00_CURRENT_SOURCE_PROVENANCE/M07_REBUILD_v1.0_SOURCE.zip!13_M07_OUTPUT_MANIFEST_v1.0.csv,2266,9e145727b9aeeae1f94bb72646fe89c87a535c630b4f3825040c6882aeade49d
M01-M15 new recon(20260907-081753).zip,2,RUMAHAGEN_WF03_M07_FULL_REBUILD_CONTROLLED_v1.1_FULL_VERSION.zip!00_CURRENT_SOURCE_PROVENANCE/M07_REBUILD_v1.0_SOURCE.zip!10_M07_FINAL_QA_AND_COMPLETION_GATE_v1.0.md,1653,4f16abf00d264275bdde96b942e2376cac5b084ffe2e04367a71cb805c701234
M01-M15 new recon(20260907-081753).zip,2,RUMAHAGEN_WF03_M07_FULL_REBUILD_CONTROLLED_v1.1_FULL_VERSION.zip!00_CURRENT_SOURCE_PROVENANCE/M07_REBUILD_v1.0_SOURCE.zip!02_M07_QUESTION_ID_NUMBERING_AUDIT_v1.0.csv,449,fad9e3725311b6ace04a29348d0e1f2080f74664e852d3fae2c9aa3bf64f597b
M01-M15 new recon(20260907-081753).zip,2,RUMAHAGEN_WF03_M07_FULL_REBUILD_CONTROLLED_v1.1_FULL_VERSION.zip!00_CURRENT_SOURCE_PROVENANCE/M07_REBUILD_v1.0_SOURCE.zip!03_M07_SEMANTIC_DECISION_MATRIX_v1.0.csv,894,9e1f7aaa4670052b07a27635f2fa95d7606e4a6f1401f174f83900ac3f046434
M01-M15 new recon(20260907-081753).zip,2,RUMAHAGEN_WF03_M07_FULL_REBUILD_CONTROLLED_v1.1_FULL_VERSION.zip!00_CURRENT_SOURCE_PROVENANCE/M07_REBUILD_v1.0_SOURCE.zip!00_M07_FULL_REBUILD_CONTROLLED_v1.0.md,1648,d1679fadeac3f0f541d5014876e2eeb7eb7c8c30c738a09799425b27787d7cdf
M01-M15 new recon(20260907-081753).zip,2,RUMAHAGEN_WF03_M07_FULL_REBUILD_CONTROLLED_v1.1_FULL_VERSION.zip!00_CURRENT_SOURCE_PROVENANCE/M07_REBUILD_v1.0_SOURCE.zip!07_M07_CROSS_MODULE_RECONCILIATION_v1.0.csv,896,08191e68ee6a8d6b342e89117917295567dd6f6e1561b4c18591da33dd56fcf6
M01-M15 new recon(20260907-081753).zip,2,RUMAHAGEN_WF03_M07_FULL_REBUILD_CONTROLLED_v1.1_FULL_VERSION.zip!00_CURRENT_SOURCE_PROVENANCE/M07_REBUILD_v1.0_SOURCE.zip!12_M07_PROVENANCE_MANIFEST_v1.0.csv,662,154fa8e36c55fa51aabc20f968210e114820e3789bfcf0d726861c5ddf73f5f6
M01-M15 new recon(20260907-081753).zip,2,RUMAHAGEN_WF03_M07_FULL_REBUILD_CONTROLLED_v1.1_FULL_VERSION.zip!00_CURRENT_SOURCE_PROVENANCE/M07_REBUILD_v1.0_SOURCE.zip!04_M07_LIFECYCLE_STATE_TRANSITION_MATRIX_v1.0.csv,732,89cee577f7ef7a6096d907c5f17d013c9e9d7878ed40fd581ce409cd9fcd7faf
M01-M15 new recon(20260907-081753).zip,2,RUMAHAGEN_WF03_M07_FULL_REBUILD_CONTROLLED_v1.1_FULL_VERSION.zip!00_CURRENT_SOURCE_PROVENANCE/M07_REBUILD_v1.0_SOURCE.zip!08_M07_DOWNSTREAM_PHYSICAL_RUNTIME_REGISTER_v1.0.csv,552,568038089971b21ae2720e8be60f6b4f976d027f27083f97a28856c79e49f9fb
M01-M15 new recon(20260907-081753).zip,2,RUMAHAGEN_WF03_M07_FULL_REBUILD_CONTROLLED_v1.1_FULL_VERSION.zip!00_CURRENT_SOURCE_PROVENANCE/M07_REBUILD_v1.0_SOURCE.zip!05_M07_SEMANTIC_PERMISSION_MATRIX_v1.0.csv,266,d99b33c9ad910ad7b952993ebcf54cdc7b4b1136a209036e8eea4f14a002803a
M01-M15 new recon(20260907-081753).zip,2,RUMAHAGEN_WF03_M07_FULL_REBUILD_CONTROLLED_v1.1_FULL_VERSION.zip!00_CURRENT_SOURCE_PROVENANCE/M07_REBUILD_v1.0_SOURCE.zip!11_M07_FULL_REBUILD_CONTROL_MATRIX_v1.0.xlsx,8588,991629fc0522320e193f68995ca2da99259c059f8e3c021092ca3e5c43f5c29a
M01-M15 new recon(20260907-081753).zip,2,RUMAHAGEN_WF03_M07_FULL_REBUILD_CONTROLLED_v1.1_FULL_VERSION.zip!00_CURRENT_SOURCE_PROVENANCE/M07_REBUILD_v1.0_SOURCE.zip!06_M07_ACTOR_CONDITION_SCOPE_VISIBILITY_APPROVAL_v1.0.csv,879,850b38ce29891a3bbe2f7c3bc2354c5ff491d16688b9010dbc4895a5e2bd928b
M01-M15 new recon(20260907-081753).zip,2,RUMAHAGEN_WF03_M07_FULL_REBUILD_CONTROLLED_v1.1_FULL_VERSION.zip!00_CURRENT_SOURCE_PROVENANCE/M07_REBUILD_v1.0_SOURCE.zip!00_SOURCE_PROVENANCE/RUMAHAGEN_WF-03.2_MASTER_PERMISSION_MATRIX_M01-M07_RECONCILED_v1.1.csv,26080,21e2d097a41dd414b747d4c4c04ad0a7e83d421dd91681d1464e1642d95b01a0
M01-M15 new recon(20260907-081753).zip,2,RUMAHAGEN_WF03_M07_FULL_REBUILD_CONTROLLED_v1.1_FULL_VERSION.zip!00_CURRENT_SOURCE_PROVENANCE/M07_REBUILD_v1.0_SOURCE.zip!00_SOURCE_PROVENANCE/WF03_MASTER_PROGRESS_M01-M15_v1.7_M06_COMPLETE(1).xlsx,32038,c3993344dc85b78219e52635e09ac3dbb2ed97fed3f621e03f514e4ae020e152
M01-M15 new recon(20260907-081753).zip,2,RUMAHAGEN_WF03_M07_FULL_REBUILD_CONTROLLED_v1.1_FULL_VERSION.zip!00_CURRENT_SOURCE_PROVENANCE/M07_REBUILD_v1.0_SOURCE.zip!00_SOURCE_PROVENANCE/M07_PHYSICAL_EXECUTION_SPEC_v2.1.md,8514,662cf023986fc73f6684c928b3c4e00ba5e8e01b2ad07951945b5c9de67808e7
M01-M15 new recon(20260907-081753).zip,2,RUMAHAGEN_WF03_M07_FULL_REBUILD_CONTROLLED_v1.1_FULL_VERSION.zip!00_CURRENT_SOURCE_PROVENANCE/M07_REBUILD_v1.0_SOURCE.zip!00_SOURCE_PROVENANCE/RUMAHAGEN_WF-03.2_M07_PERMISSION_MATRIX_RECONCILIATION_v1.0.docx,38786,fd2fd3ef8a13db69ff2a1fabde3b7627ccfaf18d2485ee9a5e5945b5ee1dd593
M01-M15 new recon(20260907-081753).zip,2,RUMAHAGEN_WF03_M07_FULL_REBUILD_CONTROLLED_v1.1_FULL_VERSION.zip!00_CURRENT_SOURCE_PROVENANCE/M07_REBUILD_v1.0_SOURCE.zip!00_SOURCE_PROVENANCE/W4-02A.6.27_FOCUSED_EXECUTION_PACK_M01-M07_v2.1.md,12149,ffdcb89752116a428d687955f911c8769cdd4828096a2f8ec60ff28c75abe543
M01-M15 new recon(20260907-081753).zip,1,RUMAHAGEN_WF03_M07_FULL_REBUILD_CONTROLLED_v1.1_FULL_VERSION.zip!00_V1.0_BASELINE_RETAINED/01_M07_QUESTION_INVENTORY_FULL_v1.0.csv,3387,3b18a1411b75c9b11823d9b29df08914f82d668c10fe61fdba47b68c688a1ee3
M01-M15 new recon(20260907-081753).zip,1,RUMAHAGEN_WF03_M07_FULL_REBUILD_CONTROLLED_v1.1_FULL_VERSION.zip!00_V1.0_BASELINE_RETAINED/09_M07_CONFLICT_RECONCILIATION_REGISTER_v1.0.csv,1111,0f1e44e79f76b5fc94c8f43e490a718ef99de9a586179c32868911ae86a66424
M01-M15 new recon(20260907-081753).zip,1,RUMAHAGEN_WF03_M07_FULL_REBUILD_CONTROLLED_v1.1_FULL_VERSION.zip!00_V1.0_BASELINE_RETAINED/13_M07_OUTPUT_MANIFEST_v1.0.csv,2266,9e145727b9aeeae1f94bb72646fe89c87a535c630b4f3825040c6882aeade49d
M01-M15 new recon(20260907-081753).zip,1,RUMAHAGEN_WF03_M07_FULL_REBUILD_CONTROLLED_v1.1_FULL_VERSION.zip!00_V1.0_BASELINE_RETAINED/10_M07_FINAL_QA_AND_COMPLETION_GATE_v1.0.md,1653,4f16abf00d264275bdde96b942e2376cac5b084ffe2e04367a71cb805c701234
M01-M15 new recon(20260907-081753).zip,1,RUMAHAGEN_WF03_M07_FULL_REBUILD_CONTROLLED_v1.1_FULL_VERSION.zip!00_V1.0_BASELINE_RETAINED/02_M07_QUESTION_ID_NUMBERING_AUDIT_v1.0.csv,449,fad9e3725311b6ace04a29348d0e1f2080f74664e852d3fae2c9aa3bf64f597b
M01-M15 new recon(20260907-081753).zip,1,RUMAHAGEN_WF03_M07_FULL_REBUILD_CONTROLLED_v1.1_FULL_VERSION.zip!00_V1.0_BASELINE_RETAINED/03_M07_SEMANTIC_DECISION_MATRIX_v1.0.csv,894,9e1f7aaa4670052b07a27635f2fa95d7606e4a6f1401f174f83900ac3f046434
M01-M15 new recon(20260907-081753).zip,1,RUMAHAGEN_WF03_M07_FULL_REBUILD_CONTROLLED_v1.1_FULL_VERSION.zip!00_V1.0_BASELINE_RETAINED/00_M07_FULL_REBUILD_CONTROLLED_v1.0.md,1648,d1679fadeac3f0f541d5014876e2eeb7eb7c8c30c738a09799425b27787d7cdf
M01-M15 new recon(20260907-081753).zip,1,RUMAHAGEN_WF03_M07_FULL_REBUILD_CONTROLLED_v1.1_FULL_VERSION.zip!00_V1.0_BASELINE_RETAINED/07_M07_CROSS_MODULE_RECONCILIATION_v1.0.csv,896,08191e68ee6a8d6b342e89117917295567dd6f6e1561b4c18591da33dd56fcf6
M01-M15 new recon(20260907-081753).zip,1,RUMAHAGEN_WF03_M07_FULL_REBUILD_CONTROLLED_v1.1_FULL_VERSION.zip!00_V1.0_BASELINE_RETAINED/12_M07_PROVENANCE_MANIFEST_v1.0.csv,662,154fa8e36c55fa51aabc20f968210e114820e3789bfcf0d726861c5ddf73f5f6
M01-M15 new recon(20260907-081753).zip,1,RUMAHAGEN_WF03_M07_FULL_REBUILD_CONTROLLED_v1.1_FULL_VERSION.zip!00_V1.0_BASELINE_RETAINED/04_M07_LIFECYCLE_STATE_TRANSITION_MATRIX_v1.0.csv,732,89cee577f7ef7a6096d907c5f17d013c9e9d7878ed40fd581ce409cd9fcd7faf
M01-M15 new recon(20260907-081753).zip,1,RUMAHAGEN_WF03_M07_FULL_REBUILD_CONTROLLED_v1.1_FULL_VERSION.zip!00_V1.0_BASELINE_RETAINED/08_M07_DOWNSTREAM_PHYSICAL_RUNTIME_REGISTER_v1.0.csv,552,568038089971b21ae2720e8be60f6b4f976d027f27083f97a28856c79e49f9fb
M01-M15 new recon(20260907-081753).zip,1,RUMAHAGEN_WF03_M07_FULL_REBUILD_CONTROLLED_v1.1_FULL_VERSION.zip!00_V1.0_BASELINE_RETAINED/05_M07_SEMANTIC_PERMISSION_MATRIX_v1.0.csv,266,d99b33c9ad910ad7b952993ebcf54cdc7b4b1136a209036e8eea4f14a002803a
M01-M15 new recon(20260907-081753).zip,1,RUMAHAGEN_WF03_M07_FULL_REBUILD_CONTROLLED_v1.1_FULL_VERSION.zip!00_V1.0_BASELINE_RETAINED/11_M07_FULL_REBUILD_CONTROL_MATRIX_v1.0.xlsx,8588,991629fc0522320e193f68995ca2da99259c059f8e3c021092ca3e5c43f5c29a
M01-M15 new recon(20260907-081753).zip,1,RUMAHAGEN_WF03_M07_FULL_REBUILD_CONTROLLED_v1.1_FULL_VERSION.zip!00_V1.0_BASELINE_RETAINED/06_M07_ACTOR_CONDITION_SCOPE_VISIBILITY_APPROVAL_v1.0.csv,879,850b38ce29891a3bbe2f7c3bc2354c5ff491d16688b9010dbc4895a5e2bd928b
M01-M15 new recon(20260907-081753).zip,1,RUMAHAGEN_WF03_M07_FULL_REBUILD_CONTROLLED_v1.1_FULL_VERSION.zip!00_V1.0_BASELINE_RETAINED/00_SOURCE_PROVENANCE/RUMAHAGEN_WF-03.2_MASTER_PERMISSION_MATRIX_M01-M07_RECONCILED_v1.1.csv,26080,21e2d097a41dd414b747d4c4c04ad0a7e83d421dd91681d1464e1642d95b01a0
M01-M15 new recon(20260907-081753).zip,1,RUMAHAGEN_WF03_M07_FULL_REBUILD_CONTROLLED_v1.1_FULL_VERSION.zip!00_V1.0_BASELINE_RETAINED/00_SOURCE_PROVENANCE/WF03_MASTER_PROGRESS_M01-M15_v1.7_M06_COMPLETE(1).xlsx,32038,c3993344dc85b78219e52635e09ac3dbb2ed97fed3f621e03f514e4ae020e152
M01-M15 new recon(20260907-081753).zip,1,RUMAHAGEN_WF03_M07_FULL_REBUILD_CONTROLLED_v1.1_FULL_VERSION.zip!00_V1.0_BASELINE_RETAINED/00_SOURCE_PROVENANCE/M07_PHYSICAL_EXECUTION_SPEC_v2.1.md,8514,662cf023986fc73f6684c928b3c4e00ba5e8e01b2ad07951945b5c9de67808e7
M01-M15 new recon(20260907-081753).zip,1,RUMAHAGEN_WF03_M07_FULL_REBUILD_CONTROLLED_v1.1_FULL_VERSION.zip!00_V1.0_BASELINE_RETAINED/00_SOURCE_PROVENANCE/RUMAHAGEN_WF-03.2_M07_PERMISSION_MATRIX_RECONCILIATION_v1.0.docx,38786,fd2fd3ef8a13db69ff2a1fabde3b7627ccfaf18d2485ee9a5e5945b5ee1dd593
M01-M15 new recon(20260907-081753).zip,1,RUMAHAGEN_WF03_M07_FULL_REBUILD_CONTROLLED_v1.1_FULL_VERSION.zip!00_V1.0_BASELINE_RETAINED/00_SOURCE_PROVENANCE/W4-02A.6.27_FOCUSED_EXECUTION_PACK_M01-M07_v2.1.md,12149,ffdcb89752116a428d687955f911c8769cdd4828096a2f8ec60ff28c75abe543
M01-M15 new recon(20260907-081753).zip,0,RUMAHAGEN_WF03_M07_CORE_IMPACT_ANALYSIS_CONTROLLED_v1.0_FULL_VERSION.zip,1550251,e94cc9d2d01bc3c5aa034d8dee7e6627ead68913a09c00a42b2d9c4ce8d24df6
M01-M15 new recon(20260907-081753).zip,1,RUMAHAGEN_WF03_M07_CORE_IMPACT_ANALYSIS_CONTROLLED_v1.0_FULL_VERSION.zip!09_M07_CORE_IMPACT_OUTPUT_MANIFEST_v1.0.csv,25372,91794907c4580beb5b079643f6be8cae22f7acb98e2e7438428ffb8ccce787b3
M01-M15 new recon(20260907-081753).zip,1,RUMAHAGEN_WF03_M07_CORE_IMPACT_ANALYSIS_CONTROLLED_v1.0_FULL_VERSION.zip!05_M07_CORE_IMPACT_MATRIX_v1.0.csv,4155,7246366812cc5ab5a92a6033c262dbeee87c174a36520834a3009908503c10ad
M01-M15 new recon(20260907-081753).zip,1,RUMAHAGEN_WF03_M07_CORE_IMPACT_ANALYSIS_CONTROLLED_v1.0_FULL_VERSION.zip!07_M07_CORE_IMPACT_FINAL_QA_v1.0.md,622,b1783007dbba02e241d98a40e9f30aea64e330f19f3d1fd0eb2aafb0382a20e4
M01-M15 new recon(20260907-081753).zip,1,RUMAHAGEN_WF03_M07_CORE_IMPACT_ANALYSIS_CONTROLLED_v1.0_FULL_VERSION.zip!06_M07_CORE_IMPACT_DOWNSTREAM_DELTA_REGISTER_v1.0.csv,818,147407137bacab8ef3f4a6c9594268bb41a3522514204721c409cc4a1ed094d4
M01-M15 new recon(20260907-081753).zip,1,RUMAHAGEN_WF03_M07_CORE_IMPACT_ANALYSIS_CONTROLLED_v1.0_FULL_VERSION.zip!00_M07_CORE_IMPACT_ANALYSIS_CONTROLLED_v1.0.md,1239,f4c5a2a034b21ff6def33837855f626060e9f98c1c4a0a8f685878e25580cc5f
M01-M15 new recon(20260907-081753).zip,1,RUMAHAGEN_WF03_M07_CORE_IMPACT_ANALYSIS_CONTROLLED_v1.0_FULL_VERSION.zip!08_M07_CORE_IMPACT_CONTROL_MATRIX_v1.0.xlsx,7881,be58f31577f2c0ede24d776b12a328df7fbee36178630d668a7546667127e394
M01-M15 new recon(20260907-081753).zip,1,RUMAHAGEN_WF03_M07_CORE_IMPACT_ANALYSIS_CONTROLLED_v1.0_FULL_VERSION.zip!04_M07_CORE_IMPACT_SOURCE_INVENTORY_v1.0.csv,16545,0735ba5084d53a8cba1e9f4e8c6151966fc4658febf7505812f9a1ef03c52fdd
M01-M15 new recon(20260907-081753).zip,1,RUMAHAGEN_WF03_M07_CORE_IMPACT_ANALYSIS_CONTROLLED_v1.0_FULL_VERSION.zip!02_REBUILD_BASELINE/01_M07_QUESTION_INVENTORY_FULL_v1.0.csv,3387,3b18a1411b75c9b11823d9b29df08914f82d668c10fe61fdba47b68c688a1ee3
M01-M15 new recon(20260907-081753).zip,1,RUMAHAGEN_WF03_M07_CORE_IMPACT_ANALYSIS_CONTROLLED_v1.0_FULL_VERSION.zip!02_REBUILD_BASELINE/09_M07_CONFLICT_RECONCILIATION_REGISTER_v1.0.csv,1111,0f1e44e79f76b5fc94c8f43e490a718ef99de9a586179c32868911ae86a66424
M01-M15 new recon(20260907-081753).zip,1,RUMAHAGEN_WF03_M07_CORE_IMPACT_ANALYSIS_CONTROLLED_v1.0_FULL_VERSION.zip!02_REBUILD_BASELINE/13_M07_OUTPUT_MANIFEST_v1.0.csv,2266,9e145727b9aeeae1f94bb72646fe89c87a535c630b4f3825040c6882aeade49d
M01-M15 new recon(20260907-081753).zip,1,RUMAHAGEN_WF03_M07_CORE_IMPACT_ANALYSIS_CONTROLLED_v1.0_FULL_VERSION.zip!02_REBUILD_BASELINE/10_M07_FINAL_QA_AND_COMPLETION_GATE_v1.0.md,1653,4f16abf00d264275bdde96b942e2376cac5b084ffe2e04367a71cb805c701234
M01-M15 new recon(20260907-081753).zip,1,RUMAHAGEN_WF03_M07_CORE_IMPACT_ANALYSIS_CONTROLLED_v1.0_FULL_VERSION.zip!02_REBUILD_BASELINE/02_M07_QUESTION_ID_NUMBERING_AUDIT_v1.0.csv,449,fad9e3725311b6ace04a29348d0e1f2080f74664e852d3fae2c9aa3bf64f597b
M01-M15 new recon(20260907-081753).zip,1,RUMAHAGEN_WF03_M07_CORE_IMPACT_ANALYSIS_CONTROLLED_v1.0_FULL_VERSION.zip!02_REBUILD_BASELINE/17_M07_CURRENT_PERMISSION_SOURCE_PARITY_v1.1.csv,404,e3f8f4e094b5746b8f7e8b35f05f35e1f115e564c7c68d2da7b8b7e141fac6b2
M01-M15 new recon(20260907-081753).zip,1,RUMAHAGEN_WF03_M07_CORE_IMPACT_ANALYSIS_CONTROLLED_v1.0_FULL_VERSION.zip!02_REBUILD_BASELINE/11_M07_FULL_REBUILD_CONTROL_MATRIX_v1.1.xlsx,8642,5634213c6b4b270548c29bf3aa1e78cefb3e2c9e065e5f5955a5bfbbde457536
M01-M15 new recon(20260907-081753).zip,1,RUMAHAGEN_WF03_M07_CORE_IMPACT_ANALYSIS_CONTROLLED_v1.0_FULL_VERSION.zip!02_REBUILD_BASELINE/15_M07_DECISION_TRACEABILITY_MATRIX_v1.1.csv,3144,d85457c47f75861a167d0f75d089dde2079233287a16182414ce5eb9747383d0
M01-M15 new recon(20260907-081753).zip,1,RUMAHAGEN_WF03_M07_CORE_IMPACT_ANALYSIS_CONTROLLED_v1.0_FULL_VERSION.zip!02_REBUILD_BASELINE/03_M07_SEMANTIC_DECISION_MATRIX_v1.0.csv,894,9e1f7aaa4670052b07a27635f2fa95d7606e4a6f1401f174f83900ac3f046434
M01-M15 new recon(20260907-081753).zip,1,RUMAHAGEN_WF03_M07_CORE_IMPACT_ANALYSIS_CONTROLLED_v1.0_FULL_VERSION.zip!02_REBUILD_BASELINE/00_M07_FULL_REBUILD_CONTROLLED_v1.0.md,1648,d1679fadeac3f0f541d5014876e2eeb7eb7c8c30c738a09799425b27787d7cdf
M01-M15 new recon(20260907-081753).zip,1,RUMAHAGEN_WF03_M07_CORE_IMPACT_ANALYSIS_CONTROLLED_v1.0_FULL_VERSION.zip!02_REBUILD_BASELINE/07_M07_CROSS_MODULE_RECONCILIATION_v1.0.csv,896,08191e68ee6a8d6b342e89117917295567dd6f6e1561b4c18591da33dd56fcf6
M01-M15 new recon(20260907-081753).zip,1,RUMAHAGEN_WF03_M07_CORE_IMPACT_ANALYSIS_CONTROLLED_v1.0_FULL_VERSION.zip!02_REBUILD_BASELINE/12_M07_PROVENANCE_MANIFEST_v1.1.csv,660,d98dca43a3e80580cb6e3d7b5afdbd8c9b30b55f7c483d920249bd0bda723694
M01-M15 new recon(20260907-081753).zip,1,RUMAHAGEN_WF03_M07_CORE_IMPACT_ANALYSIS_CONTROLLED_v1.0_FULL_VERSION.zip!02_REBUILD_BASELINE/00_M07_FULL_REBUILD_CONTROLLED_v1.1.md,921,a1287d0964b21d8f866c5717c1222062d9aecc88da30f597916dad41b46e29e5
M01-M15 new recon(20260907-081753).zip,1,RUMAHAGEN_WF03_M07_CORE_IMPACT_ANALYSIS_CONTROLLED_v1.0_FULL_VERSION.zip!02_REBUILD_BASELINE/10_M07_FINAL_QA_AND_COMPLETION_GATE_v1.1.md,1778,4b56ffda5f7d0ce4c75fa502fab9a3756ba8eb0062e36c4de0b8c25c94ee9c36
M01-M15 new recon(20260907-081753).zip,1,RUMAHAGEN_WF03_M07_CORE_IMPACT_ANALYSIS_CONTROLLED_v1.0_FULL_VERSION.zip!02_REBUILD_BASELINE/02_M07_QUESTION_ID_NUMBERING_AUDIT_v1.1.csv,480,257ca5adc36a7c2cafecf429c54db9a4331e6dd2c605669e941b202ad007d9e2
M01-M15 new recon(20260907-081753).zip,1,RUMAHAGEN_WF03_M07_CORE_IMPACT_ANALYSIS_CONTROLLED_v1.0_FULL_VERSION.zip!02_REBUILD_BASELINE/12_M07_PROVENANCE_MANIFEST_v1.0.csv,662,154fa8e36c55fa51aabc20f968210e114820e3789bfcf0d726861c5ddf73f5f6
M01-M15 new recon(20260907-081753).zip,1,RUMAHAGEN_WF03_M07_CORE_IMPACT_ANALYSIS_CONTROLLED_v1.0_FULL_VERSION.zip!02_REBUILD_BASELINE/04_M07_LIFECYCLE_STATE_TRANSITION_MATRIX_v1.0.csv,732,89cee577f7ef7a6096d907c5f17d013c9e9d7878ed40fd581ce409cd9fcd7faf
M01-M15 new recon(20260907-081753).zip,1,RUMAHAGEN_WF03_M07_CORE_IMPACT_ANALYSIS_CONTROLLED_v1.0_FULL_VERSION.zip!02_REBUILD_BASELINE/18_M07_DOWNSTREAM_RECONCILIATION_PROVENANCE_v1.1.csv,679,1953b7b2132ebbad18fd60f90f057762127d8cc28489872b827e3f01dd939cea
M01-M15 new recon(20260907-081753).zip,1,RUMAHAGEN_WF03_M07_CORE_IMPACT_ANALYSIS_CONTROLLED_v1.0_FULL_VERSION.zip!02_REBUILD_BASELINE/08_M07_DOWNSTREAM_PHYSICAL_RUNTIME_REGISTER_v1.0.csv,552,568038089971b21ae2720e8be60f6b4f976d027f27083f97a28856c79e49f9fb
M01-M15 new recon(20260907-081753).zip,1,RUMAHAGEN_WF03_M07_CORE_IMPACT_ANALYSIS_CONTROLLED_v1.0_FULL_VERSION.zip!02_REBUILD_BASELINE/01_M07_QUESTION_INVENTORY_FULL_v1.1.csv,4552,95d078db226be5739505dc0a4bf86609eed8d1594fce6e4a01722e248c26c6c6
M01-M15 new recon(20260907-081753).zip,1,RUMAHAGEN_WF03_M07_CORE_IMPACT_ANALYSIS_CONTROLLED_v1.0_FULL_VERSION.zip!02_REBUILD_BASELINE/16_M07_45_DECISION_TRACEABILITY_CLARIFICATION_v1.1.md,704,74c080e5397bf489f3781e77c17aa1e860ddd722ce8eb7ed4723644727c2337a
M01-M15 new recon(20260907-081753).zip,1,RUMAHAGEN_WF03_M07_CORE_IMPACT_ANALYSIS_CONTROLLED_v1.0_FULL_VERSION.zip!02_REBUILD_BASELINE/05_M07_SEMANTIC_PERMISSION_MATRIX_v1.0.csv,266,d99b33c9ad910ad7b952993ebcf54cdc7b4b1136a209036e8eea4f14a002803a
M01-M15 new recon(20260907-081753).zip,1,RUMAHAGEN_WF03_M07_CORE_IMPACT_ANALYSIS_CONTROLLED_v1.0_FULL_VERSION.zip!02_REBUILD_BASELINE/14_M07_CURRENT_SOURCE_AND_SUPERSEDED_ARTIFACT_REGISTER_v1.1.md,981,01af71230d261643c0e7887d82d0cb6d3395c216eef34c10b6685b65eed1f84d
M01-M15 new recon(20260907-081753).zip,1,RUMAHAGEN_WF03_M07_CORE_IMPACT_ANALYSIS_CONTROLLED_v1.0_FULL_VERSION.zip!02_REBUILD_BASELINE/11_M07_FULL_REBUILD_CONTROL_MATRIX_v1.0.xlsx,8588,991629fc0522320e193f68995ca2da99259c059f8e3c021092ca3e5c43f5c29a
M01-M15 new recon(20260907-081753).zip,1,RUMAHAGEN_WF03_M07_CORE_IMPACT_ANALYSIS_CONTROLLED_v1.0_FULL_VERSION.zip!02_REBUILD_BASELINE/06_M07_ACTOR_CONDITION_SCOPE_VISIBILITY_APPROVAL_v1.0.csv,879,850b38ce29891a3bbe2f7c3bc2354c5ff491d16688b9010dbc4895a5e2bd928b
M01-M15 new recon(20260907-081753).zip,1,RUMAHAGEN_WF03_M07_CORE_IMPACT_ANALYSIS_CONTROLLED_v1.0_FULL_VERSION.zip!02_REBUILD_BASELINE/13_M07_OUTPUT_MANIFEST_v1.1.csv,6562,ff4b272b881ac2eadbcf01fd54c3fcb26d9a7701494a4a4e4f6d188faaf22ee0
M01-M15 new recon(20260907-081753).zip,1,RUMAHAGEN_WF03_M07_CORE_IMPACT_ANALYSIS_CONTROLLED_v1.0_FULL_VERSION.zip!01_QIR_BASELINE/04_M07_QIR_SEMANTIC_LOCK_MATRIX_v1.0.csv,749,a029592aa4b6c0cce247e940f6cf912ef45d32c5601999877c2c51f397cd8a50
M01-M15 new recon(20260907-081753).zip,1,RUMAHAGEN_WF03_M07_CORE_IMPACT_ANALYSIS_CONTROLLED_v1.0_FULL_VERSION.zip!01_QIR_BASELINE/03_M07_QIR_TWO_CORE_FINDINGS_RESOLUTION_v1.0.csv,940,d6c13a5796d7fa3111a7926223aa3f9ee6ce767b3e92b5e852f55cf596ac2b71
M01-M15 new recon(20260907-081753).zip,1,RUMAHAGEN_WF03_M07_CORE_IMPACT_ANALYSIS_CONTROLLED_v1.0_FULL_VERSION.zip!01_QIR_BASELINE/07_M07_QIR_DEPENDENCY_RECONCILIATION_v1.0.csv,626,69c842f4592f1631244feb7742a38c205cf53f0df421469ef220fa91d57da06a
M01-M15 new recon(20260907-081753).zip,1,RUMAHAGEN_WF03_M07_CORE_IMPACT_ANALYSIS_CONTROLLED_v1.0_FULL_VERSION.zip!01_QIR_BASELINE/06_M07_QIR_PHYSICAL_RUNTIME_DOWNSTREAM_REGISTER_v1.0.csv,766,9899ea476e277eb3c5298ab8071363fcd6911d6f5f01755de0d49fc5dfd64549
M01-M15 new recon(20260907-081753).zip,1,RUMAHAGEN_WF03_M07_CORE_IMPACT_ANALYSIS_CONTROLLED_v1.0_FULL_VERSION.zip!01_QIR_BASELINE/05_M07_QIR_LIFECYCLE_USER_ADMIN_v1.0.csv,1132,cf376a1ca65fff02f1d6299f3c6c424a3895e5d853b9cda6d75a51da77e10fe4
M01-M15 new recon(20260907-081753).zip,1,RUMAHAGEN_WF03_M07_CORE_IMPACT_ANALYSIS_CONTROLLED_v1.0_FULL_VERSION.zip!01_QIR_BASELINE/09_M07_QIR_CONTROL_MATRIX_v1.0.xlsx,8215,921f41b8da540a5313c32d2858d9096f67d346d2a7c0b2bdc953b0df29fb5f46
M01-M15 new recon(20260907-081753).zip,1,RUMAHAGEN_WF03_M07_CORE_IMPACT_ANALYSIS_CONTROLLED_v1.0_FULL_VERSION.zip!01_QIR_BASELINE/08_M07_QIR_FINAL_QA_AND_CLOSURE_v1.0.md,1080,74ac5bfa35e1b588898778de7562d958eda9876bdade5a96801969d0737b7688
M01-M15 new recon(20260907-081753).zip,1,RUMAHAGEN_WF03_M07_CORE_IMPACT_ANALYSIS_CONTROLLED_v1.0_FULL_VERSION.zip!01_QIR_BASELINE/10_M07_QIR_OUTPUT_MANIFEST_v1.0.csv,10148,73d7498ce8c4bf391d771b8dc9f54732d20ff061c95e699806e625122a22f72e
M01-M15 new recon(20260907-081753).zip,1,RUMAHAGEN_WF03_M07_CORE_IMPACT_ANALYSIS_CONTROLLED_v1.0_FULL_VERSION.zip!01_QIR_BASELINE/00_M07_QIR_RESOLUTION_CONTROLLED_v1.0.md,1177,5a0b23a327e71e22025eb9a3586db1e8263f499af695dc6638c4e33d07dfd4c6
M01-M15 new recon(20260907-081753).zip,1,RUMAHAGEN_WF03_M07_CORE_IMPACT_ANALYSIS_CONTROLLED_v1.0_FULL_VERSION.zip!01_QIR_BASELINE/02_M07_QIR_QUESTION_RESOLUTION_REGISTER_v1.0.csv,3432,6f4f76ee85b5baf071a66184eeb48b9ea3e79b9293c8a923841be60edcc6b827
M01-M15 new recon(20260907-081753).zip,1,RUMAHAGEN_WF03_M07_CORE_IMPACT_ANALYSIS_CONTROLLED_v1.0_FULL_VERSION.zip!01_QIR_BASELINE/00_M07_V1.1_BASELINE_RETAINED/01_M07_QUESTION_INVENTORY_FULL_v1.0.csv,3387,3b18a1411b75c9b11823d9b29df08914f82d668c10fe61fdba47b68c688a1ee3
M01-M15 new recon(20260907-081753).zip,1,RUMAHAGEN_WF03_M07_CORE_IMPACT_ANALYSIS_CONTROLLED_v1.0_FULL_VERSION.zip!01_QIR_BASELINE/00_M07_V1.1_BASELINE_RETAINED/09_M07_CONFLICT_RECONCILIATION_REGISTER_v1.0.csv,1111,0f1e44e79f76b5fc94c8f43e490a718ef99de9a586179c32868911ae86a66424
M01-M15 new recon(20260907-081753).zip,1,RUMAHAGEN_WF03_M07_CORE_IMPACT_ANALYSIS_CONTROLLED_v1.0_FULL_VERSION.zip!01_QIR_BASELINE/00_M07_V1.1_BASELINE_RETAINED/13_M07_OUTPUT_MANIFEST_v1.0.csv,2266,9e145727b9aeeae1f94bb72646fe89c87a535c630b4f3825040c6882aeade49d
M01-M15 new recon(20260907-081753).zip,1,RUMAHAGEN_WF03_M07_CORE_IMPACT_ANALYSIS_CONTROLLED_v1.0_FULL_VERSION.zip!01_QIR_BASELINE/00_M07_V1.1_BASELINE_RETAINED/10_M07_FINAL_QA_AND_COMPLETION_GATE_v1.0.md,1653,4f16abf00d264275bdde96b942e2376cac5b084ffe2e04367a71cb805c701234
M01-M15 new recon(20260907-081753).zip,1,RUMAHAGEN_WF03_M07_CORE_IMPACT_ANALYSIS_CONTROLLED_v1.0_FULL_VERSION.zip!01_QIR_BASELINE/00_M07_V1.1_BASELINE_RETAINED/02_M07_QUESTION_ID_NUMBERING_AUDIT_v1.0.csv,449,fad9e3725311b6ace04a29348d0e1f2080f74664e852d3fae2c9aa3bf64f597b
M01-M15 new recon(20260907-081753).zip,1,RUMAHAGEN_WF03_M07_CORE_IMPACT_ANALYSIS_CONTROLLED_v1.0_FULL_VERSION.zip!01_QIR_BASELINE/00_M07_V1.1_BASELINE_RETAINED/17_M07_CURRENT_PERMISSION_SOURCE_PARITY_v1.1.csv,404,e3f8f4e094b5746b8f7e8b35f05f35e1f115e564c7c68d2da7b8b7e141fac6b2
M01-M15 new recon(20260907-081753).zip,1,RUMAHAGEN_WF03_M07_CORE_IMPACT_ANALYSIS_CONTROLLED_v1.0_FULL_VERSION.zip!01_QIR_BASELINE/00_M07_V1.1_BASELINE_RETAINED/11_M07_FULL_REBUILD_CONTROL_MATRIX_v1.1.xlsx,8642,5634213c6b4b270548c29bf3aa1e78cefb3e2c9e065e5f5955a5bfbbde457536
M01-M15 new recon(20260907-081753).zip,1,RUMAHAGEN_WF03_M07_CORE_IMPACT_ANALYSIS_CONTROLLED_v1.0_FULL_VERSION.zip!01_QIR_BASELINE/00_M07_V1.1_BASELINE_RETAINED/15_M07_DECISION_TRACEABILITY_MATRIX_v1.1.csv,3144,d85457c47f75861a167d0f75d089dde2079233287a16182414ce5eb9747383d0
M01-M15 new recon(20260907-081753).zip,1,RUMAHAGEN_WF03_M07_CORE_IMPACT_ANALYSIS_CONTROLLED_v1.0_FULL_VERSION.zip!01_QIR_BASELINE/00_M07_V1.1_BASELINE_RETAINED/03_M07_SEMANTIC_DECISION_MATRIX_v1.0.csv,894,9e1f7aaa4670052b07a27635f2fa95d7606e4a6f1401f174f83900ac3f046434
M01-M15 new recon(20260907-081753).zip,1,RUMAHAGEN_WF03_M07_CORE_IMPACT_ANALYSIS_CONTROLLED_v1.0_FULL_VERSION.zip!01_QIR_BASELINE/00_M07_V1.1_BASELINE_RETAINED/00_M07_FULL_REBUILD_CONTROLLED_v1.0.md,1648,d1679fadeac3f0f541d5014876e2eeb7eb7c8c30c738a09799425b27787d7cdf
M01-M15 new recon(20260907-081753).zip,1,RUMAHAGEN_WF03_M07_CORE_IMPACT_ANALYSIS_CONTROLLED_v1.0_FULL_VERSION.zip!01_QIR_BASELINE/00_M07_V1.1_BASELINE_RETAINED/07_M07_CROSS_MODULE_RECONCILIATION_v1.0.csv,896,08191e68ee6a8d6b342e89117917295567dd6f6e1561b4c18591da33dd56fcf6
M01-M15 new recon(20260907-081753).zip,1,RUMAHAGEN_WF03_M07_CORE_IMPACT_ANALYSIS_CONTROLLED_v1.0_FULL_VERSION.zip!01_QIR_BASELINE/00_M07_V1.1_BASELINE_RETAINED/12_M07_PROVENANCE_MANIFEST_v1.1.csv,660,d98dca43a3e80580cb6e3d7b5afdbd8c9b30b55f7c483d920249bd0bda723694
M01-M15 new recon(20260907-081753).zip,1,RUMAHAGEN_WF03_M07_CORE_IMPACT_ANALYSIS_CONTROLLED_v1.0_FULL_VERSION.zip!01_QIR_BASELINE/00_M07_V1.1_BASELINE_RETAINED/00_M07_FULL_REBUILD_CONTROLLED_v1.1.md,921,a1287d0964b21d8f866c5717c1222062d9aecc88da30f597916dad41b46e29e5
M01-M15 new recon(20260907-081753).zip,1,RUMAHAGEN_WF03_M07_CORE_IMPACT_ANALYSIS_CONTROLLED_v1.0_FULL_VERSION.zip!01_QIR_BASELINE/00_M07_V1.1_BASELINE_RETAINED/10_M07_FINAL_QA_AND_COMPLETION_GATE_v1.1.md,1778,4b56ffda5f7d0ce4c75fa502fab9a3756ba8eb0062e36c4de0b8c25c94ee9c36
M01-M15 new recon(20260907-081753).zip,1,RUMAHAGEN_WF03_M07_CORE_IMPACT_ANALYSIS_CONTROLLED_v1.0_FULL_VERSION.zip!01_QIR_BASELINE/00_M07_V1.1_BASELINE_RETAINED/02_M07_QUESTION_ID_NUMBERING_AUDIT_v1.1.csv,480,257ca5adc36a7c2cafecf429c54db9a4331e6dd2c605669e941b202ad007d9e2
M01-M15 new recon(20260907-081753).zip,1,RUMAHAGEN_WF03_M07_CORE_IMPACT_ANALYSIS_CONTROLLED_v1.0_FULL_VERSION.zip!01_QIR_BASELINE/00_M07_V1.1_BASELINE_RETAINED/12_M07_PROVENANCE_MANIFEST_v1.0.csv,662,154fa8e36c55fa51aabc20f968210e114820e3789bfcf0d726861c5ddf73f5f6
M01-M15 new recon(20260907-081753).zip,1,RUMAHAGEN_WF03_M07_CORE_IMPACT_ANALYSIS_CONTROLLED_v1.0_FULL_VERSION.zip!01_QIR_BASELINE/00_M07_V1.1_BASELINE_RETAINED/04_M07_LIFECYCLE_STATE_TRANSITION_MATRIX_v1.0.csv,732,89cee577f7ef7a6096d907c5f17d013c9e9d7878ed40fd581ce409cd9fcd7faf
M01-M15 new recon(20260907-081753).zip,1,RUMAHAGEN_WF03_M07_CORE_IMPACT_ANALYSIS_CONTROLLED_v1.0_FULL_VERSION.zip!01_QIR_BASELINE/00_M07_V1.1_BASELINE_RETAINED/18_M07_DOWNSTREAM_RECONCILIATION_PROVENANCE_v1.1.csv,679,1953b7b2132ebbad18fd60f90f057762127d8cc28489872b827e3f01dd939cea
M01-M15 new recon(20260907-081753).zip,1,RUMAHAGEN_WF03_M07_CORE_IMPACT_ANALYSIS_CONTROLLED_v1.0_FULL_VERSION.zip!01_QIR_BASELINE/00_M07_V1.1_BASELINE_RETAINED/08_M07_DOWNSTREAM_PHYSICAL_RUNTIME_REGISTER_v1.0.csv,552,568038089971b21ae2720e8be60f6b4f976d027f27083f97a28856c79e49f9fb
M01-M15 new recon(20260907-081753).zip,1,RUMAHAGEN_WF03_M07_CORE_IMPACT_ANALYSIS_CONTROLLED_v1.0_FULL_VERSION.zip!01_QIR_BASELINE/00_M07_V1.1_BASELINE_RETAINED/01_M07_QUESTION_INVENTORY_FULL_v1.1.csv,4552,95d078db226be5739505dc0a4bf86609eed8d1594fce6e4a01722e248c26c6c6
M01-M15 new recon(20260907-081753).zip,1,RUMAHAGEN_WF03_M07_CORE_IMPACT_ANALYSIS_CONTROLLED_v1.0_FULL_VERSION.zip!01_QIR_BASELINE/00_M07_V1.1_BASELINE_RETAINED/16_M07_45_DECISION_TRACEABILITY_CLARIFICATION_v1.1.md,704,74c080e5397bf489f3781e77c17aa1e860ddd722ce8eb7ed4723644727c2337a
M01-M15 new recon(20260907-081753).zip,1,RUMAHAGEN_WF03_M07_CORE_IMPACT_ANALYSIS_CONTROLLED_v1.0_FULL_VERSION.zip!01_QIR_BASELINE/00_M07_V1.1_BASELINE_RETAINED/05_M07_SEMANTIC_PERMISSION_MATRIX_v1.0.csv,266,d99b33c9ad910ad7b952993ebcf54cdc7b4b1136a209036e8eea4f14a002803a
M01-M15 new recon(20260907-081753).zip,1,RUMAHAGEN_WF03_M07_CORE_IMPACT_ANALYSIS_CONTROLLED_v1.0_FULL_VERSION.zip!01_QIR_BASELINE/00_M07_V1.1_BASELINE_RETAINED/14_M07_CURRENT_SOURCE_AND_SUPERSEDED_ARTIFACT_REGISTER_v1.1.md,981,01af71230d261643c0e7887d82d0cb6d3395c216eef34c10b6685b65eed1f84d
M01-M15 new recon(20260907-081753).zip,1,RUMAHAGEN_WF03_M07_CORE_IMPACT_ANALYSIS_CONTROLLED_v1.0_FULL_VERSION.zip!01_QIR_BASELINE/00_M07_V1.1_BASELINE_RETAINED/11_M07_FULL_REBUILD_CONTROL_MATRIX_v1.0.xlsx,8588,991629fc0522320e193f68995ca2da99259c059f8e3c021092ca3e5c43f5c29a
M01-M15 new recon(20260907-081753).zip,1,RUMAHAGEN_WF03_M07_CORE_IMPACT_ANALYSIS_CONTROLLED_v1.0_FULL_VERSION.zip!01_QIR_BASELINE/00_M07_V1.1_BASELINE_RETAINED/06_M07_ACTOR_CONDITION_SCOPE_VISIBILITY_APPROVAL_v1.0.csv,879,850b38ce29891a3bbe2f7c3bc2354c5ff491d16688b9010dbc4895a5e2bd928b
M01-M15 new recon(20260907-081753).zip,1,RUMAHAGEN_WF03_M07_CORE_IMPACT_ANALYSIS_CONTROLLED_v1.0_FULL_VERSION.zip!01_QIR_BASELINE/00_M07_V1.1_BASELINE_RETAINED/13_M07_OUTPUT_MANIFEST_v1.1.csv,6562,ff4b272b881ac2eadbcf01fd54c3fcb26d9a7701494a4a4e4f6d188faaf22ee0
M01-M15 new recon(20260907-081753).zip,1,RUMAHAGEN_WF03_M07_CORE_IMPACT_ANALYSIS_CONTROLLED_v1.0_FULL_VERSION.zip!01_QIR_BASELINE/01_CURRENT_QIR_SOURCE_EVIDENCE/RUMAHAGEN_WF-03.2_MASTER_PERMISSION_MATRIX_M01-M08_RECONCILED_v1.2.csv,27560,e5867ab7e3814555603fde73f28080bae198a952a0ac27d9ebe05d0d9eeeb461
M01-M15 new recon(20260907-081753).zip,1,RUMAHAGEN_WF03_M07_CORE_IMPACT_ANALYSIS_CONTROLLED_v1.0_FULL_VERSION.zip!01_QIR_BASELINE/01_CURRENT_QIR_SOURCE_EVIDENCE/W4-02A.6.19_TECHNICAL_SPECIFICATION_CURRENT_TECHNICAL_IMPLEMENTATION_CONTRACT_v2.1.md,69175,2ac01b6961b6ab97d26ee8c314aaf06101af49cb746c4069147559fb8002b29c
M01-M15 new recon(20260907-081753).zip,1,RUMAHAGEN_WF03_M07_CORE_IMPACT_ANALYSIS_CONTROLLED_v1.0_FULL_VERSION.zip!01_QIR_BASELINE/01_CURRENT_QIR_SOURCE_EVIDENCE/W4-02A.6.17_RBAC_PERMISSION_RLS_CURRENT_AUTHORIZATION_BASELINE_FULL_CONSOLIDATED_v2.1.docx,53047,cd5067a3a2cb8e0104e94fbea78ab64a30e19ed28230aef5889baa5021784a0a
M01-M15 new recon(20260907-081753).zip,1,RUMAHAGEN_WF03_M07_CORE_IMPACT_ANALYSIS_CONTROLLED_v1.0_FULL_VERSION.zip!01_QIR_BASELINE/01_CURRENT_QIR_SOURCE_EVIDENCE/RUMAHAGEN_WF-03.2_M07_PERMISSION_MATRIX_RECONCILIATION_v1.0.docx,38786,fd2fd3ef8a13db69ff2a1fabde3b7627ccfaf18d2485ee9a5e5945b5ee1dd593
M01-M15 new recon(20260907-081753).zip,1,RUMAHAGEN_WF03_M07_CORE_IMPACT_ANALYSIS_CONTROLLED_v1.0_FULL_VERSION.zip!01_QIR_BASELINE/01_CURRENT_QIR_SOURCE_EVIDENCE/W4-02A.6.15_DATABASE_SCHEMA_CURRENT_PHYSICAL_SCHEMA_REFERENCE_FULL_CONSOLIDATED_v2.7.docx,74525,91d9d78bc4d0818bca5802f0315f3d1146d0a32a9645646607418708745f79b9
M01-M15 new recon(20260907-081753).zip,1,RUMAHAGEN_WF03_M07_CORE_IMPACT_ANALYSIS_CONTROLLED_v1.0_FULL_VERSION.zip!01_QIR_BASELINE/00_M07_V1.1_BASELINE_RETAINED/00_CURRENT_SOURCE_PROVENANCE/M07_PERMISSION_RECONCILIATION_v1.0.docx,38786,fd2fd3ef8a13db69ff2a1fabde3b7627ccfaf18d2485ee9a5e5945b5ee1dd593
M01-M15 new recon(20260907-081753).zip,1,RUMAHAGEN_WF03_M07_CORE_IMPACT_ANALYSIS_CONTROLLED_v1.0_FULL_VERSION.zip!01_QIR_BASELINE/00_M07_V1.1_BASELINE_RETAINED/00_CURRENT_SOURCE_PROVENANCE/CURRENT_PERMISSION_MASTER_v1.2.xlsx,23218,b943598b6fea33b3fa690962f745b6088d4deda168b5396a5cedf07eeea5dc41
M01-M15 new recon(20260907-081753).zip,1,RUMAHAGEN_WF03_M07_CORE_IMPACT_ANALYSIS_CONTROLLED_v1.0_FULL_VERSION.zip!01_QIR_BASELINE/00_M07_V1.1_BASELINE_RETAINED/00_CURRENT_SOURCE_PROVENANCE/CURRENT_PERMISSION_MASTER_v1.2.csv,27560,e5867ab7e3814555603fde73f28080bae198a952a0ac27d9ebe05d0d9eeeb461
M01-M15 new recon(20260907-081753).zip,1,RUMAHAGEN_WF03_M07_CORE_IMPACT_ANALYSIS_CONTROLLED_v1.0_FULL_VERSION.zip!01_QIR_BASELINE/00_M07_V1.1_BASELINE_RETAINED/00_CURRENT_SOURCE_PROVENANCE/M07_REBUILD_v1.0_SOURCE.zip,87977,9276d7318a495102f89d34d98ceb9ee34be55e085d0badb8708b79042cfb816f
M01-M15 new recon(20260907-081753).zip,2,RUMAHAGEN_WF03_M07_CORE_IMPACT_ANALYSIS_CONTROLLED_v1.0_FULL_VERSION.zip!01_QIR_BASELINE/00_M07_V1.1_BASELINE_RETAINED/00_CURRENT_SOURCE_PROVENANCE/M07_REBUILD_v1.0_SOURCE.zip!01_M07_QUESTION_INVENTORY_FULL_v1.0.csv,3387,3b18a1411b75c9b11823d9b29df08914f82d668c10fe61fdba47b68c688a1ee3
M01-M15 new recon(20260907-081753).zip,2,RUMAHAGEN_WF03_M07_CORE_IMPACT_ANALYSIS_CONTROLLED_v1.0_FULL_VERSION.zip!01_QIR_BASELINE/00_M07_V1.1_BASELINE_RETAINED/00_CURRENT_SOURCE_PROVENANCE/M07_REBUILD_v1.0_SOURCE.zip!09_M07_CONFLICT_RECONCILIATION_REGISTER_v1.0.csv,1111,0f1e44e79f76b5fc94c8f43e490a718ef99de9a586179c32868911ae86a66424
M01-M15 new recon(20260907-081753).zip,2,RUMAHAGEN_WF03_M07_CORE_IMPACT_ANALYSIS_CONTROLLED_v1.0_FULL_VERSION.zip!01_QIR_BASELINE/00_M07_V1.1_BASELINE_RETAINED/00_CURRENT_SOURCE_PROVENANCE/M07_REBUILD_v1.0_SOURCE.zip!13_M07_OUTPUT_MANIFEST_v1.0.csv,2266,9e145727b9aeeae1f94bb72646fe89c87a535c630b4f3825040c6882aeade49d
M01-M15 new recon(20260907-081753).zip,2,RUMAHAGEN_WF03_M07_CORE_IMPACT_ANALYSIS_CONTROLLED_v1.0_FULL_VERSION.zip!01_QIR_BASELINE/00_M07_V1.1_BASELINE_RETAINED/00_CURRENT_SOURCE_PROVENANCE/M07_REBUILD_v1.0_SOURCE.zip!10_M07_FINAL_QA_AND_COMPLETION_GATE_v1.0.md,1653,4f16abf00d264275bdde96b942e2376cac5b084ffe2e04367a71cb805c701234
M01-M15 new recon(20260907-081753).zip,2,RUMAHAGEN_WF03_M07_CORE_IMPACT_ANALYSIS_CONTROLLED_v1.0_FULL_VERSION.zip!01_QIR_BASELINE/00_M07_V1.1_BASELINE_RETAINED/00_CURRENT_SOURCE_PROVENANCE/M07_REBUILD_v1.0_SOURCE.zip!02_M07_QUESTION_ID_NUMBERING_AUDIT_v1.0.csv,449,fad9e3725311b6ace04a29348d0e1f2080f74664e852d3fae2c9aa3bf64f597b
M01-M15 new recon(20260907-081753).zip,2,RUMAHAGEN_WF03_M07_CORE_IMPACT_ANALYSIS_CONTROLLED_v1.0_FULL_VERSION.zip!01_QIR_BASELINE/00_M07_V1.1_BASELINE_RETAINED/00_CURRENT_SOURCE_PROVENANCE/M07_REBUILD_v1.0_SOURCE.zip!03_M07_SEMANTIC_DECISION_MATRIX_v1.0.csv,894,9e1f7aaa4670052b07a27635f2fa95d7606e4a6f1401f174f83900ac3f046434
M01-M15 new recon(20260907-081753).zip,2,RUMAHAGEN_WF03_M07_CORE_IMPACT_ANALYSIS_CONTROLLED_v1.0_FULL_VERSION.zip!01_QIR_BASELINE/00_M07_V1.1_BASELINE_RETAINED/00_CURRENT_SOURCE_PROVENANCE/M07_REBUILD_v1.0_SOURCE.zip!00_M07_FULL_REBUILD_CONTROLLED_v1.0.md,1648,d1679fadeac3f0f541d5014876e2eeb7eb7c8c30c738a09799425b27787d7cdf
M01-M15 new recon(20260907-081753).zip,2,RUMAHAGEN_WF03_M07_CORE_IMPACT_ANALYSIS_CONTROLLED_v1.0_FULL_VERSION.zip!01_QIR_BASELINE/00_M07_V1.1_BASELINE_RETAINED/00_CURRENT_SOURCE_PROVENANCE/M07_REBUILD_v1.0_SOURCE.zip!07_M07_CROSS_MODULE_RECONCILIATION_v1.0.csv,896,08191e68ee6a8d6b342e89117917295567dd6f6e1561b4c18591da33dd56fcf6
M01-M15 new recon(20260907-081753).zip,2,RUMAHAGEN_WF03_M07_CORE_IMPACT_ANALYSIS_CONTROLLED_v1.0_FULL_VERSION.zip!01_QIR_BASELINE/00_M07_V1.1_BASELINE_RETAINED/00_CURRENT_SOURCE_PROVENANCE/M07_REBUILD_v1.0_SOURCE.zip!12_M07_PROVENANCE_MANIFEST_v1.0.csv,662,154fa8e36c55fa51aabc20f968210e114820e3789bfcf0d726861c5ddf73f5f6
M01-M15 new recon(20260907-081753).zip,2,RUMAHAGEN_WF03_M07_CORE_IMPACT_ANALYSIS_CONTROLLED_v1.0_FULL_VERSION.zip!01_QIR_BASELINE/00_M07_V1.1_BASELINE_RETAINED/00_CURRENT_SOURCE_PROVENANCE/M07_REBUILD_v1.0_SOURCE.zip!04_M07_LIFECYCLE_STATE_TRANSITION_MATRIX_v1.0.csv,732,89cee577f7ef7a6096d907c5f17d013c9e9d7878ed40fd581ce409cd9fcd7faf
M01-M15 new recon(20260907-081753).zip,2,RUMAHAGEN_WF03_M07_CORE_IMPACT_ANALYSIS_CONTROLLED_v1.0_FULL_VERSION.zip!01_QIR_BASELINE/00_M07_V1.1_BASELINE_RETAINED/00_CURRENT_SOURCE_PROVENANCE/M07_REBUILD_v1.0_SOURCE.zip!08_M07_DOWNSTREAM_PHYSICAL_RUNTIME_REGISTER_v1.0.csv,552,568038089971b21ae2720e8be60f6b4f976d027f27083f97a28856c79e49f9fb
M01-M15 new recon(20260907-081753).zip,2,RUMAHAGEN_WF03_M07_CORE_IMPACT_ANALYSIS_CONTROLLED_v1.0_FULL_VERSION.zip!01_QIR_BASELINE/00_M07_V1.1_BASELINE_RETAINED/00_CURRENT_SOURCE_PROVENANCE/M07_REBUILD_v1.0_SOURCE.zip!05_M07_SEMANTIC_PERMISSION_MATRIX_v1.0.csv,266,d99b33c9ad910ad7b952993ebcf54cdc7b4b1136a209036e8eea4f14a002803a
M01-M15 new recon(20260907-081753).zip,2,RUMAHAGEN_WF03_M07_CORE_IMPACT_ANALYSIS_CONTROLLED_v1.0_FULL_VERSION.zip!01_QIR_BASELINE/00_M07_V1.1_BASELINE_RETAINED/00_CURRENT_SOURCE_PROVENANCE/M07_REBUILD_v1.0_SOURCE.zip!11_M07_FULL_REBUILD_CONTROL_MATRIX_v1.0.xlsx,8588,991629fc0522320e193f68995ca2da99259c059f8e3c021092ca3e5c43f5c29a
M01-M15 new recon(20260907-081753).zip,2,RUMAHAGEN_WF03_M07_CORE_IMPACT_ANALYSIS_CONTROLLED_v1.0_FULL_VERSION.zip!01_QIR_BASELINE/00_M07_V1.1_BASELINE_RETAINED/00_CURRENT_SOURCE_PROVENANCE/M07_REBUILD_v1.0_SOURCE.zip!06_M07_ACTOR_CONDITION_SCOPE_VISIBILITY_APPROVAL_v1.0.csv,879,850b38ce29891a3bbe2f7c3bc2354c5ff491d16688b9010dbc4895a5e2bd928b
M01-M15 new recon(20260907-081753).zip,2,RUMAHAGEN_WF03_M07_CORE_IMPACT_ANALYSIS_CONTROLLED_v1.0_FULL_VERSION.zip!01_QIR_BASELINE/00_M07_V1.1_BASELINE_RETAINED/00_CURRENT_SOURCE_PROVENANCE/M07_REBUILD_v1.0_SOURCE.zip!00_SOURCE_PROVENANCE/RUMAHAGEN_WF-03.2_MASTER_PERMISSION_MATRIX_M01-M07_RECONCILED_v1.1.csv,26080,21e2d097a41dd414b747d4c4c04ad0a7e83d421dd91681d1464e1642d95b01a0
M01-M15 new recon(20260907-081753).zip,2,RUMAHAGEN_WF03_M07_CORE_IMPACT_ANALYSIS_CONTROLLED_v1.0_FULL_VERSION.zip!01_QIR_BASELINE/00_M07_V1.1_BASELINE_RETAINED/00_CURRENT_SOURCE_PROVENANCE/M07_REBUILD_v1.0_SOURCE.zip!00_SOURCE_PROVENANCE/WF03_MASTER_PROGRESS_M01-M15_v1.7_M06_COMPLETE(1).xlsx,32038,c3993344dc85b78219e52635e09ac3dbb2ed97fed3f621e03f514e4ae020e152
M01-M15 new recon(20260907-081753).zip,2,RUMAHAGEN_WF03_M07_CORE_IMPACT_ANALYSIS_CONTROLLED_v1.0_FULL_VERSION.zip!01_QIR_BASELINE/00_M07_V1.1_BASELINE_RETAINED/00_CURRENT_SOURCE_PROVENANCE/M07_REBUILD_v1.0_SOURCE.zip!00_SOURCE_PROVENANCE/M07_PHYSICAL_EXECUTION_SPEC_v2.1.md,8514,662cf023986fc73f6684c928b3c4e00ba5e8e01b2ad07951945b5c9de67808e7
M01-M15 new recon(20260907-081753).zip,2,RUMAHAGEN_WF03_M07_CORE_IMPACT_ANALYSIS_CONTROLLED_v1.0_FULL_VERSION.zip!01_QIR_BASELINE/00_M07_V1.1_BASELINE_RETAINED/00_CURRENT_SOURCE_PROVENANCE/M07_REBUILD_v1.0_SOURCE.zip!00_SOURCE_PROVENANCE/RUMAHAGEN_WF-03.2_M07_PERMISSION_MATRIX_RECONCILIATION_v1.0.docx,38786,fd2fd3ef8a13db69ff2a1fabde3b7627ccfaf18d2485ee9a5e5945b5ee1dd593
M01-M15 new recon(20260907-081753).zip,2,RUMAHAGEN_WF03_M07_CORE_IMPACT_ANALYSIS_CONTROLLED_v1.0_FULL_VERSION.zip!01_QIR_BASELINE/00_M07_V1.1_BASELINE_RETAINED/00_CURRENT_SOURCE_PROVENANCE/M07_REBUILD_v1.0_SOURCE.zip!00_SOURCE_PROVENANCE/W4-02A.6.27_FOCUSED_EXECUTION_PACK_M01-M07_v2.1.md,12149,ffdcb89752116a428d687955f911c8769cdd4828096a2f8ec60ff28c75abe543
M01-M15 new recon(20260907-081753).zip,1,RUMAHAGEN_WF03_M07_CORE_IMPACT_ANALYSIS_CONTROLLED_v1.0_FULL_VERSION.zip!01_QIR_BASELINE/00_M07_V1.1_BASELINE_RETAINED/00_V1.0_BASELINE_RETAINED/01_M07_QUESTION_INVENTORY_FULL_v1.0.csv,3387,3b18a1411b75c9b11823d9b29df08914f82d668c10fe61fdba47b68c688a1ee3
M01-M15 new recon(20260907-081753).zip,1,RUMAHAGEN_WF03_M07_CORE_IMPACT_ANALYSIS_CONTROLLED_v1.0_FULL_VERSION.zip!01_QIR_BASELINE/00_M07_V1.1_BASELINE_RETAINED/00_V1.0_BASELINE_RETAINED/09_M07_CONFLICT_RECONCILIATION_REGISTER_v1.0.csv,1111,0f1e44e79f76b5fc94c8f43e490a718ef99de9a586179c32868911ae86a66424
M01-M15 new recon(20260907-081753).zip,1,RUMAHAGEN_WF03_M07_CORE_IMPACT_ANALYSIS_CONTROLLED_v1.0_FULL_VERSION.zip!01_QIR_BASELINE/00_M07_V1.1_BASELINE_RETAINED/00_V1.0_BASELINE_RETAINED/13_M07_OUTPUT_MANIFEST_v1.0.csv,2266,9e145727b9aeeae1f94bb72646fe89c87a535c630b4f3825040c6882aeade49d
M01-M15 new recon(20260907-081753).zip,1,RUMAHAGEN_WF03_M07_CORE_IMPACT_ANALYSIS_CONTROLLED_v1.0_FULL_VERSION.zip!01_QIR_BASELINE/00_M07_V1.1_BASELINE_RETAINED/00_V1.0_BASELINE_RETAINED/10_M07_FINAL_QA_AND_COMPLETION_GATE_v1.0.md,1653,4f16abf00d264275bdde96b942e2376cac5b084ffe2e04367a71cb805c701234
M01-M15 new recon(20260907-081753).zip,1,RUMAHAGEN_WF03_M07_CORE_IMPACT_ANALYSIS_CONTROLLED_v1.0_FULL_VERSION.zip!01_QIR_BASELINE/00_M07_V1.1_BASELINE_RETAINED/00_V1.0_BASELINE_RETAINED/02_M07_QUESTION_ID_NUMBERING_AUDIT_v1.0.csv,449,fad9e3725311b6ace04a29348d0e1f2080f74664e852d3fae2c9aa3bf64f597b
M01-M15 new recon(20260907-081753).zip,1,RUMAHAGEN_WF03_M07_CORE_IMPACT_ANALYSIS_CONTROLLED_v1.0_FULL_VERSION.zip!01_QIR_BASELINE/00_M07_V1.1_BASELINE_RETAINED/00_V1.0_BASELINE_RETAINED/03_M07_SEMANTIC_DECISION_MATRIX_v1.0.csv,894,9e1f7aaa4670052b07a27635f2fa95d7606e4a6f1401f174f83900ac3f046434
M01-M15 new recon(20260907-081753).zip,1,RUMAHAGEN_WF03_M07_CORE_IMPACT_ANALYSIS_CONTROLLED_v1.0_FULL_VERSION.zip!01_QIR_BASELINE/00_M07_V1.1_BASELINE_RETAINED/00_V1.0_BASELINE_RETAINED/00_M07_FULL_REBUILD_CONTROLLED_v1.0.md,1648,d1679fadeac3f0f541d5014876e2eeb7eb7c8c30c738a09799425b27787d7cdf
M01-M15 new recon(20260907-081753).zip,1,RUMAHAGEN_WF03_M07_CORE_IMPACT_ANALYSIS_CONTROLLED_v1.0_FULL_VERSION.zip!01_QIR_BASELINE/00_M07_V1.1_BASELINE_RETAINED/00_V1.0_BASELINE_RETAINED/07_M07_CROSS_MODULE_RECONCILIATION_v1.0.csv,896,08191e68ee6a8d6b342e89117917295567dd6f6e1561b4c18591da33dd56fcf6
M01-M15 new recon(20260907-081753).zip,1,RUMAHAGEN_WF03_M07_CORE_IMPACT_ANALYSIS_CONTROLLED_v1.0_FULL_VERSION.zip!01_QIR_BASELINE/00_M07_V1.1_BASELINE_RETAINED/00_V1.0_BASELINE_RETAINED/12_M07_PROVENANCE_MANIFEST_v1.0.csv,662,154fa8e36c55fa51aabc20f968210e114820e3789bfcf0d726861c5ddf73f5f6
M01-M15 new recon(20260907-081753).zip,1,RUMAHAGEN_WF03_M07_CORE_IMPACT_ANALYSIS_CONTROLLED_v1.0_FULL_VERSION.zip!01_QIR_BASELINE/00_M07_V1.1_BASELINE_RETAINED/00_V1.0_BASELINE_RETAINED/04_M07_LIFECYCLE_STATE_TRANSITION_MATRIX_v1.0.csv,732,89cee577f7ef7a6096d907c5f17d013c9e9d7878ed40fd581ce409cd9fcd7faf
M01-M15 new recon(20260907-081753).zip,1,RUMAHAGEN_WF03_M07_CORE_IMPACT_ANALYSIS_CONTROLLED_v1.0_FULL_VERSION.zip!01_QIR_BASELINE/00_M07_V1.1_BASELINE_RETAINED/00_V1.0_BASELINE_RETAINED/08_M07_DOWNSTREAM_PHYSICAL_RUNTIME_REGISTER_v1.0.csv,552,568038089971b21ae2720e8be60f6b4f976d027f27083f97a28856c79e49f9fb
M01-M15 new recon(20260907-081753).zip,1,RUMAHAGEN_WF03_M07_CORE_IMPACT_ANALYSIS_CONTROLLED_v1.0_FULL_VERSION.zip!01_QIR_BASELINE/00_M07_V1.1_BASELINE_RETAINED/00_V1.0_BASELINE_RETAINED/05_M07_SEMANTIC_PERMISSION_MATRIX_v1.0.csv,266,d99b33c9ad910ad7b952993ebcf54cdc7b4b1136a209036e8eea4f14a002803a
M01-M15 new recon(20260907-081753).zip,1,RUMAHAGEN_WF03_M07_CORE_IMPACT_ANALYSIS_CONTROLLED_v1.0_FULL_VERSION.zip!01_QIR_BASELINE/00_M07_V1.1_BASELINE_RETAINED/00_V1.0_BASELINE_RETAINED/11_M07_FULL_REBUILD_CONTROL_MATRIX_v1.0.xlsx,8588,991629fc0522320e193f68995ca2da99259c059f8e3c021092ca3e5c43f5c29a
M01-M15 new recon(20260907-081753).zip,1,RUMAHAGEN_WF03_M07_CORE_IMPACT_ANALYSIS_CONTROLLED_v1.0_FULL_VERSION.zip!01_QIR_BASELINE/00_M07_V1.1_BASELINE_RETAINED/00_V1.0_BASELINE_RETAINED/06_M07_ACTOR_CONDITION_SCOPE_VISIBILITY_APPROVAL_v1.0.csv,879,850b38ce29891a3bbe2f7c3bc2354c5ff491d16688b9010dbc4895a5e2bd928b
M01-M15 new recon(20260907-081753).zip,1,RUMAHAGEN_WF03_M07_CORE_IMPACT_ANALYSIS_CONTROLLED_v1.0_FULL_VERSION.zip!01_QIR_BASELINE/00_M07_V1.1_BASELINE_RETAINED/00_V1.0_BASELINE_RETAINED/00_SOURCE_PROVENANCE/RUMAHAGEN_WF-03.2_MASTER_PERMISSION_MATRIX_M01-M07_RECONCILED_v1.1.csv,26080,21e2d097a41dd414b747d4c4c04ad0a7e83d421dd91681d1464e1642d95b01a0
M01-M15 new recon(20260907-081753).zip,1,RUMAHAGEN_WF03_M07_CORE_IMPACT_ANALYSIS_CONTROLLED_v1.0_FULL_VERSION.zip!01_QIR_BASELINE/00_M07_V1.1_BASELINE_RETAINED/00_V1.0_BASELINE_RETAINED/00_SOURCE_PROVENANCE/WF03_MASTER_PROGRESS_M01-M15_v1.7_M06_COMPLETE(1).xlsx,32038,c3993344dc85b78219e52635e09ac3dbb2ed97fed3f621e03f514e4ae020e152
M01-M15 new recon(20260907-081753).zip,1,RUMAHAGEN_WF03_M07_CORE_IMPACT_ANALYSIS_CONTROLLED_v1.0_FULL_VERSION.zip!01_QIR_BASELINE/00_M07_V1.1_BASELINE_RETAINED/00_V1.0_BASELINE_RETAINED/00_SOURCE_PROVENANCE/M07_PHYSICAL_EXECUTION_SPEC_v2.1.md,8514,662cf023986fc73f6684c928b3c4e00ba5e8e01b2ad07951945b5c9de67808e7
M01-M15 new recon(20260907-081753).zip,1,RUMAHAGEN_WF03_M07_CORE_IMPACT_ANALYSIS_CONTROLLED_v1.0_FULL_VERSION.zip!01_QIR_BASELINE/00_M07_V1.1_BASELINE_RETAINED/00_V1.0_BASELINE_RETAINED/00_SOURCE_PROVENANCE/RUMAHAGEN_WF-03.2_M07_PERMISSION_MATRIX_RECONCILIATION_v1.0.docx,38786,fd2fd3ef8a13db69ff2a1fabde3b7627ccfaf18d2485ee9a5e5945b5ee1dd593
M01-M15 new recon(20260907-081753).zip,1,RUMAHAGEN_WF03_M07_CORE_IMPACT_ANALYSIS_CONTROLLED_v1.0_FULL_VERSION.zip!01_QIR_BASELINE/00_M07_V1.1_BASELINE_RETAINED/00_V1.0_BASELINE_RETAINED/00_SOURCE_PROVENANCE/W4-02A.6.27_FOCUSED_EXECUTION_PACK_M01-M07_v2.1.md,12149,ffdcb89752116a428d687955f911c8769cdd4828096a2f8ec60ff28c75abe543
M01-M15 new recon(20260907-081753).zip,1,RUMAHAGEN_WF03_M07_CORE_IMPACT_ANALYSIS_CONTROLLED_v1.0_FULL_VERSION.zip!02_REBUILD_BASELINE/00_CURRENT_SOURCE_PROVENANCE/M07_PERMISSION_RECONCILIATION_v1.0.docx,38786,fd2fd3ef8a13db69ff2a1fabde3b7627ccfaf18d2485ee9a5e5945b5ee1dd593
M01-M15 new recon(20260907-081753).zip,1,RUMAHAGEN_WF03_M07_CORE_IMPACT_ANALYSIS_CONTROLLED_v1.0_FULL_VERSION.zip!02_REBUILD_BASELINE/00_CURRENT_SOURCE_PROVENANCE/CURRENT_PERMISSION_MASTER_v1.2.xlsx,23218,b943598b6fea33b3fa690962f745b6088d4deda168b5396a5cedf07eeea5dc41
M01-M15 new recon(20260907-081753).zip,1,RUMAHAGEN_WF03_M07_CORE_IMPACT_ANALYSIS_CONTROLLED_v1.0_FULL_VERSION.zip!02_REBUILD_BASELINE/00_CURRENT_SOURCE_PROVENANCE/CURRENT_PERMISSION_MASTER_v1.2.csv,27560,e5867ab7e3814555603fde73f28080bae198a952a0ac27d9ebe05d0d9eeeb461
M01-M15 new recon(20260907-081753).zip,1,RUMAHAGEN_WF03_M07_CORE_IMPACT_ANALYSIS_CONTROLLED_v1.0_FULL_VERSION.zip!02_REBUILD_BASELINE/00_CURRENT_SOURCE_PROVENANCE/M07_REBUILD_v1.0_SOURCE.zip,87977,9276d7318a495102f89d34d98ceb9ee34be55e085d0badb8708b79042cfb816f
M01-M15 new recon(20260907-081753).zip,2,RUMAHAGEN_WF03_M07_CORE_IMPACT_ANALYSIS_CONTROLLED_v1.0_FULL_VERSION.zip!02_REBUILD_BASELINE/00_CURRENT_SOURCE_PROVENANCE/M07_REBUILD_v1.0_SOURCE.zip!01_M07_QUESTION_INVENTORY_FULL_v1.0.csv,3387,3b18a1411b75c9b11823d9b29df08914f82d668c10fe61fdba47b68c688a1ee3
M01-M15 new recon(20260907-081753).zip,2,RUMAHAGEN_WF03_M07_CORE_IMPACT_ANALYSIS_CONTROLLED_v1.0_FULL_VERSION.zip!02_REBUILD_BASELINE/00_CURRENT_SOURCE_PROVENANCE/M07_REBUILD_v1.0_SOURCE.zip!09_M07_CONFLICT_RECONCILIATION_REGISTER_v1.0.csv,1111,0f1e44e79f76b5fc94c8f43e490a718ef99de9a586179c32868911ae86a66424
M01-M15 new recon(20260907-081753).zip,2,RUMAHAGEN_WF03_M07_CORE_IMPACT_ANALYSIS_CONTROLLED_v1.0_FULL_VERSION.zip!02_REBUILD_BASELINE/00_CURRENT_SOURCE_PROVENANCE/M07_REBUILD_v1.0_SOURCE.zip!13_M07_OUTPUT_MANIFEST_v1.0.csv,2266,9e145727b9aeeae1f94bb72646fe89c87a535c630b4f3825040c6882aeade49d
M01-M15 new recon(20260907-081753).zip,2,RUMAHAGEN_WF03_M07_CORE_IMPACT_ANALYSIS_CONTROLLED_v1.0_FULL_VERSION.zip!02_REBUILD_BASELINE/00_CURRENT_SOURCE_PROVENANCE/M07_REBUILD_v1.0_SOURCE.zip!10_M07_FINAL_QA_AND_COMPLETION_GATE_v1.0.md,1653,4f16abf00d264275bdde96b942e2376cac5b084ffe2e04367a71cb805c701234
M01-M15 new recon(20260907-081753).zip,2,RUMAHAGEN_WF03_M07_CORE_IMPACT_ANALYSIS_CONTROLLED_v1.0_FULL_VERSION.zip!02_REBUILD_BASELINE/00_CURRENT_SOURCE_PROVENANCE/M07_REBUILD_v1.0_SOURCE.zip!02_M07_QUESTION_ID_NUMBERING_AUDIT_v1.0.csv,449,fad9e3725311b6ace04a29348d0e1f2080f74664e852d3fae2c9aa3bf64f597b
M01-M15 new recon(20260907-081753).zip,2,RUMAHAGEN_WF03_M07_CORE_IMPACT_ANALYSIS_CONTROLLED_v1.0_FULL_VERSION.zip!02_REBUILD_BASELINE/00_CURRENT_SOURCE_PROVENANCE/M07_REBUILD_v1.0_SOURCE.zip!03_M07_SEMANTIC_DECISION_MATRIX_v1.0.csv,894,9e1f7aaa4670052b07a27635f2fa95d7606e4a6f1401f174f83900ac3f046434
M01-M15 new recon(20260907-081753).zip,2,RUMAHAGEN_WF03_M07_CORE_IMPACT_ANALYSIS_CONTROLLED_v1.0_FULL_VERSION.zip!02_REBUILD_BASELINE/00_CURRENT_SOURCE_PROVENANCE/M07_REBUILD_v1.0_SOURCE.zip!00_M07_FULL_REBUILD_CONTROLLED_v1.0.md,1648,d1679fadeac3f0f541d5014876e2eeb7eb7c8c30c738a09799425b27787d7cdf
M01-M15 new recon(20260907-081753).zip,2,RUMAHAGEN_WF03_M07_CORE_IMPACT_ANALYSIS_CONTROLLED_v1.0_FULL_VERSION.zip!02_REBUILD_BASELINE/00_CURRENT_SOURCE_PROVENANCE/M07_REBUILD_v1.0_SOURCE.zip!07_M07_CROSS_MODULE_RECONCILIATION_v1.0.csv,896,08191e68ee6a8d6b342e89117917295567dd6f6e1561b4c18591da33dd56fcf6
M01-M15 new recon(20260907-081753).zip,2,RUMAHAGEN_WF03_M07_CORE_IMPACT_ANALYSIS_CONTROLLED_v1.0_FULL_VERSION.zip!02_REBUILD_BASELINE/00_CURRENT_SOURCE_PROVENANCE/M07_REBUILD_v1.0_SOURCE.zip!12_M07_PROVENANCE_MANIFEST_v1.0.csv,662,154fa8e36c55fa51aabc20f968210e114820e3789bfcf0d726861c5ddf73f5f6
M01-M15 new recon(20260907-081753).zip,2,RUMAHAGEN_WF03_M07_CORE_IMPACT_ANALYSIS_CONTROLLED_v1.0_FULL_VERSION.zip!02_REBUILD_BASELINE/00_CURRENT_SOURCE_PROVENANCE/M07_REBUILD_v1.0_SOURCE.zip!04_M07_LIFECYCLE_STATE_TRANSITION_MATRIX_v1.0.csv,732,89cee577f7ef7a6096d907c5f17d013c9e9d7878ed40fd581ce409cd9fcd7faf
M01-M15 new recon(20260907-081753).zip,2,RUMAHAGEN_WF03_M07_CORE_IMPACT_ANALYSIS_CONTROLLED_v1.0_FULL_VERSION.zip!02_REBUILD_BASELINE/00_CURRENT_SOURCE_PROVENANCE/M07_REBUILD_v1.0_SOURCE.zip!08_M07_DOWNSTREAM_PHYSICAL_RUNTIME_REGISTER_v1.0.csv,552,568038089971b21ae2720e8be60f6b4f976d027f27083f97a28856c79e49f9fb
M01-M15 new recon(20260907-081753).zip,2,RUMAHAGEN_WF03_M07_CORE_IMPACT_ANALYSIS_CONTROLLED_v1.0_FULL_VERSION.zip!02_REBUILD_BASELINE/00_CURRENT_SOURCE_PROVENANCE/M07_REBUILD_v1.0_SOURCE.zip!05_M07_SEMANTIC_PERMISSION_MATRIX_v1.0.csv,266,d99b33c9ad910ad7b952993ebcf54cdc7b4b1136a209036e8eea4f14a002803a
M01-M15 new recon(20260907-081753).zip,2,RUMAHAGEN_WF03_M07_CORE_IMPACT_ANALYSIS_CONTROLLED_v1.0_FULL_VERSION.zip!02_REBUILD_BASELINE/00_CURRENT_SOURCE_PROVENANCE/M07_REBUILD_v1.0_SOURCE.zip!11_M07_FULL_REBUILD_CONTROL_MATRIX_v1.0.xlsx,8588,991629fc0522320e193f68995ca2da99259c059f8e3c021092ca3e5c43f5c29a
M01-M15 new recon(20260907-081753).zip,2,RUMAHAGEN_WF03_M07_CORE_IMPACT_ANALYSIS_CONTROLLED_v1.0_FULL_VERSION.zip!02_REBUILD_BASELINE/00_CURRENT_SOURCE_PROVENANCE/M07_REBUILD_v1.0_SOURCE.zip!06_M07_ACTOR_CONDITION_SCOPE_VISIBILITY_APPROVAL_v1.0.csv,879,850b38ce29891a3bbe2f7c3bc2354c5ff491d16688b9010dbc4895a5e2bd928b
M01-M15 new recon(20260907-081753).zip,2,RUMAHAGEN_WF03_M07_CORE_IMPACT_ANALYSIS_CONTROLLED_v1.0_FULL_VERSION.zip!02_REBUILD_BASELINE/00_CURRENT_SOURCE_PROVENANCE/M07_REBUILD_v1.0_SOURCE.zip!00_SOURCE_PROVENANCE/RUMAHAGEN_WF-03.2_MASTER_PERMISSION_MATRIX_M01-M07_RECONCILED_v1.1.csv,26080,21e2d097a41dd414b747d4c4c04ad0a7e83d421dd91681d1464e1642d95b01a0
M01-M15 new recon(20260907-081753).zip,2,RUMAHAGEN_WF03_M07_CORE_IMPACT_ANALYSIS_CONTROLLED_v1.0_FULL_VERSION.zip!02_REBUILD_BASELINE/00_CURRENT_SOURCE_PROVENANCE/M07_REBUILD_v1.0_SOURCE.zip!00_SOURCE_PROVENANCE/WF03_MASTER_PROGRESS_M01-M15_v1.7_M06_COMPLETE(1).xlsx,32038,c3993344dc85b78219e52635e09ac3dbb2ed97fed3f621e03f514e4ae020e152
M01-M15 new recon(20260907-081753).zip,2,RUMAHAGEN_WF03_M07_CORE_IMPACT_ANALYSIS_CONTROLLED_v1.0_FULL_VERSION.zip!02_REBUILD_BASELINE/00_CURRENT_SOURCE_PROVENANCE/M07_REBUILD_v1.0_SOURCE.zip!00_SOURCE_PROVENANCE/M07_PHYSICAL_EXECUTION_SPEC_v2.1.md,8514,662cf023986fc73f6684c928b3c4e00ba5e8e01b2ad07951945b5c9de67808e7
M01-M15 new recon(20260907-081753).zip,2,RUMAHAGEN_WF03_M07_CORE_IMPACT_ANALYSIS_CONTROLLED_v1.0_FULL_VERSION.zip!02_REBUILD_BASELINE/00_CURRENT_SOURCE_PROVENANCE/M07_REBUILD_v1.0_SOURCE.zip!00_SOURCE_PROVENANCE/RUMAHAGEN_WF-03.2_M07_PERMISSION_MATRIX_RECONCILIATION_v1.0.docx,38786,fd2fd3ef8a13db69ff2a1fabde3b7627ccfaf18d2485ee9a5e5945b5ee1dd593
M01-M15 new recon(20260907-081753).zip,2,RUMAHAGEN_WF03_M07_CORE_IMPACT_ANALYSIS_CONTROLLED_v1.0_FULL_VERSION.zip!02_REBUILD_BASELINE/00_CURRENT_SOURCE_PROVENANCE/M07_REBUILD_v1.0_SOURCE.zip!00_SOURCE_PROVENANCE/W4-02A.6.27_FOCUSED_EXECUTION_PACK_M01-M07_v2.1.md,12149,ffdcb89752116a428d687955f911c8769cdd4828096a2f8ec60ff28c75abe543
M01-M15 new recon(20260907-081753).zip,1,RUMAHAGEN_WF03_M07_CORE_IMPACT_ANALYSIS_CONTROLLED_v1.0_FULL_VERSION.zip!02_REBUILD_BASELINE/00_V1.0_BASELINE_RETAINED/01_M07_QUESTION_INVENTORY_FULL_v1.0.csv,3387,3b18a1411b75c9b11823d9b29df08914f82d668c10fe61fdba47b68c688a1ee3
M01-M15 new recon(20260907-081753).zip,1,RUMAHAGEN_WF03_M07_CORE_IMPACT_ANALYSIS_CONTROLLED_v1.0_FULL_VERSION.zip!02_REBUILD_BASELINE/00_V1.0_BASELINE_RETAINED/09_M07_CONFLICT_RECONCILIATION_REGISTER_v1.0.csv,1111,0f1e44e79f76b5fc94c8f43e490a718ef99de9a586179c32868911ae86a66424
M01-M15 new recon(20260907-081753).zip,1,RUMAHAGEN_WF03_M07_CORE_IMPACT_ANALYSIS_CONTROLLED_v1.0_FULL_VERSION.zip!02_REBUILD_BASELINE/00_V1.0_BASELINE_RETAINED/13_M07_OUTPUT_MANIFEST_v1.0.csv,2266,9e145727b9aeeae1f94bb72646fe89c87a535c630b4f3825040c6882aeade49d
M01-M15 new recon(20260907-081753).zip,1,RUMAHAGEN_WF03_M07_CORE_IMPACT_ANALYSIS_CONTROLLED_v1.0_FULL_VERSION.zip!02_REBUILD_BASELINE/00_V1.0_BASELINE_RETAINED/10_M07_FINAL_QA_AND_COMPLETION_GATE_v1.0.md,1653,4f16abf00d264275bdde96b942e2376cac5b084ffe2e04367a71cb805c701234
M01-M15 new recon(20260907-081753).zip,1,RUMAHAGEN_WF03_M07_CORE_IMPACT_ANALYSIS_CONTROLLED_v1.0_FULL_VERSION.zip!02_REBUILD_BASELINE/00_V1.0_BASELINE_RETAINED/02_M07_QUESTION_ID_NUMBERING_AUDIT_v1.0.csv,449,fad9e3725311b6ace04a29348d0e1f2080f74664e852d3fae2c9aa3bf64f597b
M01-M15 new recon(20260907-081753).zip,1,RUMAHAGEN_WF03_M07_CORE_IMPACT_ANALYSIS_CONTROLLED_v1.0_FULL_VERSION.zip!02_REBUILD_BASELINE/00_V1.0_BASELINE_RETAINED/03_M07_SEMANTIC_DECISION_MATRIX_v1.0.csv,894,9e1f7aaa4670052b07a27635f2fa95d7606e4a6f1401f174f83900ac3f046434
M01-M15 new recon(20260907-081753).zip,1,RUMAHAGEN_WF03_M07_CORE_IMPACT_ANALYSIS_CONTROLLED_v1.0_FULL_VERSION.zip!02_REBUILD_BASELINE/00_V1.0_BASELINE_RETAINED/00_M07_FULL_REBUILD_CONTROLLED_v1.0.md,1648,d1679fadeac3f0f541d5014876e2eeb7eb7c8c30c738a09799425b27787d7cdf
M01-M15 new recon(20260907-081753).zip,1,RUMAHAGEN_WF03_M07_CORE_IMPACT_ANALYSIS_CONTROLLED_v1.0_FULL_VERSION.zip!02_REBUILD_BASELINE/00_V1.0_BASELINE_RETAINED/07_M07_CROSS_MODULE_RECONCILIATION_v1.0.csv,896,08191e68ee6a8d6b342e89117917295567dd6f6e1561b4c18591da33dd56fcf6
M01-M15 new recon(20260907-081753).zip,1,RUMAHAGEN_WF03_M07_CORE_IMPACT_ANALYSIS_CONTROLLED_v1.0_FULL_VERSION.zip!02_REBUILD_BASELINE/00_V1.0_BASELINE_RETAINED/12_M07_PROVENANCE_MANIFEST_v1.0.csv,662,154fa8e36c55fa51aabc20f968210e114820e3789bfcf0d726861c5ddf73f5f6
M01-M15 new recon(20260907-081753).zip,1,RUMAHAGEN_WF03_M07_CORE_IMPACT_ANALYSIS_CONTROLLED_v1.0_FULL_VERSION.zip!02_REBUILD_BASELINE/00_V1.0_BASELINE_RETAINED/04_M07_LIFECYCLE_STATE_TRANSITION_MATRIX_v1.0.csv,732,89cee577f7ef7a6096d907c5f17d013c9e9d7878ed40fd581ce409cd9fcd7faf
M01-M15 new recon(20260907-081753).zip,1,RUMAHAGEN_WF03_M07_CORE_IMPACT_ANALYSIS_CONTROLLED_v1.0_FULL_VERSION.zip!02_REBUILD_BASELINE/00_V1.0_BASELINE_RETAINED/08_M07_DOWNSTREAM_PHYSICAL_RUNTIME_REGISTER_v1.0.csv,552,568038089971b21ae2720e8be60f6b4f976d027f27083f97a28856c79e49f9fb
M01-M15 new recon(20260907-081753).zip,1,RUMAHAGEN_WF03_M07_CORE_IMPACT_ANALYSIS_CONTROLLED_v1.0_FULL_VERSION.zip!02_REBUILD_BASELINE/00_V1.0_BASELINE_RETAINED/05_M07_SEMANTIC_PERMISSION_MATRIX_v1.0.csv,266,d99b33c9ad910ad7b952993ebcf54cdc7b4b1136a209036e8eea4f14a002803a
M01-M15 new recon(20260907-081753).zip,1,RUMAHAGEN_WF03_M07_CORE_IMPACT_ANALYSIS_CONTROLLED_v1.0_FULL_VERSION.zip!02_REBUILD_BASELINE/00_V1.0_BASELINE_RETAINED/11_M07_FULL_REBUILD_CONTROL_MATRIX_v1.0.xlsx,8588,991629fc0522320e193f68995ca2da99259c059f8e3c021092ca3e5c43f5c29a
M01-M15 new recon(20260907-081753).zip,1,RUMAHAGEN_WF03_M07_CORE_IMPACT_ANALYSIS_CONTROLLED_v1.0_FULL_VERSION.zip!02_REBUILD_BASELINE/00_V1.0_BASELINE_RETAINED/06_M07_ACTOR_CONDITION_SCOPE_VISIBILITY_APPROVAL_v1.0.csv,879,850b38ce29891a3bbe2f7c3bc2354c5ff491d16688b9010dbc4895a5e2bd928b
M01-M15 new recon(20260907-081753).zip,1,RUMAHAGEN_WF03_M07_CORE_IMPACT_ANALYSIS_CONTROLLED_v1.0_FULL_VERSION.zip!02_REBUILD_BASELINE/00_V1.0_BASELINE_RETAINED/00_SOURCE_PROVENANCE/RUMAHAGEN_WF-03.2_MASTER_PERMISSION_MATRIX_M01-M07_RECONCILED_v1.1.csv,26080,21e2d097a41dd414b747d4c4c04ad0a7e83d421dd91681d1464e1642d95b01a0
M01-M15 new recon(20260907-081753).zip,1,RUMAHAGEN_WF03_M07_CORE_IMPACT_ANALYSIS_CONTROLLED_v1.0_FULL_VERSION.zip!02_REBUILD_BASELINE/00_V1.0_BASELINE_RETAINED/00_SOURCE_PROVENANCE/WF03_MASTER_PROGRESS_M01-M15_v1.7_M06_COMPLETE(1).xlsx,32038,c3993344dc85b78219e52635e09ac3dbb2ed97fed3f621e03f514e4ae020e152
M01-M15 new recon(20260907-081753).zip,1,RUMAHAGEN_WF03_M07_CORE_IMPACT_ANALYSIS_CONTROLLED_v1.0_FULL_VERSION.zip!02_REBUILD_BASELINE/00_V1.0_BASELINE_RETAINED/00_SOURCE_PROVENANCE/M07_PHYSICAL_EXECUTION_SPEC_v2.1.md,8514,662cf023986fc73f6684c928b3c4e00ba5e8e01b2ad07951945b5c9de67808e7
M01-M15 new recon(20260907-081753).zip,1,RUMAHAGEN_WF03_M07_CORE_IMPACT_ANALYSIS_CONTROLLED_v1.0_FULL_VERSION.zip!02_REBUILD_BASELINE/00_V1.0_BASELINE_RETAINED/00_SOURCE_PROVENANCE/RUMAHAGEN_WF-03.2_M07_PERMISSION_MATRIX_RECONCILIATION_v1.0.docx,38786,fd2fd3ef8a13db69ff2a1fabde3b7627ccfaf18d2485ee9a5e5945b5ee1dd593
M01-M15 new recon(20260907-081753).zip,1,RUMAHAGEN_WF03_M07_CORE_IMPACT_ANALYSIS_CONTROLLED_v1.0_FULL_VERSION.zip!02_REBUILD_BASELINE/00_V1.0_BASELINE_RETAINED/00_SOURCE_PROVENANCE/W4-02A.6.27_FOCUSED_EXECUTION_PACK_M01-M07_v2.1.md,12149,ffdcb89752116a428d687955f911c8769cdd4828096a2f8ec60ff28c75abe543
M01-M15 new recon(20260907-081753).zip,1,RUMAHAGEN_WF03_M07_CORE_IMPACT_ANALYSIS_CONTROLLED_v1.0_FULL_VERSION.zip!03_CORE_M07_EVIDENCE_RETAINED/RUMAHAGEN_WIREFRAME_CORE_FINAL_SOURCE_PACK_v1.2/27_AI_BLUEPRINT/W4-02A.6.31_AI_DEVELOPMENT_BLUEPRINT_v2.1.md,29348,504a5738b3a832159850b0c1035e95f02b509a773a52fb01b722948e01ab09c2
M01-M15 new recon(20260907-081753).zip,1,RUMAHAGEN_WF03_M07_CORE_IMPACT_ANALYSIS_CONTROLLED_v1.0_FULL_VERSION.zip!03_CORE_M07_EVIDENCE_RETAINED/RUMAHAGEN_WIREFRAME_CORE_FINAL_SOURCE_PACK_v1.2/22_EXECUTION_BATCH/W4-02A.6.26_MODULE_EXECUTION_DEPENDENCY_BATCH_PLAN_v2.1.md,40666,316a5cb6d2f71910f078d8b905a4b14024e3186361fa14cfaa9fa921e882d097
M01-M15 new recon(20260907-081753).zip,1,RUMAHAGEN_WF03_M07_CORE_IMPACT_ANALYSIS_CONTROLLED_v1.0_FULL_VERSION.zip!03_CORE_M07_EVIDENCE_RETAINED/RUMAHAGEN_WIREFRAME_CORE_FINAL_SOURCE_PACK_v1.2/23_M01_M07/W4-02A.6.27_FOCUSED_EXECUTION_PACK_M01-M07_v2.1.md,12149,ffdcb89752116a428d687955f911c8769cdd4828096a2f8ec60ff28c75abe543
M01-M15 new recon(20260907-081753).zip,1,RUMAHAGEN_WF03_M07_CORE_IMPACT_ANALYSIS_CONTROLLED_v1.0_FULL_VERSION.zip!03_CORE_M07_EVIDENCE_RETAINED/RUMAHAGEN_WIREFRAME_CORE_FINAL_SOURCE_PACK_v1.2/09_ERD/W4-02A.6.13_ERD_CURRENT_LOGICAL_DATA_MODEL_FULL_CONSOLIDATED_v2.1.docx,62303,5a5ba139cff31fbd297cac3871a3b250f13b94dabcb15b49d89af86ca785cb88
M01-M15 new recon(20260907-081753).zip,1,RUMAHAGEN_WF03_M07_CORE_IMPACT_ANALYSIS_CONTROLLED_v1.0_FULL_VERSION.zip!03_CORE_M07_EVIDENCE_RETAINED/RUMAHAGEN_WIREFRAME_CORE_FINAL_SOURCE_PACK_v1.2/19_IMPLEMENTATION_STRATEGY/W4-02A.6.23_MODULE_IMPLEMENTATION_STRATEGY_INTEGRATED_IMPLEMENTATION_SEQUENCING_v2.1.md,56613,051aa36f9444153d1d56df6d960bd80d91922f3c1f84c02d636dc111dd20d47f
M01-M15 new recon(20260907-081753).zip,1,RUMAHAGEN_WF03_M07_CORE_IMPACT_ANALYSIS_CONTROLLED_v1.0_FULL_VERSION.zip!03_CORE_M07_EVIDENCE_RETAINED/RUMAHAGEN_WIREFRAME_CORE_FINAL_SOURCE_PACK_v1.2/26_ENGINEERING_ALIGNMENT/W4-02A.6.30_ENGINEERING_ALIGNMENT_GUIDEBOOK_PLAYBOOK_v2.1.md,31681,239e06d97698eb97c4e362b1b9ecf25f064fbe8e665e2f9e328d00e6d339a090
M01-M15 new recon(20260907-081753).zip,1,RUMAHAGEN_WF03_M07_CORE_IMPACT_ANALYSIS_CONTROLLED_v1.0_FULL_VERSION.zip!03_CORE_M07_EVIDENCE_RETAINED/RUMAHAGEN_WIREFRAME_CORE_FINAL_SOURCE_PACK_v1.2/17_SEO_ANALYTICS/W4-02A.6.21_SEO_ANALYTICS_SPECIFICATION_DISCOVERY_MEASUREMENT_BASELINE_v2.1.md,68505,be0af1e745ac3d19a65abb90beff833941b1d1fb5a4fd1233c681a84023e75de
M01-M15 new recon(20260907-081753).zip,1,RUMAHAGEN_WF03_M07_CORE_IMPACT_ANALYSIS_CONTROLLED_v1.0_FULL_VERSION.zip!03_CORE_M07_EVIDENCE_RETAINED/RUMAHAGEN_WIREFRAME_CORE_FINAL_SOURCE_PACK_v1.2/12_API/W4-02A.6.16_API_SPECIFICATION_CURRENT_API_CONTRACT_BASELINE_FULL_CONSOLIDATED_v2.1.docx,65180,fbfc539044ed2b7037ebee6ed5d5065c4e14efbd042a4928b107c02c210277d1
M01-M15 new recon(20260907-081753).zip,1,RUMAHAGEN_WF03_M07_CORE_IMPACT_ANALYSIS_CONTROLLED_v1.0_FULL_VERSION.zip!03_CORE_M07_EVIDENCE_RETAINED/RUMAHAGEN_WIREFRAME_CORE_FINAL_SOURCE_PACK_v1.2/11_DATABASE_SCHEMA/W4-02A.6.15_DATABASE_SCHEMA_CURRENT_PHYSICAL_SCHEMA_REFERENCE_FULL_CONSOLIDATED_v2.7.docx,74525,91d9d78bc4d0818bca5802f0315f3d1146d0a32a9645646607418708745f79b9
M01-M15 new recon(20260907-081753).zip,1,RUMAHAGEN_WF03_M07_CORE_IMPACT_ANALYSIS_CONTROLLED_v1.0_FULL_VERSION.zip!03_CORE_M07_EVIDENCE_RETAINED/RUMAHAGEN_WIREFRAME_CORE_FINAL_SOURCE_PACK_v1.2/21_EXECUTION_SPECIFICATION/W4-02A.6.25_MODULE_EXECUTION_SPECIFICATION_ARCHITECTURE_v2.1.md,46464,8e82d6f1308995ba163d0c2c49786c8b8999d7c2e6b4388e07661678ffa095a3
M01-M15 new recon(20260907-081753).zip,1,RUMAHAGEN_WF03_M07_CORE_IMPACT_ANALYSIS_CONTROLLED_v1.0_FULL_VERSION.zip!03_CORE_M07_EVIDENCE_RETAINED/RUMAHAGEN_WIREFRAME_CORE_FINAL_SOURCE_PACK_v1.2/28_AI_CONTEXT/W4-02A.6.32_AI_CONTEXT_PACK_v2.1.md,19773,b4a5c5863ffc9934467688078144210f23eed59e3f574b9eaba171a10f7a1bae
M01-M15 new recon(20260907-081753).zip,1,RUMAHAGEN_WF03_M07_CORE_IMPACT_ANALYSIS_CONTROLLED_v1.0_FULL_VERSION.zip!03_CORE_M07_EVIDENCE_RETAINED/RUMAHAGEN_WIREFRAME_CORE_FINAL_SOURCE_PACK_v1.2/10_DATABASE_DICTIONARY/W4-02A.6.14_DATABASE_DICTIONARY_CURRENT_LOGICAL_TO_PHYSICAL_DATA_MEANING_FULL_CONSOLIDATED_v2.2.docx,78665,8abcb2ca2e275288c83add193936a2763c9e3c9c75ba38088289a18080956219
M01-M15 new recon(20260907-081753).zip,1,RUMAHAGEN_WF03_M07_CORE_IMPACT_ANALYSIS_CONTROLLED_v1.0_FULL_VERSION.zip!03_CORE_M07_EVIDENCE_RETAINED/RUMAHAGEN_WIREFRAME_CORE_FINAL_SOURCE_PACK_v1.2/18_MODULE_DEPENDENCY/W4-02A.6.22_MODULE_DEPENDENCY_MATRIX_CROSS_MODULE_DEPENDENCY_CONTRACT_v2.1.md,49622,30a5c406428ad0e2e377e2803a77d16c0d9cac0f7f6c1249dadb89d1360bc9e3
M01-M15 new recon(20260907-081753).zip,1,RUMAHAGEN_WF03_M07_CORE_IMPACT_ANALYSIS_CONTROLLED_v1.0_FULL_VERSION.zip!03_CORE_M07_EVIDENCE_RETAINED/RUMAHAGEN_WIREFRAME_CORE_FINAL_SOURCE_PACK_v1.2/08_USER_FLOW/W4-02A.6.12_USER_FLOW_CURRENT_CROSS_DOMAIN_INTERACTION_FLOW_FULL_CONSOLIDATED_v2.1.docx,51562,bc5e3f9af3842e727f34d2ef0c4f3b91cc52c911645698696b92b0745bbbd4de
M01-M15 new recon(20260907-081753).zip,1,RUMAHAGEN_WF03_M07_CORE_IMPACT_ANALYSIS_CONTROLLED_v1.0_FULL_VERSION.zip!03_CORE_M07_EVIDENCE_RETAINED/RUMAHAGEN_WIREFRAME_CORE_FINAL_SOURCE_PACK_v1.2/04_ARCHITECTURE/W4-02A.6.5_SYSTEM_ARCHITECTURE_FULL_CONSOLIDATED_v1.8.docx,93386,c1aa07968bb5bdfc9f9600dc48da804f65574f49da672282237ec90c4cc94884
M01-M15 new recon(20260907-081753).zip,1,RUMAHAGEN_WF03_M07_CORE_IMPACT_ANALYSIS_CONTROLLED_v1.0_FULL_VERSION.zip!03_CORE_M07_EVIDENCE_RETAINED/RUMAHAGEN_WIREFRAME_CORE_FINAL_SOURCE_PACK_v1.2/16_UI_UX/W4-02A.6.20_UI_UX_SPECIFICATION_CURRENT_INTERFACE_BEHAVIOR_CONTRACT_v2.1.md,62858,c2388d37bbcf910316d0d9c257c1f346a99fc0349b2c1086d8e3154a2a32a8d7
M01-M15 new recon(20260907-081753).zip,1,RUMAHAGEN_WF03_M07_CORE_IMPACT_ANALYSIS_CONTROLLED_v1.0_FULL_VERSION.zip!03_CORE_M07_EVIDENCE_RETAINED/RUMAHAGEN_WIREFRAME_CORE_FINAL_SOURCE_PACK_v1.2/20_MODULE_PLANNING/W4-02A.6.24_REVISED_MODULE_PLANNING_CURRENT_MODULE_DELIVERY_PLANNING_v2.1.md,55040,7373552ff7f43e2822f7819b2101ec0df7bc1acee60e8b92dc866f330203d7be
M01-M15 new recon(20260907-081753).zip,1,RUMAHAGEN_WF03_M07_CORE_IMPACT_ANALYSIS_CONTROLLED_v1.0_FULL_VERSION.zip!03_CORE_M07_EVIDENCE_RETAINED/RUMAHAGEN_WIREFRAME_CORE_FINAL_SOURCE_PACK_v1.2/15_TECHNICAL/W4-02A.6.19_TECHNICAL_SPECIFICATION_CURRENT_TECHNICAL_IMPLEMENTATION_CONTRACT_v2.1.md,69175,2ac01b6961b6ab97d26ee8c314aaf06101af49cb746c4069147559fb8002b29c
M01-M15 new recon(20260907-081753).zip,1,RUMAHAGEN_WF03_M07_CORE_IMPACT_ANALYSIS_CONTROLLED_v1.0_FULL_VERSION.zip!03_CORE_M07_EVIDENCE_RETAINED/RUMAHAGEN_WIREFRAME_CORE_FINAL_SOURCE_PACK_v1.2/25_EXECUTION_AUDIT/W4-02A.6.29_EXECUTION_PACK_AUDIT_RECONCILIATION_v2.1.md,18012,70302b771fdd9293db1fe6d9d736f8926eef76bbdf2993489cb0eb182e540ea3
M01-M15 new recon(20260907-081753).zip,1,RUMAHAGEN_WF03_M07_CORE_IMPACT_ANALYSIS_CONTROLLED_v1.0_FULL_VERSION.zip!03_CORE_M07_EVIDENCE_RETAINED/RUMAHAGEN_WIREFRAME_CORE_FINAL_SOURCE_PACK_v1.2/13_RBAC_RLS/W4-02A.6.17_RBAC_PERMISSION_RLS_CURRENT_AUTHORIZATION_BASELINE_FULL_CONSOLIDATED_v2.1.docx,53047,cd5067a3a2cb8e0104e94fbea78ab64a30e19ed28230aef5889baa5021784a0a
M01-M15 new recon(20260907-081753).zip,1,RUMAHAGEN_WF03_M07_CORE_IMPACT_ANALYSIS_CONTROLLED_v1.0_FULL_VERSION.zip!03_CORE_M07_EVIDENCE_RETAINED/RUMAHAGEN_WIREFRAME_CORE_FINAL_SOURCE_PACK_v1.2/30_RECONCILIATION_EVIDENCE/W4-02A.5_CROSS_DOMAIN_CONFLICT_RESIDUAL_AUDIT_FULL_CONSOLIDATED_v1.0.docx,42652,16982b5861c3ef86327b8f79f07eb080faac17aa6a422cc983f79d11a40564df
M01-M15 new recon(20260907-081753).zip,1,RUMAHAGEN_WF03_M07_CORE_IMPACT_ANALYSIS_CONTROLLED_v1.0_FULL_VERSION.zip!03_CORE_M07_EVIDENCE_RETAINED/RUMAHAGEN_WIREFRAME_CORE_FINAL_SOURCE_PACK_v1.2/29_FINAL_CONTROL/W4-02A.6.37_FINAL_CROSS_DOCUMENT_RECONCILIATION_v1.0.docx,56438,55ba7ad886ea26469d2569f50ce577acf241b0b26969816e62774546acab967c
M01-M15 new recon(20260907-081753).zip,1,RUMAHAGEN_WF03_M07_CORE_IMPACT_ANALYSIS_CONTROLLED_v1.0_FULL_VERSION.zip!03_CORE_M07_EVIDENCE_RETAINED/RUMAHAGEN_WIREFRAME_CORE_FINAL_SOURCE_PACK_v1.2/29_FINAL_CONTROL/W4-02A.6.33_DECISION_LOG_FINAL_v2.1.md,18845,712f6513cc1b66ae90f673f920ee500d235a633dd4916f10a97b7031334821ca
M01-M15 new recon(20260907-081753).zip,1,RUMAHAGEN_WF03_M07_CORE_IMPACT_ANALYSIS_CONTROLLED_v1.0_FULL_VERSION.zip!03_CORE_M07_EVIDENCE_RETAINED/RUMAHAGEN_WIREFRAME_CORE_FINAL_SOURCE_PACK_v1.2/14_FUNCTIONAL/W4-02A.6.18_FUNCTIONAL_SPECIFICATION_CURRENT_FUNCTIONAL_IMPLEMENTATION_CONTRACT_v2.1.md,60334,d7e9a7b5c761d51495e77f73824f903ca057e602c204c79284a2ae70c522072e
M01-M15 new recon(20260907-081753).zip,0,RUMAHAGEN_WF03_M07_QIR_RESOLUTION_CONTROLLED_v1.0_FULL_VERSION.zip,484426,d7262bb33078040698eda48925074ee679ede2df87a33a34b69a08de32538e1c
M01-M15 new recon(20260907-081753).zip,1,RUMAHAGEN_WF03_M07_QIR_RESOLUTION_CONTROLLED_v1.0_FULL_VERSION.zip!04_M07_QIR_SEMANTIC_LOCK_MATRIX_v1.0.csv,749,a029592aa4b6c0cce247e940f6cf912ef45d32c5601999877c2c51f397cd8a50
M01-M15 new recon(20260907-081753).zip,1,RUMAHAGEN_WF03_M07_QIR_RESOLUTION_CONTROLLED_v1.0_FULL_VERSION.zip!03_M07_QIR_TWO_CORE_FINDINGS_RESOLUTION_v1.0.csv,940,d6c13a5796d7fa3111a7926223aa3f9ee6ce767b3e92b5e852f55cf596ac2b71
M01-M15 new recon(20260907-081753).zip,1,RUMAHAGEN_WF03_M07_QIR_RESOLUTION_CONTROLLED_v1.0_FULL_VERSION.zip!07_M07_QIR_DEPENDENCY_RECONCILIATION_v1.0.csv,626,69c842f4592f1631244feb7742a38c205cf53f0df421469ef220fa91d57da06a
M01-M15 new recon(20260907-081753).zip,1,RUMAHAGEN_WF03_M07_QIR_RESOLUTION_CONTROLLED_v1.0_FULL_VERSION.zip!06_M07_QIR_PHYSICAL_RUNTIME_DOWNSTREAM_REGISTER_v1.0.csv,766,9899ea476e277eb3c5298ab8071363fcd6911d6f5f01755de0d49fc5dfd64549
M01-M15 new recon(20260907-081753).zip,1,RUMAHAGEN_WF03_M07_QIR_RESOLUTION_CONTROLLED_v1.0_FULL_VERSION.zip!05_M07_QIR_LIFECYCLE_USER_ADMIN_v1.0.csv,1132,cf376a1ca65fff02f1d6299f3c6c424a3895e5d853b9cda6d75a51da77e10fe4
M01-M15 new recon(20260907-081753).zip,1,RUMAHAGEN_WF03_M07_QIR_RESOLUTION_CONTROLLED_v1.0_FULL_VERSION.zip!09_M07_QIR_CONTROL_MATRIX_v1.0.xlsx,8215,921f41b8da540a5313c32d2858d9096f67d346d2a7c0b2bdc953b0df29fb5f46
M01-M15 new recon(20260907-081753).zip,1,RUMAHAGEN_WF03_M07_QIR_RESOLUTION_CONTROLLED_v1.0_FULL_VERSION.zip!08_M07_QIR_FINAL_QA_AND_CLOSURE_v1.0.md,1080,74ac5bfa35e1b588898778de7562d958eda9876bdade5a96801969d0737b7688
M01-M15 new recon(20260907-081753).zip,1,RUMAHAGEN_WF03_M07_QIR_RESOLUTION_CONTROLLED_v1.0_FULL_VERSION.zip!10_M07_QIR_OUTPUT_MANIFEST_v1.0.csv,10148,73d7498ce8c4bf391d771b8dc9f54732d20ff061c95e699806e625122a22f72e
M01-M15 new recon(20260907-081753).zip,1,RUMAHAGEN_WF03_M07_QIR_RESOLUTION_CONTROLLED_v1.0_FULL_VERSION.zip!00_M07_QIR_RESOLUTION_CONTROLLED_v1.0.md,1177,5a0b23a327e71e22025eb9a3586db1e8263f499af695dc6638c4e33d07dfd4c6
M01-M15 new recon(20260907-081753).zip,1,RUMAHAGEN_WF03_M07_QIR_RESOLUTION_CONTROLLED_v1.0_FULL_VERSION.zip!02_M07_QIR_QUESTION_RESOLUTION_REGISTER_v1.0.csv,3432,6f4f76ee85b5baf071a66184eeb48b9ea3e79b9293c8a923841be60edcc6b827
M01-M15 new recon(20260907-081753).zip,1,RUMAHAGEN_WF03_M07_QIR_RESOLUTION_CONTROLLED_v1.0_FULL_VERSION.zip!00_M07_V1.1_BASELINE_RETAINED/01_M07_QUESTION_INVENTORY_FULL_v1.0.csv,3387,3b18a1411b75c9b11823d9b29df08914f82d668c10fe61fdba47b68c688a1ee3
M01-M15 new recon(20260907-081753).zip,1,RUMAHAGEN_WF03_M07_QIR_RESOLUTION_CONTROLLED_v1.0_FULL_VERSION.zip!00_M07_V1.1_BASELINE_RETAINED/09_M07_CONFLICT_RECONCILIATION_REGISTER_v1.0.csv,1111,0f1e44e79f76b5fc94c8f43e490a718ef99de9a586179c32868911ae86a66424
M01-M15 new recon(20260907-081753).zip,1,RUMAHAGEN_WF03_M07_QIR_RESOLUTION_CONTROLLED_v1.0_FULL_VERSION.zip!00_M07_V1.1_BASELINE_RETAINED/13_M07_OUTPUT_MANIFEST_v1.0.csv,2266,9e145727b9aeeae1f94bb72646fe89c87a535c630b4f3825040c6882aeade49d
M01-M15 new recon(20260907-081753).zip,1,RUMAHAGEN_WF03_M07_QIR_RESOLUTION_CONTROLLED_v1.0_FULL_VERSION.zip!00_M07_V1.1_BASELINE_RETAINED/10_M07_FINAL_QA_AND_COMPLETION_GATE_v1.0.md,1653,4f16abf00d264275bdde96b942e2376cac5b084ffe2e04367a71cb805c701234
M01-M15 new recon(20260907-081753).zip,1,RUMAHAGEN_WF03_M07_QIR_RESOLUTION_CONTROLLED_v1.0_FULL_VERSION.zip!00_M07_V1.1_BASELINE_RETAINED/02_M07_QUESTION_ID_NUMBERING_AUDIT_v1.0.csv,449,fad9e3725311b6ace04a29348d0e1f2080f74664e852d3fae2c9aa3bf64f597b
M01-M15 new recon(20260907-081753).zip,1,RUMAHAGEN_WF03_M07_QIR_RESOLUTION_CONTROLLED_v1.0_FULL_VERSION.zip!00_M07_V1.1_BASELINE_RETAINED/17_M07_CURRENT_PERMISSION_SOURCE_PARITY_v1.1.csv,404,e3f8f4e094b5746b8f7e8b35f05f35e1f115e564c7c68d2da7b8b7e141fac6b2
M01-M15 new recon(20260907-081753).zip,1,RUMAHAGEN_WF03_M07_QIR_RESOLUTION_CONTROLLED_v1.0_FULL_VERSION.zip!00_M07_V1.1_BASELINE_RETAINED/11_M07_FULL_REBUILD_CONTROL_MATRIX_v1.1.xlsx,8642,5634213c6b4b270548c29bf3aa1e78cefb3e2c9e065e5f5955a5bfbbde457536
M01-M15 new recon(20260907-081753).zip,1,RUMAHAGEN_WF03_M07_QIR_RESOLUTION_CONTROLLED_v1.0_FULL_VERSION.zip!00_M07_V1.1_BASELINE_RETAINED/15_M07_DECISION_TRACEABILITY_MATRIX_v1.1.csv,3144,d85457c47f75861a167d0f75d089dde2079233287a16182414ce5eb9747383d0
M01-M15 new recon(20260907-081753).zip,1,RUMAHAGEN_WF03_M07_QIR_RESOLUTION_CONTROLLED_v1.0_FULL_VERSION.zip!00_M07_V1.1_BASELINE_RETAINED/03_M07_SEMANTIC_DECISION_MATRIX_v1.0.csv,894,9e1f7aaa4670052b07a27635f2fa95d7606e4a6f1401f174f83900ac3f046434
M01-M15 new recon(20260907-081753).zip,1,RUMAHAGEN_WF03_M07_QIR_RESOLUTION_CONTROLLED_v1.0_FULL_VERSION.zip!00_M07_V1.1_BASELINE_RETAINED/00_M07_FULL_REBUILD_CONTROLLED_v1.0.md,1648,d1679fadeac3f0f541d5014876e2eeb7eb7c8c30c738a09799425b27787d7cdf
M01-M15 new recon(20260907-081753).zip,1,RUMAHAGEN_WF03_M07_QIR_RESOLUTION_CONTROLLED_v1.0_FULL_VERSION.zip!00_M07_V1.1_BASELINE_RETAINED/07_M07_CROSS_MODULE_RECONCILIATION_v1.0.csv,896,08191e68ee6a8d6b342e89117917295567dd6f6e1561b4c18591da33dd56fcf6
M01-M15 new recon(20260907-081753).zip,1,RUMAHAGEN_WF03_M07_QIR_RESOLUTION_CONTROLLED_v1.0_FULL_VERSION.zip!00_M07_V1.1_BASELINE_RETAINED/12_M07_PROVENANCE_MANIFEST_v1.1.csv,660,d98dca43a3e80580cb6e3d7b5afdbd8c9b30b55f7c483d920249bd0bda723694
M01-M15 new recon(20260907-081753).zip,1,RUMAHAGEN_WF03_M07_QIR_RESOLUTION_CONTROLLED_v1.0_FULL_VERSION.zip!00_M07_V1.1_BASELINE_RETAINED/00_M07_FULL_REBUILD_CONTROLLED_v1.1.md,921,a1287d0964b21d8f866c5717c1222062d9aecc88da30f597916dad41b46e29e5
M01-M15 new recon(20260907-081753).zip,1,RUMAHAGEN_WF03_M07_QIR_RESOLUTION_CONTROLLED_v1.0_FULL_VERSION.zip!00_M07_V1.1_BASELINE_RETAINED/10_M07_FINAL_QA_AND_COMPLETION_GATE_v1.1.md,1778,4b56ffda5f7d0ce4c75fa502fab9a3756ba8eb0062e36c4de0b8c25c94ee9c36
M01-M15 new recon(20260907-081753).zip,1,RUMAHAGEN_WF03_M07_QIR_RESOLUTION_CONTROLLED_v1.0_FULL_VERSION.zip!00_M07_V1.1_BASELINE_RETAINED/02_M07_QUESTION_ID_NUMBERING_AUDIT_v1.1.csv,480,257ca5adc36a7c2cafecf429c54db9a4331e6dd2c605669e941b202ad007d9e2
M01-M15 new recon(20260907-081753).zip,1,RUMAHAGEN_WF03_M07_QIR_RESOLUTION_CONTROLLED_v1.0_FULL_VERSION.zip!00_M07_V1.1_BASELINE_RETAINED/12_M07_PROVENANCE_MANIFEST_v1.0.csv,662,154fa8e36c55fa51aabc20f968210e114820e3789bfcf0d726861c5ddf73f5f6
M01-M15 new recon(20260907-081753).zip,1,RUMAHAGEN_WF03_M07_QIR_RESOLUTION_CONTROLLED_v1.0_FULL_VERSION.zip!00_M07_V1.1_BASELINE_RETAINED/04_M07_LIFECYCLE_STATE_TRANSITION_MATRIX_v1.0.csv,732,89cee577f7ef7a6096d907c5f17d013c9e9d7878ed40fd581ce409cd9fcd7faf
M01-M15 new recon(20260907-081753).zip,1,RUMAHAGEN_WF03_M07_QIR_RESOLUTION_CONTROLLED_v1.0_FULL_VERSION.zip!00_M07_V1.1_BASELINE_RETAINED/18_M07_DOWNSTREAM_RECONCILIATION_PROVENANCE_v1.1.csv,679,1953b7b2132ebbad18fd60f90f057762127d8cc28489872b827e3f01dd939cea
M01-M15 new recon(20260907-081753).zip,1,RUMAHAGEN_WF03_M07_QIR_RESOLUTION_CONTROLLED_v1.0_FULL_VERSION.zip!00_M07_V1.1_BASELINE_RETAINED/08_M07_DOWNSTREAM_PHYSICAL_RUNTIME_REGISTER_v1.0.csv,552,568038089971b21ae2720e8be60f6b4f976d027f27083f97a28856c79e49f9fb
M01-M15 new recon(20260907-081753).zip,1,RUMAHAGEN_WF03_M07_QIR_RESOLUTION_CONTROLLED_v1.0_FULL_VERSION.zip!00_M07_V1.1_BASELINE_RETAINED/01_M07_QUESTION_INVENTORY_FULL_v1.1.csv,4552,95d078db226be5739505dc0a4bf86609eed8d1594fce6e4a01722e248c26c6c6
M01-M15 new recon(20260907-081753).zip,1,RUMAHAGEN_WF03_M07_QIR_RESOLUTION_CONTROLLED_v1.0_FULL_VERSION.zip!00_M07_V1.1_BASELINE_RETAINED/16_M07_45_DECISION_TRACEABILITY_CLARIFICATION_v1.1.md,704,74c080e5397bf489f3781e77c17aa1e860ddd722ce8eb7ed4723644727c2337a
M01-M15 new recon(20260907-081753).zip,1,RUMAHAGEN_WF03_M07_QIR_RESOLUTION_CONTROLLED_v1.0_FULL_VERSION.zip!00_M07_V1.1_BASELINE_RETAINED/05_M07_SEMANTIC_PERMISSION_MATRIX_v1.0.csv,266,d99b33c9ad910ad7b952993ebcf54cdc7b4b1136a209036e8eea4f14a002803a
M01-M15 new recon(20260907-081753).zip,1,RUMAHAGEN_WF03_M07_QIR_RESOLUTION_CONTROLLED_v1.0_FULL_VERSION.zip!00_M07_V1.1_BASELINE_RETAINED/14_M07_CURRENT_SOURCE_AND_SUPERSEDED_ARTIFACT_REGISTER_v1.1.md,981,01af71230d261643c0e7887d82d0cb6d3395c216eef34c10b6685b65eed1f84d
M01-M15 new recon(20260907-081753).zip,1,RUMAHAGEN_WF03_M07_QIR_RESOLUTION_CONTROLLED_v1.0_FULL_VERSION.zip!00_M07_V1.1_BASELINE_RETAINED/11_M07_FULL_REBUILD_CONTROL_MATRIX_v1.0.xlsx,8588,991629fc0522320e193f68995ca2da99259c059f8e3c021092ca3e5c43f5c29a
M01-M15 new recon(20260907-081753).zip,1,RUMAHAGEN_WF03_M07_QIR_RESOLUTION_CONTROLLED_v1.0_FULL_VERSION.zip!00_M07_V1.1_BASELINE_RETAINED/06_M07_ACTOR_CONDITION_SCOPE_VISIBILITY_APPROVAL_v1.0.csv,879,850b38ce29891a3bbe2f7c3bc2354c5ff491d16688b9010dbc4895a5e2bd928b
M01-M15 new recon(20260907-081753).zip,1,RUMAHAGEN_WF03_M07_QIR_RESOLUTION_CONTROLLED_v1.0_FULL_VERSION.zip!00_M07_V1.1_BASELINE_RETAINED/13_M07_OUTPUT_MANIFEST_v1.1.csv,6562,ff4b272b881ac2eadbcf01fd54c3fcb26d9a7701494a4a4e4f6d188faaf22ee0
M01-M15 new recon(20260907-081753).zip,1,RUMAHAGEN_WF03_M07_QIR_RESOLUTION_CONTROLLED_v1.0_FULL_VERSION.zip!01_CURRENT_QIR_SOURCE_EVIDENCE/RUMAHAGEN_WF-03.2_MASTER_PERMISSION_MATRIX_M01-M08_RECONCILED_v1.2.csv,27560,e5867ab7e3814555603fde73f28080bae198a952a0ac27d9ebe05d0d9eeeb461
M01-M15 new recon(20260907-081753).zip,1,RUMAHAGEN_WF03_M07_QIR_RESOLUTION_CONTROLLED_v1.0_FULL_VERSION.zip!01_CURRENT_QIR_SOURCE_EVIDENCE/W4-02A.6.19_TECHNICAL_SPECIFICATION_CURRENT_TECHNICAL_IMPLEMENTATION_CONTRACT_v2.1.md,69175,2ac01b6961b6ab97d26ee8c314aaf06101af49cb746c4069147559fb8002b29c
M01-M15 new recon(20260907-081753).zip,1,RUMAHAGEN_WF03_M07_QIR_RESOLUTION_CONTROLLED_v1.0_FULL_VERSION.zip!01_CURRENT_QIR_SOURCE_EVIDENCE/W4-02A.6.17_RBAC_PERMISSION_RLS_CURRENT_AUTHORIZATION_BASELINE_FULL_CONSOLIDATED_v2.1.docx,53047,cd5067a3a2cb8e0104e94fbea78ab64a30e19ed28230aef5889baa5021784a0a
M01-M15 new recon(20260907-081753).zip,1,RUMAHAGEN_WF03_M07_QIR_RESOLUTION_CONTROLLED_v1.0_FULL_VERSION.zip!01_CURRENT_QIR_SOURCE_EVIDENCE/RUMAHAGEN_WF-03.2_M07_PERMISSION_MATRIX_RECONCILIATION_v1.0.docx,38786,fd2fd3ef8a13db69ff2a1fabde3b7627ccfaf18d2485ee9a5e5945b5ee1dd593
M01-M15 new recon(20260907-081753).zip,1,RUMAHAGEN_WF03_M07_QIR_RESOLUTION_CONTROLLED_v1.0_FULL_VERSION.zip!01_CURRENT_QIR_SOURCE_EVIDENCE/W4-02A.6.15_DATABASE_SCHEMA_CURRENT_PHYSICAL_SCHEMA_REFERENCE_FULL_CONSOLIDATED_v2.7.docx,74525,91d9d78bc4d0818bca5802f0315f3d1146d0a32a9645646607418708745f79b9
M01-M15 new recon(20260907-081753).zip,1,RUMAHAGEN_WF03_M07_QIR_RESOLUTION_CONTROLLED_v1.0_FULL_VERSION.zip!00_M07_V1.1_BASELINE_RETAINED/00_CURRENT_SOURCE_PROVENANCE/M07_PERMISSION_RECONCILIATION_v1.0.docx,38786,fd2fd3ef8a13db69ff2a1fabde3b7627ccfaf18d2485ee9a5e5945b5ee1dd593
M01-M15 new recon(20260907-081753).zip,1,RUMAHAGEN_WF03_M07_QIR_RESOLUTION_CONTROLLED_v1.0_FULL_VERSION.zip!00_M07_V1.1_BASELINE_RETAINED/00_CURRENT_SOURCE_PROVENANCE/CURRENT_PERMISSION_MASTER_v1.2.xlsx,23218,b943598b6fea33b3fa690962f745b6088d4deda168b5396a5cedf07eeea5dc41
M01-M15 new recon(20260907-081753).zip,1,RUMAHAGEN_WF03_M07_QIR_RESOLUTION_CONTROLLED_v1.0_FULL_VERSION.zip!00_M07_V1.1_BASELINE_RETAINED/00_CURRENT_SOURCE_PROVENANCE/CURRENT_PERMISSION_MASTER_v1.2.csv,27560,e5867ab7e3814555603fde73f28080bae198a952a0ac27d9ebe05d0d9eeeb461
M01-M15 new recon(20260907-081753).zip,1,RUMAHAGEN_WF03_M07_QIR_RESOLUTION_CONTROLLED_v1.0_FULL_VERSION.zip!00_M07_V1.1_BASELINE_RETAINED/00_CURRENT_SOURCE_PROVENANCE/M07_REBUILD_v1.0_SOURCE.zip,87977,9276d7318a495102f89d34d98ceb9ee34be55e085d0badb8708b79042cfb816f
M01-M15 new recon(20260907-081753).zip,2,RUMAHAGEN_WF03_M07_QIR_RESOLUTION_CONTROLLED_v1.0_FULL_VERSION.zip!00_M07_V1.1_BASELINE_RETAINED/00_CURRENT_SOURCE_PROVENANCE/M07_REBUILD_v1.0_SOURCE.zip!01_M07_QUESTION_INVENTORY_FULL_v1.0.csv,3387,3b18a1411b75c9b11823d9b29df08914f82d668c10fe61fdba47b68c688a1ee3
M01-M15 new recon(20260907-081753).zip,2,RUMAHAGEN_WF03_M07_QIR_RESOLUTION_CONTROLLED_v1.0_FULL_VERSION.zip!00_M07_V1.1_BASELINE_RETAINED/00_CURRENT_SOURCE_PROVENANCE/M07_REBUILD_v1.0_SOURCE.zip!09_M07_CONFLICT_RECONCILIATION_REGISTER_v1.0.csv,1111,0f1e44e79f76b5fc94c8f43e490a718ef99de9a586179c32868911ae86a66424
M01-M15 new recon(20260907-081753).zip,2,RUMAHAGEN_WF03_M07_QIR_RESOLUTION_CONTROLLED_v1.0_FULL_VERSION.zip!00_M07_V1.1_BASELINE_RETAINED/00_CURRENT_SOURCE_PROVENANCE/M07_REBUILD_v1.0_SOURCE.zip!13_M07_OUTPUT_MANIFEST_v1.0.csv,2266,9e145727b9aeeae1f94bb72646fe89c87a535c630b4f3825040c6882aeade49d
M01-M15 new recon(20260907-081753).zip,2,RUMAHAGEN_WF03_M07_QIR_RESOLUTION_CONTROLLED_v1.0_FULL_VERSION.zip!00_M07_V1.1_BASELINE_RETAINED/00_CURRENT_SOURCE_PROVENANCE/M07_REBUILD_v1.0_SOURCE.zip!10_M07_FINAL_QA_AND_COMPLETION_GATE_v1.0.md,1653,4f16abf00d264275bdde96b942e2376cac5b084ffe2e04367a71cb805c701234
M01-M15 new recon(20260907-081753).zip,2,RUMAHAGEN_WF03_M07_QIR_RESOLUTION_CONTROLLED_v1.0_FULL_VERSION.zip!00_M07_V1.1_BASELINE_RETAINED/00_CURRENT_SOURCE_PROVENANCE/M07_REBUILD_v1.0_SOURCE.zip!02_M07_QUESTION_ID_NUMBERING_AUDIT_v1.0.csv,449,fad9e3725311b6ace04a29348d0e1f2080f74664e852d3fae2c9aa3bf64f597b
M01-M15 new recon(20260907-081753).zip,2,RUMAHAGEN_WF03_M07_QIR_RESOLUTION_CONTROLLED_v1.0_FULL_VERSION.zip!00_M07_V1.1_BASELINE_RETAINED/00_CURRENT_SOURCE_PROVENANCE/M07_REBUILD_v1.0_SOURCE.zip!03_M07_SEMANTIC_DECISION_MATRIX_v1.0.csv,894,9e1f7aaa4670052b07a27635f2fa95d7606e4a6f1401f174f83900ac3f046434
M01-M15 new recon(20260907-081753).zip,2,RUMAHAGEN_WF03_M07_QIR_RESOLUTION_CONTROLLED_v1.0_FULL_VERSION.zip!00_M07_V1.1_BASELINE_RETAINED/00_CURRENT_SOURCE_PROVENANCE/M07_REBUILD_v1.0_SOURCE.zip!00_M07_FULL_REBUILD_CONTROLLED_v1.0.md,1648,d1679fadeac3f0f541d5014876e2eeb7eb7c8c30c738a09799425b27787d7cdf
M01-M15 new recon(20260907-081753).zip,2,RUMAHAGEN_WF03_M07_QIR_RESOLUTION_CONTROLLED_v1.0_FULL_VERSION.zip!00_M07_V1.1_BASELINE_RETAINED/00_CURRENT_SOURCE_PROVENANCE/M07_REBUILD_v1.0_SOURCE.zip!07_M07_CROSS_MODULE_RECONCILIATION_v1.0.csv,896,08191e68ee6a8d6b342e89117917295567dd6f6e1561b4c18591da33dd56fcf6
M01-M15 new recon(20260907-081753).zip,2,RUMAHAGEN_WF03_M07_QIR_RESOLUTION_CONTROLLED_v1.0_FULL_VERSION.zip!00_M07_V1.1_BASELINE_RETAINED/00_CURRENT_SOURCE_PROVENANCE/M07_REBUILD_v1.0_SOURCE.zip!12_M07_PROVENANCE_MANIFEST_v1.0.csv,662,154fa8e36c55fa51aabc20f968210e114820e3789bfcf0d726861c5ddf73f5f6
M01-M15 new recon(20260907-081753).zip,2,RUMAHAGEN_WF03_M07_QIR_RESOLUTION_CONTROLLED_v1.0_FULL_VERSION.zip!00_M07_V1.1_BASELINE_RETAINED/00_CURRENT_SOURCE_PROVENANCE/M07_REBUILD_v1.0_SOURCE.zip!04_M07_LIFECYCLE_STATE_TRANSITION_MATRIX_v1.0.csv,732,89cee577f7ef7a6096d907c5f17d013c9e9d7878ed40fd581ce409cd9fcd7faf
M01-M15 new recon(20260907-081753).zip,2,RUMAHAGEN_WF03_M07_QIR_RESOLUTION_CONTROLLED_v1.0_FULL_VERSION.zip!00_M07_V1.1_BASELINE_RETAINED/00_CURRENT_SOURCE_PROVENANCE/M07_REBUILD_v1.0_SOURCE.zip!08_M07_DOWNSTREAM_PHYSICAL_RUNTIME_REGISTER_v1.0.csv,552,568038089971b21ae2720e8be60f6b4f976d027f27083f97a28856c79e49f9fb
M01-M15 new recon(20260907-081753).zip,2,RUMAHAGEN_WF03_M07_QIR_RESOLUTION_CONTROLLED_v1.0_FULL_VERSION.zip!00_M07_V1.1_BASELINE_RETAINED/00_CURRENT_SOURCE_PROVENANCE/M07_REBUILD_v1.0_SOURCE.zip!05_M07_SEMANTIC_PERMISSION_MATRIX_v1.0.csv,266,d99b33c9ad910ad7b952993ebcf54cdc7b4b1136a209036e8eea4f14a002803a
M01-M15 new recon(20260907-081753).zip,2,RUMAHAGEN_WF03_M07_QIR_RESOLUTION_CONTROLLED_v1.0_FULL_VERSION.zip!00_M07_V1.1_BASELINE_RETAINED/00_CURRENT_SOURCE_PROVENANCE/M07_REBUILD_v1.0_SOURCE.zip!11_M07_FULL_REBUILD_CONTROL_MATRIX_v1.0.xlsx,8588,991629fc0522320e193f68995ca2da99259c059f8e3c021092ca3e5c43f5c29a
M01-M15 new recon(20260907-081753).zip,2,RUMAHAGEN_WF03_M07_QIR_RESOLUTION_CONTROLLED_v1.0_FULL_VERSION.zip!00_M07_V1.1_BASELINE_RETAINED/00_CURRENT_SOURCE_PROVENANCE/M07_REBUILD_v1.0_SOURCE.zip!06_M07_ACTOR_CONDITION_SCOPE_VISIBILITY_APPROVAL_v1.0.csv,879,850b38ce29891a3bbe2f7c3bc2354c5ff491d16688b9010dbc4895a5e2bd928b
M01-M15 new recon(20260907-081753).zip,2,RUMAHAGEN_WF03_M07_QIR_RESOLUTION_CONTROLLED_v1.0_FULL_VERSION.zip!00_M07_V1.1_BASELINE_RETAINED/00_CURRENT_SOURCE_PROVENANCE/M07_REBUILD_v1.0_SOURCE.zip!00_SOURCE_PROVENANCE/RUMAHAGEN_WF-03.2_MASTER_PERMISSION_MATRIX_M01-M07_RECONCILED_v1.1.csv,26080,21e2d097a41dd414b747d4c4c04ad0a7e83d421dd91681d1464e1642d95b01a0
M01-M15 new recon(20260907-081753).zip,2,RUMAHAGEN_WF03_M07_QIR_RESOLUTION_CONTROLLED_v1.0_FULL_VERSION.zip!00_M07_V1.1_BASELINE_RETAINED/00_CURRENT_SOURCE_PROVENANCE/M07_REBUILD_v1.0_SOURCE.zip!00_SOURCE_PROVENANCE/WF03_MASTER_PROGRESS_M01-M15_v1.7_M06_COMPLETE(1).xlsx,32038,c3993344dc85b78219e52635e09ac3dbb2ed97fed3f621e03f514e4ae020e152
M01-M15 new recon(20260907-081753).zip,2,RUMAHAGEN_WF03_M07_QIR_RESOLUTION_CONTROLLED_v1.0_FULL_VERSION.zip!00_M07_V1.1_BASELINE_RETAINED/00_CURRENT_SOURCE_PROVENANCE/M07_REBUILD_v1.0_SOURCE.zip!00_SOURCE_PROVENANCE/M07_PHYSICAL_EXECUTION_SPEC_v2.1.md,8514,662cf023986fc73f6684c928b3c4e00ba5e8e01b2ad07951945b5c9de67808e7
M01-M15 new recon(20260907-081753).zip,2,RUMAHAGEN_WF03_M07_QIR_RESOLUTION_CONTROLLED_v1.0_FULL_VERSION.zip!00_M07_V1.1_BASELINE_RETAINED/00_CURRENT_SOURCE_PROVENANCE/M07_REBUILD_v1.0_SOURCE.zip!00_SOURCE_PROVENANCE/RUMAHAGEN_WF-03.2_M07_PERMISSION_MATRIX_RECONCILIATION_v1.0.docx,38786,fd2fd3ef8a13db69ff2a1fabde3b7627ccfaf18d2485ee9a5e5945b5ee1dd593
M01-M15 new recon(20260907-081753).zip,2,RUMAHAGEN_WF03_M07_QIR_RESOLUTION_CONTROLLED_v1.0_FULL_VERSION.zip!00_M07_V1.1_BASELINE_RETAINED/00_CURRENT_SOURCE_PROVENANCE/M07_REBUILD_v1.0_SOURCE.zip!00_SOURCE_PROVENANCE/W4-02A.6.27_FOCUSED_EXECUTION_PACK_M01-M07_v2.1.md,12149,ffdcb89752116a428d687955f911c8769cdd4828096a2f8ec60ff28c75abe543
M01-M15 new recon(20260907-081753).zip,1,RUMAHAGEN_WF03_M07_QIR_RESOLUTION_CONTROLLED_v1.0_FULL_VERSION.zip!00_M07_V1.1_BASELINE_RETAINED/00_V1.0_BASELINE_RETAINED/01_M07_QUESTION_INVENTORY_FULL_v1.0.csv,3387,3b18a1411b75c9b11823d9b29df08914f82d668c10fe61fdba47b68c688a1ee3
M01-M15 new recon(20260907-081753).zip,1,RUMAHAGEN_WF03_M07_QIR_RESOLUTION_CONTROLLED_v1.0_FULL_VERSION.zip!00_M07_V1.1_BASELINE_RETAINED/00_V1.0_BASELINE_RETAINED/09_M07_CONFLICT_RECONCILIATION_REGISTER_v1.0.csv,1111,0f1e44e79f76b5fc94c8f43e490a718ef99de9a586179c32868911ae86a66424
M01-M15 new recon(20260907-081753).zip,1,RUMAHAGEN_WF03_M07_QIR_RESOLUTION_CONTROLLED_v1.0_FULL_VERSION.zip!00_M07_V1.1_BASELINE_RETAINED/00_V1.0_BASELINE_RETAINED/13_M07_OUTPUT_MANIFEST_v1.0.csv,2266,9e145727b9aeeae1f94bb72646fe89c87a535c630b4f3825040c6882aeade49d
M01-M15 new recon(20260907-081753).zip,1,RUMAHAGEN_WF03_M07_QIR_RESOLUTION_CONTROLLED_v1.0_FULL_VERSION.zip!00_M07_V1.1_BASELINE_RETAINED/00_V1.0_BASELINE_RETAINED/10_M07_FINAL_QA_AND_COMPLETION_GATE_v1.0.md,1653,4f16abf00d264275bdde96b942e2376cac5b084ffe2e04367a71cb805c701234
M01-M15 new recon(20260907-081753).zip,1,RUMAHAGEN_WF03_M07_QIR_RESOLUTION_CONTROLLED_v1.0_FULL_VERSION.zip!00_M07_V1.1_BASELINE_RETAINED/00_V1.0_BASELINE_RETAINED/02_M07_QUESTION_ID_NUMBERING_AUDIT_v1.0.csv,449,fad9e3725311b6ace04a29348d0e1f2080f74664e852d3fae2c9aa3bf64f597b
M01-M15 new recon(20260907-081753).zip,1,RUMAHAGEN_WF03_M07_QIR_RESOLUTION_CONTROLLED_v1.0_FULL_VERSION.zip!00_M07_V1.1_BASELINE_RETAINED/00_V1.0_BASELINE_RETAINED/03_M07_SEMANTIC_DECISION_MATRIX_v1.0.csv,894,9e1f7aaa4670052b07a27635f2fa95d7606e4a6f1401f174f83900ac3f046434
M01-M15 new recon(20260907-081753).zip,1,RUMAHAGEN_WF03_M07_QIR_RESOLUTION_CONTROLLED_v1.0_FULL_VERSION.zip!00_M07_V1.1_BASELINE_RETAINED/00_V1.0_BASELINE_RETAINED/00_M07_FULL_REBUILD_CONTROLLED_v1.0.md,1648,d1679fadeac3f0f541d5014876e2eeb7eb7c8c30c738a09799425b27787d7cdf
M01-M15 new recon(20260907-081753).zip,1,RUMAHAGEN_WF03_M07_QIR_RESOLUTION_CONTROLLED_v1.0_FULL_VERSION.zip!00_M07_V1.1_BASELINE_RETAINED/00_V1.0_BASELINE_RETAINED/07_M07_CROSS_MODULE_RECONCILIATION_v1.0.csv,896,08191e68ee6a8d6b342e89117917295567dd6f6e1561b4c18591da33dd56fcf6
M01-M15 new recon(20260907-081753).zip,1,RUMAHAGEN_WF03_M07_QIR_RESOLUTION_CONTROLLED_v1.0_FULL_VERSION.zip!00_M07_V1.1_BASELINE_RETAINED/00_V1.0_BASELINE_RETAINED/12_M07_PROVENANCE_MANIFEST_v1.0.csv,662,154fa8e36c55fa51aabc20f968210e114820e3789bfcf0d726861c5ddf73f5f6
M01-M15 new recon(20260907-081753).zip,1,RUMAHAGEN_WF03_M07_QIR_RESOLUTION_CONTROLLED_v1.0_FULL_VERSION.zip!00_M07_V1.1_BASELINE_RETAINED/00_V1.0_BASELINE_RETAINED/04_M07_LIFECYCLE_STATE_TRANSITION_MATRIX_v1.0.csv,732,89cee577f7ef7a6096d907c5f17d013c9e9d7878ed40fd581ce409cd9fcd7faf
M01-M15 new recon(20260907-081753).zip,1,RUMAHAGEN_WF03_M07_QIR_RESOLUTION_CONTROLLED_v1.0_FULL_VERSION.zip!00_M07_V1.1_BASELINE_RETAINED/00_V1.0_BASELINE_RETAINED/08_M07_DOWNSTREAM_PHYSICAL_RUNTIME_REGISTER_v1.0.csv,552,568038089971b21ae2720e8be60f6b4f976d027f27083f97a28856c79e49f9fb
M01-M15 new recon(20260907-081753).zip,1,RUMAHAGEN_WF03_M07_QIR_RESOLUTION_CONTROLLED_v1.0_FULL_VERSION.zip!00_M07_V1.1_BASELINE_RETAINED/00_V1.0_BASELINE_RETAINED/05_M07_SEMANTIC_PERMISSION_MATRIX_v1.0.csv,266,d99b33c9ad910ad7b952993ebcf54cdc7b4b1136a209036e8eea4f14a002803a
M01-M15 new recon(20260907-081753).zip,1,RUMAHAGEN_WF03_M07_QIR_RESOLUTION_CONTROLLED_v1.0_FULL_VERSION.zip!00_M07_V1.1_BASELINE_RETAINED/00_V1.0_BASELINE_RETAINED/11_M07_FULL_REBUILD_CONTROL_MATRIX_v1.0.xlsx,8588,991629fc0522320e193f68995ca2da99259c059f8e3c021092ca3e5c43f5c29a
M01-M15 new recon(20260907-081753).zip,1,RUMAHAGEN_WF03_M07_QIR_RESOLUTION_CONTROLLED_v1.0_FULL_VERSION.zip!00_M07_V1.1_BASELINE_RETAINED/00_V1.0_BASELINE_RETAINED/06_M07_ACTOR_CONDITION_SCOPE_VISIBILITY_APPROVAL_v1.0.csv,879,850b38ce29891a3bbe2f7c3bc2354c5ff491d16688b9010dbc4895a5e2bd928b
M01-M15 new recon(20260907-081753).zip,1,RUMAHAGEN_WF03_M07_QIR_RESOLUTION_CONTROLLED_v1.0_FULL_VERSION.zip!00_M07_V1.1_BASELINE_RETAINED/00_V1.0_BASELINE_RETAINED/00_SOURCE_PROVENANCE/RUMAHAGEN_WF-03.2_MASTER_PERMISSION_MATRIX_M01-M07_RECONCILED_v1.1.csv,26080,21e2d097a41dd414b747d4c4c04ad0a7e83d421dd91681d1464e1642d95b01a0
M01-M15 new recon(20260907-081753).zip,1,RUMAHAGEN_WF03_M07_QIR_RESOLUTION_CONTROLLED_v1.0_FULL_VERSION.zip!00_M07_V1.1_BASELINE_RETAINED/00_V1.0_BASELINE_RETAINED/00_SOURCE_PROVENANCE/WF03_MASTER_PROGRESS_M01-M15_v1.7_M06_COMPLETE(1).xlsx,32038,c3993344dc85b78219e52635e09ac3dbb2ed97fed3f621e03f514e4ae020e152
M01-M15 new recon(20260907-081753).zip,1,RUMAHAGEN_WF03_M07_QIR_RESOLUTION_CONTROLLED_v1.0_FULL_VERSION.zip!00_M07_V1.1_BASELINE_RETAINED/00_V1.0_BASELINE_RETAINED/00_SOURCE_PROVENANCE/M07_PHYSICAL_EXECUTION_SPEC_v2.1.md,8514,662cf023986fc73f6684c928b3c4e00ba5e8e01b2ad07951945b5c9de67808e7
M01-M15 new recon(20260907-081753).zip,1,RUMAHAGEN_WF03_M07_QIR_RESOLUTION_CONTROLLED_v1.0_FULL_VERSION.zip!00_M07_V1.1_BASELINE_RETAINED/00_V1.0_BASELINE_RETAINED/00_SOURCE_PROVENANCE/RUMAHAGEN_WF-03.2_M07_PERMISSION_MATRIX_RECONCILIATION_v1.0.docx,38786,fd2fd3ef8a13db69ff2a1fabde3b7627ccfaf18d2485ee9a5e5945b5ee1dd593
M01-M15 new recon(20260907-081753).zip,1,RUMAHAGEN_WF03_M07_QIR_RESOLUTION_CONTROLLED_v1.0_FULL_VERSION.zip!00_M07_V1.1_BASELINE_RETAINED/00_V1.0_BASELINE_RETAINED/00_SOURCE_PROVENANCE/W4-02A.6.27_FOCUSED_EXECUTION_PACK_M01-M07_v2.1.md,12149,ffdcb89752116a428d687955f911c8769cdd4828096a2f8ec60ff28c75abe543
M01-M15 new recon(20260907-081753).zip,0,RUMAHAGEN_WF03_M08_FULL_REBUILD_CONTROLLED_v1.0.zip,137749,e9f1ef4d21ba81931dfa9c30e9f3a1dfbbb061cd54ddaad892b9a05658b1a602
M01-M15 new recon(20260907-081753).zip,1,RUMAHAGEN_WF03_M08_FULL_REBUILD_CONTROLLED_v1.0.zip!00_README_M08_CONTROLLED_v1.0.md,714,ae7ba6893c994db4e92ca106a16c09790eda3f1e69b190c14d0035c0cde2772e
M01-M15 new recon(20260907-081753).zip,1,RUMAHAGEN_WF03_M08_FULL_REBUILD_CONTROLLED_v1.0.zip!02_M08_QA_DECISION_REGISTER_Q01-Q45_v1.0.md,6562,acca1bfef969597afcda7bf01ca209721382dd4fa9485065908f91881b66d9c7
M01-M15 new recon(20260907-081753).zip,1,RUMAHAGEN_WF03_M08_FULL_REBUILD_CONTROLLED_v1.0.zip!WF03_MASTER_PROGRESS_M01-M15_v1.9_M08_COMPLETE_NEXT_M09_CONTROLLED.xlsx,36697,32b1ececc10605383d3f5c94c71db1a275fdabc87e4dac9bdc58a554af3f322d
M01-M15 new recon(20260907-081753).zip,1,RUMAHAGEN_WF03_M08_FULL_REBUILD_CONTROLLED_v1.0.zip!01_M08_ARTIFACT_INVENTORY_DEEP_SCAN_v1.0.md,3054,d7bc8ea8760c1cf1c118e65693278141aaf77eeafcfed87585d5622d6d724d39
M01-M15 new recon(20260907-081753).zip,1,RUMAHAGEN_WF03_M08_FULL_REBUILD_CONTROLLED_v1.0.zip!04_M08_FINAL_QA_v1.0.md,1331,32af01290c3f3783864f88ff220bc3b1a358f63650a781184d46a74d696f9831
M01-M15 new recon(20260907-081753).zip,1,RUMAHAGEN_WF03_M08_FULL_REBUILD_CONTROLLED_v1.0.zip!03_M08_SEMANTIC_CROSS_MODULE_RECONCILIATION_v1.0.md,3025,50b8a3b0b92ef868186f6b7da90bc4300dc4d23dfffa7abac35ce5dedfa38b90
M01-M15 new recon(20260907-081753).zip,1,RUMAHAGEN_WF03_M08_FULL_REBUILD_CONTROLLED_v1.0.zip!SOURCE_CURRENT/RUMAHAGEN_WF-03.2_MASTER_PERMISSION_MATRIX_M01-M08_RECONCILED_v1.2.xlsx,23218,b943598b6fea33b3fa690962f745b6088d4deda168b5396a5cedf07eeea5dc41
M01-M15 new recon(20260907-081753).zip,1,RUMAHAGEN_WF03_M08_FULL_REBUILD_CONTROLLED_v1.0.zip!SOURCE_CURRENT/M08_PHYSICAL_EXECUTION_SPEC_v2.1.md,6775,d2033671ce0e13b29483fad93756ff1ebfafcaa24585763f4bc68de6a7859926
M01-M15 new recon(20260907-081753).zip,1,RUMAHAGEN_WF03_M08_FULL_REBUILD_CONTROLLED_v1.0.zip!SOURCE_CURRENT/RUMAHAGEN_WF-03.2_M08_PERMISSION_MATRIX_RECONCILIATION_v1.0.docx,38801,ad26b4bb1a81ad64ad99346876f73a6965c251f2574a68bca52f4b9d0b2e3775
M01-M15 new recon(20260907-081753).zip,1,RUMAHAGEN_WF03_M08_FULL_REBUILD_CONTROLLED_v1.0.zip!SOURCE_CURRENT/RUMAHAGEN_WF-03.2_MASTER_PERMISSION_MATRIX_M01-M08_RECONCILED_v1.2.csv,27560,e5867ab7e3814555603fde73f28080bae198a952a0ac27d9ebe05d0d9eeeb461
M01-M15 new recon(20260907-081753).zip,1,RUMAHAGEN_WF03_M08_FULL_REBUILD_CONTROLLED_v1.0.zip!SOURCE_CURRENT/RUMAHAGEN_WF-03.2_M08_PERMISSION_REEVALUATION_QA_DECISION_RECORD_v1.0.docx,39291,502a607ecddbef8c5c0a1db304aebe5f438200d18d54e3c2f570b049080665b7
M01-M15 new recon(20260907-081753).zip,0,RUMAHAGEN_WF03_M08_CORE_IMPACT_ANALYSIS_FULL_v1.0_CONTROLLED.zip,131873,2f187838d3e9db391b443f048034b22dbb17104f43c8d5a205b7c17e746d7511
M01-M15 new recon(20260907-081753).zip,1,RUMAHAGEN_WF03_M08_CORE_IMPACT_ANALYSIS_FULL_v1.0_CONTROLLED.zip!RUMAHAGEN_WF03_M08_CORE_IMPACT_ANALYSIS_FULL_v1.0_CONTROLLED/README_M08_CORE_IMPACT_ANALYSIS_FULL_v1.0.md,563,608e4b706d20acc52b4df52295bd20e60f3c4daf63e56999a9f2db6cfe82d75e
M01-M15 new recon(20260907-081753).zip,1,RUMAHAGEN_WF03_M08_CORE_IMPACT_ANALYSIS_FULL_v1.0_CONTROLLED.zip!RUMAHAGEN_WF03_M08_CORE_IMPACT_ANALYSIS_FULL_v1.0_CONTROLLED/01_SOURCE_M08_ONLY/00_README_M08_CONTROLLED_v1.0.md,714,ae7ba6893c994db4e92ca106a16c09790eda3f1e69b190c14d0035c0cde2772e
M01-M15 new recon(20260907-081753).zip,1,RUMAHAGEN_WF03_M08_CORE_IMPACT_ANALYSIS_FULL_v1.0_CONTROLLED.zip!RUMAHAGEN_WF03_M08_CORE_IMPACT_ANALYSIS_FULL_v1.0_CONTROLLED/01_SOURCE_M08_ONLY/RUMAHAGEN_WF-03.2_MASTER_PERMISSION_MATRIX_M01-M08_RECONCILED_v1.2.xlsx,23218,b943598b6fea33b3fa690962f745b6088d4deda168b5396a5cedf07eeea5dc41
M01-M15 new recon(20260907-081753).zip,1,RUMAHAGEN_WF03_M08_CORE_IMPACT_ANALYSIS_FULL_v1.0_CONTROLLED.zip!RUMAHAGEN_WF03_M08_CORE_IMPACT_ANALYSIS_FULL_v1.0_CONTROLLED/01_SOURCE_M08_ONLY/M08_QIR_QUESTION_CLOSURE_MATRIX_Q01-Q45_v1.0.csv,17219,0eabb4008ab735b72f3b4ccaa1a397f3aab0b0af29bb1c2f5cd3ebaeae5f3628
M01-M15 new recon(20260907-081753).zip,1,RUMAHAGEN_WF03_M08_CORE_IMPACT_ANALYSIS_FULL_v1.0_CONTROLLED.zip!RUMAHAGEN_WF03_M08_CORE_IMPACT_ANALYSIS_FULL_v1.0_CONTROLLED/01_SOURCE_M08_ONLY/02_M08_QA_DECISION_REGISTER_Q01-Q45_v1.0.md,6562,acca1bfef969597afcda7bf01ca209721382dd4fa9485065908f91881b66d9c7
M01-M15 new recon(20260907-081753).zip,1,RUMAHAGEN_WF03_M08_CORE_IMPACT_ANALYSIS_FULL_v1.0_CONTROLLED.zip!RUMAHAGEN_WF03_M08_CORE_IMPACT_ANALYSIS_FULL_v1.0_CONTROLLED/01_SOURCE_M08_ONLY/M08_QIR_LIFECYCLE_ACTOR_AUTHORITY_v1.0.md,1517,1942a2cc4365a614ee773ce75897e88749cc41d89dc7c5702629593a058d5e9c
M01-M15 new recon(20260907-081753).zip,1,RUMAHAGEN_WF03_M08_CORE_IMPACT_ANALYSIS_FULL_v1.0_CONTROLLED.zip!RUMAHAGEN_WF03_M08_CORE_IMPACT_ANALYSIS_FULL_v1.0_CONTROLLED/01_SOURCE_M08_ONLY/M08_PHYSICAL_EXECUTION_SPEC_v2.1.md,6775,d2033671ce0e13b29483fad93756ff1ebfafcaa24585763f4bc68de6a7859926
M01-M15 new recon(20260907-081753).zip,1,RUMAHAGEN_WF03_M08_CORE_IMPACT_ANALYSIS_FULL_v1.0_CONTROLLED.zip!RUMAHAGEN_WF03_M08_CORE_IMPACT_ANALYSIS_FULL_v1.0_CONTROLLED/01_SOURCE_M08_ONLY/M08_CORE_IMPACT_SOURCE_MANIFEST_v1.0.csv,600,d6c54c053f9c0b4c0f30bb91962a778fa897ee1b8dcb2df3e74d1caa2fc8261e
M01-M15 new recon(20260907-081753).zip,1,RUMAHAGEN_WF03_M08_CORE_IMPACT_ANALYSIS_FULL_v1.0_CONTROLLED.zip!RUMAHAGEN_WF03_M08_CORE_IMPACT_ANALYSIS_FULL_v1.0_CONTROLLED/01_SOURCE_M08_ONLY/01_M08_ARTIFACT_INVENTORY_DEEP_SCAN_v1.0.md,3054,d7bc8ea8760c1cf1c118e65693278141aaf77eeafcfed87585d5622d6d724d39
M01-M15 new recon(20260907-081753).zip,1,RUMAHAGEN_WF03_M08_CORE_IMPACT_ANALYSIS_FULL_v1.0_CONTROLLED.zip!RUMAHAGEN_WF03_M08_CORE_IMPACT_ANALYSIS_FULL_v1.0_CONTROLLED/01_SOURCE_M08_ONLY/04_M08_FINAL_QA_v1.0.md,1331,32af01290c3f3783864f88ff220bc3b1a358f63650a781184d46a74d696f9831
M01-M15 new recon(20260907-081753).zip,1,RUMAHAGEN_WF03_M08_CORE_IMPACT_ANALYSIS_FULL_v1.0_CONTROLLED.zip!RUMAHAGEN_WF03_M08_CORE_IMPACT_ANALYSIS_FULL_v1.0_CONTROLLED/01_SOURCE_M08_ONLY/RUMAHAGEN_WF-03.2_M08_PERMISSION_MATRIX_RECONCILIATION_v1.0.docx,38801,ad26b4bb1a81ad64ad99346876f73a6965c251f2574a68bca52f4b9d0b2e3775
M01-M15 new recon(20260907-081753).zip,1,RUMAHAGEN_WF03_M08_CORE_IMPACT_ANALYSIS_FULL_v1.0_CONTROLLED.zip!RUMAHAGEN_WF03_M08_CORE_IMPACT_ANALYSIS_FULL_v1.0_CONTROLLED/01_SOURCE_M08_ONLY/RUMAHAGEN_WF-03.2_MASTER_PERMISSION_MATRIX_M01-M08_RECONCILED_v1.2.csv,27560,e5867ab7e3814555603fde73f28080bae198a952a0ac27d9ebe05d0d9eeeb461
M01-M15 new recon(20260907-081753).zip,1,RUMAHAGEN_WF03_M08_CORE_IMPACT_ANALYSIS_FULL_v1.0_CONTROLLED.zip!RUMAHAGEN_WF03_M08_CORE_IMPACT_ANALYSIS_FULL_v1.0_CONTROLLED/01_SOURCE_M08_ONLY/03_M08_SEMANTIC_CROSS_MODULE_RECONCILIATION_v1.0.md,3025,50b8a3b0b92ef868186f6b7da90bc4300dc4d23dfffa7abac35ce5dedfa38b90
M01-M15 new recon(20260907-081753).zip,1,RUMAHAGEN_WF03_M08_CORE_IMPACT_ANALYSIS_FULL_v1.0_CONTROLLED.zip!RUMAHAGEN_WF03_M08_CORE_IMPACT_ANALYSIS_FULL_v1.0_CONTROLLED/01_SOURCE_M08_ONLY/RUMAHAGEN_WF-03.2_M08_PERMISSION_REEVALUATION_QA_DECISION_RECORD_v1.0.docx,39291,502a607ecddbef8c5c0a1db304aebe5f438200d18d54e3c2f570b049080665b7
M01-M15 new recon(20260907-081753).zip,1,RUMAHAGEN_WF03_M08_CORE_IMPACT_ANALYSIS_FULL_v1.0_CONTROLLED.zip!RUMAHAGEN_WF03_M08_CORE_IMPACT_ANALYSIS_FULL_v1.0_CONTROLLED/04_QA/M08_CORE_IMPACT_ANALYSIS_FINAL_QA_v1.0.md,1295,3cb6b50e4ce0e46acc67f0aadde77599c5b911ae173c05870752ea293da9c6ce
M01-M15 new recon(20260907-081753).zip,1,RUMAHAGEN_WF03_M08_CORE_IMPACT_ANALYSIS_FULL_v1.0_CONTROLLED.zip!RUMAHAGEN_WF03_M08_CORE_IMPACT_ANALYSIS_FULL_v1.0_CONTROLLED/03_IMPACT_MATRIX/M08_CORE_IMPACT_MATRIX_FULL_v1.0.csv,4456,6c21ac34eb86e5f2bf0258b00a7a2cd05809f0cc25493d8b20129413e48a1b03
M01-M15 new recon(20260907-081753).zip,1,RUMAHAGEN_WF03_M08_CORE_IMPACT_ANALYSIS_FULL_v1.0_CONTROLLED.zip!RUMAHAGEN_WF03_M08_CORE_IMPACT_ANALYSIS_FULL_v1.0_CONTROLLED/03_IMPACT_MATRIX/M08_CORE_IMPACT_MATRIX_FULL_v1.0.xlsx,8016,3b2776b8f4b8d0c91f4290cbcab25e3f056821ccd5104fa54841072fdaaab724
M01-M15 new recon(20260907-081753).zip,1,RUMAHAGEN_WF03_M08_CORE_IMPACT_ANALYSIS_FULL_v1.0_CONTROLLED.zip!RUMAHAGEN_WF03_M08_CORE_IMPACT_ANALYSIS_FULL_v1.0_CONTROLLED/02_IMPACT_ANALYSIS/00_M08_CORE_IMPACT_ANALYSIS_FULL_v1.0.md,8428,44490ea6778d5369b464183c6f2a3fc7e77a3e95e396e024a745e8cbc83d8ca1
M01-M15 new recon(20260907-081753).zip,0,RUMAHAGEN_WF03_M08_QIR_RESOLUTION_CONTROLLED_v1.0_FULL_VERSION.zip,137277,38e5049407d42de68d07b9d01194dd3125bdb65a585795db7a39a21e931d4554
M01-M15 new recon(20260907-081753).zip,1,RUMAHAGEN_WF03_M08_QIR_RESOLUTION_CONTROLLED_v1.0_FULL_VERSION.zip!M08_QIR_RESOLUTION_CONTROLLED_v1.0/README_M08_QIR_RESOLUTION_CONTROLLED_v1.0.md,781,4f4cccc7d8b286762fe8fc0a9d35afb1a015535ef227d2145294894b5f22c292
M01-M15 new recon(20260907-081753).zip,1,RUMAHAGEN_WF03_M08_QIR_RESOLUTION_CONTROLLED_v1.0_FULL_VERSION.zip!M08_QIR_RESOLUTION_CONTROLLED_v1.0/M08_QIR_OUTPUT_MANIFEST_v1.0.csv,719,93ee71fb12437a6972a5a275d58752510e43fe3eea0357f38ea31ba639b52ed8
M01-M15 new recon(20260907-081753).zip,1,RUMAHAGEN_WF03_M08_QIR_RESOLUTION_CONTROLLED_v1.0_FULL_VERSION.zip!M08_QIR_RESOLUTION_CONTROLLED_v1.0/01_SOURCE_M08_ONLY/00_README_M08_CONTROLLED_v1.0.md,714,ae7ba6893c994db4e92ca106a16c09790eda3f1e69b190c14d0035c0cde2772e
M01-M15 new recon(20260907-081753).zip,1,RUMAHAGEN_WF03_M08_QIR_RESOLUTION_CONTROLLED_v1.0_FULL_VERSION.zip!M08_QIR_RESOLUTION_CONTROLLED_v1.0/01_SOURCE_M08_ONLY/RUMAHAGEN_WF-03.2_MASTER_PERMISSION_MATRIX_M01-M08_RECONCILED_v1.2.xlsx,23218,b943598b6fea33b3fa690962f745b6088d4deda168b5396a5cedf07eeea5dc41
M01-M15 new recon(20260907-081753).zip,1,RUMAHAGEN_WF03_M08_QIR_RESOLUTION_CONTROLLED_v1.0_FULL_VERSION.zip!M08_QIR_RESOLUTION_CONTROLLED_v1.0/01_SOURCE_M08_ONLY/02_M08_QA_DECISION_REGISTER_Q01-Q45_v1.0.md,6562,acca1bfef969597afcda7bf01ca209721382dd4fa9485065908f91881b66d9c7
M01-M15 new recon(20260907-081753).zip,1,RUMAHAGEN_WF03_M08_QIR_RESOLUTION_CONTROLLED_v1.0_FULL_VERSION.zip!M08_QIR_RESOLUTION_CONTROLLED_v1.0/01_SOURCE_M08_ONLY/M08_PHYSICAL_EXECUTION_SPEC_v2.1.md,6775,d2033671ce0e13b29483fad93756ff1ebfafcaa24585763f4bc68de6a7859926
M01-M15 new recon(20260907-081753).zip,1,RUMAHAGEN_WF03_M08_QIR_RESOLUTION_CONTROLLED_v1.0_FULL_VERSION.zip!M08_QIR_RESOLUTION_CONTROLLED_v1.0/01_SOURCE_M08_ONLY/01_M08_ARTIFACT_INVENTORY_DEEP_SCAN_v1.0.md,3054,d7bc8ea8760c1cf1c118e65693278141aaf77eeafcfed87585d5622d6d724d39
M01-M15 new recon(20260907-081753).zip,1,RUMAHAGEN_WF03_M08_QIR_RESOLUTION_CONTROLLED_v1.0_FULL_VERSION.zip!M08_QIR_RESOLUTION_CONTROLLED_v1.0/01_SOURCE_M08_ONLY/04_M08_FINAL_QA_v1.0.md,1331,32af01290c3f3783864f88ff220bc3b1a358f63650a781184d46a74d696f9831
M01-M15 new recon(20260907-081753).zip,1,RUMAHAGEN_WF03_M08_QIR_RESOLUTION_CONTROLLED_v1.0_FULL_VERSION.zip!M08_QIR_RESOLUTION_CONTROLLED_v1.0/01_SOURCE_M08_ONLY/RUMAHAGEN_WF-03.2_M08_PERMISSION_MATRIX_RECONCILIATION_v1.0.docx,38801,ad26b4bb1a81ad64ad99346876f73a6965c251f2574a68bca52f4b9d0b2e3775
M01-M15 new recon(20260907-081753).zip,1,RUMAHAGEN_WF03_M08_QIR_RESOLUTION_CONTROLLED_v1.0_FULL_VERSION.zip!M08_QIR_RESOLUTION_CONTROLLED_v1.0/01_SOURCE_M08_ONLY/M08_SOURCE_MANIFEST.csv,2266,b86aef31189842395bc1944c12e0d9ef2e408a74c1f5de565712eaeb261bfd07
M01-M15 new recon(20260907-081753).zip,1,RUMAHAGEN_WF03_M08_QIR_RESOLUTION_CONTROLLED_v1.0_FULL_VERSION.zip!M08_QIR_RESOLUTION_CONTROLLED_v1.0/01_SOURCE_M08_ONLY/RUMAHAGEN_WF-03.2_MASTER_PERMISSION_MATRIX_M01-M08_RECONCILED_v1.2.csv,27560,e5867ab7e3814555603fde73f28080bae198a952a0ac27d9ebe05d0d9eeeb461
M01-M15 new recon(20260907-081753).zip,1,RUMAHAGEN_WF03_M08_QIR_RESOLUTION_CONTROLLED_v1.0_FULL_VERSION.zip!M08_QIR_RESOLUTION_CONTROLLED_v1.0/01_SOURCE_M08_ONLY/03_M08_SEMANTIC_CROSS_MODULE_RECONCILIATION_v1.0.md,3025,50b8a3b0b92ef868186f6b7da90bc4300dc4d23dfffa7abac35ce5dedfa38b90
M01-M15 new recon(20260907-081753).zip,1,RUMAHAGEN_WF03_M08_QIR_RESOLUTION_CONTROLLED_v1.0_FULL_VERSION.zip!M08_QIR_RESOLUTION_CONTROLLED_v1.0/01_SOURCE_M08_ONLY/RUMAHAGEN_WF-03.2_M08_PERMISSION_REEVALUATION_QA_DECISION_RECORD_v1.0.docx,39291,502a607ecddbef8c5c0a1db304aebe5f438200d18d54e3c2f570b049080665b7
M01-M15 new recon(20260907-081753).zip,1,RUMAHAGEN_WF03_M08_QIR_RESOLUTION_CONTROLLED_v1.0_FULL_VERSION.zip!M08_QIR_RESOLUTION_CONTROLLED_v1.0/02_QIR/00_M08_QIR_RESOLUTION_CONTROL_REPORT_v1.0.md,6183,28e1b8de9d6f5c6a9dea3193d6512ff9cf19b6fc3710bf9ef20b280ef323bdd7
M01-M15 new recon(20260907-081753).zip,1,RUMAHAGEN_WF03_M08_QIR_RESOLUTION_CONTROLLED_v1.0_FULL_VERSION.zip!M08_QIR_RESOLUTION_CONTROLLED_v1.0/02_QIR/M08_QIR_QUESTION_CLOSURE_MATRIX_Q01-Q45_v1.0.csv,17219,0eabb4008ab735b72f3b4ccaa1a397f3aab0b0af29bb1c2f5cd3ebaeae5f3628
M01-M15 new recon(20260907-081753).zip,1,RUMAHAGEN_WF03_M08_QIR_RESOLUTION_CONTROLLED_v1.0_FULL_VERSION.zip!M08_QIR_RESOLUTION_CONTROLLED_v1.0/02_QIR/M08_QIR_QUESTION_CLOSURE_MATRIX_Q01-Q45_v1.0.xlsx,9247,c67d3038ef47ddb6335c7f7e94543eae8c5f7f795f5fbbc81ba269acc7fb8ee3
M01-M15 new recon(20260907-081753).zip,1,RUMAHAGEN_WF03_M08_QIR_RESOLUTION_CONTROLLED_v1.0_FULL_VERSION.zip!M08_QIR_RESOLUTION_CONTROLLED_v1.0/04_QA/M08_QIR_FINAL_QA_v1.0.md,1552,7ebb988354c785d11c657fd92c1e41c5aac90ed3881c7d4319f61587eee215e7
M01-M15 new recon(20260907-081753).zip,1,RUMAHAGEN_WF03_M08_QIR_RESOLUTION_CONTROLLED_v1.0_FULL_VERSION.zip!M08_QIR_RESOLUTION_CONTROLLED_v1.0/03_RECONCILIATION/M08_QIR_PHYSICAL_RUNTIME_SEPARATION_v1.0.csv,372,756cec41941cfecc88f24d5e23b4c4ba461d8fbb1dee0424d461036a60e71466
M01-M15 new recon(20260907-081753).zip,1,RUMAHAGEN_WF03_M08_QIR_RESOLUTION_CONTROLLED_v1.0_FULL_VERSION.zip!M08_QIR_RESOLUTION_CONTROLLED_v1.0/03_RECONCILIATION/M08_QIR_PERMISSION_RECONCILIATION_v1.0.csv,527,730aeaa1a74b4acd67f3692d8b9bca6868be2030fcaddbcc1564cb19c10caeef
M01-M15 new recon(20260907-081753).zip,1,RUMAHAGEN_WF03_M08_QIR_RESOLUTION_CONTROLLED_v1.0_FULL_VERSION.zip!M08_QIR_RESOLUTION_CONTROLLED_v1.0/03_RECONCILIATION/M08_QIR_LIFECYCLE_ACTOR_AUTHORITY_v1.0.md,1517,1942a2cc4365a614ee773ce75897e88749cc41d89dc7c5702629593a058d5e9c
M01-M15 new recon(20260907-081753).zip,1,RUMAHAGEN_WF03_M08_QIR_RESOLUTION_CONTROLLED_v1.0_FULL_VERSION.zip!M08_QIR_RESOLUTION_CONTROLLED_v1.0/03_RECONCILIATION/M08_QIR_PERMISSION_RECONCILIATION_v1.0.xlsx,5786,6a2cc8a462f94bb83bdbeb7b6458f7e189880947f3d70e62e116ae1f47fe8789
M01-M15 new recon(20260907-081753).zip,1,RUMAHAGEN_WF03_M08_QIR_RESOLUTION_CONTROLLED_v1.0_FULL_VERSION.zip!M08_QIR_RESOLUTION_CONTROLLED_v1.0/03_RECONCILIATION/M08_QIR_CONTRADICTION_REGISTER_v1.0.csv,1249,745d05a4842cb1da81c5e551c511c4e94248c6777a9f657d0648496c31d43d84
M01-M15 new recon(20260907-081753).zip,0,RUMAHAGEN_WF03_M09_FULL_REBUILD_CONTROLLED_v1.1_FULL_VERSION.zip,27985,2631a290a8af1420ab769434b14cadb5cce18e34f57685f9288394fbb08103d0
M01-M15 new recon(20260907-081753).zip,1,RUMAHAGEN_WF03_M09_FULL_REBUILD_CONTROLLED_v1.1_FULL_VERSION.zip!RUMAHAGEN_WF03_M09_FULL_REBUILD_CONTROLLED_v1.1/README_M09_FULL_REBUILD_CONTROLLED_v1.1.md,505,75645dea7f0f2698834e91654372d1cfdc17c54991281075a0cf34e9e0095fd3
M01-M15 new recon(20260907-081753).zip,1,RUMAHAGEN_WF03_M09_FULL_REBUILD_CONTROLLED_v1.1_FULL_VERSION.zip!RUMAHAGEN_WF03_M09_FULL_REBUILD_CONTROLLED_v1.1/02_REBUILD/M09_SUPERSESSION_REGISTER_v1.1.csv,1112,7acfc848faa414a029d1b8d1a829a6d06e904aa3dcc145715c67749fbf869136
M01-M15 new recon(20260907-081753).zip,1,RUMAHAGEN_WF03_M09_FULL_REBUILD_CONTROLLED_v1.1_FULL_VERSION.zip!RUMAHAGEN_WF03_M09_FULL_REBUILD_CONTROLLED_v1.1/02_REBUILD/M09_QA_DECISION_REGISTER_Q01-Q06_v1.1.xlsx,6208,dc3f766aa6fcc9d79ce6f496517eae94a4a330d63ef92b59a9eb332cd0f3fb26
M01-M15 new recon(20260907-081753).zip,1,RUMAHAGEN_WF03_M09_FULL_REBUILD_CONTROLLED_v1.1_FULL_VERSION.zip!RUMAHAGEN_WF03_M09_FULL_REBUILD_CONTROLLED_v1.1/02_REBUILD/M09_QA_DECISION_REGISTER_Q01-Q06_v1.1.csv,1514,75b2ad19d720decfc6a70c6cb9fba4b1b161864395cd7e36debf7f2894646421
M01-M15 new recon(20260907-081753).zip,1,RUMAHAGEN_WF03_M09_FULL_REBUILD_CONTROLLED_v1.1_FULL_VERSION.zip!RUMAHAGEN_WF03_M09_FULL_REBUILD_CONTROLLED_v1.1/02_REBUILD/00_M09_FULL_REBUILD_FINAL_REPORT_v1.1.md,2327,592497b991baaece53f20559c05c416514448a6e5c1a62895ae159c32fe809b5
M01-M15 new recon(20260907-081753).zip,1,RUMAHAGEN_WF03_M09_FULL_REBUILD_CONTROLLED_v1.1_FULL_VERSION.zip!RUMAHAGEN_WF03_M09_FULL_REBUILD_CONTROLLED_v1.1/01_SOURCE_M09_ONLY/M09_ARCHIVE_INVENTORY_FULL.csv,10455,fb774eeb14e9c54cd875367c5a3537c5ae720e405fb134c9c626e1ee0c54c21b
M01-M15 new recon(20260907-081753).zip,1,RUMAHAGEN_WF03_M09_FULL_REBUILD_CONTROLLED_v1.1_FULL_VERSION.zip!RUMAHAGEN_WF03_M09_FULL_REBUILD_CONTROLLED_v1.1/01_SOURCE_M09_ONLY/M09_SCOPE_INVENTORY.csv,133,f07be54fcd2f069eb9d1794c467df9477b174b9d88ffe8eb81e674efeaf96fd7
M01-M15 new recon(20260907-081753).zip,1,RUMAHAGEN_WF03_M09_FULL_REBUILD_CONTROLLED_v1.1_FULL_VERSION.zip!RUMAHAGEN_WF03_M09_FULL_REBUILD_CONTROLLED_v1.1/01_SOURCE_M09_ONLY/RUMAHAGEN_WF-03.2_M09_PERMISSION_REEVALUATION_QA_DECISION_RECORD_v1.0.md,12947,d2a0a556faa736b12905f567833ee3681343e135831fef52128a4af53cf98f90
M01-M15 new recon(20260907-081753).zip,1,RUMAHAGEN_WF03_M09_FULL_REBUILD_CONTROLLED_v1.1_FULL_VERSION.zip!RUMAHAGEN_WF03_M09_FULL_REBUILD_CONTROLLED_v1.1/01_SOURCE_M09_ONLY/M09_SOURCE_MANIFEST_v1.1.csv,391,50c549339644d0e50195536c61809f38577485f40881bad90165dbc6ead35373
M01-M15 new recon(20260907-081753).zip,1,RUMAHAGEN_WF03_M09_FULL_REBUILD_CONTROLLED_v1.1_FULL_VERSION.zip!RUMAHAGEN_WF03_M09_FULL_REBUILD_CONTROLLED_v1.1/04_LIFECYCLE_DEPENDENCY/M09_LIFECYCLE_ACTOR_SCOPE_AUTHORITY_v1.1.md,2776,0863f8ddd8ca3645f834be3137d97ce66b49222e5bfd2f9bde85c0dca9ea4c17
M01-M15 new recon(20260907-081753).zip,1,RUMAHAGEN_WF03_M09_FULL_REBUILD_CONTROLLED_v1.1_FULL_VERSION.zip!RUMAHAGEN_WF03_M09_FULL_REBUILD_CONTROLLED_v1.1/04_LIFECYCLE_DEPENDENCY/M09_CROSS_MODULE_DEPENDENCY_RECONCILIATION_v1.1.md,1302,5131a6100257a11a0fb3c60e99576844d68aa4fc0af03d8b9f0ce6e54ef73ab0
M01-M15 new recon(20260907-081753).zip,1,RUMAHAGEN_WF03_M09_FULL_REBUILD_CONTROLLED_v1.1_FULL_VERSION.zip!RUMAHAGEN_WF03_M09_FULL_REBUILD_CONTROLLED_v1.1/03_PERMISSION_MATRIX/M09_FINAL_SEMANTIC_PERMISSION_MATRIX_v1.1.csv,1762,d52b5a46c05232c225100ba5a2312a22d701d82c887ed3567c942b99bc80280a
M01-M15 new recon(20260907-081753).zip,1,RUMAHAGEN_WF03_M09_FULL_REBUILD_CONTROLLED_v1.1_FULL_VERSION.zip!RUMAHAGEN_WF03_M09_FULL_REBUILD_CONTROLLED_v1.1/03_PERMISSION_MATRIX/M09_FINAL_SEMANTIC_PERMISSION_MATRIX_v1.1.xlsx,6546,8dd59a625d1fef7d913202ce8034d8e6df619a9d7c3a5440e3734371954dae74
M01-M15 new recon(20260907-081753).zip,1,RUMAHAGEN_WF03_M09_FULL_REBUILD_CONTROLLED_v1.1_FULL_VERSION.zip!RUMAHAGEN_WF03_M09_FULL_REBUILD_CONTROLLED_v1.1/05_QA/M09_DOWNSTREAM_FINDINGS_AND_STATUS_v1.1.csv,1491,1c75a9b33aeba6cbdbecf40a5812f4692153986cc00b6672f14763e8f8655f3d
M01-M15 new recon(20260907-081753).zip,1,RUMAHAGEN_WF03_M09_FULL_REBUILD_CONTROLLED_v1.1_FULL_VERSION.zip!RUMAHAGEN_WF03_M09_FULL_REBUILD_CONTROLLED_v1.1/05_QA/M09_FINAL_QA_v1.1.md,1254,9e3d52658ffba8ab873e1f9d552b315ca6997ec22c4fa98cb29ce6a790d57c1f
M01-M15 new recon(20260907-081753).zip,0,M09_CORE_IMPACT_ANALYSIS_FULL_v1.0.zip,1679883,20f3ff1262d34157d48557074c4f1fba61a9e2d27446d278713e75af6746a7ef
M01-M15 new recon(20260907-081753).zip,1,M09_CORE_IMPACT_ANALYSIS_FULL_v1.0.zip!00_CONTROL/FULL_DEEP_SCAN_INPUT_INVENTORY_v1.0.csv,105,334763167c08d9568b7a246b919579dcf39807c9fca1b143b00f0a2eb36511b7
M01-M15 new recon(20260907-081753).zip,1,M09_CORE_IMPACT_ANALYSIS_FULL_v1.0.zip!00_CONTROL/README_M09_CORE_IMPACT_ANALYSIS_FULL_v1.0.md,881,1f9094fbf66b43d766fdea144b465fae88a7ef5443002cc5940407a4b84bcedc
M01-M15 new recon(20260907-081753).zip,1,M09_CORE_IMPACT_ANALYSIS_FULL_v1.0.zip!00_CONTROL/SHA256_MANIFEST_M09_CORE_IMPACT_v1.0.csv,4058,567451a054155048b0b8e8107a8ea6b2554ceae491dc1d934acc916d457840ce
M01-M15 new recon(20260907-081753).zip,1,M09_CORE_IMPACT_ANALYSIS_FULL_v1.0.zip!03_IMPACT_ANALYSIS/M09_CORE_IMPACT_ANALYSIS_FULL_v1.0.md,3460,bcbabbf1cb97999d7bc354ff38fafff3b56d287ede7c5c5a0994cc8235b9d4d9
M01-M15 new recon(20260907-081753).zip,1,M09_CORE_IMPACT_ANALYSIS_FULL_v1.0.zip!01_SOURCE_M09_ONLY/M09_DOWNSTREAM_FINDINGS_AND_STATUS_v1.1.csv,1491,1c75a9b33aeba6cbdbecf40a5812f4692153986cc00b6672f14763e8f8655f3d
M01-M15 new recon(20260907-081753).zip,1,M09_CORE_IMPACT_ANALYSIS_FULL_v1.0.zip!01_SOURCE_M09_ONLY/M09_QIR_FINAL_QA_v1.2.md,1506,47b4bf94be661c7a6bf9d914aa706372790b9c15ff281c244da182601bac7113
M01-M15 new recon(20260907-081753).zip,1,M09_CORE_IMPACT_ANALYSIS_FULL_v1.0.zip!01_SOURCE_M09_ONLY/M09_ARCHIVE_INVENTORY_FULL.csv,10455,fb774eeb14e9c54cd875367c5a3537c5ae720e405fb134c9c626e1ee0c54c21b
M01-M15 new recon(20260907-081753).zip,1,M09_CORE_IMPACT_ANALYSIS_FULL_v1.0.zip!01_SOURCE_M09_ONLY/M09_CROSS_DOCUMENT_CONTRADICTION_RESCAN_v1.2.csv,1170,2357ca1537da85e8f7acb473acf3ef1be3e59c4667cd460a3f3445828765aade
M01-M15 new recon(20260907-081753).zip,1,M09_CORE_IMPACT_ANALYSIS_FULL_v1.0.zip!01_SOURCE_M09_ONLY/M09_QIR_RESOLUTION_SCOPE_INVENTORY_v1.2.csv,696,fe3dfb18a7cee44f5d2b06e779592edcd3a62b9935cead2e0777a974361f7a20
M01-M15 new recon(20260907-081753).zip,1,M09_CORE_IMPACT_ANALYSIS_FULL_v1.0.zip!01_SOURCE_M09_ONLY/M09_SCOPE_INVENTORY.csv,133,f07be54fcd2f069eb9d1794c467df9477b174b9d88ffe8eb81e674efeaf96fd7
M01-M15 new recon(20260907-081753).zip,1,M09_CORE_IMPACT_ANALYSIS_FULL_v1.0.zip!01_SOURCE_M09_ONLY/RUMAHAGEN_WF-03.2_M09_PERMISSION_REEVALUATION_QA_DECISION_RECORD_v1.0.md,12947,d2a0a556faa736b12905f567833ee3681343e135831fef52128a4af53cf98f90
M01-M15 new recon(20260907-081753).zip,1,M09_CORE_IMPACT_ANALYSIS_FULL_v1.0.zip!01_SOURCE_M09_ONLY/M09_QIR_RESOLUTION_RECORD_v1.2.md,7220,07dc9b3f26f3930dc7ca042b4249737850e0f73a04ffdcba1cdef93dd582d8c9
M01-M15 new recon(20260907-081753).zip,1,M09_CORE_IMPACT_ANALYSIS_FULL_v1.0.zip!01_SOURCE_M09_ONLY/M09_LIFECYCLE_ACTOR_SCOPE_AUTHORITY_v1.1.md,2776,0863f8ddd8ca3645f834be3137d97ce66b49222e5bfd2f9bde85c0dca9ea4c17
M01-M15 new recon(20260907-081753).zip,1,M09_CORE_IMPACT_ANALYSIS_FULL_v1.0.zip!01_SOURCE_M09_ONLY/README_M09_QIR_RESOLUTION_FULL_v1.2.md,1811,4256a836d9fac2e644c903d97ffd38b09b5aa467fd17f52f9ddbeac1de002508
M01-M15 new recon(20260907-081753).zip,1,M09_CORE_IMPACT_ANALYSIS_FULL_v1.0.zip!01_SOURCE_M09_ONLY/M09_CROSS_MODULE_DEPENDENCY_RECONCILIATION_v1.1.md,1302,5131a6100257a11a0fb3c60e99576844d68aa4fc0af03d8b9f0ce6e54ef73ab0
M01-M15 new recon(20260907-081753).zip,1,M09_CORE_IMPACT_ANALYSIS_FULL_v1.0.zip!01_SOURCE_M09_ONLY/M09_SUPERSESSION_REGISTER_v1.1.csv,1112,7acfc848faa414a029d1b8d1a829a6d06e904aa3dcc145715c67749fbf869136
M01-M15 new recon(20260907-081753).zip,1,M09_CORE_IMPACT_ANALYSIS_FULL_v1.0.zip!01_SOURCE_M09_ONLY/M09_FINAL_SEMANTIC_PERMISSION_MATRIX_v1.1.csv,1762,d52b5a46c05232c225100ba5a2312a22d701d82c887ed3567c942b99bc80280a
M01-M15 new recon(20260907-081753).zip,1,M09_CORE_IMPACT_ANALYSIS_FULL_v1.0.zip!01_SOURCE_M09_ONLY/M09_CORE_PROPAGATION_REGISTER_v1.2.csv,1027,0102193b2ab6daec0fdf9f1b7d4ba115e9e2f9b0f9a49363bf89aee0ddb426db
M01-M15 new recon(20260907-081753).zip,1,M09_CORE_IMPACT_ANALYSIS_FULL_v1.0.zip!01_SOURCE_M09_ONLY/M09_SOURCE_MANIFEST_v1.1.csv,391,50c549339644d0e50195536c61809f38577485f40881bad90165dbc6ead35373
M01-M15 new recon(20260907-081753).zip,1,M09_CORE_IMPACT_ANALYSIS_FULL_v1.0.zip!01_SOURCE_M09_ONLY/M09_FINAL_SEMANTIC_PERMISSION_MATRIX_v1.1.xlsx,6546,8dd59a625d1fef7d913202ce8034d8e6df619a9d7c3a5440e3734371954dae74
M01-M15 new recon(20260907-081753).zip,1,M09_CORE_IMPACT_ANALYSIS_FULL_v1.0.zip!04_DEPENDENCY_IMPACT/M09_CORE_DEPENDENCY_IMPACT_MATRIX_v1.0.csv,1853,c5bfd398a405e15c500259d69a4e6592df7503e7459a7bde5f6d8517c277f6bb
M01-M15 new recon(20260907-081753).zip,1,M09_CORE_IMPACT_ANALYSIS_FULL_v1.0.zip!02_CORE_M09_EVIDENCE/EXECUTION_SPEC_CURRENT_BASELINE_M09_EXTRACT.md,2892,9893e75bee92c4397b0145206a98423dae3f285cb97b5a10f079d44fdeced725
M01-M15 new recon(20260907-081753).zip,1,M09_CORE_IMPACT_ANALYSIS_FULL_v1.0.zip!02_CORE_M09_EVIDENCE/PLANNING_CURRENT_BASELINE_M09_EXTRACT.md,6232,3cda65956eac13fa2282323421bba1cf690ebcd134d923338806911f9c4430c1
M01-M15 new recon(20260907-081753).zip,1,M09_CORE_IMPACT_ANALYSIS_FULL_v1.0.zip!02_CORE_M09_EVIDENCE/DEPENDENCY_CURRENT_BASELINE_M09_EXTRACT.md,10796,08fcc9723ee6ef58ff57a868bd974be44dc3b0051bda1ef1e96699edfc823264
M01-M15 new recon(20260907-081753).zip,1,M09_CORE_IMPACT_ANALYSIS_FULL_v1.0.zip!02_CORE_M09_EVIDENCE/FUNCTIONAL_CURRENT_BASELINE_M09_EXTRACT.md,999,f459e6dbe28bc5415e30d9eace48a420deddd6535fb974bb9fa98f7ec70f731e
M01-M15 new recon(20260907-081753).zip,1,M09_CORE_IMPACT_ANALYSIS_FULL_v1.0.zip!02_CORE_M09_EVIDENCE/API_EXACT_admin_reports_export.md,1152,b81931afbd2ffff29e3d95a09ec18b8f960e4b7d984dae3669110c5ca8d98f76
M01-M15 new recon(20260907-081753).zip,1,M09_CORE_IMPACT_ANALYSIS_FULL_v1.0.zip!02_CORE_M09_EVIDENCE/API_EXACT_admin_audit-logs.md,1148,25dc285be6ce7057b93432099ab251ebb117593b6909eb4b480f3ced7777f651
M01-M15 new recon(20260907-081753).zip,1,M09_CORE_IMPACT_ANALYSIS_FULL_v1.0.zip!02_CORE_M09_EVIDENCE/TECHNICAL_CURRENT_BASELINE_M09_EXTRACT.md,764,48bf407cbf1e3fd53e9ea4e9bfdfbd4dab5fa5b9ac46a2d08cb9ace3d91b924d
M01-M15 new recon(20260907-081753).zip,1,M09_CORE_IMPACT_ANALYSIS_FULL_v1.0.zip!02_CORE_M09_EVIDENCE/API_EXACT_admin_config_system.md,1151,7965b410fbc54b6bdc90499725486c21a7368acb066ad91dd449085af280485f
M01-M15 new recon(20260907-081753).zip,1,M09_CORE_IMPACT_ANALYSIS_FULL_v1.0.zip!02_CORE_M09_EVIDENCE/RBAC_CURRENT_BASELINE_M09_EXTRACT.md,918,e4b919e47eee5da1399be6f5028def9dbd4a62bf47463e9745b51e1103284451
M01-M15 new recon(20260907-081753).zip,1,M09_CORE_IMPACT_ANALYSIS_FULL_v1.0.zip!02_CORE_M09_EVIDENCE/DECISION_LOG_M09_EXTRACT.md,576,8df2534c17bcad05dd973065d916aa78cd7fba9389f9617f1d32306abc2e1e63
M01-M15 new recon(20260907-081753).zip,1,M09_CORE_IMPACT_ANALYSIS_FULL_v1.0.zip!02_CORE_M09_EVIDENCE/API_CURRENT_BASELINE_M09_EXTRACT.md,1337,8b900b07cd6da9aabca30ae2a8fc7d2d34a8c0c8ecc7876294d4c63881d72c51
M01-M15 new recon(20260907-081753).zip,1,M09_CORE_IMPACT_ANALYSIS_FULL_v1.0.zip!02_CORE_M09_EVIDENCE/FOCUSED_EXECUTION_M08_M15_M09_EXTRACT.md,4312,c64f00fe350b736aa58af14b2ab1295be345ad496a382fb6d0b8849196c542d1
M01-M15 new recon(20260907-081753).zip,1,M09_CORE_IMPACT_ANALYSIS_FULL_v1.0.zip!02_CORE_M09_EVIDENCE/FINAL_RECONCILIATION_M09_EXTRACT.md,913,d2aca15f5d1754141381796e89092922601f1ab204b7052eef17426097e6d7fd
M01-M15 new recon(20260907-081753).zip,1,M09_CORE_IMPACT_ANALYSIS_FULL_v1.0.zip!_input/qir/M09_QIR_RESOLUTION_FULL_v1.2/00_CONTROL/M09_QIR_RESOLUTION_SCOPE_INVENTORY_v1.2.csv,696,fe3dfb18a7cee44f5d2b06e779592edcd3a62b9935cead2e0777a974361f7a20
M01-M15 new recon(20260907-081753).zip,1,M09_CORE_IMPACT_ANALYSIS_FULL_v1.0.zip!_input/qir/M09_QIR_RESOLUTION_FULL_v1.2/00_CONTROL/SHA256_MANIFEST_M09_QIR_RESOLUTION_FULL_v1.2.txt,3692,13fb890201050e33e297ad397cb907e01d260cc9f195b8c2be580faa8525467a
M01-M15 new recon(20260907-081753).zip,1,M09_CORE_IMPACT_ANALYSIS_FULL_v1.0.zip!_input/qir/M09_QIR_RESOLUTION_FULL_v1.2/00_CONTROL/README_M09_QIR_RESOLUTION_FULL_v1.2.md,1811,4256a836d9fac2e644c903d97ffd38b09b5aa467fd17f52f9ddbeac1de002508
M01-M15 new recon(20260907-081753).zip,1,M09_CORE_IMPACT_ANALYSIS_FULL_v1.0.zip!_input/qir/M09_QIR_RESOLUTION_FULL_v1.2/05_QIR_RESOLUTION/M09_CROSS_DOCUMENT_CONTRADICTION_RESCAN_v1.2.csv,1170,2357ca1537da85e8f7acb473acf3ef1be3e59c4667cd460a3f3445828765aade
M01-M15 new recon(20260907-081753).zip,1,M09_CORE_IMPACT_ANALYSIS_FULL_v1.0.zip!_input/qir/M09_QIR_RESOLUTION_FULL_v1.2/05_QIR_RESOLUTION/M09_QIR_RESOLUTION_RECORD_v1.2.md,7220,07dc9b3f26f3930dc7ca042b4249737850e0f73a04ffdcba1cdef93dd582d8c9
M01-M15 new recon(20260907-081753).zip,1,M09_CORE_IMPACT_ANALYSIS_FULL_v1.0.zip!_input/qir/M09_QIR_RESOLUTION_FULL_v1.2/05_QIR_RESOLUTION/M09_CORE_PROPAGATION_REGISTER_v1.2.csv,1027,0102193b2ab6daec0fdf9f1b7d4ba115e9e2f9b0f9a49363bf89aee0ddb426db
M01-M15 new recon(20260907-081753).zip,1,M09_CORE_IMPACT_ANALYSIS_FULL_v1.0.zip!_input/qir/M09_QIR_RESOLUTION_FULL_v1.2/02_REBUILD/M09_QA_DECISION_REGISTER_Q01-Q06_v1.1.csv,1514,75b2ad19d720decfc6a70c6cb9fba4b1b161864395cd7e36debf7f2894646421
M01-M15 new recon(20260907-081753).zip,1,M09_CORE_IMPACT_ANALYSIS_FULL_v1.0.zip!_input/qir/M09_QIR_RESOLUTION_FULL_v1.2/02_REBUILD/00_M09_FULL_REBUILD_FINAL_REPORT_v1.1.md,2327,592497b991baaece53f20559c05c416514448a6e5c1a62895ae159c32fe809b5
M01-M15 new recon(20260907-081753).zip,1,M09_CORE_IMPACT_ANALYSIS_FULL_v1.0.zip!_input/qir/M09_QIR_RESOLUTION_FULL_v1.2/02_REBUILD/M09_QA_DECISION_REGISTER_Q01-Q06_v1.1.xlsx,6208,dc3f766aa6fcc9d79ce6f496517eae94a4a330d63ef92b59a9eb332cd0f3fb26
M01-M15 new recon(20260907-081753).zip,1,M09_CORE_IMPACT_ANALYSIS_FULL_v1.0.zip!_input/qir/M09_QIR_RESOLUTION_FULL_v1.2/02_REBUILD/M09_SUPERSESSION_REGISTER_v1.1.csv,1112,7acfc848faa414a029d1b8d1a829a6d06e904aa3dcc145715c67749fbf869136
M01-M15 new recon(20260907-081753).zip,1,M09_CORE_IMPACT_ANALYSIS_FULL_v1.0.zip!_input/qir/M09_QIR_RESOLUTION_FULL_v1.2/01_SOURCE_M09_ONLY/README_M09_FULL_REBUILD_CONTROLLED_v1.1.md,505,75645dea7f0f2698834e91654372d1cfdc17c54991281075a0cf34e9e0095fd3
M01-M15 new recon(20260907-081753).zip,1,M09_CORE_IMPACT_ANALYSIS_FULL_v1.0.zip!_input/qir/M09_QIR_RESOLUTION_FULL_v1.2/01_SOURCE_M09_ONLY/M09_ARCHIVE_INVENTORY_FULL.csv,10455,fb774eeb14e9c54cd875367c5a3537c5ae720e405fb134c9c626e1ee0c54c21b
M01-M15 new recon(20260907-081753).zip,1,M09_CORE_IMPACT_ANALYSIS_FULL_v1.0.zip!_input/qir/M09_QIR_RESOLUTION_FULL_v1.2/01_SOURCE_M09_ONLY/M09_SCOPE_INVENTORY.csv,133,f07be54fcd2f069eb9d1794c467df9477b174b9d88ffe8eb81e674efeaf96fd7
M01-M15 new recon(20260907-081753).zip,1,M09_CORE_IMPACT_ANALYSIS_FULL_v1.0.zip!_input/qir/M09_QIR_RESOLUTION_FULL_v1.2/01_SOURCE_M09_ONLY/RUMAHAGEN_WF-03.2_M09_PERMISSION_REEVALUATION_QA_DECISION_RECORD_v1.0.md,12947,d2a0a556faa736b12905f567833ee3681343e135831fef52128a4af53cf98f90
M01-M15 new recon(20260907-081753).zip,1,M09_CORE_IMPACT_ANALYSIS_FULL_v1.0.zip!_input/qir/M09_QIR_RESOLUTION_FULL_v1.2/01_SOURCE_M09_ONLY/M09_SOURCE_MANIFEST_v1.1.csv,391,50c549339644d0e50195536c61809f38577485f40881bad90165dbc6ead35373
M01-M15 new recon(20260907-081753).zip,1,M09_CORE_IMPACT_ANALYSIS_FULL_v1.0.zip!_input/qir/M09_QIR_RESOLUTION_FULL_v1.2/03_PERMISSION_MATRIX/M09_FINAL_SEMANTIC_PERMISSION_MATRIX_v1.1.csv,1762,d52b5a46c05232c225100ba5a2312a22d701d82c887ed3567c942b99bc80280a
M01-M15 new recon(20260907-081753).zip,1,M09_CORE_IMPACT_ANALYSIS_FULL_v1.0.zip!_input/qir/M09_QIR_RESOLUTION_FULL_v1.2/03_PERMISSION_MATRIX/M09_FINAL_SEMANTIC_PERMISSION_MATRIX_v1.1.xlsx,6546,8dd59a625d1fef7d913202ce8034d8e6df619a9d7c3a5440e3734371954dae74
M01-M15 new recon(20260907-081753).zip,1,M09_CORE_IMPACT_ANALYSIS_FULL_v1.0.zip!_input/qir/M09_QIR_RESOLUTION_FULL_v1.2/07_CORE_M09_EVIDENCE/RBAC_M09_CONTEXT_CURRENT_BASELINE.md,1447,cc0d060ac88e90c504f5d458dfa98e113090b7e86e7abe0965f4e81d2e460bad
M01-M15 new recon(20260907-081753).zip,1,M09_CORE_IMPACT_ANALYSIS_FULL_v1.0.zip!_input/qir/M09_QIR_RESOLUTION_FULL_v1.2/07_CORE_M09_EVIDENCE/FOCUSED_EXECUTION_PACK_M09_EXTRACT.md,3066,916bbd98fca3890a9fa3933a1e6802960a007701494a2c142ceaa75ee054af16
M01-M15 new recon(20260907-081753).zip,1,M09_CORE_IMPACT_ANALYSIS_FULL_v1.0.zip!_input/qir/M09_QIR_RESOLUTION_FULL_v1.2/07_CORE_M09_EVIDENCE/FUNCTIONAL_M09_EXTRACT.md,827,214f78bac575518272e137cc7c4a8510c14ddc1a573c71a3bcb7cec8ebac6bf0
M01-M15 new recon(20260907-081753).zip,1,M09_CORE_IMPACT_ANALYSIS_FULL_v1.0.zip!_input/qir/M09_QIR_RESOLUTION_FULL_v1.2/07_CORE_M09_EVIDENCE/MODULE_DEPENDENCY_M09_EXTRACT.md,10241,8404e40acbf53e6f3bb25f920dc01575cbdce8ed87e887acca4dbd01343a6458
M01-M15 new recon(20260907-081753).zip,1,M09_CORE_IMPACT_ANALYSIS_FULL_v1.0.zip!_input/qir/M09_QIR_RESOLUTION_FULL_v1.2/07_CORE_M09_EVIDENCE/EXECUTION_SPEC_M09_EXTRACT.md,2611,c066c088ad9bf0f12dd2a7b6de90605374942dde2e2366d6b821481855435e37
M01-M15 new recon(20260907-081753).zip,1,M09_CORE_IMPACT_ANALYSIS_FULL_v1.0.zip!_input/qir/M09_QIR_RESOLUTION_FULL_v1.2/07_CORE_M09_EVIDENCE/MODULE_PLANNING_M09_EXTRACT.md,5530,63bc892f916b31375c082e65c503fcb98ccad4b62217d54e3b33da5fdabde2c8
M01-M15 new recon(20260907-081753).zip,1,M09_CORE_IMPACT_ANALYSIS_FULL_v1.0.zip!_input/qir/M09_QIR_RESOLUTION_FULL_v1.2/07_CORE_M09_EVIDENCE/API_M09_RELEVANT_CURRENT_BASELINE.md,903,caa0df0feb87bc5eb0f4a3bb27c0539d51446a8585e0b1ccbe8b75fda23a10ec
M01-M15 new recon(20260907-081753).zip,1,M09_CORE_IMPACT_ANALYSIS_FULL_v1.0.zip!_input/qir/M09_QIR_RESOLUTION_FULL_v1.2/07_CORE_M09_EVIDENCE/TECHNICAL_M09_EXTRACT.md,934,9811b1d2b5742afd6d568bfd75ec50612522c8eca85070169d9b74e6bdb61425
M01-M15 new recon(20260907-081753).zip,1,M09_CORE_IMPACT_ANALYSIS_FULL_v1.0.zip!_input/qir/M09_QIR_RESOLUTION_FULL_v1.2/06_QA/M09_DOWNSTREAM_FINDINGS_AND_STATUS_v1.1.csv,1491,1c75a9b33aeba6cbdbecf40a5812f4692153986cc00b6672f14763e8f8655f3d
M01-M15 new recon(20260907-081753).zip,1,M09_CORE_IMPACT_ANALYSIS_FULL_v1.0.zip!_input/qir/M09_QIR_RESOLUTION_FULL_v1.2/06_QA/M09_QIR_FINAL_QA_v1.2.md,1506,47b4bf94be661c7a6bf9d914aa706372790b9c15ff281c244da182601bac7113
M01-M15 new recon(20260907-081753).zip,1,M09_CORE_IMPACT_ANALYSIS_FULL_v1.0.zip!_input/qir/M09_QIR_RESOLUTION_FULL_v1.2/06_QA/M09_FINAL_QA_v1.1.md,1254,9e3d52658ffba8ab873e1f9d552b315ca6997ec22c4fa98cb29ce6a790d57c1f
M01-M15 new recon(20260907-081753).zip,1,M09_CORE_IMPACT_ANALYSIS_FULL_v1.0.zip!_input/qir/M09_QIR_RESOLUTION_FULL_v1.2/04_LIFECYCLE_DEPENDENCY/M09_LIFECYCLE_ACTOR_SCOPE_AUTHORITY_v1.1.md,2776,0863f8ddd8ca3645f834be3137d97ce66b49222e5bfd2f9bde85c0dca9ea4c17
M01-M15 new recon(20260907-081753).zip,1,M09_CORE_IMPACT_ANALYSIS_FULL_v1.0.zip!_input/qir/M09_QIR_RESOLUTION_FULL_v1.2/04_LIFECYCLE_DEPENDENCY/M09_CROSS_MODULE_DEPENDENCY_RECONCILIATION_v1.1.md,1302,5131a6100257a11a0fb3c60e99576844d68aa4fc0af03d8b9f0ce6e54ef73ab0
M01-M15 new recon(20260907-081753).zip,1,M09_CORE_IMPACT_ANALYSIS_FULL_v1.0.zip!_input/core/RUMAHAGEN_WIREFRAME_CORE_FINAL_SOURCE_PACK_v1.2/README_CURRENT_BASELINE.md,2468,723ce919284891740a4a11501d925126f3163bc7e8ce458b5f07b1fd1543b878
M01-M15 new recon(20260907-081753).zip,1,M09_CORE_IMPACT_ANALYSIS_FULL_v1.0.zip!_input/core/RUMAHAGEN_WIREFRAME_CORE_FINAL_SOURCE_PACK_v1.2/01_GOVERNANCE/W4-02A.6.2_GOVERNANCE_REGISTER_FULL_CONSOLIDATED_v1.16.docx,44768,1840df18fb6c512879033d1c5e27c543752a1d59a800f6348f0455430c2bd86c
M01-M15 new recon(20260907-081753).zip,1,M09_CORE_IMPACT_ANALYSIS_FULL_v1.0.zip!_input/core/RUMAHAGEN_WIREFRAME_CORE_FINAL_SOURCE_PACK_v1.2/01_GOVERNANCE/W4-02A.1_GOVERNANCE_CONSOLIDATION_FINAL_DECISION_AUTHORITY_v1.0.docx,41616,cbcbca4b502c429c6b5b6c59c4c67165570619a503c7d5b59d6c1940905368a8
M01-M15 new recon(20260907-081753).zip,1,M09_CORE_IMPACT_ANALYSIS_FULL_v1.0.zip!_input/core/RUMAHAGEN_WIREFRAME_CORE_FINAL_SOURCE_PACK_v1.2/00_CONTROL/W4-02A.6.0_CORE_ARTIFACT_INVENTORY_AND_ORDERING_LOCK_v1.1_BASE_TRACK_37_STEPS.docx,41256,4d76cde4437c52e9c1752d99888095253eb748bc25bc8138fc4ae06701da5aec
M01-M15 new recon(20260907-081753).zip,1,M09_CORE_IMPACT_ANALYSIS_FULL_v1.0.zip!_input/core/RUMAHAGEN_WIREFRAME_CORE_FINAL_SOURCE_PACK_v1.2/00_CONTROL/SOURCE_INDEX_v1.3.md,8161,7dc272fc4716760a1fec381734136d2e47d2b97e66957d15c9b1225e91eb6329
M01-M15 new recon(20260907-081753).zip,1,M09_CORE_IMPACT_ANALYSIS_FULL_v1.0.zip!_input/core/RUMAHAGEN_WIREFRAME_CORE_FINAL_SOURCE_PACK_v1.2/00_CONTROL/SOURCE_INDEX_v1.3.csv,7285,c7d0d912ad37ed28754d02b452ccf5e717645764004c16fb48e77628bec0f111
M01-M15 new recon(20260907-081753).zip,1,M09_CORE_IMPACT_ANALYSIS_FULL_v1.0.zip!_input/core/RUMAHAGEN_WIREFRAME_CORE_FINAL_SOURCE_PACK_v1.2/00_CONTROL/SHA256_MANIFEST_CORE_FINAL_v1.3.csv,7054,8a197083cd0ec7e79bb6269ab8199d215d4a83716fb28b1081b26d8006e96c5e
M01-M15 new recon(20260907-081753).zip,1,M09_CORE_IMPACT_ANALYSIS_FULL_v1.0.zip!_input/core/RUMAHAGEN_WIREFRAME_CORE_FINAL_SOURCE_PACK_v1.2/00_CONTROL/W4-02A.7_FINAL_DOCUMENT_FREEZE_AUTHORITY_VERIFICATION_v1.0.md,11519,12847c5b3609b6ba0f67ce54e7e48627e9d24f7293a9c7bfbb59c75ff5243f32
M01-M15 new recon(20260907-081753).zip,1,M09_CORE_IMPACT_ANALYSIS_FULL_v1.0.zip!_input/core/RUMAHAGEN_WIREFRAME_CORE_FINAL_SOURCE_PACK_v1.2/00_CONTROL/RENAME_REGISTER_6.33.md,645,17ff728177e5ea174227267c4e0ff452d556bd598669f6502b803a62b96a646c
M01-M15 new recon(20260907-081753).zip,1,M09_CORE_IMPACT_ANALYSIS_FULL_v1.0.zip!_input/core/RUMAHAGEN_WIREFRAME_CORE_FINAL_SOURCE_PACK_v1.2/00_CONTROL/W4-02A.7_RECURSIVE_SOURCE_AUDIT_REGISTER_v1.0.csv,208747,0144e3114a170252011dc57f391f31155248c10543ef8e3e3aeece81cd85ff7f
M01-M15 new recon(20260907-081753).zip,1,M09_CORE_IMPACT_ANALYSIS_FULL_v1.0.zip!_input/core/RUMAHAGEN_WIREFRAME_CORE_FINAL_SOURCE_PACK_v1.2/06_DEPENDENCY_MANIFEST/W4-02A.6.7_DEPENDENCY_MANIFEST_FULL_CONSOLIDATED_v1.9.docx,48323,66a12120b244cf487b41584b1bfdd3e81cddbc8b82f9c2ee12779e72d423c693
M01-M15 new recon(20260907-081753).zip,1,M09_CORE_IMPACT_ANALYSIS_FULL_v1.0.zip!_input/core/RUMAHAGEN_WIREFRAME_CORE_FINAL_SOURCE_PACK_v1.2/23_M01_M07/W4-02A.6.27_FOCUSED_EXECUTION_PACK_M01-M07_v2.1.md,12149,ffdcb89752116a428d687955f911c8769cdd4828096a2f8ec60ff28c75abe543
M01-M15 new recon(20260907-081753).zip,1,M09_CORE_IMPACT_ANALYSIS_FULL_v1.0.zip!_input/core/RUMAHAGEN_WIREFRAME_CORE_FINAL_SOURCE_PACK_v1.2/23_M01_M07/W4-02A.6.27_FOCUSED_EXECUTION_PACK_M01-M07_v2.1.zip,32254,0d3b2ec0515b08e1977ffe9187a108f2a7483ba7f5a6d8da51b1ee0b951967fc
M01-M15 new recon(20260907-081753).zip,2,M09_CORE_IMPACT_ANALYSIS_FULL_v1.0.zip!_input/core/RUMAHAGEN_WIREFRAME_CORE_FINAL_SOURCE_PACK_v1.2/23_M01_M07/W4-02A.6.27_FOCUSED_EXECUTION_PACK_M01-M07_v2.1.zip!RUMAHAGEN_W4-02A.6.27_FOCUSED_EXECUTION_PACK_M01-M07_v2.1/M01_PHYSICAL_EXECUTION_SPEC_v2.1.md,8933,db988febf9ef1ed6f6746177260d8fab50b5fbb93827afb708de163dd484a3ff
M01-M15 new recon(20260907-081753).zip,2,M09_CORE_IMPACT_ANALYSIS_FULL_v1.0.zip!_input/core/RUMAHAGEN_WIREFRAME_CORE_FINAL_SOURCE_PACK_v1.2/23_M01_M07/W4-02A.6.27_FOCUSED_EXECUTION_PACK_M01-M07_v2.1.zip!RUMAHAGEN_W4-02A.6.27_FOCUSED_EXECUTION_PACK_M01-M07_v2.1/M02_PHYSICAL_EXECUTION_SPEC_v2.1.md,8656,062a76a24169a2115713a3db29c2b992fffab6482814c891285939c6c3cc9826
M01-M15 new recon(20260907-081753).zip,2,M09_CORE_IMPACT_ANALYSIS_FULL_v1.0.zip!_input/core/RUMAHAGEN_WIREFRAME_CORE_FINAL_SOURCE_PACK_v1.2/23_M01_M07/W4-02A.6.27_FOCUSED_EXECUTION_PACK_M01-M07_v2.1.zip!RUMAHAGEN_W4-02A.6.27_FOCUSED_EXECUTION_PACK_M01-M07_v2.1/M03_PHYSICAL_EXECUTION_SPEC_v2.1.md,9445,e8e6797c1859277ab0b9506c6932f6748d38172bf3a0e553faef0249757ff7ae
M01-M15 new recon(20260907-081753).zip,2,M09_CORE_IMPACT_ANALYSIS_FULL_v1.0.zip!_input/core/RUMAHAGEN_WIREFRAME_CORE_FINAL_SOURCE_PACK_v1.2/23_M01_M07/W4-02A.6.27_FOCUSED_EXECUTION_PACK_M01-M07_v2.1.zip!RUMAHAGEN_W4-02A.6.27_FOCUSED_EXECUTION_PACK_M01-M07_v2.1/M04-S_LEARNING_SESSION_EXECUTION_SPEC_v2.1.md,2717,ac6d797bc39eccdbb1a886c0f6a7f7e6c68b2d995076d3573b64e78a5668b519
M01-M15 new recon(20260907-081753).zip,2,M09_CORE_IMPACT_ANALYSIS_FULL_v1.0.zip!_input/core/RUMAHAGEN_WIREFRAME_CORE_FINAL_SOURCE_PACK_v1.2/23_M01_M07/W4-02A.6.27_FOCUSED_EXECUTION_PACK_M01-M07_v2.1.zip!RUMAHAGEN_W4-02A.6.27_FOCUSED_EXECUTION_PACK_M01-M07_v2.1/M04_PHYSICAL_EXECUTION_SPEC_v2.1.md,9572,e53738d64585fabb71fa572ae11d90722723c1882890ba4b0ba8338eadeb1ecd
M01-M15 new recon(20260907-081753).zip,2,M09_CORE_IMPACT_ANALYSIS_FULL_v1.0.zip!_input/core/RUMAHAGEN_WIREFRAME_CORE_FINAL_SOURCE_PACK_v1.2/23_M01_M07/W4-02A.6.27_FOCUSED_EXECUTION_PACK_M01-M07_v2.1.zip!RUMAHAGEN_W4-02A.6.27_FOCUSED_EXECUTION_PACK_M01-M07_v2.1/M05_PHYSICAL_EXECUTION_SPEC_v2.1.md,8391,7315bc7f2937c652967141dddbe1d3e151a0c9835ad21b2bdf4895f3bdb5b513
M01-M15 new recon(20260907-081753).zip,2,M09_CORE_IMPACT_ANALYSIS_FULL_v1.0.zip!_input/core/RUMAHAGEN_WIREFRAME_CORE_FINAL_SOURCE_PACK_v1.2/23_M01_M07/W4-02A.6.27_FOCUSED_EXECUTION_PACK_M01-M07_v2.1.zip!RUMAHAGEN_W4-02A.6.27_FOCUSED_EXECUTION_PACK_M01-M07_v2.1/M06_PHYSICAL_EXECUTION_SPEC_v2.1.md,8388,9337b8ca83b7309dfd57a31a904391d46c21888f6ee1fde93bbaefd7bc89dc3b
M01-M15 new recon(20260907-081753).zip,2,M09_CORE_IMPACT_ANALYSIS_FULL_v1.0.zip!_input/core/RUMAHAGEN_WIREFRAME_CORE_FINAL_SOURCE_PACK_v1.2/23_M01_M07/W4-02A.6.27_FOCUSED_EXECUTION_PACK_M01-M07_v2.1.zip!RUMAHAGEN_W4-02A.6.27_FOCUSED_EXECUTION_PACK_M01-M07_v2.1/M07_PHYSICAL_EXECUTION_SPEC_v2.1.md,8514,662cf023986fc73f6684c928b3c4e00ba5e8e01b2ad07951945b5c9de67808e7
M01-M15 new recon(20260907-081753).zip,2,M09_CORE_IMPACT_ANALYSIS_FULL_v1.0.zip!_input/core/RUMAHAGEN_WIREFRAME_CORE_FINAL_SOURCE_PACK_v1.2/23_M01_M07/W4-02A.6.27_FOCUSED_EXECUTION_PACK_M01-M07_v2.1.zip!RUMAHAGEN_W4-02A.6.27_FOCUSED_EXECUTION_PACK_M01-M07_v2.1/RUMAHAGEN_W4-02A.6.27_FOCUSED_EXECUTION_PACK_M01-M07_v2.1.md,12149,ffdcb89752116a428d687955f911c8769cdd4828096a2f8ec60ff28c75abe543
M01-M15 new recon(20260907-081753).zip,1,M09_CORE_IMPACT_ANALYSIS_FULL_v1.0.zip!_input/core/RUMAHAGEN_WIREFRAME_CORE_FINAL_SOURCE_PACK_v1.2/23_M01_M07/W4-02A.6.27_FOCUSED_EXECUTION_PACK_M01-M07_v2.1.zip__extracted/RUMAHAGEN_W4-02A.6.27_FOCUSED_EXECUTION_PACK_M01-M07_v2.1/M04-S_LEARNING_SESSION_EXECUTION_SPEC_v2.1.md,2717,ac6d797bc39eccdbb1a886c0f6a7f7e6c68b2d995076d3573b64e78a5668b519
M01-M15 new recon(20260907-081753).zip,1,M09_CORE_IMPACT_ANALYSIS_FULL_v1.0.zip!_input/core/RUMAHAGEN_WIREFRAME_CORE_FINAL_SOURCE_PACK_v1.2/23_M01_M07/W4-02A.6.27_FOCUSED_EXECUTION_PACK_M01-M07_v2.1.zip__extracted/RUMAHAGEN_W4-02A.6.27_FOCUSED_EXECUTION_PACK_M01-M07_v2.1/M04_PHYSICAL_EXECUTION_SPEC_v2.1.md,9572,e53738d64585fabb71fa572ae11d90722723c1882890ba4b0ba8338eadeb1ecd
M01-M15 new recon(20260907-081753).zip,1,M09_CORE_IMPACT_ANALYSIS_FULL_v1.0.zip!_input/core/RUMAHAGEN_WIREFRAME_CORE_FINAL_SOURCE_PACK_v1.2/23_M01_M07/W4-02A.6.27_FOCUSED_EXECUTION_PACK_M01-M07_v2.1.zip__extracted/RUMAHAGEN_W4-02A.6.27_FOCUSED_EXECUTION_PACK_M01-M07_v2.1/M05_PHYSICAL_EXECUTION_SPEC_v2.1.md,8391,7315bc7f2937c652967141dddbe1d3e151a0c9835ad21b2bdf4895f3bdb5b513
M01-M15 new recon(20260907-081753).zip,1,M09_CORE_IMPACT_ANALYSIS_FULL_v1.0.zip!_input/core/RUMAHAGEN_WIREFRAME_CORE_FINAL_SOURCE_PACK_v1.2/23_M01_M07/W4-02A.6.27_FOCUSED_EXECUTION_PACK_M01-M07_v2.1.zip__extracted/RUMAHAGEN_W4-02A.6.27_FOCUSED_EXECUTION_PACK_M01-M07_v2.1/M07_PHYSICAL_EXECUTION_SPEC_v2.1.md,8514,662cf023986fc73f6684c928b3c4e00ba5e8e01b2ad07951945b5c9de67808e7
M01-M15 new recon(20260907-081753).zip,1,M09_CORE_IMPACT_ANALYSIS_FULL_v1.0.zip!_input/core/RUMAHAGEN_WIREFRAME_CORE_FINAL_SOURCE_PACK_v1.2/23_M01_M07/W4-02A.6.27_FOCUSED_EXECUTION_PACK_M01-M07_v2.1.zip__extracted/RUMAHAGEN_W4-02A.6.27_FOCUSED_EXECUTION_PACK_M01-M07_v2.1/RUMAHAGEN_W4-02A.6.27_FOCUSED_EXECUTION_PACK_M01-M07_v2.1.md,12149,ffdcb89752116a428d687955f911c8769cdd4828096a2f8ec60ff28c75abe543
M01-M15 new recon(20260907-081753).zip,1,M09_CORE_IMPACT_ANALYSIS_FULL_v1.0.zip!_input/core/RUMAHAGEN_WIREFRAME_CORE_FINAL_SOURCE_PACK_v1.2/23_M01_M07/W4-02A.6.27_FOCUSED_EXECUTION_PACK_M01-M07_v2.1.zip__extracted/RUMAHAGEN_W4-02A.6.27_FOCUSED_EXECUTION_PACK_M01-M07_v2.1/M06_PHYSICAL_EXECUTION_SPEC_v2.1.md,8388,9337b8ca83b7309dfd57a31a904391d46c21888f6ee1fde93bbaefd7bc89dc3b
M01-M15 new recon(20260907-081753).zip,1,M09_CORE_IMPACT_ANALYSIS_FULL_v1.0.zip!_input/core/RUMAHAGEN_WIREFRAME_CORE_FINAL_SOURCE_PACK_v1.2/23_M01_M07/W4-02A.6.27_FOCUSED_EXECUTION_PACK_M01-M07_v2.1.zip__extracted/RUMAHAGEN_W4-02A.6.27_FOCUSED_EXECUTION_PACK_M01-M07_v2.1/M02_PHYSICAL_EXECUTION_SPEC_v2.1.md,8656,062a76a24169a2115713a3db29c2b992fffab6482814c891285939c6c3cc9826
M01-M15 new recon(20260907-081753).zip,1,M09_CORE_IMPACT_ANALYSIS_FULL_v1.0.zip!_input/core/RUMAHAGEN_WIREFRAME_CORE_FINAL_SOURCE_PACK_v1.2/23_M01_M07/W4-02A.6.27_FOCUSED_EXECUTION_PACK_M01-M07_v2.1.zip__extracted/RUMAHAGEN_W4-02A.6.27_FOCUSED_EXECUTION_PACK_M01-M07_v2.1/M03_PHYSICAL_EXECUTION_SPEC_v2.1.md,9445,e8e6797c1859277ab0b9506c6932f6748d38172bf3a0e553faef0249757ff7ae
M01-M15 new recon(20260907-081753).zip,1,M09_CORE_IMPACT_ANALYSIS_FULL_v1.0.zip!_input/core/RUMAHAGEN_WIREFRAME_CORE_FINAL_SOURCE_PACK_v1.2/23_M01_M07/W4-02A.6.27_FOCUSED_EXECUTION_PACK_M01-M07_v2.1.zip__extracted/RUMAHAGEN_W4-02A.6.27_FOCUSED_EXECUTION_PACK_M01-M07_v2.1/M01_PHYSICAL_EXECUTION_SPEC_v2.1.md,8933,db988febf9ef1ed6f6746177260d8fab50b5fbb93827afb708de163dd484a3ff
M01-M15 new recon(20260907-081753).zip,1,M09_CORE_IMPACT_ANALYSIS_FULL_v1.0.zip!_input/core/RUMAHAGEN_WIREFRAME_CORE_FINAL_SOURCE_PACK_v1.2/30_RECONCILIATION_EVIDENCE/W4-02A.5R_SOURCE_UPDATE_REVALIDATION_v1.1.docx,38455,47a6f021e6c409e73d5d7c7dddaaa270107190db90dba4ff30760080155a2b8f
M01-M15 new recon(20260907-081753).zip,1,M09_CORE_IMPACT_ANALYSIS_FULL_v1.0.zip!_input/core/RUMAHAGEN_WIREFRAME_CORE_FINAL_SOURCE_PACK_v1.2/30_RECONCILIATION_EVIDENCE/W4-02A.5_CROSS_DOMAIN_CONFLICT_RESIDUAL_AUDIT_FULL_CONSOLIDATED_v1.0.docx,42652,16982b5861c3ef86327b8f79f07eb080faac17aa6a422cc983f79d11a40564df
M01-M15 new recon(20260907-081753).zip,1,M09_CORE_IMPACT_ANALYSIS_FULL_v1.0.zip!_input/core/RUMAHAGEN_WIREFRAME_CORE_FINAL_SOURCE_PACK_v1.2/10_DATABASE_DICTIONARY/W4-02A.6.14_DATABASE_DICTIONARY_CURRENT_LOGICAL_TO_PHYSICAL_DATA_MEANING_FULL_CONSOLIDATED_v2.2.docx,78665,8abcb2ca2e275288c83add193936a2763c9e3c9c75ba38088289a18080956219
M01-M15 new recon(20260907-081753).zip,1,M09_CORE_IMPACT_ANALYSIS_FULL_v1.0.zip!_input/core/RUMAHAGEN_WIREFRAME_CORE_FINAL_SOURCE_PACK_v1.2/20_MODULE_PLANNING/W4-02A.6.24_REVISED_MODULE_PLANNING_CURRENT_MODULE_DELIVERY_PLANNING_v2.1.md,55040,7373552ff7f43e2822f7819b2101ec0df7bc1acee60e8b92dc866f330203d7be
M01-M15 new recon(20260907-081753).zip,1,M09_CORE_IMPACT_ANALYSIS_FULL_v1.0.zip!_input/core/RUMAHAGEN_WIREFRAME_CORE_FINAL_SOURCE_PACK_v1.2/28_AI_CONTEXT/W4-02A.6.32_AI_CONTEXT_PACK_v2.1.md,19773,b4a5c5863ffc9934467688078144210f23eed59e3f574b9eaba171a10f7a1bae
M01-M15 new recon(20260907-081753).zip,1,M09_CORE_IMPACT_ANALYSIS_FULL_v1.0.zip!_input/core/RUMAHAGEN_WIREFRAME_CORE_FINAL_SOURCE_PACK_v1.2/14_FUNCTIONAL/W4-02A.6.18_FUNCTIONAL_SPECIFICATION_CURRENT_FUNCTIONAL_IMPLEMENTATION_CONTRACT_v2.1.md,60334,d7e9a7b5c761d51495e77f73824f903ca057e602c204c79284a2ae70c522072e
M01-M15 new recon(20260907-081753).zip,1,M09_CORE_IMPACT_ANALYSIS_FULL_v1.0.zip!_input/core/RUMAHAGEN_WIREFRAME_CORE_FINAL_SOURCE_PACK_v1.2/21_EXECUTION_SPECIFICATION/W4-02A.6.25_MODULE_EXECUTION_SPECIFICATION_ARCHITECTURE_v2.1.md,46464,8e82d6f1308995ba163d0c2c49786c8b8999d7c2e6b4388e07661678ffa095a3
M01-M15 new recon(20260907-081753).zip,1,M09_CORE_IMPACT_ANALYSIS_FULL_v1.0.zip!_input/core/RUMAHAGEN_WIREFRAME_CORE_FINAL_SOURCE_PACK_v1.2/18_MODULE_DEPENDENCY/W4-02A.6.22_MODULE_DEPENDENCY_MATRIX_CROSS_MODULE_DEPENDENCY_CONTRACT_v2.1.md,49622,30a5c406428ad0e2e377e2803a77d16c0d9cac0f7f6c1249dadb89d1360bc9e3
M01-M15 new recon(20260907-081753).zip,1,M09_CORE_IMPACT_ANALYSIS_FULL_v1.0.zip!_input/core/RUMAHAGEN_WIREFRAME_CORE_FINAL_SOURCE_PACK_v1.2/12_API/W4-02A.6.16_API_SPECIFICATION_CURRENT_API_CONTRACT_BASELINE_FULL_CONSOLIDATED_v2.1.docx,65180,fbfc539044ed2b7037ebee6ed5d5065c4e14efbd042a4928b107c02c210277d1
M01-M15 new recon(20260907-081753).zip,1,M09_CORE_IMPACT_ANALYSIS_FULL_v1.0.zip!_input/core/RUMAHAGEN_WIREFRAME_CORE_FINAL_SOURCE_PACK_v1.2/22_EXECUTION_BATCH/W4-02A.6.26_MODULE_EXECUTION_DEPENDENCY_BATCH_PLAN_v2.1.md,40666,316a5cb6d2f71910f078d8b905a4b14024e3186361fa14cfaa9fa921e882d097
M01-M15 new recon(20260907-081753).zip,1,M09_CORE_IMPACT_ANALYSIS_FULL_v1.0.zip!_input/core/RUMAHAGEN_WIREFRAME_CORE_FINAL_SOURCE_PACK_v1.2/04_ARCHITECTURE/W4-02A.6.5_SYSTEM_ARCHITECTURE_FULL_CONSOLIDATED_v1.8.docx,93386,c1aa07968bb5bdfc9f9600dc48da804f65574f49da672282237ec90c4cc94884
M01-M15 new recon(20260907-081753).zip,1,M09_CORE_IMPACT_ANALYSIS_FULL_v1.0.zip!_input/core/RUMAHAGEN_WIREFRAME_CORE_FINAL_SOURCE_PACK_v1.2/29_FINAL_CONTROL/W4-02A.6.34_CHANGELOG_FINAL_v1.0.docx,46682,42ecb48a9d988bb69b92df6e394b86b7ca0a3336a7f4c58edbe02688327bcf2e
M01-M15 new recon(20260907-081753).zip,1,M09_CORE_IMPACT_ANALYSIS_FULL_v1.0.zip!_input/core/RUMAHAGEN_WIREFRAME_CORE_FINAL_SOURCE_PACK_v1.2/29_FINAL_CONTROL/W4-02A.6.37_FINAL_CROSS_DOCUMENT_RECONCILIATION_v1.0.docx,56438,55ba7ad886ea26469d2569f50ce577acf241b0b26969816e62774546acab967c
M01-M15 new recon(20260907-081753).zip,1,M09_CORE_IMPACT_ANALYSIS_FULL_v1.0.zip!_input/core/RUMAHAGEN_WIREFRAME_CORE_FINAL_SOURCE_PACK_v1.2/29_FINAL_CONTROL/W4-02A.6.36_CURRENT_PROJECT_STATE_FINAL_rev15.docx,45569,9f929cb9612d755e21bf27b42489de7c9cd3a9c42042d5f4825010a3132cffae
M01-M15 new recon(20260907-081753).zip,1,M09_CORE_IMPACT_ANALYSIS_FULL_v1.0.zip!_input/core/RUMAHAGEN_WIREFRAME_CORE_FINAL_SOURCE_PACK_v1.2/29_FINAL_CONTROL/W4-02A.6.33_DECISION_LOG_FINAL_v2.1.md,18845,712f6513cc1b66ae90f673f920ee500d235a633dd4916f10a97b7031334821ca
M01-M15 new recon(20260907-081753).zip,1,M09_CORE_IMPACT_ANALYSIS_FULL_v1.0.zip!_input/core/RUMAHAGEN_WIREFRAME_CORE_FINAL_SOURCE_PACK_v1.2/29_FINAL_CONTROL/W4-02A.6.35_PROJECT_MANIFEST_FINAL_v1.32.docx,44768,bcf9a8a109e109016699a84ccdcdf7aa9de9af0b7380962ca74081858a2f0b0a
M01-M15 new recon(20260907-081753).zip,1,M09_CORE_IMPACT_ANALYSIS_FULL_v1.0.zip!_input/core/RUMAHAGEN_WIREFRAME_CORE_FINAL_SOURCE_PACK_v1.2/25_EXECUTION_AUDIT/W4-02A.6.29_EXECUTION_PACK_AUDIT_RECONCILIATION_v2.1.md,18012,70302b771fdd9293db1fe6d9d736f8926eef76bbdf2993489cb0eb182e540ea3
M01-M15 new recon(20260907-081753).zip,1,M09_CORE_IMPACT_ANALYSIS_FULL_v1.0.zip!_input/core/RUMAHAGEN_WIREFRAME_CORE_FINAL_SOURCE_PACK_v1.2/07_PRD/W4-02A.6.11_PRD_CURRENT_PRODUCT_REQUIREMENTS_FULL_CONSOLIDATED_v2.1.docx,48108,c2a7b6e4a77a08621a16048cba2f0f8641a3d073bc71dc4e4854634aa788aa34
M01-M15 new recon(20260907-081753).zip,1,M09_CORE_IMPACT_ANALYSIS_FULL_v1.0.zip!_input/core/RUMAHAGEN_WIREFRAME_CORE_FINAL_SOURCE_PACK_v1.2/15_TECHNICAL/W4-02A.6.19_TECHNICAL_SPECIFICATION_CURRENT_TECHNICAL_IMPLEMENTATION_CONTRACT_v2.1.md,69175,2ac01b6961b6ab97d26ee8c314aaf06101af49cb746c4069147559fb8002b29c
M01-M15 new recon(20260907-081753).zip,1,M09_CORE_IMPACT_ANALYSIS_FULL_v1.0.zip!_input/core/RUMAHAGEN_WIREFRAME_CORE_FINAL_SOURCE_PACK_v1.2/16_UI_UX/W4-02A.6.20_UI_UX_SPECIFICATION_CURRENT_INTERFACE_BEHAVIOR_CONTRACT_v2.1.md,62858,c2388d37bbcf910316d0d9c257c1f346a99fc0349b2c1086d8e3154a2a32a8d7
M01-M15 new recon(20260907-081753).zip,1,M09_CORE_IMPACT_ANALYSIS_FULL_v1.0.zip!_input/core/RUMAHAGEN_WIREFRAME_CORE_FINAL_SOURCE_PACK_v1.2/05_TECHNICAL_DECISIONS/W4-02A.6.6_TECHNICAL_DECISIONS_FULL_CONSOLIDATED_v1.6.docx,47059,2ddccdf939a59149b9404ad14c0dbfda1149fb31d23ba77e1b27c24bf05101fa
M01-M15 new recon(20260907-081753).zip,1,M09_CORE_IMPACT_ANALYSIS_FULL_v1.0.zip!_input/core/RUMAHAGEN_WIREFRAME_CORE_FINAL_SOURCE_PACK_v1.2/08_USER_FLOW/W4-02A.6.12_USER_FLOW_CURRENT_CROSS_DOMAIN_INTERACTION_FLOW_FULL_CONSOLIDATED_v2.1.docx,51562,bc5e3f9af3842e727f34d2ef0c4f3b91cc52c911645698696b92b0745bbbd4de
M01-M15 new recon(20260907-081753).zip,1,M09_CORE_IMPACT_ANALYSIS_FULL_v1.0.zip!_input/core/RUMAHAGEN_WIREFRAME_CORE_FINAL_SOURCE_PACK_v1.2/17_SEO_ANALYTICS/W4-02A.6.21_SEO_ANALYTICS_SPECIFICATION_DISCOVERY_MEASUREMENT_BASELINE_v2.1.md,68505,be0af1e745ac3d19a65abb90beff833941b1d1fb5a4fd1233c681a84023e75de
M01-M15 new recon(20260907-081753).zip,1,M09_CORE_IMPACT_ANALYSIS_FULL_v1.0.zip!_input/core/RUMAHAGEN_WIREFRAME_CORE_FINAL_SOURCE_PACK_v1.2/13_RBAC_RLS/W4-02A.6.17_RBAC_PERMISSION_RLS_CURRENT_AUTHORIZATION_BASELINE_FULL_CONSOLIDATED_v2.1.docx,53047,cd5067a3a2cb8e0104e94fbea78ab64a30e19ed28230aef5889baa5021784a0a
M01-M15 new recon(20260907-081753).zip,1,M09_CORE_IMPACT_ANALYSIS_FULL_v1.0.zip!_input/core/RUMAHAGEN_WIREFRAME_CORE_FINAL_SOURCE_PACK_v1.2/26_ENGINEERING_ALIGNMENT/W4-02A.6.30_ENGINEERING_ALIGNMENT_GUIDEBOOK_PLAYBOOK_v2.1.md,31681,239e06d97698eb97c4e362b1b9ecf25f064fbe8e665e2f9e328d00e6d339a090
M01-M15 new recon(20260907-081753).zip,1,M09_CORE_IMPACT_ANALYSIS_FULL_v1.0.zip!_input/core/RUMAHAGEN_WIREFRAME_CORE_FINAL_SOURCE_PACK_v1.2/27_AI_BLUEPRINT/W4-02A.6.31_AI_DEVELOPMENT_BLUEPRINT_v2.1.md,29348,504a5738b3a832159850b0c1035e95f02b509a773a52fb01b722948e01ab09c2
M01-M15 new recon(20260907-081753).zip,1,M09_CORE_IMPACT_ANALYSIS_FULL_v1.0.zip!_input/core/RUMAHAGEN_WIREFRAME_CORE_FINAL_SOURCE_PACK_v1.2/19_IMPLEMENTATION_STRATEGY/W4-02A.6.23_MODULE_IMPLEMENTATION_STRATEGY_INTEGRATED_IMPLEMENTATION_SEQUENCING_v2.1.md,56613,051aa36f9444153d1d56df6d960bd80d91922f3c1f84c02d636dc111dd20d47f
M01-M15 new recon(20260907-081753).zip,1,M09_CORE_IMPACT_ANALYSIS_FULL_v1.0.zip!_input/core/RUMAHAGEN_WIREFRAME_CORE_FINAL_SOURCE_PACK_v1.2/24_M08_M15/W4-02A.6.28_FOCUSED_EXECUTION_PACK_M08-M15_v2.1.zip,29640,54c2560d7f247793f8b26ea8f2ee3128334432d748c09e97ab7be1f5558d3208
M01-M15 new recon(20260907-081753).zip,2,M09_CORE_IMPACT_ANALYSIS_FULL_v1.0.zip!_input/core/RUMAHAGEN_WIREFRAME_CORE_FINAL_SOURCE_PACK_v1.2/24_M08_M15/W4-02A.6.28_FOCUSED_EXECUTION_PACK_M08-M15_v2.1.zip!RUMAHAGEN_W4-02A.6.28_FOCUSED_EXECUTION_PACK_M08-M15_v2.1/M08_PHYSICAL_EXECUTION_SPEC_v2.1.md,6775,d2033671ce0e13b29483fad93756ff1ebfafcaa24585763f4bc68de6a7859926
M01-M15 new recon(20260907-081753).zip,2,M09_CORE_IMPACT_ANALYSIS_FULL_v1.0.zip!_input/core/RUMAHAGEN_WIREFRAME_CORE_FINAL_SOURCE_PACK_v1.2/24_M08_M15/W4-02A.6.28_FOCUSED_EXECUTION_PACK_M08-M15_v2.1.zip!RUMAHAGEN_W4-02A.6.28_FOCUSED_EXECUTION_PACK_M08-M15_v2.1/M09_PHYSICAL_EXECUTION_SPEC_v2.1.md,6944,7d39bb462699dc346c5ecf441996cd9a8e7b1bc5d969604463c810c1d4c34545
M01-M15 new recon(20260907-081753).zip,2,M09_CORE_IMPACT_ANALYSIS_FULL_v1.0.zip!_input/core/RUMAHAGEN_WIREFRAME_CORE_FINAL_SOURCE_PACK_v1.2/24_M08_M15/W4-02A.6.28_FOCUSED_EXECUTION_PACK_M08-M15_v2.1.zip!RUMAHAGEN_W4-02A.6.28_FOCUSED_EXECUTION_PACK_M08-M15_v2.1/M10_PHYSICAL_EXECUTION_SPEC_v2.1.md,6625,0954001b40b9aa4289cf174f807c2625dc4a4f5f373c120c12f28696ecddd8f2
M01-M15 new recon(20260907-081753).zip,2,M09_CORE_IMPACT_ANALYSIS_FULL_v1.0.zip!_input/core/RUMAHAGEN_WIREFRAME_CORE_FINAL_SOURCE_PACK_v1.2/24_M08_M15/W4-02A.6.28_FOCUSED_EXECUTION_PACK_M08-M15_v2.1.zip!RUMAHAGEN_W4-02A.6.28_FOCUSED_EXECUTION_PACK_M08-M15_v2.1/M11_PHYSICAL_EXECUTION_SPEC_v2.1.md,6695,adfc6ce099de713b1bd60194bed59b35cb9dda5ecc99ceec5ccbe96894ee5a70
M01-M15 new recon(20260907-081753).zip,2,M09_CORE_IMPACT_ANALYSIS_FULL_v1.0.zip!_input/core/RUMAHAGEN_WIREFRAME_CORE_FINAL_SOURCE_PACK_v1.2/24_M08_M15/W4-02A.6.28_FOCUSED_EXECUTION_PACK_M08-M15_v2.1.zip!RUMAHAGEN_W4-02A.6.28_FOCUSED_EXECUTION_PACK_M08-M15_v2.1/M12_PHYSICAL_EXECUTION_SPEC_v2.1.md,6477,c01c5da1353a7f689b56d06242f248e0851d2bf5b92fa24fdbc12666e53e8930
M01-M15 new recon(20260907-081753).zip,2,M09_CORE_IMPACT_ANALYSIS_FULL_v1.0.zip!_input/core/RUMAHAGEN_WIREFRAME_CORE_FINAL_SOURCE_PACK_v1.2/24_M08_M15/W4-02A.6.28_FOCUSED_EXECUTION_PACK_M08-M15_v2.1.zip!RUMAHAGEN_W4-02A.6.28_FOCUSED_EXECUTION_PACK_M08-M15_v2.1/M13_PHYSICAL_EXECUTION_SPEC_v2.1.md,6463,8e8f14c0bc0ff8ec33155671ef9c903168894ee6c0111a9d9deb6c2f4ae6ea27
M01-M15 new recon(20260907-081753).zip,2,M09_CORE_IMPACT_ANALYSIS_FULL_v1.0.zip!_input/core/RUMAHAGEN_WIREFRAME_CORE_FINAL_SOURCE_PACK_v1.2/24_M08_M15/W4-02A.6.28_FOCUSED_EXECUTION_PACK_M08-M15_v2.1.zip!RUMAHAGEN_W4-02A.6.28_FOCUSED_EXECUTION_PACK_M08-M15_v2.1/M14_PHYSICAL_EXECUTION_SPEC_v2.1.md,6787,f9f25be2e5e1b541674662f6a4680467c75ba635fad2e665003cf9df780591f1
M01-M15 new recon(20260907-081753).zip,2,M09_CORE_IMPACT_ANALYSIS_FULL_v1.0.zip!_input/core/RUMAHAGEN_WIREFRAME_CORE_FINAL_SOURCE_PACK_v1.2/24_M08_M15/W4-02A.6.28_FOCUSED_EXECUTION_PACK_M08-M15_v2.1.zip!RUMAHAGEN_W4-02A.6.28_FOCUSED_EXECUTION_PACK_M08-M15_v2.1/M15_PHYSICAL_EXECUTION_SPEC_v2.1.md,6642,b86968510b07731383990e40540f9a04b8273d8969fc6814530ebc17e5dd8088
M01-M15 new recon(20260907-081753).zip,2,M09_CORE_IMPACT_ANALYSIS_FULL_v1.0.zip!_input/core/RUMAHAGEN_WIREFRAME_CORE_FINAL_SOURCE_PACK_v1.2/24_M08_M15/W4-02A.6.28_FOCUSED_EXECUTION_PACK_M08-M15_v2.1.zip!RUMAHAGEN_W4-02A.6.28_FOCUSED_EXECUTION_PACK_M08-M15_v2.1/RUMAHAGEN_W4-02A.6.28_FOCUSED_EXECUTION_PACK_M08-M15_v2.1.md,12958,a6b879e6d81f1cbb6a3eade8caa71a950432d44488db21fe45b667cd9fa0fdb3
M01-M15 new recon(20260907-081753).zip,1,M09_CORE_IMPACT_ANALYSIS_FULL_v1.0.zip!_input/core/RUMAHAGEN_WIREFRAME_CORE_FINAL_SOURCE_PACK_v1.2/24_M08_M15/W4-02A.6.28_FOCUSED_EXECUTION_PACK_M08-M15_v2.1.md,12958,a6b879e6d81f1cbb6a3eade8caa71a950432d44488db21fe45b667cd9fa0fdb3
M01-M15 new recon(20260907-081753).zip,1,M09_CORE_IMPACT_ANALYSIS_FULL_v1.0.zip!_input/core/RUMAHAGEN_WIREFRAME_CORE_FINAL_SOURCE_PACK_v1.2/24_M08_M15/W4-02A.6.28_FOCUSED_EXECUTION_PACK_M08-M15_v2.1.zip__extracted/RUMAHAGEN_W4-02A.6.28_FOCUSED_EXECUTION_PACK_M08-M15_v2.1/M09_PHYSICAL_EXECUTION_SPEC_v2.1.md,6944,7d39bb462699dc346c5ecf441996cd9a8e7b1bc5d969604463c810c1d4c34545
M01-M15 new recon(20260907-081753).zip,1,M09_CORE_IMPACT_ANALYSIS_FULL_v1.0.zip!_input/core/RUMAHAGEN_WIREFRAME_CORE_FINAL_SOURCE_PACK_v1.2/24_M08_M15/W4-02A.6.28_FOCUSED_EXECUTION_PACK_M08-M15_v2.1.zip__extracted/RUMAHAGEN_W4-02A.6.28_FOCUSED_EXECUTION_PACK_M08-M15_v2.1/M12_PHYSICAL_EXECUTION_SPEC_v2.1.md,6477,c01c5da1353a7f689b56d06242f248e0851d2bf5b92fa24fdbc12666e53e8930
M01-M15 new recon(20260907-081753).zip,1,M09_CORE_IMPACT_ANALYSIS_FULL_v1.0.zip!_input/core/RUMAHAGEN_WIREFRAME_CORE_FINAL_SOURCE_PACK_v1.2/24_M08_M15/W4-02A.6.28_FOCUSED_EXECUTION_PACK_M08-M15_v2.1.zip__extracted/RUMAHAGEN_W4-02A.6.28_FOCUSED_EXECUTION_PACK_M08-M15_v2.1/M15_PHYSICAL_EXECUTION_SPEC_v2.1.md,6642,b86968510b07731383990e40540f9a04b8273d8969fc6814530ebc17e5dd8088
M01-M15 new recon(20260907-081753).zip,1,M09_CORE_IMPACT_ANALYSIS_FULL_v1.0.zip!_input/core/RUMAHAGEN_WIREFRAME_CORE_FINAL_SOURCE_PACK_v1.2/24_M08_M15/W4-02A.6.28_FOCUSED_EXECUTION_PACK_M08-M15_v2.1.zip__extracted/RUMAHAGEN_W4-02A.6.28_FOCUSED_EXECUTION_PACK_M08-M15_v2.1/M14_PHYSICAL_EXECUTION_SPEC_v2.1.md,6787,f9f25be2e5e1b541674662f6a4680467c75ba635fad2e665003cf9df780591f1
M01-M15 new recon(20260907-081753).zip,1,M09_CORE_IMPACT_ANALYSIS_FULL_v1.0.zip!_input/core/RUMAHAGEN_WIREFRAME_CORE_FINAL_SOURCE_PACK_v1.2/24_M08_M15/W4-02A.6.28_FOCUSED_EXECUTION_PACK_M08-M15_v2.1.zip__extracted/RUMAHAGEN_W4-02A.6.28_FOCUSED_EXECUTION_PACK_M08-M15_v2.1/M08_PHYSICAL_EXECUTION_SPEC_v2.1.md,6775,d2033671ce0e13b29483fad93756ff1ebfafcaa24585763f4bc68de6a7859926
M01-M15 new recon(20260907-081753).zip,1,M09_CORE_IMPACT_ANALYSIS_FULL_v1.0.zip!_input/core/RUMAHAGEN_WIREFRAME_CORE_FINAL_SOURCE_PACK_v1.2/24_M08_M15/W4-02A.6.28_FOCUSED_EXECUTION_PACK_M08-M15_v2.1.zip__extracted/RUMAHAGEN_W4-02A.6.28_FOCUSED_EXECUTION_PACK_M08-M15_v2.1/M11_PHYSICAL_EXECUTION_SPEC_v2.1.md,6695,adfc6ce099de713b1bd60194bed59b35cb9dda5ecc99ceec5ccbe96894ee5a70
M01-M15 new recon(20260907-081753).zip,1,M09_CORE_IMPACT_ANALYSIS_FULL_v1.0.zip!_input/core/RUMAHAGEN_WIREFRAME_CORE_FINAL_SOURCE_PACK_v1.2/24_M08_M15/W4-02A.6.28_FOCUSED_EXECUTION_PACK_M08-M15_v2.1.zip__extracted/RUMAHAGEN_W4-02A.6.28_FOCUSED_EXECUTION_PACK_M08-M15_v2.1/RUMAHAGEN_W4-02A.6.28_FOCUSED_EXECUTION_PACK_M08-M15_v2.1.md,12958,a6b879e6d81f1cbb6a3eade8caa71a950432d44488db21fe45b667cd9fa0fdb3
M01-M15 new recon(20260907-081753).zip,1,M09_CORE_IMPACT_ANALYSIS_FULL_v1.0.zip!_input/core/RUMAHAGEN_WIREFRAME_CORE_FINAL_SOURCE_PACK_v1.2/24_M08_M15/W4-02A.6.28_FOCUSED_EXECUTION_PACK_M08-M15_v2.1.zip__extracted/RUMAHAGEN_W4-02A.6.28_FOCUSED_EXECUTION_PACK_M08-M15_v2.1/M10_PHYSICAL_EXECUTION_SPEC_v2.1.md,6625,0954001b40b9aa4289cf174f807c2625dc4a4f5f373c120c12f28696ecddd8f2
M01-M15 new recon(20260907-081753).zip,1,M09_CORE_IMPACT_ANALYSIS_FULL_v1.0.zip!_input/core/RUMAHAGEN_WIREFRAME_CORE_FINAL_SOURCE_PACK_v1.2/24_M08_M15/W4-02A.6.28_FOCUSED_EXECUTION_PACK_M08-M15_v2.1.zip__extracted/RUMAHAGEN_W4-02A.6.28_FOCUSED_EXECUTION_PACK_M08-M15_v2.1/M13_PHYSICAL_EXECUTION_SPEC_v2.1.md,6463,8e8f14c0bc0ff8ec33155671ef9c903168894ee6c0111a9d9deb6c2f4ae6ea27
M01-M15 new recon(20260907-081753).zip,1,M09_CORE_IMPACT_ANALYSIS_FULL_v1.0.zip!_input/core/RUMAHAGEN_WIREFRAME_CORE_FINAL_SOURCE_PACK_v1.2/09_ERD/W4-02A.6.13_ERD_CURRENT_LOGICAL_DATA_MODEL_FULL_CONSOLIDATED_v2.1.docx,62303,5a5ba139cff31fbd297cac3871a3b250f13b94dabcb15b49d89af86ca785cb88
M01-M15 new recon(20260907-081753).zip,1,M09_CORE_IMPACT_ANALYSIS_FULL_v1.0.zip!_input/core/RUMAHAGEN_WIREFRAME_CORE_FINAL_SOURCE_PACK_v1.2/03_BUSINESS_RULES/W4-02A.6.10_BUSINESS_RULES_BASELINE_TRACEABILITY_FULL_CONSOLIDATED_v1.2_REAUDITED.docx,51338,f1bd00843508c4bdc16794b1509690e5c6ec6c12c49611587382a932a87e8ebc
M01-M15 new recon(20260907-081753).zip,1,M09_CORE_IMPACT_ANALYSIS_FULL_v1.0.zip!_input/core/RUMAHAGEN_WIREFRAME_CORE_FINAL_SOURCE_PACK_v1.2/11_DATABASE_SCHEMA/W4-01E_FINAL_BUILD_FROM_ZERO_SCHEMA_PACKAGE_v2.6.zip,18571,6d4c04df87e2d52e2b2787f4f558456e20394c61a3a81e283938a11f830dfe1a
M01-M15 new recon(20260907-081753).zip,2,M09_CORE_IMPACT_ANALYSIS_FULL_v1.0.zip!_input/core/RUMAHAGEN_WIREFRAME_CORE_FINAL_SOURCE_PACK_v1.2/11_DATABASE_SCHEMA/W4-01E_FINAL_BUILD_FROM_ZERO_SCHEMA_PACKAGE_v2.6.zip!RUMAHAGEN_W4-01E_FINAL_CANONICAL_BUILD_FROM_ZERO_DATABASE_SCHEMA_v2.6.sql,106605,73bc0e2803d1e27160cb9fc8ad61b013b079c50a67b8f1f6e6f5432b4a1c9531
M01-M15 new recon(20260907-081753).zip,2,M09_CORE_IMPACT_ANALYSIS_FULL_v1.0.zip!_input/core/RUMAHAGEN_WIREFRAME_CORE_FINAL_SOURCE_PACK_v1.2/11_DATABASE_SCHEMA/W4-01E_FINAL_BUILD_FROM_ZERO_SCHEMA_PACKAGE_v2.6.zip!RUMAHAGEN_W4-01E_FINAL_SCHEMA_CLOSURE_AND_FREEZE_v2.6.md,1337,03062a3e327d0c069d8a66f3c07254c13cd8c40931a8d8630a366d7345aaafa2
M01-M15 new recon(20260907-081753).zip,2,M09_CORE_IMPACT_ANALYSIS_FULL_v1.0.zip!_input/core/RUMAHAGEN_WIREFRAME_CORE_FINAL_SOURCE_PACK_v1.2/11_DATABASE_SCHEMA/W4-01E_FINAL_BUILD_FROM_ZERO_SCHEMA_PACKAGE_v2.6.zip!RUMAHAGEN_W4-01E_FINAL_CANONICAL_TABLE_REGISTER_v2.6.csv,8023,d3c8386f3cb4a694c51833b50a1114c102f0bfad1e8bf62e188075c463a6308d
M01-M15 new recon(20260907-081753).zip,2,M09_CORE_IMPACT_ANALYSIS_FULL_v1.0.zip!_input/core/RUMAHAGEN_WIREFRAME_CORE_FINAL_SOURCE_PACK_v1.2/11_DATABASE_SCHEMA/W4-01E_FINAL_BUILD_FROM_ZERO_SCHEMA_PACKAGE_v2.6.zip!RUMAHAGEN_W4-01E_GATE_CLOSURE_REGISTER_v2.6.csv,1080,1760c5af3922dc7e2ae205951ad5b559611172059427cac479a5b20cef0b391b
M01-M15 new recon(20260907-081753).zip,1,M09_CORE_IMPACT_ANALYSIS_FULL_v1.0.zip!_input/core/RUMAHAGEN_WIREFRAME_CORE_FINAL_SOURCE_PACK_v1.2/11_DATABASE_SCHEMA/W4-02A.6.15_DATABASE_SCHEMA_CURRENT_PHYSICAL_SCHEMA_REFERENCE_FULL_CONSOLIDATED_v2.7.docx,74525,91d9d78bc4d0818bca5802f0315f3d1146d0a32a9645646607418708745f79b9
M01-M15 new recon(20260907-081753).zip,1,M09_CORE_IMPACT_ANALYSIS_FULL_v1.0.zip!_input/core/RUMAHAGEN_WIREFRAME_CORE_FINAL_SOURCE_PACK_v1.2/11_DATABASE_SCHEMA/W4-02_CANONICAL_BUILD_FROM_ZERO_MIGRATION_PACKAGE_v1.0.zip,19788,e4ee433128935fae30bfd64d05c3f37d426bafd012ed24842912c1354a8d2df0
M01-M15 new recon(20260907-081753).zip,2,M09_CORE_IMPACT_ANALYSIS_FULL_v1.0.zip!_input/core/RUMAHAGEN_WIREFRAME_CORE_FINAL_SOURCE_PACK_v1.2/11_DATABASE_SCHEMA/W4-02_CANONICAL_BUILD_FROM_ZERO_MIGRATION_PACKAGE_v1.0.zip!RUMAHAGEN_W4-02_CANONICAL_BUILD_FROM_ZERO_MIGRATION_BASELINE_v1.0.sql,113290,51be1733302566feed6c193c89418ef5038441a5968c0717b6be9eb9fdb32fa6
M01-M15 new recon(20260907-081753).zip,2,M09_CORE_IMPACT_ANALYSIS_FULL_v1.0.zip!_input/core/RUMAHAGEN_WIREFRAME_CORE_FINAL_SOURCE_PACK_v1.2/11_DATABASE_SCHEMA/W4-02_CANONICAL_BUILD_FROM_ZERO_MIGRATION_PACKAGE_v1.0.zip!RUMAHAGEN_W4-02_CANONICAL_MIGRATION_BASELINE_v1.0.md,1337,03062a3e327d0c069d8a66f3c07254c13cd8c40931a8d8630a366d7345aaafa2
M01-M15 new recon(20260907-081753).zip,2,M09_CORE_IMPACT_ANALYSIS_FULL_v1.0.zip!_input/core/RUMAHAGEN_WIREFRAME_CORE_FINAL_SOURCE_PACK_v1.2/11_DATABASE_SCHEMA/W4-02_CANONICAL_BUILD_FROM_ZERO_MIGRATION_PACKAGE_v1.0.zip!RUMAHAGEN_W4-02_EXECUTION_PHASE_REGISTER_v1.0.csv,816,8063d32ad50ead75a367f7fbf85cf047811df3c6f22beb1d2097de6042716f60
M01-M15 new recon(20260907-081753).zip,2,M09_CORE_IMPACT_ANALYSIS_FULL_v1.0.zip!_input/core/RUMAHAGEN_WIREFRAME_CORE_FINAL_SOURCE_PACK_v1.2/11_DATABASE_SCHEMA/W4-02_CANONICAL_BUILD_FROM_ZERO_MIGRATION_PACKAGE_v1.0.zip!RUMAHAGEN_W4-02_CANONICAL_86_TABLE_REGISTER_v1.0.csv,6480,0dcbfeb80dbf83e876cea932e0a90b415bda4f21d620695854729b134f43d83f
M01-M15 new recon(20260907-081753).zip,1,M09_CORE_IMPACT_ANALYSIS_FULL_v1.0.zip!_input/core/RUMAHAGEN_WIREFRAME_CORE_FINAL_SOURCE_PACK_v1.2/11_DATABASE_SCHEMA/RUMAHAGEN_FULL_DATABASE_SCHEMA_SOURCE_ONLY_PACKAGE_v1.0.zip,20762,fa720ebe06c1070155e2ddddba6215f8c764b55ac67af2123aa75831b7f84784
M01-M15 new recon(20260907-081753).zip,2,M09_CORE_IMPACT_ANALYSIS_FULL_v1.0.zip!_input/core/RUMAHAGEN_WIREFRAME_CORE_FINAL_SOURCE_PACK_v1.2/11_DATABASE_SCHEMA/RUMAHAGEN_FULL_DATABASE_SCHEMA_SOURCE_ONLY_PACKAGE_v1.0.zip!RUMAHAGEN_FULL_DATABASE_SCHEMA_SOURCE_ONLY_v1.0.sql,104518,0efce0e6e9074732735ee71da69575c3df9a7fba58961b4d3921480cbbd71e26
M01-M15 new recon(20260907-081753).zip,2,M09_CORE_IMPACT_ANALYSIS_FULL_v1.0.zip!_input/core/RUMAHAGEN_WIREFRAME_CORE_FINAL_SOURCE_PACK_v1.2/11_DATABASE_SCHEMA/RUMAHAGEN_FULL_DATABASE_SCHEMA_SOURCE_ONLY_PACKAGE_v1.0.zip!RUMAHAGEN_FULL_DATABASE_SCHEMA_SOURCE_ONLY_v1.0.md,5307,f00f28aed28f98f361117daf8b9fd06c40a3602d0b3ab3339a6d47228211ed51
M01-M15 new recon(20260907-081753).zip,1,M09_CORE_IMPACT_ANALYSIS_FULL_v1.0.zip!_input/core/RUMAHAGEN_WIREFRAME_CORE_FINAL_SOURCE_PACK_v1.2/11_DATABASE_SCHEMA/W4-02_CANONICAL_BUILD_FROM_ZERO_MIGRATION_PACKAGE_v1.0.zip__extracted/RUMAHAGEN_W4-02_CANONICAL_BUILD_FROM_ZERO_MIGRATION_BASELINE_v1.0.sql,113290,51be1733302566feed6c193c89418ef5038441a5968c0717b6be9eb9fdb32fa6
M01-M15 new recon(20260907-081753).zip,1,M09_CORE_IMPACT_ANALYSIS_FULL_v1.0.zip!_input/core/RUMAHAGEN_WIREFRAME_CORE_FINAL_SOURCE_PACK_v1.2/11_DATABASE_SCHEMA/W4-02_CANONICAL_BUILD_FROM_ZERO_MIGRATION_PACKAGE_v1.0.zip__extracted/RUMAHAGEN_W4-02_CANONICAL_86_TABLE_REGISTER_v1.0.csv,6480,0dcbfeb80dbf83e876cea932e0a90b415bda4f21d620695854729b134f43d83f
M01-M15 new recon(20260907-081753).zip,1,M09_CORE_IMPACT_ANALYSIS_FULL_v1.0.zip!_input/core/RUMAHAGEN_WIREFRAME_CORE_FINAL_SOURCE_PACK_v1.2/11_DATABASE_SCHEMA/W4-02_CANONICAL_BUILD_FROM_ZERO_MIGRATION_PACKAGE_v1.0.zip__extracted/RUMAHAGEN_W4-02_EXECUTION_PHASE_REGISTER_v1.0.csv,816,8063d32ad50ead75a367f7fbf85cf047811df3c6f22beb1d2097de6042716f60
M01-M15 new recon(20260907-081753).zip,1,M09_CORE_IMPACT_ANALYSIS_FULL_v1.0.zip!_input/core/RUMAHAGEN_WIREFRAME_CORE_FINAL_SOURCE_PACK_v1.2/11_DATABASE_SCHEMA/W4-02_CANONICAL_BUILD_FROM_ZERO_MIGRATION_PACKAGE_v1.0.zip__extracted/RUMAHAGEN_W4-02_CANONICAL_MIGRATION_BASELINE_v1.0.md,1337,03062a3e327d0c069d8a66f3c07254c13cd8c40931a8d8630a366d7345aaafa2
M01-M15 new recon(20260907-081753).zip,1,M09_CORE_IMPACT_ANALYSIS_FULL_v1.0.zip!_input/core/RUMAHAGEN_WIREFRAME_CORE_FINAL_SOURCE_PACK_v1.2/11_DATABASE_SCHEMA/W4-01E_FINAL_BUILD_FROM_ZERO_SCHEMA_PACKAGE_v2.6.zip__extracted/RUMAHAGEN_W4-01E_FINAL_CANONICAL_TABLE_REGISTER_v2.6.csv,8023,d3c8386f3cb4a694c51833b50a1114c102f0bfad1e8bf62e188075c463a6308d
M01-M15 new recon(20260907-081753).zip,1,M09_CORE_IMPACT_ANALYSIS_FULL_v1.0.zip!_input/core/RUMAHAGEN_WIREFRAME_CORE_FINAL_SOURCE_PACK_v1.2/11_DATABASE_SCHEMA/W4-01E_FINAL_BUILD_FROM_ZERO_SCHEMA_PACKAGE_v2.6.zip__extracted/RUMAHAGEN_W4-01E_FINAL_CANONICAL_BUILD_FROM_ZERO_DATABASE_SCHEMA_v2.6.sql,106605,73bc0e2803d1e27160cb9fc8ad61b013b079c50a67b8f1f6e6f5432b4a1c9531
M01-M15 new recon(20260907-081753).zip,1,M09_CORE_IMPACT_ANALYSIS_FULL_v1.0.zip!_input/core/RUMAHAGEN_WIREFRAME_CORE_FINAL_SOURCE_PACK_v1.2/11_DATABASE_SCHEMA/W4-01E_FINAL_BUILD_FROM_ZERO_SCHEMA_PACKAGE_v2.6.zip__extracted/RUMAHAGEN_W4-01E_GATE_CLOSURE_REGISTER_v2.6.csv,1080,1760c5af3922dc7e2ae205951ad5b559611172059427cac479a5b20cef0b391b
M01-M15 new recon(20260907-081753).zip,1,M09_CORE_IMPACT_ANALYSIS_FULL_v1.0.zip!_input/core/RUMAHAGEN_WIREFRAME_CORE_FINAL_SOURCE_PACK_v1.2/11_DATABASE_SCHEMA/W4-01E_FINAL_BUILD_FROM_ZERO_SCHEMA_PACKAGE_v2.6.zip__extracted/RUMAHAGEN_W4-01E_FINAL_SCHEMA_CLOSURE_AND_FREEZE_v2.6.md,1337,03062a3e327d0c069d8a66f3c07254c13cd8c40931a8d8630a366d7345aaafa2
M01-M15 new recon(20260907-081753).zip,1,M09_CORE_IMPACT_ANALYSIS_FULL_v1.0.zip!_input/core/RUMAHAGEN_WIREFRAME_CORE_FINAL_SOURCE_PACK_v1.2/11_DATABASE_SCHEMA/RUMAHAGEN_FULL_DATABASE_SCHEMA_SOURCE_ONLY_PACKAGE_v1.0.zip__extracted/RUMAHAGEN_FULL_DATABASE_SCHEMA_SOURCE_ONLY_v1.0.sql,104518,0efce0e6e9074732735ee71da69575c3df9a7fba58961b4d3921480cbbd71e26
M01-M15 new recon(20260907-081753).zip,1,M09_CORE_IMPACT_ANALYSIS_FULL_v1.0.zip!_input/core/RUMAHAGEN_WIREFRAME_CORE_FINAL_SOURCE_PACK_v1.2/11_DATABASE_SCHEMA/RUMAHAGEN_FULL_DATABASE_SCHEMA_SOURCE_ONLY_PACKAGE_v1.0.zip__extracted/RUMAHAGEN_FULL_DATABASE_SCHEMA_SOURCE_ONLY_v1.0.md,5307,f00f28aed28f98f361117daf8b9fd06c40a3602d0b3ab3339a6d47228211ed51
M01-M15 new recon(20260907-081753).zip,1,M09_CORE_IMPACT_ANALYSIS_FULL_v1.0.zip!_input/rebuild/RUMAHAGEN_WF03_M09_FULL_REBUILD_CONTROLLED_v1.1/README_M09_FULL_REBUILD_CONTROLLED_v1.1.md,505,75645dea7f0f2698834e91654372d1cfdc17c54991281075a0cf34e9e0095fd3
M01-M15 new recon(20260907-081753).zip,1,M09_CORE_IMPACT_ANALYSIS_FULL_v1.0.zip!_input/rebuild/RUMAHAGEN_WF03_M09_FULL_REBUILD_CONTROLLED_v1.1/02_REBUILD/M09_QA_DECISION_REGISTER_Q01-Q06_v1.1.csv,1514,75b2ad19d720decfc6a70c6cb9fba4b1b161864395cd7e36debf7f2894646421
M01-M15 new recon(20260907-081753).zip,1,M09_CORE_IMPACT_ANALYSIS_FULL_v1.0.zip!_input/rebuild/RUMAHAGEN_WF03_M09_FULL_REBUILD_CONTROLLED_v1.1/02_REBUILD/00_M09_FULL_REBUILD_FINAL_REPORT_v1.1.md,2327,592497b991baaece53f20559c05c416514448a6e5c1a62895ae159c32fe809b5
M01-M15 new recon(20260907-081753).zip,1,M09_CORE_IMPACT_ANALYSIS_FULL_v1.0.zip!_input/rebuild/RUMAHAGEN_WF03_M09_FULL_REBUILD_CONTROLLED_v1.1/02_REBUILD/M09_QA_DECISION_REGISTER_Q01-Q06_v1.1.xlsx,6208,dc3f766aa6fcc9d79ce6f496517eae94a4a330d63ef92b59a9eb332cd0f3fb26
M01-M15 new recon(20260907-081753).zip,1,M09_CORE_IMPACT_ANALYSIS_FULL_v1.0.zip!_input/rebuild/RUMAHAGEN_WF03_M09_FULL_REBUILD_CONTROLLED_v1.1/02_REBUILD/M09_SUPERSESSION_REGISTER_v1.1.csv,1112,7acfc848faa414a029d1b8d1a829a6d06e904aa3dcc145715c67749fbf869136
M01-M15 new recon(20260907-081753).zip,1,M09_CORE_IMPACT_ANALYSIS_FULL_v1.0.zip!_input/rebuild/RUMAHAGEN_WF03_M09_FULL_REBUILD_CONTROLLED_v1.1/01_SOURCE_M09_ONLY/M09_ARCHIVE_INVENTORY_FULL.csv,10455,fb774eeb14e9c54cd875367c5a3537c5ae720e405fb134c9c626e1ee0c54c21b
M01-M15 new recon(20260907-081753).zip,1,M09_CORE_IMPACT_ANALYSIS_FULL_v1.0.zip!_input/rebuild/RUMAHAGEN_WF03_M09_FULL_REBUILD_CONTROLLED_v1.1/01_SOURCE_M09_ONLY/M09_SCOPE_INVENTORY.csv,133,f07be54fcd2f069eb9d1794c467df9477b174b9d88ffe8eb81e674efeaf96fd7
M01-M15 new recon(20260907-081753).zip,1,M09_CORE_IMPACT_ANALYSIS_FULL_v1.0.zip!_input/rebuild/RUMAHAGEN_WF03_M09_FULL_REBUILD_CONTROLLED_v1.1/01_SOURCE_M09_ONLY/RUMAHAGEN_WF-03.2_M09_PERMISSION_REEVALUATION_QA_DECISION_RECORD_v1.0.md,12947,d2a0a556faa736b12905f567833ee3681343e135831fef52128a4af53cf98f90
M01-M15 new recon(20260907-081753).zip,1,M09_CORE_IMPACT_ANALYSIS_FULL_v1.0.zip!_input/rebuild/RUMAHAGEN_WF03_M09_FULL_REBUILD_CONTROLLED_v1.1/01_SOURCE_M09_ONLY/M09_SOURCE_MANIFEST_v1.1.csv,391,50c549339644d0e50195536c61809f38577485f40881bad90165dbc6ead35373
M01-M15 new recon(20260907-081753).zip,1,M09_CORE_IMPACT_ANALYSIS_FULL_v1.0.zip!_input/rebuild/RUMAHAGEN_WF03_M09_FULL_REBUILD_CONTROLLED_v1.1/03_PERMISSION_MATRIX/M09_FINAL_SEMANTIC_PERMISSION_MATRIX_v1.1.csv,1762,d52b5a46c05232c225100ba5a2312a22d701d82c887ed3567c942b99bc80280a
M01-M15 new recon(20260907-081753).zip,1,M09_CORE_IMPACT_ANALYSIS_FULL_v1.0.zip!_input/rebuild/RUMAHAGEN_WF03_M09_FULL_REBUILD_CONTROLLED_v1.1/03_PERMISSION_MATRIX/M09_FINAL_SEMANTIC_PERMISSION_MATRIX_v1.1.xlsx,6546,8dd59a625d1fef7d913202ce8034d8e6df619a9d7c3a5440e3734371954dae74
M01-M15 new recon(20260907-081753).zip,1,M09_CORE_IMPACT_ANALYSIS_FULL_v1.0.zip!_input/rebuild/RUMAHAGEN_WF03_M09_FULL_REBUILD_CONTROLLED_v1.1/05_QA/M09_DOWNSTREAM_FINDINGS_AND_STATUS_v1.1.csv,1491,1c75a9b33aeba6cbdbecf40a5812f4692153986cc00b6672f14763e8f8655f3d
M01-M15 new recon(20260907-081753).zip,1,M09_CORE_IMPACT_ANALYSIS_FULL_v1.0.zip!_input/rebuild/RUMAHAGEN_WF03_M09_FULL_REBUILD_CONTROLLED_v1.1/05_QA/M09_FINAL_QA_v1.1.md,1254,9e3d52658ffba8ab873e1f9d552b315ca6997ec22c4fa98cb29ce6a790d57c1f
M01-M15 new recon(20260907-081753).zip,1,M09_CORE_IMPACT_ANALYSIS_FULL_v1.0.zip!_input/rebuild/RUMAHAGEN_WF03_M09_FULL_REBUILD_CONTROLLED_v1.1/04_LIFECYCLE_DEPENDENCY/M09_LIFECYCLE_ACTOR_SCOPE_AUTHORITY_v1.1.md,2776,0863f8ddd8ca3645f834be3137d97ce66b49222e5bfd2f9bde85c0dca9ea4c17
M01-M15 new recon(20260907-081753).zip,1,M09_CORE_IMPACT_ANALYSIS_FULL_v1.0.zip!_input/rebuild/RUMAHAGEN_WF03_M09_FULL_REBUILD_CONTROLLED_v1.1/04_LIFECYCLE_DEPENDENCY/M09_CROSS_MODULE_DEPENDENCY_RECONCILIATION_v1.1.md,1302,5131a6100257a11a0fb3c60e99576844d68aa4fc0af03d8b9f0ce6e54ef73ab0
M01-M15 new recon(20260907-081753).zip,0,M09_QIR_RESOLUTION_FULL_v1.2.zip,52713,a79746947daa16de1e4de2870638ca10dcb23552a26587841f6f8862bc071c1d
M01-M15 new recon(20260907-081753).zip,1,M09_QIR_RESOLUTION_FULL_v1.2.zip!M09_QIR_RESOLUTION_FULL_v1.2/00_CONTROL/M09_QIR_RESOLUTION_SCOPE_INVENTORY_v1.2.csv,696,fe3dfb18a7cee44f5d2b06e779592edcd3a62b9935cead2e0777a974361f7a20
M01-M15 new recon(20260907-081753).zip,1,M09_QIR_RESOLUTION_FULL_v1.2.zip!M09_QIR_RESOLUTION_FULL_v1.2/00_CONTROL/SHA256_MANIFEST_M09_QIR_RESOLUTION_FULL_v1.2.txt,3692,13fb890201050e33e297ad397cb907e01d260cc9f195b8c2be580faa8525467a
M01-M15 new recon(20260907-081753).zip,1,M09_QIR_RESOLUTION_FULL_v1.2.zip!M09_QIR_RESOLUTION_FULL_v1.2/00_CONTROL/README_M09_QIR_RESOLUTION_FULL_v1.2.md,1811,4256a836d9fac2e644c903d97ffd38b09b5aa467fd17f52f9ddbeac1de002508
M01-M15 new recon(20260907-081753).zip,1,M09_QIR_RESOLUTION_FULL_v1.2.zip!M09_QIR_RESOLUTION_FULL_v1.2/05_QIR_RESOLUTION/M09_CROSS_DOCUMENT_CONTRADICTION_RESCAN_v1.2.csv,1170,2357ca1537da85e8f7acb473acf3ef1be3e59c4667cd460a3f3445828765aade
M01-M15 new recon(20260907-081753).zip,1,M09_QIR_RESOLUTION_FULL_v1.2.zip!M09_QIR_RESOLUTION_FULL_v1.2/05_QIR_RESOLUTION/M09_QIR_RESOLUTION_RECORD_v1.2.md,7220,07dc9b3f26f3930dc7ca042b4249737850e0f73a04ffdcba1cdef93dd582d8c9
M01-M15 new recon(20260907-081753).zip,1,M09_QIR_RESOLUTION_FULL_v1.2.zip!M09_QIR_RESOLUTION_FULL_v1.2/05_QIR_RESOLUTION/M09_CORE_PROPAGATION_REGISTER_v1.2.csv,1027,0102193b2ab6daec0fdf9f1b7d4ba115e9e2f9b0f9a49363bf89aee0ddb426db
M01-M15 new recon(20260907-081753).zip,1,M09_QIR_RESOLUTION_FULL_v1.2.zip!M09_QIR_RESOLUTION_FULL_v1.2/02_REBUILD/M09_QA_DECISION_REGISTER_Q01-Q06_v1.1.csv,1514,75b2ad19d720decfc6a70c6cb9fba4b1b161864395cd7e36debf7f2894646421
M01-M15 new recon(20260907-081753).zip,1,M09_QIR_RESOLUTION_FULL_v1.2.zip!M09_QIR_RESOLUTION_FULL_v1.2/02_REBUILD/00_M09_FULL_REBUILD_FINAL_REPORT_v1.1.md,2327,592497b991baaece53f20559c05c416514448a6e5c1a62895ae159c32fe809b5
M01-M15 new recon(20260907-081753).zip,1,M09_QIR_RESOLUTION_FULL_v1.2.zip!M09_QIR_RESOLUTION_FULL_v1.2/02_REBUILD/M09_QA_DECISION_REGISTER_Q01-Q06_v1.1.xlsx,6208,dc3f766aa6fcc9d79ce6f496517eae94a4a330d63ef92b59a9eb332cd0f3fb26
M01-M15 new recon(20260907-081753).zip,1,M09_QIR_RESOLUTION_FULL_v1.2.zip!M09_QIR_RESOLUTION_FULL_v1.2/02_REBUILD/M09_SUPERSESSION_REGISTER_v1.1.csv,1112,7acfc848faa414a029d1b8d1a829a6d06e904aa3dcc145715c67749fbf869136
M01-M15 new recon(20260907-081753).zip,1,M09_QIR_RESOLUTION_FULL_v1.2.zip!M09_QIR_RESOLUTION_FULL_v1.2/01_SOURCE_M09_ONLY/README_M09_FULL_REBUILD_CONTROLLED_v1.1.md,505,75645dea7f0f2698834e91654372d1cfdc17c54991281075a0cf34e9e0095fd3
M01-M15 new recon(20260907-081753).zip,1,M09_QIR_RESOLUTION_FULL_v1.2.zip!M09_QIR_RESOLUTION_FULL_v1.2/01_SOURCE_M09_ONLY/M09_ARCHIVE_INVENTORY_FULL.csv,10455,fb774eeb14e9c54cd875367c5a3537c5ae720e405fb134c9c626e1ee0c54c21b
M01-M15 new recon(20260907-081753).zip,1,M09_QIR_RESOLUTION_FULL_v1.2.zip!M09_QIR_RESOLUTION_FULL_v1.2/01_SOURCE_M09_ONLY/M09_SCOPE_INVENTORY.csv,133,f07be54fcd2f069eb9d1794c467df9477b174b9d88ffe8eb81e674efeaf96fd7
M01-M15 new recon(20260907-081753).zip,1,M09_QIR_RESOLUTION_FULL_v1.2.zip!M09_QIR_RESOLUTION_FULL_v1.2/01_SOURCE_M09_ONLY/RUMAHAGEN_WF-03.2_M09_PERMISSION_REEVALUATION_QA_DECISION_RECORD_v1.0.md,12947,d2a0a556faa736b12905f567833ee3681343e135831fef52128a4af53cf98f90
M01-M15 new recon(20260907-081753).zip,1,M09_QIR_RESOLUTION_FULL_v1.2.zip!M09_QIR_RESOLUTION_FULL_v1.2/01_SOURCE_M09_ONLY/M09_SOURCE_MANIFEST_v1.1.csv,391,50c549339644d0e50195536c61809f38577485f40881bad90165dbc6ead35373
M01-M15 new recon(20260907-081753).zip,1,M09_QIR_RESOLUTION_FULL_v1.2.zip!M09_QIR_RESOLUTION_FULL_v1.2/03_PERMISSION_MATRIX/M09_FINAL_SEMANTIC_PERMISSION_MATRIX_v1.1.csv,1762,d52b5a46c05232c225100ba5a2312a22d701d82c887ed3567c942b99bc80280a
M01-M15 new recon(20260907-081753).zip,1,M09_QIR_RESOLUTION_FULL_v1.2.zip!M09_QIR_RESOLUTION_FULL_v1.2/03_PERMISSION_MATRIX/M09_FINAL_SEMANTIC_PERMISSION_MATRIX_v1.1.xlsx,6546,8dd59a625d1fef7d913202ce8034d8e6df619a9d7c3a5440e3734371954dae74
M01-M15 new recon(20260907-081753).zip,1,M09_QIR_RESOLUTION_FULL_v1.2.zip!M09_QIR_RESOLUTION_FULL_v1.2/07_CORE_M09_EVIDENCE/RBAC_M09_CONTEXT_CURRENT_BASELINE.md,1447,cc0d060ac88e90c504f5d458dfa98e113090b7e86e7abe0965f4e81d2e460bad
M01-M15 new recon(20260907-081753).zip,1,M09_QIR_RESOLUTION_FULL_v1.2.zip!M09_QIR_RESOLUTION_FULL_v1.2/07_CORE_M09_EVIDENCE/FOCUSED_EXECUTION_PACK_M09_EXTRACT.md,3066,916bbd98fca3890a9fa3933a1e6802960a007701494a2c142ceaa75ee054af16
M01-M15 new recon(20260907-081753).zip,1,M09_QIR_RESOLUTION_FULL_v1.2.zip!M09_QIR_RESOLUTION_FULL_v1.2/07_CORE_M09_EVIDENCE/FUNCTIONAL_M09_EXTRACT.md,827,214f78bac575518272e137cc7c4a8510c14ddc1a573c71a3bcb7cec8ebac6bf0
M01-M15 new recon(20260907-081753).zip,1,M09_QIR_RESOLUTION_FULL_v1.2.zip!M09_QIR_RESOLUTION_FULL_v1.2/07_CORE_M09_EVIDENCE/MODULE_DEPENDENCY_M09_EXTRACT.md,10241,8404e40acbf53e6f3bb25f920dc01575cbdce8ed87e887acca4dbd01343a6458
M01-M15 new recon(20260907-081753).zip,1,M09_QIR_RESOLUTION_FULL_v1.2.zip!M09_QIR_RESOLUTION_FULL_v1.2/07_CORE_M09_EVIDENCE/EXECUTION_SPEC_M09_EXTRACT.md,2611,c066c088ad9bf0f12dd2a7b6de90605374942dde2e2366d6b821481855435e37
M01-M15 new recon(20260907-081753).zip,1,M09_QIR_RESOLUTION_FULL_v1.2.zip!M09_QIR_RESOLUTION_FULL_v1.2/07_CORE_M09_EVIDENCE/MODULE_PLANNING_M09_EXTRACT.md,5530,63bc892f916b31375c082e65c503fcb98ccad4b62217d54e3b33da5fdabde2c8
M01-M15 new recon(20260907-081753).zip,1,M09_QIR_RESOLUTION_FULL_v1.2.zip!M09_QIR_RESOLUTION_FULL_v1.2/07_CORE_M09_EVIDENCE/API_M09_RELEVANT_CURRENT_BASELINE.md,903,caa0df0feb87bc5eb0f4a3bb27c0539d51446a8585e0b1ccbe8b75fda23a10ec
M01-M15 new recon(20260907-081753).zip,1,M09_QIR_RESOLUTION_FULL_v1.2.zip!M09_QIR_RESOLUTION_FULL_v1.2/07_CORE_M09_EVIDENCE/TECHNICAL_M09_EXTRACT.md,934,9811b1d2b5742afd6d568bfd75ec50612522c8eca85070169d9b74e6bdb61425
M01-M15 new recon(20260907-081753).zip,1,M09_QIR_RESOLUTION_FULL_v1.2.zip!M09_QIR_RESOLUTION_FULL_v1.2/06_QA/M09_DOWNSTREAM_FINDINGS_AND_STATUS_v1.1.csv,1491,1c75a9b33aeba6cbdbecf40a5812f4692153986cc00b6672f14763e8f8655f3d
M01-M15 new recon(20260907-081753).zip,1,M09_QIR_RESOLUTION_FULL_v1.2.zip!M09_QIR_RESOLUTION_FULL_v1.2/06_QA/M09_QIR_FINAL_QA_v1.2.md,1506,47b4bf94be661c7a6bf9d914aa706372790b9c15ff281c244da182601bac7113
M01-M15 new recon(20260907-081753).zip,1,M09_QIR_RESOLUTION_FULL_v1.2.zip!M09_QIR_RESOLUTION_FULL_v1.2/06_QA/M09_FINAL_QA_v1.1.md,1254,9e3d52658ffba8ab873e1f9d552b315ca6997ec22c4fa98cb29ce6a790d57c1f
M01-M15 new recon(20260907-081753).zip,1,M09_QIR_RESOLUTION_FULL_v1.2.zip!M09_QIR_RESOLUTION_FULL_v1.2/04_LIFECYCLE_DEPENDENCY/M09_LIFECYCLE_ACTOR_SCOPE_AUTHORITY_v1.1.md,2776,0863f8ddd8ca3645f834be3137d97ce66b49222e5bfd2f9bde85c0dca9ea4c17
M01-M15 new recon(20260907-081753).zip,1,M09_QIR_RESOLUTION_FULL_v1.2.zip!M09_QIR_RESOLUTION_FULL_v1.2/04_LIFECYCLE_DEPENDENCY/M09_CROSS_MODULE_DEPENDENCY_RECONCILIATION_v1.1.md,1302,5131a6100257a11a0fb3c60e99576844d68aa4fc0af03d8b9f0ce6e54ef73ab0
M01-M15 new recon(20260907-081753).zip,0,RUMAHAGEN_WF03_M10_FULL_REBUILD_CONTROLLED_v1.1_FULL_VERSION.zip,207929,553297988fd328a4d422385a20eb2d113a22d799f67fbe5e0fbbc815efd0a8c4
M01-M15 new recon(20260907-081753).zip,1,RUMAHAGEN_WF03_M10_FULL_REBUILD_CONTROLLED_v1.1_FULL_VERSION.zip!RUMAHAGEN_WF03_M10_FULL_REBUILD_CONTROLLED_v1.1/M10_CONTROLLED_SOURCE_MANIFEST_v1.1.md,1851,b78b9c18a3c9212783a9b421f3e5340e87548c68096327bd6e8abfa02500eaa5
M01-M15 new recon(20260907-081753).zip,1,RUMAHAGEN_WF03_M10_FULL_REBUILD_CONTROLLED_v1.1_FULL_VERSION.zip!RUMAHAGEN_WF03_M10_FULL_REBUILD_CONTROLLED_v1.1/M10_QUESTION_DECISION_REGISTER_v1.1.csv,3213,e1dee97cf6fea1495ac1688e302870df7ba8639bea7aec283995769bab3dd0e3
M01-M15 new recon(20260907-081753).zip,1,RUMAHAGEN_WF03_M10_FULL_REBUILD_CONTROLLED_v1.1_FULL_VERSION.zip!RUMAHAGEN_WF03_M10_FULL_REBUILD_CONTROLLED_v1.1/RUMAHAGEN_WF03_M10_FULL_REBUILD_CONTROLLED_v1.1.md,16841,533647f937089294ce5630a9f6608d7149cee7c55fe00d1682d0b304bb85fd7d
M01-M15 new recon(20260907-081753).zip,1,RUMAHAGEN_WF03_M10_FULL_REBUILD_CONTROLLED_v1.1_FULL_VERSION.zip!RUMAHAGEN_WF03_M10_FULL_REBUILD_CONTROLLED_v1.1/M10_DEEP_SCAN_RECONCILIATION_REPORT_v1.1.md,795,c24e4f1ba4af4b1f5b10d7eea5ca0e71a7fc4a5fa470bcc2a02596ba49405189
M01-M15 new recon(20260907-081753).zip,1,RUMAHAGEN_WF03_M10_FULL_REBUILD_CONTROLLED_v1.1_FULL_VERSION.zip!RUMAHAGEN_WF03_M10_FULL_REBUILD_CONTROLLED_v1.1/RUMAHAGEN_WF03_M10_FULL_REBUILD_CONTROLLED_v1.1.docx,39662,d1f64fe751fd240d98132a4e5572624f8f2e492eb1d1490acfba0f5d7cc0ddbe
M01-M15 new recon(20260907-081753).zip,1,RUMAHAGEN_WF03_M10_FULL_REBUILD_CONTROLLED_v1.1_FULL_VERSION.zip!RUMAHAGEN_WF03_M10_FULL_REBUILD_CONTROLLED_v1.1/SOURCE_M10_ONLY/RUMAHAGEN_WF-03.2_M10A_PHYSICAL_RECONCILIATION_DELTA_W4_SCHEMA_API_ERD_v1.0.md,14372,50cefd6bb9727fb5b3f6b23fa74d3c70c7955a870225a0337ab1690792465a4f
M01-M15 new recon(20260907-081753).zip,1,RUMAHAGEN_WF03_M10_FULL_REBUILD_CONTROLLED_v1.1_FULL_VERSION.zip!RUMAHAGEN_WF03_M10_FULL_REBUILD_CONTROLLED_v1.1/SOURCE_M10_ONLY/RUMAHAGEN_GLOBAL_M10_PERMISSION_CATALOGUE_RECOVERY_RECONCILIATION_v1.0.docx,39666,a47a7f82846f369e8ff4840886bd61cc81998456e660116792bacf4f47560110
M01-M15 new recon(20260907-081753).zip,1,RUMAHAGEN_WF03_M10_FULL_REBUILD_CONTROLLED_v1.1_FULL_VERSION.zip!RUMAHAGEN_WF03_M10_FULL_REBUILD_CONTROLLED_v1.1/SOURCE_M10_ONLY/CORE_API_M10_EXTRACT_v2.1.txt,13744,ba925cf8e9b4ce406158e396141b9230f3eb3dd019d5ef7aae052151bd14508c
M01-M15 new recon(20260907-081753).zip,1,RUMAHAGEN_WF03_M10_FULL_REBUILD_CONTROLLED_v1.1_FULL_VERSION.zip!RUMAHAGEN_WF03_M10_FULL_REBUILD_CONTROLLED_v1.1/SOURCE_M10_ONLY/CORE_UIUX_M10_EXTRACT_v2.1.txt,10914,5bd1fab75b07faba07f960974f3954a09eddf5e948bcd8684882c951217f49ce
M01-M15 new recon(20260907-081753).zip,1,RUMAHAGEN_WF03_M10_FULL_REBUILD_CONTROLLED_v1.1_FULL_VERSION.zip!RUMAHAGEN_WF03_M10_FULL_REBUILD_CONTROLLED_v1.1/SOURCE_M10_ONLY/RUMAHAGEN_WF-03.2_M10A_PHYSICAL_RECONCILIATION_DELTA_W4_SCHEMA_API_ERD_v1.0.docx,42261,bd176b95030830f90a788c0ce9d258b055511fde1222a731c9ac82050fc60546
M01-M15 new recon(20260907-081753).zip,1,RUMAHAGEN_WF03_M10_FULL_REBUILD_CONTROLLED_v1.1_FULL_VERSION.zip!RUMAHAGEN_WF03_M10_FULL_REBUILD_CONTROLLED_v1.1/SOURCE_M10_ONLY/RECON_M10_RELEVANT_FILE_INDEX.txt,225,21c626e39388570a82506c8c253d928c9713d10a88a6bea1be33d9338600c940
M01-M15 new recon(20260907-081753).zip,1,RUMAHAGEN_WF03_M10_FULL_REBUILD_CONTROLLED_v1.1_FULL_VERSION.zip!RUMAHAGEN_WF03_M10_FULL_REBUILD_CONTROLLED_v1.1/SOURCE_M10_ONLY/CORE_RBAC_M10_EXTRACT_v2.1.txt,26680,a5dfbfe4890c2b358b0e906db5fe86993f51e2f251a45c65dd264ec122873946
M01-M15 new recon(20260907-081753).zip,1,RUMAHAGEN_WF03_M10_FULL_REBUILD_CONTROLLED_v1.1_FULL_VERSION.zip!RUMAHAGEN_WF03_M10_FULL_REBUILD_CONTROLLED_v1.1/SOURCE_M10_ONLY/CORE_DB_M10_EXTRACT_v2.2.txt,7332,75617cb48ebe3f5bc41c53b6e74e4087626f78bea443eb662f81849e9fa6d294
M01-M15 new recon(20260907-081753).zip,1,RUMAHAGEN_WF03_M10_FULL_REBUILD_CONTROLLED_v1.1_FULL_VERSION.zip!RUMAHAGEN_WF03_M10_FULL_REBUILD_CONTROLLED_v1.1/SOURCE_M10_ONLY/RUMAHAGEN_WF-03.2_M10A_PERMISSION_REEVALUATION_QA_DECISION_RECORD_v1.0 (1).md,15343,ea7d8908285508ca33006fba9e7d966176ce5e81ec901be25b7270ac02299c94
M01-M15 new recon(20260907-081753).zip,1,RUMAHAGEN_WF03_M10_FULL_REBUILD_CONTROLLED_v1.1_FULL_VERSION.zip!RUMAHAGEN_WF03_M10_FULL_REBUILD_CONTROLLED_v1.1/SOURCE_M10_ONLY/RUMAHAGEN_WF-03.2_M10D_FINAL_CROSS_RECONCILIATION_v1.0.md,10351,1070064000766cc1812f0d1e826954061f1b153ec5c5233de98d8b5fabd68676
M01-M15 new recon(20260907-081753).zip,1,RUMAHAGEN_WF03_M10_FULL_REBUILD_CONTROLLED_v1.1_FULL_VERSION.zip!RUMAHAGEN_WF03_M10_FULL_REBUILD_CONTROLLED_v1.1/SOURCE_M10_ONLY/CORE_ERD_M10_EXTRACT_v2.1.txt,7122,48c661c2ebabe5bd58c1b89c6efd8b9803944c26f01ca1e17e726e0578d8e6e5
M01-M15 new recon(20260907-081753).zip,1,RUMAHAGEN_WF03_M10_FULL_REBUILD_CONTROLLED_v1.1_FULL_VERSION.zip!RUMAHAGEN_WF03_M10_FULL_REBUILD_CONTROLLED_v1.1/SOURCE_M10_ONLY/RUMAHAGEN_WF-03.2_M10C_REVISED_FINAL_RECORD_v1.1.docx,41727,0d343466d26a4e879e6912da7472c259801181506dd707adab08b8936644a60c
M01-M15 new recon(20260907-081753).zip,1,RUMAHAGEN_WF03_M10_FULL_REBUILD_CONTROLLED_v1.1_FULL_VERSION.zip!RUMAHAGEN_WF03_M10_FULL_REBUILD_CONTROLLED_v1.1/SOURCE_M10_ONLY/CORE_DEPENDENCY_M10_EXTRACT_v2.1.txt,9792,7a5bdfe788398957aa63f37ddd3995cc6f9920b4cc7f02d3ed71ddd1c3d64309
M01-M15 new recon(20260907-081753).zip,0,RUMAHAGEN_WF03_M10_CORE_IMPACT_ANALYSIS_FULL_VERSION_v1.0.zip,565130,94e415f61b1c78ae1fd55a0ca5f0e7a6c6a6d6ad6c802ac612f88c0b81acb574
M01-M15 new recon(20260907-081753).zip,1,RUMAHAGEN_WF03_M10_CORE_IMPACT_ANALYSIS_FULL_VERSION_v1.0.zip!RUMAHAGEN_WF03_M10_CORE_IMPACT_ANALYSIS_FULL_VERSION_v1.0/M10_CORE_CONTROLLED_SOURCE_MANIFEST_v1.0.md,19960,4e3a3a6947a78c51805898ed23f539fc4e4c48e2512f5163057f547bad98f935
M01-M15 new recon(20260907-081753).zip,1,RUMAHAGEN_WF03_M10_CORE_IMPACT_ANALYSIS_FULL_VERSION_v1.0.zip!RUMAHAGEN_WF03_M10_CORE_IMPACT_ANALYSIS_FULL_VERSION_v1.0/M10_CORE_IMPACT_MATRIX_v1.0.csv,2775,52ed06f98539aaa3e452a4a69e54cec98db8b4148dfe487e27fdfc277f2c5298
M01-M15 new recon(20260907-081753).zip,1,RUMAHAGEN_WF03_M10_CORE_IMPACT_ANALYSIS_FULL_VERSION_v1.0.zip!RUMAHAGEN_WF03_M10_CORE_IMPACT_ANALYSIS_FULL_VERSION_v1.0/M10_CORE_IMPACT_QA_v1.0.csv,696,5d69074b6429ec9b0b64b5639734e6f3137355a7ec571149d43e5b87be31c766
M01-M15 new recon(20260907-081753).zip,1,RUMAHAGEN_WF03_M10_CORE_IMPACT_ANALYSIS_FULL_VERSION_v1.0.zip!RUMAHAGEN_WF03_M10_CORE_IMPACT_ANALYSIS_FULL_VERSION_v1.0/RUMAHAGEN_WF03_M10_CORE_IMPACT_ANALYSIS_FULL_VERSION_v1.0.docx,38589,2984413892d958847b903e7eed5abd968676caad1e49f43243e2e0590a962245
M01-M15 new recon(20260907-081753).zip,1,RUMAHAGEN_WF03_M10_CORE_IMPACT_ANALYSIS_FULL_VERSION_v1.0.zip!RUMAHAGEN_WF03_M10_CORE_IMPACT_ANALYSIS_FULL_VERSION_v1.0/RUMAHAGEN_WF03_M10_CORE_IMPACT_ANALYSIS_FULL_VERSION_v1.0.md,7934,648e1284c35e769c26e8c1e34236aaa463004743ed43b692053a29d12f61d6fd
M01-M15 new recon(20260907-081753).zip,1,RUMAHAGEN_WF03_M10_CORE_IMPACT_ANALYSIS_FULL_VERSION_v1.0.zip!RUMAHAGEN_WF03_M10_CORE_IMPACT_ANALYSIS_FULL_VERSION_v1.0/SOURCE_M10_ONLY/core_core_contract_evidence/W4-02A.6.16_API_SPECIFICATION_CURRENT_API_CONTRACT_BASELINE_FULL_CONSOLIDATED_v2.1_M10.txt,23615,ba637694fb619ff4c0a5d76948649e9fe9f80be2e09829d2bee79399f4955a84
M01-M15 new recon(20260907-081753).zip,1,RUMAHAGEN_WF03_M10_CORE_IMPACT_ANALYSIS_FULL_VERSION_v1.0.zip!RUMAHAGEN_WF03_M10_CORE_IMPACT_ANALYSIS_FULL_VERSION_v1.0/SOURCE_M10_ONLY/core_core_contract_evidence/W4-02A.6.17_RBAC_PERMISSION_RLS_CURRENT_AUTHORIZATION_BASELINE_FULL_CONSOLIDATED_v2.1_M10.txt,28677,00e6094009f042e99380e61c90ec6f135bff3c397e5d28e4ff528dc3051b3fdb
M01-M15 new recon(20260907-081753).zip,1,RUMAHAGEN_WF03_M10_CORE_IMPACT_ANALYSIS_FULL_VERSION_v1.0.zip!RUMAHAGEN_WF03_M10_CORE_IMPACT_ANALYSIS_FULL_VERSION_v1.0/SOURCE_M10_ONLY/core_core_contract_evidence/W4-02A.6.20_UI_UX_SPECIFICATION_CURRENT_INTERFACE_BEHAVIOR_CONTRACT_v2.1_M10.txt,15417,e3de083b1e9324c0c1025a3a11c991ef1dda316b97fed4a484fdd92f1b5919aa
M01-M15 new recon(20260907-081753).zip,1,RUMAHAGEN_WF03_M10_CORE_IMPACT_ANALYSIS_FULL_VERSION_v1.0.zip!RUMAHAGEN_WF03_M10_CORE_IMPACT_ANALYSIS_FULL_VERSION_v1.0/SOURCE_M10_ONLY/core_core_contract_evidence/W4-02A.6.13_ERD_CURRENT_LOGICAL_DATA_MODEL_FULL_CONSOLIDATED_v2.1_M10.txt,14905,e44d6503abda77041c8accc57aa7138e80fb14b9686a4d6e1c10104d20b265e0
M01-M15 new recon(20260907-081753).zip,1,RUMAHAGEN_WF03_M10_CORE_IMPACT_ANALYSIS_FULL_VERSION_v1.0.zip!RUMAHAGEN_WF03_M10_CORE_IMPACT_ANALYSIS_FULL_VERSION_v1.0/SOURCE_M10_ONLY/core_core_contract_evidence/W4-02A.6.22_MODULE_DEPENDENCY_MATRIX_CROSS_MODULE_DEPENDENCY_CONTRACT_v2.1_M10.txt,15750,746a0b581497d96f3250482ddb0f1826353484ead794a67be677381e566363ae
M01-M15 new recon(20260907-081753).zip,1,RUMAHAGEN_WF03_M10_CORE_IMPACT_ANALYSIS_FULL_VERSION_v1.0.zip!RUMAHAGEN_WF03_M10_CORE_IMPACT_ANALYSIS_FULL_VERSION_v1.0/SOURCE_M10_ONLY/core_core_contract_evidence/W4-02A.6.14_DATABASE_DICTIONARY_CURRENT_LOGICAL_TO_PHYSICAL_DATA_MEANING_FULL_CONSOLIDATED_v2.2_M10.txt,17987,dfae0b6e41a1d90942b8d77b58ac1212344627454c57770b31d9ee88482f8c47
M01-M15 new recon(20260907-081753).zip,1,RUMAHAGEN_WF03_M10_CORE_IMPACT_ANALYSIS_FULL_VERSION_v1.0.zip!RUMAHAGEN_WF03_M10_CORE_IMPACT_ANALYSIS_FULL_VERSION_v1.0/SOURCE_M10_ONLY/recon/WF03-03-01_M01_FULL_SEMANTIC_REBUILD_v1.1_M10_EVIDENCE.txt,6556,11d446c38f96f9f810a572803d270afc58a43b36d0ea0d3bf83f6847068c0064
M01-M15 new recon(20260907-081753).zip,1,RUMAHAGEN_WF03_M10_CORE_IMPACT_ANALYSIS_FULL_VERSION_v1.0.zip!RUMAHAGEN_WF03_M10_CORE_IMPACT_ANALYSIS_FULL_VERSION_v1.0/SOURCE_M10_ONLY/recon/WF03-03-02_M02_FULL_SEMANTIC_REBUILD_v1.1_M10_EVIDENCE.txt,3889,44ad680f33047469a286658c1c04d6d1e6fd1fccc736044fc37c59fa9f4d4a98
M01-M15 new recon(20260907-081753).zip,1,RUMAHAGEN_WF03_M10_CORE_IMPACT_ANALYSIS_FULL_VERSION_v1.0.zip!RUMAHAGEN_WF03_M10_CORE_IMPACT_ANALYSIS_FULL_VERSION_v1.0/SOURCE_M10_ONLY/recon/WF03_STEP02_FULL_M01-M15_BLOCKER_PREREQUISITE_RETRACE_v1.0_M10_EVIDENCE.txt,4115,79be51304734bce1505cd567a4ff5e34c0e28a27023fb0352b0d27aa2560d94d
M01-M15 new recon(20260907-081753).zip,1,RUMAHAGEN_WF03_M10_CORE_IMPACT_ANALYSIS_FULL_VERSION_v1.0.zip!RUMAHAGEN_WF03_M10_CORE_IMPACT_ANALYSIS_FULL_VERSION_v1.0/SOURCE_M10_ONLY/recon/WF03_STEP01_OWNER_OVERRIDE_AND_RETRACE_BASELINE_v1.0_M10_EVIDENCE.txt,1492,b2b2d2d342bb7ba57bf0a1dd24f3565a869d996a7564a44dfd073fd9710d669d
M01-M15 new recon(20260907-081753).zip,1,RUMAHAGEN_WF03_M10_CORE_IMPACT_ANALYSIS_FULL_VERSION_v1.0.zip!RUMAHAGEN_WF03_M10_CORE_IMPACT_ANALYSIS_FULL_VERSION_v1.0/SOURCE_M10_ONLY/m10/M10_QUESTION_DECISION_REGISTER_v1.1_M10_EVIDENCE.txt,3289,80d21a6a337f1db11fe6a13ef759663e9b3b54db99673ef4689ba19584553d8b
M01-M15 new recon(20260907-081753).zip,1,RUMAHAGEN_WF03_M10_CORE_IMPACT_ANALYSIS_FULL_VERSION_v1.0.zip!RUMAHAGEN_WF03_M10_CORE_IMPACT_ANALYSIS_FULL_VERSION_v1.0/SOURCE_M10_ONLY/m10/RUMAHAGEN_WF-03.2_M10C_REVISED_FINAL_RECORD_v1.1_M10_EVIDENCE.txt,6144,36510d09839c519aab996db793aba64192e60251d70e4a63d015c84b81fd4866
M01-M15 new recon(20260907-081753).zip,1,RUMAHAGEN_WF03_M10_CORE_IMPACT_ANALYSIS_FULL_VERSION_v1.0.zip!RUMAHAGEN_WF03_M10_CORE_IMPACT_ANALYSIS_FULL_VERSION_v1.0/SOURCE_M10_ONLY/m10/M10_DEEP_SCAN_RECONCILIATION_REPORT_v1.1_M10_EVIDENCE.txt,516,9680086b1856b5523d26fb7ad966e6099a8829f7d0a17e40727a9cfc2d47653a
M01-M15 new recon(20260907-081753).zip,1,RUMAHAGEN_WF03_M10_CORE_IMPACT_ANALYSIS_FULL_VERSION_v1.0.zip!RUMAHAGEN_WF03_M10_CORE_IMPACT_ANALYSIS_FULL_VERSION_v1.0/SOURCE_M10_ONLY/m10/CORE_DB_M10_EXTRACT_v2.2_M10_EVIDENCE.txt,6356,8e4689a5e5cbb7ce295e93cc958077f7f8169f47a4feb24097c9ebb1cfa1d0fc
M01-M15 new recon(20260907-081753).zip,1,RUMAHAGEN_WF03_M10_CORE_IMPACT_ANALYSIS_FULL_VERSION_v1.0.zip!RUMAHAGEN_WF03_M10_CORE_IMPACT_ANALYSIS_FULL_VERSION_v1.0/SOURCE_M10_ONLY/m10/RECON_M10_RELEVANT_FILE_INDEX_M10_EVIDENCE.txt,180,f97cb5a82601c9d75ee5466ef16398aae4c696d5b4ca17f18e82137269a9b358
M01-M15 new recon(20260907-081753).zip,1,RUMAHAGEN_WF03_M10_CORE_IMPACT_ANALYSIS_FULL_VERSION_v1.0.zip!RUMAHAGEN_WF03_M10_CORE_IMPACT_ANALYSIS_FULL_VERSION_v1.0/SOURCE_M10_ONLY/m10/M10_CONTROLLED_SOURCE_MANIFEST_v1.1_M10_EVIDENCE.txt,611,be0e3b5a34c5c47ecb644d2fe817c63a35d79febc93067d7aedfb84c635050e3
M01-M15 new recon(20260907-081753).zip,1,RUMAHAGEN_WF03_M10_CORE_IMPACT_ANALYSIS_FULL_VERSION_v1.0.zip!RUMAHAGEN_WF03_M10_CORE_IMPACT_ANALYSIS_FULL_VERSION_v1.0/SOURCE_M10_ONLY/m10/CORE_API_M10_EXTRACT_v2.1_M10_EVIDENCE.txt,13347,fcaba88360e890a36ba98ac6218c2cd85ac2f0e9986a3cc5d934f064c893bd42
M01-M15 new recon(20260907-081753).zip,1,RUMAHAGEN_WF03_M10_CORE_IMPACT_ANALYSIS_FULL_VERSION_v1.0.zip!RUMAHAGEN_WF03_M10_CORE_IMPACT_ANALYSIS_FULL_VERSION_v1.0/SOURCE_M10_ONLY/m10/CORE_ERD_M10_EXTRACT_v2.1_M10_EVIDENCE.txt,6723,0d9ce99c048bc1981cee3a269d0f2e671008b55cc1064a82f0cc3aba0df63aab
M01-M15 new recon(20260907-081753).zip,1,RUMAHAGEN_WF03_M10_CORE_IMPACT_ANALYSIS_FULL_VERSION_v1.0.zip!RUMAHAGEN_WF03_M10_CORE_IMPACT_ANALYSIS_FULL_VERSION_v1.0/SOURCE_M10_ONLY/m10/RUMAHAGEN_WF-03.2_M10A_PERMISSION_REEVALUATION_QA_DECISION_RECORD_v1.0_1__M10_EVIDENCE.txt,8159,973ac9865ac9bb2c1f595bfab0a32ffa4bf4ab7c9e02a5ca292f89cf3de1d335
M01-M15 new recon(20260907-081753).zip,1,RUMAHAGEN_WF03_M10_CORE_IMPACT_ANALYSIS_FULL_VERSION_v1.0.zip!RUMAHAGEN_WF03_M10_CORE_IMPACT_ANALYSIS_FULL_VERSION_v1.0/SOURCE_M10_ONLY/m10/RUMAHAGEN_WF-03.2_M10A_PHYSICAL_RECONCILIATION_DELTA_W4_SCHEMA_API_ERD_v1.0_M10_EVIDENCE.txt,6202,2b781a4e0bc52d226ab2afc4cb6a1f9c9ff2e90d52872d1f6788f9ae0a534e5a
M01-M15 new recon(20260907-081753).zip,1,RUMAHAGEN_WF03_M10_CORE_IMPACT_ANALYSIS_FULL_VERSION_v1.0.zip!RUMAHAGEN_WF03_M10_CORE_IMPACT_ANALYSIS_FULL_VERSION_v1.0/SOURCE_M10_ONLY/m10/CORE_RBAC_M10_EXTRACT_v2.1_M10_EVIDENCE.txt,25820,a36d2ffab3fe1f471460c11ff772f9b89c9665e0b2571206941b712221f71966
M01-M15 new recon(20260907-081753).zip,1,RUMAHAGEN_WF03_M10_CORE_IMPACT_ANALYSIS_FULL_VERSION_v1.0.zip!RUMAHAGEN_WF03_M10_CORE_IMPACT_ANALYSIS_FULL_VERSION_v1.0/SOURCE_M10_ONLY/m10/RUMAHAGEN_GLOBAL_M10_PERMISSION_CATALOGUE_RECOVERY_RECONCILIATION_v1.0_M10_EVIDENCE.txt,4474,07ec3d6f145c23194363209c233b6fb4d970f690c27b98c4c473448c08080b38
M01-M15 new recon(20260907-081753).zip,1,RUMAHAGEN_WF03_M10_CORE_IMPACT_ANALYSIS_FULL_VERSION_v1.0.zip!RUMAHAGEN_WF03_M10_CORE_IMPACT_ANALYSIS_FULL_VERSION_v1.0/SOURCE_M10_ONLY/m10/RUMAHAGEN_WF-03.2_M10D_FINAL_CROSS_RECONCILIATION_v1.0_M10_EVIDENCE.txt,6153,ce5b37d4ef84cc03c79fa63b4d9207e44c4f96b6c0bba05bc35f6b44a10725a0
M01-M15 new recon(20260907-081753).zip,1,RUMAHAGEN_WF03_M10_CORE_IMPACT_ANALYSIS_FULL_VERSION_v1.0.zip!RUMAHAGEN_WF03_M10_CORE_IMPACT_ANALYSIS_FULL_VERSION_v1.0/SOURCE_M10_ONLY/m10/RUMAHAGEN_WF03_M10_FULL_REBUILD_CONTROLLED_v1.1_M10_EVIDENCE.txt,6927,e63fc51c4457dfdba5db3fbcd9dcdc2d9bc9e4772ef4d388e14a48d820ab2069
M01-M15 new recon(20260907-081753).zip,1,RUMAHAGEN_WF03_M10_CORE_IMPACT_ANALYSIS_FULL_VERSION_v1.0.zip!RUMAHAGEN_WF03_M10_CORE_IMPACT_ANALYSIS_FULL_VERSION_v1.0/SOURCE_M10_ONLY/m10/CORE_DEPENDENCY_M10_EXTRACT_v2.1_M10_EVIDENCE.txt,9697,4250b599c754dba33f31f5f477ca96a5f2122ff4b30ad77bf023df3a7bf14ec0
M01-M15 new recon(20260907-081753).zip,1,RUMAHAGEN_WF03_M10_CORE_IMPACT_ANALYSIS_FULL_VERSION_v1.0.zip!RUMAHAGEN_WF03_M10_CORE_IMPACT_ANALYSIS_FULL_VERSION_v1.0/SOURCE_M10_ONLY/m10/CORE_UIUX_M10_EXTRACT_v2.1_M10_EVIDENCE.txt,10113,cec990639b0955a191081c33ad9b62f45f212f6c97c1e55286e81824752031e3
M01-M15 new recon(20260907-081753).zip,1,RUMAHAGEN_WF03_M10_CORE_IMPACT_ANALYSIS_FULL_VERSION_v1.0.zip!RUMAHAGEN_WF03_M10_CORE_IMPACT_ANALYSIS_FULL_VERSION_v1.0/SOURCE_M10_ONLY/core/W4-02A.6.25_MODULE_EXECUTION_SPECIFICATION_ARCHITECTURE_v2.1_M10_EVIDENCE.txt,8503,2a3a6cb9a32bb7769424eccbec4c8a3ed724847f2a0a2add823f878ab3e3f7c0
M01-M15 new recon(20260907-081753).zip,1,RUMAHAGEN_WF03_M10_CORE_IMPACT_ANALYSIS_FULL_VERSION_v1.0.zip!RUMAHAGEN_WF03_M10_CORE_IMPACT_ANALYSIS_FULL_VERSION_v1.0/SOURCE_M10_ONLY/core/W4-02A.5R_SOURCE_UPDATE_REVALIDATION_v1.1_M10_EVIDENCE.txt,1817,23996347c47eda4b0c31dc9af87c06300e653e75bcfd30db84a40882b430e7db
M01-M15 new recon(20260907-081753).zip,1,RUMAHAGEN_WF03_M10_CORE_IMPACT_ANALYSIS_FULL_VERSION_v1.0.zip!RUMAHAGEN_WF03_M10_CORE_IMPACT_ANALYSIS_FULL_VERSION_v1.0/SOURCE_M10_ONLY/core/W4-02A.6.16_API_SPECIFICATION_CURRENT_API_CONTRACT_BASELINE_FULL_CONSOLIDATED_v2.1_M10_EVIDENCE.txt,23615,ba637694fb619ff4c0a5d76948649e9fe9f80be2e09829d2bee79399f4955a84
M01-M15 new recon(20260907-081753).zip,1,RUMAHAGEN_WF03_M10_CORE_IMPACT_ANALYSIS_FULL_VERSION_v1.0.zip!RUMAHAGEN_WF03_M10_CORE_IMPACT_ANALYSIS_FULL_VERSION_v1.0/SOURCE_M10_ONLY/core/W4-02A.6.34_CHANGELOG_FINAL_v1.0_M10_EVIDENCE.txt,12155,8b506d41d450ec65893192619dd4d710ea2f2ce7088bbaa44d989c1658266ce2
M01-M15 new recon(20260907-081753).zip,1,RUMAHAGEN_WF03_M10_CORE_IMPACT_ANALYSIS_FULL_VERSION_v1.0.zip!RUMAHAGEN_WF03_M10_CORE_IMPACT_ANALYSIS_FULL_VERSION_v1.0/SOURCE_M10_ONLY/core/W4-02A.7_RECURSIVE_SOURCE_AUDIT_REGISTER_v1.0_M10_EVIDENCE.txt,84731,9e6a883e85b80ff501b65fe202bdc547bcf1a7870dd2d1cb4b086c08ce75969c
M01-M15 new recon(20260907-081753).zip,1,RUMAHAGEN_WF03_M10_CORE_IMPACT_ANALYSIS_FULL_VERSION_v1.0.zip!RUMAHAGEN_WF03_M10_CORE_IMPACT_ANALYSIS_FULL_VERSION_v1.0/SOURCE_M10_ONLY/core/SOURCE_INDEX_v1.3_M10_EVIDENCE.txt,2463,fa46692d1e2d6e247face39f55a4bff0c0154b2b6e4bb9df58b913f5f162eb7f
M01-M15 new recon(20260907-081753).zip,1,RUMAHAGEN_WF03_M10_CORE_IMPACT_ANALYSIS_FULL_VERSION_v1.0.zip!RUMAHAGEN_WF03_M10_CORE_IMPACT_ANALYSIS_FULL_VERSION_v1.0/SOURCE_M10_ONLY/core/W4-02A.6.5_SYSTEM_ARCHITECTURE_FULL_CONSOLIDATED_v1.8_M10_EVIDENCE.txt,61111,666525693e00a393b457c54a6f71afd16251bc5776103a745371b7fbd3fc3efe
M01-M15 new recon(20260907-081753).zip,1,RUMAHAGEN_WF03_M10_CORE_IMPACT_ANALYSIS_FULL_VERSION_v1.0.zip!RUMAHAGEN_WF03_M10_CORE_IMPACT_ANALYSIS_FULL_VERSION_v1.0/SOURCE_M10_ONLY/core/W4-02A.6.20_UI_UX_SPECIFICATION_CURRENT_INTERFACE_BEHAVIOR_CONTRACT_v2.1_M10_EVIDENCE.txt,15417,e3de083b1e9324c0c1025a3a11c991ef1dda316b97fed4a484fdd92f1b5919aa
M01-M15 new recon(20260907-081753).zip,1,RUMAHAGEN_WF03_M10_CORE_IMPACT_ANALYSIS_FULL_VERSION_v1.0.zip!RUMAHAGEN_WF03_M10_CORE_IMPACT_ANALYSIS_FULL_VERSION_v1.0/SOURCE_M10_ONLY/core/W4-02A.6.24_REVISED_MODULE_PLANNING_CURRENT_MODULE_DELIVERY_PLANNING_v2.1_M10_EVIDENCE.txt,9670,816dcd923414b100a87f71d5d9552c07e3fb91892af4c822d8490533e57a2e08
M01-M15 new recon(20260907-081753).zip,1,RUMAHAGEN_WF03_M10_CORE_IMPACT_ANALYSIS_FULL_VERSION_v1.0.zip!RUMAHAGEN_WF03_M10_CORE_IMPACT_ANALYSIS_FULL_VERSION_v1.0/SOURCE_M10_ONLY/core/W4-02A.6.13_ERD_CURRENT_LOGICAL_DATA_MODEL_FULL_CONSOLIDATED_v2.1_M10_EVIDENCE.txt,14905,e44d6503abda77041c8accc57aa7138e80fb14b9686a4d6e1c10104d20b265e0
M01-M15 new recon(20260907-081753).zip,1,RUMAHAGEN_WF03_M10_CORE_IMPACT_ANALYSIS_FULL_VERSION_v1.0.zip!RUMAHAGEN_WF03_M10_CORE_IMPACT_ANALYSIS_FULL_VERSION_v1.0/SOURCE_M10_ONLY/core/W4-02A.5_CROSS_DOMAIN_CONFLICT_RESIDUAL_AUDIT_FULL_CONSOLIDATED_v1.0_M10_EVIDENCE.txt,6262,0ccc475b801e1000075d8f6c154b9a99f9696f3adbc6ece771fe2b57502ee9ae
M01-M15 new recon(20260907-081753).zip,1,RUMAHAGEN_WF03_M10_CORE_IMPACT_ANALYSIS_FULL_VERSION_v1.0.zip!RUMAHAGEN_WF03_M10_CORE_IMPACT_ANALYSIS_FULL_VERSION_v1.0/SOURCE_M10_ONLY/core/W4-02A.6.17_RBAC_PERMISSION_RLS_CURRENT_AUTHORIZATION_BASELINE_FULL_CONSOLIDATED_v2.1_M10_EVIDENCE.txt,28677,00e6094009f042e99380e61c90ec6f135bff3c397e5d28e4ff528dc3051b3fdb
M01-M15 new recon(20260907-081753).zip,1,RUMAHAGEN_WF03_M10_CORE_IMPACT_ANALYSIS_FULL_VERSION_v1.0.zip!RUMAHAGEN_WF03_M10_CORE_IMPACT_ANALYSIS_FULL_VERSION_v1.0/SOURCE_M10_ONLY/core/W4-02A.6.37_FINAL_CROSS_DOCUMENT_RECONCILIATION_v1.0_M10_EVIDENCE.txt,15965,edc157df2c1161892aac667fd008584718ecb7ede68b808eea914ad20ca29495
M01-M15 new recon(20260907-081753).zip,1,RUMAHAGEN_WF03_M10_CORE_IMPACT_ANALYSIS_FULL_VERSION_v1.0.zip!RUMAHAGEN_WF03_M10_CORE_IMPACT_ANALYSIS_FULL_VERSION_v1.0/SOURCE_M10_ONLY/core/W4-02A.6.14_DATABASE_DICTIONARY_CURRENT_LOGICAL_TO_PHYSICAL_DATA_MEANING_FULL_CONSOLIDATED_M10_EVIDENCE.txt,17987,dfae0b6e41a1d90942b8d77b58ac1212344627454c57770b31d9ee88482f8c47
M01-M15 new recon(20260907-081753).zip,1,RUMAHAGEN_WF03_M10_CORE_IMPACT_ANALYSIS_FULL_VERSION_v1.0.zip!RUMAHAGEN_WF03_M10_CORE_IMPACT_ANALYSIS_FULL_VERSION_v1.0/SOURCE_M10_ONLY/core/W4-02A.6.6_TECHNICAL_DECISIONS_FULL_CONSOLIDATED_v1.6_M10_EVIDENCE.txt,7250,108f1596e8f72007af9649a6d1c1f6880b034ac99710691da727a20d27c6c37b
M01-M15 new recon(20260907-081753).zip,1,RUMAHAGEN_WF03_M10_CORE_IMPACT_ANALYSIS_FULL_VERSION_v1.0.zip!RUMAHAGEN_WF03_M10_CORE_IMPACT_ANALYSIS_FULL_VERSION_v1.0/SOURCE_M10_ONLY/core/W4-02A.6.31_AI_DEVELOPMENT_BLUEPRINT_v2.1_M10_EVIDENCE.txt,5058,920359705a007a417ca67848ed78375b82306e879f93c7aad2554aecee4c6965
M01-M15 new recon(20260907-081753).zip,1,RUMAHAGEN_WF03_M10_CORE_IMPACT_ANALYSIS_FULL_VERSION_v1.0.zip!RUMAHAGEN_WF03_M10_CORE_IMPACT_ANALYSIS_FULL_VERSION_v1.0/SOURCE_M10_ONLY/core/W4-02A.6.7_DEPENDENCY_MANIFEST_FULL_CONSOLIDATED_v1.9_M10_EVIDENCE.txt,5259,6ffe2da072455eb05595959b1ed88c24c2991dcc36387846f20e2e41d3ad5685
M01-M15 new recon(20260907-081753).zip,1,RUMAHAGEN_WF03_M10_CORE_IMPACT_ANALYSIS_FULL_VERSION_v1.0.zip!RUMAHAGEN_WF03_M10_CORE_IMPACT_ANALYSIS_FULL_VERSION_v1.0/SOURCE_M10_ONLY/core/W4-02A.6.21_SEO_ANALYTICS_SPECIFICATION_DISCOVERY_MEASUREMENT_BASELINE_v2.1_M10_EVIDENCE.txt,15601,8d47dd85b8b890f2c5f69d1568d903fcae55e9249fe084c897a08da7bebbf301
M01-M15 new recon(20260907-081753).zip,1,RUMAHAGEN_WF03_M10_CORE_IMPACT_ANALYSIS_FULL_VERSION_v1.0.zip!RUMAHAGEN_WF03_M10_CORE_IMPACT_ANALYSIS_FULL_VERSION_v1.0/SOURCE_M10_ONLY/core/W4-02A.6.10_BUSINESS_RULES_BASELINE_TRACEABILITY_FULL_CONSOLIDATED_v1.2_REAUDITED_M10_EVIDENCE.txt,14440,1257684f59562f079ab72190bc62321c64c650c2395c29089769d8ff3c4421e1
M01-M15 new recon(20260907-081753).zip,1,RUMAHAGEN_WF03_M10_CORE_IMPACT_ANALYSIS_FULL_VERSION_v1.0.zip!RUMAHAGEN_WF03_M10_CORE_IMPACT_ANALYSIS_FULL_VERSION_v1.0/SOURCE_M10_ONLY/core/W4-02A.6.2_GOVERNANCE_REGISTER_FULL_CONSOLIDATED_v1.16_M10_EVIDENCE.txt,5163,15869c5aa338b567a3338c75847186e14da979788aaf730d53e10a59d5c5d951
M01-M15 new recon(20260907-081753).zip,1,RUMAHAGEN_WF03_M10_CORE_IMPACT_ANALYSIS_FULL_VERSION_v1.0.zip!RUMAHAGEN_WF03_M10_CORE_IMPACT_ANALYSIS_FULL_VERSION_v1.0/SOURCE_M10_ONLY/core/SHA256_MANIFEST_CORE_FINAL_v1.3_M10_EVIDENCE.txt,2365,cdbbdbfdce54883dda4c4fe6e21b168b126abc7d2dd03ca9b426943032ee1c84
M01-M15 new recon(20260907-081753).zip,1,RUMAHAGEN_WF03_M10_CORE_IMPACT_ANALYSIS_FULL_VERSION_v1.0.zip!RUMAHAGEN_WF03_M10_CORE_IMPACT_ANALYSIS_FULL_VERSION_v1.0/SOURCE_M10_ONLY/core/W4-02A.6.23_MODULE_IMPLEMENTATION_STRATEGY_INTEGRATED_IMPLEMENTATION_SEQUENCING_v2.1_M10_EVIDENCE.txt,8874,9e796a710e4937370077fc4c6dc98475daa991cbd6234898f7f120c207a7a200
M01-M15 new recon(20260907-081753).zip,1,RUMAHAGEN_WF03_M10_CORE_IMPACT_ANALYSIS_FULL_VERSION_v1.0.zip!RUMAHAGEN_WF03_M10_CORE_IMPACT_ANALYSIS_FULL_VERSION_v1.0/SOURCE_M10_ONLY/core/W4-02A.1_GOVERNANCE_CONSOLIDATION_FINAL_DECISION_AUTHORITY_v1.0_M10_EVIDENCE.txt,3553,cd468b27949a2488d56eb32181dd4d49c95a629439a3bf3fc928900351772d4a
M01-M15 new recon(20260907-081753).zip,1,RUMAHAGEN_WF03_M10_CORE_IMPACT_ANALYSIS_FULL_VERSION_v1.0.zip!RUMAHAGEN_WF03_M10_CORE_IMPACT_ANALYSIS_FULL_VERSION_v1.0/SOURCE_M10_ONLY/core/W4-02A.6.11_PRD_CURRENT_PRODUCT_REQUIREMENTS_FULL_CONSOLIDATED_v2.1_M10_EVIDENCE.txt,14646,93720f3614dbbc86bb36e0f0cca89361e6b5e17e6ea13233ef270191ab165b82
M01-M15 new recon(20260907-081753).zip,1,RUMAHAGEN_WF03_M10_CORE_IMPACT_ANALYSIS_FULL_VERSION_v1.0.zip!RUMAHAGEN_WF03_M10_CORE_IMPACT_ANALYSIS_FULL_VERSION_v1.0/SOURCE_M10_ONLY/core/W4-02A.6.35_PROJECT_MANIFEST_FINAL_v1.32_M10_EVIDENCE.txt,8895,f625921982b5ab3e91d48f5a1b63f3c69a191ad321dae741f7ec3c5bfd19f161
M01-M15 new recon(20260907-081753).zip,1,RUMAHAGEN_WF03_M10_CORE_IMPACT_ANALYSIS_FULL_VERSION_v1.0.zip!RUMAHAGEN_WF03_M10_CORE_IMPACT_ANALYSIS_FULL_VERSION_v1.0/SOURCE_M10_ONLY/core/W4-02A.6.36_CURRENT_PROJECT_STATE_FINAL_rev15_M10_EVIDENCE.txt,7548,37cfb8102895ccbfb5e093a40aef08a19d155c8eb06ad032016e601b264e5f52
M01-M15 new recon(20260907-081753).zip,1,RUMAHAGEN_WF03_M10_CORE_IMPACT_ANALYSIS_FULL_VERSION_v1.0.zip!RUMAHAGEN_WF03_M10_CORE_IMPACT_ANALYSIS_FULL_VERSION_v1.0/SOURCE_M10_ONLY/core/W4-02A.6.12_USER_FLOW_CURRENT_CROSS_DOMAIN_INTERACTION_FLOW_FULL_CONSOLIDATED_v2.1_M10_EVIDENCE.txt,18572,a532cb26715ff2f8934660fc27e0b7d799a08f4b9549bbc67a48f9a38388c4a0
M01-M15 new recon(20260907-081753).zip,1,RUMAHAGEN_WF03_M10_CORE_IMPACT_ANALYSIS_FULL_VERSION_v1.0.zip!RUMAHAGEN_WF03_M10_CORE_IMPACT_ANALYSIS_FULL_VERSION_v1.0/SOURCE_M10_ONLY/core/W4-02A.6.19_TECHNICAL_SPECIFICATION_CURRENT_TECHNICAL_IMPLEMENTATION_CONTRACT_v2.1_M10_EVIDENCE.txt,15767,88f45aee8aac79ba6397778dc9b368a15d3a43c0b7580623e55bd79e8eada113
M01-M15 new recon(20260907-081753).zip,1,RUMAHAGEN_WF03_M10_CORE_IMPACT_ANALYSIS_FULL_VERSION_v1.0.zip!RUMAHAGEN_WF03_M10_CORE_IMPACT_ANALYSIS_FULL_VERSION_v1.0/SOURCE_M10_ONLY/core/W4-02A.6.26_MODULE_EXECUTION_DEPENDENCY_BATCH_PLAN_v2.1_M10_EVIDENCE.txt,8151,c0be3e0906a9c0316ac1cd4c20844fc2a0086ffd58b1f1fca21a25d82a92fcc4
M01-M15 new recon(20260907-081753).zip,1,RUMAHAGEN_WF03_M10_CORE_IMPACT_ANALYSIS_FULL_VERSION_v1.0.zip!RUMAHAGEN_WF03_M10_CORE_IMPACT_ANALYSIS_FULL_VERSION_v1.0/SOURCE_M10_ONLY/core/W4-02A.6.32_AI_CONTEXT_PACK_v2.1_M10_EVIDENCE.txt,3378,cc77f0700c526b99f20b2b170f378bc984e6c26589eef7a45a331bef4caf1af6
M01-M15 new recon(20260907-081753).zip,1,RUMAHAGEN_WF03_M10_CORE_IMPACT_ANALYSIS_FULL_VERSION_v1.0.zip!RUMAHAGEN_WF03_M10_CORE_IMPACT_ANALYSIS_FULL_VERSION_v1.0/SOURCE_M10_ONLY/core/W4-02A.6.15_DATABASE_SCHEMA_CURRENT_PHYSICAL_SCHEMA_REFERENCE_FULL_CONSOLIDATED_v2.7_M10_EVIDENCE.txt,12876,33cd70af50a3715ddc6ce8253a81c3c8208f2c768bcb6525c55fb5810e447dfa
M01-M15 new recon(20260907-081753).zip,1,RUMAHAGEN_WF03_M10_CORE_IMPACT_ANALYSIS_FULL_VERSION_v1.0.zip!RUMAHAGEN_WF03_M10_CORE_IMPACT_ANALYSIS_FULL_VERSION_v1.0/SOURCE_M10_ONLY/core/W4-02A.7_FINAL_DOCUMENT_FREEZE_AUTHORITY_VERIFICATION_v1.0_M10_EVIDENCE.txt,1720,6ffe7bb2879b71cb38bc29cc562657d53d0c25d90bd6f49913ad64620f913a20
M01-M15 new recon(20260907-081753).zip,1,RUMAHAGEN_WF03_M10_CORE_IMPACT_ANALYSIS_FULL_VERSION_v1.0.zip!RUMAHAGEN_WF03_M10_CORE_IMPACT_ANALYSIS_FULL_VERSION_v1.0/SOURCE_M10_ONLY/core/W4-02A.6.29_EXECUTION_PACK_AUDIT_RECONCILIATION_v2.1_M10_EVIDENCE.txt,6821,20860d9f401913e7dbb766bfbbf012557610c16f69fda925aeb022d7f447878c
M01-M15 new recon(20260907-081753).zip,1,RUMAHAGEN_WF03_M10_CORE_IMPACT_ANALYSIS_FULL_VERSION_v1.0.zip!RUMAHAGEN_WF03_M10_CORE_IMPACT_ANALYSIS_FULL_VERSION_v1.0/SOURCE_M10_ONLY/core/W4-02A.6.30_ENGINEERING_ALIGNMENT_GUIDEBOOK_PLAYBOOK_v2.1_M10_EVIDENCE.txt,7930,02a5a772c6efe81df239e5d9724d1a11c8a7d07bbc13f0001b82fd1ceb9568e2
M01-M15 new recon(20260907-081753).zip,1,RUMAHAGEN_WF03_M10_CORE_IMPACT_ANALYSIS_FULL_VERSION_v1.0.zip!RUMAHAGEN_WF03_M10_CORE_IMPACT_ANALYSIS_FULL_VERSION_v1.0/SOURCE_M10_ONLY/core/W4-02A.6.22_MODULE_DEPENDENCY_MATRIX_CROSS_MODULE_DEPENDENCY_CONTRACT_v2.1_M10_EVIDENCE.txt,15750,746a0b581497d96f3250482ddb0f1826353484ead794a67be677381e566363ae
M01-M15 new recon(20260907-081753).zip,1,RUMAHAGEN_WF03_M10_CORE_IMPACT_ANALYSIS_FULL_VERSION_v1.0.zip!RUMAHAGEN_WF03_M10_CORE_IMPACT_ANALYSIS_FULL_VERSION_v1.0/SOURCE_M10_ONLY/core/W4-02A.6.28_FOCUSED_EXECUTION_PACK_M08-M15_v2.1_M10_EVIDENCE.txt,4463,b6ee121ac02f41751c4d3452adc10e46715cdaeea45bbe57c8f5893013dba945
M01-M15 new recon(20260907-081753).zip,1,RUMAHAGEN_WF03_M10_CORE_IMPACT_ANALYSIS_FULL_VERSION_v1.0.zip!RUMAHAGEN_WF03_M10_CORE_IMPACT_ANALYSIS_FULL_VERSION_v1.0/SOURCE_M10_ONLY/core/W4-02A.6.27_FOCUSED_EXECUTION_PACK_M01-M07_v2.1_M10_EVIDENCE.txt,3568,bd95cf7153e799a5f9e50d37635860cd3a50520a08c9c92017a34913de17951b
M01-M15 new recon(20260907-081753).zip,1,RUMAHAGEN_WF03_M10_CORE_IMPACT_ANALYSIS_FULL_VERSION_v1.0.zip!RUMAHAGEN_WF03_M10_CORE_IMPACT_ANALYSIS_FULL_VERSION_v1.0/SOURCE_M10_ONLY/core/W4-02A.6.0_CORE_ARTIFACT_INVENTORY_AND_ORDERING_LOCK_v1.1_BASE_TRACK_37_STEPS_M10_EVIDENCE.txt,3452,ada4d82a90d1118dab8c8fb1fcb6115c7a227b3cec2d43529a97ef7d183a50fa
M01-M15 new recon(20260907-081753).zip,1,RUMAHAGEN_WF03_M10_CORE_IMPACT_ANALYSIS_FULL_VERSION_v1.0.zip!RUMAHAGEN_WF03_M10_CORE_IMPACT_ANALYSIS_FULL_VERSION_v1.0/SOURCE_M10_ONLY/core/W4-02A.6.33_DECISION_LOG_FINAL_v2.1_M10_EVIDENCE.txt,2566,10f473a7a80784831332f29b4ce211666290e922dc26e4aaba4b078ce124edc5
M01-M15 new recon(20260907-081753).zip,1,RUMAHAGEN_WF03_M10_CORE_IMPACT_ANALYSIS_FULL_VERSION_v1.0.zip!RUMAHAGEN_WF03_M10_CORE_IMPACT_ANALYSIS_FULL_VERSION_v1.0/SOURCE_M10_ONLY/core/W4-02A.6.18_FUNCTIONAL_SPECIFICATION_CURRENT_FUNCTIONAL_IMPLEMENTATION_CONTRACT_v2.1_M10_EVIDENCE.txt,16176,7ce7844136f81eb2ec442f89a8a5cf6c0ea656b61021caf97348b7f72d4c8fe3
M01-M15 new recon(20260907-081753).zip,1,RUMAHAGEN_WF03_M10_CORE_IMPACT_ANALYSIS_FULL_VERSION_v1.0.zip!RUMAHAGEN_WF03_M10_CORE_IMPACT_ANALYSIS_FULL_VERSION_v1.0/SOURCE_M10_ONLY/qir/core_M10_evidence_22_M10_EVIDENCE.txt,3895,bf9e142ecf4cdc599332624712e9c25eaa4f8e803d3be3bcde8ad51a873a20e3
M01-M15 new recon(20260907-081753).zip,1,RUMAHAGEN_WF03_M10_CORE_IMPACT_ANALYSIS_FULL_VERSION_v1.0.zip!RUMAHAGEN_WF03_M10_CORE_IMPACT_ANALYSIS_FULL_VERSION_v1.0/SOURCE_M10_ONLY/qir/core_M10_evidence_21_M10_EVIDENCE.txt,7114,3b8d5f3bdfc2b4a61effd0f3dd98b2b64b41fdd92eb661428be2001ce63fd754
M01-M15 new recon(20260907-081753).zip,1,RUMAHAGEN_WF03_M10_CORE_IMPACT_ANALYSIS_FULL_VERSION_v1.0.zip!RUMAHAGEN_WF03_M10_CORE_IMPACT_ANALYSIS_FULL_VERSION_v1.0/SOURCE_M10_ONLY/qir/core_M10_evidence_11_M10_EVIDENCE.txt,6156,56b0f282b92ed9921bf1e0eafab864f1c35a7e537613b76a714034e094077fd1
M01-M15 new recon(20260907-081753).zip,1,RUMAHAGEN_WF03_M10_CORE_IMPACT_ANALYSIS_FULL_VERSION_v1.0.zip!RUMAHAGEN_WF03_M10_CORE_IMPACT_ANALYSIS_FULL_VERSION_v1.0/SOURCE_M10_ONLY/qir/M10_DEEP_SCAN_INVENTORY_v1.0_M10_EVIDENCE.txt,119,89ebddab99ee08683670d4a1035d21bc7c8980fc7c97d2c41445c24648e0f95d
M01-M15 new recon(20260907-081753).zip,1,RUMAHAGEN_WF03_M10_CORE_IMPACT_ANALYSIS_FULL_VERSION_v1.0.zip!RUMAHAGEN_WF03_M10_CORE_IMPACT_ANALYSIS_FULL_VERSION_v1.0/SOURCE_M10_ONLY/qir/recon_M10_evidence_01_M10_EVIDENCE.txt,5069,6223b0c7fb4e21c4b4ebfe9069910547d5841cc5fe2c87d7a943b7caaf6b5b1a
M01-M15 new recon(20260907-081753).zip,1,RUMAHAGEN_WF03_M10_CORE_IMPACT_ANALYSIS_FULL_VERSION_v1.0.zip!RUMAHAGEN_WF03_M10_CORE_IMPACT_ANALYSIS_FULL_VERSION_v1.0/SOURCE_M10_ONLY/qir/wf03_M10_evidence_04_M10_EVIDENCE.txt,4974,de8ed65de6758ae25de27e1fba4545d3f50284366c1cc79fa5a4239515a6f931
M01-M15 new recon(20260907-081753).zip,1,RUMAHAGEN_WF03_M10_CORE_IMPACT_ANALYSIS_FULL_VERSION_v1.0.zip!RUMAHAGEN_WF03_M10_CORE_IMPACT_ANALYSIS_FULL_VERSION_v1.0/SOURCE_M10_ONLY/qir/core_M10_evidence_14_M10_EVIDENCE.txt,10729,2849b506cebef9972516abc4c0e63f700dff254d0aef8da7ddc6e27d744cd3a6
M01-M15 new recon(20260907-081753).zip,1,RUMAHAGEN_WF03_M10_CORE_IMPACT_ANALYSIS_FULL_VERSION_v1.0.zip!RUMAHAGEN_WF03_M10_CORE_IMPACT_ANALYSIS_FULL_VERSION_v1.0/SOURCE_M10_ONLY/qir/RUMAHAGEN_WF-03.2_M10C_REVISED_FINAL_RECORD_v1.1_M10_EVIDENCE.txt,6148,37f2b26764a5b103598dbd9f0dd1f631c4d744851903c5c7096edc52acbdcac1
M01-M15 new recon(20260907-081753).zip,1,RUMAHAGEN_WF03_M10_CORE_IMPACT_ANALYSIS_FULL_VERSION_v1.0.zip!RUMAHAGEN_WF03_M10_CORE_IMPACT_ANALYSIS_FULL_VERSION_v1.0/SOURCE_M10_ONLY/qir/wf03_M10_evidence_11_M10_EVIDENCE.txt,26271,0496415f89d6ef8ba7c56013fa69a942086e0b56454b4936e143847f59e88d3e
M01-M15 new recon(20260907-081753).zip,1,RUMAHAGEN_WF03_M10_CORE_IMPACT_ANALYSIS_FULL_VERSION_v1.0.zip!RUMAHAGEN_WF03_M10_CORE_IMPACT_ANALYSIS_FULL_VERSION_v1.0/SOURCE_M10_ONLY/qir/M10_QIR_RESOLUTION_REGISTER_v1.0_M10_EVIDENCE.txt,2392,cb936ce8ca8d35afa685c7ad6b14486d051b63ba8dff842aa8c904807da556c5
M01-M15 new recon(20260907-081753).zip,1,RUMAHAGEN_WF03_M10_CORE_IMPACT_ANALYSIS_FULL_VERSION_v1.0.zip!RUMAHAGEN_WF03_M10_CORE_IMPACT_ANALYSIS_FULL_VERSION_v1.0/SOURCE_M10_ONLY/qir/wf03_M10_evidence_02_M10_EVIDENCE.txt,5386,5b02356471c402450dfe5c19eac285c4532eb7f14f435e298a5d7a559a530869
M01-M15 new recon(20260907-081753).zip,1,RUMAHAGEN_WF03_M10_CORE_IMPACT_ANALYSIS_FULL_VERSION_v1.0.zip!RUMAHAGEN_WF03_M10_CORE_IMPACT_ANALYSIS_FULL_VERSION_v1.0/SOURCE_M10_ONLY/qir/M10_QIR_CONTROLLED_SOURCE_MANIFEST_v1.0_M10_EVIDENCE.txt,641,fa0735a26927c6faf440d40eb3d7d11669866fcfc0471bf35d909d809358446a
M01-M15 new recon(20260907-081753).zip,1,RUMAHAGEN_WF03_M10_CORE_IMPACT_ANALYSIS_FULL_VERSION_v1.0.zip!RUMAHAGEN_WF03_M10_CORE_IMPACT_ANALYSIS_FULL_VERSION_v1.0/SOURCE_M10_ONLY/qir/core_M10_evidence_17_M10_EVIDENCE.txt,12477,c09d8cb85c6554d1403f0521b17775e31a659d7897b6753f0356598c21993510
M01-M15 new recon(20260907-081753).zip,1,RUMAHAGEN_WF03_M10_CORE_IMPACT_ANALYSIS_FULL_VERSION_v1.0.zip!RUMAHAGEN_WF03_M10_CORE_IMPACT_ANALYSIS_FULL_VERSION_v1.0/SOURCE_M10_ONLY/qir/core_M10_evidence_19_M10_EVIDENCE.txt,6932,d300110462acee98c7b32e5afb20b816dfc572152f75da72a108f3cca9f46666
M01-M15 new recon(20260907-081753).zip,1,RUMAHAGEN_WF03_M10_CORE_IMPACT_ANALYSIS_FULL_VERSION_v1.0.zip!RUMAHAGEN_WF03_M10_CORE_IMPACT_ANALYSIS_FULL_VERSION_v1.0/SOURCE_M10_ONLY/qir/CORE_DB_M10_EXTRACT_v2.2_M10_EVIDENCE.txt,6360,100e2fb9abffb214c35c01174a98d61d6efb924349dc29926bbc050d0ef4ace6
M01-M15 new recon(20260907-081753).zip,1,RUMAHAGEN_WF03_M10_CORE_IMPACT_ANALYSIS_FULL_VERSION_v1.0.zip!RUMAHAGEN_WF03_M10_CORE_IMPACT_ANALYSIS_FULL_VERSION_v1.0/SOURCE_M10_ONLY/qir/RECON_M10_RELEVANT_FILE_INDEX_M10_EVIDENCE.txt,184,0a3a25df68e31797d43a9f369173ec1928d41f9b99850e97ae0ecd35988512b2
M01-M15 new recon(20260907-081753).zip,1,RUMAHAGEN_WF03_M10_CORE_IMPACT_ANALYSIS_FULL_VERSION_v1.0.zip!RUMAHAGEN_WF03_M10_CORE_IMPACT_ANALYSIS_FULL_VERSION_v1.0/SOURCE_M10_ONLY/qir/core_M10_evidence_18_M10_EVIDENCE.txt,3996,c8289783a0c2a22a35f19a71a736bc04b119d92366a01fc32a173b9791df888b
M01-M15 new recon(20260907-081753).zip,1,RUMAHAGEN_WF03_M10_CORE_IMPACT_ANALYSIS_FULL_VERSION_v1.0.zip!RUMAHAGEN_WF03_M10_CORE_IMPACT_ANALYSIS_FULL_VERSION_v1.0/SOURCE_M10_ONLY/qir/core_M10_evidence_12_M10_EVIDENCE.txt,6339,1c180f1e460edae10d91100319cc68481af899be9309120b496a4c31bb0312c5
M01-M15 new recon(20260907-081753).zip,1,RUMAHAGEN_WF03_M10_CORE_IMPACT_ANALYSIS_FULL_VERSION_v1.0.zip!RUMAHAGEN_WF03_M10_CORE_IMPACT_ANALYSIS_FULL_VERSION_v1.0/SOURCE_M10_ONLY/qir/CORE_API_M10_EXTRACT_v2.1_M10_EVIDENCE.txt,13351,bce56574efa9f3f3a2e18d4b68c02d5152985539727ac74226778f968377627b
M01-M15 new recon(20260907-081753).zip,1,RUMAHAGEN_WF03_M10_CORE_IMPACT_ANALYSIS_FULL_VERSION_v1.0.zip!RUMAHAGEN_WF03_M10_CORE_IMPACT_ANALYSIS_FULL_VERSION_v1.0/SOURCE_M10_ONLY/qir/wf03_M10_evidence_18_M10_EVIDENCE.txt,2144,a93edec80bd42fb3eddc96067eee8c0f1b0262f998701f4c6114b4549f422500
M01-M15 new recon(20260907-081753).zip,1,RUMAHAGEN_WF03_M10_CORE_IMPACT_ANALYSIS_FULL_VERSION_v1.0.zip!RUMAHAGEN_WF03_M10_CORE_IMPACT_ANALYSIS_FULL_VERSION_v1.0/SOURCE_M10_ONLY/qir/CORE_ERD_M10_EXTRACT_v2.1_M10_EVIDENCE.txt,6727,77db1046efa995349a6245bdc75e3c024e32a9dbc915ffab7697a8a85f8c3a13
M01-M15 new recon(20260907-081753).zip,1,RUMAHAGEN_WF03_M10_CORE_IMPACT_ANALYSIS_FULL_VERSION_v1.0.zip!RUMAHAGEN_WF03_M10_CORE_IMPACT_ANALYSIS_FULL_VERSION_v1.0/SOURCE_M10_ONLY/qir/wf03_M10_evidence_16_M10_EVIDENCE.txt,1046,a0b5a4d5c14b7b0312009c2a6a1933c0a525d2c0936f0f63cb759d01ea9e05cf
M01-M15 new recon(20260907-081753).zip,1,RUMAHAGEN_WF03_M10_CORE_IMPACT_ANALYSIS_FULL_VERSION_v1.0.zip!RUMAHAGEN_WF03_M10_CORE_IMPACT_ANALYSIS_FULL_VERSION_v1.0/SOURCE_M10_ONLY/qir/core_M10_evidence_02_M10_EVIDENCE.txt,9825,d1299622f7d7523b779a3ca711d79f0f926d2399ebf5f83de3289285d94c81a6
M01-M15 new recon(20260907-081753).zip,1,RUMAHAGEN_WF03_M10_CORE_IMPACT_ANALYSIS_FULL_VERSION_v1.0.zip!RUMAHAGEN_WF03_M10_CORE_IMPACT_ANALYSIS_FULL_VERSION_v1.0/SOURCE_M10_ONLY/qir/RUMAHAGEN_WF-03.2_M10A_PERMISSION_REEVALUATION_QA_DECISION_RECORD_v1.0_1__M10_EVIDENCE.txt,8163,a0219927c7af074835ba4690ba4977f2c49f6135d8e60b60aa474871ad5bc5b5
M01-M15 new recon(20260907-081753).zip,1,RUMAHAGEN_WF03_M10_CORE_IMPACT_ANALYSIS_FULL_VERSION_v1.0.zip!RUMAHAGEN_WF03_M10_CORE_IMPACT_ANALYSIS_FULL_VERSION_v1.0/SOURCE_M10_ONLY/qir/core_M10_evidence_16_M10_EVIDENCE.txt,6594,5e75b2ef994a7988d1939744bb3add40b1bd40e986cf09283f3b36e1298fd866
M01-M15 new recon(20260907-081753).zip,1,RUMAHAGEN_WF03_M10_CORE_IMPACT_ANALYSIS_FULL_VERSION_v1.0.zip!RUMAHAGEN_WF03_M10_CORE_IMPACT_ANALYSIS_FULL_VERSION_v1.0/SOURCE_M10_ONLY/qir/wf03_M10_evidence_10_M10_EVIDENCE.txt,26271,00c4b2e0abde9871da17cf44578e75c88216e83a0dc298bcc664a2a885c6c1b8
M01-M15 new recon(20260907-081753).zip,1,RUMAHAGEN_WF03_M10_CORE_IMPACT_ANALYSIS_FULL_VERSION_v1.0.zip!RUMAHAGEN_WF03_M10_CORE_IMPACT_ANALYSIS_FULL_VERSION_v1.0/SOURCE_M10_ONLY/qir/recon_M10_evidence_03_M10_EVIDENCE.txt,3653,1217ccc2920587d7a0e5bb7360a188ad160e0e689d9b70fb0214e3e899b31967
M01-M15 new recon(20260907-081753).zip,1,RUMAHAGEN_WF03_M10_CORE_IMPACT_ANALYSIS_FULL_VERSION_v1.0.zip!RUMAHAGEN_WF03_M10_CORE_IMPACT_ANALYSIS_FULL_VERSION_v1.0/SOURCE_M10_ONLY/qir/wf03_M10_evidence_15_M10_EVIDENCE.txt,5591,385a23757f1db9365f01bca26d4bd0b2475a1db5ef006f77d842972ce52e7a32
M01-M15 new recon(20260907-081753).zip,1,RUMAHAGEN_WF03_M10_CORE_IMPACT_ANALYSIS_FULL_VERSION_v1.0.zip!RUMAHAGEN_WF03_M10_CORE_IMPACT_ANALYSIS_FULL_VERSION_v1.0/SOURCE_M10_ONLY/qir/RUMAHAGEN_WF-03.2_M10A_PHYSICAL_RECONCILIATION_DELTA_W4_SCHEMA_API_ERD_v1.0_M10_EVIDENCE.txt,6206,c2d948e61f6c7e69bf77bb83f78d39297d0aa4b3ea09d224db82b9d83ff0be41
M01-M15 new recon(20260907-081753).zip,1,RUMAHAGEN_WF03_M10_CORE_IMPACT_ANALYSIS_FULL_VERSION_v1.0.zip!RUMAHAGEN_WF03_M10_CORE_IMPACT_ANALYSIS_FULL_VERSION_v1.0/SOURCE_M10_ONLY/qir/M10_QIR_QA_REGISTER_v1.0_M10_EVIDENCE.txt,610,a5634daf5ae0edf089b29117284f0c7321299856373eb8596c08aa0be3636240
M01-M15 new recon(20260907-081753).zip,1,RUMAHAGEN_WF03_M10_CORE_IMPACT_ANALYSIS_FULL_VERSION_v1.0.zip!RUMAHAGEN_WF03_M10_CORE_IMPACT_ANALYSIS_FULL_VERSION_v1.0/SOURCE_M10_ONLY/qir/core_M10_evidence_08_M10_EVIDENCE.txt,9727,8a0bcaf2b64dd59af2d54bf300c29579b3be5fb2f96075412c6220dbf04cb280
M01-M15 new recon(20260907-081753).zip,1,RUMAHAGEN_WF03_M10_CORE_IMPACT_ANALYSIS_FULL_VERSION_v1.0.zip!RUMAHAGEN_WF03_M10_CORE_IMPACT_ANALYSIS_FULL_VERSION_v1.0/SOURCE_M10_ONLY/qir/wf03_M10_evidence_19_M10_EVIDENCE.txt,5801,ce04e712daa2a21aad14237613906bfcb08a74d611193c96c806de8a2989c146
M01-M15 new recon(20260907-081753).zip,1,RUMAHAGEN_WF03_M10_CORE_IMPACT_ANALYSIS_FULL_VERSION_v1.0.zip!RUMAHAGEN_WF03_M10_CORE_IMPACT_ANALYSIS_FULL_VERSION_v1.0/SOURCE_M10_ONLY/qir/core_M10_evidence_05_M10_EVIDENCE.txt,6347,e10196c426ed46c30be563064ae8a7e97601ebc9aa18efba87a149d3a8a2cea9
M01-M15 new recon(20260907-081753).zip,1,RUMAHAGEN_WF03_M10_CORE_IMPACT_ANALYSIS_FULL_VERSION_v1.0.zip!RUMAHAGEN_WF03_M10_CORE_IMPACT_ANALYSIS_FULL_VERSION_v1.0/SOURCE_M10_ONLY/qir/wf03_M10_evidence_14_M10_EVIDENCE.txt,4094,dc8acb1b8c69aade87f193ae1b2669162da05f18a3f433b20fc0ebbae977d1c8
M01-M15 new recon(20260907-081753).zip,1,RUMAHAGEN_WF03_M10_CORE_IMPACT_ANALYSIS_FULL_VERSION_v1.0.zip!RUMAHAGEN_WF03_M10_CORE_IMPACT_ANALYSIS_FULL_VERSION_v1.0/SOURCE_M10_ONLY/qir/core_M10_evidence_25_M10_EVIDENCE.txt,27588,7e22570d0f6b6125f5f8bef0ed88fbb97ec3c4bf2ed4097d23ef37d426388e1e
M01-M15 new recon(20260907-081753).zip,1,RUMAHAGEN_WF03_M10_CORE_IMPACT_ANALYSIS_FULL_VERSION_v1.0.zip!RUMAHAGEN_WF03_M10_CORE_IMPACT_ANALYSIS_FULL_VERSION_v1.0/SOURCE_M10_ONLY/qir/core_M10_evidence_06_M10_EVIDENCE.txt,9781,647e44cae7fcf6d8b25531fdebe1193f78737697ff4d88c07126f734e99a9e55
M01-M15 new recon(20260907-081753).zip,1,RUMAHAGEN_WF03_M10_CORE_IMPACT_ANALYSIS_FULL_VERSION_v1.0.zip!RUMAHAGEN_WF03_M10_CORE_IMPACT_ANALYSIS_FULL_VERSION_v1.0/SOURCE_M10_ONLY/qir/core_M10_evidence_01_M10_EVIDENCE.txt,13805,5c31b3c70a7b4d97c0d7bf607022c8f30cfdf24e66f6a3f0f943e0307f317eba
M01-M15 new recon(20260907-081753).zip,1,RUMAHAGEN_WF03_M10_CORE_IMPACT_ANALYSIS_FULL_VERSION_v1.0.zip!RUMAHAGEN_WF03_M10_CORE_IMPACT_ANALYSIS_FULL_VERSION_v1.0/SOURCE_M10_ONLY/qir/core_M10_evidence_03_M10_EVIDENCE.txt,26693,d37b91fa67e7f47964b672a90a3ee050c88c95183c26ce028ba2a7a9728bbb62
M01-M15 new recon(20260907-081753).zip,1,RUMAHAGEN_WF03_M10_CORE_IMPACT_ANALYSIS_FULL_VERSION_v1.0.zip!RUMAHAGEN_WF03_M10_CORE_IMPACT_ANALYSIS_FULL_VERSION_v1.0/SOURCE_M10_ONLY/qir/recon_M10_evidence_02_M10_EVIDENCE.txt,2176,c5739a442a982d93ff31c0cb991e1dd0d328aae19b82155ab840884bdac2c913
M01-M15 new recon(20260907-081753).zip,1,RUMAHAGEN_WF03_M10_CORE_IMPACT_ANALYSIS_FULL_VERSION_v1.0.zip!RUMAHAGEN_WF03_M10_CORE_IMPACT_ANALYSIS_FULL_VERSION_v1.0/SOURCE_M10_ONLY/qir/core_M10_evidence_15_M10_EVIDENCE.txt,3225,00644c786988df47403116ea34fec1477c80c54f5d7af48964683af11b16ba82
M01-M15 new recon(20260907-081753).zip,1,RUMAHAGEN_WF03_M10_CORE_IMPACT_ANALYSIS_FULL_VERSION_v1.0.zip!RUMAHAGEN_WF03_M10_CORE_IMPACT_ANALYSIS_FULL_VERSION_v1.0/SOURCE_M10_ONLY/qir/wf03_M10_evidence_01_M10_EVIDENCE.txt,5177,fbe3ddfb296157561c6704e25393f39667e5befb54dc4e36997d589edb6de049
M01-M15 new recon(20260907-081753).zip,1,RUMAHAGEN_WF03_M10_CORE_IMPACT_ANALYSIS_FULL_VERSION_v1.0.zip!RUMAHAGEN_WF03_M10_CORE_IMPACT_ANALYSIS_FULL_VERSION_v1.0/SOURCE_M10_ONLY/qir/recon_M10_evidence_04_M10_EVIDENCE.txt,715,82bf5f43c2954273f98ba63e3c0cc133a85f0f63da8bbb97ea09e052b27f3814
M01-M15 new recon(20260907-081753).zip,1,RUMAHAGEN_WF03_M10_CORE_IMPACT_ANALYSIS_FULL_VERSION_v1.0.zip!RUMAHAGEN_WF03_M10_CORE_IMPACT_ANALYSIS_FULL_VERSION_v1.0/SOURCE_M10_ONLY/qir/wf03_M10_evidence_17_M10_EVIDENCE.txt,7433,83f4ec4edf3c096eea864d74fa0c354ebcaba2cfd8224a366f8337aed6e51d90
M01-M15 new recon(20260907-081753).zip,1,RUMAHAGEN_WF03_M10_CORE_IMPACT_ANALYSIS_FULL_VERSION_v1.0.zip!RUMAHAGEN_WF03_M10_CORE_IMPACT_ANALYSIS_FULL_VERSION_v1.0/SOURCE_M10_ONLY/qir/core_M10_evidence_07_M10_EVIDENCE.txt,4502,c7cc3f628d9ffdcb1e373b198228159fe528a5e9f1c49c7f55a1b3ae9b6c0712
M01-M15 new recon(20260907-081753).zip,1,RUMAHAGEN_WF03_M10_CORE_IMPACT_ANALYSIS_FULL_VERSION_v1.0.zip!RUMAHAGEN_WF03_M10_CORE_IMPACT_ANALYSIS_FULL_VERSION_v1.0/SOURCE_M10_ONLY/qir/CORE_RBAC_M10_EXTRACT_v2.1_M10_EVIDENCE.txt,25824,ca2d1d768997239a645ff83e8810114ed95948c2262907e01427453caba33186
M01-M15 new recon(20260907-081753).zip,1,RUMAHAGEN_WF03_M10_CORE_IMPACT_ANALYSIS_FULL_VERSION_v1.0.zip!RUMAHAGEN_WF03_M10_CORE_IMPACT_ANALYSIS_FULL_VERSION_v1.0/SOURCE_M10_ONLY/qir/wf03_M10_evidence_23_M10_EVIDENCE.txt,8879,e31c1f880945672df98e4df0a3dc0ae371fc93321ff8636409bd158e30007c5f
M01-M15 new recon(20260907-081753).zip,1,RUMAHAGEN_WF03_M10_CORE_IMPACT_ANALYSIS_FULL_VERSION_v1.0.zip!RUMAHAGEN_WF03_M10_CORE_IMPACT_ANALYSIS_FULL_VERSION_v1.0/SOURCE_M10_ONLY/qir/wf03_M10_evidence_07_M10_EVIDENCE.txt,11855,646ce60336d02a316484e2051147de1187892c5fa736b4ee879246868b02cfd8
M01-M15 new recon(20260907-081753).zip,1,RUMAHAGEN_WF03_M10_CORE_IMPACT_ANALYSIS_FULL_VERSION_v1.0.zip!RUMAHAGEN_WF03_M10_CORE_IMPACT_ANALYSIS_FULL_VERSION_v1.0/SOURCE_M10_ONLY/qir/core_M10_evidence_23_M10_EVIDENCE.txt,12284,de0647a7fd1d843f0dd8c05df21e7b09f6a312744a7fbb7c8bf83ba2c8bc81d1
M01-M15 new recon(20260907-081753).zip,1,RUMAHAGEN_WF03_M10_CORE_IMPACT_ANALYSIS_FULL_VERSION_v1.0.zip!RUMAHAGEN_WF03_M10_CORE_IMPACT_ANALYSIS_FULL_VERSION_v1.0/SOURCE_M10_ONLY/qir/wf03_M10_evidence_05_M10_EVIDENCE.txt,5720,36f3a78c2317e547c207cffccbfaa1a0654189b65068749b9efd6c86c037f63d
M01-M15 new recon(20260907-081753).zip,1,RUMAHAGEN_WF03_M10_CORE_IMPACT_ANALYSIS_FULL_VERSION_v1.0.zip!RUMAHAGEN_WF03_M10_CORE_IMPACT_ANALYSIS_FULL_VERSION_v1.0/SOURCE_M10_ONLY/qir/RUMAHAGEN_GLOBAL_M10_PERMISSION_CATALOGUE_RECOVERY_RECONCILIATION_v1.0_M10_EVIDENCE.txt,4478,a56bf5fb725579fe9d12819b31262d201eab589b6aa360c3e7a601b8d1120720
M01-M15 new recon(20260907-081753).zip,1,RUMAHAGEN_WF03_M10_CORE_IMPACT_ANALYSIS_FULL_VERSION_v1.0.zip!RUMAHAGEN_WF03_M10_CORE_IMPACT_ANALYSIS_FULL_VERSION_v1.0/SOURCE_M10_ONLY/qir/wf03_M10_evidence_25_M10_EVIDENCE.txt,2862,c74e9f77385ea7532971776240e3cda6cd5564c407f1d2284d48a3576a8e7930
M01-M15 new recon(20260907-081753).zip,1,RUMAHAGEN_WF03_M10_CORE_IMPACT_ANALYSIS_FULL_VERSION_v1.0.zip!RUMAHAGEN_WF03_M10_CORE_IMPACT_ANALYSIS_FULL_VERSION_v1.0/SOURCE_M10_ONLY/qir/RUMAHAGEN_WF-03.2_M10D_FINAL_CROSS_RECONCILIATION_v1.0_M10_EVIDENCE.txt,6157,efb03d83e1781523b169f4923b982754a698f20d61aa49ab83b35c55d5aabdde
M01-M15 new recon(20260907-081753).zip,1,RUMAHAGEN_WF03_M10_CORE_IMPACT_ANALYSIS_FULL_VERSION_v1.0.zip!RUMAHAGEN_WF03_M10_CORE_IMPACT_ANALYSIS_FULL_VERSION_v1.0/SOURCE_M10_ONLY/qir/wf03_M10_evidence_06_M10_EVIDENCE.txt,5218,6c66d8796fcfdc8aa826fd143427bd05061307e7ecfe2d6858763265700923e2
M01-M15 new recon(20260907-081753).zip,1,RUMAHAGEN_WF03_M10_CORE_IMPACT_ANALYSIS_FULL_VERSION_v1.0.zip!RUMAHAGEN_WF03_M10_CORE_IMPACT_ANALYSIS_FULL_VERSION_v1.0/SOURCE_M10_ONLY/qir/core_M10_evidence_20_M10_EVIDENCE.txt,3728,5c9794800fbd3eccfe222a635ee819fffebd83c20dd4e9509c96823f962e176c
M01-M15 new recon(20260907-081753).zip,1,RUMAHAGEN_WF03_M10_CORE_IMPACT_ANALYSIS_FULL_VERSION_v1.0.zip!RUMAHAGEN_WF03_M10_CORE_IMPACT_ANALYSIS_FULL_VERSION_v1.0/SOURCE_M10_ONLY/qir/RUMAHAGEN_WF03_M10_QIR_RESOLUTION_FULL_VERSION_v1.0_M10_EVIDENCE.txt,6367,0431dea0aa9ef10ded3a3df369ac8932bd0cba2acb4dfe015b91e3a0f8e563f6
M01-M15 new recon(20260907-081753).zip,1,RUMAHAGEN_WF03_M10_CORE_IMPACT_ANALYSIS_FULL_VERSION_v1.0.zip!RUMAHAGEN_WF03_M10_CORE_IMPACT_ANALYSIS_FULL_VERSION_v1.0/SOURCE_M10_ONLY/qir/wf03_M10_evidence_12_M10_EVIDENCE.txt,10377,ebd43e63a7e62605f28bbe8fb648300675974999ec5603a97c3c1cb8f6fb5b6a
M01-M15 new recon(20260907-081753).zip,1,RUMAHAGEN_WF03_M10_CORE_IMPACT_ANALYSIS_FULL_VERSION_v1.0.zip!RUMAHAGEN_WF03_M10_CORE_IMPACT_ANALYSIS_FULL_VERSION_v1.0/SOURCE_M10_ONLY/qir/wf03_M10_evidence_03_M10_EVIDENCE.txt,6568,a4866c7ca1ca236af7305a8307bc58bf2f06577605b3e84427288b8b5c180a73
M01-M15 new recon(20260907-081753).zip,1,RUMAHAGEN_WF03_M10_CORE_IMPACT_ANALYSIS_FULL_VERSION_v1.0.zip!RUMAHAGEN_WF03_M10_CORE_IMPACT_ANALYSIS_FULL_VERSION_v1.0/SOURCE_M10_ONLY/qir/core_M10_evidence_09_M10_EVIDENCE.txt,5901,ab31ecf491a6ff39a19be02030e3552cf4d886e21dfe5dcd60b7e124dfdf91fc
M01-M15 new recon(20260907-081753).zip,1,RUMAHAGEN_WF03_M10_CORE_IMPACT_ANALYSIS_FULL_VERSION_v1.0.zip!RUMAHAGEN_WF03_M10_CORE_IMPACT_ANALYSIS_FULL_VERSION_v1.0/SOURCE_M10_ONLY/qir/wf03_M10_evidence_21_M10_EVIDENCE.txt,4911,63add358891148e36c486969813b17ad42c9ee16e4c4cafc3bd7fcf2a839ef09
M01-M15 new recon(20260907-081753).zip,1,RUMAHAGEN_WF03_M10_CORE_IMPACT_ANALYSIS_FULL_VERSION_v1.0.zip!RUMAHAGEN_WF03_M10_CORE_IMPACT_ANALYSIS_FULL_VERSION_v1.0/SOURCE_M10_ONLY/qir/wf03_M10_evidence_09_M10_EVIDENCE.txt,8669,ee2c7d284f513316e30e3d934111adfbf60fbea52327b86a5c2b3b2015226d26
M01-M15 new recon(20260907-081753).zip,1,RUMAHAGEN_WF03_M10_CORE_IMPACT_ANALYSIS_FULL_VERSION_v1.0.zip!RUMAHAGEN_WF03_M10_CORE_IMPACT_ANALYSIS_FULL_VERSION_v1.0/SOURCE_M10_ONLY/qir/wf03_M10_evidence_08_M10_EVIDENCE.txt,4222,65ebfb47efff18df7c4b52e031898c24051dd40fc0669c173fc1a5ca443e1cbf
M01-M15 new recon(20260907-081753).zip,1,RUMAHAGEN_WF03_M10_CORE_IMPACT_ANALYSIS_FULL_VERSION_v1.0.zip!RUMAHAGEN_WF03_M10_CORE_IMPACT_ANALYSIS_FULL_VERSION_v1.0/SOURCE_M10_ONLY/qir/core_M10_evidence_10_M10_EVIDENCE.txt,45998,4510df95b12902433d448b00ee24320d4375161bd811afa16d4c6230f4bf8d67
M01-M15 new recon(20260907-081753).zip,1,RUMAHAGEN_WF03_M10_CORE_IMPACT_ANALYSIS_FULL_VERSION_v1.0.zip!RUMAHAGEN_WF03_M10_CORE_IMPACT_ANALYSIS_FULL_VERSION_v1.0/SOURCE_M10_ONLY/qir/CORE_DEPENDENCY_M10_EXTRACT_v2.1_M10_EVIDENCE.txt,9701,41d4cb628d5e11e74b6389c7863fd290923427da8e73bf1c37164472df2bb65a
M01-M15 new recon(20260907-081753).zip,1,RUMAHAGEN_WF03_M10_CORE_IMPACT_ANALYSIS_FULL_VERSION_v1.0.zip!RUMAHAGEN_WF03_M10_CORE_IMPACT_ANALYSIS_FULL_VERSION_v1.0/SOURCE_M10_ONLY/qir/core_M10_evidence_24_M10_EVIDENCE.txt,9273,573ddac2b76a3cd4b9ddc01c75b9f91f39e681e69f51c10a5540163294164ed7
M01-M15 new recon(20260907-081753).zip,1,RUMAHAGEN_WF03_M10_CORE_IMPACT_ANALYSIS_FULL_VERSION_v1.0.zip!RUMAHAGEN_WF03_M10_CORE_IMPACT_ANALYSIS_FULL_VERSION_v1.0/SOURCE_M10_ONLY/qir/wf03_M10_evidence_13_M10_EVIDENCE.txt,5561,da31b2d5583761c717a08d04604586ddf7cdd75dd861fe217c63032498dd894b
M01-M15 new recon(20260907-081753).zip,1,RUMAHAGEN_WF03_M10_CORE_IMPACT_ANALYSIS_FULL_VERSION_v1.0.zip!RUMAHAGEN_WF03_M10_CORE_IMPACT_ANALYSIS_FULL_VERSION_v1.0/SOURCE_M10_ONLY/qir/CORE_UIUX_M10_EXTRACT_v2.1_M10_EVIDENCE.txt,10117,8c1efd85d85d5e1877f7cd29ea42adfe5873fe4781dd1068063acd52af5c457a
M01-M15 new recon(20260907-081753).zip,1,RUMAHAGEN_WF03_M10_CORE_IMPACT_ANALYSIS_FULL_VERSION_v1.0.zip!RUMAHAGEN_WF03_M10_CORE_IMPACT_ANALYSIS_FULL_VERSION_v1.0/SOURCE_M10_ONLY/qir/wf03_M10_evidence_22_M10_EVIDENCE.txt,8751,1decebd9ca6bc9c9272646e6877d5d114a6792b650b2257dad6d4037d79a275f
M01-M15 new recon(20260907-081753).zip,1,RUMAHAGEN_WF03_M10_CORE_IMPACT_ANALYSIS_FULL_VERSION_v1.0.zip!RUMAHAGEN_WF03_M10_CORE_IMPACT_ANALYSIS_FULL_VERSION_v1.0/SOURCE_M10_ONLY/qir/core_M10_evidence_13_M10_EVIDENCE.txt,2832,62b4e8c8d3515637f0bf265d28a0ad10550fe846711a4c379c9c67cb05a7ec8d
M01-M15 new recon(20260907-081753).zip,1,RUMAHAGEN_WF03_M10_CORE_IMPACT_ANALYSIS_FULL_VERSION_v1.0.zip!RUMAHAGEN_WF03_M10_CORE_IMPACT_ANALYSIS_FULL_VERSION_v1.0/SOURCE_M10_ONLY/qir/core_M10_evidence_04_M10_EVIDENCE.txt,10296,8c8b2cff871e34a071524a2668db6cad7510f0021a7ffb90603c84fc662d88a3
M01-M15 new recon(20260907-081753).zip,1,RUMAHAGEN_WF03_M10_CORE_IMPACT_ANALYSIS_FULL_VERSION_v1.0.zip!RUMAHAGEN_WF03_M10_CORE_IMPACT_ANALYSIS_FULL_VERSION_v1.0/SOURCE_M10_ONLY/qir/wf03_M10_evidence_24_M10_EVIDENCE.txt,3854,b64c764cf4b68f3285fdd6cb4b8192c3280bdaec39846f08ff8f63fd5bcac040
M01-M15 new recon(20260907-081753).zip,1,RUMAHAGEN_WF03_M10_CORE_IMPACT_ANALYSIS_FULL_VERSION_v1.0.zip!RUMAHAGEN_WF03_M10_CORE_IMPACT_ANALYSIS_FULL_VERSION_v1.0/SOURCE_M10_ONLY/qir/wf03_M10_evidence_20_M10_EVIDENCE.txt,5134,25f8da3a633ff9d34b9a250a1e873950b54b2188b17c38c9abceed84b7843f48
M01-M15 new recon(20260907-081753).zip,0,RUMAHAGEN_WF03_M10_QIR_RESOLUTION_FULL_VERSION_v1.0.zip,383436,3905d73df61d486b4c9af5e89329bfc9940818e839349f9c6ba2b5754669f38c
M01-M15 new recon(20260907-081753).zip,1,RUMAHAGEN_WF03_M10_QIR_RESOLUTION_FULL_VERSION_v1.0.zip!RUMAHAGEN_WF03_M10_QIR_RESOLUTION_FULL_VERSION_v1.0/RUMAHAGEN_WF03_M10_QIR_RESOLUTION_FULL_VERSION_v1.0.docx,38754,fcde826a5ba05e8e7e1bbb884357312d32a20ffe5b33f284ed22264742ad6655
M01-M15 new recon(20260907-081753).zip,1,RUMAHAGEN_WF03_M10_QIR_RESOLUTION_FULL_VERSION_v1.0.zip!RUMAHAGEN_WF03_M10_QIR_RESOLUTION_FULL_VERSION_v1.0/M10_QIR_RESOLUTION_REGISTER_v1.0.csv,2314,d152b5f127ba7781fcf86156e17f81874b0ec44402f94cf7218c2b7ec01c0456
M01-M15 new recon(20260907-081753).zip,1,RUMAHAGEN_WF03_M10_QIR_RESOLUTION_FULL_VERSION_v1.0.zip!RUMAHAGEN_WF03_M10_QIR_RESOLUTION_FULL_VERSION_v1.0/M10_DEEP_SCAN_INVENTORY_v1.0.md,60,1c23478265bb27e532673934ffd91f15f332597ab7290e25c868e9e587c46e94
M01-M15 new recon(20260907-081753).zip,1,RUMAHAGEN_WF03_M10_QIR_RESOLUTION_FULL_VERSION_v1.0.zip!RUMAHAGEN_WF03_M10_QIR_RESOLUTION_FULL_VERSION_v1.0/RUMAHAGEN_WF03_M10_QIR_RESOLUTION_FULL_VERSION_v1.0.md,7226,aa65803fa01390d6d24a6df8e32747b0ccb545cb039cd7917084d4dfc1d595fa
M01-M15 new recon(20260907-081753).zip,1,RUMAHAGEN_WF03_M10_QIR_RESOLUTION_FULL_VERSION_v1.0.zip!RUMAHAGEN_WF03_M10_QIR_RESOLUTION_FULL_VERSION_v1.0/M10_QIR_CONTROLLED_SOURCE_MANIFEST_v1.0.md,8717,5309a8689b89df53d282f7ea2282dc202d57a4a4578543e8e9279bd59853f82c
M01-M15 new recon(20260907-081753).zip,1,RUMAHAGEN_WF03_M10_QIR_RESOLUTION_FULL_VERSION_v1.0.zip!RUMAHAGEN_WF03_M10_QIR_RESOLUTION_FULL_VERSION_v1.0/M10_QIR_QA_REGISTER_v1.0.csv,536,d2a21b50df3930b46dd0d8ce2937933f260830c1dc7b3b04eeefcc4985d8e722
M01-M15 new recon(20260907-081753).zip,1,RUMAHAGEN_WF03_M10_QIR_RESOLUTION_FULL_VERSION_v1.0.zip!RUMAHAGEN_WF03_M10_QIR_RESOLUTION_FULL_VERSION_v1.0/SOURCE_M10_ONLY/RUMAHAGEN_WF-03.2_M10A_PHYSICAL_RECONCILIATION_DELTA_W4_SCHEMA_API_ERD_v1.0.md,14372,50cefd6bb9727fb5b3f6b23fa74d3c70c7955a870225a0337ab1690792465a4f
M01-M15 new recon(20260907-081753).zip,1,RUMAHAGEN_WF03_M10_QIR_RESOLUTION_FULL_VERSION_v1.0.zip!RUMAHAGEN_WF03_M10_QIR_RESOLUTION_FULL_VERSION_v1.0/SOURCE_M10_ONLY/RUMAHAGEN_GLOBAL_M10_PERMISSION_CATALOGUE_RECOVERY_RECONCILIATION_v1.0.docx,39666,a47a7f82846f369e8ff4840886bd61cc81998456e660116792bacf4f47560110
M01-M15 new recon(20260907-081753).zip,1,RUMAHAGEN_WF03_M10_QIR_RESOLUTION_FULL_VERSION_v1.0.zip!RUMAHAGEN_WF03_M10_QIR_RESOLUTION_FULL_VERSION_v1.0/SOURCE_M10_ONLY/CORE_API_M10_EXTRACT_v2.1.txt,13744,ba925cf8e9b4ce406158e396141b9230f3eb3dd019d5ef7aae052151bd14508c
M01-M15 new recon(20260907-081753).zip,1,RUMAHAGEN_WF03_M10_QIR_RESOLUTION_FULL_VERSION_v1.0.zip!RUMAHAGEN_WF03_M10_QIR_RESOLUTION_FULL_VERSION_v1.0/SOURCE_M10_ONLY/CORE_UIUX_M10_EXTRACT_v2.1.txt,10914,5bd1fab75b07faba07f960974f3954a09eddf5e948bcd8684882c951217f49ce
M01-M15 new recon(20260907-081753).zip,1,RUMAHAGEN_WF03_M10_QIR_RESOLUTION_FULL_VERSION_v1.0.zip!RUMAHAGEN_WF03_M10_QIR_RESOLUTION_FULL_VERSION_v1.0/SOURCE_M10_ONLY/RUMAHAGEN_WF-03.2_M10A_PHYSICAL_RECONCILIATION_DELTA_W4_SCHEMA_API_ERD_v1.0.docx,42261,bd176b95030830f90a788c0ce9d258b055511fde1222a731c9ac82050fc60546
M01-M15 new recon(20260907-081753).zip,1,RUMAHAGEN_WF03_M10_QIR_RESOLUTION_FULL_VERSION_v1.0.zip!RUMAHAGEN_WF03_M10_QIR_RESOLUTION_FULL_VERSION_v1.0/SOURCE_M10_ONLY/RECON_M10_RELEVANT_FILE_INDEX.txt,225,21c626e39388570a82506c8c253d928c9713d10a88a6bea1be33d9338600c940
M01-M15 new recon(20260907-081753).zip,1,RUMAHAGEN_WF03_M10_QIR_RESOLUTION_FULL_VERSION_v1.0.zip!RUMAHAGEN_WF03_M10_QIR_RESOLUTION_FULL_VERSION_v1.0/SOURCE_M10_ONLY/CORE_RBAC_M10_EXTRACT_v2.1.txt,26680,a5dfbfe4890c2b358b0e906db5fe86993f51e2f251a45c65dd264ec122873946
M01-M15 new recon(20260907-081753).zip,1,RUMAHAGEN_WF03_M10_QIR_RESOLUTION_FULL_VERSION_v1.0.zip!RUMAHAGEN_WF03_M10_QIR_RESOLUTION_FULL_VERSION_v1.0/SOURCE_M10_ONLY/CORE_DB_M10_EXTRACT_v2.2.txt,7332,75617cb48ebe3f5bc41c53b6e74e4087626f78bea443eb662f81849e9fa6d294
M01-M15 new recon(20260907-081753).zip,1,RUMAHAGEN_WF03_M10_QIR_RESOLUTION_FULL_VERSION_v1.0.zip!RUMAHAGEN_WF03_M10_QIR_RESOLUTION_FULL_VERSION_v1.0/SOURCE_M10_ONLY/RUMAHAGEN_WF-03.2_M10A_PERMISSION_REEVALUATION_QA_DECISION_RECORD_v1.0 (1).md,15343,ea7d8908285508ca33006fba9e7d966176ce5e81ec901be25b7270ac02299c94
M01-M15 new recon(20260907-081753).zip,1,RUMAHAGEN_WF03_M10_QIR_RESOLUTION_FULL_VERSION_v1.0.zip!RUMAHAGEN_WF03_M10_QIR_RESOLUTION_FULL_VERSION_v1.0/SOURCE_M10_ONLY/RUMAHAGEN_WF-03.2_M10D_FINAL_CROSS_RECONCILIATION_v1.0.md,10351,1070064000766cc1812f0d1e826954061f1b153ec5c5233de98d8b5fabd68676
M01-M15 new recon(20260907-081753).zip,1,RUMAHAGEN_WF03_M10_QIR_RESOLUTION_FULL_VERSION_v1.0.zip!RUMAHAGEN_WF03_M10_QIR_RESOLUTION_FULL_VERSION_v1.0/SOURCE_M10_ONLY/CORE_ERD_M10_EXTRACT_v2.1.txt,7122,48c661c2ebabe5bd58c1b89c6efd8b9803944c26f01ca1e17e726e0578d8e6e5
M01-M15 new recon(20260907-081753).zip,1,RUMAHAGEN_WF03_M10_QIR_RESOLUTION_FULL_VERSION_v1.0.zip!RUMAHAGEN_WF03_M10_QIR_RESOLUTION_FULL_VERSION_v1.0/SOURCE_M10_ONLY/RUMAHAGEN_WF-03.2_M10C_REVISED_FINAL_RECORD_v1.1.docx,41727,0d343466d26a4e879e6912da7472c259801181506dd707adab08b8936644a60c
M01-M15 new recon(20260907-081753).zip,1,RUMAHAGEN_WF03_M10_QIR_RESOLUTION_FULL_VERSION_v1.0.zip!RUMAHAGEN_WF03_M10_QIR_RESOLUTION_FULL_VERSION_v1.0/SOURCE_M10_ONLY/CORE_DEPENDENCY_M10_EXTRACT_v2.1.txt,9792,7a5bdfe788398957aa63f37ddd3995cc6f9920b4cc7f02d3ed71ddd1c3d64309
M01-M15 new recon(20260907-081753).zip,1,RUMAHAGEN_WF03_M10_QIR_RESOLUTION_FULL_VERSION_v1.0.zip!RUMAHAGEN_WF03_M10_QIR_RESOLUTION_FULL_VERSION_v1.0/SOURCE_M10_ONLY/CURRENT_QIR_EVIDENCE/recon_M10_evidence_01.txt,4999,eb0c5ac2507071bc91067904a92184cb247aefb35c4433f4e51d712c008890b7
M01-M15 new recon(20260907-081753).zip,1,RUMAHAGEN_WF03_M10_QIR_RESOLUTION_FULL_VERSION_v1.0.zip!RUMAHAGEN_WF03_M10_QIR_RESOLUTION_FULL_VERSION_v1.0/SOURCE_M10_ONLY/CURRENT_QIR_EVIDENCE/wf03_M10_evidence_22.txt,8720,64359f5b89b9d44a8da1f92666e6afb15e77dce0354932f58cd222af436c7d58
M01-M15 new recon(20260907-081753).zip,1,RUMAHAGEN_WF03_M10_QIR_RESOLUTION_FULL_VERSION_v1.0.zip!RUMAHAGEN_WF03_M10_QIR_RESOLUTION_FULL_VERSION_v1.0/SOURCE_M10_ONLY/CURRENT_QIR_EVIDENCE/core_M10_evidence_02.txt,9844,960b83d0439b09d3793b4b35ddaed225e9687dc52266837863d1a3f66b4caf2b
M01-M15 new recon(20260907-081753).zip,1,RUMAHAGEN_WF03_M10_QIR_RESOLUTION_FULL_VERSION_v1.0.zip!RUMAHAGEN_WF03_M10_QIR_RESOLUTION_FULL_VERSION_v1.0/SOURCE_M10_ONLY/CURRENT_QIR_EVIDENCE/core_M10_evidence_03.txt,26571,daef048ca74245c6fb184c8769acbf463ad77b81ad973cf0130776229456f466
M01-M15 new recon(20260907-081753).zip,1,RUMAHAGEN_WF03_M10_QIR_RESOLUTION_FULL_VERSION_v1.0.zip!RUMAHAGEN_WF03_M10_QIR_RESOLUTION_FULL_VERSION_v1.0/SOURCE_M10_ONLY/CURRENT_QIR_EVIDENCE/core_M10_evidence_13.txt,2830,206250ae46745ef5add9e81b986455d1387a9f8a9086b881759a81daaf33e226
M01-M15 new recon(20260907-081753).zip,1,RUMAHAGEN_WF03_M10_QIR_RESOLUTION_FULL_VERSION_v1.0.zip!RUMAHAGEN_WF03_M10_QIR_RESOLUTION_FULL_VERSION_v1.0/SOURCE_M10_ONLY/CURRENT_QIR_EVIDENCE/core_M10_evidence_24.txt,9150,c718ae015be90f6fa0ef7f8460954a8b0b102fa24b7de1fb59ccdd20339cdde6
M01-M15 new recon(20260907-081753).zip,1,RUMAHAGEN_WF03_M10_QIR_RESOLUTION_FULL_VERSION_v1.0.zip!RUMAHAGEN_WF03_M10_QIR_RESOLUTION_FULL_VERSION_v1.0/SOURCE_M10_ONLY/CURRENT_QIR_EVIDENCE/wf03_M10_evidence_20.txt,5087,627ba9a08c3d5d7b843e6e066e1770f00ca4f90d25d97b90c2e8537cbe72c2ca
M01-M15 new recon(20260907-081753).zip,1,RUMAHAGEN_WF03_M10_QIR_RESOLUTION_FULL_VERSION_v1.0.zip!RUMAHAGEN_WF03_M10_QIR_RESOLUTION_FULL_VERSION_v1.0/SOURCE_M10_ONLY/CURRENT_QIR_EVIDENCE/wf03_M10_evidence_16.txt,992,d09ead7e661c337db10ee734ed7846b1958713bfe6a9b73567a864d5d6ce50bb
M01-M15 new recon(20260907-081753).zip,1,RUMAHAGEN_WF03_M10_QIR_RESOLUTION_FULL_VERSION_v1.0.zip!RUMAHAGEN_WF03_M10_QIR_RESOLUTION_FULL_VERSION_v1.0/SOURCE_M10_ONLY/CURRENT_QIR_EVIDENCE/core_M10_evidence_14.txt,10779,c718343142bb1fe0b00979971595b29fe1b1219da04a3faa830994868e3b7b2f
M01-M15 new recon(20260907-081753).zip,1,RUMAHAGEN_WF03_M10_QIR_RESOLUTION_FULL_VERSION_v1.0.zip!RUMAHAGEN_WF03_M10_QIR_RESOLUTION_FULL_VERSION_v1.0/SOURCE_M10_ONLY/CURRENT_QIR_EVIDENCE/wf03_M10_evidence_03.txt,6532,1c6d6cc9a18a976e7fe787cf623e8f404b1a0d72f50d28b6d439d3f661fe47c7
M01-M15 new recon(20260907-081753).zip,1,RUMAHAGEN_WF03_M10_QIR_RESOLUTION_FULL_VERSION_v1.0.zip!RUMAHAGEN_WF03_M10_QIR_RESOLUTION_FULL_VERSION_v1.0/SOURCE_M10_ONLY/CURRENT_QIR_EVIDENCE/core_M10_evidence_08.txt,9774,31d7b0fb24df8898d6905c791ef4d4cc82d5cfcd6b5f9e874f5e09d5753a6208
M01-M15 new recon(20260907-081753).zip,1,RUMAHAGEN_WF03_M10_QIR_RESOLUTION_FULL_VERSION_v1.0.zip!RUMAHAGEN_WF03_M10_QIR_RESOLUTION_FULL_VERSION_v1.0/SOURCE_M10_ONLY/CURRENT_QIR_EVIDENCE/core_M10_evidence_23.txt,12319,36af1af255fe1c21ae8e901c4857b516eee5476b7a29ca6c9ae0e3d7b0e5efb6
M01-M15 new recon(20260907-081753).zip,1,RUMAHAGEN_WF03_M10_QIR_RESOLUTION_FULL_VERSION_v1.0.zip!RUMAHAGEN_WF03_M10_QIR_RESOLUTION_FULL_VERSION_v1.0/SOURCE_M10_ONLY/CURRENT_QIR_EVIDENCE/core_M10_evidence_15.txt,3221,151bf9ce8eb1fc9dd513239fd5bc2584aac735ec32d8068402d3083d5127837a
M01-M15 new recon(20260907-081753).zip,1,RUMAHAGEN_WF03_M10_QIR_RESOLUTION_FULL_VERSION_v1.0.zip!RUMAHAGEN_WF03_M10_QIR_RESOLUTION_FULL_VERSION_v1.0/SOURCE_M10_ONLY/CURRENT_QIR_EVIDENCE/core_M10_evidence_22.txt,3938,c3e5247a65a0e8735af2575546c0368395ce77b877ea038b237c24c206fc6f51
M01-M15 new recon(20260907-081753).zip,1,RUMAHAGEN_WF03_M10_QIR_RESOLUTION_FULL_VERSION_v1.0.zip!RUMAHAGEN_WF03_M10_QIR_RESOLUTION_FULL_VERSION_v1.0/SOURCE_M10_ONLY/CURRENT_QIR_EVIDENCE/core_M10_evidence_21.txt,7172,1d9d918f87ad59787233c4b1c257b51743e811754736ffcfdf7015fe62bec74a
M01-M15 new recon(20260907-081753).zip,1,RUMAHAGEN_WF03_M10_QIR_RESOLUTION_FULL_VERSION_v1.0.zip!RUMAHAGEN_WF03_M10_QIR_RESOLUTION_FULL_VERSION_v1.0/SOURCE_M10_ONLY/CURRENT_QIR_EVIDENCE/core_M10_evidence_19.txt,6973,40d4ff4512c31691178e2e3e3137bcdd8809497b6535e7bd303bd6119aa048dd
M01-M15 new recon(20260907-081753).zip,1,RUMAHAGEN_WF03_M10_QIR_RESOLUTION_FULL_VERSION_v1.0.zip!RUMAHAGEN_WF03_M10_QIR_RESOLUTION_FULL_VERSION_v1.0/SOURCE_M10_ONLY/CURRENT_QIR_EVIDENCE/wf03_M10_evidence_18.txt,2095,edc4facb4ad2b97cf482a20fc11100a247bdf98ab3bcdb4890f6daa3ab9f8c34
M01-M15 new recon(20260907-081753).zip,1,RUMAHAGEN_WF03_M10_QIR_RESOLUTION_FULL_VERSION_v1.0.zip!RUMAHAGEN_WF03_M10_QIR_RESOLUTION_FULL_VERSION_v1.0/SOURCE_M10_ONLY/CURRENT_QIR_EVIDENCE/recon_M10_evidence_03.txt,3600,33ec61ed67ae378e45f4a819592f83c4b48a88f08f9c2423e1b6a214bebf9f15
M01-M15 new recon(20260907-081753).zip,1,RUMAHAGEN_WF03_M10_QIR_RESOLUTION_FULL_VERSION_v1.0.zip!RUMAHAGEN_WF03_M10_QIR_RESOLUTION_FULL_VERSION_v1.0/SOURCE_M10_ONLY/CURRENT_QIR_EVIDENCE/wf03_M10_evidence_10.txt,26212,129bad162cfbc59568275bb6243873b8a48558b97514d14afb7d40c59633d947
M01-M15 new recon(20260907-081753).zip,1,RUMAHAGEN_WF03_M10_QIR_RESOLUTION_FULL_VERSION_v1.0.zip!RUMAHAGEN_WF03_M10_QIR_RESOLUTION_FULL_VERSION_v1.0/SOURCE_M10_ONLY/CURRENT_QIR_EVIDENCE/wf03_M10_evidence_21.txt,4788,a6716dd9d28b70ab87c4db00a098dec5c7e9b075fb0e7e931b94d599a2593cde
M01-M15 new recon(20260907-081753).zip,1,RUMAHAGEN_WF03_M10_QIR_RESOLUTION_FULL_VERSION_v1.0.zip!RUMAHAGEN_WF03_M10_QIR_RESOLUTION_FULL_VERSION_v1.0/SOURCE_M10_ONLY/CURRENT_QIR_EVIDENCE/core_M10_evidence_09.txt,5921,35fac07eebf91ead0d71fc1be2c3f4e6a9d6e3715e5d18670ad0677bfeb1580e
M01-M15 new recon(20260907-081753).zip,1,RUMAHAGEN_WF03_M10_QIR_RESOLUTION_FULL_VERSION_v1.0.zip!RUMAHAGEN_WF03_M10_QIR_RESOLUTION_FULL_VERSION_v1.0/SOURCE_M10_ONLY/CURRENT_QIR_EVIDENCE/recon_M10_evidence_04.txt,656,1670f2921b540d6bcc0ed4644272485d2a390a552e1e76081097cc3bb07f49d6
M01-M15 new recon(20260907-081753).zip,1,RUMAHAGEN_WF03_M10_QIR_RESOLUTION_FULL_VERSION_v1.0.zip!RUMAHAGEN_WF03_M10_QIR_RESOLUTION_FULL_VERSION_v1.0/SOURCE_M10_ONLY/CURRENT_QIR_EVIDENCE/core_M10_evidence_01.txt,13845,e66de8dadc311e8b367e0d86786fb849eb008215ce45062438eba78bc5e47d0b
M01-M15 new recon(20260907-081753).zip,1,RUMAHAGEN_WF03_M10_QIR_RESOLUTION_FULL_VERSION_v1.0.zip!RUMAHAGEN_WF03_M10_QIR_RESOLUTION_FULL_VERSION_v1.0/SOURCE_M10_ONLY/CURRENT_QIR_EVIDENCE/core_M10_evidence_06.txt,9795,4a5e8a75eaf450928b6b04a8d3b1033711ffba2bf22f69d5b783fe6c566dc25e
M01-M15 new recon(20260907-081753).zip,1,RUMAHAGEN_WF03_M10_QIR_RESOLUTION_FULL_VERSION_v1.0.zip!RUMAHAGEN_WF03_M10_QIR_RESOLUTION_FULL_VERSION_v1.0/SOURCE_M10_ONLY/CURRENT_QIR_EVIDENCE/core_M10_evidence_16.txt,6639,9d697b19c1e0afe9c74bc409dc7ffa242be679e4de71e8b29bb8a584e065d40a
M01-M15 new recon(20260907-081753).zip,1,RUMAHAGEN_WF03_M10_QIR_RESOLUTION_FULL_VERSION_v1.0.zip!RUMAHAGEN_WF03_M10_QIR_RESOLUTION_FULL_VERSION_v1.0/SOURCE_M10_ONLY/CURRENT_QIR_EVIDENCE/wf03_M10_evidence_09.txt,8625,be3a060b5d808a13e34754bd06287440a966cb78756968030f7131f4cbb60f09
M01-M15 new recon(20260907-081753).zip,1,RUMAHAGEN_WF03_M10_QIR_RESOLUTION_FULL_VERSION_v1.0.zip!RUMAHAGEN_WF03_M10_QIR_RESOLUTION_FULL_VERSION_v1.0/SOURCE_M10_ONLY/CURRENT_QIR_EVIDENCE/core_M10_evidence_11.txt,6197,3253a16a92c352c0c58e3ab03fc0da160c0aefd4e0d9b90c2ec32cf3bcbac4a8
M01-M15 new recon(20260907-081753).zip,1,RUMAHAGEN_WF03_M10_QIR_RESOLUTION_FULL_VERSION_v1.0.zip!RUMAHAGEN_WF03_M10_QIR_RESOLUTION_FULL_VERSION_v1.0/SOURCE_M10_ONLY/CURRENT_QIR_EVIDENCE/core_M10_evidence_20.txt,3724,fbb5e4cff8a03ed8e22edec89ff1ac39da66430ba12cbd191903a1fd56fb0d6f
M01-M15 new recon(20260907-081753).zip,1,RUMAHAGEN_WF03_M10_QIR_RESOLUTION_FULL_VERSION_v1.0.zip!RUMAHAGEN_WF03_M10_QIR_RESOLUTION_FULL_VERSION_v1.0/SOURCE_M10_ONLY/CURRENT_QIR_EVIDENCE/wf03_M10_evidence_25.txt,2942,416a84aafce707360b0a13950c0cb222a92e857250afbae2780d2fe081ec0645
M01-M15 new recon(20260907-081753).zip,1,RUMAHAGEN_WF03_M10_QIR_RESOLUTION_FULL_VERSION_v1.0.zip!RUMAHAGEN_WF03_M10_QIR_RESOLUTION_FULL_VERSION_v1.0/SOURCE_M10_ONLY/CURRENT_QIR_EVIDENCE/core_M10_evidence_05.txt,6359,5a09bbb19f94d8f1ddec5c0b54dfbedb9672647d6c5ecf74dbb4c07e3cd103dc
M01-M15 new recon(20260907-081753).zip,1,RUMAHAGEN_WF03_M10_QIR_RESOLUTION_FULL_VERSION_v1.0.zip!RUMAHAGEN_WF03_M10_QIR_RESOLUTION_FULL_VERSION_v1.0/SOURCE_M10_ONLY/CURRENT_QIR_EVIDENCE/wf03_M10_evidence_04.txt,4914,f05dc4f45b030ab3d1e96b01d6912f28fe5f4f95e330829a967734a5ca5c946f
M01-M15 new recon(20260907-081753).zip,1,RUMAHAGEN_WF03_M10_QIR_RESOLUTION_FULL_VERSION_v1.0.zip!RUMAHAGEN_WF03_M10_QIR_RESOLUTION_FULL_VERSION_v1.0/SOURCE_M10_ONLY/CURRENT_QIR_EVIDENCE/core_M10_evidence_07.txt,4497,06c175f1a4748393420c7eeb565e4eb7fb11669ed3adf82944f059b1e6f7740a
M01-M15 new recon(20260907-081753).zip,1,RUMAHAGEN_WF03_M10_QIR_RESOLUTION_FULL_VERSION_v1.0.zip!RUMAHAGEN_WF03_M10_QIR_RESOLUTION_FULL_VERSION_v1.0/SOURCE_M10_ONLY/CURRENT_QIR_EVIDENCE/core_M10_evidence_10.txt,46007,70fdbc98989c6de079cd112610b334ed7f5c483c12f4f5b6e1dd3dde6e8b745a
M01-M15 new recon(20260907-081753).zip,1,RUMAHAGEN_WF03_M10_QIR_RESOLUTION_FULL_VERSION_v1.0.zip!RUMAHAGEN_WF03_M10_QIR_RESOLUTION_FULL_VERSION_v1.0/SOURCE_M10_ONLY/CURRENT_QIR_EVIDENCE/core_M10_evidence_18.txt,3874,620a21edf2ff9e95083258c313a1e69885f67bf0cc60f7a8c65f784557fc9ce2
M01-M15 new recon(20260907-081753).zip,1,RUMAHAGEN_WF03_M10_QIR_RESOLUTION_FULL_VERSION_v1.0.zip!RUMAHAGEN_WF03_M10_QIR_RESOLUTION_FULL_VERSION_v1.0/SOURCE_M10_ONLY/CURRENT_QIR_EVIDENCE/wf03_M10_evidence_11.txt,26208,d6f1d0d342a08315c197a3dada31a534dde9fd43c24727a340d90f65f1762aa3
M01-M15 new recon(20260907-081753).zip,1,RUMAHAGEN_WF03_M10_QIR_RESOLUTION_FULL_VERSION_v1.0.zip!RUMAHAGEN_WF03_M10_QIR_RESOLUTION_FULL_VERSION_v1.0/SOURCE_M10_ONLY/CURRENT_QIR_EVIDENCE/wf03_M10_evidence_17.txt,7382,9c1aa60210cd49290dcb3306ed9ea3253313eb307a8a292d0068934d0ed3c46b
M01-M15 new recon(20260907-081753).zip,1,RUMAHAGEN_WF03_M10_QIR_RESOLUTION_FULL_VERSION_v1.0.zip!RUMAHAGEN_WF03_M10_QIR_RESOLUTION_FULL_VERSION_v1.0/SOURCE_M10_ONLY/CURRENT_QIR_EVIDENCE/wf03_M10_evidence_02.txt,5353,781369ad52f245e3fd12666f56f15bf44b77b8b05acc01abc2d9e0982efad07c
M01-M15 new recon(20260907-081753).zip,1,RUMAHAGEN_WF03_M10_QIR_RESOLUTION_FULL_VERSION_v1.0.zip!RUMAHAGEN_WF03_M10_QIR_RESOLUTION_FULL_VERSION_v1.0/SOURCE_M10_ONLY/CURRENT_QIR_EVIDENCE/wf03_M10_evidence_24.txt,3818,7bb73b3969a65032d709e2555171f19e963b86203295cdaad0bb925034c2eb2f
M01-M15 new recon(20260907-081753).zip,1,RUMAHAGEN_WF03_M10_QIR_RESOLUTION_FULL_VERSION_v1.0.zip!RUMAHAGEN_WF03_M10_QIR_RESOLUTION_FULL_VERSION_v1.0/SOURCE_M10_ONLY/CURRENT_QIR_EVIDENCE/wf03_M10_evidence_01.txt,5142,312738c906ce94743e04504b3ec770218eb75f193acf5d268058c45166312fa3
M01-M15 new recon(20260907-081753).zip,1,RUMAHAGEN_WF03_M10_QIR_RESOLUTION_FULL_VERSION_v1.0.zip!RUMAHAGEN_WF03_M10_QIR_RESOLUTION_FULL_VERSION_v1.0/SOURCE_M10_ONLY/CURRENT_QIR_EVIDENCE/core_M10_evidence_12.txt,6406,26e365e29d3b87b8cdbc155ad240b7c726a93af036d1b63ca83dbaef5148f05a
M01-M15 new recon(20260907-081753).zip,1,RUMAHAGEN_WF03_M10_QIR_RESOLUTION_FULL_VERSION_v1.0.zip!RUMAHAGEN_WF03_M10_QIR_RESOLUTION_FULL_VERSION_v1.0/SOURCE_M10_ONLY/CURRENT_QIR_EVIDENCE/core_M10_evidence_25.txt,27465,9b088ca277aecd2483086588091a5cddbb908745525f35836d5012cc62131634
M01-M15 new recon(20260907-081753).zip,1,RUMAHAGEN_WF03_M10_QIR_RESOLUTION_FULL_VERSION_v1.0.zip!RUMAHAGEN_WF03_M10_QIR_RESOLUTION_FULL_VERSION_v1.0/SOURCE_M10_ONLY/CURRENT_QIR_EVIDENCE/wf03_M10_evidence_06.txt,5162,2f94e3fb356db12853400202244a4ce13240caaae3970af5a641742995ec9670
M01-M15 new recon(20260907-081753).zip,1,RUMAHAGEN_WF03_M10_QIR_RESOLUTION_FULL_VERSION_v1.0.zip!RUMAHAGEN_WF03_M10_QIR_RESOLUTION_FULL_VERSION_v1.0/SOURCE_M10_ONLY/CURRENT_QIR_EVIDENCE/wf03_M10_evidence_05.txt,5687,a23b695150942cbbd4778bcbe996f43c6cc9e57ae534f4ab09f5f259ce43cf1f
M01-M15 new recon(20260907-081753).zip,1,RUMAHAGEN_WF03_M10_QIR_RESOLUTION_FULL_VERSION_v1.0.zip!RUMAHAGEN_WF03_M10_QIR_RESOLUTION_FULL_VERSION_v1.0/SOURCE_M10_ONLY/CURRENT_QIR_EVIDENCE/wf03_M10_evidence_08.txt,4183,358040fe1db8831ffd1b0d3dcb2d7172da7f8f204abbff6520a8b49936e6bb3a
M01-M15 new recon(20260907-081753).zip,1,RUMAHAGEN_WF03_M10_QIR_RESOLUTION_FULL_VERSION_v1.0.zip!RUMAHAGEN_WF03_M10_QIR_RESOLUTION_FULL_VERSION_v1.0/SOURCE_M10_ONLY/CURRENT_QIR_EVIDENCE/wf03_M10_evidence_12.txt,10333,0ecf167a61c4408fed11c477b1c38246fb80290e4b6e6883c64d9453bdc91c31
M01-M15 new recon(20260907-081753).zip,1,RUMAHAGEN_WF03_M10_QIR_RESOLUTION_FULL_VERSION_v1.0.zip!RUMAHAGEN_WF03_M10_QIR_RESOLUTION_FULL_VERSION_v1.0/SOURCE_M10_ONLY/CURRENT_QIR_EVIDENCE/wf03_M10_evidence_14.txt,4047,42e9b00386601c2045289be15e13790183fdf7356ddec87724160b245297739f
M01-M15 new recon(20260907-081753).zip,1,RUMAHAGEN_WF03_M10_QIR_RESOLUTION_FULL_VERSION_v1.0.zip!RUMAHAGEN_WF03_M10_QIR_RESOLUTION_FULL_VERSION_v1.0/SOURCE_M10_ONLY/CURRENT_QIR_EVIDENCE/core_M10_evidence_17.txt,12510,80708bd9519e6decb94875947d3d2b27a4a0ee67ac9dbeaca0cd5e709073fa28
M01-M15 new recon(20260907-081753).zip,1,RUMAHAGEN_WF03_M10_QIR_RESOLUTION_FULL_VERSION_v1.0.zip!RUMAHAGEN_WF03_M10_QIR_RESOLUTION_FULL_VERSION_v1.0/SOURCE_M10_ONLY/CURRENT_QIR_EVIDENCE/core_M10_evidence_04.txt,10332,67f4b26a12219a9151c23ba188aefec8ff5fcb70e22703a83fe2b6460ff6f777
M01-M15 new recon(20260907-081753).zip,1,RUMAHAGEN_WF03_M10_QIR_RESOLUTION_FULL_VERSION_v1.0.zip!RUMAHAGEN_WF03_M10_QIR_RESOLUTION_FULL_VERSION_v1.0/SOURCE_M10_ONLY/CURRENT_QIR_EVIDENCE/wf03_M10_evidence_15.txt,5544,2e8d418ca0a74f24e74eda137a37395ac5c450241551568d1da17a3b2961d8d5
M01-M15 new recon(20260907-081753).zip,1,RUMAHAGEN_WF03_M10_QIR_RESOLUTION_FULL_VERSION_v1.0.zip!RUMAHAGEN_WF03_M10_QIR_RESOLUTION_FULL_VERSION_v1.0/SOURCE_M10_ONLY/CURRENT_QIR_EVIDENCE/wf03_M10_evidence_23.txt,8843,1e76a94b94d77b245f4099b45bf7e51e9502d44750413ddacb24bd4f131995cd
M01-M15 new recon(20260907-081753).zip,1,RUMAHAGEN_WF03_M10_QIR_RESOLUTION_FULL_VERSION_v1.0.zip!RUMAHAGEN_WF03_M10_QIR_RESOLUTION_FULL_VERSION_v1.0/SOURCE_M10_ONLY/CURRENT_QIR_EVIDENCE/recon_M10_evidence_02.txt,2106,7fed0f5f40ccbfdb3bbd0ec18711744c1783db836c6988ea1746d28726f2d770
M01-M15 new recon(20260907-081753).zip,1,RUMAHAGEN_WF03_M10_QIR_RESOLUTION_FULL_VERSION_v1.0.zip!RUMAHAGEN_WF03_M10_QIR_RESOLUTION_FULL_VERSION_v1.0/SOURCE_M10_ONLY/CURRENT_QIR_EVIDENCE/wf03_M10_evidence_07.txt,11811,b9bc312480aff97c1139c21b63a541b239407b990b2a02bdc4084bca2661217f
M01-M15 new recon(20260907-081753).zip,1,RUMAHAGEN_WF03_M10_QIR_RESOLUTION_FULL_VERSION_v1.0.zip!RUMAHAGEN_WF03_M10_QIR_RESOLUTION_FULL_VERSION_v1.0/SOURCE_M10_ONLY/CURRENT_QIR_EVIDENCE/wf03_M10_evidence_19.txt,5743,d79bc864b9d8e6534a4b9bf3719af655d7fbfeb1ca0fd9e8b4fc9b708da6dccb
M01-M15 new recon(20260907-081753).zip,1,RUMAHAGEN_WF03_M10_QIR_RESOLUTION_FULL_VERSION_v1.0.zip!RUMAHAGEN_WF03_M10_QIR_RESOLUTION_FULL_VERSION_v1.0/SOURCE_M10_ONLY/CURRENT_QIR_EVIDENCE/wf03_M10_evidence_13.txt,5531,64b05577e4dc93fbf54b024367853ae92ae15cebc33e4895fd2c70c1f451408c
M01-M15 new recon(20260907-081753).zip,0,RUMAHAGEN_WF03_M11_FULL_REBUILD_CONTROLLED_v2.0_FULL_VERSION.zip,49864,36cddb5456c7558e1a2543122dd17d674f06a9f7ba7d100a1d5cea0b9ebb8144
M01-M15 new recon(20260907-081753).zip,1,RUMAHAGEN_WF03_M11_FULL_REBUILD_CONTROLLED_v2.0_FULL_VERSION.zip!RUMAHAGEN_WF03_M11_FULL_REBUILD_CONTROLLED_v2.0_FULL_VERSION.md,21630,2f84debb645c863844bf9980fc80a970b2982abe54eb7bb844d8f255f50a5440
M01-M15 new recon(20260907-081753).zip,1,RUMAHAGEN_WF03_M11_FULL_REBUILD_CONTROLLED_v2.0_FULL_VERSION.zip!RUMAHAGEN_WF03_M11_FULL_REBUILD_CONTROLLED_v2.0_FULL_VERSION.docx,44329,06592758dfacba92dfd3e0e3977d2c2723675ddbc100fb6253fabfff3e89a6d3
M01-M15 new recon(20260907-081753).zip,1,RUMAHAGEN_WF03_M11_FULL_REBUILD_CONTROLLED_v2.0_FULL_VERSION.zip!M11_CONTROLLED_MANIFEST_v2.0.json,727,70e81b094dfaf971d55a5e4c62df0b16d85cc8f28b9cafae717f63053c05dc6b
M01-M15 new recon(20260907-081753).zip,1,RUMAHAGEN_WF03_M11_FULL_REBUILD_CONTROLLED_v2.0_FULL_VERSION.zip!SHA256SUMS.txt,361,56ad4b80e0e6fec2c8d85bafba1a97ea31570b70b20122db442a63dee7f53a08
M01-M15 new recon(20260907-081753).zip,0,RUMAHAGEN_WF03_M11_CORE_IMPACT_ANALYSIS_FULL_v1.0.zip,52090,6351adf47f9bc030f246f06dc0943614806504dc72f3220bb379aee2244a9c38
M01-M15 new recon(20260907-081753).zip,1,RUMAHAGEN_WF03_M11_CORE_IMPACT_ANALYSIS_FULL_v1.0.zip!RUMAHAGEN_WF03_M11_CORE_IMPACT_ANALYSIS_FULL_v1.0.md,23748,25df77fac4d998965b39f70ff4fd3f12676522e9c34190dfdb7c029f618bd9a1
M01-M15 new recon(20260907-081753).zip,1,RUMAHAGEN_WF03_M11_CORE_IMPACT_ANALYSIS_FULL_v1.0.zip!RUMAHAGEN_WF03_M11_CORE_IMPACT_ANALYSIS_FULL_v1.0.docx,45323,50b5ab3f5bb6e57e694305b0e6febdcab881c40e389b2e0ec6d66f675e67cb31
M01-M15 new recon(20260907-081753).zip,1,RUMAHAGEN_WF03_M11_CORE_IMPACT_ANALYSIS_FULL_v1.0.zip!M11_CORE_IMPACT_ANALYSIS_CONTROLLED_MANIFEST_v1.0.json,1255,77d290ad9a84b64036fe38b0ff580f986caf6334f3d77f2db69b65667649682c
M01-M15 new recon(20260907-081753).zip,1,RUMAHAGEN_WF03_M11_CORE_IMPACT_ANALYSIS_FULL_v1.0.zip!SHA256SUMS.txt,360,b7a76ea019b0efe03c4d1ec6684d79b415d7eda5c322aea968af9ef776121ca6
M01-M15 new recon(20260907-081753).zip,0,RUMAHAGEN_WF03_M11_QIR_RESOLUTION_FULL_v1.0_FULL_VERSION.zip,49384,e7b0063e30d7c3ad1cd05ce03b141f9a77c4f950e668dd3d988d59ada24b1483
M01-M15 new recon(20260907-081753).zip,1,RUMAHAGEN_WF03_M11_QIR_RESOLUTION_FULL_v1.0_FULL_VERSION.zip!RUMAHAGEN_WF03_M11_QIR_RESOLUTION_FULL_v1.0_FULL_VERSION.md,18426,780a8a4655ae8c86cd33083c1212e92c921f86d2f1ce31dfd1fc83878ed2e4f8
M01-M15 new recon(20260907-081753).zip,1,RUMAHAGEN_WF03_M11_QIR_RESOLUTION_FULL_v1.0_FULL_VERSION.zip!RUMAHAGEN_WF03_M11_QIR_RESOLUTION_FULL_v1.0_FULL_VERSION.docx,43901,5507a4af119e1a387e925a71e249a1104320e74ffcf8836675263c299b41a6ae
M01-M15 new recon(20260907-081753).zip,1,RUMAHAGEN_WF03_M11_QIR_RESOLUTION_FULL_v1.0_FULL_VERSION.zip!M11_QIR_RESOLUTION_CONTROLLED_MANIFEST_v1.0.json,1257,b87cbe0d09391f8542057ba23a03798e3cc69f7af38a3e133757f43bb626c19f
M01-M15 new recon(20260907-081753).zip,1,RUMAHAGEN_WF03_M11_QIR_RESOLUTION_FULL_v1.0_FULL_VERSION.zip!SHA256SUMS.txt,368,7d2f60730bda7fa8cd0685747d32c8b90caacee3b910f60e79d546ed27b59ce2
M01-M15 new recon(20260907-081753).zip,0,RUMAHAGEN_WF03_M12_QIR_RESOLUTION_FULL_v1.0.zip,48513,87ff723036f3aa7b665e5bc44eaa032e680c81ee1c2719559b99cbc47cf0416e
M01-M15 new recon(20260907-081753).zip,1,RUMAHAGEN_WF03_M12_QIR_RESOLUTION_FULL_v1.0.zip!RUMAHAGEN_WF03_M12_QIR_RESOLUTION_FULL_v1.0.md,18123,c294ae6b8a1f221ac0a75cf3a041486e6fff7edf4a2df0d8e456fcb4c3334a5e
M01-M15 new recon(20260907-081753).zip,1,RUMAHAGEN_WF03_M12_QIR_RESOLUTION_FULL_v1.0.zip!RUMAHAGEN_WF03_M12_QIR_RESOLUTION_FULL_v1.0.docx,43653,5e4cb59344bade2dced13ec94b774c504edc02bad9ac5f7e7624da208b1638cf
M01-M15 new recon(20260907-081753).zip,1,RUMAHAGEN_WF03_M12_QIR_RESOLUTION_FULL_v1.0.zip!M12_QIR_CONTROLLED_MANIFEST_v1.0.json,640,be84292fa0d1be1abd6be9e50075f293701212e4ab12b249675d0e55845f1b09
M01-M15 new recon(20260907-081753).zip,1,RUMAHAGEN_WF03_M12_QIR_RESOLUTION_FULL_v1.0.zip!SHA256SUMS.txt,331,3ea7e2e8206798dfe246714c29c29d69fe05a29b5df2958d4f7c968ad3d0d1d3
M01-M15 new recon(20260907-081753).zip,0,RUMAHAGEN_WF03_M12_FULL_REBUILD_CONTROLLED_v1.0.zip,49052,ed5c4fa0f2e09c93d0c3d0aa59d1a754af179f5ae28ad85097a7d1cbe3304dce
M01-M15 new recon(20260907-081753).zip,1,RUMAHAGEN_WF03_M12_FULL_REBUILD_CONTROLLED_v1.0.zip!RUMAHAGEN_WF03_M12_FULL_REBUILD_CONTROLLED_v1.0.md,20126,fd88f7ffc97a2eede6abf963e59d3e02f38016431b01ac5178543186283f82ca
M01-M15 new recon(20260907-081753).zip,1,RUMAHAGEN_WF03_M12_FULL_REBUILD_CONTROLLED_v1.0.zip!RUMAHAGEN_WF03_M12_FULL_REBUILD_CONTROLLED_v1.0.docx,43868,a15bdf29377a85f5398b4cd8706a25f871d473b256ad5a178d380993842740cd
M01-M15 new recon(20260907-081753).zip,1,RUMAHAGEN_WF03_M12_FULL_REBUILD_CONTROLLED_v1.0.zip!M12_CONTROLLED_MANIFEST_v1.0.json,714,a1eb49c312d9657f2803be10509d145d6728639032f31de77cd8c61faa7849eb
M01-M15 new recon(20260907-081753).zip,1,RUMAHAGEN_WF03_M12_FULL_REBUILD_CONTROLLED_v1.0.zip!SHA256SUMS.txt,335,088878ff50dfb783f4cbd43e8a61156dadf6a0ece5cb7767ac7b61de97f48954
M01-M15 new recon(20260907-081753).zip,0,RUMAHAGEN_WF03_M12_CORE_IMPACT_ANALYSIS_FULL_v1.0.zip,50692,cc39a119cb255ffdc8139f6ab03f582b4aa59b26add99f63950981cb5201ba8b
M01-M15 new recon(20260907-081753).zip,1,RUMAHAGEN_WF03_M12_CORE_IMPACT_ANALYSIS_FULL_v1.0.zip!RUMAHAGEN_WF03_M12_CORE_IMPACT_ANALYSIS_FULL_v1.0.md,22540,55bc9a1f6cd69e353d6184dc1aff021d5c3741e6e8d7cc6c369ffb97bbb283b3
M01-M15 new recon(20260907-081753).zip,1,RUMAHAGEN_WF03_M12_CORE_IMPACT_ANALYSIS_FULL_v1.0.zip!RUMAHAGEN_WF03_M12_CORE_IMPACT_ANALYSIS_FULL_v1.0.docx,44539,44bc4b64364b6d84bbf16fa059408672412f06802dd742d85282bd945e86108e
M01-M15 new recon(20260907-081753).zip,1,RUMAHAGEN_WF03_M12_CORE_IMPACT_ANALYSIS_FULL_v1.0.zip!M12_CORE_IMPACT_CONTROLLED_MANIFEST_v1.0.json,1563,0369b092849f3b1ad8c995e2b2091a9c734c9cb0446d6a6fd1df79b462fa424d
M01-M15 new recon(20260907-081753).zip,1,RUMAHAGEN_WF03_M12_CORE_IMPACT_ANALYSIS_FULL_v1.0.zip!SHA256SUMS.txt,351,6d92045a48a83194d0424f57f70cb33263d09ebfafd02957fbc0381aa20a32b3
M01-M15 new recon(20260907-081753).zip,0,RUMAHAGEN_WF03_M13_CORE_IMPACT_ANALYSIS_FULL_v1.0.zip,49409,31aa8032aacb60104f6e43648a2faad4f5140f953355ff93158778fcc8596b9e
M01-M15 new recon(20260907-081753).zip,1,RUMAHAGEN_WF03_M13_CORE_IMPACT_ANALYSIS_FULL_v1.0.zip!RUMAHAGEN_WF03_M13_CORE_IMPACT_ANALYSIS_FULL_v1.0.md,18840,e4b89bd658786c8e12eb564881edcb579344ff870bc47f7a63fcde067e9bd3e7
M01-M15 new recon(20260907-081753).zip,1,RUMAHAGEN_WF03_M13_CORE_IMPACT_ANALYSIS_FULL_v1.0.zip!RUMAHAGEN_WF03_M13_CORE_IMPACT_ANALYSIS_FULL_v1.0.docx,43979,1348e4a8b76d8583c12bcc9c894d6494cbae90ac4a4f974e92dfeeec2dd098c5
M01-M15 new recon(20260907-081753).zip,1,RUMAHAGEN_WF03_M13_CORE_IMPACT_ANALYSIS_FULL_v1.0.zip!M13_CORE_IMPACT_CONTROLLED_MANIFEST_v1.0.json,909,83a335617f1356449619fe5bca02054d2eea89871be405aac31042b6706b1316
M01-M15 new recon(20260907-081753).zip,1,RUMAHAGEN_WF03_M13_CORE_IMPACT_ANALYSIS_FULL_v1.0.zip!SHA256SUMS.txt,351,8b556e137104d5351ce7bb95d0c2e0489cac19b1dc8d36c5cdbbd75e97cf3107
M01-M15 new recon(20260907-081753).zip,0,RUMAHAGEN_WF03_M13_FULL_REBUILD_CONTROLLED_v1.0.zip,52414,e78d10a8dd076949131abdb757ca7ddecfe6722a292e79c42ea7c5568c0279cb
M01-M15 new recon(20260907-081753).zip,1,RUMAHAGEN_WF03_M13_FULL_REBUILD_CONTROLLED_v1.0.zip!RUMAHAGEN_WF03_M13_FULL_REBUILD_CONTROLLED_v1.0.md,23559,c28c6ff213ed72fc40afc3e521ae33a47af3c90e61636da1fc08d9a618072121
M01-M15 new recon(20260907-081753).zip,1,RUMAHAGEN_WF03_M13_FULL_REBUILD_CONTROLLED_v1.0.zip!RUMAHAGEN_WF03_M13_FULL_REBUILD_CONTROLLED_v1.0.docx,45624,12659a6ead1b6f181469afa8c0533f023295e197152033648b92500368b3293d
M01-M15 new recon(20260907-081753).zip,1,RUMAHAGEN_WF03_M13_FULL_REBUILD_CONTROLLED_v1.0.zip!M13_CONTROLLED_MANIFEST_v1.0.json,1122,e8fedee3420b1e38cef547aff03bfa9b7207ed9186dd2fa91622f5454db524c1
M01-M15 new recon(20260907-081753).zip,1,RUMAHAGEN_WF03_M13_FULL_REBUILD_CONTROLLED_v1.0.zip!SHA256SUMS.txt,335,aaeaf86c46a86f24dc43b5fdd7ceef2a61d3a7ee3c570028ac5832f136d364bc
M01-M15 new recon(20260907-081753).zip,0,RUMAHAGEN_WF03_M13_QIR_RESOLUTION_FULL_v1.0.zip,47002,6989707356ac6e1b43871e33b0bc2c6bf99ad01e48614f5d3f1d2e98fda3b004
M01-M15 new recon(20260907-081753).zip,1,RUMAHAGEN_WF03_M13_QIR_RESOLUTION_FULL_v1.0.zip!RUMAHAGEN_WF03_M13_QIR_RESOLUTION_FULL_v1.0.md,14829,5f5ac97113de0e6c56013af3c404c6a2758e535b19a48bc8685394979ba8c0f4
M01-M15 new recon(20260907-081753).zip,1,RUMAHAGEN_WF03_M13_QIR_RESOLUTION_FULL_v1.0.zip!RUMAHAGEN_WF03_M13_QIR_RESOLUTION_FULL_v1.0.docx,42704,63d2df25dc9678eb43f05e72f32bd61efd7edb4530e61c25444e7542154de490
M01-M15 new recon(20260907-081753).zip,1,RUMAHAGEN_WF03_M13_QIR_RESOLUTION_FULL_v1.0.zip!M13_QIR_CONTROLLED_MANIFEST_v1.0.json,879,fc0633e08e290a0c009cf7d263499ee3cf5c11dcfa221c9140b4e1cdb3316c4b
M01-M15 new recon(20260907-081753).zip,1,RUMAHAGEN_WF03_M13_QIR_RESOLUTION_FULL_v1.0.zip!SHA256SUMS.txt,331,fb017e32ca56314f2ef5585b3f55acec3c15c441416b59a37883326547a5b62e
M01-M15 new recon(20260907-081753).zip,0,RUMAHAGEN_WF03_M14_FULL_REBUILD_v2.2_CORE_DETAIL_PARITY_FULL_VERSION.zip,68960,34d404334a425c62ac2d3a08b9d4a552af939b248992b4fed874acaab8852b21
M01-M15 new recon(20260907-081753).zip,1,RUMAHAGEN_WF03_M14_FULL_REBUILD_v2.2_CORE_DETAIL_PARITY_FULL_VERSION.zip!RUMAHAGEN_WF03_M14_FULL_REBUILD_v2.2_CORE_DETAIL_PARITY_FULL_VERSION.md,52073,5d1bed371250e6a4ab175ecf9db66bc545750b93d3f242be1b13fa76549133a9
M01-M15 new recon(20260907-081753).zip,1,RUMAHAGEN_WF03_M14_FULL_REBUILD_v2.2_CORE_DETAIL_PARITY_FULL_VERSION.zip!RUMAHAGEN_WF03_M14_FULL_REBUILD_v2.2_CORE_DETAIL_PARITY_FULL_VERSION.docx,55397,13fcbc0173c5aba998b1d8b33199c05dd0bffa040a97d5573205409c4e8d8e83
M01-M15 new recon(20260907-081753).zip,0,RUMAHAGEN_WF03_M14_CORE_IMPACT_ANALYSIS_v1.0_FULL_VERSION.zip,46635,f7c73b268c6b4e68db9565d0466e61c6826465ac4623aca14eeb6234c47b7ead
M01-M15 new recon(20260907-081753).zip,1,RUMAHAGEN_WF03_M14_CORE_IMPACT_ANALYSIS_v1.0_FULL_VERSION.zip!RUMAHAGEN_WF03_M14_CORE_IMPACT_ANALYSIS_v1.0_FULL_VERSION.md,18063,4d9cd60854264a746b2644e004fbb1c7b5320e3b1c0ad79ee61df3e72cfd844b
M01-M15 new recon(20260907-081753).zip,1,RUMAHAGEN_WF03_M14_CORE_IMPACT_ANALYSIS_v1.0_FULL_VERSION.zip!RUMAHAGEN_WF03_M14_CORE_IMPACT_ANALYSIS_v1.0_FULL_VERSION.docx,42929,3206300a1f80e6e6d29ebda8caa775b08806842f75adb0835f8d37f3cb36e1c2
M01-M15 new recon(20260907-081753).zip,0,RUMAHAGEN_WF03_M14_QIR_RESOLUTION_v1.0_FULL_VERSION.zip,53595,ea870b4dda1014b36b17c57eaf11c65760c5b43862a3f1f4fadb68fe83a0959b
M01-M15 new recon(20260907-081753).zip,1,RUMAHAGEN_WF03_M14_QIR_RESOLUTION_v1.0_FULL_VERSION.zip!RUMAHAGEN_WF03_M14_QIR_RESOLUTION_v1.0_FULL_VERSION.md,27436,599e21daac43e638447fcef9072f8dac9d0ac6069dc365d91d5015e32404a6b0
M01-M15 new recon(20260907-081753).zip,1,RUMAHAGEN_WF03_M14_QIR_RESOLUTION_v1.0_FULL_VERSION.zip!RUMAHAGEN_WF03_M14_QIR_RESOLUTION_v1.0_FULL_VERSION.docx,47163,d5ae014834a89e9edcc80bc245482eda7a2159af81705334ff0dd0354b427172
M01-M15 new recon(20260907-081753).zip,0,RUMAHAGEN_WF03_M15_FULL_REBUILD_v1.1_CORE_DETAIL_SYNCHRONIZED_FULL_VERSION.zip,50096,d197690a93db799e4855dc4f13d143ad76843595b6fb59e77eb049062c2e20ac
M01-M15 new recon(20260907-081753).zip,1,RUMAHAGEN_WF03_M15_FULL_REBUILD_v1.1_CORE_DETAIL_SYNCHRONIZED_FULL_VERSION.zip!RUMAHAGEN_WF03_M15_FULL_REBUILD_v1.1_CORE_DETAIL_SYNCHRONIZED_FULL_VERSION.md,22342,eba83ffba14301e0314f24f688b59b44d0aa9ff95e96e92fa13d7d4d8c2c2bd3
M01-M15 new recon(20260907-081753).zip,1,RUMAHAGEN_WF03_M15_FULL_REBUILD_v1.1_CORE_DETAIL_SYNCHRONIZED_FULL_VERSION.zip!RUMAHAGEN_WF03_M15_FULL_REBUILD_v1.1_CORE_DETAIL_SYNCHRONIZED_FULL_VERSION.docx,44838,5ea9398a69ee4243137b7a4b84dbd55f2a1e179bfbbc93e6a16962bb0682fa25
M01-M15 new recon(20260907-081753).zip,0,RUMAHAGEN_WF03_M15_CORE_IMPACT_RESOLUTION_v1.0_FULL_VERSION.zip,47958,4188ffd52a90519a7c17392be29347e2b41279caf37df9a210e8ebce5474eee2
M01-M15 new recon(20260907-081753).zip,1,RUMAHAGEN_WF03_M15_CORE_IMPACT_RESOLUTION_v1.0_FULL_VERSION.zip!RUMAHAGEN_WF03_M15_CORE_IMPACT_RESOLUTION_v1.0_FULL_VERSION.docx,43734,288c485e5ce00402457ef4badcb7a611e9fa984fbace6e95f39526750c87dbc7
M01-M15 new recon(20260907-081753).zip,1,RUMAHAGEN_WF03_M15_CORE_IMPACT_RESOLUTION_v1.0_FULL_VERSION.zip!RUMAHAGEN_WF03_M15_CORE_IMPACT_RESOLUTION_v1.0_FULL_VERSION.md,20611,4619153d95fe692c99b1d25f7f8f09b000d195703b49c5a5b325e85169702369
M01-M15 new recon(20260907-081753).zip,0,RUMAHAGEN_WF03_M15_QIR_RESOLUTION_v1.0_FULL_VERSION.zip,47950,a1aa932d5358a816ca165be681ecc4df673320d7272dbdc15e9b9e2f5616a6c0
M01-M15 new recon(20260907-081753).zip,1,RUMAHAGEN_WF03_M15_QIR_RESOLUTION_v1.0_FULL_VERSION.zip!RUMAHAGEN_WF03_M15_QIR_RESOLUTION_v1.0_FULL_VERSION.docx,43686,6ffc3ee8eab08bc4c5e04d5cbe0fb63be41c503c6c1da4a2bc2a4476e2fbe513
M01-M15 new recon(20260907-081753).zip,1,RUMAHAGEN_WF03_M15_QIR_RESOLUTION_v1.0_FULL_VERSION.zip!RUMAHAGEN_WF03_M15_QIR_RESOLUTION_v1.0_FULL_VERSION.md,19337,612d01c4e515d3d3f59dfe94da5b8b1cadd067f62010fe51127c783b204da1f9
M01-M15 new recon(20260907-081753).zip,0,RUMAHAGEN_WF03_M04_FULL_REBUILD_v1.2_QIR_INTEGRATED_CONTROLLED.zip,149003,41d13dff210a1c392b03cc6035e2b2dc92f7b877c4ec2429b61e5268ee734876
M01-M15 new recon(20260907-081753).zip,1,RUMAHAGEN_WF03_M04_FULL_REBUILD_v1.2_QIR_INTEGRATED_CONTROLLED.zip!M04_QIR_INTEGRATION_MATRIX_v1.2.csv,20298,dbd74899dc790073fc5fcb26d28c5e1d759a3497aad936152d9dee0ecba9c5ad
M01-M15 new recon(20260907-081753).zip,1,RUMAHAGEN_WF03_M04_FULL_REBUILD_v1.2_QIR_INTEGRATED_CONTROLLED.zip!M04_V1.2_INTEGRATION_QA.md,693,673bbea77d3a3716f4a48e088f62147a4eeabcddb370c2c9b7397187b833b80d
M01-M15 new recon(20260907-081753).zip,1,RUMAHAGEN_WF03_M04_FULL_REBUILD_v1.2_QIR_INTEGRATED_CONTROLLED.zip!MANIFEST.md,3672,035f6a54463f81fc4c427804780e8e8137f26c528783a64ed41e3d580a094134
M01-M15 new recon(20260907-081753).zip,1,RUMAHAGEN_WF03_M04_FULL_REBUILD_v1.2_QIR_INTEGRATED_CONTROLLED.zip!PROVENANCE.md,472,e727667e23ab32cd87e9b94f683e5f2e53a3da2ccd101d648a3d302b1cad2634
M01-M15 new recon(20260907-081753).zip,1,RUMAHAGEN_WF03_M04_FULL_REBUILD_v1.2_QIR_INTEGRATED_CONTROLLED.zip!M04_CANONICAL_v1.2.md,62387,3eecb1e678504ee29c6a73710957680efea461e059dff41527e3d0053a4eabf8
M01-M15 new recon(20260907-081753).zip,1,RUMAHAGEN_WF03_M04_FULL_REBUILD_v1.2_QIR_INTEGRATED_CONTROLLED.zip!M04_v1.1/02_M04_QUESTION_INVENTORY_v1.1.md,6933,8e8470313c99218db779b805357171f05a8cf7c82f56a2f51e660965b136c26d
M01-M15 new recon(20260907-081753).zip,1,RUMAHAGEN_WF03_M04_FULL_REBUILD_v1.2_QIR_INTEGRATED_CONTROLLED.zip!M04_v1.1/13_M04_V1.1_SECOND_DEEP_SCAN_FULL_REVALIDATION.md,1353,691a7cff6a81cbe322013a697f53d61eb3484a0da5be85c7cda66b2c5df6dfe2
M01-M15 new recon(20260907-081753).zip,1,RUMAHAGEN_WF03_M04_FULL_REBUILD_v1.2_QIR_INTEGRATED_CONTROLLED.zip!M04_v1.1/11_M04_PROVENANCE_v1.1.md,514,edcd6987f1759db3f6e2c83cc7d01aebc4a00cce98d85441e16ebece9ef75860
M01-M15 new recon(20260907-081753).zip,1,RUMAHAGEN_WF03_M04_FULL_REBUILD_v1.2_QIR_INTEGRATED_CONTROLLED.zip!M04_v1.1/12_MANIFEST_M04_v1.1.md,1202,8d721fc47a4b6e1377d201e297c8fc6d33aade41f70c122920e111fb79009b0b
M01-M15 new recon(20260907-081753).zip,1,RUMAHAGEN_WF03_M04_FULL_REBUILD_v1.2_QIR_INTEGRATED_CONTROLLED.zip!M04_v1.1/03_M04_SEMANTIC_REVIEW_v1.1.md,1074,860793749484e8cb1066dcf20a6d4dae04cccd1fe7abb6de990d65b3c125600c
M01-M15 new recon(20260907-081753).zip,1,RUMAHAGEN_WF03_M04_FULL_REBUILD_v1.2_QIR_INTEGRATED_CONTROLLED.zip!M04_v1.1/04_M04_LIFECYCLE_REVIEW_v1.1.md,928,969617c8ac8fdd05a4ed6dfdbcaa91172dc8be201786c516e9b7e78159f34740
M01-M15 new recon(20260907-081753).zip,1,RUMAHAGEN_WF03_M04_FULL_REBUILD_v1.2_QIR_INTEGRATED_CONTROLLED.zip!M04_v1.1/10_M04_INTEGRATION_READINESS_v1.1.md,464,0ed4573de1da916dd2d17d2a5cfaf4a945f2fcc4c81fc16349bedde44b3d5794
M01-M15 new recon(20260907-081753).zip,1,RUMAHAGEN_WF03_M04_FULL_REBUILD_v1.2_QIR_INTEGRATED_CONTROLLED.zip!M04_v1.1/06_M04_PERMISSION_ROLE_REVIEW_v1.1.md,818,599532c3458490100c97ffa72643bc31c37137608003fcb09b7e543df4ab1bcf
M01-M15 new recon(20260907-081753).zip,1,RUMAHAGEN_WF03_M04_FULL_REBUILD_v1.2_QIR_INTEGRATED_CONTROLLED.zip!M04_v1.1/01_M04_INVENTORY_FULL_DEEP_SCAN_v1.1.md,1740,8ae0566307ca191843a6948e5e74760728c470a864c125d80775efca08df3737
M01-M15 new recon(20260907-081753).zip,1,RUMAHAGEN_WF03_M04_FULL_REBUILD_v1.2_QIR_INTEGRATED_CONTROLLED.zip!M04_v1.1/05_M04_CROSS_ARTIFACT_IMPACT_REVIEW_v1.1.md,1305,c08eb8fbea8588e1fa67becbf442a93a489151b7031a5c61f213a6be4ec30915
M01-M15 new recon(20260907-081753).zip,1,RUMAHAGEN_WF03_M04_FULL_REBUILD_v1.2_QIR_INTEGRATED_CONTROLLED.zip!M04_v1.1/09_M04_QA_FULL_v1.1.md,804,e7727f36be4b48eaecc32c934dff16bc7c1f6cfb5767e82faad4ac20e1ed4474
M01-M15 new recon(20260907-081753).zip,1,RUMAHAGEN_WF03_M04_FULL_REBUILD_v1.2_QIR_INTEGRATED_CONTROLLED.zip!M04_v1.1/07_M04_PHYSICAL_RUNTIME_STATUS_REVIEW_v1.1.md,961,220476d037b81574d2ee5c015b7c12aab2cfb8bd5c73e22c4d09aaaf02d10f75
M01-M15 new recon(20260907-081753).zip,1,RUMAHAGEN_WF03_M04_FULL_REBUILD_v1.2_QIR_INTEGRATED_CONTROLLED.zip!M04_v1.1/08_M04_CROSS_MODULE_RECONCILIATION_v1.1.md,917,169fa772f0ce2bb9aa4f79380e9a79d2210672287091731a1a4d12bfe22afcf2
M01-M15 new recon(20260907-081753).zip,1,RUMAHAGEN_WF03_M04_FULL_REBUILD_v1.2_QIR_INTEGRATED_CONTROLLED.zip!QIR/00_M04_QIR_EXECUTIVE_SUMMARY_v1.0.md,971,baa71934016b9ca2b92d5452b5cedaaae04061a5c210d36418c8d6084a571b54
M01-M15 new recon(20260907-081753).zip,1,RUMAHAGEN_WF03_M04_FULL_REBUILD_v1.2_QIR_INTEGRATED_CONTROLLED.zip!QIR/06_M04_QIR_PROVENANCE_v1.0.md,589,ef2ce68f8be056d0276a3e2b9f7d30075c9de539754f43ab661c76ce0194a1ca
M01-M15 new recon(20260907-081753).zip,1,RUMAHAGEN_WF03_M04_FULL_REBUILD_v1.2_QIR_INTEGRATED_CONTROLLED.zip!QIR/04_M04_QIR_PHYSICAL_RUNTIME_BOUNDARY_v1.0.md,397,b52f46c0755302b36e3b5db346af3eb9b57364afb1a85ea5f0adafe9f1a60b64
M01-M15 new recon(20260907-081753).zip,1,RUMAHAGEN_WF03_M04_FULL_REBUILD_v1.2_QIR_INTEGRATED_CONTROLLED.zip!QIR/05_M04_QIR_QA_v1.0.md,336,fb57cba6ee70c720109122cc4923165dc779ce92b26c414d7da6215ef37128f0
M01-M15 new recon(20260907-081753).zip,1,RUMAHAGEN_WF03_M04_FULL_REBUILD_v1.2_QIR_INTEGRATED_CONTROLLED.zip!QIR/02_M04_QIR_CRITICAL_RECONCILIATION_v1.0.md,657,d80c3806fd7bd7fe087801272f78d0fcd900f4f13a08c7ca8ef541bb263d0210
M01-M15 new recon(20260907-081753).zip,1,RUMAHAGEN_WF03_M04_FULL_REBUILD_v1.2_QIR_INTEGRATED_CONTROLLED.zip!QIR/07_MANIFEST_M04_QIR_v1.0.md,340,175ed9e021f56fc3d633e5796c8a1f44dea5c69bc17dd8a1b57ac95eda9fc896
M01-M15 new recon(20260907-081753).zip,1,RUMAHAGEN_WF03_M04_FULL_REBUILD_v1.2_QIR_INTEGRATED_CONTROLLED.zip!QIR/01_M04_QIR_RESOLUTION_MATRIX_v1.0.xlsx,8617,7e191b76ac73ed3c19329cb92fb2d1826a98923449a419c26f832ca898cbe6a0
M01-M15 new recon(20260907-081753).zip,1,RUMAHAGEN_WF03_M04_FULL_REBUILD_v1.2_QIR_INTEGRATED_CONTROLLED.zip!QIR/03_M04_QIR_SCOPE_AND_RULES_v1.0.md,595,e54d739a1b5a4fb5cca514c2271134d7bc548695aff2a397f9c400cf653eb868
M01-M15 new recon(20260907-081753).zip,1,RUMAHAGEN_WF03_M04_FULL_REBUILD_v1.2_QIR_INTEGRATED_CONTROLLED.zip!QIR/01_M04_QIR_RESOLUTION_MATRIX_v1.0.csv,20298,dbd74899dc790073fc5fcb26d28c5e1d759a3497aad936152d9dee0ecba9c5ad
M01-M15 new recon(20260907-081753).zip,1,RUMAHAGEN_WF03_M04_FULL_REBUILD_v1.2_QIR_INTEGRATED_CONTROLLED.zip!RETained_M04_v1.1/02_M04_QUESTION_INVENTORY_v1.1.md,6933,8e8470313c99218db779b805357171f05a8cf7c82f56a2f51e660965b136c26d
M01-M15 new recon(20260907-081753).zip,1,RUMAHAGEN_WF03_M04_FULL_REBUILD_v1.2_QIR_INTEGRATED_CONTROLLED.zip!RETained_M04_v1.1/13_M04_V1.1_SECOND_DEEP_SCAN_FULL_REVALIDATION.md,1353,691a7cff6a81cbe322013a697f53d61eb3484a0da5be85c7cda66b2c5df6dfe2
M01-M15 new recon(20260907-081753).zip,1,RUMAHAGEN_WF03_M04_FULL_REBUILD_v1.2_QIR_INTEGRATED_CONTROLLED.zip!RETained_M04_v1.1/11_M04_PROVENANCE_v1.1.md,514,edcd6987f1759db3f6e2c83cc7d01aebc4a00cce98d85441e16ebece9ef75860
M01-M15 new recon(20260907-081753).zip,1,RUMAHAGEN_WF03_M04_FULL_REBUILD_v1.2_QIR_INTEGRATED_CONTROLLED.zip!RETained_M04_v1.1/12_MANIFEST_M04_v1.1.md,1202,8d721fc47a4b6e1377d201e297c8fc6d33aade41f70c122920e111fb79009b0b
M01-M15 new recon(20260907-081753).zip,1,RUMAHAGEN_WF03_M04_FULL_REBUILD_v1.2_QIR_INTEGRATED_CONTROLLED.zip!RETained_M04_v1.1/03_M04_SEMANTIC_REVIEW_v1.1.md,1074,860793749484e8cb1066dcf20a6d4dae04cccd1fe7abb6de990d65b3c125600c
M01-M15 new recon(20260907-081753).zip,1,RUMAHAGEN_WF03_M04_FULL_REBUILD_v1.2_QIR_INTEGRATED_CONTROLLED.zip!RETained_M04_v1.1/04_M04_LIFECYCLE_REVIEW_v1.1.md,928,969617c8ac8fdd05a4ed6dfdbcaa91172dc8be201786c516e9b7e78159f34740
M01-M15 new recon(20260907-081753).zip,1,RUMAHAGEN_WF03_M04_FULL_REBUILD_v1.2_QIR_INTEGRATED_CONTROLLED.zip!RETained_M04_v1.1/10_M04_INTEGRATION_READINESS_v1.1.md,464,0ed4573de1da916dd2d17d2a5cfaf4a945f2fcc4c81fc16349bedde44b3d5794
M01-M15 new recon(20260907-081753).zip,1,RUMAHAGEN_WF03_M04_FULL_REBUILD_v1.2_QIR_INTEGRATED_CONTROLLED.zip!RETained_M04_v1.1/06_M04_PERMISSION_ROLE_REVIEW_v1.1.md,818,599532c3458490100c97ffa72643bc31c37137608003fcb09b7e543df4ab1bcf
M01-M15 new recon(20260907-081753).zip,1,RUMAHAGEN_WF03_M04_FULL_REBUILD_v1.2_QIR_INTEGRATED_CONTROLLED.zip!RETained_M04_v1.1/01_M04_INVENTORY_FULL_DEEP_SCAN_v1.1.md,1740,8ae0566307ca191843a6948e5e74760728c470a864c125d80775efca08df3737
M01-M15 new recon(20260907-081753).zip,1,RUMAHAGEN_WF03_M04_FULL_REBUILD_v1.2_QIR_INTEGRATED_CONTROLLED.zip!RETained_M04_v1.1/05_M04_CROSS_ARTIFACT_IMPACT_REVIEW_v1.1.md,1305,c08eb8fbea8588e1fa67becbf442a93a489151b7031a5c61f213a6be4ec30915
M01-M15 new recon(20260907-081753).zip,1,RUMAHAGEN_WF03_M04_FULL_REBUILD_v1.2_QIR_INTEGRATED_CONTROLLED.zip!RETained_M04_v1.1/09_M04_QA_FULL_v1.1.md,804,e7727f36be4b48eaecc32c934dff16bc7c1f6cfb5767e82faad4ac20e1ed4474
M01-M15 new recon(20260907-081753).zip,1,RUMAHAGEN_WF03_M04_FULL_REBUILD_v1.2_QIR_INTEGRATED_CONTROLLED.zip!RETained_M04_v1.1/07_M04_PHYSICAL_RUNTIME_STATUS_REVIEW_v1.1.md,961,220476d037b81574d2ee5c015b7c12aab2cfb8bd5c73e22c4d09aaaf02d10f75
M01-M15 new recon(20260907-081753).zip,1,RUMAHAGEN_WF03_M04_FULL_REBUILD_v1.2_QIR_INTEGRATED_CONTROLLED.zip!RETained_M04_v1.1/08_M04_CROSS_MODULE_RECONCILIATION_v1.1.md,917,169fa772f0ce2bb9aa4f79380e9a79d2210672287091731a1a4d12bfe22afcf2
M01-M15 new recon(20260907-081753).zip,1,RUMAHAGEN_WF03_M04_FULL_REBUILD_v1.2_QIR_INTEGRATED_CONTROLLED.zip!RETained_M04_v1.1/99_PROVENANCE_SOURCE_V1.0/10_PROVENANCE.md,435,934ef956a0faef665143156e1f56df1c60394d0fd334bbc92dcb62db32f61d23
M01-M15 new recon(20260907-081753).zip,1,RUMAHAGEN_WF03_M04_FULL_REBUILD_v1.2_QIR_INTEGRATED_CONTROLLED.zip!RETained_M04_v1.1/99_PROVENANCE_SOURCE_V1.0/07_M04_PHYSICAL_RUNTIME_STATUS_REVIEW_v1.0.md,50770,535b87eb40c582fdc0cc13c4b38450dc45bfc974076bc3124195f2c6f740dfbe
M01-M15 new recon(20260907-081753).zip,1,RUMAHAGEN_WF03_M04_FULL_REBUILD_v1.2_QIR_INTEGRATED_CONTROLLED.zip!RETained_M04_v1.1/99_PROVENANCE_SOURCE_V1.0/05_M04_CROSS_ARTIFACT_IMPACT_REVIEW_v1.0.md,50778,8da6da3d52a5bbe1159b81a686a2e0ec1a81cf2ff36f3cdf1819a202b8ea7613
M01-M15 new recon(20260907-081753).zip,1,RUMAHAGEN_WF03_M04_FULL_REBUILD_v1.2_QIR_INTEGRATED_CONTROLLED.zip!RETained_M04_v1.1/99_PROVENANCE_SOURCE_V1.0/09_M04_QA_FULL_v1.0.md,626,48b6b16e6b3b325c9a1db0fe77a6b7f8dfd22bca1007f45c9a4d31d1faa33a8b
M01-M15 new recon(20260907-081753).zip,1,RUMAHAGEN_WF03_M04_FULL_REBUILD_v1.2_QIR_INTEGRATED_CONTROLLED.zip!RETained_M04_v1.1/99_PROVENANCE_SOURCE_V1.0/02_M04_QUESTION_INVENTORY_v1.0.md,62524,550488747465f310485e1ed719e046c89ad63f10f79463ccb66bcffa80a7a42b
M01-M15 new recon(20260907-081753).zip,1,RUMAHAGEN_WF03_M04_FULL_REBUILD_v1.2_QIR_INTEGRATED_CONTROLLED.zip!RETained_M04_v1.1/99_PROVENANCE_SOURCE_V1.0/04_M04_LIFECYCLE_REVIEW_v1.0.md,45043,dedfd92c70ada409e6249dfb1bcdfd9108499fbfd1883503cdba9821e37cc0f1
M01-M15 new recon(20260907-081753).zip,1,RUMAHAGEN_WF03_M04_FULL_REBUILD_v1.2_QIR_INTEGRATED_CONTROLLED.zip!RETained_M04_v1.1/99_PROVENANCE_SOURCE_V1.0/01_M04_INVENTORY_FULL_DEEP_SCAN_v1.0.md,158082,28836a415fae0e00e781e82db8cd690e7e8da4b5561c6425f8aa2d4d3fdffc83
M01-M15 new recon(20260907-081753).zip,1,RUMAHAGEN_WF03_M04_FULL_REBUILD_v1.2_QIR_INTEGRATED_CONTROLLED.zip!RETained_M04_v1.1/99_PROVENANCE_SOURCE_V1.0/08_M04_CROSS_MODULE_RECONCILIATION_v1.0.md,45211,fc9faa615418c89eea0178007be14f2f9fdc054dc5e7d6f1dc8847f809f2a514
M01-M15 new recon(20260907-081753).zip,1,RUMAHAGEN_WF03_M04_FULL_REBUILD_v1.2_QIR_INTEGRATED_CONTROLLED.zip!RETained_M04_v1.1/99_PROVENANCE_SOURCE_V1.0/00_M04_FULL_REBUILD_v1.0_CONTROLLED.md,1405,6971bd96022bfb3a93e2754957c8e72fc71d54c023512cf44f4d8a838343f6a5
M01-M15 new recon(20260907-081753).zip,1,RUMAHAGEN_WF03_M04_FULL_REBUILD_v1.2_QIR_INTEGRATED_CONTROLLED.zip!RETained_M04_v1.1/99_PROVENANCE_SOURCE_V1.0/03_M04_SEMANTIC_REVIEW_v1.0.md,41924,d704cb4fcf9521c71cdaff22baa77af705cec2c30bbc2e28e466653fbfe634e1
M01-M15 new recon(20260907-081753).zip,1,RUMAHAGEN_WF03_M04_FULL_REBUILD_v1.2_QIR_INTEGRATED_CONTROLLED.zip!RETained_M04_v1.1/99_PROVENANCE_SOURCE_V1.0/11_MANIFEST.md,457,d8414d0c89c13cc46c863a3eea742b8ca42f6e36ae6292adf7d1e18929cc16b3
M01-M15 new recon(20260907-081753).zip,1,RUMAHAGEN_WF03_M04_FULL_REBUILD_v1.2_QIR_INTEGRATED_CONTROLLED.zip!RETained_M04_v1.1/99_PROVENANCE_SOURCE_V1.0/06_M04_PERMISSION_ROLE_REVIEW_v1.0.md,39996,83d3a49adabbb066c90ccaf6897e4a2009a9dc5d6db47fdee41c7039381b3977
M01-M15 new recon(20260907-081753).zip,1,RUMAHAGEN_WF03_M04_FULL_REBUILD_v1.2_QIR_INTEGRATED_CONTROLLED.zip!M04_v1.1/99_PROVENANCE_SOURCE_V1.0/10_PROVENANCE.md,435,934ef956a0faef665143156e1f56df1c60394d0fd334bbc92dcb62db32f61d23
M01-M15 new recon(20260907-081753).zip,1,RUMAHAGEN_WF03_M04_FULL_REBUILD_v1.2_QIR_INTEGRATED_CONTROLLED.zip!M04_v1.1/99_PROVENANCE_SOURCE_V1.0/07_M04_PHYSICAL_RUNTIME_STATUS_REVIEW_v1.0.md,50770,535b87eb40c582fdc0cc13c4b38450dc45bfc974076bc3124195f2c6f740dfbe
M01-M15 new recon(20260907-081753).zip,1,RUMAHAGEN_WF03_M04_FULL_REBUILD_v1.2_QIR_INTEGRATED_CONTROLLED.zip!M04_v1.1/99_PROVENANCE_SOURCE_V1.0/05_M04_CROSS_ARTIFACT_IMPACT_REVIEW_v1.0.md,50778,8da6da3d52a5bbe1159b81a686a2e0ec1a81cf2ff36f3cdf1819a202b8ea7613
M01-M15 new recon(20260907-081753).zip,1,RUMAHAGEN_WF03_M04_FULL_REBUILD_v1.2_QIR_INTEGRATED_CONTROLLED.zip!M04_v1.1/99_PROVENANCE_SOURCE_V1.0/09_M04_QA_FULL_v1.0.md,626,48b6b16e6b3b325c9a1db0fe77a6b7f8dfd22bca1007f45c9a4d31d1faa33a8b
M01-M15 new recon(20260907-081753).zip,1,RUMAHAGEN_WF03_M04_FULL_REBUILD_v1.2_QIR_INTEGRATED_CONTROLLED.zip!M04_v1.1/99_PROVENANCE_SOURCE_V1.0/02_M04_QUESTION_INVENTORY_v1.0.md,62524,550488747465f310485e1ed719e046c89ad63f10f79463ccb66bcffa80a7a42b
M01-M15 new recon(20260907-081753).zip,1,RUMAHAGEN_WF03_M04_FULL_REBUILD_v1.2_QIR_INTEGRATED_CONTROLLED.zip!M04_v1.1/99_PROVENANCE_SOURCE_V1.0/04_M04_LIFECYCLE_REVIEW_v1.0.md,45043,dedfd92c70ada409e6249dfb1bcdfd9108499fbfd1883503cdba9821e37cc0f1
M01-M15 new recon(20260907-081753).zip,1,RUMAHAGEN_WF03_M04_FULL_REBUILD_v1.2_QIR_INTEGRATED_CONTROLLED.zip!M04_v1.1/99_PROVENANCE_SOURCE_V1.0/01_M04_INVENTORY_FULL_DEEP_SCAN_v1.0.md,158082,28836a415fae0e00e781e82db8cd690e7e8da4b5561c6425f8aa2d4d3fdffc83
M01-M15 new recon(20260907-081753).zip,1,RUMAHAGEN_WF03_M04_FULL_REBUILD_v1.2_QIR_INTEGRATED_CONTROLLED.zip!M04_v1.1/99_PROVENANCE_SOURCE_V1.0/08_M04_CROSS_MODULE_RECONCILIATION_v1.0.md,45211,fc9faa615418c89eea0178007be14f2f9fdc054dc5e7d6f1dc8847f809f2a514
M01-M15 new recon(20260907-081753).zip,1,RUMAHAGEN_WF03_M04_FULL_REBUILD_v1.2_QIR_INTEGRATED_CONTROLLED.zip!M04_v1.1/99_PROVENANCE_SOURCE_V1.0/00_M04_FULL_REBUILD_v1.0_CONTROLLED.md,1405,6971bd96022bfb3a93e2754957c8e72fc71d54c023512cf44f4d8a838343f6a5
M01-M15 new recon(20260907-081753).zip,1,RUMAHAGEN_WF03_M04_FULL_REBUILD_v1.2_QIR_INTEGRATED_CONTROLLED.zip!M04_v1.1/99_PROVENANCE_SOURCE_V1.0/03_M04_SEMANTIC_REVIEW_v1.0.md,41924,d704cb4fcf9521c71cdaff22baa77af705cec2c30bbc2e28e466653fbfe634e1
M01-M15 new recon(20260907-081753).zip,1,RUMAHAGEN_WF03_M04_FULL_REBUILD_v1.2_QIR_INTEGRATED_CONTROLLED.zip!M04_v1.1/99_PROVENANCE_SOURCE_V1.0/11_MANIFEST.md,457,d8414d0c89c13cc46c863a3eea742b8ca42f6e36ae6292adf7d1e18929cc16b3
M01-M15 new recon(20260907-081753).zip,1,RUMAHAGEN_WF03_M04_FULL_REBUILD_v1.2_QIR_INTEGRATED_CONTROLLED.zip!M04_v1.1/99_PROVENANCE_SOURCE_V1.0/06_M04_PERMISSION_ROLE_REVIEW_v1.0.md,39996,83d3a49adabbb066c90ccaf6897e4a2009a9dc5d6db47fdee41c7039381b3977
Utama core RUMAHAGEN_WIREFRAME_CORE_FINAL_SOURCE_PACK_v1.3(9)_GOVERNANCE_CORRECTED_STEP0_RESIDUAL_FIXED(20260907-081749).zip,0,RUMAHAGEN_WIREFRAME_CORE_FINAL_SOURCE_PACK_v1.2/00_CONTROL/RENAME_REGISTER_6.33.md,645,17ff728177e5ea174227267c4e0ff452d556bd598669f6502b803a62b96a646c
Utama core RUMAHAGEN_WIREFRAME_CORE_FINAL_SOURCE_PACK_v1.3(9)_GOVERNANCE_CORRECTED_STEP0_RESIDUAL_FIXED(20260907-081749).zip,0,RUMAHAGEN_WIREFRAME_CORE_FINAL_SOURCE_PACK_v1.2/00_CONTROL/SHA256_MANIFEST_CORE_FINAL_v1.3.csv,7054,8a197083cd0ec7e79bb6269ab8199d215d4a83716fb28b1081b26d8006e96c5e
Utama core RUMAHAGEN_WIREFRAME_CORE_FINAL_SOURCE_PACK_v1.3(9)_GOVERNANCE_CORRECTED_STEP0_RESIDUAL_FIXED(20260907-081749).zip,0,RUMAHAGEN_WIREFRAME_CORE_FINAL_SOURCE_PACK_v1.2/00_CONTROL/SOURCE_INDEX_v1.3.csv,7285,c7d0d912ad37ed28754d02b452ccf5e717645764004c16fb48e77628bec0f111
Utama core RUMAHAGEN_WIREFRAME_CORE_FINAL_SOURCE_PACK_v1.3(9)_GOVERNANCE_CORRECTED_STEP0_RESIDUAL_FIXED(20260907-081749).zip,0,RUMAHAGEN_WIREFRAME_CORE_FINAL_SOURCE_PACK_v1.2/00_CONTROL/SOURCE_INDEX_v1.3.md,8161,7dc272fc4716760a1fec381734136d2e47d2b97e66957d15c9b1225e91eb6329
Utama core RUMAHAGEN_WIREFRAME_CORE_FINAL_SOURCE_PACK_v1.3(9)_GOVERNANCE_CORRECTED_STEP0_RESIDUAL_FIXED(20260907-081749).zip,0,RUMAHAGEN_WIREFRAME_CORE_FINAL_SOURCE_PACK_v1.2/00_CONTROL/W4-02A.6.0_CORE_ARTIFACT_INVENTORY_AND_ORDERING_LOCK_v1.1_BASE_TRACK_37_STEPS.docx,41256,4d76cde4437c52e9c1752d99888095253eb748bc25bc8138fc4ae06701da5aec
Utama core RUMAHAGEN_WIREFRAME_CORE_FINAL_SOURCE_PACK_v1.3(9)_GOVERNANCE_CORRECTED_STEP0_RESIDUAL_FIXED(20260907-081749).zip,0,RUMAHAGEN_WIREFRAME_CORE_FINAL_SOURCE_PACK_v1.2/00_CONTROL/W4-02A.7_FINAL_DOCUMENT_FREEZE_AUTHORITY_VERIFICATION_v1.0.md,11519,12847c5b3609b6ba0f67ce54e7e48627e9d24f7293a9c7bfbb59c75ff5243f32
Utama core RUMAHAGEN_WIREFRAME_CORE_FINAL_SOURCE_PACK_v1.3(9)_GOVERNANCE_CORRECTED_STEP0_RESIDUAL_FIXED(20260907-081749).zip,0,RUMAHAGEN_WIREFRAME_CORE_FINAL_SOURCE_PACK_v1.2/00_CONTROL/W4-02A.7_RECURSIVE_SOURCE_AUDIT_REGISTER_v1.0.csv,208747,0144e3114a170252011dc57f391f31155248c10543ef8e3e3aeece81cd85ff7f
Utama core RUMAHAGEN_WIREFRAME_CORE_FINAL_SOURCE_PACK_v1.3(9)_GOVERNANCE_CORRECTED_STEP0_RESIDUAL_FIXED(20260907-081749).zip,0,RUMAHAGEN_WIREFRAME_CORE_FINAL_SOURCE_PACK_v1.2/01_GOVERNANCE/W4-02A.1_GOVERNANCE_CONSOLIDATION_FINAL_DECISION_AUTHORITY_v1.0.docx,41616,cbcbca4b502c429c6b5b6c59c4c67165570619a503c7d5b59d6c1940905368a8
Utama core RUMAHAGEN_WIREFRAME_CORE_FINAL_SOURCE_PACK_v1.3(9)_GOVERNANCE_CORRECTED_STEP0_RESIDUAL_FIXED(20260907-081749).zip,0,RUMAHAGEN_WIREFRAME_CORE_FINAL_SOURCE_PACK_v1.2/01_GOVERNANCE/W4-02A.6.2_GOVERNANCE_REGISTER_FULL_CONSOLIDATED_v1.16.docx,44768,1840df18fb6c512879033d1c5e27c543752a1d59a800f6348f0455430c2bd86c
Utama core RUMAHAGEN_WIREFRAME_CORE_FINAL_SOURCE_PACK_v1.3(9)_GOVERNANCE_CORRECTED_STEP0_RESIDUAL_FIXED(20260907-081749).zip,0,RUMAHAGEN_WIREFRAME_CORE_FINAL_SOURCE_PACK_v1.2/03_BUSINESS_RULES/W4-02A.6.10_BUSINESS_RULES_BASELINE_TRACEABILITY_FULL_CONSOLIDATED_v1.2_REAUDITED.docx,51338,f1bd00843508c4bdc16794b1509690e5c6ec6c12c49611587382a932a87e8ebc
Utama core RUMAHAGEN_WIREFRAME_CORE_FINAL_SOURCE_PACK_v1.3(9)_GOVERNANCE_CORRECTED_STEP0_RESIDUAL_FIXED(20260907-081749).zip,0,RUMAHAGEN_WIREFRAME_CORE_FINAL_SOURCE_PACK_v1.2/04_ARCHITECTURE/W4-02A.6.5_SYSTEM_ARCHITECTURE_FULL_CONSOLIDATED_v1.8.docx,93386,c1aa07968bb5bdfc9f9600dc48da804f65574f49da672282237ec90c4cc94884
Utama core RUMAHAGEN_WIREFRAME_CORE_FINAL_SOURCE_PACK_v1.3(9)_GOVERNANCE_CORRECTED_STEP0_RESIDUAL_FIXED(20260907-081749).zip,0,RUMAHAGEN_WIREFRAME_CORE_FINAL_SOURCE_PACK_v1.2/05_TECHNICAL_DECISIONS/W4-02A.6.6_TECHNICAL_DECISIONS_FULL_CONSOLIDATED_v1.6.docx,47059,2ddccdf939a59149b9404ad14c0dbfda1149fb31d23ba77e1b27c24bf05101fa
Utama core RUMAHAGEN_WIREFRAME_CORE_FINAL_SOURCE_PACK_v1.3(9)_GOVERNANCE_CORRECTED_STEP0_RESIDUAL_FIXED(20260907-081749).zip,0,RUMAHAGEN_WIREFRAME_CORE_FINAL_SOURCE_PACK_v1.2/06_DEPENDENCY_MANIFEST/W4-02A.6.7_DEPENDENCY_MANIFEST_FULL_CONSOLIDATED_v1.9.docx,48323,66a12120b244cf487b41584b1bfdd3e81cddbc8b82f9c2ee12779e72d423c693
Utama core RUMAHAGEN_WIREFRAME_CORE_FINAL_SOURCE_PACK_v1.3(9)_GOVERNANCE_CORRECTED_STEP0_RESIDUAL_FIXED(20260907-081749).zip,0,RUMAHAGEN_WIREFRAME_CORE_FINAL_SOURCE_PACK_v1.2/07_PRD/W4-02A.6.11_PRD_CURRENT_PRODUCT_REQUIREMENTS_FULL_CONSOLIDATED_v2.1.docx,48108,c2a7b6e4a77a08621a16048cba2f0f8641a3d073bc71dc4e4854634aa788aa34
Utama core RUMAHAGEN_WIREFRAME_CORE_FINAL_SOURCE_PACK_v1.3(9)_GOVERNANCE_CORRECTED_STEP0_RESIDUAL_FIXED(20260907-081749).zip,0,RUMAHAGEN_WIREFRAME_CORE_FINAL_SOURCE_PACK_v1.2/08_USER_FLOW/W4-02A.6.12_USER_FLOW_CURRENT_CROSS_DOMAIN_INTERACTION_FLOW_FULL_CONSOLIDATED_v2.1.docx,51562,bc5e3f9af3842e727f34d2ef0c4f3b91cc52c911645698696b92b0745bbbd4de
Utama core RUMAHAGEN_WIREFRAME_CORE_FINAL_SOURCE_PACK_v1.3(9)_GOVERNANCE_CORRECTED_STEP0_RESIDUAL_FIXED(20260907-081749).zip,0,RUMAHAGEN_WIREFRAME_CORE_FINAL_SOURCE_PACK_v1.2/09_ERD/W4-02A.6.13_ERD_CURRENT_LOGICAL_DATA_MODEL_FULL_CONSOLIDATED_v2.1.docx,62303,5a5ba139cff31fbd297cac3871a3b250f13b94dabcb15b49d89af86ca785cb88
Utama core RUMAHAGEN_WIREFRAME_CORE_FINAL_SOURCE_PACK_v1.3(9)_GOVERNANCE_CORRECTED_STEP0_RESIDUAL_FIXED(20260907-081749).zip,0,RUMAHAGEN_WIREFRAME_CORE_FINAL_SOURCE_PACK_v1.2/10_DATABASE_DICTIONARY/W4-02A.6.14_DATABASE_DICTIONARY_CURRENT_LOGICAL_TO_PHYSICAL_DATA_MEANING_FULL_CONSOLIDATED_v2.2.docx,78665,8abcb2ca2e275288c83add193936a2763c9e3c9c75ba38088289a18080956219
Utama core RUMAHAGEN_WIREFRAME_CORE_FINAL_SOURCE_PACK_v1.3(9)_GOVERNANCE_CORRECTED_STEP0_RESIDUAL_FIXED(20260907-081749).zip,0,RUMAHAGEN_WIREFRAME_CORE_FINAL_SOURCE_PACK_v1.2/11_DATABASE_SCHEMA/RUMAHAGEN_FULL_DATABASE_SCHEMA_SOURCE_ONLY_PACKAGE_v1.0.zip,20762,fa720ebe06c1070155e2ddddba6215f8c764b55ac67af2123aa75831b7f84784
Utama core RUMAHAGEN_WIREFRAME_CORE_FINAL_SOURCE_PACK_v1.3(9)_GOVERNANCE_CORRECTED_STEP0_RESIDUAL_FIXED(20260907-081749).zip,1,RUMAHAGEN_WIREFRAME_CORE_FINAL_SOURCE_PACK_v1.2/11_DATABASE_SCHEMA/RUMAHAGEN_FULL_DATABASE_SCHEMA_SOURCE_ONLY_PACKAGE_v1.0.zip!RUMAHAGEN_FULL_DATABASE_SCHEMA_SOURCE_ONLY_v1.0.sql,104518,0efce0e6e9074732735ee71da69575c3df9a7fba58961b4d3921480cbbd71e26
Utama core RUMAHAGEN_WIREFRAME_CORE_FINAL_SOURCE_PACK_v1.3(9)_GOVERNANCE_CORRECTED_STEP0_RESIDUAL_FIXED(20260907-081749).zip,1,RUMAHAGEN_WIREFRAME_CORE_FINAL_SOURCE_PACK_v1.2/11_DATABASE_SCHEMA/RUMAHAGEN_FULL_DATABASE_SCHEMA_SOURCE_ONLY_PACKAGE_v1.0.zip!RUMAHAGEN_FULL_DATABASE_SCHEMA_SOURCE_ONLY_v1.0.md,5307,f00f28aed28f98f361117daf8b9fd06c40a3602d0b3ab3339a6d47228211ed51
Utama core RUMAHAGEN_WIREFRAME_CORE_FINAL_SOURCE_PACK_v1.3(9)_GOVERNANCE_CORRECTED_STEP0_RESIDUAL_FIXED(20260907-081749).zip,0,RUMAHAGEN_WIREFRAME_CORE_FINAL_SOURCE_PACK_v1.2/11_DATABASE_SCHEMA/W4-01E_FINAL_BUILD_FROM_ZERO_SCHEMA_PACKAGE_v2.6.zip,18571,6d4c04df87e2d52e2b2787f4f558456e20394c61a3a81e283938a11f830dfe1a
Utama core RUMAHAGEN_WIREFRAME_CORE_FINAL_SOURCE_PACK_v1.3(9)_GOVERNANCE_CORRECTED_STEP0_RESIDUAL_FIXED(20260907-081749).zip,1,RUMAHAGEN_WIREFRAME_CORE_FINAL_SOURCE_PACK_v1.2/11_DATABASE_SCHEMA/W4-01E_FINAL_BUILD_FROM_ZERO_SCHEMA_PACKAGE_v2.6.zip!RUMAHAGEN_W4-01E_FINAL_CANONICAL_BUILD_FROM_ZERO_DATABASE_SCHEMA_v2.6.sql,106605,73bc0e2803d1e27160cb9fc8ad61b013b079c50a67b8f1f6e6f5432b4a1c9531
Utama core RUMAHAGEN_WIREFRAME_CORE_FINAL_SOURCE_PACK_v1.3(9)_GOVERNANCE_CORRECTED_STEP0_RESIDUAL_FIXED(20260907-081749).zip,1,RUMAHAGEN_WIREFRAME_CORE_FINAL_SOURCE_PACK_v1.2/11_DATABASE_SCHEMA/W4-01E_FINAL_BUILD_FROM_ZERO_SCHEMA_PACKAGE_v2.6.zip!RUMAHAGEN_W4-01E_FINAL_SCHEMA_CLOSURE_AND_FREEZE_v2.6.md,1337,03062a3e327d0c069d8a66f3c07254c13cd8c40931a8d8630a366d7345aaafa2
Utama core RUMAHAGEN_WIREFRAME_CORE_FINAL_SOURCE_PACK_v1.3(9)_GOVERNANCE_CORRECTED_STEP0_RESIDUAL_FIXED(20260907-081749).zip,1,RUMAHAGEN_WIREFRAME_CORE_FINAL_SOURCE_PACK_v1.2/11_DATABASE_SCHEMA/W4-01E_FINAL_BUILD_FROM_ZERO_SCHEMA_PACKAGE_v2.6.zip!RUMAHAGEN_W4-01E_FINAL_CANONICAL_TABLE_REGISTER_v2.6.csv,8023,d3c8386f3cb4a694c51833b50a1114c102f0bfad1e8bf62e188075c463a6308d
Utama core RUMAHAGEN_WIREFRAME_CORE_FINAL_SOURCE_PACK_v1.3(9)_GOVERNANCE_CORRECTED_STEP0_RESIDUAL_FIXED(20260907-081749).zip,1,RUMAHAGEN_WIREFRAME_CORE_FINAL_SOURCE_PACK_v1.2/11_DATABASE_SCHEMA/W4-01E_FINAL_BUILD_FROM_ZERO_SCHEMA_PACKAGE_v2.6.zip!RUMAHAGEN_W4-01E_GATE_CLOSURE_REGISTER_v2.6.csv,1080,1760c5af3922dc7e2ae205951ad5b559611172059427cac479a5b20cef0b391b
Utama core RUMAHAGEN_WIREFRAME_CORE_FINAL_SOURCE_PACK_v1.3(9)_GOVERNANCE_CORRECTED_STEP0_RESIDUAL_FIXED(20260907-081749).zip,0,RUMAHAGEN_WIREFRAME_CORE_FINAL_SOURCE_PACK_v1.2/11_DATABASE_SCHEMA/W4-02A.6.15_DATABASE_SCHEMA_CURRENT_PHYSICAL_SCHEMA_REFERENCE_FULL_CONSOLIDATED_v2.7.docx,74525,91d9d78bc4d0818bca5802f0315f3d1146d0a32a9645646607418708745f79b9
Utama core RUMAHAGEN_WIREFRAME_CORE_FINAL_SOURCE_PACK_v1.3(9)_GOVERNANCE_CORRECTED_STEP0_RESIDUAL_FIXED(20260907-081749).zip,0,RUMAHAGEN_WIREFRAME_CORE_FINAL_SOURCE_PACK_v1.2/11_DATABASE_SCHEMA/W4-02_CANONICAL_BUILD_FROM_ZERO_MIGRATION_PACKAGE_v1.0.zip,19788,e4ee433128935fae30bfd64d05c3f37d426bafd012ed24842912c1354a8d2df0
Utama core RUMAHAGEN_WIREFRAME_CORE_FINAL_SOURCE_PACK_v1.3(9)_GOVERNANCE_CORRECTED_STEP0_RESIDUAL_FIXED(20260907-081749).zip,1,RUMAHAGEN_WIREFRAME_CORE_FINAL_SOURCE_PACK_v1.2/11_DATABASE_SCHEMA/W4-02_CANONICAL_BUILD_FROM_ZERO_MIGRATION_PACKAGE_v1.0.zip!RUMAHAGEN_W4-02_CANONICAL_BUILD_FROM_ZERO_MIGRATION_BASELINE_v1.0.sql,113290,51be1733302566feed6c193c89418ef5038441a5968c0717b6be9eb9fdb32fa6
Utama core RUMAHAGEN_WIREFRAME_CORE_FINAL_SOURCE_PACK_v1.3(9)_GOVERNANCE_CORRECTED_STEP0_RESIDUAL_FIXED(20260907-081749).zip,1,RUMAHAGEN_WIREFRAME_CORE_FINAL_SOURCE_PACK_v1.2/11_DATABASE_SCHEMA/W4-02_CANONICAL_BUILD_FROM_ZERO_MIGRATION_PACKAGE_v1.0.zip!RUMAHAGEN_W4-02_CANONICAL_MIGRATION_BASELINE_v1.0.md,1337,03062a3e327d0c069d8a66f3c07254c13cd8c40931a8d8630a366d7345aaafa2
Utama core RUMAHAGEN_WIREFRAME_CORE_FINAL_SOURCE_PACK_v1.3(9)_GOVERNANCE_CORRECTED_STEP0_RESIDUAL_FIXED(20260907-081749).zip,1,RUMAHAGEN_WIREFRAME_CORE_FINAL_SOURCE_PACK_v1.2/11_DATABASE_SCHEMA/W4-02_CANONICAL_BUILD_FROM_ZERO_MIGRATION_PACKAGE_v1.0.zip!RUMAHAGEN_W4-02_EXECUTION_PHASE_REGISTER_v1.0.csv,816,8063d32ad50ead75a367f7fbf85cf047811df3c6f22beb1d2097de6042716f60
Utama core RUMAHAGEN_WIREFRAME_CORE_FINAL_SOURCE_PACK_v1.3(9)_GOVERNANCE_CORRECTED_STEP0_RESIDUAL_FIXED(20260907-081749).zip,1,RUMAHAGEN_WIREFRAME_CORE_FINAL_SOURCE_PACK_v1.2/11_DATABASE_SCHEMA/W4-02_CANONICAL_BUILD_FROM_ZERO_MIGRATION_PACKAGE_v1.0.zip!RUMAHAGEN_W4-02_CANONICAL_86_TABLE_REGISTER_v1.0.csv,6480,0dcbfeb80dbf83e876cea932e0a90b415bda4f21d620695854729b134f43d83f
Utama core RUMAHAGEN_WIREFRAME_CORE_FINAL_SOURCE_PACK_v1.3(9)_GOVERNANCE_CORRECTED_STEP0_RESIDUAL_FIXED(20260907-081749).zip,0,RUMAHAGEN_WIREFRAME_CORE_FINAL_SOURCE_PACK_v1.2/12_API/W4-02A.6.16_API_SPECIFICATION_CURRENT_API_CONTRACT_BASELINE_FULL_CONSOLIDATED_v2.1.docx,65180,fbfc539044ed2b7037ebee6ed5d5065c4e14efbd042a4928b107c02c210277d1
Utama core RUMAHAGEN_WIREFRAME_CORE_FINAL_SOURCE_PACK_v1.3(9)_GOVERNANCE_CORRECTED_STEP0_RESIDUAL_FIXED(20260907-081749).zip,0,RUMAHAGEN_WIREFRAME_CORE_FINAL_SOURCE_PACK_v1.2/13_RBAC_RLS/W4-02A.6.17_RBAC_PERMISSION_RLS_CURRENT_AUTHORIZATION_BASELINE_FULL_CONSOLIDATED_v2.1.docx,53047,cd5067a3a2cb8e0104e94fbea78ab64a30e19ed28230aef5889baa5021784a0a
Utama core RUMAHAGEN_WIREFRAME_CORE_FINAL_SOURCE_PACK_v1.3(9)_GOVERNANCE_CORRECTED_STEP0_RESIDUAL_FIXED(20260907-081749).zip,0,RUMAHAGEN_WIREFRAME_CORE_FINAL_SOURCE_PACK_v1.2/14_FUNCTIONAL/W4-02A.6.18_FUNCTIONAL_SPECIFICATION_CURRENT_FUNCTIONAL_IMPLEMENTATION_CONTRACT_v2.1.md,60334,d7e9a7b5c761d51495e77f73824f903ca057e602c204c79284a2ae70c522072e
Utama core RUMAHAGEN_WIREFRAME_CORE_FINAL_SOURCE_PACK_v1.3(9)_GOVERNANCE_CORRECTED_STEP0_RESIDUAL_FIXED(20260907-081749).zip,0,RUMAHAGEN_WIREFRAME_CORE_FINAL_SOURCE_PACK_v1.2/15_TECHNICAL/W4-02A.6.19_TECHNICAL_SPECIFICATION_CURRENT_TECHNICAL_IMPLEMENTATION_CONTRACT_v2.1.md,69175,2ac01b6961b6ab97d26ee8c314aaf06101af49cb746c4069147559fb8002b29c
Utama core RUMAHAGEN_WIREFRAME_CORE_FINAL_SOURCE_PACK_v1.3(9)_GOVERNANCE_CORRECTED_STEP0_RESIDUAL_FIXED(20260907-081749).zip,0,RUMAHAGEN_WIREFRAME_CORE_FINAL_SOURCE_PACK_v1.2/16_UI_UX/W4-02A.6.20_UI_UX_SPECIFICATION_CURRENT_INTERFACE_BEHAVIOR_CONTRACT_v2.1.md,62858,c2388d37bbcf910316d0d9c257c1f346a99fc0349b2c1086d8e3154a2a32a8d7
Utama core RUMAHAGEN_WIREFRAME_CORE_FINAL_SOURCE_PACK_v1.3(9)_GOVERNANCE_CORRECTED_STEP0_RESIDUAL_FIXED(20260907-081749).zip,0,RUMAHAGEN_WIREFRAME_CORE_FINAL_SOURCE_PACK_v1.2/17_SEO_ANALYTICS/W4-02A.6.21_SEO_ANALYTICS_SPECIFICATION_DISCOVERY_MEASUREMENT_BASELINE_v2.1.md,68505,be0af1e745ac3d19a65abb90beff833941b1d1fb5a4fd1233c681a84023e75de
Utama core RUMAHAGEN_WIREFRAME_CORE_FINAL_SOURCE_PACK_v1.3(9)_GOVERNANCE_CORRECTED_STEP0_RESIDUAL_FIXED(20260907-081749).zip,0,RUMAHAGEN_WIREFRAME_CORE_FINAL_SOURCE_PACK_v1.2/18_MODULE_DEPENDENCY/W4-02A.6.22_MODULE_DEPENDENCY_MATRIX_CROSS_MODULE_DEPENDENCY_CONTRACT_v2.1.md,49622,30a5c406428ad0e2e377e2803a77d16c0d9cac0f7f6c1249dadb89d1360bc9e3
Utama core RUMAHAGEN_WIREFRAME_CORE_FINAL_SOURCE_PACK_v1.3(9)_GOVERNANCE_CORRECTED_STEP0_RESIDUAL_FIXED(20260907-081749).zip,0,RUMAHAGEN_WIREFRAME_CORE_FINAL_SOURCE_PACK_v1.2/19_IMPLEMENTATION_STRATEGY/W4-02A.6.23_MODULE_IMPLEMENTATION_STRATEGY_INTEGRATED_IMPLEMENTATION_SEQUENCING_v2.1.md,56613,051aa36f9444153d1d56df6d960bd80d91922f3c1f84c02d636dc111dd20d47f
Utama core RUMAHAGEN_WIREFRAME_CORE_FINAL_SOURCE_PACK_v1.3(9)_GOVERNANCE_CORRECTED_STEP0_RESIDUAL_FIXED(20260907-081749).zip,0,RUMAHAGEN_WIREFRAME_CORE_FINAL_SOURCE_PACK_v1.2/20_MODULE_PLANNING/W4-02A.6.24_REVISED_MODULE_PLANNING_CURRENT_MODULE_DELIVERY_PLANNING_v2.1.md,55040,7373552ff7f43e2822f7819b2101ec0df7bc1acee60e8b92dc866f330203d7be
Utama core RUMAHAGEN_WIREFRAME_CORE_FINAL_SOURCE_PACK_v1.3(9)_GOVERNANCE_CORRECTED_STEP0_RESIDUAL_FIXED(20260907-081749).zip,0,RUMAHAGEN_WIREFRAME_CORE_FINAL_SOURCE_PACK_v1.2/21_EXECUTION_SPECIFICATION/W4-02A.6.25_MODULE_EXECUTION_SPECIFICATION_ARCHITECTURE_v2.1.md,46464,8e82d6f1308995ba163d0c2c49786c8b8999d7c2e6b4388e07661678ffa095a3
Utama core RUMAHAGEN_WIREFRAME_CORE_FINAL_SOURCE_PACK_v1.3(9)_GOVERNANCE_CORRECTED_STEP0_RESIDUAL_FIXED(20260907-081749).zip,0,RUMAHAGEN_WIREFRAME_CORE_FINAL_SOURCE_PACK_v1.2/22_EXECUTION_BATCH/W4-02A.6.26_MODULE_EXECUTION_DEPENDENCY_BATCH_PLAN_v2.1.md,40666,316a5cb6d2f71910f078d8b905a4b14024e3186361fa14cfaa9fa921e882d097
Utama core RUMAHAGEN_WIREFRAME_CORE_FINAL_SOURCE_PACK_v1.3(9)_GOVERNANCE_CORRECTED_STEP0_RESIDUAL_FIXED(20260907-081749).zip,0,RUMAHAGEN_WIREFRAME_CORE_FINAL_SOURCE_PACK_v1.2/23_M01_M07/W4-02A.6.27_FOCUSED_EXECUTION_PACK_M01-M07_v2.1.md,12149,ffdcb89752116a428d687955f911c8769cdd4828096a2f8ec60ff28c75abe543
Utama core RUMAHAGEN_WIREFRAME_CORE_FINAL_SOURCE_PACK_v1.3(9)_GOVERNANCE_CORRECTED_STEP0_RESIDUAL_FIXED(20260907-081749).zip,0,RUMAHAGEN_WIREFRAME_CORE_FINAL_SOURCE_PACK_v1.2/23_M01_M07/W4-02A.6.27_FOCUSED_EXECUTION_PACK_M01-M07_v2.1.zip,32254,0d3b2ec0515b08e1977ffe9187a108f2a7483ba7f5a6d8da51b1ee0b951967fc
Utama core RUMAHAGEN_WIREFRAME_CORE_FINAL_SOURCE_PACK_v1.3(9)_GOVERNANCE_CORRECTED_STEP0_RESIDUAL_FIXED(20260907-081749).zip,1,RUMAHAGEN_WIREFRAME_CORE_FINAL_SOURCE_PACK_v1.2/23_M01_M07/W4-02A.6.27_FOCUSED_EXECUTION_PACK_M01-M07_v2.1.zip!RUMAHAGEN_W4-02A.6.27_FOCUSED_EXECUTION_PACK_M01-M07_v2.1/M01_PHYSICAL_EXECUTION_SPEC_v2.1.md,8933,db988febf9ef1ed6f6746177260d8fab50b5fbb93827afb708de163dd484a3ff
Utama core RUMAHAGEN_WIREFRAME_CORE_FINAL_SOURCE_PACK_v1.3(9)_GOVERNANCE_CORRECTED_STEP0_RESIDUAL_FIXED(20260907-081749).zip,1,RUMAHAGEN_WIREFRAME_CORE_FINAL_SOURCE_PACK_v1.2/23_M01_M07/W4-02A.6.27_FOCUSED_EXECUTION_PACK_M01-M07_v2.1.zip!RUMAHAGEN_W4-02A.6.27_FOCUSED_EXECUTION_PACK_M01-M07_v2.1/M02_PHYSICAL_EXECUTION_SPEC_v2.1.md,8656,062a76a24169a2115713a3db29c2b992fffab6482814c891285939c6c3cc9826
Utama core RUMAHAGEN_WIREFRAME_CORE_FINAL_SOURCE_PACK_v1.3(9)_GOVERNANCE_CORRECTED_STEP0_RESIDUAL_FIXED(20260907-081749).zip,1,RUMAHAGEN_WIREFRAME_CORE_FINAL_SOURCE_PACK_v1.2/23_M01_M07/W4-02A.6.27_FOCUSED_EXECUTION_PACK_M01-M07_v2.1.zip!RUMAHAGEN_W4-02A.6.27_FOCUSED_EXECUTION_PACK_M01-M07_v2.1/M03_PHYSICAL_EXECUTION_SPEC_v2.1.md,9445,e8e6797c1859277ab0b9506c6932f6748d38172bf3a0e553faef0249757ff7ae
Utama core RUMAHAGEN_WIREFRAME_CORE_FINAL_SOURCE_PACK_v1.3(9)_GOVERNANCE_CORRECTED_STEP0_RESIDUAL_FIXED(20260907-081749).zip,1,RUMAHAGEN_WIREFRAME_CORE_FINAL_SOURCE_PACK_v1.2/23_M01_M07/W4-02A.6.27_FOCUSED_EXECUTION_PACK_M01-M07_v2.1.zip!RUMAHAGEN_W4-02A.6.27_FOCUSED_EXECUTION_PACK_M01-M07_v2.1/M04-S_LEARNING_SESSION_EXECUTION_SPEC_v2.1.md,2717,ac6d797bc39eccdbb1a886c0f6a7f7e6c68b2d995076d3573b64e78a5668b519
Utama core RUMAHAGEN_WIREFRAME_CORE_FINAL_SOURCE_PACK_v1.3(9)_GOVERNANCE_CORRECTED_STEP0_RESIDUAL_FIXED(20260907-081749).zip,1,RUMAHAGEN_WIREFRAME_CORE_FINAL_SOURCE_PACK_v1.2/23_M01_M07/W4-02A.6.27_FOCUSED_EXECUTION_PACK_M01-M07_v2.1.zip!RUMAHAGEN_W4-02A.6.27_FOCUSED_EXECUTION_PACK_M01-M07_v2.1/M04_PHYSICAL_EXECUTION_SPEC_v2.1.md,9572,e53738d64585fabb71fa572ae11d90722723c1882890ba4b0ba8338eadeb1ecd
Utama core RUMAHAGEN_WIREFRAME_CORE_FINAL_SOURCE_PACK_v1.3(9)_GOVERNANCE_CORRECTED_STEP0_RESIDUAL_FIXED(20260907-081749).zip,1,RUMAHAGEN_WIREFRAME_CORE_FINAL_SOURCE_PACK_v1.2/23_M01_M07/W4-02A.6.27_FOCUSED_EXECUTION_PACK_M01-M07_v2.1.zip!RUMAHAGEN_W4-02A.6.27_FOCUSED_EXECUTION_PACK_M01-M07_v2.1/M05_PHYSICAL_EXECUTION_SPEC_v2.1.md,8391,7315bc7f2937c652967141dddbe1d3e151a0c9835ad21b2bdf4895f3bdb5b513
Utama core RUMAHAGEN_WIREFRAME_CORE_FINAL_SOURCE_PACK_v1.3(9)_GOVERNANCE_CORRECTED_STEP0_RESIDUAL_FIXED(20260907-081749).zip,1,RUMAHAGEN_WIREFRAME_CORE_FINAL_SOURCE_PACK_v1.2/23_M01_M07/W4-02A.6.27_FOCUSED_EXECUTION_PACK_M01-M07_v2.1.zip!RUMAHAGEN_W4-02A.6.27_FOCUSED_EXECUTION_PACK_M01-M07_v2.1/M06_PHYSICAL_EXECUTION_SPEC_v2.1.md,8388,9337b8ca83b7309dfd57a31a904391d46c21888f6ee1fde93bbaefd7bc89dc3b
Utama core RUMAHAGEN_WIREFRAME_CORE_FINAL_SOURCE_PACK_v1.3(9)_GOVERNANCE_CORRECTED_STEP0_RESIDUAL_FIXED(20260907-081749).zip,1,RUMAHAGEN_WIREFRAME_CORE_FINAL_SOURCE_PACK_v1.2/23_M01_M07/W4-02A.6.27_FOCUSED_EXECUTION_PACK_M01-M07_v2.1.zip!RUMAHAGEN_W4-02A.6.27_FOCUSED_EXECUTION_PACK_M01-M07_v2.1/M07_PHYSICAL_EXECUTION_SPEC_v2.1.md,8514,662cf023986fc73f6684c928b3c4e00ba5e8e01b2ad07951945b5c9de67808e7
Utama core RUMAHAGEN_WIREFRAME_CORE_FINAL_SOURCE_PACK_v1.3(9)_GOVERNANCE_CORRECTED_STEP0_RESIDUAL_FIXED(20260907-081749).zip,1,RUMAHAGEN_WIREFRAME_CORE_FINAL_SOURCE_PACK_v1.2/23_M01_M07/W4-02A.6.27_FOCUSED_EXECUTION_PACK_M01-M07_v2.1.zip!RUMAHAGEN_W4-02A.6.27_FOCUSED_EXECUTION_PACK_M01-M07_v2.1/RUMAHAGEN_W4-02A.6.27_FOCUSED_EXECUTION_PACK_M01-M07_v2.1.md,12149,ffdcb89752116a428d687955f911c8769cdd4828096a2f8ec60ff28c75abe543
Utama core RUMAHAGEN_WIREFRAME_CORE_FINAL_SOURCE_PACK_v1.3(9)_GOVERNANCE_CORRECTED_STEP0_RESIDUAL_FIXED(20260907-081749).zip,0,RUMAHAGEN_WIREFRAME_CORE_FINAL_SOURCE_PACK_v1.2/24_M08_M15/W4-02A.6.28_FOCUSED_EXECUTION_PACK_M08-M15_v2.1.md,12958,a6b879e6d81f1cbb6a3eade8caa71a950432d44488db21fe45b667cd9fa0fdb3
Utama core RUMAHAGEN_WIREFRAME_CORE_FINAL_SOURCE_PACK_v1.3(9)_GOVERNANCE_CORRECTED_STEP0_RESIDUAL_FIXED(20260907-081749).zip,0,RUMAHAGEN_WIREFRAME_CORE_FINAL_SOURCE_PACK_v1.2/24_M08_M15/W4-02A.6.28_FOCUSED_EXECUTION_PACK_M08-M15_v2.1.zip,29640,54c2560d7f247793f8b26ea8f2ee3128334432d748c09e97ab7be1f5558d3208
Utama core RUMAHAGEN_WIREFRAME_CORE_FINAL_SOURCE_PACK_v1.3(9)_GOVERNANCE_CORRECTED_STEP0_RESIDUAL_FIXED(20260907-081749).zip,1,RUMAHAGEN_WIREFRAME_CORE_FINAL_SOURCE_PACK_v1.2/24_M08_M15/W4-02A.6.28_FOCUSED_EXECUTION_PACK_M08-M15_v2.1.zip!RUMAHAGEN_W4-02A.6.28_FOCUSED_EXECUTION_PACK_M08-M15_v2.1/M08_PHYSICAL_EXECUTION_SPEC_v2.1.md,6775,d2033671ce0e13b29483fad93756ff1ebfafcaa24585763f4bc68de6a7859926
Utama core RUMAHAGEN_WIREFRAME_CORE_FINAL_SOURCE_PACK_v1.3(9)_GOVERNANCE_CORRECTED_STEP0_RESIDUAL_FIXED(20260907-081749).zip,1,RUMAHAGEN_WIREFRAME_CORE_FINAL_SOURCE_PACK_v1.2/24_M08_M15/W4-02A.6.28_FOCUSED_EXECUTION_PACK_M08-M15_v2.1.zip!RUMAHAGEN_W4-02A.6.28_FOCUSED_EXECUTION_PACK_M08-M15_v2.1/M09_PHYSICAL_EXECUTION_SPEC_v2.1.md,6944,7d39bb462699dc346c5ecf441996cd9a8e7b1bc5d969604463c810c1d4c34545
Utama core RUMAHAGEN_WIREFRAME_CORE_FINAL_SOURCE_PACK_v1.3(9)_GOVERNANCE_CORRECTED_STEP0_RESIDUAL_FIXED(20260907-081749).zip,1,RUMAHAGEN_WIREFRAME_CORE_FINAL_SOURCE_PACK_v1.2/24_M08_M15/W4-02A.6.28_FOCUSED_EXECUTION_PACK_M08-M15_v2.1.zip!RUMAHAGEN_W4-02A.6.28_FOCUSED_EXECUTION_PACK_M08-M15_v2.1/M10_PHYSICAL_EXECUTION_SPEC_v2.1.md,6625,0954001b40b9aa4289cf174f807c2625dc4a4f5f373c120c12f28696ecddd8f2
Utama core RUMAHAGEN_WIREFRAME_CORE_FINAL_SOURCE_PACK_v1.3(9)_GOVERNANCE_CORRECTED_STEP0_RESIDUAL_FIXED(20260907-081749).zip,1,RUMAHAGEN_WIREFRAME_CORE_FINAL_SOURCE_PACK_v1.2/24_M08_M15/W4-02A.6.28_FOCUSED_EXECUTION_PACK_M08-M15_v2.1.zip!RUMAHAGEN_W4-02A.6.28_FOCUSED_EXECUTION_PACK_M08-M15_v2.1/M11_PHYSICAL_EXECUTION_SPEC_v2.1.md,6695,adfc6ce099de713b1bd60194bed59b35cb9dda5ecc99ceec5ccbe96894ee5a70
Utama core RUMAHAGEN_WIREFRAME_CORE_FINAL_SOURCE_PACK_v1.3(9)_GOVERNANCE_CORRECTED_STEP0_RESIDUAL_FIXED(20260907-081749).zip,1,RUMAHAGEN_WIREFRAME_CORE_FINAL_SOURCE_PACK_v1.2/24_M08_M15/W4-02A.6.28_FOCUSED_EXECUTION_PACK_M08-M15_v2.1.zip!RUMAHAGEN_W4-02A.6.28_FOCUSED_EXECUTION_PACK_M08-M15_v2.1/M12_PHYSICAL_EXECUTION_SPEC_v2.1.md,6477,c01c5da1353a7f689b56d06242f248e0851d2bf5b92fa24fdbc12666e53e8930
Utama core RUMAHAGEN_WIREFRAME_CORE_FINAL_SOURCE_PACK_v1.3(9)_GOVERNANCE_CORRECTED_STEP0_RESIDUAL_FIXED(20260907-081749).zip,1,RUMAHAGEN_WIREFRAME_CORE_FINAL_SOURCE_PACK_v1.2/24_M08_M15/W4-02A.6.28_FOCUSED_EXECUTION_PACK_M08-M15_v2.1.zip!RUMAHAGEN_W4-02A.6.28_FOCUSED_EXECUTION_PACK_M08-M15_v2.1/M13_PHYSICAL_EXECUTION_SPEC_v2.1.md,6463,8e8f14c0bc0ff8ec33155671ef9c903168894ee6c0111a9d9deb6c2f4ae6ea27
Utama core RUMAHAGEN_WIREFRAME_CORE_FINAL_SOURCE_PACK_v1.3(9)_GOVERNANCE_CORRECTED_STEP0_RESIDUAL_FIXED(20260907-081749).zip,1,RUMAHAGEN_WIREFRAME_CORE_FINAL_SOURCE_PACK_v1.2/24_M08_M15/W4-02A.6.28_FOCUSED_EXECUTION_PACK_M08-M15_v2.1.zip!RUMAHAGEN_W4-02A.6.28_FOCUSED_EXECUTION_PACK_M08-M15_v2.1/M14_PHYSICAL_EXECUTION_SPEC_v2.1.md,6787,f9f25be2e5e1b541674662f6a4680467c75ba635fad2e665003cf9df780591f1
Utama core RUMAHAGEN_WIREFRAME_CORE_FINAL_SOURCE_PACK_v1.3(9)_GOVERNANCE_CORRECTED_STEP0_RESIDUAL_FIXED(20260907-081749).zip,1,RUMAHAGEN_WIREFRAME_CORE_FINAL_SOURCE_PACK_v1.2/24_M08_M15/W4-02A.6.28_FOCUSED_EXECUTION_PACK_M08-M15_v2.1.zip!RUMAHAGEN_W4-02A.6.28_FOCUSED_EXECUTION_PACK_M08-M15_v2.1/M15_PHYSICAL_EXECUTION_SPEC_v2.1.md,6642,b86968510b07731383990e40540f9a04b8273d8969fc6814530ebc17e5dd8088
Utama core RUMAHAGEN_WIREFRAME_CORE_FINAL_SOURCE_PACK_v1.3(9)_GOVERNANCE_CORRECTED_STEP0_RESIDUAL_FIXED(20260907-081749).zip,1,RUMAHAGEN_WIREFRAME_CORE_FINAL_SOURCE_PACK_v1.2/24_M08_M15/W4-02A.6.28_FOCUSED_EXECUTION_PACK_M08-M15_v2.1.zip!RUMAHAGEN_W4-02A.6.28_FOCUSED_EXECUTION_PACK_M08-M15_v2.1/RUMAHAGEN_W4-02A.6.28_FOCUSED_EXECUTION_PACK_M08-M15_v2.1.md,12958,a6b879e6d81f1cbb6a3eade8caa71a950432d44488db21fe45b667cd9fa0fdb3
Utama core RUMAHAGEN_WIREFRAME_CORE_FINAL_SOURCE_PACK_v1.3(9)_GOVERNANCE_CORRECTED_STEP0_RESIDUAL_FIXED(20260907-081749).zip,0,RUMAHAGEN_WIREFRAME_CORE_FINAL_SOURCE_PACK_v1.2/25_EXECUTION_AUDIT/W4-02A.6.29_EXECUTION_PACK_AUDIT_RECONCILIATION_v2.1.md,18012,70302b771fdd9293db1fe6d9d736f8926eef76bbdf2993489cb0eb182e540ea3
Utama core RUMAHAGEN_WIREFRAME_CORE_FINAL_SOURCE_PACK_v1.3(9)_GOVERNANCE_CORRECTED_STEP0_RESIDUAL_FIXED(20260907-081749).zip,0,RUMAHAGEN_WIREFRAME_CORE_FINAL_SOURCE_PACK_v1.2/26_ENGINEERING_ALIGNMENT/W4-02A.6.30_ENGINEERING_ALIGNMENT_GUIDEBOOK_PLAYBOOK_v2.1.md,31681,239e06d97698eb97c4e362b1b9ecf25f064fbe8e665e2f9e328d00e6d339a090
Utama core RUMAHAGEN_WIREFRAME_CORE_FINAL_SOURCE_PACK_v1.3(9)_GOVERNANCE_CORRECTED_STEP0_RESIDUAL_FIXED(20260907-081749).zip,0,RUMAHAGEN_WIREFRAME_CORE_FINAL_SOURCE_PACK_v1.2/27_AI_BLUEPRINT/W4-02A.6.31_AI_DEVELOPMENT_BLUEPRINT_v2.1.md,29348,504a5738b3a832159850b0c1035e95f02b509a773a52fb01b722948e01ab09c2
Utama core RUMAHAGEN_WIREFRAME_CORE_FINAL_SOURCE_PACK_v1.3(9)_GOVERNANCE_CORRECTED_STEP0_RESIDUAL_FIXED(20260907-081749).zip,0,RUMAHAGEN_WIREFRAME_CORE_FINAL_SOURCE_PACK_v1.2/28_AI_CONTEXT/W4-02A.6.32_AI_CONTEXT_PACK_v2.1.md,19773,b4a5c5863ffc9934467688078144210f23eed59e3f574b9eaba171a10f7a1bae
Utama core RUMAHAGEN_WIREFRAME_CORE_FINAL_SOURCE_PACK_v1.3(9)_GOVERNANCE_CORRECTED_STEP0_RESIDUAL_FIXED(20260907-081749).zip,0,RUMAHAGEN_WIREFRAME_CORE_FINAL_SOURCE_PACK_v1.2/29_FINAL_CONTROL/W4-02A.6.33_DECISION_LOG_FINAL_v2.1.md,18845,712f6513cc1b66ae90f673f920ee500d235a633dd4916f10a97b7031334821ca
Utama core RUMAHAGEN_WIREFRAME_CORE_FINAL_SOURCE_PACK_v1.3(9)_GOVERNANCE_CORRECTED_STEP0_RESIDUAL_FIXED(20260907-081749).zip,0,RUMAHAGEN_WIREFRAME_CORE_FINAL_SOURCE_PACK_v1.2/29_FINAL_CONTROL/W4-02A.6.34_CHANGELOG_FINAL_v1.0.docx,46682,42ecb48a9d988bb69b92df6e394b86b7ca0a3336a7f4c58edbe02688327bcf2e
Utama core RUMAHAGEN_WIREFRAME_CORE_FINAL_SOURCE_PACK_v1.3(9)_GOVERNANCE_CORRECTED_STEP0_RESIDUAL_FIXED(20260907-081749).zip,0,RUMAHAGEN_WIREFRAME_CORE_FINAL_SOURCE_PACK_v1.2/29_FINAL_CONTROL/W4-02A.6.35_PROJECT_MANIFEST_FINAL_v1.32.docx,44768,bcf9a8a109e109016699a84ccdcdf7aa9de9af0b7380962ca74081858a2f0b0a
Utama core RUMAHAGEN_WIREFRAME_CORE_FINAL_SOURCE_PACK_v1.3(9)_GOVERNANCE_CORRECTED_STEP0_RESIDUAL_FIXED(20260907-081749).zip,0,RUMAHAGEN_WIREFRAME_CORE_FINAL_SOURCE_PACK_v1.2/29_FINAL_CONTROL/W4-02A.6.36_CURRENT_PROJECT_STATE_FINAL_rev15.docx,45569,9f929cb9612d755e21bf27b42489de7c9cd3a9c42042d5f4825010a3132cffae
Utama core RUMAHAGEN_WIREFRAME_CORE_FINAL_SOURCE_PACK_v1.3(9)_GOVERNANCE_CORRECTED_STEP0_RESIDUAL_FIXED(20260907-081749).zip,0,RUMAHAGEN_WIREFRAME_CORE_FINAL_SOURCE_PACK_v1.2/29_FINAL_CONTROL/W4-02A.6.37_FINAL_CROSS_DOCUMENT_RECONCILIATION_v1.0.docx,56438,55ba7ad886ea26469d2569f50ce577acf241b0b26969816e62774546acab967c
Utama core RUMAHAGEN_WIREFRAME_CORE_FINAL_SOURCE_PACK_v1.3(9)_GOVERNANCE_CORRECTED_STEP0_RESIDUAL_FIXED(20260907-081749).zip,0,RUMAHAGEN_WIREFRAME_CORE_FINAL_SOURCE_PACK_v1.2/30_RECONCILIATION_EVIDENCE/W4-02A.5R_SOURCE_UPDATE_REVALIDATION_v1.1.docx,38455,47a6f021e6c409e73d5d7c7dddaaa270107190db90dba4ff30760080155a2b8f
Utama core RUMAHAGEN_WIREFRAME_CORE_FINAL_SOURCE_PACK_v1.3(9)_GOVERNANCE_CORRECTED_STEP0_RESIDUAL_FIXED(20260907-081749).zip,0,RUMAHAGEN_WIREFRAME_CORE_FINAL_SOURCE_PACK_v1.2/30_RECONCILIATION_EVIDENCE/W4-02A.5_CROSS_DOMAIN_CONFLICT_RESIDUAL_AUDIT_FULL_CONSOLIDATED_v1.0.docx,42652,16982b5861c3ef86327b8f79f07eb080faac17aa6a422cc983f79d11a40564df
Utama core RUMAHAGEN_WIREFRAME_CORE_FINAL_SOURCE_PACK_v1.3(9)_GOVERNANCE_CORRECTED_STEP0_RESIDUAL_FIXED(20260907-081749).zip,0,RUMAHAGEN_WIREFRAME_CORE_FINAL_SOURCE_PACK_v1.2/README_CURRENT_BASELINE.md,2468,723ce919284891740a4a11501d925126f3163bc7e8ce458b5f07b1fd1543b878
Utama core RUMAHAGEN_WIREFRAME_CORE_FINAL_SOURCE_PACK_v1.3(9)_GOVERNANCE_CORRECTED_STEP0_RESIDUAL_FIXED(20260907-081749).zip,0,RUMAHAGEN_WIREFRAME_CORE_FINAL_SOURCE_PACK_v1.2/RUMAHAGEN_PROJECT_CONSTITUTION_FULL_CONSOLIDATED_v1.14_REAUDITED.docx,47946,a1414005d3b9ef1f235fd2019452a70c173cf560fa16e3ada17acf66cd793495
