artifact_id,artifact_level,source_index_id,core_path,layer,layer_type,authority_owner,authority_source_artifact,authority_basis,authority_scope,source_index_authority_class,core_status,purpose,size_bytes,sha256,text_chars,text_lines,heading_signal_count,core_section_heading,core_evidence_line,core_evidence_excerpt,evidence_anchor_precision,dependency_type,dependency_targets,dependency_statement,dependency_target_count,step04_sync_target,step04_classification,control_boundary
CAM11-0001,CORE_SOURCE_PACK_MEMBER,SRC-001,00_CONTROL/RENAME_REGISTER_6.33.md,00_CONTROL,CONTROL,CORE CONTROL / GOVERNANCE,00_CONTROL/W4-02A.7_FINAL_DOCUMENT_FREEZE_AUTHORITY_VERIFICATION_v1.0.md,Freeze/control authority and source-pack control records,CORE CONTROL / GOVERNANCE,BASELINE-METADATA,CURRENT-CONTROL,6.33 filename/semantic clarification metadata,645,17ff728177e5ea174227267c4e0ff452d556bd598669f6502b803a62b96a646c,641,20,6,# 6.33 Filename Clarification Register,4,Clarify the semantic identity of the 6.33 artifact without changing its decision content or authority.,LINE + HEADING + EXCERPT,EXPLICIT_CORE_ARTIFACT_REFERENCE,29_FINAL_CONTROL/W4-02A.6.33_DECISION_LOG_FINAL_v2.1.md,Explicit references to 1 other Core artifact(s) were located in extracted text.,1,STEP04 → 00_CONTROL synchronization target,TO BE CLASSIFIED IN STEP 04,IMMUTABLE CORE — MAP ONLY; NO MERGE / NO CONFLICT RESOLUTION / NO PHYSICAL IMPLEMENTATION / NO RUNTIME
CAM11-0002,CORE_SOURCE_PACK_MEMBER,NOT_IN_SOURCE_INDEX,00_CONTROL/SHA256_MANIFEST_CORE_FINAL_v1.3.csv,00_CONTROL,CONTROL,CORE CONTROL / GOVERNANCE,00_CONTROL/W4-02A.7_FINAL_DOCUMENT_FREEZE_AUTHORITY_VERIFICATION_v1.0.md,Freeze/control authority and source-pack control records,CORE CONTROL / GOVERNANCE,NOT_EXPLICIT_IN_SOURCE_INDEX,CURRENT-CONTROL,CORE CONTROL / FREEZE GOVERNANCE,7054,8a197083cd0ec7e79bb6269ab8199d215d4a83716fb28b1081b26d8006e96c5e,7006,48,0,NO_HEADING_DETECTED,1,"path,size_bytes,sha256",LINE + HEADING + EXCERPT,EXPLICIT_CORE_ARTIFACT_REFERENCE,00_CONTROL/RENAME_REGISTER_6.33.md;00_CONTROL/SOURCE_INDEX_v1.3.csv;00_CONTROL/SOURCE_INDEX_v1.3.md;00_CONTROL/W4-02A.6.0_CORE_ARTIFACT_INVENTORY_AND_ORDERING_LOCK_v1.1_BASE_TRACK_37_STEPS.docx;00_CONTROL/W4-02A.7_FINAL_DOCUMENT_FREEZE_AUTHORITY_VERIFICATION_v1.0.md;00_CONTROL/W4-02A.7_RECURSIVE_SOURCE_AUDIT_REGISTER_v1.0.csv;01_GOVERNANCE/W4-02A.1_GOVERNANCE_CONSOLIDATION_FINAL_DECISION_AUTHORITY_v1.0.docx;01_GOVERNANCE/W4-02A.6.2_GOVERNANCE_REGISTER_FULL_CONSOLIDATED_v1.16.docx;03_BUSINESS_RULES/W4-02A.6.10_BUSINESS_RULES_BASELINE_TRACEABILITY_FULL_CONSOLIDATED_v1.2_REAUDITED.docx;04_ARCHITECTURE/W4-02A.6.5_SYSTEM_ARCHITECTURE_FULL_CONSOLIDATED_v1.8.docx;05_TECHNICAL_DECISIONS/W4-02A.6.6_TECHNICAL_DECISIONS_FULL_CONSOLIDATED_v1.6.docx;06_DEPENDENCY_MANIFEST/W4-02A.6.7_DEPENDENCY_MANIFEST_FULL_CONSOLIDATED_v1.9.docx;07_PRD/W4-02A.6.11_PRD_CURRENT_PRODUCT_REQUIREMENTS_FULL_CONSOLIDATED_v2.1.docx;08_USER_FLOW/W4-02A.6.12_USER_FLOW_CURRENT_CROSS_DOMAIN_INTERACTION_FLOW_FULL_CONSOLIDATED_v2.1.docx;09_ERD/W4-02A.6.13_ERD_CURRENT_LOGICAL_DATA_MODEL_FULL_CONSOLIDATED_v2.1.docx;10_DATABASE_DICTIONARY/W4-02A.6.14_DATABASE_DICTIONARY_CURRENT_LOGICAL_TO_PHYSICAL_DATA_MEANING_FULL_CONSOLIDATED_v2.2.docx;11_DATABASE_SCHEMA/RUMAHAGEN_FULL_DATABASE_SCHEMA_SOURCE_ONLY_PACKAGE_v1.0.zip;11_DATABASE_SCHEMA/W4-01E_FINAL_BUILD_FROM_ZERO_SCHEMA_PACKAGE_v2.6.zip;11_DATABASE_SCHEMA/W4-02A.6.15_DATABASE_SCHEMA_CURRENT_PHYSICAL_SCHEMA_REFERENCE_FULL_CONSOLIDATED_v2.7.docx;11_DATABASE_SCHEMA/W4-02_CANONICAL_BUILD_FROM_ZERO_MIGRATION_PACKAGE_v1.0.zip;12_API/W4-02A.6.16_API_SPECIFICATION_CURRENT_API_CONTRACT_BASELINE_FULL_CONSOLIDATED_v2.1.docx;13_RBAC_RLS/W4-02A.6.17_RBAC_PERMISSION_RLS_CURRENT_AUTHORIZATION_BASELINE_FULL_CONSOLIDATED_v2.1.docx;14_FUNCTIONAL/W4-02A.6.18_FUNCTIONAL_SPECIFICATION_CURRENT_FUNCTIONAL_IMPLEMENTATION_CONTRACT_v2.1.md;15_TECHNICAL/W4-02A.6.19_TECHNICAL_SPECIFICATION_CURRENT_TECHNICAL_IMPLEMENTATION_CONTRACT_v2.1.md;16_UI_UX/W4-02A.6.20_UI_UX_SPECIFICATION_CURRENT_INTERFACE_BEHAVIOR_CONTRACT_v2.1.md;17_SEO_ANALYTICS/W4-02A.6.21_SEO_ANALYTICS_SPECIFICATION_DISCOVERY_MEASUREMENT_BASELINE_v2.1.md;18_MODULE_DEPENDENCY/W4-02A.6.22_MODULE_DEPENDENCY_MATRIX_CROSS_MODULE_DEPENDENCY_CONTRACT_v2.1.md;19_IMPLEMENTATION_STRATEGY/W4-02A.6.23_MODULE_IMPLEMENTATION_STRATEGY_INTEGRATED_IMPLEMENTATION_SEQUENCING_v2.1.md;20_MODULE_PLANNING/W4-02A.6.24_REVISED_MODULE_PLANNING_CURRENT_MODULE_DELIVERY_PLANNING_v2.1.md;21_EXECUTION_SPECIFICATION/W4-02A.6.25_MODULE_EXECUTION_SPECIFICATION_ARCHITECTURE_v2.1.md;22_EXECUTION_BATCH/W4-02A.6.26_MODULE_EXECUTION_DEPENDENCY_BATCH_PLAN_v2.1.md;23_M01_M07/W4-02A.6.27_FOCUSED_EXECUTION_PACK_M01-M07_v2.1.md;23_M01_M07/W4-02A.6.27_FOCUSED_EXECUTION_PACK_M01-M07_v2.1.zip;24_M08_M15/W4-02A.6.28_FOCUSED_EXECUTION_PACK_M08-M15_v2.1.md;24_M08_M15/W4-02A.6.28_FOCUSED_EXECUTION_PACK_M08-M15_v2.1.zip;25_EXECUTION_AUDIT/W4-02A.6.29_EXECUTION_PACK_AUDIT_RECONCILIATION_v2.1.md;26_ENGINEERING_ALIGNMENT/W4-02A.6.30_ENGINEERING_ALIGNMENT_GUIDEBOOK_PLAYBOOK_v2.1.md;27_AI_BLUEPRINT/W4-02A.6.31_AI_DEVELOPMENT_BLUEPRINT_v2.1.md;28_AI_CONTEXT/W4-02A.6.32_AI_CONTEXT_PACK_v2.1.md;29_FINAL_CONTROL/W4-02A.6.33_DECISION_LOG_FINAL_v2.1.md;29_FINAL_CONTROL/W4-02A.6.34_CHANGELOG_FINAL_v1.0.docx;29_FINAL_CONTROL/W4-02A.6.35_PROJECT_MANIFEST_FINAL_v1.32.docx;29_FINAL_CONTROL/W4-02A.6.36_CURRENT_PROJECT_STATE_FINAL_rev15.docx;29_FINAL_CONTROL/W4-02A.6.37_FINAL_CROSS_DOCUMENT_RECONCILIATION_v1.0.docx;30_RECONCILIATION_EVIDENCE/W4-02A.5R_SOURCE_UPDATE_REVALIDATION_v1.1.docx;30_RECONCILIATION_EVIDENCE/W4-02A.5_CROSS_DOMAIN_CONFLICT_RESIDUAL_AUDIT_FULL_CONSOLIDATED_v1.0.docx;README_CURRENT_BASELINE.md,Explicit references to 47 other Core artifact(s) were located in extracted text.,47,STEP04 → 00_CONTROL synchronization target,TO BE CLASSIFIED IN STEP 04,IMMUTABLE CORE — MAP ONLY; NO MERGE / NO CONFLICT RESOLUTION / NO PHYSICAL IMPLEMENTATION / NO RUNTIME
CAM11-0003,CORE_SOURCE_PACK_MEMBER,NOT_IN_SOURCE_INDEX,00_CONTROL/SOURCE_INDEX_v1.3.csv,00_CONTROL,CONTROL,CORE CONTROL / GOVERNANCE,00_CONTROL/W4-02A.7_FINAL_DOCUMENT_FREEZE_AUTHORITY_VERIFICATION_v1.0.md,Freeze/control authority and source-pack control records,CORE CONTROL / GOVERNANCE,NOT_EXPLICIT_IN_SOURCE_INDEX,CURRENT-CONTROL,CORE CONTROL / FREEZE GOVERNANCE,7285,c7d0d912ad37ed28754d02b452ccf5e717645764004c16fb48e77628bec0f111,7239,46,0,NO_HEADING_DETECTED,1,"ID,Layer,Path,Authority_Class,Purpose,Current_Status",LINE + HEADING + EXCERPT,EXPLICIT_CORE_ARTIFACT_REFERENCE,00_CONTROL/RENAME_REGISTER_6.33.md;00_CONTROL/W4-02A.6.0_CORE_ARTIFACT_INVENTORY_AND_ORDERING_LOCK_v1.1_BASE_TRACK_37_STEPS.docx;00_CONTROL/W4-02A.7_FINAL_DOCUMENT_FREEZE_AUTHORITY_VERIFICATION_v1.0.md;00_CONTROL/W4-02A.7_RECURSIVE_SOURCE_AUDIT_REGISTER_v1.0.csv;01_GOVERNANCE/W4-02A.1_GOVERNANCE_CONSOLIDATION_FINAL_DECISION_AUTHORITY_v1.0.docx;01_GOVERNANCE/W4-02A.6.2_GOVERNANCE_REGISTER_FULL_CONSOLIDATED_v1.16.docx;03_BUSINESS_RULES/W4-02A.6.10_BUSINESS_RULES_BASELINE_TRACEABILITY_FULL_CONSOLIDATED_v1.2_REAUDITED.docx;04_ARCHITECTURE/W4-02A.6.5_SYSTEM_ARCHITECTURE_FULL_CONSOLIDATED_v1.8.docx;05_TECHNICAL_DECISIONS/W4-02A.6.6_TECHNICAL_DECISIONS_FULL_CONSOLIDATED_v1.6.docx;06_DEPENDENCY_MANIFEST/W4-02A.6.7_DEPENDENCY_MANIFEST_FULL_CONSOLIDATED_v1.9.docx;07_PRD/W4-02A.6.11_PRD_CURRENT_PRODUCT_REQUIREMENTS_FULL_CONSOLIDATED_v2.1.docx;08_USER_FLOW/W4-02A.6.12_USER_FLOW_CURRENT_CROSS_DOMAIN_INTERACTION_FLOW_FULL_CONSOLIDATED_v2.1.docx;09_ERD/W4-02A.6.13_ERD_CURRENT_LOGICAL_DATA_MODEL_FULL_CONSOLIDATED_v2.1.docx;10_DATABASE_DICTIONARY/W4-02A.6.14_DATABASE_DICTIONARY_CURRENT_LOGICAL_TO_PHYSICAL_DATA_MEANING_FULL_CONSOLIDATED_v2.2.docx;11_DATABASE_SCHEMA/RUMAHAGEN_FULL_DATABASE_SCHEMA_SOURCE_ONLY_PACKAGE_v1.0.zip;11_DATABASE_SCHEMA/W4-01E_FINAL_BUILD_FROM_ZERO_SCHEMA_PACKAGE_v2.6.zip;11_DATABASE_SCHEMA/W4-02A.6.15_DATABASE_SCHEMA_CURRENT_PHYSICAL_SCHEMA_REFERENCE_FULL_CONSOLIDATED_v2.7.docx;11_DATABASE_SCHEMA/W4-02_CANONICAL_BUILD_FROM_ZERO_MIGRATION_PACKAGE_v1.0.zip;12_API/W4-02A.6.16_API_SPECIFICATION_CURRENT_API_CONTRACT_BASELINE_FULL_CONSOLIDATED_v2.1.docx;13_RBAC_RLS/W4-02A.6.17_RBAC_PERMISSION_RLS_CURRENT_AUTHORIZATION_BASELINE_FULL_CONSOLIDATED_v2.1.docx;14_FUNCTIONAL/W4-02A.6.18_FUNCTIONAL_SPECIFICATION_CURRENT_FUNCTIONAL_IMPLEMENTATION_CONTRACT_v2.1.md;15_TECHNICAL/W4-02A.6.19_TECHNICAL_SPECIFICATION_CURRENT_TECHNICAL_IMPLEMENTATION_CONTRACT_v2.1.md;16_UI_UX/W4-02A.6.20_UI_UX_SPECIFICATION_CURRENT_INTERFACE_BEHAVIOR_CONTRACT_v2.1.md;17_SEO_ANALYTICS/W4-02A.6.21_SEO_ANALYTICS_SPECIFICATION_DISCOVERY_MEASUREMENT_BASELINE_v2.1.md;18_MODULE_DEPENDENCY/W4-02A.6.22_MODULE_DEPENDENCY_MATRIX_CROSS_MODULE_DEPENDENCY_CONTRACT_v2.1.md;19_IMPLEMENTATION_STRATEGY/W4-02A.6.23_MODULE_IMPLEMENTATION_STRATEGY_INTEGRATED_IMPLEMENTATION_SEQUENCING_v2.1.md;20_MODULE_PLANNING/W4-02A.6.24_REVISED_MODULE_PLANNING_CURRENT_MODULE_DELIVERY_PLANNING_v2.1.md;21_EXECUTION_SPECIFICATION/W4-02A.6.25_MODULE_EXECUTION_SPECIFICATION_ARCHITECTURE_v2.1.md;22_EXECUTION_BATCH/W4-02A.6.26_MODULE_EXECUTION_DEPENDENCY_BATCH_PLAN_v2.1.md;23_M01_M07/W4-02A.6.27_FOCUSED_EXECUTION_PACK_M01-M07_v2.1.md;23_M01_M07/W4-02A.6.27_FOCUSED_EXECUTION_PACK_M01-M07_v2.1.zip;24_M08_M15/W4-02A.6.28_FOCUSED_EXECUTION_PACK_M08-M15_v2.1.md;24_M08_M15/W4-02A.6.28_FOCUSED_EXECUTION_PACK_M08-M15_v2.1.zip;25_EXECUTION_AUDIT/W4-02A.6.29_EXECUTION_PACK_AUDIT_RECONCILIATION_v2.1.md;26_ENGINEERING_ALIGNMENT/W4-02A.6.30_ENGINEERING_ALIGNMENT_GUIDEBOOK_PLAYBOOK_v2.1.md;27_AI_BLUEPRINT/W4-02A.6.31_AI_DEVELOPMENT_BLUEPRINT_v2.1.md;28_AI_CONTEXT/W4-02A.6.32_AI_CONTEXT_PACK_v2.1.md;29_FINAL_CONTROL/W4-02A.6.33_DECISION_LOG_FINAL_v2.1.md;29_FINAL_CONTROL/W4-02A.6.34_CHANGELOG_FINAL_v1.0.docx;29_FINAL_CONTROL/W4-02A.6.35_PROJECT_MANIFEST_FINAL_v1.32.docx;29_FINAL_CONTROL/W4-02A.6.36_CURRENT_PROJECT_STATE_FINAL_rev15.docx;29_FINAL_CONTROL/W4-02A.6.37_FINAL_CROSS_DOCUMENT_RECONCILIATION_v1.0.docx;30_RECONCILIATION_EVIDENCE/W4-02A.5R_SOURCE_UPDATE_REVALIDATION_v1.1.docx;30_RECONCILIATION_EVIDENCE/W4-02A.5_CROSS_DOMAIN_CONFLICT_RESIDUAL_AUDIT_FULL_CONSOLIDATED_v1.0.docx;README_CURRENT_BASELINE.md,Explicit references to 45 other Core artifact(s) were located in extracted text.,45,STEP04 → 00_CONTROL synchronization target,TO BE CLASSIFIED IN STEP 04,IMMUTABLE CORE — MAP ONLY; NO MERGE / NO CONFLICT RESOLUTION / NO PHYSICAL IMPLEMENTATION / NO RUNTIME
CAM11-0004,CORE_SOURCE_PACK_MEMBER,NOT_IN_SOURCE_INDEX,00_CONTROL/SOURCE_INDEX_v1.3.md,00_CONTROL,CONTROL,CORE CONTROL / GOVERNANCE,00_CONTROL/W4-02A.7_FINAL_DOCUMENT_FREEZE_AUTHORITY_VERIFICATION_v1.0.md,Freeze/control authority and source-pack control records,CORE CONTROL / GOVERNANCE,NOT_EXPLICIT_IN_SOURCE_INDEX,CURRENT-CONTROL,CORE CONTROL / FREEZE GOVERNANCE,8161,7dc272fc4716760a1fec381734136d2e47d2b97e66957d15c9b1225e91eb6329,8159,53,1,# Source Index — Core Final v1.3,3,This index describes the static contents of the Core Final Source Pack.,LINE + HEADING + EXCERPT,EXPLICIT_CORE_ARTIFACT_REFERENCE,00_CONTROL/RENAME_REGISTER_6.33.md;00_CONTROL/W4-02A.6.0_CORE_ARTIFACT_INVENTORY_AND_ORDERING_LOCK_v1.1_BASE_TRACK_37_STEPS.docx;00_CONTROL/W4-02A.7_FINAL_DOCUMENT_FREEZE_AUTHORITY_VERIFICATION_v1.0.md;00_CONTROL/W4-02A.7_RECURSIVE_SOURCE_AUDIT_REGISTER_v1.0.csv;01_GOVERNANCE/W4-02A.1_GOVERNANCE_CONSOLIDATION_FINAL_DECISION_AUTHORITY_v1.0.docx;01_GOVERNANCE/W4-02A.6.2_GOVERNANCE_REGISTER_FULL_CONSOLIDATED_v1.16.docx;03_BUSINESS_RULES/W4-02A.6.10_BUSINESS_RULES_BASELINE_TRACEABILITY_FULL_CONSOLIDATED_v1.2_REAUDITED.docx;04_ARCHITECTURE/W4-02A.6.5_SYSTEM_ARCHITECTURE_FULL_CONSOLIDATED_v1.8.docx;05_TECHNICAL_DECISIONS/W4-02A.6.6_TECHNICAL_DECISIONS_FULL_CONSOLIDATED_v1.6.docx;06_DEPENDENCY_MANIFEST/W4-02A.6.7_DEPENDENCY_MANIFEST_FULL_CONSOLIDATED_v1.9.docx;07_PRD/W4-02A.6.11_PRD_CURRENT_PRODUCT_REQUIREMENTS_FULL_CONSOLIDATED_v2.1.docx;08_USER_FLOW/W4-02A.6.12_USER_FLOW_CURRENT_CROSS_DOMAIN_INTERACTION_FLOW_FULL_CONSOLIDATED_v2.1.docx;09_ERD/W4-02A.6.13_ERD_CURRENT_LOGICAL_DATA_MODEL_FULL_CONSOLIDATED_v2.1.docx;10_DATABASE_DICTIONARY/W4-02A.6.14_DATABASE_DICTIONARY_CURRENT_LOGICAL_TO_PHYSICAL_DATA_MEANING_FULL_CONSOLIDATED_v2.2.docx;11_DATABASE_SCHEMA/RUMAHAGEN_FULL_DATABASE_SCHEMA_SOURCE_ONLY_PACKAGE_v1.0.zip;11_DATABASE_SCHEMA/W4-01E_FINAL_BUILD_FROM_ZERO_SCHEMA_PACKAGE_v2.6.zip;11_DATABASE_SCHEMA/W4-02A.6.15_DATABASE_SCHEMA_CURRENT_PHYSICAL_SCHEMA_REFERENCE_FULL_CONSOLIDATED_v2.7.docx;11_DATABASE_SCHEMA/W4-02_CANONICAL_BUILD_FROM_ZERO_MIGRATION_PACKAGE_v1.0.zip;12_API/W4-02A.6.16_API_SPECIFICATION_CURRENT_API_CONTRACT_BASELINE_FULL_CONSOLIDATED_v2.1.docx;13_RBAC_RLS/W4-02A.6.17_RBAC_PERMISSION_RLS_CURRENT_AUTHORIZATION_BASELINE_FULL_CONSOLIDATED_v2.1.docx;14_FUNCTIONAL/W4-02A.6.18_FUNCTIONAL_SPECIFICATION_CURRENT_FUNCTIONAL_IMPLEMENTATION_CONTRACT_v2.1.md;15_TECHNICAL/W4-02A.6.19_TECHNICAL_SPECIFICATION_CURRENT_TECHNICAL_IMPLEMENTATION_CONTRACT_v2.1.md;16_UI_UX/W4-02A.6.20_UI_UX_SPECIFICATION_CURRENT_INTERFACE_BEHAVIOR_CONTRACT_v2.1.md;17_SEO_ANALYTICS/W4-02A.6.21_SEO_ANALYTICS_SPECIFICATION_DISCOVERY_MEASUREMENT_BASELINE_v2.1.md;18_MODULE_DEPENDENCY/W4-02A.6.22_MODULE_DEPENDENCY_MATRIX_CROSS_MODULE_DEPENDENCY_CONTRACT_v2.1.md;19_IMPLEMENTATION_STRATEGY/W4-02A.6.23_MODULE_IMPLEMENTATION_STRATEGY_INTEGRATED_IMPLEMENTATION_SEQUENCING_v2.1.md;20_MODULE_PLANNING/W4-02A.6.24_REVISED_MODULE_PLANNING_CURRENT_MODULE_DELIVERY_PLANNING_v2.1.md;21_EXECUTION_SPECIFICATION/W4-02A.6.25_MODULE_EXECUTION_SPECIFICATION_ARCHITECTURE_v2.1.md;22_EXECUTION_BATCH/W4-02A.6.26_MODULE_EXECUTION_DEPENDENCY_BATCH_PLAN_v2.1.md;23_M01_M07/W4-02A.6.27_FOCUSED_EXECUTION_PACK_M01-M07_v2.1.md;23_M01_M07/W4-02A.6.27_FOCUSED_EXECUTION_PACK_M01-M07_v2.1.zip;24_M08_M15/W4-02A.6.28_FOCUSED_EXECUTION_PACK_M08-M15_v2.1.md;24_M08_M15/W4-02A.6.28_FOCUSED_EXECUTION_PACK_M08-M15_v2.1.zip;25_EXECUTION_AUDIT/W4-02A.6.29_EXECUTION_PACK_AUDIT_RECONCILIATION_v2.1.md;26_ENGINEERING_ALIGNMENT/W4-02A.6.30_ENGINEERING_ALIGNMENT_GUIDEBOOK_PLAYBOOK_v2.1.md;27_AI_BLUEPRINT/W4-02A.6.31_AI_DEVELOPMENT_BLUEPRINT_v2.1.md;28_AI_CONTEXT/W4-02A.6.32_AI_CONTEXT_PACK_v2.1.md;29_FINAL_CONTROL/W4-02A.6.33_DECISION_LOG_FINAL_v2.1.md;29_FINAL_CONTROL/W4-02A.6.34_CHANGELOG_FINAL_v1.0.docx;29_FINAL_CONTROL/W4-02A.6.35_PROJECT_MANIFEST_FINAL_v1.32.docx;29_FINAL_CONTROL/W4-02A.6.36_CURRENT_PROJECT_STATE_FINAL_rev15.docx;29_FINAL_CONTROL/W4-02A.6.37_FINAL_CROSS_DOCUMENT_RECONCILIATION_v1.0.docx;30_RECONCILIATION_EVIDENCE/W4-02A.5R_SOURCE_UPDATE_REVALIDATION_v1.1.docx;30_RECONCILIATION_EVIDENCE/W4-02A.5_CROSS_DOMAIN_CONFLICT_RESIDUAL_AUDIT_FULL_CONSOLIDATED_v1.0.docx;README_CURRENT_BASELINE.md,Explicit references to 45 other Core artifact(s) were located in extracted text.,45,STEP04 → 00_CONTROL synchronization target,TO BE CLASSIFIED IN STEP 04,IMMUTABLE CORE — MAP ONLY; NO MERGE / NO CONFLICT RESOLUTION / NO PHYSICAL IMPLEMENTATION / NO RUNTIME
CAM11-0005,CORE_SOURCE_PACK_MEMBER,SRC-002,00_CONTROL/W4-02A.6.0_CORE_ARTIFACT_INVENTORY_AND_ORDERING_LOCK_v1.1_BASE_TRACK_37_STEPS.docx,00_CONTROL,CONTROL,CORE CONTROL / GOVERNANCE,00_CONTROL/W4-02A.7_FINAL_DOCUMENT_FREEZE_AUTHORITY_VERIFICATION_v1.0.md,Freeze/control authority and source-pack control records,CORE CONTROL / GOVERNANCE,CONTROL-REFERENCE,CURRENT-CONTROL,Ordering / baseline control,41256,4d76cde4437c52e9c1752d99888095253eb748bc25bc8138fc4ae06701da5aec,9871,115,0,NO_HEADING_DETECTED,1,RUMAHAGEN — W4-02A.6.0,LINE + HEADING + EXCERPT,NO_EXPLICIT_DEPENDENCY_LOCATED,NONE_LOCATED,No explicit dependency target was located in extracted artifact text; no dependency is invented at STEP 03.,0,STEP04 → 00_CONTROL synchronization target,TO BE CLASSIFIED IN STEP 04,IMMUTABLE CORE — MAP ONLY; NO MERGE / NO CONFLICT RESOLUTION / NO PHYSICAL IMPLEMENTATION / NO RUNTIME
CAM11-0006,CORE_SOURCE_PACK_MEMBER,SRC-003,00_CONTROL/W4-02A.7_FINAL_DOCUMENT_FREEZE_AUTHORITY_VERIFICATION_v1.0.md,00_CONTROL,CONTROL,CORE CONTROL / GOVERNANCE,01_GOVERNANCE/W4-02A.1_GOVERNANCE_CONSOLIDATION_FINAL_DECISION_AUTHORITY_v1.0.docx,Governance decision authority establishes the freeze and control boundary verified by this control artifact.,CORE CONTROL / GOVERNANCE,FREEZE-CONTROL,CURRENT-CONTROL,Final authority/freeze verification,11519,12847c5b3609b6ba0f67ce54e7e48627e9d24f7293a9c7bfbb59c75ff5243f32,11319,240,18,# RUMAHAGEN — W4-02A.7 FINAL DOCUMENT FREEZE / AUTHORITY VERIFICATION,3,**Version:** v1.0 FINAL,LINE + HEADING + EXCERPT,EXPLICIT_CORE_ARTIFACT_REFERENCE,00_CONTROL/W4-02A.7_RECURSIVE_SOURCE_AUDIT_REGISTER_v1.0.csv,Explicit references to 1 other Core artifact(s) were located in extracted text.,1,STEP04 → 00_CONTROL synchronization target,TO BE CLASSIFIED IN STEP 04,IMMUTABLE CORE — MAP ONLY; NO MERGE / NO CONFLICT RESOLUTION / NO PHYSICAL IMPLEMENTATION / NO RUNTIME
CAM11-0007,CORE_SOURCE_PACK_MEMBER,SRC-004,00_CONTROL/W4-02A.7_RECURSIVE_SOURCE_AUDIT_REGISTER_v1.0.csv,00_CONTROL,CONTROL,CORE CONTROL / GOVERNANCE,00_CONTROL/W4-02A.7_FINAL_DOCUMENT_FREEZE_AUTHORITY_VERIFICATION_v1.0.md,Freeze/control authority and source-pack control records,CORE CONTROL / GOVERNANCE,AUDIT-CONTROL,CURRENT-CONTROL,Recursive source audit evidence,208747,0144e3114a170252011dc57f391f31155248c10543ef8e3e3aeece81cd85ff7f,208745,900,0,NO_HEADING_DETECTED,1,"﻿root_archive,depth,archive_path,extension,bytes,sha256,content_parsed,mentions_W4_02A_7,mentions_W4_03,mentions_W4_01E,mentions_W4_02",LINE + HEADING + EXCERPT,EXPLICIT_CORE_ARTIFACT_REFERENCE,00_CONTROL/W4-02A.6.0_CORE_ARTIFACT_INVENTORY_AND_ORDERING_LOCK_v1.1_BASE_TRACK_37_STEPS.docx;01_GOVERNANCE/W4-02A.1_GOVERNANCE_CONSOLIDATION_FINAL_DECISION_AUTHORITY_v1.0.docx;01_GOVERNANCE/W4-02A.6.2_GOVERNANCE_REGISTER_FULL_CONSOLIDATED_v1.16.docx;03_BUSINESS_RULES/W4-02A.6.10_BUSINESS_RULES_BASELINE_TRACEABILITY_FULL_CONSOLIDATED_v1.2_REAUDITED.docx;04_ARCHITECTURE/W4-02A.6.5_SYSTEM_ARCHITECTURE_FULL_CONSOLIDATED_v1.8.docx;05_TECHNICAL_DECISIONS/W4-02A.6.6_TECHNICAL_DECISIONS_FULL_CONSOLIDATED_v1.6.docx;06_DEPENDENCY_MANIFEST/W4-02A.6.7_DEPENDENCY_MANIFEST_FULL_CONSOLIDATED_v1.9.docx;07_PRD/W4-02A.6.11_PRD_CURRENT_PRODUCT_REQUIREMENTS_FULL_CONSOLIDATED_v2.1.docx;08_USER_FLOW/W4-02A.6.12_USER_FLOW_CURRENT_CROSS_DOMAIN_INTERACTION_FLOW_FULL_CONSOLIDATED_v2.1.docx;09_ERD/W4-02A.6.13_ERD_CURRENT_LOGICAL_DATA_MODEL_FULL_CONSOLIDATED_v2.1.docx;10_DATABASE_DICTIONARY/W4-02A.6.14_DATABASE_DICTIONARY_CURRENT_LOGICAL_TO_PHYSICAL_DATA_MEANING_FULL_CONSOLIDATED_v2.2.docx;11_DATABASE_SCHEMA/RUMAHAGEN_FULL_DATABASE_SCHEMA_SOURCE_ONLY_PACKAGE_v1.0.zip;11_DATABASE_SCHEMA/RUMAHAGEN_FULL_DATABASE_SCHEMA_SOURCE_ONLY_PACKAGE_v1.0_EXTRACTED/RUMAHAGEN_FULL_DATABASE_SCHEMA_SOURCE_ONLY_v1.0.md;11_DATABASE_SCHEMA/RUMAHAGEN_FULL_DATABASE_SCHEMA_SOURCE_ONLY_PACKAGE_v1.0_EXTRACTED/RUMAHAGEN_FULL_DATABASE_SCHEMA_SOURCE_ONLY_v1.0.sql;11_DATABASE_SCHEMA/W4-01E_FINAL_BUILD_FROM_ZERO_SCHEMA_PACKAGE_v2.6.zip;11_DATABASE_SCHEMA/W4-01E_FINAL_BUILD_FROM_ZERO_SCHEMA_PACKAGE_v2.6_EXTRACTED/RUMAHAGEN_W4-01E_FINAL_CANONICAL_BUILD_FROM_ZERO_DATABASE_SCHEMA_v2.6.sql;11_DATABASE_SCHEMA/W4-01E_FINAL_BUILD_FROM_ZERO_SCHEMA_PACKAGE_v2.6_EXTRACTED/RUMAHAGEN_W4-01E_FINAL_CANONICAL_TABLE_REGISTER_v2.6.csv;11_DATABASE_SCHEMA/W4-01E_FINAL_BUILD_FROM_ZERO_SCHEMA_PACKAGE_v2.6_EXTRACTED/RUMAHAGEN_W4-01E_FINAL_SCHEMA_CLOSURE_AND_FREEZE_v2.6.md;11_DATABASE_SCHEMA/W4-01E_FINAL_BUILD_FROM_ZERO_SCHEMA_PACKAGE_v2.6_EXTRACTED/RUMAHAGEN_W4-01E_GATE_CLOSURE_REGISTER_v2.6.csv;11_DATABASE_SCHEMA/W4-02A.6.15_DATABASE_SCHEMA_CURRENT_PHYSICAL_SCHEMA_REFERENCE_FULL_CONSOLIDATED_v2.7.docx;11_DATABASE_SCHEMA/W4-02_CANONICAL_BUILD_FROM_ZERO_MIGRATION_PACKAGE_v1.0.zip;11_DATABASE_SCHEMA/W4-02_CANONICAL_BUILD_FROM_ZERO_MIGRATION_PACKAGE_v1.0_EXTRACTED/RUMAHAGEN_W4-02_CANONICAL_86_TABLE_REGISTER_v1.0.csv;11_DATABASE_SCHEMA/W4-02_CANONICAL_BUILD_FROM_ZERO_MIGRATION_PACKAGE_v1.0_EXTRACTED/RUMAHAGEN_W4-02_CANONICAL_BUILD_FROM_ZERO_MIGRATION_BASELINE_v1.0.sql;11_DATABASE_SCHEMA/W4-02_CANONICAL_BUILD_FROM_ZERO_MIGRATION_PACKAGE_v1.0_EXTRACTED/RUMAHAGEN_W4-02_CANONICAL_MIGRATION_BASELINE_v1.0.md;11_DATABASE_SCHEMA/W4-02_CANONICAL_BUILD_FROM_ZERO_MIGRATION_PACKAGE_v1.0_EXTRACTED/RUMAHAGEN_W4-02_EXECUTION_PHASE_REGISTER_v1.0.csv;12_API/W4-02A.6.16_API_SPECIFICATION_CURRENT_API_CONTRACT_BASELINE_FULL_CONSOLIDATED_v2.1.docx;13_RBAC_RLS/W4-02A.6.17_RBAC_PERMISSION_RLS_CURRENT_AUTHORIZATION_BASELINE_FULL_CONSOLIDATED_v2.1.docx;14_FUNCTIONAL/W4-02A.6.18_FUNCTIONAL_SPECIFICATION_CURRENT_FUNCTIONAL_IMPLEMENTATION_CONTRACT_v2.1.md;15_TECHNICAL/W4-02A.6.19_TECHNICAL_SPECIFICATION_CURRENT_TECHNICAL_IMPLEMENTATION_CONTRACT_v2.1.md;16_UI_UX/W4-02A.6.20_UI_UX_SPECIFICATION_CURRENT_INTERFACE_BEHAVIOR_CONTRACT_v2.1.md;17_SEO_ANALYTICS/W4-02A.6.21_SEO_ANALYTICS_SPECIFICATION_DISCOVERY_MEASUREMENT_BASELINE_v2.1.md;18_MODULE_DEPENDENCY/W4-02A.6.22_MODULE_DEPENDENCY_MATRIX_CROSS_MODULE_DEPENDENCY_CONTRACT_v2.1.md;19_IMPLEMENTATION_STRATEGY/W4-02A.6.23_MODULE_IMPLEMENTATION_STRATEGY_INTEGRATED_IMPLEMENTATION_SEQUENCING_v2.1.md;20_MODULE_PLANNING/W4-02A.6.24_REVISED_MODULE_PLANNING_CURRENT_MODULE_DELIVERY_PLANNING_v2.1.md;21_EXECUTION_SPECIFICATION/W4-02A.6.25_MODULE_EXECUTION_SPECIFICATION_ARCHITECTURE_v2.1.md;22_EXECUTION_BATCH/W4-02A.6.26_MODULE_EXECUTION_DEPENDENCY_BATCH_PLAN_v2.1.md;23_M01_M07/W4-02A.6.27_FOCUSED_EXECUTION_PACK_M01-M07_v2.1.md;23_M01_M07/W4-02A.6.27_FOCUSED_EXECUTION_PACK_M01-M07_v2.1.zip;23_M01_M07/W4-02A.6.27_FOCUSED_EXECUTION_PACK_M01-M07_v2.1_EXTRACTED/RUMAHAGEN_W4-02A.6.27_FOCUSED_EXECUTION_PACK_M01-M07_v2.1/M01_PHYSICAL_EXECUTION_SPEC_v2.1.md;23_M01_M07/W4-02A.6.27_FOCUSED_EXECUTION_PACK_M01-M07_v2.1_EXTRACTED/RUMAHAGEN_W4-02A.6.27_FOCUSED_EXECUTION_PACK_M01-M07_v2.1/M02_PHYSICAL_EXECUTION_SPEC_v2.1.md;23_M01_M07/W4-02A.6.27_FOCUSED_EXECUTION_PACK_M01-M07_v2.1_EXTRACTED/RUMAHAGEN_W4-02A.6.27_FOCUSED_EXECUTION_PACK_M01-M07_v2.1/M03_PHYSICAL_EXECUTION_SPEC_v2.1.md;23_M01_M07/W4-02A.6.27_FOCUSED_EXECUTION_PACK_M01-M07_v2.1_EXTRACTED/RUMAHAGEN_W4-02A.6.27_FOCUSED_EXECUTION_PACK_M01-M07_v2.1/M04-S_LEARNING_SESSION_EXECUTION_SPEC_v2.1.md;23_M01_M07/W4-02A.6.27_FOCUSED_EXECUTION_PACK_M01-M07_v2.1_EXTRACTED/RUMAHAGEN_W4-02A.6.27_FOCUSED_EXECUTION_PACK_M01-M07_v2.1/M04_PHYSICAL_EXECUTION_SPEC_v2.1.md;23_M01_M07/W4-02A.6.27_FOCUSED_EXECUTION_PACK_M01-M07_v2.1_EXTRACTED/RUMAHAGEN_W4-02A.6.27_FOCUSED_EXECUTION_PACK_M01-M07_v2.1/M05_PHYSICAL_EXECUTION_SPEC_v2.1.md;23_M01_M07/W4-02A.6.27_FOCUSED_EXECUTION_PACK_M01-M07_v2.1_EXTRACTED/RUMAHAGEN_W4-02A.6.27_FOCUSED_EXECUTION_PACK_M01-M07_v2.1/M06_PHYSICAL_EXECUTION_SPEC_v2.1.md;23_M01_M07/W4-02A.6.27_FOCUSED_EXECUTION_PACK_M01-M07_v2.1_EXTRACTED/RUMAHAGEN_W4-02A.6.27_FOCUSED_EXECUTION_PACK_M01-M07_v2.1/M07_PHYSICAL_EXECUTION_SPEC_v2.1.md;23_M01_M07/W4-02A.6.27_FOCUSED_EXECUTION_PACK_M01-M07_v2.1_EXTRACTED/RUMAHAGEN_W4-02A.6.27_FOCUSED_EXECUTION_PACK_M01-M07_v2.1/RUMAHAGEN_W4-02A.6.27_FOCUSED_EXECUTION_PACK_M01-M07_v2.1.md;24_M08_M15/W4-02A.6.28_FOCUSED_EXECUTION_PACK_M08-M15_v2.1.md;24_M08_M15/W4-02A.6.28_FOCUSED_EXECUTION_PACK_M08-M15_v2.1.zip;24_M08_M15/W4-02A.6.28_FOCUSED_EXECUTION_PACK_M08-M15_v2.1_EXTRACTED/RUMAHAGEN_W4-02A.6.28_FOCUSED_EXECUTION_PACK_M08-M15_v2.1/M08_PHYSICAL_EXECUTION_SPEC_v2.1.md;24_M08_M15/W4-02A.6.28_FOCUSED_EXECUTION_PACK_M08-M15_v2.1_EXTRACTED/RUMAHAGEN_W4-02A.6.28_FOCUSED_EXECUTION_PACK_M08-M15_v2.1/M09_PHYSICAL_EXECUTION_SPEC_v2.1.md;24_M08_M15/W4-02A.6.28_FOCUSED_EXECUTION_PACK_M08-M15_v2.1_EXTRACTED/RUMAHAGEN_W4-02A.6.28_FOCUSED_EXECUTION_PACK_M08-M15_v2.1/M10_PHYSICAL_EXECUTION_SPEC_v2.1.md;24_M08_M15/W4-02A.6.28_FOCUSED_EXECUTION_PACK_M08-M15_v2.1_EXTRACTED/RUMAHAGEN_W4-02A.6.28_FOCUSED_EXECUTION_PACK_M08-M15_v2.1/M11_PHYSICAL_EXECUTION_SPEC_v2.1.md;24_M08_M15/W4-02A.6.28_FOCUSED_EXECUTION_PACK_M08-M15_v2.1_EXTRACTED/RUMAHAGEN_W4-02A.6.28_FOCUSED_EXECUTION_PACK_M08-M15_v2.1/M12_PHYSICAL_EXECUTION_SPEC_v2.1.md;24_M08_M15/W4-02A.6.28_FOCUSED_EXECUTION_PACK_M08-M15_v2.1_EXTRACTED/RUMAHAGEN_W4-02A.6.28_FOCUSED_EXECUTION_PACK_M08-M15_v2.1/M13_PHYSICAL_EXECUTION_SPEC_v2.1.md;24_M08_M15/W4-02A.6.28_FOCUSED_EXECUTION_PACK_M08-M15_v2.1_EXTRACTED/RUMAHAGEN_W4-02A.6.28_FOCUSED_EXECUTION_PACK_M08-M15_v2.1/M14_PHYSICAL_EXECUTION_SPEC_v2.1.md;24_M08_M15/W4-02A.6.28_FOCUSED_EXECUTION_PACK_M08-M15_v2.1_EXTRACTED/RUMAHAGEN_W4-02A.6.28_FOCUSED_EXECUTION_PACK_M08-M15_v2.1/M15_PHYSICAL_EXECUTION_SPEC_v2.1.md;24_M08_M15/W4-02A.6.28_FOCUSED_EXECUTION_PACK_M08-M15_v2.1_EXTRACTED/RUMAHAGEN_W4-02A.6.28_FOCUSED_EXECUTION_PACK_M08-M15_v2.1/RUMAHAGEN_W4-02A.6.28_FOCUSED_EXECUTION_PACK_M08-M15_v2.1.md;25_EXECUTION_AUDIT/W4-02A.6.29_EXECUTION_PACK_AUDIT_RECONCILIATION_v2.1.md;26_ENGINEERING_ALIGNMENT/W4-02A.6.30_ENGINEERING_ALIGNMENT_GUIDEBOOK_PLAYBOOK_v2.1.md;27_AI_BLUEPRINT/W4-02A.6.31_AI_DEVELOPMENT_BLUEPRINT_v2.1.md;28_AI_CONTEXT/W4-02A.6.32_AI_CONTEXT_PACK_v2.1.md;29_FINAL_CONTROL/W4-02A.6.33_DECISION_LOG_FINAL_v2.1.md;30_RECONCILIATION_EVIDENCE/W4-02A.5R_SOURCE_UPDATE_REVALIDATION_v1.1.docx;30_RECONCILIATION_EVIDENCE/W4-02A.5_CROSS_DOMAIN_CONFLICT_RESIDUAL_AUDIT_FULL_CONSOLIDATED_v1.0.docx,Explicit references to 65 other Core artifact(s) were located in extracted text.,65,STEP04 → 00_CONTROL synchronization target,TO BE CLASSIFIED IN STEP 04,IMMUTABLE CORE — MAP ONLY; NO MERGE / NO CONFLICT RESOLUTION / NO PHYSICAL IMPLEMENTATION / NO RUNTIME
CAM11-0008,CORE_SOURCE_PACK_MEMBER,SRC-005,01_GOVERNANCE/W4-02A.1_GOVERNANCE_CONSOLIDATION_FINAL_DECISION_AUTHORITY_v1.0.docx,01_GOVERNANCE,SEMANTIC-GOVERNANCE,CORE GOVERNANCE,00_CONTROL/W4-02A.7_FINAL_DOCUMENT_FREEZE_AUTHORITY_VERIFICATION_v1.0.md,Final freeze/governance authority verification,CORE GOVERNANCE,CURRENT-REFERENCE,CURRENT-SEMANTIC,Current contract/reference,41616,cbcbca4b502c429c6b5b6c59c4c67165570619a503c7d5b59d6c1940905368a8,11037,118,0,NO_HEADING_DETECTED,1,RUMAHAGEN — W4-02A.1,LINE + HEADING + EXCERPT,NO_EXPLICIT_DEPENDENCY_LOCATED,NONE_LOCATED,No explicit dependency target was located in extracted artifact text; no dependency is invented at STEP 03.,0,STEP04 → 01_GOVERNANCE synchronization target,TO BE CLASSIFIED IN STEP 04,IMMUTABLE CORE — MAP ONLY; NO MERGE / NO CONFLICT RESOLUTION / NO PHYSICAL IMPLEMENTATION / NO RUNTIME
CAM11-0009,CORE_SOURCE_PACK_MEMBER,SRC-006,01_GOVERNANCE/W4-02A.6.2_GOVERNANCE_REGISTER_FULL_CONSOLIDATED_v1.16.docx,01_GOVERNANCE,SEMANTIC-GOVERNANCE,CORE GOVERNANCE,00_CONTROL/W4-02A.7_FINAL_DOCUMENT_FREEZE_AUTHORITY_VERIFICATION_v1.0.md,Final freeze/governance authority verification,CORE GOVERNANCE,CURRENT-REFERENCE,CURRENT-SEMANTIC,Current contract/reference,44768,1840df18fb6c512879033d1c5e27c543752a1d59a800f6348f0455430c2bd86c,15792,235,0,NO_HEADING_DETECTED,1,RUMAHAGEN — DOCUMENT GOVERNANCE BASELINE REGISTER,LINE + HEADING + EXCERPT,NO_EXPLICIT_DEPENDENCY_LOCATED,NONE_LOCATED,No explicit dependency target was located in extracted artifact text; no dependency is invented at STEP 03.,0,STEP04 → 01_GOVERNANCE synchronization target,TO BE CLASSIFIED IN STEP 04,IMMUTABLE CORE — MAP ONLY; NO MERGE / NO CONFLICT RESOLUTION / NO PHYSICAL IMPLEMENTATION / NO RUNTIME
CAM11-0010,CORE_SOURCE_PACK_MEMBER,SRC-007,03_BUSINESS_RULES/W4-02A.6.10_BUSINESS_RULES_BASELINE_TRACEABILITY_FULL_CONSOLIDATED_v1.2_REAUDITED.docx,03_BUSINESS_RULES,SEMANTIC,CROSS-DOMAIN BUSINESS RULES; MODULE AUTHORITIES GOVERN DOMAIN-SPECIFIC RULES,01_GOVERNANCE/W4-02A.1_GOVERNANCE_CONSOLIDATION_FINAL_DECISION_AUTHORITY_v1.0.docx,Governance authority plus module-specific semantic authorities,CROSS-DOMAIN BUSINESS RULES; MODULE AUTHORITIES GOVERN DOMAIN-SPECIFIC RULES,CURRENT-REFERENCE,CURRENT-SEMANTIC,Current contract/reference,51338,f1bd00843508c4bdc16794b1509690e5c6ec6c12c49611587382a932a87e8ebc,32983,381,0,NO_HEADING_DETECTED,1,STEP AKTIF = W4-02A.6.10 — BUSINESS RULES BASELINE / TRACEABILITY,LINE + HEADING + EXCERPT,EXPLICIT_CORE_ARTIFACT_REFERENCE,30_RECONCILIATION_EVIDENCE/W4-02A.5R_SOURCE_UPDATE_REVALIDATION_v1.1.docx,Explicit references to 1 other Core artifact(s) were located in extracted text.,1,STEP04 → 03_BUSINESS_RULES synchronization target,TO BE CLASSIFIED IN STEP 04,IMMUTABLE CORE — MAP ONLY; NO MERGE / NO CONFLICT RESOLUTION / NO PHYSICAL IMPLEMENTATION / NO RUNTIME
CAM11-0011,CORE_SOURCE_PACK_MEMBER,SRC-008,04_ARCHITECTURE/W4-02A.6.5_SYSTEM_ARCHITECTURE_FULL_CONSOLIDATED_v1.8.docx,04_ARCHITECTURE,SEMANTIC,CORE ARCHITECTURE,01_GOVERNANCE/W4-02A.1_GOVERNANCE_CONSOLIDATION_FINAL_DECISION_AUTHORITY_v1.0.docx,Core architecture is governed as immutable Core semantic contract,CORE ARCHITECTURE,CURRENT-REFERENCE,CURRENT-SEMANTIC,Current contract/reference,93386,c1aa07968bb5bdfc9f9600dc48da804f65574f49da672282237ec90c4cc94884,142711,1295,3,"# developer-projects, calculator (dbr), notifications, rbac, seo",1,RUMAHAGEN — SYSTEM ARCHITECTURE,LINE + HEADING + EXCERPT,NO_EXPLICIT_DEPENDENCY_LOCATED,NONE_LOCATED,No explicit dependency target was located in extracted artifact text; no dependency is invented at STEP 03.,0,STEP04 → 04_ARCHITECTURE synchronization target,TO BE CLASSIFIED IN STEP 04,IMMUTABLE CORE — MAP ONLY; NO MERGE / NO CONFLICT RESOLUTION / NO PHYSICAL IMPLEMENTATION / NO RUNTIME
CAM11-0012,CORE_SOURCE_PACK_MEMBER,SRC-009,05_TECHNICAL_DECISIONS/W4-02A.6.6_TECHNICAL_DECISIONS_FULL_CONSOLIDATED_v1.6.docx,05_TECHNICAL_DECISIONS,SEMANTIC,CORE TECHNICAL DECISION AUTHORITY,01_GOVERNANCE/W4-02A.1_GOVERNANCE_CONSOLIDATION_FINAL_DECISION_AUTHORITY_v1.0.docx,Core technical decisions under governance freeze,CORE TECHNICAL DECISION AUTHORITY,CURRENT-REFERENCE,CURRENT-SEMANTIC,Current contract/reference,47059,2ddccdf939a59149b9404ad14c0dbfda1149fb31d23ba77e1b27c24bf05101fa,21719,416,0,NO_HEADING_DETECTED,1,RUMAHAGEN — TECHNICAL DECISIONS,LINE + HEADING + EXCERPT,NO_EXPLICIT_DEPENDENCY_LOCATED,NONE_LOCATED,No explicit dependency target was located in extracted artifact text; no dependency is invented at STEP 03.,0,STEP04 → 05_TECHNICAL_DECISIONS synchronization target,TO BE CLASSIFIED IN STEP 04,IMMUTABLE CORE — MAP ONLY; NO MERGE / NO CONFLICT RESOLUTION / NO PHYSICAL IMPLEMENTATION / NO RUNTIME
CAM11-0013,CORE_SOURCE_PACK_MEMBER,SRC-010,06_DEPENDENCY_MANIFEST/W4-02A.6.7_DEPENDENCY_MANIFEST_FULL_CONSOLIDATED_v1.9.docx,06_DEPENDENCY_MANIFEST,SEMANTIC,CORE DEPENDENCY AUTHORITY,00_CONTROL/SOURCE_INDEX_v1.3.md,Core dependency manifest and source-index control,CORE DEPENDENCY AUTHORITY,CURRENT-REFERENCE,CURRENT-SEMANTIC,Current contract/reference,48323,66a12120b244cf487b41584b1bfdd3e81cddbc8b82f9c2ee12779e72d423c693,22851,421,0,NO_HEADING_DETECTED,1,STEP AKTIF = W4-02A.6.7 — DEPENDENCY MANIFEST FULL CONSOLIDATION,LINE + HEADING + EXCERPT,NO_EXPLICIT_DEPENDENCY_LOCATED,NONE_LOCATED,No explicit dependency target was located in extracted artifact text; no dependency is invented at STEP 03.,0,STEP04 → 06_DEPENDENCY_MANIFEST synchronization target,TO BE CLASSIFIED IN STEP 04,IMMUTABLE CORE — MAP ONLY; NO MERGE / NO CONFLICT RESOLUTION / NO PHYSICAL IMPLEMENTATION / NO RUNTIME
CAM11-0014,CORE_SOURCE_PACK_MEMBER,SRC-011,07_PRD/W4-02A.6.11_PRD_CURRENT_PRODUCT_REQUIREMENTS_FULL_CONSOLIDATED_v2.1.docx,07_PRD,SEMANTIC,CORE PRODUCT REQUIREMENTS AUTHORITY,01_GOVERNANCE/W4-02A.1_GOVERNANCE_CONSOLIDATION_FINAL_DECISION_AUTHORITY_v1.0.docx,Core PRD is current product requirement contract,CORE PRODUCT REQUIREMENTS AUTHORITY,CURRENT-REFERENCE,CURRENT-SEMANTIC,Current contract/reference,48108,c2a7b6e4a77a08621a16048cba2f0f8641a3d073bc71dc4e4854634aa788aa34,25860,355,0,NO_HEADING_DETECTED,1,STEP AKTIF = W4-02A.6.11 — PRD CURRENT PRODUCT REQUIREMENTS,LINE + HEADING + EXCERPT,NO_EXPLICIT_DEPENDENCY_LOCATED,NONE_LOCATED,No explicit dependency target was located in extracted artifact text; no dependency is invented at STEP 03.,0,STEP04 → 07_PRD synchronization target,TO BE CLASSIFIED IN STEP 04,IMMUTABLE CORE — MAP ONLY; NO MERGE / NO CONFLICT RESOLUTION / NO PHYSICAL IMPLEMENTATION / NO RUNTIME
CAM11-0015,CORE_SOURCE_PACK_MEMBER,SRC-012,08_USER_FLOW/W4-02A.6.12_USER_FLOW_CURRENT_CROSS_DOMAIN_INTERACTION_FLOW_FULL_CONSOLIDATED_v2.1.docx,08_USER_FLOW,SEMANTIC,CORE USER-FLOW AUTHORITY,01_GOVERNANCE/W4-02A.1_GOVERNANCE_CONSOLIDATION_FINAL_DECISION_AUTHORITY_v1.0.docx,Core user-flow contract under freeze,CORE USER-FLOW AUTHORITY,CURRENT-REFERENCE,CURRENT-SEMANTIC,Current contract/reference,51562,bc5e3f9af3842e727f34d2ef0c4f3b91cc52c911645698696b92b0745bbbd4de,31911,466,0,NO_HEADING_DETECTED,1,STEP AKTIF = W4-02A.6.12 — USER FLOW CURRENT CROSS-DOMAIN INTERACTION FLOW,LINE + HEADING + EXCERPT,NO_EXPLICIT_DEPENDENCY_LOCATED,NONE_LOCATED,No explicit dependency target was located in extracted artifact text; no dependency is invented at STEP 03.,0,STEP04 → 08_USER_FLOW synchronization target,TO BE CLASSIFIED IN STEP 04,IMMUTABLE CORE — MAP ONLY; NO MERGE / NO CONFLICT RESOLUTION / NO PHYSICAL IMPLEMENTATION / NO RUNTIME
CAM11-0016,CORE_SOURCE_PACK_MEMBER,SRC-013,09_ERD/W4-02A.6.13_ERD_CURRENT_LOGICAL_DATA_MODEL_FULL_CONSOLIDATED_v2.1.docx,09_ERD,SEMANTIC,CORE LOGICAL DATA MODEL AUTHORITY,01_GOVERNANCE/W4-02A.1_GOVERNANCE_CONSOLIDATION_FINAL_DECISION_AUTHORITY_v1.0.docx,Core logical data model authority,CORE LOGICAL DATA MODEL AUTHORITY,CURRENT-REFERENCE,CURRENT-SEMANTIC,Current contract/reference,62303,5a5ba139cff31fbd297cac3871a3b250f13b94dabcb15b49d89af86ca785cb88,59676,1685,0,NO_HEADING_DETECTED,1,RUMAHAGEN — ERD & DATA RELATIONSHIP MODEL,LINE + HEADING + EXCERPT,NO_EXPLICIT_DEPENDENCY_LOCATED,NONE_LOCATED,No explicit dependency target was located in extracted artifact text; no dependency is invented at STEP 03.,0,STEP04 → 09_ERD synchronization target,TO BE CLASSIFIED IN STEP 04,IMMUTABLE CORE — MAP ONLY; NO MERGE / NO CONFLICT RESOLUTION / NO PHYSICAL IMPLEMENTATION / NO RUNTIME
CAM11-0017,CORE_SOURCE_PACK_MEMBER,SRC-014,10_DATABASE_DICTIONARY/W4-02A.6.14_DATABASE_DICTIONARY_CURRENT_LOGICAL_TO_PHYSICAL_DATA_MEANING_FULL_CONSOLIDATED_v2.2.docx,10_DATABASE_DICTIONARY,SEMANTIC,CORE DATA-MEANING AUTHORITY,01_GOVERNANCE/W4-02A.1_GOVERNANCE_CONSOLIDATION_FINAL_DECISION_AUTHORITY_v1.0.docx,Logical-to-physical data meaning contract,CORE DATA-MEANING AUTHORITY,CURRENT-REFERENCE,CURRENT-SEMANTIC,Current contract/reference,78665,8abcb2ca2e275288c83add193936a2763c9e3c9c75ba38088289a18080956219,117879,1426,1,# | Module | Table | Classification | Build mode | Status,1,STEP AKTIF = W4-02A.6.14 — DATABASE DICTIONARY CURRENT LOGICAL-TO-PHYSICAL DATA MEANING,LINE + HEADING + EXCERPT,EXPLICIT_CORE_ARTIFACT_REFERENCE,11_DATABASE_SCHEMA/W4-01E_FINAL_BUILD_FROM_ZERO_SCHEMA_PACKAGE_v2.6_EXTRACTED/RUMAHAGEN_W4-01E_FINAL_CANONICAL_BUILD_FROM_ZERO_DATABASE_SCHEMA_v2.6.sql;11_DATABASE_SCHEMA/W4-01E_FINAL_BUILD_FROM_ZERO_SCHEMA_PACKAGE_v2.6_EXTRACTED/RUMAHAGEN_W4-01E_FINAL_CANONICAL_TABLE_REGISTER_v2.6.csv;11_DATABASE_SCHEMA/W4-02_CANONICAL_BUILD_FROM_ZERO_MIGRATION_PACKAGE_v1.0_EXTRACTED/RUMAHAGEN_W4-02_CANONICAL_86_TABLE_REGISTER_v1.0.csv;11_DATABASE_SCHEMA/W4-02_CANONICAL_BUILD_FROM_ZERO_MIGRATION_PACKAGE_v1.0_EXTRACTED/RUMAHAGEN_W4-02_CANONICAL_BUILD_FROM_ZERO_MIGRATION_BASELINE_v1.0.sql,Explicit references to 4 other Core artifact(s) were located in extracted text.,4,STEP04 → 10_DATABASE_DICTIONARY synchronization target,TO BE CLASSIFIED IN STEP 04,IMMUTABLE CORE — MAP ONLY; NO MERGE / NO CONFLICT RESOLUTION / NO PHYSICAL IMPLEMENTATION / NO RUNTIME
CAM11-0018,CORE_SOURCE_PACK_MEMBER,SRC-015,11_DATABASE_SCHEMA/RUMAHAGEN_FULL_DATABASE_SCHEMA_SOURCE_ONLY_PACKAGE_v1.0.zip,11_DATABASE_SCHEMA,PHYSICAL-REFERENCE,W4-01E / W4-02 PHYSICAL AUTHORITY,11_DATABASE_SCHEMA/W4-01E_FINAL_BUILD_FROM_ZERO_SCHEMA_PACKAGE_v2.6.zip;11_DATABASE_SCHEMA/W4-02_CANONICAL_BUILD_FROM_ZERO_MIGRATION_PACKAGE_v1.0.zip,W4-01E frozen physical design and W4-02 executable physical baseline,W4-01E / W4-02 PHYSICAL AUTHORITY,PHYSICAL-REFERENCE,CURRENT-PHYSICAL-REFERENCE,Current physical schema / migration reference,20762,fa720ebe06c1070155e2ddddba6215f8c764b55ac67af2123aa75831b7f84784,102,2,0,NO_HEADING_DETECTED,1,RUMAHAGEN_FULL_DATABASE_SCHEMA_SOURCE_ONLY_v1.0.sql,LINE + HEADING + EXCERPT,EXPLICIT_CORE_ARTIFACT_REFERENCE,11_DATABASE_SCHEMA/RUMAHAGEN_FULL_DATABASE_SCHEMA_SOURCE_ONLY_PACKAGE_v1.0_EXTRACTED/RUMAHAGEN_FULL_DATABASE_SCHEMA_SOURCE_ONLY_v1.0.md;11_DATABASE_SCHEMA/RUMAHAGEN_FULL_DATABASE_SCHEMA_SOURCE_ONLY_PACKAGE_v1.0_EXTRACTED/RUMAHAGEN_FULL_DATABASE_SCHEMA_SOURCE_ONLY_v1.0.sql,Explicit references to 2 other Core artifact(s) were located in extracted text.,2,STEP04 → 11_DATABASE_SCHEMA synchronization target,TO BE CLASSIFIED IN STEP 04,IMMUTABLE CORE — MAP ONLY; NO MERGE / NO CONFLICT RESOLUTION / NO PHYSICAL IMPLEMENTATION / NO RUNTIME
CAM11-0019,CORE_NESTED_ARTIFACT,NOT_IN_SOURCE_INDEX,11_DATABASE_SCHEMA/RUMAHAGEN_FULL_DATABASE_SCHEMA_SOURCE_ONLY_PACKAGE_v1.0_EXTRACTED/RUMAHAGEN_FULL_DATABASE_SCHEMA_SOURCE_ONLY_v1.0.md,11_DATABASE_SCHEMA,PHYSICAL-REFERENCE,W4-01E / W4-02 PHYSICAL AUTHORITY,11_DATABASE_SCHEMA/W4-01E_FINAL_BUILD_FROM_ZERO_SCHEMA_PACKAGE_v2.6.zip;11_DATABASE_SCHEMA/W4-02_CANONICAL_BUILD_FROM_ZERO_MIGRATION_PACKAGE_v1.0.zip,W4-01E frozen physical design and W4-02 executable physical baseline,W4-01E / W4-02 PHYSICAL AUTHORITY,NOT_EXPLICIT_IN_SOURCE_INDEX,CURRENT-PHYSICAL-REFERENCE,FROZEN PHYSICAL DESIGN / W4-02 EXECUTABLE BOUNDARY,5307,f00f28aed28f98f361117daf8b9fd06c40a3602d0b3ab3339a6d47228211ed51,5267,160,13,# RUMAHAGEN — FULL DATABASE SCHEMA,4,**Date:** 19 August 2026,LINE + HEADING + EXCERPT,NO_EXPLICIT_DEPENDENCY_LOCATED,NONE_LOCATED,No explicit dependency target was located in extracted artifact text; no dependency is invented at STEP 03.,0,STEP04 → 11_DATABASE_SCHEMA synchronization target,TO BE CLASSIFIED IN STEP 04,IMMUTABLE CORE — MAP ONLY; NO MERGE / NO CONFLICT RESOLUTION / NO PHYSICAL IMPLEMENTATION / NO RUNTIME
CAM11-0020,CORE_NESTED_ARTIFACT,NOT_IN_SOURCE_INDEX,11_DATABASE_SCHEMA/RUMAHAGEN_FULL_DATABASE_SCHEMA_SOURCE_ONLY_PACKAGE_v1.0_EXTRACTED/RUMAHAGEN_FULL_DATABASE_SCHEMA_SOURCE_ONLY_v1.0.sql,11_DATABASE_SCHEMA,PHYSICAL-REFERENCE,W4-01E / W4-02 PHYSICAL AUTHORITY,11_DATABASE_SCHEMA/W4-01E_FINAL_BUILD_FROM_ZERO_SCHEMA_PACKAGE_v2.6.zip;11_DATABASE_SCHEMA/W4-02_CANONICAL_BUILD_FROM_ZERO_MIGRATION_PACKAGE_v1.0.zip,W4-01E frozen physical design and W4-02 executable physical baseline,W4-01E / W4-02 PHYSICAL AUTHORITY,NOT_EXPLICIT_IN_SOURCE_INDEX,CURRENT-PHYSICAL-REFERENCE,FROZEN PHYSICAL DESIGN / W4-02 EXECUTABLE BOUNDARY,104518,0efce0e6e9074732735ee71da69575c3df9a7fba58961b4d3921480cbbd71e26,104438,2165,0,NO_HEADING_DETECTED,1,-- ============================================================================,LINE + HEADING + EXCERPT,NO_EXPLICIT_DEPENDENCY_LOCATED,NONE_LOCATED,No explicit dependency target was located in extracted artifact text; no dependency is invented at STEP 03.,0,STEP04 → 11_DATABASE_SCHEMA synchronization target,TO BE CLASSIFIED IN STEP 04,IMMUTABLE CORE — MAP ONLY; NO MERGE / NO CONFLICT RESOLUTION / NO PHYSICAL IMPLEMENTATION / NO RUNTIME
CAM11-0021,CORE_SOURCE_PACK_MEMBER,SRC-016,11_DATABASE_SCHEMA/W4-01E_FINAL_BUILD_FROM_ZERO_SCHEMA_PACKAGE_v2.6.zip,11_DATABASE_SCHEMA,PHYSICAL-REFERENCE,W4-01E / W4-02 PHYSICAL AUTHORITY,11_DATABASE_SCHEMA/W4-01E_FINAL_BUILD_FROM_ZERO_SCHEMA_PACKAGE_v2.6.zip;11_DATABASE_SCHEMA/W4-02_CANONICAL_BUILD_FROM_ZERO_MIGRATION_PACKAGE_v1.0.zip,W4-01E frozen physical design and W4-02 executable physical baseline,W4-01E / W4-02 PHYSICAL AUTHORITY,PHYSICAL-REFERENCE,CURRENT-PHYSICAL-REFERENCE,Current physical schema / migration reference,18571,6d4c04df87e2d52e2b2787f4f558456e20394c61a3a81e283938a11f830dfe1a,235,4,0,NO_HEADING_DETECTED,1,RUMAHAGEN_W4-01E_FINAL_CANONICAL_BUILD_FROM_ZERO_DATABASE_SCHEMA_v2.6.sql,LINE + HEADING + EXCERPT,EXPLICIT_CORE_ARTIFACT_REFERENCE,11_DATABASE_SCHEMA/W4-01E_FINAL_BUILD_FROM_ZERO_SCHEMA_PACKAGE_v2.6_EXTRACTED/RUMAHAGEN_W4-01E_FINAL_CANONICAL_BUILD_FROM_ZERO_DATABASE_SCHEMA_v2.6.sql;11_DATABASE_SCHEMA/W4-01E_FINAL_BUILD_FROM_ZERO_SCHEMA_PACKAGE_v2.6_EXTRACTED/RUMAHAGEN_W4-01E_FINAL_CANONICAL_TABLE_REGISTER_v2.6.csv;11_DATABASE_SCHEMA/W4-01E_FINAL_BUILD_FROM_ZERO_SCHEMA_PACKAGE_v2.6_EXTRACTED/RUMAHAGEN_W4-01E_FINAL_SCHEMA_CLOSURE_AND_FREEZE_v2.6.md;11_DATABASE_SCHEMA/W4-01E_FINAL_BUILD_FROM_ZERO_SCHEMA_PACKAGE_v2.6_EXTRACTED/RUMAHAGEN_W4-01E_GATE_CLOSURE_REGISTER_v2.6.csv,Explicit references to 4 other Core artifact(s) were located in extracted text.,4,STEP04 → 11_DATABASE_SCHEMA synchronization target,TO BE CLASSIFIED IN STEP 04,IMMUTABLE CORE — MAP ONLY; NO MERGE / NO CONFLICT RESOLUTION / NO PHYSICAL IMPLEMENTATION / NO RUNTIME
CAM11-0022,CORE_NESTED_ARTIFACT,NOT_IN_SOURCE_INDEX,11_DATABASE_SCHEMA/W4-01E_FINAL_BUILD_FROM_ZERO_SCHEMA_PACKAGE_v2.6_EXTRACTED/RUMAHAGEN_W4-01E_FINAL_CANONICAL_BUILD_FROM_ZERO_DATABASE_SCHEMA_v2.6.sql,11_DATABASE_SCHEMA,PHYSICAL-REFERENCE,W4-01E / W4-02 PHYSICAL AUTHORITY,11_DATABASE_SCHEMA/W4-01E_FINAL_BUILD_FROM_ZERO_SCHEMA_PACKAGE_v2.6.zip;11_DATABASE_SCHEMA/W4-02_CANONICAL_BUILD_FROM_ZERO_MIGRATION_PACKAGE_v1.0.zip,W4-01E frozen physical design and W4-02 executable physical baseline,W4-01E / W4-02 PHYSICAL AUTHORITY,NOT_EXPLICIT_IN_SOURCE_INDEX,CURRENT-PHYSICAL-REFERENCE,FROZEN PHYSICAL DESIGN / W4-02 EXECUTABLE BOUNDARY,106605,73bc0e2803d1e27160cb9fc8ad61b013b079c50a67b8f1f6e6f5432b4a1c9531,106590,2168,0,NO_HEADING_DETECTED,1,-- ============================================================================,LINE + HEADING + EXCERPT,NO_EXPLICIT_DEPENDENCY_LOCATED,NONE_LOCATED,No explicit dependency target was located in extracted artifact text; no dependency is invented at STEP 03.,0,STEP04 → 11_DATABASE_SCHEMA synchronization target,TO BE CLASSIFIED IN STEP 04,IMMUTABLE CORE — MAP ONLY; NO MERGE / NO CONFLICT RESOLUTION / NO PHYSICAL IMPLEMENTATION / NO RUNTIME
CAM11-0023,CORE_NESTED_ARTIFACT,NOT_IN_SOURCE_INDEX,11_DATABASE_SCHEMA/W4-01E_FINAL_BUILD_FROM_ZERO_SCHEMA_PACKAGE_v2.6_EXTRACTED/RUMAHAGEN_W4-01E_FINAL_CANONICAL_TABLE_REGISTER_v2.6.csv,11_DATABASE_SCHEMA,PHYSICAL-REFERENCE,W4-01E / W4-02 PHYSICAL AUTHORITY,11_DATABASE_SCHEMA/W4-01E_FINAL_BUILD_FROM_ZERO_SCHEMA_PACKAGE_v2.6.zip;11_DATABASE_SCHEMA/W4-02_CANONICAL_BUILD_FROM_ZERO_MIGRATION_PACKAGE_v1.0.zip,W4-01E frozen physical design and W4-02 executable physical baseline,W4-01E / W4-02 PHYSICAL AUTHORITY,NOT_EXPLICIT_IN_SOURCE_INDEX,CURRENT-PHYSICAL-REFERENCE,FROZEN PHYSICAL DESIGN / W4-02 EXECUTABLE BOUNDARY,8023,d3c8386f3cb4a694c51833b50a1114c102f0bfad1e8bf62e188075c463a6308d,8023,87,0,NO_HEADING_DETECTED,1,"index,module,table,classification,build_mode,status",LINE + HEADING + EXCERPT,NO_EXPLICIT_DEPENDENCY_LOCATED,NONE_LOCATED,No explicit dependency target was located in extracted artifact text; no dependency is invented at STEP 03.,0,STEP04 → 11_DATABASE_SCHEMA synchronization target,TO BE CLASSIFIED IN STEP 04,IMMUTABLE CORE — MAP ONLY; NO MERGE / NO CONFLICT RESOLUTION / NO PHYSICAL IMPLEMENTATION / NO RUNTIME
CAM11-0024,CORE_NESTED_ARTIFACT,NOT_IN_SOURCE_INDEX,11_DATABASE_SCHEMA/W4-01E_FINAL_BUILD_FROM_ZERO_SCHEMA_PACKAGE_v2.6_EXTRACTED/RUMAHAGEN_W4-01E_FINAL_SCHEMA_CLOSURE_AND_FREEZE_v2.6.md,11_DATABASE_SCHEMA,PHYSICAL-REFERENCE,W4-01E / W4-02 PHYSICAL AUTHORITY,11_DATABASE_SCHEMA/W4-01E_FINAL_BUILD_FROM_ZERO_SCHEMA_PACKAGE_v2.6.zip;11_DATABASE_SCHEMA/W4-02_CANONICAL_BUILD_FROM_ZERO_MIGRATION_PACKAGE_v1.0.zip,W4-01E frozen physical design and W4-02 executable physical baseline,W4-01E / W4-02 PHYSICAL AUTHORITY,NOT_EXPLICIT_IN_SOURCE_INDEX,CURRENT-PHYSICAL-REFERENCE,FROZEN PHYSICAL DESIGN / W4-02 EXECUTABLE BOUNDARY,1337,03062a3e327d0c069d8a66f3c07254c13cd8c40931a8d8630a366d7345aaafa2,1331,58,8,# RUMAHAGEN W4-01E — FINAL SCHEMA CLOSURE & FREEZE v2.6,5,**W4-01E = PASS — CANONICAL DESIGN FROZEN**,LINE + HEADING + EXCERPT,NO_EXPLICIT_DEPENDENCY_LOCATED,NONE_LOCATED,No explicit dependency target was located in extracted artifact text; no dependency is invented at STEP 03.,0,STEP04 → 11_DATABASE_SCHEMA synchronization target,TO BE CLASSIFIED IN STEP 04,IMMUTABLE CORE — MAP ONLY; NO MERGE / NO CONFLICT RESOLUTION / NO PHYSICAL IMPLEMENTATION / NO RUNTIME
CAM11-0025,CORE_NESTED_ARTIFACT,NOT_IN_SOURCE_INDEX,11_DATABASE_SCHEMA/W4-01E_FINAL_BUILD_FROM_ZERO_SCHEMA_PACKAGE_v2.6_EXTRACTED/RUMAHAGEN_W4-01E_GATE_CLOSURE_REGISTER_v2.6.csv,11_DATABASE_SCHEMA,PHYSICAL-REFERENCE,W4-01E / W4-02 PHYSICAL AUTHORITY,11_DATABASE_SCHEMA/W4-01E_FINAL_BUILD_FROM_ZERO_SCHEMA_PACKAGE_v2.6.zip;11_DATABASE_SCHEMA/W4-02_CANONICAL_BUILD_FROM_ZERO_MIGRATION_PACKAGE_v1.0.zip,W4-01E frozen physical design and W4-02 executable physical baseline,W4-01E / W4-02 PHYSICAL AUTHORITY,NOT_EXPLICIT_IN_SOURCE_INDEX,CURRENT-PHYSICAL-REFERENCE,FROZEN PHYSICAL DESIGN / W4-02 EXECUTABLE BOUNDARY,1080,1760c5af3922dc7e2ae205951ad5b559611172059427cac479a5b20cef0b391b,1080,13,0,NO_HEADING_DETECTED,1,"gate,check,status,evidence",LINE + HEADING + EXCERPT,NO_EXPLICIT_DEPENDENCY_LOCATED,NONE_LOCATED,No explicit dependency target was located in extracted artifact text; no dependency is invented at STEP 03.,0,STEP04 → 11_DATABASE_SCHEMA synchronization target,TO BE CLASSIFIED IN STEP 04,IMMUTABLE CORE — MAP ONLY; NO MERGE / NO CONFLICT RESOLUTION / NO PHYSICAL IMPLEMENTATION / NO RUNTIME
CAM11-0026,CORE_SOURCE_PACK_MEMBER,SRC-017,11_DATABASE_SCHEMA/W4-02A.6.15_DATABASE_SCHEMA_CURRENT_PHYSICAL_SCHEMA_REFERENCE_FULL_CONSOLIDATED_v2.7.docx,11_DATABASE_SCHEMA,PHYSICAL-REFERENCE,W4-01E / W4-02 PHYSICAL AUTHORITY,11_DATABASE_SCHEMA/W4-01E_FINAL_BUILD_FROM_ZERO_SCHEMA_PACKAGE_v2.6.zip;11_DATABASE_SCHEMA/W4-02_CANONICAL_BUILD_FROM_ZERO_MIGRATION_PACKAGE_v1.0.zip,W4-01E frozen physical design and W4-02 executable physical baseline,W4-01E / W4-02 PHYSICAL AUTHORITY,PHYSICAL-REFERENCE,CURRENT-PHYSICAL-REFERENCE,Current physical schema / migration reference,74525,91d9d78bc4d0818bca5802f0315f3d1146d0a32a9645646607418708745f79b9,136573,2350,1,# | Module | Table | Classification | Build mode | Status,1,STEP AKTIF = W4-02A.6.15 — DATABASE SCHEMA CURRENT PHYSICAL SCHEMA REFERENCE,LINE + HEADING + EXCERPT,EXPLICIT_CORE_ARTIFACT_REFERENCE,10_DATABASE_DICTIONARY/W4-02A.6.14_DATABASE_DICTIONARY_CURRENT_LOGICAL_TO_PHYSICAL_DATA_MEANING_FULL_CONSOLIDATED_v2.2.docx,Explicit references to 1 other Core artifact(s) were located in extracted text.,1,STEP04 → 11_DATABASE_SCHEMA synchronization target,TO BE CLASSIFIED IN STEP 04,IMMUTABLE CORE — MAP ONLY; NO MERGE / NO CONFLICT RESOLUTION / NO PHYSICAL IMPLEMENTATION / NO RUNTIME
CAM11-0027,CORE_SOURCE_PACK_MEMBER,SRC-018,11_DATABASE_SCHEMA/W4-02_CANONICAL_BUILD_FROM_ZERO_MIGRATION_PACKAGE_v1.0.zip,11_DATABASE_SCHEMA,PHYSICAL-REFERENCE,W4-01E / W4-02 PHYSICAL AUTHORITY,11_DATABASE_SCHEMA/W4-01E_FINAL_BUILD_FROM_ZERO_SCHEMA_PACKAGE_v2.6.zip;11_DATABASE_SCHEMA/W4-02_CANONICAL_BUILD_FROM_ZERO_MIGRATION_PACKAGE_v1.0.zip,W4-01E frozen physical design and W4-02 executable physical baseline,W4-01E / W4-02 PHYSICAL AUTHORITY,PHYSICAL-REFERENCE,CURRENT-PHYSICAL-REFERENCE,Current physical schema / migration reference,19788,e4ee433128935fae30bfd64d05c3f37d426bafd012ed24842912c1354a8d2df0,225,4,0,NO_HEADING_DETECTED,1,RUMAHAGEN_W4-02_CANONICAL_BUILD_FROM_ZERO_MIGRATION_BASELINE_v1.0.sql,LINE + HEADING + EXCERPT,EXPLICIT_CORE_ARTIFACT_REFERENCE,11_DATABASE_SCHEMA/W4-02_CANONICAL_BUILD_FROM_ZERO_MIGRATION_PACKAGE_v1.0_EXTRACTED/RUMAHAGEN_W4-02_CANONICAL_86_TABLE_REGISTER_v1.0.csv;11_DATABASE_SCHEMA/W4-02_CANONICAL_BUILD_FROM_ZERO_MIGRATION_PACKAGE_v1.0_EXTRACTED/RUMAHAGEN_W4-02_CANONICAL_BUILD_FROM_ZERO_MIGRATION_BASELINE_v1.0.sql;11_DATABASE_SCHEMA/W4-02_CANONICAL_BUILD_FROM_ZERO_MIGRATION_PACKAGE_v1.0_EXTRACTED/RUMAHAGEN_W4-02_CANONICAL_MIGRATION_BASELINE_v1.0.md;11_DATABASE_SCHEMA/W4-02_CANONICAL_BUILD_FROM_ZERO_MIGRATION_PACKAGE_v1.0_EXTRACTED/RUMAHAGEN_W4-02_EXECUTION_PHASE_REGISTER_v1.0.csv,Explicit references to 4 other Core artifact(s) were located in extracted text.,4,STEP04 → 11_DATABASE_SCHEMA synchronization target,TO BE CLASSIFIED IN STEP 04,IMMUTABLE CORE — MAP ONLY; NO MERGE / NO CONFLICT RESOLUTION / NO PHYSICAL IMPLEMENTATION / NO RUNTIME
CAM11-0028,CORE_NESTED_ARTIFACT,NOT_IN_SOURCE_INDEX,11_DATABASE_SCHEMA/W4-02_CANONICAL_BUILD_FROM_ZERO_MIGRATION_PACKAGE_v1.0_EXTRACTED/RUMAHAGEN_W4-02_CANONICAL_86_TABLE_REGISTER_v1.0.csv,11_DATABASE_SCHEMA,PHYSICAL-REFERENCE,W4-01E / W4-02 PHYSICAL AUTHORITY,11_DATABASE_SCHEMA/W4-01E_FINAL_BUILD_FROM_ZERO_SCHEMA_PACKAGE_v2.6.zip;11_DATABASE_SCHEMA/W4-02_CANONICAL_BUILD_FROM_ZERO_MIGRATION_PACKAGE_v1.0.zip,W4-01E frozen physical design and W4-02 executable physical baseline,W4-01E / W4-02 PHYSICAL AUTHORITY,NOT_EXPLICIT_IN_SOURCE_INDEX,CURRENT-PHYSICAL-REFERENCE,FROZEN PHYSICAL DESIGN / W4-02 EXECUTABLE BOUNDARY,6480,0dcbfeb80dbf83e876cea932e0a90b415bda4f21d620695854729b134f43d83f,6480,87,0,NO_HEADING_DETECTED,1,"order,module,table,classification,build_mode",LINE + HEADING + EXCERPT,NO_EXPLICIT_DEPENDENCY_LOCATED,NONE_LOCATED,No explicit dependency target was located in extracted artifact text; no dependency is invented at STEP 03.,0,STEP04 → 11_DATABASE_SCHEMA synchronization target,TO BE CLASSIFIED IN STEP 04,IMMUTABLE CORE — MAP ONLY; NO MERGE / NO CONFLICT RESOLUTION / NO PHYSICAL IMPLEMENTATION / NO RUNTIME
CAM11-0029,CORE_NESTED_ARTIFACT,NOT_IN_SOURCE_INDEX,11_DATABASE_SCHEMA/W4-02_CANONICAL_BUILD_FROM_ZERO_MIGRATION_PACKAGE_v1.0_EXTRACTED/RUMAHAGEN_W4-02_CANONICAL_BUILD_FROM_ZERO_MIGRATION_BASELINE_v1.0.sql,11_DATABASE_SCHEMA,PHYSICAL-REFERENCE,W4-01E / W4-02 PHYSICAL AUTHORITY,11_DATABASE_SCHEMA/W4-01E_FINAL_BUILD_FROM_ZERO_SCHEMA_PACKAGE_v2.6.zip;11_DATABASE_SCHEMA/W4-02_CANONICAL_BUILD_FROM_ZERO_MIGRATION_PACKAGE_v1.0.zip,W4-01E frozen physical design and W4-02 executable physical baseline,W4-01E / W4-02 PHYSICAL AUTHORITY,NOT_EXPLICIT_IN_SOURCE_INDEX,CURRENT-PHYSICAL-REFERENCE,FROZEN PHYSICAL DESIGN / W4-02 EXECUTABLE BOUNDARY,113290,51be1733302566feed6c193c89418ef5038441a5968c0717b6be9eb9fdb32fa6,113275,2348,0,NO_HEADING_DETECTED,1,-- ============================================================================,LINE + HEADING + EXCERPT,NO_EXPLICIT_DEPENDENCY_LOCATED,NONE_LOCATED,No explicit dependency target was located in extracted artifact text; no dependency is invented at STEP 03.,0,STEP04 → 11_DATABASE_SCHEMA synchronization target,TO BE CLASSIFIED IN STEP 04,IMMUTABLE CORE — MAP ONLY; NO MERGE / NO CONFLICT RESOLUTION / NO PHYSICAL IMPLEMENTATION / NO RUNTIME
CAM11-0030,CORE_NESTED_ARTIFACT,NOT_IN_SOURCE_INDEX,11_DATABASE_SCHEMA/W4-02_CANONICAL_BUILD_FROM_ZERO_MIGRATION_PACKAGE_v1.0_EXTRACTED/RUMAHAGEN_W4-02_CANONICAL_MIGRATION_BASELINE_v1.0.md,11_DATABASE_SCHEMA,PHYSICAL-REFERENCE,W4-01E / W4-02 PHYSICAL AUTHORITY,11_DATABASE_SCHEMA/W4-01E_FINAL_BUILD_FROM_ZERO_SCHEMA_PACKAGE_v2.6.zip;11_DATABASE_SCHEMA/W4-02_CANONICAL_BUILD_FROM_ZERO_MIGRATION_PACKAGE_v1.0.zip,W4-01E frozen physical design and W4-02 executable physical baseline,W4-01E / W4-02 PHYSICAL AUTHORITY,NOT_EXPLICIT_IN_SOURCE_INDEX,CURRENT-PHYSICAL-REFERENCE,FROZEN PHYSICAL DESIGN / W4-02 EXECUTABLE BOUNDARY,1337,03062a3e327d0c069d8a66f3c07254c13cd8c40931a8d8630a366d7345aaafa2,1331,58,8,# RUMAHAGEN W4-01E — FINAL SCHEMA CLOSURE & FREEZE v2.6,5,**W4-01E = PASS — CANONICAL DESIGN FROZEN**,LINE + HEADING + EXCERPT,NO_EXPLICIT_DEPENDENCY_LOCATED,NONE_LOCATED,No explicit dependency target was located in extracted artifact text; no dependency is invented at STEP 03.,0,STEP04 → 11_DATABASE_SCHEMA synchronization target,TO BE CLASSIFIED IN STEP 04,IMMUTABLE CORE — MAP ONLY; NO MERGE / NO CONFLICT RESOLUTION / NO PHYSICAL IMPLEMENTATION / NO RUNTIME
CAM11-0031,CORE_NESTED_ARTIFACT,NOT_IN_SOURCE_INDEX,11_DATABASE_SCHEMA/W4-02_CANONICAL_BUILD_FROM_ZERO_MIGRATION_PACKAGE_v1.0_EXTRACTED/RUMAHAGEN_W4-02_EXECUTION_PHASE_REGISTER_v1.0.csv,11_DATABASE_SCHEMA,PHYSICAL-REFERENCE,W4-01E / W4-02 PHYSICAL AUTHORITY,11_DATABASE_SCHEMA/W4-01E_FINAL_BUILD_FROM_ZERO_SCHEMA_PACKAGE_v2.6.zip;11_DATABASE_SCHEMA/W4-02_CANONICAL_BUILD_FROM_ZERO_MIGRATION_PACKAGE_v1.0.zip,W4-01E frozen physical design and W4-02 executable physical baseline,W4-01E / W4-02 PHYSICAL AUTHORITY,NOT_EXPLICIT_IN_SOURCE_INDEX,CURRENT-PHYSICAL-REFERENCE,FROZEN PHYSICAL DESIGN / W4-02 EXECUTABLE BOUNDARY,816,8063d32ad50ead75a367f7fbf85cf047811df3c6f22beb1d2097de6042716f60,816,12,0,NO_HEADING_DETECTED,1,"step,phase,scope,status",LINE + HEADING + EXCERPT,NO_EXPLICIT_DEPENDENCY_LOCATED,NONE_LOCATED,No explicit dependency target was located in extracted artifact text; no dependency is invented at STEP 03.,0,STEP04 → 11_DATABASE_SCHEMA synchronization target,TO BE CLASSIFIED IN STEP 04,IMMUTABLE CORE — MAP ONLY; NO MERGE / NO CONFLICT RESOLUTION / NO PHYSICAL IMPLEMENTATION / NO RUNTIME
CAM11-0032,CORE_SOURCE_PACK_MEMBER,SRC-019,12_API/W4-02A.6.16_API_SPECIFICATION_CURRENT_API_CONTRACT_BASELINE_FULL_CONSOLIDATED_v2.1.docx,12_API,SEMANTIC-CONTRACT,CORE API CONTRACT AUTHORITY,01_GOVERNANCE/W4-02A.1_GOVERNANCE_CONSOLIDATION_FINAL_DECISION_AUTHORITY_v1.0.docx,API contract governed by Core freeze,CORE API CONTRACT AUTHORITY,CURRENT-REFERENCE,CURRENT-SEMANTIC,Current contract/reference,65180,fbfc539044ed2b7037ebee6ed5d5065c4e14efbd042a4928b107c02c210277d1,62488,1375,0,NO_HEADING_DETECTED,1,RUMAHAGEN — API SPECIFICATION,LINE + HEADING + EXCERPT,NO_EXPLICIT_DEPENDENCY_LOCATED,NONE_LOCATED,No explicit dependency target was located in extracted artifact text; no dependency is invented at STEP 03.,0,STEP04 → 12_API synchronization target,TO BE CLASSIFIED IN STEP 04,IMMUTABLE CORE — MAP ONLY; NO MERGE / NO CONFLICT RESOLUTION / NO PHYSICAL IMPLEMENTATION / NO RUNTIME
CAM11-0033,CORE_SOURCE_PACK_MEMBER,SRC-020,13_RBAC_RLS/W4-02A.6.17_RBAC_PERMISSION_RLS_CURRENT_AUTHORIZATION_BASELINE_FULL_CONSOLIDATED_v2.1.docx,13_RBAC_RLS,SEMANTIC-AUTHORIZATION,M10 AUTHORIZATION AUTHORITY,RUMAHAGEN_WF03_M10_FULL_REBUILD_CONTROLLED_v1.1_FULL_VERSION/RUMAHAGEN_WF03_M10_FULL_REBUILD_CONTROLLED_v1.1.md,M10 is Role/Permission/Scope/Condition/Ownership/Organization/RLS authority,M10 AUTHORIZATION AUTHORITY,CURRENT-REFERENCE,CURRENT-SEMANTIC,Current contract/reference,53047,cd5067a3a2cb8e0104e94fbea78ab64a30e19ed28230aef5889baa5021784a0a,34402,492,0,NO_HEADING_DETECTED,1,STEP AKTIF = W4-02A.6.17 — RBAC / PERMISSION / RLS CURRENT AUTHORIZATION BASELINE,LINE + HEADING + EXCERPT,NO_EXPLICIT_DEPENDENCY_LOCATED,NONE_LOCATED,No explicit dependency target was located in extracted artifact text; no dependency is invented at STEP 03.,0,STEP04 → 13_RBAC_RLS synchronization target,TO BE CLASSIFIED IN STEP 04,IMMUTABLE CORE — MAP ONLY; NO MERGE / NO CONFLICT RESOLUTION / NO PHYSICAL IMPLEMENTATION / NO RUNTIME
CAM11-0034,CORE_SOURCE_PACK_MEMBER,SRC-021,14_FUNCTIONAL/W4-02A.6.18_FUNCTIONAL_SPECIFICATION_CURRENT_FUNCTIONAL_IMPLEMENTATION_CONTRACT_v2.1.md,14_FUNCTIONAL,SEMANTIC-CONTRACT,CORE FUNCTIONAL CONTRACT AUTHORITY,01_GOVERNANCE/W4-02A.1_GOVERNANCE_CONSOLIDATION_FINAL_DECISION_AUTHORITY_v1.0.docx,Functional contract under Core governance,CORE FUNCTIONAL CONTRACT AUTHORITY,CURRENT-REFERENCE,CURRENT-SEMANTIC,Current contract/reference,60334,d7e9a7b5c761d51495e77f73824f903ca057e602c204c79284a2ae70c522072e,59174,2318,201,# RUMAHAGEN — FUNCTIONAL SPECIFICATION,4,**Version:** 2.1 — W4-02A.6.18,LINE + HEADING + EXCERPT,NO_EXPLICIT_DEPENDENCY_LOCATED,NONE_LOCATED,No explicit dependency target was located in extracted artifact text; no dependency is invented at STEP 03.,0,STEP04 → 14_FUNCTIONAL synchronization target,TO BE CLASSIFIED IN STEP 04,IMMUTABLE CORE — MAP ONLY; NO MERGE / NO CONFLICT RESOLUTION / NO PHYSICAL IMPLEMENTATION / NO RUNTIME
CAM11-0035,CORE_SOURCE_PACK_MEMBER,SRC-022,15_TECHNICAL/W4-02A.6.19_TECHNICAL_SPECIFICATION_CURRENT_TECHNICAL_IMPLEMENTATION_CONTRACT_v2.1.md,15_TECHNICAL,SEMANTIC-CONTRACT,CORE TECHNICAL CONTRACT AUTHORITY,01_GOVERNANCE/W4-02A.1_GOVERNANCE_CONSOLIDATION_FINAL_DECISION_AUTHORITY_v1.0.docx,Technical implementation contract under Core governance,CORE TECHNICAL CONTRACT AUTHORITY,CURRENT-REFERENCE,CURRENT-SEMANTIC,Current contract/reference,69175,2ac01b6961b6ab97d26ee8c314aaf06101af49cb746c4069147559fb8002b29c,67991,2946,216,# RUMAHAGEN — TECHNICAL SPECIFICATION,4,**Version:** 2.1 — W4-02A.6.19,LINE + HEADING + EXCERPT,NO_EXPLICIT_DEPENDENCY_LOCATED,NONE_LOCATED,No explicit dependency target was located in extracted artifact text; no dependency is invented at STEP 03.,0,STEP04 → 15_TECHNICAL synchronization target,TO BE CLASSIFIED IN STEP 04,IMMUTABLE CORE — MAP ONLY; NO MERGE / NO CONFLICT RESOLUTION / NO PHYSICAL IMPLEMENTATION / NO RUNTIME
CAM11-0036,CORE_SOURCE_PACK_MEMBER,SRC-023,16_UI_UX/W4-02A.6.20_UI_UX_SPECIFICATION_CURRENT_INTERFACE_BEHAVIOR_CONTRACT_v2.1.md,16_UI_UX,SEMANTIC-CONTRACT,CORE INTERFACE BEHAVIOR AUTHORITY,01_GOVERNANCE/W4-02A.1_GOVERNANCE_CONSOLIDATION_FINAL_DECISION_AUTHORITY_v1.0.docx,UI/UX behavior contract; visibility is not authorization,CORE INTERFACE BEHAVIOR AUTHORITY,CURRENT-REFERENCE,CURRENT-SEMANTIC,Current contract/reference,62858,c2388d37bbcf910316d0d9c257c1f346a99fc0349b2c1086d8e3154a2a32a8d7,60707,3006,222,# RUMAHAGEN — UI / UX SPECIFICATION,4,**Version:** 2.1 — W4-02A.6.20,LINE + HEADING + EXCERPT,NO_EXPLICIT_DEPENDENCY_LOCATED,NONE_LOCATED,No explicit dependency target was located in extracted artifact text; no dependency is invented at STEP 03.,0,STEP04 → 16_UI_UX synchronization target,TO BE CLASSIFIED IN STEP 04,IMMUTABLE CORE — MAP ONLY; NO MERGE / NO CONFLICT RESOLUTION / NO PHYSICAL IMPLEMENTATION / NO RUNTIME
CAM11-0037,CORE_SOURCE_PACK_MEMBER,SRC-024,17_SEO_ANALYTICS/W4-02A.6.21_SEO_ANALYTICS_SPECIFICATION_DISCOVERY_MEASUREMENT_BASELINE_v2.1.md,17_SEO_ANALYTICS,SEMANTIC-CONTRACT,M11 PUBLIC DISCOVERY / SEO / MEASUREMENT AUTHORITY,RUMAHAGEN_WF03_M11_FULL_REBUILD_CONTROLLED_v2.0_FULL_VERSION/RUMAHAGEN_WF03_M11_FULL_REBUILD_CONTROLLED_v2.0_FULL_VERSION.md,"M11 owns public discovery, SEO, tracking and measurement",M11 PUBLIC DISCOVERY / SEO / MEASUREMENT AUTHORITY,CURRENT-REFERENCE,CURRENT-SEMANTIC,Current contract/reference,68505,be0af1e745ac3d19a65abb90beff833941b1d1fb5a4fd1233c681a84023e75de,68133,2335,143,# RUMAHAGEN --- SEO / ANALYTICS SPECIFICATION,5,**Version:** 2.1 --- W4-02A.6.21\,LINE + HEADING + EXCERPT,NO_EXPLICIT_DEPENDENCY_LOCATED,NONE_LOCATED,No explicit dependency target was located in extracted artifact text; no dependency is invented at STEP 03.,0,STEP04 → 17_SEO_ANALYTICS synchronization target,TO BE CLASSIFIED IN STEP 04,IMMUTABLE CORE — MAP ONLY; NO MERGE / NO CONFLICT RESOLUTION / NO PHYSICAL IMPLEMENTATION / NO RUNTIME
CAM11-0038,CORE_SOURCE_PACK_MEMBER,SRC-025,18_MODULE_DEPENDENCY/W4-02A.6.22_MODULE_DEPENDENCY_MATRIX_CROSS_MODULE_DEPENDENCY_CONTRACT_v2.1.md,18_MODULE_DEPENDENCY,SEMANTIC,CORE CROSS-MODULE DEPENDENCY CONTRACT,00_CONTROL/SOURCE_INDEX_v1.3.md,Cross-module dependency contract and controlled dependency matrix,CORE CROSS-MODULE DEPENDENCY CONTRACT,CURRENT-REFERENCE,CURRENT-SEMANTIC,Current contract/reference,49622,30a5c406428ad0e2e377e2803a77d16c0d9cac0f7f6c1249dadb89d1360bc9e3,48167,1924,124,# RUMAHAGEN — MODULE DEPENDENCY MATRIX,4,**Version:** 2.1 — W4-02A.6.22,LINE + HEADING + EXCERPT,NO_EXPLICIT_DEPENDENCY_LOCATED,NONE_LOCATED,No explicit dependency target was located in extracted artifact text; no dependency is invented at STEP 03.,0,STEP04 → 18_MODULE_DEPENDENCY synchronization target,TO BE CLASSIFIED IN STEP 04,IMMUTABLE CORE — MAP ONLY; NO MERGE / NO CONFLICT RESOLUTION / NO PHYSICAL IMPLEMENTATION / NO RUNTIME
CAM11-0039,CORE_SOURCE_PACK_MEMBER,SRC-026,19_IMPLEMENTATION_STRATEGY/W4-02A.6.23_MODULE_IMPLEMENTATION_STRATEGY_INTEGRATED_IMPLEMENTATION_SEQUENCING_v2.1.md,19_IMPLEMENTATION_STRATEGY,EXECUTION-REFERENCE,CORE IMPLEMENTATION STRATEGY AUTHORITY,01_GOVERNANCE/W4-02A.1_GOVERNANCE_CONSOLIDATION_FINAL_DECISION_AUTHORITY_v1.0.docx,Integrated implementation sequencing under freeze,CORE IMPLEMENTATION STRATEGY AUTHORITY,CURRENT-REFERENCE,CURRENT-EXECUTION/CONTEXT,Current contract/reference,56613,051aa36f9444153d1d56df6d960bd80d91922f3c1f84c02d636dc111dd20d47f,55507,3267,295,# RUMAHAGEN — MODULE IMPLEMENTATION STRATEGY,4,**Version:** 2.1 — W4-02A.6.23,LINE + HEADING + EXCERPT,NO_EXPLICIT_DEPENDENCY_LOCATED,NONE_LOCATED,No explicit dependency target was located in extracted artifact text; no dependency is invented at STEP 03.,0,STEP04 → 19_IMPLEMENTATION_STRATEGY synchronization target,TO BE CLASSIFIED IN STEP 04,IMMUTABLE CORE — MAP ONLY; NO MERGE / NO CONFLICT RESOLUTION / NO PHYSICAL IMPLEMENTATION / NO RUNTIME
CAM11-0040,CORE_SOURCE_PACK_MEMBER,SRC-027,20_MODULE_PLANNING/W4-02A.6.24_REVISED_MODULE_PLANNING_CURRENT_MODULE_DELIVERY_PLANNING_v2.1.md,20_MODULE_PLANNING,EXECUTION-REFERENCE,CORE MODULE PLANNING AUTHORITY,01_GOVERNANCE/W4-02A.1_GOVERNANCE_CONSOLIDATION_FINAL_DECISION_AUTHORITY_v1.0.docx,Current module delivery planning contract,CORE MODULE PLANNING AUTHORITY,CURRENT-REFERENCE,CURRENT-EXECUTION/CONTEXT,Current contract/reference,55040,7373552ff7f43e2822f7819b2101ec0df7bc1acee60e8b92dc866f330203d7be,53868,3100,265,# RUMAHAGEN — REVISED MODULE PLANNING,4,**Version:** 2.1 — W4-02A.6.24,LINE + HEADING + EXCERPT,EXPLICIT_CORE_ARTIFACT_REFERENCE,18_MODULE_DEPENDENCY/W4-02A.6.22_MODULE_DEPENDENCY_MATRIX_CROSS_MODULE_DEPENDENCY_CONTRACT_v2.1.md;19_IMPLEMENTATION_STRATEGY/W4-02A.6.23_MODULE_IMPLEMENTATION_STRATEGY_INTEGRATED_IMPLEMENTATION_SEQUENCING_v2.1.md,Explicit references to 2 other Core artifact(s) were located in extracted text.,2,STEP04 → 20_MODULE_PLANNING synchronization target,TO BE CLASSIFIED IN STEP 04,IMMUTABLE CORE — MAP ONLY; NO MERGE / NO CONFLICT RESOLUTION / NO PHYSICAL IMPLEMENTATION / NO RUNTIME
CAM11-0041,CORE_SOURCE_PACK_MEMBER,SRC-028,21_EXECUTION_SPECIFICATION/W4-02A.6.25_MODULE_EXECUTION_SPECIFICATION_ARCHITECTURE_v2.1.md,21_EXECUTION_SPECIFICATION,EXECUTION-REFERENCE,CORE EXECUTION SPECIFICATION AUTHORITY,01_GOVERNANCE/W4-02A.1_GOVERNANCE_CONSOLIDATION_FINAL_DECISION_AUTHORITY_v1.0.docx,Execution specification is downstream of frozen semantic authority,CORE EXECUTION SPECIFICATION AUTHORITY,CURRENT-REFERENCE,CURRENT-EXECUTION/CONTEXT,Current contract/reference,46464,8e82d6f1308995ba163d0c2c49786c8b8999d7c2e6b4388e07661678ffa095a3,45846,2464,208,# RUMAHAGEN — MODULE EXECUTION SPECIFICATION ARCHITECTURE,4,**Version:** 2.1 — W4-02A.6.25,LINE + HEADING + EXCERPT,EXPLICIT_CORE_ARTIFACT_REFERENCE,18_MODULE_DEPENDENCY/W4-02A.6.22_MODULE_DEPENDENCY_MATRIX_CROSS_MODULE_DEPENDENCY_CONTRACT_v2.1.md;19_IMPLEMENTATION_STRATEGY/W4-02A.6.23_MODULE_IMPLEMENTATION_STRATEGY_INTEGRATED_IMPLEMENTATION_SEQUENCING_v2.1.md;20_MODULE_PLANNING/W4-02A.6.24_REVISED_MODULE_PLANNING_CURRENT_MODULE_DELIVERY_PLANNING_v2.1.md,Explicit references to 3 other Core artifact(s) were located in extracted text.,3,STEP04 → 21_EXECUTION_SPECIFICATION synchronization target,TO BE CLASSIFIED IN STEP 04,IMMUTABLE CORE — MAP ONLY; NO MERGE / NO CONFLICT RESOLUTION / NO PHYSICAL IMPLEMENTATION / NO RUNTIME
CAM11-0042,CORE_SOURCE_PACK_MEMBER,SRC-029,22_EXECUTION_BATCH/W4-02A.6.26_MODULE_EXECUTION_DEPENDENCY_BATCH_PLAN_v2.1.md,22_EXECUTION_BATCH,EXECUTION-REFERENCE,CORE EXECUTION BATCH AUTHORITY,01_GOVERNANCE/W4-02A.1_GOVERNANCE_CONSOLIDATION_FINAL_DECISION_AUTHORITY_v1.0.docx,Execution dependency/batch plan under Core control,CORE EXECUTION BATCH AUTHORITY,CURRENT-REFERENCE,CURRENT-EXECUTION/CONTEXT,Current contract/reference,40666,316a5cb6d2f71910f078d8b905a4b14024e3186361fa14cfaa9fa921e882d097,39437,2061,159,# RUMAHAGEN — MODULE EXECUTION DEPENDENCY / BATCH PLAN,4,**Version:** 2.1 — W4-02A.6.26,LINE + HEADING + EXCERPT,EXPLICIT_CORE_ARTIFACT_REFERENCE,18_MODULE_DEPENDENCY/W4-02A.6.22_MODULE_DEPENDENCY_MATRIX_CROSS_MODULE_DEPENDENCY_CONTRACT_v2.1.md;19_IMPLEMENTATION_STRATEGY/W4-02A.6.23_MODULE_IMPLEMENTATION_STRATEGY_INTEGRATED_IMPLEMENTATION_SEQUENCING_v2.1.md;20_MODULE_PLANNING/W4-02A.6.24_REVISED_MODULE_PLANNING_CURRENT_MODULE_DELIVERY_PLANNING_v2.1.md;21_EXECUTION_SPECIFICATION/W4-02A.6.25_MODULE_EXECUTION_SPECIFICATION_ARCHITECTURE_v2.1.md,Explicit references to 4 other Core artifact(s) were located in extracted text.,4,STEP04 → 22_EXECUTION_BATCH synchronization target,TO BE CLASSIFIED IN STEP 04,IMMUTABLE CORE — MAP ONLY; NO MERGE / NO CONFLICT RESOLUTION / NO PHYSICAL IMPLEMENTATION / NO RUNTIME
CAM11-0043,CORE_SOURCE_PACK_MEMBER,SRC-030,23_M01_M07/W4-02A.6.27_FOCUSED_EXECUTION_PACK_M01-M07_v2.1.md,23_M01_M07,EXECUTION-PACK,M01–M07 EXECUTION CONTEXT; MODULE AUTHORITIES REMAIN SEMANTIC AUTHORITY,M01–M07 CURRENT AUTHORITY ARTIFACT SET,Focused execution pack is downstream execution context,M01–M07 EXECUTION CONTEXT; MODULE AUTHORITIES REMAIN SEMANTIC AUTHORITY,CURRENT-REFERENCE,CURRENT-EXECUTION/CONTEXT,Current contract/reference,12149,ffdcb89752116a428d687955f911c8769cdd4828096a2f8ec60ff28c75abe543,11901,308,37,# RUMAHAGEN — W4-02A.6.27 FOCUSED EXECUTION PACK M01–M07,4,**Version:** 2.1 — W4-02A.6.27,LINE + HEADING + EXCERPT,NO_EXPLICIT_DEPENDENCY_LOCATED,NONE_LOCATED,No explicit dependency target was located in extracted artifact text; no dependency is invented at STEP 03.,0,STEP04 → 23_M01_M07 synchronization target,TO BE CLASSIFIED IN STEP 04,IMMUTABLE CORE — MAP ONLY; NO MERGE / NO CONFLICT RESOLUTION / NO PHYSICAL IMPLEMENTATION / NO RUNTIME
CAM11-0044,CORE_SOURCE_PACK_MEMBER,SRC-031,23_M01_M07/W4-02A.6.27_FOCUSED_EXECUTION_PACK_M01-M07_v2.1.zip,23_M01_M07,EXECUTION-PACK,M01–M07 EXECUTION CONTEXT; MODULE AUTHORITIES REMAIN SEMANTIC AUTHORITY,M01–M07 CURRENT AUTHORITY ARTIFACT SET,Focused execution pack is downstream execution context,M01–M07 EXECUTION CONTEXT; MODULE AUTHORITIES REMAIN SEMANTIC AUTHORITY,CURRENT-REFERENCE,CURRENT-EXECUTION/CONTEXT,Current contract/reference,32254,0d3b2ec0515b08e1977ffe9187a108f2a7483ba7f5a6d8da51b1ee0b951967fc,880,9,0,NO_HEADING_DETECTED,1,RUMAHAGEN_W4-02A.6.27_FOCUSED_EXECUTION_PACK_M01-M07_v2.1/M01_PHYSICAL_EXECUTION_SPEC_v2.1.md,LINE + HEADING + EXCERPT,EXPLICIT_CORE_ARTIFACT_REFERENCE,23_M01_M07/W4-02A.6.27_FOCUSED_EXECUTION_PACK_M01-M07_v2.1.md;23_M01_M07/W4-02A.6.27_FOCUSED_EXECUTION_PACK_M01-M07_v2.1_EXTRACTED/RUMAHAGEN_W4-02A.6.27_FOCUSED_EXECUTION_PACK_M01-M07_v2.1/M01_PHYSICAL_EXECUTION_SPEC_v2.1.md;23_M01_M07/W4-02A.6.27_FOCUSED_EXECUTION_PACK_M01-M07_v2.1_EXTRACTED/RUMAHAGEN_W4-02A.6.27_FOCUSED_EXECUTION_PACK_M01-M07_v2.1/M02_PHYSICAL_EXECUTION_SPEC_v2.1.md;23_M01_M07/W4-02A.6.27_FOCUSED_EXECUTION_PACK_M01-M07_v2.1_EXTRACTED/RUMAHAGEN_W4-02A.6.27_FOCUSED_EXECUTION_PACK_M01-M07_v2.1/M03_PHYSICAL_EXECUTION_SPEC_v2.1.md;23_M01_M07/W4-02A.6.27_FOCUSED_EXECUTION_PACK_M01-M07_v2.1_EXTRACTED/RUMAHAGEN_W4-02A.6.27_FOCUSED_EXECUTION_PACK_M01-M07_v2.1/M04-S_LEARNING_SESSION_EXECUTION_SPEC_v2.1.md;23_M01_M07/W4-02A.6.27_FOCUSED_EXECUTION_PACK_M01-M07_v2.1_EXTRACTED/RUMAHAGEN_W4-02A.6.27_FOCUSED_EXECUTION_PACK_M01-M07_v2.1/M04_PHYSICAL_EXECUTION_SPEC_v2.1.md;23_M01_M07/W4-02A.6.27_FOCUSED_EXECUTION_PACK_M01-M07_v2.1_EXTRACTED/RUMAHAGEN_W4-02A.6.27_FOCUSED_EXECUTION_PACK_M01-M07_v2.1/M05_PHYSICAL_EXECUTION_SPEC_v2.1.md;23_M01_M07/W4-02A.6.27_FOCUSED_EXECUTION_PACK_M01-M07_v2.1_EXTRACTED/RUMAHAGEN_W4-02A.6.27_FOCUSED_EXECUTION_PACK_M01-M07_v2.1/M06_PHYSICAL_EXECUTION_SPEC_v2.1.md;23_M01_M07/W4-02A.6.27_FOCUSED_EXECUTION_PACK_M01-M07_v2.1_EXTRACTED/RUMAHAGEN_W4-02A.6.27_FOCUSED_EXECUTION_PACK_M01-M07_v2.1/M07_PHYSICAL_EXECUTION_SPEC_v2.1.md;23_M01_M07/W4-02A.6.27_FOCUSED_EXECUTION_PACK_M01-M07_v2.1_EXTRACTED/RUMAHAGEN_W4-02A.6.27_FOCUSED_EXECUTION_PACK_M01-M07_v2.1/RUMAHAGEN_W4-02A.6.27_FOCUSED_EXECUTION_PACK_M01-M07_v2.1.md,Explicit references to 10 other Core artifact(s) were located in extracted text.,10,STEP04 → 23_M01_M07 synchronization target,TO BE CLASSIFIED IN STEP 04,IMMUTABLE CORE — MAP ONLY; NO MERGE / NO CONFLICT RESOLUTION / NO PHYSICAL IMPLEMENTATION / NO RUNTIME
CAM11-0045,CORE_NESTED_ARTIFACT,NOT_IN_SOURCE_INDEX,23_M01_M07/W4-02A.6.27_FOCUSED_EXECUTION_PACK_M01-M07_v2.1_EXTRACTED/RUMAHAGEN_W4-02A.6.27_FOCUSED_EXECUTION_PACK_M01-M07_v2.1/M01_PHYSICAL_EXECUTION_SPEC_v2.1.md,23_M01_M07,EXECUTION-PACK,M01–M07 EXECUTION CONTEXT; MODULE AUTHORITIES REMAIN SEMANTIC AUTHORITY,M01–M07 CURRENT AUTHORITY ARTIFACT SET,Focused execution pack is downstream execution context,M01–M07 EXECUTION CONTEXT; MODULE AUTHORITIES REMAIN SEMANTIC AUTHORITY,NOT_EXPLICIT_IN_SOURCE_INDEX,CURRENT-EXECUTION/CONTEXT,FOCUSED EXECUTION PACK M01-M07,8933,db988febf9ef1ed6f6746177260d8fab50b5fbb93827afb708de163dd484a3ff,8911,177,35,# RUMAHAGEN — M01 PHYSICAL EXECUTION SPECIFICATION,4,**Version:** 2.1,LINE + HEADING + EXCERPT,NO_EXPLICIT_DEPENDENCY_LOCATED,NONE_LOCATED,No explicit dependency target was located in extracted artifact text; no dependency is invented at STEP 03.,0,STEP04 → 23_M01_M07 synchronization target,TO BE CLASSIFIED IN STEP 04,IMMUTABLE CORE — MAP ONLY; NO MERGE / NO CONFLICT RESOLUTION / NO PHYSICAL IMPLEMENTATION / NO RUNTIME
CAM11-0046,CORE_NESTED_ARTIFACT,NOT_IN_SOURCE_INDEX,23_M01_M07/W4-02A.6.27_FOCUSED_EXECUTION_PACK_M01-M07_v2.1_EXTRACTED/RUMAHAGEN_W4-02A.6.27_FOCUSED_EXECUTION_PACK_M01-M07_v2.1/M02_PHYSICAL_EXECUTION_SPEC_v2.1.md,23_M01_M07,EXECUTION-PACK,M01–M07 EXECUTION CONTEXT; MODULE AUTHORITIES REMAIN SEMANTIC AUTHORITY,M01–M07 CURRENT AUTHORITY ARTIFACT SET,Focused execution pack is downstream execution context,M01–M07 EXECUTION CONTEXT; MODULE AUTHORITIES REMAIN SEMANTIC AUTHORITY,NOT_EXPLICIT_IN_SOURCE_INDEX,CURRENT-EXECUTION/CONTEXT,FOCUSED EXECUTION PACK M01-M07,8656,062a76a24169a2115713a3db29c2b992fffab6482814c891285939c6c3cc9826,8640,176,36,# RUMAHAGEN — M02 PHYSICAL EXECUTION SPECIFICATION,4,**Version:** 2.1,LINE + HEADING + EXCERPT,NO_EXPLICIT_DEPENDENCY_LOCATED,NONE_LOCATED,No explicit dependency target was located in extracted artifact text; no dependency is invented at STEP 03.,0,STEP04 → 23_M01_M07 synchronization target,TO BE CLASSIFIED IN STEP 04,IMMUTABLE CORE — MAP ONLY; NO MERGE / NO CONFLICT RESOLUTION / NO PHYSICAL IMPLEMENTATION / NO RUNTIME
CAM11-0047,CORE_NESTED_ARTIFACT,NOT_IN_SOURCE_INDEX,23_M01_M07/W4-02A.6.27_FOCUSED_EXECUTION_PACK_M01-M07_v2.1_EXTRACTED/RUMAHAGEN_W4-02A.6.27_FOCUSED_EXECUTION_PACK_M01-M07_v2.1/M03_PHYSICAL_EXECUTION_SPEC_v2.1.md,23_M01_M07,EXECUTION-PACK,M01–M07 EXECUTION CONTEXT; MODULE AUTHORITIES REMAIN SEMANTIC AUTHORITY,M01–M07 CURRENT AUTHORITY ARTIFACT SET,Focused execution pack is downstream execution context,M01–M07 EXECUTION CONTEXT; MODULE AUTHORITIES REMAIN SEMANTIC AUTHORITY,NOT_EXPLICIT_IN_SOURCE_INDEX,CURRENT-EXECUTION/CONTEXT,FOCUSED EXECUTION PACK M01-M07,9445,e8e6797c1859277ab0b9506c6932f6748d38172bf3a0e553faef0249757ff7ae,9423,191,39,# RUMAHAGEN — M03 PHYSICAL EXECUTION SPECIFICATION,4,**Version:** 2.1,LINE + HEADING + EXCERPT,NO_EXPLICIT_DEPENDENCY_LOCATED,NONE_LOCATED,No explicit dependency target was located in extracted artifact text; no dependency is invented at STEP 03.,0,STEP04 → 23_M01_M07 synchronization target,TO BE CLASSIFIED IN STEP 04,IMMUTABLE CORE — MAP ONLY; NO MERGE / NO CONFLICT RESOLUTION / NO PHYSICAL IMPLEMENTATION / NO RUNTIME
CAM11-0048,CORE_NESTED_ARTIFACT,NOT_IN_SOURCE_INDEX,23_M01_M07/W4-02A.6.27_FOCUSED_EXECUTION_PACK_M01-M07_v2.1_EXTRACTED/RUMAHAGEN_W4-02A.6.27_FOCUSED_EXECUTION_PACK_M01-M07_v2.1/M04-S_LEARNING_SESSION_EXECUTION_SPEC_v2.1.md,23_M01_M07,EXECUTION-PACK,M01–M07 EXECUTION CONTEXT; MODULE AUTHORITIES REMAIN SEMANTIC AUTHORITY,M01–M07 CURRENT AUTHORITY ARTIFACT SET,Focused execution pack is downstream execution context,M01–M07 EXECUTION CONTEXT; MODULE AUTHORITIES REMAIN SEMANTIC AUTHORITY,NOT_EXPLICIT_IN_SOURCE_INDEX,CURRENT-EXECUTION/CONTEXT,FOCUSED EXECUTION PACK M01-M07,2717,ac6d797bc39eccdbb1a886c0f6a7f7e6c68b2d995076d3573b64e78a5668b519,2675,65,16,# RUMAHAGEN — M04-S LEARNING SESSION WORK-PACKAGE EXECUTION SPECIFICATION,4,**Parent semantic module:** M04 Learning Core + Economy + Session,LINE + HEADING + EXCERPT,NO_EXPLICIT_DEPENDENCY_LOCATED,NONE_LOCATED,No explicit dependency target was located in extracted artifact text; no dependency is invented at STEP 03.,0,STEP04 → 23_M01_M07 synchronization target,TO BE CLASSIFIED IN STEP 04,IMMUTABLE CORE — MAP ONLY; NO MERGE / NO CONFLICT RESOLUTION / NO PHYSICAL IMPLEMENTATION / NO RUNTIME
CAM11-0049,CORE_NESTED_ARTIFACT,NOT_IN_SOURCE_INDEX,23_M01_M07/W4-02A.6.27_FOCUSED_EXECUTION_PACK_M01-M07_v2.1_EXTRACTED/RUMAHAGEN_W4-02A.6.27_FOCUSED_EXECUTION_PACK_M01-M07_v2.1/M04_PHYSICAL_EXECUTION_SPEC_v2.1.md,23_M01_M07,EXECUTION-PACK,M01–M07 EXECUTION CONTEXT; MODULE AUTHORITIES REMAIN SEMANTIC AUTHORITY,M01–M07 CURRENT AUTHORITY ARTIFACT SET,Focused execution pack is downstream execution context,M01–M07 EXECUTION CONTEXT; MODULE AUTHORITIES REMAIN SEMANTIC AUTHORITY,NOT_EXPLICIT_IN_SOURCE_INDEX,CURRENT-EXECUTION/CONTEXT,FOCUSED EXECUTION PACK M01-M07,9572,e53738d64585fabb71fa572ae11d90722723c1882890ba4b0ba8338eadeb1ecd,9546,194,39,# RUMAHAGEN — M04 PHYSICAL EXECUTION SPECIFICATION,4,**Version:** 2.1,LINE + HEADING + EXCERPT,NO_EXPLICIT_DEPENDENCY_LOCATED,NONE_LOCATED,No explicit dependency target was located in extracted artifact text; no dependency is invented at STEP 03.,0,STEP04 → 23_M01_M07 synchronization target,TO BE CLASSIFIED IN STEP 04,IMMUTABLE CORE — MAP ONLY; NO MERGE / NO CONFLICT RESOLUTION / NO PHYSICAL IMPLEMENTATION / NO RUNTIME
CAM11-0050,CORE_NESTED_ARTIFACT,NOT_IN_SOURCE_INDEX,23_M01_M07/W4-02A.6.27_FOCUSED_EXECUTION_PACK_M01-M07_v2.1_EXTRACTED/RUMAHAGEN_W4-02A.6.27_FOCUSED_EXECUTION_PACK_M01-M07_v2.1/M05_PHYSICAL_EXECUTION_SPEC_v2.1.md,23_M01_M07,EXECUTION-PACK,M01–M07 EXECUTION CONTEXT; MODULE AUTHORITIES REMAIN SEMANTIC AUTHORITY,M01–M07 CURRENT AUTHORITY ARTIFACT SET,Focused execution pack is downstream execution context,M01–M07 EXECUTION CONTEXT; MODULE AUTHORITIES REMAIN SEMANTIC AUTHORITY,NOT_EXPLICIT_IN_SOURCE_INDEX,CURRENT-EXECUTION/CONTEXT,FOCUSED EXECUTION PACK M01-M07,8391,7315bc7f2937c652967141dddbe1d3e151a0c9835ad21b2bdf4895f3bdb5b513,8369,179,37,# RUMAHAGEN — M05 PHYSICAL EXECUTION SPECIFICATION,4,**Version:** 2.1,LINE + HEADING + EXCERPT,NO_EXPLICIT_DEPENDENCY_LOCATED,NONE_LOCATED,No explicit dependency target was located in extracted artifact text; no dependency is invented at STEP 03.,0,STEP04 → 23_M01_M07 synchronization target,TO BE CLASSIFIED IN STEP 04,IMMUTABLE CORE — MAP ONLY; NO MERGE / NO CONFLICT RESOLUTION / NO PHYSICAL IMPLEMENTATION / NO RUNTIME
CAM11-0051,CORE_NESTED_ARTIFACT,NOT_IN_SOURCE_INDEX,23_M01_M07/W4-02A.6.27_FOCUSED_EXECUTION_PACK_M01-M07_v2.1_EXTRACTED/RUMAHAGEN_W4-02A.6.27_FOCUSED_EXECUTION_PACK_M01-M07_v2.1/M06_PHYSICAL_EXECUTION_SPEC_v2.1.md,23_M01_M07,EXECUTION-PACK,M01–M07 EXECUTION CONTEXT; MODULE AUTHORITIES REMAIN SEMANTIC AUTHORITY,M01–M07 CURRENT AUTHORITY ARTIFACT SET,Focused execution pack is downstream execution context,M01–M07 EXECUTION CONTEXT; MODULE AUTHORITIES REMAIN SEMANTIC AUTHORITY,NOT_EXPLICIT_IN_SOURCE_INDEX,CURRENT-EXECUTION/CONTEXT,FOCUSED EXECUTION PACK M01-M07,8388,9337b8ca83b7309dfd57a31a904391d46c21888f6ee1fde93bbaefd7bc89dc3b,8368,182,38,# RUMAHAGEN — M06 PHYSICAL EXECUTION SPECIFICATION,4,**Version:** 2.1,LINE + HEADING + EXCERPT,NO_EXPLICIT_DEPENDENCY_LOCATED,NONE_LOCATED,No explicit dependency target was located in extracted artifact text; no dependency is invented at STEP 03.,0,STEP04 → 23_M01_M07 synchronization target,TO BE CLASSIFIED IN STEP 04,IMMUTABLE CORE — MAP ONLY; NO MERGE / NO CONFLICT RESOLUTION / NO PHYSICAL IMPLEMENTATION / NO RUNTIME
CAM11-0052,CORE_NESTED_ARTIFACT,NOT_IN_SOURCE_INDEX,23_M01_M07/W4-02A.6.27_FOCUSED_EXECUTION_PACK_M01-M07_v2.1_EXTRACTED/RUMAHAGEN_W4-02A.6.27_FOCUSED_EXECUTION_PACK_M01-M07_v2.1/M07_PHYSICAL_EXECUTION_SPEC_v2.1.md,23_M01_M07,EXECUTION-PACK,M01–M07 EXECUTION CONTEXT; MODULE AUTHORITIES REMAIN SEMANTIC AUTHORITY,M01–M07 CURRENT AUTHORITY ARTIFACT SET,Focused execution pack is downstream execution context,M01–M07 EXECUTION CONTEXT; MODULE AUTHORITIES REMAIN SEMANTIC AUTHORITY,NOT_EXPLICIT_IN_SOURCE_INDEX,CURRENT-EXECUTION/CONTEXT,FOCUSED EXECUTION PACK M01-M07,8514,662cf023986fc73f6684c928b3c4e00ba5e8e01b2ad07951945b5c9de67808e7,8496,180,37,# RUMAHAGEN — M07 PHYSICAL EXECUTION SPECIFICATION,4,**Version:** 2.1,LINE + HEADING + EXCERPT,NO_EXPLICIT_DEPENDENCY_LOCATED,NONE_LOCATED,No explicit dependency target was located in extracted artifact text; no dependency is invented at STEP 03.,0,STEP04 → 23_M01_M07 synchronization target,TO BE CLASSIFIED IN STEP 04,IMMUTABLE CORE — MAP ONLY; NO MERGE / NO CONFLICT RESOLUTION / NO PHYSICAL IMPLEMENTATION / NO RUNTIME
CAM11-0053,CORE_NESTED_ARTIFACT,NOT_IN_SOURCE_INDEX,23_M01_M07/W4-02A.6.27_FOCUSED_EXECUTION_PACK_M01-M07_v2.1_EXTRACTED/RUMAHAGEN_W4-02A.6.27_FOCUSED_EXECUTION_PACK_M01-M07_v2.1/RUMAHAGEN_W4-02A.6.27_FOCUSED_EXECUTION_PACK_M01-M07_v2.1.md,23_M01_M07,EXECUTION-PACK,M01–M07 EXECUTION CONTEXT; MODULE AUTHORITIES REMAIN SEMANTIC AUTHORITY,M01–M07 CURRENT AUTHORITY ARTIFACT SET,Focused execution pack is downstream execution context,M01–M07 EXECUTION CONTEXT; MODULE AUTHORITIES REMAIN SEMANTIC AUTHORITY,NOT_EXPLICIT_IN_SOURCE_INDEX,CURRENT-EXECUTION/CONTEXT,FOCUSED EXECUTION PACK M01-M07,12149,ffdcb89752116a428d687955f911c8769cdd4828096a2f8ec60ff28c75abe543,11901,308,37,# RUMAHAGEN — W4-02A.6.27 FOCUSED EXECUTION PACK M01–M07,4,**Version:** 2.1 — W4-02A.6.27,LINE + HEADING + EXCERPT,NO_EXPLICIT_DEPENDENCY_LOCATED,NONE_LOCATED,No explicit dependency target was located in extracted artifact text; no dependency is invented at STEP 03.,0,STEP04 → 23_M01_M07 synchronization target,TO BE CLASSIFIED IN STEP 04,IMMUTABLE CORE — MAP ONLY; NO MERGE / NO CONFLICT RESOLUTION / NO PHYSICAL IMPLEMENTATION / NO RUNTIME
CAM11-0054,CORE_SOURCE_PACK_MEMBER,SRC-032,24_M08_M15/W4-02A.6.28_FOCUSED_EXECUTION_PACK_M08-M15_v2.1.md,24_M08_M15,EXECUTION-PACK,M08–M15 EXECUTION CONTEXT; MODULE AUTHORITIES REMAIN SEMANTIC AUTHORITY,M08–M15 CURRENT AUTHORITY ARTIFACT SET,Focused execution pack is downstream execution context,M08–M15 EXECUTION CONTEXT; MODULE AUTHORITIES REMAIN SEMANTIC AUTHORITY,CURRENT-REFERENCE,CURRENT-EXECUTION/CONTEXT,Current contract/reference,12958,a6b879e6d81f1cbb6a3eade8caa71a950432d44488db21fe45b667cd9fa0fdb3,12605,383,47,# RUMAHAGEN — W4-02A.6.28 FOCUSED EXECUTION PACK M08–M15,4,**Version:** 2.1 — W4-02A.6.28,LINE + HEADING + EXCERPT,EXPLICIT_CORE_ARTIFACT_REFERENCE,23_M01_M07/W4-02A.6.27_FOCUSED_EXECUTION_PACK_M01-M07_v2.1.md;23_M01_M07/W4-02A.6.27_FOCUSED_EXECUTION_PACK_M01-M07_v2.1.zip;23_M01_M07/W4-02A.6.27_FOCUSED_EXECUTION_PACK_M01-M07_v2.1_EXTRACTED/RUMAHAGEN_W4-02A.6.27_FOCUSED_EXECUTION_PACK_M01-M07_v2.1/RUMAHAGEN_W4-02A.6.27_FOCUSED_EXECUTION_PACK_M01-M07_v2.1.md,Explicit references to 3 other Core artifact(s) were located in extracted text.,3,STEP04 → 24_M08_M15 synchronization target,TO BE CLASSIFIED IN STEP 04,IMMUTABLE CORE — MAP ONLY; NO MERGE / NO CONFLICT RESOLUTION / NO PHYSICAL IMPLEMENTATION / NO RUNTIME
CAM11-0055,CORE_SOURCE_PACK_MEMBER,SRC-033,24_M08_M15/W4-02A.6.28_FOCUSED_EXECUTION_PACK_M08-M15_v2.1.zip,24_M08_M15,EXECUTION-PACK,M08–M15 EXECUTION CONTEXT; MODULE AUTHORITIES REMAIN SEMANTIC AUTHORITY,M08–M15 CURRENT AUTHORITY ARTIFACT SET,Focused execution pack is downstream execution context,M08–M15 EXECUTION CONTEXT; MODULE AUTHORITIES REMAIN SEMANTIC AUTHORITY,CURRENT-REFERENCE,CURRENT-EXECUTION/CONTEXT,Current contract/reference,29640,54c2560d7f247793f8b26ea8f2ee3128334432d748c09e97ab7be1f5558d3208,870,9,0,NO_HEADING_DETECTED,1,RUMAHAGEN_W4-02A.6.28_FOCUSED_EXECUTION_PACK_M08-M15_v2.1/M08_PHYSICAL_EXECUTION_SPEC_v2.1.md,LINE + HEADING + EXCERPT,EXPLICIT_CORE_ARTIFACT_REFERENCE,24_M08_M15/W4-02A.6.28_FOCUSED_EXECUTION_PACK_M08-M15_v2.1.md;24_M08_M15/W4-02A.6.28_FOCUSED_EXECUTION_PACK_M08-M15_v2.1_EXTRACTED/RUMAHAGEN_W4-02A.6.28_FOCUSED_EXECUTION_PACK_M08-M15_v2.1/M08_PHYSICAL_EXECUTION_SPEC_v2.1.md;24_M08_M15/W4-02A.6.28_FOCUSED_EXECUTION_PACK_M08-M15_v2.1_EXTRACTED/RUMAHAGEN_W4-02A.6.28_FOCUSED_EXECUTION_PACK_M08-M15_v2.1/M09_PHYSICAL_EXECUTION_SPEC_v2.1.md;24_M08_M15/W4-02A.6.28_FOCUSED_EXECUTION_PACK_M08-M15_v2.1_EXTRACTED/RUMAHAGEN_W4-02A.6.28_FOCUSED_EXECUTION_PACK_M08-M15_v2.1/M10_PHYSICAL_EXECUTION_SPEC_v2.1.md;24_M08_M15/W4-02A.6.28_FOCUSED_EXECUTION_PACK_M08-M15_v2.1_EXTRACTED/RUMAHAGEN_W4-02A.6.28_FOCUSED_EXECUTION_PACK_M08-M15_v2.1/M11_PHYSICAL_EXECUTION_SPEC_v2.1.md;24_M08_M15/W4-02A.6.28_FOCUSED_EXECUTION_PACK_M08-M15_v2.1_EXTRACTED/RUMAHAGEN_W4-02A.6.28_FOCUSED_EXECUTION_PACK_M08-M15_v2.1/M12_PHYSICAL_EXECUTION_SPEC_v2.1.md;24_M08_M15/W4-02A.6.28_FOCUSED_EXECUTION_PACK_M08-M15_v2.1_EXTRACTED/RUMAHAGEN_W4-02A.6.28_FOCUSED_EXECUTION_PACK_M08-M15_v2.1/M13_PHYSICAL_EXECUTION_SPEC_v2.1.md;24_M08_M15/W4-02A.6.28_FOCUSED_EXECUTION_PACK_M08-M15_v2.1_EXTRACTED/RUMAHAGEN_W4-02A.6.28_FOCUSED_EXECUTION_PACK_M08-M15_v2.1/M14_PHYSICAL_EXECUTION_SPEC_v2.1.md;24_M08_M15/W4-02A.6.28_FOCUSED_EXECUTION_PACK_M08-M15_v2.1_EXTRACTED/RUMAHAGEN_W4-02A.6.28_FOCUSED_EXECUTION_PACK_M08-M15_v2.1/M15_PHYSICAL_EXECUTION_SPEC_v2.1.md;24_M08_M15/W4-02A.6.28_FOCUSED_EXECUTION_PACK_M08-M15_v2.1_EXTRACTED/RUMAHAGEN_W4-02A.6.28_FOCUSED_EXECUTION_PACK_M08-M15_v2.1/RUMAHAGEN_W4-02A.6.28_FOCUSED_EXECUTION_PACK_M08-M15_v2.1.md,Explicit references to 10 other Core artifact(s) were located in extracted text.,10,STEP04 → 24_M08_M15 synchronization target,TO BE CLASSIFIED IN STEP 04,IMMUTABLE CORE — MAP ONLY; NO MERGE / NO CONFLICT RESOLUTION / NO PHYSICAL IMPLEMENTATION / NO RUNTIME
CAM11-0056,CORE_NESTED_ARTIFACT,NOT_IN_SOURCE_INDEX,24_M08_M15/W4-02A.6.28_FOCUSED_EXECUTION_PACK_M08-M15_v2.1_EXTRACTED/RUMAHAGEN_W4-02A.6.28_FOCUSED_EXECUTION_PACK_M08-M15_v2.1/M08_PHYSICAL_EXECUTION_SPEC_v2.1.md,24_M08_M15,EXECUTION-PACK,M08–M15 EXECUTION CONTEXT; MODULE AUTHORITIES REMAIN SEMANTIC AUTHORITY,M08–M15 CURRENT AUTHORITY ARTIFACT SET,Focused execution pack is downstream execution context,M08–M15 EXECUTION CONTEXT; MODULE AUTHORITIES REMAIN SEMANTIC AUTHORITY,NOT_EXPLICIT_IN_SOURCE_INDEX,CURRENT-EXECUTION/CONTEXT,FOCUSED EXECUTION PACK M08-M15,6775,d2033671ce0e13b29483fad93756ff1ebfafcaa24585763f4bc68de6a7859926,6743,160,27,# RUMAHAGEN — M08 PHYSICAL EXECUTION SPECIFICATION,4,**Version:** 2.1,LINE + HEADING + EXCERPT,NO_EXPLICIT_DEPENDENCY_LOCATED,NONE_LOCATED,No explicit dependency target was located in extracted artifact text; no dependency is invented at STEP 03.,0,STEP04 → 24_M08_M15 synchronization target,TO BE CLASSIFIED IN STEP 04,IMMUTABLE CORE — MAP ONLY; NO MERGE / NO CONFLICT RESOLUTION / NO PHYSICAL IMPLEMENTATION / NO RUNTIME
CAM11-0057,CORE_NESTED_ARTIFACT,NOT_IN_SOURCE_INDEX,24_M08_M15/W4-02A.6.28_FOCUSED_EXECUTION_PACK_M08-M15_v2.1_EXTRACTED/RUMAHAGEN_W4-02A.6.28_FOCUSED_EXECUTION_PACK_M08-M15_v2.1/M09_PHYSICAL_EXECUTION_SPEC_v2.1.md,24_M08_M15,EXECUTION-PACK,M08–M15 EXECUTION CONTEXT; MODULE AUTHORITIES REMAIN SEMANTIC AUTHORITY,M08–M15 CURRENT AUTHORITY ARTIFACT SET,Focused execution pack is downstream execution context,M08–M15 EXECUTION CONTEXT; MODULE AUTHORITIES REMAIN SEMANTIC AUTHORITY,NOT_EXPLICIT_IN_SOURCE_INDEX,CURRENT-EXECUTION/CONTEXT,FOCUSED EXECUTION PACK M08-M15,6944,7d39bb462699dc346c5ecf441996cd9a8e7b1bc5d969604463c810c1d4c34545,6912,160,27,# RUMAHAGEN — M09 PHYSICAL EXECUTION SPECIFICATION,4,**Version:** 2.1,LINE + HEADING + EXCERPT,NO_EXPLICIT_DEPENDENCY_LOCATED,NONE_LOCATED,No explicit dependency target was located in extracted artifact text; no dependency is invented at STEP 03.,0,STEP04 → 24_M08_M15 synchronization target,TO BE CLASSIFIED IN STEP 04,IMMUTABLE CORE — MAP ONLY; NO MERGE / NO CONFLICT RESOLUTION / NO PHYSICAL IMPLEMENTATION / NO RUNTIME
CAM11-0058,CORE_NESTED_ARTIFACT,NOT_IN_SOURCE_INDEX,24_M08_M15/W4-02A.6.28_FOCUSED_EXECUTION_PACK_M08-M15_v2.1_EXTRACTED/RUMAHAGEN_W4-02A.6.28_FOCUSED_EXECUTION_PACK_M08-M15_v2.1/M10_PHYSICAL_EXECUTION_SPEC_v2.1.md,24_M08_M15,EXECUTION-PACK,M08–M15 EXECUTION CONTEXT; MODULE AUTHORITIES REMAIN SEMANTIC AUTHORITY,M08–M15 CURRENT AUTHORITY ARTIFACT SET,Focused execution pack is downstream execution context,M08–M15 EXECUTION CONTEXT; MODULE AUTHORITIES REMAIN SEMANTIC AUTHORITY,NOT_EXPLICIT_IN_SOURCE_INDEX,CURRENT-EXECUTION/CONTEXT,FOCUSED EXECUTION PACK M08-M15,6625,0954001b40b9aa4289cf174f807c2625dc4a4f5f373c120c12f28696ecddd8f2,6585,162,27,# RUMAHAGEN — M10 PHYSICAL EXECUTION SPECIFICATION,4,**Version:** 2.1,LINE + HEADING + EXCERPT,NO_EXPLICIT_DEPENDENCY_LOCATED,NONE_LOCATED,No explicit dependency target was located in extracted artifact text; no dependency is invented at STEP 03.,0,STEP04 → 24_M08_M15 synchronization target,TO BE CLASSIFIED IN STEP 04,IMMUTABLE CORE — MAP ONLY; NO MERGE / NO CONFLICT RESOLUTION / NO PHYSICAL IMPLEMENTATION / NO RUNTIME
CAM11-0059,CORE_NESTED_ARTIFACT,NOT_IN_SOURCE_INDEX,24_M08_M15/W4-02A.6.28_FOCUSED_EXECUTION_PACK_M08-M15_v2.1_EXTRACTED/RUMAHAGEN_W4-02A.6.28_FOCUSED_EXECUTION_PACK_M08-M15_v2.1/M11_PHYSICAL_EXECUTION_SPEC_v2.1.md,24_M08_M15,EXECUTION-PACK,M08–M15 EXECUTION CONTEXT; MODULE AUTHORITIES REMAIN SEMANTIC AUTHORITY,M08–M15 CURRENT AUTHORITY ARTIFACT SET,Focused execution pack is downstream execution context,M08–M15 EXECUTION CONTEXT; MODULE AUTHORITIES REMAIN SEMANTIC AUTHORITY,NOT_EXPLICIT_IN_SOURCE_INDEX,CURRENT-EXECUTION/CONTEXT,FOCUSED EXECUTION PACK M08-M15,6695,adfc6ce099de713b1bd60194bed59b35cb9dda5ecc99ceec5ccbe96894ee5a70,6663,161,27,# RUMAHAGEN — M11 PHYSICAL EXECUTION SPECIFICATION,4,**Version:** 2.1,LINE + HEADING + EXCERPT,NO_EXPLICIT_DEPENDENCY_LOCATED,NONE_LOCATED,No explicit dependency target was located in extracted artifact text; no dependency is invented at STEP 03.,0,STEP04 → 24_M08_M15 synchronization target,TO BE CLASSIFIED IN STEP 04,IMMUTABLE CORE — MAP ONLY; NO MERGE / NO CONFLICT RESOLUTION / NO PHYSICAL IMPLEMENTATION / NO RUNTIME
CAM11-0060,CORE_NESTED_ARTIFACT,NOT_IN_SOURCE_INDEX,24_M08_M15/W4-02A.6.28_FOCUSED_EXECUTION_PACK_M08-M15_v2.1_EXTRACTED/RUMAHAGEN_W4-02A.6.28_FOCUSED_EXECUTION_PACK_M08-M15_v2.1/M12_PHYSICAL_EXECUTION_SPEC_v2.1.md,24_M08_M15,EXECUTION-PACK,M08–M15 EXECUTION CONTEXT; MODULE AUTHORITIES REMAIN SEMANTIC AUTHORITY,M08–M15 CURRENT AUTHORITY ARTIFACT SET,Focused execution pack is downstream execution context,M08–M15 EXECUTION CONTEXT; MODULE AUTHORITIES REMAIN SEMANTIC AUTHORITY,NOT_EXPLICIT_IN_SOURCE_INDEX,CURRENT-EXECUTION/CONTEXT,FOCUSED EXECUTION PACK M08-M15,6477,c01c5da1353a7f689b56d06242f248e0851d2bf5b92fa24fdbc12666e53e8930,6445,160,27,# RUMAHAGEN — M12 PHYSICAL EXECUTION SPECIFICATION,4,**Version:** 2.1,LINE + HEADING + EXCERPT,NO_EXPLICIT_DEPENDENCY_LOCATED,NONE_LOCATED,No explicit dependency target was located in extracted artifact text; no dependency is invented at STEP 03.,0,STEP04 → 24_M08_M15 synchronization target,TO BE CLASSIFIED IN STEP 04,IMMUTABLE CORE — MAP ONLY; NO MERGE / NO CONFLICT RESOLUTION / NO PHYSICAL IMPLEMENTATION / NO RUNTIME
CAM11-0061,CORE_NESTED_ARTIFACT,NOT_IN_SOURCE_INDEX,24_M08_M15/W4-02A.6.28_FOCUSED_EXECUTION_PACK_M08-M15_v2.1_EXTRACTED/RUMAHAGEN_W4-02A.6.28_FOCUSED_EXECUTION_PACK_M08-M15_v2.1/M13_PHYSICAL_EXECUTION_SPEC_v2.1.md,24_M08_M15,EXECUTION-PACK,M08–M15 EXECUTION CONTEXT; MODULE AUTHORITIES REMAIN SEMANTIC AUTHORITY,M08–M15 CURRENT AUTHORITY ARTIFACT SET,Focused execution pack is downstream execution context,M08–M15 EXECUTION CONTEXT; MODULE AUTHORITIES REMAIN SEMANTIC AUTHORITY,NOT_EXPLICIT_IN_SOURCE_INDEX,CURRENT-EXECUTION/CONTEXT,FOCUSED EXECUTION PACK M08-M15,6463,8e8f14c0bc0ff8ec33155671ef9c903168894ee6c0111a9d9deb6c2f4ae6ea27,6431,161,27,# RUMAHAGEN — M13 PHYSICAL EXECUTION SPECIFICATION,4,**Version:** 2.1,LINE + HEADING + EXCERPT,NO_EXPLICIT_DEPENDENCY_LOCATED,NONE_LOCATED,No explicit dependency target was located in extracted artifact text; no dependency is invented at STEP 03.,0,STEP04 → 24_M08_M15 synchronization target,TO BE CLASSIFIED IN STEP 04,IMMUTABLE CORE — MAP ONLY; NO MERGE / NO CONFLICT RESOLUTION / NO PHYSICAL IMPLEMENTATION / NO RUNTIME
CAM11-0062,CORE_NESTED_ARTIFACT,NOT_IN_SOURCE_INDEX,24_M08_M15/W4-02A.6.28_FOCUSED_EXECUTION_PACK_M08-M15_v2.1_EXTRACTED/RUMAHAGEN_W4-02A.6.28_FOCUSED_EXECUTION_PACK_M08-M15_v2.1/M14_PHYSICAL_EXECUTION_SPEC_v2.1.md,24_M08_M15,EXECUTION-PACK,M08–M15 EXECUTION CONTEXT; MODULE AUTHORITIES REMAIN SEMANTIC AUTHORITY,M08–M15 CURRENT AUTHORITY ARTIFACT SET,Focused execution pack is downstream execution context,M08–M15 EXECUTION CONTEXT; MODULE AUTHORITIES REMAIN SEMANTIC AUTHORITY,NOT_EXPLICIT_IN_SOURCE_INDEX,CURRENT-EXECUTION/CONTEXT,FOCUSED EXECUTION PACK M08-M15,6787,f9f25be2e5e1b541674662f6a4680467c75ba635fad2e665003cf9df780591f1,6753,163,27,# RUMAHAGEN — M14 PHYSICAL EXECUTION SPECIFICATION,4,**Version:** 2.1,LINE + HEADING + EXCERPT,NO_EXPLICIT_DEPENDENCY_LOCATED,NONE_LOCATED,No explicit dependency target was located in extracted artifact text; no dependency is invented at STEP 03.,0,STEP04 → 24_M08_M15 synchronization target,TO BE CLASSIFIED IN STEP 04,IMMUTABLE CORE — MAP ONLY; NO MERGE / NO CONFLICT RESOLUTION / NO PHYSICAL IMPLEMENTATION / NO RUNTIME
CAM11-0063,CORE_NESTED_ARTIFACT,NOT_IN_SOURCE_INDEX,24_M08_M15/W4-02A.6.28_FOCUSED_EXECUTION_PACK_M08-M15_v2.1_EXTRACTED/RUMAHAGEN_W4-02A.6.28_FOCUSED_EXECUTION_PACK_M08-M15_v2.1/M15_PHYSICAL_EXECUTION_SPEC_v2.1.md,24_M08_M15,EXECUTION-PACK,M08–M15 EXECUTION CONTEXT; MODULE AUTHORITIES REMAIN SEMANTIC AUTHORITY,M08–M15 CURRENT AUTHORITY ARTIFACT SET,Focused execution pack is downstream execution context,M08–M15 EXECUTION CONTEXT; MODULE AUTHORITIES REMAIN SEMANTIC AUTHORITY,NOT_EXPLICIT_IN_SOURCE_INDEX,CURRENT-EXECUTION/CONTEXT,FOCUSED EXECUTION PACK M08-M15,6642,b86968510b07731383990e40540f9a04b8273d8969fc6814530ebc17e5dd8088,6608,162,27,# RUMAHAGEN — M15 PHYSICAL EXECUTION SPECIFICATION,4,**Version:** 2.1,LINE + HEADING + EXCERPT,NO_EXPLICIT_DEPENDENCY_LOCATED,NONE_LOCATED,No explicit dependency target was located in extracted artifact text; no dependency is invented at STEP 03.,0,STEP04 → 24_M08_M15 synchronization target,TO BE CLASSIFIED IN STEP 04,IMMUTABLE CORE — MAP ONLY; NO MERGE / NO CONFLICT RESOLUTION / NO PHYSICAL IMPLEMENTATION / NO RUNTIME
CAM11-0064,CORE_NESTED_ARTIFACT,NOT_IN_SOURCE_INDEX,24_M08_M15/W4-02A.6.28_FOCUSED_EXECUTION_PACK_M08-M15_v2.1_EXTRACTED/RUMAHAGEN_W4-02A.6.28_FOCUSED_EXECUTION_PACK_M08-M15_v2.1/RUMAHAGEN_W4-02A.6.28_FOCUSED_EXECUTION_PACK_M08-M15_v2.1.md,24_M08_M15,EXECUTION-PACK,M08–M15 EXECUTION CONTEXT; MODULE AUTHORITIES REMAIN SEMANTIC AUTHORITY,M08–M15 CURRENT AUTHORITY ARTIFACT SET,Focused execution pack is downstream execution context,M08–M15 EXECUTION CONTEXT; MODULE AUTHORITIES REMAIN SEMANTIC AUTHORITY,NOT_EXPLICIT_IN_SOURCE_INDEX,CURRENT-EXECUTION/CONTEXT,FOCUSED EXECUTION PACK M08-M15,12958,a6b879e6d81f1cbb6a3eade8caa71a950432d44488db21fe45b667cd9fa0fdb3,12605,383,47,# RUMAHAGEN — W4-02A.6.28 FOCUSED EXECUTION PACK M08–M15,4,**Version:** 2.1 — W4-02A.6.28,LINE + HEADING + EXCERPT,EXPLICIT_CORE_ARTIFACT_REFERENCE,23_M01_M07/W4-02A.6.27_FOCUSED_EXECUTION_PACK_M01-M07_v2.1.md;23_M01_M07/W4-02A.6.27_FOCUSED_EXECUTION_PACK_M01-M07_v2.1.zip;23_M01_M07/W4-02A.6.27_FOCUSED_EXECUTION_PACK_M01-M07_v2.1_EXTRACTED/RUMAHAGEN_W4-02A.6.27_FOCUSED_EXECUTION_PACK_M01-M07_v2.1/RUMAHAGEN_W4-02A.6.27_FOCUSED_EXECUTION_PACK_M01-M07_v2.1.md,Explicit references to 3 other Core artifact(s) were located in extracted text.,3,STEP04 → 24_M08_M15 synchronization target,TO BE CLASSIFIED IN STEP 04,IMMUTABLE CORE — MAP ONLY; NO MERGE / NO CONFLICT RESOLUTION / NO PHYSICAL IMPLEMENTATION / NO RUNTIME
CAM11-0065,CORE_SOURCE_PACK_MEMBER,SRC-034,25_EXECUTION_AUDIT/W4-02A.6.29_EXECUTION_PACK_AUDIT_RECONCILIATION_v2.1.md,25_EXECUTION_AUDIT,CONTROL-EVIDENCE,CORE EXECUTION AUDIT / RECONCILIATION AUTHORITY,00_CONTROL/W4-02A.7_RECURSIVE_SOURCE_AUDIT_REGISTER_v1.0.csv,Execution audit/reconciliation control,CORE EXECUTION AUDIT / RECONCILIATION AUTHORITY,CURRENT-REFERENCE,CURRENT-EXECUTION/CONTEXT,Current contract/reference,18012,70302b771fdd9293db1fe6d9d736f8926eef76bbdf2993489cb0eb182e540ea3,17566,531,40,# RUMAHAGEN — W4-02A.6.29,4,**Version:** 2.1,LINE + HEADING + EXCERPT,NO_EXPLICIT_DEPENDENCY_LOCATED,NONE_LOCATED,No explicit dependency target was located in extracted artifact text; no dependency is invented at STEP 03.,0,STEP04 → 25_EXECUTION_AUDIT synchronization target,TO BE CLASSIFIED IN STEP 04,IMMUTABLE CORE — MAP ONLY; NO MERGE / NO CONFLICT RESOLUTION / NO PHYSICAL IMPLEMENTATION / NO RUNTIME
CAM11-0066,CORE_SOURCE_PACK_MEMBER,SRC-035,26_ENGINEERING_ALIGNMENT/W4-02A.6.30_ENGINEERING_ALIGNMENT_GUIDEBOOK_PLAYBOOK_v2.1.md,26_ENGINEERING_ALIGNMENT,ENGINEERING-CONTEXT,CORE ENGINEERING ALIGNMENT AUTHORITY,01_GOVERNANCE/W4-02A.1_GOVERNANCE_CONSOLIDATION_FINAL_DECISION_AUTHORITY_v1.0.docx,Engineering alignment is controlled by Core governance,CORE ENGINEERING ALIGNMENT AUTHORITY,CURRENT-REFERENCE,CURRENT-EXECUTION/CONTEXT,Current contract/reference,31681,239e06d97698eb97c4e362b1b9ecf25f064fbe8e665e2f9e328d00e6d339a090,31022,1335,100,# RUMAHAGEN — W4-02A.6.30,4,**Version:** 2.1,LINE + HEADING + EXCERPT,NO_EXPLICIT_DEPENDENCY_LOCATED,NONE_LOCATED,No explicit dependency target was located in extracted artifact text; no dependency is invented at STEP 03.,0,STEP04 → 26_ENGINEERING_ALIGNMENT synchronization target,TO BE CLASSIFIED IN STEP 04,IMMUTABLE CORE — MAP ONLY; NO MERGE / NO CONFLICT RESOLUTION / NO PHYSICAL IMPLEMENTATION / NO RUNTIME
CAM11-0067,CORE_SOURCE_PACK_MEMBER,SRC-036,27_AI_BLUEPRINT/W4-02A.6.31_AI_DEVELOPMENT_BLUEPRINT_v2.1.md,27_AI_BLUEPRINT,AI-CONTEXT,CORE AI DEVELOPMENT BLUEPRINT AUTHORITY,01_GOVERNANCE/W4-02A.1_GOVERNANCE_CONSOLIDATION_FINAL_DECISION_AUTHORITY_v1.0.docx,AI development blueprint is controlled project context,CORE AI DEVELOPMENT BLUEPRINT AUTHORITY,CURRENT-REFERENCE,CURRENT-EXECUTION/CONTEXT,Current contract/reference,29348,504a5738b3a832159850b0c1035e95f02b509a773a52fb01b722948e01ab09c2,28706,1425,81,# RUMAHAGEN — W4-02A.6.31,4,**Version:** 2.1,LINE + HEADING + EXCERPT,NO_EXPLICIT_DEPENDENCY_LOCATED,NONE_LOCATED,No explicit dependency target was located in extracted artifact text; no dependency is invented at STEP 03.,0,STEP04 → 27_AI_BLUEPRINT synchronization target,TO BE CLASSIFIED IN STEP 04,IMMUTABLE CORE — MAP ONLY; NO MERGE / NO CONFLICT RESOLUTION / NO PHYSICAL IMPLEMENTATION / NO RUNTIME
CAM11-0068,CORE_SOURCE_PACK_MEMBER,SRC-037,28_AI_CONTEXT/W4-02A.6.32_AI_CONTEXT_PACK_v2.1.md,28_AI_CONTEXT,AI-CONTEXT,CORE AI CONTEXT AUTHORITY,01_GOVERNANCE/W4-02A.1_GOVERNANCE_CONSOLIDATION_FINAL_DECISION_AUTHORITY_v1.0.docx,AI context pack is controlled project context,CORE AI CONTEXT AUTHORITY,CURRENT-REFERENCE,CURRENT-EXECUTION/CONTEXT,Current contract/reference,19773,b4a5c5863ffc9934467688078144210f23eed59e3f574b9eaba171a10f7a1bae,19404,1126,60,# RUMAHAGEN — W4-02A.6.32,4,**Version:** 2.1,LINE + HEADING + EXCERPT,NO_EXPLICIT_DEPENDENCY_LOCATED,NONE_LOCATED,No explicit dependency target was located in extracted artifact text; no dependency is invented at STEP 03.,0,STEP04 → 28_AI_CONTEXT synchronization target,TO BE CLASSIFIED IN STEP 04,IMMUTABLE CORE — MAP ONLY; NO MERGE / NO CONFLICT RESOLUTION / NO PHYSICAL IMPLEMENTATION / NO RUNTIME
CAM11-0069,CORE_SOURCE_PACK_MEMBER,SRC-038,29_FINAL_CONTROL/W4-02A.6.33_DECISION_LOG_FINAL_v2.1.md,29_FINAL_CONTROL,FINAL-CONTROL,CORE FINAL CONTROL / DECISION AUTHORITY,00_CONTROL/W4-02A.7_FINAL_DOCUMENT_FREEZE_AUTHORITY_VERIFICATION_v1.0.md,Final control records and decision/changelog authority,CORE FINAL CONTROL / DECISION AUTHORITY,FINAL-CONTROL,CURRENT-CONTROL,Final current baseline control,18845,712f6513cc1b66ae90f673f920ee500d235a633dd4916f10a97b7031334821ca,18419,751,48,# RUMAHAGEN — W4-02A.6.33,4,**Version:** 2.1,LINE + HEADING + EXCERPT,EXPLICIT_CORE_ARTIFACT_REFERENCE,28_AI_CONTEXT/W4-02A.6.32_AI_CONTEXT_PACK_v2.1.md,Explicit references to 1 other Core artifact(s) were located in extracted text.,1,STEP04 → 29_FINAL_CONTROL synchronization target,TO BE CLASSIFIED IN STEP 04,IMMUTABLE CORE — MAP ONLY; NO MERGE / NO CONFLICT RESOLUTION / NO PHYSICAL IMPLEMENTATION / NO RUNTIME
CAM11-0070,CORE_SOURCE_PACK_MEMBER,SRC-039,29_FINAL_CONTROL/W4-02A.6.34_CHANGELOG_FINAL_v1.0.docx,29_FINAL_CONTROL,FINAL-CONTROL,CORE FINAL CONTROL / DECISION AUTHORITY,00_CONTROL/W4-02A.7_FINAL_DOCUMENT_FREEZE_AUTHORITY_VERIFICATION_v1.0.md,Final control records and decision/changelog authority,CORE FINAL CONTROL / DECISION AUTHORITY,FINAL-CONTROL,CURRENT-CONTROL,Final current baseline control,46682,42ecb48a9d988bb69b92df6e394b86b7ca0a3336a7f4c58edbe02688327bcf2e,27272,251,0,NO_HEADING_DETECTED,1,RUMAHAGEN — CHANGELOG,LINE + HEADING + EXCERPT,NO_EXPLICIT_DEPENDENCY_LOCATED,NONE_LOCATED,No explicit dependency target was located in extracted artifact text; no dependency is invented at STEP 03.,0,STEP04 → 29_FINAL_CONTROL synchronization target,TO BE CLASSIFIED IN STEP 04,IMMUTABLE CORE — MAP ONLY; NO MERGE / NO CONFLICT RESOLUTION / NO PHYSICAL IMPLEMENTATION / NO RUNTIME
CAM11-0071,CORE_SOURCE_PACK_MEMBER,SRC-040,29_FINAL_CONTROL/W4-02A.6.35_PROJECT_MANIFEST_FINAL_v1.32.docx,29_FINAL_CONTROL,FINAL-CONTROL,CORE FINAL CONTROL / DECISION AUTHORITY,00_CONTROL/W4-02A.7_FINAL_DOCUMENT_FREEZE_AUTHORITY_VERIFICATION_v1.0.md,Final control records and decision/changelog authority,CORE FINAL CONTROL / DECISION AUTHORITY,FINAL-CONTROL,CURRENT-CONTROL,Final current baseline control,44768,bcf9a8a109e109016699a84ccdcdf7aa9de9af0b7380962ca74081858a2f0b0a,18680,190,0,NO_HEADING_DETECTED,1,RUMAHAGEN — PROJECT MANIFEST,LINE + HEADING + EXCERPT,NO_EXPLICIT_DEPENDENCY_LOCATED,NONE_LOCATED,No explicit dependency target was located in extracted artifact text; no dependency is invented at STEP 03.,0,STEP04 → 29_FINAL_CONTROL synchronization target,TO BE CLASSIFIED IN STEP 04,IMMUTABLE CORE — MAP ONLY; NO MERGE / NO CONFLICT RESOLUTION / NO PHYSICAL IMPLEMENTATION / NO RUNTIME
CAM11-0072,CORE_SOURCE_PACK_MEMBER,SRC-041,29_FINAL_CONTROL/W4-02A.6.36_CURRENT_PROJECT_STATE_FINAL_rev15.docx,29_FINAL_CONTROL,FINAL-CONTROL,CORE FINAL CONTROL / DECISION AUTHORITY,00_CONTROL/W4-02A.7_FINAL_DOCUMENT_FREEZE_AUTHORITY_VERIFICATION_v1.0.md,Final control records and decision/changelog authority,CORE FINAL CONTROL / DECISION AUTHORITY,FINAL-CONTROL,CURRENT-CONTROL,Final current baseline control,45569,9f929cb9612d755e21bf27b42489de7c9cd3a9c42042d5f4825010a3132cffae,21249,273,0,NO_HEADING_DETECTED,1,RUMAHAGEN — CURRENT PROJECT STATE,LINE + HEADING + EXCERPT,NO_EXPLICIT_DEPENDENCY_LOCATED,NONE_LOCATED,No explicit dependency target was located in extracted artifact text; no dependency is invented at STEP 03.,0,STEP04 → 29_FINAL_CONTROL synchronization target,TO BE CLASSIFIED IN STEP 04,IMMUTABLE CORE — MAP ONLY; NO MERGE / NO CONFLICT RESOLUTION / NO PHYSICAL IMPLEMENTATION / NO RUNTIME
CAM11-0073,CORE_SOURCE_PACK_MEMBER,SRC-042,29_FINAL_CONTROL/W4-02A.6.37_FINAL_CROSS_DOCUMENT_RECONCILIATION_v1.0.docx,29_FINAL_CONTROL,FINAL-CONTROL,CORE FINAL CONTROL / DECISION AUTHORITY,00_CONTROL/W4-02A.7_FINAL_DOCUMENT_FREEZE_AUTHORITY_VERIFICATION_v1.0.md,Final control records and decision/changelog authority,CORE FINAL CONTROL / DECISION AUTHORITY,FINAL-CONTROL,CURRENT-CONTROL,Final current baseline control,56438,55ba7ad886ea26469d2569f50ce577acf241b0b26969816e62774546acab967c,54019,553,0,NO_HEADING_DETECTED,1,RUMAHAGEN — FINAL CROSS-DOCUMENT RECONCILIATION,LINE + HEADING + EXCERPT,EXPLICIT_CORE_ARTIFACT_REFERENCE,00_CONTROL/W4-02A.6.0_CORE_ARTIFACT_INVENTORY_AND_ORDERING_LOCK_v1.1_BASE_TRACK_37_STEPS.docx;01_GOVERNANCE/W4-02A.1_GOVERNANCE_CONSOLIDATION_FINAL_DECISION_AUTHORITY_v1.0.docx;01_GOVERNANCE/W4-02A.6.2_GOVERNANCE_REGISTER_FULL_CONSOLIDATED_v1.16.docx;03_BUSINESS_RULES/W4-02A.6.10_BUSINESS_RULES_BASELINE_TRACEABILITY_FULL_CONSOLIDATED_v1.2_REAUDITED.docx;04_ARCHITECTURE/W4-02A.6.5_SYSTEM_ARCHITECTURE_FULL_CONSOLIDATED_v1.8.docx;05_TECHNICAL_DECISIONS/W4-02A.6.6_TECHNICAL_DECISIONS_FULL_CONSOLIDATED_v1.6.docx;06_DEPENDENCY_MANIFEST/W4-02A.6.7_DEPENDENCY_MANIFEST_FULL_CONSOLIDATED_v1.9.docx;07_PRD/W4-02A.6.11_PRD_CURRENT_PRODUCT_REQUIREMENTS_FULL_CONSOLIDATED_v2.1.docx;08_USER_FLOW/W4-02A.6.12_USER_FLOW_CURRENT_CROSS_DOMAIN_INTERACTION_FLOW_FULL_CONSOLIDATED_v2.1.docx;09_ERD/W4-02A.6.13_ERD_CURRENT_LOGICAL_DATA_MODEL_FULL_CONSOLIDATED_v2.1.docx;10_DATABASE_DICTIONARY/W4-02A.6.14_DATABASE_DICTIONARY_CURRENT_LOGICAL_TO_PHYSICAL_DATA_MEANING_FULL_CONSOLIDATED_v2.2.docx;11_DATABASE_SCHEMA/RUMAHAGEN_FULL_DATABASE_SCHEMA_SOURCE_ONLY_PACKAGE_v1.0_EXTRACTED/RUMAHAGEN_FULL_DATABASE_SCHEMA_SOURCE_ONLY_v1.0.md;11_DATABASE_SCHEMA/RUMAHAGEN_FULL_DATABASE_SCHEMA_SOURCE_ONLY_PACKAGE_v1.0_EXTRACTED/RUMAHAGEN_FULL_DATABASE_SCHEMA_SOURCE_ONLY_v1.0.sql;11_DATABASE_SCHEMA/W4-01E_FINAL_BUILD_FROM_ZERO_SCHEMA_PACKAGE_v2.6_EXTRACTED/RUMAHAGEN_W4-01E_FINAL_CANONICAL_BUILD_FROM_ZERO_DATABASE_SCHEMA_v2.6.sql;11_DATABASE_SCHEMA/W4-01E_FINAL_BUILD_FROM_ZERO_SCHEMA_PACKAGE_v2.6_EXTRACTED/RUMAHAGEN_W4-01E_FINAL_CANONICAL_TABLE_REGISTER_v2.6.csv;11_DATABASE_SCHEMA/W4-01E_FINAL_BUILD_FROM_ZERO_SCHEMA_PACKAGE_v2.6_EXTRACTED/RUMAHAGEN_W4-01E_FINAL_SCHEMA_CLOSURE_AND_FREEZE_v2.6.md;11_DATABASE_SCHEMA/W4-01E_FINAL_BUILD_FROM_ZERO_SCHEMA_PACKAGE_v2.6_EXTRACTED/RUMAHAGEN_W4-01E_GATE_CLOSURE_REGISTER_v2.6.csv;11_DATABASE_SCHEMA/W4-02A.6.15_DATABASE_SCHEMA_CURRENT_PHYSICAL_SCHEMA_REFERENCE_FULL_CONSOLIDATED_v2.7.docx;11_DATABASE_SCHEMA/W4-02_CANONICAL_BUILD_FROM_ZERO_MIGRATION_PACKAGE_v1.0_EXTRACTED/RUMAHAGEN_W4-02_CANONICAL_86_TABLE_REGISTER_v1.0.csv;11_DATABASE_SCHEMA/W4-02_CANONICAL_BUILD_FROM_ZERO_MIGRATION_PACKAGE_v1.0_EXTRACTED/RUMAHAGEN_W4-02_CANONICAL_BUILD_FROM_ZERO_MIGRATION_BASELINE_v1.0.sql;11_DATABASE_SCHEMA/W4-02_CANONICAL_BUILD_FROM_ZERO_MIGRATION_PACKAGE_v1.0_EXTRACTED/RUMAHAGEN_W4-02_CANONICAL_MIGRATION_BASELINE_v1.0.md;11_DATABASE_SCHEMA/W4-02_CANONICAL_BUILD_FROM_ZERO_MIGRATION_PACKAGE_v1.0_EXTRACTED/RUMAHAGEN_W4-02_EXECUTION_PHASE_REGISTER_v1.0.csv;12_API/W4-02A.6.16_API_SPECIFICATION_CURRENT_API_CONTRACT_BASELINE_FULL_CONSOLIDATED_v2.1.docx;13_RBAC_RLS/W4-02A.6.17_RBAC_PERMISSION_RLS_CURRENT_AUTHORIZATION_BASELINE_FULL_CONSOLIDATED_v2.1.docx;14_FUNCTIONAL/W4-02A.6.18_FUNCTIONAL_SPECIFICATION_CURRENT_FUNCTIONAL_IMPLEMENTATION_CONTRACT_v2.1.md;15_TECHNICAL/W4-02A.6.19_TECHNICAL_SPECIFICATION_CURRENT_TECHNICAL_IMPLEMENTATION_CONTRACT_v2.1.md;16_UI_UX/W4-02A.6.20_UI_UX_SPECIFICATION_CURRENT_INTERFACE_BEHAVIOR_CONTRACT_v2.1.md;17_SEO_ANALYTICS/W4-02A.6.21_SEO_ANALYTICS_SPECIFICATION_DISCOVERY_MEASUREMENT_BASELINE_v2.1.md;18_MODULE_DEPENDENCY/W4-02A.6.22_MODULE_DEPENDENCY_MATRIX_CROSS_MODULE_DEPENDENCY_CONTRACT_v2.1.md;19_IMPLEMENTATION_STRATEGY/W4-02A.6.23_MODULE_IMPLEMENTATION_STRATEGY_INTEGRATED_IMPLEMENTATION_SEQUENCING_v2.1.md;20_MODULE_PLANNING/W4-02A.6.24_REVISED_MODULE_PLANNING_CURRENT_MODULE_DELIVERY_PLANNING_v2.1.md;21_EXECUTION_SPECIFICATION/W4-02A.6.25_MODULE_EXECUTION_SPECIFICATION_ARCHITECTURE_v2.1.md;22_EXECUTION_BATCH/W4-02A.6.26_MODULE_EXECUTION_DEPENDENCY_BATCH_PLAN_v2.1.md;23_M01_M07/W4-02A.6.27_FOCUSED_EXECUTION_PACK_M01-M07_v2.1.md;23_M01_M07/W4-02A.6.27_FOCUSED_EXECUTION_PACK_M01-M07_v2.1.zip;23_M01_M07/W4-02A.6.27_FOCUSED_EXECUTION_PACK_M01-M07_v2.1_EXTRACTED/RUMAHAGEN_W4-02A.6.27_FOCUSED_EXECUTION_PACK_M01-M07_v2.1/M01_PHYSICAL_EXECUTION_SPEC_v2.1.md;23_M01_M07/W4-02A.6.27_FOCUSED_EXECUTION_PACK_M01-M07_v2.1_EXTRACTED/RUMAHAGEN_W4-02A.6.27_FOCUSED_EXECUTION_PACK_M01-M07_v2.1/M02_PHYSICAL_EXECUTION_SPEC_v2.1.md;23_M01_M07/W4-02A.6.27_FOCUSED_EXECUTION_PACK_M01-M07_v2.1_EXTRACTED/RUMAHAGEN_W4-02A.6.27_FOCUSED_EXECUTION_PACK_M01-M07_v2.1/M03_PHYSICAL_EXECUTION_SPEC_v2.1.md;23_M01_M07/W4-02A.6.27_FOCUSED_EXECUTION_PACK_M01-M07_v2.1_EXTRACTED/RUMAHAGEN_W4-02A.6.27_FOCUSED_EXECUTION_PACK_M01-M07_v2.1/M04-S_LEARNING_SESSION_EXECUTION_SPEC_v2.1.md;23_M01_M07/W4-02A.6.27_FOCUSED_EXECUTION_PACK_M01-M07_v2.1_EXTRACTED/RUMAHAGEN_W4-02A.6.27_FOCUSED_EXECUTION_PACK_M01-M07_v2.1/M04_PHYSICAL_EXECUTION_SPEC_v2.1.md;23_M01_M07/W4-02A.6.27_FOCUSED_EXECUTION_PACK_M01-M07_v2.1_EXTRACTED/RUMAHAGEN_W4-02A.6.27_FOCUSED_EXECUTION_PACK_M01-M07_v2.1/M05_PHYSICAL_EXECUTION_SPEC_v2.1.md;23_M01_M07/W4-02A.6.27_FOCUSED_EXECUTION_PACK_M01-M07_v2.1_EXTRACTED/RUMAHAGEN_W4-02A.6.27_FOCUSED_EXECUTION_PACK_M01-M07_v2.1/M06_PHYSICAL_EXECUTION_SPEC_v2.1.md;23_M01_M07/W4-02A.6.27_FOCUSED_EXECUTION_PACK_M01-M07_v2.1_EXTRACTED/RUMAHAGEN_W4-02A.6.27_FOCUSED_EXECUTION_PACK_M01-M07_v2.1/M07_PHYSICAL_EXECUTION_SPEC_v2.1.md;23_M01_M07/W4-02A.6.27_FOCUSED_EXECUTION_PACK_M01-M07_v2.1_EXTRACTED/RUMAHAGEN_W4-02A.6.27_FOCUSED_EXECUTION_PACK_M01-M07_v2.1/RUMAHAGEN_W4-02A.6.27_FOCUSED_EXECUTION_PACK_M01-M07_v2.1.md;24_M08_M15/W4-02A.6.28_FOCUSED_EXECUTION_PACK_M08-M15_v2.1.md;24_M08_M15/W4-02A.6.28_FOCUSED_EXECUTION_PACK_M08-M15_v2.1.zip;24_M08_M15/W4-02A.6.28_FOCUSED_EXECUTION_PACK_M08-M15_v2.1_EXTRACTED/RUMAHAGEN_W4-02A.6.28_FOCUSED_EXECUTION_PACK_M08-M15_v2.1/M08_PHYSICAL_EXECUTION_SPEC_v2.1.md;24_M08_M15/W4-02A.6.28_FOCUSED_EXECUTION_PACK_M08-M15_v2.1_EXTRACTED/RUMAHAGEN_W4-02A.6.28_FOCUSED_EXECUTION_PACK_M08-M15_v2.1/M09_PHYSICAL_EXECUTION_SPEC_v2.1.md;24_M08_M15/W4-02A.6.28_FOCUSED_EXECUTION_PACK_M08-M15_v2.1_EXTRACTED/RUMAHAGEN_W4-02A.6.28_FOCUSED_EXECUTION_PACK_M08-M15_v2.1/M10_PHYSICAL_EXECUTION_SPEC_v2.1.md;24_M08_M15/W4-02A.6.28_FOCUSED_EXECUTION_PACK_M08-M15_v2.1_EXTRACTED/RUMAHAGEN_W4-02A.6.28_FOCUSED_EXECUTION_PACK_M08-M15_v2.1/M11_PHYSICAL_EXECUTION_SPEC_v2.1.md;24_M08_M15/W4-02A.6.28_FOCUSED_EXECUTION_PACK_M08-M15_v2.1_EXTRACTED/RUMAHAGEN_W4-02A.6.28_FOCUSED_EXECUTION_PACK_M08-M15_v2.1/M12_PHYSICAL_EXECUTION_SPEC_v2.1.md;24_M08_M15/W4-02A.6.28_FOCUSED_EXECUTION_PACK_M08-M15_v2.1_EXTRACTED/RUMAHAGEN_W4-02A.6.28_FOCUSED_EXECUTION_PACK_M08-M15_v2.1/M13_PHYSICAL_EXECUTION_SPEC_v2.1.md;24_M08_M15/W4-02A.6.28_FOCUSED_EXECUTION_PACK_M08-M15_v2.1_EXTRACTED/RUMAHAGEN_W4-02A.6.28_FOCUSED_EXECUTION_PACK_M08-M15_v2.1/M14_PHYSICAL_EXECUTION_SPEC_v2.1.md;24_M08_M15/W4-02A.6.28_FOCUSED_EXECUTION_PACK_M08-M15_v2.1_EXTRACTED/RUMAHAGEN_W4-02A.6.28_FOCUSED_EXECUTION_PACK_M08-M15_v2.1/M15_PHYSICAL_EXECUTION_SPEC_v2.1.md;24_M08_M15/W4-02A.6.28_FOCUSED_EXECUTION_PACK_M08-M15_v2.1_EXTRACTED/RUMAHAGEN_W4-02A.6.28_FOCUSED_EXECUTION_PACK_M08-M15_v2.1/RUMAHAGEN_W4-02A.6.28_FOCUSED_EXECUTION_PACK_M08-M15_v2.1.md;25_EXECUTION_AUDIT/W4-02A.6.29_EXECUTION_PACK_AUDIT_RECONCILIATION_v2.1.md;26_ENGINEERING_ALIGNMENT/W4-02A.6.30_ENGINEERING_ALIGNMENT_GUIDEBOOK_PLAYBOOK_v2.1.md;27_AI_BLUEPRINT/W4-02A.6.31_AI_DEVELOPMENT_BLUEPRINT_v2.1.md;28_AI_CONTEXT/W4-02A.6.32_AI_CONTEXT_PACK_v2.1.md;30_RECONCILIATION_EVIDENCE/W4-02A.5R_SOURCE_UPDATE_REVALIDATION_v1.1.docx;30_RECONCILIATION_EVIDENCE/W4-02A.5_CROSS_DOMAIN_CONFLICT_RESIDUAL_AUDIT_FULL_CONSOLIDATED_v1.0.docx,Explicit references to 61 other Core artifact(s) were located in extracted text.,61,STEP04 → 29_FINAL_CONTROL synchronization target,TO BE CLASSIFIED IN STEP 04,IMMUTABLE CORE — MAP ONLY; NO MERGE / NO CONFLICT RESOLUTION / NO PHYSICAL IMPLEMENTATION / NO RUNTIME
CAM11-0074,CORE_SOURCE_PACK_MEMBER,SRC-043,30_RECONCILIATION_EVIDENCE/W4-02A.5R_SOURCE_UPDATE_REVALIDATION_v1.1.docx,30_RECONCILIATION_EVIDENCE,EVIDENCE,CORE RECONCILIATION EVIDENCE AUTHORITY,00_CONTROL/W4-02A.7_RECURSIVE_SOURCE_AUDIT_REGISTER_v1.0.csv,Reconciliation evidence and audit lineage,CORE RECONCILIATION EVIDENCE AUTHORITY,EVIDENCE,CURRENT-EVIDENCE,Reconciliation / provenance evidence,38455,47a6f021e6c409e73d5d7c7dddaaa270107190db90dba4ff30760080155a2b8f,3479,37,0,NO_HEADING_DETECTED,1,RUMAHAGEN — W4-02A.5R SOURCE UPDATE REVALIDATION,LINE + HEADING + EXCERPT,NO_EXPLICIT_DEPENDENCY_LOCATED,NONE_LOCATED,No explicit dependency target was located in extracted artifact text; no dependency is invented at STEP 03.,0,STEP04 → 30_RECONCILIATION_EVIDENCE synchronization target,TO BE CLASSIFIED IN STEP 04,IMMUTABLE CORE — MAP ONLY; NO MERGE / NO CONFLICT RESOLUTION / NO PHYSICAL IMPLEMENTATION / NO RUNTIME
CAM11-0075,CORE_SOURCE_PACK_MEMBER,SRC-044,30_RECONCILIATION_EVIDENCE/W4-02A.5_CROSS_DOMAIN_CONFLICT_RESIDUAL_AUDIT_FULL_CONSOLIDATED_v1.0.docx,30_RECONCILIATION_EVIDENCE,EVIDENCE,CORE RECONCILIATION EVIDENCE AUTHORITY,00_CONTROL/W4-02A.7_RECURSIVE_SOURCE_AUDIT_REGISTER_v1.0.csv,Reconciliation evidence and audit lineage,CORE RECONCILIATION EVIDENCE AUTHORITY,EVIDENCE,CURRENT-EVIDENCE,Reconciliation / provenance evidence,42652,16982b5861c3ef86327b8f79f07eb080faac17aa6a422cc983f79d11a40564df,12436,138,0,NO_HEADING_DETECTED,1,RUMAHAGEN — W4-02A.5,LINE + HEADING + EXCERPT,NO_EXPLICIT_DEPENDENCY_LOCATED,NONE_LOCATED,No explicit dependency target was located in extracted artifact text; no dependency is invented at STEP 03.,0,STEP04 → 30_RECONCILIATION_EVIDENCE synchronization target,TO BE CLASSIFIED IN STEP 04,IMMUTABLE CORE — MAP ONLY; NO MERGE / NO CONFLICT RESOLUTION / NO PHYSICAL IMPLEMENTATION / NO RUNTIME
CAM11-0076,CORE_SOURCE_PACK_MEMBER,SRC-045,README_CURRENT_BASELINE.md,README_CURRENT_BASELINE,CURRENT-REFERENCE,UNRESOLVED,UNRESOLVED,UNRESOLVED,UNRESOLVED,CURRENT-REFERENCE,CURRENT-REFERENCE,Current contract/reference,2468,723ce919284891740a4a11501d925126f3163bc7e8ce458b5f07b1fd1543b878,2464,45,6,# RUMAHAGEN — WIREFRAME CORE FINAL SOURCE PACK v1.1,3,Status: CURRENT BASELINE / FINAL UNTIL FORMALLY SUPERSEDED,LINE + HEADING + EXCERPT,EXPLICIT_CORE_ARTIFACT_REFERENCE,00_CONTROL/SOURCE_INDEX_v1.3.csv;00_CONTROL/SOURCE_INDEX_v1.3.md,Explicit references to 2 other Core artifact(s) were located in extracted text.,2,STEP04 → README_CURRENT_BASELINE synchronization target,TO BE CLASSIFIED IN STEP 04,IMMUTABLE CORE — MAP ONLY; NO MERGE / NO CONFLICT RESOLUTION / NO PHYSICAL IMPLEMENTATION / NO RUNTIME
