archive,relative_path,zip_nesting_level,size
/mnt/data/RUMAHAGEN_P1_MODULE_DEPENDENCY_MATRIX_FULL_REBUILD_20260907_v1.0.zip,src0/RUMAHAGEN_P1_MODULE_DEPENDENCY_MATRIX_FULL_REBUILD_20260907/P1_CONTROLLED_RESIDUAL_REGISTER.csv,0,821
/mnt/data/RUMAHAGEN_P1_MODULE_DEPENDENCY_MATRIX_FULL_REBUILD_20260907_v1.0.zip,src0/RUMAHAGEN_P1_MODULE_DEPENDENCY_MATRIX_FULL_REBUILD_20260907/P1_CROSS_MODULE_CONTRACT_MATRIX.csv,0,1394
/mnt/data/RUMAHAGEN_P1_MODULE_DEPENDENCY_MATRIX_FULL_REBUILD_20260907_v1.0.zip,src0/RUMAHAGEN_P1_MODULE_DEPENDENCY_MATRIX_FULL_REBUILD_20260907/P1_DEPENDENCY_CLASSIFICATION_SUMMARY.csv,0,184
/mnt/data/RUMAHAGEN_P1_MODULE_DEPENDENCY_MATRIX_FULL_REBUILD_20260907_v1.0.zip,src0/RUMAHAGEN_P1_MODULE_DEPENDENCY_MATRIX_FULL_REBUILD_20260907/P1_INPUT_RECURSIVE_INVENTORY.csv,0,725411
/mnt/data/RUMAHAGEN_P1_MODULE_DEPENDENCY_MATRIX_FULL_REBUILD_20260907_v1.0.zip,src0/RUMAHAGEN_P1_MODULE_DEPENDENCY_MATRIX_FULL_REBUILD_20260907/P1_MASTER_MODULE_DEPENDENCY_MATRIX.csv,0,4817
/mnt/data/RUMAHAGEN_P1_MODULE_DEPENDENCY_MATRIX_FULL_REBUILD_20260907_v1.0.zip,src0/RUMAHAGEN_P1_MODULE_DEPENDENCY_MATRIX_FULL_REBUILD_20260907/P1_MODULE_AUTHORITY_REGISTER.csv,0,2069
/mnt/data/RUMAHAGEN_P1_MODULE_DEPENDENCY_MATRIX_FULL_REBUILD_20260907_v1.0.zip,src0/RUMAHAGEN_P1_MODULE_DEPENDENCY_MATRIX_FULL_REBUILD_20260907/P1_MODULE_DEPENDENCY_MATRIX_FULL_REBUILD_20260907_v1.0.docx,0,38100
/mnt/data/RUMAHAGEN_P1_MODULE_DEPENDENCY_MATRIX_FULL_REBUILD_20260907_v1.0.zip,src0/RUMAHAGEN_P1_MODULE_DEPENDENCY_MATRIX_FULL_REBUILD_20260907/P1_MODULE_DEPENDENCY_MATRIX_FULL_REBUILD_20260907_v1.0.md,0,20755
/mnt/data/RUMAHAGEN_P1_MODULE_DEPENDENCY_MATRIX_FULL_REBUILD_20260907_v1.0.zip,src0/RUMAHAGEN_P1_MODULE_DEPENDENCY_MATRIX_FULL_REBUILD_20260907/P1_MODULE_DEPENDENCY_MATRIX_WORKBOOK_v1.0.xlsx,0,12234
/mnt/data/RUMAHAGEN_P1_MODULE_DEPENDENCY_MATRIX_FULL_REBUILD_20260907_v1.0.zip,src0/RUMAHAGEN_P1_MODULE_DEPENDENCY_MATRIX_FULL_REBUILD_20260907/P1_SOURCE_SHA256_MANIFEST.csv,0,666
/mnt/data/STEP SYNC CORE(20260907-081753).zip,src1/STEP SYNC CORE/RUMAHAGEN_STEP01_M01-M15_RECON_AUTHORITY_FREEZE_FULL_v1.0.zip,0,10675
/mnt/data/p1_v11_source_scan/src1/STEP SYNC CORE/RUMAHAGEN_STEP01_M01-M15_RECON_AUTHORITY_FREEZE_FULL_v1.0.zip,src1/__nested__/0001/00_STEP01_OUTPUT_MANIFEST_SHA256_v1.0.csv,1,884
/mnt/data/p1_v11_source_scan/src1/STEP SYNC CORE/RUMAHAGEN_STEP01_M01-M15_RECON_AUTHORITY_FREEZE_FULL_v1.0.zip,src1/__nested__/0001/01_STEP01_M01-M15_RECON_AUTHORITY_FREEZE_FULL_REPORT_v1.0.md,1,8462
/mnt/data/p1_v11_source_scan/src1/STEP SYNC CORE/RUMAHAGEN_STEP01_M01-M15_RECON_AUTHORITY_FREEZE_FULL_v1.0.zip,src1/__nested__/0001/02_STEP01_M01-M15_AUTHORITY_MATRIX_v1.0.csv,1,4704
/mnt/data/p1_v11_source_scan/src1/STEP SYNC CORE/RUMAHAGEN_STEP01_M01-M15_RECON_AUTHORITY_FREEZE_FULL_v1.0.zip,src1/__nested__/0001/03_STEP01_RECON_SOURCE_INVENTORY_TOPLEVEL_v1.0.csv,1,6503
/mnt/data/p1_v11_source_scan/src1/STEP SYNC CORE/RUMAHAGEN_STEP01_M01-M15_RECON_AUTHORITY_FREEZE_FULL_v1.0.zip,src1/__nested__/0001/04_STEP01_HISTORICAL_SUPERSEDED_SUPPORTING_EXCLUSION_REGISTER_v1.0.csv,1,1052
/mnt/data/p1_v11_source_scan/src1/STEP SYNC CORE/RUMAHAGEN_STEP01_M01-M15_RECON_AUTHORITY_FREEZE_FULL_v1.0.zip,src1/__nested__/0001/05_STEP01_Q01-Q64_M14_PROVENANCE_AUDIT_v1.0.csv,1,550
/mnt/data/p1_v11_source_scan/src1/STEP SYNC CORE/RUMAHAGEN_STEP01_M01-M15_RECON_AUTHORITY_FREEZE_FULL_v1.0.zip,src1/__nested__/0001/06_STEP01_VERSION_ID_EXCEPTION_REGISTER_v1.0.csv,1,684
/mnt/data/p1_v11_source_scan/src1/STEP SYNC CORE/RUMAHAGEN_STEP01_M01-M15_RECON_AUTHORITY_FREEZE_FULL_v1.0.zip,src1/__nested__/0001/README_STEP01_FULL_VERSION_v1.0.md,1,723
/mnt/data/STEP SYNC CORE(20260907-081753).zip,src1/STEP SYNC CORE/RUMAHAGEN_STEP02_MASTER_RECON_INVENTORY_FULL_v1.1.zip,0,147584
/mnt/data/p1_v11_source_scan/src1/STEP SYNC CORE/RUMAHAGEN_STEP02_MASTER_RECON_INVENTORY_FULL_v1.1.zip,src1/__nested__/0002/00_STEP02_OUTPUT_MANIFEST_SHA256_v1.1.csv,1,1179
/mnt/data/p1_v11_source_scan/src1/STEP SYNC CORE/RUMAHAGEN_STEP02_MASTER_RECON_INVENTORY_FULL_v1.1.zip,src1/__nested__/0002/01_STEP02_MASTER_RECON_INVENTORY_FULL_v1.1.md,1,5855
/mnt/data/p1_v11_source_scan/src1/STEP SYNC CORE/RUMAHAGEN_STEP02_MASTER_RECON_INVENTORY_FULL_v1.1.zip,src1/__nested__/0002/02_STEP02_M01-M15_ARTIFACT_INVENTORY_FULL.csv,1,1138437
/mnt/data/p1_v11_source_scan/src1/STEP SYNC CORE/RUMAHAGEN_STEP02_MASTER_RECON_INVENTORY_FULL_v1.1.zip,src1/__nested__/0002/03_STEP02_CURRENT_AUTHORITY_REGISTER.csv,1,4105
/mnt/data/p1_v11_source_scan/src1/STEP SYNC CORE/RUMAHAGEN_STEP02_MASTER_RECON_INVENTORY_FULL_v1.1.zip,src1/__nested__/0002/04_STEP02_HISTORICAL_SUPERSEDED_SUPPORTING_REGISTER.csv,1,3593
/mnt/data/p1_v11_source_scan/src1/STEP SYNC CORE/RUMAHAGEN_STEP02_MASTER_RECON_INVENTORY_FULL_v1.1.zip,src1/__nested__/0002/05_STEP02_SCOPE_CAPABILITY_INVENTORY.csv,1,3637
/mnt/data/p1_v11_source_scan/src1/STEP SYNC CORE/RUMAHAGEN_STEP02_MASTER_RECON_INVENTORY_FULL_v1.1.zip,src1/__nested__/0002/06_STEP02_CROSS_MODULE_DEPENDENCY_MATRIX.csv,1,19221
/mnt/data/p1_v11_source_scan/src1/STEP SYNC CORE/RUMAHAGEN_STEP02_MASTER_RECON_INVENTORY_FULL_v1.1.zip,src1/__nested__/0002/07_STEP02_CONFLICT_RESIDUAL_INVENTORY.csv,1,1393
/mnt/data/p1_v11_source_scan/src1/STEP SYNC CORE/RUMAHAGEN_STEP02_MASTER_RECON_INVENTORY_FULL_v1.1.zip,src1/__nested__/0002/08_STEP02_CHECKLIST_VERIFICATION.csv,1,1455
/mnt/data/p1_v11_source_scan/src1/STEP SYNC CORE/RUMAHAGEN_STEP02_MASTER_RECON_INVENTORY_FULL_v1.1.zip,src1/__nested__/0002/09_STEP02_INTEGRATION_READINESS_REGISTER.csv,1,1566
/mnt/data/p1_v11_source_scan/src1/STEP SYNC CORE/RUMAHAGEN_STEP02_MASTER_RECON_INVENTORY_FULL_v1.1.zip,src1/__nested__/0002/README_STEP02_FULL_VERSION_v1.1.md,1,929
/mnt/data/STEP SYNC CORE(20260907-081753).zip,src1/STEP SYNC CORE/RUMAHAGEN_STEP03_CORE_ARTIFACT_MAP_FULL_v1.3_CORRECTED_FULL_REBUILD (1).zip,0,63186
/mnt/data/p1_v11_source_scan/src1/STEP SYNC CORE/RUMAHAGEN_STEP03_CORE_ARTIFACT_MAP_FULL_v1.3_CORRECTED_FULL_REBUILD (1).zip,src1/__nested__/0003/00_INPUT_DEEP_SCAN_MANIFEST_v1.3.csv,1,1177
/mnt/data/p1_v11_source_scan/src1/STEP SYNC CORE/RUMAHAGEN_STEP03_CORE_ARTIFACT_MAP_FULL_v1.3_CORRECTED_FULL_REBUILD (1).zip,src1/__nested__/0003/00_OUTPUT_MANIFEST_SHA256_v1.3.csv,1,1501
/mnt/data/p1_v11_source_scan/src1/STEP SYNC CORE/RUMAHAGEN_STEP03_CORE_ARTIFACT_MAP_FULL_v1.3_CORRECTED_FULL_REBUILD (1).zip,src1/__nested__/0003/01_STEP03_CORE_ARTIFACT_MAP_FULL_REPORT_v1.3.md,1,3942
/mnt/data/p1_v11_source_scan/src1/STEP SYNC CORE/RUMAHAGEN_STEP03_CORE_ARTIFACT_MAP_FULL_v1.3_CORRECTED_FULL_REBUILD (1).zip,src1/__nested__/0003/02_STEP03_CORE_ARTIFACT_MAP_FULL_v1.3.csv,1,109151
/mnt/data/p1_v11_source_scan/src1/STEP SYNC CORE/RUMAHAGEN_STEP03_CORE_ARTIFACT_MAP_FULL_v1.3_CORRECTED_FULL_REBUILD (1).zip,src1/__nested__/0003/03_STEP03_AUTHORITY_RESOLUTION_REGISTER_v1.3.csv,1,38387
/mnt/data/p1_v11_source_scan/src1/STEP SYNC CORE/RUMAHAGEN_STEP03_CORE_ARTIFACT_MAP_FULL_v1.3_CORRECTED_FULL_REBUILD (1).zip,src1/__nested__/0003/04_STEP03_M01-M15_CORE_RELATIONSHIP_EVIDENCE_FULL_v1.3.csv,1,1080561
/mnt/data/p1_v11_source_scan/src1/STEP SYNC CORE/RUMAHAGEN_STEP03_CORE_ARTIFACT_MAP_FULL_v1.3_CORRECTED_FULL_REBUILD (1).zip,src1/__nested__/0003/05_STEP03_FINDING_TO_CORE_DETERMINISTIC_LINKAGE_FULL_v1.3.csv,1,235722
/mnt/data/p1_v11_source_scan/src1/STEP SYNC CORE/RUMAHAGEN_STEP03_CORE_ARTIFACT_MAP_FULL_v1.3_CORRECTED_FULL_REBUILD (1).zip,src1/__nested__/0003/06_STEP03_MODULE_HANDOFF_SUMMARY_v1.3.csv,1,12936
/mnt/data/p1_v11_source_scan/src1/STEP SYNC CORE/RUMAHAGEN_STEP03_CORE_ARTIFACT_MAP_FULL_v1.3_CORRECTED_FULL_REBUILD (1).zip,src1/__nested__/0003/07_STEP03_DEPENDENCY_HANDOFF_MATRIX_v1.3.csv,1,95744
/mnt/data/p1_v11_source_scan/src1/STEP SYNC CORE/RUMAHAGEN_STEP03_CORE_ARTIFACT_MAP_FULL_v1.3_CORRECTED_FULL_REBUILD (1).zip,src1/__nested__/0003/08_STEP03_RESIDUAL_AND_ORPHAN_AUDIT_v1.3.csv,1,2319
/mnt/data/p1_v11_source_scan/src1/STEP SYNC CORE/RUMAHAGEN_STEP03_CORE_ARTIFACT_MAP_FULL_v1.3_CORRECTED_FULL_REBUILD (1).zip,src1/__nested__/0003/09_STEP04_REOPEN_FEEDBACK_REGISTER_v1.3.csv,1,1576
/mnt/data/p1_v11_source_scan/src1/STEP SYNC CORE/RUMAHAGEN_STEP03_CORE_ARTIFACT_MAP_FULL_v1.3_CORRECTED_FULL_REBUILD (1).zip,src1/__nested__/0003/10_STEP03_CHECKLIST_VERIFICATION_v1.3.csv,1,1203
/mnt/data/p1_v11_source_scan/src1/STEP SYNC CORE/RUMAHAGEN_STEP03_CORE_ARTIFACT_MAP_FULL_v1.3_CORRECTED_FULL_REBUILD (1).zip,src1/__nested__/0003/README_STEP03_FULL_VERSION_v1.3.md,1,1230
/mnt/data/STEP SYNC CORE(20260907-081753).zip,src1/STEP SYNC CORE/RUMAHAGEN_STEP04_M01-M15_CORE_SYNCHRONIZATION_MATRIX_FULL_v1.2_CORRECTED_FULL_REBUILD.zip,0,86886
/mnt/data/p1_v11_source_scan/src1/STEP SYNC CORE/RUMAHAGEN_STEP04_M01-M15_CORE_SYNCHRONIZATION_MATRIX_FULL_v1.2_CORRECTED_FULL_REBUILD.zip,src1/__nested__/0004/00_STEP04_INPUT_DEEP_SCAN_MANIFEST_v1.2.csv,1,1128
/mnt/data/p1_v11_source_scan/src1/STEP SYNC CORE/RUMAHAGEN_STEP04_M01-M15_CORE_SYNCHRONIZATION_MATRIX_FULL_v1.2_CORRECTED_FULL_REBUILD.zip,src1/__nested__/0004/00_STEP04_OUTPUT_MANIFEST_SHA256_v1.2.csv,1,1796
/mnt/data/p1_v11_source_scan/src1/STEP SYNC CORE/RUMAHAGEN_STEP04_M01-M15_CORE_SYNCHRONIZATION_MATRIX_FULL_v1.2_CORRECTED_FULL_REBUILD.zip,src1/__nested__/0004/01_STEP04_FULL_REPORT_v1.2.md,1,2884
/mnt/data/p1_v11_source_scan/src1/STEP SYNC CORE/RUMAHAGEN_STEP04_M01-M15_CORE_SYNCHRONIZATION_MATRIX_FULL_v1.2_CORRECTED_FULL_REBUILD.zip,src1/__nested__/0004/02_STEP04_M01-M15_CORE_SYNCHRONIZATION_MATRIX_FULL_v1.2.csv,1,312083
/mnt/data/p1_v11_source_scan/src1/STEP SYNC CORE/RUMAHAGEN_STEP04_M01-M15_CORE_SYNCHRONIZATION_MATRIX_FULL_v1.2_CORRECTED_FULL_REBUILD.zip,src1/__nested__/0004/03_FINDING_TO_STEP03_DETERMINISTIC_LINKAGE_REGISTER_v1.2.csv,1,235759
/mnt/data/p1_v11_source_scan/src1/STEP SYNC CORE/RUMAHAGEN_STEP04_M01-M15_CORE_SYNCHRONIZATION_MATRIX_FULL_v1.2_CORRECTED_FULL_REBUILD.zip,src1/__nested__/0004/04_STEP04_M01-M15_RELATIONSHIP_EVIDENCE_COVERAGE_FULL_v1.2.csv,1,1121090
/mnt/data/p1_v11_source_scan/src1/STEP SYNC CORE/RUMAHAGEN_STEP04_M01-M15_CORE_SYNCHRONIZATION_MATRIX_FULL_v1.2_CORRECTED_FULL_REBUILD.zip,src1/__nested__/0004/05_STEP04_MODULE_SYNCHRONIZATION_SUMMARY_v1.2.csv,1,499
/mnt/data/p1_v11_source_scan/src1/STEP SYNC CORE/RUMAHAGEN_STEP04_M01-M15_CORE_SYNCHRONIZATION_MATRIX_FULL_v1.2_CORRECTED_FULL_REBUILD.zip,src1/__nested__/0004/06_STEP04_CORE_ARTIFACT_SYNCHRONIZATION_SUMMARY_v1.2.csv,1,5212
/mnt/data/p1_v11_source_scan/src1/STEP SYNC CORE/RUMAHAGEN_STEP04_M01-M15_CORE_SYNCHRONIZATION_MATRIX_FULL_v1.2_CORRECTED_FULL_REBUILD.zip,src1/__nested__/0004/07_STEP04_PRESERVE_AUGMENT_ADDNEW_REGISTER_v1.2.csv,1,251166
/mnt/data/p1_v11_source_scan/src1/STEP SYNC CORE/RUMAHAGEN_STEP04_M01-M15_CORE_SYNCHRONIZATION_MATRIX_FULL_v1.2_CORRECTED_FULL_REBUILD.zip,src1/__nested__/0004/08_STEP04_RECONCILE_REGISTER_v1.2.csv,1,10929
/mnt/data/p1_v11_source_scan/src1/STEP SYNC CORE/RUMAHAGEN_STEP04_M01-M15_CORE_SYNCHRONIZATION_MATRIX_FULL_v1.2_CORRECTED_FULL_REBUILD.zip,src1/__nested__/0004/09_STEP04_CONTROLLED_NO_PROPAGATION_SUPERSEDED_REGISTER_v1.2.csv,1,51086
/mnt/data/p1_v11_source_scan/src1/STEP SYNC CORE/RUMAHAGEN_STEP04_M01-M15_CORE_SYNCHRONIZATION_MATRIX_FULL_v1.2_CORRECTED_FULL_REBUILD.zip,src1/__nested__/0004/10_STEP04_DEPENDENCY_HANDOFF_REGISTER_v1.2.csv,1,58304
/mnt/data/p1_v11_source_scan/src1/STEP SYNC CORE/RUMAHAGEN_STEP04_M01-M15_CORE_SYNCHRONIZATION_MATRIX_FULL_v1.2_CORRECTED_FULL_REBUILD.zip,src1/__nested__/0004/11_STEP04_AUTHORITY_PROVENANCE_REGISTER_v1.2.csv,1,151397
/mnt/data/p1_v11_source_scan/src1/STEP SYNC CORE/RUMAHAGEN_STEP04_M01-M15_CORE_SYNCHRONIZATION_MATRIX_FULL_v1.2_CORRECTED_FULL_REBUILD.zip,src1/__nested__/0004/12_STEP04_CHECKLIST_VERIFICATION_v1.2.csv,1,1398
/mnt/data/p1_v11_source_scan/src1/STEP SYNC CORE/RUMAHAGEN_STEP04_M01-M15_CORE_SYNCHRONIZATION_MATRIX_FULL_v1.2_CORRECTED_FULL_REBUILD.zip,src1/__nested__/0004/README_STEP04_FULL_VERSION_v1.2.md,1,674
/mnt/data/STEP SYNC CORE(20260907-081753).zip,src1/STEP SYNC CORE/RUMAHAGEN_STEP05_SEMANTIC_CONFLICT_RESOLUTION_FINAL_FULL_v1.1.zip,0,34112
/mnt/data/p1_v11_source_scan/src1/STEP SYNC CORE/RUMAHAGEN_STEP05_SEMANTIC_CONFLICT_RESOLUTION_FINAL_FULL_v1.1.zip,src1/__nested__/0005/05_STEP05_FINAL_INPUT_COVERAGE_AND_INTEGRITY_AUDIT_v1.1.csv,1,1403
/mnt/data/p1_v11_source_scan/src1/STEP SYNC CORE/RUMAHAGEN_STEP05_SEMANTIC_CONFLICT_RESOLUTION_FINAL_FULL_v1.1.zip,src1/__nested__/0005/01_STEP05_FINAL_DECISION_RATIONALE_REGISTER_v1.1.csv,1,7495
/mnt/data/p1_v11_source_scan/src1/STEP SYNC CORE/RUMAHAGEN_STEP05_SEMANTIC_CONFLICT_RESOLUTION_FINAL_FULL_v1.1.zip,src1/__nested__/0005/03_STEP05_FINAL_GLOBAL_223_FINDING_IMPACT_SCAN_v1.1.csv,1,69265
/mnt/data/p1_v11_source_scan/src1/STEP SYNC CORE/RUMAHAGEN_STEP05_SEMANTIC_CONFLICT_RESOLUTION_FINAL_FULL_v1.1.zip,src1/__nested__/0005/02_STEP05_FINAL_ARTIFACT_LEVEL_RECONCILIATION_MATRIX_v1.1.csv,1,6681
/mnt/data/p1_v11_source_scan/src1/STEP SYNC CORE/RUMAHAGEN_STEP05_SEMANTIC_CONFLICT_RESOLUTION_FINAL_FULL_v1.1.zip,src1/__nested__/0005/04_STEP05_FINAL_AUTHORITY_NON_OVERTURN_AUDIT_v1.1.csv,1,1380
/mnt/data/p1_v11_source_scan/src1/STEP SYNC CORE/RUMAHAGEN_STEP05_SEMANTIC_CONFLICT_RESOLUTION_FINAL_FULL_v1.1.zip,src1/__nested__/0005/06_STEP05_FINAL_GLOBAL_CONFLICT_CLOSURE_SUMMARY_v1.1.md,1,788
/mnt/data/p1_v11_source_scan/src1/STEP SYNC CORE/RUMAHAGEN_STEP05_SEMANTIC_CONFLICT_RESOLUTION_FINAL_FULL_v1.1.zip,src1/__nested__/0005/07_STEP05_FINAL_EXECUTION_CHECKLIST_v1.1.md,1,867
/mnt/data/p1_v11_source_scan/src1/STEP SYNC CORE/RUMAHAGEN_STEP05_SEMANTIC_CONFLICT_RESOLUTION_FINAL_FULL_v1.1.zip,src1/__nested__/0005/README_STEP05_FINAL_FULL_VERSION_v1.1.md,1,329
/mnt/data/p1_v11_source_scan/src1/STEP SYNC CORE/RUMAHAGEN_STEP05_SEMANTIC_CONFLICT_RESOLUTION_FINAL_FULL_v1.1.zip,src1/__nested__/0005/00_STEP05_FINAL_OUTPUT_MANIFEST_SHA256_v1.1.csv,1,2507
/mnt/data/p1_v11_source_scan/src1/STEP SYNC CORE/RUMAHAGEN_STEP05_SEMANTIC_CONFLICT_RESOLUTION_FINAL_FULL_v1.1.zip,src1/__nested__/0005/STEP05_FINAL_FULL_REPORT_v1.1.md,1,17572
/mnt/data/p1_v11_source_scan/src1/STEP SYNC CORE/RUMAHAGEN_STEP05_SEMANTIC_CONFLICT_RESOLUTION_FINAL_FULL_v1.1.zip,src1/__nested__/0005/00_PREVIOUS_STEP05_v1.0/05_STEP05_INPUT_INTEGRITY_DEEP_SCAN_FULL_v1.0.csv,1,1153
/mnt/data/p1_v11_source_scan/src1/STEP SYNC CORE/RUMAHAGEN_STEP05_SEMANTIC_CONFLICT_RESOLUTION_FINAL_FULL_v1.1.zip,src1/__nested__/0005/00_PREVIOUS_STEP05_v1.0/02_STEP05_CORE_EVIDENCE_ANCHOR_REGISTER_FULL_v1.0.csv,1,1946
/mnt/data/p1_v11_source_scan/src1/STEP SYNC CORE/RUMAHAGEN_STEP05_SEMANTIC_CONFLICT_RESOLUTION_FINAL_FULL_v1.1.zip,src1/__nested__/0005/00_PREVIOUS_STEP05_v1.0/01_STEP05_CONFLICT_RESOLUTION_REGISTER_FULL_v1.0.csv,1,6373
/mnt/data/p1_v11_source_scan/src1/STEP SYNC CORE/RUMAHAGEN_STEP05_SEMANTIC_CONFLICT_RESOLUTION_FINAL_FULL_v1.1.zip,src1/__nested__/0005/00_PREVIOUS_STEP05_v1.0/MANIFEST_STEP05_FULL_v1.0.csv,1,1089
/mnt/data/p1_v11_source_scan/src1/STEP SYNC CORE/RUMAHAGEN_STEP05_SEMANTIC_CONFLICT_RESOLUTION_FINAL_FULL_v1.1.zip,src1/__nested__/0005/00_PREVIOUS_STEP05_v1.0/07_STEP05_EXECUTION_CHECKLIST_FULL_v1.0.md,1,714
/mnt/data/p1_v11_source_scan/src1/STEP SYNC CORE/RUMAHAGEN_STEP05_SEMANTIC_CONFLICT_RESOLUTION_FINAL_FULL_v1.1.zip,src1/__nested__/0005/00_PREVIOUS_STEP05_v1.0/README_STEP05_FULL_VERSION_v1.0.md,1,482
/mnt/data/p1_v11_source_scan/src1/STEP SYNC CORE/RUMAHAGEN_STEP05_SEMANTIC_CONFLICT_RESOLUTION_FINAL_FULL_v1.1.zip,src1/__nested__/0005/00_PREVIOUS_STEP05_v1.0/STEP05_FULL_REPORT_v1.0.md,1,15243
/mnt/data/p1_v11_source_scan/src1/STEP SYNC CORE/RUMAHAGEN_STEP05_SEMANTIC_CONFLICT_RESOLUTION_FINAL_FULL_v1.1.zip,src1/__nested__/0005/00_PREVIOUS_STEP05_v1.0/06_STEP05_POST_RESOLUTION_CONFLICT_RESCAN_FULL_v1.0.csv,1,851
/mnt/data/p1_v11_source_scan/src1/STEP SYNC CORE/RUMAHAGEN_STEP05_SEMANTIC_CONFLICT_RESOLUTION_FINAL_FULL_v1.1.zip,src1/__nested__/0005/00_PREVIOUS_STEP05_v1.0/04_STEP05_PROVENANCE_AND_DECISION_CHAIN_FULL_v1.0.csv,1,1902
/mnt/data/p1_v11_source_scan/src1/STEP SYNC CORE/RUMAHAGEN_STEP05_SEMANTIC_CONFLICT_RESOLUTION_FINAL_FULL_v1.1.zip,src1/__nested__/0005/00_PREVIOUS_STEP05_v1.0/03_STEP05_CORE_DETAIL_PRESERVATION_MATRIX_FULL_v1.0.csv,1,1138
/mnt/data/STEP SYNC CORE(20260907-081753).zip,src1/STEP SYNC CORE/RUMAHAGEN_STEP06_ADDitive_SEMANTIC_MERGE_FULL_v1.1.zip,0,361303
/mnt/data/p1_v11_source_scan/src1/STEP SYNC CORE/RUMAHAGEN_STEP06_ADDitive_SEMANTIC_MERGE_FULL_v1.1.zip,src1/__nested__/0006/00_M01-M15_CURRENT_AUTHORITY_DEEP_SCAN_MANIFEST_v1.1.csv,1,7167
/mnt/data/p1_v11_source_scan/src1/STEP SYNC CORE/RUMAHAGEN_STEP06_ADDitive_SEMANTIC_MERGE_FULL_v1.1.zip,src1/__nested__/0006/00_STEP06_FULL_REPORT_v1.1.md,1,6680
/mnt/data/p1_v11_source_scan/src1/STEP SYNC CORE/RUMAHAGEN_STEP06_ADDitive_SEMANTIC_MERGE_FULL_v1.1.zip,src1/__nested__/0006/01_STEP06_INPUT_DEEP_SCAN_MANIFEST_v1.1.csv,1,1091
/mnt/data/p1_v11_source_scan/src1/STEP SYNC CORE/RUMAHAGEN_STEP06_ADDitive_SEMANTIC_MERGE_FULL_v1.1.zip,src1/__nested__/0006/02_M01-M15_RECON_RECURSIVE_DEEP_SCAN_INVENTORY_v1.1.csv,1,596606
/mnt/data/p1_v11_source_scan/src1/STEP SYNC CORE/RUMAHAGEN_STEP06_ADDitive_SEMANTIC_MERGE_FULL_v1.1.zip,src1/__nested__/0006/03_STEP06_CORE_DETAIL_PRESERVATION_AUDIT_RECURSIVE_76_v1.1.csv,1,28492
/mnt/data/p1_v11_source_scan/src1/STEP SYNC CORE/RUMAHAGEN_STEP06_ADDitive_SEMANTIC_MERGE_FULL_v1.1.zip,src1/__nested__/0006/04_STEP06_GRANULAR_SEMANTIC_DIFF_CORE_VS_M01-M15_FULL_223_v1.1.csv,1,534139
/mnt/data/p1_v11_source_scan/src1/STEP SYNC CORE/RUMAHAGEN_STEP06_ADDitive_SEMANTIC_MERGE_FULL_v1.1.zip,src1/__nested__/0006/05_STEP06_LIFECYCLE_PRESERVATION_MATRIX_23_TARGETS_v1.1.csv,1,61967
/mnt/data/p1_v11_source_scan/src1/STEP SYNC CORE/RUMAHAGEN_STEP06_ADDitive_SEMANTIC_MERGE_FULL_v1.1.zip,src1/__nested__/0006/06_STEP06_RULE_DELTA_UPDATE_AUDIT_FULL_73_v1.1.csv,1,24737
/mnt/data/p1_v11_source_scan/src1/STEP SYNC CORE/RUMAHAGEN_STEP06_ADDitive_SEMANTIC_MERGE_FULL_v1.1.zip,src1/__nested__/0006/07_STEP06_DUPLICATE_SEMANTIC_CONSOLIDATION_AUDIT_FULL_223_v1.1.csv,1,89339
/mnt/data/p1_v11_source_scan/src1/STEP SYNC CORE/RUMAHAGEN_STEP06_ADDitive_SEMANTIC_MERGE_FULL_v1.1.zip,src1/__nested__/0006/08_STEP06_ADDITIVE_SEMANTIC_MERGE_REGISTER_FULL_223_v1.1.csv,1,269163
/mnt/data/p1_v11_source_scan/src1/STEP SYNC CORE/RUMAHAGEN_STEP06_ADDitive_SEMANTIC_MERGE_FULL_v1.1.zip,src1/__nested__/0006/09_STEP06_RECONCILE_APPLICATION_REGISTER_ENHANCED_7_v1.1.csv,1,7088
/mnt/data/p1_v11_source_scan/src1/STEP SYNC CORE/RUMAHAGEN_STEP06_ADDitive_SEMANTIC_MERGE_FULL_v1.1.zip,src1/__nested__/0006/10_STEP06_NO_REPLACEMENT_DELETION_CONTENT_AUDIT_FULL_76_v1.1.csv,1,25777
/mnt/data/p1_v11_source_scan/src1/STEP SYNC CORE/RUMAHAGEN_STEP06_ADDitive_SEMANTIC_MERGE_FULL_v1.1.zip,src1/__nested__/0006/11_STEP06_AUTHORITY_PRESERVATION_AUDIT_v1.1.csv,1,5859
/mnt/data/p1_v11_source_scan/src1/STEP SYNC CORE/RUMAHAGEN_STEP06_ADDitive_SEMANTIC_MERGE_FULL_v1.1.zip,src1/__nested__/0006/12_STEP06_PROVENANCE_COMPLETENESS_REGISTER_FULL_223_v1.1.csv,1,209259
/mnt/data/p1_v11_source_scan/src1/STEP SYNC CORE/RUMAHAGEN_STEP06_ADDitive_SEMANTIC_MERGE_FULL_v1.1.zip,src1/__nested__/0006/13_STEP06_CLOSURE_AND_GATE_AUDIT_v1.1.csv,1,586
/mnt/data/p1_v11_source_scan/src1/STEP SYNC CORE/RUMAHAGEN_STEP06_ADDitive_SEMANTIC_MERGE_FULL_v1.1.zip,src1/__nested__/0006/14_STEP06_SEMANTIC_MERGE_CANDIDATE_FULL_v1.1.md,1,30312
/mnt/data/p1_v11_source_scan/src1/STEP SYNC CORE/RUMAHAGEN_STEP06_ADDitive_SEMANTIC_MERGE_FULL_v1.1.zip,src1/__nested__/0006/15_PRE00_GATE_RECURSIVE_INVENTORY_v1.1.csv,1,2468
/mnt/data/p1_v11_source_scan/src1/STEP SYNC CORE/RUMAHAGEN_STEP06_ADDitive_SEMANTIC_MERGE_FULL_v1.1.zip,src1/__nested__/0006/16_STEP_SYNC_CORE_RAR_EMBEDDED_PACKAGE_INVENTORY_v1.1.csv,1,1206
/mnt/data/p1_v11_source_scan/src1/STEP SYNC CORE/RUMAHAGEN_STEP06_ADDitive_SEMANTIC_MERGE_FULL_v1.1.zip,src1/__nested__/0006/17_STEP06_EXECUTION_CHECKLIST_FULL_v1.1.md,1,2168
/mnt/data/p1_v11_source_scan/src1/STEP SYNC CORE/RUMAHAGEN_STEP06_ADDitive_SEMANTIC_MERGE_FULL_v1.1.zip,src1/__nested__/0006/18_STEP06_DEPENDENCY_HANDOFF_v1.1.md,1,1424
/mnt/data/p1_v11_source_scan/src1/STEP SYNC CORE/RUMAHAGEN_STEP06_ADDitive_SEMANTIC_MERGE_FULL_v1.1.zip,src1/__nested__/0006/19_STEP06_OUTPUT_MANIFEST_SHA256_v1.1.csv,1,2805
/mnt/data/p1_v11_source_scan/src1/STEP SYNC CORE/RUMAHAGEN_STEP06_ADDitive_SEMANTIC_MERGE_FULL_v1.1.zip,src1/__nested__/0006/HISTORICAL_STEP06_v1.0.zip,1,54130
/mnt/data/p1_v11_source_scan/src1/__nested__/0006/HISTORICAL_STEP06_v1.0.zip,src1/__nested__/0006/__nested__/0007/RUMAHAGEN_STEP06_ADDitive_SEMANTIC_MERGE_FULL_v1.0/11_STEP06_EXECUTION_CHECKLIST_v1.0.md,2,1203
/mnt/data/p1_v11_source_scan/src1/__nested__/0006/HISTORICAL_STEP06_v1.0.zip,src1/__nested__/0006/__nested__/0007/RUMAHAGEN_STEP06_ADDitive_SEMANTIC_MERGE_FULL_v1.0/10_STEP06_DEPENDENCY_HANDOFF_v1.0.md,2,940
/mnt/data/p1_v11_source_scan/src1/__nested__/0006/HISTORICAL_STEP06_v1.0.zip,src1/__nested__/0006/__nested__/0007/RUMAHAGEN_STEP06_ADDitive_SEMANTIC_MERGE_FULL_v1.0/02_STEP06_ADDITIVE_SEMANTIC_MERGE_REGISTER_FULL_v1.0.csv,2,207816
/mnt/data/p1_v11_source_scan/src1/__nested__/0006/HISTORICAL_STEP06_v1.0.zip,src1/__nested__/0006/__nested__/0007/RUMAHAGEN_STEP06_ADDitive_SEMANTIC_MERGE_FULL_v1.0/07_STEP06_NO_REPLACEMENT_DELETION_AUDIT_FULL_v1.0.csv,2,12993
/mnt/data/p1_v11_source_scan/src1/__nested__/0006/HISTORICAL_STEP06_v1.0.zip,src1/__nested__/0006/__nested__/0007/RUMAHAGEN_STEP06_ADDitive_SEMANTIC_MERGE_FULL_v1.0/06_STEP06_AUTHORITY_PRESERVATION_AUDIT_v1.0.csv,2,5405
/mnt/data/p1_v11_source_scan/src1/__nested__/0006/HISTORICAL_STEP06_v1.0.zip,src1/__nested__/0006/__nested__/0007/RUMAHAGEN_STEP06_ADDitive_SEMANTIC_MERGE_FULL_v1.0/12_STEP06_OUTPUT_MANIFEST_SHA256_v1.0.csv,2,1552
/mnt/data/p1_v11_source_scan/src1/__nested__/0006/HISTORICAL_STEP06_v1.0.zip,src1/__nested__/0006/__nested__/0007/RUMAHAGEN_STEP06_ADDitive_SEMANTIC_MERGE_FULL_v1.0/04_STEP06_RECON_DELTA_PROPAGATION_REGISTER_FULL_v1.0.csv,2,51088
/mnt/data/p1_v11_source_scan/src1/__nested__/0006/HISTORICAL_STEP06_v1.0.zip,src1/__nested__/0006/__nested__/0007/RUMAHAGEN_STEP06_ADDitive_SEMANTIC_MERGE_FULL_v1.0/01_STEP06_INPUT_DEEP_SCAN_MANIFEST_v1.0.csv,2,1828
/mnt/data/p1_v11_source_scan/src1/__nested__/0006/HISTORICAL_STEP06_v1.0.zip,src1/__nested__/0006/__nested__/0007/RUMAHAGEN_STEP06_ADDitive_SEMANTIC_MERGE_FULL_v1.0/README_STEP06_FULL_VERSION_v1.0.md,2,1421
/mnt/data/p1_v11_source_scan/src1/__nested__/0006/HISTORICAL_STEP06_v1.0.zip,src1/__nested__/0006/__nested__/0007/RUMAHAGEN_STEP06_ADDitive_SEMANTIC_MERGE_FULL_v1.0/08_STEP06_PROVENANCE_REGISTER_FULL_v1.0.csv,2,175197
/mnt/data/p1_v11_source_scan/src1/__nested__/0006/HISTORICAL_STEP06_v1.0.zip,src1/__nested__/0006/__nested__/0007/RUMAHAGEN_STEP06_ADDitive_SEMANTIC_MERGE_FULL_v1.0/03_STEP06_CORE_DETAIL_PRESERVATION_MATRIX_FULL_v1.0.csv,2,38383
/mnt/data/p1_v11_source_scan/src1/__nested__/0006/HISTORICAL_STEP06_v1.0.zip,src1/__nested__/0006/__nested__/0007/RUMAHAGEN_STEP06_ADDitive_SEMANTIC_MERGE_FULL_v1.0/05_STEP06_RECONCILE_APPLICATION_REGISTER_FULL_v1.0.csv,2,5924
/mnt/data/p1_v11_source_scan/src1/__nested__/0006/HISTORICAL_STEP06_v1.0.zip,src1/__nested__/0006/__nested__/0007/RUMAHAGEN_STEP06_ADDitive_SEMANTIC_MERGE_FULL_v1.0/00_STEP06_FULL_REPORT_v1.0.md,2,3845
/mnt/data/p1_v11_source_scan/src1/__nested__/0006/HISTORICAL_STEP06_v1.0.zip,src1/__nested__/0006/__nested__/0007/RUMAHAGEN_STEP06_ADDitive_SEMANTIC_MERGE_FULL_v1.0/09_STEP06_SEMANTIC_MERGE_CANDIDATE_v1.0.md,2,34804
/mnt/data/p1_v11_source_scan/src1/STEP SYNC CORE/RUMAHAGEN_STEP06_ADDitive_SEMANTIC_MERGE_FULL_v1.1.zip,src1/__nested__/0006/INPUT_GOVERNANCE_v1.3_LOCKED.docx,1,52353
/mnt/data/p1_v11_source_scan/src1/STEP SYNC CORE/RUMAHAGEN_STEP06_ADDitive_SEMANTIC_MERGE_FULL_v1.1.zip,src1/__nested__/0006/README_STEP06_FULL_VERSION_v1.1.md,1,876
/mnt/data/STEP SYNC CORE(20260907-081753).zip,src1/STEP SYNC CORE/RUMAHAGEN_STEP07-A_DOCUMENT_COVERAGE_AND_DEPENDENCY_SYNCHRONIZATION_MATRIX_FULL_v1.1.zip,0,236899
/mnt/data/p1_v11_source_scan/src1/STEP SYNC CORE/RUMAHAGEN_STEP07-A_DOCUMENT_COVERAGE_AND_DEPENDENCY_SYNCHRONIZATION_MATRIX_FULL_v1.1.zip,src1/__nested__/0008/00_STEP07-A_FULL_REPORT_v1.1.md,1,4884
/mnt/data/p1_v11_source_scan/src1/STEP SYNC CORE/RUMAHAGEN_STEP07-A_DOCUMENT_COVERAGE_AND_DEPENDENCY_SYNCHRONIZATION_MATRIX_FULL_v1.1.zip,src1/__nested__/0008/01_STEP07-A_DOCUMENT_COVERAGE_SYNCHRONIZATION_MATRIX_277_v1.1.csv,1,847296
/mnt/data/p1_v11_source_scan/src1/STEP SYNC CORE/RUMAHAGEN_STEP07-A_DOCUMENT_COVERAGE_AND_DEPENDENCY_SYNCHRONIZATION_MATRIX_FULL_v1.1.zip,src1/__nested__/0008/02_STEP07-A_ORDER_AND_DEPENDENCY_CONTROL_REGISTER_v1.1.csv,1,886
/mnt/data/p1_v11_source_scan/src1/STEP SYNC CORE/RUMAHAGEN_STEP07-A_DOCUMENT_COVERAGE_AND_DEPENDENCY_SYNCHRONIZATION_MATRIX_FULL_v1.1.zip,src1/__nested__/0008/06_STEP07-A_OUTPUT_MANIFEST_SHA256_v1.1.csv,1,2205
/mnt/data/p1_v11_source_scan/src1/STEP SYNC CORE/RUMAHAGEN_STEP07-A_DOCUMENT_COVERAGE_AND_DEPENDENCY_SYNCHRONIZATION_MATRIX_FULL_v1.1.zip,src1/__nested__/0008/03_STEP07-A_SYNCHRONIZATION_SEQUENCE_SUMMARY_v1.1.csv,1,183
/mnt/data/p1_v11_source_scan/src1/STEP SYNC CORE/RUMAHAGEN_STEP07-A_DOCUMENT_COVERAGE_AND_DEPENDENCY_SYNCHRONIZATION_MATRIX_FULL_v1.1.zip,src1/__nested__/0008/05_STEP07-A_FINAL_GATE_CHECKLIST_v1.1.csv,1,814
/mnt/data/p1_v11_source_scan/src1/STEP SYNC CORE/RUMAHAGEN_STEP07-A_DOCUMENT_COVERAGE_AND_DEPENDENCY_SYNCHRONIZATION_MATRIX_FULL_v1.1.zip,src1/__nested__/0008/README_STEP07-A_FULL_VERSION_v1.1.md,1,246
/mnt/data/p1_v11_source_scan/src1/STEP SYNC CORE/RUMAHAGEN_STEP07-A_DOCUMENT_COVERAGE_AND_DEPENDENCY_SYNCHRONIZATION_MATRIX_FULL_v1.1.zip,src1/__nested__/0008/04_STEP07-A_STAGE_DEPENDENCY_GRAPH_v1.1.csv,1,688
/mnt/data/p1_v11_source_scan/src1/STEP SYNC CORE/RUMAHAGEN_STEP07-A_DOCUMENT_COVERAGE_AND_DEPENDENCY_SYNCHRONIZATION_MATRIX_FULL_v1.1.zip,src1/__nested__/0008/00_PREVIOUS_STEP07-A_v1.0/05_STEP07-A_CORE_TARGET_SECTION_REGISTER.csv,1,11311
/mnt/data/p1_v11_source_scan/src1/STEP SYNC CORE/RUMAHAGEN_STEP07-A_DOCUMENT_COVERAGE_AND_DEPENDENCY_SYNCHRONIZATION_MATRIX_FULL_v1.1.zip,src1/__nested__/0008/00_PREVIOUS_STEP07-A_v1.0/02_STEP07-A_ACTION_SUMMARY.csv,1,228
/mnt/data/p1_v11_source_scan/src1/STEP SYNC CORE/RUMAHAGEN_STEP07-A_DOCUMENT_COVERAGE_AND_DEPENDENCY_SYNCHRONIZATION_MATRIX_FULL_v1.1.zip,src1/__nested__/0008/00_PREVIOUS_STEP07-A_v1.0/01_STEP07-A_DOCUMENT_COVERAGE_SYNCHRONIZATION_MATRIX_277.csv,1,621069
/mnt/data/p1_v11_source_scan/src1/STEP SYNC CORE/RUMAHAGEN_STEP07-A_DOCUMENT_COVERAGE_AND_DEPENDENCY_SYNCHRONIZATION_MATRIX_FULL_v1.1.zip,src1/__nested__/0008/00_PREVIOUS_STEP07-A_v1.0/README_STEP07-A_FULL_VERSION_v1.0.md,1,223
/mnt/data/p1_v11_source_scan/src1/STEP SYNC CORE/RUMAHAGEN_STEP07-A_DOCUMENT_COVERAGE_AND_DEPENDENCY_SYNCHRONIZATION_MATRIX_FULL_v1.1.zip,src1/__nested__/0008/00_PREVIOUS_STEP07-A_v1.0/00_INPUT_STEP07_v1.1.zip,1,194931
/mnt/data/p1_v11_source_scan/src1/__nested__/0008/00_PREVIOUS_STEP07-A_v1.0/00_INPUT_STEP07_v1.1.zip,src1/__nested__/0008/__nested__/0009/00_PREVIOUS_STEP07_v1.0/00_STEP07_FULL_REPORT_v1.0.md,2,10364
/mnt/data/p1_v11_source_scan/src1/__nested__/0008/00_PREVIOUS_STEP07-A_v1.0/00_INPUT_STEP07_v1.1.zip,src1/__nested__/0008/__nested__/0009/00_PREVIOUS_STEP07_v1.0/01_STEP07_INPUT_DEEP_SCAN_MANIFEST_v1.0.csv,2,1360
/mnt/data/p1_v11_source_scan/src1/__nested__/0008/00_PREVIOUS_STEP07-A_v1.0/00_INPUT_STEP07_v1.1.zip,src1/__nested__/0008/__nested__/0009/00_PREVIOUS_STEP07_v1.0/02_STEP07_UPSTREAM_PACKAGE_IDENTITY_v1.0.csv,2,852
/mnt/data/p1_v11_source_scan/src1/__nested__/0008/00_PREVIOUS_STEP07-A_v1.0/00_INPUT_STEP07_v1.1.zip,src1/__nested__/0008/__nested__/0009/00_PREVIOUS_STEP07_v1.0/03_STEP07_STEP_SYNC_CORE_CURRENT_EMBEDDED_INVENTORY_v1.0.csv,2,1054
/mnt/data/p1_v11_source_scan/src1/__nested__/0008/00_PREVIOUS_STEP07-A_v1.0/00_INPUT_STEP07_v1.1.zip,src1/__nested__/0008/__nested__/0009/00_PREVIOUS_STEP07_v1.0/04_STEP07_CORE_BASELINE_IDENTITY_COMPARE_v1.0.csv,2,483
/mnt/data/p1_v11_source_scan/src1/__nested__/0008/00_PREVIOUS_STEP07-A_v1.0/00_INPUT_STEP07_v1.1.zip,src1/__nested__/0008/__nested__/0009/00_PREVIOUS_STEP07_v1.0/05_STEP07_CURRENT_M01-M15_AUTHORITY_REGISTER_15_v1.0.csv,2,4086
/mnt/data/p1_v11_source_scan/src1/__nested__/0008/00_PREVIOUS_STEP07-A_v1.0/00_INPUT_STEP07_v1.1.zip,src1/__nested__/0008/__nested__/0009/00_PREVIOUS_STEP07_v1.0/06_STEP07_DEPENDENCY_MATRIX_73_NON_AUTHORITY_EDGES_v1.0.csv,2,19144
/mnt/data/p1_v11_source_scan/src1/__nested__/0008/00_PREVIOUS_STEP07-A_v1.0/00_INPUT_STEP07_v1.1.zip,src1/__nested__/0008/__nested__/0009/00_PREVIOUS_STEP07_v1.0/07_STEP07_SEMANTIC_AUTHORITY_BOUNDARY_MATRIX_15_MODULES_v1.0.csv,2,2253
/mnt/data/p1_v11_source_scan/src1/__nested__/0008/00_PREVIOUS_STEP07-A_v1.0/00_INPUT_STEP07_v1.1.zip,src1/__nested__/0008/__nested__/0009/00_PREVIOUS_STEP07_v1.0/08_STEP07_CROSS_MODULE_AUTHORITY_RELATIONSHIP_REGISTER_43_v1.0.csv,2,4928
/mnt/data/p1_v11_source_scan/src1/__nested__/0008/00_PREVIOUS_STEP07-A_v1.0/00_INPUT_STEP07_v1.1.zip,src1/__nested__/0008/__nested__/0009/00_PREVIOUS_STEP07_v1.0/09_STEP07_FINDING_LEVEL_AUTHORITY_RECONCILIATION_223_v1.0.csv,2,88978
/mnt/data/p1_v11_source_scan/src1/__nested__/0008/00_PREVIOUS_STEP07-A_v1.0/00_INPUT_STEP07_v1.1.zip,src1/__nested__/0008/__nested__/0009/00_PREVIOUS_STEP07_v1.0/10_STEP07_CROSS_MODULE_COLLISION_AND_BOUNDARY_REGISTER_15_v1.0.csv,2,3314
/mnt/data/p1_v11_source_scan/src1/__nested__/0008/00_PREVIOUS_STEP07-A_v1.0/00_INPUT_STEP07_v1.1.zip,src1/__nested__/0008/__nested__/0009/00_PREVIOUS_STEP07_v1.0/11_STEP07_CORE_AUTHORITY_RECONCILIATION_76_v1.0.csv,2,52088
/mnt/data/p1_v11_source_scan/src1/__nested__/0008/00_PREVIOUS_STEP07-A_v1.0/00_INPUT_STEP07_v1.1.zip,src1/__nested__/0008/__nested__/0009/00_PREVIOUS_STEP07_v1.0/12_STEP07_SEMANTIC_AUTHORITY_CYCLE_AUDIT_v1.0.csv,2,626
/mnt/data/p1_v11_source_scan/src1/__nested__/0008/00_PREVIOUS_STEP07-A_v1.0/00_INPUT_STEP07_v1.1.zip,src1/__nested__/0008/__nested__/0009/00_PREVIOUS_STEP07_v1.0/13_STEP07_AUTHORITY_PRESERVATION_AND_NO_TAKEOVER_AUDIT_15_v1.0.csv,2,2381
/mnt/data/p1_v11_source_scan/src1/__nested__/0008/00_PREVIOUS_STEP07-A_v1.0/00_INPUT_STEP07_v1.1.zip,src1/__nested__/0008/__nested__/0009/00_PREVIOUS_STEP07_v1.0/14_STEP07_PROVENANCE_REGISTER_223_v1.0.csv,2,129107
/mnt/data/p1_v11_source_scan/src1/__nested__/0008/00_PREVIOUS_STEP07-A_v1.0/00_INPUT_STEP07_v1.1.zip,src1/__nested__/0008/__nested__/0009/00_PREVIOUS_STEP07_v1.0/15_STEP07_DEEP_SCAN_COVERAGE_SUMMARY_v1.0.csv,2,84
/mnt/data/p1_v11_source_scan/src1/__nested__/0008/00_PREVIOUS_STEP07-A_v1.0/00_INPUT_STEP07_v1.1.zip,src1/__nested__/0008/__nested__/0009/00_PREVIOUS_STEP07_v1.0/16_STEP07_FINAL_GATE_CHECKLIST_v1.0.csv,2,1649
/mnt/data/p1_v11_source_scan/src1/__nested__/0008/00_PREVIOUS_STEP07-A_v1.0/00_INPUT_STEP07_v1.1.zip,src1/__nested__/0008/__nested__/0009/00_PREVIOUS_STEP07_v1.0/17_STEP07_AUTHORITY_GRAPH_v1.0.json,2,11630
/mnt/data/p1_v11_source_scan/src1/__nested__/0008/00_PREVIOUS_STEP07-A_v1.0/00_INPUT_STEP07_v1.1.zip,src1/__nested__/0008/__nested__/0009/00_PREVIOUS_STEP07_v1.0/18_STEP07_OUTPUT_MANIFEST_SHA256_v1.0.csv,2,2332
/mnt/data/p1_v11_source_scan/src1/__nested__/0008/00_PREVIOUS_STEP07-A_v1.0/00_INPUT_STEP07_v1.1.zip,src1/__nested__/0008/__nested__/0009/00_PREVIOUS_STEP07_v1.0/README_STEP07_FULL_VERSION_v1.0.md,2,1240
/mnt/data/p1_v11_source_scan/src1/__nested__/0008/00_PREVIOUS_STEP07-A_v1.0/00_INPUT_STEP07_v1.1.zip,src1/__nested__/0008/__nested__/0009/00_STEP07_FULL_REPORT_v1.1.md,2,5648
/mnt/data/p1_v11_source_scan/src1/__nested__/0008/00_PREVIOUS_STEP07-A_v1.0/00_INPUT_STEP07_v1.1.zip,src1/__nested__/0008/__nested__/0009/01_STEP07_v1.1_INPUT_IDENTITY_SHA256.csv,2,772
/mnt/data/p1_v11_source_scan/src1/__nested__/0008/00_PREVIOUS_STEP07-A_v1.0/00_INPUT_STEP07_v1.1.zip,src1/__nested__/0008/__nested__/0009/02_STEP07_v1.1_STEP_SYNC_CORE_RAR_MEMBER_INVENTORY.csv,2,512
/mnt/data/p1_v11_source_scan/src1/__nested__/0008/00_PREVIOUS_STEP07-A_v1.0/00_INPUT_STEP07_v1.1.zip,src1/__nested__/0008/__nested__/0009/03_STEP07_v1.1_RECURSIVE_SOURCE_ARTIFACT_INVENTORY_2374.csv,2,736030
/mnt/data/p1_v11_source_scan/src1/__nested__/0008/00_PREVIOUS_STEP07-A_v1.0/00_INPUT_STEP07_v1.1.zip,src1/__nested__/0008/__nested__/0009/04_STEP07_v1.1_PRE00_COMPLETE_ARTIFACT_COVERAGE_18.csv,2,4527
/mnt/data/p1_v11_source_scan/src1/__nested__/0008/00_PREVIOUS_STEP07-A_v1.0/00_INPUT_STEP07_v1.1.zip,src1/__nested__/0008/__nested__/0009/05_STEP07_v1.1_CORE_V1.3_FROZEN_ARTIFACT_COVERAGE_76.csv,2,21321
/mnt/data/p1_v11_source_scan/src1/__nested__/0008/00_PREVIOUS_STEP07-A_v1.0/00_INPUT_STEP07_v1.1.zip,src1/__nested__/0008/__nested__/0009/06_STEP07_v1.1_M01-M15_AUTHORITY_REGISTER_15_PRESERVED.csv,2,4086
/mnt/data/p1_v11_source_scan/src1/__nested__/0008/00_PREVIOUS_STEP07-A_v1.0/00_INPUT_STEP07_v1.1.zip,src1/__nested__/0008/__nested__/0009/07_STEP07_v1.1_FINDING_AUTHORITY_RECONCILIATION_223_PRESERVED.csv,2,88978
/mnt/data/p1_v11_source_scan/src1/__nested__/0008/00_PREVIOUS_STEP07-A_v1.0/00_INPUT_STEP07_v1.1.zip,src1/__nested__/0008/__nested__/0009/08_STEP07_v1.1_COMPLETE_INTEGRATION_COVERAGE_LEDGER_54.csv,2,8120
/mnt/data/p1_v11_source_scan/src1/__nested__/0008/00_PREVIOUS_STEP07-A_v1.0/00_INPUT_STEP07_v1.1.zip,src1/__nested__/0008/__nested__/0009/09_STEP07_v1.1_ORPHAN_CONTROL_REGISTER.csv,2,9714
/mnt/data/p1_v11_source_scan/src1/__nested__/0008/00_PREVIOUS_STEP07-A_v1.0/00_INPUT_STEP07_v1.1.zip,src1/__nested__/0008/__nested__/0009/10_STEP07_v1.1_CROSS_MODULE_BOUNDARY_REGISTER_15_PRESERVED.csv,2,3314
/mnt/data/p1_v11_source_scan/src1/__nested__/0008/00_PREVIOUS_STEP07-A_v1.0/00_INPUT_STEP07_v1.1.zip,src1/__nested__/0008/__nested__/0009/11_STEP07_v1.1_CORE_AUTHORITY_RECONCILIATION_76_PRESERVED.csv,2,52088
/mnt/data/p1_v11_source_scan/src1/__nested__/0008/00_PREVIOUS_STEP07-A_v1.0/00_INPUT_STEP07_v1.1.zip,src1/__nested__/0008/__nested__/0009/12_STEP07_v1.1_AUTHORITY_RELATIONSHIP_REGISTER_PHYSICAL_COUNT_CORRECTED.csv,2,6404
/mnt/data/p1_v11_source_scan/src1/__nested__/0008/00_PREVIOUS_STEP07-A_v1.0/00_INPUT_STEP07_v1.1.zip,src1/__nested__/0008/__nested__/0009/13_STEP07_v1.1_CORRECTION_AND_HARDENING_REGISTER.csv,2,1188
/mnt/data/p1_v11_source_scan/src1/__nested__/0008/00_PREVIOUS_STEP07-A_v1.0/00_INPUT_STEP07_v1.1.zip,src1/__nested__/0008/__nested__/0009/14_STEP07_v1.1_DEEP_SCAN_COVERAGE_SUMMARY.csv,2,922
/mnt/data/p1_v11_source_scan/src1/__nested__/0008/00_PREVIOUS_STEP07-A_v1.0/00_INPUT_STEP07_v1.1.zip,src1/__nested__/0008/__nested__/0009/15_STEP07_v1.1_MODULE_COVERAGE_CONTROL_SUMMARY.csv,2,293
/mnt/data/p1_v11_source_scan/src1/__nested__/0008/00_PREVIOUS_STEP07-A_v1.0/00_INPUT_STEP07_v1.1.zip,src1/__nested__/0008/__nested__/0009/16_STEP07_v1.1_AUTHORITY_GRAPH_PRESERVED.json,2,11630
/mnt/data/p1_v11_source_scan/src1/__nested__/0008/00_PREVIOUS_STEP07-A_v1.0/00_INPUT_STEP07_v1.1.zip,src1/__nested__/0008/__nested__/0009/17_STEP07_v1.1_FINAL_GATE_CHECKLIST.csv,2,1374
/mnt/data/p1_v11_source_scan/src1/__nested__/0008/00_PREVIOUS_STEP07-A_v1.0/00_INPUT_STEP07_v1.1.zip,src1/__nested__/0008/__nested__/0009/18_STEP07_v1.1_OUTPUT_MANIFEST_SHA256.csv,2,5252
/mnt/data/p1_v11_source_scan/src1/__nested__/0008/00_PREVIOUS_STEP07-A_v1.0/00_INPUT_STEP07_v1.1.zip,src1/__nested__/0008/__nested__/0009/README_STEP07_FULL_VERSION_v1.1.md,2,666
/mnt/data/p1_v11_source_scan/src1/STEP SYNC CORE/RUMAHAGEN_STEP07-A_DOCUMENT_COVERAGE_AND_DEPENDENCY_SYNCHRONIZATION_MATRIX_FULL_v1.1.zip,src1/__nested__/0008/00_PREVIOUS_STEP07-A_v1.0/00_STEP07-A_FULL_REPORT_v1.0.md,1,2213
/mnt/data/p1_v11_source_scan/src1/STEP SYNC CORE/RUMAHAGEN_STEP07-A_DOCUMENT_COVERAGE_AND_DEPENDENCY_SYNCHRONIZATION_MATRIX_FULL_v1.1.zip,src1/__nested__/0008/00_PREVIOUS_STEP07-A_v1.0/04_STEP07-A_ORPHAN_TARGET_AUDIT.csv,1,259
/mnt/data/p1_v11_source_scan/src1/STEP SYNC CORE/RUMAHAGEN_STEP07-A_DOCUMENT_COVERAGE_AND_DEPENDENCY_SYNCHRONIZATION_MATRIX_FULL_v1.1.zip,src1/__nested__/0008/00_PREVIOUS_STEP07-A_v1.0/03_STEP07-A_MODULE_COVERAGE_SUMMARY.csv,1,1013
/mnt/data/p1_v11_source_scan/src1/STEP SYNC CORE/RUMAHAGEN_STEP07-A_DOCUMENT_COVERAGE_AND_DEPENDENCY_SYNCHRONIZATION_MATRIX_FULL_v1.1.zip,src1/__nested__/0008/00_PREVIOUS_STEP07-A_v1.0/06_STEP07-A_FINAL_GATE_CHECKLIST.csv,1,970
/mnt/data/p1_v11_source_scan/src1/STEP SYNC CORE/RUMAHAGEN_STEP07-A_DOCUMENT_COVERAGE_AND_DEPENDENCY_SYNCHRONIZATION_MATRIX_FULL_v1.1.zip,src1/__nested__/0008/00_PREVIOUS_STEP07-A_v1.0/07_STEP07-A_OUTPUT_MANIFEST_SHA256.csv,1,998
/mnt/data/STEP SYNC CORE(20260907-081753).zip,src1/STEP SYNC CORE/RUMAHAGEN_STEP07_CROSS_MODULE_AUTHORITY_AND_COMPLETE_INTEGRATION_COVERAGE_FULL_v1.1.zip,0,194931
/mnt/data/p1_v11_source_scan/src1/STEP SYNC CORE/RUMAHAGEN_STEP07_CROSS_MODULE_AUTHORITY_AND_COMPLETE_INTEGRATION_COVERAGE_FULL_v1.1.zip,src1/__nested__/0010/00_PREVIOUS_STEP07_v1.0/00_STEP07_FULL_REPORT_v1.0.md,1,10364
/mnt/data/p1_v11_source_scan/src1/STEP SYNC CORE/RUMAHAGEN_STEP07_CROSS_MODULE_AUTHORITY_AND_COMPLETE_INTEGRATION_COVERAGE_FULL_v1.1.zip,src1/__nested__/0010/00_PREVIOUS_STEP07_v1.0/01_STEP07_INPUT_DEEP_SCAN_MANIFEST_v1.0.csv,1,1360
/mnt/data/p1_v11_source_scan/src1/STEP SYNC CORE/RUMAHAGEN_STEP07_CROSS_MODULE_AUTHORITY_AND_COMPLETE_INTEGRATION_COVERAGE_FULL_v1.1.zip,src1/__nested__/0010/00_PREVIOUS_STEP07_v1.0/02_STEP07_UPSTREAM_PACKAGE_IDENTITY_v1.0.csv,1,852
/mnt/data/p1_v11_source_scan/src1/STEP SYNC CORE/RUMAHAGEN_STEP07_CROSS_MODULE_AUTHORITY_AND_COMPLETE_INTEGRATION_COVERAGE_FULL_v1.1.zip,src1/__nested__/0010/00_PREVIOUS_STEP07_v1.0/03_STEP07_STEP_SYNC_CORE_CURRENT_EMBEDDED_INVENTORY_v1.0.csv,1,1054
/mnt/data/p1_v11_source_scan/src1/STEP SYNC CORE/RUMAHAGEN_STEP07_CROSS_MODULE_AUTHORITY_AND_COMPLETE_INTEGRATION_COVERAGE_FULL_v1.1.zip,src1/__nested__/0010/00_PREVIOUS_STEP07_v1.0/04_STEP07_CORE_BASELINE_IDENTITY_COMPARE_v1.0.csv,1,483
/mnt/data/p1_v11_source_scan/src1/STEP SYNC CORE/RUMAHAGEN_STEP07_CROSS_MODULE_AUTHORITY_AND_COMPLETE_INTEGRATION_COVERAGE_FULL_v1.1.zip,src1/__nested__/0010/00_PREVIOUS_STEP07_v1.0/05_STEP07_CURRENT_M01-M15_AUTHORITY_REGISTER_15_v1.0.csv,1,4086
/mnt/data/p1_v11_source_scan/src1/STEP SYNC CORE/RUMAHAGEN_STEP07_CROSS_MODULE_AUTHORITY_AND_COMPLETE_INTEGRATION_COVERAGE_FULL_v1.1.zip,src1/__nested__/0010/00_PREVIOUS_STEP07_v1.0/06_STEP07_DEPENDENCY_MATRIX_73_NON_AUTHORITY_EDGES_v1.0.csv,1,19144
/mnt/data/p1_v11_source_scan/src1/STEP SYNC CORE/RUMAHAGEN_STEP07_CROSS_MODULE_AUTHORITY_AND_COMPLETE_INTEGRATION_COVERAGE_FULL_v1.1.zip,src1/__nested__/0010/00_PREVIOUS_STEP07_v1.0/07_STEP07_SEMANTIC_AUTHORITY_BOUNDARY_MATRIX_15_MODULES_v1.0.csv,1,2253
/mnt/data/p1_v11_source_scan/src1/STEP SYNC CORE/RUMAHAGEN_STEP07_CROSS_MODULE_AUTHORITY_AND_COMPLETE_INTEGRATION_COVERAGE_FULL_v1.1.zip,src1/__nested__/0010/00_PREVIOUS_STEP07_v1.0/08_STEP07_CROSS_MODULE_AUTHORITY_RELATIONSHIP_REGISTER_43_v1.0.csv,1,4928
/mnt/data/p1_v11_source_scan/src1/STEP SYNC CORE/RUMAHAGEN_STEP07_CROSS_MODULE_AUTHORITY_AND_COMPLETE_INTEGRATION_COVERAGE_FULL_v1.1.zip,src1/__nested__/0010/00_PREVIOUS_STEP07_v1.0/09_STEP07_FINDING_LEVEL_AUTHORITY_RECONCILIATION_223_v1.0.csv,1,88978
/mnt/data/p1_v11_source_scan/src1/STEP SYNC CORE/RUMAHAGEN_STEP07_CROSS_MODULE_AUTHORITY_AND_COMPLETE_INTEGRATION_COVERAGE_FULL_v1.1.zip,src1/__nested__/0010/00_PREVIOUS_STEP07_v1.0/10_STEP07_CROSS_MODULE_COLLISION_AND_BOUNDARY_REGISTER_15_v1.0.csv,1,3314
/mnt/data/p1_v11_source_scan/src1/STEP SYNC CORE/RUMAHAGEN_STEP07_CROSS_MODULE_AUTHORITY_AND_COMPLETE_INTEGRATION_COVERAGE_FULL_v1.1.zip,src1/__nested__/0010/00_PREVIOUS_STEP07_v1.0/11_STEP07_CORE_AUTHORITY_RECONCILIATION_76_v1.0.csv,1,52088
/mnt/data/p1_v11_source_scan/src1/STEP SYNC CORE/RUMAHAGEN_STEP07_CROSS_MODULE_AUTHORITY_AND_COMPLETE_INTEGRATION_COVERAGE_FULL_v1.1.zip,src1/__nested__/0010/00_PREVIOUS_STEP07_v1.0/12_STEP07_SEMANTIC_AUTHORITY_CYCLE_AUDIT_v1.0.csv,1,626
/mnt/data/p1_v11_source_scan/src1/STEP SYNC CORE/RUMAHAGEN_STEP07_CROSS_MODULE_AUTHORITY_AND_COMPLETE_INTEGRATION_COVERAGE_FULL_v1.1.zip,src1/__nested__/0010/00_PREVIOUS_STEP07_v1.0/13_STEP07_AUTHORITY_PRESERVATION_AND_NO_TAKEOVER_AUDIT_15_v1.0.csv,1,2381
/mnt/data/p1_v11_source_scan/src1/STEP SYNC CORE/RUMAHAGEN_STEP07_CROSS_MODULE_AUTHORITY_AND_COMPLETE_INTEGRATION_COVERAGE_FULL_v1.1.zip,src1/__nested__/0010/00_PREVIOUS_STEP07_v1.0/14_STEP07_PROVENANCE_REGISTER_223_v1.0.csv,1,129107
/mnt/data/p1_v11_source_scan/src1/STEP SYNC CORE/RUMAHAGEN_STEP07_CROSS_MODULE_AUTHORITY_AND_COMPLETE_INTEGRATION_COVERAGE_FULL_v1.1.zip,src1/__nested__/0010/00_PREVIOUS_STEP07_v1.0/15_STEP07_DEEP_SCAN_COVERAGE_SUMMARY_v1.0.csv,1,84
/mnt/data/p1_v11_source_scan/src1/STEP SYNC CORE/RUMAHAGEN_STEP07_CROSS_MODULE_AUTHORITY_AND_COMPLETE_INTEGRATION_COVERAGE_FULL_v1.1.zip,src1/__nested__/0010/00_PREVIOUS_STEP07_v1.0/16_STEP07_FINAL_GATE_CHECKLIST_v1.0.csv,1,1649
/mnt/data/p1_v11_source_scan/src1/STEP SYNC CORE/RUMAHAGEN_STEP07_CROSS_MODULE_AUTHORITY_AND_COMPLETE_INTEGRATION_COVERAGE_FULL_v1.1.zip,src1/__nested__/0010/00_PREVIOUS_STEP07_v1.0/17_STEP07_AUTHORITY_GRAPH_v1.0.json,1,11630
/mnt/data/p1_v11_source_scan/src1/STEP SYNC CORE/RUMAHAGEN_STEP07_CROSS_MODULE_AUTHORITY_AND_COMPLETE_INTEGRATION_COVERAGE_FULL_v1.1.zip,src1/__nested__/0010/00_PREVIOUS_STEP07_v1.0/18_STEP07_OUTPUT_MANIFEST_SHA256_v1.0.csv,1,2332
/mnt/data/p1_v11_source_scan/src1/STEP SYNC CORE/RUMAHAGEN_STEP07_CROSS_MODULE_AUTHORITY_AND_COMPLETE_INTEGRATION_COVERAGE_FULL_v1.1.zip,src1/__nested__/0010/00_PREVIOUS_STEP07_v1.0/README_STEP07_FULL_VERSION_v1.0.md,1,1240
/mnt/data/p1_v11_source_scan/src1/STEP SYNC CORE/RUMAHAGEN_STEP07_CROSS_MODULE_AUTHORITY_AND_COMPLETE_INTEGRATION_COVERAGE_FULL_v1.1.zip,src1/__nested__/0010/00_STEP07_FULL_REPORT_v1.1.md,1,5648
/mnt/data/p1_v11_source_scan/src1/STEP SYNC CORE/RUMAHAGEN_STEP07_CROSS_MODULE_AUTHORITY_AND_COMPLETE_INTEGRATION_COVERAGE_FULL_v1.1.zip,src1/__nested__/0010/01_STEP07_v1.1_INPUT_IDENTITY_SHA256.csv,1,772
/mnt/data/p1_v11_source_scan/src1/STEP SYNC CORE/RUMAHAGEN_STEP07_CROSS_MODULE_AUTHORITY_AND_COMPLETE_INTEGRATION_COVERAGE_FULL_v1.1.zip,src1/__nested__/0010/02_STEP07_v1.1_STEP_SYNC_CORE_RAR_MEMBER_INVENTORY.csv,1,512
/mnt/data/p1_v11_source_scan/src1/STEP SYNC CORE/RUMAHAGEN_STEP07_CROSS_MODULE_AUTHORITY_AND_COMPLETE_INTEGRATION_COVERAGE_FULL_v1.1.zip,src1/__nested__/0010/03_STEP07_v1.1_RECURSIVE_SOURCE_ARTIFACT_INVENTORY_2374.csv,1,736030
/mnt/data/p1_v11_source_scan/src1/STEP SYNC CORE/RUMAHAGEN_STEP07_CROSS_MODULE_AUTHORITY_AND_COMPLETE_INTEGRATION_COVERAGE_FULL_v1.1.zip,src1/__nested__/0010/04_STEP07_v1.1_PRE00_COMPLETE_ARTIFACT_COVERAGE_18.csv,1,4527
/mnt/data/p1_v11_source_scan/src1/STEP SYNC CORE/RUMAHAGEN_STEP07_CROSS_MODULE_AUTHORITY_AND_COMPLETE_INTEGRATION_COVERAGE_FULL_v1.1.zip,src1/__nested__/0010/05_STEP07_v1.1_CORE_V1.3_FROZEN_ARTIFACT_COVERAGE_76.csv,1,21321
/mnt/data/p1_v11_source_scan/src1/STEP SYNC CORE/RUMAHAGEN_STEP07_CROSS_MODULE_AUTHORITY_AND_COMPLETE_INTEGRATION_COVERAGE_FULL_v1.1.zip,src1/__nested__/0010/06_STEP07_v1.1_M01-M15_AUTHORITY_REGISTER_15_PRESERVED.csv,1,4086
/mnt/data/p1_v11_source_scan/src1/STEP SYNC CORE/RUMAHAGEN_STEP07_CROSS_MODULE_AUTHORITY_AND_COMPLETE_INTEGRATION_COVERAGE_FULL_v1.1.zip,src1/__nested__/0010/07_STEP07_v1.1_FINDING_AUTHORITY_RECONCILIATION_223_PRESERVED.csv,1,88978
/mnt/data/p1_v11_source_scan/src1/STEP SYNC CORE/RUMAHAGEN_STEP07_CROSS_MODULE_AUTHORITY_AND_COMPLETE_INTEGRATION_COVERAGE_FULL_v1.1.zip,src1/__nested__/0010/08_STEP07_v1.1_COMPLETE_INTEGRATION_COVERAGE_LEDGER_54.csv,1,8120
/mnt/data/p1_v11_source_scan/src1/STEP SYNC CORE/RUMAHAGEN_STEP07_CROSS_MODULE_AUTHORITY_AND_COMPLETE_INTEGRATION_COVERAGE_FULL_v1.1.zip,src1/__nested__/0010/09_STEP07_v1.1_ORPHAN_CONTROL_REGISTER.csv,1,9714
/mnt/data/p1_v11_source_scan/src1/STEP SYNC CORE/RUMAHAGEN_STEP07_CROSS_MODULE_AUTHORITY_AND_COMPLETE_INTEGRATION_COVERAGE_FULL_v1.1.zip,src1/__nested__/0010/10_STEP07_v1.1_CROSS_MODULE_BOUNDARY_REGISTER_15_PRESERVED.csv,1,3314
/mnt/data/p1_v11_source_scan/src1/STEP SYNC CORE/RUMAHAGEN_STEP07_CROSS_MODULE_AUTHORITY_AND_COMPLETE_INTEGRATION_COVERAGE_FULL_v1.1.zip,src1/__nested__/0010/11_STEP07_v1.1_CORE_AUTHORITY_RECONCILIATION_76_PRESERVED.csv,1,52088
/mnt/data/p1_v11_source_scan/src1/STEP SYNC CORE/RUMAHAGEN_STEP07_CROSS_MODULE_AUTHORITY_AND_COMPLETE_INTEGRATION_COVERAGE_FULL_v1.1.zip,src1/__nested__/0010/12_STEP07_v1.1_AUTHORITY_RELATIONSHIP_REGISTER_PHYSICAL_COUNT_CORRECTED.csv,1,6404
/mnt/data/p1_v11_source_scan/src1/STEP SYNC CORE/RUMAHAGEN_STEP07_CROSS_MODULE_AUTHORITY_AND_COMPLETE_INTEGRATION_COVERAGE_FULL_v1.1.zip,src1/__nested__/0010/13_STEP07_v1.1_CORRECTION_AND_HARDENING_REGISTER.csv,1,1188
/mnt/data/p1_v11_source_scan/src1/STEP SYNC CORE/RUMAHAGEN_STEP07_CROSS_MODULE_AUTHORITY_AND_COMPLETE_INTEGRATION_COVERAGE_FULL_v1.1.zip,src1/__nested__/0010/14_STEP07_v1.1_DEEP_SCAN_COVERAGE_SUMMARY.csv,1,922
/mnt/data/p1_v11_source_scan/src1/STEP SYNC CORE/RUMAHAGEN_STEP07_CROSS_MODULE_AUTHORITY_AND_COMPLETE_INTEGRATION_COVERAGE_FULL_v1.1.zip,src1/__nested__/0010/15_STEP07_v1.1_MODULE_COVERAGE_CONTROL_SUMMARY.csv,1,293
/mnt/data/p1_v11_source_scan/src1/STEP SYNC CORE/RUMAHAGEN_STEP07_CROSS_MODULE_AUTHORITY_AND_COMPLETE_INTEGRATION_COVERAGE_FULL_v1.1.zip,src1/__nested__/0010/16_STEP07_v1.1_AUTHORITY_GRAPH_PRESERVED.json,1,11630
/mnt/data/p1_v11_source_scan/src1/STEP SYNC CORE/RUMAHAGEN_STEP07_CROSS_MODULE_AUTHORITY_AND_COMPLETE_INTEGRATION_COVERAGE_FULL_v1.1.zip,src1/__nested__/0010/17_STEP07_v1.1_FINAL_GATE_CHECKLIST.csv,1,1374
/mnt/data/p1_v11_source_scan/src1/STEP SYNC CORE/RUMAHAGEN_STEP07_CROSS_MODULE_AUTHORITY_AND_COMPLETE_INTEGRATION_COVERAGE_FULL_v1.1.zip,src1/__nested__/0010/18_STEP07_v1.1_OUTPUT_MANIFEST_SHA256.csv,1,5252
/mnt/data/p1_v11_source_scan/src1/STEP SYNC CORE/RUMAHAGEN_STEP07_CROSS_MODULE_AUTHORITY_AND_COMPLETE_INTEGRATION_COVERAGE_FULL_v1.1.zip,src1/__nested__/0010/README_STEP07_FULL_VERSION_v1.1.md,1,666
/mnt/data/STEP SYNC CORE(20260907-081753).zip,src1/STEP SYNC CORE/RUMAHAGEN_STEP08_BUSINESS_RULES_BASELINE_CONSOLIDATED_FULL_v1.1_CORRECTED.zip,0,57199
/mnt/data/p1_v11_source_scan/src1/STEP SYNC CORE/RUMAHAGEN_STEP08_BUSINESS_RULES_BASELINE_CONSOLIDATED_FULL_v1.1_CORRECTED.zip,src1/__nested__/0011/00_COMPLETENESS_DEEP_SCAN_AUDIT_v1.1.md,1,2724
/mnt/data/p1_v11_source_scan/src1/STEP SYNC CORE/RUMAHAGEN_STEP08_BUSINESS_RULES_BASELINE_CONSOLIDATED_FULL_v1.1_CORRECTED.zip,src1/__nested__/0011/02_RULE_PROVENANCE_REGISTER.csv,1,268039
/mnt/data/p1_v11_source_scan/src1/STEP SYNC CORE/RUMAHAGEN_STEP08_BUSINESS_RULES_BASELINE_CONSOLIDATED_FULL_v1.1_CORRECTED.zip,src1/__nested__/0011/03_RULE_SOURCE_MAPPING.csv,1,238469
/mnt/data/p1_v11_source_scan/src1/STEP SYNC CORE/RUMAHAGEN_STEP08_BUSINESS_RULES_BASELINE_CONSOLIDATED_FULL_v1.1_CORRECTED.zip,src1/__nested__/0011/04_RULE_DELTA_REGISTER.csv,1,24737
/mnt/data/p1_v11_source_scan/src1/STEP SYNC CORE/RUMAHAGEN_STEP08_BUSINESS_RULES_BASELINE_CONSOLIDATED_FULL_v1.1_CORRECTED.zip,src1/__nested__/0011/05_LIFECYCLE_RULE_MATRIX.csv,1,1511
/mnt/data/p1_v11_source_scan/src1/STEP SYNC CORE/RUMAHAGEN_STEP08_BUSINESS_RULES_BASELINE_CONSOLIDATED_FULL_v1.1_CORRECTED.zip,src1/__nested__/0011/06_ACTOR_OWNERSHIP_AUTHORITY.csv,1,1890
/mnt/data/p1_v11_source_scan/src1/STEP SYNC CORE/RUMAHAGEN_STEP08_BUSINESS_RULES_BASELINE_CONSOLIDATED_FULL_v1.1_CORRECTED.zip,src1/__nested__/0011/07_CONFIGURABLE_PARAMETER_REGISTER.csv,1,959
/mnt/data/p1_v11_source_scan/src1/STEP SYNC CORE/RUMAHAGEN_STEP08_BUSINESS_RULES_BASELINE_CONSOLIDATED_FULL_v1.1_CORRECTED.zip,src1/__nested__/0011/08_CONFLICT_APPLICATION.csv,1,7495
/mnt/data/p1_v11_source_scan/src1/STEP SYNC CORE/RUMAHAGEN_STEP08_BUSINESS_RULES_BASELINE_CONSOLIDATED_FULL_v1.1_CORRECTED.zip,src1/__nested__/0011/09_CORE_PRESERVATION_AUDIT.csv,1,408
/mnt/data/p1_v11_source_scan/src1/STEP SYNC CORE/RUMAHAGEN_STEP08_BUSINESS_RULES_BASELINE_CONSOLIDATED_FULL_v1.1_CORRECTED.zip,src1/__nested__/0011/10_DUPLICATE_CONSOLIDATION_AUDIT.csv,1,31163
/mnt/data/p1_v11_source_scan/src1/STEP SYNC CORE/RUMAHAGEN_STEP08_BUSINESS_RULES_BASELINE_CONSOLIDATED_FULL_v1.1_CORRECTED.zip,src1/__nested__/0011/11_GATE_CHECKLIST.csv,1,1228
/mnt/data/p1_v11_source_scan/src1/STEP SYNC CORE/RUMAHAGEN_STEP08_BUSINESS_RULES_BASELINE_CONSOLIDATED_FULL_v1.1_CORRECTED.zip,src1/__nested__/0011/12_OUTPUT_MANIFEST_SHA256_v1.1.csv,1,1283
/mnt/data/p1_v11_source_scan/src1/STEP SYNC CORE/RUMAHAGEN_STEP08_BUSINESS_RULES_BASELINE_CONSOLIDATED_FULL_v1.1_CORRECTED.zip,src1/__nested__/0011/README_STEP08_BR_BASELINE_CONSOLIDATED_v1.1.md,1,1179
/mnt/data/p1_v11_source_scan/src1/STEP SYNC CORE/RUMAHAGEN_STEP08_BUSINESS_RULES_BASELINE_CONSOLIDATED_FULL_v1.1_CORRECTED.zip,src1/__nested__/0011/RUMAHAGEN_BUSINESS_RULES_BASELINE_CONSOLIDATED_STEP08_v1.1.md,1,110829
/mnt/data/STEP SYNC CORE(20260907-081753).zip,src1/STEP SYNC CORE/RUMAHAGEN_STEP09-A2_CONSTITUTION_CONTROLLED_REENTRY_FULL_VERSION_v1.17.zip,0,55875
/mnt/data/p1_v11_source_scan/src1/STEP SYNC CORE/RUMAHAGEN_STEP09-A2_CONSTITUTION_CONTROLLED_REENTRY_FULL_VERSION_v1.17.zip,src1/__nested__/0012/01_OUTPUT/PROJECT_CONSTITUTION_v1.17_STEP09-A2_CONTROLLED_REENTRY.docx,1,54274
/mnt/data/p1_v11_source_scan/src1/STEP SYNC CORE/RUMAHAGEN_STEP09-A2_CONSTITUTION_CONTROLLED_REENTRY_FULL_VERSION_v1.17.zip,src1/__nested__/0012/01_OUTPUT/STEP09-A2_DEEP_SCAN_AND_GATE_REPORT_v1.0.md,1,3935
/mnt/data/p1_v11_source_scan/src1/STEP SYNC CORE/RUMAHAGEN_STEP09-A2_CONSTITUTION_CONTROLLED_REENTRY_FULL_VERSION_v1.17.zip,src1/__nested__/0012/01_OUTPUT/STEP09-A2_CONTROLLED_REENTRY_DECISION_RECORD_v1.0.md,1,1035
/mnt/data/p1_v11_source_scan/src1/STEP SYNC CORE/RUMAHAGEN_STEP09-A2_CONSTITUTION_CONTROLLED_REENTRY_FULL_VERSION_v1.17.zip,src1/__nested__/0012/01_OUTPUT/STEP09-A2_PROVENANCE_SHA256_MANIFEST_v1.0.csv,1,1073
/mnt/data/p1_v11_source_scan/src1/STEP SYNC CORE/RUMAHAGEN_STEP09-A2_CONSTITUTION_CONTROLLED_REENTRY_FULL_VERSION_v1.17.zip,src1/__nested__/0012/01_OUTPUT/STEP09-A2_ARTIFACT_INVENTORY_v1.0.csv,1,436
/mnt/data/STEP SYNC CORE(20260907-081753).zip,src1/STEP SYNC CORE/RUMAHAGEN_STEP09-B_ARCHITECTURE_CONTROLLED_REENTRY_FULL_VERSION_v1.9.zip,0,98322
/mnt/data/p1_v11_source_scan/src1/STEP SYNC CORE/RUMAHAGEN_STEP09-B_ARCHITECTURE_CONTROLLED_REENTRY_FULL_VERSION_v1.9.zip,src1/__nested__/0013/01_OUTPUT/SYSTEM_ARCHITECTURE_v1.9_STEP09-B_CONTROLLED_REENTRY.docx,1,96929
/mnt/data/p1_v11_source_scan/src1/STEP SYNC CORE/RUMAHAGEN_STEP09-B_ARCHITECTURE_CONTROLLED_REENTRY_FULL_VERSION_v1.9.zip,src1/__nested__/0013/01_OUTPUT/STEP09-B_IMPACT_CHECK_AND_CONTROLLED_REENTRY_REPORT_v1.0.md,1,4246
/mnt/data/p1_v11_source_scan/src1/STEP SYNC CORE/RUMAHAGEN_STEP09-B_ARCHITECTURE_CONTROLLED_REENTRY_FULL_VERSION_v1.9.zip,src1/__nested__/0013/01_OUTPUT/STEP09-B_CONTROLLED_REENTRY_DECISION_RECORD_v1.0.md,1,708
/mnt/data/p1_v11_source_scan/src1/STEP SYNC CORE/RUMAHAGEN_STEP09-B_ARCHITECTURE_CONTROLLED_REENTRY_FULL_VERSION_v1.9.zip,src1/__nested__/0013/01_OUTPUT/STEP09-B_IMPACT_MATRIX_v1.0.csv,1,542
/mnt/data/p1_v11_source_scan/src1/STEP SYNC CORE/RUMAHAGEN_STEP09-B_ARCHITECTURE_CONTROLLED_REENTRY_FULL_VERSION_v1.9.zip,src1/__nested__/0013/01_OUTPUT/STEP09-B_PROVENANCE_SHA256_MANIFEST_v1.0.csv,1,516
/mnt/data/STEP SYNC CORE(20260907-081753).zip,src1/STEP SYNC CORE/RUMAHAGEN_STEP09-C_TECHNICAL_DECISIONS_CONTROLLED_REENTRY_FULL_VERSION_v1.6.zip,0,53289
/mnt/data/p1_v11_source_scan/src1/STEP SYNC CORE/RUMAHAGEN_STEP09-C_TECHNICAL_DECISIONS_CONTROLLED_REENTRY_FULL_VERSION_v1.6.zip,src1/__nested__/0014/01_OUTPUT/W4-02A.6.6_TECHNICAL_DECISIONS_FULL_CONSOLIDATED_v1.6_STEP09-C_CONTROLLED_REENTRY_Q01-Q66.docx,1,53047
/mnt/data/p1_v11_source_scan/src1/STEP SYNC CORE/RUMAHAGEN_STEP09-C_TECHNICAL_DECISIONS_CONTROLLED_REENTRY_FULL_VERSION_v1.6.zip,src1/__nested__/0014/01_OUTPUT/STEP09-C_IMPACT_REENTRY_AND_GATE_REPORT_v1.0.md,1,2013
/mnt/data/p1_v11_source_scan/src1/STEP SYNC CORE/RUMAHAGEN_STEP09-C_TECHNICAL_DECISIONS_CONTROLLED_REENTRY_FULL_VERSION_v1.6.zip,src1/__nested__/0014/01_OUTPUT/STEP09-C_CONTROLLED_REENTRY_DECISION_RECORD_v1.0.md,1,810
/mnt/data/p1_v11_source_scan/src1/STEP SYNC CORE/RUMAHAGEN_STEP09-C_TECHNICAL_DECISIONS_CONTROLLED_REENTRY_FULL_VERSION_v1.6.zip,src1/__nested__/0014/01_OUTPUT/STEP09-C_PROVENANCE_SHA256_MANIFEST_v1.0.csv,1,658
/mnt/data/STEP SYNC CORE(20260907-081753).zip,src1/STEP SYNC CORE/RUMAHAGEN_STEP09-D_DEPENDENCY_MANIFEST_SYNCHRONIZATION_FULL_VERSION_CORRECTED_REENTRY_v1.0.zip,0,64371
/mnt/data/p1_v11_source_scan/src1/STEP SYNC CORE/RUMAHAGEN_STEP09-D_DEPENDENCY_MANIFEST_SYNCHRONIZATION_FULL_VERSION_CORRECTED_REENTRY_v1.0.zip,src1/__nested__/0015/W4-02A.6.7_DEPENDENCY_MANIFEST_FULL_CONSOLIDATED_v1.9_STEP09-D_SYNCHRONIZED_FULL_VERSION_CORRECTED_REENTRY.md,1,41419
/mnt/data/p1_v11_source_scan/src1/STEP SYNC CORE/RUMAHAGEN_STEP09-D_DEPENDENCY_MANIFEST_SYNCHRONIZATION_FULL_VERSION_CORRECTED_REENTRY_v1.0.zip,src1/__nested__/0015/W4-02A.6.7_DEPENDENCY_MANIFEST_FULL_CONSOLIDATED_v1.9_STEP09-D_SYNCHRONIZED_FULL_VERSION_CORRECTED_REENTRY.docx,1,51843
/mnt/data/p1_v11_source_scan/src1/STEP SYNC CORE/RUMAHAGEN_STEP09-D_DEPENDENCY_MANIFEST_SYNCHRONIZATION_FULL_VERSION_CORRECTED_REENTRY_v1.0.zip,src1/__nested__/0015/STEP09-D_CONTROLLED_REENTRY_FULL_DEEP_RESCAN_AND_GATE_REPORT_v1.0.md,1,2012
/mnt/data/p1_v11_source_scan/src1/STEP SYNC CORE/RUMAHAGEN_STEP09-D_DEPENDENCY_MANIFEST_SYNCHRONIZATION_FULL_VERSION_CORRECTED_REENTRY_v1.0.zip,src1/__nested__/0015/STEP09-D_REENTRY_DEPENDENCY_GAP_REGISTER.csv,1,636
/mnt/data/STEP SYNC CORE(20260907-081753).zip,src1/STEP SYNC CORE/RUMAHAGEN_STEP09-E_CROSS_09_ARCHITECTURE_DEPENDENCY_RECONCILIATION_FULL_VERSION_v1.0.zip,0,250706
/mnt/data/p1_v11_source_scan/src1/STEP SYNC CORE/RUMAHAGEN_STEP09-E_CROSS_09_ARCHITECTURE_DEPENDENCY_RECONCILIATION_FULL_VERSION_v1.0.zip,src1/__nested__/0016/STEP09-E_INPUT_INTEGRITY_MATRIX.csv,1,928
/mnt/data/p1_v11_source_scan/src1/STEP SYNC CORE/RUMAHAGEN_STEP09-E_CROSS_09_ARCHITECTURE_DEPENDENCY_RECONCILIATION_FULL_VERSION_v1.0.zip,src1/__nested__/0016/W4-02A.6.7_DEPENDENCY_MANIFEST_FULL_CONSOLIDATED_v1.9_STEP09-D_SYNCHRONIZED_FULL_VERSION_CORRECTED_REENTRY.docx,1,51843
/mnt/data/p1_v11_source_scan/src1/STEP SYNC CORE/RUMAHAGEN_STEP09-E_CROSS_09_ARCHITECTURE_DEPENDENCY_RECONCILIATION_FULL_VERSION_v1.0.zip,src1/__nested__/0016/W4-02A.6.6_TECHNICAL_DECISIONS_FULL_CONSOLIDATED_v1.6_STEP09-C_SYNCHRONIZED_FULL_VERSION_CORRECTED_REENTRY.docx,1,53014
/mnt/data/p1_v11_source_scan/src1/STEP SYNC CORE/RUMAHAGEN_STEP09-E_CROSS_09_ARCHITECTURE_DEPENDENCY_RECONCILIATION_FULL_VERSION_v1.0.zip,src1/__nested__/0016/W4-02A.6.5_SYSTEM_ARCHITECTURE_FULL_CONSOLIDATED_v1.9_STEP09-B.1_CONTROLLED_REENTRY_FINAL.docx,1,96925
/mnt/data/p1_v11_source_scan/src1/STEP SYNC CORE/RUMAHAGEN_STEP09-E_CROSS_09_ARCHITECTURE_DEPENDENCY_RECONCILIATION_FULL_VERSION_v1.0.zip,src1/__nested__/0016/STEP09-E_DEPENDENCY_DIRECTION_RECONCILIATION.csv,1,598
/mnt/data/p1_v11_source_scan/src1/STEP SYNC CORE/RUMAHAGEN_STEP09-E_CROSS_09_ARCHITECTURE_DEPENDENCY_RECONCILIATION_FULL_VERSION_v1.0.zip,src1/__nested__/0016/RUMAHAGEN_PROJECT_CONSTITUTION_v1.17_STEP09-A2_FULL_RECONCILED_CORRECTED.docx,1,53778
/mnt/data/p1_v11_source_scan/src1/STEP SYNC CORE/RUMAHAGEN_STEP09-E_CROSS_09_ARCHITECTURE_DEPENDENCY_RECONCILIATION_FULL_VERSION_v1.0.zip,src1/__nested__/0016/STEP09-E_CROSS_09_ARCHITECTURE_DEPENDENCY_RECONCILIATION_REPORT_v1.0.md,1,7135
/mnt/data/STEP SYNC CORE(20260907-081753).zip,src1/STEP SYNC CORE/STEP09-E_CROSS_09_ARCHITECTURE_DEPENDENCY_RECONCILIATION_REPORT_v1.0.md,0,7135
/mnt/data/STEP SYNC CORE(20260907-081753).zip,src1/STEP SYNC CORE/STEP09_PREPARATION_PACKAGE_v1.0.zip,0,6490
/mnt/data/p1_v11_source_scan/src1/STEP SYNC CORE/STEP09_PREPARATION_PACKAGE_v1.0.zip,src1/__nested__/0017/STEP09_PREPARATION_v1.0/STEP09_INPUT_DEEP_SCAN_AND_READINESS_GATE_v1.0.md,1,10283
/mnt/data/p1_v11_source_scan/src1/STEP SYNC CORE/STEP09_PREPARATION_PACKAGE_v1.0.zip,src1/__nested__/0017/STEP09_PREPARATION_v1.0/STEP09_PREPARATION_CHECKLIST_v1.0.csv,1,984
/mnt/data/p1_v11_source_scan/src1/STEP SYNC CORE/STEP09_PREPARATION_PACKAGE_v1.0.zip,src1/__nested__/0017/STEP09_PREPARATION_v1.0/STEP09_INPUT_MANIFEST_v1.0.csv,1,1645
/mnt/data/STEP SYNC CORE(20260907-081753).zip,src1/STEP10-00_RERUN-01_INPUT_DEEP_SCAN_CURRENTNESS_AUTHORITY_GATE_v1.0.md,0,9445
/mnt/data/STEP SYNC CORE(20260907-081753).zip,src1/STEP10-A1_A2_B_C_D_CHAIN_RERUN-02_FULL_VERSION.zip,0,173343
/mnt/data/p1_v11_source_scan/src1/STEP10-A1_A2_B_C_D_CHAIN_RERUN-02_FULL_VERSION.zip,src1/__nested__/0018/STEP10-A1_A2_B_C_D_CHAIN_RERUN-02_FULL_VERSION/STEP10-A1_FULL_VERSION_RERUN_v2.2/STEP10-A1_CHAIN_SOURCE_AUTHORITY_MANIFEST_RERUN-02.csv,1,677
/mnt/data/p1_v11_source_scan/src1/STEP10-A1_A2_B_C_D_CHAIN_RERUN-02_FULL_VERSION.zip,src1/__nested__/0018/STEP10-A1_A2_B_C_D_CHAIN_RERUN-02_FULL_VERSION/STEP10-A1_FULL_VERSION_RERUN_v2.2/STEP10-A1_FULL_LOGICAL_ERD_REBUILD_RERUN_v2.2.md,1,7741
/mnt/data/p1_v11_source_scan/src1/STEP10-A1_A2_B_C_D_CHAIN_RERUN-02_FULL_VERSION.zip,src1/__nested__/0018/STEP10-A1_A2_B_C_D_CHAIN_RERUN-02_FULL_VERSION/STEP10-A1_FULL_VERSION_RERUN_v2.2/STEP10-A1_LOGICAL_ATTRIBUTE_REGISTER_94_FULL_RERUN_v2.2.csv,1,129164
/mnt/data/p1_v11_source_scan/src1/STEP10-A1_A2_B_C_D_CHAIN_RERUN-02_FULL_VERSION.zip,src1/__nested__/0018/STEP10-A1_A2_B_C_D_CHAIN_RERUN-02_FULL_VERSION/STEP10-A1_FULL_VERSION_RERUN_v2.2/STEP10-A1_LOGICAL_ERD_RELATIONSHIP_MATRIX_FULL_RERUN_v2.2.csv,1,34443
/mnt/data/p1_v11_source_scan/src1/STEP10-A1_A2_B_C_D_CHAIN_RERUN-02_FULL_VERSION.zip,src1/__nested__/0018/STEP10-A1_A2_B_C_D_CHAIN_RERUN-02_FULL_VERSION/STEP10-A1_FULL_VERSION_RERUN_v2.2/STEP10-A1_RERUN_FINDING_CORRECTION_REGISTER_v2.2.csv,1,2046
/mnt/data/p1_v11_source_scan/src1/STEP10-A1_A2_B_C_D_CHAIN_RERUN-02_FULL_VERSION.zip,src1/__nested__/0018/STEP10-A1_A2_B_C_D_CHAIN_RERUN-02_FULL_VERSION/STEP10-A1_FULL_VERSION_RERUN_v2.2/STEP10-A1_RERUN_SOURCE_HASH_MANIFEST_v2.1_LEGACY_PRESERVED.csv,1,2091
/mnt/data/p1_v11_source_scan/src1/STEP10-A1_A2_B_C_D_CHAIN_RERUN-02_FULL_VERSION.zip,src1/__nested__/0018/STEP10-A1_A2_B_C_D_CHAIN_RERUN-02_FULL_VERSION/STEP10-A1_FULL_VERSION_RERUN_v2.2/STEP10-A1_RERUN_SOURCE_HASH_MANIFEST_v2.2.csv,1,767
/mnt/data/p1_v11_source_scan/src1/STEP10-A1_A2_B_C_D_CHAIN_RERUN-02_FULL_VERSION.zip,src1/__nested__/0018/STEP10-A1_A2_B_C_D_CHAIN_RERUN-02_FULL_VERSION/STEP10-A1_FULL_VERSION_RERUN_v2.2/STEP10-A1_RERUN_VALIDATION_GATE_MATRIX_v2.2.csv,1,1481
/mnt/data/p1_v11_source_scan/src1/STEP10-A1_A2_B_C_D_CHAIN_RERUN-02_FULL_VERSION.zip,src1/__nested__/0018/STEP10-A1_A2_B_C_D_CHAIN_RERUN-02_FULL_VERSION/STEP10-A2_RERUN_v2.2_FULL_VERSION/STEP10-A2_CHAIN_SOURCE_AUTHORITY_MANIFEST_RERUN-02.csv,1,333
/mnt/data/p1_v11_source_scan/src1/STEP10-A1_A2_B_C_D_CHAIN_RERUN-02_FULL_VERSION.zip,src1/__nested__/0018/STEP10-A1_A2_B_C_D_CHAIN_RERUN-02_FULL_VERSION/STEP10-A2_RERUN_v2.2_FULL_VERSION/STEP10-A2_LOGICAL_ERD_VALIDATION_RECONCILIATION_RERUN_v2.2.md,1,6857
/mnt/data/p1_v11_source_scan/src1/STEP10-A1_A2_B_C_D_CHAIN_RERUN-02_FULL_VERSION.zip,src1/__nested__/0018/STEP10-A1_A2_B_C_D_CHAIN_RERUN-02_FULL_VERSION/STEP10-A2_RERUN_v2.2_FULL_VERSION/STEP10-A2_RERUN_EXCEPTION_CONFLICT_REGISTER_v2.2.csv,1,1242
/mnt/data/p1_v11_source_scan/src1/STEP10-A1_A2_B_C_D_CHAIN_RERUN-02_FULL_VERSION.zip,src1/__nested__/0018/STEP10-A1_A2_B_C_D_CHAIN_RERUN-02_FULL_VERSION/STEP10-A2_RERUN_v2.2_FULL_VERSION/STEP10-A2_RERUN_OUTPUT_MANIFEST_v2.2.md,1,257
/mnt/data/p1_v11_source_scan/src1/STEP10-A1_A2_B_C_D_CHAIN_RERUN-02_FULL_VERSION.zip,src1/__nested__/0018/STEP10-A1_A2_B_C_D_CHAIN_RERUN-02_FULL_VERSION/STEP10-A2_RERUN_v2.2_FULL_VERSION/STEP10-A2_RERUN_SOURCE_HASH_MANIFEST_v2.1_LEGACY_PRESERVED.csv,1,664
/mnt/data/p1_v11_source_scan/src1/STEP10-A1_A2_B_C_D_CHAIN_RERUN-02_FULL_VERSION.zip,src1/__nested__/0018/STEP10-A1_A2_B_C_D_CHAIN_RERUN-02_FULL_VERSION/STEP10-A2_RERUN_v2.2_FULL_VERSION/STEP10-A2_RERUN_SOURCE_HASH_MANIFEST_v2.2.csv,1,602
/mnt/data/p1_v11_source_scan/src1/STEP10-A1_A2_B_C_D_CHAIN_RERUN-02_FULL_VERSION.zip,src1/__nested__/0018/STEP10-A1_A2_B_C_D_CHAIN_RERUN-02_FULL_VERSION/STEP10-A2_RERUN_v2.2_FULL_VERSION/STEP10-A2_RERUN_VALIDATION_GATE_MATRIX_v2.2.csv,1,1952
/mnt/data/p1_v11_source_scan/src1/STEP10-A1_A2_B_C_D_CHAIN_RERUN-02_FULL_VERSION.zip,src1/__nested__/0018/STEP10-A1_A2_B_C_D_CHAIN_RERUN-02_FULL_VERSION/STEP10-B_FULL_VERSION_RERUN_v2.2/STEP10-B_CHAIN_SOURCE_AUTHORITY_MANIFEST_RERUN-02.csv,1,681
/mnt/data/p1_v11_source_scan/src1/STEP10-A1_A2_B_C_D_CHAIN_RERUN-02_FULL_VERSION.zip,src1/__nested__/0018/STEP10-A1_A2_B_C_D_CHAIN_RERUN-02_FULL_VERSION/STEP10-B_FULL_VERSION_RERUN_v2.2/STEP10-B_CONSTRAINT_FK_CARDINALITY_RECONCILIATION_RERUN_v2.2.csv,1,95800
/mnt/data/p1_v11_source_scan/src1/STEP10-A1_A2_B_C_D_CHAIN_RERUN-02_FULL_VERSION.zip,src1/__nested__/0018/STEP10-A1_A2_B_C_D_CHAIN_RERUN-02_FULL_VERSION/STEP10-B_FULL_VERSION_RERUN_v2.2/STEP10-B_DATABASE_DICTIONARY_FULL_RECONSTRUCTION_RERUN_v2.2.md,1,7772
/mnt/data/p1_v11_source_scan/src1/STEP10-A1_A2_B_C_D_CHAIN_RERUN-02_FULL_VERSION.zip,src1/__nested__/0018/STEP10-A1_A2_B_C_D_CHAIN_RERUN-02_FULL_VERSION/STEP10-B_FULL_VERSION_RERUN_v2.2/STEP10-B_EXCEPTION_CONFLICT_REGISTER_RERUN_v2.2.csv,1,3544
/mnt/data/p1_v11_source_scan/src1/STEP10-A1_A2_B_C_D_CHAIN_RERUN-02_FULL_VERSION.zip,src1/__nested__/0018/STEP10-A1_A2_B_C_D_CHAIN_RERUN-02_FULL_VERSION/STEP10-B_FULL_VERSION_RERUN_v2.2/STEP10-B_FULL_ATTRIBUTE_RECONCILIATION_MATRIX_RERUN_v2.2.csv,1,255053
/mnt/data/p1_v11_source_scan/src1/STEP10-A1_A2_B_C_D_CHAIN_RERUN-02_FULL_VERSION.zip,src1/__nested__/0018/STEP10-A1_A2_B_C_D_CHAIN_RERUN-02_FULL_VERSION/STEP10-B_FULL_VERSION_RERUN_v2.2/STEP10-B_LOGICAL_TO_PHYSICAL_MAPPING_MATRIX_RERUN_v2.2.csv,1,18914
/mnt/data/p1_v11_source_scan/src1/STEP10-A1_A2_B_C_D_CHAIN_RERUN-02_FULL_VERSION.zip,src1/__nested__/0018/STEP10-A1_A2_B_C_D_CHAIN_RERUN-02_FULL_VERSION/STEP10-B_FULL_VERSION_RERUN_v2.2/STEP10-B_OUTPUT_MANIFEST_RERUN_v2.2.md,1,1231
/mnt/data/p1_v11_source_scan/src1/STEP10-A1_A2_B_C_D_CHAIN_RERUN-02_FULL_VERSION.zip,src1/__nested__/0018/STEP10-A1_A2_B_C_D_CHAIN_RERUN-02_FULL_VERSION/STEP10-B_FULL_VERSION_RERUN_v2.2/STEP10-B_RELATIONSHIP_RECONCILIATION_MATRIX_RERUN_v2.2.csv,1,34443
/mnt/data/p1_v11_source_scan/src1/STEP10-A1_A2_B_C_D_CHAIN_RERUN-02_FULL_VERSION.zip,src1/__nested__/0018/STEP10-A1_A2_B_C_D_CHAIN_RERUN-02_FULL_VERSION/STEP10-B_FULL_VERSION_RERUN_v2.2/STEP10-B_SOURCE_AUTHORITY_PROVENANCE_MATRIX_RERUN_v2.2.csv,1,1170
/mnt/data/p1_v11_source_scan/src1/STEP10-A1_A2_B_C_D_CHAIN_RERUN-02_FULL_VERSION.zip,src1/__nested__/0018/STEP10-A1_A2_B_C_D_CHAIN_RERUN-02_FULL_VERSION/STEP10-B_FULL_VERSION_RERUN_v2.2/STEP10-B_SOURCE_HASH_MANIFEST_RERUN_v2.1_LEGACY_PRESERVED.csv,1,705
/mnt/data/p1_v11_source_scan/src1/STEP10-A1_A2_B_C_D_CHAIN_RERUN-02_FULL_VERSION.zip,src1/__nested__/0018/STEP10-A1_A2_B_C_D_CHAIN_RERUN-02_FULL_VERSION/STEP10-B_FULL_VERSION_RERUN_v2.2/STEP10-B_SOURCE_HASH_MANIFEST_RERUN_v2.2.csv,1,1369
/mnt/data/p1_v11_source_scan/src1/STEP10-A1_A2_B_C_D_CHAIN_RERUN-02_FULL_VERSION.zip,src1/__nested__/0018/STEP10-A1_A2_B_C_D_CHAIN_RERUN-02_FULL_VERSION/STEP10-B_FULL_VERSION_RERUN_v2.2/STEP10-B_VALIDATION_GATE_MATRIX_RERUN_v2.2.csv,1,2276
/mnt/data/p1_v11_source_scan/src1/STEP10-A1_A2_B_C_D_CHAIN_RERUN-02_FULL_VERSION.zip,src1/__nested__/0018/STEP10-A1_A2_B_C_D_CHAIN_RERUN-02_FULL_VERSION/STEP10-C_RERUN_v1.1_FULL_VERSION/STEP10-C_CHAIN_SOURCE_AUTHORITY_MANIFEST_RERUN-02.csv,1,653
/mnt/data/p1_v11_source_scan/src1/STEP10-A1_A2_B_C_D_CHAIN_RERUN-02_FULL_VERSION.zip,src1/__nested__/0018/STEP10-A1_A2_B_C_D_CHAIN_RERUN-02_FULL_VERSION/STEP10-C_RERUN_v1.1_FULL_VERSION/STEP10-C_DATABASE_DICTIONARY_RECONCILIATION_GATE_RERUN_v1.1.md,1,8621
/mnt/data/p1_v11_source_scan/src1/STEP10-A1_A2_B_C_D_CHAIN_RERUN-02_FULL_VERSION.zip,src1/__nested__/0018/STEP10-A1_A2_B_C_D_CHAIN_RERUN-02_FULL_VERSION/STEP10-C_RERUN_v1.1_FULL_VERSION/STEP10-C_ENTITY_FIELD_COVERAGE_RECONCILIATION_RERUN_v1.1.csv,1,9416
/mnt/data/p1_v11_source_scan/src1/STEP10-A1_A2_B_C_D_CHAIN_RERUN-02_FULL_VERSION.zip,src1/__nested__/0018/STEP10-A1_A2_B_C_D_CHAIN_RERUN-02_FULL_VERSION/STEP10-C_RERUN_v1.1_FULL_VERSION/STEP10-C_EXCEPTION_CONFLICT_REGISTER_RERUN_v1.1.csv,1,2471
/mnt/data/p1_v11_source_scan/src1/STEP10-A1_A2_B_C_D_CHAIN_RERUN-02_FULL_VERSION.zip,src1/__nested__/0018/STEP10-A1_A2_B_C_D_CHAIN_RERUN-02_FULL_VERSION/STEP10-C_RERUN_v1.1_FULL_VERSION/STEP10-C_FULL_ATTRIBUTE_RECONCILIATION_RERUN_v1.1.csv,1,335111
/mnt/data/p1_v11_source_scan/src1/STEP10-A1_A2_B_C_D_CHAIN_RERUN-02_FULL_VERSION.zip,src1/__nested__/0018/STEP10-A1_A2_B_C_D_CHAIN_RERUN-02_FULL_VERSION/STEP10-C_RERUN_v1.1_FULL_VERSION/STEP10-C_LIFECYCLE_HISTORICAL_PROVENANCE_AUDIT_RERUN_v1.1.csv,1,159532
/mnt/data/p1_v11_source_scan/src1/STEP10-A1_A2_B_C_D_CHAIN_RERUN-02_FULL_VERSION.zip,src1/__nested__/0018/STEP10-A1_A2_B_C_D_CHAIN_RERUN-02_FULL_VERSION/STEP10-C_RERUN_v1.1_FULL_VERSION/STEP10-C_OUTPUT_MANIFEST_RERUN_v1.1.md,1,1722
/mnt/data/p1_v11_source_scan/src1/STEP10-A1_A2_B_C_D_CHAIN_RERUN-02_FULL_VERSION.zip,src1/__nested__/0018/STEP10-A1_A2_B_C_D_CHAIN_RERUN-02_FULL_VERSION/STEP10-C_RERUN_v1.1_FULL_VERSION/STEP10-C_RELATIONSHIP_REFERENCE_CONSISTENCY_RECONCILIATION_RERUN_v1.1.csv,1,59981
/mnt/data/p1_v11_source_scan/src1/STEP10-A1_A2_B_C_D_CHAIN_RERUN-02_FULL_VERSION.zip,src1/__nested__/0018/STEP10-A1_A2_B_C_D_CHAIN_RERUN-02_FULL_VERSION/STEP10-C_RERUN_v1.1_FULL_VERSION/STEP10-C_SOURCE_AUTHORITY_PROVENANCE_MATRIX_RERUN_v1.1.csv,1,1554
/mnt/data/p1_v11_source_scan/src1/STEP10-A1_A2_B_C_D_CHAIN_RERUN-02_FULL_VERSION.zip,src1/__nested__/0018/STEP10-A1_A2_B_C_D_CHAIN_RERUN-02_FULL_VERSION/STEP10-C_RERUN_v1.1_FULL_VERSION/STEP10-C_SOURCE_HASH_MANIFEST_RERUN_v1.0_LEGACY_PRESERVED.csv,1,1384
/mnt/data/p1_v11_source_scan/src1/STEP10-A1_A2_B_C_D_CHAIN_RERUN-02_FULL_VERSION.zip,src1/__nested__/0018/STEP10-A1_A2_B_C_D_CHAIN_RERUN-02_FULL_VERSION/STEP10-C_RERUN_v1.1_FULL_VERSION/STEP10-C_SOURCE_HASH_MANIFEST_RERUN_v1.1.csv,1,1376
/mnt/data/p1_v11_source_scan/src1/STEP10-A1_A2_B_C_D_CHAIN_RERUN-02_FULL_VERSION.zip,src1/__nested__/0018/STEP10-A1_A2_B_C_D_CHAIN_RERUN-02_FULL_VERSION/STEP10-C_RERUN_v1.1_FULL_VERSION/STEP10-C_VALIDATION_GATE_MATRIX_RERUN_v1.1.csv,1,1876
/mnt/data/p1_v11_source_scan/src1/STEP10-A1_A2_B_C_D_CHAIN_RERUN-02_FULL_VERSION.zip,src1/__nested__/0018/STEP10-A1_A2_B_C_D_CHAIN_RERUN-02_FULL_VERSION/STEP10-D_RERUN-02_v1.2_FULL_VERSION/STEP10-D_ATTRIBUTE_TO_PHYSICAL_COLUMN_RECONCILIATION.csv,1,200690
/mnt/data/p1_v11_source_scan/src1/STEP10-A1_A2_B_C_D_CHAIN_RERUN-02_FULL_VERSION.zip,src1/__nested__/0018/STEP10-A1_A2_B_C_D_CHAIN_RERUN-02_FULL_VERSION/STEP10-D_RERUN-02_v1.2_FULL_VERSION/STEP10-D_CHAIN_SOURCE_AUTHORITY_MANIFEST_RERUN-02.csv,1,752
/mnt/data/p1_v11_source_scan/src1/STEP10-A1_A2_B_C_D_CHAIN_RERUN-02_FULL_VERSION.zip,src1/__nested__/0018/STEP10-A1_A2_B_C_D_CHAIN_RERUN-02_FULL_VERSION/STEP10-D_RERUN-02_v1.2_FULL_VERSION/STEP10-D_CONTROLLED_PHYSICAL_DELTA_REGISTER.csv,1,3633
/mnt/data/p1_v11_source_scan/src1/STEP10-A1_A2_B_C_D_CHAIN_RERUN-02_FULL_VERSION.zip,src1/__nested__/0018/STEP10-A1_A2_B_C_D_CHAIN_RERUN-02_FULL_VERSION/STEP10-D_RERUN-02_v1.2_FULL_VERSION/STEP10-D_DATABASE_SCHEMA_SYNCHRONIZATION_RERUN_v1.2.md,1,4800
/mnt/data/p1_v11_source_scan/src1/STEP10-A1_A2_B_C_D_CHAIN_RERUN-02_FULL_VERSION.zip,src1/__nested__/0018/STEP10-A1_A2_B_C_D_CHAIN_RERUN-02_FULL_VERSION/STEP10-D_RERUN-02_v1.2_FULL_VERSION/STEP10-D_DEEP_SCAN_INVENTORY.csv,1,1537
/mnt/data/p1_v11_source_scan/src1/STEP10-A1_A2_B_C_D_CHAIN_RERUN-02_FULL_VERSION.zip,src1/__nested__/0018/STEP10-A1_A2_B_C_D_CHAIN_RERUN-02_FULL_VERSION/STEP10-D_RERUN-02_v1.2_FULL_VERSION/STEP10-D_ENTITY_TO_PHYSICAL_TABLE_RECONCILIATION.csv,1,12059
/mnt/data/p1_v11_source_scan/src1/STEP10-A1_A2_B_C_D_CHAIN_RERUN-02_FULL_VERSION.zip,src1/__nested__/0018/STEP10-A1_A2_B_C_D_CHAIN_RERUN-02_FULL_VERSION/STEP10-D_RERUN-02_v1.2_FULL_VERSION/STEP10-D_MIGRATION_RESIDUAL_REGISTER.csv,1,996
/mnt/data/p1_v11_source_scan/src1/STEP10-A1_A2_B_C_D_CHAIN_RERUN-02_FULL_VERSION.zip,src1/__nested__/0018/STEP10-A1_A2_B_C_D_CHAIN_RERUN-02_FULL_VERSION/STEP10-D_RERUN-02_v1.2_FULL_VERSION/STEP10-D_OUTPUT_MANIFEST.md,1,939
/mnt/data/p1_v11_source_scan/src1/STEP10-A1_A2_B_C_D_CHAIN_RERUN-02_FULL_VERSION.zip,src1/__nested__/0018/STEP10-A1_A2_B_C_D_CHAIN_RERUN-02_FULL_VERSION/STEP10-D_RERUN-02_v1.2_FULL_VERSION/STEP10-D_OUTPUT_SHA256_MANIFEST.csv,1,1619
/mnt/data/p1_v11_source_scan/src1/STEP10-A1_A2_B_C_D_CHAIN_RERUN-02_FULL_VERSION.zip,src1/__nested__/0018/STEP10-A1_A2_B_C_D_CHAIN_RERUN-02_FULL_VERSION/STEP10-D_RERUN-02_v1.2_FULL_VERSION/STEP10-D_PHYSICAL_CONSTRAINT_INDEX_RECONCILIATION.csv,1,5085
/mnt/data/p1_v11_source_scan/src1/STEP10-A1_A2_B_C_D_CHAIN_RERUN-02_FULL_VERSION.zip,src1/__nested__/0018/STEP10-A1_A2_B_C_D_CHAIN_RERUN-02_FULL_VERSION/STEP10-D_RERUN-02_v1.2_FULL_VERSION/STEP10-D_RELATIONSHIP_FK_RECONCILIATION.csv,1,31503
/mnt/data/p1_v11_source_scan/src1/STEP10-A1_A2_B_C_D_CHAIN_RERUN-02_FULL_VERSION.zip,src1/__nested__/0018/STEP10-A1_A2_B_C_D_CHAIN_RERUN-02_FULL_VERSION/STEP10-D_RERUN-02_v1.2_FULL_VERSION/STEP10-D_RLS_PHYSICAL_DEPENDENCY_REGISTER.csv,1,4886
/mnt/data/p1_v11_source_scan/src1/STEP10-A1_A2_B_C_D_CHAIN_RERUN-02_FULL_VERSION.zip,src1/__nested__/0018/STEP10-A1_A2_B_C_D_CHAIN_RERUN-02_FULL_VERSION/STEP10-D_RERUN-02_v1.2_FULL_VERSION/STEP10-D_SCHEMA_REFERENCE_DOCUMENT_DRIFT.csv,1,671
/mnt/data/p1_v11_source_scan/src1/STEP10-A1_A2_B_C_D_CHAIN_RERUN-02_FULL_VERSION.zip,src1/__nested__/0018/STEP10-A1_A2_B_C_D_CHAIN_RERUN-02_FULL_VERSION/STEP10-D_RERUN-02_v1.2_FULL_VERSION/STEP10-D_SOURCE_HASH_MANIFEST.csv,1,1935
/mnt/data/p1_v11_source_scan/src1/STEP10-A1_A2_B_C_D_CHAIN_RERUN-02_FULL_VERSION.zip,src1/__nested__/0018/STEP10-A1_A2_B_C_D_CHAIN_RERUN-02_FULL_VERSION/STEP10-D_RERUN-02_v1.2_FULL_VERSION/STEP10-D_SOURCE_HASH_MANIFEST_LEGACY_PRESERVED.csv,1,256
/mnt/data/p1_v11_source_scan/src1/STEP10-A1_A2_B_C_D_CHAIN_RERUN-02_FULL_VERSION.zip,src1/__nested__/0018/STEP10-A1_A2_B_C_D_CHAIN_RERUN-02_FULL_VERSION/STEP10-D_RERUN-02_v1.2_FULL_VERSION/STEP10-D_UPSTREAM_REENTRY_REGISTER.csv,1,600
/mnt/data/p1_v11_source_scan/src1/STEP10-A1_A2_B_C_D_CHAIN_RERUN-02_FULL_VERSION.zip,src1/__nested__/0018/STEP10-A1_A2_B_C_D_CHAIN_RERUN-02_FULL_VERSION/STEP10-D_RERUN-02_v1.2_FULL_VERSION/STEP10-D_VALIDATION_GATE_MATRIX.csv,1,1438
/mnt/data/p1_v11_source_scan/src1/STEP10-A1_A2_B_C_D_CHAIN_RERUN-02_FULL_VERSION.zip,src1/__nested__/0018/STEP10-A1_A2_B_C_D_CHAIN_RERUN-02_FULL_VERSION/STEP10_CHAIN_SHA256_MANIFEST.csv,1,8757
/mnt/data/STEP SYNC CORE(20260907-081753).zip,src1/STEP10-E_RERUN-04_FINAL_CORRECTION_FULL_VERSION.zip,0,165267
/mnt/data/p1_v11_source_scan/src1/STEP10-E_RERUN-04_FINAL_CORRECTION_FULL_VERSION.zip,src1/__nested__/0019/CORRECTION/STEP10-E_RERUN-04_FINAL_CORRECTION_REGISTER.csv,1,2321
/mnt/data/p1_v11_source_scan/src1/STEP10-E_RERUN-04_FINAL_CORRECTION_FULL_VERSION.zip,src1/__nested__/0019/CORRECTION/STEP10-E_RERUN-04_MACHINE_VERIFICATION.json,1,2049
/mnt/data/p1_v11_source_scan/src1/STEP10-E_RERUN-04_FINAL_CORRECTION_FULL_VERSION.zip,src1/__nested__/0019/EVIDENCE/STEP10-A1_A2_B_C_D_CHAIN_RERUN-02_FULL_VERSION.zip,1,173343
/mnt/data/p1_v11_source_scan/src1/__nested__/0019/EVIDENCE/STEP10-A1_A2_B_C_D_CHAIN_RERUN-02_FULL_VERSION.zip,src1/__nested__/0019/__nested__/0020/STEP10-A1_A2_B_C_D_CHAIN_RERUN-02_FULL_VERSION/STEP10-A1_FULL_VERSION_RERUN_v2.2/STEP10-A1_CHAIN_SOURCE_AUTHORITY_MANIFEST_RERUN-02.csv,2,677
/mnt/data/p1_v11_source_scan/src1/__nested__/0019/EVIDENCE/STEP10-A1_A2_B_C_D_CHAIN_RERUN-02_FULL_VERSION.zip,src1/__nested__/0019/__nested__/0020/STEP10-A1_A2_B_C_D_CHAIN_RERUN-02_FULL_VERSION/STEP10-A1_FULL_VERSION_RERUN_v2.2/STEP10-A1_FULL_LOGICAL_ERD_REBUILD_RERUN_v2.2.md,2,7741
/mnt/data/p1_v11_source_scan/src1/__nested__/0019/EVIDENCE/STEP10-A1_A2_B_C_D_CHAIN_RERUN-02_FULL_VERSION.zip,src1/__nested__/0019/__nested__/0020/STEP10-A1_A2_B_C_D_CHAIN_RERUN-02_FULL_VERSION/STEP10-A1_FULL_VERSION_RERUN_v2.2/STEP10-A1_LOGICAL_ATTRIBUTE_REGISTER_94_FULL_RERUN_v2.2.csv,2,129164
/mnt/data/p1_v11_source_scan/src1/__nested__/0019/EVIDENCE/STEP10-A1_A2_B_C_D_CHAIN_RERUN-02_FULL_VERSION.zip,src1/__nested__/0019/__nested__/0020/STEP10-A1_A2_B_C_D_CHAIN_RERUN-02_FULL_VERSION/STEP10-A1_FULL_VERSION_RERUN_v2.2/STEP10-A1_LOGICAL_ERD_RELATIONSHIP_MATRIX_FULL_RERUN_v2.2.csv,2,34443
/mnt/data/p1_v11_source_scan/src1/__nested__/0019/EVIDENCE/STEP10-A1_A2_B_C_D_CHAIN_RERUN-02_FULL_VERSION.zip,src1/__nested__/0019/__nested__/0020/STEP10-A1_A2_B_C_D_CHAIN_RERUN-02_FULL_VERSION/STEP10-A1_FULL_VERSION_RERUN_v2.2/STEP10-A1_RERUN_FINDING_CORRECTION_REGISTER_v2.2.csv,2,2046
/mnt/data/p1_v11_source_scan/src1/__nested__/0019/EVIDENCE/STEP10-A1_A2_B_C_D_CHAIN_RERUN-02_FULL_VERSION.zip,src1/__nested__/0019/__nested__/0020/STEP10-A1_A2_B_C_D_CHAIN_RERUN-02_FULL_VERSION/STEP10-A1_FULL_VERSION_RERUN_v2.2/STEP10-A1_RERUN_SOURCE_HASH_MANIFEST_v2.1_LEGACY_PRESERVED.csv,2,2091
/mnt/data/p1_v11_source_scan/src1/__nested__/0019/EVIDENCE/STEP10-A1_A2_B_C_D_CHAIN_RERUN-02_FULL_VERSION.zip,src1/__nested__/0019/__nested__/0020/STEP10-A1_A2_B_C_D_CHAIN_RERUN-02_FULL_VERSION/STEP10-A1_FULL_VERSION_RERUN_v2.2/STEP10-A1_RERUN_SOURCE_HASH_MANIFEST_v2.2.csv,2,767
/mnt/data/p1_v11_source_scan/src1/__nested__/0019/EVIDENCE/STEP10-A1_A2_B_C_D_CHAIN_RERUN-02_FULL_VERSION.zip,src1/__nested__/0019/__nested__/0020/STEP10-A1_A2_B_C_D_CHAIN_RERUN-02_FULL_VERSION/STEP10-A1_FULL_VERSION_RERUN_v2.2/STEP10-A1_RERUN_VALIDATION_GATE_MATRIX_v2.2.csv,2,1481
/mnt/data/p1_v11_source_scan/src1/__nested__/0019/EVIDENCE/STEP10-A1_A2_B_C_D_CHAIN_RERUN-02_FULL_VERSION.zip,src1/__nested__/0019/__nested__/0020/STEP10-A1_A2_B_C_D_CHAIN_RERUN-02_FULL_VERSION/STEP10-A2_RERUN_v2.2_FULL_VERSION/STEP10-A2_CHAIN_SOURCE_AUTHORITY_MANIFEST_RERUN-02.csv,2,333
/mnt/data/p1_v11_source_scan/src1/__nested__/0019/EVIDENCE/STEP10-A1_A2_B_C_D_CHAIN_RERUN-02_FULL_VERSION.zip,src1/__nested__/0019/__nested__/0020/STEP10-A1_A2_B_C_D_CHAIN_RERUN-02_FULL_VERSION/STEP10-A2_RERUN_v2.2_FULL_VERSION/STEP10-A2_LOGICAL_ERD_VALIDATION_RECONCILIATION_RERUN_v2.2.md,2,6857
/mnt/data/p1_v11_source_scan/src1/__nested__/0019/EVIDENCE/STEP10-A1_A2_B_C_D_CHAIN_RERUN-02_FULL_VERSION.zip,src1/__nested__/0019/__nested__/0020/STEP10-A1_A2_B_C_D_CHAIN_RERUN-02_FULL_VERSION/STEP10-A2_RERUN_v2.2_FULL_VERSION/STEP10-A2_RERUN_EXCEPTION_CONFLICT_REGISTER_v2.2.csv,2,1242
/mnt/data/p1_v11_source_scan/src1/__nested__/0019/EVIDENCE/STEP10-A1_A2_B_C_D_CHAIN_RERUN-02_FULL_VERSION.zip,src1/__nested__/0019/__nested__/0020/STEP10-A1_A2_B_C_D_CHAIN_RERUN-02_FULL_VERSION/STEP10-A2_RERUN_v2.2_FULL_VERSION/STEP10-A2_RERUN_OUTPUT_MANIFEST_v2.2.md,2,257
/mnt/data/p1_v11_source_scan/src1/__nested__/0019/EVIDENCE/STEP10-A1_A2_B_C_D_CHAIN_RERUN-02_FULL_VERSION.zip,src1/__nested__/0019/__nested__/0020/STEP10-A1_A2_B_C_D_CHAIN_RERUN-02_FULL_VERSION/STEP10-A2_RERUN_v2.2_FULL_VERSION/STEP10-A2_RERUN_SOURCE_HASH_MANIFEST_v2.1_LEGACY_PRESERVED.csv,2,664
/mnt/data/p1_v11_source_scan/src1/__nested__/0019/EVIDENCE/STEP10-A1_A2_B_C_D_CHAIN_RERUN-02_FULL_VERSION.zip,src1/__nested__/0019/__nested__/0020/STEP10-A1_A2_B_C_D_CHAIN_RERUN-02_FULL_VERSION/STEP10-A2_RERUN_v2.2_FULL_VERSION/STEP10-A2_RERUN_SOURCE_HASH_MANIFEST_v2.2.csv,2,602
/mnt/data/p1_v11_source_scan/src1/__nested__/0019/EVIDENCE/STEP10-A1_A2_B_C_D_CHAIN_RERUN-02_FULL_VERSION.zip,src1/__nested__/0019/__nested__/0020/STEP10-A1_A2_B_C_D_CHAIN_RERUN-02_FULL_VERSION/STEP10-A2_RERUN_v2.2_FULL_VERSION/STEP10-A2_RERUN_VALIDATION_GATE_MATRIX_v2.2.csv,2,1952
/mnt/data/p1_v11_source_scan/src1/__nested__/0019/EVIDENCE/STEP10-A1_A2_B_C_D_CHAIN_RERUN-02_FULL_VERSION.zip,src1/__nested__/0019/__nested__/0020/STEP10-A1_A2_B_C_D_CHAIN_RERUN-02_FULL_VERSION/STEP10-B_FULL_VERSION_RERUN_v2.2/STEP10-B_CHAIN_SOURCE_AUTHORITY_MANIFEST_RERUN-02.csv,2,681
/mnt/data/p1_v11_source_scan/src1/__nested__/0019/EVIDENCE/STEP10-A1_A2_B_C_D_CHAIN_RERUN-02_FULL_VERSION.zip,src1/__nested__/0019/__nested__/0020/STEP10-A1_A2_B_C_D_CHAIN_RERUN-02_FULL_VERSION/STEP10-B_FULL_VERSION_RERUN_v2.2/STEP10-B_CONSTRAINT_FK_CARDINALITY_RECONCILIATION_RERUN_v2.2.csv,2,95800
/mnt/data/p1_v11_source_scan/src1/__nested__/0019/EVIDENCE/STEP10-A1_A2_B_C_D_CHAIN_RERUN-02_FULL_VERSION.zip,src1/__nested__/0019/__nested__/0020/STEP10-A1_A2_B_C_D_CHAIN_RERUN-02_FULL_VERSION/STEP10-B_FULL_VERSION_RERUN_v2.2/STEP10-B_DATABASE_DICTIONARY_FULL_RECONSTRUCTION_RERUN_v2.2.md,2,7772
/mnt/data/p1_v11_source_scan/src1/__nested__/0019/EVIDENCE/STEP10-A1_A2_B_C_D_CHAIN_RERUN-02_FULL_VERSION.zip,src1/__nested__/0019/__nested__/0020/STEP10-A1_A2_B_C_D_CHAIN_RERUN-02_FULL_VERSION/STEP10-B_FULL_VERSION_RERUN_v2.2/STEP10-B_EXCEPTION_CONFLICT_REGISTER_RERUN_v2.2.csv,2,3544
/mnt/data/p1_v11_source_scan/src1/__nested__/0019/EVIDENCE/STEP10-A1_A2_B_C_D_CHAIN_RERUN-02_FULL_VERSION.zip,src1/__nested__/0019/__nested__/0020/STEP10-A1_A2_B_C_D_CHAIN_RERUN-02_FULL_VERSION/STEP10-B_FULL_VERSION_RERUN_v2.2/STEP10-B_FULL_ATTRIBUTE_RECONCILIATION_MATRIX_RERUN_v2.2.csv,2,255053
/mnt/data/p1_v11_source_scan/src1/__nested__/0019/EVIDENCE/STEP10-A1_A2_B_C_D_CHAIN_RERUN-02_FULL_VERSION.zip,src1/__nested__/0019/__nested__/0020/STEP10-A1_A2_B_C_D_CHAIN_RERUN-02_FULL_VERSION/STEP10-B_FULL_VERSION_RERUN_v2.2/STEP10-B_LOGICAL_TO_PHYSICAL_MAPPING_MATRIX_RERUN_v2.2.csv,2,18914
/mnt/data/p1_v11_source_scan/src1/__nested__/0019/EVIDENCE/STEP10-A1_A2_B_C_D_CHAIN_RERUN-02_FULL_VERSION.zip,src1/__nested__/0019/__nested__/0020/STEP10-A1_A2_B_C_D_CHAIN_RERUN-02_FULL_VERSION/STEP10-B_FULL_VERSION_RERUN_v2.2/STEP10-B_OUTPUT_MANIFEST_RERUN_v2.2.md,2,1231
/mnt/data/p1_v11_source_scan/src1/__nested__/0019/EVIDENCE/STEP10-A1_A2_B_C_D_CHAIN_RERUN-02_FULL_VERSION.zip,src1/__nested__/0019/__nested__/0020/STEP10-A1_A2_B_C_D_CHAIN_RERUN-02_FULL_VERSION/STEP10-B_FULL_VERSION_RERUN_v2.2/STEP10-B_RELATIONSHIP_RECONCILIATION_MATRIX_RERUN_v2.2.csv,2,34443
/mnt/data/p1_v11_source_scan/src1/__nested__/0019/EVIDENCE/STEP10-A1_A2_B_C_D_CHAIN_RERUN-02_FULL_VERSION.zip,src1/__nested__/0019/__nested__/0020/STEP10-A1_A2_B_C_D_CHAIN_RERUN-02_FULL_VERSION/STEP10-B_FULL_VERSION_RERUN_v2.2/STEP10-B_SOURCE_AUTHORITY_PROVENANCE_MATRIX_RERUN_v2.2.csv,2,1170
/mnt/data/p1_v11_source_scan/src1/__nested__/0019/EVIDENCE/STEP10-A1_A2_B_C_D_CHAIN_RERUN-02_FULL_VERSION.zip,src1/__nested__/0019/__nested__/0020/STEP10-A1_A2_B_C_D_CHAIN_RERUN-02_FULL_VERSION/STEP10-B_FULL_VERSION_RERUN_v2.2/STEP10-B_SOURCE_HASH_MANIFEST_RERUN_v2.1_LEGACY_PRESERVED.csv,2,705
/mnt/data/p1_v11_source_scan/src1/__nested__/0019/EVIDENCE/STEP10-A1_A2_B_C_D_CHAIN_RERUN-02_FULL_VERSION.zip,src1/__nested__/0019/__nested__/0020/STEP10-A1_A2_B_C_D_CHAIN_RERUN-02_FULL_VERSION/STEP10-B_FULL_VERSION_RERUN_v2.2/STEP10-B_SOURCE_HASH_MANIFEST_RERUN_v2.2.csv,2,1369
/mnt/data/p1_v11_source_scan/src1/__nested__/0019/EVIDENCE/STEP10-A1_A2_B_C_D_CHAIN_RERUN-02_FULL_VERSION.zip,src1/__nested__/0019/__nested__/0020/STEP10-A1_A2_B_C_D_CHAIN_RERUN-02_FULL_VERSION/STEP10-B_FULL_VERSION_RERUN_v2.2/STEP10-B_VALIDATION_GATE_MATRIX_RERUN_v2.2.csv,2,2276
/mnt/data/p1_v11_source_scan/src1/__nested__/0019/EVIDENCE/STEP10-A1_A2_B_C_D_CHAIN_RERUN-02_FULL_VERSION.zip,src1/__nested__/0019/__nested__/0020/STEP10-A1_A2_B_C_D_CHAIN_RERUN-02_FULL_VERSION/STEP10-C_RERUN_v1.1_FULL_VERSION/STEP10-C_CHAIN_SOURCE_AUTHORITY_MANIFEST_RERUN-02.csv,2,653
/mnt/data/p1_v11_source_scan/src1/__nested__/0019/EVIDENCE/STEP10-A1_A2_B_C_D_CHAIN_RERUN-02_FULL_VERSION.zip,src1/__nested__/0019/__nested__/0020/STEP10-A1_A2_B_C_D_CHAIN_RERUN-02_FULL_VERSION/STEP10-C_RERUN_v1.1_FULL_VERSION/STEP10-C_DATABASE_DICTIONARY_RECONCILIATION_GATE_RERUN_v1.1.md,2,8621
/mnt/data/p1_v11_source_scan/src1/__nested__/0019/EVIDENCE/STEP10-A1_A2_B_C_D_CHAIN_RERUN-02_FULL_VERSION.zip,src1/__nested__/0019/__nested__/0020/STEP10-A1_A2_B_C_D_CHAIN_RERUN-02_FULL_VERSION/STEP10-C_RERUN_v1.1_FULL_VERSION/STEP10-C_ENTITY_FIELD_COVERAGE_RECONCILIATION_RERUN_v1.1.csv,2,9416
/mnt/data/p1_v11_source_scan/src1/__nested__/0019/EVIDENCE/STEP10-A1_A2_B_C_D_CHAIN_RERUN-02_FULL_VERSION.zip,src1/__nested__/0019/__nested__/0020/STEP10-A1_A2_B_C_D_CHAIN_RERUN-02_FULL_VERSION/STEP10-C_RERUN_v1.1_FULL_VERSION/STEP10-C_EXCEPTION_CONFLICT_REGISTER_RERUN_v1.1.csv,2,2471
/mnt/data/p1_v11_source_scan/src1/__nested__/0019/EVIDENCE/STEP10-A1_A2_B_C_D_CHAIN_RERUN-02_FULL_VERSION.zip,src1/__nested__/0019/__nested__/0020/STEP10-A1_A2_B_C_D_CHAIN_RERUN-02_FULL_VERSION/STEP10-C_RERUN_v1.1_FULL_VERSION/STEP10-C_FULL_ATTRIBUTE_RECONCILIATION_RERUN_v1.1.csv,2,335111
/mnt/data/p1_v11_source_scan/src1/__nested__/0019/EVIDENCE/STEP10-A1_A2_B_C_D_CHAIN_RERUN-02_FULL_VERSION.zip,src1/__nested__/0019/__nested__/0020/STEP10-A1_A2_B_C_D_CHAIN_RERUN-02_FULL_VERSION/STEP10-C_RERUN_v1.1_FULL_VERSION/STEP10-C_LIFECYCLE_HISTORICAL_PROVENANCE_AUDIT_RERUN_v1.1.csv,2,159532
/mnt/data/p1_v11_source_scan/src1/__nested__/0019/EVIDENCE/STEP10-A1_A2_B_C_D_CHAIN_RERUN-02_FULL_VERSION.zip,src1/__nested__/0019/__nested__/0020/STEP10-A1_A2_B_C_D_CHAIN_RERUN-02_FULL_VERSION/STEP10-C_RERUN_v1.1_FULL_VERSION/STEP10-C_OUTPUT_MANIFEST_RERUN_v1.1.md,2,1722
/mnt/data/p1_v11_source_scan/src1/__nested__/0019/EVIDENCE/STEP10-A1_A2_B_C_D_CHAIN_RERUN-02_FULL_VERSION.zip,src1/__nested__/0019/__nested__/0020/STEP10-A1_A2_B_C_D_CHAIN_RERUN-02_FULL_VERSION/STEP10-C_RERUN_v1.1_FULL_VERSION/STEP10-C_RELATIONSHIP_REFERENCE_CONSISTENCY_RECONCILIATION_RERUN_v1.1.csv,2,59981
/mnt/data/p1_v11_source_scan/src1/__nested__/0019/EVIDENCE/STEP10-A1_A2_B_C_D_CHAIN_RERUN-02_FULL_VERSION.zip,src1/__nested__/0019/__nested__/0020/STEP10-A1_A2_B_C_D_CHAIN_RERUN-02_FULL_VERSION/STEP10-C_RERUN_v1.1_FULL_VERSION/STEP10-C_SOURCE_AUTHORITY_PROVENANCE_MATRIX_RERUN_v1.1.csv,2,1554
/mnt/data/p1_v11_source_scan/src1/__nested__/0019/EVIDENCE/STEP10-A1_A2_B_C_D_CHAIN_RERUN-02_FULL_VERSION.zip,src1/__nested__/0019/__nested__/0020/STEP10-A1_A2_B_C_D_CHAIN_RERUN-02_FULL_VERSION/STEP10-C_RERUN_v1.1_FULL_VERSION/STEP10-C_SOURCE_HASH_MANIFEST_RERUN_v1.0_LEGACY_PRESERVED.csv,2,1384
/mnt/data/p1_v11_source_scan/src1/__nested__/0019/EVIDENCE/STEP10-A1_A2_B_C_D_CHAIN_RERUN-02_FULL_VERSION.zip,src1/__nested__/0019/__nested__/0020/STEP10-A1_A2_B_C_D_CHAIN_RERUN-02_FULL_VERSION/STEP10-C_RERUN_v1.1_FULL_VERSION/STEP10-C_SOURCE_HASH_MANIFEST_RERUN_v1.1.csv,2,1376
/mnt/data/p1_v11_source_scan/src1/__nested__/0019/EVIDENCE/STEP10-A1_A2_B_C_D_CHAIN_RERUN-02_FULL_VERSION.zip,src1/__nested__/0019/__nested__/0020/STEP10-A1_A2_B_C_D_CHAIN_RERUN-02_FULL_VERSION/STEP10-C_RERUN_v1.1_FULL_VERSION/STEP10-C_VALIDATION_GATE_MATRIX_RERUN_v1.1.csv,2,1876
/mnt/data/p1_v11_source_scan/src1/__nested__/0019/EVIDENCE/STEP10-A1_A2_B_C_D_CHAIN_RERUN-02_FULL_VERSION.zip,src1/__nested__/0019/__nested__/0020/STEP10-A1_A2_B_C_D_CHAIN_RERUN-02_FULL_VERSION/STEP10-D_RERUN-02_v1.2_FULL_VERSION/STEP10-D_ATTRIBUTE_TO_PHYSICAL_COLUMN_RECONCILIATION.csv,2,200690
/mnt/data/p1_v11_source_scan/src1/__nested__/0019/EVIDENCE/STEP10-A1_A2_B_C_D_CHAIN_RERUN-02_FULL_VERSION.zip,src1/__nested__/0019/__nested__/0020/STEP10-A1_A2_B_C_D_CHAIN_RERUN-02_FULL_VERSION/STEP10-D_RERUN-02_v1.2_FULL_VERSION/STEP10-D_CHAIN_SOURCE_AUTHORITY_MANIFEST_RERUN-02.csv,2,752
/mnt/data/p1_v11_source_scan/src1/__nested__/0019/EVIDENCE/STEP10-A1_A2_B_C_D_CHAIN_RERUN-02_FULL_VERSION.zip,src1/__nested__/0019/__nested__/0020/STEP10-A1_A2_B_C_D_CHAIN_RERUN-02_FULL_VERSION/STEP10-D_RERUN-02_v1.2_FULL_VERSION/STEP10-D_CONTROLLED_PHYSICAL_DELTA_REGISTER.csv,2,3633
/mnt/data/p1_v11_source_scan/src1/__nested__/0019/EVIDENCE/STEP10-A1_A2_B_C_D_CHAIN_RERUN-02_FULL_VERSION.zip,src1/__nested__/0019/__nested__/0020/STEP10-A1_A2_B_C_D_CHAIN_RERUN-02_FULL_VERSION/STEP10-D_RERUN-02_v1.2_FULL_VERSION/STEP10-D_DATABASE_SCHEMA_SYNCHRONIZATION_RERUN_v1.2.md,2,4800
/mnt/data/p1_v11_source_scan/src1/__nested__/0019/EVIDENCE/STEP10-A1_A2_B_C_D_CHAIN_RERUN-02_FULL_VERSION.zip,src1/__nested__/0019/__nested__/0020/STEP10-A1_A2_B_C_D_CHAIN_RERUN-02_FULL_VERSION/STEP10-D_RERUN-02_v1.2_FULL_VERSION/STEP10-D_DEEP_SCAN_INVENTORY.csv,2,1537
/mnt/data/p1_v11_source_scan/src1/__nested__/0019/EVIDENCE/STEP10-A1_A2_B_C_D_CHAIN_RERUN-02_FULL_VERSION.zip,src1/__nested__/0019/__nested__/0020/STEP10-A1_A2_B_C_D_CHAIN_RERUN-02_FULL_VERSION/STEP10-D_RERUN-02_v1.2_FULL_VERSION/STEP10-D_ENTITY_TO_PHYSICAL_TABLE_RECONCILIATION.csv,2,12059
/mnt/data/p1_v11_source_scan/src1/__nested__/0019/EVIDENCE/STEP10-A1_A2_B_C_D_CHAIN_RERUN-02_FULL_VERSION.zip,src1/__nested__/0019/__nested__/0020/STEP10-A1_A2_B_C_D_CHAIN_RERUN-02_FULL_VERSION/STEP10-D_RERUN-02_v1.2_FULL_VERSION/STEP10-D_MIGRATION_RESIDUAL_REGISTER.csv,2,996
/mnt/data/p1_v11_source_scan/src1/__nested__/0019/EVIDENCE/STEP10-A1_A2_B_C_D_CHAIN_RERUN-02_FULL_VERSION.zip,src1/__nested__/0019/__nested__/0020/STEP10-A1_A2_B_C_D_CHAIN_RERUN-02_FULL_VERSION/STEP10-D_RERUN-02_v1.2_FULL_VERSION/STEP10-D_OUTPUT_MANIFEST.md,2,939
/mnt/data/p1_v11_source_scan/src1/__nested__/0019/EVIDENCE/STEP10-A1_A2_B_C_D_CHAIN_RERUN-02_FULL_VERSION.zip,src1/__nested__/0019/__nested__/0020/STEP10-A1_A2_B_C_D_CHAIN_RERUN-02_FULL_VERSION/STEP10-D_RERUN-02_v1.2_FULL_VERSION/STEP10-D_OUTPUT_SHA256_MANIFEST.csv,2,1619
/mnt/data/p1_v11_source_scan/src1/__nested__/0019/EVIDENCE/STEP10-A1_A2_B_C_D_CHAIN_RERUN-02_FULL_VERSION.zip,src1/__nested__/0019/__nested__/0020/STEP10-A1_A2_B_C_D_CHAIN_RERUN-02_FULL_VERSION/STEP10-D_RERUN-02_v1.2_FULL_VERSION/STEP10-D_PHYSICAL_CONSTRAINT_INDEX_RECONCILIATION.csv,2,5085
/mnt/data/p1_v11_source_scan/src1/__nested__/0019/EVIDENCE/STEP10-A1_A2_B_C_D_CHAIN_RERUN-02_FULL_VERSION.zip,src1/__nested__/0019/__nested__/0020/STEP10-A1_A2_B_C_D_CHAIN_RERUN-02_FULL_VERSION/STEP10-D_RERUN-02_v1.2_FULL_VERSION/STEP10-D_RELATIONSHIP_FK_RECONCILIATION.csv,2,31503
/mnt/data/p1_v11_source_scan/src1/__nested__/0019/EVIDENCE/STEP10-A1_A2_B_C_D_CHAIN_RERUN-02_FULL_VERSION.zip,src1/__nested__/0019/__nested__/0020/STEP10-A1_A2_B_C_D_CHAIN_RERUN-02_FULL_VERSION/STEP10-D_RERUN-02_v1.2_FULL_VERSION/STEP10-D_RLS_PHYSICAL_DEPENDENCY_REGISTER.csv,2,4886
/mnt/data/p1_v11_source_scan/src1/__nested__/0019/EVIDENCE/STEP10-A1_A2_B_C_D_CHAIN_RERUN-02_FULL_VERSION.zip,src1/__nested__/0019/__nested__/0020/STEP10-A1_A2_B_C_D_CHAIN_RERUN-02_FULL_VERSION/STEP10-D_RERUN-02_v1.2_FULL_VERSION/STEP10-D_SCHEMA_REFERENCE_DOCUMENT_DRIFT.csv,2,671
/mnt/data/p1_v11_source_scan/src1/__nested__/0019/EVIDENCE/STEP10-A1_A2_B_C_D_CHAIN_RERUN-02_FULL_VERSION.zip,src1/__nested__/0019/__nested__/0020/STEP10-A1_A2_B_C_D_CHAIN_RERUN-02_FULL_VERSION/STEP10-D_RERUN-02_v1.2_FULL_VERSION/STEP10-D_SOURCE_HASH_MANIFEST.csv,2,1935
/mnt/data/p1_v11_source_scan/src1/__nested__/0019/EVIDENCE/STEP10-A1_A2_B_C_D_CHAIN_RERUN-02_FULL_VERSION.zip,src1/__nested__/0019/__nested__/0020/STEP10-A1_A2_B_C_D_CHAIN_RERUN-02_FULL_VERSION/STEP10-D_RERUN-02_v1.2_FULL_VERSION/STEP10-D_SOURCE_HASH_MANIFEST_LEGACY_PRESERVED.csv,2,256
/mnt/data/p1_v11_source_scan/src1/__nested__/0019/EVIDENCE/STEP10-A1_A2_B_C_D_CHAIN_RERUN-02_FULL_VERSION.zip,src1/__nested__/0019/__nested__/0020/STEP10-A1_A2_B_C_D_CHAIN_RERUN-02_FULL_VERSION/STEP10-D_RERUN-02_v1.2_FULL_VERSION/STEP10-D_UPSTREAM_REENTRY_REGISTER.csv,2,600
/mnt/data/p1_v11_source_scan/src1/__nested__/0019/EVIDENCE/STEP10-A1_A2_B_C_D_CHAIN_RERUN-02_FULL_VERSION.zip,src1/__nested__/0019/__nested__/0020/STEP10-A1_A2_B_C_D_CHAIN_RERUN-02_FULL_VERSION/STEP10-D_RERUN-02_v1.2_FULL_VERSION/STEP10-D_VALIDATION_GATE_MATRIX.csv,2,1438
/mnt/data/p1_v11_source_scan/src1/__nested__/0019/EVIDENCE/STEP10-A1_A2_B_C_D_CHAIN_RERUN-02_FULL_VERSION.zip,src1/__nested__/0019/__nested__/0020/STEP10-A1_A2_B_C_D_CHAIN_RERUN-02_FULL_VERSION/STEP10_CHAIN_SHA256_MANIFEST.csv,2,8757
/mnt/data/p1_v11_source_scan/src1/STEP10-E_RERUN-04_FINAL_CORRECTION_FULL_VERSION.zip,src1/__nested__/0019/MANIFEST/STEP10-E_RERUN-04_EVIDENCE_MANIFEST_SHA256.csv,1,152
/mnt/data/p1_v11_source_scan/src1/STEP10-E_RERUN-04_FINAL_CORRECTION_FULL_VERSION.zip,src1/__nested__/0019/MANIFEST/STEP10-E_RERUN-04_SOURCE_INPUT_MANIFEST.json,1,1137
/mnt/data/p1_v11_source_scan/src1/STEP10-E_RERUN-04_FINAL_CORRECTION_FULL_VERSION.zip,src1/__nested__/0019/README.md,1,304
/mnt/data/p1_v11_source_scan/src1/STEP10-E_RERUN-04_FINAL_CORRECTION_FULL_VERSION.zip,src1/__nested__/0019/STEP10-E_RERUN-04_DOWNSTREAM_HANDOFF_TO_STEP11.csv,1,2270
/mnt/data/p1_v11_source_scan/src1/STEP10-E_RERUN-04_FINAL_CORRECTION_FULL_VERSION.zip,src1/__nested__/0019/STEP10-E_RERUN-04_FINAL_DATA_LAYER_GATE_v1.0.md,1,4820
/mnt/data/STEP SYNC CORE(20260907-081753).zip,src1/STEP SYNC CORE/RUMAHAGEN_STEP09-F_FINAL_GATE_AND_DOWNSTREAM_HANDOFF_FULL_VERSION_v1.2_RERUN_01_CLEAN.zip,0,8005
/mnt/data/p1_v11_source_scan/src1/STEP SYNC CORE/RUMAHAGEN_STEP09-F_FINAL_GATE_AND_DOWNSTREAM_HANDOFF_FULL_VERSION_v1.2_RERUN_01_CLEAN.zip,src1/__nested__/0021/01_OUTPUT/STEP09-F_GATE_MATRIX_v1.2_RERUN_01.csv,1,1301
/mnt/data/p1_v11_source_scan/src1/STEP SYNC CORE/RUMAHAGEN_STEP09-F_FINAL_GATE_AND_DOWNSTREAM_HANDOFF_FULL_VERSION_v1.2_RERUN_01_CLEAN.zip,src1/__nested__/0021/01_OUTPUT/STEP09-F_HANDOFF_AUTHORITY_MANIFEST_v1.2_RERUN_01.csv,1,999
/mnt/data/p1_v11_source_scan/src1/STEP SYNC CORE/RUMAHAGEN_STEP09-F_FINAL_GATE_AND_DOWNSTREAM_HANDOFF_FULL_VERSION_v1.2_RERUN_01_CLEAN.zip,src1/__nested__/0021/01_OUTPUT/STEP09-F_FINAL_GATE_AND_DOWNSTREAM_HANDOFF_FULL_REBUILD_v1.2_RERUN_01.md,1,7044
/mnt/data/p1_v11_source_scan/src1/STEP SYNC CORE/RUMAHAGEN_STEP09-F_FINAL_GATE_AND_DOWNSTREAM_HANDOFF_FULL_VERSION_v1.2_RERUN_01_CLEAN.zip,src1/__nested__/0021/01_OUTPUT/STEP09-F_INPUT_EVIDENCE_SHA256_MANIFEST_v1.2_RERUN_01.csv,1,1114
/mnt/data/p1_v11_source_scan/src1/STEP SYNC CORE/RUMAHAGEN_STEP09-F_FINAL_GATE_AND_DOWNSTREAM_HANDOFF_FULL_VERSION_v1.2_RERUN_01_CLEAN.zip,src1/__nested__/0021/01_OUTPUT/STEP09-F_FINDING_RESOLUTION_REGISTER_v1.2_RERUN_01.csv,1,675
/mnt/data/p1_v11_source_scan/src1/STEP SYNC CORE/RUMAHAGEN_STEP09-F_FINAL_GATE_AND_DOWNSTREAM_HANDOFF_FULL_VERSION_v1.2_RERUN_01_CLEAN.zip,src1/__nested__/0021/02_CONTROL/STEP09-F_PACKAGE_HASH_POLICY_v1.2_RERUN_01.md,1,245
/mnt/data/p1_v11_source_scan/src1/STEP SYNC CORE/RUMAHAGEN_STEP09-F_FINAL_GATE_AND_DOWNSTREAM_HANDOFF_FULL_VERSION_v1.2_RERUN_01_CLEAN.zip,src1/__nested__/0021/02_CONTROL/STEP09-F_CONTROLLED_REENTRY_DECISION_RECORD_v1.2_RERUN_01.md,1,723
/mnt/data/p1_v11_source_scan/src1/STEP SYNC CORE/RUMAHAGEN_STEP09-F_FINAL_GATE_AND_DOWNSTREAM_HANDOFF_FULL_VERSION_v1.2_RERUN_01_CLEAN.zip,src1/__nested__/0021/02_CONTROL/STEP09-F_EVIDENCE_OUTPUT_SHA256_MANIFEST_v1.2_RERUN_01.txt,1,1459
/mnt/data/STEP SYNC CORE(20260907-081753).zip,src1/Step11 Sync core.zip,0,905550
/mnt/data/p1_v11_source_scan/src1/Step11 Sync core.zip,src1/__nested__/0022/STEP11-B2_LISTING_SEARCH_LEAD_REFRESH_API_SYNCHRONIZATION_FULL_DEEP_SCAN_v1.1_FINAL_CORRECTED.docx,1,49740
/mnt/data/p1_v11_source_scan/src1/Step11 Sync core.zip,src1/__nested__/0022/STEP11-B7_COMMERCIAL_PAYMENT_ENTITLEMENT_QUOTA_RECONCILIATION_API_SYNCHRONIZATION_FULL_DEEP_SCAN_v1.1_FINAL_CORRECTED.md,1,35280
/mnt/data/p1_v11_source_scan/src1/Step11 Sync core.zip,src1/__nested__/0022/STEP11-B6_ORGANIZATION_MEMBERSHIP_INVITATION_API_SYNCHRONIZATION_FULL_DEEP_SCAN_v1.2_FINAL_CORRECTED.md,1,34839
/mnt/data/p1_v11_source_scan/src1/Step11 Sync core.zip,src1/__nested__/0022/STEP11-B5_LEARNING_SESSION_ENROLLMENT_PROVIDER_EVIDENCE_API_SYNCHRONIZATION_FULL_DEEP_SCAN_v1.2_FINAL_CORRECTED.docx,1,50087
/mnt/data/p1_v11_source_scan/src1/Step11 Sync core.zip,src1/__nested__/0022/STEP11-B4_LEARNING_CATALOG_ACTIVITY_LEARNING_ECONOMY_API_SYNCHRONIZATION_FULL_DEEP_SCAN_v1.1_FINAL_CORRECTED.docx,1,52226
/mnt/data/p1_v11_source_scan/src1/Step11 Sync core.zip,src1/__nested__/0022/STEP11-B3_DEVELOPER_PROJECT_MEDIA_CLAIM_API_SYNCHRONIZATION_FULL_DEEP_SCAN_v1.1_FINAL_CORRECTED.docx,1,51490
/mnt/data/p1_v11_source_scan/src1/Step11 Sync core.zip,src1/__nested__/0022/STEP11-B1_IDENTITY_AUTH_PROFILE_API_SYNCHRONIZATION_FULL_DEEP_SCAN_v1.2_FINAL_CORRECTED.docx,1,47267
/mnt/data/p1_v11_source_scan/src1/Step11 Sync core.zip,src1/__nested__/0022/STEP11-A_EXISTING_API_BASELINE_PRESERVATION_ENDPOINT_INVENTORY_v1.3_FULL_REBUILD_CORRECTED.docx,1,56917
/mnt/data/p1_v11_source_scan/src1/Step11 Sync core.zip,src1/__nested__/0022/STEP11-00_INPUT_DEEP_SCAN_CURRENTNESS_AUTHORITY_GATE_RERUN-01_v1.0(1).docx,1,39563
/mnt/data/p1_v11_source_scan/src1/Step11 Sync core.zip,src1/__nested__/0022/STEP11-B8_M15_FULL_VERSION_PACKAGE_v1.0.zip,1,56840
/mnt/data/p1_v11_source_scan/src1/__nested__/0022/STEP11-B8_M15_FULL_VERSION_PACKAGE_v1.0.zip,src1/__nested__/0022/__nested__/0023/STEP11-B8_M15_QUALIFICATION_EVIDENCE_AWARDING_APPEAL_API_SYNCHRONIZATION_FULL_DEEP_SCAN_v1.0.md,2,32729
/mnt/data/p1_v11_source_scan/src1/__nested__/0022/STEP11-B8_M15_FULL_VERSION_PACKAGE_v1.0.zip,src1/__nested__/0022/__nested__/0023/STEP11-B8_M15_QUALIFICATION_EVIDENCE_AWARDING_APPEAL_API_SYNCHRONIZATION_FULL_DEEP_SCAN_v1.0.docx,2,49194
/mnt/data/p1_v11_source_scan/src1/__nested__/0022/STEP11-B8_M15_FULL_VERSION_PACKAGE_v1.0.zip,src1/__nested__/0022/__nested__/0023/STEP11-B8_MACHINE_REVALIDATION_v1.0.json,2,658
/mnt/data/p1_v11_source_scan/src1/Step11 Sync core.zip,src1/__nested__/0022/STEP11-C_CROSS_CUTTING_HTTP_API_CONTRACT_FULL_VERSION_PACKAGE_v1.2_FINAL_CORRECTED.zip,1,46452
/mnt/data/p1_v11_source_scan/src1/__nested__/0022/STEP11-C_CROSS_CUTTING_HTTP_API_CONTRACT_FULL_VERSION_PACKAGE_v1.2_FINAL_CORRECTED.zip,src1/__nested__/0022/__nested__/0024/STEP11-C_CONTROLLED_FINDING_REGISTER_v1.2_FINAL_CORRECTED.csv,2,4381
/mnt/data/p1_v11_source_scan/src1/__nested__/0022/STEP11-C_CROSS_CUTTING_HTTP_API_CONTRACT_FULL_VERSION_PACKAGE_v1.2_FINAL_CORRECTED.zip,src1/__nested__/0022/__nested__/0024/STEP11-C_CROSS_CUTTING_HTTP_API_CONTRACT_SYNCHRONIZATION_FULL_DEEP_SCAN_v1.2_FINAL_CORRECTED.docx,2,38405
/mnt/data/p1_v11_source_scan/src1/__nested__/0022/STEP11-C_CROSS_CUTTING_HTTP_API_CONTRACT_FULL_VERSION_PACKAGE_v1.2_FINAL_CORRECTED.zip,src1/__nested__/0022/__nested__/0024/STEP11-C_CROSS_CUTTING_HTTP_API_CONTRACT_SYNCHRONIZATION_FULL_DEEP_SCAN_v1.2_FINAL_CORRECTED.md,2,13383
/mnt/data/p1_v11_source_scan/src1/__nested__/0022/STEP11-C_CROSS_CUTTING_HTTP_API_CONTRACT_FULL_VERSION_PACKAGE_v1.2_FINAL_CORRECTED.zip,src1/__nested__/0022/__nested__/0024/STEP11-C_CURRENT_CORE_API_PROVENANCE_MATRIX_v1.2.csv,2,583
/mnt/data/p1_v11_source_scan/src1/__nested__/0022/STEP11-C_CROSS_CUTTING_HTTP_API_CONTRACT_FULL_VERSION_PACKAGE_v1.2_FINAL_CORRECTED.zip,src1/__nested__/0022/__nested__/0024/STEP11-C_HTTP_STATUS_MATRIX_v1.2.csv,2,188
/mnt/data/p1_v11_source_scan/src1/__nested__/0022/STEP11-C_CROSS_CUTTING_HTTP_API_CONTRACT_FULL_VERSION_PACKAGE_v1.2_FINAL_CORRECTED.zip,src1/__nested__/0022/__nested__/0024/STEP11-C_M01_M15_COVERAGE_MATRIX_v1.2.csv,2,637
/mnt/data/p1_v11_source_scan/src1/__nested__/0022/STEP11-C_CROSS_CUTTING_HTTP_API_CONTRACT_FULL_VERSION_PACKAGE_v1.2_FINAL_CORRECTED.zip,src1/__nested__/0022/__nested__/0024/STEP11-C_OUTPUT_SHA256_MANIFEST_v1.2.json,2,1644
/mnt/data/p1_v11_source_scan/src1/__nested__/0022/STEP11-C_CROSS_CUTTING_HTTP_API_CONTRACT_FULL_VERSION_PACKAGE_v1.2_FINAL_CORRECTED.zip,src1/__nested__/0022/__nested__/0024/STEP11-C_PAGINATION_RATE_IDEMPOTENCY_MATRIX_v1.2.csv,2,199
/mnt/data/p1_v11_source_scan/src1/__nested__/0022/STEP11-C_CROSS_CUTTING_HTTP_API_CONTRACT_FULL_VERSION_PACKAGE_v1.2_FINAL_CORRECTED.zip,src1/__nested__/0022/__nested__/0024/STEP11-C_POST_CORRECTION_DEEP_RESCAN_v1.2.json,2,508
/mnt/data/p1_v11_source_scan/src1/__nested__/0022/STEP11-C_CROSS_CUTTING_HTTP_API_CONTRACT_FULL_VERSION_PACKAGE_v1.2_FINAL_CORRECTED.zip,src1/__nested__/0022/__nested__/0024/STEP11-C_REQUEST_RESPONSE_CONTRACT_MATRIX_v1.2.csv,2,178
/mnt/data/p1_v11_source_scan/src1/Step11 Sync core.zip,src1/__nested__/0022/STEP11-B10_AI_PROVIDER_ADMIN_NOTIFICATION_LEGACY_FULL_VERSION_PACKAGE_v1.1_FINAL_CORRECTED.zip,1,52833
/mnt/data/p1_v11_source_scan/src1/__nested__/0022/STEP11-B10_AI_PROVIDER_ADMIN_NOTIFICATION_LEGACY_FULL_VERSION_PACKAGE_v1.1_FINAL_CORRECTED.zip,src1/__nested__/0022/__nested__/0025/STEP11-B10_AI_PROVIDER_ADMIN_NOTIFICATION_LEGACY_API_SYNCHRONIZATION_FULL_DEEP_SCAN_v1.1_FINAL_CORRECTED.md,2,21823
/mnt/data/p1_v11_source_scan/src1/__nested__/0022/STEP11-B10_AI_PROVIDER_ADMIN_NOTIFICATION_LEGACY_FULL_VERSION_PACKAGE_v1.1_FINAL_CORRECTED.zip,src1/__nested__/0022/__nested__/0025/STEP11-B10_AI_PROVIDER_ADMIN_NOTIFICATION_LEGACY_API_SYNCHRONIZATION_FULL_DEEP_SCAN_v1.1_FINAL_CORRECTED.docx,2,43935
/mnt/data/p1_v11_source_scan/src1/__nested__/0022/STEP11-B10_AI_PROVIDER_ADMIN_NOTIFICATION_LEGACY_FULL_VERSION_PACKAGE_v1.1_FINAL_CORRECTED.zip,src1/__nested__/0022/__nested__/0025/STEP11-B10_CONTROLLED_FINDING_REGISTER_v1.1_CORRECTED.csv,2,2861
/mnt/data/p1_v11_source_scan/src1/__nested__/0022/STEP11-B10_AI_PROVIDER_ADMIN_NOTIFICATION_LEGACY_FULL_VERSION_PACKAGE_v1.1_FINAL_CORRECTED.zip,src1/__nested__/0022/__nested__/0025/STEP11-B10_POST_CORRECTION_DEEP_RESCAN_v1.1.json,2,2651
/mnt/data/p1_v11_source_scan/src1/__nested__/0022/STEP11-B10_AI_PROVIDER_ADMIN_NOTIFICATION_LEGACY_FULL_VERSION_PACKAGE_v1.1_FINAL_CORRECTED.zip,src1/__nested__/0022/__nested__/0025/STEP11-B10_OUTPUT_SHA256_MANIFEST_v1.1_CORRECTED.json,2,2220
/mnt/data/p1_v11_source_scan/src1/Step11 Sync core.zip,src1/__nested__/0022/STEP11-B9_M11_FULL_VERSION_PACKAGE_v1.1_FINAL_CORRECTED.zip,1,50827
/mnt/data/p1_v11_source_scan/src1/__nested__/0022/STEP11-B9_M11_FULL_VERSION_PACKAGE_v1.1_FINAL_CORRECTED.zip,src1/__nested__/0022/__nested__/0026/STEP11-B9_M11_PUBLIC_DISCOVERY_STATIC_CONTENT_ANNOUNCEMENT_PROMOTION_API_SYNCHRONIZATION_FULL_DEEP_SCAN_v1.1_FINAL_CORRECTED.md,2,18119
/mnt/data/p1_v11_source_scan/src1/__nested__/0022/STEP11-B9_M11_FULL_VERSION_PACKAGE_v1.1_FINAL_CORRECTED.zip,src1/__nested__/0022/__nested__/0026/STEP11-B9_M11_PUBLIC_DISCOVERY_STATIC_CONTENT_ANNOUNCEMENT_PROMOTION_API_SYNCHRONIZATION_FULL_DEEP_SCAN_v1.1_FINAL_CORRECTED.docx,2,43093
/mnt/data/p1_v11_source_scan/src1/__nested__/0022/STEP11-B9_M11_FULL_VERSION_PACKAGE_v1.1_FINAL_CORRECTED.zip,src1/__nested__/0022/__nested__/0026/STEP11-B9_DS2_FINAL_REVALIDATION_v1.1.json,2,3283
/mnt/data/p1_v11_source_scan/src1/__nested__/0022/STEP11-B9_M11_FULL_VERSION_PACKAGE_v1.1_FINAL_CORRECTED.zip,src1/__nested__/0022/__nested__/0026/STEP11-B9_API_PRESERVATION_AND_CONTROLLED_GAP_REGISTER_v1.1.csv,2,1610
/mnt/data/p1_v11_source_scan/src1/__nested__/0022/STEP11-B9_M11_FULL_VERSION_PACKAGE_v1.1_FINAL_CORRECTED.zip,src1/__nested__/0022/__nested__/0026/STEP11-B9_POST_CORRECTION_DEEP_RESCAN_v1.1.json,2,436
/mnt/data/p1_v11_source_scan/src1/__nested__/0022/STEP11-B9_M11_FULL_VERSION_PACKAGE_v1.1_FINAL_CORRECTED.zip,src1/__nested__/0022/__nested__/0026/STEP11-B9_OUTPUT_SHA256_MANIFEST_v1.1.json,2,1036
/mnt/data/p1_v11_source_scan/src1/Step11 Sync core.zip,src1/__nested__/0022/STEP11-E_WEBHOOK_IDEMPOTENCY_CONCURRENCY_FULL_VERSION_PACKAGE_v1.2_FINAL_REBUILT (2).zip,1,122092
/mnt/data/p1_v11_source_scan/src1/__nested__/0022/STEP11-E_WEBHOOK_IDEMPOTENCY_CONCURRENCY_FULL_VERSION_PACKAGE_v1.2_FINAL_REBUILT (2).zip,src1/__nested__/0022/__nested__/0027/00_README_STEP11-E_v1.1_FINAL_CORRECTED.md,2,1111
/mnt/data/p1_v11_source_scan/src1/__nested__/0022/STEP11-E_WEBHOOK_IDEMPOTENCY_CONCURRENCY_FULL_VERSION_PACKAGE_v1.2_FINAL_REBUILT (2).zip,src1/__nested__/0022/__nested__/0027/00_README_STEP11-E_v1.2_FINAL_REBUILT.md,2,849
/mnt/data/p1_v11_source_scan/src1/__nested__/0022/STEP11-E_WEBHOOK_IDEMPOTENCY_CONCURRENCY_FULL_VERSION_PACKAGE_v1.2_FINAL_REBUILT (2).zip,src1/__nested__/0022/__nested__/0027/01_STEP11-E_FULL_DEEP_SCAN_REPORT_v1.1_FINAL_CORRECTED.md,2,12358
/mnt/data/p1_v11_source_scan/src1/__nested__/0022/STEP11-E_WEBHOOK_IDEMPOTENCY_CONCURRENCY_FULL_VERSION_PACKAGE_v1.2_FINAL_REBUILT (2).zip,src1/__nested__/0022/__nested__/0027/01_STEP11-E_FULL_DEEP_SCAN_REPORT_v1.2_FINAL_REBUILT.md,2,11226
/mnt/data/p1_v11_source_scan/src1/__nested__/0022/STEP11-E_WEBHOOK_IDEMPOTENCY_CONCURRENCY_FULL_VERSION_PACKAGE_v1.2_FINAL_REBUILT (2).zip,src1/__nested__/0022/__nested__/0027/02_STEP11-E_WEBHOOK_API_MATRIX.csv,2,1077
/mnt/data/p1_v11_source_scan/src1/__nested__/0022/STEP11-E_WEBHOOK_IDEMPOTENCY_CONCURRENCY_FULL_VERSION_PACKAGE_v1.2_FINAL_REBUILT (2).zip,src1/__nested__/0022/__nested__/0027/03_STEP11-E_IDEMPOTENCY_MATRIX.csv,2,1213
/mnt/data/p1_v11_source_scan/src1/__nested__/0022/STEP11-E_WEBHOOK_IDEMPOTENCY_CONCURRENCY_FULL_VERSION_PACKAGE_v1.2_FINAL_REBUILT (2).zip,src1/__nested__/0022/__nested__/0027/04_STEP11-E_CONCURRENCY_ATOMICITY_MATRIX.csv,2,1465
/mnt/data/p1_v11_source_scan/src1/__nested__/0022/STEP11-E_WEBHOOK_IDEMPOTENCY_CONCURRENCY_FULL_VERSION_PACKAGE_v1.2_FINAL_REBUILT (2).zip,src1/__nested__/0022/__nested__/0027/05_STEP11-E_RETRY_REPLAY_MATRIX.csv,2,776
/mnt/data/p1_v11_source_scan/src1/__nested__/0022/STEP11-E_WEBHOOK_IDEMPOTENCY_CONCURRENCY_FULL_VERSION_PACKAGE_v1.2_FINAL_REBUILT (2).zip,src1/__nested__/0022/__nested__/0027/06_STEP11-E_EVENT_PROPAGATION_MATRIX.csv,2,998
/mnt/data/p1_v11_source_scan/src1/__nested__/0022/STEP11-E_WEBHOOK_IDEMPOTENCY_CONCURRENCY_FULL_VERSION_PACKAGE_v1.2_FINAL_REBUILT (2).zip,src1/__nested__/0022/__nested__/0027/07_STEP11-E_PRODUCER_CONSUMER_EVENT_MATRIX.csv,2,804
/mnt/data/p1_v11_source_scan/src1/__nested__/0022/STEP11-E_WEBHOOK_IDEMPOTENCY_CONCURRENCY_FULL_VERSION_PACKAGE_v1.2_FINAL_REBUILT (2).zip,src1/__nested__/0022/__nested__/0027/08_STEP11-E_CROSS_MODULE_STATE_TRANSITION_MATRIX.csv,2,845
/mnt/data/p1_v11_source_scan/src1/__nested__/0022/STEP11-E_WEBHOOK_IDEMPOTENCY_CONCURRENCY_FULL_VERSION_PACKAGE_v1.2_FINAL_REBUILT (2).zip,src1/__nested__/0022/__nested__/0027/09_STEP11-E_CONTROLLED_GAP_REGISTER_v1.1.csv,2,2584
/mnt/data/p1_v11_source_scan/src1/__nested__/0022/STEP11-E_WEBHOOK_IDEMPOTENCY_CONCURRENCY_FULL_VERSION_PACKAGE_v1.2_FINAL_REBUILT (2).zip,src1/__nested__/0022/__nested__/0027/09_STEP11-E_CONTROLLED_GAP_REGISTER_v1.2.csv,2,2553
/mnt/data/p1_v11_source_scan/src1/__nested__/0022/STEP11-E_WEBHOOK_IDEMPOTENCY_CONCURRENCY_FULL_VERSION_PACKAGE_v1.2_FINAL_REBUILT (2).zip,src1/__nested__/0022/__nested__/0027/10_STEP11-E_CLOSED_FINDING_REGISTER.csv,2,610
/mnt/data/p1_v11_source_scan/src1/__nested__/0022/STEP11-E_WEBHOOK_IDEMPOTENCY_CONCURRENCY_FULL_VERSION_PACKAGE_v1.2_FINAL_REBUILT (2).zip,src1/__nested__/0022/__nested__/0027/11_STEP11-E_LEGACY_WEBHOOK_RECONCILIATION.csv,2,393
/mnt/data/p1_v11_source_scan/src1/__nested__/0022/STEP11-E_WEBHOOK_IDEMPOTENCY_CONCURRENCY_FULL_VERSION_PACKAGE_v1.2_FINAL_REBUILT (2).zip,src1/__nested__/0022/__nested__/0027/12_STEP11-E_AUTHORITY_BOUNDARY_REGISTER.csv,2,590
/mnt/data/p1_v11_source_scan/src1/__nested__/0022/STEP11-E_WEBHOOK_IDEMPOTENCY_CONCURRENCY_FULL_VERSION_PACKAGE_v1.2_FINAL_REBUILT (2).zip,src1/__nested__/0022/__nested__/0027/13_STEP11-E_RUNTIME_PROOF_BOUNDARY_REGISTER.csv,2,811
/mnt/data/p1_v11_source_scan/src1/__nested__/0022/STEP11-E_WEBHOOK_IDEMPOTENCY_CONCURRENCY_FULL_VERSION_PACKAGE_v1.2_FINAL_REBUILT (2).zip,src1/__nested__/0022/__nested__/0027/14_STEP11-E_CORE_V1_3_RESIDUAL_REGISTER.csv,2,510
/mnt/data/p1_v11_source_scan/src1/__nested__/0022/STEP11-E_WEBHOOK_IDEMPOTENCY_CONCURRENCY_FULL_VERSION_PACKAGE_v1.2_FINAL_REBUILT (2).zip,src1/__nested__/0022/__nested__/0027/14_STEP11-E_CORE_V1_3_RESIDUAL_REGISTER_v1.2.csv,2,999
/mnt/data/p1_v11_source_scan/src1/__nested__/0022/STEP11-E_WEBHOOK_IDEMPOTENCY_CONCURRENCY_FULL_VERSION_PACKAGE_v1.2_FINAL_REBUILT (2).zip,src1/__nested__/0022/__nested__/0027/15_STEP11-E_POST_CORRECTION_DEEP_RESCAN.json,2,992
/mnt/data/p1_v11_source_scan/src1/__nested__/0022/STEP11-E_WEBHOOK_IDEMPOTENCY_CONCURRENCY_FULL_VERSION_PACKAGE_v1.2_FINAL_REBUILT (2).zip,src1/__nested__/0022/__nested__/0027/15_STEP11-E_POST_CORRECTION_DEEP_RESCAN_v1.1.json,2,603
/mnt/data/p1_v11_source_scan/src1/__nested__/0022/STEP11-E_WEBHOOK_IDEMPOTENCY_CONCURRENCY_FULL_VERSION_PACKAGE_v1.2_FINAL_REBUILT (2).zip,src1/__nested__/0022/__nested__/0027/15_STEP11-E_POST_CORRECTION_DEEP_RESCAN_v1.2.json,2,550
/mnt/data/p1_v11_source_scan/src1/__nested__/0022/STEP11-E_WEBHOOK_IDEMPOTENCY_CONCURRENCY_FULL_VERSION_PACKAGE_v1.2_FINAL_REBUILT (2).zip,src1/__nested__/0022/__nested__/0027/16_STEP11-E_FINAL_GATE_SUMMARY.json,2,406
/mnt/data/p1_v11_source_scan/src1/__nested__/0022/STEP11-E_WEBHOOK_IDEMPOTENCY_CONCURRENCY_FULL_VERSION_PACKAGE_v1.2_FINAL_REBUILT (2).zip,src1/__nested__/0022/__nested__/0027/16_STEP11-E_FINAL_GATE_SUMMARY_v1.1.json,2,663
/mnt/data/p1_v11_source_scan/src1/__nested__/0022/STEP11-E_WEBHOOK_IDEMPOTENCY_CONCURRENCY_FULL_VERSION_PACKAGE_v1.2_FINAL_REBUILT (2).zip,src1/__nested__/0022/__nested__/0027/16_STEP11-E_FINAL_GATE_SUMMARY_v1.2.json,2,452
/mnt/data/p1_v11_source_scan/src1/__nested__/0022/STEP11-E_WEBHOOK_IDEMPOTENCY_CONCURRENCY_FULL_VERSION_PACKAGE_v1.2_FINAL_REBUILT (2).zip,src1/__nested__/0022/__nested__/0027/17_STEP11-E_SHA256_PROVENANCE_MANIFEST.json,2,1168
/mnt/data/p1_v11_source_scan/src1/__nested__/0022/STEP11-E_WEBHOOK_IDEMPOTENCY_CONCURRENCY_FULL_VERSION_PACKAGE_v1.2_FINAL_REBUILT (2).zip,src1/__nested__/0022/__nested__/0027/17_STEP11-E_SHA256_PROVENANCE_MANIFEST_v1.1.json,2,740
/mnt/data/p1_v11_source_scan/src1/__nested__/0022/STEP11-E_WEBHOOK_IDEMPOTENCY_CONCURRENCY_FULL_VERSION_PACKAGE_v1.2_FINAL_REBUILT (2).zip,src1/__nested__/0022/__nested__/0027/17_STEP11-E_SHA256_PROVENANCE_MANIFEST_v1.2.json,2,1443
/mnt/data/p1_v11_source_scan/src1/__nested__/0022/STEP11-E_WEBHOOK_IDEMPOTENCY_CONCURRENCY_FULL_VERSION_PACKAGE_v1.2_FINAL_REBUILT (2).zip,src1/__nested__/0022/__nested__/0027/18_STEP11-E_FULL_VERSION_REPORT_v1.1_FINAL_CORRECTED.docx,2,41743
/mnt/data/p1_v11_source_scan/src1/__nested__/0022/STEP11-E_WEBHOOK_IDEMPOTENCY_CONCURRENCY_FULL_VERSION_PACKAGE_v1.2_FINAL_REBUILT (2).zip,src1/__nested__/0022/__nested__/0027/18_STEP11-E_FULL_VERSION_REPORT_v1.2_FINAL_REBUILT.docx,2,41282
/mnt/data/p1_v11_source_scan/src1/__nested__/0022/STEP11-E_WEBHOOK_IDEMPOTENCY_CONCURRENCY_FULL_VERSION_PACKAGE_v1.2_FINAL_REBUILT (2).zip,src1/__nested__/0022/__nested__/0027/19_STEP11-E_ARTIFACT_SHA256_MANIFEST.json,2,3353
/mnt/data/p1_v11_source_scan/src1/__nested__/0022/STEP11-E_WEBHOOK_IDEMPOTENCY_CONCURRENCY_FULL_VERSION_PACKAGE_v1.2_FINAL_REBUILT (2).zip,src1/__nested__/0022/__nested__/0027/19_STEP11-E_ARTIFACT_SHA256_MANIFEST_v1.1.json,2,4537
/mnt/data/p1_v11_source_scan/src1/__nested__/0022/STEP11-E_WEBHOOK_IDEMPOTENCY_CONCURRENCY_FULL_VERSION_PACKAGE_v1.2_FINAL_REBUILT (2).zip,src1/__nested__/0022/__nested__/0027/19_STEP11-E_ARTIFACT_SHA256_MANIFEST_v1.2.json,2,4072
/mnt/data/p1_v11_source_scan/src1/__nested__/0022/STEP11-E_WEBHOOK_IDEMPOTENCY_CONCURRENCY_FULL_VERSION_PACKAGE_v1.2_FINAL_REBUILT (2).zip,src1/__nested__/0022/__nested__/0027/20_STEP11-E_M01_M15_SCOPE_COVERAGE_MATRIX_v1.1.csv,2,2649
/mnt/data/p1_v11_source_scan/src1/__nested__/0022/STEP11-E_WEBHOOK_IDEMPOTENCY_CONCURRENCY_FULL_VERSION_PACKAGE_v1.2_FINAL_REBUILT (2).zip,src1/__nested__/0022/__nested__/0027/20_STEP11-E_M01_M15_SCOPE_COVERAGE_MATRIX_v1.2.csv,2,1274
/mnt/data/p1_v11_source_scan/src1/__nested__/0022/STEP11-E_WEBHOOK_IDEMPOTENCY_CONCURRENCY_FULL_VERSION_PACKAGE_v1.2_FINAL_REBUILT (2).zip,src1/__nested__/0022/__nested__/0027/21_STEP11-E_CORE_V1_3_E_SCOPE_RECONCILIATION_v1.1.csv,2,1606
/mnt/data/p1_v11_source_scan/src1/__nested__/0022/STEP11-E_WEBHOOK_IDEMPOTENCY_CONCURRENCY_FULL_VERSION_PACKAGE_v1.2_FINAL_REBUILT (2).zip,src1/__nested__/0022/__nested__/0027/21_STEP11-E_CORE_V1_3_E_SCOPE_RECONCILIATION_v1.2.csv,2,551
/mnt/data/p1_v11_source_scan/src1/__nested__/0022/STEP11-E_WEBHOOK_IDEMPOTENCY_CONCURRENCY_FULL_VERSION_PACKAGE_v1.2_FINAL_REBUILT (2).zip,src1/__nested__/0022/__nested__/0027/22_STEP11-E_CORRECTION_DISPOSITION_REGISTER_v1.1.csv,2,2376
/mnt/data/p1_v11_source_scan/src1/__nested__/0022/STEP11-E_WEBHOOK_IDEMPOTENCY_CONCURRENCY_FULL_VERSION_PACKAGE_v1.2_FINAL_REBUILT (2).zip,src1/__nested__/0022/__nested__/0027/22_STEP11-E_CORRECTION_DISPOSITION_REGISTER_v1.2.csv,2,1857
/mnt/data/p1_v11_source_scan/src1/__nested__/0022/STEP11-E_WEBHOOK_IDEMPOTENCY_CONCURRENCY_FULL_VERSION_PACKAGE_v1.2_FINAL_REBUILT (2).zip,src1/__nested__/0022/__nested__/0027/23_STEP11-E_SOURCE_EVIDENCE_INDEX_v1.1.csv,2,785
/mnt/data/p1_v11_source_scan/src1/__nested__/0022/STEP11-E_WEBHOOK_IDEMPOTENCY_CONCURRENCY_FULL_VERSION_PACKAGE_v1.2_FINAL_REBUILT (2).zip,src1/__nested__/0022/__nested__/0027/23_STEP11-E_SOURCE_EVIDENCE_INDEX_v1.2.csv,2,1962
/mnt/data/p1_v11_source_scan/src1/__nested__/0022/STEP11-E_WEBHOOK_IDEMPOTENCY_CONCURRENCY_FULL_VERSION_PACKAGE_v1.2_FINAL_REBUILT (2).zip,src1/__nested__/0022/__nested__/0027/24_STEP11-E_V1_1_TO_V1_2_ARTIFACT_PRESERVATION_MANIFEST.json,2,3047
/mnt/data/p1_v11_source_scan/src1/__nested__/0022/STEP11-E_WEBHOOK_IDEMPOTENCY_CONCURRENCY_FULL_VERSION_PACKAGE_v1.2_FINAL_REBUILT (2).zip,src1/__nested__/0022/__nested__/0027/25_STEP11-E_FINAL_PACKAGE_ARTIFACT_MANIFEST.json,2,7163
/mnt/data/p1_v11_source_scan/src1/Step11 Sync core.zip,src1/__nested__/0022/STEP11-D_CROSS_MODULE_API_CONSISTENCY_FULL_VERSION_PACKAGE_v1.3_FINAL_CORRECTED_PRESERVATION_COMPLETE.zip,1,64866
/mnt/data/p1_v11_source_scan/src1/__nested__/0022/STEP11-D_CROSS_MODULE_API_CONSISTENCY_FULL_VERSION_PACKAGE_v1.3_FINAL_CORRECTED_PRESERVATION_COMPLETE.zip,src1/__nested__/0022/__nested__/0028/00_README_STEP11-D_v1.3_FINAL_CORRECTED.md,2,598
/mnt/data/p1_v11_source_scan/src1/__nested__/0022/STEP11-D_CROSS_MODULE_API_CONSISTENCY_FULL_VERSION_PACKAGE_v1.3_FINAL_CORRECTED_PRESERVATION_COMPLETE.zip,src1/__nested__/0022/__nested__/0028/00_STEP11-D_V1_1_V1_2_CONTENT_PRESERVATION_RECONCILIATION_v1.3.md,2,2174
/mnt/data/p1_v11_source_scan/src1/__nested__/0022/STEP11-D_CROSS_MODULE_API_CONSISTENCY_FULL_VERSION_PACKAGE_v1.3_FINAL_CORRECTED_PRESERVATION_COMPLETE.zip,src1/__nested__/0022/__nested__/0028/01_STEP11-D_FULL_DEEP_SCAN_REPORT_v1.3_FINAL_RECONCILED.docx,2,40309
/mnt/data/p1_v11_source_scan/src1/__nested__/0022/STEP11-D_CROSS_MODULE_API_CONSISTENCY_FULL_VERSION_PACKAGE_v1.3_FINAL_CORRECTED_PRESERVATION_COMPLETE.zip,src1/__nested__/0022/__nested__/0028/01_STEP11-D_FULL_DEEP_SCAN_REPORT_v1.3_FINAL_RECONCILED.md,2,11345
/mnt/data/p1_v11_source_scan/src1/__nested__/0022/STEP11-D_CROSS_MODULE_API_CONSISTENCY_FULL_VERSION_PACKAGE_v1.3_FINAL_CORRECTED_PRESERVATION_COMPLETE.zip,src1/__nested__/0022/__nested__/0028/02_M01_M15_DEPENDENCY_MATRIX_v1.3.csv,2,7213
/mnt/data/p1_v11_source_scan/src1/__nested__/0022/STEP11-D_CROSS_MODULE_API_CONSISTENCY_FULL_VERSION_PACKAGE_v1.3_FINAL_CORRECTED_PRESERVATION_COMPLETE.zip,src1/__nested__/0022/__nested__/0028/03_CROSS_MODULE_API_DEPENDENCY_MATRIX_v1.3.csv,2,3314
/mnt/data/p1_v11_source_scan/src1/__nested__/0022/STEP11-D_CROSS_MODULE_API_CONSISTENCY_FULL_VERSION_PACKAGE_v1.3_FINAL_CORRECTED_PRESERVATION_COMPLETE.zip,src1/__nested__/0022/__nested__/0028/04_AUTHORITY_DEPENDENCY_MATRIX_v1.3.csv,2,2951
/mnt/data/p1_v11_source_scan/src1/__nested__/0022/STEP11-D_CROSS_MODULE_API_CONSISTENCY_FULL_VERSION_PACKAGE_v1.3_FINAL_CORRECTED_PRESERVATION_COMPLETE.zip,src1/__nested__/0022/__nested__/0028/05_CORE_V1_3_STEP11_D_RESIDUAL_REGISTER_v1.3.csv,2,774
/mnt/data/p1_v11_source_scan/src1/__nested__/0022/STEP11-D_CROSS_MODULE_API_CONSISTENCY_FULL_VERSION_PACKAGE_v1.3_FINAL_CORRECTED_PRESERVATION_COMPLETE.zip,src1/__nested__/0022/__nested__/0028/06_API_PRODUCER_CONSUMER_MATRIX_v1.3.csv,2,603
/mnt/data/p1_v11_source_scan/src1/__nested__/0022/STEP11-D_CROSS_MODULE_API_CONSISTENCY_FULL_VERSION_PACKAGE_v1.3_FINAL_CORRECTED_PRESERVATION_COMPLETE.zip,src1/__nested__/0022/__nested__/0028/07_LIFECYCLE_DEPENDENCY_MATRIX_v1.3.csv,2,615
/mnt/data/p1_v11_source_scan/src1/__nested__/0022/STEP11-D_CROSS_MODULE_API_CONSISTENCY_FULL_VERSION_PACKAGE_v1.3_FINAL_CORRECTED_PRESERVATION_COMPLETE.zip,src1/__nested__/0022/__nested__/0028/08_RESOURCE_IDENTIFIER_DEPENDENCY_MATRIX_v1.3.csv,2,669
/mnt/data/p1_v11_source_scan/src1/__nested__/0022/STEP11-D_CROSS_MODULE_API_CONSISTENCY_FULL_VERSION_PACKAGE_v1.3_FINAL_CORRECTED_PRESERVATION_COMPLETE.zip,src1/__nested__/0022/__nested__/0028/09_CIRCULAR_DEPENDENCY_REGISTER_v1.3.csv,2,431
/mnt/data/p1_v11_source_scan/src1/__nested__/0022/STEP11-D_CROSS_MODULE_API_CONSISTENCY_FULL_VERSION_PACKAGE_v1.3_FINAL_CORRECTED_PRESERVATION_COMPLETE.zip,src1/__nested__/0022/__nested__/0028/10_CROSS_MODULE_ERROR_PROPAGATION_MATRIX_v1.3.csv,2,522
/mnt/data/p1_v11_source_scan/src1/__nested__/0022/STEP11-D_CROSS_MODULE_API_CONSISTENCY_FULL_VERSION_PACKAGE_v1.3_FINAL_CORRECTED_PRESERVATION_COMPLETE.zip,src1/__nested__/0022/__nested__/0028/11_SHARED_RESOURCE_CONFIGURATION_MATRIX_v1.3.csv,2,2228
/mnt/data/p1_v11_source_scan/src1/__nested__/0022/STEP11-D_CROSS_MODULE_API_CONSISTENCY_FULL_VERSION_PACKAGE_v1.3_FINAL_CORRECTED_PRESERVATION_COMPLETE.zip,src1/__nested__/0022/__nested__/0028/12_LEGACY_DEPENDENCY_RECONCILIATION_v1.3.csv,2,1139
/mnt/data/p1_v11_source_scan/src1/__nested__/0022/STEP11-D_CROSS_MODULE_API_CONSISTENCY_FULL_VERSION_PACKAGE_v1.3_FINAL_CORRECTED_PRESERVATION_COMPLETE.zip,src1/__nested__/0022/__nested__/0028/13_C_CONTROLLED_GAP_CLOSURE_REGISTER_v1.3.csv,2,1780
/mnt/data/p1_v11_source_scan/src1/__nested__/0022/STEP11-D_CROSS_MODULE_API_CONSISTENCY_FULL_VERSION_PACKAGE_v1.3_FINAL_CORRECTED_PRESERVATION_COMPLETE.zip,src1/__nested__/0022/__nested__/0028/14_CROSS_MODULE_CONFLICT_RECONCILIATION_REGISTER_v1.3.csv,2,679
/mnt/data/p1_v11_source_scan/src1/__nested__/0022/STEP11-D_CROSS_MODULE_API_CONSISTENCY_FULL_VERSION_PACKAGE_v1.3_FINAL_CORRECTED_PRESERVATION_COMPLETE.zip,src1/__nested__/0022/__nested__/0028/15_CONTROLLED_FINDING_REGISTER_v1.3.csv,2,11874
/mnt/data/p1_v11_source_scan/src1/__nested__/0022/STEP11-D_CROSS_MODULE_API_CONSISTENCY_FULL_VERSION_PACKAGE_v1.3_FINAL_CORRECTED_PRESERVATION_COMPLETE.zip,src1/__nested__/0022/__nested__/0028/16_POST_CORRECTION_DEEP_RESCAN_v1.3.json,2,408
/mnt/data/p1_v11_source_scan/src1/__nested__/0022/STEP11-D_CROSS_MODULE_API_CONSISTENCY_FULL_VERSION_PACKAGE_v1.3_FINAL_CORRECTED_PRESERVATION_COMPLETE.zip,src1/__nested__/0022/__nested__/0028/17_SHA256_PROVENANCE_MANIFEST_v1.3.json,2,464
/mnt/data/p1_v11_source_scan/src1/__nested__/0022/STEP11-D_CROSS_MODULE_API_CONSISTENCY_FULL_VERSION_PACKAGE_v1.3_FINAL_CORRECTED_PRESERVATION_COMPLETE.zip,src1/__nested__/0022/__nested__/0028/18_ARTIFACT_SHA256_MANIFEST_v1.3.json,2,3417
/mnt/data/p1_v11_source_scan/src1/__nested__/0022/STEP11-D_CROSS_MODULE_API_CONSISTENCY_FULL_VERSION_PACKAGE_v1.3_FINAL_CORRECTED_PRESERVATION_COMPLETE.zip,src1/__nested__/0022/__nested__/0028/18_PACKAGE_FINAL_GATE_SUMMARY_v1.3.json,2,609
/mnt/data/p1_v11_source_scan/src1/__nested__/0022/STEP11-D_CROSS_MODULE_API_CONSISTENCY_FULL_VERSION_PACKAGE_v1.3_FINAL_CORRECTED_PRESERVATION_COMPLETE.zip,src1/__nested__/0022/__nested__/0028/19_ARTIFACT_SHA256_MANIFEST_v1.3.json,2,3221
/mnt/data/p1_v11_source_scan/src1/__nested__/0022/STEP11-D_CROSS_MODULE_API_CONSISTENCY_FULL_VERSION_PACKAGE_v1.3_FINAL_CORRECTED_PRESERVATION_COMPLETE.zip,src1/__nested__/0022/__nested__/0028/19_PACKAGE_FINAL_GATE_SUMMARY.json,2,511
/mnt/data/p1_v11_source_scan/src1/__nested__/0022/STEP11-D_CROSS_MODULE_API_CONSISTENCY_FULL_VERSION_PACKAGE_v1.3_FINAL_CORRECTED_PRESERVATION_COMPLETE.zip,src1/__nested__/0022/__nested__/0028/20_CONTENT_PRESERVATION_AUDIT_v1.3.json,2,2521
/mnt/data/p1_v11_source_scan/src1/Step11 Sync core.zip,src1/__nested__/0022/STEP11-F_v1.1_FULL_VERSION_GOVERNANCE_CORRECTED_DEEP_SCAN.zip,1,47315
/mnt/data/p1_v11_source_scan/src1/__nested__/0022/STEP11-F_v1.1_FULL_VERSION_GOVERNANCE_CORRECTED_DEEP_SCAN.zip,src1/__nested__/0022/__nested__/0029/STEP11-F_v1.1_FULL_VERSION_GOVERNANCE_CORRECTED_DEEP_SCAN.md,2,13825
/mnt/data/p1_v11_source_scan/src1/__nested__/0022/STEP11-F_v1.1_FULL_VERSION_GOVERNANCE_CORRECTED_DEEP_SCAN.zip,src1/__nested__/0022/__nested__/0029/STEP11-F_v1.1_FULL_VERSION_GOVERNANCE_CORRECTED_DEEP_SCAN.docx,2,42047
/mnt/data/p1_v11_source_scan/src1/__nested__/0022/STEP11-F_v1.1_FULL_VERSION_GOVERNANCE_CORRECTED_DEEP_SCAN.zip,src1/__nested__/0022/__nested__/0029/STEP11-F_v1.1_CORE_PROPAGATION_MATRIX.csv,2,4024
/mnt/data/p1_v11_source_scan/src1/__nested__/0022/STEP11-F_v1.1_FULL_VERSION_GOVERNANCE_CORRECTED_DEEP_SCAN.zip,src1/__nested__/0022/__nested__/0029/STEP11-F_v1.1_OUTPUT_MANIFEST_SHA256.csv,2,400
/mnt/data/p1_v11_source_scan/src1/Step11 Sync core.zip,src1/__nested__/0022/STEP11_A_TO_F_FULL_CORE_UPDATE_REBUILD_v2.0_FINAL_FULL_VERSION.zip,1,19376
/mnt/data/p1_v11_source_scan/src1/__nested__/0022/STEP11_A_TO_F_FULL_CORE_UPDATE_REBUILD_v2.0_FINAL_FULL_VERSION.zip,src1/__nested__/0022/__nested__/0030/00_README_STEP11_A_TO_F_v2.0.md,2,3024
/mnt/data/p1_v11_source_scan/src1/__nested__/0022/STEP11_A_TO_F_FULL_CORE_UPDATE_REBUILD_v2.0_FINAL_FULL_VERSION.zip,src1/__nested__/0022/__nested__/0030/01_STEP11_A_TO_F_FULL_DEEP_SCAN_REPORT_v2.0.md,2,4899
/mnt/data/p1_v11_source_scan/src1/__nested__/0022/STEP11_A_TO_F_FULL_CORE_UPDATE_REBUILD_v2.0_FINAL_FULL_VERSION.zip,src1/__nested__/0022/__nested__/0030/02_STEP11_API_CORE_UPDATE_ROUTE_REGISTER_v2.0.csv,2,25480
/mnt/data/p1_v11_source_scan/src1/__nested__/0022/STEP11_A_TO_F_FULL_CORE_UPDATE_REBUILD_v2.0_FINAL_FULL_VERSION.zip,src1/__nested__/0022/__nested__/0030/03_STEP11_M01_M15_CORE_UPDATE_DISPOSITION_223_v2.0.csv,2,82037
/mnt/data/p1_v11_source_scan/src1/__nested__/0022/STEP11_A_TO_F_FULL_CORE_UPDATE_REBUILD_v2.0_FINAL_FULL_VERSION.zip,src1/__nested__/0022/__nested__/0030/04_STEP11_CORE_UPDATE_FINDING_REGISTER_v2.0.csv,2,3495
/mnt/data/p1_v11_source_scan/src1/__nested__/0022/STEP11_A_TO_F_FULL_CORE_UPDATE_REBUILD_v2.0_FINAL_FULL_VERSION.zip,src1/__nested__/0022/__nested__/0030/05_STEP11_AUTHORITY_CORE_PROPAGATION_MATRIX_v2.0.csv,2,1540
/mnt/data/p1_v11_source_scan/src1/__nested__/0022/STEP11_A_TO_F_FULL_CORE_UPDATE_REBUILD_v2.0_FINAL_FULL_VERSION.zip,src1/__nested__/0022/__nested__/0030/06_STEP11-F_GATE_AND_STEP11-G_HANDOFF_v2.0.md,2,1651
/mnt/data/p1_v11_source_scan/src1/__nested__/0022/STEP11_A_TO_F_FULL_CORE_UPDATE_REBUILD_v2.0_FINAL_FULL_VERSION.zip,src1/__nested__/0022/__nested__/0030/07_STEP11_PROVENANCE_SHA256_MANIFEST_v2.0.csv,2,2687
/mnt/data/p1_v11_source_scan/src1/__nested__/0022/STEP11_A_TO_F_FULL_CORE_UPDATE_REBUILD_v2.0_FINAL_FULL_VERSION.zip,src1/__nested__/0022/__nested__/0030/08_STEP11_SECOND_DEEP_SCAN_v2.0.md,2,759
/mnt/data/p1_v11_source_scan/src1/__nested__/0022/STEP11_A_TO_F_FULL_CORE_UPDATE_REBUILD_v2.0_FINAL_FULL_VERSION.zip,src1/__nested__/0022/__nested__/0030/09_STEP11_MACHINE_SUMMARY_v2.0.json,2,1251
/mnt/data/p1_v11_source_scan/src1/Step11 Sync core.zip,src1/__nested__/0022/STEP11-G_v1.2_FULL_VERSION_CORE_SYNC_REVALIDATED_DEEP_SCAN.zip,1,50597
/mnt/data/p1_v11_source_scan/src1/__nested__/0022/STEP11-G_v1.2_FULL_VERSION_CORE_SYNC_REVALIDATED_DEEP_SCAN.zip,src1/__nested__/0022/__nested__/0031/STEP11-G_v1.2_FULL_VERSION_CORE_SYNC_REVALIDATED_DEEP_SCAN.md,2,12044
/mnt/data/p1_v11_source_scan/src1/__nested__/0022/STEP11-G_v1.2_FULL_VERSION_CORE_SYNC_REVALIDATED_DEEP_SCAN.zip,src1/__nested__/0022/__nested__/0031/STEP11-G_v1.2_MASTER_REALIZATION_AND_CORE_SYNC_REGISTER.csv,2,26133
/mnt/data/p1_v11_source_scan/src1/__nested__/0022/STEP11-G_v1.2_FULL_VERSION_CORE_SYNC_REVALIDATED_DEEP_SCAN.zip,src1/__nested__/0022/__nested__/0031/STEP11-G_v1.2_CORE_v1.3_SCOPE_G_SYNCHRONIZATION_MATRIX.csv,2,4742
/mnt/data/p1_v11_source_scan/src1/__nested__/0022/STEP11-G_v1.2_FULL_VERSION_CORE_SYNC_REVALIDATED_DEEP_SCAN.zip,src1/__nested__/0022/__nested__/0031/STEP11-G_v1.2_M01-M15_G_REALIZATION_COVERAGE.csv,2,1074
/mnt/data/p1_v11_source_scan/src1/__nested__/0022/STEP11-G_v1.2_FULL_VERSION_CORE_SYNC_REVALIDATED_DEEP_SCAN.zip,src1/__nested__/0022/__nested__/0031/STEP11-G_v1.2_SOURCE_PACKAGE_MANIFEST_SHA256.csv,2,794
/mnt/data/p1_v11_source_scan/src1/__nested__/0022/STEP11-G_v1.2_FULL_VERSION_CORE_SYNC_REVALIDATED_DEEP_SCAN.zip,src1/__nested__/0022/__nested__/0031/STEP11-G_v1.2_FULL_VERSION_CORE_SYNC_REVALIDATED_DEEP_SCAN.docx,2,37913
/mnt/data/p1_v11_source_scan/src1/__nested__/0022/STEP11-G_v1.2_FULL_VERSION_CORE_SYNC_REVALIDATED_DEEP_SCAN.zip,src1/__nested__/0022/__nested__/0031/STEP11-G_v1.2_MACHINE_SUMMARY.json,2,949
/mnt/data/p1_v11_source_scan/src1/__nested__/0022/STEP11-G_v1.2_FULL_VERSION_CORE_SYNC_REVALIDATED_DEEP_SCAN.zip,src1/__nested__/0022/__nested__/0031/STEP11-G_v1.2_OUTPUT_MANIFEST_SHA256.csv,2,903
/mnt/data/p1_v11_source_scan/src1/Step11 Sync core.zip,src1/__nested__/0022/STEP11-H_v1.1_FINAL_API_GATE_STEP12_HANDOFF_CORE_REVALIDATED.zip,1,50409
/mnt/data/p1_v11_source_scan/src1/__nested__/0022/STEP11-H_v1.1_FINAL_API_GATE_STEP12_HANDOFF_CORE_REVALIDATED.zip,src1/__nested__/0022/__nested__/0032/STEP11-H_v1.1_OUTPUT_MANIFEST_SHA256.csv,2,835
/mnt/data/p1_v11_source_scan/src1/__nested__/0022/STEP11-H_v1.1_FINAL_API_GATE_STEP12_HANDOFF_CORE_REVALIDATED.zip,src1/__nested__/0022/__nested__/0032/STEP11-H_v1.1_FINAL_API_GATE_STEP12_HANDOFF.md,2,8250
/mnt/data/p1_v11_source_scan/src1/__nested__/0022/STEP11-H_v1.1_FINAL_API_GATE_STEP12_HANDOFF_CORE_REVALIDATED.zip,src1/__nested__/0022/__nested__/0032/STEP11-H_v1.1_MACHINE_SUMMARY.json,2,1031
/mnt/data/p1_v11_source_scan/src1/__nested__/0022/STEP11-H_v1.1_FINAL_API_GATE_STEP12_HANDOFF_CORE_REVALIDATED.zip,src1/__nested__/0022/__nested__/0032/STEP11-H_v1.1_SOURCE_PACKAGE_MANIFEST_SHA256.csv,2,928
/mnt/data/p1_v11_source_scan/src1/__nested__/0022/STEP11-H_v1.1_FINAL_API_GATE_STEP12_HANDOFF_CORE_REVALIDATED.zip,src1/__nested__/0022/__nested__/0032/STEP11-H_v1.1_FINAL_API_GATE_STEP12_HANDOFF.docx,2,40131
/mnt/data/p1_v11_source_scan/src1/__nested__/0022/STEP11-H_v1.1_FINAL_API_GATE_STEP12_HANDOFF_CORE_REVALIDATED.zip,src1/__nested__/0022/__nested__/0032/STEP11-H_v1.1_M01-M15_SCOPE_H_COVERAGE_MATRIX.csv,2,3856
/mnt/data/p1_v11_source_scan/src1/__nested__/0022/STEP11-H_v1.1_FINAL_API_GATE_STEP12_HANDOFF_CORE_REVALIDATED.zip,src1/__nested__/0022/__nested__/0032/STEP11-H_v1.1_FINAL_GATE_FINDING_REGISTER.csv,2,12711
/mnt/data/p1_v11_source_scan/src1/__nested__/0022/STEP11-H_v1.1_FINAL_API_GATE_STEP12_HANDOFF_CORE_REVALIDATED.zip,src1/__nested__/0022/__nested__/0032/STEP11-H_v1.1_GATE_MATRIX.csv,2,2285
/mnt/data/STEP SYNC CORE(20260907-081753).zip,src1/step12 sync core.zip,0,506801
/mnt/data/p1_v11_source_scan/src1/step12 sync core.zip,src1/__nested__/0033/STEP12-H_FINAL_RBAC_RLS_GATE_STEP13_HANDOFF_FULL_VERSION_v1.1_FULL_REBUILD.zip,1,12552
/mnt/data/p1_v11_source_scan/src1/__nested__/0033/STEP12-H_FINAL_RBAC_RLS_GATE_STEP13_HANDOFF_FULL_VERSION_v1.1_FULL_REBUILD.zip,src1/__nested__/0033/__nested__/0034/README.md,2,345
/mnt/data/p1_v11_source_scan/src1/__nested__/0033/STEP12-H_FINAL_RBAC_RLS_GATE_STEP13_HANDOFF_FULL_VERSION_v1.1_FULL_REBUILD.zip,src1/__nested__/0033/__nested__/0034/STEP12-H_AUTHORITY_RBAC_FINAL_RECONCILIATION.csv,2,2321
/mnt/data/p1_v11_source_scan/src1/__nested__/0033/STEP12-H_FINAL_RBAC_RLS_GATE_STEP13_HANDOFF_FULL_VERSION_v1.1_FULL_REBUILD.zip,src1/__nested__/0033/__nested__/0034/STEP12-H_CAPABILITY_API_RECONCILIATION.csv,2,3984
/mnt/data/p1_v11_source_scan/src1/__nested__/0033/STEP12-H_FINAL_RBAC_RLS_GATE_STEP13_HANDOFF_FULL_VERSION_v1.1_FULL_REBUILD.zip,src1/__nested__/0033/__nested__/0034/STEP12-H_CONTROLLED_RESIDUAL_REGISTER.csv,2,1891
/mnt/data/p1_v11_source_scan/src1/__nested__/0033/STEP12-H_FINAL_RBAC_RLS_GATE_STEP13_HANDOFF_FULL_VERSION_v1.1_FULL_REBUILD.zip,src1/__nested__/0033/__nested__/0034/STEP12-H_CORE_V1_3_PRESERVATION_AUDIT.csv,2,2443
/mnt/data/p1_v11_source_scan/src1/__nested__/0033/STEP12-H_FINAL_RBAC_RLS_GATE_STEP13_HANDOFF_FULL_VERSION_v1.1_FULL_REBUILD.zip,src1/__nested__/0033/__nested__/0034/STEP12-H_FINAL_GATE_MATRIX.csv,2,1485
/mnt/data/p1_v11_source_scan/src1/__nested__/0033/STEP12-H_FINAL_RBAC_RLS_GATE_STEP13_HANDOFF_FULL_VERSION_v1.1_FULL_REBUILD.zip,src1/__nested__/0033/__nested__/0034/STEP12-H_FINAL_RBAC_RLS_GATE_STEP13_HANDOFF_FULL_VERSION.md,2,3555
/mnt/data/p1_v11_source_scan/src1/__nested__/0033/STEP12-H_FINAL_RBAC_RLS_GATE_STEP13_HANDOFF_FULL_VERSION_v1.1_FULL_REBUILD.zip,src1/__nested__/0033/__nested__/0034/STEP12-H_PERMISSION_PRESET_FINAL_AUDIT.csv,2,1011
/mnt/data/p1_v11_source_scan/src1/__nested__/0033/STEP12-H_FINAL_RBAC_RLS_GATE_STEP13_HANDOFF_FULL_VERSION_v1.1_FULL_REBUILD.zip,src1/__nested__/0033/__nested__/0034/STEP12-H_PORTABLE_CHECKPOINT.json,2,673
/mnt/data/p1_v11_source_scan/src1/__nested__/0033/STEP12-H_FINAL_RBAC_RLS_GATE_STEP13_HANDOFF_FULL_VERSION_v1.1_FULL_REBUILD.zip,src1/__nested__/0033/__nested__/0034/STEP12-H_RLS_COVERAGE_HANDOFF_SNAPSHOT.csv,2,9857
/mnt/data/p1_v11_source_scan/src1/__nested__/0033/STEP12-H_FINAL_RBAC_RLS_GATE_STEP13_HANDOFF_FULL_VERSION_v1.1_FULL_REBUILD.zip,src1/__nested__/0033/__nested__/0034/STEP12-H_SHA256_SOURCE_MANIFEST.csv,2,2097
/mnt/data/p1_v11_source_scan/src1/__nested__/0033/STEP12-H_FINAL_RBAC_RLS_GATE_STEP13_HANDOFF_FULL_VERSION_v1.1_FULL_REBUILD.zip,src1/__nested__/0033/__nested__/0034/STEP12-H_SOURCE_DEEP_SCAN_INVENTORY.csv,2,2117
/mnt/data/p1_v11_source_scan/src1/__nested__/0033/STEP12-H_FINAL_RBAC_RLS_GATE_STEP13_HANDOFF_FULL_VERSION_v1.1_FULL_REBUILD.zip,src1/__nested__/0033/__nested__/0034/STEP12-H_v1.1_SECOND_DEEP_SCAN_REPORT.txt,2,802
/mnt/data/p1_v11_source_scan/src1/step12 sync core.zip,src1/__nested__/0033/STEP12-G_PHYSICAL_RLS_RUNTIME_RESIDUAL_GATE_FULL_VERSION_v1.4_FULL_REBUILD.zip,1,71687
/mnt/data/p1_v11_source_scan/src1/__nested__/0033/STEP12-G_PHYSICAL_RLS_RUNTIME_RESIDUAL_GATE_FULL_VERSION_v1.4_FULL_REBUILD.zip,src1/__nested__/0033/__nested__/0035/README.md,2,955
/mnt/data/p1_v11_source_scan/src1/__nested__/0033/STEP12-G_PHYSICAL_RLS_RUNTIME_RESIDUAL_GATE_FULL_VERSION_v1.4_FULL_REBUILD.zip,src1/__nested__/0033/__nested__/0035/STEP12-G_API_RLS_CONSISTENCY_MATRIX.csv,2,23315
/mnt/data/p1_v11_source_scan/src1/__nested__/0033/STEP12-G_PHYSICAL_RLS_RUNTIME_RESIDUAL_GATE_FULL_VERSION_v1.4_FULL_REBUILD.zip,src1/__nested__/0033/__nested__/0035/STEP12-G_CAPABILITY_PHYSICAL_ENFORCEMENT_MATRIX.csv,2,28452
/mnt/data/p1_v11_source_scan/src1/__nested__/0033/STEP12-G_PHYSICAL_RLS_RUNTIME_RESIDUAL_GATE_FULL_VERSION_v1.4_FULL_REBUILD.zip,src1/__nested__/0033/__nested__/0035/STEP12-G_CONTROLLED_PHYSICAL_DELTA_REGISTER.csv,2,2668
/mnt/data/p1_v11_source_scan/src1/__nested__/0033/STEP12-G_PHYSICAL_RLS_RUNTIME_RESIDUAL_GATE_FULL_VERSION_v1.4_FULL_REBUILD.zip,src1/__nested__/0033/__nested__/0035/STEP12-G_CORE_V1_3_PHYSICAL_INHERITANCE_AUDIT.csv,2,5615
/mnt/data/p1_v11_source_scan/src1/__nested__/0033/STEP12-G_PHYSICAL_RLS_RUNTIME_RESIDUAL_GATE_FULL_VERSION_v1.4_FULL_REBUILD.zip,src1/__nested__/0033/__nested__/0035/STEP12-G_EVIDENCE_PROVENANCE_MANIFEST.csv,2,3313
/mnt/data/p1_v11_source_scan/src1/__nested__/0033/STEP12-G_PHYSICAL_RLS_RUNTIME_RESIDUAL_GATE_FULL_VERSION_v1.4_FULL_REBUILD.zip,src1/__nested__/0033/__nested__/0035/STEP12-G_EVIDENCE_SOURCE_INVENTORY_v1.4.csv,2,1533
/mnt/data/p1_v11_source_scan/src1/__nested__/0033/STEP12-G_PHYSICAL_RLS_RUNTIME_RESIDUAL_GATE_FULL_VERSION_v1.4_FULL_REBUILD.zip,src1/__nested__/0033/__nested__/0035/STEP12-G_FINAL_PACKAGE_DEEP_SCAN_REPORT.csv,2,207
/mnt/data/p1_v11_source_scan/src1/__nested__/0033/STEP12-G_PHYSICAL_RLS_RUNTIME_RESIDUAL_GATE_FULL_VERSION_v1.4_FULL_REBUILD.zip,src1/__nested__/0033/__nested__/0035/STEP12-G_FINDING_REGISTER.csv,2,4524
/mnt/data/p1_v11_source_scan/src1/__nested__/0033/STEP12-G_PHYSICAL_RLS_RUNTIME_RESIDUAL_GATE_FULL_VERSION_v1.4_FULL_REBUILD.zip,src1/__nested__/0033/__nested__/0035/STEP12-G_FULL_VERSION.docx,2,39802
/mnt/data/p1_v11_source_scan/src1/__nested__/0033/STEP12-G_PHYSICAL_RLS_RUNTIME_RESIDUAL_GATE_FULL_VERSION_v1.4_FULL_REBUILD.zip,src1/__nested__/0033/__nested__/0035/STEP12-G_FULL_VERSION.md,2,8052
/mnt/data/p1_v11_source_scan/src1/__nested__/0033/STEP12-G_PHYSICAL_RLS_RUNTIME_RESIDUAL_GATE_FULL_VERSION_v1.4_FULL_REBUILD.zip,src1/__nested__/0033/__nested__/0035/STEP12-G_GATE_MATRIX.csv,2,1528
/mnt/data/p1_v11_source_scan/src1/__nested__/0033/STEP12-G_PHYSICAL_RLS_RUNTIME_RESIDUAL_GATE_FULL_VERSION_v1.4_FULL_REBUILD.zip,src1/__nested__/0033/__nested__/0035/STEP12-G_M01-M15_PHYSICAL_RLS_IMPACT_MATRIX.csv,2,1409
/mnt/data/p1_v11_source_scan/src1/__nested__/0033/STEP12-G_PHYSICAL_RLS_RUNTIME_RESIDUAL_GATE_FULL_VERSION_v1.4_FULL_REBUILD.zip,src1/__nested__/0033/__nested__/0035/STEP12-G_M10_PERMISSION_PRESET_PHYSICAL_READINESS_REGISTER.csv,2,1688
/mnt/data/p1_v11_source_scan/src1/__nested__/0033/STEP12-G_PHYSICAL_RLS_RUNTIME_RESIDUAL_GATE_FULL_VERSION_v1.4_FULL_REBUILD.zip,src1/__nested__/0033/__nested__/0035/STEP12-G_PHYSICAL_BASELINE_RECONCILIATION_MATRIX.csv,2,462
/mnt/data/p1_v11_source_scan/src1/__nested__/0033/STEP12-G_PHYSICAL_RLS_RUNTIME_RESIDUAL_GATE_FULL_VERSION_v1.4_FULL_REBUILD.zip,src1/__nested__/0033/__nested__/0035/STEP12-G_PORTABLE_CHECKPOINT.json,2,702
/mnt/data/p1_v11_source_scan/src1/__nested__/0033/STEP12-G_PHYSICAL_RLS_RUNTIME_RESIDUAL_GATE_FULL_VERSION_v1.4_FULL_REBUILD.zip,src1/__nested__/0033/__nested__/0035/STEP12-G_RECURSIVE_SOURCE_DEEP_SCAN_REPORT.csv,2,1804
/mnt/data/p1_v11_source_scan/src1/__nested__/0033/STEP12-G_PHYSICAL_RLS_RUNTIME_RESIDUAL_GATE_FULL_VERSION_v1.4_FULL_REBUILD.zip,src1/__nested__/0033/__nested__/0035/STEP12-G_RLS_COVERAGE_MATRIX.csv,2,9791
/mnt/data/p1_v11_source_scan/src1/__nested__/0033/STEP12-G_PHYSICAL_RLS_RUNTIME_RESIDUAL_GATE_FULL_VERSION_v1.4_FULL_REBUILD.zip,src1/__nested__/0033/__nested__/0035/STEP12-G_RLS_POLICY_TRACEABILITY_MATRIX.csv,2,8622
/mnt/data/p1_v11_source_scan/src1/__nested__/0033/STEP12-G_PHYSICAL_RLS_RUNTIME_RESIDUAL_GATE_FULL_VERSION_v1.4_FULL_REBUILD.zip,src1/__nested__/0033/__nested__/0035/STEP12-G_ROLE_PERMISSION_CAPABILITY_RLS_MATRIX.csv,2,23634
/mnt/data/p1_v11_source_scan/src1/__nested__/0033/STEP12-G_PHYSICAL_RLS_RUNTIME_RESIDUAL_GATE_FULL_VERSION_v1.4_FULL_REBUILD.zip,src1/__nested__/0033/__nested__/0035/STEP12-G_RUNTIME_VERIFICATION_RESIDUAL_REGISTER.csv,2,521
/mnt/data/p1_v11_source_scan/src1/__nested__/0033/STEP12-G_PHYSICAL_RLS_RUNTIME_RESIDUAL_GATE_FULL_VERSION_v1.4_FULL_REBUILD.zip,src1/__nested__/0033/__nested__/0035/STEP12-G_SECURITY_CRITICAL_RESOURCE_REGISTER.csv,2,3828
/mnt/data/p1_v11_source_scan/src1/__nested__/0033/STEP12-G_PHYSICAL_RLS_RUNTIME_RESIDUAL_GATE_FULL_VERSION_v1.4_FULL_REBUILD.zip,src1/__nested__/0033/__nested__/0035/STEP12-G_SHA256_MANIFEST.csv,2,2463
/mnt/data/p1_v11_source_scan/src1/__nested__/0033/STEP12-G_PHYSICAL_RLS_RUNTIME_RESIDUAL_GATE_FULL_VERSION_v1.4_FULL_REBUILD.zip,src1/__nested__/0033/__nested__/0035/STEP12-G_SHA256_MANIFEST_PREBUILD.csv,2,2463
/mnt/data/p1_v11_source_scan/src1/__nested__/0033/STEP12-G_PHYSICAL_RLS_RUNTIME_RESIDUAL_GATE_FULL_VERSION_v1.4_FULL_REBUILD.zip,src1/__nested__/0033/__nested__/0035/STEP12-G_STEP12F_HANDOFF_REGISTER.csv,2,1733
/mnt/data/p1_v11_source_scan/src1/__nested__/0033/STEP12-G_PHYSICAL_RLS_RUNTIME_RESIDUAL_GATE_FULL_VERSION_v1.4_FULL_REBUILD.zip,src1/__nested__/0033/__nested__/0035/STEP12-G_ZERO_POLICY_TABLE_REGISTER.csv,2,4033
/mnt/data/p1_v11_source_scan/src1/step12 sync core.zip,src1/__nested__/0033/STEP12-F_API_DATA_FLOW_AUTHORIZATION_TRACEABILITY_FULL_VERSION_v1.1_CORRECTED.zip,1,76997
/mnt/data/p1_v11_source_scan/src1/__nested__/0033/STEP12-F_API_DATA_FLOW_AUTHORIZATION_TRACEABILITY_FULL_VERSION_v1.1_CORRECTED.zip,src1/__nested__/0033/__nested__/0036/README.md,2,462
/mnt/data/p1_v11_source_scan/src1/__nested__/0033/STEP12-F_API_DATA_FLOW_AUTHORIZATION_TRACEABILITY_FULL_VERSION_v1.1_CORRECTED.zip,src1/__nested__/0033/__nested__/0036/STEP12-F_API_AUTHORIZATION_TRACEABILITY_MATRIX.csv,2,57358
/mnt/data/p1_v11_source_scan/src1/__nested__/0033/STEP12-F_API_DATA_FLOW_AUTHORIZATION_TRACEABILITY_FULL_VERSION_v1.1_CORRECTED.zip,src1/__nested__/0033/__nested__/0036/STEP12-F_API_DATA_ENTITY_MATRIX.csv,2,91600
/mnt/data/p1_v11_source_scan/src1/__nested__/0033/STEP12-F_API_DATA_FLOW_AUTHORIZATION_TRACEABILITY_FULL_VERSION_v1.1_CORRECTED.zip,src1/__nested__/0033/__nested__/0036/STEP12-F_API_FLOW_MATRIX.csv,2,56272
/mnt/data/p1_v11_source_scan/src1/__nested__/0033/STEP12-F_API_DATA_FLOW_AUTHORIZATION_TRACEABILITY_FULL_VERSION_v1.1_CORRECTED.zip,src1/__nested__/0033/__nested__/0036/STEP12-F_CAPABILITY_API_MATRIX.csv,2,19666
/mnt/data/p1_v11_source_scan/src1/__nested__/0033/STEP12-F_API_DATA_FLOW_AUTHORIZATION_TRACEABILITY_FULL_VERSION_v1.1_CORRECTED.zip,src1/__nested__/0033/__nested__/0036/STEP12-F_CONTROLLED_API_RESIDUAL_REGISTER.csv,2,2272
/mnt/data/p1_v11_source_scan/src1/__nested__/0033/STEP12-F_API_DATA_FLOW_AUTHORIZATION_TRACEABILITY_FULL_VERSION_v1.1_CORRECTED.zip,src1/__nested__/0033/__nested__/0036/STEP12-F_CORE_V1_3_INHERITANCE_RECONCILIATION_AUDIT.csv,2,3020
/mnt/data/p1_v11_source_scan/src1/__nested__/0033/STEP12-F_API_DATA_FLOW_AUTHORIZATION_TRACEABILITY_FULL_VERSION_v1.1_CORRECTED.zip,src1/__nested__/0033/__nested__/0036/STEP12-F_CROSS_MODULE_AUTHORIZATION_TRACEABILITY_MATRIX.csv,2,1706
/mnt/data/p1_v11_source_scan/src1/__nested__/0033/STEP12-F_API_DATA_FLOW_AUTHORIZATION_TRACEABILITY_FULL_VERSION_v1.1_CORRECTED.zip,src1/__nested__/0033/__nested__/0036/STEP12-F_FINAL_PACKAGE_DEEP_SCAN_REPORT.csv,2,182
/mnt/data/p1_v11_source_scan/src1/__nested__/0033/STEP12-F_API_DATA_FLOW_AUTHORIZATION_TRACEABILITY_FULL_VERSION_v1.1_CORRECTED.zip,src1/__nested__/0033/__nested__/0036/STEP12-F_FINDING_REGISTER.csv,2,2181
/mnt/data/p1_v11_source_scan/src1/__nested__/0033/STEP12-F_API_DATA_FLOW_AUTHORIZATION_TRACEABILITY_FULL_VERSION_v1.1_CORRECTED.zip,src1/__nested__/0033/__nested__/0036/STEP12-F_FULL_VERSION.docx,2,37142
/mnt/data/p1_v11_source_scan/src1/__nested__/0033/STEP12-F_API_DATA_FLOW_AUTHORIZATION_TRACEABILITY_FULL_VERSION_v1.1_CORRECTED.zip,src1/__nested__/0033/__nested__/0036/STEP12-F_FULL_VERSION.md,2,2979
/mnt/data/p1_v11_source_scan/src1/__nested__/0033/STEP12-F_API_DATA_FLOW_AUTHORIZATION_TRACEABILITY_FULL_VERSION_v1.1_CORRECTED.zip,src1/__nested__/0033/__nested__/0036/STEP12-F_GATE_MATRIX.csv,2,1491
/mnt/data/p1_v11_source_scan/src1/__nested__/0033/STEP12-F_API_DATA_FLOW_AUTHORIZATION_TRACEABILITY_FULL_VERSION_v1.1_CORRECTED.zip,src1/__nested__/0033/__nested__/0036/STEP12-F_M01-M15_IMPACT_MATRIX.csv,2,2488
/mnt/data/p1_v11_source_scan/src1/__nested__/0033/STEP12-F_API_DATA_FLOW_AUTHORIZATION_TRACEABILITY_FULL_VERSION_v1.1_CORRECTED.zip,src1/__nested__/0033/__nested__/0036/STEP12-F_MISSING_AUTHORIZATION_API_REGISTER.csv,2,576
/mnt/data/p1_v11_source_scan/src1/__nested__/0033/STEP12-F_API_DATA_FLOW_AUTHORIZATION_TRACEABILITY_FULL_VERSION_v1.1_CORRECTED.zip,src1/__nested__/0033/__nested__/0036/STEP12-F_ORPHAN_CAPABILITY_REGISTER.csv,2,21219
/mnt/data/p1_v11_source_scan/src1/__nested__/0033/STEP12-F_API_DATA_FLOW_AUTHORIZATION_TRACEABILITY_FULL_VERSION_v1.1_CORRECTED.zip,src1/__nested__/0033/__nested__/0036/STEP12-F_PORTABLE_CHECKPOINT.json,2,886
/mnt/data/p1_v11_source_scan/src1/__nested__/0033/STEP12-F_API_DATA_FLOW_AUTHORIZATION_TRACEABILITY_FULL_VERSION_v1.1_CORRECTED.zip,src1/__nested__/0033/__nested__/0036/STEP12-F_PROTECTED_API_AUTHORIZATION_COVERAGE.csv,2,65732
/mnt/data/p1_v11_source_scan/src1/__nested__/0033/STEP12-F_API_DATA_FLOW_AUTHORIZATION_TRACEABILITY_FULL_VERSION_v1.1_CORRECTED.zip,src1/__nested__/0033/__nested__/0036/STEP12-F_RECURSIVE_SOURCE_DEEP_SCAN_REPORT.csv,2,1909
/mnt/data/p1_v11_source_scan/src1/__nested__/0033/STEP12-F_API_DATA_FLOW_AUTHORIZATION_TRACEABILITY_FULL_VERSION_v1.1_CORRECTED.zip,src1/__nested__/0033/__nested__/0036/STEP12-F_ROLE_PERMISSION_CAPABILITY_API_MATRIX.csv,2,118023
/mnt/data/p1_v11_source_scan/src1/__nested__/0033/STEP12-F_API_DATA_FLOW_AUTHORIZATION_TRACEABILITY_FULL_VERSION_v1.1_CORRECTED.zip,src1/__nested__/0033/__nested__/0036/STEP12-F_SHA256_MANIFEST.csv,2,2312
/mnt/data/p1_v11_source_scan/src1/__nested__/0033/STEP12-F_API_DATA_FLOW_AUTHORIZATION_TRACEABILITY_FULL_VERSION_v1.1_CORRECTED.zip,src1/__nested__/0033/__nested__/0036/STEP12-F_SOURCE_EVIDENCE_PROVENANCE_MANIFEST.csv,2,632
/mnt/data/p1_v11_source_scan/src1/__nested__/0033/STEP12-F_API_DATA_FLOW_AUTHORIZATION_TRACEABILITY_FULL_VERSION_v1.1_CORRECTED.zip,src1/__nested__/0033/__nested__/0036/STEP12-F_STEP12E_HANDOFF_REGISTER.csv,2,424
/mnt/data/p1_v11_source_scan/src1/step12 sync core.zip,src1/__nested__/0033/STEP12-E_CROSS_MODULE_AUTHORIZATION_RECONCILIATION_FULL_VERSION_v1.1_CORRECTED.zip,1,54632
/mnt/data/p1_v11_source_scan/src1/__nested__/0033/STEP12-E_CROSS_MODULE_AUTHORIZATION_RECONCILIATION_FULL_VERSION_v1.1_CORRECTED.zip,src1/__nested__/0033/__nested__/0037/README.md,2,476
/mnt/data/p1_v11_source_scan/src1/__nested__/0033/STEP12-E_CROSS_MODULE_AUTHORIZATION_RECONCILIATION_FULL_VERSION_v1.1_CORRECTED.zip,src1/__nested__/0033/__nested__/0037/STEP12-E_AUTHORIZATION_DEPENDENCY_MATRIX.csv,2,12834
/mnt/data/p1_v11_source_scan/src1/__nested__/0033/STEP12-E_CROSS_MODULE_AUTHORIZATION_RECONCILIATION_FULL_VERSION_v1.1_CORRECTED.zip,src1/__nested__/0033/__nested__/0037/STEP12-E_CAPABILITY_OWNERSHIP_MATRIX.csv,2,9188
/mnt/data/p1_v11_source_scan/src1/__nested__/0033/STEP12-E_CROSS_MODULE_AUTHORIZATION_RECONCILIATION_FULL_VERSION_v1.1_CORRECTED.zip,src1/__nested__/0033/__nested__/0037/STEP12-E_CONTROLLED_RESIDUAL_REGISTER.csv,2,541
/mnt/data/p1_v11_source_scan/src1/__nested__/0033/STEP12-E_CROSS_MODULE_AUTHORIZATION_RECONCILIATION_FULL_VERSION_v1.1_CORRECTED.zip,src1/__nested__/0033/__nested__/0037/STEP12-E_CORE_V1_3_INHERITANCE_RECONCILIATION_AUDIT.csv,2,5263
/mnt/data/p1_v11_source_scan/src1/__nested__/0033/STEP12-E_CROSS_MODULE_AUTHORIZATION_RECONCILIATION_FULL_VERSION_v1.1_CORRECTED.zip,src1/__nested__/0033/__nested__/0037/STEP12-E_CORE_V1_3_SCOPE_GAP_AUDIT.csv,2,2613
/mnt/data/p1_v11_source_scan/src1/__nested__/0033/STEP12-E_CROSS_MODULE_AUTHORIZATION_RECONCILIATION_FULL_VERSION_v1.1_CORRECTED.zip,src1/__nested__/0033/__nested__/0037/STEP12-E_CROSS_MODULE_AUTHORIZATION_RECONCILIATION_FULL_VERSION.docx,2,37297
/mnt/data/p1_v11_source_scan/src1/__nested__/0033/STEP12-E_CROSS_MODULE_AUTHORIZATION_RECONCILIATION_FULL_VERSION_v1.1_CORRECTED.zip,src1/__nested__/0033/__nested__/0037/STEP12-E_CROSS_MODULE_AUTHORIZATION_RECONCILIATION_FULL_VERSION.md,2,1799
/mnt/data/p1_v11_source_scan/src1/__nested__/0033/STEP12-E_CROSS_MODULE_AUTHORIZATION_RECONCILIATION_FULL_VERSION_v1.1_CORRECTED.zip,src1/__nested__/0033/__nested__/0037/STEP12-E_CROSS_MODULE_AUTHORIZATION_RECONCILIATION_MATRIX.csv,2,2886
/mnt/data/p1_v11_source_scan/src1/__nested__/0033/STEP12-E_CROSS_MODULE_AUTHORIZATION_RECONCILIATION_FULL_VERSION_v1.1_CORRECTED.zip,src1/__nested__/0033/__nested__/0037/STEP12-E_CROSS_MODULE_CONFLICT_FINDING_REGISTER.csv,2,1346
/mnt/data/p1_v11_source_scan/src1/__nested__/0033/STEP12-E_CROSS_MODULE_AUTHORIZATION_RECONCILIATION_FULL_VERSION_v1.1_CORRECTED.zip,src1/__nested__/0033/__nested__/0037/STEP12-E_FINAL_PACKAGE_DEEP_SCAN_REPORT.csv,2,175
/mnt/data/p1_v11_source_scan/src1/__nested__/0033/STEP12-E_CROSS_MODULE_AUTHORIZATION_RECONCILIATION_FULL_VERSION_v1.1_CORRECTED.zip,src1/__nested__/0033/__nested__/0037/STEP12-E_GATE_MATRIX.csv,2,1075
/mnt/data/p1_v11_source_scan/src1/__nested__/0033/STEP12-E_CROSS_MODULE_AUTHORIZATION_RECONCILIATION_FULL_VERSION_v1.1_CORRECTED.zip,src1/__nested__/0033/__nested__/0037/STEP12-E_M01-M15_AUTHORITY_BOUNDARY_IMPACT_MATRIX.csv,2,784
/mnt/data/p1_v11_source_scan/src1/__nested__/0033/STEP12-E_CROSS_MODULE_AUTHORIZATION_RECONCILIATION_FULL_VERSION_v1.1_CORRECTED.zip,src1/__nested__/0033/__nested__/0037/STEP12-E_M01-M15_AUTHORITY_BOUNDARY_MATRIX_FULL.csv,2,2413
/mnt/data/p1_v11_source_scan/src1/__nested__/0033/STEP12-E_CROSS_MODULE_AUTHORIZATION_RECONCILIATION_FULL_VERSION_v1.1_CORRECTED.zip,src1/__nested__/0033/__nested__/0037/STEP12-E_M10_AUTHORIZATION_AUTHORITY_VERIFICATION.csv,2,832
/mnt/data/p1_v11_source_scan/src1/__nested__/0033/STEP12-E_CROSS_MODULE_AUTHORIZATION_RECONCILIATION_FULL_VERSION_v1.1_CORRECTED.zip,src1/__nested__/0033/__nested__/0037/STEP12-E_PORTABLE_CHECKPOINT.json,2,552
/mnt/data/p1_v11_source_scan/src1/__nested__/0033/STEP12-E_CROSS_MODULE_AUTHORIZATION_RECONCILIATION_FULL_VERSION_v1.1_CORRECTED.zip,src1/__nested__/0033/__nested__/0037/STEP12-E_RECURSIVE_SOURCE_DEEP_SCAN_REPORT.csv,2,905
/mnt/data/p1_v11_source_scan/src1/__nested__/0033/STEP12-E_CROSS_MODULE_AUTHORIZATION_RECONCILIATION_FULL_VERSION_v1.1_CORRECTED.zip,src1/__nested__/0033/__nested__/0037/STEP12-E_SCOPE_CONDITION_OWNERSHIP_ORGANIZATION_BOUNDARY_MATRIX.csv,2,19539
/mnt/data/p1_v11_source_scan/src1/__nested__/0033/STEP12-E_CROSS_MODULE_AUTHORIZATION_RECONCILIATION_FULL_VERSION_v1.1_CORRECTED.zip,src1/__nested__/0033/__nested__/0037/STEP12-E_SHA256_MANIFEST.csv,2,2364
/mnt/data/p1_v11_source_scan/src1/__nested__/0033/STEP12-E_CROSS_MODULE_AUTHORIZATION_RECONCILIATION_FULL_VERSION_v1.1_CORRECTED.zip,src1/__nested__/0033/__nested__/0037/STEP12-E_SOURCE_EVIDENCE_PROVENANCE_MANIFEST.csv,2,1731
/mnt/data/p1_v11_source_scan/src1/__nested__/0033/STEP12-E_CROSS_MODULE_AUTHORIZATION_RECONCILIATION_FULL_VERSION_v1.1_CORRECTED.zip,src1/__nested__/0033/__nested__/0037/STEP12-E_STEP12D_HANDOFF_REGISTER.csv,2,671
/mnt/data/p1_v11_source_scan/src1/step12 sync core.zip,src1/__nested__/0033/STEP12-D_PHYSICAL_AUTHORIZATION_RLS_MAPPING_ENFORCEMENT_FULL_VERSION_v1.1_CORRECTED.zip,1,72672
/mnt/data/p1_v11_source_scan/src1/__nested__/0033/STEP12-D_PHYSICAL_AUTHORIZATION_RLS_MAPPING_ENFORCEMENT_FULL_VERSION_v1.1_CORRECTED.zip,src1/__nested__/0033/__nested__/0038/README.md,2,476
/mnt/data/p1_v11_source_scan/src1/__nested__/0033/STEP12-D_PHYSICAL_AUTHORIZATION_RLS_MAPPING_ENFORCEMENT_FULL_VERSION_v1.1_CORRECTED.zip,src1/__nested__/0033/__nested__/0038/STEP12-D_API_DATA_RLS_DEPENDENCY_REGISTER.csv,2,17320
/mnt/data/p1_v11_source_scan/src1/__nested__/0033/STEP12-D_PHYSICAL_AUTHORIZATION_RLS_MAPPING_ENFORCEMENT_FULL_VERSION_v1.1_CORRECTED.zip,src1/__nested__/0033/__nested__/0038/STEP12-D_CAPABILITY_RESOURCE_MAPPING.csv,2,9212
/mnt/data/p1_v11_source_scan/src1/__nested__/0033/STEP12-D_PHYSICAL_AUTHORIZATION_RLS_MAPPING_ENFORCEMENT_FULL_VERSION_v1.1_CORRECTED.zip,src1/__nested__/0033/__nested__/0038/STEP12-D_CONDITION_PHYSICAL_ENFORCEMENT_REGISTER.csv,2,12920
/mnt/data/p1_v11_source_scan/src1/__nested__/0033/STEP12-D_PHYSICAL_AUTHORIZATION_RLS_MAPPING_ENFORCEMENT_FULL_VERSION_v1.1_CORRECTED.zip,src1/__nested__/0033/__nested__/0038/STEP12-D_CONTROLLED_PHYSICAL_DELTA_REGISTER.csv,2,1363
/mnt/data/p1_v11_source_scan/src1/__nested__/0033/STEP12-D_PHYSICAL_AUTHORIZATION_RLS_MAPPING_ENFORCEMENT_FULL_VERSION_v1.1_CORRECTED.zip,src1/__nested__/0033/__nested__/0038/STEP12-D_CORE_V1_3_PHYSICAL_AUTHORIZATION_INHERITANCE_REGISTER.csv,2,2848
/mnt/data/p1_v11_source_scan/src1/__nested__/0033/STEP12-D_PHYSICAL_AUTHORIZATION_RLS_MAPPING_ENFORCEMENT_FULL_VERSION_v1.1_CORRECTED.zip,src1/__nested__/0033/__nested__/0038/STEP12-D_CORE_V1_3_SCOPE_GAP_AUDIT.csv,2,1179
/mnt/data/p1_v11_source_scan/src1/__nested__/0033/STEP12-D_PHYSICAL_AUTHORIZATION_RLS_MAPPING_ENFORCEMENT_FULL_VERSION_v1.1_CORRECTED.zip,src1/__nested__/0033/__nested__/0038/STEP12-D_CROSS_MODULE_RLS_CONFLICT_REGISTER.csv,2,1298
/mnt/data/p1_v11_source_scan/src1/__nested__/0033/STEP12-D_PHYSICAL_AUTHORIZATION_RLS_MAPPING_ENFORCEMENT_FULL_VERSION_v1.1_CORRECTED.zip,src1/__nested__/0033/__nested__/0038/STEP12-D_GATE_MATRIX.csv,2,1064
/mnt/data/p1_v11_source_scan/src1/__nested__/0033/STEP12-D_PHYSICAL_AUTHORIZATION_RLS_MAPPING_ENFORCEMENT_FULL_VERSION_v1.1_CORRECTED.zip,src1/__nested__/0033/__nested__/0038/STEP12-D_LOGICAL_ENTITY_TO_PHYSICAL_TABLE_MAPPING.csv,2,11146
/mnt/data/p1_v11_source_scan/src1/__nested__/0033/STEP12-D_PHYSICAL_AUTHORIZATION_RLS_MAPPING_ENFORCEMENT_FULL_VERSION_v1.1_CORRECTED.zip,src1/__nested__/0033/__nested__/0038/STEP12-D_M01-M15_PHYSICAL_AUTHORIZATION_IMPACT_MATRIX.csv,2,798
/mnt/data/p1_v11_source_scan/src1/__nested__/0033/STEP12-D_PHYSICAL_AUTHORIZATION_RLS_MAPPING_ENFORCEMENT_FULL_VERSION_v1.1_CORRECTED.zip,src1/__nested__/0033/__nested__/0038/STEP12-D_M10_PERMISSION_PRESET_PHYSICAL_MAPPING.csv,2,1667
/mnt/data/p1_v11_source_scan/src1/__nested__/0033/STEP12-D_PHYSICAL_AUTHORIZATION_RLS_MAPPING_ENFORCEMENT_FULL_VERSION_v1.1_CORRECTED.zip,src1/__nested__/0033/__nested__/0038/STEP12-D_MISSING_PHYSICAL_ENFORCEMENT_FINDING_REGISTER.csv,2,2671
/mnt/data/p1_v11_source_scan/src1/__nested__/0033/STEP12-D_PHYSICAL_AUTHORIZATION_RLS_MAPPING_ENFORCEMENT_FULL_VERSION_v1.1_CORRECTED.zip,src1/__nested__/0033/__nested__/0038/STEP12-D_ORGANIZATION_BOUNDARY_ENFORCEMENT_REGISTER.csv,2,15561
/mnt/data/p1_v11_source_scan/src1/__nested__/0033/STEP12-D_PHYSICAL_AUTHORIZATION_RLS_MAPPING_ENFORCEMENT_FULL_VERSION_v1.1_CORRECTED.zip,src1/__nested__/0033/__nested__/0038/STEP12-D_OWNERSHIP_ENFORCEMENT_REGISTER.csv,2,15479
/mnt/data/p1_v11_source_scan/src1/__nested__/0033/STEP12-D_PHYSICAL_AUTHORIZATION_RLS_MAPPING_ENFORCEMENT_FULL_VERSION_v1.1_CORRECTED.zip,src1/__nested__/0033/__nested__/0038/STEP12-D_PHYSICAL_AUTHORIZATION_MAPPING_MATRIX.csv,2,29590
/mnt/data/p1_v11_source_scan/src1/__nested__/0033/STEP12-D_PHYSICAL_AUTHORIZATION_RLS_MAPPING_ENFORCEMENT_FULL_VERSION_v1.1_CORRECTED.zip,src1/__nested__/0033/__nested__/0038/STEP12-D_PHYSICAL_AUTHORIZATION_RLS_MAPPING_ENFORCEMENT_READINESS_FULL_VERSION.docx,2,38292
/mnt/data/p1_v11_source_scan/src1/__nested__/0033/STEP12-D_PHYSICAL_AUTHORIZATION_RLS_MAPPING_ENFORCEMENT_FULL_VERSION_v1.1_CORRECTED.zip,src1/__nested__/0033/__nested__/0038/STEP12-D_PHYSICAL_AUTHORIZATION_RLS_MAPPING_ENFORCEMENT_READINESS_FULL_VERSION.md,2,3842
/mnt/data/p1_v11_source_scan/src1/__nested__/0033/STEP12-D_PHYSICAL_AUTHORIZATION_RLS_MAPPING_ENFORCEMENT_FULL_VERSION_v1.1_CORRECTED.zip,src1/__nested__/0033/__nested__/0038/STEP12-D_PHYSICAL_RLS_RUNTIME_RESIDUAL_REGISTER.csv,2,1109
/mnt/data/p1_v11_source_scan/src1/__nested__/0033/STEP12-D_PHYSICAL_AUTHORIZATION_RLS_MAPPING_ENFORCEMENT_FULL_VERSION_v1.1_CORRECTED.zip,src1/__nested__/0033/__nested__/0038/STEP12-D_PORTABLE_CHECKPOINT.json,2,363
/mnt/data/p1_v11_source_scan/src1/__nested__/0033/STEP12-D_PHYSICAL_AUTHORIZATION_RLS_MAPPING_ENFORCEMENT_FULL_VERSION_v1.1_CORRECTED.zip,src1/__nested__/0033/__nested__/0038/STEP12-D_RLS_COVERAGE_MATRIX.csv,2,8001
/mnt/data/p1_v11_source_scan/src1/__nested__/0033/STEP12-D_PHYSICAL_AUTHORIZATION_RLS_MAPPING_ENFORCEMENT_FULL_VERSION_v1.1_CORRECTED.zip,src1/__nested__/0033/__nested__/0038/STEP12-D_RLS_REQUIREMENT_MATRIX.csv,2,24522
/mnt/data/p1_v11_source_scan/src1/__nested__/0033/STEP12-D_PHYSICAL_AUTHORIZATION_RLS_MAPPING_ENFORCEMENT_FULL_VERSION_v1.1_CORRECTED.zip,src1/__nested__/0033/__nested__/0038/STEP12-D_ROLE_PERMISSION_RLS_DEPENDENCY_REGISTER.csv,2,15735
/mnt/data/p1_v11_source_scan/src1/__nested__/0033/STEP12-D_PHYSICAL_AUTHORIZATION_RLS_MAPPING_ENFORCEMENT_FULL_VERSION_v1.1_CORRECTED.zip,src1/__nested__/0033/__nested__/0038/STEP12-D_SECOND_DEEP_SCAN_REPORT.csv,2,304
/mnt/data/p1_v11_source_scan/src1/__nested__/0033/STEP12-D_PHYSICAL_AUTHORIZATION_RLS_MAPPING_ENFORCEMENT_FULL_VERSION_v1.1_CORRECTED.zip,src1/__nested__/0033/__nested__/0038/STEP12-D_SHA256_MANIFEST.csv,2,3208
/mnt/data/p1_v11_source_scan/src1/__nested__/0033/STEP12-D_PHYSICAL_AUTHORIZATION_RLS_MAPPING_ENFORCEMENT_FULL_VERSION_v1.1_CORRECTED.zip,src1/__nested__/0033/__nested__/0038/STEP12-D_SOURCE_EVIDENCE_PROVENANCE_MANIFEST.csv,2,1575
/mnt/data/p1_v11_source_scan/src1/__nested__/0033/STEP12-D_PHYSICAL_AUTHORIZATION_RLS_MAPPING_ENFORCEMENT_FULL_VERSION_v1.1_CORRECTED.zip,src1/__nested__/0033/__nested__/0038/STEP12-D_STEP12C_HANDOFF_REGISTER.csv,2,634
/mnt/data/p1_v11_source_scan/src1/__nested__/0033/STEP12-D_PHYSICAL_AUTHORIZATION_RLS_MAPPING_ENFORCEMENT_FULL_VERSION_v1.1_CORRECTED.zip,src1/__nested__/0033/__nested__/0038/STEP12-D_TARGETED_RLS_HARDENING_REGISTER.csv,2,73
/mnt/data/p1_v11_source_scan/src1/step12 sync core.zip,src1/__nested__/0033/STEP12-C_CAPABILITY_SCOPE_CONDITION_OWNERSHIP_ORGANIZATION_FULL_VERSION_v1.1_CORRECTED.zip,1,65092
/mnt/data/p1_v11_source_scan/src1/__nested__/0033/STEP12-C_CAPABILITY_SCOPE_CONDITION_OWNERSHIP_ORGANIZATION_FULL_VERSION_v1.1_CORRECTED.zip,src1/__nested__/0033/__nested__/0039/README.md,2,671
/mnt/data/p1_v11_source_scan/src1/__nested__/0033/STEP12-C_CAPABILITY_SCOPE_CONDITION_OWNERSHIP_ORGANIZATION_FULL_VERSION_v1.1_CORRECTED.zip,src1/__nested__/0033/__nested__/0039/STEP12-C_API_DATA_FLOW_AUTHORIZATION_DEPENDENCY_REGISTER.csv,2,1706
/mnt/data/p1_v11_source_scan/src1/__nested__/0033/STEP12-C_CAPABILITY_SCOPE_CONDITION_OWNERSHIP_ORGANIZATION_FULL_VERSION_v1.1_CORRECTED.zip,src1/__nested__/0033/__nested__/0039/STEP12-C_AUTHORIZATION_GRAPH_REGISTER.csv,2,85792
/mnt/data/p1_v11_source_scan/src1/__nested__/0033/STEP12-C_CAPABILITY_SCOPE_CONDITION_OWNERSHIP_ORGANIZATION_FULL_VERSION_v1.1_CORRECTED.zip,src1/__nested__/0033/__nested__/0039/STEP12-C_CAPABILITY_AUTHORITY_REGISTER.csv,2,7768
/mnt/data/p1_v11_source_scan/src1/__nested__/0033/STEP12-C_CAPABILITY_SCOPE_CONDITION_OWNERSHIP_ORGANIZATION_FULL_VERSION_v1.1_CORRECTED.zip,src1/__nested__/0033/__nested__/0039/STEP12-C_CAPABILITY_SCOPE_CONDITION_OWNERSHIP_ORGANIZATION_FULL_VERSION.docx,2,38946
/mnt/data/p1_v11_source_scan/src1/__nested__/0033/STEP12-C_CAPABILITY_SCOPE_CONDITION_OWNERSHIP_ORGANIZATION_FULL_VERSION_v1.1_CORRECTED.zip,src1/__nested__/0033/__nested__/0039/STEP12-C_CAPABILITY_SCOPE_CONDITION_OWNERSHIP_ORGANIZATION_FULL_VERSION.md,2,5146
/mnt/data/p1_v11_source_scan/src1/__nested__/0033/STEP12-C_CAPABILITY_SCOPE_CONDITION_OWNERSHIP_ORGANIZATION_FULL_VERSION_v1.1_CORRECTED.zip,src1/__nested__/0033/__nested__/0039/STEP12-C_CAPABILITY_SCOPE_CONDITION_OWNERSHIP_ORGANIZATION_MATRIX.csv,2,9625
/mnt/data/p1_v11_source_scan/src1/__nested__/0033/STEP12-C_CAPABILITY_SCOPE_CONDITION_OWNERSHIP_ORGANIZATION_FULL_VERSION_v1.1_CORRECTED.zip,src1/__nested__/0033/__nested__/0039/STEP12-C_CONDITION_REGISTER.csv,2,6137
/mnt/data/p1_v11_source_scan/src1/__nested__/0033/STEP12-C_CAPABILITY_SCOPE_CONDITION_OWNERSHIP_ORGANIZATION_FULL_VERSION_v1.1_CORRECTED.zip,src1/__nested__/0033/__nested__/0039/STEP12-C_CORE_V1_3_C_SCOPE_INHERITANCE_AUGMENTATION_REGISTER.csv,2,1681
/mnt/data/p1_v11_source_scan/src1/__nested__/0033/STEP12-C_CAPABILITY_SCOPE_CONDITION_OWNERSHIP_ORGANIZATION_FULL_VERSION_v1.1_CORRECTED.zip,src1/__nested__/0033/__nested__/0039/STEP12-C_CROSS_MODULE_AUTHORIZATION_CONFLICT_REGISTER.csv,2,2023
/mnt/data/p1_v11_source_scan/src1/__nested__/0033/STEP12-C_CAPABILITY_SCOPE_CONDITION_OWNERSHIP_ORGANIZATION_FULL_VERSION_v1.1_CORRECTED.zip,src1/__nested__/0033/__nested__/0039/STEP12-C_FINDING_REGISTER.csv,2,1448
/mnt/data/p1_v11_source_scan/src1/__nested__/0033/STEP12-C_CAPABILITY_SCOPE_CONDITION_OWNERSHIP_ORGANIZATION_FULL_VERSION_v1.1_CORRECTED.zip,src1/__nested__/0033/__nested__/0039/STEP12-C_GATE_MATRIX.csv,2,875
/mnt/data/p1_v11_source_scan/src1/__nested__/0033/STEP12-C_CAPABILITY_SCOPE_CONDITION_OWNERSHIP_ORGANIZATION_FULL_VERSION_v1.1_CORRECTED.zip,src1/__nested__/0033/__nested__/0039/STEP12-C_M01-M15_C_SCOPE_IMPACT_MATRIX.csv,2,2093
/mnt/data/p1_v11_source_scan/src1/__nested__/0033/STEP12-C_CAPABILITY_SCOPE_CONDITION_OWNERSHIP_ORGANIZATION_FULL_VERSION_v1.1_CORRECTED.zip,src1/__nested__/0033/__nested__/0039/STEP12-C_ORGANIZATION_CONTEXT_REGISTER.csv,2,13387
/mnt/data/p1_v11_source_scan/src1/__nested__/0033/STEP12-C_CAPABILITY_SCOPE_CONDITION_OWNERSHIP_ORGANIZATION_FULL_VERSION_v1.1_CORRECTED.zip,src1/__nested__/0033/__nested__/0039/STEP12-C_OWNERSHIP_BOUNDARY_REGISTER.csv,2,10459
/mnt/data/p1_v11_source_scan/src1/__nested__/0033/STEP12-C_CAPABILITY_SCOPE_CONDITION_OWNERSHIP_ORGANIZATION_FULL_VERSION_v1.1_CORRECTED.zip,src1/__nested__/0033/__nested__/0039/STEP12-C_PHYSICAL_RLS_DOWNSTREAM_RESIDUAL_REGISTER.csv,2,559
/mnt/data/p1_v11_source_scan/src1/__nested__/0033/STEP12-C_CAPABILITY_SCOPE_CONDITION_OWNERSHIP_ORGANIZATION_FULL_VERSION_v1.1_CORRECTED.zip,src1/__nested__/0033/__nested__/0039/STEP12-C_PORTABLE_CHECKPOINT.json,2,801
/mnt/data/p1_v11_source_scan/src1/__nested__/0033/STEP12-C_CAPABILITY_SCOPE_CONDITION_OWNERSHIP_ORGANIZATION_FULL_VERSION_v1.1_CORRECTED.zip,src1/__nested__/0033/__nested__/0039/STEP12-C_SCOPE_SEMANTICS_REGISTER.csv,2,10986
/mnt/data/p1_v11_source_scan/src1/__nested__/0033/STEP12-C_CAPABILITY_SCOPE_CONDITION_OWNERSHIP_ORGANIZATION_FULL_VERSION_v1.1_CORRECTED.zip,src1/__nested__/0033/__nested__/0039/STEP12-C_SOURCE_MANIFEST_SHA256.csv,2,1238
/mnt/data/p1_v11_source_scan/src1/__nested__/0033/STEP12-C_CAPABILITY_SCOPE_CONDITION_OWNERSHIP_ORGANIZATION_FULL_VERSION_v1.1_CORRECTED.zip,src1/__nested__/0033/__nested__/0039/STEP12-C_STEP12B_HANDOFF_REGISTER.csv,2,538
/mnt/data/p1_v11_source_scan/src1/step12 sync core.zip,src1/__nested__/0033/STEP12-B_PERMISSION_PRESET_SYNCHRONIZATION_FULL_VERSION_v1.1_CORRECTED.zip,1,52310
/mnt/data/p1_v11_source_scan/src1/__nested__/0033/STEP12-B_PERMISSION_PRESET_SYNCHRONIZATION_FULL_VERSION_v1.1_CORRECTED.zip,src1/__nested__/0033/__nested__/0040/README.md,2,389
/mnt/data/p1_v11_source_scan/src1/__nested__/0033/STEP12-B_PERMISSION_PRESET_SYNCHRONIZATION_FULL_VERSION_v1.1_CORRECTED.zip,src1/__nested__/0033/__nested__/0040/STEP12-B_API_STORAGE_RLS_EVIDENCE_REGISTER.csv,2,893
/mnt/data/p1_v11_source_scan/src1/__nested__/0033/STEP12-B_PERMISSION_PRESET_SYNCHRONIZATION_FULL_VERSION_v1.1_CORRECTED.zip,src1/__nested__/0033/__nested__/0040/STEP12-B_CONFLICT_FINDING_REGISTER.csv,2,1529
/mnt/data/p1_v11_source_scan/src1/__nested__/0033/STEP12-B_PERMISSION_PRESET_SYNCHRONIZATION_FULL_VERSION_v1.1_CORRECTED.zip,src1/__nested__/0033/__nested__/0040/STEP12-B_CORE_INHERITANCE_AUGMENTATION_REGISTER.csv,2,1071
/mnt/data/p1_v11_source_scan/src1/__nested__/0033/STEP12-B_PERMISSION_PRESET_SYNCHRONIZATION_FULL_VERSION_v1.1_CORRECTED.zip,src1/__nested__/0033/__nested__/0040/STEP12-B_CORE_V1_3_SCOPE_GAP_AUDIT.csv,2,1153
/mnt/data/p1_v11_source_scan/src1/__nested__/0033/STEP12-B_PERMISSION_PRESET_SYNCHRONIZATION_FULL_VERSION_v1.1_CORRECTED.zip,src1/__nested__/0033/__nested__/0040/STEP12-B_GATE_MATRIX.csv,2,877
/mnt/data/p1_v11_source_scan/src1/__nested__/0033/STEP12-B_PERMISSION_PRESET_SYNCHRONIZATION_FULL_VERSION_v1.1_CORRECTED.zip,src1/__nested__/0033/__nested__/0040/STEP12-B_M01-M15_PERMISSION_PRESET_IMPACT_COVERAGE_MATRIX.csv,2,3163
/mnt/data/p1_v11_source_scan/src1/__nested__/0033/STEP12-B_PERMISSION_PRESET_SYNCHRONIZATION_FULL_VERSION_v1.1_CORRECTED.zip,src1/__nested__/0033/__nested__/0040/STEP12-B_M10_TO_CORE_PERMISSION_PRESET_DELTA_REGISTER.csv,2,1738
/mnt/data/p1_v11_source_scan/src1/__nested__/0033/STEP12-B_PERMISSION_PRESET_SYNCHRONIZATION_FULL_VERSION_v1.1_CORRECTED.zip,src1/__nested__/0033/__nested__/0040/STEP12-B_PERMISSION_PRESET_GOVERNANCE_COVERAGE_REGISTER.csv,2,1214
/mnt/data/p1_v11_source_scan/src1/__nested__/0033/STEP12-B_PERMISSION_PRESET_SYNCHRONIZATION_FULL_VERSION_v1.1_CORRECTED.zip,src1/__nested__/0033/__nested__/0040/STEP12-B_PERMISSION_PRESET_SYNCHRONIZATION_FULL_VERSION.docx,2,39970
/mnt/data/p1_v11_source_scan/src1/__nested__/0033/STEP12-B_PERMISSION_PRESET_SYNCHRONIZATION_FULL_VERSION_v1.1_CORRECTED.zip,src1/__nested__/0033/__nested__/0040/STEP12-B_PERMISSION_PRESET_SYNCHRONIZATION_FULL_VERSION.md,2,7642
/mnt/data/p1_v11_source_scan/src1/__nested__/0033/STEP12-B_PERMISSION_PRESET_SYNCHRONIZATION_FULL_VERSION_v1.1_CORRECTED.zip,src1/__nested__/0033/__nested__/0040/STEP12-B_PORTABLE_CHECKPOINT.json,2,524
/mnt/data/p1_v11_source_scan/src1/__nested__/0033/STEP12-B_PERMISSION_PRESET_SYNCHRONIZATION_FULL_VERSION_v1.1_CORRECTED.zip,src1/__nested__/0033/__nested__/0040/STEP12-B_PRESET_CAPABILITY_BOUNDARY_MATRIX.csv,2,1044
/mnt/data/p1_v11_source_scan/src1/__nested__/0033/STEP12-B_PERMISSION_PRESET_SYNCHRONIZATION_FULL_VERSION_v1.1_CORRECTED.zip,src1/__nested__/0033/__nested__/0040/STEP12-B_PRESET_ROLE_TRACEABILITY_MATRIX.csv,2,1169
/mnt/data/p1_v11_source_scan/src1/__nested__/0033/STEP12-B_PERMISSION_PRESET_SYNCHRONIZATION_FULL_VERSION_v1.1_CORRECTED.zip,src1/__nested__/0033/__nested__/0040/STEP12-B_SCOPE_CONDITION_OWNERSHIP_ORGANIZATION_MATRIX.csv,2,829
/mnt/data/p1_v11_source_scan/src1/__nested__/0033/STEP12-B_PERMISSION_PRESET_SYNCHRONIZATION_FULL_VERSION_v1.1_CORRECTED.zip,src1/__nested__/0033/__nested__/0040/STEP12-B_SOURCE_MANIFEST_SHA256.csv,2,1057
/mnt/data/p1_v11_source_scan/src1/__nested__/0033/STEP12-B_PERMISSION_PRESET_SYNCHRONIZATION_FULL_VERSION_v1.1_CORRECTED.zip,src1/__nested__/0033/__nested__/0040/STEP12-B_STEP11_HANDOFF_RESIDUAL_REGISTER.csv,2,543
/mnt/data/p1_v11_source_scan/src1/step12 sync core.zip,src1/__nested__/0033/STEP12-01_ROLE_ROLE_PERMISSION_SYNCHRONIZATION_FULL_VERSION_v1.1_CORRECTED.zip,1,53625
/mnt/data/p1_v11_source_scan/src1/__nested__/0033/STEP12-01_ROLE_ROLE_PERMISSION_SYNCHRONIZATION_FULL_VERSION_v1.1_CORRECTED.zip,src1/__nested__/0033/__nested__/0041/README.md,2,403
/mnt/data/p1_v11_source_scan/src1/__nested__/0033/STEP12-01_ROLE_ROLE_PERMISSION_SYNCHRONIZATION_FULL_VERSION_v1.1_CORRECTED.zip,src1/__nested__/0033/__nested__/0041/STEP12-01_AUTHORITY_SCOPE_RECONCILIATION_REGISTER.csv,2,1614
/mnt/data/p1_v11_source_scan/src1/__nested__/0033/STEP12-01_ROLE_ROLE_PERMISSION_SYNCHRONIZATION_FULL_VERSION_v1.1_CORRECTED.zip,src1/__nested__/0033/__nested__/0041/STEP12-01_CORE_ROLE_PERMISSION_DELTA_REGISTER.csv,2,3325
/mnt/data/p1_v11_source_scan/src1/__nested__/0033/STEP12-01_ROLE_ROLE_PERMISSION_SYNCHRONIZATION_FULL_VERSION_v1.1_CORRECTED.zip,src1/__nested__/0033/__nested__/0041/STEP12-01_DIRECT_STEP11_RBAC_RLS_HANDOFF_REGISTER.csv,2,419
/mnt/data/p1_v11_source_scan/src1/__nested__/0033/STEP12-01_ROLE_ROLE_PERMISSION_SYNCHRONIZATION_FULL_VERSION_v1.1_CORRECTED.zip,src1/__nested__/0033/__nested__/0041/STEP12-01_FINDING_REGISTER.csv,2,1546
/mnt/data/p1_v11_source_scan/src1/__nested__/0033/STEP12-01_ROLE_ROLE_PERMISSION_SYNCHRONIZATION_FULL_VERSION_v1.1_CORRECTED.zip,src1/__nested__/0033/__nested__/0041/STEP12-01_M01-M15_ROLE_PERMISSION_SYNCHRONIZATION_MATRIX.csv,2,2997
/mnt/data/p1_v11_source_scan/src1/__nested__/0033/STEP12-01_ROLE_ROLE_PERMISSION_SYNCHRONIZATION_FULL_VERSION_v1.1_CORRECTED.zip,src1/__nested__/0033/__nested__/0041/STEP12-01_M04_FROZEN_PERMISSION_VOCABULARY.csv,2,1285
/mnt/data/p1_v11_source_scan/src1/__nested__/0033/STEP12-01_ROLE_ROLE_PERMISSION_SYNCHRONIZATION_FULL_VERSION_v1.1_CORRECTED.zip,src1/__nested__/0033/__nested__/0041/STEP12-01_M10_CURRENT_ROLE_PERMISSION_BASELINE.csv,2,1394
/mnt/data/p1_v11_source_scan/src1/__nested__/0033/STEP12-01_ROLE_ROLE_PERMISSION_SYNCHRONIZATION_FULL_VERSION_v1.1_CORRECTED.zip,src1/__nested__/0033/__nested__/0041/STEP12-01_PERMISSION_PRESET_BOUNDARY_REGISTER.csv,2,609
/mnt/data/p1_v11_source_scan/src1/__nested__/0033/STEP12-01_ROLE_ROLE_PERMISSION_SYNCHRONIZATION_FULL_VERSION_v1.1_CORRECTED.zip,src1/__nested__/0033/__nested__/0041/STEP12-01_PORTABLE_CHECKPOINT.json,2,872
/mnt/data/p1_v11_source_scan/src1/__nested__/0033/STEP12-01_ROLE_ROLE_PERMISSION_SYNCHRONIZATION_FULL_VERSION_v1.1_CORRECTED.zip,src1/__nested__/0033/__nested__/0041/STEP12-01_ROLE_CATALOGUE_FULL.csv,2,1383
/mnt/data/p1_v11_source_scan/src1/__nested__/0033/STEP12-01_ROLE_ROLE_PERMISSION_SYNCHRONIZATION_FULL_VERSION_v1.1_CORRECTED.zip,src1/__nested__/0033/__nested__/0041/STEP12-01_ROLE_PERMISSION_CONFLICT_REGISTER.csv,2,2148
/mnt/data/p1_v11_source_scan/src1/__nested__/0033/STEP12-01_ROLE_ROLE_PERMISSION_SYNCHRONIZATION_FULL_VERSION_v1.1_CORRECTED.zip,src1/__nested__/0033/__nested__/0041/STEP12-01_ROLE_PERMISSION_MASTER_MATRIX.csv,2,7604
/mnt/data/p1_v11_source_scan/src1/__nested__/0033/STEP12-01_ROLE_ROLE_PERMISSION_SYNCHRONIZATION_FULL_VERSION_v1.1_CORRECTED.zip,src1/__nested__/0033/__nested__/0041/STEP12-01_ROLE_PERMISSION_SYNCHRONIZATION_FULL_VERSION.docx,2,39191
/mnt/data/p1_v11_source_scan/src1/__nested__/0033/STEP12-01_ROLE_ROLE_PERMISSION_SYNCHRONIZATION_FULL_VERSION_v1.1_CORRECTED.zip,src1/__nested__/0033/__nested__/0041/STEP12-01_ROLE_PERMISSION_SYNCHRONIZATION_FULL_VERSION.md,2,7929
/mnt/data/p1_v11_source_scan/src1/__nested__/0033/STEP12-01_ROLE_ROLE_PERMISSION_SYNCHRONIZATION_FULL_VERSION_v1.1_CORRECTED.zip,src1/__nested__/0033/__nested__/0041/STEP12-01_SOURCE_MANIFEST_SHA256.csv,2,1596
/mnt/data/p1_v11_source_scan/src1/step12 sync core.zip,src1/__nested__/0033/STEP12-00_FULL_VERSION_PACKAGE_v1.1_CORRECTED.zip,1,61009
/mnt/data/p1_v11_source_scan/src1/__nested__/0033/STEP12-00_FULL_VERSION_PACKAGE_v1.1_CORRECTED.zip,src1/__nested__/0033/__nested__/0042/STEP12-00_INPUT_DEEP_SCAN_CURRENTNESS_AUTHORITY_GATE_FULL_VERSION_v1.1_CORRECTED.md,2,32918
/mnt/data/p1_v11_source_scan/src1/__nested__/0033/STEP12-00_FULL_VERSION_PACKAGE_v1.1_CORRECTED.zip,src1/__nested__/0033/__nested__/0042/STEP12-00_INPUT_DEEP_SCAN_CURRENTNESS_AUTHORITY_GATE_FULL_VERSION_v1.1_CORRECTED.docx,2,49360
/mnt/data/p1_v11_source_scan/src1/__nested__/0033/STEP12-00_FULL_VERSION_PACKAGE_v1.1_CORRECTED.zip,src1/__nested__/0033/__nested__/0042/STEP12-00_SOURCE_MANIFEST_SHA256_v1.1_CORRECTED.csv,2,898
/mnt/data/p1_v11_source_scan/src1/__nested__/0033/STEP12-00_FULL_VERSION_PACKAGE_v1.1_CORRECTED.zip,src1/__nested__/0033/__nested__/0042/STEP12-00_PORTABLE_CHECKPOINT_v1.1_CORRECTED.json,2,887
/mnt/data/p1_v11_source_scan/src1/__nested__/0033/STEP12-00_FULL_VERSION_PACKAGE_v1.1_CORRECTED.zip,src1/__nested__/0033/__nested__/0042/README.md,2,356
/mnt/data/p1_v11_source_scan/src1/__nested__/0033/STEP12-00_FULL_VERSION_PACKAGE_v1.1_CORRECTED.zip,src1/__nested__/0033/__nested__/0042/STEP12-00_FINDING_REGISTER_v1.1_CORRECTED.csv,2,2460
/mnt/data/STEP SYNC CORE(20260907-081753).zip,src1/step13 sync core.zip,0,240319
/mnt/data/p1_v11_source_scan/src1/step13 sync core.zip,src1/__nested__/0043/STEP13-C_SUCCESSOR_INTEGRATED_USER_FLOW_FULL_REBUILD_PACKAGE_v1.1.zip,1,24221
/mnt/data/p1_v11_source_scan/src1/__nested__/0043/STEP13-C_SUCCESSOR_INTEGRATED_USER_FLOW_FULL_REBUILD_PACKAGE_v1.1.zip,src1/__nested__/0043/__nested__/0044/STEP13-C_SUCCESSOR_INTEGRATED_USER_FLOW_FULL_v1.1.md,2,52289
/mnt/data/p1_v11_source_scan/src1/__nested__/0043/STEP13-C_SUCCESSOR_INTEGRATED_USER_FLOW_FULL_REBUILD_PACKAGE_v1.1.zip,src1/__nested__/0043/__nested__/0044/STEP13-C_SECOND_FULL_DEEP_SCAN_REPORT_v1.1.md,2,2496
/mnt/data/p1_v11_source_scan/src1/__nested__/0043/STEP13-C_SUCCESSOR_INTEGRATED_USER_FLOW_FULL_REBUILD_PACKAGE_v1.1.zip,src1/__nested__/0043/__nested__/0044/STEP13-C_FUNCTIONAL_FLOW_TRACEABILITY_MATRIX_v1.1.md,2,2270
/mnt/data/p1_v11_source_scan/src1/__nested__/0043/STEP13-C_SUCCESSOR_INTEGRATED_USER_FLOW_FULL_REBUILD_PACKAGE_v1.1.zip,src1/__nested__/0043/__nested__/0044/STEP13-C_FLOW_FINDING_REGISTER_PROVENANCE_v1.1.md,2,3716
/mnt/data/p1_v11_source_scan/src1/__nested__/0043/STEP13-C_SUCCESSOR_INTEGRATED_USER_FLOW_FULL_REBUILD_PACKAGE_v1.1.zip,src1/__nested__/0043/__nested__/0044/STEP13-C_ROLE_AUTHORIZATION_AWARE_FLOW_MATRIX_v1.1.md,2,1460
/mnt/data/p1_v11_source_scan/src1/__nested__/0043/STEP13-C_SUCCESSOR_INTEGRATED_USER_FLOW_FULL_REBUILD_PACKAGE_v1.1.zip,src1/__nested__/0043/__nested__/0044/STEP13-C_SHA256_MANIFEST_v1.1.json,2,1511
/mnt/data/p1_v11_source_scan/src1/step13 sync core.zip,src1/__nested__/0043/STEP13-B_SUCCESSOR_INTEGRATED_FUNCTIONAL_SPECIFICATION_FULL_v2.3.md,1,94840
/mnt/data/p1_v11_source_scan/src1/step13 sync core.zip,src1/__nested__/0043/STEP13-A_SUCCESSOR_INTEGRATED_PRD_FULL_REBUILD_PACKAGE_v3.7.zip,1,21741
/mnt/data/p1_v11_source_scan/src1/__nested__/0043/STEP13-A_SUCCESSOR_INTEGRATED_PRD_FULL_REBUILD_PACKAGE_v3.7.zip,src1/__nested__/0043/__nested__/0045/STEP13-A_AUTHORITY_RECONCILIATION_MATRIX_v1.7.md,2,1324
/mnt/data/p1_v11_source_scan/src1/__nested__/0043/STEP13-A_SUCCESSOR_INTEGRATED_PRD_FULL_REBUILD_PACKAGE_v3.7.zip,src1/__nested__/0043/__nested__/0045/STEP13-A_CORE_PRD_PRESERVATION_MATRIX_v1.7.md,2,1218
/mnt/data/p1_v11_source_scan/src1/__nested__/0043/STEP13-A_SUCCESSOR_INTEGRATED_PRD_FULL_REBUILD_PACKAGE_v3.7.zip,src1/__nested__/0043/__nested__/0045/STEP13-A_COVERAGE_REGISTER_v1.7.md,2,632
/mnt/data/p1_v11_source_scan/src1/__nested__/0043/STEP13-A_SUCCESSOR_INTEGRATED_PRD_FULL_REBUILD_PACKAGE_v3.7.zip,src1/__nested__/0043/__nested__/0045/STEP13-A_PROVENANCE_SHA256_MANIFEST_v1.9.json,2,590
/mnt/data/p1_v11_source_scan/src1/__nested__/0043/STEP13-A_SUCCESSOR_INTEGRATED_PRD_FULL_REBUILD_PACKAGE_v3.7.zip,src1/__nested__/0043/__nested__/0045/STEP13-A_SECOND_FULL_DEEP_SCAN_REPORT_v1.9.md,2,3077
/mnt/data/p1_v11_source_scan/src1/__nested__/0043/STEP13-A_SUCCESSOR_INTEGRATED_PRD_FULL_REBUILD_PACKAGE_v3.7.zip,src1/__nested__/0043/__nested__/0045/STEP13-A_SUCCESSOR_INTEGRATED_PRD_FULL_v3.7.md,2,63489
/mnt/data/p1_v11_source_scan/src1/step13 sync core.zip,src1/__nested__/0043/STEP13-00_INPUT_DEEP_SCAN_CURRENTNESS_AUTHORITY_GATE_FULL_v1.1_CORRECTED_REBUILT_20260906.md,1,31396
/mnt/data/p1_v11_source_scan/src1/step13 sync core.zip,src1/__nested__/0043/STEP13-D_SUCCESSOR_INTEGRATED_TECHNICAL_SPECIFICATION_FULL_REBUILD_PACKAGE_v1.3.zip,1,34972
/mnt/data/p1_v11_source_scan/src1/__nested__/0043/STEP13-D_SUCCESSOR_INTEGRATED_TECHNICAL_SPECIFICATION_FULL_REBUILD_PACKAGE_v1.3.zip,src1/__nested__/0043/__nested__/0046/STEP13-D_SUCCESSOR_INTEGRATED_TECHNICAL_SPECIFICATION_FULL_v1.3.md,2,99135
/mnt/data/p1_v11_source_scan/src1/__nested__/0043/STEP13-D_SUCCESSOR_INTEGRATED_TECHNICAL_SPECIFICATION_FULL_REBUILD_PACKAGE_v1.3.zip,src1/__nested__/0043/__nested__/0046/STEP13-D_SECOND_FULL_DEEP_SCAN_REPORT_v1.3.md,2,3086
/mnt/data/p1_v11_source_scan/src1/__nested__/0043/STEP13-D_SUCCESSOR_INTEGRATED_TECHNICAL_SPECIFICATION_FULL_REBUILD_PACKAGE_v1.3.zip,src1/__nested__/0043/__nested__/0046/STEP13-D_SOURCE_BUILD_MANIFEST_v1.3.md,2,855
/mnt/data/p1_v11_source_scan/src1/step13 sync core.zip,src1/__nested__/0043/STEP13-F_SUCCESSOR_INTEGRATED_SEO_ANALYTICS_FULL_REBUILD_PACKAGE_v1.1.zip,1,23382
/mnt/data/p1_v11_source_scan/src1/__nested__/0043/STEP13-F_SUCCESSOR_INTEGRATED_SEO_ANALYTICS_FULL_REBUILD_PACKAGE_v1.1.zip,src1/__nested__/0043/__nested__/0047/STEP13-F_AUTHORIZATION_VISIBILITY_MEASUREMENT_MATRIX_v1.1.md,2,1314
/mnt/data/p1_v11_source_scan/src1/__nested__/0043/STEP13-F_SUCCESSOR_INTEGRATED_SEO_ANALYTICS_FULL_REBUILD_PACKAGE_v1.1.zip,src1/__nested__/0043/__nested__/0047/STEP13-F_EVENT_MEASUREMENT_MATRIX_v1.1.md,2,1976
/mnt/data/p1_v11_source_scan/src1/__nested__/0043/STEP13-F_SUCCESSOR_INTEGRATED_SEO_ANALYTICS_FULL_REBUILD_PACKAGE_v1.1.zip,src1/__nested__/0043/__nested__/0047/STEP13-F_FINAL_GATE_v1.1.md,2,476
/mnt/data/p1_v11_source_scan/src1/__nested__/0043/STEP13-F_SUCCESSOR_INTEGRATED_SEO_ANALYTICS_FULL_REBUILD_PACKAGE_v1.1.zip,src1/__nested__/0043/__nested__/0047/STEP13-F_FINDING_PROVENANCE_REGISTER_v1.1.md,2,4080
/mnt/data/p1_v11_source_scan/src1/__nested__/0043/STEP13-F_SUCCESSOR_INTEGRATED_SEO_ANALYTICS_FULL_REBUILD_PACKAGE_v1.1.zip,src1/__nested__/0043/__nested__/0047/STEP13-F_FIRST_FULL_DEEP_SCAN_REPORT_v1.1.md,2,1243
/mnt/data/p1_v11_source_scan/src1/__nested__/0043/STEP13-F_SUCCESSOR_INTEGRATED_SEO_ANALYTICS_FULL_REBUILD_PACKAGE_v1.1.zip,src1/__nested__/0043/__nested__/0047/STEP13-F_OUTPUT_SHA256_MANIFEST_v1.1.md,2,1376
/mnt/data/p1_v11_source_scan/src1/__nested__/0043/STEP13-F_SUCCESSOR_INTEGRATED_SEO_ANALYTICS_FULL_REBUILD_PACKAGE_v1.1.zip,src1/__nested__/0043/__nested__/0047/STEP13-F_PUBLIC_SURFACE_INDEXABILITY_MATRIX_v1.1.md,2,1355
/mnt/data/p1_v11_source_scan/src1/__nested__/0043/STEP13-F_SUCCESSOR_INTEGRATED_SEO_ANALYTICS_FULL_REBUILD_PACKAGE_v1.1.zip,src1/__nested__/0043/__nested__/0047/STEP13-F_SECOND_FULL_DEEP_SCAN_REPORT_v1.1.md,2,1555
/mnt/data/p1_v11_source_scan/src1/__nested__/0043/STEP13-F_SUCCESSOR_INTEGRATED_SEO_ANALYTICS_FULL_REBUILD_PACKAGE_v1.1.zip,src1/__nested__/0043/__nested__/0047/STEP13-F_SEO_ANALYTICS_M01-M15_MATRIX_v1.1.md,2,4026
/mnt/data/p1_v11_source_scan/src1/__nested__/0043/STEP13-F_SUCCESSOR_INTEGRATED_SEO_ANALYTICS_FULL_REBUILD_PACKAGE_v1.1.zip,src1/__nested__/0043/__nested__/0047/STEP13-F_SOURCE_BUILD_MANIFEST_v1.1.md,2,1791
/mnt/data/p1_v11_source_scan/src1/__nested__/0043/STEP13-F_SUCCESSOR_INTEGRATED_SEO_ANALYTICS_FULL_REBUILD_PACKAGE_v1.1.zip,src1/__nested__/0043/__nested__/0047/STEP13-F_SUCCESSOR_INTEGRATED_SEO_ANALYTICS_SPECIFICATION_FULL_v1.1.md,2,43011
/mnt/data/p1_v11_source_scan/src1/step13 sync core.zip,src1/__nested__/0043/STEP13-E_SUCCESSOR_INTEGRATED_UI_UX_SPECIFICATION_FULL_REBUILD_PACKAGE_v3.1.zip,1,26657
/mnt/data/p1_v11_source_scan/src1/__nested__/0043/STEP13-E_SUCCESSOR_INTEGRATED_UI_UX_SPECIFICATION_FULL_REBUILD_PACKAGE_v3.1.zip,src1/__nested__/0043/__nested__/0048/STEP13-E_SUCCESSOR_INTEGRATED_UI_UX_SPECIFICATION_FULL_v3.1.md,2,87980
/mnt/data/p1_v11_source_scan/src1/__nested__/0043/STEP13-E_SUCCESSOR_INTEGRATED_UI_UX_SPECIFICATION_FULL_REBUILD_PACKAGE_v3.1.zip,src1/__nested__/0043/__nested__/0048/STEP13-E_SECOND_FULL_DEEP_SCAN_REPORT_v3.1.md,2,1447
/mnt/data/p1_v11_source_scan/src1/__nested__/0043/STEP13-E_SUCCESSOR_INTEGRATED_UI_UX_SPECIFICATION_FULL_REBUILD_PACKAGE_v3.1.zip,src1/__nested__/0043/__nested__/0048/STEP13-E_SOURCE_BUILD_MANIFEST_v3.1.md,2,466
/mnt/data/p1_v11_source_scan/src1/step13 sync core.zip,src1/__nested__/0043/STEP13-G_SUCCESSOR_INTEGRATED_SYSTEM_RECONCILIATION_FULL_REBUILD_PACKAGE_v1.1_EXPORT.zip,1,17339
/mnt/data/p1_v11_source_scan/src1/__nested__/0043/STEP13-G_SUCCESSOR_INTEGRATED_SYSTEM_RECONCILIATION_FULL_REBUILD_PACKAGE_v1.1_EXPORT.zip,src1/__nested__/0043/__nested__/0049/STEP13-G_CORE_V1.3_SUCCESSOR_PROPAGATION_AUDIT_v1.1.md,2,3390
/mnt/data/p1_v11_source_scan/src1/__nested__/0043/STEP13-G_SUCCESSOR_INTEGRATED_SYSTEM_RECONCILIATION_FULL_REBUILD_PACKAGE_v1.1_EXPORT.zip,src1/__nested__/0043/__nested__/0049/STEP13-G_CROSS_DOMAIN_DEPENDENCY_HANDOFF_MATRIX_v1.1.md,2,1422
/mnt/data/p1_v11_source_scan/src1/__nested__/0043/STEP13-G_SUCCESSOR_INTEGRATED_SYSTEM_RECONCILIATION_FULL_REBUILD_PACKAGE_v1.1_EXPORT.zip,src1/__nested__/0043/__nested__/0049/STEP13-G_EVIDENCE_PROVENANCE_REGISTER_v1.1.md,2,1264
/mnt/data/p1_v11_source_scan/src1/__nested__/0043/STEP13-G_SUCCESSOR_INTEGRATED_SYSTEM_RECONCILIATION_FULL_REBUILD_PACKAGE_v1.1_EXPORT.zip,src1/__nested__/0043/__nested__/0049/STEP13-G_FINAL_GATE_v1.1.md,2,891
/mnt/data/p1_v11_source_scan/src1/__nested__/0043/STEP13-G_SUCCESSOR_INTEGRATED_SYSTEM_RECONCILIATION_FULL_REBUILD_PACKAGE_v1.1_EXPORT.zip,src1/__nested__/0043/__nested__/0049/STEP13-G_FIRST_FULL_DEEP_SCAN_REPORT_v1.1.md,2,797
/mnt/data/p1_v11_source_scan/src1/__nested__/0043/STEP13-G_SUCCESSOR_INTEGRATED_SYSTEM_RECONCILIATION_FULL_REBUILD_PACKAGE_v1.1_EXPORT.zip,src1/__nested__/0043/__nested__/0049/STEP13-G_GLOBAL_CONFLICT_RECONCILIATION_REGISTER_v1.1.md,2,1306
/mnt/data/p1_v11_source_scan/src1/__nested__/0043/STEP13-G_SUCCESSOR_INTEGRATED_SYSTEM_RECONCILIATION_FULL_REBUILD_PACKAGE_v1.1_EXPORT.zip,src1/__nested__/0043/__nested__/0049/STEP13-G_M01-M15_CROSS_DOMAIN_AUTHORITY_MATRIX_v1.1.md,2,3769
/mnt/data/p1_v11_source_scan/src1/__nested__/0043/STEP13-G_SUCCESSOR_INTEGRATED_SYSTEM_RECONCILIATION_FULL_REBUILD_PACKAGE_v1.1_EXPORT.zip,src1/__nested__/0043/__nested__/0049/STEP13-G_OUTPUT_SHA256_MANIFEST_v1.1.md,2,1316
/mnt/data/p1_v11_source_scan/src1/__nested__/0043/STEP13-G_SUCCESSOR_INTEGRATED_SYSTEM_RECONCILIATION_FULL_REBUILD_PACKAGE_v1.1_EXPORT.zip,src1/__nested__/0043/__nested__/0049/STEP13-G_SECOND_FULL_DEEP_SCAN_REPORT_v1.1.md,2,2149
/mnt/data/p1_v11_source_scan/src1/__nested__/0043/STEP13-G_SUCCESSOR_INTEGRATED_SYSTEM_RECONCILIATION_FULL_REBUILD_PACKAGE_v1.1_EXPORT.zip,src1/__nested__/0043/__nested__/0049/STEP13-G_SOURCE_BUILD_MANIFEST_v1.1.md,2,2137
/mnt/data/p1_v11_source_scan/src1/__nested__/0043/STEP13-G_SUCCESSOR_INTEGRATED_SYSTEM_RECONCILIATION_FULL_REBUILD_PACKAGE_v1.1_EXPORT.zip,src1/__nested__/0043/__nested__/0049/STEP13-G_SUCCESSOR_INTEGRATED_SYSTEM_RECONCILIATION_FULL_v1.1.md,2,19060
/mnt/data/p1_v11_source_scan/src1/step13 sync core.zip,src1/__nested__/0043/STEP13-I_FINAL_STEP13_GATE_STEP14_HANDOFF_FULL_REBUILD_PACKAGE_v1.1.zip,1,28957
/mnt/data/p1_v11_source_scan/src1/__nested__/0043/STEP13-I_FINAL_STEP13_GATE_STEP14_HANDOFF_FULL_REBUILD_PACKAGE_v1.1.zip,src1/__nested__/0043/__nested__/0050/STEP13-I_AUTHORITY_DEPENDENCY_FINAL_REGISTER_v1.1.md,2,791
/mnt/data/p1_v11_source_scan/src1/__nested__/0043/STEP13-I_FINAL_STEP13_GATE_STEP14_HANDOFF_FULL_REBUILD_PACKAGE_v1.1.zip,src1/__nested__/0043/__nested__/0050/STEP13-I_CONTROLLED_RESIDUAL_EVIDENCE_GATED_REGISTER_v1.1.md,2,509
/mnt/data/p1_v11_source_scan/src1/__nested__/0043/STEP13-I_FINAL_STEP13_GATE_STEP14_HANDOFF_FULL_REBUILD_PACKAGE_v1.1.zip,src1/__nested__/0043/__nested__/0050/STEP13-I_CORE_V1.3_PRESERVATION_FINAL_VERIFICATION_v1.1.md,2,16016
/mnt/data/p1_v11_source_scan/src1/__nested__/0043/STEP13-I_FINAL_STEP13_GATE_STEP14_HANDOFF_FULL_REBUILD_PACKAGE_v1.1.zip,src1/__nested__/0043/__nested__/0050/STEP13-I_CROSS_DOCUMENT_CONSISTENCY_FINAL_REGISTER_v1.1.md,2,748
/mnt/data/p1_v11_source_scan/src1/__nested__/0043/STEP13-I_FINAL_STEP13_GATE_STEP14_HANDOFF_FULL_REBUILD_PACKAGE_v1.1.zip,src1/__nested__/0043/__nested__/0050/STEP13-I_FINAL_COMPLETION_MATRIX_v1.1.csv,2,572
/mnt/data/p1_v11_source_scan/src1/__nested__/0043/STEP13-I_FINAL_STEP13_GATE_STEP14_HANDOFF_FULL_REBUILD_PACKAGE_v1.1.zip,src1/__nested__/0043/__nested__/0050/STEP13-I_FINAL_DEEP_SCAN_REPORT_v1.1.md,2,554
/mnt/data/p1_v11_source_scan/src1/__nested__/0043/STEP13-I_FINAL_STEP13_GATE_STEP14_HANDOFF_FULL_REBUILD_PACKAGE_v1.1.zip,src1/__nested__/0043/__nested__/0050/STEP13-I_FINAL_GATE_REPORT_v1.1.md,2,1524
/mnt/data/p1_v11_source_scan/src1/__nested__/0043/STEP13-I_FINAL_STEP13_GATE_STEP14_HANDOFF_FULL_REBUILD_PACKAGE_v1.1.zip,src1/__nested__/0043/__nested__/0050/STEP13-I_FINAL_PROVENANCE_SOURCE_MANIFEST_v1.1.csv,2,1234
/mnt/data/p1_v11_source_scan/src1/__nested__/0043/STEP13-I_FINAL_STEP13_GATE_STEP14_HANDOFF_FULL_REBUILD_PACKAGE_v1.1.zip,src1/__nested__/0043/__nested__/0050/STEP13-I_M01-M15_FINAL_CLOSURE_MATRIX_v1.1.csv,2,1142
/mnt/data/p1_v11_source_scan/src1/__nested__/0043/STEP13-I_FINAL_STEP13_GATE_STEP14_HANDOFF_FULL_REBUILD_PACKAGE_v1.1.zip,src1/__nested__/0043/__nested__/0050/STEP13-I_OUTPUT_SHA256_MANIFEST_v1.1.csv,2,1566
/mnt/data/p1_v11_source_scan/src1/__nested__/0043/STEP13-I_FINAL_STEP13_GATE_STEP14_HANDOFF_FULL_REBUILD_PACKAGE_v1.1.zip,src1/__nested__/0043/__nested__/0050/STEP13-I_PORTABLE_CHECKPOINT_v1.1.md,2,403
/mnt/data/p1_v11_source_scan/src1/__nested__/0043/STEP13-I_FINAL_STEP13_GATE_STEP14_HANDOFF_FULL_REBUILD_PACKAGE_v1.1.zip,src1/__nested__/0043/__nested__/0050/STEP13-I_STEP14_HANDOFF_MANIFEST_v1.1.md,2,503
/mnt/data/p1_v11_source_scan/src1/__nested__/0043/STEP13-I_FINAL_STEP13_GATE_STEP14_HANDOFF_FULL_REBUILD_PACKAGE_v1.1.zip,src1/__nested__/0043/__nested__/0050/STEP13-I_SUCCESSOR_INTEGRATED_CORE_CANDIDATE_v1.1.md,2,145035
/mnt/data/p1_v11_source_scan/src1/__nested__/0043/STEP13-I_FINAL_STEP13_GATE_STEP14_HANDOFF_FULL_REBUILD_PACKAGE_v1.1.zip,src1/__nested__/0043/__nested__/0050/STEP13-I_SUCCESSOR_SEMANTIC_INTEGRATION_REGISTER_v1.1.csv,2,105371
/mnt/data/p1_v11_source_scan/src1/step13 sync core.zip,src1/__nested__/0043/STEP13-H_SUCCESSOR_INTEGRATED_CORE_PRESERVATION_SUCCESSOR_TRACEABILITY_FULL_REBUILD_PACKAGE_v1.1.zip,1,27313
/mnt/data/p1_v11_source_scan/src1/__nested__/0043/STEP13-H_SUCCESSOR_INTEGRATED_CORE_PRESERVATION_SUCCESSOR_TRACEABILITY_FULL_REBUILD_PACKAGE_v1.1.zip,src1/__nested__/0043/__nested__/0051/STEP13-H_M01-M15_SUCCESSOR_CORE_TRACEABILITY_MATRIX_v1.1.csv,2,133958
/mnt/data/p1_v11_source_scan/src1/__nested__/0043/STEP13-H_SUCCESSOR_INTEGRATED_CORE_PRESERVATION_SUCCESSOR_TRACEABILITY_FULL_REBUILD_PACKAGE_v1.1.zip,src1/__nested__/0043/__nested__/0051/STEP13-H_SECOND_FULL_DEEP_SCAN_REPORT_v1.1.md,2,883
/mnt/data/p1_v11_source_scan/src1/__nested__/0043/STEP13-H_SUCCESSOR_INTEGRATED_CORE_PRESERVATION_SUCCESSOR_TRACEABILITY_FULL_REBUILD_PACKAGE_v1.1.zip,src1/__nested__/0043/__nested__/0051/STEP13-H_FINAL_GATE_v1.1.md,2,1297
/mnt/data/p1_v11_source_scan/src1/__nested__/0043/STEP13-H_SUCCESSOR_INTEGRATED_CORE_PRESERVATION_SUCCESSOR_TRACEABILITY_FULL_REBUILD_PACKAGE_v1.1.zip,src1/__nested__/0043/__nested__/0051/STEP13-H_SOURCE_BUILD_MANIFEST_v1.1.csv,2,1149
/mnt/data/p1_v11_source_scan/src1/__nested__/0043/STEP13-H_SUCCESSOR_INTEGRATED_CORE_PRESERVATION_SUCCESSOR_TRACEABILITY_FULL_REBUILD_PACKAGE_v1.1.zip,src1/__nested__/0043/__nested__/0051/STEP13-H_SUCCESSOR_INTEGRATED_CORE_CANDIDATE_v1.1.md,2,10775
/mnt/data/p1_v11_source_scan/src1/__nested__/0043/STEP13-H_SUCCESSOR_INTEGRATED_CORE_PRESERVATION_SUCCESSOR_TRACEABILITY_FULL_REBUILD_PACKAGE_v1.1.zip,src1/__nested__/0043/__nested__/0051/STEP13-H_FIRST_FULL_DEEP_SCAN_REPORT_v1.1.md,2,1425
/mnt/data/p1_v11_source_scan/src1/__nested__/0043/STEP13-H_SUCCESSOR_INTEGRATED_CORE_PRESERVATION_SUCCESSOR_TRACEABILITY_FULL_REBUILD_PACKAGE_v1.1.zip,src1/__nested__/0043/__nested__/0051/STEP13-H_PROVENANCE_REGISTER_v1.1.md,2,2101
/mnt/data/p1_v11_source_scan/src1/__nested__/0043/STEP13-H_SUCCESSOR_INTEGRATED_CORE_PRESERVATION_SUCCESSOR_TRACEABILITY_FULL_REBUILD_PACKAGE_v1.1.zip,src1/__nested__/0043/__nested__/0051/STEP13-H_CORE_PRESERVATION_MATRIX_v1.1.csv,2,40553
/mnt/data/p1_v11_source_scan/src1/__nested__/0043/STEP13-H_SUCCESSOR_INTEGRATED_CORE_PRESERVATION_SUCCESSOR_TRACEABILITY_FULL_REBUILD_PACKAGE_v1.1.zip,src1/__nested__/0043/__nested__/0051/STEP13-H_SUPERSESSION_CONFLICT_DECISION_REGISTER_v1.1.md,2,3011
/mnt/data/p1_v11_source_scan/src1/__nested__/0043/STEP13-H_SUCCESSOR_INTEGRATED_CORE_PRESERVATION_SUCCESSOR_TRACEABILITY_FULL_REBUILD_PACKAGE_v1.1.zip,src1/__nested__/0043/__nested__/0051/STEP13-H_OUTPUT_SHA256_MANIFEST_v1.1.csv,2,2473
/mnt/data/p1_v11_source_scan/src1/__nested__/0043/STEP13-H_SUCCESSOR_INTEGRATED_CORE_PRESERVATION_SUCCESSOR_TRACEABILITY_FULL_REBUILD_PACKAGE_v1.1.zip,src1/__nested__/0043/__nested__/0051/STEP13-H_SUCCESSOR_CORE_COVERAGE_REGISTER_v1.1.csv,2,1097
/mnt/data/STEP SYNC CORE(20260907-081753).zip,src1/STEP14_FULL_CROSS_DOCUMENT_RECONCILIATION_FULL_REBUILD_PACKAGE_v1.1.zip,0,27812
/mnt/data/p1_v11_source_scan/src1/STEP14_FULL_CROSS_DOCUMENT_RECONCILIATION_FULL_REBUILD_PACKAGE_v1.1.zip,src1/__nested__/0052/README_STEP14_FULL_REBUILD_v1.1.md,1,834
/mnt/data/p1_v11_source_scan/src1/STEP14_FULL_CROSS_DOCUMENT_RECONCILIATION_FULL_REBUILD_PACKAGE_v1.1.zip,src1/__nested__/0052/RUMAHAGEN_GOVERNANCE_CHECKLIST_v2.3_STEP14_COMPLETE_FULL_REBUILD.md,1,5351
/mnt/data/p1_v11_source_scan/src1/STEP14_FULL_CROSS_DOCUMENT_RECONCILIATION_FULL_REBUILD_PACKAGE_v1.1.zip,src1/__nested__/0052/STEP14-00_INPUT_DEEP_SCAN_CURRENTNESS_AUTHORITY_GATE_v1.1.md,1,1248
/mnt/data/p1_v11_source_scan/src1/STEP14_FULL_CROSS_DOCUMENT_RECONCILIATION_FULL_REBUILD_PACKAGE_v1.1.zip,src1/__nested__/0052/STEP14-A_CROSS_DOCUMENT_AUTHORITY_SEMANTIC_RECONCILIATION_v1.1.md,1,1679
/mnt/data/p1_v11_source_scan/src1/STEP14_FULL_CROSS_DOCUMENT_RECONCILIATION_FULL_REBUILD_PACKAGE_v1.1.zip,src1/__nested__/0052/STEP14-B_M01_M15_SUCCESSOR_CORE_TRACEABILITY_REVALIDATION_v1.1.md,1,684
/mnt/data/p1_v11_source_scan/src1/STEP14_FULL_CROSS_DOCUMENT_RECONCILIATION_FULL_REBUILD_PACKAGE_v1.1.zip,src1/__nested__/0052/STEP14-C_DATA_API_RBAC_FLOW_UIUX_SEO_RECONCILIATION_v1.1.md,1,1083
/mnt/data/p1_v11_source_scan/src1/STEP14_FULL_CROSS_DOCUMENT_RECONCILIATION_FULL_REBUILD_PACKAGE_v1.1.zip,src1/__nested__/0052/STEP14-D_FINAL_CROSS_DOCUMENT_RECONCILIATION_GATE_v1.1.md,1,1288
/mnt/data/p1_v11_source_scan/src1/STEP14_FULL_CROSS_DOCUMENT_RECONCILIATION_FULL_REBUILD_PACKAGE_v1.1.zip,src1/__nested__/0052/STEP14-E_SECOND_FULL_DEEP_SCAN_v1.1.md,1,1176
/mnt/data/p1_v11_source_scan/src1/STEP14_FULL_CROSS_DOCUMENT_RECONCILIATION_FULL_REBUILD_PACKAGE_v1.1.zip,src1/__nested__/0052/STEP14_CORE_V1.3_IN_SCOPE_ARTIFACT_INVENTORY_v1.1.md,1,709
/mnt/data/p1_v11_source_scan/src1/STEP14_FULL_CROSS_DOCUMENT_RECONCILIATION_FULL_REBUILD_PACKAGE_v1.1.zip,src1/__nested__/0052/STEP14_CORE_V1.3_IN_SCOPE_ARTIFACT_MATRIX_v1.1.csv,1,3246
/mnt/data/p1_v11_source_scan/src1/STEP14_FULL_CROSS_DOCUMENT_RECONCILIATION_FULL_REBUILD_PACKAGE_v1.1.zip,src1/__nested__/0052/STEP14_CROSS_DOCUMENT_CONSISTENCY_MATRIX_FULL_223_v1.1.csv,1,82873
/mnt/data/p1_v11_source_scan/src1/STEP14_FULL_CROSS_DOCUMENT_RECONCILIATION_FULL_REBUILD_PACKAGE_v1.1.zip,src1/__nested__/0052/STEP14_FINAL_FINDING_REGISTER_v1.1.csv,1,917
/mnt/data/p1_v11_source_scan/src1/STEP14_FULL_CROSS_DOCUMENT_RECONCILIATION_FULL_REBUILD_PACKAGE_v1.1.zip,src1/__nested__/0052/STEP14_M01_M15_SUCCESSOR_CORE_TRACEABILITY_REVALIDATION_FULL_v1.1.csv,1,105147
/mnt/data/p1_v11_source_scan/src1/STEP14_FULL_CROSS_DOCUMENT_RECONCILIATION_FULL_REBUILD_PACKAGE_v1.1.zip,src1/__nested__/0052/STEP14_OUTPUT_SHA256_MANIFEST_v1.1.csv,1,2001
/mnt/data/p1_v11_source_scan/src1/STEP14_FULL_CROSS_DOCUMENT_RECONCILIATION_FULL_REBUILD_PACKAGE_v1.1.zip,src1/__nested__/0052/STEP14_PORTABLE_CHECKPOINT_v1.1.md,1,827
/mnt/data/p1_v11_source_scan/src1/STEP14_FULL_CROSS_DOCUMENT_RECONCILIATION_FULL_REBUILD_PACKAGE_v1.1.zip,src1/__nested__/0052/STEP14_RECURSIVE_ARCHIVE_INTEGRITY_MATRIX_v1.1.csv,1,1252
/mnt/data/p1_v11_source_scan/src1/STEP14_FULL_CROSS_DOCUMENT_RECONCILIATION_FULL_REBUILD_PACKAGE_v1.1.zip,src1/__nested__/0052/STEP14_SOURCE_PROVENANCE_SHA256_MANIFEST_v1.1.csv,1,1141
/mnt/data/STEP SYNC CORE(20260907-081753).zip,src1/pre-00 gate.zip,0,277791
/mnt/data/p1_v11_source_scan/src1/pre-00 gate.zip,src1/__nested__/0053/PRE-00-J_M08_SCOPE_CONTROL_GATE_FULL_v1.0.md,1,46285
/mnt/data/p1_v11_source_scan/src1/pre-00 gate.zip,src1/__nested__/0053/PRE-00-I_M07_DOMAIN_ALIGNMENT_GATE_FULL_v1.1.md,1,43682
/mnt/data/p1_v11_source_scan/src1/pre-00 gate.zip,src1/__nested__/0053/PRE-00-H_M06_DEVELOPER_PROJECT_MARKETING_CLAIM_GATE_FULL_v1.1.md,1,54521
/mnt/data/p1_v11_source_scan/src1/pre-00 gate.zip,src1/__nested__/0053/PRE-00-G_M05_MANDATORY_DELTA_IMPACT_GATE_FULL_v1.0.md,1,54304
/mnt/data/p1_v11_source_scan/src1/pre-00 gate.zip,src1/__nested__/0053/PRE-00-F_M04_LEARNING_GATE_FULL_v1.1.md,1,65272
/mnt/data/p1_v11_source_scan/src1/pre-00 gate.zip,src1/__nested__/0053/PRE-00-E_M03_LISTING_REFRESH_GATE_FULL_v1.1.md,1,39936
/mnt/data/p1_v11_source_scan/src1/pre-00 gate.zip,src1/__nested__/0053/PRE-00-D_M02_PROFILE_PUBLIC_VISIBILITY_GATE_FULL_v1.1.md,1,27086
/mnt/data/p1_v11_source_scan/src1/pre-00 gate.zip,src1/__nested__/0053/PRE-00-C_M01_IDENTITY_CONFLICT_GATE_FULL_v1.1.md,1,21272
/mnt/data/p1_v11_source_scan/src1/pre-00 gate.zip,src1/__nested__/0053/PRE-00-A-A_M14_V2.1_TO_V2.2_VERSION_LINEAGE_RECONCILIATION_FULL_v1.0.docx,1,43408
/mnt/data/p1_v11_source_scan/src1/pre-00 gate.zip,src1/__nested__/0053/RUMAHAGEN_M01-M15_RECON_TO_CORE_v1.1_INTEGRATION_GOVERNANCE_CHECKLIST_PRE-00.docx,1,45092
/mnt/data/p1_v11_source_scan/src1/pre-00 gate.zip,src1/__nested__/0053/PRE-00-K_M09_ADMINISTRATION_AUTHORITY_GATE_FULL_v1.0.md,1,20762
/mnt/data/p1_v11_source_scan/src1/pre-00 gate.zip,src1/__nested__/0053/PRE-00-Q_M15_QUALIFICATION_EVIDENCE_AUTHORITY_GATE_FULL_v1.0.md,1,45620
/mnt/data/p1_v11_source_scan/src1/pre-00 gate.zip,src1/__nested__/0053/PRE-00-P_M14_COMMERCIAL_SUBSCRIPTION_QUOTA_PROMOTION_MONETIZATION_AUTHORITY_GATE_FULL_v1.2_MIDTRANS_MVP_CONFIGURABLE.md,1,95010
/mnt/data/p1_v11_source_scan/src1/pre-00 gate.zip,src1/__nested__/0053/PRE-00-O_M13_PROVIDER_CATALOGUE_BYOK_AUTHORITY_GATE_FULL_v1.0.md,1,39409
/mnt/data/p1_v11_source_scan/src1/pre-00 gate.zip,src1/__nested__/0053/PRE-00-N_M12_ORGANIZATION_MEMBERSHIP_AUTHORITY_GATE_FULL_v1.0.md,1,32471
/mnt/data/p1_v11_source_scan/src1/pre-00 gate.zip,src1/__nested__/0053/PRE-00-M_M11_PUBLIC_DISCOVERY_SEO_TRACKING_MEASUREMENT_AUTHORITY_GATE_FULL_v1.1.md,1,30617
/mnt/data/p1_v11_source_scan/src1/pre-00 gate.zip,src1/__nested__/0053/PRE-00-R_CROSS_MODULE_CONFLICT_SCAN_FINAL_M01-M15_SEMANTIC_RECONCILIATION_FULL_v1.0.md,1,38469
/mnt/data/p1_v11_source_scan/src1/pre-00 gate.zip,src1/__nested__/0053/FINAL-M10-AUTHORIZATION-IMPACT-UPDATE-RECONCILIATION-FULL-v1.2.md,1,45100
/mnt/data/M01-M15 new recon(20260907-081753).zip,src2/WF03-03-01_M01_FULL_SEMANTIC_REBUILD_v1.1.md,0,24186
/mnt/data/M01-M15 new recon(20260907-081753).zip,src2/WF03_STEP02_FULL_M01-M15_BLOCKER_PREREQUISITE_RETRACE_v1.0.md,0,11010
/mnt/data/M01-M15 new recon(20260907-081753).zip,src2/WF03_STEP01_OWNER_OVERRIDE_AND_RETRACE_BASELINE_v1.0.md,0,4405
/mnt/data/M01-M15 new recon(20260907-081753).zip,src2/WF03-03-02_M02_FULL_SEMANTIC_REBUILD_v1.1.md,0,21104
/mnt/data/M01-M15 new recon(20260907-081753).zip,src2/RUMAHAGEN_WF03_M03_FULL_REBUILD_v1.3_QIR_INTEGRATED_CONTROLLED.zip,0,161796
/mnt/data/p1_v11_source_scan/src2/RUMAHAGEN_WF03_M03_FULL_REBUILD_v1.3_QIR_INTEGRATED_CONTROLLED.zip,src2/__nested__/0054/15_M03_QA_COMPLETION_CONTROLLED_v1.3.md,1,1396
/mnt/data/p1_v11_source_scan/src2/RUMAHAGEN_WF03_M03_FULL_REBUILD_v1.3_QIR_INTEGRATED_CONTROLLED.zip,src2/__nested__/0054/MANIFEST_M03_FULL_REBUILD_v1.3.md,1,1148
/mnt/data/p1_v11_source_scan/src2/RUMAHAGEN_WF03_M03_FULL_REBUILD_v1.3_QIR_INTEGRATED_CONTROLLED.zip,src2/__nested__/0054/09_M03_SEARCH_CONTRACT_FULL_v1.3.md,1,1635
/mnt/data/p1_v11_source_scan/src2/RUMAHAGEN_WF03_M03_FULL_REBUILD_v1.3_QIR_INTEGRATED_CONTROLLED.zip,src2/__nested__/0054/17_M03_QIR_INTEGRATION_PROVENANCE_v1.3.md,1,1605
/mnt/data/p1_v11_source_scan/src2/RUMAHAGEN_WF03_M03_FULL_REBUILD_v1.3_QIR_INTEGRATED_CONTROLLED.zip,src2/__nested__/0054/02_M03_PERMISSION_MATRIX_FULL_v1.3.xlsx,1,8231
/mnt/data/p1_v11_source_scan/src2/RUMAHAGEN_WF03_M03_FULL_REBUILD_v1.3_QIR_INTEGRATED_CONTROLLED.zip,src2/__nested__/0054/11_M03_PHYSICAL_RUNTIME_STATUS_FULL_v1.3.md,1,1346
/mnt/data/p1_v11_source_scan/src2/RUMAHAGEN_WF03_M03_FULL_REBUILD_v1.3_QIR_INTEGRATED_CONTROLLED.zip,src2/__nested__/0054/01_M03_QUESTION_INVENTORY_FULL_v1.3.csv,1,14733
/mnt/data/p1_v11_source_scan/src2/RUMAHAGEN_WF03_M03_FULL_REBUILD_v1.3_QIR_INTEGRATED_CONTROLLED.zip,src2/__nested__/0054/README_CONTROLLED_OUTPUT_v1.3.md,1,1358
/mnt/data/p1_v11_source_scan/src2/RUMAHAGEN_WF03_M03_FULL_REBUILD_v1.3_QIR_INTEGRATED_CONTROLLED.zip,src2/__nested__/0054/05_M03_CROSS_ARTIFACT_RECONCILIATION_FULL_v1.3.md,1,2047
/mnt/data/p1_v11_source_scan/src2/RUMAHAGEN_WF03_M03_FULL_REBUILD_v1.3_QIR_INTEGRATED_CONTROLLED.zip,src2/__nested__/0054/04_M03_SEMANTIC_LIFECYCLE_AUTHORITY_FULL_v1.3.md,1,3651
/mnt/data/p1_v11_source_scan/src2/RUMAHAGEN_WF03_M03_FULL_REBUILD_v1.3_QIR_INTEGRATED_CONTROLLED.zip,src2/__nested__/0054/07_M03_RBAC_RLS_CONTRACT_FULL_v1.3.md,1,1468
/mnt/data/p1_v11_source_scan/src2/RUMAHAGEN_WF03_M03_FULL_REBUILD_v1.3_QIR_INTEGRATED_CONTROLLED.zip,src2/__nested__/0054/06_M03_API_CONTRACT_FULL_v1.3.md,1,1992
/mnt/data/p1_v11_source_scan/src2/RUMAHAGEN_WF03_M03_FULL_REBUILD_v1.3_QIR_INTEGRATED_CONTROLLED.zip,src2/__nested__/0054/08_M03_SCHEMA_ERD_RECONCILIATION_FULL_v1.3.sql,1,662
/mnt/data/p1_v11_source_scan/src2/RUMAHAGEN_WF03_M03_FULL_REBUILD_v1.3_QIR_INTEGRATED_CONTROLLED.zip,src2/__nested__/0054/00_M03_REBUILD_CONTROL_REPORT_v1.3.md,1,4607
/mnt/data/p1_v11_source_scan/src2/RUMAHAGEN_WF03_M03_FULL_REBUILD_v1.3_QIR_INTEGRATED_CONTROLLED.zip,src2/__nested__/0054/16_WF03_MASTER_PROGRESS_M01-M15_v1.8_M03_QIR_INTEGRATED.xlsx,1,29255
/mnt/data/p1_v11_source_scan/src2/RUMAHAGEN_WF03_M03_FULL_REBUILD_v1.3_QIR_INTEGRATED_CONTROLLED.zip,src2/__nested__/0054/01_M03_QUESTION_INVENTORY_FULL_v1.3.xlsx,1,10724
/mnt/data/p1_v11_source_scan/src2/RUMAHAGEN_WF03_M03_FULL_REBUILD_v1.3_QIR_INTEGRATED_CONTROLLED.zip,src2/__nested__/0054/13_M03_MEDIA_THUMBNAIL_DERIVATIVE_CONTRACT_FULL_v1.3.md,1,1664
/mnt/data/p1_v11_source_scan/src2/RUMAHAGEN_WF03_M03_FULL_REBUILD_v1.3_QIR_INTEGRATED_CONTROLLED.zip,src2/__nested__/0054/03_M03_PERMISSION_MATRIX_FULL_v1.3.csv,1,2976
/mnt/data/p1_v11_source_scan/src2/RUMAHAGEN_WF03_M03_FULL_REBUILD_v1.3_QIR_INTEGRATED_CONTROLLED.zip,src2/__nested__/0054/10_M03_UI_UX_USER_FLOW_FULL_v1.3.md,1,1632
/mnt/data/p1_v11_source_scan/src2/RUMAHAGEN_WF03_M03_FULL_REBUILD_v1.3_QIR_INTEGRATED_CONTROLLED.zip,src2/__nested__/0054/14_M03_DISTRICT_REFRESH_POSITIONING_CONTRACT_FULL_v1.3.md,1,1518
/mnt/data/p1_v11_source_scan/src2/RUMAHAGEN_WF03_M03_FULL_REBUILD_v1.3_QIR_INTEGRATED_CONTROLLED.zip,src2/__nested__/0054/_PROVENANCE_QIR_V1.0_SOURCE/01_M03_QUESTION_INVENTORY_RESOLVED_v1.0.xlsx,1,10960
/mnt/data/p1_v11_source_scan/src2/RUMAHAGEN_WF03_M03_FULL_REBUILD_v1.3_QIR_INTEGRATED_CONTROLLED.zip,src2/__nested__/0054/_PROVENANCE_QIR_V1.0_SOURCE/11_M03_PHYSICAL_RUNTIME_STATUS_FULL_v1.2.md,1,1346
/mnt/data/p1_v11_source_scan/src2/RUMAHAGEN_WF03_M03_FULL_REBUILD_v1.3_QIR_INTEGRATED_CONTROLLED.zip,src2/__nested__/0054/_PROVENANCE_QIR_V1.0_SOURCE/08_M03_SCHEMA_ERD_RECONCILIATION_FULL_v1.0.sql,1,1013
/mnt/data/p1_v11_source_scan/src2/RUMAHAGEN_WF03_M03_FULL_REBUILD_v1.3_QIR_INTEGRATED_CONTROLLED.zip,src2/__nested__/0054/_PROVENANCE_QIR_V1.0_SOURCE/00_M03_QUESTION_INVENTORY_RESOLUTION_REPORT_v1.0.md,1,2543
/mnt/data/p1_v11_source_scan/src2/RUMAHAGEN_WF03_M03_FULL_REBUILD_v1.3_QIR_INTEGRATED_CONTROLLED.zip,src2/__nested__/0054/_PROVENANCE_QIR_V1.0_SOURCE/08_M03_SCHEMA_ERD_RECONCILIATION_FULL_v1.2.sql,1,662
/mnt/data/p1_v11_source_scan/src2/RUMAHAGEN_WF03_M03_FULL_REBUILD_v1.3_QIR_INTEGRATED_CONTROLLED.zip,src2/__nested__/0054/_PROVENANCE_QIR_V1.0_SOURCE/MANIFEST_M03_QIR_v1.0.md,1,965
/mnt/data/p1_v11_source_scan/src2/RUMAHAGEN_WF03_M03_FULL_REBUILD_v1.3_QIR_INTEGRATED_CONTROLLED.zip,src2/__nested__/0054/_PROVENANCE_QIR_V1.0_SOURCE/05_M03_CROSS_ARTIFACT_RECONCILIATION_FULL_v1.2.md,1,2047
/mnt/data/p1_v11_source_scan/src2/RUMAHAGEN_WF03_M03_FULL_REBUILD_v1.3_QIR_INTEGRATED_CONTROLLED.zip,src2/__nested__/0054/_PROVENANCE_QIR_V1.0_SOURCE/14_M03_DISTRICT_REFRESH_POSITIONING_CONTRACT_FULL_v1.2.md,1,1518
/mnt/data/p1_v11_source_scan/src2/RUMAHAGEN_WF03_M03_FULL_REBUILD_v1.3_QIR_INTEGRATED_CONTROLLED.zip,src2/__nested__/0054/_PROVENANCE_QIR_V1.0_SOURCE/MANIFEST_v1.2.md,1,889
/mnt/data/p1_v11_source_scan/src2/RUMAHAGEN_WF03_M03_FULL_REBUILD_v1.3_QIR_INTEGRATED_CONTROLLED.zip,src2/__nested__/0054/_PROVENANCE_QIR_V1.0_SOURCE/04_M03_SEMANTIC_LIFECYCLE_AUTHORITY_RESOLVED_v1.0.md,1,3834
/mnt/data/p1_v11_source_scan/src2/RUMAHAGEN_WF03_M03_FULL_REBUILD_v1.3_QIR_INTEGRATED_CONTROLLED.zip,src2/__nested__/0054/_PROVENANCE_QIR_V1.0_SOURCE/01_M03_QUESTION_INVENTORY_RESOLVED_v1.0.csv,1,12262
/mnt/data/p1_v11_source_scan/src2/RUMAHAGEN_WF03_M03_FULL_REBUILD_v1.3_QIR_INTEGRATED_CONTROLLED.zip,src2/__nested__/0054/_PROVENANCE_QIR_V1.0_SOURCE/README_CONTROLLED_OUTPUT_v1.2.md,1,1198
/mnt/data/p1_v11_source_scan/src2/RUMAHAGEN_WF03_M03_FULL_REBUILD_v1.3_QIR_INTEGRATED_CONTROLLED.zip,src2/__nested__/0054/_PROVENANCE_QIR_V1.0_SOURCE/03_M03_PERMISSION_MATRIX_FULL_v1.2.csv,1,3290
/mnt/data/p1_v11_source_scan/src2/RUMAHAGEN_WF03_M03_FULL_REBUILD_v1.3_QIR_INTEGRATED_CONTROLLED.zip,src2/__nested__/0054/_PROVENANCE_QIR_V1.0_SOURCE/02_M03_PERMISSION_MATRIX_RESOLVED_v1.0.xlsx,1,8231
/mnt/data/p1_v11_source_scan/src2/RUMAHAGEN_WF03_M03_FULL_REBUILD_v1.3_QIR_INTEGRATED_CONTROLLED.zip,src2/__nested__/0054/_PROVENANCE_QIR_V1.0_SOURCE/10_M03_UI_UX_USER_FLOW_FULL_v1.2.md,1,1632
/mnt/data/p1_v11_source_scan/src2/RUMAHAGEN_WF03_M03_FULL_REBUILD_v1.3_QIR_INTEGRATED_CONTROLLED.zip,src2/__nested__/0054/_PROVENANCE_QIR_V1.0_SOURCE/15_M03_QA_COMPLETION_CONTROLLED_v1.2.md,1,1396
/mnt/data/p1_v11_source_scan/src2/RUMAHAGEN_WF03_M03_FULL_REBUILD_v1.3_QIR_INTEGRATED_CONTROLLED.zip,src2/__nested__/0054/_PROVENANCE_QIR_V1.0_SOURCE/00_M03_REBUILD_CONTROL_REPORT_v1.2.md,1,4607
/mnt/data/p1_v11_source_scan/src2/RUMAHAGEN_WF03_M03_FULL_REBUILD_v1.3_QIR_INTEGRATED_CONTROLLED.zip,src2/__nested__/0054/_PROVENANCE_QIR_V1.0_SOURCE/09_M03_SEARCH_CONTRACT_RESOLVED_v1.0.md,1,1665
/mnt/data/p1_v11_source_scan/src2/RUMAHAGEN_WF03_M03_FULL_REBUILD_v1.3_QIR_INTEGRATED_CONTROLLED.zip,src2/__nested__/0054/_PROVENANCE_QIR_V1.0_SOURCE/06_M03_API_CONTRACT_FULL_v1.2.md,1,1992
/mnt/data/p1_v11_source_scan/src2/RUMAHAGEN_WF03_M03_FULL_REBUILD_v1.3_QIR_INTEGRATED_CONTROLLED.zip,src2/__nested__/0054/_PROVENANCE_QIR_V1.0_SOURCE/13_M03_MEDIA_THUMBNAIL_DERIVATIVE_CONTRACT_FULL_v1.2.md,1,1664
/mnt/data/p1_v11_source_scan/src2/RUMAHAGEN_WF03_M03_FULL_REBUILD_v1.3_QIR_INTEGRATED_CONTROLLED.zip,src2/__nested__/0054/_PROVENANCE_QIR_V1.0_SOURCE/16_WF03_MASTER_PROGRESS_M01-M15_v1.7_M03_QIR_COMPLETE.xlsx,1,29256
/mnt/data/p1_v11_source_scan/src2/RUMAHAGEN_WF03_M03_FULL_REBUILD_v1.3_QIR_INTEGRATED_CONTROLLED.zip,src2/__nested__/0054/_PROVENANCE_M03_V1.2_ORIGINAL/01_M03_QUESTION_INVENTORY_FULL_v1.2.csv,1,11442
/mnt/data/p1_v11_source_scan/src2/RUMAHAGEN_WF03_M03_FULL_REBUILD_v1.3_QIR_INTEGRATED_CONTROLLED.zip,src2/__nested__/0054/_PROVENANCE_M03_V1.2_ORIGINAL/01_M03_QUESTION_INVENTORY_FULL_v1.2.xlsx,1,10816
/mnt/data/p1_v11_source_scan/src2/RUMAHAGEN_WF03_M03_FULL_REBUILD_v1.3_QIR_INTEGRATED_CONTROLLED.zip,src2/__nested__/0054/_PROVENANCE_M03_V1.2_ORIGINAL/11_M03_PHYSICAL_RUNTIME_STATUS_FULL_v1.2.md,1,1346
/mnt/data/p1_v11_source_scan/src2/RUMAHAGEN_WF03_M03_FULL_REBUILD_v1.3_QIR_INTEGRATED_CONTROLLED.zip,src2/__nested__/0054/_PROVENANCE_M03_V1.2_ORIGINAL/08_M03_SCHEMA_ERD_RECONCILIATION_FULL_v1.0.sql,1,1013
/mnt/data/p1_v11_source_scan/src2/RUMAHAGEN_WF03_M03_FULL_REBUILD_v1.3_QIR_INTEGRATED_CONTROLLED.zip,src2/__nested__/0054/_PROVENANCE_M03_V1.2_ORIGINAL/04_M03_SEMANTIC_LIFECYCLE_AUTHORITY_FULL_v1.2.md,1,3651
/mnt/data/p1_v11_source_scan/src2/RUMAHAGEN_WF03_M03_FULL_REBUILD_v1.3_QIR_INTEGRATED_CONTROLLED.zip,src2/__nested__/0054/_PROVENANCE_M03_V1.2_ORIGINAL/08_M03_SCHEMA_ERD_RECONCILIATION_FULL_v1.2.sql,1,662
/mnt/data/p1_v11_source_scan/src2/RUMAHAGEN_WF03_M03_FULL_REBUILD_v1.3_QIR_INTEGRATED_CONTROLLED.zip,src2/__nested__/0054/_PROVENANCE_M03_V1.2_ORIGINAL/05_M03_CROSS_ARTIFACT_RECONCILIATION_FULL_v1.2.md,1,2047
/mnt/data/p1_v11_source_scan/src2/RUMAHAGEN_WF03_M03_FULL_REBUILD_v1.3_QIR_INTEGRATED_CONTROLLED.zip,src2/__nested__/0054/_PROVENANCE_M03_V1.2_ORIGINAL/07_M03_RBAC_RLS_CONTRACT_FULL_v1.2.md,1,1468
/mnt/data/p1_v11_source_scan/src2/RUMAHAGEN_WF03_M03_FULL_REBUILD_v1.3_QIR_INTEGRATED_CONTROLLED.zip,src2/__nested__/0054/_PROVENANCE_M03_V1.2_ORIGINAL/14_M03_DISTRICT_REFRESH_POSITIONING_CONTRACT_FULL_v1.2.md,1,1518
/mnt/data/p1_v11_source_scan/src2/RUMAHAGEN_WF03_M03_FULL_REBUILD_v1.3_QIR_INTEGRATED_CONTROLLED.zip,src2/__nested__/0054/_PROVENANCE_M03_V1.2_ORIGINAL/09_M03_SEARCH_CONTRACT_FULL_v1.2.md,1,1635
/mnt/data/p1_v11_source_scan/src2/RUMAHAGEN_WF03_M03_FULL_REBUILD_v1.3_QIR_INTEGRATED_CONTROLLED.zip,src2/__nested__/0054/_PROVENANCE_M03_V1.2_ORIGINAL/MANIFEST_v1.2.md,1,889
/mnt/data/p1_v11_source_scan/src2/RUMAHAGEN_WF03_M03_FULL_REBUILD_v1.3_QIR_INTEGRATED_CONTROLLED.zip,src2/__nested__/0054/_PROVENANCE_M03_V1.2_ORIGINAL/16_WF03_MASTER_PROGRESS_M01-M15_v1.6_M03_COMPLETE.xlsx,1,29257
/mnt/data/p1_v11_source_scan/src2/RUMAHAGEN_WF03_M03_FULL_REBUILD_v1.3_QIR_INTEGRATED_CONTROLLED.zip,src2/__nested__/0054/_PROVENANCE_M03_V1.2_ORIGINAL/README_CONTROLLED_OUTPUT_v1.2.md,1,1198
/mnt/data/p1_v11_source_scan/src2/RUMAHAGEN_WF03_M03_FULL_REBUILD_v1.3_QIR_INTEGRATED_CONTROLLED.zip,src2/__nested__/0054/_PROVENANCE_M03_V1.2_ORIGINAL/03_M03_PERMISSION_MATRIX_FULL_v1.2.csv,1,3290
/mnt/data/p1_v11_source_scan/src2/RUMAHAGEN_WF03_M03_FULL_REBUILD_v1.3_QIR_INTEGRATED_CONTROLLED.zip,src2/__nested__/0054/_PROVENANCE_M03_V1.2_ORIGINAL/10_M03_UI_UX_USER_FLOW_FULL_v1.2.md,1,1632
/mnt/data/p1_v11_source_scan/src2/RUMAHAGEN_WF03_M03_FULL_REBUILD_v1.3_QIR_INTEGRATED_CONTROLLED.zip,src2/__nested__/0054/_PROVENANCE_M03_V1.2_ORIGINAL/15_M03_QA_COMPLETION_CONTROLLED_v1.2.md,1,1396
/mnt/data/p1_v11_source_scan/src2/RUMAHAGEN_WF03_M03_FULL_REBUILD_v1.3_QIR_INTEGRATED_CONTROLLED.zip,src2/__nested__/0054/_PROVENANCE_M03_V1.2_ORIGINAL/00_M03_REBUILD_CONTROL_REPORT_v1.2.md,1,4607
/mnt/data/p1_v11_source_scan/src2/RUMAHAGEN_WF03_M03_FULL_REBUILD_v1.3_QIR_INTEGRATED_CONTROLLED.zip,src2/__nested__/0054/_PROVENANCE_M03_V1.2_ORIGINAL/02_M03_PERMISSION_MATRIX_FULL_v1.2.xlsx,1,8343
/mnt/data/p1_v11_source_scan/src2/RUMAHAGEN_WF03_M03_FULL_REBUILD_v1.3_QIR_INTEGRATED_CONTROLLED.zip,src2/__nested__/0054/_PROVENANCE_M03_V1.2_ORIGINAL/06_M03_API_CONTRACT_FULL_v1.2.md,1,1992
/mnt/data/p1_v11_source_scan/src2/RUMAHAGEN_WF03_M03_FULL_REBUILD_v1.3_QIR_INTEGRATED_CONTROLLED.zip,src2/__nested__/0054/_PROVENANCE_M03_V1.2_ORIGINAL/13_M03_MEDIA_THUMBNAIL_DERIVATIVE_CONTRACT_FULL_v1.2.md,1,1664
/mnt/data/M01-M15 new recon(20260907-081753).zip,src2/M03_CORE_IMPACT_ANALYSIS_FULL_v1.0_CONTROLLED.zip,0,25873
/mnt/data/p1_v11_source_scan/src2/M03_CORE_IMPACT_ANALYSIS_FULL_v1.0_CONTROLLED.zip,src2/__nested__/0055/00_M03_CORE_IMPACT_EXECUTIVE_SUMMARY_v1.0.md,1,591
/mnt/data/p1_v11_source_scan/src2/M03_CORE_IMPACT_ANALYSIS_FULL_v1.0_CONTROLLED.zip,src2/__nested__/0055/01_M03_CORE_IMPACT_MATRIX_FULL_v1.0.csv,1,44866
/mnt/data/p1_v11_source_scan/src2/M03_CORE_IMPACT_ANALYSIS_FULL_v1.0_CONTROLLED.zip,src2/__nested__/0055/01_M03_CORE_IMPACT_MATRIX_FULL_v1.0.xlsx,1,12128
/mnt/data/p1_v11_source_scan/src2/M03_CORE_IMPACT_ANALYSIS_FULL_v1.0_CONTROLLED.zip,src2/__nested__/0055/02_M03_CORE_CONFLICT_REGISTER_FULL_v1.0.md,1,2436
/mnt/data/p1_v11_source_scan/src2/M03_CORE_IMPACT_ANALYSIS_FULL_v1.0_CONTROLLED.zip,src2/__nested__/0055/03_M03_CORE_PROPAGATION_MATRIX_FULL_v1.0.csv,1,2473
/mnt/data/p1_v11_source_scan/src2/M03_CORE_IMPACT_ANALYSIS_FULL_v1.0_CONTROLLED.zip,src2/__nested__/0055/04_M03_CORE_DEPENDENCY_IMPACT_FULL_v1.0.md,1,977
/mnt/data/p1_v11_source_scan/src2/M03_CORE_IMPACT_ANALYSIS_FULL_v1.0_CONTROLLED.zip,src2/__nested__/0055/05_M03_CORE_REQUIRED_CHANGE_REGISTER_FULL_v1.0.md,1,1708
/mnt/data/p1_v11_source_scan/src2/M03_CORE_IMPACT_ANALYSIS_FULL_v1.0_CONTROLLED.zip,src2/__nested__/0055/06_M03_CORE_AUTHORITY_MAPPING_FULL_v1.0.md,1,1057
/mnt/data/p1_v11_source_scan/src2/M03_CORE_IMPACT_ANALYSIS_FULL_v1.0_CONTROLLED.zip,src2/__nested__/0055/07_M03_CORE_IMPACT_QA_FULL_v1.0.md,1,974
/mnt/data/p1_v11_source_scan/src2/M03_CORE_IMPACT_ANALYSIS_FULL_v1.0_CONTROLLED.zip,src2/__nested__/0055/08_M03_CORE_INTEGRATION_READINESS_FULL_v1.0.md,1,861
/mnt/data/p1_v11_source_scan/src2/M03_CORE_IMPACT_ANALYSIS_FULL_v1.0_CONTROLLED.zip,src2/__nested__/0055/09_PROVENANCE_M03_CORE_IMPACT_v1.0.md,1,586
/mnt/data/p1_v11_source_scan/src2/M03_CORE_IMPACT_ANALYSIS_FULL_v1.0_CONTROLLED.zip,src2/__nested__/0055/10_MANIFEST_M03_CORE_IMPACT_v1.0.md,1,568
/mnt/data/M01-M15 new recon(20260907-081753).zip,src2/M02_CORE_IMPACT_ANALYSIS_FULL_v1.0_CONTROLLED.zip,0,19133
/mnt/data/p1_v11_source_scan/src2/M02_CORE_IMPACT_ANALYSIS_FULL_v1.0_CONTROLLED.zip,src2/__nested__/0056/00_M02_CORE_IMPACT_EXECUTIVE_SUMMARY_v1.0.md,1,604
/mnt/data/p1_v11_source_scan/src2/M02_CORE_IMPACT_ANALYSIS_FULL_v1.0_CONTROLLED.zip,src2/__nested__/0056/01_M02_CORE_IMPACT_MATRIX_FULL_v1.0.csv,1,44200
/mnt/data/p1_v11_source_scan/src2/M02_CORE_IMPACT_ANALYSIS_FULL_v1.0_CONTROLLED.zip,src2/__nested__/0056/01_M02_CORE_IMPACT_MATRIX_FULL_v1.0.xlsx,1,9458
/mnt/data/p1_v11_source_scan/src2/M02_CORE_IMPACT_ANALYSIS_FULL_v1.0_CONTROLLED.zip,src2/__nested__/0056/02_M02_CORE_CONFLICT_REGISTER_FULL_v1.0.md,1,2041
/mnt/data/p1_v11_source_scan/src2/M02_CORE_IMPACT_ANALYSIS_FULL_v1.0_CONTROLLED.zip,src2/__nested__/0056/03_M02_CORE_PROPAGATION_MATRIX_FULL_v1.0.csv,1,1742
/mnt/data/p1_v11_source_scan/src2/M02_CORE_IMPACT_ANALYSIS_FULL_v1.0_CONTROLLED.zip,src2/__nested__/0056/04_M02_CORE_DEPENDENCY_IMPACT_FULL_v1.0.md,1,712
/mnt/data/p1_v11_source_scan/src2/M02_CORE_IMPACT_ANALYSIS_FULL_v1.0_CONTROLLED.zip,src2/__nested__/0056/05_M02_CORE_REQUIRED_CHANGE_REGISTER_FULL_v1.0.md,1,918
/mnt/data/p1_v11_source_scan/src2/M02_CORE_IMPACT_ANALYSIS_FULL_v1.0_CONTROLLED.zip,src2/__nested__/0056/06_M02_CORE_AUTHORITY_MAPPING_FULL_v1.0.md,1,595
/mnt/data/p1_v11_source_scan/src2/M02_CORE_IMPACT_ANALYSIS_FULL_v1.0_CONTROLLED.zip,src2/__nested__/0056/07_M02_CORE_IMPACT_QA_FULL_v1.0.md,1,562
/mnt/data/p1_v11_source_scan/src2/M02_CORE_IMPACT_ANALYSIS_FULL_v1.0_CONTROLLED.zip,src2/__nested__/0056/08_M02_CORE_INTEGRATION_READINESS_FULL_v1.0.md,1,437
/mnt/data/p1_v11_source_scan/src2/M02_CORE_IMPACT_ANALYSIS_FULL_v1.0_CONTROLLED.zip,src2/__nested__/0056/09_PROVENANCE_M02_CORE_IMPACT_v1.0.md,1,590
/mnt/data/p1_v11_source_scan/src2/M02_CORE_IMPACT_ANALYSIS_FULL_v1.0_CONTROLLED.zip,src2/__nested__/0056/10_MANIFEST_M02_CORE_IMPACT_v1.0.md,1,548
/mnt/data/M01-M15 new recon(20260907-081753).zip,src2/M01_CORE_IMPACT_ANALYSIS_FULL_v1.0_CONTROLLED.zip,0,18853
/mnt/data/p1_v11_source_scan/src2/M01_CORE_IMPACT_ANALYSIS_FULL_v1.0_CONTROLLED.zip,src2/__nested__/0057/00_M01_CORE_IMPACT_EXECUTIVE_SUMMARY_v1.0.md,1,455
/mnt/data/p1_v11_source_scan/src2/M01_CORE_IMPACT_ANALYSIS_FULL_v1.0_CONTROLLED.zip,src2/__nested__/0057/01_M01_CORE_IMPACT_MATRIX_FULL_v1.0.csv,1,40535
/mnt/data/p1_v11_source_scan/src2/M01_CORE_IMPACT_ANALYSIS_FULL_v1.0_CONTROLLED.zip,src2/__nested__/0057/01_M01_CORE_IMPACT_MATRIX_FULL_v1.0.xlsx,1,9698
/mnt/data/p1_v11_source_scan/src2/M01_CORE_IMPACT_ANALYSIS_FULL_v1.0_CONTROLLED.zip,src2/__nested__/0057/02_M01_CORE_CONFLICT_REGISTER_FULL_v1.0.md,1,1244
/mnt/data/p1_v11_source_scan/src2/M01_CORE_IMPACT_ANALYSIS_FULL_v1.0_CONTROLLED.zip,src2/__nested__/0057/03_M01_CORE_PROPAGATION_MATRIX_FULL_v1.0.csv,1,1586
/mnt/data/p1_v11_source_scan/src2/M01_CORE_IMPACT_ANALYSIS_FULL_v1.0_CONTROLLED.zip,src2/__nested__/0057/04_M01_CORE_DEPENDENCY_IMPACT_FULL_v1.0.md,1,531
/mnt/data/p1_v11_source_scan/src2/M01_CORE_IMPACT_ANALYSIS_FULL_v1.0_CONTROLLED.zip,src2/__nested__/0057/05_M01_CORE_REQUIRED_CHANGE_REGISTER_FULL_v1.0.md,1,753
/mnt/data/p1_v11_source_scan/src2/M01_CORE_IMPACT_ANALYSIS_FULL_v1.0_CONTROLLED.zip,src2/__nested__/0057/06_M01_CORE_AUTHORITY_MAPPING_FULL_v1.0.md,1,536
/mnt/data/p1_v11_source_scan/src2/M01_CORE_IMPACT_ANALYSIS_FULL_v1.0_CONTROLLED.zip,src2/__nested__/0057/07_M01_CORE_IMPACT_QA_FULL_v1.0.md,1,473
/mnt/data/p1_v11_source_scan/src2/M01_CORE_IMPACT_ANALYSIS_FULL_v1.0_CONTROLLED.zip,src2/__nested__/0057/08_M01_CORE_INTEGRATION_READINESS_FULL_v1.0.md,1,368
/mnt/data/p1_v11_source_scan/src2/M01_CORE_IMPACT_ANALYSIS_FULL_v1.0_CONTROLLED.zip,src2/__nested__/0057/09_PROVENANCE_M01_CORE_IMPACT_v1.0.md,1,405
/mnt/data/p1_v11_source_scan/src2/M01_CORE_IMPACT_ANALYSIS_FULL_v1.0_CONTROLLED.zip,src2/__nested__/0057/10_MANIFEST_M01_CORE_IMPACT_v1.0.md,1,548
/mnt/data/M01-M15 new recon(20260907-081753).zip,src2/M04_CORE_IMPACT_ANALYSIS_FULL_v1.0_CONTROLLED.zip,0,7535
/mnt/data/p1_v11_source_scan/src2/M04_CORE_IMPACT_ANALYSIS_FULL_v1.0_CONTROLLED.zip,src2/__nested__/0058/08_M04_CORE_INTEGRATION_READINESS.md,1,376
/mnt/data/p1_v11_source_scan/src2/M04_CORE_IMPACT_ANALYSIS_FULL_v1.0_CONTROLLED.zip,src2/__nested__/0058/05_M04_CORE_REQUIRED_CHANGE_REGISTER.md,1,565
/mnt/data/p1_v11_source_scan/src2/M04_CORE_IMPACT_ANALYSIS_FULL_v1.0_CONTROLLED.zip,src2/__nested__/0058/04_M04_CORE_DEPENDENCY_IMPACT.md,1,717
/mnt/data/p1_v11_source_scan/src2/M04_CORE_IMPACT_ANALYSIS_FULL_v1.0_CONTROLLED.zip,src2/__nested__/0058/03_M04_CORE_PROPAGATION_MATRIX.csv,1,1122
/mnt/data/p1_v11_source_scan/src2/M04_CORE_IMPACT_ANALYSIS_FULL_v1.0_CONTROLLED.zip,src2/__nested__/0058/09_PROVENANCE.md,1,394
/mnt/data/p1_v11_source_scan/src2/M04_CORE_IMPACT_ANALYSIS_FULL_v1.0_CONTROLLED.zip,src2/__nested__/0058/01_M04_CORE_IMPACT_MATRIX.csv,1,1689
/mnt/data/p1_v11_source_scan/src2/M04_CORE_IMPACT_ANALYSIS_FULL_v1.0_CONTROLLED.zip,src2/__nested__/0058/07_M04_CORE_QA.md,1,410
/mnt/data/p1_v11_source_scan/src2/M04_CORE_IMPACT_ANALYSIS_FULL_v1.0_CONTROLLED.zip,src2/__nested__/0058/02_M04_CORE_CONFLICT_REGISTER.md,1,9490
/mnt/data/p1_v11_source_scan/src2/M04_CORE_IMPACT_ANALYSIS_FULL_v1.0_CONTROLLED.zip,src2/__nested__/0058/01_M04_CORE_IMPACT_MATRIX.md,1,2267
/mnt/data/p1_v11_source_scan/src2/M04_CORE_IMPACT_ANALYSIS_FULL_v1.0_CONTROLLED.zip,src2/__nested__/0058/06_M04_CORE_AUTHORITY_MAPPING.md,1,813
/mnt/data/p1_v11_source_scan/src2/M04_CORE_IMPACT_ANALYSIS_FULL_v1.0_CONTROLLED.zip,src2/__nested__/0058/10_MANIFEST.md,1,373
/mnt/data/M01-M15 new recon(20260907-081753).zip,src2/RUMAHAGEN_WF03_M05_QIR_CORRECTION_CONTROLLED_FULL_v1.2.zip,0,134715
/mnt/data/p1_v11_source_scan/src2/RUMAHAGEN_WF03_M05_QIR_CORRECTION_CONTROLLED_FULL_v1.2.zip,src2/__nested__/0059/M05_v1.2_BASELINE/11_M05_PERMISSION_MATRIX_FULL_v1.2.csv,1,585
/mnt/data/p1_v11_source_scan/src2/RUMAHAGEN_WF03_M05_QIR_CORRECTION_CONTROLLED_FULL_v1.2.zip,src2/__nested__/0059/M05_v1.2_BASELINE/10_M05_CONFIGURATION_PROVIDER_FULL_v1.2.md,1,994
/mnt/data/p1_v11_source_scan/src2/RUMAHAGEN_WF03_M05_QIR_CORRECTION_CONTROLLED_FULL_v1.2.zip,src2/__nested__/0059/M05_v1.2_BASELINE/08_M05_CROSS_MODULE_RECONCILIATION_FULL_v1.2.md,1,468
/mnt/data/p1_v11_source_scan/src2/RUMAHAGEN_WF03_M05_QIR_CORRECTION_CONTROLLED_FULL_v1.2.zip,src2/__nested__/0059/M05_v1.2_BASELINE/05_M05_PERMISSION_ACTION_REVIEW_FULL_v1.2.md,1,603
/mnt/data/p1_v11_source_scan/src2/RUMAHAGEN_WF03_M05_QIR_CORRECTION_CONTROLLED_FULL_v1.2.zip,src2/__nested__/0059/M05_v1.2_BASELINE/evidence_iframe.md,1,7107
/mnt/data/p1_v11_source_scan/src2/RUMAHAGEN_WF03_M05_QIR_CORRECTION_CONTROLLED_FULL_v1.2.zip,src2/__nested__/0059/M05_v1.2_BASELINE/04_M05_LIFECYCLE_FULL_v1.2.md,1,959
/mnt/data/p1_v11_source_scan/src2/RUMAHAGEN_WF03_M05_QIR_CORRECTION_CONTROLLED_FULL_v1.2.zip,src2/__nested__/0059/M05_v1.2_BASELINE/evidence_waitinglist.md,1,8521
/mnt/data/p1_v11_source_scan/src2/RUMAHAGEN_WF03_M05_QIR_CORRECTION_CONTROLLED_FULL_v1.2.zip,src2/__nested__/0059/M05_v1.2_BASELINE/03_M05_SEMANTIC_REVIEW_FULL_v1.2.md,1,824
/mnt/data/p1_v11_source_scan/src2/RUMAHAGEN_WF03_M05_QIR_CORRECTION_CONTROLLED_FULL_v1.2.zip,src2/__nested__/0059/M05_v1.2_BASELINE/06_M05_CROSS_ARTIFACT_RECONCILIATION_FULL_v1.2.md,1,771
/mnt/data/p1_v11_source_scan/src2/RUMAHAGEN_WF03_M05_QIR_CORRECTION_CONTROLLED_FULL_v1.2.zip,src2/__nested__/0059/M05_v1.2_BASELINE/evidence_late_registration.md,1,8522
/mnt/data/p1_v11_source_scan/src2/RUMAHAGEN_WF03_M05_QIR_CORRECTION_CONTROLLED_FULL_v1.2.zip,src2/__nested__/0059/M05_v1.2_BASELINE/evidence_quota.md,1,8997
/mnt/data/p1_v11_source_scan/src2/RUMAHAGEN_WF03_M05_QIR_CORRECTION_CONTROLLED_FULL_v1.2.zip,src2/__nested__/0059/M05_v1.2_BASELINE/15_M05_MANIFEST_CONTROLLED_v1.2.md,1,527
/mnt/data/p1_v11_source_scan/src2/RUMAHAGEN_WF03_M05_QIR_CORRECTION_CONTROLLED_FULL_v1.2.zip,src2/__nested__/0059/M05_v1.2_BASELINE/01_M05_SOURCE_INVENTORY_100PCT_v1.2.md,1,331
/mnt/data/p1_v11_source_scan/src2/RUMAHAGEN_WF03_M05_QIR_CORRECTION_CONTROLLED_FULL_v1.2.zip,src2/__nested__/0059/M05_v1.2_BASELINE/12_M05_FULL_FIELD_CONFIGURATION_PERMISSION_MATRIX_v1.2.xlsx,1,8960
/mnt/data/p1_v11_source_scan/src2/RUMAHAGEN_WF03_M05_QIR_CORRECTION_CONTROLLED_FULL_v1.2.zip,src2/__nested__/0059/M05_v1.2_BASELINE/13_M05_EVIDENCE_PROVENANCE_AND_DIFF_v1.2.md,1,1658
/mnt/data/p1_v11_source_scan/src2/RUMAHAGEN_WF03_M05_QIR_CORRECTION_CONTROLLED_FULL_v1.2.zip,src2/__nested__/0059/M05_v1.2_BASELINE/07_M05_PHYSICAL_RUNTIME_PREREQUISITE_REVIEW_FULL_v1.2.md,1,576
/mnt/data/p1_v11_source_scan/src2/RUMAHAGEN_WF03_M05_QIR_CORRECTION_CONTROLLED_FULL_v1.2.zip,src2/__nested__/0059/M05_v1.2_BASELINE/01_M05_SOURCE_INVENTORY_100PCT_v1.2.csv,1,67454
/mnt/data/p1_v11_source_scan/src2/RUMAHAGEN_WF03_M05_QIR_CORRECTION_CONTROLLED_FULL_v1.2.zip,src2/__nested__/0059/M05_v1.2_BASELINE/16_M05_FULL_REBUILD_CONTROLLED_v1.2.docx,1,38911
/mnt/data/p1_v11_source_scan/src2/RUMAHAGEN_WF03_M05_QIR_CORRECTION_CONTROLLED_FULL_v1.2.zip,src2/__nested__/0059/M05_v1.2_BASELINE/09_M05_ACTOR_SURFACE_FULL_v1.2.md,1,632
/mnt/data/p1_v11_source_scan/src2/RUMAHAGEN_WF03_M05_QIR_CORRECTION_CONTROLLED_FULL_v1.2.zip,src2/__nested__/0059/M05_v1.2_BASELINE/evidence_attendance.md,1,8385
/mnt/data/p1_v11_source_scan/src2/RUMAHAGEN_WF03_M05_QIR_CORRECTION_CONTROLLED_FULL_v1.2.zip,src2/__nested__/0059/M05_v1.2_BASELINE/02_M05_QUESTION_INVENTORY_FULL_v1.2.md,1,237
/mnt/data/p1_v11_source_scan/src2/RUMAHAGEN_WF03_M05_QIR_CORRECTION_CONTROLLED_FULL_v1.2.zip,src2/__nested__/0059/M05_v1.2_BASELINE/00_M05_FULL_REBUILD_CONTROL_REPORT_v1.2.md,1,1490
/mnt/data/p1_v11_source_scan/src2/RUMAHAGEN_WF03_M05_QIR_CORRECTION_CONTROLLED_FULL_v1.2.zip,src2/__nested__/0059/M05_v1.2_BASELINE/evidence_fields.md,1,8908
/mnt/data/p1_v11_source_scan/src2/RUMAHAGEN_WF03_M05_QIR_CORRECTION_CONTROLLED_FULL_v1.2.zip,src2/__nested__/0059/M05_v1.2_BASELINE/02_M05_QUESTION_INVENTORY_FULL_v1.2.csv,1,2321
/mnt/data/p1_v11_source_scan/src2/RUMAHAGEN_WF03_M05_QIR_CORRECTION_CONTROLLED_FULL_v1.2.zip,src2/__nested__/0059/M05_v1.2_BASELINE/evidence_provider.md,1,8501
/mnt/data/p1_v11_source_scan/src2/RUMAHAGEN_WF03_M05_QIR_CORRECTION_CONTROLLED_FULL_v1.2.zip,src2/__nested__/0059/M05_v1.2_BASELINE/14_M05_QA_FULL_v1.2.md,1,1150
/mnt/data/p1_v11_source_scan/src2/RUMAHAGEN_WF03_M05_QIR_CORRECTION_CONTROLLED_FULL_v1.2.zip,src2/__nested__/0059/M05_QIR_CORRECTION_v1.2/04_M05_QIR_PROVIDER_VALIDATION_CORRECTED_FULL.md,1,774
/mnt/data/p1_v11_source_scan/src2/RUMAHAGEN_WF03_M05_QIR_CORRECTION_CONTROLLED_FULL_v1.2.zip,src2/__nested__/0059/M05_QIR_CORRECTION_v1.2/10_M05_QIR_DOCUMENTARY_BLOCKERS_CORRECTED_FULL.md,1,710
/mnt/data/p1_v11_source_scan/src2/RUMAHAGEN_WF03_M05_QIR_CORRECTION_CONTROLLED_FULL_v1.2.zip,src2/__nested__/0059/M05_QIR_CORRECTION_v1.2/00_M05_QIR_CORRECTION_CONTROLLED_v1.2.md,1,3445
/mnt/data/p1_v11_source_scan/src2/RUMAHAGEN_WF03_M05_QIR_CORRECTION_CONTROLLED_FULL_v1.2.zip,src2/__nested__/0059/M05_QIR_CORRECTION_v1.2/11_M05_QIR_FINAL_FINDINGS_CORRECTED_FULL.md,1,726
/mnt/data/p1_v11_source_scan/src2/RUMAHAGEN_WF03_M05_QIR_CORRECTION_CONTROLLED_FULL_v1.2.zip,src2/__nested__/0059/M05_QIR_CORRECTION_v1.2/12_M05_QIR_QA_CORRECTED_FULL.md,1,963
/mnt/data/p1_v11_source_scan/src2/RUMAHAGEN_WF03_M05_QIR_CORRECTION_CONTROLLED_FULL_v1.2.zip,src2/__nested__/0059/M05_QIR_CORRECTION_v1.2/06_M05_QIR_LIFECYCLE_VALIDATION_CORRECTED_FULL.md,1,804
/mnt/data/p1_v11_source_scan/src2/RUMAHAGEN_WF03_M05_QIR_CORRECTION_CONTROLLED_FULL_v1.2.zip,src2/__nested__/0059/M05_QIR_CORRECTION_v1.2/09_M05_QIR_CROSS_MODULE_VALIDATION_CORRECTED_FULL.md,1,574
/mnt/data/p1_v11_source_scan/src2/RUMAHAGEN_WF03_M05_QIR_CORRECTION_CONTROLLED_FULL_v1.2.zip,src2/__nested__/0059/M05_QIR_CORRECTION_v1.2/13_M05_QIR_CORRECTION_CONTROLLED_FULL_v1.2.docx,1,37642
/mnt/data/p1_v11_source_scan/src2/RUMAHAGEN_WF03_M05_QIR_CORRECTION_CONTROLLED_FULL_v1.2.zip,src2/__nested__/0059/M05_QIR_CORRECTION_v1.2/03_M05_QIR_BUSINESS_RULE_VALIDATION_CORRECTED_FULL.md,1,1244
/mnt/data/p1_v11_source_scan/src2/RUMAHAGEN_WF03_M05_QIR_CORRECTION_CONTROLLED_FULL_v1.2.zip,src2/__nested__/0059/M05_QIR_CORRECTION_v1.2/07_M05_QIR_PERMISSION_VALIDATION_CORRECTED_FULL.md,1,542
/mnt/data/p1_v11_source_scan/src2/RUMAHAGEN_WF03_M05_QIR_CORRECTION_CONTROLLED_FULL_v1.2.zip,src2/__nested__/0059/M05_QIR_CORRECTION_v1.2/05_M05_QIR_GUEST_REGISTRATION_VALIDATION_CORRECTED_FULL.md,1,742
/mnt/data/p1_v11_source_scan/src2/RUMAHAGEN_WF03_M05_QIR_CORRECTION_CONTROLLED_FULL_v1.2.zip,src2/__nested__/0059/M05_QIR_CORRECTION_v1.2/08_M05_QIR_CONFIGURATION_VALIDATION_CORRECTED_FULL.md,1,648
/mnt/data/p1_v11_source_scan/src2/RUMAHAGEN_WF03_M05_QIR_CORRECTION_CONTROLLED_FULL_v1.2.zip,src2/__nested__/0059/M05_QIR_CORRECTION_v1.2/02_M05_QIR_RESOLUTION_MATRIX_CORRECTED_FULL.csv,1,1114
/mnt/data/p1_v11_source_scan/src2/RUMAHAGEN_WF03_M05_QIR_CORRECTION_CONTROLLED_FULL_v1.2.zip,src2/__nested__/0059/M05_QIR_CORRECTION_v1.2/01_M05_QIR_QUESTION_INVENTORY_CORRECTED_FULL.csv,1,2961
/mnt/data/M01-M15 new recon(20260907-081753).zip,src2/RUMAHAGEN_WF03_M05_FULL_REBUILD_CONTROLLED_v1.3_FULL_VERSION.zip,0,166268
/mnt/data/p1_v11_source_scan/src2/RUMAHAGEN_WF03_M05_FULL_REBUILD_CONTROLLED_v1.3_FULL_VERSION.zip,src2/__nested__/0060/01_M05_SOURCE_INVENTORY_100PCT_v1.3.md,1,296
/mnt/data/p1_v11_source_scan/src2/RUMAHAGEN_WF03_M05_FULL_REBUILD_CONTROLLED_v1.3_FULL_VERSION.zip,src2/__nested__/0060/00_M05_FULL_REBUILD_CONTROL_REPORT_v1.3.md,1,1667
/mnt/data/p1_v11_source_scan/src2/RUMAHAGEN_WF03_M05_FULL_REBUILD_CONTROLLED_v1.3_FULL_VERSION.zip,src2/__nested__/0060/18_M05_FULL_REBUILD_CONTROLLED_v1.3.docx,1,38682
/mnt/data/p1_v11_source_scan/src2/RUMAHAGEN_WF03_M05_FULL_REBUILD_CONTROLLED_v1.3_FULL_VERSION.zip,src2/__nested__/0060/10_M05_ACTOR_SURFACE_FULL_v1.3.md,1,579
/mnt/data/p1_v11_source_scan/src2/RUMAHAGEN_WF03_M05_FULL_REBUILD_CONTROLLED_v1.3_FULL_VERSION.zip,src2/__nested__/0060/06_M05_PERMISSION_ACTION_REVIEW_FULL_v1.3.md,1,439
/mnt/data/p1_v11_source_scan/src2/RUMAHAGEN_WF03_M05_FULL_REBUILD_CONTROLLED_v1.3_FULL_VERSION.zip,src2/__nested__/0060/02_M05_SOURCE_INVENTORY_100PCT_v1.3.csv,1,72712
/mnt/data/p1_v11_source_scan/src2/RUMAHAGEN_WF03_M05_FULL_REBUILD_CONTROLLED_v1.3_FULL_VERSION.zip,src2/__nested__/0060/03_M05_QUESTION_INVENTORY_FULL_v1.3.md,1,250
/mnt/data/p1_v11_source_scan/src2/RUMAHAGEN_WF03_M05_FULL_REBUILD_CONTROLLED_v1.3_FULL_VERSION.zip,src2/__nested__/0060/07_M05_CROSS_ARTIFACT_RECONCILIATION_FULL_v1.3.md,1,572
/mnt/data/p1_v11_source_scan/src2/RUMAHAGEN_WF03_M05_FULL_REBUILD_CONTROLLED_v1.3_FULL_VERSION.zip,src2/__nested__/0060/14_M05_FIELD_INVENTORY_FULL_v1.3.csv,1,1704
/mnt/data/p1_v11_source_scan/src2/RUMAHAGEN_WF03_M05_FULL_REBUILD_CONTROLLED_v1.3_FULL_VERSION.zip,src2/__nested__/0060/03_M05_QUESTION_INVENTORY_FULL_v1.3.csv,1,2736
/mnt/data/p1_v11_source_scan/src2/RUMAHAGEN_WF03_M05_FULL_REBUILD_CONTROLLED_v1.3_FULL_VERSION.zip,src2/__nested__/0060/12_M05_ONLINE_MEETING_PROVIDER_FULL_v1.3.md,1,722
/mnt/data/p1_v11_source_scan/src2/RUMAHAGEN_WF03_M05_FULL_REBUILD_CONTROLLED_v1.3_FULL_VERSION.zip,src2/__nested__/0060/08_M05_CROSS_MODULE_RECONCILIATION_FULL_v1.3.md,1,359
/mnt/data/p1_v11_source_scan/src2/RUMAHAGEN_WF03_M05_FULL_REBUILD_CONTROLLED_v1.3_FULL_VERSION.zip,src2/__nested__/0060/11_M05_CONFIGURATION_MATRIX_FULL_v1.3.md,1,782
/mnt/data/p1_v11_source_scan/src2/RUMAHAGEN_WF03_M05_FULL_REBUILD_CONTROLLED_v1.3_FULL_VERSION.zip,src2/__nested__/0060/13_M05_GUEST_REGISTRATION_FULL_v1.3.md,1,670
/mnt/data/p1_v11_source_scan/src2/RUMAHAGEN_WF03_M05_FULL_REBUILD_CONTROLLED_v1.3_FULL_VERSION.zip,src2/__nested__/0060/09_M05_PHYSICAL_RUNTIME_PREREQUISITE_REVIEW_FULL_v1.3.md,1,414
/mnt/data/p1_v11_source_scan/src2/RUMAHAGEN_WF03_M05_FULL_REBUILD_CONTROLLED_v1.3_FULL_VERSION.zip,src2/__nested__/0060/17_M05_FINAL_QA_PRE_GATE_v1.3.md,1,1132
/mnt/data/p1_v11_source_scan/src2/RUMAHAGEN_WF03_M05_FULL_REBUILD_CONTROLLED_v1.3_FULL_VERSION.zip,src2/__nested__/0060/16_M05_QIR_CORRECTION_TRACEABILITY_FULL_v1.3.md,1,663
/mnt/data/p1_v11_source_scan/src2/RUMAHAGEN_WF03_M05_FULL_REBUILD_CONTROLLED_v1.3_FULL_VERSION.zip,src2/__nested__/0060/15_M05_CONFIGURATION_PERMISSION_MATRIX_FULL_v1.3.xlsx,1,9152
/mnt/data/p1_v11_source_scan/src2/RUMAHAGEN_WF03_M05_FULL_REBUILD_CONTROLLED_v1.3_FULL_VERSION.zip,src2/__nested__/0060/04_M05_SEMANTIC_REVIEW_FULL_v1.3.md,1,759
/mnt/data/p1_v11_source_scan/src2/RUMAHAGEN_WF03_M05_FULL_REBUILD_CONTROLLED_v1.3_FULL_VERSION.zip,src2/__nested__/0060/05_M05_LIFECYCLE_FULL_v1.3.md,1,1182
/mnt/data/p1_v11_source_scan/src2/RUMAHAGEN_WF03_M05_FULL_REBUILD_CONTROLLED_v1.3_FULL_VERSION.zip,src2/__nested__/0060/01_FULL_V1.2_RETAINED/11_M05_PERMISSION_MATRIX_FULL_v1.2.csv,1,585
/mnt/data/p1_v11_source_scan/src2/RUMAHAGEN_WF03_M05_FULL_REBUILD_CONTROLLED_v1.3_FULL_VERSION.zip,src2/__nested__/0060/01_FULL_V1.2_RETAINED/10_M05_CONFIGURATION_PROVIDER_FULL_v1.2.md,1,994
/mnt/data/p1_v11_source_scan/src2/RUMAHAGEN_WF03_M05_FULL_REBUILD_CONTROLLED_v1.3_FULL_VERSION.zip,src2/__nested__/0060/01_FULL_V1.2_RETAINED/08_M05_CROSS_MODULE_RECONCILIATION_FULL_v1.2.md,1,468
/mnt/data/p1_v11_source_scan/src2/RUMAHAGEN_WF03_M05_FULL_REBUILD_CONTROLLED_v1.3_FULL_VERSION.zip,src2/__nested__/0060/01_FULL_V1.2_RETAINED/05_M05_PERMISSION_ACTION_REVIEW_FULL_v1.2.md,1,603
/mnt/data/p1_v11_source_scan/src2/RUMAHAGEN_WF03_M05_FULL_REBUILD_CONTROLLED_v1.3_FULL_VERSION.zip,src2/__nested__/0060/01_FULL_V1.2_RETAINED/evidence_iframe.md,1,7107
/mnt/data/p1_v11_source_scan/src2/RUMAHAGEN_WF03_M05_FULL_REBUILD_CONTROLLED_v1.3_FULL_VERSION.zip,src2/__nested__/0060/01_FULL_V1.2_RETAINED/04_M05_LIFECYCLE_FULL_v1.2.md,1,959
/mnt/data/p1_v11_source_scan/src2/RUMAHAGEN_WF03_M05_FULL_REBUILD_CONTROLLED_v1.3_FULL_VERSION.zip,src2/__nested__/0060/01_FULL_V1.2_RETAINED/evidence_waitinglist.md,1,8521
/mnt/data/p1_v11_source_scan/src2/RUMAHAGEN_WF03_M05_FULL_REBUILD_CONTROLLED_v1.3_FULL_VERSION.zip,src2/__nested__/0060/01_FULL_V1.2_RETAINED/03_M05_SEMANTIC_REVIEW_FULL_v1.2.md,1,824
/mnt/data/p1_v11_source_scan/src2/RUMAHAGEN_WF03_M05_FULL_REBUILD_CONTROLLED_v1.3_FULL_VERSION.zip,src2/__nested__/0060/01_FULL_V1.2_RETAINED/06_M05_CROSS_ARTIFACT_RECONCILIATION_FULL_v1.2.md,1,771
/mnt/data/p1_v11_source_scan/src2/RUMAHAGEN_WF03_M05_FULL_REBUILD_CONTROLLED_v1.3_FULL_VERSION.zip,src2/__nested__/0060/01_FULL_V1.2_RETAINED/evidence_late_registration.md,1,8522
/mnt/data/p1_v11_source_scan/src2/RUMAHAGEN_WF03_M05_FULL_REBUILD_CONTROLLED_v1.3_FULL_VERSION.zip,src2/__nested__/0060/01_FULL_V1.2_RETAINED/evidence_quota.md,1,8997
/mnt/data/p1_v11_source_scan/src2/RUMAHAGEN_WF03_M05_FULL_REBUILD_CONTROLLED_v1.3_FULL_VERSION.zip,src2/__nested__/0060/01_FULL_V1.2_RETAINED/15_M05_MANIFEST_CONTROLLED_v1.2.md,1,527
/mnt/data/p1_v11_source_scan/src2/RUMAHAGEN_WF03_M05_FULL_REBUILD_CONTROLLED_v1.3_FULL_VERSION.zip,src2/__nested__/0060/01_FULL_V1.2_RETAINED/01_M05_SOURCE_INVENTORY_100PCT_v1.2.md,1,331
/mnt/data/p1_v11_source_scan/src2/RUMAHAGEN_WF03_M05_FULL_REBUILD_CONTROLLED_v1.3_FULL_VERSION.zip,src2/__nested__/0060/01_FULL_V1.2_RETAINED/12_M05_FULL_FIELD_CONFIGURATION_PERMISSION_MATRIX_v1.2.xlsx,1,8960
/mnt/data/p1_v11_source_scan/src2/RUMAHAGEN_WF03_M05_FULL_REBUILD_CONTROLLED_v1.3_FULL_VERSION.zip,src2/__nested__/0060/01_FULL_V1.2_RETAINED/13_M05_EVIDENCE_PROVENANCE_AND_DIFF_v1.2.md,1,1658
/mnt/data/p1_v11_source_scan/src2/RUMAHAGEN_WF03_M05_FULL_REBUILD_CONTROLLED_v1.3_FULL_VERSION.zip,src2/__nested__/0060/01_FULL_V1.2_RETAINED/07_M05_PHYSICAL_RUNTIME_PREREQUISITE_REVIEW_FULL_v1.2.md,1,576
/mnt/data/p1_v11_source_scan/src2/RUMAHAGEN_WF03_M05_FULL_REBUILD_CONTROLLED_v1.3_FULL_VERSION.zip,src2/__nested__/0060/01_FULL_V1.2_RETAINED/01_M05_SOURCE_INVENTORY_100PCT_v1.2.csv,1,67454
/mnt/data/p1_v11_source_scan/src2/RUMAHAGEN_WF03_M05_FULL_REBUILD_CONTROLLED_v1.3_FULL_VERSION.zip,src2/__nested__/0060/01_FULL_V1.2_RETAINED/16_M05_FULL_REBUILD_CONTROLLED_v1.2.docx,1,38911
/mnt/data/p1_v11_source_scan/src2/RUMAHAGEN_WF03_M05_FULL_REBUILD_CONTROLLED_v1.3_FULL_VERSION.zip,src2/__nested__/0060/01_FULL_V1.2_RETAINED/09_M05_ACTOR_SURFACE_FULL_v1.2.md,1,632
/mnt/data/p1_v11_source_scan/src2/RUMAHAGEN_WF03_M05_FULL_REBUILD_CONTROLLED_v1.3_FULL_VERSION.zip,src2/__nested__/0060/01_FULL_V1.2_RETAINED/evidence_attendance.md,1,8385
/mnt/data/p1_v11_source_scan/src2/RUMAHAGEN_WF03_M05_FULL_REBUILD_CONTROLLED_v1.3_FULL_VERSION.zip,src2/__nested__/0060/01_FULL_V1.2_RETAINED/02_M05_QUESTION_INVENTORY_FULL_v1.2.md,1,237
/mnt/data/p1_v11_source_scan/src2/RUMAHAGEN_WF03_M05_FULL_REBUILD_CONTROLLED_v1.3_FULL_VERSION.zip,src2/__nested__/0060/01_FULL_V1.2_RETAINED/00_M05_FULL_REBUILD_CONTROL_REPORT_v1.2.md,1,1490
/mnt/data/p1_v11_source_scan/src2/RUMAHAGEN_WF03_M05_FULL_REBUILD_CONTROLLED_v1.3_FULL_VERSION.zip,src2/__nested__/0060/01_FULL_V1.2_RETAINED/evidence_fields.md,1,8908
/mnt/data/p1_v11_source_scan/src2/RUMAHAGEN_WF03_M05_FULL_REBUILD_CONTROLLED_v1.3_FULL_VERSION.zip,src2/__nested__/0060/01_FULL_V1.2_RETAINED/02_M05_QUESTION_INVENTORY_FULL_v1.2.csv,1,2321
/mnt/data/p1_v11_source_scan/src2/RUMAHAGEN_WF03_M05_FULL_REBUILD_CONTROLLED_v1.3_FULL_VERSION.zip,src2/__nested__/0060/01_FULL_V1.2_RETAINED/evidence_provider.md,1,8501
/mnt/data/p1_v11_source_scan/src2/RUMAHAGEN_WF03_M05_FULL_REBUILD_CONTROLLED_v1.3_FULL_VERSION.zip,src2/__nested__/0060/01_FULL_V1.2_RETAINED/14_M05_QA_FULL_v1.2.md,1,1150
/mnt/data/M01-M15 new recon(20260907-081753).zip,src2/RUMAHAGEN_WF03_M06_FULL_REBUILD_CONTROLLED_v1.5_FULL_VERSION.zip,0,2925265
/mnt/data/p1_v11_source_scan/src2/RUMAHAGEN_WF03_M06_FULL_REBUILD_CONTROLLED_v1.5_FULL_VERSION.zip,src2/__nested__/0061/02_M06_PROJECT_FIELD_INVENTORY_v1.5.csv,1,3186
/mnt/data/p1_v11_source_scan/src2/RUMAHAGEN_WF03_M06_FULL_REBUILD_CONTROLLED_v1.5_FULL_VERSION.zip,src2/__nested__/0061/09_M06_CONTROLLED_OUTPUT_MANIFEST_v1.5.csv,1,64495
/mnt/data/p1_v11_source_scan/src2/RUMAHAGEN_WF03_M06_FULL_REBUILD_CONTROLLED_v1.5_FULL_VERSION.zip,src2/__nested__/0061/05_M06_PERMISSION_MATRIX_FULL_24_ROWS_v1.5.csv,1,2935
/mnt/data/p1_v11_source_scan/src2/RUMAHAGEN_WF03_M06_FULL_REBUILD_CONTROLLED_v1.5_FULL_VERSION.zip,src2/__nested__/0061/01_M06_FULL_CONTROL_MATRIX_v1.5.xlsx,1,18869
/mnt/data/p1_v11_source_scan/src2/RUMAHAGEN_WF03_M06_FULL_REBUILD_CONTROLLED_v1.5_FULL_VERSION.zip,src2/__nested__/0061/04_M06_QUESTION_INVENTORY_v1.5.csv,1,4160
/mnt/data/p1_v11_source_scan/src2/RUMAHAGEN_WF03_M06_FULL_REBUILD_CONTROLLED_v1.5_FULL_VERSION.zip,src2/__nested__/0061/03_M06_M03_FIELD_MAPPING_v1.5.csv,1,3574
/mnt/data/p1_v11_source_scan/src2/RUMAHAGEN_WF03_M06_FULL_REBUILD_CONTROLLED_v1.5_FULL_VERSION.zip,src2/__nested__/0061/10_M06_V15_CORRECTION_RECONCILIATION_REPORT.md,1,1261
/mnt/data/p1_v11_source_scan/src2/RUMAHAGEN_WF03_M06_FULL_REBUILD_CONTROLLED_v1.5_FULL_VERSION.zip,src2/__nested__/0061/08_M06_SECOND_PASS_PREP_QA_v1.5.md,1,1974
/mnt/data/p1_v11_source_scan/src2/RUMAHAGEN_WF03_M06_FULL_REBUILD_CONTROLLED_v1.5_FULL_VERSION.zip,src2/__nested__/0061/07_M06_FULL_REBUILD_CONTROLLED_v1.5.md,1,4009
/mnt/data/p1_v11_source_scan/src2/RUMAHAGEN_WF03_M06_FULL_REBUILD_CONTROLLED_v1.5_FULL_VERSION.zip,src2/__nested__/0061/README_M06_FULL_REBUILD_v1.5.md,1,1422
/mnt/data/p1_v11_source_scan/src2/RUMAHAGEN_WF03_M06_FULL_REBUILD_CONTROLLED_v1.5_FULL_VERSION.zip,src2/__nested__/0061/06_M06_FULL_REBUILD_CORRECTION_DECISIONS_v1.5.md,1,5176
/mnt/data/p1_v11_source_scan/src2/RUMAHAGEN_WF03_M06_FULL_REBUILD_CONTROLLED_v1.5_FULL_VERSION.zip,src2/__nested__/0061/05A_M06_MARKETING_KIT_ACTION_AUTHORITY_v1.5.csv,1,510
/mnt/data/p1_v11_source_scan/src2/RUMAHAGEN_WF03_M06_FULL_REBUILD_CONTROLLED_v1.5_FULL_VERSION.zip,src2/__nested__/0061/00_V1.4_BASELINE_RETAINED/00_V1.3_CANONICAL_BASELINE_RETAINED.xlsx,1,14158
/mnt/data/p1_v11_source_scan/src2/RUMAHAGEN_WF03_M06_FULL_REBUILD_CONTROLLED_v1.5_FULL_VERSION.zip,src2/__nested__/0061/00_V1.4_BASELINE_RETAINED/09_M06_CONTROLLED_OUTPUT_MANIFEST_v1.4.csv,1,9681
/mnt/data/p1_v11_source_scan/src2/RUMAHAGEN_WF03_M06_FULL_REBUILD_CONTROLLED_v1.5_FULL_VERSION.zip,src2/__nested__/0061/00_V1.4_BASELINE_RETAINED/03_M06_M03_FIELD_MAPPING_v1.4.csv,1,2882
/mnt/data/p1_v11_source_scan/src2/RUMAHAGEN_WF03_M06_FULL_REBUILD_CONTROLLED_v1.5_FULL_VERSION.zip,src2/__nested__/0061/00_V1.4_BASELINE_RETAINED/01_M06_FULL_CONTROL_MATRIX_v1.4.xlsx,1,17000
/mnt/data/p1_v11_source_scan/src2/RUMAHAGEN_WF03_M06_FULL_REBUILD_CONTROLLED_v1.5_FULL_VERSION.zip,src2/__nested__/0061/00_V1.4_BASELINE_RETAINED/07_M06_FULL_REBUILD_CONTROLLED_v1.3.md,1,838
/mnt/data/p1_v11_source_scan/src2/RUMAHAGEN_WF03_M06_FULL_REBUILD_CONTROLLED_v1.5_FULL_VERSION.zip,src2/__nested__/0061/00_V1.4_BASELINE_RETAINED/04_M06_QUESTION_INVENTORY_v1.3.csv,1,1331
/mnt/data/p1_v11_source_scan/src2/RUMAHAGEN_WF03_M06_FULL_REBUILD_CONTROLLED_v1.5_FULL_VERSION.zip,src2/__nested__/0061/00_V1.4_BASELINE_RETAINED/02_M06_PROJECT_FIELD_INVENTORY_v1.3.csv,1,2314
/mnt/data/p1_v11_source_scan/src2/RUMAHAGEN_WF03_M06_FULL_REBUILD_CONTROLLED_v1.5_FULL_VERSION.zip,src2/__nested__/0061/00_V1.4_BASELINE_RETAINED/05_M06_CORRECTION_DECISION_v1.3.md,1,786
/mnt/data/p1_v11_source_scan/src2/RUMAHAGEN_WF03_M06_FULL_REBUILD_CONTROLLED_v1.5_FULL_VERSION.zip,src2/__nested__/0061/00_V1.4_BASELINE_RETAINED/07_M06_FULL_REBUILD_CONTROLLED_v1.4.md,1,1212
/mnt/data/p1_v11_source_scan/src2/RUMAHAGEN_WF03_M06_FULL_REBUILD_CONTROLLED_v1.5_FULL_VERSION.zip,src2/__nested__/0061/00_V1.4_BASELINE_RETAINED/06_M06_FULL_REBUILD_CORRECTION_DECISIONS_v1.4.md,1,1553
/mnt/data/p1_v11_source_scan/src2/RUMAHAGEN_WF03_M06_FULL_REBUILD_CONTROLLED_v1.5_FULL_VERSION.zip,src2/__nested__/0061/00_V1.4_BASELINE_RETAINED/03_M06_M03_FIELD_MAPPING_v1.3.csv,1,823
/mnt/data/p1_v11_source_scan/src2/RUMAHAGEN_WF03_M06_FULL_REBUILD_CONTROLLED_v1.5_FULL_VERSION.zip,src2/__nested__/0061/00_V1.4_BASELINE_RETAINED/04_M06_QUESTION_INVENTORY_v1.4.csv,1,2339
/mnt/data/p1_v11_source_scan/src2/RUMAHAGEN_WF03_M06_FULL_REBUILD_CONTROLLED_v1.5_FULL_VERSION.zip,src2/__nested__/0061/00_V1.4_BASELINE_RETAINED/05_M06_PERMISSION_MATRIX_FULL_24_ROWS_v1.4.csv,1,2459
/mnt/data/p1_v11_source_scan/src2/RUMAHAGEN_WF03_M06_FULL_REBUILD_CONTROLLED_v1.5_FULL_VERSION.zip,src2/__nested__/0061/00_V1.4_BASELINE_RETAINED/02_M06_PROJECT_FIELD_INVENTORY_v1.4.csv,1,3186
/mnt/data/p1_v11_source_scan/src2/RUMAHAGEN_WF03_M06_FULL_REBUILD_CONTROLLED_v1.5_FULL_VERSION.zip,src2/__nested__/0061/00_V1.4_BASELINE_RETAINED/08_M06_SECOND_PASS_PREP_QA_v1.4.md,1,675
/mnt/data/p1_v11_source_scan/src2/RUMAHAGEN_WF03_M06_FULL_REBUILD_CONTROLLED_v1.5_FULL_VERSION.zip,src2/__nested__/0061/00_V1.4_BASELINE_RETAINED/06_M06_SECOND_PASS_QA_v1.3.md,1,566
/mnt/data/p1_v11_source_scan/src2/RUMAHAGEN_WF03_M06_FULL_REBUILD_CONTROLLED_v1.5_FULL_VERSION.zip,src2/__nested__/0061/00_V1.4_BASELINE_RETAINED/00_V1.2_BASELINE_RETAINED/06_M06_MARKETING_KIT_PERMISSION_MATRIX.csv,1,668
/mnt/data/p1_v11_source_scan/src2/RUMAHAGEN_WF03_M06_FULL_REBUILD_CONTROLLED_v1.5_FULL_VERSION.zip,src2/__nested__/0061/00_V1.4_BASELINE_RETAINED/00_V1.2_BASELINE_RETAINED/14_M06_FULL_QUESTION_UPDATE.md,1,123
/mnt/data/p1_v11_source_scan/src2/RUMAHAGEN_WF03_M06_FULL_REBUILD_CONTROLLED_v1.5_FULL_VERSION.zip,src2/__nested__/0061/00_V1.4_BASELINE_RETAINED/00_V1.2_BASELINE_RETAINED/10_M06_LIFECYCLE_REVIEW_FULL.md,1,359
/mnt/data/p1_v11_source_scan/src2/RUMAHAGEN_WF03_M06_FULL_REBUILD_CONTROLLED_v1.5_FULL_VERSION.zip,src2/__nested__/0061/00_V1.4_BASELINE_RETAINED/00_V1.2_BASELINE_RETAINED/05_M06_M03_FIELD_MAPPING.csv,1,895
/mnt/data/p1_v11_source_scan/src2/RUMAHAGEN_WF03_M06_FULL_REBUILD_CONTROLLED_v1.5_FULL_VERSION.zip,src2/__nested__/0061/00_V1.4_BASELINE_RETAINED/00_V1.2_BASELINE_RETAINED/01_M06_FULL_REBUILD_CONTROL_REPORT_v1.2.md,1,1003
/mnt/data/p1_v11_source_scan/src2/RUMAHAGEN_WF03_M06_FULL_REBUILD_CONTROLLED_v1.5_FULL_VERSION.zip,src2/__nested__/0061/00_V1.4_BASELINE_RETAINED/00_V1.2_BASELINE_RETAINED/03_M06_SOURCE_INVENTORY_100PCT.csv,1,69297
/mnt/data/p1_v11_source_scan/src2/RUMAHAGEN_WF03_M06_FULL_REBUILD_CONTROLLED_v1.5_FULL_VERSION.zip,src2/__nested__/0061/00_V1.4_BASELINE_RETAINED/00_V1.2_BASELINE_RETAINED/16_M06_QA_FULL.md,1,348
/mnt/data/p1_v11_source_scan/src2/RUMAHAGEN_WF03_M06_FULL_REBUILD_CONTROLLED_v1.5_FULL_VERSION.zip,src2/__nested__/0061/00_V1.4_BASELINE_RETAINED/00_V1.2_BASELINE_RETAINED/11_M06_CROSS_MODULE_RECONCILIATION_FULL.md,1,323
/mnt/data/p1_v11_source_scan/src2/RUMAHAGEN_WF03_M06_FULL_REBUILD_CONTROLLED_v1.5_FULL_VERSION.zip,src2/__nested__/0061/00_V1.4_BASELINE_RETAINED/00_V1.2_BASELINE_RETAINED/12_M06_PHYSICAL_RUNTIME_PREREQUISITE_REVIEW_FULL.md,1,235
/mnt/data/p1_v11_source_scan/src2/RUMAHAGEN_WF03_M06_FULL_REBUILD_CONTROLLED_v1.5_FULL_VERSION.zip,src2/__nested__/0061/00_V1.4_BASELINE_RETAINED/00_V1.2_BASELINE_RETAINED/07_M06_LIFECYCLE_MATRIX.csv,1,745
/mnt/data/p1_v11_source_scan/src2/RUMAHAGEN_WF03_M06_FULL_REBUILD_CONTROLLED_v1.5_FULL_VERSION.zip,src2/__nested__/0061/00_V1.4_BASELINE_RETAINED/00_V1.2_BASELINE_RETAINED/18_M06_FULL_CONTROL_MATRIX_v1.2.xlsx,1,14277
/mnt/data/p1_v11_source_scan/src2/RUMAHAGEN_WF03_M06_FULL_REBUILD_CONTROLLED_v1.5_FULL_VERSION.zip,src2/__nested__/0061/00_V1.4_BASELINE_RETAINED/00_V1.2_BASELINE_RETAINED/19_M06_FULL_REBUILD_CONTROLLED_v1.2.docx,1,37097
/mnt/data/p1_v11_source_scan/src2/RUMAHAGEN_WF03_M06_FULL_REBUILD_CONTROLLED_v1.5_FULL_VERSION.zip,src2/__nested__/0061/00_V1.4_BASELINE_RETAINED/00_V1.2_BASELINE_RETAINED/08_M06_QUESTION_INVENTORY_FULL.csv,1,1286
/mnt/data/p1_v11_source_scan/src2/RUMAHAGEN_WF03_M06_FULL_REBUILD_CONTROLLED_v1.5_FULL_VERSION.zip,src2/__nested__/0061/00_V1.4_BASELINE_RETAINED/00_V1.2_BASELINE_RETAINED/09_M06_ROLE_SCOPE_REVIEW_FULL.md,1,420
/mnt/data/p1_v11_source_scan/src2/RUMAHAGEN_WF03_M06_FULL_REBUILD_CONTROLLED_v1.5_FULL_VERSION.zip,src2/__nested__/0061/00_V1.4_BASELINE_RETAINED/00_V1.2_BASELINE_RETAINED/04_M06_FULL_FIELD_INVENTORY.csv,1,3946
/mnt/data/p1_v11_source_scan/src2/RUMAHAGEN_WF03_M06_FULL_REBUILD_CONTROLLED_v1.5_FULL_VERSION.zip,src2/__nested__/0061/00_V1.4_BASELINE_RETAINED/00_V1.2_BASELINE_RETAINED/13_M06_GENUINE_BLOCKERS_FULL.md,1,286
/mnt/data/p1_v11_source_scan/src2/RUMAHAGEN_WF03_M06_FULL_REBUILD_CONTROLLED_v1.5_FULL_VERSION.zip,src2/__nested__/0061/00_V1.4_BASELINE_RETAINED/00_V1.2_BASELINE_RETAINED/15_M06_SECOND_PASS_SCAN_RESULT.md,1,462
/mnt/data/p1_v11_source_scan/src2/RUMAHAGEN_WF03_M06_FULL_REBUILD_CONTROLLED_v1.5_FULL_VERSION.zip,src2/__nested__/0061/00_V1.4_BASELINE_RETAINED/00_V1.2_BASELINE_RETAINED/02_M06_SOURCE_INVENTORY_100PCT.md,1,139
/mnt/data/p1_v11_source_scan/src2/RUMAHAGEN_WF03_M06_FULL_REBUILD_CONTROLLED_v1.5_FULL_VERSION.zip,src2/__nested__/0061/00_V1.4_BASELINE_RETAINED/00_V1.2_BASELINE_RETAINED/17_M06_CONTROLLED_OUTPUT_MANIFEST_FULL.md,1,167
/mnt/data/p1_v11_source_scan/src2/RUMAHAGEN_WF03_M06_FULL_REBUILD_CONTROLLED_v1.5_FULL_VERSION.zip,src2/__nested__/0061/00_V1.4_BASELINE_RETAINED/00_V1.2_BASELINE_RETAINED/00_V1.1_BASELINE_RETAINED/11_M06_CROSS_ARTIFACT_RECONCILIATION_FULL.md,1,642
/mnt/data/p1_v11_source_scan/src2/RUMAHAGEN_WF03_M06_FULL_REBUILD_CONTROLLED_v1.5_FULL_VERSION.zip,src2/__nested__/0061/00_V1.4_BASELINE_RETAINED/00_V1.2_BASELINE_RETAINED/00_V1.1_BASELINE_RETAINED/03_M06_SOURCE_INVENTORY_100PCT.csv,1,66475
/mnt/data/p1_v11_source_scan/src2/RUMAHAGEN_WF03_M06_FULL_REBUILD_CONTROLLED_v1.5_FULL_VERSION.zip,src2/__nested__/0061/00_V1.4_BASELINE_RETAINED/00_V1.2_BASELINE_RETAINED/00_V1.1_BASELINE_RETAINED/04_M06_QUESTION_INVENTORY_100PCT.csv,1,2507
/mnt/data/p1_v11_source_scan/src2/RUMAHAGEN_WF03_M06_FULL_REBUILD_CONTROLLED_v1.5_FULL_VERSION.zip,src2/__nested__/0061/00_V1.4_BASELINE_RETAINED/00_V1.2_BASELINE_RETAINED/00_V1.1_BASELINE_RETAINED/14_M06_FULL_LIFECYCLE_MATRIX.csv,1,992
/mnt/data/p1_v11_source_scan/src2/RUMAHAGEN_WF03_M06_FULL_REBUILD_CONTROLLED_v1.5_FULL_VERSION.zip,src2/__nested__/0061/00_V1.4_BASELINE_RETAINED/00_V1.2_BASELINE_RETAINED/00_V1.1_BASELINE_RETAINED/10_M06_GENUINE_DOCUMENTARY_BLOCKERS_FULL.md,1,497
/mnt/data/p1_v11_source_scan/src2/RUMAHAGEN_WF03_M06_FULL_REBUILD_CONTROLLED_v1.5_FULL_VERSION.zip,src2/__nested__/0061/00_V1.4_BASELINE_RETAINED/00_V1.2_BASELINE_RETAINED/00_V1.1_BASELINE_RETAINED/18_M06_CONTROLLED_OUTPUT_MANIFEST_FULL.md,1,362
/mnt/data/p1_v11_source_scan/src2/RUMAHAGEN_WF03_M06_FULL_REBUILD_CONTROLLED_v1.5_FULL_VERSION.zip,src2/__nested__/0061/00_V1.4_BASELINE_RETAINED/00_V1.2_BASELINE_RETAINED/00_V1.1_BASELINE_RETAINED/20_M06_FULL_REBUILD_CONTROLLED_v1.1.docx,1,37366
/mnt/data/p1_v11_source_scan/src2/RUMAHAGEN_WF03_M06_FULL_REBUILD_CONTROLLED_v1.5_FULL_VERSION.zip,src2/__nested__/0061/00_V1.4_BASELINE_RETAINED/00_V1.2_BASELINE_RETAINED/00_V1.1_BASELINE_RETAINED/07_M06_LIFECYCLE_REVIEW_FULL.md,1,679
/mnt/data/p1_v11_source_scan/src2/RUMAHAGEN_WF03_M06_FULL_REBUILD_CONTROLLED_v1.5_FULL_VERSION.zip,src2/__nested__/0061/00_V1.4_BASELINE_RETAINED/00_V1.2_BASELINE_RETAINED/00_V1.1_BASELINE_RETAINED/09_M06_PHYSICAL_RUNTIME_PREREQUISITE_REVIEW_FULL.md,1,390
/mnt/data/p1_v11_source_scan/src2/RUMAHAGEN_WF03_M06_FULL_REBUILD_CONTROLLED_v1.5_FULL_VERSION.zip,src2/__nested__/0061/00_V1.4_BASELINE_RETAINED/00_V1.2_BASELINE_RETAINED/00_V1.1_BASELINE_RETAINED/01_M06_FULL_REBUILD_CONTROL_REPORT_v1.1.md,1,1241
/mnt/data/p1_v11_source_scan/src2/RUMAHAGEN_WF03_M06_FULL_REBUILD_CONTROLLED_v1.5_FULL_VERSION.zip,src2/__nested__/0061/00_V1.4_BASELINE_RETAINED/00_V1.2_BASELINE_RETAINED/00_V1.1_BASELINE_RETAINED/13_M06_FULL_PERMISSION_MATRIX.csv,1,2870
/mnt/data/p1_v11_source_scan/src2/RUMAHAGEN_WF03_M06_FULL_REBUILD_CONTROLLED_v1.5_FULL_VERSION.zip,src2/__nested__/0061/00_V1.4_BASELINE_RETAINED/00_V1.2_BASELINE_RETAINED/00_V1.1_BASELINE_RETAINED/16_M06_FULL_QUESTION_UPDATE.md,1,578
/mnt/data/p1_v11_source_scan/src2/RUMAHAGEN_WF03_M06_FULL_REBUILD_CONTROLLED_v1.5_FULL_VERSION.zip,src2/__nested__/0061/00_V1.4_BASELINE_RETAINED/00_V1.2_BASELINE_RETAINED/00_V1.1_BASELINE_RETAINED/19_M06_FULL_CONTROL_MATRIX_v1.1.xlsx,1,10723
/mnt/data/p1_v11_source_scan/src2/RUMAHAGEN_WF03_M06_FULL_REBUILD_CONTROLLED_v1.5_FULL_VERSION.zip,src2/__nested__/0061/00_V1.4_BASELINE_RETAINED/00_V1.2_BASELINE_RETAINED/00_V1.1_BASELINE_RETAINED/15_M06_FULL_CROSS_MODULE_MATRIX.csv,1,567
/mnt/data/p1_v11_source_scan/src2/RUMAHAGEN_WF03_M06_FULL_REBUILD_CONTROLLED_v1.5_FULL_VERSION.zip,src2/__nested__/0061/00_V1.4_BASELINE_RETAINED/00_V1.2_BASELINE_RETAINED/00_V1.1_BASELINE_RETAINED/08_M06_CROSS_MODULE_DEPENDENCY_REVIEW_FULL.md,1,439
/mnt/data/p1_v11_source_scan/src2/RUMAHAGEN_WF03_M06_FULL_REBUILD_CONTROLLED_v1.5_FULL_VERSION.zip,src2/__nested__/0061/00_V1.4_BASELINE_RETAINED/00_V1.2_BASELINE_RETAINED/00_V1.1_BASELINE_RETAINED/12_M06_FULL_FIELD_INVENTORY.csv,1,2510
/mnt/data/p1_v11_source_scan/src2/RUMAHAGEN_WF03_M06_FULL_REBUILD_CONTROLLED_v1.5_FULL_VERSION.zip,src2/__nested__/0061/00_V1.4_BASELINE_RETAINED/00_V1.2_BASELINE_RETAINED/00_V1.1_BASELINE_RETAINED/02_M06_SOURCE_INVENTORY_100PCT.md,1,170
/mnt/data/p1_v11_source_scan/src2/RUMAHAGEN_WF03_M06_FULL_REBUILD_CONTROLLED_v1.5_FULL_VERSION.zip,src2/__nested__/0061/00_V1.4_BASELINE_RETAINED/00_V1.2_BASELINE_RETAINED/00_V1.1_BASELINE_RETAINED/05_M06_ROLE_SCOPE_REVIEW_FULL.md,1,739
/mnt/data/p1_v11_source_scan/src2/RUMAHAGEN_WF03_M06_FULL_REBUILD_CONTROLLED_v1.5_FULL_VERSION.zip,src2/__nested__/0061/00_V1.4_BASELINE_RETAINED/00_V1.2_BASELINE_RETAINED/00_V1.1_BASELINE_RETAINED/06_M06_PERMISSION_DEPENDENCY_REVIEW_FULL.md,1,663
/mnt/data/p1_v11_source_scan/src2/RUMAHAGEN_WF03_M06_FULL_REBUILD_CONTROLLED_v1.5_FULL_VERSION.zip,src2/__nested__/0061/00_V1.4_BASELINE_RETAINED/00_V1.2_BASELINE_RETAINED/00_V1.1_BASELINE_RETAINED/17_M06_FINAL_QA_FULL.md,1,1103
/mnt/data/p1_v11_source_scan/src2/RUMAHAGEN_WF03_M06_FULL_REBUILD_CONTROLLED_v1.5_FULL_VERSION.zip,src2/__nested__/0061/00_V1.4_BASELINE_RETAINED/00_V1.2_BASELINE_RETAINED/00_V1.1_BASELINE_RETAINED/00_V1.0_BASELINE_RETAINED/19_M06_FULL_REBUILD_CONTROLLED_v1.0.docx,1,37283
/mnt/data/p1_v11_source_scan/src2/RUMAHAGEN_WF03_M06_FULL_REBUILD_CONTROLLED_v1.5_FULL_VERSION.zip,src2/__nested__/0061/00_V1.4_BASELINE_RETAINED/00_V1.2_BASELINE_RETAINED/00_V1.1_BASELINE_RETAINED/00_V1.0_BASELINE_RETAINED/03_M06_QUESTION_INVENTORY_100PCT.md,1,203
/mnt/data/p1_v11_source_scan/src2/RUMAHAGEN_WF03_M06_FULL_REBUILD_CONTROLLED_v1.5_FULL_VERSION.zip,src2/__nested__/0061/00_V1.4_BASELINE_RETAINED/00_V1.2_BASELINE_RETAINED/00_V1.1_BASELINE_RETAINED/00_V1.0_BASELINE_RETAINED/12_M06_FULL_PERMISSION_ACTION_MATRIX.csv,1,668
/mnt/data/p1_v11_source_scan/src2/RUMAHAGEN_WF03_M06_FULL_REBUILD_CONTROLLED_v1.5_FULL_VERSION.zip,src2/__nested__/0061/00_V1.4_BASELINE_RETAINED/00_V1.2_BASELINE_RETAINED/00_V1.1_BASELINE_RETAINED/00_V1.0_BASELINE_RETAINED/18_M06_FULL_CONTROL_MATRIX.xlsx,1,7762
/mnt/data/p1_v11_source_scan/src2/RUMAHAGEN_WF03_M06_FULL_REBUILD_CONTROLLED_v1.5_FULL_VERSION.zip,src2/__nested__/0061/00_V1.4_BASELINE_RETAINED/00_V1.2_BASELINE_RETAINED/00_V1.1_BASELINE_RETAINED/00_V1.0_BASELINE_RETAINED/16_M06_QA.md,1,549
/mnt/data/p1_v11_source_scan/src2/RUMAHAGEN_WF03_M06_FULL_REBUILD_CONTROLLED_v1.5_FULL_VERSION.zip,src2/__nested__/0061/00_V1.4_BASELINE_RETAINED/00_V1.2_BASELINE_RETAINED/00_V1.1_BASELINE_RETAINED/00_V1.0_BASELINE_RETAINED/10_M06_FULL_FIELD_INVENTORY.csv,1,41
/mnt/data/p1_v11_source_scan/src2/RUMAHAGEN_WF03_M06_FULL_REBUILD_CONTROLLED_v1.5_FULL_VERSION.zip,src2/__nested__/0061/00_V1.4_BASELINE_RETAINED/00_V1.2_BASELINE_RETAINED/00_V1.1_BASELINE_RETAINED/00_V1.0_BASELINE_RETAINED/11_M06_FULL_ROLE_PERMISSION_MATRIX.csv,1,661
/mnt/data/p1_v11_source_scan/src2/RUMAHAGEN_WF03_M06_FULL_REBUILD_CONTROLLED_v1.5_FULL_VERSION.zip,src2/__nested__/0061/00_V1.4_BASELINE_RETAINED/00_V1.2_BASELINE_RETAINED/00_V1.1_BASELINE_RETAINED/00_V1.0_BASELINE_RETAINED/02_M06_SOURCE_INVENTORY_100PCT.csv,1,48037
/mnt/data/p1_v11_source_scan/src2/RUMAHAGEN_WF03_M06_FULL_REBUILD_CONTROLLED_v1.5_FULL_VERSION.zip,src2/__nested__/0061/00_V1.4_BASELINE_RETAINED/00_V1.2_BASELINE_RETAINED/00_V1.1_BASELINE_RETAINED/00_V1.0_BASELINE_RETAINED/14_M06_FULL_LIFECYCLE_MATRIX.csv,1,416
/mnt/data/p1_v11_source_scan/src2/RUMAHAGEN_WF03_M06_FULL_REBUILD_CONTROLLED_v1.5_FULL_VERSION.zip,src2/__nested__/0061/00_V1.4_BASELINE_RETAINED/00_V1.2_BASELINE_RETAINED/00_V1.1_BASELINE_RETAINED/00_V1.0_BASELINE_RETAINED/03_M06_QUESTION_INVENTORY_100PCT.csv,1,1778
/mnt/data/p1_v11_source_scan/src2/RUMAHAGEN_WF03_M06_FULL_REBUILD_CONTROLLED_v1.5_FULL_VERSION.zip,src2/__nested__/0061/00_V1.4_BASELINE_RETAINED/00_V1.2_BASELINE_RETAINED/00_V1.1_BASELINE_RETAINED/00_V1.0_BASELINE_RETAINED/01_M06_SOURCE_INVENTORY_100PCT.md,1,294
/mnt/data/p1_v11_source_scan/src2/RUMAHAGEN_WF03_M06_FULL_REBUILD_CONTROLLED_v1.5_FULL_VERSION.zip,src2/__nested__/0061/00_V1.4_BASELINE_RETAINED/00_V1.2_BASELINE_RETAINED/00_V1.1_BASELINE_RETAINED/00_V1.0_BASELINE_RETAINED/09_M06_GENUINE_DOCUMENTARY_BLOCKERS.md,1,391
/mnt/data/p1_v11_source_scan/src2/RUMAHAGEN_WF03_M06_FULL_REBUILD_CONTROLLED_v1.5_FULL_VERSION.zip,src2/__nested__/0061/00_V1.4_BASELINE_RETAINED/00_V1.2_BASELINE_RETAINED/00_V1.1_BASELINE_RETAINED/00_V1.0_BASELINE_RETAINED/08_M06_PHYSICAL_RUNTIME_PREREQUISITE_REVIEW.md,1,446
/mnt/data/p1_v11_source_scan/src2/RUMAHAGEN_WF03_M06_FULL_REBUILD_CONTROLLED_v1.5_FULL_VERSION.zip,src2/__nested__/0061/00_V1.4_BASELINE_RETAINED/00_V1.2_BASELINE_RETAINED/00_V1.1_BASELINE_RETAINED/00_V1.0_BASELINE_RETAINED/06_M06_LIFECYCLE_REVIEW.md,1,528
/mnt/data/p1_v11_source_scan/src2/RUMAHAGEN_WF03_M06_FULL_REBUILD_CONTROLLED_v1.5_FULL_VERSION.zip,src2/__nested__/0061/00_V1.4_BASELINE_RETAINED/00_V1.2_BASELINE_RETAINED/00_V1.1_BASELINE_RETAINED/00_V1.0_BASELINE_RETAINED/04_M06_ROLE_SCOPE_REVIEW.md,1,535
/mnt/data/p1_v11_source_scan/src2/RUMAHAGEN_WF03_M06_FULL_REBUILD_CONTROLLED_v1.5_FULL_VERSION.zip,src2/__nested__/0061/00_V1.4_BASELINE_RETAINED/00_V1.2_BASELINE_RETAINED/00_V1.1_BASELINE_RETAINED/00_V1.0_BASELINE_RETAINED/07_M06_CROSS_MODULE_DEPENDENCY_REVIEW.md,1,563
/mnt/data/p1_v11_source_scan/src2/RUMAHAGEN_WF03_M06_FULL_REBUILD_CONTROLLED_v1.5_FULL_VERSION.zip,src2/__nested__/0061/00_V1.4_BASELINE_RETAINED/00_V1.2_BASELINE_RETAINED/00_V1.1_BASELINE_RETAINED/00_V1.0_BASELINE_RETAINED/05_M06_PERMISSION_DEPENDENCY_REVIEW.md,1,548
/mnt/data/p1_v11_source_scan/src2/RUMAHAGEN_WF03_M06_FULL_REBUILD_CONTROLLED_v1.5_FULL_VERSION.zip,src2/__nested__/0061/00_V1.4_BASELINE_RETAINED/00_V1.2_BASELINE_RETAINED/00_V1.1_BASELINE_RETAINED/00_V1.0_BASELINE_RETAINED/00_M06_FULL_REBUILD_CONTROL_REPORT_v1.0.md,1,809
/mnt/data/p1_v11_source_scan/src2/RUMAHAGEN_WF03_M06_FULL_REBUILD_CONTROLLED_v1.5_FULL_VERSION.zip,src2/__nested__/0061/00_V1.4_BASELINE_RETAINED/00_V1.2_BASELINE_RETAINED/00_V1.1_BASELINE_RETAINED/00_V1.0_BASELINE_RETAINED/15_M06_FULL_QUESTION_UPDATE.md,1,416
/mnt/data/p1_v11_source_scan/src2/RUMAHAGEN_WF03_M06_FULL_REBUILD_CONTROLLED_v1.5_FULL_VERSION.zip,src2/__nested__/0061/00_V1.4_BASELINE_RETAINED/00_V1.2_BASELINE_RETAINED/00_V1.1_BASELINE_RETAINED/00_V1.0_BASELINE_RETAINED/17_M06_CONTROLLED_OUTPUT_MANIFEST.md,1,278
/mnt/data/p1_v11_source_scan/src2/RUMAHAGEN_WF03_M06_FULL_REBUILD_CONTROLLED_v1.5_FULL_VERSION.zip,src2/__nested__/0061/00_V1.4_BASELINE_RETAINED/00_V1.2_BASELINE_RETAINED/00_V1.1_BASELINE_RETAINED/00_V1.0_BASELINE_RETAINED/13_M06_FULL_CONFIGURATION_MATRIX.csv,1,328
/mnt/data/p1_v11_source_scan/src2/RUMAHAGEN_WF03_M06_FULL_REBUILD_CONTROLLED_v1.5_FULL_VERSION.zip,src2/__nested__/0061/source_extracts/M05_RECON/10_M05_ACTOR_SURFACE_FULL_v1.3.md,1,579
/mnt/data/p1_v11_source_scan/src2/RUMAHAGEN_WF03_M06_FULL_REBUILD_CONTROLLED_v1.5_FULL_VERSION.zip,src2/__nested__/0061/source_extracts/M05_RECON/18_M05_FULL_REBUILD_CONTROLLED_v1.3.docx,1,38682
/mnt/data/p1_v11_source_scan/src2/RUMAHAGEN_WF03_M06_FULL_REBUILD_CONTROLLED_v1.5_FULL_VERSION.zip,src2/__nested__/0061/source_extracts/M05_RECON/17_M05_FINAL_QA_PRE_GATE_v1.3.md,1,1132
/mnt/data/p1_v11_source_scan/src2/RUMAHAGEN_WF03_M06_FULL_REBUILD_CONTROLLED_v1.5_FULL_VERSION.zip,src2/__nested__/0061/source_extracts/M05_RECON/09_M05_PHYSICAL_RUNTIME_PREREQUISITE_REVIEW_FULL_v1.3.md,1,414
/mnt/data/p1_v11_source_scan/src2/RUMAHAGEN_WF03_M06_FULL_REBUILD_CONTROLLED_v1.5_FULL_VERSION.zip,src2/__nested__/0061/source_extracts/M05_RECON/11_M05_CONFIGURATION_MATRIX_FULL_v1.3.md,1,782
/mnt/data/p1_v11_source_scan/src2/RUMAHAGEN_WF03_M06_FULL_REBUILD_CONTROLLED_v1.5_FULL_VERSION.zip,src2/__nested__/0061/source_extracts/M05_RECON/12_M05_ONLINE_MEETING_PROVIDER_FULL_v1.3.md,1,722
/mnt/data/p1_v11_source_scan/src2/RUMAHAGEN_WF03_M06_FULL_REBUILD_CONTROLLED_v1.5_FULL_VERSION.zip,src2/__nested__/0061/source_extracts/M05_RECON/16_M05_QIR_CORRECTION_TRACEABILITY_FULL_v1.3.md,1,663
/mnt/data/p1_v11_source_scan/src2/RUMAHAGEN_WF03_M06_FULL_REBUILD_CONTROLLED_v1.5_FULL_VERSION.zip,src2/__nested__/0061/source_extracts/M05_RECON/01_M05_SOURCE_INVENTORY_100PCT_v1.3.md,1,296
/mnt/data/p1_v11_source_scan/src2/RUMAHAGEN_WF03_M06_FULL_REBUILD_CONTROLLED_v1.5_FULL_VERSION.zip,src2/__nested__/0061/source_extracts/M05_RECON/00_M05_FULL_REBUILD_CONTROL_REPORT_v1.3.md,1,1667
/mnt/data/p1_v11_source_scan/src2/RUMAHAGEN_WF03_M06_FULL_REBUILD_CONTROLLED_v1.5_FULL_VERSION.zip,src2/__nested__/0061/source_extracts/M05_RECON/14_M05_FIELD_INVENTORY_FULL_v1.3.csv,1,1704
/mnt/data/p1_v11_source_scan/src2/RUMAHAGEN_WF03_M06_FULL_REBUILD_CONTROLLED_v1.5_FULL_VERSION.zip,src2/__nested__/0061/source_extracts/M05_RECON/13_M05_GUEST_REGISTRATION_FULL_v1.3.md,1,670
/mnt/data/p1_v11_source_scan/src2/RUMAHAGEN_WF03_M06_FULL_REBUILD_CONTROLLED_v1.5_FULL_VERSION.zip,src2/__nested__/0061/source_extracts/M05_RECON/03_M05_QUESTION_INVENTORY_FULL_v1.3.md,1,250
/mnt/data/p1_v11_source_scan/src2/RUMAHAGEN_WF03_M06_FULL_REBUILD_CONTROLLED_v1.5_FULL_VERSION.zip,src2/__nested__/0061/source_extracts/M05_RECON/05_M05_LIFECYCLE_FULL_v1.3.md,1,1182
/mnt/data/p1_v11_source_scan/src2/RUMAHAGEN_WF03_M06_FULL_REBUILD_CONTROLLED_v1.5_FULL_VERSION.zip,src2/__nested__/0061/source_extracts/M05_RECON/08_M05_CROSS_MODULE_RECONCILIATION_FULL_v1.3.md,1,359
/mnt/data/p1_v11_source_scan/src2/RUMAHAGEN_WF03_M06_FULL_REBUILD_CONTROLLED_v1.5_FULL_VERSION.zip,src2/__nested__/0061/source_extracts/M05_RECON/04_M05_SEMANTIC_REVIEW_FULL_v1.3.md,1,759
/mnt/data/p1_v11_source_scan/src2/RUMAHAGEN_WF03_M06_FULL_REBUILD_CONTROLLED_v1.5_FULL_VERSION.zip,src2/__nested__/0061/source_extracts/M05_RECON/03_M05_QUESTION_INVENTORY_FULL_v1.3.csv,1,2736
/mnt/data/p1_v11_source_scan/src2/RUMAHAGEN_WF03_M06_FULL_REBUILD_CONTROLLED_v1.5_FULL_VERSION.zip,src2/__nested__/0061/source_extracts/M05_RECON/02_M05_SOURCE_INVENTORY_100PCT_v1.3.csv,1,72712
/mnt/data/p1_v11_source_scan/src2/RUMAHAGEN_WF03_M06_FULL_REBUILD_CONTROLLED_v1.5_FULL_VERSION.zip,src2/__nested__/0061/source_extracts/M05_RECON/07_M05_CROSS_ARTIFACT_RECONCILIATION_FULL_v1.3.md,1,572
/mnt/data/p1_v11_source_scan/src2/RUMAHAGEN_WF03_M06_FULL_REBUILD_CONTROLLED_v1.5_FULL_VERSION.zip,src2/__nested__/0061/source_extracts/M05_RECON/06_M05_PERMISSION_ACTION_REVIEW_FULL_v1.3.md,1,439
/mnt/data/p1_v11_source_scan/src2/RUMAHAGEN_WF03_M06_FULL_REBUILD_CONTROLLED_v1.5_FULL_VERSION.zip,src2/__nested__/0061/source_extracts/M05_RECON/15_M05_CONFIGURATION_PERMISSION_MATRIX_FULL_v1.3.xlsx,1,9152
/mnt/data/p1_v11_source_scan/src2/RUMAHAGEN_WF03_M06_FULL_REBUILD_CONTROLLED_v1.5_FULL_VERSION.zip,src2/__nested__/0061/source_extracts/M06_v1.4/00_V1.3_CANONICAL_BASELINE_RETAINED.xlsx,1,14158
/mnt/data/p1_v11_source_scan/src2/RUMAHAGEN_WF03_M06_FULL_REBUILD_CONTROLLED_v1.5_FULL_VERSION.zip,src2/__nested__/0061/source_extracts/M06_v1.4/09_M06_CONTROLLED_OUTPUT_MANIFEST_v1.4.csv,1,9681
/mnt/data/p1_v11_source_scan/src2/RUMAHAGEN_WF03_M06_FULL_REBUILD_CONTROLLED_v1.5_FULL_VERSION.zip,src2/__nested__/0061/source_extracts/M06_v1.4/03_M06_M03_FIELD_MAPPING_v1.4.csv,1,2882
/mnt/data/p1_v11_source_scan/src2/RUMAHAGEN_WF03_M06_FULL_REBUILD_CONTROLLED_v1.5_FULL_VERSION.zip,src2/__nested__/0061/source_extracts/M06_v1.4/01_M06_FULL_CONTROL_MATRIX_v1.4.xlsx,1,17000
/mnt/data/p1_v11_source_scan/src2/RUMAHAGEN_WF03_M06_FULL_REBUILD_CONTROLLED_v1.5_FULL_VERSION.zip,src2/__nested__/0061/source_extracts/M06_v1.4/07_M06_FULL_REBUILD_CONTROLLED_v1.3.md,1,838
/mnt/data/p1_v11_source_scan/src2/RUMAHAGEN_WF03_M06_FULL_REBUILD_CONTROLLED_v1.5_FULL_VERSION.zip,src2/__nested__/0061/source_extracts/M06_v1.4/04_M06_QUESTION_INVENTORY_v1.3.csv,1,1331
/mnt/data/p1_v11_source_scan/src2/RUMAHAGEN_WF03_M06_FULL_REBUILD_CONTROLLED_v1.5_FULL_VERSION.zip,src2/__nested__/0061/source_extracts/M06_v1.4/02_M06_PROJECT_FIELD_INVENTORY_v1.3.csv,1,2314
/mnt/data/p1_v11_source_scan/src2/RUMAHAGEN_WF03_M06_FULL_REBUILD_CONTROLLED_v1.5_FULL_VERSION.zip,src2/__nested__/0061/source_extracts/M06_v1.4/05_M06_CORRECTION_DECISION_v1.3.md,1,786
/mnt/data/p1_v11_source_scan/src2/RUMAHAGEN_WF03_M06_FULL_REBUILD_CONTROLLED_v1.5_FULL_VERSION.zip,src2/__nested__/0061/source_extracts/M06_v1.4/07_M06_FULL_REBUILD_CONTROLLED_v1.4.md,1,1212
/mnt/data/p1_v11_source_scan/src2/RUMAHAGEN_WF03_M06_FULL_REBUILD_CONTROLLED_v1.5_FULL_VERSION.zip,src2/__nested__/0061/source_extracts/M06_v1.4/06_M06_FULL_REBUILD_CORRECTION_DECISIONS_v1.4.md,1,1553
/mnt/data/p1_v11_source_scan/src2/RUMAHAGEN_WF03_M06_FULL_REBUILD_CONTROLLED_v1.5_FULL_VERSION.zip,src2/__nested__/0061/source_extracts/M06_v1.4/03_M06_M03_FIELD_MAPPING_v1.3.csv,1,823
/mnt/data/p1_v11_source_scan/src2/RUMAHAGEN_WF03_M06_FULL_REBUILD_CONTROLLED_v1.5_FULL_VERSION.zip,src2/__nested__/0061/source_extracts/M06_v1.4/04_M06_QUESTION_INVENTORY_v1.4.csv,1,2339
/mnt/data/p1_v11_source_scan/src2/RUMAHAGEN_WF03_M06_FULL_REBUILD_CONTROLLED_v1.5_FULL_VERSION.zip,src2/__nested__/0061/source_extracts/M06_v1.4/05_M06_PERMISSION_MATRIX_FULL_24_ROWS_v1.4.csv,1,2459
/mnt/data/p1_v11_source_scan/src2/RUMAHAGEN_WF03_M06_FULL_REBUILD_CONTROLLED_v1.5_FULL_VERSION.zip,src2/__nested__/0061/source_extracts/M06_v1.4/02_M06_PROJECT_FIELD_INVENTORY_v1.4.csv,1,3186
/mnt/data/p1_v11_source_scan/src2/RUMAHAGEN_WF03_M06_FULL_REBUILD_CONTROLLED_v1.5_FULL_VERSION.zip,src2/__nested__/0061/source_extracts/M06_v1.4/08_M06_SECOND_PASS_PREP_QA_v1.4.md,1,675
/mnt/data/p1_v11_source_scan/src2/RUMAHAGEN_WF03_M06_FULL_REBUILD_CONTROLLED_v1.5_FULL_VERSION.zip,src2/__nested__/0061/source_extracts/M06_v1.4/06_M06_SECOND_PASS_QA_v1.3.md,1,566
/mnt/data/p1_v11_source_scan/src2/RUMAHAGEN_WF03_M06_FULL_REBUILD_CONTROLLED_v1.5_FULL_VERSION.zip,src2/__nested__/0061/source_extracts/M03_RECON/14_M03_DISTRICT_REFRESH_POSITIONING_CONTRACT_FULL_v1.3.md,1,1518
/mnt/data/p1_v11_source_scan/src2/RUMAHAGEN_WF03_M06_FULL_REBUILD_CONTROLLED_v1.5_FULL_VERSION.zip,src2/__nested__/0061/source_extracts/M03_RECON/02_M03_PERMISSION_MATRIX_FULL_v1.3.xlsx,1,8231
/mnt/data/p1_v11_source_scan/src2/RUMAHAGEN_WF03_M06_FULL_REBUILD_CONTROLLED_v1.5_FULL_VERSION.zip,src2/__nested__/0061/source_extracts/M03_RECON/README_CONTROLLED_OUTPUT_v1.3.md,1,1358
/mnt/data/p1_v11_source_scan/src2/RUMAHAGEN_WF03_M06_FULL_REBUILD_CONTROLLED_v1.5_FULL_VERSION.zip,src2/__nested__/0061/source_extracts/M03_RECON/04_M03_SEMANTIC_LIFECYCLE_AUTHORITY_FULL_v1.3.md,1,3651
/mnt/data/p1_v11_source_scan/src2/RUMAHAGEN_WF03_M06_FULL_REBUILD_CONTROLLED_v1.5_FULL_VERSION.zip,src2/__nested__/0061/source_extracts/M03_RECON/01_M03_QUESTION_INVENTORY_FULL_v1.3.csv,1,14733
/mnt/data/p1_v11_source_scan/src2/RUMAHAGEN_WF03_M06_FULL_REBUILD_CONTROLLED_v1.5_FULL_VERSION.zip,src2/__nested__/0061/source_extracts/M03_RECON/03_M03_PERMISSION_MATRIX_FULL_v1.3.csv,1,2976
/mnt/data/p1_v11_source_scan/src2/RUMAHAGEN_WF03_M06_FULL_REBUILD_CONTROLLED_v1.5_FULL_VERSION.zip,src2/__nested__/0061/source_extracts/M03_RECON/MANIFEST_M03_FULL_REBUILD_v1.3.md,1,1148
/mnt/data/p1_v11_source_scan/src2/RUMAHAGEN_WF03_M06_FULL_REBUILD_CONTROLLED_v1.5_FULL_VERSION.zip,src2/__nested__/0061/source_extracts/M03_RECON/06_M03_API_CONTRACT_FULL_v1.3.md,1,1992
/mnt/data/p1_v11_source_scan/src2/RUMAHAGEN_WF03_M06_FULL_REBUILD_CONTROLLED_v1.5_FULL_VERSION.zip,src2/__nested__/0061/source_extracts/M03_RECON/08_M03_SCHEMA_ERD_RECONCILIATION_FULL_v1.3.sql,1,662
/mnt/data/p1_v11_source_scan/src2/RUMAHAGEN_WF03_M06_FULL_REBUILD_CONTROLLED_v1.5_FULL_VERSION.zip,src2/__nested__/0061/source_extracts/M03_RECON/07_M03_RBAC_RLS_CONTRACT_FULL_v1.3.md,1,1468
/mnt/data/p1_v11_source_scan/src2/RUMAHAGEN_WF03_M06_FULL_REBUILD_CONTROLLED_v1.5_FULL_VERSION.zip,src2/__nested__/0061/source_extracts/M03_RECON/01_M03_QUESTION_INVENTORY_FULL_v1.3.xlsx,1,10724
/mnt/data/p1_v11_source_scan/src2/RUMAHAGEN_WF03_M06_FULL_REBUILD_CONTROLLED_v1.5_FULL_VERSION.zip,src2/__nested__/0061/source_extracts/M03_RECON/11_M03_PHYSICAL_RUNTIME_STATUS_FULL_v1.3.md,1,1346
/mnt/data/p1_v11_source_scan/src2/RUMAHAGEN_WF03_M06_FULL_REBUILD_CONTROLLED_v1.5_FULL_VERSION.zip,src2/__nested__/0061/source_extracts/M03_RECON/17_M03_QIR_INTEGRATION_PROVENANCE_v1.3.md,1,1605
/mnt/data/p1_v11_source_scan/src2/RUMAHAGEN_WF03_M06_FULL_REBUILD_CONTROLLED_v1.5_FULL_VERSION.zip,src2/__nested__/0061/source_extracts/M03_RECON/16_WF03_MASTER_PROGRESS_M01-M15_v1.8_M03_QIR_INTEGRATED.xlsx,1,29255
/mnt/data/p1_v11_source_scan/src2/RUMAHAGEN_WF03_M06_FULL_REBUILD_CONTROLLED_v1.5_FULL_VERSION.zip,src2/__nested__/0061/source_extracts/M03_RECON/15_M03_QA_COMPLETION_CONTROLLED_v1.3.md,1,1396
/mnt/data/p1_v11_source_scan/src2/RUMAHAGEN_WF03_M06_FULL_REBUILD_CONTROLLED_v1.5_FULL_VERSION.zip,src2/__nested__/0061/source_extracts/M03_RECON/13_M03_MEDIA_THUMBNAIL_DERIVATIVE_CONTRACT_FULL_v1.3.md,1,1664
/mnt/data/p1_v11_source_scan/src2/RUMAHAGEN_WF03_M06_FULL_REBUILD_CONTROLLED_v1.5_FULL_VERSION.zip,src2/__nested__/0061/source_extracts/M03_RECON/00_M03_REBUILD_CONTROL_REPORT_v1.3.md,1,4607
/mnt/data/p1_v11_source_scan/src2/RUMAHAGEN_WF03_M06_FULL_REBUILD_CONTROLLED_v1.5_FULL_VERSION.zip,src2/__nested__/0061/source_extracts/M03_RECON/09_M03_SEARCH_CONTRACT_FULL_v1.3.md,1,1635
/mnt/data/p1_v11_source_scan/src2/RUMAHAGEN_WF03_M06_FULL_REBUILD_CONTROLLED_v1.5_FULL_VERSION.zip,src2/__nested__/0061/source_extracts/M03_RECON/05_M03_CROSS_ARTIFACT_RECONCILIATION_FULL_v1.3.md,1,2047
/mnt/data/p1_v11_source_scan/src2/RUMAHAGEN_WF03_M06_FULL_REBUILD_CONTROLLED_v1.5_FULL_VERSION.zip,src2/__nested__/0061/source_extracts/M03_RECON/10_M03_UI_UX_USER_FLOW_FULL_v1.3.md,1,1632
/mnt/data/p1_v11_source_scan/src2/RUMAHAGEN_WF03_M06_FULL_REBUILD_CONTROLLED_v1.5_FULL_VERSION.zip,src2/__nested__/0061/source_extracts/RECON/WF03-03-02_M02_FULL_SEMANTIC_REBUILD_v1.1.md,1,21104
/mnt/data/p1_v11_source_scan/src2/RUMAHAGEN_WF03_M06_FULL_REBUILD_CONTROLLED_v1.5_FULL_VERSION.zip,src2/__nested__/0061/source_extracts/RECON/WF03-03-01_M01_FULL_SEMANTIC_REBUILD_v1.1.md,1,24186
/mnt/data/p1_v11_source_scan/src2/RUMAHAGEN_WF03_M06_FULL_REBUILD_CONTROLLED_v1.5_FULL_VERSION.zip,src2/__nested__/0061/source_extracts/RECON/M01_CORE_IMPACT_ANALYSIS_FULL_v1.0_CONTROLLED.zip,1,18853
/mnt/data/p1_v11_source_scan/src2/__nested__/0061/source_extracts/RECON/M01_CORE_IMPACT_ANALYSIS_FULL_v1.0_CONTROLLED.zip,src2/__nested__/0061/__nested__/0062/00_M01_CORE_IMPACT_EXECUTIVE_SUMMARY_v1.0.md,2,455
/mnt/data/p1_v11_source_scan/src2/__nested__/0061/source_extracts/RECON/M01_CORE_IMPACT_ANALYSIS_FULL_v1.0_CONTROLLED.zip,src2/__nested__/0061/__nested__/0062/01_M01_CORE_IMPACT_MATRIX_FULL_v1.0.csv,2,40535
/mnt/data/p1_v11_source_scan/src2/__nested__/0061/source_extracts/RECON/M01_CORE_IMPACT_ANALYSIS_FULL_v1.0_CONTROLLED.zip,src2/__nested__/0061/__nested__/0062/01_M01_CORE_IMPACT_MATRIX_FULL_v1.0.xlsx,2,9698
/mnt/data/p1_v11_source_scan/src2/__nested__/0061/source_extracts/RECON/M01_CORE_IMPACT_ANALYSIS_FULL_v1.0_CONTROLLED.zip,src2/__nested__/0061/__nested__/0062/02_M01_CORE_CONFLICT_REGISTER_FULL_v1.0.md,2,1244
/mnt/data/p1_v11_source_scan/src2/__nested__/0061/source_extracts/RECON/M01_CORE_IMPACT_ANALYSIS_FULL_v1.0_CONTROLLED.zip,src2/__nested__/0061/__nested__/0062/03_M01_CORE_PROPAGATION_MATRIX_FULL_v1.0.csv,2,1586
/mnt/data/p1_v11_source_scan/src2/__nested__/0061/source_extracts/RECON/M01_CORE_IMPACT_ANALYSIS_FULL_v1.0_CONTROLLED.zip,src2/__nested__/0061/__nested__/0062/04_M01_CORE_DEPENDENCY_IMPACT_FULL_v1.0.md,2,531
/mnt/data/p1_v11_source_scan/src2/__nested__/0061/source_extracts/RECON/M01_CORE_IMPACT_ANALYSIS_FULL_v1.0_CONTROLLED.zip,src2/__nested__/0061/__nested__/0062/05_M01_CORE_REQUIRED_CHANGE_REGISTER_FULL_v1.0.md,2,753
/mnt/data/p1_v11_source_scan/src2/__nested__/0061/source_extracts/RECON/M01_CORE_IMPACT_ANALYSIS_FULL_v1.0_CONTROLLED.zip,src2/__nested__/0061/__nested__/0062/06_M01_CORE_AUTHORITY_MAPPING_FULL_v1.0.md,2,536
/mnt/data/p1_v11_source_scan/src2/__nested__/0061/source_extracts/RECON/M01_CORE_IMPACT_ANALYSIS_FULL_v1.0_CONTROLLED.zip,src2/__nested__/0061/__nested__/0062/07_M01_CORE_IMPACT_QA_FULL_v1.0.md,2,473
/mnt/data/p1_v11_source_scan/src2/__nested__/0061/source_extracts/RECON/M01_CORE_IMPACT_ANALYSIS_FULL_v1.0_CONTROLLED.zip,src2/__nested__/0061/__nested__/0062/08_M01_CORE_INTEGRATION_READINESS_FULL_v1.0.md,2,368
/mnt/data/p1_v11_source_scan/src2/__nested__/0061/source_extracts/RECON/M01_CORE_IMPACT_ANALYSIS_FULL_v1.0_CONTROLLED.zip,src2/__nested__/0061/__nested__/0062/09_PROVENANCE_M01_CORE_IMPACT_v1.0.md,2,405
/mnt/data/p1_v11_source_scan/src2/__nested__/0061/source_extracts/RECON/M01_CORE_IMPACT_ANALYSIS_FULL_v1.0_CONTROLLED.zip,src2/__nested__/0061/__nested__/0062/10_MANIFEST_M01_CORE_IMPACT_v1.0.md,2,548
/mnt/data/p1_v11_source_scan/src2/RUMAHAGEN_WF03_M06_FULL_REBUILD_CONTROLLED_v1.5_FULL_VERSION.zip,src2/__nested__/0061/source_extracts/RECON/WF03_STEP01_OWNER_OVERRIDE_AND_RETRACE_BASELINE_v1.0.md,1,4405
/mnt/data/p1_v11_source_scan/src2/RUMAHAGEN_WF03_M06_FULL_REBUILD_CONTROLLED_v1.5_FULL_VERSION.zip,src2/__nested__/0061/source_extracts/RECON/RUMAHAGEN_WF03_M04_FULL_REBUILD_v1.1_CORE_EVIDENCE_INTEGRATED_CONTROLLED.zip,1,61863
/mnt/data/p1_v11_source_scan/src2/__nested__/0061/source_extracts/RECON/RUMAHAGEN_WF03_M04_FULL_REBUILD_v1.1_CORE_EVIDENCE_INTEGRATED_CONTROLLED.zip,src2/__nested__/0061/__nested__/0063/02_M04_QUESTION_INVENTORY_v1.1.md,2,6933
/mnt/data/p1_v11_source_scan/src2/__nested__/0061/source_extracts/RECON/RUMAHAGEN_WF03_M04_FULL_REBUILD_v1.1_CORE_EVIDENCE_INTEGRATED_CONTROLLED.zip,src2/__nested__/0061/__nested__/0063/13_M04_V1.1_SECOND_DEEP_SCAN_FULL_REVALIDATION.md,2,1353
/mnt/data/p1_v11_source_scan/src2/__nested__/0061/source_extracts/RECON/RUMAHAGEN_WF03_M04_FULL_REBUILD_v1.1_CORE_EVIDENCE_INTEGRATED_CONTROLLED.zip,src2/__nested__/0061/__nested__/0063/11_M04_PROVENANCE_v1.1.md,2,514
/mnt/data/p1_v11_source_scan/src2/__nested__/0061/source_extracts/RECON/RUMAHAGEN_WF03_M04_FULL_REBUILD_v1.1_CORE_EVIDENCE_INTEGRATED_CONTROLLED.zip,src2/__nested__/0061/__nested__/0063/12_MANIFEST_M04_v1.1.md,2,1202
/mnt/data/p1_v11_source_scan/src2/__nested__/0061/source_extracts/RECON/RUMAHAGEN_WF03_M04_FULL_REBUILD_v1.1_CORE_EVIDENCE_INTEGRATED_CONTROLLED.zip,src2/__nested__/0061/__nested__/0063/03_M04_SEMANTIC_REVIEW_v1.1.md,2,1074
/mnt/data/p1_v11_source_scan/src2/__nested__/0061/source_extracts/RECON/RUMAHAGEN_WF03_M04_FULL_REBUILD_v1.1_CORE_EVIDENCE_INTEGRATED_CONTROLLED.zip,src2/__nested__/0061/__nested__/0063/04_M04_LIFECYCLE_REVIEW_v1.1.md,2,928
/mnt/data/p1_v11_source_scan/src2/__nested__/0061/source_extracts/RECON/RUMAHAGEN_WF03_M04_FULL_REBUILD_v1.1_CORE_EVIDENCE_INTEGRATED_CONTROLLED.zip,src2/__nested__/0061/__nested__/0063/10_M04_INTEGRATION_READINESS_v1.1.md,2,464
/mnt/data/p1_v11_source_scan/src2/__nested__/0061/source_extracts/RECON/RUMAHAGEN_WF03_M04_FULL_REBUILD_v1.1_CORE_EVIDENCE_INTEGRATED_CONTROLLED.zip,src2/__nested__/0061/__nested__/0063/06_M04_PERMISSION_ROLE_REVIEW_v1.1.md,2,818
/mnt/data/p1_v11_source_scan/src2/__nested__/0061/source_extracts/RECON/RUMAHAGEN_WF03_M04_FULL_REBUILD_v1.1_CORE_EVIDENCE_INTEGRATED_CONTROLLED.zip,src2/__nested__/0061/__nested__/0063/01_M04_INVENTORY_FULL_DEEP_SCAN_v1.1.md,2,1740
/mnt/data/p1_v11_source_scan/src2/__nested__/0061/source_extracts/RECON/RUMAHAGEN_WF03_M04_FULL_REBUILD_v1.1_CORE_EVIDENCE_INTEGRATED_CONTROLLED.zip,src2/__nested__/0061/__nested__/0063/05_M04_CROSS_ARTIFACT_IMPACT_REVIEW_v1.1.md,2,1305
/mnt/data/p1_v11_source_scan/src2/__nested__/0061/source_extracts/RECON/RUMAHAGEN_WF03_M04_FULL_REBUILD_v1.1_CORE_EVIDENCE_INTEGRATED_CONTROLLED.zip,src2/__nested__/0061/__nested__/0063/09_M04_QA_FULL_v1.1.md,2,804
/mnt/data/p1_v11_source_scan/src2/__nested__/0061/source_extracts/RECON/RUMAHAGEN_WF03_M04_FULL_REBUILD_v1.1_CORE_EVIDENCE_INTEGRATED_CONTROLLED.zip,src2/__nested__/0061/__nested__/0063/07_M04_PHYSICAL_RUNTIME_STATUS_REVIEW_v1.1.md,2,961
/mnt/data/p1_v11_source_scan/src2/__nested__/0061/source_extracts/RECON/RUMAHAGEN_WF03_M04_FULL_REBUILD_v1.1_CORE_EVIDENCE_INTEGRATED_CONTROLLED.zip,src2/__nested__/0061/__nested__/0063/08_M04_CROSS_MODULE_RECONCILIATION_v1.1.md,2,917
/mnt/data/p1_v11_source_scan/src2/__nested__/0061/source_extracts/RECON/RUMAHAGEN_WF03_M04_FULL_REBUILD_v1.1_CORE_EVIDENCE_INTEGRATED_CONTROLLED.zip,src2/__nested__/0061/__nested__/0063/99_PROVENANCE_SOURCE_V1.0/10_PROVENANCE.md,2,435
/mnt/data/p1_v11_source_scan/src2/__nested__/0061/source_extracts/RECON/RUMAHAGEN_WF03_M04_FULL_REBUILD_v1.1_CORE_EVIDENCE_INTEGRATED_CONTROLLED.zip,src2/__nested__/0061/__nested__/0063/99_PROVENANCE_SOURCE_V1.0/07_M04_PHYSICAL_RUNTIME_STATUS_REVIEW_v1.0.md,2,50770
/mnt/data/p1_v11_source_scan/src2/__nested__/0061/source_extracts/RECON/RUMAHAGEN_WF03_M04_FULL_REBUILD_v1.1_CORE_EVIDENCE_INTEGRATED_CONTROLLED.zip,src2/__nested__/0061/__nested__/0063/99_PROVENANCE_SOURCE_V1.0/05_M04_CROSS_ARTIFACT_IMPACT_REVIEW_v1.0.md,2,50778
/mnt/data/p1_v11_source_scan/src2/__nested__/0061/source_extracts/RECON/RUMAHAGEN_WF03_M04_FULL_REBUILD_v1.1_CORE_EVIDENCE_INTEGRATED_CONTROLLED.zip,src2/__nested__/0061/__nested__/0063/99_PROVENANCE_SOURCE_V1.0/09_M04_QA_FULL_v1.0.md,2,626
/mnt/data/p1_v11_source_scan/src2/__nested__/0061/source_extracts/RECON/RUMAHAGEN_WF03_M04_FULL_REBUILD_v1.1_CORE_EVIDENCE_INTEGRATED_CONTROLLED.zip,src2/__nested__/0061/__nested__/0063/99_PROVENANCE_SOURCE_V1.0/02_M04_QUESTION_INVENTORY_v1.0.md,2,62524
/mnt/data/p1_v11_source_scan/src2/__nested__/0061/source_extracts/RECON/RUMAHAGEN_WF03_M04_FULL_REBUILD_v1.1_CORE_EVIDENCE_INTEGRATED_CONTROLLED.zip,src2/__nested__/0061/__nested__/0063/99_PROVENANCE_SOURCE_V1.0/04_M04_LIFECYCLE_REVIEW_v1.0.md,2,45043
/mnt/data/p1_v11_source_scan/src2/__nested__/0061/source_extracts/RECON/RUMAHAGEN_WF03_M04_FULL_REBUILD_v1.1_CORE_EVIDENCE_INTEGRATED_CONTROLLED.zip,src2/__nested__/0061/__nested__/0063/99_PROVENANCE_SOURCE_V1.0/01_M04_INVENTORY_FULL_DEEP_SCAN_v1.0.md,2,158082
/mnt/data/p1_v11_source_scan/src2/__nested__/0061/source_extracts/RECON/RUMAHAGEN_WF03_M04_FULL_REBUILD_v1.1_CORE_EVIDENCE_INTEGRATED_CONTROLLED.zip,src2/__nested__/0061/__nested__/0063/99_PROVENANCE_SOURCE_V1.0/08_M04_CROSS_MODULE_RECONCILIATION_v1.0.md,2,45211
/mnt/data/p1_v11_source_scan/src2/__nested__/0061/source_extracts/RECON/RUMAHAGEN_WF03_M04_FULL_REBUILD_v1.1_CORE_EVIDENCE_INTEGRATED_CONTROLLED.zip,src2/__nested__/0061/__nested__/0063/99_PROVENANCE_SOURCE_V1.0/00_M04_FULL_REBUILD_v1.0_CONTROLLED.md,2,1405
/mnt/data/p1_v11_source_scan/src2/__nested__/0061/source_extracts/RECON/RUMAHAGEN_WF03_M04_FULL_REBUILD_v1.1_CORE_EVIDENCE_INTEGRATED_CONTROLLED.zip,src2/__nested__/0061/__nested__/0063/99_PROVENANCE_SOURCE_V1.0/03_M04_SEMANTIC_REVIEW_v1.0.md,2,41924
/mnt/data/p1_v11_source_scan/src2/__nested__/0061/source_extracts/RECON/RUMAHAGEN_WF03_M04_FULL_REBUILD_v1.1_CORE_EVIDENCE_INTEGRATED_CONTROLLED.zip,src2/__nested__/0061/__nested__/0063/99_PROVENANCE_SOURCE_V1.0/11_MANIFEST.md,2,457
/mnt/data/p1_v11_source_scan/src2/__nested__/0061/source_extracts/RECON/RUMAHAGEN_WF03_M04_FULL_REBUILD_v1.1_CORE_EVIDENCE_INTEGRATED_CONTROLLED.zip,src2/__nested__/0061/__nested__/0063/99_PROVENANCE_SOURCE_V1.0/06_M04_PERMISSION_ROLE_REVIEW_v1.0.md,2,39996
/mnt/data/p1_v11_source_scan/src2/RUMAHAGEN_WF03_M06_FULL_REBUILD_CONTROLLED_v1.5_FULL_VERSION.zip,src2/__nested__/0061/source_extracts/RECON/M02_CORE_IMPACT_ANALYSIS_FULL_v1.0_CONTROLLED.zip,1,19133
/mnt/data/p1_v11_source_scan/src2/__nested__/0061/source_extracts/RECON/M02_CORE_IMPACT_ANALYSIS_FULL_v1.0_CONTROLLED.zip,src2/__nested__/0061/__nested__/0064/00_M02_CORE_IMPACT_EXECUTIVE_SUMMARY_v1.0.md,2,604
/mnt/data/p1_v11_source_scan/src2/__nested__/0061/source_extracts/RECON/M02_CORE_IMPACT_ANALYSIS_FULL_v1.0_CONTROLLED.zip,src2/__nested__/0061/__nested__/0064/01_M02_CORE_IMPACT_MATRIX_FULL_v1.0.csv,2,44200
/mnt/data/p1_v11_source_scan/src2/__nested__/0061/source_extracts/RECON/M02_CORE_IMPACT_ANALYSIS_FULL_v1.0_CONTROLLED.zip,src2/__nested__/0061/__nested__/0064/01_M02_CORE_IMPACT_MATRIX_FULL_v1.0.xlsx,2,9458
/mnt/data/p1_v11_source_scan/src2/__nested__/0061/source_extracts/RECON/M02_CORE_IMPACT_ANALYSIS_FULL_v1.0_CONTROLLED.zip,src2/__nested__/0061/__nested__/0064/02_M02_CORE_CONFLICT_REGISTER_FULL_v1.0.md,2,2041
/mnt/data/p1_v11_source_scan/src2/__nested__/0061/source_extracts/RECON/M02_CORE_IMPACT_ANALYSIS_FULL_v1.0_CONTROLLED.zip,src2/__nested__/0061/__nested__/0064/03_M02_CORE_PROPAGATION_MATRIX_FULL_v1.0.csv,2,1742
/mnt/data/p1_v11_source_scan/src2/__nested__/0061/source_extracts/RECON/M02_CORE_IMPACT_ANALYSIS_FULL_v1.0_CONTROLLED.zip,src2/__nested__/0061/__nested__/0064/04_M02_CORE_DEPENDENCY_IMPACT_FULL_v1.0.md,2,712
/mnt/data/p1_v11_source_scan/src2/__nested__/0061/source_extracts/RECON/M02_CORE_IMPACT_ANALYSIS_FULL_v1.0_CONTROLLED.zip,src2/__nested__/0061/__nested__/0064/05_M02_CORE_REQUIRED_CHANGE_REGISTER_FULL_v1.0.md,2,918
/mnt/data/p1_v11_source_scan/src2/__nested__/0061/source_extracts/RECON/M02_CORE_IMPACT_ANALYSIS_FULL_v1.0_CONTROLLED.zip,src2/__nested__/0061/__nested__/0064/06_M02_CORE_AUTHORITY_MAPPING_FULL_v1.0.md,2,595
/mnt/data/p1_v11_source_scan/src2/__nested__/0061/source_extracts/RECON/M02_CORE_IMPACT_ANALYSIS_FULL_v1.0_CONTROLLED.zip,src2/__nested__/0061/__nested__/0064/07_M02_CORE_IMPACT_QA_FULL_v1.0.md,2,562
/mnt/data/p1_v11_source_scan/src2/__nested__/0061/source_extracts/RECON/M02_CORE_IMPACT_ANALYSIS_FULL_v1.0_CONTROLLED.zip,src2/__nested__/0061/__nested__/0064/08_M02_CORE_INTEGRATION_READINESS_FULL_v1.0.md,2,437
/mnt/data/p1_v11_source_scan/src2/__nested__/0061/source_extracts/RECON/M02_CORE_IMPACT_ANALYSIS_FULL_v1.0_CONTROLLED.zip,src2/__nested__/0061/__nested__/0064/09_PROVENANCE_M02_CORE_IMPACT_v1.0.md,2,590
/mnt/data/p1_v11_source_scan/src2/__nested__/0061/source_extracts/RECON/M02_CORE_IMPACT_ANALYSIS_FULL_v1.0_CONTROLLED.zip,src2/__nested__/0061/__nested__/0064/10_MANIFEST_M02_CORE_IMPACT_v1.0.md,2,548
/mnt/data/p1_v11_source_scan/src2/RUMAHAGEN_WF03_M06_FULL_REBUILD_CONTROLLED_v1.5_FULL_VERSION.zip,src2/__nested__/0061/source_extracts/RECON/RUMAHAGEN_WF03_M05_FULL_REBUILD_CONTROLLED_v1.3_FULL_VERSION.zip,1,166268
/mnt/data/p1_v11_source_scan/src2/__nested__/0061/source_extracts/RECON/RUMAHAGEN_WF03_M05_FULL_REBUILD_CONTROLLED_v1.3_FULL_VERSION.zip,src2/__nested__/0061/__nested__/0065/01_M05_SOURCE_INVENTORY_100PCT_v1.3.md,2,296
/mnt/data/p1_v11_source_scan/src2/__nested__/0061/source_extracts/RECON/RUMAHAGEN_WF03_M05_FULL_REBUILD_CONTROLLED_v1.3_FULL_VERSION.zip,src2/__nested__/0061/__nested__/0065/00_M05_FULL_REBUILD_CONTROL_REPORT_v1.3.md,2,1667
/mnt/data/p1_v11_source_scan/src2/__nested__/0061/source_extracts/RECON/RUMAHAGEN_WF03_M05_FULL_REBUILD_CONTROLLED_v1.3_FULL_VERSION.zip,src2/__nested__/0061/__nested__/0065/18_M05_FULL_REBUILD_CONTROLLED_v1.3.docx,2,38682
/mnt/data/p1_v11_source_scan/src2/__nested__/0061/source_extracts/RECON/RUMAHAGEN_WF03_M05_FULL_REBUILD_CONTROLLED_v1.3_FULL_VERSION.zip,src2/__nested__/0061/__nested__/0065/10_M05_ACTOR_SURFACE_FULL_v1.3.md,2,579
/mnt/data/p1_v11_source_scan/src2/__nested__/0061/source_extracts/RECON/RUMAHAGEN_WF03_M05_FULL_REBUILD_CONTROLLED_v1.3_FULL_VERSION.zip,src2/__nested__/0061/__nested__/0065/06_M05_PERMISSION_ACTION_REVIEW_FULL_v1.3.md,2,439
/mnt/data/p1_v11_source_scan/src2/__nested__/0061/source_extracts/RECON/RUMAHAGEN_WF03_M05_FULL_REBUILD_CONTROLLED_v1.3_FULL_VERSION.zip,src2/__nested__/0061/__nested__/0065/02_M05_SOURCE_INVENTORY_100PCT_v1.3.csv,2,72712
/mnt/data/p1_v11_source_scan/src2/__nested__/0061/source_extracts/RECON/RUMAHAGEN_WF03_M05_FULL_REBUILD_CONTROLLED_v1.3_FULL_VERSION.zip,src2/__nested__/0061/__nested__/0065/03_M05_QUESTION_INVENTORY_FULL_v1.3.md,2,250
/mnt/data/p1_v11_source_scan/src2/__nested__/0061/source_extracts/RECON/RUMAHAGEN_WF03_M05_FULL_REBUILD_CONTROLLED_v1.3_FULL_VERSION.zip,src2/__nested__/0061/__nested__/0065/07_M05_CROSS_ARTIFACT_RECONCILIATION_FULL_v1.3.md,2,572
/mnt/data/p1_v11_source_scan/src2/__nested__/0061/source_extracts/RECON/RUMAHAGEN_WF03_M05_FULL_REBUILD_CONTROLLED_v1.3_FULL_VERSION.zip,src2/__nested__/0061/__nested__/0065/14_M05_FIELD_INVENTORY_FULL_v1.3.csv,2,1704
/mnt/data/p1_v11_source_scan/src2/__nested__/0061/source_extracts/RECON/RUMAHAGEN_WF03_M05_FULL_REBUILD_CONTROLLED_v1.3_FULL_VERSION.zip,src2/__nested__/0061/__nested__/0065/03_M05_QUESTION_INVENTORY_FULL_v1.3.csv,2,2736
/mnt/data/p1_v11_source_scan/src2/__nested__/0061/source_extracts/RECON/RUMAHAGEN_WF03_M05_FULL_REBUILD_CONTROLLED_v1.3_FULL_VERSION.zip,src2/__nested__/0061/__nested__/0065/12_M05_ONLINE_MEETING_PROVIDER_FULL_v1.3.md,2,722
/mnt/data/p1_v11_source_scan/src2/__nested__/0061/source_extracts/RECON/RUMAHAGEN_WF03_M05_FULL_REBUILD_CONTROLLED_v1.3_FULL_VERSION.zip,src2/__nested__/0061/__nested__/0065/08_M05_CROSS_MODULE_RECONCILIATION_FULL_v1.3.md,2,359
/mnt/data/p1_v11_source_scan/src2/__nested__/0061/source_extracts/RECON/RUMAHAGEN_WF03_M05_FULL_REBUILD_CONTROLLED_v1.3_FULL_VERSION.zip,src2/__nested__/0061/__nested__/0065/11_M05_CONFIGURATION_MATRIX_FULL_v1.3.md,2,782
/mnt/data/p1_v11_source_scan/src2/__nested__/0061/source_extracts/RECON/RUMAHAGEN_WF03_M05_FULL_REBUILD_CONTROLLED_v1.3_FULL_VERSION.zip,src2/__nested__/0061/__nested__/0065/13_M05_GUEST_REGISTRATION_FULL_v1.3.md,2,670
/mnt/data/p1_v11_source_scan/src2/__nested__/0061/source_extracts/RECON/RUMAHAGEN_WF03_M05_FULL_REBUILD_CONTROLLED_v1.3_FULL_VERSION.zip,src2/__nested__/0061/__nested__/0065/09_M05_PHYSICAL_RUNTIME_PREREQUISITE_REVIEW_FULL_v1.3.md,2,414
/mnt/data/p1_v11_source_scan/src2/__nested__/0061/source_extracts/RECON/RUMAHAGEN_WF03_M05_FULL_REBUILD_CONTROLLED_v1.3_FULL_VERSION.zip,src2/__nested__/0061/__nested__/0065/17_M05_FINAL_QA_PRE_GATE_v1.3.md,2,1132
/mnt/data/p1_v11_source_scan/src2/__nested__/0061/source_extracts/RECON/RUMAHAGEN_WF03_M05_FULL_REBUILD_CONTROLLED_v1.3_FULL_VERSION.zip,src2/__nested__/0061/__nested__/0065/16_M05_QIR_CORRECTION_TRACEABILITY_FULL_v1.3.md,2,663
/mnt/data/p1_v11_source_scan/src2/__nested__/0061/source_extracts/RECON/RUMAHAGEN_WF03_M05_FULL_REBUILD_CONTROLLED_v1.3_FULL_VERSION.zip,src2/__nested__/0061/__nested__/0065/15_M05_CONFIGURATION_PERMISSION_MATRIX_FULL_v1.3.xlsx,2,9152
/mnt/data/p1_v11_source_scan/src2/__nested__/0061/source_extracts/RECON/RUMAHAGEN_WF03_M05_FULL_REBUILD_CONTROLLED_v1.3_FULL_VERSION.zip,src2/__nested__/0061/__nested__/0065/04_M05_SEMANTIC_REVIEW_FULL_v1.3.md,2,759
/mnt/data/p1_v11_source_scan/src2/__nested__/0061/source_extracts/RECON/RUMAHAGEN_WF03_M05_FULL_REBUILD_CONTROLLED_v1.3_FULL_VERSION.zip,src2/__nested__/0061/__nested__/0065/05_M05_LIFECYCLE_FULL_v1.3.md,2,1182
/mnt/data/p1_v11_source_scan/src2/__nested__/0061/source_extracts/RECON/RUMAHAGEN_WF03_M05_FULL_REBUILD_CONTROLLED_v1.3_FULL_VERSION.zip,src2/__nested__/0061/__nested__/0065/01_FULL_V1.2_RETAINED/11_M05_PERMISSION_MATRIX_FULL_v1.2.csv,2,585
/mnt/data/p1_v11_source_scan/src2/__nested__/0061/source_extracts/RECON/RUMAHAGEN_WF03_M05_FULL_REBUILD_CONTROLLED_v1.3_FULL_VERSION.zip,src2/__nested__/0061/__nested__/0065/01_FULL_V1.2_RETAINED/10_M05_CONFIGURATION_PROVIDER_FULL_v1.2.md,2,994
/mnt/data/p1_v11_source_scan/src2/__nested__/0061/source_extracts/RECON/RUMAHAGEN_WF03_M05_FULL_REBUILD_CONTROLLED_v1.3_FULL_VERSION.zip,src2/__nested__/0061/__nested__/0065/01_FULL_V1.2_RETAINED/08_M05_CROSS_MODULE_RECONCILIATION_FULL_v1.2.md,2,468
/mnt/data/p1_v11_source_scan/src2/__nested__/0061/source_extracts/RECON/RUMAHAGEN_WF03_M05_FULL_REBUILD_CONTROLLED_v1.3_FULL_VERSION.zip,src2/__nested__/0061/__nested__/0065/01_FULL_V1.2_RETAINED/05_M05_PERMISSION_ACTION_REVIEW_FULL_v1.2.md,2,603
/mnt/data/p1_v11_source_scan/src2/__nested__/0061/source_extracts/RECON/RUMAHAGEN_WF03_M05_FULL_REBUILD_CONTROLLED_v1.3_FULL_VERSION.zip,src2/__nested__/0061/__nested__/0065/01_FULL_V1.2_RETAINED/evidence_iframe.md,2,7107
/mnt/data/p1_v11_source_scan/src2/__nested__/0061/source_extracts/RECON/RUMAHAGEN_WF03_M05_FULL_REBUILD_CONTROLLED_v1.3_FULL_VERSION.zip,src2/__nested__/0061/__nested__/0065/01_FULL_V1.2_RETAINED/04_M05_LIFECYCLE_FULL_v1.2.md,2,959
/mnt/data/p1_v11_source_scan/src2/__nested__/0061/source_extracts/RECON/RUMAHAGEN_WF03_M05_FULL_REBUILD_CONTROLLED_v1.3_FULL_VERSION.zip,src2/__nested__/0061/__nested__/0065/01_FULL_V1.2_RETAINED/evidence_waitinglist.md,2,8521
/mnt/data/p1_v11_source_scan/src2/__nested__/0061/source_extracts/RECON/RUMAHAGEN_WF03_M05_FULL_REBUILD_CONTROLLED_v1.3_FULL_VERSION.zip,src2/__nested__/0061/__nested__/0065/01_FULL_V1.2_RETAINED/03_M05_SEMANTIC_REVIEW_FULL_v1.2.md,2,824
/mnt/data/p1_v11_source_scan/src2/__nested__/0061/source_extracts/RECON/RUMAHAGEN_WF03_M05_FULL_REBUILD_CONTROLLED_v1.3_FULL_VERSION.zip,src2/__nested__/0061/__nested__/0065/01_FULL_V1.2_RETAINED/06_M05_CROSS_ARTIFACT_RECONCILIATION_FULL_v1.2.md,2,771
/mnt/data/p1_v11_source_scan/src2/__nested__/0061/source_extracts/RECON/RUMAHAGEN_WF03_M05_FULL_REBUILD_CONTROLLED_v1.3_FULL_VERSION.zip,src2/__nested__/0061/__nested__/0065/01_FULL_V1.2_RETAINED/evidence_late_registration.md,2,8522
/mnt/data/p1_v11_source_scan/src2/__nested__/0061/source_extracts/RECON/RUMAHAGEN_WF03_M05_FULL_REBUILD_CONTROLLED_v1.3_FULL_VERSION.zip,src2/__nested__/0061/__nested__/0065/01_FULL_V1.2_RETAINED/evidence_quota.md,2,8997
/mnt/data/p1_v11_source_scan/src2/__nested__/0061/source_extracts/RECON/RUMAHAGEN_WF03_M05_FULL_REBUILD_CONTROLLED_v1.3_FULL_VERSION.zip,src2/__nested__/0061/__nested__/0065/01_FULL_V1.2_RETAINED/15_M05_MANIFEST_CONTROLLED_v1.2.md,2,527
/mnt/data/p1_v11_source_scan/src2/__nested__/0061/source_extracts/RECON/RUMAHAGEN_WF03_M05_FULL_REBUILD_CONTROLLED_v1.3_FULL_VERSION.zip,src2/__nested__/0061/__nested__/0065/01_FULL_V1.2_RETAINED/01_M05_SOURCE_INVENTORY_100PCT_v1.2.md,2,331
/mnt/data/p1_v11_source_scan/src2/__nested__/0061/source_extracts/RECON/RUMAHAGEN_WF03_M05_FULL_REBUILD_CONTROLLED_v1.3_FULL_VERSION.zip,src2/__nested__/0061/__nested__/0065/01_FULL_V1.2_RETAINED/12_M05_FULL_FIELD_CONFIGURATION_PERMISSION_MATRIX_v1.2.xlsx,2,8960
/mnt/data/p1_v11_source_scan/src2/__nested__/0061/source_extracts/RECON/RUMAHAGEN_WF03_M05_FULL_REBUILD_CONTROLLED_v1.3_FULL_VERSION.zip,src2/__nested__/0061/__nested__/0065/01_FULL_V1.2_RETAINED/13_M05_EVIDENCE_PROVENANCE_AND_DIFF_v1.2.md,2,1658
/mnt/data/p1_v11_source_scan/src2/__nested__/0061/source_extracts/RECON/RUMAHAGEN_WF03_M05_FULL_REBUILD_CONTROLLED_v1.3_FULL_VERSION.zip,src2/__nested__/0061/__nested__/0065/01_FULL_V1.2_RETAINED/07_M05_PHYSICAL_RUNTIME_PREREQUISITE_REVIEW_FULL_v1.2.md,2,576
/mnt/data/p1_v11_source_scan/src2/__nested__/0061/source_extracts/RECON/RUMAHAGEN_WF03_M05_FULL_REBUILD_CONTROLLED_v1.3_FULL_VERSION.zip,src2/__nested__/0061/__nested__/0065/01_FULL_V1.2_RETAINED/01_M05_SOURCE_INVENTORY_100PCT_v1.2.csv,2,67454
/mnt/data/p1_v11_source_scan/src2/__nested__/0061/source_extracts/RECON/RUMAHAGEN_WF03_M05_FULL_REBUILD_CONTROLLED_v1.3_FULL_VERSION.zip,src2/__nested__/0061/__nested__/0065/01_FULL_V1.2_RETAINED/16_M05_FULL_REBUILD_CONTROLLED_v1.2.docx,2,38911
/mnt/data/p1_v11_source_scan/src2/__nested__/0061/source_extracts/RECON/RUMAHAGEN_WF03_M05_FULL_REBUILD_CONTROLLED_v1.3_FULL_VERSION.zip,src2/__nested__/0061/__nested__/0065/01_FULL_V1.2_RETAINED/09_M05_ACTOR_SURFACE_FULL_v1.2.md,2,632
/mnt/data/p1_v11_source_scan/src2/__nested__/0061/source_extracts/RECON/RUMAHAGEN_WF03_M05_FULL_REBUILD_CONTROLLED_v1.3_FULL_VERSION.zip,src2/__nested__/0061/__nested__/0065/01_FULL_V1.2_RETAINED/evidence_attendance.md,2,8385
/mnt/data/p1_v11_source_scan/src2/__nested__/0061/source_extracts/RECON/RUMAHAGEN_WF03_M05_FULL_REBUILD_CONTROLLED_v1.3_FULL_VERSION.zip,src2/__nested__/0061/__nested__/0065/01_FULL_V1.2_RETAINED/02_M05_QUESTION_INVENTORY_FULL_v1.2.md,2,237
/mnt/data/p1_v11_source_scan/src2/__nested__/0061/source_extracts/RECON/RUMAHAGEN_WF03_M05_FULL_REBUILD_CONTROLLED_v1.3_FULL_VERSION.zip,src2/__nested__/0061/__nested__/0065/01_FULL_V1.2_RETAINED/00_M05_FULL_REBUILD_CONTROL_REPORT_v1.2.md,2,1490
/mnt/data/p1_v11_source_scan/src2/__nested__/0061/source_extracts/RECON/RUMAHAGEN_WF03_M05_FULL_REBUILD_CONTROLLED_v1.3_FULL_VERSION.zip,src2/__nested__/0061/__nested__/0065/01_FULL_V1.2_RETAINED/evidence_fields.md,2,8908
/mnt/data/p1_v11_source_scan/src2/__nested__/0061/source_extracts/RECON/RUMAHAGEN_WF03_M05_FULL_REBUILD_CONTROLLED_v1.3_FULL_VERSION.zip,src2/__nested__/0061/__nested__/0065/01_FULL_V1.2_RETAINED/02_M05_QUESTION_INVENTORY_FULL_v1.2.csv,2,2321
/mnt/data/p1_v11_source_scan/src2/__nested__/0061/source_extracts/RECON/RUMAHAGEN_WF03_M05_FULL_REBUILD_CONTROLLED_v1.3_FULL_VERSION.zip,src2/__nested__/0061/__nested__/0065/01_FULL_V1.2_RETAINED/evidence_provider.md,2,8501
/mnt/data/p1_v11_source_scan/src2/__nested__/0061/source_extracts/RECON/RUMAHAGEN_WF03_M05_FULL_REBUILD_CONTROLLED_v1.3_FULL_VERSION.zip,src2/__nested__/0061/__nested__/0065/01_FULL_V1.2_RETAINED/14_M05_QA_FULL_v1.2.md,2,1150
/mnt/data/p1_v11_source_scan/src2/RUMAHAGEN_WF03_M06_FULL_REBUILD_CONTROLLED_v1.5_FULL_VERSION.zip,src2/__nested__/0061/source_extracts/RECON/RUMAHAGEN_WF03_M03_FULL_REBUILD_v1.3_QIR_INTEGRATED_CONTROLLED.zip,1,161796
/mnt/data/p1_v11_source_scan/src2/__nested__/0061/source_extracts/RECON/RUMAHAGEN_WF03_M03_FULL_REBUILD_v1.3_QIR_INTEGRATED_CONTROLLED.zip,src2/__nested__/0061/__nested__/0066/15_M03_QA_COMPLETION_CONTROLLED_v1.3.md,2,1396
/mnt/data/p1_v11_source_scan/src2/__nested__/0061/source_extracts/RECON/RUMAHAGEN_WF03_M03_FULL_REBUILD_v1.3_QIR_INTEGRATED_CONTROLLED.zip,src2/__nested__/0061/__nested__/0066/MANIFEST_M03_FULL_REBUILD_v1.3.md,2,1148
/mnt/data/p1_v11_source_scan/src2/__nested__/0061/source_extracts/RECON/RUMAHAGEN_WF03_M03_FULL_REBUILD_v1.3_QIR_INTEGRATED_CONTROLLED.zip,src2/__nested__/0061/__nested__/0066/09_M03_SEARCH_CONTRACT_FULL_v1.3.md,2,1635
/mnt/data/p1_v11_source_scan/src2/__nested__/0061/source_extracts/RECON/RUMAHAGEN_WF03_M03_FULL_REBUILD_v1.3_QIR_INTEGRATED_CONTROLLED.zip,src2/__nested__/0061/__nested__/0066/17_M03_QIR_INTEGRATION_PROVENANCE_v1.3.md,2,1605
/mnt/data/p1_v11_source_scan/src2/__nested__/0061/source_extracts/RECON/RUMAHAGEN_WF03_M03_FULL_REBUILD_v1.3_QIR_INTEGRATED_CONTROLLED.zip,src2/__nested__/0061/__nested__/0066/02_M03_PERMISSION_MATRIX_FULL_v1.3.xlsx,2,8231
/mnt/data/p1_v11_source_scan/src2/__nested__/0061/source_extracts/RECON/RUMAHAGEN_WF03_M03_FULL_REBUILD_v1.3_QIR_INTEGRATED_CONTROLLED.zip,src2/__nested__/0061/__nested__/0066/11_M03_PHYSICAL_RUNTIME_STATUS_FULL_v1.3.md,2,1346
/mnt/data/p1_v11_source_scan/src2/__nested__/0061/source_extracts/RECON/RUMAHAGEN_WF03_M03_FULL_REBUILD_v1.3_QIR_INTEGRATED_CONTROLLED.zip,src2/__nested__/0061/__nested__/0066/01_M03_QUESTION_INVENTORY_FULL_v1.3.csv,2,14733
/mnt/data/p1_v11_source_scan/src2/__nested__/0061/source_extracts/RECON/RUMAHAGEN_WF03_M03_FULL_REBUILD_v1.3_QIR_INTEGRATED_CONTROLLED.zip,src2/__nested__/0061/__nested__/0066/README_CONTROLLED_OUTPUT_v1.3.md,2,1358
/mnt/data/p1_v11_source_scan/src2/__nested__/0061/source_extracts/RECON/RUMAHAGEN_WF03_M03_FULL_REBUILD_v1.3_QIR_INTEGRATED_CONTROLLED.zip,src2/__nested__/0061/__nested__/0066/05_M03_CROSS_ARTIFACT_RECONCILIATION_FULL_v1.3.md,2,2047
/mnt/data/p1_v11_source_scan/src2/__nested__/0061/source_extracts/RECON/RUMAHAGEN_WF03_M03_FULL_REBUILD_v1.3_QIR_INTEGRATED_CONTROLLED.zip,src2/__nested__/0061/__nested__/0066/04_M03_SEMANTIC_LIFECYCLE_AUTHORITY_FULL_v1.3.md,2,3651
/mnt/data/p1_v11_source_scan/src2/__nested__/0061/source_extracts/RECON/RUMAHAGEN_WF03_M03_FULL_REBUILD_v1.3_QIR_INTEGRATED_CONTROLLED.zip,src2/__nested__/0061/__nested__/0066/07_M03_RBAC_RLS_CONTRACT_FULL_v1.3.md,2,1468
/mnt/data/p1_v11_source_scan/src2/__nested__/0061/source_extracts/RECON/RUMAHAGEN_WF03_M03_FULL_REBUILD_v1.3_QIR_INTEGRATED_CONTROLLED.zip,src2/__nested__/0061/__nested__/0066/06_M03_API_CONTRACT_FULL_v1.3.md,2,1992
/mnt/data/p1_v11_source_scan/src2/__nested__/0061/source_extracts/RECON/RUMAHAGEN_WF03_M03_FULL_REBUILD_v1.3_QIR_INTEGRATED_CONTROLLED.zip,src2/__nested__/0061/__nested__/0066/08_M03_SCHEMA_ERD_RECONCILIATION_FULL_v1.3.sql,2,662
/mnt/data/p1_v11_source_scan/src2/__nested__/0061/source_extracts/RECON/RUMAHAGEN_WF03_M03_FULL_REBUILD_v1.3_QIR_INTEGRATED_CONTROLLED.zip,src2/__nested__/0061/__nested__/0066/00_M03_REBUILD_CONTROL_REPORT_v1.3.md,2,4607
/mnt/data/p1_v11_source_scan/src2/__nested__/0061/source_extracts/RECON/RUMAHAGEN_WF03_M03_FULL_REBUILD_v1.3_QIR_INTEGRATED_CONTROLLED.zip,src2/__nested__/0061/__nested__/0066/16_WF03_MASTER_PROGRESS_M01-M15_v1.8_M03_QIR_INTEGRATED.xlsx,2,29255
/mnt/data/p1_v11_source_scan/src2/__nested__/0061/source_extracts/RECON/RUMAHAGEN_WF03_M03_FULL_REBUILD_v1.3_QIR_INTEGRATED_CONTROLLED.zip,src2/__nested__/0061/__nested__/0066/01_M03_QUESTION_INVENTORY_FULL_v1.3.xlsx,2,10724
/mnt/data/p1_v11_source_scan/src2/__nested__/0061/source_extracts/RECON/RUMAHAGEN_WF03_M03_FULL_REBUILD_v1.3_QIR_INTEGRATED_CONTROLLED.zip,src2/__nested__/0061/__nested__/0066/13_M03_MEDIA_THUMBNAIL_DERIVATIVE_CONTRACT_FULL_v1.3.md,2,1664
/mnt/data/p1_v11_source_scan/src2/__nested__/0061/source_extracts/RECON/RUMAHAGEN_WF03_M03_FULL_REBUILD_v1.3_QIR_INTEGRATED_CONTROLLED.zip,src2/__nested__/0061/__nested__/0066/03_M03_PERMISSION_MATRIX_FULL_v1.3.csv,2,2976
/mnt/data/p1_v11_source_scan/src2/__nested__/0061/source_extracts/RECON/RUMAHAGEN_WF03_M03_FULL_REBUILD_v1.3_QIR_INTEGRATED_CONTROLLED.zip,src2/__nested__/0061/__nested__/0066/10_M03_UI_UX_USER_FLOW_FULL_v1.3.md,2,1632
/mnt/data/p1_v11_source_scan/src2/__nested__/0061/source_extracts/RECON/RUMAHAGEN_WF03_M03_FULL_REBUILD_v1.3_QIR_INTEGRATED_CONTROLLED.zip,src2/__nested__/0061/__nested__/0066/14_M03_DISTRICT_REFRESH_POSITIONING_CONTRACT_FULL_v1.3.md,2,1518
/mnt/data/p1_v11_source_scan/src2/__nested__/0061/source_extracts/RECON/RUMAHAGEN_WF03_M03_FULL_REBUILD_v1.3_QIR_INTEGRATED_CONTROLLED.zip,src2/__nested__/0061/__nested__/0066/_PROVENANCE_QIR_V1.0_SOURCE/01_M03_QUESTION_INVENTORY_RESOLVED_v1.0.xlsx,2,10960
/mnt/data/p1_v11_source_scan/src2/__nested__/0061/source_extracts/RECON/RUMAHAGEN_WF03_M03_FULL_REBUILD_v1.3_QIR_INTEGRATED_CONTROLLED.zip,src2/__nested__/0061/__nested__/0066/_PROVENANCE_QIR_V1.0_SOURCE/11_M03_PHYSICAL_RUNTIME_STATUS_FULL_v1.2.md,2,1346
/mnt/data/p1_v11_source_scan/src2/__nested__/0061/source_extracts/RECON/RUMAHAGEN_WF03_M03_FULL_REBUILD_v1.3_QIR_INTEGRATED_CONTROLLED.zip,src2/__nested__/0061/__nested__/0066/_PROVENANCE_QIR_V1.0_SOURCE/08_M03_SCHEMA_ERD_RECONCILIATION_FULL_v1.0.sql,2,1013
/mnt/data/p1_v11_source_scan/src2/__nested__/0061/source_extracts/RECON/RUMAHAGEN_WF03_M03_FULL_REBUILD_v1.3_QIR_INTEGRATED_CONTROLLED.zip,src2/__nested__/0061/__nested__/0066/_PROVENANCE_QIR_V1.0_SOURCE/00_M03_QUESTION_INVENTORY_RESOLUTION_REPORT_v1.0.md,2,2543
/mnt/data/p1_v11_source_scan/src2/__nested__/0061/source_extracts/RECON/RUMAHAGEN_WF03_M03_FULL_REBUILD_v1.3_QIR_INTEGRATED_CONTROLLED.zip,src2/__nested__/0061/__nested__/0066/_PROVENANCE_QIR_V1.0_SOURCE/08_M03_SCHEMA_ERD_RECONCILIATION_FULL_v1.2.sql,2,662
/mnt/data/p1_v11_source_scan/src2/__nested__/0061/source_extracts/RECON/RUMAHAGEN_WF03_M03_FULL_REBUILD_v1.3_QIR_INTEGRATED_CONTROLLED.zip,src2/__nested__/0061/__nested__/0066/_PROVENANCE_QIR_V1.0_SOURCE/MANIFEST_M03_QIR_v1.0.md,2,965
/mnt/data/p1_v11_source_scan/src2/__nested__/0061/source_extracts/RECON/RUMAHAGEN_WF03_M03_FULL_REBUILD_v1.3_QIR_INTEGRATED_CONTROLLED.zip,src2/__nested__/0061/__nested__/0066/_PROVENANCE_QIR_V1.0_SOURCE/05_M03_CROSS_ARTIFACT_RECONCILIATION_FULL_v1.2.md,2,2047
/mnt/data/p1_v11_source_scan/src2/__nested__/0061/source_extracts/RECON/RUMAHAGEN_WF03_M03_FULL_REBUILD_v1.3_QIR_INTEGRATED_CONTROLLED.zip,src2/__nested__/0061/__nested__/0066/_PROVENANCE_QIR_V1.0_SOURCE/14_M03_DISTRICT_REFRESH_POSITIONING_CONTRACT_FULL_v1.2.md,2,1518
/mnt/data/p1_v11_source_scan/src2/__nested__/0061/source_extracts/RECON/RUMAHAGEN_WF03_M03_FULL_REBUILD_v1.3_QIR_INTEGRATED_CONTROLLED.zip,src2/__nested__/0061/__nested__/0066/_PROVENANCE_QIR_V1.0_SOURCE/MANIFEST_v1.2.md,2,889
/mnt/data/p1_v11_source_scan/src2/__nested__/0061/source_extracts/RECON/RUMAHAGEN_WF03_M03_FULL_REBUILD_v1.3_QIR_INTEGRATED_CONTROLLED.zip,src2/__nested__/0061/__nested__/0066/_PROVENANCE_QIR_V1.0_SOURCE/04_M03_SEMANTIC_LIFECYCLE_AUTHORITY_RESOLVED_v1.0.md,2,3834
/mnt/data/p1_v11_source_scan/src2/__nested__/0061/source_extracts/RECON/RUMAHAGEN_WF03_M03_FULL_REBUILD_v1.3_QIR_INTEGRATED_CONTROLLED.zip,src2/__nested__/0061/__nested__/0066/_PROVENANCE_QIR_V1.0_SOURCE/01_M03_QUESTION_INVENTORY_RESOLVED_v1.0.csv,2,12262
/mnt/data/p1_v11_source_scan/src2/__nested__/0061/source_extracts/RECON/RUMAHAGEN_WF03_M03_FULL_REBUILD_v1.3_QIR_INTEGRATED_CONTROLLED.zip,src2/__nested__/0061/__nested__/0066/_PROVENANCE_QIR_V1.0_SOURCE/README_CONTROLLED_OUTPUT_v1.2.md,2,1198
/mnt/data/p1_v11_source_scan/src2/__nested__/0061/source_extracts/RECON/RUMAHAGEN_WF03_M03_FULL_REBUILD_v1.3_QIR_INTEGRATED_CONTROLLED.zip,src2/__nested__/0061/__nested__/0066/_PROVENANCE_QIR_V1.0_SOURCE/03_M03_PERMISSION_MATRIX_FULL_v1.2.csv,2,3290
/mnt/data/p1_v11_source_scan/src2/__nested__/0061/source_extracts/RECON/RUMAHAGEN_WF03_M03_FULL_REBUILD_v1.3_QIR_INTEGRATED_CONTROLLED.zip,src2/__nested__/0061/__nested__/0066/_PROVENANCE_QIR_V1.0_SOURCE/02_M03_PERMISSION_MATRIX_RESOLVED_v1.0.xlsx,2,8231
/mnt/data/p1_v11_source_scan/src2/__nested__/0061/source_extracts/RECON/RUMAHAGEN_WF03_M03_FULL_REBUILD_v1.3_QIR_INTEGRATED_CONTROLLED.zip,src2/__nested__/0061/__nested__/0066/_PROVENANCE_QIR_V1.0_SOURCE/10_M03_UI_UX_USER_FLOW_FULL_v1.2.md,2,1632
/mnt/data/p1_v11_source_scan/src2/__nested__/0061/source_extracts/RECON/RUMAHAGEN_WF03_M03_FULL_REBUILD_v1.3_QIR_INTEGRATED_CONTROLLED.zip,src2/__nested__/0061/__nested__/0066/_PROVENANCE_QIR_V1.0_SOURCE/15_M03_QA_COMPLETION_CONTROLLED_v1.2.md,2,1396
/mnt/data/p1_v11_source_scan/src2/__nested__/0061/source_extracts/RECON/RUMAHAGEN_WF03_M03_FULL_REBUILD_v1.3_QIR_INTEGRATED_CONTROLLED.zip,src2/__nested__/0061/__nested__/0066/_PROVENANCE_QIR_V1.0_SOURCE/00_M03_REBUILD_CONTROL_REPORT_v1.2.md,2,4607
/mnt/data/p1_v11_source_scan/src2/__nested__/0061/source_extracts/RECON/RUMAHAGEN_WF03_M03_FULL_REBUILD_v1.3_QIR_INTEGRATED_CONTROLLED.zip,src2/__nested__/0061/__nested__/0066/_PROVENANCE_QIR_V1.0_SOURCE/09_M03_SEARCH_CONTRACT_RESOLVED_v1.0.md,2,1665
/mnt/data/p1_v11_source_scan/src2/__nested__/0061/source_extracts/RECON/RUMAHAGEN_WF03_M03_FULL_REBUILD_v1.3_QIR_INTEGRATED_CONTROLLED.zip,src2/__nested__/0061/__nested__/0066/_PROVENANCE_QIR_V1.0_SOURCE/06_M03_API_CONTRACT_FULL_v1.2.md,2,1992
/mnt/data/p1_v11_source_scan/src2/__nested__/0061/source_extracts/RECON/RUMAHAGEN_WF03_M03_FULL_REBUILD_v1.3_QIR_INTEGRATED_CONTROLLED.zip,src2/__nested__/0061/__nested__/0066/_PROVENANCE_QIR_V1.0_SOURCE/13_M03_MEDIA_THUMBNAIL_DERIVATIVE_CONTRACT_FULL_v1.2.md,2,1664
/mnt/data/p1_v11_source_scan/src2/__nested__/0061/source_extracts/RECON/RUMAHAGEN_WF03_M03_FULL_REBUILD_v1.3_QIR_INTEGRATED_CONTROLLED.zip,src2/__nested__/0061/__nested__/0066/_PROVENANCE_QIR_V1.0_SOURCE/16_WF03_MASTER_PROGRESS_M01-M15_v1.7_M03_QIR_COMPLETE.xlsx,2,29256
/mnt/data/p1_v11_source_scan/src2/__nested__/0061/source_extracts/RECON/RUMAHAGEN_WF03_M03_FULL_REBUILD_v1.3_QIR_INTEGRATED_CONTROLLED.zip,src2/__nested__/0061/__nested__/0066/_PROVENANCE_M03_V1.2_ORIGINAL/01_M03_QUESTION_INVENTORY_FULL_v1.2.csv,2,11442
/mnt/data/p1_v11_source_scan/src2/__nested__/0061/source_extracts/RECON/RUMAHAGEN_WF03_M03_FULL_REBUILD_v1.3_QIR_INTEGRATED_CONTROLLED.zip,src2/__nested__/0061/__nested__/0066/_PROVENANCE_M03_V1.2_ORIGINAL/01_M03_QUESTION_INVENTORY_FULL_v1.2.xlsx,2,10816
/mnt/data/p1_v11_source_scan/src2/__nested__/0061/source_extracts/RECON/RUMAHAGEN_WF03_M03_FULL_REBUILD_v1.3_QIR_INTEGRATED_CONTROLLED.zip,src2/__nested__/0061/__nested__/0066/_PROVENANCE_M03_V1.2_ORIGINAL/11_M03_PHYSICAL_RUNTIME_STATUS_FULL_v1.2.md,2,1346
/mnt/data/p1_v11_source_scan/src2/__nested__/0061/source_extracts/RECON/RUMAHAGEN_WF03_M03_FULL_REBUILD_v1.3_QIR_INTEGRATED_CONTROLLED.zip,src2/__nested__/0061/__nested__/0066/_PROVENANCE_M03_V1.2_ORIGINAL/08_M03_SCHEMA_ERD_RECONCILIATION_FULL_v1.0.sql,2,1013
/mnt/data/p1_v11_source_scan/src2/__nested__/0061/source_extracts/RECON/RUMAHAGEN_WF03_M03_FULL_REBUILD_v1.3_QIR_INTEGRATED_CONTROLLED.zip,src2/__nested__/0061/__nested__/0066/_PROVENANCE_M03_V1.2_ORIGINAL/04_M03_SEMANTIC_LIFECYCLE_AUTHORITY_FULL_v1.2.md,2,3651
/mnt/data/p1_v11_source_scan/src2/__nested__/0061/source_extracts/RECON/RUMAHAGEN_WF03_M03_FULL_REBUILD_v1.3_QIR_INTEGRATED_CONTROLLED.zip,src2/__nested__/0061/__nested__/0066/_PROVENANCE_M03_V1.2_ORIGINAL/08_M03_SCHEMA_ERD_RECONCILIATION_FULL_v1.2.sql,2,662
/mnt/data/p1_v11_source_scan/src2/__nested__/0061/source_extracts/RECON/RUMAHAGEN_WF03_M03_FULL_REBUILD_v1.3_QIR_INTEGRATED_CONTROLLED.zip,src2/__nested__/0061/__nested__/0066/_PROVENANCE_M03_V1.2_ORIGINAL/05_M03_CROSS_ARTIFACT_RECONCILIATION_FULL_v1.2.md,2,2047
/mnt/data/p1_v11_source_scan/src2/__nested__/0061/source_extracts/RECON/RUMAHAGEN_WF03_M03_FULL_REBUILD_v1.3_QIR_INTEGRATED_CONTROLLED.zip,src2/__nested__/0061/__nested__/0066/_PROVENANCE_M03_V1.2_ORIGINAL/07_M03_RBAC_RLS_CONTRACT_FULL_v1.2.md,2,1468
/mnt/data/p1_v11_source_scan/src2/__nested__/0061/source_extracts/RECON/RUMAHAGEN_WF03_M03_FULL_REBUILD_v1.3_QIR_INTEGRATED_CONTROLLED.zip,src2/__nested__/0061/__nested__/0066/_PROVENANCE_M03_V1.2_ORIGINAL/14_M03_DISTRICT_REFRESH_POSITIONING_CONTRACT_FULL_v1.2.md,2,1518
/mnt/data/p1_v11_source_scan/src2/__nested__/0061/source_extracts/RECON/RUMAHAGEN_WF03_M03_FULL_REBUILD_v1.3_QIR_INTEGRATED_CONTROLLED.zip,src2/__nested__/0061/__nested__/0066/_PROVENANCE_M03_V1.2_ORIGINAL/09_M03_SEARCH_CONTRACT_FULL_v1.2.md,2,1635
/mnt/data/p1_v11_source_scan/src2/__nested__/0061/source_extracts/RECON/RUMAHAGEN_WF03_M03_FULL_REBUILD_v1.3_QIR_INTEGRATED_CONTROLLED.zip,src2/__nested__/0061/__nested__/0066/_PROVENANCE_M03_V1.2_ORIGINAL/MANIFEST_v1.2.md,2,889
/mnt/data/p1_v11_source_scan/src2/__nested__/0061/source_extracts/RECON/RUMAHAGEN_WF03_M03_FULL_REBUILD_v1.3_QIR_INTEGRATED_CONTROLLED.zip,src2/__nested__/0061/__nested__/0066/_PROVENANCE_M03_V1.2_ORIGINAL/16_WF03_MASTER_PROGRESS_M01-M15_v1.6_M03_COMPLETE.xlsx,2,29257
/mnt/data/p1_v11_source_scan/src2/__nested__/0061/source_extracts/RECON/RUMAHAGEN_WF03_M03_FULL_REBUILD_v1.3_QIR_INTEGRATED_CONTROLLED.zip,src2/__nested__/0061/__nested__/0066/_PROVENANCE_M03_V1.2_ORIGINAL/README_CONTROLLED_OUTPUT_v1.2.md,2,1198
/mnt/data/p1_v11_source_scan/src2/__nested__/0061/source_extracts/RECON/RUMAHAGEN_WF03_M03_FULL_REBUILD_v1.3_QIR_INTEGRATED_CONTROLLED.zip,src2/__nested__/0061/__nested__/0066/_PROVENANCE_M03_V1.2_ORIGINAL/03_M03_PERMISSION_MATRIX_FULL_v1.2.csv,2,3290
/mnt/data/p1_v11_source_scan/src2/__nested__/0061/source_extracts/RECON/RUMAHAGEN_WF03_M03_FULL_REBUILD_v1.3_QIR_INTEGRATED_CONTROLLED.zip,src2/__nested__/0061/__nested__/0066/_PROVENANCE_M03_V1.2_ORIGINAL/10_M03_UI_UX_USER_FLOW_FULL_v1.2.md,2,1632
/mnt/data/p1_v11_source_scan/src2/__nested__/0061/source_extracts/RECON/RUMAHAGEN_WF03_M03_FULL_REBUILD_v1.3_QIR_INTEGRATED_CONTROLLED.zip,src2/__nested__/0061/__nested__/0066/_PROVENANCE_M03_V1.2_ORIGINAL/15_M03_QA_COMPLETION_CONTROLLED_v1.2.md,2,1396
/mnt/data/p1_v11_source_scan/src2/__nested__/0061/source_extracts/RECON/RUMAHAGEN_WF03_M03_FULL_REBUILD_v1.3_QIR_INTEGRATED_CONTROLLED.zip,src2/__nested__/0061/__nested__/0066/_PROVENANCE_M03_V1.2_ORIGINAL/00_M03_REBUILD_CONTROL_REPORT_v1.2.md,2,4607
/mnt/data/p1_v11_source_scan/src2/__nested__/0061/source_extracts/RECON/RUMAHAGEN_WF03_M03_FULL_REBUILD_v1.3_QIR_INTEGRATED_CONTROLLED.zip,src2/__nested__/0061/__nested__/0066/_PROVENANCE_M03_V1.2_ORIGINAL/02_M03_PERMISSION_MATRIX_FULL_v1.2.xlsx,2,8343
/mnt/data/p1_v11_source_scan/src2/__nested__/0061/source_extracts/RECON/RUMAHAGEN_WF03_M03_FULL_REBUILD_v1.3_QIR_INTEGRATED_CONTROLLED.zip,src2/__nested__/0061/__nested__/0066/_PROVENANCE_M03_V1.2_ORIGINAL/06_M03_API_CONTRACT_FULL_v1.2.md,2,1992
/mnt/data/p1_v11_source_scan/src2/__nested__/0061/source_extracts/RECON/RUMAHAGEN_WF03_M03_FULL_REBUILD_v1.3_QIR_INTEGRATED_CONTROLLED.zip,src2/__nested__/0061/__nested__/0066/_PROVENANCE_M03_V1.2_ORIGINAL/13_M03_MEDIA_THUMBNAIL_DERIVATIVE_CONTRACT_FULL_v1.2.md,2,1664
/mnt/data/p1_v11_source_scan/src2/RUMAHAGEN_WF03_M06_FULL_REBUILD_CONTROLLED_v1.5_FULL_VERSION.zip,src2/__nested__/0061/source_extracts/RECON/M04_CORE_IMPACT_ANALYSIS_FULL_v1.0_CONTROLLED.zip,1,7535
/mnt/data/p1_v11_source_scan/src2/__nested__/0061/source_extracts/RECON/M04_CORE_IMPACT_ANALYSIS_FULL_v1.0_CONTROLLED.zip,src2/__nested__/0061/__nested__/0067/08_M04_CORE_INTEGRATION_READINESS.md,2,376
/mnt/data/p1_v11_source_scan/src2/__nested__/0061/source_extracts/RECON/M04_CORE_IMPACT_ANALYSIS_FULL_v1.0_CONTROLLED.zip,src2/__nested__/0061/__nested__/0067/05_M04_CORE_REQUIRED_CHANGE_REGISTER.md,2,565
/mnt/data/p1_v11_source_scan/src2/__nested__/0061/source_extracts/RECON/M04_CORE_IMPACT_ANALYSIS_FULL_v1.0_CONTROLLED.zip,src2/__nested__/0061/__nested__/0067/04_M04_CORE_DEPENDENCY_IMPACT.md,2,717
/mnt/data/p1_v11_source_scan/src2/__nested__/0061/source_extracts/RECON/M04_CORE_IMPACT_ANALYSIS_FULL_v1.0_CONTROLLED.zip,src2/__nested__/0061/__nested__/0067/03_M04_CORE_PROPAGATION_MATRIX.csv,2,1122
/mnt/data/p1_v11_source_scan/src2/__nested__/0061/source_extracts/RECON/M04_CORE_IMPACT_ANALYSIS_FULL_v1.0_CONTROLLED.zip,src2/__nested__/0061/__nested__/0067/09_PROVENANCE.md,2,394
/mnt/data/p1_v11_source_scan/src2/__nested__/0061/source_extracts/RECON/M04_CORE_IMPACT_ANALYSIS_FULL_v1.0_CONTROLLED.zip,src2/__nested__/0061/__nested__/0067/01_M04_CORE_IMPACT_MATRIX.csv,2,1689
/mnt/data/p1_v11_source_scan/src2/__nested__/0061/source_extracts/RECON/M04_CORE_IMPACT_ANALYSIS_FULL_v1.0_CONTROLLED.zip,src2/__nested__/0061/__nested__/0067/07_M04_CORE_QA.md,2,410
/mnt/data/p1_v11_source_scan/src2/__nested__/0061/source_extracts/RECON/M04_CORE_IMPACT_ANALYSIS_FULL_v1.0_CONTROLLED.zip,src2/__nested__/0061/__nested__/0067/02_M04_CORE_CONFLICT_REGISTER.md,2,9490
/mnt/data/p1_v11_source_scan/src2/__nested__/0061/source_extracts/RECON/M04_CORE_IMPACT_ANALYSIS_FULL_v1.0_CONTROLLED.zip,src2/__nested__/0061/__nested__/0067/01_M04_CORE_IMPACT_MATRIX.md,2,2267
/mnt/data/p1_v11_source_scan/src2/__nested__/0061/source_extracts/RECON/M04_CORE_IMPACT_ANALYSIS_FULL_v1.0_CONTROLLED.zip,src2/__nested__/0061/__nested__/0067/06_M04_CORE_AUTHORITY_MAPPING.md,2,813
/mnt/data/p1_v11_source_scan/src2/__nested__/0061/source_extracts/RECON/M04_CORE_IMPACT_ANALYSIS_FULL_v1.0_CONTROLLED.zip,src2/__nested__/0061/__nested__/0067/10_MANIFEST.md,2,373
/mnt/data/p1_v11_source_scan/src2/RUMAHAGEN_WF03_M06_FULL_REBUILD_CONTROLLED_v1.5_FULL_VERSION.zip,src2/__nested__/0061/source_extracts/RECON/M03_CORE_IMPACT_ANALYSIS_FULL_v1.0_CONTROLLED.zip,1,25873
/mnt/data/p1_v11_source_scan/src2/__nested__/0061/source_extracts/RECON/M03_CORE_IMPACT_ANALYSIS_FULL_v1.0_CONTROLLED.zip,src2/__nested__/0061/__nested__/0068/00_M03_CORE_IMPACT_EXECUTIVE_SUMMARY_v1.0.md,2,591
/mnt/data/p1_v11_source_scan/src2/__nested__/0061/source_extracts/RECON/M03_CORE_IMPACT_ANALYSIS_FULL_v1.0_CONTROLLED.zip,src2/__nested__/0061/__nested__/0068/01_M03_CORE_IMPACT_MATRIX_FULL_v1.0.csv,2,44866
/mnt/data/p1_v11_source_scan/src2/__nested__/0061/source_extracts/RECON/M03_CORE_IMPACT_ANALYSIS_FULL_v1.0_CONTROLLED.zip,src2/__nested__/0061/__nested__/0068/01_M03_CORE_IMPACT_MATRIX_FULL_v1.0.xlsx,2,12128
/mnt/data/p1_v11_source_scan/src2/__nested__/0061/source_extracts/RECON/M03_CORE_IMPACT_ANALYSIS_FULL_v1.0_CONTROLLED.zip,src2/__nested__/0061/__nested__/0068/02_M03_CORE_CONFLICT_REGISTER_FULL_v1.0.md,2,2436
/mnt/data/p1_v11_source_scan/src2/__nested__/0061/source_extracts/RECON/M03_CORE_IMPACT_ANALYSIS_FULL_v1.0_CONTROLLED.zip,src2/__nested__/0061/__nested__/0068/03_M03_CORE_PROPAGATION_MATRIX_FULL_v1.0.csv,2,2473
/mnt/data/p1_v11_source_scan/src2/__nested__/0061/source_extracts/RECON/M03_CORE_IMPACT_ANALYSIS_FULL_v1.0_CONTROLLED.zip,src2/__nested__/0061/__nested__/0068/04_M03_CORE_DEPENDENCY_IMPACT_FULL_v1.0.md,2,977
/mnt/data/p1_v11_source_scan/src2/__nested__/0061/source_extracts/RECON/M03_CORE_IMPACT_ANALYSIS_FULL_v1.0_CONTROLLED.zip,src2/__nested__/0061/__nested__/0068/05_M03_CORE_REQUIRED_CHANGE_REGISTER_FULL_v1.0.md,2,1708
/mnt/data/p1_v11_source_scan/src2/__nested__/0061/source_extracts/RECON/M03_CORE_IMPACT_ANALYSIS_FULL_v1.0_CONTROLLED.zip,src2/__nested__/0061/__nested__/0068/06_M03_CORE_AUTHORITY_MAPPING_FULL_v1.0.md,2,1057
/mnt/data/p1_v11_source_scan/src2/__nested__/0061/source_extracts/RECON/M03_CORE_IMPACT_ANALYSIS_FULL_v1.0_CONTROLLED.zip,src2/__nested__/0061/__nested__/0068/07_M03_CORE_IMPACT_QA_FULL_v1.0.md,2,974
/mnt/data/p1_v11_source_scan/src2/__nested__/0061/source_extracts/RECON/M03_CORE_IMPACT_ANALYSIS_FULL_v1.0_CONTROLLED.zip,src2/__nested__/0061/__nested__/0068/08_M03_CORE_INTEGRATION_READINESS_FULL_v1.0.md,2,861
/mnt/data/p1_v11_source_scan/src2/__nested__/0061/source_extracts/RECON/M03_CORE_IMPACT_ANALYSIS_FULL_v1.0_CONTROLLED.zip,src2/__nested__/0061/__nested__/0068/09_PROVENANCE_M03_CORE_IMPACT_v1.0.md,2,586
/mnt/data/p1_v11_source_scan/src2/__nested__/0061/source_extracts/RECON/M03_CORE_IMPACT_ANALYSIS_FULL_v1.0_CONTROLLED.zip,src2/__nested__/0061/__nested__/0068/10_MANIFEST_M03_CORE_IMPACT_v1.0.md,2,568
/mnt/data/p1_v11_source_scan/src2/RUMAHAGEN_WF03_M06_FULL_REBUILD_CONTROLLED_v1.5_FULL_VERSION.zip,src2/__nested__/0061/source_extracts/RECON/WF03_STEP02_FULL_M01-M15_BLOCKER_PREREQUISITE_RETRACE_v1.0.md,1,11010
/mnt/data/p1_v11_source_scan/src2/RUMAHAGEN_WF03_M06_FULL_REBUILD_CONTROLLED_v1.5_FULL_VERSION.zip,src2/__nested__/0061/source_extracts/RECON/RUMAHAGEN_WF03_M05_QIR_CORRECTION_CONTROLLED_FULL_v1.2.zip,1,134715
/mnt/data/p1_v11_source_scan/src2/__nested__/0061/source_extracts/RECON/RUMAHAGEN_WF03_M05_QIR_CORRECTION_CONTROLLED_FULL_v1.2.zip,src2/__nested__/0061/__nested__/0069/M05_v1.2_BASELINE/11_M05_PERMISSION_MATRIX_FULL_v1.2.csv,2,585
/mnt/data/p1_v11_source_scan/src2/__nested__/0061/source_extracts/RECON/RUMAHAGEN_WF03_M05_QIR_CORRECTION_CONTROLLED_FULL_v1.2.zip,src2/__nested__/0061/__nested__/0069/M05_v1.2_BASELINE/10_M05_CONFIGURATION_PROVIDER_FULL_v1.2.md,2,994
/mnt/data/p1_v11_source_scan/src2/__nested__/0061/source_extracts/RECON/RUMAHAGEN_WF03_M05_QIR_CORRECTION_CONTROLLED_FULL_v1.2.zip,src2/__nested__/0061/__nested__/0069/M05_v1.2_BASELINE/08_M05_CROSS_MODULE_RECONCILIATION_FULL_v1.2.md,2,468
/mnt/data/p1_v11_source_scan/src2/__nested__/0061/source_extracts/RECON/RUMAHAGEN_WF03_M05_QIR_CORRECTION_CONTROLLED_FULL_v1.2.zip,src2/__nested__/0061/__nested__/0069/M05_v1.2_BASELINE/05_M05_PERMISSION_ACTION_REVIEW_FULL_v1.2.md,2,603
/mnt/data/p1_v11_source_scan/src2/__nested__/0061/source_extracts/RECON/RUMAHAGEN_WF03_M05_QIR_CORRECTION_CONTROLLED_FULL_v1.2.zip,src2/__nested__/0061/__nested__/0069/M05_v1.2_BASELINE/evidence_iframe.md,2,7107
/mnt/data/p1_v11_source_scan/src2/__nested__/0061/source_extracts/RECON/RUMAHAGEN_WF03_M05_QIR_CORRECTION_CONTROLLED_FULL_v1.2.zip,src2/__nested__/0061/__nested__/0069/M05_v1.2_BASELINE/04_M05_LIFECYCLE_FULL_v1.2.md,2,959
/mnt/data/p1_v11_source_scan/src2/__nested__/0061/source_extracts/RECON/RUMAHAGEN_WF03_M05_QIR_CORRECTION_CONTROLLED_FULL_v1.2.zip,src2/__nested__/0061/__nested__/0069/M05_v1.2_BASELINE/evidence_waitinglist.md,2,8521
/mnt/data/p1_v11_source_scan/src2/__nested__/0061/source_extracts/RECON/RUMAHAGEN_WF03_M05_QIR_CORRECTION_CONTROLLED_FULL_v1.2.zip,src2/__nested__/0061/__nested__/0069/M05_v1.2_BASELINE/03_M05_SEMANTIC_REVIEW_FULL_v1.2.md,2,824
/mnt/data/p1_v11_source_scan/src2/__nested__/0061/source_extracts/RECON/RUMAHAGEN_WF03_M05_QIR_CORRECTION_CONTROLLED_FULL_v1.2.zip,src2/__nested__/0061/__nested__/0069/M05_v1.2_BASELINE/06_M05_CROSS_ARTIFACT_RECONCILIATION_FULL_v1.2.md,2,771
/mnt/data/p1_v11_source_scan/src2/__nested__/0061/source_extracts/RECON/RUMAHAGEN_WF03_M05_QIR_CORRECTION_CONTROLLED_FULL_v1.2.zip,src2/__nested__/0061/__nested__/0069/M05_v1.2_BASELINE/evidence_late_registration.md,2,8522
/mnt/data/p1_v11_source_scan/src2/__nested__/0061/source_extracts/RECON/RUMAHAGEN_WF03_M05_QIR_CORRECTION_CONTROLLED_FULL_v1.2.zip,src2/__nested__/0061/__nested__/0069/M05_v1.2_BASELINE/evidence_quota.md,2,8997
/mnt/data/p1_v11_source_scan/src2/__nested__/0061/source_extracts/RECON/RUMAHAGEN_WF03_M05_QIR_CORRECTION_CONTROLLED_FULL_v1.2.zip,src2/__nested__/0061/__nested__/0069/M05_v1.2_BASELINE/15_M05_MANIFEST_CONTROLLED_v1.2.md,2,527
/mnt/data/p1_v11_source_scan/src2/__nested__/0061/source_extracts/RECON/RUMAHAGEN_WF03_M05_QIR_CORRECTION_CONTROLLED_FULL_v1.2.zip,src2/__nested__/0061/__nested__/0069/M05_v1.2_BASELINE/01_M05_SOURCE_INVENTORY_100PCT_v1.2.md,2,331
/mnt/data/p1_v11_source_scan/src2/__nested__/0061/source_extracts/RECON/RUMAHAGEN_WF03_M05_QIR_CORRECTION_CONTROLLED_FULL_v1.2.zip,src2/__nested__/0061/__nested__/0069/M05_v1.2_BASELINE/12_M05_FULL_FIELD_CONFIGURATION_PERMISSION_MATRIX_v1.2.xlsx,2,8960
/mnt/data/p1_v11_source_scan/src2/__nested__/0061/source_extracts/RECON/RUMAHAGEN_WF03_M05_QIR_CORRECTION_CONTROLLED_FULL_v1.2.zip,src2/__nested__/0061/__nested__/0069/M05_v1.2_BASELINE/13_M05_EVIDENCE_PROVENANCE_AND_DIFF_v1.2.md,2,1658
/mnt/data/p1_v11_source_scan/src2/__nested__/0061/source_extracts/RECON/RUMAHAGEN_WF03_M05_QIR_CORRECTION_CONTROLLED_FULL_v1.2.zip,src2/__nested__/0061/__nested__/0069/M05_v1.2_BASELINE/07_M05_PHYSICAL_RUNTIME_PREREQUISITE_REVIEW_FULL_v1.2.md,2,576
/mnt/data/p1_v11_source_scan/src2/__nested__/0061/source_extracts/RECON/RUMAHAGEN_WF03_M05_QIR_CORRECTION_CONTROLLED_FULL_v1.2.zip,src2/__nested__/0061/__nested__/0069/M05_v1.2_BASELINE/01_M05_SOURCE_INVENTORY_100PCT_v1.2.csv,2,67454
/mnt/data/p1_v11_source_scan/src2/__nested__/0061/source_extracts/RECON/RUMAHAGEN_WF03_M05_QIR_CORRECTION_CONTROLLED_FULL_v1.2.zip,src2/__nested__/0061/__nested__/0069/M05_v1.2_BASELINE/16_M05_FULL_REBUILD_CONTROLLED_v1.2.docx,2,38911
/mnt/data/p1_v11_source_scan/src2/__nested__/0061/source_extracts/RECON/RUMAHAGEN_WF03_M05_QIR_CORRECTION_CONTROLLED_FULL_v1.2.zip,src2/__nested__/0061/__nested__/0069/M05_v1.2_BASELINE/09_M05_ACTOR_SURFACE_FULL_v1.2.md,2,632
/mnt/data/p1_v11_source_scan/src2/__nested__/0061/source_extracts/RECON/RUMAHAGEN_WF03_M05_QIR_CORRECTION_CONTROLLED_FULL_v1.2.zip,src2/__nested__/0061/__nested__/0069/M05_v1.2_BASELINE/evidence_attendance.md,2,8385
/mnt/data/p1_v11_source_scan/src2/__nested__/0061/source_extracts/RECON/RUMAHAGEN_WF03_M05_QIR_CORRECTION_CONTROLLED_FULL_v1.2.zip,src2/__nested__/0061/__nested__/0069/M05_v1.2_BASELINE/02_M05_QUESTION_INVENTORY_FULL_v1.2.md,2,237
/mnt/data/p1_v11_source_scan/src2/__nested__/0061/source_extracts/RECON/RUMAHAGEN_WF03_M05_QIR_CORRECTION_CONTROLLED_FULL_v1.2.zip,src2/__nested__/0061/__nested__/0069/M05_v1.2_BASELINE/00_M05_FULL_REBUILD_CONTROL_REPORT_v1.2.md,2,1490
/mnt/data/p1_v11_source_scan/src2/__nested__/0061/source_extracts/RECON/RUMAHAGEN_WF03_M05_QIR_CORRECTION_CONTROLLED_FULL_v1.2.zip,src2/__nested__/0061/__nested__/0069/M05_v1.2_BASELINE/evidence_fields.md,2,8908
/mnt/data/p1_v11_source_scan/src2/__nested__/0061/source_extracts/RECON/RUMAHAGEN_WF03_M05_QIR_CORRECTION_CONTROLLED_FULL_v1.2.zip,src2/__nested__/0061/__nested__/0069/M05_v1.2_BASELINE/02_M05_QUESTION_INVENTORY_FULL_v1.2.csv,2,2321
/mnt/data/p1_v11_source_scan/src2/__nested__/0061/source_extracts/RECON/RUMAHAGEN_WF03_M05_QIR_CORRECTION_CONTROLLED_FULL_v1.2.zip,src2/__nested__/0061/__nested__/0069/M05_v1.2_BASELINE/evidence_provider.md,2,8501
/mnt/data/p1_v11_source_scan/src2/__nested__/0061/source_extracts/RECON/RUMAHAGEN_WF03_M05_QIR_CORRECTION_CONTROLLED_FULL_v1.2.zip,src2/__nested__/0061/__nested__/0069/M05_v1.2_BASELINE/14_M05_QA_FULL_v1.2.md,2,1150
/mnt/data/p1_v11_source_scan/src2/__nested__/0061/source_extracts/RECON/RUMAHAGEN_WF03_M05_QIR_CORRECTION_CONTROLLED_FULL_v1.2.zip,src2/__nested__/0061/__nested__/0069/M05_QIR_CORRECTION_v1.2/04_M05_QIR_PROVIDER_VALIDATION_CORRECTED_FULL.md,2,774
/mnt/data/p1_v11_source_scan/src2/__nested__/0061/source_extracts/RECON/RUMAHAGEN_WF03_M05_QIR_CORRECTION_CONTROLLED_FULL_v1.2.zip,src2/__nested__/0061/__nested__/0069/M05_QIR_CORRECTION_v1.2/10_M05_QIR_DOCUMENTARY_BLOCKERS_CORRECTED_FULL.md,2,710
/mnt/data/p1_v11_source_scan/src2/__nested__/0061/source_extracts/RECON/RUMAHAGEN_WF03_M05_QIR_CORRECTION_CONTROLLED_FULL_v1.2.zip,src2/__nested__/0061/__nested__/0069/M05_QIR_CORRECTION_v1.2/00_M05_QIR_CORRECTION_CONTROLLED_v1.2.md,2,3445
/mnt/data/p1_v11_source_scan/src2/__nested__/0061/source_extracts/RECON/RUMAHAGEN_WF03_M05_QIR_CORRECTION_CONTROLLED_FULL_v1.2.zip,src2/__nested__/0061/__nested__/0069/M05_QIR_CORRECTION_v1.2/11_M05_QIR_FINAL_FINDINGS_CORRECTED_FULL.md,2,726
/mnt/data/p1_v11_source_scan/src2/__nested__/0061/source_extracts/RECON/RUMAHAGEN_WF03_M05_QIR_CORRECTION_CONTROLLED_FULL_v1.2.zip,src2/__nested__/0061/__nested__/0069/M05_QIR_CORRECTION_v1.2/12_M05_QIR_QA_CORRECTED_FULL.md,2,963
/mnt/data/p1_v11_source_scan/src2/__nested__/0061/source_extracts/RECON/RUMAHAGEN_WF03_M05_QIR_CORRECTION_CONTROLLED_FULL_v1.2.zip,src2/__nested__/0061/__nested__/0069/M05_QIR_CORRECTION_v1.2/06_M05_QIR_LIFECYCLE_VALIDATION_CORRECTED_FULL.md,2,804
/mnt/data/p1_v11_source_scan/src2/__nested__/0061/source_extracts/RECON/RUMAHAGEN_WF03_M05_QIR_CORRECTION_CONTROLLED_FULL_v1.2.zip,src2/__nested__/0061/__nested__/0069/M05_QIR_CORRECTION_v1.2/09_M05_QIR_CROSS_MODULE_VALIDATION_CORRECTED_FULL.md,2,574
/mnt/data/p1_v11_source_scan/src2/__nested__/0061/source_extracts/RECON/RUMAHAGEN_WF03_M05_QIR_CORRECTION_CONTROLLED_FULL_v1.2.zip,src2/__nested__/0061/__nested__/0069/M05_QIR_CORRECTION_v1.2/13_M05_QIR_CORRECTION_CONTROLLED_FULL_v1.2.docx,2,37642
/mnt/data/p1_v11_source_scan/src2/__nested__/0061/source_extracts/RECON/RUMAHAGEN_WF03_M05_QIR_CORRECTION_CONTROLLED_FULL_v1.2.zip,src2/__nested__/0061/__nested__/0069/M05_QIR_CORRECTION_v1.2/03_M05_QIR_BUSINESS_RULE_VALIDATION_CORRECTED_FULL.md,2,1244
/mnt/data/p1_v11_source_scan/src2/__nested__/0061/source_extracts/RECON/RUMAHAGEN_WF03_M05_QIR_CORRECTION_CONTROLLED_FULL_v1.2.zip,src2/__nested__/0061/__nested__/0069/M05_QIR_CORRECTION_v1.2/07_M05_QIR_PERMISSION_VALIDATION_CORRECTED_FULL.md,2,542
/mnt/data/p1_v11_source_scan/src2/__nested__/0061/source_extracts/RECON/RUMAHAGEN_WF03_M05_QIR_CORRECTION_CONTROLLED_FULL_v1.2.zip,src2/__nested__/0061/__nested__/0069/M05_QIR_CORRECTION_v1.2/05_M05_QIR_GUEST_REGISTRATION_VALIDATION_CORRECTED_FULL.md,2,742
/mnt/data/p1_v11_source_scan/src2/__nested__/0061/source_extracts/RECON/RUMAHAGEN_WF03_M05_QIR_CORRECTION_CONTROLLED_FULL_v1.2.zip,src2/__nested__/0061/__nested__/0069/M05_QIR_CORRECTION_v1.2/08_M05_QIR_CONFIGURATION_VALIDATION_CORRECTED_FULL.md,2,648
/mnt/data/p1_v11_source_scan/src2/__nested__/0061/source_extracts/RECON/RUMAHAGEN_WF03_M05_QIR_CORRECTION_CONTROLLED_FULL_v1.2.zip,src2/__nested__/0061/__nested__/0069/M05_QIR_CORRECTION_v1.2/02_M05_QIR_RESOLUTION_MATRIX_CORRECTED_FULL.csv,2,1114
/mnt/data/p1_v11_source_scan/src2/__nested__/0061/source_extracts/RECON/RUMAHAGEN_WF03_M05_QIR_CORRECTION_CONTROLLED_FULL_v1.2.zip,src2/__nested__/0061/__nested__/0069/M05_QIR_CORRECTION_v1.2/01_M05_QIR_QUESTION_INVENTORY_CORRECTED_FULL.csv,2,2961
/mnt/data/p1_v11_source_scan/src2/RUMAHAGEN_WF03_M06_FULL_REBUILD_CONTROLLED_v1.5_FULL_VERSION.zip,src2/__nested__/0061/source_extracts/M03_RECON/_PROVENANCE_QIR_V1.0_SOURCE/00_M03_QUESTION_INVENTORY_RESOLUTION_REPORT_v1.0.md,1,2543
/mnt/data/p1_v11_source_scan/src2/RUMAHAGEN_WF03_M06_FULL_REBUILD_CONTROLLED_v1.5_FULL_VERSION.zip,src2/__nested__/0061/source_extracts/M03_RECON/_PROVENANCE_QIR_V1.0_SOURCE/13_M03_MEDIA_THUMBNAIL_DERIVATIVE_CONTRACT_FULL_v1.2.md,1,1664
/mnt/data/p1_v11_source_scan/src2/RUMAHAGEN_WF03_M06_FULL_REBUILD_CONTROLLED_v1.5_FULL_VERSION.zip,src2/__nested__/0061/source_extracts/M03_RECON/_PROVENANCE_QIR_V1.0_SOURCE/01_M03_QUESTION_INVENTORY_RESOLVED_v1.0.xlsx,1,10960
/mnt/data/p1_v11_source_scan/src2/RUMAHAGEN_WF03_M06_FULL_REBUILD_CONTROLLED_v1.5_FULL_VERSION.zip,src2/__nested__/0061/source_extracts/M03_RECON/_PROVENANCE_QIR_V1.0_SOURCE/08_M03_SCHEMA_ERD_RECONCILIATION_FULL_v1.2.sql,1,662
/mnt/data/p1_v11_source_scan/src2/RUMAHAGEN_WF03_M06_FULL_REBUILD_CONTROLLED_v1.5_FULL_VERSION.zip,src2/__nested__/0061/source_extracts/M03_RECON/_PROVENANCE_QIR_V1.0_SOURCE/02_M03_PERMISSION_MATRIX_RESOLVED_v1.0.xlsx,1,8231
/mnt/data/p1_v11_source_scan/src2/RUMAHAGEN_WF03_M06_FULL_REBUILD_CONTROLLED_v1.5_FULL_VERSION.zip,src2/__nested__/0061/source_extracts/M03_RECON/_PROVENANCE_QIR_V1.0_SOURCE/11_M03_PHYSICAL_RUNTIME_STATUS_FULL_v1.2.md,1,1346
/mnt/data/p1_v11_source_scan/src2/RUMAHAGEN_WF03_M06_FULL_REBUILD_CONTROLLED_v1.5_FULL_VERSION.zip,src2/__nested__/0061/source_extracts/M03_RECON/_PROVENANCE_QIR_V1.0_SOURCE/10_M03_UI_UX_USER_FLOW_FULL_v1.2.md,1,1632
/mnt/data/p1_v11_source_scan/src2/RUMAHAGEN_WF03_M06_FULL_REBUILD_CONTROLLED_v1.5_FULL_VERSION.zip,src2/__nested__/0061/source_extracts/M03_RECON/_PROVENANCE_QIR_V1.0_SOURCE/MANIFEST_M03_QIR_v1.0.md,1,965
/mnt/data/p1_v11_source_scan/src2/RUMAHAGEN_WF03_M06_FULL_REBUILD_CONTROLLED_v1.5_FULL_VERSION.zip,src2/__nested__/0061/source_extracts/M03_RECON/_PROVENANCE_QIR_V1.0_SOURCE/04_M03_SEMANTIC_LIFECYCLE_AUTHORITY_RESOLVED_v1.0.md,1,3834
/mnt/data/p1_v11_source_scan/src2/RUMAHAGEN_WF03_M06_FULL_REBUILD_CONTROLLED_v1.5_FULL_VERSION.zip,src2/__nested__/0061/source_extracts/M03_RECON/_PROVENANCE_QIR_V1.0_SOURCE/14_M03_DISTRICT_REFRESH_POSITIONING_CONTRACT_FULL_v1.2.md,1,1518
/mnt/data/p1_v11_source_scan/src2/RUMAHAGEN_WF03_M06_FULL_REBUILD_CONTROLLED_v1.5_FULL_VERSION.zip,src2/__nested__/0061/source_extracts/M03_RECON/_PROVENANCE_QIR_V1.0_SOURCE/MANIFEST_v1.2.md,1,889
/mnt/data/p1_v11_source_scan/src2/RUMAHAGEN_WF03_M06_FULL_REBUILD_CONTROLLED_v1.5_FULL_VERSION.zip,src2/__nested__/0061/source_extracts/M03_RECON/_PROVENANCE_QIR_V1.0_SOURCE/15_M03_QA_COMPLETION_CONTROLLED_v1.2.md,1,1396
/mnt/data/p1_v11_source_scan/src2/RUMAHAGEN_WF03_M06_FULL_REBUILD_CONTROLLED_v1.5_FULL_VERSION.zip,src2/__nested__/0061/source_extracts/M03_RECON/_PROVENANCE_QIR_V1.0_SOURCE/05_M03_CROSS_ARTIFACT_RECONCILIATION_FULL_v1.2.md,1,2047
/mnt/data/p1_v11_source_scan/src2/RUMAHAGEN_WF03_M06_FULL_REBUILD_CONTROLLED_v1.5_FULL_VERSION.zip,src2/__nested__/0061/source_extracts/M03_RECON/_PROVENANCE_QIR_V1.0_SOURCE/03_M03_PERMISSION_MATRIX_FULL_v1.2.csv,1,3290
/mnt/data/p1_v11_source_scan/src2/RUMAHAGEN_WF03_M06_FULL_REBUILD_CONTROLLED_v1.5_FULL_VERSION.zip,src2/__nested__/0061/source_extracts/M03_RECON/_PROVENANCE_QIR_V1.0_SOURCE/00_M03_REBUILD_CONTROL_REPORT_v1.2.md,1,4607
/mnt/data/p1_v11_source_scan/src2/RUMAHAGEN_WF03_M06_FULL_REBUILD_CONTROLLED_v1.5_FULL_VERSION.zip,src2/__nested__/0061/source_extracts/M03_RECON/_PROVENANCE_QIR_V1.0_SOURCE/README_CONTROLLED_OUTPUT_v1.2.md,1,1198
/mnt/data/p1_v11_source_scan/src2/RUMAHAGEN_WF03_M06_FULL_REBUILD_CONTROLLED_v1.5_FULL_VERSION.zip,src2/__nested__/0061/source_extracts/M03_RECON/_PROVENANCE_QIR_V1.0_SOURCE/16_WF03_MASTER_PROGRESS_M01-M15_v1.7_M03_QIR_COMPLETE.xlsx,1,29256
/mnt/data/p1_v11_source_scan/src2/RUMAHAGEN_WF03_M06_FULL_REBUILD_CONTROLLED_v1.5_FULL_VERSION.zip,src2/__nested__/0061/source_extracts/M03_RECON/_PROVENANCE_QIR_V1.0_SOURCE/08_M03_SCHEMA_ERD_RECONCILIATION_FULL_v1.0.sql,1,1013
/mnt/data/p1_v11_source_scan/src2/RUMAHAGEN_WF03_M06_FULL_REBUILD_CONTROLLED_v1.5_FULL_VERSION.zip,src2/__nested__/0061/source_extracts/M03_RECON/_PROVENANCE_QIR_V1.0_SOURCE/09_M03_SEARCH_CONTRACT_RESOLVED_v1.0.md,1,1665
/mnt/data/p1_v11_source_scan/src2/RUMAHAGEN_WF03_M06_FULL_REBUILD_CONTROLLED_v1.5_FULL_VERSION.zip,src2/__nested__/0061/source_extracts/M03_RECON/_PROVENANCE_QIR_V1.0_SOURCE/01_M03_QUESTION_INVENTORY_RESOLVED_v1.0.csv,1,12262
/mnt/data/p1_v11_source_scan/src2/RUMAHAGEN_WF03_M06_FULL_REBUILD_CONTROLLED_v1.5_FULL_VERSION.zip,src2/__nested__/0061/source_extracts/M03_RECON/_PROVENANCE_QIR_V1.0_SOURCE/06_M03_API_CONTRACT_FULL_v1.2.md,1,1992
/mnt/data/p1_v11_source_scan/src2/RUMAHAGEN_WF03_M06_FULL_REBUILD_CONTROLLED_v1.5_FULL_VERSION.zip,src2/__nested__/0061/source_extracts/M03_RECON/_PROVENANCE_M03_V1.2_ORIGINAL/13_M03_MEDIA_THUMBNAIL_DERIVATIVE_CONTRACT_FULL_v1.2.md,1,1664
/mnt/data/p1_v11_source_scan/src2/RUMAHAGEN_WF03_M06_FULL_REBUILD_CONTROLLED_v1.5_FULL_VERSION.zip,src2/__nested__/0061/source_extracts/M03_RECON/_PROVENANCE_M03_V1.2_ORIGINAL/09_M03_SEARCH_CONTRACT_FULL_v1.2.md,1,1635
/mnt/data/p1_v11_source_scan/src2/RUMAHAGEN_WF03_M06_FULL_REBUILD_CONTROLLED_v1.5_FULL_VERSION.zip,src2/__nested__/0061/source_extracts/M03_RECON/_PROVENANCE_M03_V1.2_ORIGINAL/01_M03_QUESTION_INVENTORY_FULL_v1.2.xlsx,1,10816
/mnt/data/p1_v11_source_scan/src2/RUMAHAGEN_WF03_M06_FULL_REBUILD_CONTROLLED_v1.5_FULL_VERSION.zip,src2/__nested__/0061/source_extracts/M03_RECON/_PROVENANCE_M03_V1.2_ORIGINAL/08_M03_SCHEMA_ERD_RECONCILIATION_FULL_v1.2.sql,1,662
/mnt/data/p1_v11_source_scan/src2/RUMAHAGEN_WF03_M06_FULL_REBUILD_CONTROLLED_v1.5_FULL_VERSION.zip,src2/__nested__/0061/source_extracts/M03_RECON/_PROVENANCE_M03_V1.2_ORIGINAL/02_M03_PERMISSION_MATRIX_FULL_v1.2.xlsx,1,8343
/mnt/data/p1_v11_source_scan/src2/RUMAHAGEN_WF03_M06_FULL_REBUILD_CONTROLLED_v1.5_FULL_VERSION.zip,src2/__nested__/0061/source_extracts/M03_RECON/_PROVENANCE_M03_V1.2_ORIGINAL/11_M03_PHYSICAL_RUNTIME_STATUS_FULL_v1.2.md,1,1346
/mnt/data/p1_v11_source_scan/src2/RUMAHAGEN_WF03_M06_FULL_REBUILD_CONTROLLED_v1.5_FULL_VERSION.zip,src2/__nested__/0061/source_extracts/M03_RECON/_PROVENANCE_M03_V1.2_ORIGINAL/10_M03_UI_UX_USER_FLOW_FULL_v1.2.md,1,1632
/mnt/data/p1_v11_source_scan/src2/RUMAHAGEN_WF03_M06_FULL_REBUILD_CONTROLLED_v1.5_FULL_VERSION.zip,src2/__nested__/0061/source_extracts/M03_RECON/_PROVENANCE_M03_V1.2_ORIGINAL/14_M03_DISTRICT_REFRESH_POSITIONING_CONTRACT_FULL_v1.2.md,1,1518
/mnt/data/p1_v11_source_scan/src2/RUMAHAGEN_WF03_M06_FULL_REBUILD_CONTROLLED_v1.5_FULL_VERSION.zip,src2/__nested__/0061/source_extracts/M03_RECON/_PROVENANCE_M03_V1.2_ORIGINAL/MANIFEST_v1.2.md,1,889
/mnt/data/p1_v11_source_scan/src2/RUMAHAGEN_WF03_M06_FULL_REBUILD_CONTROLLED_v1.5_FULL_VERSION.zip,src2/__nested__/0061/source_extracts/M03_RECON/_PROVENANCE_M03_V1.2_ORIGINAL/15_M03_QA_COMPLETION_CONTROLLED_v1.2.md,1,1396
/mnt/data/p1_v11_source_scan/src2/RUMAHAGEN_WF03_M06_FULL_REBUILD_CONTROLLED_v1.5_FULL_VERSION.zip,src2/__nested__/0061/source_extracts/M03_RECON/_PROVENANCE_M03_V1.2_ORIGINAL/04_M03_SEMANTIC_LIFECYCLE_AUTHORITY_FULL_v1.2.md,1,3651
/mnt/data/p1_v11_source_scan/src2/RUMAHAGEN_WF03_M06_FULL_REBUILD_CONTROLLED_v1.5_FULL_VERSION.zip,src2/__nested__/0061/source_extracts/M03_RECON/_PROVENANCE_M03_V1.2_ORIGINAL/05_M03_CROSS_ARTIFACT_RECONCILIATION_FULL_v1.2.md,1,2047
/mnt/data/p1_v11_source_scan/src2/RUMAHAGEN_WF03_M06_FULL_REBUILD_CONTROLLED_v1.5_FULL_VERSION.zip,src2/__nested__/0061/source_extracts/M03_RECON/_PROVENANCE_M03_V1.2_ORIGINAL/03_M03_PERMISSION_MATRIX_FULL_v1.2.csv,1,3290
/mnt/data/p1_v11_source_scan/src2/RUMAHAGEN_WF03_M06_FULL_REBUILD_CONTROLLED_v1.5_FULL_VERSION.zip,src2/__nested__/0061/source_extracts/M03_RECON/_PROVENANCE_M03_V1.2_ORIGINAL/00_M03_REBUILD_CONTROL_REPORT_v1.2.md,1,4607
/mnt/data/p1_v11_source_scan/src2/RUMAHAGEN_WF03_M06_FULL_REBUILD_CONTROLLED_v1.5_FULL_VERSION.zip,src2/__nested__/0061/source_extracts/M03_RECON/_PROVENANCE_M03_V1.2_ORIGINAL/01_M03_QUESTION_INVENTORY_FULL_v1.2.csv,1,11442
/mnt/data/p1_v11_source_scan/src2/RUMAHAGEN_WF03_M06_FULL_REBUILD_CONTROLLED_v1.5_FULL_VERSION.zip,src2/__nested__/0061/source_extracts/M03_RECON/_PROVENANCE_M03_V1.2_ORIGINAL/README_CONTROLLED_OUTPUT_v1.2.md,1,1198
/mnt/data/p1_v11_source_scan/src2/RUMAHAGEN_WF03_M06_FULL_REBUILD_CONTROLLED_v1.5_FULL_VERSION.zip,src2/__nested__/0061/source_extracts/M03_RECON/_PROVENANCE_M03_V1.2_ORIGINAL/16_WF03_MASTER_PROGRESS_M01-M15_v1.6_M03_COMPLETE.xlsx,1,29257
/mnt/data/p1_v11_source_scan/src2/RUMAHAGEN_WF03_M06_FULL_REBUILD_CONTROLLED_v1.5_FULL_VERSION.zip,src2/__nested__/0061/source_extracts/M03_RECON/_PROVENANCE_M03_V1.2_ORIGINAL/08_M03_SCHEMA_ERD_RECONCILIATION_FULL_v1.0.sql,1,1013
/mnt/data/p1_v11_source_scan/src2/RUMAHAGEN_WF03_M06_FULL_REBUILD_CONTROLLED_v1.5_FULL_VERSION.zip,src2/__nested__/0061/source_extracts/M03_RECON/_PROVENANCE_M03_V1.2_ORIGINAL/07_M03_RBAC_RLS_CONTRACT_FULL_v1.2.md,1,1468
/mnt/data/p1_v11_source_scan/src2/RUMAHAGEN_WF03_M06_FULL_REBUILD_CONTROLLED_v1.5_FULL_VERSION.zip,src2/__nested__/0061/source_extracts/M03_RECON/_PROVENANCE_M03_V1.2_ORIGINAL/06_M03_API_CONTRACT_FULL_v1.2.md,1,1992
/mnt/data/p1_v11_source_scan/src2/RUMAHAGEN_WF03_M06_FULL_REBUILD_CONTROLLED_v1.5_FULL_VERSION.zip,src2/__nested__/0061/source_extracts/CORE/RUMAHAGEN_WIREFRAME_CORE_FINAL_SOURCE_PACK_v1.2/README_CURRENT_BASELINE.md,1,2468
/mnt/data/p1_v11_source_scan/src2/RUMAHAGEN_WF03_M06_FULL_REBUILD_CONTROLLED_v1.5_FULL_VERSION.zip,src2/__nested__/0061/source_extracts/CORE/RUMAHAGEN_WIREFRAME_CORE_FINAL_SOURCE_PACK_v1.2/27_AI_BLUEPRINT/W4-02A.6.31_AI_DEVELOPMENT_BLUEPRINT_v2.1.md,1,29348
/mnt/data/p1_v11_source_scan/src2/RUMAHAGEN_WF03_M06_FULL_REBUILD_CONTROLLED_v1.5_FULL_VERSION.zip,src2/__nested__/0061/source_extracts/CORE/RUMAHAGEN_WIREFRAME_CORE_FINAL_SOURCE_PACK_v1.2/22_EXECUTION_BATCH/W4-02A.6.26_MODULE_EXECUTION_DEPENDENCY_BATCH_PLAN_v2.1.md,1,40666
/mnt/data/p1_v11_source_scan/src2/RUMAHAGEN_WF03_M06_FULL_REBUILD_CONTROLLED_v1.5_FULL_VERSION.zip,src2/__nested__/0061/source_extracts/CORE/RUMAHAGEN_WIREFRAME_CORE_FINAL_SOURCE_PACK_v1.2/23_M01_M07/W4-02A.6.27_FOCUSED_EXECUTION_PACK_M01-M07_v2.1.zip,1,32254
/mnt/data/p1_v11_source_scan/src2/__nested__/0061/source_extracts/CORE/RUMAHAGEN_WIREFRAME_CORE_FINAL_SOURCE_PACK_v1.2/23_M01_M07/W4-02A.6.27_FOCUSED_EXECUTION_PACK_M01-M07_v2.1.zip,src2/__nested__/0061/__nested__/0070/RUMAHAGEN_W4-02A.6.27_FOCUSED_EXECUTION_PACK_M01-M07_v2.1/M01_PHYSICAL_EXECUTION_SPEC_v2.1.md,2,8933
/mnt/data/p1_v11_source_scan/src2/__nested__/0061/source_extracts/CORE/RUMAHAGEN_WIREFRAME_CORE_FINAL_SOURCE_PACK_v1.2/23_M01_M07/W4-02A.6.27_FOCUSED_EXECUTION_PACK_M01-M07_v2.1.zip,src2/__nested__/0061/__nested__/0070/RUMAHAGEN_W4-02A.6.27_FOCUSED_EXECUTION_PACK_M01-M07_v2.1/M02_PHYSICAL_EXECUTION_SPEC_v2.1.md,2,8656
/mnt/data/p1_v11_source_scan/src2/__nested__/0061/source_extracts/CORE/RUMAHAGEN_WIREFRAME_CORE_FINAL_SOURCE_PACK_v1.2/23_M01_M07/W4-02A.6.27_FOCUSED_EXECUTION_PACK_M01-M07_v2.1.zip,src2/__nested__/0061/__nested__/0070/RUMAHAGEN_W4-02A.6.27_FOCUSED_EXECUTION_PACK_M01-M07_v2.1/M03_PHYSICAL_EXECUTION_SPEC_v2.1.md,2,9445
/mnt/data/p1_v11_source_scan/src2/__nested__/0061/source_extracts/CORE/RUMAHAGEN_WIREFRAME_CORE_FINAL_SOURCE_PACK_v1.2/23_M01_M07/W4-02A.6.27_FOCUSED_EXECUTION_PACK_M01-M07_v2.1.zip,src2/__nested__/0061/__nested__/0070/RUMAHAGEN_W4-02A.6.27_FOCUSED_EXECUTION_PACK_M01-M07_v2.1/M04-S_LEARNING_SESSION_EXECUTION_SPEC_v2.1.md,2,2717
/mnt/data/p1_v11_source_scan/src2/__nested__/0061/source_extracts/CORE/RUMAHAGEN_WIREFRAME_CORE_FINAL_SOURCE_PACK_v1.2/23_M01_M07/W4-02A.6.27_FOCUSED_EXECUTION_PACK_M01-M07_v2.1.zip,src2/__nested__/0061/__nested__/0070/RUMAHAGEN_W4-02A.6.27_FOCUSED_EXECUTION_PACK_M01-M07_v2.1/M04_PHYSICAL_EXECUTION_SPEC_v2.1.md,2,9572
/mnt/data/p1_v11_source_scan/src2/__nested__/0061/source_extracts/CORE/RUMAHAGEN_WIREFRAME_CORE_FINAL_SOURCE_PACK_v1.2/23_M01_M07/W4-02A.6.27_FOCUSED_EXECUTION_PACK_M01-M07_v2.1.zip,src2/__nested__/0061/__nested__/0070/RUMAHAGEN_W4-02A.6.27_FOCUSED_EXECUTION_PACK_M01-M07_v2.1/M05_PHYSICAL_EXECUTION_SPEC_v2.1.md,2,8391
/mnt/data/p1_v11_source_scan/src2/__nested__/0061/source_extracts/CORE/RUMAHAGEN_WIREFRAME_CORE_FINAL_SOURCE_PACK_v1.2/23_M01_M07/W4-02A.6.27_FOCUSED_EXECUTION_PACK_M01-M07_v2.1.zip,src2/__nested__/0061/__nested__/0070/RUMAHAGEN_W4-02A.6.27_FOCUSED_EXECUTION_PACK_M01-M07_v2.1/M06_PHYSICAL_EXECUTION_SPEC_v2.1.md,2,8388
/mnt/data/p1_v11_source_scan/src2/__nested__/0061/source_extracts/CORE/RUMAHAGEN_WIREFRAME_CORE_FINAL_SOURCE_PACK_v1.2/23_M01_M07/W4-02A.6.27_FOCUSED_EXECUTION_PACK_M01-M07_v2.1.zip,src2/__nested__/0061/__nested__/0070/RUMAHAGEN_W4-02A.6.27_FOCUSED_EXECUTION_PACK_M01-M07_v2.1/M07_PHYSICAL_EXECUTION_SPEC_v2.1.md,2,8514
/mnt/data/p1_v11_source_scan/src2/__nested__/0061/source_extracts/CORE/RUMAHAGEN_WIREFRAME_CORE_FINAL_SOURCE_PACK_v1.2/23_M01_M07/W4-02A.6.27_FOCUSED_EXECUTION_PACK_M01-M07_v2.1.zip,src2/__nested__/0061/__nested__/0070/RUMAHAGEN_W4-02A.6.27_FOCUSED_EXECUTION_PACK_M01-M07_v2.1/RUMAHAGEN_W4-02A.6.27_FOCUSED_EXECUTION_PACK_M01-M07_v2.1.md,2,12149
/mnt/data/p1_v11_source_scan/src2/RUMAHAGEN_WF03_M06_FULL_REBUILD_CONTROLLED_v1.5_FULL_VERSION.zip,src2/__nested__/0061/source_extracts/CORE/RUMAHAGEN_WIREFRAME_CORE_FINAL_SOURCE_PACK_v1.2/23_M01_M07/W4-02A.6.27_FOCUSED_EXECUTION_PACK_M01-M07_v2.1.md,1,12149
/mnt/data/p1_v11_source_scan/src2/RUMAHAGEN_WF03_M06_FULL_REBUILD_CONTROLLED_v1.5_FULL_VERSION.zip,src2/__nested__/0061/source_extracts/CORE/RUMAHAGEN_WIREFRAME_CORE_FINAL_SOURCE_PACK_v1.2/01_GOVERNANCE/W4-02A.6.2_GOVERNANCE_REGISTER_FULL_CONSOLIDATED_v1.16.docx,1,44768
/mnt/data/p1_v11_source_scan/src2/RUMAHAGEN_WF03_M06_FULL_REBUILD_CONTROLLED_v1.5_FULL_VERSION.zip,src2/__nested__/0061/source_extracts/CORE/RUMAHAGEN_WIREFRAME_CORE_FINAL_SOURCE_PACK_v1.2/01_GOVERNANCE/W4-02A.1_GOVERNANCE_CONSOLIDATION_FINAL_DECISION_AUTHORITY_v1.0.docx,1,41616
/mnt/data/p1_v11_source_scan/src2/RUMAHAGEN_WF03_M06_FULL_REBUILD_CONTROLLED_v1.5_FULL_VERSION.zip,src2/__nested__/0061/source_extracts/CORE/RUMAHAGEN_WIREFRAME_CORE_FINAL_SOURCE_PACK_v1.2/09_ERD/W4-02A.6.13_ERD_CURRENT_LOGICAL_DATA_MODEL_FULL_CONSOLIDATED_v2.1.docx,1,62303
/mnt/data/p1_v11_source_scan/src2/RUMAHAGEN_WF03_M06_FULL_REBUILD_CONTROLLED_v1.5_FULL_VERSION.zip,src2/__nested__/0061/source_extracts/CORE/RUMAHAGEN_WIREFRAME_CORE_FINAL_SOURCE_PACK_v1.2/00_CONTROL/SOURCE_INDEX_v1.3.csv,1,7285
/mnt/data/p1_v11_source_scan/src2/RUMAHAGEN_WF03_M06_FULL_REBUILD_CONTROLLED_v1.5_FULL_VERSION.zip,src2/__nested__/0061/source_extracts/CORE/RUMAHAGEN_WIREFRAME_CORE_FINAL_SOURCE_PACK_v1.2/00_CONTROL/SOURCE_INDEX_v1.3.md,1,8161
/mnt/data/p1_v11_source_scan/src2/RUMAHAGEN_WF03_M06_FULL_REBUILD_CONTROLLED_v1.5_FULL_VERSION.zip,src2/__nested__/0061/source_extracts/CORE/RUMAHAGEN_WIREFRAME_CORE_FINAL_SOURCE_PACK_v1.2/00_CONTROL/W4-02A.7_RECURSIVE_SOURCE_AUDIT_REGISTER_v1.0.csv,1,208747
/mnt/data/p1_v11_source_scan/src2/RUMAHAGEN_WF03_M06_FULL_REBUILD_CONTROLLED_v1.5_FULL_VERSION.zip,src2/__nested__/0061/source_extracts/CORE/RUMAHAGEN_WIREFRAME_CORE_FINAL_SOURCE_PACK_v1.2/00_CONTROL/W4-02A.6.0_CORE_ARTIFACT_INVENTORY_AND_ORDERING_LOCK_v1.1_BASE_TRACK_37_STEPS.docx,1,41256
/mnt/data/p1_v11_source_scan/src2/RUMAHAGEN_WF03_M06_FULL_REBUILD_CONTROLLED_v1.5_FULL_VERSION.zip,src2/__nested__/0061/source_extracts/CORE/RUMAHAGEN_WIREFRAME_CORE_FINAL_SOURCE_PACK_v1.2/00_CONTROL/W4-02A.7_FINAL_DOCUMENT_FREEZE_AUTHORITY_VERIFICATION_v1.0.md,1,11519
/mnt/data/p1_v11_source_scan/src2/RUMAHAGEN_WF03_M06_FULL_REBUILD_CONTROLLED_v1.5_FULL_VERSION.zip,src2/__nested__/0061/source_extracts/CORE/RUMAHAGEN_WIREFRAME_CORE_FINAL_SOURCE_PACK_v1.2/00_CONTROL/RENAME_REGISTER_6.33.md,1,645
/mnt/data/p1_v11_source_scan/src2/RUMAHAGEN_WF03_M06_FULL_REBUILD_CONTROLLED_v1.5_FULL_VERSION.zip,src2/__nested__/0061/source_extracts/CORE/RUMAHAGEN_WIREFRAME_CORE_FINAL_SOURCE_PACK_v1.2/00_CONTROL/SHA256_MANIFEST_CORE_FINAL_v1.3.csv,1,7054
/mnt/data/p1_v11_source_scan/src2/RUMAHAGEN_WF03_M06_FULL_REBUILD_CONTROLLED_v1.5_FULL_VERSION.zip,src2/__nested__/0061/source_extracts/CORE/RUMAHAGEN_WIREFRAME_CORE_FINAL_SOURCE_PACK_v1.2/19_IMPLEMENTATION_STRATEGY/W4-02A.6.23_MODULE_IMPLEMENTATION_STRATEGY_INTEGRATED_IMPLEMENTATION_SEQUENCING_v2.1.md,1,56613
/mnt/data/p1_v11_source_scan/src2/RUMAHAGEN_WF03_M06_FULL_REBUILD_CONTROLLED_v1.5_FULL_VERSION.zip,src2/__nested__/0061/source_extracts/CORE/RUMAHAGEN_WIREFRAME_CORE_FINAL_SOURCE_PACK_v1.2/05_TECHNICAL_DECISIONS/W4-02A.6.6_TECHNICAL_DECISIONS_FULL_CONSOLIDATED_v1.6.docx,1,47059
/mnt/data/p1_v11_source_scan/src2/RUMAHAGEN_WF03_M06_FULL_REBUILD_CONTROLLED_v1.5_FULL_VERSION.zip,src2/__nested__/0061/source_extracts/CORE/RUMAHAGEN_WIREFRAME_CORE_FINAL_SOURCE_PACK_v1.2/07_PRD/W4-02A.6.11_PRD_CURRENT_PRODUCT_REQUIREMENTS_FULL_CONSOLIDATED_v2.1.docx,1,48108
/mnt/data/p1_v11_source_scan/src2/RUMAHAGEN_WF03_M06_FULL_REBUILD_CONTROLLED_v1.5_FULL_VERSION.zip,src2/__nested__/0061/source_extracts/CORE/RUMAHAGEN_WIREFRAME_CORE_FINAL_SOURCE_PACK_v1.2/26_ENGINEERING_ALIGNMENT/W4-02A.6.30_ENGINEERING_ALIGNMENT_GUIDEBOOK_PLAYBOOK_v2.1.md,1,31681
/mnt/data/p1_v11_source_scan/src2/RUMAHAGEN_WF03_M06_FULL_REBUILD_CONTROLLED_v1.5_FULL_VERSION.zip,src2/__nested__/0061/source_extracts/CORE/RUMAHAGEN_WIREFRAME_CORE_FINAL_SOURCE_PACK_v1.2/06_DEPENDENCY_MANIFEST/W4-02A.6.7_DEPENDENCY_MANIFEST_FULL_CONSOLIDATED_v1.9.docx,1,48323
/mnt/data/p1_v11_source_scan/src2/RUMAHAGEN_WF03_M06_FULL_REBUILD_CONTROLLED_v1.5_FULL_VERSION.zip,src2/__nested__/0061/source_extracts/CORE/RUMAHAGEN_WIREFRAME_CORE_FINAL_SOURCE_PACK_v1.2/17_SEO_ANALYTICS/W4-02A.6.21_SEO_ANALYTICS_SPECIFICATION_DISCOVERY_MEASUREMENT_BASELINE_v2.1.md,1,68505
/mnt/data/p1_v11_source_scan/src2/RUMAHAGEN_WF03_M06_FULL_REBUILD_CONTROLLED_v1.5_FULL_VERSION.zip,src2/__nested__/0061/source_extracts/CORE/RUMAHAGEN_WIREFRAME_CORE_FINAL_SOURCE_PACK_v1.2/12_API/W4-02A.6.16_API_SPECIFICATION_CURRENT_API_CONTRACT_BASELINE_FULL_CONSOLIDATED_v2.1.docx,1,65180
/mnt/data/p1_v11_source_scan/src2/RUMAHAGEN_WF03_M06_FULL_REBUILD_CONTROLLED_v1.5_FULL_VERSION.zip,src2/__nested__/0061/source_extracts/CORE/RUMAHAGEN_WIREFRAME_CORE_FINAL_SOURCE_PACK_v1.2/11_DATABASE_SCHEMA/W4-02_CANONICAL_BUILD_FROM_ZERO_MIGRATION_PACKAGE_v1.0.zip,1,19788
/mnt/data/p1_v11_source_scan/src2/__nested__/0061/source_extracts/CORE/RUMAHAGEN_WIREFRAME_CORE_FINAL_SOURCE_PACK_v1.2/11_DATABASE_SCHEMA/W4-02_CANONICAL_BUILD_FROM_ZERO_MIGRATION_PACKAGE_v1.0.zip,src2/__nested__/0061/__nested__/0071/RUMAHAGEN_W4-02_CANONICAL_BUILD_FROM_ZERO_MIGRATION_BASELINE_v1.0.sql,2,113290
/mnt/data/p1_v11_source_scan/src2/__nested__/0061/source_extracts/CORE/RUMAHAGEN_WIREFRAME_CORE_FINAL_SOURCE_PACK_v1.2/11_DATABASE_SCHEMA/W4-02_CANONICAL_BUILD_FROM_ZERO_MIGRATION_PACKAGE_v1.0.zip,src2/__nested__/0061/__nested__/0071/RUMAHAGEN_W4-02_CANONICAL_MIGRATION_BASELINE_v1.0.md,2,1337
/mnt/data/p1_v11_source_scan/src2/__nested__/0061/source_extracts/CORE/RUMAHAGEN_WIREFRAME_CORE_FINAL_SOURCE_PACK_v1.2/11_DATABASE_SCHEMA/W4-02_CANONICAL_BUILD_FROM_ZERO_MIGRATION_PACKAGE_v1.0.zip,src2/__nested__/0061/__nested__/0071/RUMAHAGEN_W4-02_EXECUTION_PHASE_REGISTER_v1.0.csv,2,816
/mnt/data/p1_v11_source_scan/src2/__nested__/0061/source_extracts/CORE/RUMAHAGEN_WIREFRAME_CORE_FINAL_SOURCE_PACK_v1.2/11_DATABASE_SCHEMA/W4-02_CANONICAL_BUILD_FROM_ZERO_MIGRATION_PACKAGE_v1.0.zip,src2/__nested__/0061/__nested__/0071/RUMAHAGEN_W4-02_CANONICAL_86_TABLE_REGISTER_v1.0.csv,2,6480
/mnt/data/p1_v11_source_scan/src2/RUMAHAGEN_WF03_M06_FULL_REBUILD_CONTROLLED_v1.5_FULL_VERSION.zip,src2/__nested__/0061/source_extracts/CORE/RUMAHAGEN_WIREFRAME_CORE_FINAL_SOURCE_PACK_v1.2/11_DATABASE_SCHEMA/RUMAHAGEN_FULL_DATABASE_SCHEMA_SOURCE_ONLY_PACKAGE_v1.0.zip,1,20762
/mnt/data/p1_v11_source_scan/src2/__nested__/0061/source_extracts/CORE/RUMAHAGEN_WIREFRAME_CORE_FINAL_SOURCE_PACK_v1.2/11_DATABASE_SCHEMA/RUMAHAGEN_FULL_DATABASE_SCHEMA_SOURCE_ONLY_PACKAGE_v1.0.zip,src2/__nested__/0061/__nested__/0072/RUMAHAGEN_FULL_DATABASE_SCHEMA_SOURCE_ONLY_v1.0.sql,2,104518
/mnt/data/p1_v11_source_scan/src2/__nested__/0061/source_extracts/CORE/RUMAHAGEN_WIREFRAME_CORE_FINAL_SOURCE_PACK_v1.2/11_DATABASE_SCHEMA/RUMAHAGEN_FULL_DATABASE_SCHEMA_SOURCE_ONLY_PACKAGE_v1.0.zip,src2/__nested__/0061/__nested__/0072/RUMAHAGEN_FULL_DATABASE_SCHEMA_SOURCE_ONLY_v1.0.md,2,5307
/mnt/data/p1_v11_source_scan/src2/RUMAHAGEN_WF03_M06_FULL_REBUILD_CONTROLLED_v1.5_FULL_VERSION.zip,src2/__nested__/0061/source_extracts/CORE/RUMAHAGEN_WIREFRAME_CORE_FINAL_SOURCE_PACK_v1.2/11_DATABASE_SCHEMA/W4-01E_FINAL_BUILD_FROM_ZERO_SCHEMA_PACKAGE_v2.6.zip,1,18571
/mnt/data/p1_v11_source_scan/src2/__nested__/0061/source_extracts/CORE/RUMAHAGEN_WIREFRAME_CORE_FINAL_SOURCE_PACK_v1.2/11_DATABASE_SCHEMA/W4-01E_FINAL_BUILD_FROM_ZERO_SCHEMA_PACKAGE_v2.6.zip,src2/__nested__/0061/__nested__/0073/RUMAHAGEN_W4-01E_FINAL_CANONICAL_BUILD_FROM_ZERO_DATABASE_SCHEMA_v2.6.sql,2,106605
/mnt/data/p1_v11_source_scan/src2/__nested__/0061/source_extracts/CORE/RUMAHAGEN_WIREFRAME_CORE_FINAL_SOURCE_PACK_v1.2/11_DATABASE_SCHEMA/W4-01E_FINAL_BUILD_FROM_ZERO_SCHEMA_PACKAGE_v2.6.zip,src2/__nested__/0061/__nested__/0073/RUMAHAGEN_W4-01E_FINAL_SCHEMA_CLOSURE_AND_FREEZE_v2.6.md,2,1337
/mnt/data/p1_v11_source_scan/src2/__nested__/0061/source_extracts/CORE/RUMAHAGEN_WIREFRAME_CORE_FINAL_SOURCE_PACK_v1.2/11_DATABASE_SCHEMA/W4-01E_FINAL_BUILD_FROM_ZERO_SCHEMA_PACKAGE_v2.6.zip,src2/__nested__/0061/__nested__/0073/RUMAHAGEN_W4-01E_FINAL_CANONICAL_TABLE_REGISTER_v2.6.csv,2,8023
/mnt/data/p1_v11_source_scan/src2/__nested__/0061/source_extracts/CORE/RUMAHAGEN_WIREFRAME_CORE_FINAL_SOURCE_PACK_v1.2/11_DATABASE_SCHEMA/W4-01E_FINAL_BUILD_FROM_ZERO_SCHEMA_PACKAGE_v2.6.zip,src2/__nested__/0061/__nested__/0073/RUMAHAGEN_W4-01E_GATE_CLOSURE_REGISTER_v2.6.csv,2,1080
/mnt/data/p1_v11_source_scan/src2/RUMAHAGEN_WF03_M06_FULL_REBUILD_CONTROLLED_v1.5_FULL_VERSION.zip,src2/__nested__/0061/source_extracts/CORE/RUMAHAGEN_WIREFRAME_CORE_FINAL_SOURCE_PACK_v1.2/11_DATABASE_SCHEMA/W4-02A.6.15_DATABASE_SCHEMA_CURRENT_PHYSICAL_SCHEMA_REFERENCE_FULL_CONSOLIDATED_v2.7.docx,1,74525
/mnt/data/p1_v11_source_scan/src2/RUMAHAGEN_WF03_M06_FULL_REBUILD_CONTROLLED_v1.5_FULL_VERSION.zip,src2/__nested__/0061/source_extracts/CORE/RUMAHAGEN_WIREFRAME_CORE_FINAL_SOURCE_PACK_v1.2/21_EXECUTION_SPECIFICATION/W4-02A.6.25_MODULE_EXECUTION_SPECIFICATION_ARCHITECTURE_v2.1.md,1,46464
/mnt/data/p1_v11_source_scan/src2/RUMAHAGEN_WF03_M06_FULL_REBUILD_CONTROLLED_v1.5_FULL_VERSION.zip,src2/__nested__/0061/source_extracts/CORE/RUMAHAGEN_WIREFRAME_CORE_FINAL_SOURCE_PACK_v1.2/28_AI_CONTEXT/W4-02A.6.32_AI_CONTEXT_PACK_v2.1.md,1,19773
/mnt/data/p1_v11_source_scan/src2/RUMAHAGEN_WF03_M06_FULL_REBUILD_CONTROLLED_v1.5_FULL_VERSION.zip,src2/__nested__/0061/source_extracts/CORE/RUMAHAGEN_WIREFRAME_CORE_FINAL_SOURCE_PACK_v1.2/10_DATABASE_DICTIONARY/W4-02A.6.14_DATABASE_DICTIONARY_CURRENT_LOGICAL_TO_PHYSICAL_DATA_MEANING_FULL_CONSOLIDATED_v2.2.docx,1,78665
/mnt/data/p1_v11_source_scan/src2/RUMAHAGEN_WF03_M06_FULL_REBUILD_CONTROLLED_v1.5_FULL_VERSION.zip,src2/__nested__/0061/source_extracts/CORE/RUMAHAGEN_WIREFRAME_CORE_FINAL_SOURCE_PACK_v1.2/18_MODULE_DEPENDENCY/W4-02A.6.22_MODULE_DEPENDENCY_MATRIX_CROSS_MODULE_DEPENDENCY_CONTRACT_v2.1.md,1,49622
/mnt/data/p1_v11_source_scan/src2/RUMAHAGEN_WF03_M06_FULL_REBUILD_CONTROLLED_v1.5_FULL_VERSION.zip,src2/__nested__/0061/source_extracts/CORE/RUMAHAGEN_WIREFRAME_CORE_FINAL_SOURCE_PACK_v1.2/08_USER_FLOW/W4-02A.6.12_USER_FLOW_CURRENT_CROSS_DOMAIN_INTERACTION_FLOW_FULL_CONSOLIDATED_v2.1.docx,1,51562
/mnt/data/p1_v11_source_scan/src2/RUMAHAGEN_WF03_M06_FULL_REBUILD_CONTROLLED_v1.5_FULL_VERSION.zip,src2/__nested__/0061/source_extracts/CORE/RUMAHAGEN_WIREFRAME_CORE_FINAL_SOURCE_PACK_v1.2/04_ARCHITECTURE/W4-02A.6.5_SYSTEM_ARCHITECTURE_FULL_CONSOLIDATED_v1.8.docx,1,93386
/mnt/data/p1_v11_source_scan/src2/RUMAHAGEN_WF03_M06_FULL_REBUILD_CONTROLLED_v1.5_FULL_VERSION.zip,src2/__nested__/0061/source_extracts/CORE/RUMAHAGEN_WIREFRAME_CORE_FINAL_SOURCE_PACK_v1.2/16_UI_UX/W4-02A.6.20_UI_UX_SPECIFICATION_CURRENT_INTERFACE_BEHAVIOR_CONTRACT_v2.1.md,1,62858
/mnt/data/p1_v11_source_scan/src2/RUMAHAGEN_WF03_M06_FULL_REBUILD_CONTROLLED_v1.5_FULL_VERSION.zip,src2/__nested__/0061/source_extracts/CORE/RUMAHAGEN_WIREFRAME_CORE_FINAL_SOURCE_PACK_v1.2/20_MODULE_PLANNING/W4-02A.6.24_REVISED_MODULE_PLANNING_CURRENT_MODULE_DELIVERY_PLANNING_v2.1.md,1,55040
/mnt/data/p1_v11_source_scan/src2/RUMAHAGEN_WF03_M06_FULL_REBUILD_CONTROLLED_v1.5_FULL_VERSION.zip,src2/__nested__/0061/source_extracts/CORE/RUMAHAGEN_WIREFRAME_CORE_FINAL_SOURCE_PACK_v1.2/15_TECHNICAL/W4-02A.6.19_TECHNICAL_SPECIFICATION_CURRENT_TECHNICAL_IMPLEMENTATION_CONTRACT_v2.1.md,1,69175
/mnt/data/p1_v11_source_scan/src2/RUMAHAGEN_WF03_M06_FULL_REBUILD_CONTROLLED_v1.5_FULL_VERSION.zip,src2/__nested__/0061/source_extracts/CORE/RUMAHAGEN_WIREFRAME_CORE_FINAL_SOURCE_PACK_v1.2/24_M08_M15/W4-02A.6.28_FOCUSED_EXECUTION_PACK_M08-M15_v2.1.md,1,12958
/mnt/data/p1_v11_source_scan/src2/RUMAHAGEN_WF03_M06_FULL_REBUILD_CONTROLLED_v1.5_FULL_VERSION.zip,src2/__nested__/0061/source_extracts/CORE/RUMAHAGEN_WIREFRAME_CORE_FINAL_SOURCE_PACK_v1.2/24_M08_M15/W4-02A.6.28_FOCUSED_EXECUTION_PACK_M08-M15_v2.1.zip,1,29640
/mnt/data/p1_v11_source_scan/src2/__nested__/0061/source_extracts/CORE/RUMAHAGEN_WIREFRAME_CORE_FINAL_SOURCE_PACK_v1.2/24_M08_M15/W4-02A.6.28_FOCUSED_EXECUTION_PACK_M08-M15_v2.1.zip,src2/__nested__/0061/__nested__/0074/RUMAHAGEN_W4-02A.6.28_FOCUSED_EXECUTION_PACK_M08-M15_v2.1/M08_PHYSICAL_EXECUTION_SPEC_v2.1.md,2,6775
/mnt/data/p1_v11_source_scan/src2/__nested__/0061/source_extracts/CORE/RUMAHAGEN_WIREFRAME_CORE_FINAL_SOURCE_PACK_v1.2/24_M08_M15/W4-02A.6.28_FOCUSED_EXECUTION_PACK_M08-M15_v2.1.zip,src2/__nested__/0061/__nested__/0074/RUMAHAGEN_W4-02A.6.28_FOCUSED_EXECUTION_PACK_M08-M15_v2.1/M09_PHYSICAL_EXECUTION_SPEC_v2.1.md,2,6944
/mnt/data/p1_v11_source_scan/src2/__nested__/0061/source_extracts/CORE/RUMAHAGEN_WIREFRAME_CORE_FINAL_SOURCE_PACK_v1.2/24_M08_M15/W4-02A.6.28_FOCUSED_EXECUTION_PACK_M08-M15_v2.1.zip,src2/__nested__/0061/__nested__/0074/RUMAHAGEN_W4-02A.6.28_FOCUSED_EXECUTION_PACK_M08-M15_v2.1/M10_PHYSICAL_EXECUTION_SPEC_v2.1.md,2,6625
/mnt/data/p1_v11_source_scan/src2/__nested__/0061/source_extracts/CORE/RUMAHAGEN_WIREFRAME_CORE_FINAL_SOURCE_PACK_v1.2/24_M08_M15/W4-02A.6.28_FOCUSED_EXECUTION_PACK_M08-M15_v2.1.zip,src2/__nested__/0061/__nested__/0074/RUMAHAGEN_W4-02A.6.28_FOCUSED_EXECUTION_PACK_M08-M15_v2.1/M11_PHYSICAL_EXECUTION_SPEC_v2.1.md,2,6695
/mnt/data/p1_v11_source_scan/src2/__nested__/0061/source_extracts/CORE/RUMAHAGEN_WIREFRAME_CORE_FINAL_SOURCE_PACK_v1.2/24_M08_M15/W4-02A.6.28_FOCUSED_EXECUTION_PACK_M08-M15_v2.1.zip,src2/__nested__/0061/__nested__/0074/RUMAHAGEN_W4-02A.6.28_FOCUSED_EXECUTION_PACK_M08-M15_v2.1/M12_PHYSICAL_EXECUTION_SPEC_v2.1.md,2,6477
/mnt/data/p1_v11_source_scan/src2/__nested__/0061/source_extracts/CORE/RUMAHAGEN_WIREFRAME_CORE_FINAL_SOURCE_PACK_v1.2/24_M08_M15/W4-02A.6.28_FOCUSED_EXECUTION_PACK_M08-M15_v2.1.zip,src2/__nested__/0061/__nested__/0074/RUMAHAGEN_W4-02A.6.28_FOCUSED_EXECUTION_PACK_M08-M15_v2.1/M13_PHYSICAL_EXECUTION_SPEC_v2.1.md,2,6463
/mnt/data/p1_v11_source_scan/src2/__nested__/0061/source_extracts/CORE/RUMAHAGEN_WIREFRAME_CORE_FINAL_SOURCE_PACK_v1.2/24_M08_M15/W4-02A.6.28_FOCUSED_EXECUTION_PACK_M08-M15_v2.1.zip,src2/__nested__/0061/__nested__/0074/RUMAHAGEN_W4-02A.6.28_FOCUSED_EXECUTION_PACK_M08-M15_v2.1/M14_PHYSICAL_EXECUTION_SPEC_v2.1.md,2,6787
/mnt/data/p1_v11_source_scan/src2/__nested__/0061/source_extracts/CORE/RUMAHAGEN_WIREFRAME_CORE_FINAL_SOURCE_PACK_v1.2/24_M08_M15/W4-02A.6.28_FOCUSED_EXECUTION_PACK_M08-M15_v2.1.zip,src2/__nested__/0061/__nested__/0074/RUMAHAGEN_W4-02A.6.28_FOCUSED_EXECUTION_PACK_M08-M15_v2.1/M15_PHYSICAL_EXECUTION_SPEC_v2.1.md,2,6642
/mnt/data/p1_v11_source_scan/src2/__nested__/0061/source_extracts/CORE/RUMAHAGEN_WIREFRAME_CORE_FINAL_SOURCE_PACK_v1.2/24_M08_M15/W4-02A.6.28_FOCUSED_EXECUTION_PACK_M08-M15_v2.1.zip,src2/__nested__/0061/__nested__/0074/RUMAHAGEN_W4-02A.6.28_FOCUSED_EXECUTION_PACK_M08-M15_v2.1/RUMAHAGEN_W4-02A.6.28_FOCUSED_EXECUTION_PACK_M08-M15_v2.1.md,2,12958
/mnt/data/p1_v11_source_scan/src2/RUMAHAGEN_WF03_M06_FULL_REBUILD_CONTROLLED_v1.5_FULL_VERSION.zip,src2/__nested__/0061/source_extracts/CORE/RUMAHAGEN_WIREFRAME_CORE_FINAL_SOURCE_PACK_v1.2/25_EXECUTION_AUDIT/W4-02A.6.29_EXECUTION_PACK_AUDIT_RECONCILIATION_v2.1.md,1,18012
/mnt/data/p1_v11_source_scan/src2/RUMAHAGEN_WF03_M06_FULL_REBUILD_CONTROLLED_v1.5_FULL_VERSION.zip,src2/__nested__/0061/source_extracts/CORE/RUMAHAGEN_WIREFRAME_CORE_FINAL_SOURCE_PACK_v1.2/13_RBAC_RLS/W4-02A.6.17_RBAC_PERMISSION_RLS_CURRENT_AUTHORIZATION_BASELINE_FULL_CONSOLIDATED_v2.1.docx,1,53047
/mnt/data/p1_v11_source_scan/src2/RUMAHAGEN_WF03_M06_FULL_REBUILD_CONTROLLED_v1.5_FULL_VERSION.zip,src2/__nested__/0061/source_extracts/CORE/RUMAHAGEN_WIREFRAME_CORE_FINAL_SOURCE_PACK_v1.2/03_BUSINESS_RULES/W4-02A.6.10_BUSINESS_RULES_BASELINE_TRACEABILITY_FULL_CONSOLIDATED_v1.2_REAUDITED.docx,1,51338
/mnt/data/p1_v11_source_scan/src2/RUMAHAGEN_WF03_M06_FULL_REBUILD_CONTROLLED_v1.5_FULL_VERSION.zip,src2/__nested__/0061/source_extracts/CORE/RUMAHAGEN_WIREFRAME_CORE_FINAL_SOURCE_PACK_v1.2/30_RECONCILIATION_EVIDENCE/W4-02A.5R_SOURCE_UPDATE_REVALIDATION_v1.1.docx,1,38455
/mnt/data/p1_v11_source_scan/src2/RUMAHAGEN_WF03_M06_FULL_REBUILD_CONTROLLED_v1.5_FULL_VERSION.zip,src2/__nested__/0061/source_extracts/CORE/RUMAHAGEN_WIREFRAME_CORE_FINAL_SOURCE_PACK_v1.2/30_RECONCILIATION_EVIDENCE/W4-02A.5_CROSS_DOMAIN_CONFLICT_RESIDUAL_AUDIT_FULL_CONSOLIDATED_v1.0.docx,1,42652
/mnt/data/p1_v11_source_scan/src2/RUMAHAGEN_WF03_M06_FULL_REBUILD_CONTROLLED_v1.5_FULL_VERSION.zip,src2/__nested__/0061/source_extracts/CORE/RUMAHAGEN_WIREFRAME_CORE_FINAL_SOURCE_PACK_v1.2/29_FINAL_CONTROL/W4-02A.6.36_CURRENT_PROJECT_STATE_FINAL_rev15.docx,1,45569
/mnt/data/p1_v11_source_scan/src2/RUMAHAGEN_WF03_M06_FULL_REBUILD_CONTROLLED_v1.5_FULL_VERSION.zip,src2/__nested__/0061/source_extracts/CORE/RUMAHAGEN_WIREFRAME_CORE_FINAL_SOURCE_PACK_v1.2/29_FINAL_CONTROL/W4-02A.6.35_PROJECT_MANIFEST_FINAL_v1.32.docx,1,44768
/mnt/data/p1_v11_source_scan/src2/RUMAHAGEN_WF03_M06_FULL_REBUILD_CONTROLLED_v1.5_FULL_VERSION.zip,src2/__nested__/0061/source_extracts/CORE/RUMAHAGEN_WIREFRAME_CORE_FINAL_SOURCE_PACK_v1.2/29_FINAL_CONTROL/W4-02A.6.37_FINAL_CROSS_DOCUMENT_RECONCILIATION_v1.0.docx,1,56438
/mnt/data/p1_v11_source_scan/src2/RUMAHAGEN_WF03_M06_FULL_REBUILD_CONTROLLED_v1.5_FULL_VERSION.zip,src2/__nested__/0061/source_extracts/CORE/RUMAHAGEN_WIREFRAME_CORE_FINAL_SOURCE_PACK_v1.2/29_FINAL_CONTROL/W4-02A.6.34_CHANGELOG_FINAL_v1.0.docx,1,46682
/mnt/data/p1_v11_source_scan/src2/RUMAHAGEN_WF03_M06_FULL_REBUILD_CONTROLLED_v1.5_FULL_VERSION.zip,src2/__nested__/0061/source_extracts/CORE/RUMAHAGEN_WIREFRAME_CORE_FINAL_SOURCE_PACK_v1.2/29_FINAL_CONTROL/W4-02A.6.33_DECISION_LOG_FINAL_v2.1.md,1,18845
/mnt/data/p1_v11_source_scan/src2/RUMAHAGEN_WF03_M06_FULL_REBUILD_CONTROLLED_v1.5_FULL_VERSION.zip,src2/__nested__/0061/source_extracts/CORE/RUMAHAGEN_WIREFRAME_CORE_FINAL_SOURCE_PACK_v1.2/14_FUNCTIONAL/W4-02A.6.18_FUNCTIONAL_SPECIFICATION_CURRENT_FUNCTIONAL_IMPLEMENTATION_CONTRACT_v2.1.md,1,60334
/mnt/data/p1_v11_source_scan/src2/RUMAHAGEN_WF03_M06_FULL_REBUILD_CONTROLLED_v1.5_FULL_VERSION.zip,src2/__nested__/0061/source_extracts/M06_v1.4/00_V1.2_BASELINE_RETAINED/06_M06_MARKETING_KIT_PERMISSION_MATRIX.csv,1,668
/mnt/data/p1_v11_source_scan/src2/RUMAHAGEN_WF03_M06_FULL_REBUILD_CONTROLLED_v1.5_FULL_VERSION.zip,src2/__nested__/0061/source_extracts/M06_v1.4/00_V1.2_BASELINE_RETAINED/14_M06_FULL_QUESTION_UPDATE.md,1,123
/mnt/data/p1_v11_source_scan/src2/RUMAHAGEN_WF03_M06_FULL_REBUILD_CONTROLLED_v1.5_FULL_VERSION.zip,src2/__nested__/0061/source_extracts/M06_v1.4/00_V1.2_BASELINE_RETAINED/10_M06_LIFECYCLE_REVIEW_FULL.md,1,359
/mnt/data/p1_v11_source_scan/src2/RUMAHAGEN_WF03_M06_FULL_REBUILD_CONTROLLED_v1.5_FULL_VERSION.zip,src2/__nested__/0061/source_extracts/M06_v1.4/00_V1.2_BASELINE_RETAINED/05_M06_M03_FIELD_MAPPING.csv,1,895
/mnt/data/p1_v11_source_scan/src2/RUMAHAGEN_WF03_M06_FULL_REBUILD_CONTROLLED_v1.5_FULL_VERSION.zip,src2/__nested__/0061/source_extracts/M06_v1.4/00_V1.2_BASELINE_RETAINED/01_M06_FULL_REBUILD_CONTROL_REPORT_v1.2.md,1,1003
/mnt/data/p1_v11_source_scan/src2/RUMAHAGEN_WF03_M06_FULL_REBUILD_CONTROLLED_v1.5_FULL_VERSION.zip,src2/__nested__/0061/source_extracts/M06_v1.4/00_V1.2_BASELINE_RETAINED/03_M06_SOURCE_INVENTORY_100PCT.csv,1,69297
/mnt/data/p1_v11_source_scan/src2/RUMAHAGEN_WF03_M06_FULL_REBUILD_CONTROLLED_v1.5_FULL_VERSION.zip,src2/__nested__/0061/source_extracts/M06_v1.4/00_V1.2_BASELINE_RETAINED/16_M06_QA_FULL.md,1,348
/mnt/data/p1_v11_source_scan/src2/RUMAHAGEN_WF03_M06_FULL_REBUILD_CONTROLLED_v1.5_FULL_VERSION.zip,src2/__nested__/0061/source_extracts/M06_v1.4/00_V1.2_BASELINE_RETAINED/11_M06_CROSS_MODULE_RECONCILIATION_FULL.md,1,323
/mnt/data/p1_v11_source_scan/src2/RUMAHAGEN_WF03_M06_FULL_REBUILD_CONTROLLED_v1.5_FULL_VERSION.zip,src2/__nested__/0061/source_extracts/M06_v1.4/00_V1.2_BASELINE_RETAINED/12_M06_PHYSICAL_RUNTIME_PREREQUISITE_REVIEW_FULL.md,1,235
/mnt/data/p1_v11_source_scan/src2/RUMAHAGEN_WF03_M06_FULL_REBUILD_CONTROLLED_v1.5_FULL_VERSION.zip,src2/__nested__/0061/source_extracts/M06_v1.4/00_V1.2_BASELINE_RETAINED/07_M06_LIFECYCLE_MATRIX.csv,1,745
/mnt/data/p1_v11_source_scan/src2/RUMAHAGEN_WF03_M06_FULL_REBUILD_CONTROLLED_v1.5_FULL_VERSION.zip,src2/__nested__/0061/source_extracts/M06_v1.4/00_V1.2_BASELINE_RETAINED/18_M06_FULL_CONTROL_MATRIX_v1.2.xlsx,1,14277
/mnt/data/p1_v11_source_scan/src2/RUMAHAGEN_WF03_M06_FULL_REBUILD_CONTROLLED_v1.5_FULL_VERSION.zip,src2/__nested__/0061/source_extracts/M06_v1.4/00_V1.2_BASELINE_RETAINED/19_M06_FULL_REBUILD_CONTROLLED_v1.2.docx,1,37097
/mnt/data/p1_v11_source_scan/src2/RUMAHAGEN_WF03_M06_FULL_REBUILD_CONTROLLED_v1.5_FULL_VERSION.zip,src2/__nested__/0061/source_extracts/M06_v1.4/00_V1.2_BASELINE_RETAINED/08_M06_QUESTION_INVENTORY_FULL.csv,1,1286
/mnt/data/p1_v11_source_scan/src2/RUMAHAGEN_WF03_M06_FULL_REBUILD_CONTROLLED_v1.5_FULL_VERSION.zip,src2/__nested__/0061/source_extracts/M06_v1.4/00_V1.2_BASELINE_RETAINED/09_M06_ROLE_SCOPE_REVIEW_FULL.md,1,420
/mnt/data/p1_v11_source_scan/src2/RUMAHAGEN_WF03_M06_FULL_REBUILD_CONTROLLED_v1.5_FULL_VERSION.zip,src2/__nested__/0061/source_extracts/M06_v1.4/00_V1.2_BASELINE_RETAINED/04_M06_FULL_FIELD_INVENTORY.csv,1,3946
/mnt/data/p1_v11_source_scan/src2/RUMAHAGEN_WF03_M06_FULL_REBUILD_CONTROLLED_v1.5_FULL_VERSION.zip,src2/__nested__/0061/source_extracts/M06_v1.4/00_V1.2_BASELINE_RETAINED/13_M06_GENUINE_BLOCKERS_FULL.md,1,286
/mnt/data/p1_v11_source_scan/src2/RUMAHAGEN_WF03_M06_FULL_REBUILD_CONTROLLED_v1.5_FULL_VERSION.zip,src2/__nested__/0061/source_extracts/M06_v1.4/00_V1.2_BASELINE_RETAINED/15_M06_SECOND_PASS_SCAN_RESULT.md,1,462
/mnt/data/p1_v11_source_scan/src2/RUMAHAGEN_WF03_M06_FULL_REBUILD_CONTROLLED_v1.5_FULL_VERSION.zip,src2/__nested__/0061/source_extracts/M06_v1.4/00_V1.2_BASELINE_RETAINED/02_M06_SOURCE_INVENTORY_100PCT.md,1,139
/mnt/data/p1_v11_source_scan/src2/RUMAHAGEN_WF03_M06_FULL_REBUILD_CONTROLLED_v1.5_FULL_VERSION.zip,src2/__nested__/0061/source_extracts/M06_v1.4/00_V1.2_BASELINE_RETAINED/17_M06_CONTROLLED_OUTPUT_MANIFEST_FULL.md,1,167
/mnt/data/p1_v11_source_scan/src2/RUMAHAGEN_WF03_M06_FULL_REBUILD_CONTROLLED_v1.5_FULL_VERSION.zip,src2/__nested__/0061/source_extracts/M06_v1.4/00_V1.2_BASELINE_RETAINED/00_V1.1_BASELINE_RETAINED/11_M06_CROSS_ARTIFACT_RECONCILIATION_FULL.md,1,642
/mnt/data/p1_v11_source_scan/src2/RUMAHAGEN_WF03_M06_FULL_REBUILD_CONTROLLED_v1.5_FULL_VERSION.zip,src2/__nested__/0061/source_extracts/M06_v1.4/00_V1.2_BASELINE_RETAINED/00_V1.1_BASELINE_RETAINED/03_M06_SOURCE_INVENTORY_100PCT.csv,1,66475
/mnt/data/p1_v11_source_scan/src2/RUMAHAGEN_WF03_M06_FULL_REBUILD_CONTROLLED_v1.5_FULL_VERSION.zip,src2/__nested__/0061/source_extracts/M06_v1.4/00_V1.2_BASELINE_RETAINED/00_V1.1_BASELINE_RETAINED/04_M06_QUESTION_INVENTORY_100PCT.csv,1,2507
/mnt/data/p1_v11_source_scan/src2/RUMAHAGEN_WF03_M06_FULL_REBUILD_CONTROLLED_v1.5_FULL_VERSION.zip,src2/__nested__/0061/source_extracts/M06_v1.4/00_V1.2_BASELINE_RETAINED/00_V1.1_BASELINE_RETAINED/14_M06_FULL_LIFECYCLE_MATRIX.csv,1,992
/mnt/data/p1_v11_source_scan/src2/RUMAHAGEN_WF03_M06_FULL_REBUILD_CONTROLLED_v1.5_FULL_VERSION.zip,src2/__nested__/0061/source_extracts/M06_v1.4/00_V1.2_BASELINE_RETAINED/00_V1.1_BASELINE_RETAINED/10_M06_GENUINE_DOCUMENTARY_BLOCKERS_FULL.md,1,497
/mnt/data/p1_v11_source_scan/src2/RUMAHAGEN_WF03_M06_FULL_REBUILD_CONTROLLED_v1.5_FULL_VERSION.zip,src2/__nested__/0061/source_extracts/M06_v1.4/00_V1.2_BASELINE_RETAINED/00_V1.1_BASELINE_RETAINED/18_M06_CONTROLLED_OUTPUT_MANIFEST_FULL.md,1,362
/mnt/data/p1_v11_source_scan/src2/RUMAHAGEN_WF03_M06_FULL_REBUILD_CONTROLLED_v1.5_FULL_VERSION.zip,src2/__nested__/0061/source_extracts/M06_v1.4/00_V1.2_BASELINE_RETAINED/00_V1.1_BASELINE_RETAINED/20_M06_FULL_REBUILD_CONTROLLED_v1.1.docx,1,37366
/mnt/data/p1_v11_source_scan/src2/RUMAHAGEN_WF03_M06_FULL_REBUILD_CONTROLLED_v1.5_FULL_VERSION.zip,src2/__nested__/0061/source_extracts/M06_v1.4/00_V1.2_BASELINE_RETAINED/00_V1.1_BASELINE_RETAINED/07_M06_LIFECYCLE_REVIEW_FULL.md,1,679
/mnt/data/p1_v11_source_scan/src2/RUMAHAGEN_WF03_M06_FULL_REBUILD_CONTROLLED_v1.5_FULL_VERSION.zip,src2/__nested__/0061/source_extracts/M06_v1.4/00_V1.2_BASELINE_RETAINED/00_V1.1_BASELINE_RETAINED/09_M06_PHYSICAL_RUNTIME_PREREQUISITE_REVIEW_FULL.md,1,390
/mnt/data/p1_v11_source_scan/src2/RUMAHAGEN_WF03_M06_FULL_REBUILD_CONTROLLED_v1.5_FULL_VERSION.zip,src2/__nested__/0061/source_extracts/M06_v1.4/00_V1.2_BASELINE_RETAINED/00_V1.1_BASELINE_RETAINED/01_M06_FULL_REBUILD_CONTROL_REPORT_v1.1.md,1,1241
/mnt/data/p1_v11_source_scan/src2/RUMAHAGEN_WF03_M06_FULL_REBUILD_CONTROLLED_v1.5_FULL_VERSION.zip,src2/__nested__/0061/source_extracts/M06_v1.4/00_V1.2_BASELINE_RETAINED/00_V1.1_BASELINE_RETAINED/13_M06_FULL_PERMISSION_MATRIX.csv,1,2870
/mnt/data/p1_v11_source_scan/src2/RUMAHAGEN_WF03_M06_FULL_REBUILD_CONTROLLED_v1.5_FULL_VERSION.zip,src2/__nested__/0061/source_extracts/M06_v1.4/00_V1.2_BASELINE_RETAINED/00_V1.1_BASELINE_RETAINED/16_M06_FULL_QUESTION_UPDATE.md,1,578
/mnt/data/p1_v11_source_scan/src2/RUMAHAGEN_WF03_M06_FULL_REBUILD_CONTROLLED_v1.5_FULL_VERSION.zip,src2/__nested__/0061/source_extracts/M06_v1.4/00_V1.2_BASELINE_RETAINED/00_V1.1_BASELINE_RETAINED/19_M06_FULL_CONTROL_MATRIX_v1.1.xlsx,1,10723
/mnt/data/p1_v11_source_scan/src2/RUMAHAGEN_WF03_M06_FULL_REBUILD_CONTROLLED_v1.5_FULL_VERSION.zip,src2/__nested__/0061/source_extracts/M06_v1.4/00_V1.2_BASELINE_RETAINED/00_V1.1_BASELINE_RETAINED/15_M06_FULL_CROSS_MODULE_MATRIX.csv,1,567
/mnt/data/p1_v11_source_scan/src2/RUMAHAGEN_WF03_M06_FULL_REBUILD_CONTROLLED_v1.5_FULL_VERSION.zip,src2/__nested__/0061/source_extracts/M06_v1.4/00_V1.2_BASELINE_RETAINED/00_V1.1_BASELINE_RETAINED/08_M06_CROSS_MODULE_DEPENDENCY_REVIEW_FULL.md,1,439
/mnt/data/p1_v11_source_scan/src2/RUMAHAGEN_WF03_M06_FULL_REBUILD_CONTROLLED_v1.5_FULL_VERSION.zip,src2/__nested__/0061/source_extracts/M06_v1.4/00_V1.2_BASELINE_RETAINED/00_V1.1_BASELINE_RETAINED/12_M06_FULL_FIELD_INVENTORY.csv,1,2510
/mnt/data/p1_v11_source_scan/src2/RUMAHAGEN_WF03_M06_FULL_REBUILD_CONTROLLED_v1.5_FULL_VERSION.zip,src2/__nested__/0061/source_extracts/M06_v1.4/00_V1.2_BASELINE_RETAINED/00_V1.1_BASELINE_RETAINED/02_M06_SOURCE_INVENTORY_100PCT.md,1,170
/mnt/data/p1_v11_source_scan/src2/RUMAHAGEN_WF03_M06_FULL_REBUILD_CONTROLLED_v1.5_FULL_VERSION.zip,src2/__nested__/0061/source_extracts/M06_v1.4/00_V1.2_BASELINE_RETAINED/00_V1.1_BASELINE_RETAINED/05_M06_ROLE_SCOPE_REVIEW_FULL.md,1,739
/mnt/data/p1_v11_source_scan/src2/RUMAHAGEN_WF03_M06_FULL_REBUILD_CONTROLLED_v1.5_FULL_VERSION.zip,src2/__nested__/0061/source_extracts/M06_v1.4/00_V1.2_BASELINE_RETAINED/00_V1.1_BASELINE_RETAINED/06_M06_PERMISSION_DEPENDENCY_REVIEW_FULL.md,1,663
/mnt/data/p1_v11_source_scan/src2/RUMAHAGEN_WF03_M06_FULL_REBUILD_CONTROLLED_v1.5_FULL_VERSION.zip,src2/__nested__/0061/source_extracts/M06_v1.4/00_V1.2_BASELINE_RETAINED/00_V1.1_BASELINE_RETAINED/17_M06_FINAL_QA_FULL.md,1,1103
/mnt/data/p1_v11_source_scan/src2/RUMAHAGEN_WF03_M06_FULL_REBUILD_CONTROLLED_v1.5_FULL_VERSION.zip,src2/__nested__/0061/source_extracts/M06_v1.4/00_V1.2_BASELINE_RETAINED/00_V1.1_BASELINE_RETAINED/00_V1.0_BASELINE_RETAINED/19_M06_FULL_REBUILD_CONTROLLED_v1.0.docx,1,37283
/mnt/data/p1_v11_source_scan/src2/RUMAHAGEN_WF03_M06_FULL_REBUILD_CONTROLLED_v1.5_FULL_VERSION.zip,src2/__nested__/0061/source_extracts/M06_v1.4/00_V1.2_BASELINE_RETAINED/00_V1.1_BASELINE_RETAINED/00_V1.0_BASELINE_RETAINED/03_M06_QUESTION_INVENTORY_100PCT.md,1,203
/mnt/data/p1_v11_source_scan/src2/RUMAHAGEN_WF03_M06_FULL_REBUILD_CONTROLLED_v1.5_FULL_VERSION.zip,src2/__nested__/0061/source_extracts/M06_v1.4/00_V1.2_BASELINE_RETAINED/00_V1.1_BASELINE_RETAINED/00_V1.0_BASELINE_RETAINED/12_M06_FULL_PERMISSION_ACTION_MATRIX.csv,1,668
/mnt/data/p1_v11_source_scan/src2/RUMAHAGEN_WF03_M06_FULL_REBUILD_CONTROLLED_v1.5_FULL_VERSION.zip,src2/__nested__/0061/source_extracts/M06_v1.4/00_V1.2_BASELINE_RETAINED/00_V1.1_BASELINE_RETAINED/00_V1.0_BASELINE_RETAINED/18_M06_FULL_CONTROL_MATRIX.xlsx,1,7762
/mnt/data/p1_v11_source_scan/src2/RUMAHAGEN_WF03_M06_FULL_REBUILD_CONTROLLED_v1.5_FULL_VERSION.zip,src2/__nested__/0061/source_extracts/M06_v1.4/00_V1.2_BASELINE_RETAINED/00_V1.1_BASELINE_RETAINED/00_V1.0_BASELINE_RETAINED/16_M06_QA.md,1,549
/mnt/data/p1_v11_source_scan/src2/RUMAHAGEN_WF03_M06_FULL_REBUILD_CONTROLLED_v1.5_FULL_VERSION.zip,src2/__nested__/0061/source_extracts/M06_v1.4/00_V1.2_BASELINE_RETAINED/00_V1.1_BASELINE_RETAINED/00_V1.0_BASELINE_RETAINED/10_M06_FULL_FIELD_INVENTORY.csv,1,41
/mnt/data/p1_v11_source_scan/src2/RUMAHAGEN_WF03_M06_FULL_REBUILD_CONTROLLED_v1.5_FULL_VERSION.zip,src2/__nested__/0061/source_extracts/M06_v1.4/00_V1.2_BASELINE_RETAINED/00_V1.1_BASELINE_RETAINED/00_V1.0_BASELINE_RETAINED/11_M06_FULL_ROLE_PERMISSION_MATRIX.csv,1,661
/mnt/data/p1_v11_source_scan/src2/RUMAHAGEN_WF03_M06_FULL_REBUILD_CONTROLLED_v1.5_FULL_VERSION.zip,src2/__nested__/0061/source_extracts/M06_v1.4/00_V1.2_BASELINE_RETAINED/00_V1.1_BASELINE_RETAINED/00_V1.0_BASELINE_RETAINED/02_M06_SOURCE_INVENTORY_100PCT.csv,1,48037
/mnt/data/p1_v11_source_scan/src2/RUMAHAGEN_WF03_M06_FULL_REBUILD_CONTROLLED_v1.5_FULL_VERSION.zip,src2/__nested__/0061/source_extracts/M06_v1.4/00_V1.2_BASELINE_RETAINED/00_V1.1_BASELINE_RETAINED/00_V1.0_BASELINE_RETAINED/14_M06_FULL_LIFECYCLE_MATRIX.csv,1,416
/mnt/data/p1_v11_source_scan/src2/RUMAHAGEN_WF03_M06_FULL_REBUILD_CONTROLLED_v1.5_FULL_VERSION.zip,src2/__nested__/0061/source_extracts/M06_v1.4/00_V1.2_BASELINE_RETAINED/00_V1.1_BASELINE_RETAINED/00_V1.0_BASELINE_RETAINED/03_M06_QUESTION_INVENTORY_100PCT.csv,1,1778
/mnt/data/p1_v11_source_scan/src2/RUMAHAGEN_WF03_M06_FULL_REBUILD_CONTROLLED_v1.5_FULL_VERSION.zip,src2/__nested__/0061/source_extracts/M06_v1.4/00_V1.2_BASELINE_RETAINED/00_V1.1_BASELINE_RETAINED/00_V1.0_BASELINE_RETAINED/01_M06_SOURCE_INVENTORY_100PCT.md,1,294
/mnt/data/p1_v11_source_scan/src2/RUMAHAGEN_WF03_M06_FULL_REBUILD_CONTROLLED_v1.5_FULL_VERSION.zip,src2/__nested__/0061/source_extracts/M06_v1.4/00_V1.2_BASELINE_RETAINED/00_V1.1_BASELINE_RETAINED/00_V1.0_BASELINE_RETAINED/09_M06_GENUINE_DOCUMENTARY_BLOCKERS.md,1,391
/mnt/data/p1_v11_source_scan/src2/RUMAHAGEN_WF03_M06_FULL_REBUILD_CONTROLLED_v1.5_FULL_VERSION.zip,src2/__nested__/0061/source_extracts/M06_v1.4/00_V1.2_BASELINE_RETAINED/00_V1.1_BASELINE_RETAINED/00_V1.0_BASELINE_RETAINED/08_M06_PHYSICAL_RUNTIME_PREREQUISITE_REVIEW.md,1,446
/mnt/data/p1_v11_source_scan/src2/RUMAHAGEN_WF03_M06_FULL_REBUILD_CONTROLLED_v1.5_FULL_VERSION.zip,src2/__nested__/0061/source_extracts/M06_v1.4/00_V1.2_BASELINE_RETAINED/00_V1.1_BASELINE_RETAINED/00_V1.0_BASELINE_RETAINED/06_M06_LIFECYCLE_REVIEW.md,1,528
/mnt/data/p1_v11_source_scan/src2/RUMAHAGEN_WF03_M06_FULL_REBUILD_CONTROLLED_v1.5_FULL_VERSION.zip,src2/__nested__/0061/source_extracts/M06_v1.4/00_V1.2_BASELINE_RETAINED/00_V1.1_BASELINE_RETAINED/00_V1.0_BASELINE_RETAINED/04_M06_ROLE_SCOPE_REVIEW.md,1,535
/mnt/data/p1_v11_source_scan/src2/RUMAHAGEN_WF03_M06_FULL_REBUILD_CONTROLLED_v1.5_FULL_VERSION.zip,src2/__nested__/0061/source_extracts/M06_v1.4/00_V1.2_BASELINE_RETAINED/00_V1.1_BASELINE_RETAINED/00_V1.0_BASELINE_RETAINED/07_M06_CROSS_MODULE_DEPENDENCY_REVIEW.md,1,563
/mnt/data/p1_v11_source_scan/src2/RUMAHAGEN_WF03_M06_FULL_REBUILD_CONTROLLED_v1.5_FULL_VERSION.zip,src2/__nested__/0061/source_extracts/M06_v1.4/00_V1.2_BASELINE_RETAINED/00_V1.1_BASELINE_RETAINED/00_V1.0_BASELINE_RETAINED/05_M06_PERMISSION_DEPENDENCY_REVIEW.md,1,548
/mnt/data/p1_v11_source_scan/src2/RUMAHAGEN_WF03_M06_FULL_REBUILD_CONTROLLED_v1.5_FULL_VERSION.zip,src2/__nested__/0061/source_extracts/M06_v1.4/00_V1.2_BASELINE_RETAINED/00_V1.1_BASELINE_RETAINED/00_V1.0_BASELINE_RETAINED/00_M06_FULL_REBUILD_CONTROL_REPORT_v1.0.md,1,809
/mnt/data/p1_v11_source_scan/src2/RUMAHAGEN_WF03_M06_FULL_REBUILD_CONTROLLED_v1.5_FULL_VERSION.zip,src2/__nested__/0061/source_extracts/M06_v1.4/00_V1.2_BASELINE_RETAINED/00_V1.1_BASELINE_RETAINED/00_V1.0_BASELINE_RETAINED/15_M06_FULL_QUESTION_UPDATE.md,1,416
/mnt/data/p1_v11_source_scan/src2/RUMAHAGEN_WF03_M06_FULL_REBUILD_CONTROLLED_v1.5_FULL_VERSION.zip,src2/__nested__/0061/source_extracts/M06_v1.4/00_V1.2_BASELINE_RETAINED/00_V1.1_BASELINE_RETAINED/00_V1.0_BASELINE_RETAINED/17_M06_CONTROLLED_OUTPUT_MANIFEST.md,1,278
/mnt/data/p1_v11_source_scan/src2/RUMAHAGEN_WF03_M06_FULL_REBUILD_CONTROLLED_v1.5_FULL_VERSION.zip,src2/__nested__/0061/source_extracts/M06_v1.4/00_V1.2_BASELINE_RETAINED/00_V1.1_BASELINE_RETAINED/00_V1.0_BASELINE_RETAINED/13_M06_FULL_CONFIGURATION_MATRIX.csv,1,328
/mnt/data/p1_v11_source_scan/src2/RUMAHAGEN_WF03_M06_FULL_REBUILD_CONTROLLED_v1.5_FULL_VERSION.zip,src2/__nested__/0061/source_extracts/M05_RECON/01_FULL_V1.2_RETAINED/evidence_provider.md,1,8501
/mnt/data/p1_v11_source_scan/src2/RUMAHAGEN_WF03_M06_FULL_REBUILD_CONTROLLED_v1.5_FULL_VERSION.zip,src2/__nested__/0061/source_extracts/M05_RECON/01_FULL_V1.2_RETAINED/evidence_quota.md,1,8997
/mnt/data/p1_v11_source_scan/src2/RUMAHAGEN_WF03_M06_FULL_REBUILD_CONTROLLED_v1.5_FULL_VERSION.zip,src2/__nested__/0061/source_extracts/M05_RECON/01_FULL_V1.2_RETAINED/06_M05_CROSS_ARTIFACT_RECONCILIATION_FULL_v1.2.md,1,771
/mnt/data/p1_v11_source_scan/src2/RUMAHAGEN_WF03_M06_FULL_REBUILD_CONTROLLED_v1.5_FULL_VERSION.zip,src2/__nested__/0061/source_extracts/M05_RECON/01_FULL_V1.2_RETAINED/07_M05_PHYSICAL_RUNTIME_PREREQUISITE_REVIEW_FULL_v1.2.md,1,576
/mnt/data/p1_v11_source_scan/src2/RUMAHAGEN_WF03_M06_FULL_REBUILD_CONTROLLED_v1.5_FULL_VERSION.zip,src2/__nested__/0061/source_extracts/M05_RECON/01_FULL_V1.2_RETAINED/16_M05_FULL_REBUILD_CONTROLLED_v1.2.docx,1,38911
/mnt/data/p1_v11_source_scan/src2/RUMAHAGEN_WF03_M06_FULL_REBUILD_CONTROLLED_v1.5_FULL_VERSION.zip,src2/__nested__/0061/source_extracts/M05_RECON/01_FULL_V1.2_RETAINED/08_M05_CROSS_MODULE_RECONCILIATION_FULL_v1.2.md,1,468
/mnt/data/p1_v11_source_scan/src2/RUMAHAGEN_WF03_M06_FULL_REBUILD_CONTROLLED_v1.5_FULL_VERSION.zip,src2/__nested__/0061/source_extracts/M05_RECON/01_FULL_V1.2_RETAINED/evidence_iframe.md,1,7107
/mnt/data/p1_v11_source_scan/src2/RUMAHAGEN_WF03_M06_FULL_REBUILD_CONTROLLED_v1.5_FULL_VERSION.zip,src2/__nested__/0061/source_extracts/M05_RECON/01_FULL_V1.2_RETAINED/evidence_late_registration.md,1,8522
/mnt/data/p1_v11_source_scan/src2/RUMAHAGEN_WF03_M06_FULL_REBUILD_CONTROLLED_v1.5_FULL_VERSION.zip,src2/__nested__/0061/source_extracts/M05_RECON/01_FULL_V1.2_RETAINED/03_M05_SEMANTIC_REVIEW_FULL_v1.2.md,1,824
/mnt/data/p1_v11_source_scan/src2/RUMAHAGEN_WF03_M06_FULL_REBUILD_CONTROLLED_v1.5_FULL_VERSION.zip,src2/__nested__/0061/source_extracts/M05_RECON/01_FULL_V1.2_RETAINED/evidence_fields.md,1,8908
/mnt/data/p1_v11_source_scan/src2/RUMAHAGEN_WF03_M06_FULL_REBUILD_CONTROLLED_v1.5_FULL_VERSION.zip,src2/__nested__/0061/source_extracts/M05_RECON/01_FULL_V1.2_RETAINED/01_M05_SOURCE_INVENTORY_100PCT_v1.2.md,1,331
/mnt/data/p1_v11_source_scan/src2/RUMAHAGEN_WF03_M06_FULL_REBUILD_CONTROLLED_v1.5_FULL_VERSION.zip,src2/__nested__/0061/source_extracts/M05_RECON/01_FULL_V1.2_RETAINED/evidence_attendance.md,1,8385
/mnt/data/p1_v11_source_scan/src2/RUMAHAGEN_WF03_M06_FULL_REBUILD_CONTROLLED_v1.5_FULL_VERSION.zip,src2/__nested__/0061/source_extracts/M05_RECON/01_FULL_V1.2_RETAINED/15_M05_MANIFEST_CONTROLLED_v1.2.md,1,527
/mnt/data/p1_v11_source_scan/src2/RUMAHAGEN_WF03_M06_FULL_REBUILD_CONTROLLED_v1.5_FULL_VERSION.zip,src2/__nested__/0061/source_extracts/M05_RECON/01_FULL_V1.2_RETAINED/02_M05_QUESTION_INVENTORY_FULL_v1.2.csv,1,2321
/mnt/data/p1_v11_source_scan/src2/RUMAHAGEN_WF03_M06_FULL_REBUILD_CONTROLLED_v1.5_FULL_VERSION.zip,src2/__nested__/0061/source_extracts/M05_RECON/01_FULL_V1.2_RETAINED/10_M05_CONFIGURATION_PROVIDER_FULL_v1.2.md,1,994
/mnt/data/p1_v11_source_scan/src2/RUMAHAGEN_WF03_M06_FULL_REBUILD_CONTROLLED_v1.5_FULL_VERSION.zip,src2/__nested__/0061/source_extracts/M05_RECON/01_FULL_V1.2_RETAINED/evidence_waitinglist.md,1,8521
/mnt/data/p1_v11_source_scan/src2/RUMAHAGEN_WF03_M06_FULL_REBUILD_CONTROLLED_v1.5_FULL_VERSION.zip,src2/__nested__/0061/source_extracts/M05_RECON/01_FULL_V1.2_RETAINED/09_M05_ACTOR_SURFACE_FULL_v1.2.md,1,632
/mnt/data/p1_v11_source_scan/src2/RUMAHAGEN_WF03_M06_FULL_REBUILD_CONTROLLED_v1.5_FULL_VERSION.zip,src2/__nested__/0061/source_extracts/M05_RECON/01_FULL_V1.2_RETAINED/12_M05_FULL_FIELD_CONFIGURATION_PERMISSION_MATRIX_v1.2.xlsx,1,8960
/mnt/data/p1_v11_source_scan/src2/RUMAHAGEN_WF03_M06_FULL_REBUILD_CONTROLLED_v1.5_FULL_VERSION.zip,src2/__nested__/0061/source_extracts/M05_RECON/01_FULL_V1.2_RETAINED/11_M05_PERMISSION_MATRIX_FULL_v1.2.csv,1,585
/mnt/data/p1_v11_source_scan/src2/RUMAHAGEN_WF03_M06_FULL_REBUILD_CONTROLLED_v1.5_FULL_VERSION.zip,src2/__nested__/0061/source_extracts/M05_RECON/01_FULL_V1.2_RETAINED/02_M05_QUESTION_INVENTORY_FULL_v1.2.md,1,237
/mnt/data/p1_v11_source_scan/src2/RUMAHAGEN_WF03_M06_FULL_REBUILD_CONTROLLED_v1.5_FULL_VERSION.zip,src2/__nested__/0061/source_extracts/M05_RECON/01_FULL_V1.2_RETAINED/13_M05_EVIDENCE_PROVENANCE_AND_DIFF_v1.2.md,1,1658
/mnt/data/p1_v11_source_scan/src2/RUMAHAGEN_WF03_M06_FULL_REBUILD_CONTROLLED_v1.5_FULL_VERSION.zip,src2/__nested__/0061/source_extracts/M05_RECON/01_FULL_V1.2_RETAINED/00_M05_FULL_REBUILD_CONTROL_REPORT_v1.2.md,1,1490
/mnt/data/p1_v11_source_scan/src2/RUMAHAGEN_WF03_M06_FULL_REBUILD_CONTROLLED_v1.5_FULL_VERSION.zip,src2/__nested__/0061/source_extracts/M05_RECON/01_FULL_V1.2_RETAINED/01_M05_SOURCE_INVENTORY_100PCT_v1.2.csv,1,67454
/mnt/data/p1_v11_source_scan/src2/RUMAHAGEN_WF03_M06_FULL_REBUILD_CONTROLLED_v1.5_FULL_VERSION.zip,src2/__nested__/0061/source_extracts/M05_RECON/01_FULL_V1.2_RETAINED/05_M05_PERMISSION_ACTION_REVIEW_FULL_v1.2.md,1,603
/mnt/data/p1_v11_source_scan/src2/RUMAHAGEN_WF03_M06_FULL_REBUILD_CONTROLLED_v1.5_FULL_VERSION.zip,src2/__nested__/0061/source_extracts/M05_RECON/01_FULL_V1.2_RETAINED/14_M05_QA_FULL_v1.2.md,1,1150
/mnt/data/p1_v11_source_scan/src2/RUMAHAGEN_WF03_M06_FULL_REBUILD_CONTROLLED_v1.5_FULL_VERSION.zip,src2/__nested__/0061/source_extracts/M05_RECON/01_FULL_V1.2_RETAINED/04_M05_LIFECYCLE_FULL_v1.2.md,1,959
/mnt/data/M01-M15 new recon(20260907-081753).zip,src2/RUMAHAGEN_WF03_M06_CORE_IMPACT_ANALYSIS_FULL_v1.0_CONTROLLED.zip,0,18996
/mnt/data/p1_v11_source_scan/src2/RUMAHAGEN_WF03_M06_CORE_IMPACT_ANALYSIS_FULL_v1.0_CONTROLLED.zip,src2/__nested__/0075/10_MANIFEST_M06_CORE_IMPACT_v1.0.csv,1,1272
/mnt/data/p1_v11_source_scan/src2/RUMAHAGEN_WF03_M06_CORE_IMPACT_ANALYSIS_FULL_v1.0_CONTROLLED.zip,src2/__nested__/0075/01_M06_CORE_IMPACT_MATRIX_FULL_v1.0.xlsx,1,9462
/mnt/data/p1_v11_source_scan/src2/RUMAHAGEN_WF03_M06_CORE_IMPACT_ANALYSIS_FULL_v1.0_CONTROLLED.zip,src2/__nested__/0075/06_M06_CORE_CONFLICT_REGISTER_FULL_v1.0.md,1,1627
/mnt/data/p1_v11_source_scan/src2/RUMAHAGEN_WF03_M06_CORE_IMPACT_ANALYSIS_FULL_v1.0_CONTROLLED.zip,src2/__nested__/0075/05_M06_CORE_DEPENDENCY_IMPACT_FULL_v1.0.md,1,1046
/mnt/data/p1_v11_source_scan/src2/RUMAHAGEN_WF03_M06_CORE_IMPACT_ANALYSIS_FULL_v1.0_CONTROLLED.zip,src2/__nested__/0075/01_M06_CORE_IMPACT_MATRIX_FULL_v1.0.csv,1,4854
/mnt/data/p1_v11_source_scan/src2/RUMAHAGEN_WF03_M06_CORE_IMPACT_ANALYSIS_FULL_v1.0_CONTROLLED.zip,src2/__nested__/0075/00_M06_CORE_IMPACT_EXECUTIVE_SUMMARY_v1.0.md,1,1612
/mnt/data/p1_v11_source_scan/src2/RUMAHAGEN_WF03_M06_CORE_IMPACT_ANALYSIS_FULL_v1.0_CONTROLLED.zip,src2/__nested__/0075/02_M06_CORE_PROPAGATION_MATRIX_FULL_v1.0.csv,1,1626
/mnt/data/p1_v11_source_scan/src2/RUMAHAGEN_WF03_M06_CORE_IMPACT_ANALYSIS_FULL_v1.0_CONTROLLED.zip,src2/__nested__/0075/03_M06_CORE_REQUIRED_CHANGE_REGISTER_FULL_v1.0.md,1,2112
/mnt/data/p1_v11_source_scan/src2/RUMAHAGEN_WF03_M06_CORE_IMPACT_ANALYSIS_FULL_v1.0_CONTROLLED.zip,src2/__nested__/0075/04_M06_CORE_AUTHORITY_MAPPING_FULL_v1.0.md,1,1432
/mnt/data/p1_v11_source_scan/src2/RUMAHAGEN_WF03_M06_CORE_IMPACT_ANALYSIS_FULL_v1.0_CONTROLLED.zip,src2/__nested__/0075/08_M06_CORE_INTEGRATION_READINESS_FULL_v1.0.md,1,809
/mnt/data/p1_v11_source_scan/src2/RUMAHAGEN_WF03_M06_CORE_IMPACT_ANALYSIS_FULL_v1.0_CONTROLLED.zip,src2/__nested__/0075/07_M06_CORE_IMPACT_QA_FULL_v1.0.md,1,1135
/mnt/data/p1_v11_source_scan/src2/RUMAHAGEN_WF03_M06_CORE_IMPACT_ANALYSIS_FULL_v1.0_CONTROLLED.zip,src2/__nested__/0075/09_M06_CORE_IMPACT_PROVENANCE_v1.0.md,1,570
/mnt/data/M01-M15 new recon(20260907-081753).zip,src2/RUMAHAGEN_WF03_M06_QIR_RESOLUTION_CONTROLLED_v1.0_FULL_VERSION.zip,0,2963686
/mnt/data/p1_v11_source_scan/src2/RUMAHAGEN_WF03_M06_QIR_RESOLUTION_CONTROLLED_v1.0_FULL_VERSION.zip,src2/__nested__/0076/11_M06_QIR_OUTPUT_MANIFEST_v1.0.csv,1,68358
/mnt/data/p1_v11_source_scan/src2/RUMAHAGEN_WF03_M06_QIR_RESOLUTION_CONTROLLED_v1.0_FULL_VERSION.zip,src2/__nested__/0076/02_M06_PROJECT_FIELD_INVENTORY_v1.5.csv,1,3186
/mnt/data/p1_v11_source_scan/src2/RUMAHAGEN_WF03_M06_QIR_RESOLUTION_CONTROLLED_v1.0_FULL_VERSION.zip,src2/__nested__/0076/09_M06_CONTROLLED_OUTPUT_MANIFEST_v1.5.csv,1,64495
/mnt/data/p1_v11_source_scan/src2/RUMAHAGEN_WF03_M06_QIR_RESOLUTION_CONTROLLED_v1.0_FULL_VERSION.zip,src2/__nested__/0076/05_M06_PERMISSION_MATRIX_FULL_24_ROWS_v1.5.csv,1,2935
/mnt/data/p1_v11_source_scan/src2/RUMAHAGEN_WF03_M06_QIR_RESOLUTION_CONTROLLED_v1.0_FULL_VERSION.zip,src2/__nested__/0076/01_M06_FULL_CONTROL_MATRIX_v1.5.xlsx,1,18869
/mnt/data/p1_v11_source_scan/src2/RUMAHAGEN_WF03_M06_QIR_RESOLUTION_CONTROLLED_v1.0_FULL_VERSION.zip,src2/__nested__/0076/04_M06_QUESTION_INVENTORY_v1.5.csv,1,4160
/mnt/data/p1_v11_source_scan/src2/RUMAHAGEN_WF03_M06_QIR_RESOLUTION_CONTROLLED_v1.0_FULL_VERSION.zip,src2/__nested__/0076/03_M06_M03_FIELD_MAPPING_v1.5.csv,1,3574
/mnt/data/p1_v11_source_scan/src2/RUMAHAGEN_WF03_M06_QIR_RESOLUTION_CONTROLLED_v1.0_FULL_VERSION.zip,src2/__nested__/0076/10_M06_V15_CORRECTION_RECONCILIATION_REPORT.md,1,1261
/mnt/data/p1_v11_source_scan/src2/RUMAHAGEN_WF03_M06_QIR_RESOLUTION_CONTROLLED_v1.0_FULL_VERSION.zip,src2/__nested__/0076/08_M06_SECOND_PASS_PREP_QA_v1.5.md,1,1974
/mnt/data/p1_v11_source_scan/src2/RUMAHAGEN_WF03_M06_QIR_RESOLUTION_CONTROLLED_v1.0_FULL_VERSION.zip,src2/__nested__/0076/07_M06_FULL_REBUILD_CONTROLLED_v1.5.md,1,4009
/mnt/data/p1_v11_source_scan/src2/RUMAHAGEN_WF03_M06_QIR_RESOLUTION_CONTROLLED_v1.0_FULL_VERSION.zip,src2/__nested__/0076/README_M06_FULL_REBUILD_v1.5.md,1,1422
/mnt/data/p1_v11_source_scan/src2/RUMAHAGEN_WF03_M06_QIR_RESOLUTION_CONTROLLED_v1.0_FULL_VERSION.zip,src2/__nested__/0076/06_M06_FULL_REBUILD_CORRECTION_DECISIONS_v1.5.md,1,5176
/mnt/data/p1_v11_source_scan/src2/RUMAHAGEN_WF03_M06_QIR_RESOLUTION_CONTROLLED_v1.0_FULL_VERSION.zip,src2/__nested__/0076/05A_M06_MARKETING_KIT_ACTION_AUTHORITY_v1.5.csv,1,510
/mnt/data/p1_v11_source_scan/src2/RUMAHAGEN_WF03_M06_QIR_RESOLUTION_CONTROLLED_v1.0_FULL_VERSION.zip,src2/__nested__/0076/README_M06_QIR_RESOLUTION_v1.0.md,1,587
/mnt/data/p1_v11_source_scan/src2/RUMAHAGEN_WF03_M06_QIR_RESOLUTION_CONTROLLED_v1.0_FULL_VERSION.zip,src2/__nested__/0076/00_V1.4_BASELINE_RETAINED/00_V1.3_CANONICAL_BASELINE_RETAINED.xlsx,1,14158
/mnt/data/p1_v11_source_scan/src2/RUMAHAGEN_WF03_M06_QIR_RESOLUTION_CONTROLLED_v1.0_FULL_VERSION.zip,src2/__nested__/0076/00_V1.4_BASELINE_RETAINED/09_M06_CONTROLLED_OUTPUT_MANIFEST_v1.4.csv,1,9681
/mnt/data/p1_v11_source_scan/src2/RUMAHAGEN_WF03_M06_QIR_RESOLUTION_CONTROLLED_v1.0_FULL_VERSION.zip,src2/__nested__/0076/00_V1.4_BASELINE_RETAINED/03_M06_M03_FIELD_MAPPING_v1.4.csv,1,2882
/mnt/data/p1_v11_source_scan/src2/RUMAHAGEN_WF03_M06_QIR_RESOLUTION_CONTROLLED_v1.0_FULL_VERSION.zip,src2/__nested__/0076/00_V1.4_BASELINE_RETAINED/01_M06_FULL_CONTROL_MATRIX_v1.4.xlsx,1,17000
/mnt/data/p1_v11_source_scan/src2/RUMAHAGEN_WF03_M06_QIR_RESOLUTION_CONTROLLED_v1.0_FULL_VERSION.zip,src2/__nested__/0076/00_V1.4_BASELINE_RETAINED/07_M06_FULL_REBUILD_CONTROLLED_v1.3.md,1,838
/mnt/data/p1_v11_source_scan/src2/RUMAHAGEN_WF03_M06_QIR_RESOLUTION_CONTROLLED_v1.0_FULL_VERSION.zip,src2/__nested__/0076/00_V1.4_BASELINE_RETAINED/04_M06_QUESTION_INVENTORY_v1.3.csv,1,1331
/mnt/data/p1_v11_source_scan/src2/RUMAHAGEN_WF03_M06_QIR_RESOLUTION_CONTROLLED_v1.0_FULL_VERSION.zip,src2/__nested__/0076/00_V1.4_BASELINE_RETAINED/02_M06_PROJECT_FIELD_INVENTORY_v1.3.csv,1,2314
/mnt/data/p1_v11_source_scan/src2/RUMAHAGEN_WF03_M06_QIR_RESOLUTION_CONTROLLED_v1.0_FULL_VERSION.zip,src2/__nested__/0076/00_V1.4_BASELINE_RETAINED/05_M06_CORRECTION_DECISION_v1.3.md,1,786
/mnt/data/p1_v11_source_scan/src2/RUMAHAGEN_WF03_M06_QIR_RESOLUTION_CONTROLLED_v1.0_FULL_VERSION.zip,src2/__nested__/0076/00_V1.4_BASELINE_RETAINED/07_M06_FULL_REBUILD_CONTROLLED_v1.4.md,1,1212
/mnt/data/p1_v11_source_scan/src2/RUMAHAGEN_WF03_M06_QIR_RESOLUTION_CONTROLLED_v1.0_FULL_VERSION.zip,src2/__nested__/0076/00_V1.4_BASELINE_RETAINED/06_M06_FULL_REBUILD_CORRECTION_DECISIONS_v1.4.md,1,1553
/mnt/data/p1_v11_source_scan/src2/RUMAHAGEN_WF03_M06_QIR_RESOLUTION_CONTROLLED_v1.0_FULL_VERSION.zip,src2/__nested__/0076/00_V1.4_BASELINE_RETAINED/03_M06_M03_FIELD_MAPPING_v1.3.csv,1,823
/mnt/data/p1_v11_source_scan/src2/RUMAHAGEN_WF03_M06_QIR_RESOLUTION_CONTROLLED_v1.0_FULL_VERSION.zip,src2/__nested__/0076/00_V1.4_BASELINE_RETAINED/04_M06_QUESTION_INVENTORY_v1.4.csv,1,2339
/mnt/data/p1_v11_source_scan/src2/RUMAHAGEN_WF03_M06_QIR_RESOLUTION_CONTROLLED_v1.0_FULL_VERSION.zip,src2/__nested__/0076/00_V1.4_BASELINE_RETAINED/05_M06_PERMISSION_MATRIX_FULL_24_ROWS_v1.4.csv,1,2459
/mnt/data/p1_v11_source_scan/src2/RUMAHAGEN_WF03_M06_QIR_RESOLUTION_CONTROLLED_v1.0_FULL_VERSION.zip,src2/__nested__/0076/00_V1.4_BASELINE_RETAINED/02_M06_PROJECT_FIELD_INVENTORY_v1.4.csv,1,3186
/mnt/data/p1_v11_source_scan/src2/RUMAHAGEN_WF03_M06_QIR_RESOLUTION_CONTROLLED_v1.0_FULL_VERSION.zip,src2/__nested__/0076/00_V1.4_BASELINE_RETAINED/08_M06_SECOND_PASS_PREP_QA_v1.4.md,1,675
/mnt/data/p1_v11_source_scan/src2/RUMAHAGEN_WF03_M06_QIR_RESOLUTION_CONTROLLED_v1.0_FULL_VERSION.zip,src2/__nested__/0076/00_V1.4_BASELINE_RETAINED/06_M06_SECOND_PASS_QA_v1.3.md,1,566
/mnt/data/p1_v11_source_scan/src2/RUMAHAGEN_WF03_M06_QIR_RESOLUTION_CONTROLLED_v1.0_FULL_VERSION.zip,src2/__nested__/0076/M06_QIR_RESOLUTION_v1.0/04_M06_QIR_PERMISSION_RECONCILIATION_v1.0.csv,1,535
/mnt/data/p1_v11_source_scan/src2/RUMAHAGEN_WF03_M06_QIR_RESOLUTION_CONTROLLED_v1.0_FULL_VERSION.zip,src2/__nested__/0076/M06_QIR_RESOLUTION_v1.0/02_M06_QIR_CONTRADICTION_REGISTER_v1.0.csv,1,1675
/mnt/data/p1_v11_source_scan/src2/RUMAHAGEN_WF03_M06_QIR_RESOLUTION_CONTROLLED_v1.0_FULL_VERSION.zip,src2/__nested__/0076/M06_QIR_RESOLUTION_v1.0/10_M06_QIR_RESOLUTION_MATRIX_v1.0.xlsx,1,9737
/mnt/data/p1_v11_source_scan/src2/RUMAHAGEN_WF03_M06_QIR_RESOLUTION_CONTROLLED_v1.0_FULL_VERSION.zip,src2/__nested__/0076/M06_QIR_RESOLUTION_v1.0/01_M06_QIR_QUESTION_CLOSURE_MATRIX_v1.0.csv,1,5775
/mnt/data/p1_v11_source_scan/src2/RUMAHAGEN_WF03_M06_QIR_RESOLUTION_CONTROLLED_v1.0_FULL_VERSION.zip,src2/__nested__/0076/M06_QIR_RESOLUTION_v1.0/06_M06_QIR_PHYSICAL_RUNTIME_SEPARATION_v1.0.csv,1,470
/mnt/data/p1_v11_source_scan/src2/RUMAHAGEN_WF03_M06_QIR_RESOLUTION_CONTROLLED_v1.0_FULL_VERSION.zip,src2/__nested__/0076/M06_QIR_RESOLUTION_v1.0/05_M06_QIR_LIFECYCLE_AUTHORITY_RECONCILIATION_v1.0.csv,1,597
/mnt/data/p1_v11_source_scan/src2/RUMAHAGEN_WF03_M06_QIR_RESOLUTION_CONTROLLED_v1.0_FULL_VERSION.zip,src2/__nested__/0076/M06_QIR_RESOLUTION_v1.0/08_M06_QIR_FINAL_QA_v1.0.md,1,875
/mnt/data/p1_v11_source_scan/src2/RUMAHAGEN_WF03_M06_QIR_RESOLUTION_CONTROLLED_v1.0_FULL_VERSION.zip,src2/__nested__/0076/M06_QIR_RESOLUTION_v1.0/07_M06_QIR_RESIDUAL_DOWNSTREAM_REGISTER_v1.0.csv,1,958
/mnt/data/p1_v11_source_scan/src2/RUMAHAGEN_WF03_M06_QIR_RESOLUTION_CONTROLLED_v1.0_FULL_VERSION.zip,src2/__nested__/0076/M06_QIR_RESOLUTION_v1.0/03_M06_M03_FIELD_PARITY_RECONCILIATION_v1.0.csv,1,1472
/mnt/data/p1_v11_source_scan/src2/RUMAHAGEN_WF03_M06_QIR_RESOLUTION_CONTROLLED_v1.0_FULL_VERSION.zip,src2/__nested__/0076/M06_QIR_RESOLUTION_v1.0/00_M06_QIR_RESOLUTION_CONTROL_REPORT_v1.0.md,1,3735
/mnt/data/p1_v11_source_scan/src2/RUMAHAGEN_WF03_M06_QIR_RESOLUTION_CONTROLLED_v1.0_FULL_VERSION.zip,src2/__nested__/0076/M06_QIR_RESOLUTION_v1.0/09_M06_QIR_PROVENANCE_MANIFEST_v1.0.md,1,888
/mnt/data/p1_v11_source_scan/src2/RUMAHAGEN_WF03_M06_QIR_RESOLUTION_CONTROLLED_v1.0_FULL_VERSION.zip,src2/__nested__/0076/00_V1.4_BASELINE_RETAINED/00_V1.2_BASELINE_RETAINED/06_M06_MARKETING_KIT_PERMISSION_MATRIX.csv,1,668
/mnt/data/p1_v11_source_scan/src2/RUMAHAGEN_WF03_M06_QIR_RESOLUTION_CONTROLLED_v1.0_FULL_VERSION.zip,src2/__nested__/0076/00_V1.4_BASELINE_RETAINED/00_V1.2_BASELINE_RETAINED/14_M06_FULL_QUESTION_UPDATE.md,1,123
/mnt/data/p1_v11_source_scan/src2/RUMAHAGEN_WF03_M06_QIR_RESOLUTION_CONTROLLED_v1.0_FULL_VERSION.zip,src2/__nested__/0076/00_V1.4_BASELINE_RETAINED/00_V1.2_BASELINE_RETAINED/10_M06_LIFECYCLE_REVIEW_FULL.md,1,359
/mnt/data/p1_v11_source_scan/src2/RUMAHAGEN_WF03_M06_QIR_RESOLUTION_CONTROLLED_v1.0_FULL_VERSION.zip,src2/__nested__/0076/00_V1.4_BASELINE_RETAINED/00_V1.2_BASELINE_RETAINED/05_M06_M03_FIELD_MAPPING.csv,1,895
/mnt/data/p1_v11_source_scan/src2/RUMAHAGEN_WF03_M06_QIR_RESOLUTION_CONTROLLED_v1.0_FULL_VERSION.zip,src2/__nested__/0076/00_V1.4_BASELINE_RETAINED/00_V1.2_BASELINE_RETAINED/01_M06_FULL_REBUILD_CONTROL_REPORT_v1.2.md,1,1003
/mnt/data/p1_v11_source_scan/src2/RUMAHAGEN_WF03_M06_QIR_RESOLUTION_CONTROLLED_v1.0_FULL_VERSION.zip,src2/__nested__/0076/00_V1.4_BASELINE_RETAINED/00_V1.2_BASELINE_RETAINED/03_M06_SOURCE_INVENTORY_100PCT.csv,1,69297
/mnt/data/p1_v11_source_scan/src2/RUMAHAGEN_WF03_M06_QIR_RESOLUTION_CONTROLLED_v1.0_FULL_VERSION.zip,src2/__nested__/0076/00_V1.4_BASELINE_RETAINED/00_V1.2_BASELINE_RETAINED/16_M06_QA_FULL.md,1,348
/mnt/data/p1_v11_source_scan/src2/RUMAHAGEN_WF03_M06_QIR_RESOLUTION_CONTROLLED_v1.0_FULL_VERSION.zip,src2/__nested__/0076/00_V1.4_BASELINE_RETAINED/00_V1.2_BASELINE_RETAINED/11_M06_CROSS_MODULE_RECONCILIATION_FULL.md,1,323
/mnt/data/p1_v11_source_scan/src2/RUMAHAGEN_WF03_M06_QIR_RESOLUTION_CONTROLLED_v1.0_FULL_VERSION.zip,src2/__nested__/0076/00_V1.4_BASELINE_RETAINED/00_V1.2_BASELINE_RETAINED/12_M06_PHYSICAL_RUNTIME_PREREQUISITE_REVIEW_FULL.md,1,235
/mnt/data/p1_v11_source_scan/src2/RUMAHAGEN_WF03_M06_QIR_RESOLUTION_CONTROLLED_v1.0_FULL_VERSION.zip,src2/__nested__/0076/00_V1.4_BASELINE_RETAINED/00_V1.2_BASELINE_RETAINED/07_M06_LIFECYCLE_MATRIX.csv,1,745
/mnt/data/p1_v11_source_scan/src2/RUMAHAGEN_WF03_M06_QIR_RESOLUTION_CONTROLLED_v1.0_FULL_VERSION.zip,src2/__nested__/0076/00_V1.4_BASELINE_RETAINED/00_V1.2_BASELINE_RETAINED/18_M06_FULL_CONTROL_MATRIX_v1.2.xlsx,1,14277
/mnt/data/p1_v11_source_scan/src2/RUMAHAGEN_WF03_M06_QIR_RESOLUTION_CONTROLLED_v1.0_FULL_VERSION.zip,src2/__nested__/0076/00_V1.4_BASELINE_RETAINED/00_V1.2_BASELINE_RETAINED/19_M06_FULL_REBUILD_CONTROLLED_v1.2.docx,1,37097
/mnt/data/p1_v11_source_scan/src2/RUMAHAGEN_WF03_M06_QIR_RESOLUTION_CONTROLLED_v1.0_FULL_VERSION.zip,src2/__nested__/0076/00_V1.4_BASELINE_RETAINED/00_V1.2_BASELINE_RETAINED/08_M06_QUESTION_INVENTORY_FULL.csv,1,1286
/mnt/data/p1_v11_source_scan/src2/RUMAHAGEN_WF03_M06_QIR_RESOLUTION_CONTROLLED_v1.0_FULL_VERSION.zip,src2/__nested__/0076/00_V1.4_BASELINE_RETAINED/00_V1.2_BASELINE_RETAINED/09_M06_ROLE_SCOPE_REVIEW_FULL.md,1,420
/mnt/data/p1_v11_source_scan/src2/RUMAHAGEN_WF03_M06_QIR_RESOLUTION_CONTROLLED_v1.0_FULL_VERSION.zip,src2/__nested__/0076/00_V1.4_BASELINE_RETAINED/00_V1.2_BASELINE_RETAINED/04_M06_FULL_FIELD_INVENTORY.csv,1,3946
/mnt/data/p1_v11_source_scan/src2/RUMAHAGEN_WF03_M06_QIR_RESOLUTION_CONTROLLED_v1.0_FULL_VERSION.zip,src2/__nested__/0076/00_V1.4_BASELINE_RETAINED/00_V1.2_BASELINE_RETAINED/13_M06_GENUINE_BLOCKERS_FULL.md,1,286
/mnt/data/p1_v11_source_scan/src2/RUMAHAGEN_WF03_M06_QIR_RESOLUTION_CONTROLLED_v1.0_FULL_VERSION.zip,src2/__nested__/0076/00_V1.4_BASELINE_RETAINED/00_V1.2_BASELINE_RETAINED/15_M06_SECOND_PASS_SCAN_RESULT.md,1,462
/mnt/data/p1_v11_source_scan/src2/RUMAHAGEN_WF03_M06_QIR_RESOLUTION_CONTROLLED_v1.0_FULL_VERSION.zip,src2/__nested__/0076/00_V1.4_BASELINE_RETAINED/00_V1.2_BASELINE_RETAINED/02_M06_SOURCE_INVENTORY_100PCT.md,1,139
/mnt/data/p1_v11_source_scan/src2/RUMAHAGEN_WF03_M06_QIR_RESOLUTION_CONTROLLED_v1.0_FULL_VERSION.zip,src2/__nested__/0076/00_V1.4_BASELINE_RETAINED/00_V1.2_BASELINE_RETAINED/17_M06_CONTROLLED_OUTPUT_MANIFEST_FULL.md,1,167
/mnt/data/p1_v11_source_scan/src2/RUMAHAGEN_WF03_M06_QIR_RESOLUTION_CONTROLLED_v1.0_FULL_VERSION.zip,src2/__nested__/0076/00_V1.4_BASELINE_RETAINED/00_V1.2_BASELINE_RETAINED/00_V1.1_BASELINE_RETAINED/11_M06_CROSS_ARTIFACT_RECONCILIATION_FULL.md,1,642
/mnt/data/p1_v11_source_scan/src2/RUMAHAGEN_WF03_M06_QIR_RESOLUTION_CONTROLLED_v1.0_FULL_VERSION.zip,src2/__nested__/0076/00_V1.4_BASELINE_RETAINED/00_V1.2_BASELINE_RETAINED/00_V1.1_BASELINE_RETAINED/03_M06_SOURCE_INVENTORY_100PCT.csv,1,66475
/mnt/data/p1_v11_source_scan/src2/RUMAHAGEN_WF03_M06_QIR_RESOLUTION_CONTROLLED_v1.0_FULL_VERSION.zip,src2/__nested__/0076/00_V1.4_BASELINE_RETAINED/00_V1.2_BASELINE_RETAINED/00_V1.1_BASELINE_RETAINED/04_M06_QUESTION_INVENTORY_100PCT.csv,1,2507
/mnt/data/p1_v11_source_scan/src2/RUMAHAGEN_WF03_M06_QIR_RESOLUTION_CONTROLLED_v1.0_FULL_VERSION.zip,src2/__nested__/0076/00_V1.4_BASELINE_RETAINED/00_V1.2_BASELINE_RETAINED/00_V1.1_BASELINE_RETAINED/14_M06_FULL_LIFECYCLE_MATRIX.csv,1,992
/mnt/data/p1_v11_source_scan/src2/RUMAHAGEN_WF03_M06_QIR_RESOLUTION_CONTROLLED_v1.0_FULL_VERSION.zip,src2/__nested__/0076/00_V1.4_BASELINE_RETAINED/00_V1.2_BASELINE_RETAINED/00_V1.1_BASELINE_RETAINED/10_M06_GENUINE_DOCUMENTARY_BLOCKERS_FULL.md,1,497
/mnt/data/p1_v11_source_scan/src2/RUMAHAGEN_WF03_M06_QIR_RESOLUTION_CONTROLLED_v1.0_FULL_VERSION.zip,src2/__nested__/0076/00_V1.4_BASELINE_RETAINED/00_V1.2_BASELINE_RETAINED/00_V1.1_BASELINE_RETAINED/18_M06_CONTROLLED_OUTPUT_MANIFEST_FULL.md,1,362
/mnt/data/p1_v11_source_scan/src2/RUMAHAGEN_WF03_M06_QIR_RESOLUTION_CONTROLLED_v1.0_FULL_VERSION.zip,src2/__nested__/0076/00_V1.4_BASELINE_RETAINED/00_V1.2_BASELINE_RETAINED/00_V1.1_BASELINE_RETAINED/20_M06_FULL_REBUILD_CONTROLLED_v1.1.docx,1,37366
/mnt/data/p1_v11_source_scan/src2/RUMAHAGEN_WF03_M06_QIR_RESOLUTION_CONTROLLED_v1.0_FULL_VERSION.zip,src2/__nested__/0076/00_V1.4_BASELINE_RETAINED/00_V1.2_BASELINE_RETAINED/00_V1.1_BASELINE_RETAINED/07_M06_LIFECYCLE_REVIEW_FULL.md,1,679
/mnt/data/p1_v11_source_scan/src2/RUMAHAGEN_WF03_M06_QIR_RESOLUTION_CONTROLLED_v1.0_FULL_VERSION.zip,src2/__nested__/0076/00_V1.4_BASELINE_RETAINED/00_V1.2_BASELINE_RETAINED/00_V1.1_BASELINE_RETAINED/09_M06_PHYSICAL_RUNTIME_PREREQUISITE_REVIEW_FULL.md,1,390
/mnt/data/p1_v11_source_scan/src2/RUMAHAGEN_WF03_M06_QIR_RESOLUTION_CONTROLLED_v1.0_FULL_VERSION.zip,src2/__nested__/0076/00_V1.4_BASELINE_RETAINED/00_V1.2_BASELINE_RETAINED/00_V1.1_BASELINE_RETAINED/01_M06_FULL_REBUILD_CONTROL_REPORT_v1.1.md,1,1241
/mnt/data/p1_v11_source_scan/src2/RUMAHAGEN_WF03_M06_QIR_RESOLUTION_CONTROLLED_v1.0_FULL_VERSION.zip,src2/__nested__/0076/00_V1.4_BASELINE_RETAINED/00_V1.2_BASELINE_RETAINED/00_V1.1_BASELINE_RETAINED/13_M06_FULL_PERMISSION_MATRIX.csv,1,2870
/mnt/data/p1_v11_source_scan/src2/RUMAHAGEN_WF03_M06_QIR_RESOLUTION_CONTROLLED_v1.0_FULL_VERSION.zip,src2/__nested__/0076/00_V1.4_BASELINE_RETAINED/00_V1.2_BASELINE_RETAINED/00_V1.1_BASELINE_RETAINED/16_M06_FULL_QUESTION_UPDATE.md,1,578
/mnt/data/p1_v11_source_scan/src2/RUMAHAGEN_WF03_M06_QIR_RESOLUTION_CONTROLLED_v1.0_FULL_VERSION.zip,src2/__nested__/0076/00_V1.4_BASELINE_RETAINED/00_V1.2_BASELINE_RETAINED/00_V1.1_BASELINE_RETAINED/19_M06_FULL_CONTROL_MATRIX_v1.1.xlsx,1,10723
/mnt/data/p1_v11_source_scan/src2/RUMAHAGEN_WF03_M06_QIR_RESOLUTION_CONTROLLED_v1.0_FULL_VERSION.zip,src2/__nested__/0076/00_V1.4_BASELINE_RETAINED/00_V1.2_BASELINE_RETAINED/00_V1.1_BASELINE_RETAINED/15_M06_FULL_CROSS_MODULE_MATRIX.csv,1,567
/mnt/data/p1_v11_source_scan/src2/RUMAHAGEN_WF03_M06_QIR_RESOLUTION_CONTROLLED_v1.0_FULL_VERSION.zip,src2/__nested__/0076/00_V1.4_BASELINE_RETAINED/00_V1.2_BASELINE_RETAINED/00_V1.1_BASELINE_RETAINED/08_M06_CROSS_MODULE_DEPENDENCY_REVIEW_FULL.md,1,439
/mnt/data/p1_v11_source_scan/src2/RUMAHAGEN_WF03_M06_QIR_RESOLUTION_CONTROLLED_v1.0_FULL_VERSION.zip,src2/__nested__/0076/00_V1.4_BASELINE_RETAINED/00_V1.2_BASELINE_RETAINED/00_V1.1_BASELINE_RETAINED/12_M06_FULL_FIELD_INVENTORY.csv,1,2510
/mnt/data/p1_v11_source_scan/src2/RUMAHAGEN_WF03_M06_QIR_RESOLUTION_CONTROLLED_v1.0_FULL_VERSION.zip,src2/__nested__/0076/00_V1.4_BASELINE_RETAINED/00_V1.2_BASELINE_RETAINED/00_V1.1_BASELINE_RETAINED/02_M06_SOURCE_INVENTORY_100PCT.md,1,170
/mnt/data/p1_v11_source_scan/src2/RUMAHAGEN_WF03_M06_QIR_RESOLUTION_CONTROLLED_v1.0_FULL_VERSION.zip,src2/__nested__/0076/00_V1.4_BASELINE_RETAINED/00_V1.2_BASELINE_RETAINED/00_V1.1_BASELINE_RETAINED/05_M06_ROLE_SCOPE_REVIEW_FULL.md,1,739
/mnt/data/p1_v11_source_scan/src2/RUMAHAGEN_WF03_M06_QIR_RESOLUTION_CONTROLLED_v1.0_FULL_VERSION.zip,src2/__nested__/0076/00_V1.4_BASELINE_RETAINED/00_V1.2_BASELINE_RETAINED/00_V1.1_BASELINE_RETAINED/06_M06_PERMISSION_DEPENDENCY_REVIEW_FULL.md,1,663
/mnt/data/p1_v11_source_scan/src2/RUMAHAGEN_WF03_M06_QIR_RESOLUTION_CONTROLLED_v1.0_FULL_VERSION.zip,src2/__nested__/0076/00_V1.4_BASELINE_RETAINED/00_V1.2_BASELINE_RETAINED/00_V1.1_BASELINE_RETAINED/17_M06_FINAL_QA_FULL.md,1,1103
/mnt/data/p1_v11_source_scan/src2/RUMAHAGEN_WF03_M06_QIR_RESOLUTION_CONTROLLED_v1.0_FULL_VERSION.zip,src2/__nested__/0076/00_V1.4_BASELINE_RETAINED/00_V1.2_BASELINE_RETAINED/00_V1.1_BASELINE_RETAINED/00_V1.0_BASELINE_RETAINED/19_M06_FULL_REBUILD_CONTROLLED_v1.0.docx,1,37283
/mnt/data/p1_v11_source_scan/src2/RUMAHAGEN_WF03_M06_QIR_RESOLUTION_CONTROLLED_v1.0_FULL_VERSION.zip,src2/__nested__/0076/00_V1.4_BASELINE_RETAINED/00_V1.2_BASELINE_RETAINED/00_V1.1_BASELINE_RETAINED/00_V1.0_BASELINE_RETAINED/03_M06_QUESTION_INVENTORY_100PCT.md,1,203
/mnt/data/p1_v11_source_scan/src2/RUMAHAGEN_WF03_M06_QIR_RESOLUTION_CONTROLLED_v1.0_FULL_VERSION.zip,src2/__nested__/0076/00_V1.4_BASELINE_RETAINED/00_V1.2_BASELINE_RETAINED/00_V1.1_BASELINE_RETAINED/00_V1.0_BASELINE_RETAINED/12_M06_FULL_PERMISSION_ACTION_MATRIX.csv,1,668
/mnt/data/p1_v11_source_scan/src2/RUMAHAGEN_WF03_M06_QIR_RESOLUTION_CONTROLLED_v1.0_FULL_VERSION.zip,src2/__nested__/0076/00_V1.4_BASELINE_RETAINED/00_V1.2_BASELINE_RETAINED/00_V1.1_BASELINE_RETAINED/00_V1.0_BASELINE_RETAINED/18_M06_FULL_CONTROL_MATRIX.xlsx,1,7762
/mnt/data/p1_v11_source_scan/src2/RUMAHAGEN_WF03_M06_QIR_RESOLUTION_CONTROLLED_v1.0_FULL_VERSION.zip,src2/__nested__/0076/00_V1.4_BASELINE_RETAINED/00_V1.2_BASELINE_RETAINED/00_V1.1_BASELINE_RETAINED/00_V1.0_BASELINE_RETAINED/16_M06_QA.md,1,549
/mnt/data/p1_v11_source_scan/src2/RUMAHAGEN_WF03_M06_QIR_RESOLUTION_CONTROLLED_v1.0_FULL_VERSION.zip,src2/__nested__/0076/00_V1.4_BASELINE_RETAINED/00_V1.2_BASELINE_RETAINED/00_V1.1_BASELINE_RETAINED/00_V1.0_BASELINE_RETAINED/10_M06_FULL_FIELD_INVENTORY.csv,1,41
/mnt/data/p1_v11_source_scan/src2/RUMAHAGEN_WF03_M06_QIR_RESOLUTION_CONTROLLED_v1.0_FULL_VERSION.zip,src2/__nested__/0076/00_V1.4_BASELINE_RETAINED/00_V1.2_BASELINE_RETAINED/00_V1.1_BASELINE_RETAINED/00_V1.0_BASELINE_RETAINED/11_M06_FULL_ROLE_PERMISSION_MATRIX.csv,1,661
/mnt/data/p1_v11_source_scan/src2/RUMAHAGEN_WF03_M06_QIR_RESOLUTION_CONTROLLED_v1.0_FULL_VERSION.zip,src2/__nested__/0076/00_V1.4_BASELINE_RETAINED/00_V1.2_BASELINE_RETAINED/00_V1.1_BASELINE_RETAINED/00_V1.0_BASELINE_RETAINED/02_M06_SOURCE_INVENTORY_100PCT.csv,1,48037
/mnt/data/p1_v11_source_scan/src2/RUMAHAGEN_WF03_M06_QIR_RESOLUTION_CONTROLLED_v1.0_FULL_VERSION.zip,src2/__nested__/0076/00_V1.4_BASELINE_RETAINED/00_V1.2_BASELINE_RETAINED/00_V1.1_BASELINE_RETAINED/00_V1.0_BASELINE_RETAINED/14_M06_FULL_LIFECYCLE_MATRIX.csv,1,416
/mnt/data/p1_v11_source_scan/src2/RUMAHAGEN_WF03_M06_QIR_RESOLUTION_CONTROLLED_v1.0_FULL_VERSION.zip,src2/__nested__/0076/00_V1.4_BASELINE_RETAINED/00_V1.2_BASELINE_RETAINED/00_V1.1_BASELINE_RETAINED/00_V1.0_BASELINE_RETAINED/03_M06_QUESTION_INVENTORY_100PCT.csv,1,1778
/mnt/data/p1_v11_source_scan/src2/RUMAHAGEN_WF03_M06_QIR_RESOLUTION_CONTROLLED_v1.0_FULL_VERSION.zip,src2/__nested__/0076/00_V1.4_BASELINE_RETAINED/00_V1.2_BASELINE_RETAINED/00_V1.1_BASELINE_RETAINED/00_V1.0_BASELINE_RETAINED/01_M06_SOURCE_INVENTORY_100PCT.md,1,294
/mnt/data/p1_v11_source_scan/src2/RUMAHAGEN_WF03_M06_QIR_RESOLUTION_CONTROLLED_v1.0_FULL_VERSION.zip,src2/__nested__/0076/00_V1.4_BASELINE_RETAINED/00_V1.2_BASELINE_RETAINED/00_V1.1_BASELINE_RETAINED/00_V1.0_BASELINE_RETAINED/09_M06_GENUINE_DOCUMENTARY_BLOCKERS.md,1,391
/mnt/data/p1_v11_source_scan/src2/RUMAHAGEN_WF03_M06_QIR_RESOLUTION_CONTROLLED_v1.0_FULL_VERSION.zip,src2/__nested__/0076/00_V1.4_BASELINE_RETAINED/00_V1.2_BASELINE_RETAINED/00_V1.1_BASELINE_RETAINED/00_V1.0_BASELINE_RETAINED/08_M06_PHYSICAL_RUNTIME_PREREQUISITE_REVIEW.md,1,446
/mnt/data/p1_v11_source_scan/src2/RUMAHAGEN_WF03_M06_QIR_RESOLUTION_CONTROLLED_v1.0_FULL_VERSION.zip,src2/__nested__/0076/00_V1.4_BASELINE_RETAINED/00_V1.2_BASELINE_RETAINED/00_V1.1_BASELINE_RETAINED/00_V1.0_BASELINE_RETAINED/06_M06_LIFECYCLE_REVIEW.md,1,528
/mnt/data/p1_v11_source_scan/src2/RUMAHAGEN_WF03_M06_QIR_RESOLUTION_CONTROLLED_v1.0_FULL_VERSION.zip,src2/__nested__/0076/00_V1.4_BASELINE_RETAINED/00_V1.2_BASELINE_RETAINED/00_V1.1_BASELINE_RETAINED/00_V1.0_BASELINE_RETAINED/04_M06_ROLE_SCOPE_REVIEW.md,1,535
/mnt/data/p1_v11_source_scan/src2/RUMAHAGEN_WF03_M06_QIR_RESOLUTION_CONTROLLED_v1.0_FULL_VERSION.zip,src2/__nested__/0076/00_V1.4_BASELINE_RETAINED/00_V1.2_BASELINE_RETAINED/00_V1.1_BASELINE_RETAINED/00_V1.0_BASELINE_RETAINED/07_M06_CROSS_MODULE_DEPENDENCY_REVIEW.md,1,563
/mnt/data/p1_v11_source_scan/src2/RUMAHAGEN_WF03_M06_QIR_RESOLUTION_CONTROLLED_v1.0_FULL_VERSION.zip,src2/__nested__/0076/00_V1.4_BASELINE_RETAINED/00_V1.2_BASELINE_RETAINED/00_V1.1_BASELINE_RETAINED/00_V1.0_BASELINE_RETAINED/05_M06_PERMISSION_DEPENDENCY_REVIEW.md,1,548
/mnt/data/p1_v11_source_scan/src2/RUMAHAGEN_WF03_M06_QIR_RESOLUTION_CONTROLLED_v1.0_FULL_VERSION.zip,src2/__nested__/0076/00_V1.4_BASELINE_RETAINED/00_V1.2_BASELINE_RETAINED/00_V1.1_BASELINE_RETAINED/00_V1.0_BASELINE_RETAINED/00_M06_FULL_REBUILD_CONTROL_REPORT_v1.0.md,1,809
/mnt/data/p1_v11_source_scan/src2/RUMAHAGEN_WF03_M06_QIR_RESOLUTION_CONTROLLED_v1.0_FULL_VERSION.zip,src2/__nested__/0076/00_V1.4_BASELINE_RETAINED/00_V1.2_BASELINE_RETAINED/00_V1.1_BASELINE_RETAINED/00_V1.0_BASELINE_RETAINED/15_M06_FULL_QUESTION_UPDATE.md,1,416
/mnt/data/p1_v11_source_scan/src2/RUMAHAGEN_WF03_M06_QIR_RESOLUTION_CONTROLLED_v1.0_FULL_VERSION.zip,src2/__nested__/0076/00_V1.4_BASELINE_RETAINED/00_V1.2_BASELINE_RETAINED/00_V1.1_BASELINE_RETAINED/00_V1.0_BASELINE_RETAINED/17_M06_CONTROLLED_OUTPUT_MANIFEST.md,1,278
/mnt/data/p1_v11_source_scan/src2/RUMAHAGEN_WF03_M06_QIR_RESOLUTION_CONTROLLED_v1.0_FULL_VERSION.zip,src2/__nested__/0076/00_V1.4_BASELINE_RETAINED/00_V1.2_BASELINE_RETAINED/00_V1.1_BASELINE_RETAINED/00_V1.0_BASELINE_RETAINED/13_M06_FULL_CONFIGURATION_MATRIX.csv,1,328
/mnt/data/p1_v11_source_scan/src2/RUMAHAGEN_WF03_M06_QIR_RESOLUTION_CONTROLLED_v1.0_FULL_VERSION.zip,src2/__nested__/0076/source_extracts/M05_RECON/10_M05_ACTOR_SURFACE_FULL_v1.3.md,1,579
/mnt/data/p1_v11_source_scan/src2/RUMAHAGEN_WF03_M06_QIR_RESOLUTION_CONTROLLED_v1.0_FULL_VERSION.zip,src2/__nested__/0076/source_extracts/M05_RECON/18_M05_FULL_REBUILD_CONTROLLED_v1.3.docx,1,38682
/mnt/data/p1_v11_source_scan/src2/RUMAHAGEN_WF03_M06_QIR_RESOLUTION_CONTROLLED_v1.0_FULL_VERSION.zip,src2/__nested__/0076/source_extracts/M05_RECON/17_M05_FINAL_QA_PRE_GATE_v1.3.md,1,1132
/mnt/data/p1_v11_source_scan/src2/RUMAHAGEN_WF03_M06_QIR_RESOLUTION_CONTROLLED_v1.0_FULL_VERSION.zip,src2/__nested__/0076/source_extracts/M05_RECON/09_M05_PHYSICAL_RUNTIME_PREREQUISITE_REVIEW_FULL_v1.3.md,1,414
/mnt/data/p1_v11_source_scan/src2/RUMAHAGEN_WF03_M06_QIR_RESOLUTION_CONTROLLED_v1.0_FULL_VERSION.zip,src2/__nested__/0076/source_extracts/M05_RECON/11_M05_CONFIGURATION_MATRIX_FULL_v1.3.md,1,782
/mnt/data/p1_v11_source_scan/src2/RUMAHAGEN_WF03_M06_QIR_RESOLUTION_CONTROLLED_v1.0_FULL_VERSION.zip,src2/__nested__/0076/source_extracts/M05_RECON/12_M05_ONLINE_MEETING_PROVIDER_FULL_v1.3.md,1,722
/mnt/data/p1_v11_source_scan/src2/RUMAHAGEN_WF03_M06_QIR_RESOLUTION_CONTROLLED_v1.0_FULL_VERSION.zip,src2/__nested__/0076/source_extracts/M05_RECON/16_M05_QIR_CORRECTION_TRACEABILITY_FULL_v1.3.md,1,663
/mnt/data/p1_v11_source_scan/src2/RUMAHAGEN_WF03_M06_QIR_RESOLUTION_CONTROLLED_v1.0_FULL_VERSION.zip,src2/__nested__/0076/source_extracts/M05_RECON/01_M05_SOURCE_INVENTORY_100PCT_v1.3.md,1,296
/mnt/data/p1_v11_source_scan/src2/RUMAHAGEN_WF03_M06_QIR_RESOLUTION_CONTROLLED_v1.0_FULL_VERSION.zip,src2/__nested__/0076/source_extracts/M05_RECON/00_M05_FULL_REBUILD_CONTROL_REPORT_v1.3.md,1,1667
/mnt/data/p1_v11_source_scan/src2/RUMAHAGEN_WF03_M06_QIR_RESOLUTION_CONTROLLED_v1.0_FULL_VERSION.zip,src2/__nested__/0076/source_extracts/M05_RECON/14_M05_FIELD_INVENTORY_FULL_v1.3.csv,1,1704
/mnt/data/p1_v11_source_scan/src2/RUMAHAGEN_WF03_M06_QIR_RESOLUTION_CONTROLLED_v1.0_FULL_VERSION.zip,src2/__nested__/0076/source_extracts/M05_RECON/13_M05_GUEST_REGISTRATION_FULL_v1.3.md,1,670
/mnt/data/p1_v11_source_scan/src2/RUMAHAGEN_WF03_M06_QIR_RESOLUTION_CONTROLLED_v1.0_FULL_VERSION.zip,src2/__nested__/0076/source_extracts/M05_RECON/03_M05_QUESTION_INVENTORY_FULL_v1.3.md,1,250
/mnt/data/p1_v11_source_scan/src2/RUMAHAGEN_WF03_M06_QIR_RESOLUTION_CONTROLLED_v1.0_FULL_VERSION.zip,src2/__nested__/0076/source_extracts/M05_RECON/05_M05_LIFECYCLE_FULL_v1.3.md,1,1182
/mnt/data/p1_v11_source_scan/src2/RUMAHAGEN_WF03_M06_QIR_RESOLUTION_CONTROLLED_v1.0_FULL_VERSION.zip,src2/__nested__/0076/source_extracts/M05_RECON/08_M05_CROSS_MODULE_RECONCILIATION_FULL_v1.3.md,1,359
/mnt/data/p1_v11_source_scan/src2/RUMAHAGEN_WF03_M06_QIR_RESOLUTION_CONTROLLED_v1.0_FULL_VERSION.zip,src2/__nested__/0076/source_extracts/M05_RECON/04_M05_SEMANTIC_REVIEW_FULL_v1.3.md,1,759
/mnt/data/p1_v11_source_scan/src2/RUMAHAGEN_WF03_M06_QIR_RESOLUTION_CONTROLLED_v1.0_FULL_VERSION.zip,src2/__nested__/0076/source_extracts/M05_RECON/03_M05_QUESTION_INVENTORY_FULL_v1.3.csv,1,2736
/mnt/data/p1_v11_source_scan/src2/RUMAHAGEN_WF03_M06_QIR_RESOLUTION_CONTROLLED_v1.0_FULL_VERSION.zip,src2/__nested__/0076/source_extracts/M05_RECON/02_M05_SOURCE_INVENTORY_100PCT_v1.3.csv,1,72712
/mnt/data/p1_v11_source_scan/src2/RUMAHAGEN_WF03_M06_QIR_RESOLUTION_CONTROLLED_v1.0_FULL_VERSION.zip,src2/__nested__/0076/source_extracts/M05_RECON/07_M05_CROSS_ARTIFACT_RECONCILIATION_FULL_v1.3.md,1,572
/mnt/data/p1_v11_source_scan/src2/RUMAHAGEN_WF03_M06_QIR_RESOLUTION_CONTROLLED_v1.0_FULL_VERSION.zip,src2/__nested__/0076/source_extracts/M05_RECON/06_M05_PERMISSION_ACTION_REVIEW_FULL_v1.3.md,1,439
/mnt/data/p1_v11_source_scan/src2/RUMAHAGEN_WF03_M06_QIR_RESOLUTION_CONTROLLED_v1.0_FULL_VERSION.zip,src2/__nested__/0076/source_extracts/M05_RECON/15_M05_CONFIGURATION_PERMISSION_MATRIX_FULL_v1.3.xlsx,1,9152
/mnt/data/p1_v11_source_scan/src2/RUMAHAGEN_WF03_M06_QIR_RESOLUTION_CONTROLLED_v1.0_FULL_VERSION.zip,src2/__nested__/0076/source_extracts/M06_v1.4/00_V1.3_CANONICAL_BASELINE_RETAINED.xlsx,1,14158
/mnt/data/p1_v11_source_scan/src2/RUMAHAGEN_WF03_M06_QIR_RESOLUTION_CONTROLLED_v1.0_FULL_VERSION.zip,src2/__nested__/0076/source_extracts/M06_v1.4/09_M06_CONTROLLED_OUTPUT_MANIFEST_v1.4.csv,1,9681
/mnt/data/p1_v11_source_scan/src2/RUMAHAGEN_WF03_M06_QIR_RESOLUTION_CONTROLLED_v1.0_FULL_VERSION.zip,src2/__nested__/0076/source_extracts/M06_v1.4/03_M06_M03_FIELD_MAPPING_v1.4.csv,1,2882
/mnt/data/p1_v11_source_scan/src2/RUMAHAGEN_WF03_M06_QIR_RESOLUTION_CONTROLLED_v1.0_FULL_VERSION.zip,src2/__nested__/0076/source_extracts/M06_v1.4/01_M06_FULL_CONTROL_MATRIX_v1.4.xlsx,1,17000
/mnt/data/p1_v11_source_scan/src2/RUMAHAGEN_WF03_M06_QIR_RESOLUTION_CONTROLLED_v1.0_FULL_VERSION.zip,src2/__nested__/0076/source_extracts/M06_v1.4/07_M06_FULL_REBUILD_CONTROLLED_v1.3.md,1,838
/mnt/data/p1_v11_source_scan/src2/RUMAHAGEN_WF03_M06_QIR_RESOLUTION_CONTROLLED_v1.0_FULL_VERSION.zip,src2/__nested__/0076/source_extracts/M06_v1.4/04_M06_QUESTION_INVENTORY_v1.3.csv,1,1331
/mnt/data/p1_v11_source_scan/src2/RUMAHAGEN_WF03_M06_QIR_RESOLUTION_CONTROLLED_v1.0_FULL_VERSION.zip,src2/__nested__/0076/source_extracts/M06_v1.4/02_M06_PROJECT_FIELD_INVENTORY_v1.3.csv,1,2314
/mnt/data/p1_v11_source_scan/src2/RUMAHAGEN_WF03_M06_QIR_RESOLUTION_CONTROLLED_v1.0_FULL_VERSION.zip,src2/__nested__/0076/source_extracts/M06_v1.4/05_M06_CORRECTION_DECISION_v1.3.md,1,786
/mnt/data/p1_v11_source_scan/src2/RUMAHAGEN_WF03_M06_QIR_RESOLUTION_CONTROLLED_v1.0_FULL_VERSION.zip,src2/__nested__/0076/source_extracts/M06_v1.4/07_M06_FULL_REBUILD_CONTROLLED_v1.4.md,1,1212
/mnt/data/p1_v11_source_scan/src2/RUMAHAGEN_WF03_M06_QIR_RESOLUTION_CONTROLLED_v1.0_FULL_VERSION.zip,src2/__nested__/0076/source_extracts/M06_v1.4/06_M06_FULL_REBUILD_CORRECTION_DECISIONS_v1.4.md,1,1553
/mnt/data/p1_v11_source_scan/src2/RUMAHAGEN_WF03_M06_QIR_RESOLUTION_CONTROLLED_v1.0_FULL_VERSION.zip,src2/__nested__/0076/source_extracts/M06_v1.4/03_M06_M03_FIELD_MAPPING_v1.3.csv,1,823
/mnt/data/p1_v11_source_scan/src2/RUMAHAGEN_WF03_M06_QIR_RESOLUTION_CONTROLLED_v1.0_FULL_VERSION.zip,src2/__nested__/0076/source_extracts/M06_v1.4/04_M06_QUESTION_INVENTORY_v1.4.csv,1,2339
/mnt/data/p1_v11_source_scan/src2/RUMAHAGEN_WF03_M06_QIR_RESOLUTION_CONTROLLED_v1.0_FULL_VERSION.zip,src2/__nested__/0076/source_extracts/M06_v1.4/05_M06_PERMISSION_MATRIX_FULL_24_ROWS_v1.4.csv,1,2459
/mnt/data/p1_v11_source_scan/src2/RUMAHAGEN_WF03_M06_QIR_RESOLUTION_CONTROLLED_v1.0_FULL_VERSION.zip,src2/__nested__/0076/source_extracts/M06_v1.4/02_M06_PROJECT_FIELD_INVENTORY_v1.4.csv,1,3186
/mnt/data/p1_v11_source_scan/src2/RUMAHAGEN_WF03_M06_QIR_RESOLUTION_CONTROLLED_v1.0_FULL_VERSION.zip,src2/__nested__/0076/source_extracts/M06_v1.4/08_M06_SECOND_PASS_PREP_QA_v1.4.md,1,675
/mnt/data/p1_v11_source_scan/src2/RUMAHAGEN_WF03_M06_QIR_RESOLUTION_CONTROLLED_v1.0_FULL_VERSION.zip,src2/__nested__/0076/source_extracts/M06_v1.4/06_M06_SECOND_PASS_QA_v1.3.md,1,566
/mnt/data/p1_v11_source_scan/src2/RUMAHAGEN_WF03_M06_QIR_RESOLUTION_CONTROLLED_v1.0_FULL_VERSION.zip,src2/__nested__/0076/source_extracts/M03_RECON/14_M03_DISTRICT_REFRESH_POSITIONING_CONTRACT_FULL_v1.3.md,1,1518
/mnt/data/p1_v11_source_scan/src2/RUMAHAGEN_WF03_M06_QIR_RESOLUTION_CONTROLLED_v1.0_FULL_VERSION.zip,src2/__nested__/0076/source_extracts/M03_RECON/02_M03_PERMISSION_MATRIX_FULL_v1.3.xlsx,1,8231
/mnt/data/p1_v11_source_scan/src2/RUMAHAGEN_WF03_M06_QIR_RESOLUTION_CONTROLLED_v1.0_FULL_VERSION.zip,src2/__nested__/0076/source_extracts/M03_RECON/README_CONTROLLED_OUTPUT_v1.3.md,1,1358
/mnt/data/p1_v11_source_scan/src2/RUMAHAGEN_WF03_M06_QIR_RESOLUTION_CONTROLLED_v1.0_FULL_VERSION.zip,src2/__nested__/0076/source_extracts/M03_RECON/04_M03_SEMANTIC_LIFECYCLE_AUTHORITY_FULL_v1.3.md,1,3651
/mnt/data/p1_v11_source_scan/src2/RUMAHAGEN_WF03_M06_QIR_RESOLUTION_CONTROLLED_v1.0_FULL_VERSION.zip,src2/__nested__/0076/source_extracts/M03_RECON/01_M03_QUESTION_INVENTORY_FULL_v1.3.csv,1,14733
/mnt/data/p1_v11_source_scan/src2/RUMAHAGEN_WF03_M06_QIR_RESOLUTION_CONTROLLED_v1.0_FULL_VERSION.zip,src2/__nested__/0076/source_extracts/M03_RECON/03_M03_PERMISSION_MATRIX_FULL_v1.3.csv,1,2976
/mnt/data/p1_v11_source_scan/src2/RUMAHAGEN_WF03_M06_QIR_RESOLUTION_CONTROLLED_v1.0_FULL_VERSION.zip,src2/__nested__/0076/source_extracts/M03_RECON/MANIFEST_M03_FULL_REBUILD_v1.3.md,1,1148
/mnt/data/p1_v11_source_scan/src2/RUMAHAGEN_WF03_M06_QIR_RESOLUTION_CONTROLLED_v1.0_FULL_VERSION.zip,src2/__nested__/0076/source_extracts/M03_RECON/06_M03_API_CONTRACT_FULL_v1.3.md,1,1992
/mnt/data/p1_v11_source_scan/src2/RUMAHAGEN_WF03_M06_QIR_RESOLUTION_CONTROLLED_v1.0_FULL_VERSION.zip,src2/__nested__/0076/source_extracts/M03_RECON/08_M03_SCHEMA_ERD_RECONCILIATION_FULL_v1.3.sql,1,662
/mnt/data/p1_v11_source_scan/src2/RUMAHAGEN_WF03_M06_QIR_RESOLUTION_CONTROLLED_v1.0_FULL_VERSION.zip,src2/__nested__/0076/source_extracts/M03_RECON/07_M03_RBAC_RLS_CONTRACT_FULL_v1.3.md,1,1468
/mnt/data/p1_v11_source_scan/src2/RUMAHAGEN_WF03_M06_QIR_RESOLUTION_CONTROLLED_v1.0_FULL_VERSION.zip,src2/__nested__/0076/source_extracts/M03_RECON/01_M03_QUESTION_INVENTORY_FULL_v1.3.xlsx,1,10724
/mnt/data/p1_v11_source_scan/src2/RUMAHAGEN_WF03_M06_QIR_RESOLUTION_CONTROLLED_v1.0_FULL_VERSION.zip,src2/__nested__/0076/source_extracts/M03_RECON/11_M03_PHYSICAL_RUNTIME_STATUS_FULL_v1.3.md,1,1346
/mnt/data/p1_v11_source_scan/src2/RUMAHAGEN_WF03_M06_QIR_RESOLUTION_CONTROLLED_v1.0_FULL_VERSION.zip,src2/__nested__/0076/source_extracts/M03_RECON/17_M03_QIR_INTEGRATION_PROVENANCE_v1.3.md,1,1605
/mnt/data/p1_v11_source_scan/src2/RUMAHAGEN_WF03_M06_QIR_RESOLUTION_CONTROLLED_v1.0_FULL_VERSION.zip,src2/__nested__/0076/source_extracts/M03_RECON/16_WF03_MASTER_PROGRESS_M01-M15_v1.8_M03_QIR_INTEGRATED.xlsx,1,29255
/mnt/data/p1_v11_source_scan/src2/RUMAHAGEN_WF03_M06_QIR_RESOLUTION_CONTROLLED_v1.0_FULL_VERSION.zip,src2/__nested__/0076/source_extracts/M03_RECON/15_M03_QA_COMPLETION_CONTROLLED_v1.3.md,1,1396
/mnt/data/p1_v11_source_scan/src2/RUMAHAGEN_WF03_M06_QIR_RESOLUTION_CONTROLLED_v1.0_FULL_VERSION.zip,src2/__nested__/0076/source_extracts/M03_RECON/13_M03_MEDIA_THUMBNAIL_DERIVATIVE_CONTRACT_FULL_v1.3.md,1,1664
/mnt/data/p1_v11_source_scan/src2/RUMAHAGEN_WF03_M06_QIR_RESOLUTION_CONTROLLED_v1.0_FULL_VERSION.zip,src2/__nested__/0076/source_extracts/M03_RECON/00_M03_REBUILD_CONTROL_REPORT_v1.3.md,1,4607
/mnt/data/p1_v11_source_scan/src2/RUMAHAGEN_WF03_M06_QIR_RESOLUTION_CONTROLLED_v1.0_FULL_VERSION.zip,src2/__nested__/0076/source_extracts/M03_RECON/09_M03_SEARCH_CONTRACT_FULL_v1.3.md,1,1635
/mnt/data/p1_v11_source_scan/src2/RUMAHAGEN_WF03_M06_QIR_RESOLUTION_CONTROLLED_v1.0_FULL_VERSION.zip,src2/__nested__/0076/source_extracts/M03_RECON/05_M03_CROSS_ARTIFACT_RECONCILIATION_FULL_v1.3.md,1,2047
/mnt/data/p1_v11_source_scan/src2/RUMAHAGEN_WF03_M06_QIR_RESOLUTION_CONTROLLED_v1.0_FULL_VERSION.zip,src2/__nested__/0076/source_extracts/M03_RECON/10_M03_UI_UX_USER_FLOW_FULL_v1.3.md,1,1632
/mnt/data/p1_v11_source_scan/src2/RUMAHAGEN_WF03_M06_QIR_RESOLUTION_CONTROLLED_v1.0_FULL_VERSION.zip,src2/__nested__/0076/source_extracts/RECON/WF03-03-02_M02_FULL_SEMANTIC_REBUILD_v1.1.md,1,21104
/mnt/data/p1_v11_source_scan/src2/RUMAHAGEN_WF03_M06_QIR_RESOLUTION_CONTROLLED_v1.0_FULL_VERSION.zip,src2/__nested__/0076/source_extracts/RECON/WF03-03-01_M01_FULL_SEMANTIC_REBUILD_v1.1.md,1,24186
/mnt/data/p1_v11_source_scan/src2/RUMAHAGEN_WF03_M06_QIR_RESOLUTION_CONTROLLED_v1.0_FULL_VERSION.zip,src2/__nested__/0076/source_extracts/RECON/M01_CORE_IMPACT_ANALYSIS_FULL_v1.0_CONTROLLED.zip,1,18853
/mnt/data/p1_v11_source_scan/src2/__nested__/0076/source_extracts/RECON/M01_CORE_IMPACT_ANALYSIS_FULL_v1.0_CONTROLLED.zip,src2/__nested__/0076/__nested__/0077/00_M01_CORE_IMPACT_EXECUTIVE_SUMMARY_v1.0.md,2,455
/mnt/data/p1_v11_source_scan/src2/__nested__/0076/source_extracts/RECON/M01_CORE_IMPACT_ANALYSIS_FULL_v1.0_CONTROLLED.zip,src2/__nested__/0076/__nested__/0077/01_M01_CORE_IMPACT_MATRIX_FULL_v1.0.csv,2,40535
/mnt/data/p1_v11_source_scan/src2/__nested__/0076/source_extracts/RECON/M01_CORE_IMPACT_ANALYSIS_FULL_v1.0_CONTROLLED.zip,src2/__nested__/0076/__nested__/0077/01_M01_CORE_IMPACT_MATRIX_FULL_v1.0.xlsx,2,9698
/mnt/data/p1_v11_source_scan/src2/__nested__/0076/source_extracts/RECON/M01_CORE_IMPACT_ANALYSIS_FULL_v1.0_CONTROLLED.zip,src2/__nested__/0076/__nested__/0077/02_M01_CORE_CONFLICT_REGISTER_FULL_v1.0.md,2,1244
/mnt/data/p1_v11_source_scan/src2/__nested__/0076/source_extracts/RECON/M01_CORE_IMPACT_ANALYSIS_FULL_v1.0_CONTROLLED.zip,src2/__nested__/0076/__nested__/0077/03_M01_CORE_PROPAGATION_MATRIX_FULL_v1.0.csv,2,1586
/mnt/data/p1_v11_source_scan/src2/__nested__/0076/source_extracts/RECON/M01_CORE_IMPACT_ANALYSIS_FULL_v1.0_CONTROLLED.zip,src2/__nested__/0076/__nested__/0077/04_M01_CORE_DEPENDENCY_IMPACT_FULL_v1.0.md,2,531
/mnt/data/p1_v11_source_scan/src2/__nested__/0076/source_extracts/RECON/M01_CORE_IMPACT_ANALYSIS_FULL_v1.0_CONTROLLED.zip,src2/__nested__/0076/__nested__/0077/05_M01_CORE_REQUIRED_CHANGE_REGISTER_FULL_v1.0.md,2,753
/mnt/data/p1_v11_source_scan/src2/__nested__/0076/source_extracts/RECON/M01_CORE_IMPACT_ANALYSIS_FULL_v1.0_CONTROLLED.zip,src2/__nested__/0076/__nested__/0077/06_M01_CORE_AUTHORITY_MAPPING_FULL_v1.0.md,2,536
/mnt/data/p1_v11_source_scan/src2/__nested__/0076/source_extracts/RECON/M01_CORE_IMPACT_ANALYSIS_FULL_v1.0_CONTROLLED.zip,src2/__nested__/0076/__nested__/0077/07_M01_CORE_IMPACT_QA_FULL_v1.0.md,2,473
/mnt/data/p1_v11_source_scan/src2/__nested__/0076/source_extracts/RECON/M01_CORE_IMPACT_ANALYSIS_FULL_v1.0_CONTROLLED.zip,src2/__nested__/0076/__nested__/0077/08_M01_CORE_INTEGRATION_READINESS_FULL_v1.0.md,2,368
/mnt/data/p1_v11_source_scan/src2/__nested__/0076/source_extracts/RECON/M01_CORE_IMPACT_ANALYSIS_FULL_v1.0_CONTROLLED.zip,src2/__nested__/0076/__nested__/0077/09_PROVENANCE_M01_CORE_IMPACT_v1.0.md,2,405
/mnt/data/p1_v11_source_scan/src2/__nested__/0076/source_extracts/RECON/M01_CORE_IMPACT_ANALYSIS_FULL_v1.0_CONTROLLED.zip,src2/__nested__/0076/__nested__/0077/10_MANIFEST_M01_CORE_IMPACT_v1.0.md,2,548
/mnt/data/p1_v11_source_scan/src2/RUMAHAGEN_WF03_M06_QIR_RESOLUTION_CONTROLLED_v1.0_FULL_VERSION.zip,src2/__nested__/0076/source_extracts/RECON/WF03_STEP01_OWNER_OVERRIDE_AND_RETRACE_BASELINE_v1.0.md,1,4405
/mnt/data/p1_v11_source_scan/src2/RUMAHAGEN_WF03_M06_QIR_RESOLUTION_CONTROLLED_v1.0_FULL_VERSION.zip,src2/__nested__/0076/source_extracts/RECON/RUMAHAGEN_WF03_M04_FULL_REBUILD_v1.1_CORE_EVIDENCE_INTEGRATED_CONTROLLED.zip,1,61863
/mnt/data/p1_v11_source_scan/src2/__nested__/0076/source_extracts/RECON/RUMAHAGEN_WF03_M04_FULL_REBUILD_v1.1_CORE_EVIDENCE_INTEGRATED_CONTROLLED.zip,src2/__nested__/0076/__nested__/0078/02_M04_QUESTION_INVENTORY_v1.1.md,2,6933
/mnt/data/p1_v11_source_scan/src2/__nested__/0076/source_extracts/RECON/RUMAHAGEN_WF03_M04_FULL_REBUILD_v1.1_CORE_EVIDENCE_INTEGRATED_CONTROLLED.zip,src2/__nested__/0076/__nested__/0078/13_M04_V1.1_SECOND_DEEP_SCAN_FULL_REVALIDATION.md,2,1353
/mnt/data/p1_v11_source_scan/src2/__nested__/0076/source_extracts/RECON/RUMAHAGEN_WF03_M04_FULL_REBUILD_v1.1_CORE_EVIDENCE_INTEGRATED_CONTROLLED.zip,src2/__nested__/0076/__nested__/0078/11_M04_PROVENANCE_v1.1.md,2,514
/mnt/data/p1_v11_source_scan/src2/__nested__/0076/source_extracts/RECON/RUMAHAGEN_WF03_M04_FULL_REBUILD_v1.1_CORE_EVIDENCE_INTEGRATED_CONTROLLED.zip,src2/__nested__/0076/__nested__/0078/12_MANIFEST_M04_v1.1.md,2,1202
/mnt/data/p1_v11_source_scan/src2/__nested__/0076/source_extracts/RECON/RUMAHAGEN_WF03_M04_FULL_REBUILD_v1.1_CORE_EVIDENCE_INTEGRATED_CONTROLLED.zip,src2/__nested__/0076/__nested__/0078/03_M04_SEMANTIC_REVIEW_v1.1.md,2,1074
/mnt/data/p1_v11_source_scan/src2/__nested__/0076/source_extracts/RECON/RUMAHAGEN_WF03_M04_FULL_REBUILD_v1.1_CORE_EVIDENCE_INTEGRATED_CONTROLLED.zip,src2/__nested__/0076/__nested__/0078/04_M04_LIFECYCLE_REVIEW_v1.1.md,2,928
/mnt/data/p1_v11_source_scan/src2/__nested__/0076/source_extracts/RECON/RUMAHAGEN_WF03_M04_FULL_REBUILD_v1.1_CORE_EVIDENCE_INTEGRATED_CONTROLLED.zip,src2/__nested__/0076/__nested__/0078/10_M04_INTEGRATION_READINESS_v1.1.md,2,464
/mnt/data/p1_v11_source_scan/src2/__nested__/0076/source_extracts/RECON/RUMAHAGEN_WF03_M04_FULL_REBUILD_v1.1_CORE_EVIDENCE_INTEGRATED_CONTROLLED.zip,src2/__nested__/0076/__nested__/0078/06_M04_PERMISSION_ROLE_REVIEW_v1.1.md,2,818
/mnt/data/p1_v11_source_scan/src2/__nested__/0076/source_extracts/RECON/RUMAHAGEN_WF03_M04_FULL_REBUILD_v1.1_CORE_EVIDENCE_INTEGRATED_CONTROLLED.zip,src2/__nested__/0076/__nested__/0078/01_M04_INVENTORY_FULL_DEEP_SCAN_v1.1.md,2,1740
/mnt/data/p1_v11_source_scan/src2/__nested__/0076/source_extracts/RECON/RUMAHAGEN_WF03_M04_FULL_REBUILD_v1.1_CORE_EVIDENCE_INTEGRATED_CONTROLLED.zip,src2/__nested__/0076/__nested__/0078/05_M04_CROSS_ARTIFACT_IMPACT_REVIEW_v1.1.md,2,1305
/mnt/data/p1_v11_source_scan/src2/__nested__/0076/source_extracts/RECON/RUMAHAGEN_WF03_M04_FULL_REBUILD_v1.1_CORE_EVIDENCE_INTEGRATED_CONTROLLED.zip,src2/__nested__/0076/__nested__/0078/09_M04_QA_FULL_v1.1.md,2,804
/mnt/data/p1_v11_source_scan/src2/__nested__/0076/source_extracts/RECON/RUMAHAGEN_WF03_M04_FULL_REBUILD_v1.1_CORE_EVIDENCE_INTEGRATED_CONTROLLED.zip,src2/__nested__/0076/__nested__/0078/07_M04_PHYSICAL_RUNTIME_STATUS_REVIEW_v1.1.md,2,961
/mnt/data/p1_v11_source_scan/src2/__nested__/0076/source_extracts/RECON/RUMAHAGEN_WF03_M04_FULL_REBUILD_v1.1_CORE_EVIDENCE_INTEGRATED_CONTROLLED.zip,src2/__nested__/0076/__nested__/0078/08_M04_CROSS_MODULE_RECONCILIATION_v1.1.md,2,917
/mnt/data/p1_v11_source_scan/src2/__nested__/0076/source_extracts/RECON/RUMAHAGEN_WF03_M04_FULL_REBUILD_v1.1_CORE_EVIDENCE_INTEGRATED_CONTROLLED.zip,src2/__nested__/0076/__nested__/0078/99_PROVENANCE_SOURCE_V1.0/10_PROVENANCE.md,2,435
/mnt/data/p1_v11_source_scan/src2/__nested__/0076/source_extracts/RECON/RUMAHAGEN_WF03_M04_FULL_REBUILD_v1.1_CORE_EVIDENCE_INTEGRATED_CONTROLLED.zip,src2/__nested__/0076/__nested__/0078/99_PROVENANCE_SOURCE_V1.0/07_M04_PHYSICAL_RUNTIME_STATUS_REVIEW_v1.0.md,2,50770
/mnt/data/p1_v11_source_scan/src2/__nested__/0076/source_extracts/RECON/RUMAHAGEN_WF03_M04_FULL_REBUILD_v1.1_CORE_EVIDENCE_INTEGRATED_CONTROLLED.zip,src2/__nested__/0076/__nested__/0078/99_PROVENANCE_SOURCE_V1.0/05_M04_CROSS_ARTIFACT_IMPACT_REVIEW_v1.0.md,2,50778
/mnt/data/p1_v11_source_scan/src2/__nested__/0076/source_extracts/RECON/RUMAHAGEN_WF03_M04_FULL_REBUILD_v1.1_CORE_EVIDENCE_INTEGRATED_CONTROLLED.zip,src2/__nested__/0076/__nested__/0078/99_PROVENANCE_SOURCE_V1.0/09_M04_QA_FULL_v1.0.md,2,626
/mnt/data/p1_v11_source_scan/src2/__nested__/0076/source_extracts/RECON/RUMAHAGEN_WF03_M04_FULL_REBUILD_v1.1_CORE_EVIDENCE_INTEGRATED_CONTROLLED.zip,src2/__nested__/0076/__nested__/0078/99_PROVENANCE_SOURCE_V1.0/02_M04_QUESTION_INVENTORY_v1.0.md,2,62524
/mnt/data/p1_v11_source_scan/src2/__nested__/0076/source_extracts/RECON/RUMAHAGEN_WF03_M04_FULL_REBUILD_v1.1_CORE_EVIDENCE_INTEGRATED_CONTROLLED.zip,src2/__nested__/0076/__nested__/0078/99_PROVENANCE_SOURCE_V1.0/04_M04_LIFECYCLE_REVIEW_v1.0.md,2,45043
/mnt/data/p1_v11_source_scan/src2/__nested__/0076/source_extracts/RECON/RUMAHAGEN_WF03_M04_FULL_REBUILD_v1.1_CORE_EVIDENCE_INTEGRATED_CONTROLLED.zip,src2/__nested__/0076/__nested__/0078/99_PROVENANCE_SOURCE_V1.0/01_M04_INVENTORY_FULL_DEEP_SCAN_v1.0.md,2,158082
/mnt/data/p1_v11_source_scan/src2/__nested__/0076/source_extracts/RECON/RUMAHAGEN_WF03_M04_FULL_REBUILD_v1.1_CORE_EVIDENCE_INTEGRATED_CONTROLLED.zip,src2/__nested__/0076/__nested__/0078/99_PROVENANCE_SOURCE_V1.0/08_M04_CROSS_MODULE_RECONCILIATION_v1.0.md,2,45211
/mnt/data/p1_v11_source_scan/src2/__nested__/0076/source_extracts/RECON/RUMAHAGEN_WF03_M04_FULL_REBUILD_v1.1_CORE_EVIDENCE_INTEGRATED_CONTROLLED.zip,src2/__nested__/0076/__nested__/0078/99_PROVENANCE_SOURCE_V1.0/00_M04_FULL_REBUILD_v1.0_CONTROLLED.md,2,1405
/mnt/data/p1_v11_source_scan/src2/__nested__/0076/source_extracts/RECON/RUMAHAGEN_WF03_M04_FULL_REBUILD_v1.1_CORE_EVIDENCE_INTEGRATED_CONTROLLED.zip,src2/__nested__/0076/__nested__/0078/99_PROVENANCE_SOURCE_V1.0/03_M04_SEMANTIC_REVIEW_v1.0.md,2,41924
/mnt/data/p1_v11_source_scan/src2/__nested__/0076/source_extracts/RECON/RUMAHAGEN_WF03_M04_FULL_REBUILD_v1.1_CORE_EVIDENCE_INTEGRATED_CONTROLLED.zip,src2/__nested__/0076/__nested__/0078/99_PROVENANCE_SOURCE_V1.0/11_MANIFEST.md,2,457
/mnt/data/p1_v11_source_scan/src2/__nested__/0076/source_extracts/RECON/RUMAHAGEN_WF03_M04_FULL_REBUILD_v1.1_CORE_EVIDENCE_INTEGRATED_CONTROLLED.zip,src2/__nested__/0076/__nested__/0078/99_PROVENANCE_SOURCE_V1.0/06_M04_PERMISSION_ROLE_REVIEW_v1.0.md,2,39996
/mnt/data/p1_v11_source_scan/src2/RUMAHAGEN_WF03_M06_QIR_RESOLUTION_CONTROLLED_v1.0_FULL_VERSION.zip,src2/__nested__/0076/source_extracts/RECON/M02_CORE_IMPACT_ANALYSIS_FULL_v1.0_CONTROLLED.zip,1,19133
/mnt/data/p1_v11_source_scan/src2/__nested__/0076/source_extracts/RECON/M02_CORE_IMPACT_ANALYSIS_FULL_v1.0_CONTROLLED.zip,src2/__nested__/0076/__nested__/0079/00_M02_CORE_IMPACT_EXECUTIVE_SUMMARY_v1.0.md,2,604
/mnt/data/p1_v11_source_scan/src2/__nested__/0076/source_extracts/RECON/M02_CORE_IMPACT_ANALYSIS_FULL_v1.0_CONTROLLED.zip,src2/__nested__/0076/__nested__/0079/01_M02_CORE_IMPACT_MATRIX_FULL_v1.0.csv,2,44200
/mnt/data/p1_v11_source_scan/src2/__nested__/0076/source_extracts/RECON/M02_CORE_IMPACT_ANALYSIS_FULL_v1.0_CONTROLLED.zip,src2/__nested__/0076/__nested__/0079/01_M02_CORE_IMPACT_MATRIX_FULL_v1.0.xlsx,2,9458
/mnt/data/p1_v11_source_scan/src2/__nested__/0076/source_extracts/RECON/M02_CORE_IMPACT_ANALYSIS_FULL_v1.0_CONTROLLED.zip,src2/__nested__/0076/__nested__/0079/02_M02_CORE_CONFLICT_REGISTER_FULL_v1.0.md,2,2041
/mnt/data/p1_v11_source_scan/src2/__nested__/0076/source_extracts/RECON/M02_CORE_IMPACT_ANALYSIS_FULL_v1.0_CONTROLLED.zip,src2/__nested__/0076/__nested__/0079/03_M02_CORE_PROPAGATION_MATRIX_FULL_v1.0.csv,2,1742
/mnt/data/p1_v11_source_scan/src2/__nested__/0076/source_extracts/RECON/M02_CORE_IMPACT_ANALYSIS_FULL_v1.0_CONTROLLED.zip,src2/__nested__/0076/__nested__/0079/04_M02_CORE_DEPENDENCY_IMPACT_FULL_v1.0.md,2,712
/mnt/data/p1_v11_source_scan/src2/__nested__/0076/source_extracts/RECON/M02_CORE_IMPACT_ANALYSIS_FULL_v1.0_CONTROLLED.zip,src2/__nested__/0076/__nested__/0079/05_M02_CORE_REQUIRED_CHANGE_REGISTER_FULL_v1.0.md,2,918
/mnt/data/p1_v11_source_scan/src2/__nested__/0076/source_extracts/RECON/M02_CORE_IMPACT_ANALYSIS_FULL_v1.0_CONTROLLED.zip,src2/__nested__/0076/__nested__/0079/06_M02_CORE_AUTHORITY_MAPPING_FULL_v1.0.md,2,595
/mnt/data/p1_v11_source_scan/src2/__nested__/0076/source_extracts/RECON/M02_CORE_IMPACT_ANALYSIS_FULL_v1.0_CONTROLLED.zip,src2/__nested__/0076/__nested__/0079/07_M02_CORE_IMPACT_QA_FULL_v1.0.md,2,562
/mnt/data/p1_v11_source_scan/src2/__nested__/0076/source_extracts/RECON/M02_CORE_IMPACT_ANALYSIS_FULL_v1.0_CONTROLLED.zip,src2/__nested__/0076/__nested__/0079/08_M02_CORE_INTEGRATION_READINESS_FULL_v1.0.md,2,437
/mnt/data/p1_v11_source_scan/src2/__nested__/0076/source_extracts/RECON/M02_CORE_IMPACT_ANALYSIS_FULL_v1.0_CONTROLLED.zip,src2/__nested__/0076/__nested__/0079/09_PROVENANCE_M02_CORE_IMPACT_v1.0.md,2,590
/mnt/data/p1_v11_source_scan/src2/__nested__/0076/source_extracts/RECON/M02_CORE_IMPACT_ANALYSIS_FULL_v1.0_CONTROLLED.zip,src2/__nested__/0076/__nested__/0079/10_MANIFEST_M02_CORE_IMPACT_v1.0.md,2,548
/mnt/data/p1_v11_source_scan/src2/RUMAHAGEN_WF03_M06_QIR_RESOLUTION_CONTROLLED_v1.0_FULL_VERSION.zip,src2/__nested__/0076/source_extracts/RECON/RUMAHAGEN_WF03_M05_FULL_REBUILD_CONTROLLED_v1.3_FULL_VERSION.zip,1,166268
/mnt/data/p1_v11_source_scan/src2/__nested__/0076/source_extracts/RECON/RUMAHAGEN_WF03_M05_FULL_REBUILD_CONTROLLED_v1.3_FULL_VERSION.zip,src2/__nested__/0076/__nested__/0080/01_M05_SOURCE_INVENTORY_100PCT_v1.3.md,2,296
/mnt/data/p1_v11_source_scan/src2/__nested__/0076/source_extracts/RECON/RUMAHAGEN_WF03_M05_FULL_REBUILD_CONTROLLED_v1.3_FULL_VERSION.zip,src2/__nested__/0076/__nested__/0080/00_M05_FULL_REBUILD_CONTROL_REPORT_v1.3.md,2,1667
/mnt/data/p1_v11_source_scan/src2/__nested__/0076/source_extracts/RECON/RUMAHAGEN_WF03_M05_FULL_REBUILD_CONTROLLED_v1.3_FULL_VERSION.zip,src2/__nested__/0076/__nested__/0080/18_M05_FULL_REBUILD_CONTROLLED_v1.3.docx,2,38682
/mnt/data/p1_v11_source_scan/src2/__nested__/0076/source_extracts/RECON/RUMAHAGEN_WF03_M05_FULL_REBUILD_CONTROLLED_v1.3_FULL_VERSION.zip,src2/__nested__/0076/__nested__/0080/10_M05_ACTOR_SURFACE_FULL_v1.3.md,2,579
/mnt/data/p1_v11_source_scan/src2/__nested__/0076/source_extracts/RECON/RUMAHAGEN_WF03_M05_FULL_REBUILD_CONTROLLED_v1.3_FULL_VERSION.zip,src2/__nested__/0076/__nested__/0080/06_M05_PERMISSION_ACTION_REVIEW_FULL_v1.3.md,2,439
/mnt/data/p1_v11_source_scan/src2/__nested__/0076/source_extracts/RECON/RUMAHAGEN_WF03_M05_FULL_REBUILD_CONTROLLED_v1.3_FULL_VERSION.zip,src2/__nested__/0076/__nested__/0080/02_M05_SOURCE_INVENTORY_100PCT_v1.3.csv,2,72712
/mnt/data/p1_v11_source_scan/src2/__nested__/0076/source_extracts/RECON/RUMAHAGEN_WF03_M05_FULL_REBUILD_CONTROLLED_v1.3_FULL_VERSION.zip,src2/__nested__/0076/__nested__/0080/03_M05_QUESTION_INVENTORY_FULL_v1.3.md,2,250
/mnt/data/p1_v11_source_scan/src2/__nested__/0076/source_extracts/RECON/RUMAHAGEN_WF03_M05_FULL_REBUILD_CONTROLLED_v1.3_FULL_VERSION.zip,src2/__nested__/0076/__nested__/0080/07_M05_CROSS_ARTIFACT_RECONCILIATION_FULL_v1.3.md,2,572
/mnt/data/p1_v11_source_scan/src2/__nested__/0076/source_extracts/RECON/RUMAHAGEN_WF03_M05_FULL_REBUILD_CONTROLLED_v1.3_FULL_VERSION.zip,src2/__nested__/0076/__nested__/0080/14_M05_FIELD_INVENTORY_FULL_v1.3.csv,2,1704
/mnt/data/p1_v11_source_scan/src2/__nested__/0076/source_extracts/RECON/RUMAHAGEN_WF03_M05_FULL_REBUILD_CONTROLLED_v1.3_FULL_VERSION.zip,src2/__nested__/0076/__nested__/0080/03_M05_QUESTION_INVENTORY_FULL_v1.3.csv,2,2736
/mnt/data/p1_v11_source_scan/src2/__nested__/0076/source_extracts/RECON/RUMAHAGEN_WF03_M05_FULL_REBUILD_CONTROLLED_v1.3_FULL_VERSION.zip,src2/__nested__/0076/__nested__/0080/12_M05_ONLINE_MEETING_PROVIDER_FULL_v1.3.md,2,722
/mnt/data/p1_v11_source_scan/src2/__nested__/0076/source_extracts/RECON/RUMAHAGEN_WF03_M05_FULL_REBUILD_CONTROLLED_v1.3_FULL_VERSION.zip,src2/__nested__/0076/__nested__/0080/08_M05_CROSS_MODULE_RECONCILIATION_FULL_v1.3.md,2,359
/mnt/data/p1_v11_source_scan/src2/__nested__/0076/source_extracts/RECON/RUMAHAGEN_WF03_M05_FULL_REBUILD_CONTROLLED_v1.3_FULL_VERSION.zip,src2/__nested__/0076/__nested__/0080/11_M05_CONFIGURATION_MATRIX_FULL_v1.3.md,2,782
/mnt/data/p1_v11_source_scan/src2/__nested__/0076/source_extracts/RECON/RUMAHAGEN_WF03_M05_FULL_REBUILD_CONTROLLED_v1.3_FULL_VERSION.zip,src2/__nested__/0076/__nested__/0080/13_M05_GUEST_REGISTRATION_FULL_v1.3.md,2,670
/mnt/data/p1_v11_source_scan/src2/__nested__/0076/source_extracts/RECON/RUMAHAGEN_WF03_M05_FULL_REBUILD_CONTROLLED_v1.3_FULL_VERSION.zip,src2/__nested__/0076/__nested__/0080/09_M05_PHYSICAL_RUNTIME_PREREQUISITE_REVIEW_FULL_v1.3.md,2,414
/mnt/data/p1_v11_source_scan/src2/__nested__/0076/source_extracts/RECON/RUMAHAGEN_WF03_M05_FULL_REBUILD_CONTROLLED_v1.3_FULL_VERSION.zip,src2/__nested__/0076/__nested__/0080/17_M05_FINAL_QA_PRE_GATE_v1.3.md,2,1132
/mnt/data/p1_v11_source_scan/src2/__nested__/0076/source_extracts/RECON/RUMAHAGEN_WF03_M05_FULL_REBUILD_CONTROLLED_v1.3_FULL_VERSION.zip,src2/__nested__/0076/__nested__/0080/16_M05_QIR_CORRECTION_TRACEABILITY_FULL_v1.3.md,2,663
/mnt/data/p1_v11_source_scan/src2/__nested__/0076/source_extracts/RECON/RUMAHAGEN_WF03_M05_FULL_REBUILD_CONTROLLED_v1.3_FULL_VERSION.zip,src2/__nested__/0076/__nested__/0080/15_M05_CONFIGURATION_PERMISSION_MATRIX_FULL_v1.3.xlsx,2,9152
/mnt/data/p1_v11_source_scan/src2/__nested__/0076/source_extracts/RECON/RUMAHAGEN_WF03_M05_FULL_REBUILD_CONTROLLED_v1.3_FULL_VERSION.zip,src2/__nested__/0076/__nested__/0080/04_M05_SEMANTIC_REVIEW_FULL_v1.3.md,2,759
/mnt/data/p1_v11_source_scan/src2/__nested__/0076/source_extracts/RECON/RUMAHAGEN_WF03_M05_FULL_REBUILD_CONTROLLED_v1.3_FULL_VERSION.zip,src2/__nested__/0076/__nested__/0080/05_M05_LIFECYCLE_FULL_v1.3.md,2,1182
/mnt/data/p1_v11_source_scan/src2/__nested__/0076/source_extracts/RECON/RUMAHAGEN_WF03_M05_FULL_REBUILD_CONTROLLED_v1.3_FULL_VERSION.zip,src2/__nested__/0076/__nested__/0080/01_FULL_V1.2_RETAINED/11_M05_PERMISSION_MATRIX_FULL_v1.2.csv,2,585
/mnt/data/p1_v11_source_scan/src2/__nested__/0076/source_extracts/RECON/RUMAHAGEN_WF03_M05_FULL_REBUILD_CONTROLLED_v1.3_FULL_VERSION.zip,src2/__nested__/0076/__nested__/0080/01_FULL_V1.2_RETAINED/10_M05_CONFIGURATION_PROVIDER_FULL_v1.2.md,2,994
/mnt/data/p1_v11_source_scan/src2/__nested__/0076/source_extracts/RECON/RUMAHAGEN_WF03_M05_FULL_REBUILD_CONTROLLED_v1.3_FULL_VERSION.zip,src2/__nested__/0076/__nested__/0080/01_FULL_V1.2_RETAINED/08_M05_CROSS_MODULE_RECONCILIATION_FULL_v1.2.md,2,468
/mnt/data/p1_v11_source_scan/src2/__nested__/0076/source_extracts/RECON/RUMAHAGEN_WF03_M05_FULL_REBUILD_CONTROLLED_v1.3_FULL_VERSION.zip,src2/__nested__/0076/__nested__/0080/01_FULL_V1.2_RETAINED/05_M05_PERMISSION_ACTION_REVIEW_FULL_v1.2.md,2,603
/mnt/data/p1_v11_source_scan/src2/__nested__/0076/source_extracts/RECON/RUMAHAGEN_WF03_M05_FULL_REBUILD_CONTROLLED_v1.3_FULL_VERSION.zip,src2/__nested__/0076/__nested__/0080/01_FULL_V1.2_RETAINED/evidence_iframe.md,2,7107
/mnt/data/p1_v11_source_scan/src2/__nested__/0076/source_extracts/RECON/RUMAHAGEN_WF03_M05_FULL_REBUILD_CONTROLLED_v1.3_FULL_VERSION.zip,src2/__nested__/0076/__nested__/0080/01_FULL_V1.2_RETAINED/04_M05_LIFECYCLE_FULL_v1.2.md,2,959
/mnt/data/p1_v11_source_scan/src2/__nested__/0076/source_extracts/RECON/RUMAHAGEN_WF03_M05_FULL_REBUILD_CONTROLLED_v1.3_FULL_VERSION.zip,src2/__nested__/0076/__nested__/0080/01_FULL_V1.2_RETAINED/evidence_waitinglist.md,2,8521
/mnt/data/p1_v11_source_scan/src2/__nested__/0076/source_extracts/RECON/RUMAHAGEN_WF03_M05_FULL_REBUILD_CONTROLLED_v1.3_FULL_VERSION.zip,src2/__nested__/0076/__nested__/0080/01_FULL_V1.2_RETAINED/03_M05_SEMANTIC_REVIEW_FULL_v1.2.md,2,824
/mnt/data/p1_v11_source_scan/src2/__nested__/0076/source_extracts/RECON/RUMAHAGEN_WF03_M05_FULL_REBUILD_CONTROLLED_v1.3_FULL_VERSION.zip,src2/__nested__/0076/__nested__/0080/01_FULL_V1.2_RETAINED/06_M05_CROSS_ARTIFACT_RECONCILIATION_FULL_v1.2.md,2,771
/mnt/data/p1_v11_source_scan/src2/__nested__/0076/source_extracts/RECON/RUMAHAGEN_WF03_M05_FULL_REBUILD_CONTROLLED_v1.3_FULL_VERSION.zip,src2/__nested__/0076/__nested__/0080/01_FULL_V1.2_RETAINED/evidence_late_registration.md,2,8522
/mnt/data/p1_v11_source_scan/src2/__nested__/0076/source_extracts/RECON/RUMAHAGEN_WF03_M05_FULL_REBUILD_CONTROLLED_v1.3_FULL_VERSION.zip,src2/__nested__/0076/__nested__/0080/01_FULL_V1.2_RETAINED/evidence_quota.md,2,8997
/mnt/data/p1_v11_source_scan/src2/__nested__/0076/source_extracts/RECON/RUMAHAGEN_WF03_M05_FULL_REBUILD_CONTROLLED_v1.3_FULL_VERSION.zip,src2/__nested__/0076/__nested__/0080/01_FULL_V1.2_RETAINED/15_M05_MANIFEST_CONTROLLED_v1.2.md,2,527
/mnt/data/p1_v11_source_scan/src2/__nested__/0076/source_extracts/RECON/RUMAHAGEN_WF03_M05_FULL_REBUILD_CONTROLLED_v1.3_FULL_VERSION.zip,src2/__nested__/0076/__nested__/0080/01_FULL_V1.2_RETAINED/01_M05_SOURCE_INVENTORY_100PCT_v1.2.md,2,331
/mnt/data/p1_v11_source_scan/src2/__nested__/0076/source_extracts/RECON/RUMAHAGEN_WF03_M05_FULL_REBUILD_CONTROLLED_v1.3_FULL_VERSION.zip,src2/__nested__/0076/__nested__/0080/01_FULL_V1.2_RETAINED/12_M05_FULL_FIELD_CONFIGURATION_PERMISSION_MATRIX_v1.2.xlsx,2,8960
/mnt/data/p1_v11_source_scan/src2/__nested__/0076/source_extracts/RECON/RUMAHAGEN_WF03_M05_FULL_REBUILD_CONTROLLED_v1.3_FULL_VERSION.zip,src2/__nested__/0076/__nested__/0080/01_FULL_V1.2_RETAINED/13_M05_EVIDENCE_PROVENANCE_AND_DIFF_v1.2.md,2,1658
/mnt/data/p1_v11_source_scan/src2/__nested__/0076/source_extracts/RECON/RUMAHAGEN_WF03_M05_FULL_REBUILD_CONTROLLED_v1.3_FULL_VERSION.zip,src2/__nested__/0076/__nested__/0080/01_FULL_V1.2_RETAINED/07_M05_PHYSICAL_RUNTIME_PREREQUISITE_REVIEW_FULL_v1.2.md,2,576
/mnt/data/p1_v11_source_scan/src2/__nested__/0076/source_extracts/RECON/RUMAHAGEN_WF03_M05_FULL_REBUILD_CONTROLLED_v1.3_FULL_VERSION.zip,src2/__nested__/0076/__nested__/0080/01_FULL_V1.2_RETAINED/01_M05_SOURCE_INVENTORY_100PCT_v1.2.csv,2,67454
/mnt/data/p1_v11_source_scan/src2/__nested__/0076/source_extracts/RECON/RUMAHAGEN_WF03_M05_FULL_REBUILD_CONTROLLED_v1.3_FULL_VERSION.zip,src2/__nested__/0076/__nested__/0080/01_FULL_V1.2_RETAINED/16_M05_FULL_REBUILD_CONTROLLED_v1.2.docx,2,38911
/mnt/data/p1_v11_source_scan/src2/__nested__/0076/source_extracts/RECON/RUMAHAGEN_WF03_M05_FULL_REBUILD_CONTROLLED_v1.3_FULL_VERSION.zip,src2/__nested__/0076/__nested__/0080/01_FULL_V1.2_RETAINED/09_M05_ACTOR_SURFACE_FULL_v1.2.md,2,632
/mnt/data/p1_v11_source_scan/src2/__nested__/0076/source_extracts/RECON/RUMAHAGEN_WF03_M05_FULL_REBUILD_CONTROLLED_v1.3_FULL_VERSION.zip,src2/__nested__/0076/__nested__/0080/01_FULL_V1.2_RETAINED/evidence_attendance.md,2,8385
/mnt/data/p1_v11_source_scan/src2/__nested__/0076/source_extracts/RECON/RUMAHAGEN_WF03_M05_FULL_REBUILD_CONTROLLED_v1.3_FULL_VERSION.zip,src2/__nested__/0076/__nested__/0080/01_FULL_V1.2_RETAINED/02_M05_QUESTION_INVENTORY_FULL_v1.2.md,2,237
/mnt/data/p1_v11_source_scan/src2/__nested__/0076/source_extracts/RECON/RUMAHAGEN_WF03_M05_FULL_REBUILD_CONTROLLED_v1.3_FULL_VERSION.zip,src2/__nested__/0076/__nested__/0080/01_FULL_V1.2_RETAINED/00_M05_FULL_REBUILD_CONTROL_REPORT_v1.2.md,2,1490
/mnt/data/p1_v11_source_scan/src2/__nested__/0076/source_extracts/RECON/RUMAHAGEN_WF03_M05_FULL_REBUILD_CONTROLLED_v1.3_FULL_VERSION.zip,src2/__nested__/0076/__nested__/0080/01_FULL_V1.2_RETAINED/evidence_fields.md,2,8908
/mnt/data/p1_v11_source_scan/src2/__nested__/0076/source_extracts/RECON/RUMAHAGEN_WF03_M05_FULL_REBUILD_CONTROLLED_v1.3_FULL_VERSION.zip,src2/__nested__/0076/__nested__/0080/01_FULL_V1.2_RETAINED/02_M05_QUESTION_INVENTORY_FULL_v1.2.csv,2,2321
/mnt/data/p1_v11_source_scan/src2/__nested__/0076/source_extracts/RECON/RUMAHAGEN_WF03_M05_FULL_REBUILD_CONTROLLED_v1.3_FULL_VERSION.zip,src2/__nested__/0076/__nested__/0080/01_FULL_V1.2_RETAINED/evidence_provider.md,2,8501
/mnt/data/p1_v11_source_scan/src2/__nested__/0076/source_extracts/RECON/RUMAHAGEN_WF03_M05_FULL_REBUILD_CONTROLLED_v1.3_FULL_VERSION.zip,src2/__nested__/0076/__nested__/0080/01_FULL_V1.2_RETAINED/14_M05_QA_FULL_v1.2.md,2,1150
/mnt/data/p1_v11_source_scan/src2/RUMAHAGEN_WF03_M06_QIR_RESOLUTION_CONTROLLED_v1.0_FULL_VERSION.zip,src2/__nested__/0076/source_extracts/RECON/RUMAHAGEN_WF03_M03_FULL_REBUILD_v1.3_QIR_INTEGRATED_CONTROLLED.zip,1,161796
/mnt/data/p1_v11_source_scan/src2/__nested__/0076/source_extracts/RECON/RUMAHAGEN_WF03_M03_FULL_REBUILD_v1.3_QIR_INTEGRATED_CONTROLLED.zip,src2/__nested__/0076/__nested__/0081/15_M03_QA_COMPLETION_CONTROLLED_v1.3.md,2,1396
/mnt/data/p1_v11_source_scan/src2/__nested__/0076/source_extracts/RECON/RUMAHAGEN_WF03_M03_FULL_REBUILD_v1.3_QIR_INTEGRATED_CONTROLLED.zip,src2/__nested__/0076/__nested__/0081/MANIFEST_M03_FULL_REBUILD_v1.3.md,2,1148
/mnt/data/p1_v11_source_scan/src2/__nested__/0076/source_extracts/RECON/RUMAHAGEN_WF03_M03_FULL_REBUILD_v1.3_QIR_INTEGRATED_CONTROLLED.zip,src2/__nested__/0076/__nested__/0081/09_M03_SEARCH_CONTRACT_FULL_v1.3.md,2,1635
/mnt/data/p1_v11_source_scan/src2/__nested__/0076/source_extracts/RECON/RUMAHAGEN_WF03_M03_FULL_REBUILD_v1.3_QIR_INTEGRATED_CONTROLLED.zip,src2/__nested__/0076/__nested__/0081/17_M03_QIR_INTEGRATION_PROVENANCE_v1.3.md,2,1605
/mnt/data/p1_v11_source_scan/src2/__nested__/0076/source_extracts/RECON/RUMAHAGEN_WF03_M03_FULL_REBUILD_v1.3_QIR_INTEGRATED_CONTROLLED.zip,src2/__nested__/0076/__nested__/0081/02_M03_PERMISSION_MATRIX_FULL_v1.3.xlsx,2,8231
/mnt/data/p1_v11_source_scan/src2/__nested__/0076/source_extracts/RECON/RUMAHAGEN_WF03_M03_FULL_REBUILD_v1.3_QIR_INTEGRATED_CONTROLLED.zip,src2/__nested__/0076/__nested__/0081/11_M03_PHYSICAL_RUNTIME_STATUS_FULL_v1.3.md,2,1346
/mnt/data/p1_v11_source_scan/src2/__nested__/0076/source_extracts/RECON/RUMAHAGEN_WF03_M03_FULL_REBUILD_v1.3_QIR_INTEGRATED_CONTROLLED.zip,src2/__nested__/0076/__nested__/0081/01_M03_QUESTION_INVENTORY_FULL_v1.3.csv,2,14733
/mnt/data/p1_v11_source_scan/src2/__nested__/0076/source_extracts/RECON/RUMAHAGEN_WF03_M03_FULL_REBUILD_v1.3_QIR_INTEGRATED_CONTROLLED.zip,src2/__nested__/0076/__nested__/0081/README_CONTROLLED_OUTPUT_v1.3.md,2,1358
/mnt/data/p1_v11_source_scan/src2/__nested__/0076/source_extracts/RECON/RUMAHAGEN_WF03_M03_FULL_REBUILD_v1.3_QIR_INTEGRATED_CONTROLLED.zip,src2/__nested__/0076/__nested__/0081/05_M03_CROSS_ARTIFACT_RECONCILIATION_FULL_v1.3.md,2,2047
/mnt/data/p1_v11_source_scan/src2/__nested__/0076/source_extracts/RECON/RUMAHAGEN_WF03_M03_FULL_REBUILD_v1.3_QIR_INTEGRATED_CONTROLLED.zip,src2/__nested__/0076/__nested__/0081/04_M03_SEMANTIC_LIFECYCLE_AUTHORITY_FULL_v1.3.md,2,3651
/mnt/data/p1_v11_source_scan/src2/__nested__/0076/source_extracts/RECON/RUMAHAGEN_WF03_M03_FULL_REBUILD_v1.3_QIR_INTEGRATED_CONTROLLED.zip,src2/__nested__/0076/__nested__/0081/07_M03_RBAC_RLS_CONTRACT_FULL_v1.3.md,2,1468
/mnt/data/p1_v11_source_scan/src2/__nested__/0076/source_extracts/RECON/RUMAHAGEN_WF03_M03_FULL_REBUILD_v1.3_QIR_INTEGRATED_CONTROLLED.zip,src2/__nested__/0076/__nested__/0081/06_M03_API_CONTRACT_FULL_v1.3.md,2,1992
/mnt/data/p1_v11_source_scan/src2/__nested__/0076/source_extracts/RECON/RUMAHAGEN_WF03_M03_FULL_REBUILD_v1.3_QIR_INTEGRATED_CONTROLLED.zip,src2/__nested__/0076/__nested__/0081/08_M03_SCHEMA_ERD_RECONCILIATION_FULL_v1.3.sql,2,662
/mnt/data/p1_v11_source_scan/src2/__nested__/0076/source_extracts/RECON/RUMAHAGEN_WF03_M03_FULL_REBUILD_v1.3_QIR_INTEGRATED_CONTROLLED.zip,src2/__nested__/0076/__nested__/0081/00_M03_REBUILD_CONTROL_REPORT_v1.3.md,2,4607
/mnt/data/p1_v11_source_scan/src2/__nested__/0076/source_extracts/RECON/RUMAHAGEN_WF03_M03_FULL_REBUILD_v1.3_QIR_INTEGRATED_CONTROLLED.zip,src2/__nested__/0076/__nested__/0081/16_WF03_MASTER_PROGRESS_M01-M15_v1.8_M03_QIR_INTEGRATED.xlsx,2,29255
/mnt/data/p1_v11_source_scan/src2/__nested__/0076/source_extracts/RECON/RUMAHAGEN_WF03_M03_FULL_REBUILD_v1.3_QIR_INTEGRATED_CONTROLLED.zip,src2/__nested__/0076/__nested__/0081/01_M03_QUESTION_INVENTORY_FULL_v1.3.xlsx,2,10724
/mnt/data/p1_v11_source_scan/src2/__nested__/0076/source_extracts/RECON/RUMAHAGEN_WF03_M03_FULL_REBUILD_v1.3_QIR_INTEGRATED_CONTROLLED.zip,src2/__nested__/0076/__nested__/0081/13_M03_MEDIA_THUMBNAIL_DERIVATIVE_CONTRACT_FULL_v1.3.md,2,1664
/mnt/data/p1_v11_source_scan/src2/__nested__/0076/source_extracts/RECON/RUMAHAGEN_WF03_M03_FULL_REBUILD_v1.3_QIR_INTEGRATED_CONTROLLED.zip,src2/__nested__/0076/__nested__/0081/03_M03_PERMISSION_MATRIX_FULL_v1.3.csv,2,2976
/mnt/data/p1_v11_source_scan/src2/__nested__/0076/source_extracts/RECON/RUMAHAGEN_WF03_M03_FULL_REBUILD_v1.3_QIR_INTEGRATED_CONTROLLED.zip,src2/__nested__/0076/__nested__/0081/10_M03_UI_UX_USER_FLOW_FULL_v1.3.md,2,1632
/mnt/data/p1_v11_source_scan/src2/__nested__/0076/source_extracts/RECON/RUMAHAGEN_WF03_M03_FULL_REBUILD_v1.3_QIR_INTEGRATED_CONTROLLED.zip,src2/__nested__/0076/__nested__/0081/14_M03_DISTRICT_REFRESH_POSITIONING_CONTRACT_FULL_v1.3.md,2,1518
/mnt/data/p1_v11_source_scan/src2/__nested__/0076/source_extracts/RECON/RUMAHAGEN_WF03_M03_FULL_REBUILD_v1.3_QIR_INTEGRATED_CONTROLLED.zip,src2/__nested__/0076/__nested__/0081/_PROVENANCE_QIR_V1.0_SOURCE/01_M03_QUESTION_INVENTORY_RESOLVED_v1.0.xlsx,2,10960
/mnt/data/p1_v11_source_scan/src2/__nested__/0076/source_extracts/RECON/RUMAHAGEN_WF03_M03_FULL_REBUILD_v1.3_QIR_INTEGRATED_CONTROLLED.zip,src2/__nested__/0076/__nested__/0081/_PROVENANCE_QIR_V1.0_SOURCE/11_M03_PHYSICAL_RUNTIME_STATUS_FULL_v1.2.md,2,1346
/mnt/data/p1_v11_source_scan/src2/__nested__/0076/source_extracts/RECON/RUMAHAGEN_WF03_M03_FULL_REBUILD_v1.3_QIR_INTEGRATED_CONTROLLED.zip,src2/__nested__/0076/__nested__/0081/_PROVENANCE_QIR_V1.0_SOURCE/08_M03_SCHEMA_ERD_RECONCILIATION_FULL_v1.0.sql,2,1013
/mnt/data/p1_v11_source_scan/src2/__nested__/0076/source_extracts/RECON/RUMAHAGEN_WF03_M03_FULL_REBUILD_v1.3_QIR_INTEGRATED_CONTROLLED.zip,src2/__nested__/0076/__nested__/0081/_PROVENANCE_QIR_V1.0_SOURCE/00_M03_QUESTION_INVENTORY_RESOLUTION_REPORT_v1.0.md,2,2543
/mnt/data/p1_v11_source_scan/src2/__nested__/0076/source_extracts/RECON/RUMAHAGEN_WF03_M03_FULL_REBUILD_v1.3_QIR_INTEGRATED_CONTROLLED.zip,src2/__nested__/0076/__nested__/0081/_PROVENANCE_QIR_V1.0_SOURCE/08_M03_SCHEMA_ERD_RECONCILIATION_FULL_v1.2.sql,2,662
/mnt/data/p1_v11_source_scan/src2/__nested__/0076/source_extracts/RECON/RUMAHAGEN_WF03_M03_FULL_REBUILD_v1.3_QIR_INTEGRATED_CONTROLLED.zip,src2/__nested__/0076/__nested__/0081/_PROVENANCE_QIR_V1.0_SOURCE/MANIFEST_M03_QIR_v1.0.md,2,965
/mnt/data/p1_v11_source_scan/src2/__nested__/0076/source_extracts/RECON/RUMAHAGEN_WF03_M03_FULL_REBUILD_v1.3_QIR_INTEGRATED_CONTROLLED.zip,src2/__nested__/0076/__nested__/0081/_PROVENANCE_QIR_V1.0_SOURCE/05_M03_CROSS_ARTIFACT_RECONCILIATION_FULL_v1.2.md,2,2047
/mnt/data/p1_v11_source_scan/src2/__nested__/0076/source_extracts/RECON/RUMAHAGEN_WF03_M03_FULL_REBUILD_v1.3_QIR_INTEGRATED_CONTROLLED.zip,src2/__nested__/0076/__nested__/0081/_PROVENANCE_QIR_V1.0_SOURCE/14_M03_DISTRICT_REFRESH_POSITIONING_CONTRACT_FULL_v1.2.md,2,1518
/mnt/data/p1_v11_source_scan/src2/__nested__/0076/source_extracts/RECON/RUMAHAGEN_WF03_M03_FULL_REBUILD_v1.3_QIR_INTEGRATED_CONTROLLED.zip,src2/__nested__/0076/__nested__/0081/_PROVENANCE_QIR_V1.0_SOURCE/MANIFEST_v1.2.md,2,889
/mnt/data/p1_v11_source_scan/src2/__nested__/0076/source_extracts/RECON/RUMAHAGEN_WF03_M03_FULL_REBUILD_v1.3_QIR_INTEGRATED_CONTROLLED.zip,src2/__nested__/0076/__nested__/0081/_PROVENANCE_QIR_V1.0_SOURCE/04_M03_SEMANTIC_LIFECYCLE_AUTHORITY_RESOLVED_v1.0.md,2,3834
/mnt/data/p1_v11_source_scan/src2/__nested__/0076/source_extracts/RECON/RUMAHAGEN_WF03_M03_FULL_REBUILD_v1.3_QIR_INTEGRATED_CONTROLLED.zip,src2/__nested__/0076/__nested__/0081/_PROVENANCE_QIR_V1.0_SOURCE/01_M03_QUESTION_INVENTORY_RESOLVED_v1.0.csv,2,12262
/mnt/data/p1_v11_source_scan/src2/__nested__/0076/source_extracts/RECON/RUMAHAGEN_WF03_M03_FULL_REBUILD_v1.3_QIR_INTEGRATED_CONTROLLED.zip,src2/__nested__/0076/__nested__/0081/_PROVENANCE_QIR_V1.0_SOURCE/README_CONTROLLED_OUTPUT_v1.2.md,2,1198
/mnt/data/p1_v11_source_scan/src2/__nested__/0076/source_extracts/RECON/RUMAHAGEN_WF03_M03_FULL_REBUILD_v1.3_QIR_INTEGRATED_CONTROLLED.zip,src2/__nested__/0076/__nested__/0081/_PROVENANCE_QIR_V1.0_SOURCE/03_M03_PERMISSION_MATRIX_FULL_v1.2.csv,2,3290
/mnt/data/p1_v11_source_scan/src2/__nested__/0076/source_extracts/RECON/RUMAHAGEN_WF03_M03_FULL_REBUILD_v1.3_QIR_INTEGRATED_CONTROLLED.zip,src2/__nested__/0076/__nested__/0081/_PROVENANCE_QIR_V1.0_SOURCE/02_M03_PERMISSION_MATRIX_RESOLVED_v1.0.xlsx,2,8231
/mnt/data/p1_v11_source_scan/src2/__nested__/0076/source_extracts/RECON/RUMAHAGEN_WF03_M03_FULL_REBUILD_v1.3_QIR_INTEGRATED_CONTROLLED.zip,src2/__nested__/0076/__nested__/0081/_PROVENANCE_QIR_V1.0_SOURCE/10_M03_UI_UX_USER_FLOW_FULL_v1.2.md,2,1632
/mnt/data/p1_v11_source_scan/src2/__nested__/0076/source_extracts/RECON/RUMAHAGEN_WF03_M03_FULL_REBUILD_v1.3_QIR_INTEGRATED_CONTROLLED.zip,src2/__nested__/0076/__nested__/0081/_PROVENANCE_QIR_V1.0_SOURCE/15_M03_QA_COMPLETION_CONTROLLED_v1.2.md,2,1396
/mnt/data/p1_v11_source_scan/src2/__nested__/0076/source_extracts/RECON/RUMAHAGEN_WF03_M03_FULL_REBUILD_v1.3_QIR_INTEGRATED_CONTROLLED.zip,src2/__nested__/0076/__nested__/0081/_PROVENANCE_QIR_V1.0_SOURCE/00_M03_REBUILD_CONTROL_REPORT_v1.2.md,2,4607
/mnt/data/p1_v11_source_scan/src2/__nested__/0076/source_extracts/RECON/RUMAHAGEN_WF03_M03_FULL_REBUILD_v1.3_QIR_INTEGRATED_CONTROLLED.zip,src2/__nested__/0076/__nested__/0081/_PROVENANCE_QIR_V1.0_SOURCE/09_M03_SEARCH_CONTRACT_RESOLVED_v1.0.md,2,1665
/mnt/data/p1_v11_source_scan/src2/__nested__/0076/source_extracts/RECON/RUMAHAGEN_WF03_M03_FULL_REBUILD_v1.3_QIR_INTEGRATED_CONTROLLED.zip,src2/__nested__/0076/__nested__/0081/_PROVENANCE_QIR_V1.0_SOURCE/06_M03_API_CONTRACT_FULL_v1.2.md,2,1992
/mnt/data/p1_v11_source_scan/src2/__nested__/0076/source_extracts/RECON/RUMAHAGEN_WF03_M03_FULL_REBUILD_v1.3_QIR_INTEGRATED_CONTROLLED.zip,src2/__nested__/0076/__nested__/0081/_PROVENANCE_QIR_V1.0_SOURCE/13_M03_MEDIA_THUMBNAIL_DERIVATIVE_CONTRACT_FULL_v1.2.md,2,1664
/mnt/data/p1_v11_source_scan/src2/__nested__/0076/source_extracts/RECON/RUMAHAGEN_WF03_M03_FULL_REBUILD_v1.3_QIR_INTEGRATED_CONTROLLED.zip,src2/__nested__/0076/__nested__/0081/_PROVENANCE_QIR_V1.0_SOURCE/16_WF03_MASTER_PROGRESS_M01-M15_v1.7_M03_QIR_COMPLETE.xlsx,2,29256
/mnt/data/p1_v11_source_scan/src2/__nested__/0076/source_extracts/RECON/RUMAHAGEN_WF03_M03_FULL_REBUILD_v1.3_QIR_INTEGRATED_CONTROLLED.zip,src2/__nested__/0076/__nested__/0081/_PROVENANCE_M03_V1.2_ORIGINAL/01_M03_QUESTION_INVENTORY_FULL_v1.2.csv,2,11442
/mnt/data/p1_v11_source_scan/src2/__nested__/0076/source_extracts/RECON/RUMAHAGEN_WF03_M03_FULL_REBUILD_v1.3_QIR_INTEGRATED_CONTROLLED.zip,src2/__nested__/0076/__nested__/0081/_PROVENANCE_M03_V1.2_ORIGINAL/01_M03_QUESTION_INVENTORY_FULL_v1.2.xlsx,2,10816
/mnt/data/p1_v11_source_scan/src2/__nested__/0076/source_extracts/RECON/RUMAHAGEN_WF03_M03_FULL_REBUILD_v1.3_QIR_INTEGRATED_CONTROLLED.zip,src2/__nested__/0076/__nested__/0081/_PROVENANCE_M03_V1.2_ORIGINAL/11_M03_PHYSICAL_RUNTIME_STATUS_FULL_v1.2.md,2,1346
/mnt/data/p1_v11_source_scan/src2/__nested__/0076/source_extracts/RECON/RUMAHAGEN_WF03_M03_FULL_REBUILD_v1.3_QIR_INTEGRATED_CONTROLLED.zip,src2/__nested__/0076/__nested__/0081/_PROVENANCE_M03_V1.2_ORIGINAL/08_M03_SCHEMA_ERD_RECONCILIATION_FULL_v1.0.sql,2,1013
/mnt/data/p1_v11_source_scan/src2/__nested__/0076/source_extracts/RECON/RUMAHAGEN_WF03_M03_FULL_REBUILD_v1.3_QIR_INTEGRATED_CONTROLLED.zip,src2/__nested__/0076/__nested__/0081/_PROVENANCE_M03_V1.2_ORIGINAL/04_M03_SEMANTIC_LIFECYCLE_AUTHORITY_FULL_v1.2.md,2,3651
/mnt/data/p1_v11_source_scan/src2/__nested__/0076/source_extracts/RECON/RUMAHAGEN_WF03_M03_FULL_REBUILD_v1.3_QIR_INTEGRATED_CONTROLLED.zip,src2/__nested__/0076/__nested__/0081/_PROVENANCE_M03_V1.2_ORIGINAL/08_M03_SCHEMA_ERD_RECONCILIATION_FULL_v1.2.sql,2,662
/mnt/data/p1_v11_source_scan/src2/__nested__/0076/source_extracts/RECON/RUMAHAGEN_WF03_M03_FULL_REBUILD_v1.3_QIR_INTEGRATED_CONTROLLED.zip,src2/__nested__/0076/__nested__/0081/_PROVENANCE_M03_V1.2_ORIGINAL/05_M03_CROSS_ARTIFACT_RECONCILIATION_FULL_v1.2.md,2,2047
/mnt/data/p1_v11_source_scan/src2/__nested__/0076/source_extracts/RECON/RUMAHAGEN_WF03_M03_FULL_REBUILD_v1.3_QIR_INTEGRATED_CONTROLLED.zip,src2/__nested__/0076/__nested__/0081/_PROVENANCE_M03_V1.2_ORIGINAL/07_M03_RBAC_RLS_CONTRACT_FULL_v1.2.md,2,1468
/mnt/data/p1_v11_source_scan/src2/__nested__/0076/source_extracts/RECON/RUMAHAGEN_WF03_M03_FULL_REBUILD_v1.3_QIR_INTEGRATED_CONTROLLED.zip,src2/__nested__/0076/__nested__/0081/_PROVENANCE_M03_V1.2_ORIGINAL/14_M03_DISTRICT_REFRESH_POSITIONING_CONTRACT_FULL_v1.2.md,2,1518
/mnt/data/p1_v11_source_scan/src2/__nested__/0076/source_extracts/RECON/RUMAHAGEN_WF03_M03_FULL_REBUILD_v1.3_QIR_INTEGRATED_CONTROLLED.zip,src2/__nested__/0076/__nested__/0081/_PROVENANCE_M03_V1.2_ORIGINAL/09_M03_SEARCH_CONTRACT_FULL_v1.2.md,2,1635
/mnt/data/p1_v11_source_scan/src2/__nested__/0076/source_extracts/RECON/RUMAHAGEN_WF03_M03_FULL_REBUILD_v1.3_QIR_INTEGRATED_CONTROLLED.zip,src2/__nested__/0076/__nested__/0081/_PROVENANCE_M03_V1.2_ORIGINAL/MANIFEST_v1.2.md,2,889
/mnt/data/p1_v11_source_scan/src2/__nested__/0076/source_extracts/RECON/RUMAHAGEN_WF03_M03_FULL_REBUILD_v1.3_QIR_INTEGRATED_CONTROLLED.zip,src2/__nested__/0076/__nested__/0081/_PROVENANCE_M03_V1.2_ORIGINAL/16_WF03_MASTER_PROGRESS_M01-M15_v1.6_M03_COMPLETE.xlsx,2,29257
/mnt/data/p1_v11_source_scan/src2/__nested__/0076/source_extracts/RECON/RUMAHAGEN_WF03_M03_FULL_REBUILD_v1.3_QIR_INTEGRATED_CONTROLLED.zip,src2/__nested__/0076/__nested__/0081/_PROVENANCE_M03_V1.2_ORIGINAL/README_CONTROLLED_OUTPUT_v1.2.md,2,1198
/mnt/data/p1_v11_source_scan/src2/__nested__/0076/source_extracts/RECON/RUMAHAGEN_WF03_M03_FULL_REBUILD_v1.3_QIR_INTEGRATED_CONTROLLED.zip,src2/__nested__/0076/__nested__/0081/_PROVENANCE_M03_V1.2_ORIGINAL/03_M03_PERMISSION_MATRIX_FULL_v1.2.csv,2,3290
/mnt/data/p1_v11_source_scan/src2/__nested__/0076/source_extracts/RECON/RUMAHAGEN_WF03_M03_FULL_REBUILD_v1.3_QIR_INTEGRATED_CONTROLLED.zip,src2/__nested__/0076/__nested__/0081/_PROVENANCE_M03_V1.2_ORIGINAL/10_M03_UI_UX_USER_FLOW_FULL_v1.2.md,2,1632
/mnt/data/p1_v11_source_scan/src2/__nested__/0076/source_extracts/RECON/RUMAHAGEN_WF03_M03_FULL_REBUILD_v1.3_QIR_INTEGRATED_CONTROLLED.zip,src2/__nested__/0076/__nested__/0081/_PROVENANCE_M03_V1.2_ORIGINAL/15_M03_QA_COMPLETION_CONTROLLED_v1.2.md,2,1396
/mnt/data/p1_v11_source_scan/src2/__nested__/0076/source_extracts/RECON/RUMAHAGEN_WF03_M03_FULL_REBUILD_v1.3_QIR_INTEGRATED_CONTROLLED.zip,src2/__nested__/0076/__nested__/0081/_PROVENANCE_M03_V1.2_ORIGINAL/00_M03_REBUILD_CONTROL_REPORT_v1.2.md,2,4607
/mnt/data/p1_v11_source_scan/src2/__nested__/0076/source_extracts/RECON/RUMAHAGEN_WF03_M03_FULL_REBUILD_v1.3_QIR_INTEGRATED_CONTROLLED.zip,src2/__nested__/0076/__nested__/0081/_PROVENANCE_M03_V1.2_ORIGINAL/02_M03_PERMISSION_MATRIX_FULL_v1.2.xlsx,2,8343
/mnt/data/p1_v11_source_scan/src2/__nested__/0076/source_extracts/RECON/RUMAHAGEN_WF03_M03_FULL_REBUILD_v1.3_QIR_INTEGRATED_CONTROLLED.zip,src2/__nested__/0076/__nested__/0081/_PROVENANCE_M03_V1.2_ORIGINAL/06_M03_API_CONTRACT_FULL_v1.2.md,2,1992
/mnt/data/p1_v11_source_scan/src2/__nested__/0076/source_extracts/RECON/RUMAHAGEN_WF03_M03_FULL_REBUILD_v1.3_QIR_INTEGRATED_CONTROLLED.zip,src2/__nested__/0076/__nested__/0081/_PROVENANCE_M03_V1.2_ORIGINAL/13_M03_MEDIA_THUMBNAIL_DERIVATIVE_CONTRACT_FULL_v1.2.md,2,1664
/mnt/data/p1_v11_source_scan/src2/RUMAHAGEN_WF03_M06_QIR_RESOLUTION_CONTROLLED_v1.0_FULL_VERSION.zip,src2/__nested__/0076/source_extracts/RECON/M04_CORE_IMPACT_ANALYSIS_FULL_v1.0_CONTROLLED.zip,1,7535
/mnt/data/p1_v11_source_scan/src2/__nested__/0076/source_extracts/RECON/M04_CORE_IMPACT_ANALYSIS_FULL_v1.0_CONTROLLED.zip,src2/__nested__/0076/__nested__/0082/08_M04_CORE_INTEGRATION_READINESS.md,2,376
/mnt/data/p1_v11_source_scan/src2/__nested__/0076/source_extracts/RECON/M04_CORE_IMPACT_ANALYSIS_FULL_v1.0_CONTROLLED.zip,src2/__nested__/0076/__nested__/0082/05_M04_CORE_REQUIRED_CHANGE_REGISTER.md,2,565
/mnt/data/p1_v11_source_scan/src2/__nested__/0076/source_extracts/RECON/M04_CORE_IMPACT_ANALYSIS_FULL_v1.0_CONTROLLED.zip,src2/__nested__/0076/__nested__/0082/04_M04_CORE_DEPENDENCY_IMPACT.md,2,717
/mnt/data/p1_v11_source_scan/src2/__nested__/0076/source_extracts/RECON/M04_CORE_IMPACT_ANALYSIS_FULL_v1.0_CONTROLLED.zip,src2/__nested__/0076/__nested__/0082/03_M04_CORE_PROPAGATION_MATRIX.csv,2,1122
/mnt/data/p1_v11_source_scan/src2/__nested__/0076/source_extracts/RECON/M04_CORE_IMPACT_ANALYSIS_FULL_v1.0_CONTROLLED.zip,src2/__nested__/0076/__nested__/0082/09_PROVENANCE.md,2,394
/mnt/data/p1_v11_source_scan/src2/__nested__/0076/source_extracts/RECON/M04_CORE_IMPACT_ANALYSIS_FULL_v1.0_CONTROLLED.zip,src2/__nested__/0076/__nested__/0082/01_M04_CORE_IMPACT_MATRIX.csv,2,1689
/mnt/data/p1_v11_source_scan/src2/__nested__/0076/source_extracts/RECON/M04_CORE_IMPACT_ANALYSIS_FULL_v1.0_CONTROLLED.zip,src2/__nested__/0076/__nested__/0082/07_M04_CORE_QA.md,2,410
/mnt/data/p1_v11_source_scan/src2/__nested__/0076/source_extracts/RECON/M04_CORE_IMPACT_ANALYSIS_FULL_v1.0_CONTROLLED.zip,src2/__nested__/0076/__nested__/0082/02_M04_CORE_CONFLICT_REGISTER.md,2,9490
/mnt/data/p1_v11_source_scan/src2/__nested__/0076/source_extracts/RECON/M04_CORE_IMPACT_ANALYSIS_FULL_v1.0_CONTROLLED.zip,src2/__nested__/0076/__nested__/0082/01_M04_CORE_IMPACT_MATRIX.md,2,2267
/mnt/data/p1_v11_source_scan/src2/__nested__/0076/source_extracts/RECON/M04_CORE_IMPACT_ANALYSIS_FULL_v1.0_CONTROLLED.zip,src2/__nested__/0076/__nested__/0082/06_M04_CORE_AUTHORITY_MAPPING.md,2,813
/mnt/data/p1_v11_source_scan/src2/__nested__/0076/source_extracts/RECON/M04_CORE_IMPACT_ANALYSIS_FULL_v1.0_CONTROLLED.zip,src2/__nested__/0076/__nested__/0082/10_MANIFEST.md,2,373
/mnt/data/p1_v11_source_scan/src2/RUMAHAGEN_WF03_M06_QIR_RESOLUTION_CONTROLLED_v1.0_FULL_VERSION.zip,src2/__nested__/0076/source_extracts/RECON/M03_CORE_IMPACT_ANALYSIS_FULL_v1.0_CONTROLLED.zip,1,25873
/mnt/data/p1_v11_source_scan/src2/__nested__/0076/source_extracts/RECON/M03_CORE_IMPACT_ANALYSIS_FULL_v1.0_CONTROLLED.zip,src2/__nested__/0076/__nested__/0083/00_M03_CORE_IMPACT_EXECUTIVE_SUMMARY_v1.0.md,2,591
/mnt/data/p1_v11_source_scan/src2/__nested__/0076/source_extracts/RECON/M03_CORE_IMPACT_ANALYSIS_FULL_v1.0_CONTROLLED.zip,src2/__nested__/0076/__nested__/0083/01_M03_CORE_IMPACT_MATRIX_FULL_v1.0.csv,2,44866
/mnt/data/p1_v11_source_scan/src2/__nested__/0076/source_extracts/RECON/M03_CORE_IMPACT_ANALYSIS_FULL_v1.0_CONTROLLED.zip,src2/__nested__/0076/__nested__/0083/01_M03_CORE_IMPACT_MATRIX_FULL_v1.0.xlsx,2,12128
/mnt/data/p1_v11_source_scan/src2/__nested__/0076/source_extracts/RECON/M03_CORE_IMPACT_ANALYSIS_FULL_v1.0_CONTROLLED.zip,src2/__nested__/0076/__nested__/0083/02_M03_CORE_CONFLICT_REGISTER_FULL_v1.0.md,2,2436
/mnt/data/p1_v11_source_scan/src2/__nested__/0076/source_extracts/RECON/M03_CORE_IMPACT_ANALYSIS_FULL_v1.0_CONTROLLED.zip,src2/__nested__/0076/__nested__/0083/03_M03_CORE_PROPAGATION_MATRIX_FULL_v1.0.csv,2,2473
/mnt/data/p1_v11_source_scan/src2/__nested__/0076/source_extracts/RECON/M03_CORE_IMPACT_ANALYSIS_FULL_v1.0_CONTROLLED.zip,src2/__nested__/0076/__nested__/0083/04_M03_CORE_DEPENDENCY_IMPACT_FULL_v1.0.md,2,977
/mnt/data/p1_v11_source_scan/src2/__nested__/0076/source_extracts/RECON/M03_CORE_IMPACT_ANALYSIS_FULL_v1.0_CONTROLLED.zip,src2/__nested__/0076/__nested__/0083/05_M03_CORE_REQUIRED_CHANGE_REGISTER_FULL_v1.0.md,2,1708
/mnt/data/p1_v11_source_scan/src2/__nested__/0076/source_extracts/RECON/M03_CORE_IMPACT_ANALYSIS_FULL_v1.0_CONTROLLED.zip,src2/__nested__/0076/__nested__/0083/06_M03_CORE_AUTHORITY_MAPPING_FULL_v1.0.md,2,1057
/mnt/data/p1_v11_source_scan/src2/__nested__/0076/source_extracts/RECON/M03_CORE_IMPACT_ANALYSIS_FULL_v1.0_CONTROLLED.zip,src2/__nested__/0076/__nested__/0083/07_M03_CORE_IMPACT_QA_FULL_v1.0.md,2,974
/mnt/data/p1_v11_source_scan/src2/__nested__/0076/source_extracts/RECON/M03_CORE_IMPACT_ANALYSIS_FULL_v1.0_CONTROLLED.zip,src2/__nested__/0076/__nested__/0083/08_M03_CORE_INTEGRATION_READINESS_FULL_v1.0.md,2,861
/mnt/data/p1_v11_source_scan/src2/__nested__/0076/source_extracts/RECON/M03_CORE_IMPACT_ANALYSIS_FULL_v1.0_CONTROLLED.zip,src2/__nested__/0076/__nested__/0083/09_PROVENANCE_M03_CORE_IMPACT_v1.0.md,2,586
/mnt/data/p1_v11_source_scan/src2/__nested__/0076/source_extracts/RECON/M03_CORE_IMPACT_ANALYSIS_FULL_v1.0_CONTROLLED.zip,src2/__nested__/0076/__nested__/0083/10_MANIFEST_M03_CORE_IMPACT_v1.0.md,2,568
/mnt/data/p1_v11_source_scan/src2/RUMAHAGEN_WF03_M06_QIR_RESOLUTION_CONTROLLED_v1.0_FULL_VERSION.zip,src2/__nested__/0076/source_extracts/RECON/WF03_STEP02_FULL_M01-M15_BLOCKER_PREREQUISITE_RETRACE_v1.0.md,1,11010
/mnt/data/p1_v11_source_scan/src2/RUMAHAGEN_WF03_M06_QIR_RESOLUTION_CONTROLLED_v1.0_FULL_VERSION.zip,src2/__nested__/0076/source_extracts/RECON/RUMAHAGEN_WF03_M05_QIR_CORRECTION_CONTROLLED_FULL_v1.2.zip,1,134715
/mnt/data/p1_v11_source_scan/src2/__nested__/0076/source_extracts/RECON/RUMAHAGEN_WF03_M05_QIR_CORRECTION_CONTROLLED_FULL_v1.2.zip,src2/__nested__/0076/__nested__/0084/M05_v1.2_BASELINE/11_M05_PERMISSION_MATRIX_FULL_v1.2.csv,2,585
/mnt/data/p1_v11_source_scan/src2/__nested__/0076/source_extracts/RECON/RUMAHAGEN_WF03_M05_QIR_CORRECTION_CONTROLLED_FULL_v1.2.zip,src2/__nested__/0076/__nested__/0084/M05_v1.2_BASELINE/10_M05_CONFIGURATION_PROVIDER_FULL_v1.2.md,2,994
/mnt/data/p1_v11_source_scan/src2/__nested__/0076/source_extracts/RECON/RUMAHAGEN_WF03_M05_QIR_CORRECTION_CONTROLLED_FULL_v1.2.zip,src2/__nested__/0076/__nested__/0084/M05_v1.2_BASELINE/08_M05_CROSS_MODULE_RECONCILIATION_FULL_v1.2.md,2,468
/mnt/data/p1_v11_source_scan/src2/__nested__/0076/source_extracts/RECON/RUMAHAGEN_WF03_M05_QIR_CORRECTION_CONTROLLED_FULL_v1.2.zip,src2/__nested__/0076/__nested__/0084/M05_v1.2_BASELINE/05_M05_PERMISSION_ACTION_REVIEW_FULL_v1.2.md,2,603
/mnt/data/p1_v11_source_scan/src2/__nested__/0076/source_extracts/RECON/RUMAHAGEN_WF03_M05_QIR_CORRECTION_CONTROLLED_FULL_v1.2.zip,src2/__nested__/0076/__nested__/0084/M05_v1.2_BASELINE/evidence_iframe.md,2,7107
/mnt/data/p1_v11_source_scan/src2/__nested__/0076/source_extracts/RECON/RUMAHAGEN_WF03_M05_QIR_CORRECTION_CONTROLLED_FULL_v1.2.zip,src2/__nested__/0076/__nested__/0084/M05_v1.2_BASELINE/04_M05_LIFECYCLE_FULL_v1.2.md,2,959
/mnt/data/p1_v11_source_scan/src2/__nested__/0076/source_extracts/RECON/RUMAHAGEN_WF03_M05_QIR_CORRECTION_CONTROLLED_FULL_v1.2.zip,src2/__nested__/0076/__nested__/0084/M05_v1.2_BASELINE/evidence_waitinglist.md,2,8521
/mnt/data/p1_v11_source_scan/src2/__nested__/0076/source_extracts/RECON/RUMAHAGEN_WF03_M05_QIR_CORRECTION_CONTROLLED_FULL_v1.2.zip,src2/__nested__/0076/__nested__/0084/M05_v1.2_BASELINE/03_M05_SEMANTIC_REVIEW_FULL_v1.2.md,2,824
/mnt/data/p1_v11_source_scan/src2/__nested__/0076/source_extracts/RECON/RUMAHAGEN_WF03_M05_QIR_CORRECTION_CONTROLLED_FULL_v1.2.zip,src2/__nested__/0076/__nested__/0084/M05_v1.2_BASELINE/06_M05_CROSS_ARTIFACT_RECONCILIATION_FULL_v1.2.md,2,771
/mnt/data/p1_v11_source_scan/src2/__nested__/0076/source_extracts/RECON/RUMAHAGEN_WF03_M05_QIR_CORRECTION_CONTROLLED_FULL_v1.2.zip,src2/__nested__/0076/__nested__/0084/M05_v1.2_BASELINE/evidence_late_registration.md,2,8522
/mnt/data/p1_v11_source_scan/src2/__nested__/0076/source_extracts/RECON/RUMAHAGEN_WF03_M05_QIR_CORRECTION_CONTROLLED_FULL_v1.2.zip,src2/__nested__/0076/__nested__/0084/M05_v1.2_BASELINE/evidence_quota.md,2,8997
/mnt/data/p1_v11_source_scan/src2/__nested__/0076/source_extracts/RECON/RUMAHAGEN_WF03_M05_QIR_CORRECTION_CONTROLLED_FULL_v1.2.zip,src2/__nested__/0076/__nested__/0084/M05_v1.2_BASELINE/15_M05_MANIFEST_CONTROLLED_v1.2.md,2,527
/mnt/data/p1_v11_source_scan/src2/__nested__/0076/source_extracts/RECON/RUMAHAGEN_WF03_M05_QIR_CORRECTION_CONTROLLED_FULL_v1.2.zip,src2/__nested__/0076/__nested__/0084/M05_v1.2_BASELINE/01_M05_SOURCE_INVENTORY_100PCT_v1.2.md,2,331
/mnt/data/p1_v11_source_scan/src2/__nested__/0076/source_extracts/RECON/RUMAHAGEN_WF03_M05_QIR_CORRECTION_CONTROLLED_FULL_v1.2.zip,src2/__nested__/0076/__nested__/0084/M05_v1.2_BASELINE/12_M05_FULL_FIELD_CONFIGURATION_PERMISSION_MATRIX_v1.2.xlsx,2,8960
/mnt/data/p1_v11_source_scan/src2/__nested__/0076/source_extracts/RECON/RUMAHAGEN_WF03_M05_QIR_CORRECTION_CONTROLLED_FULL_v1.2.zip,src2/__nested__/0076/__nested__/0084/M05_v1.2_BASELINE/13_M05_EVIDENCE_PROVENANCE_AND_DIFF_v1.2.md,2,1658
/mnt/data/p1_v11_source_scan/src2/__nested__/0076/source_extracts/RECON/RUMAHAGEN_WF03_M05_QIR_CORRECTION_CONTROLLED_FULL_v1.2.zip,src2/__nested__/0076/__nested__/0084/M05_v1.2_BASELINE/07_M05_PHYSICAL_RUNTIME_PREREQUISITE_REVIEW_FULL_v1.2.md,2,576
/mnt/data/p1_v11_source_scan/src2/__nested__/0076/source_extracts/RECON/RUMAHAGEN_WF03_M05_QIR_CORRECTION_CONTROLLED_FULL_v1.2.zip,src2/__nested__/0076/__nested__/0084/M05_v1.2_BASELINE/01_M05_SOURCE_INVENTORY_100PCT_v1.2.csv,2,67454
/mnt/data/p1_v11_source_scan/src2/__nested__/0076/source_extracts/RECON/RUMAHAGEN_WF03_M05_QIR_CORRECTION_CONTROLLED_FULL_v1.2.zip,src2/__nested__/0076/__nested__/0084/M05_v1.2_BASELINE/16_M05_FULL_REBUILD_CONTROLLED_v1.2.docx,2,38911
/mnt/data/p1_v11_source_scan/src2/__nested__/0076/source_extracts/RECON/RUMAHAGEN_WF03_M05_QIR_CORRECTION_CONTROLLED_FULL_v1.2.zip,src2/__nested__/0076/__nested__/0084/M05_v1.2_BASELINE/09_M05_ACTOR_SURFACE_FULL_v1.2.md,2,632
/mnt/data/p1_v11_source_scan/src2/__nested__/0076/source_extracts/RECON/RUMAHAGEN_WF03_M05_QIR_CORRECTION_CONTROLLED_FULL_v1.2.zip,src2/__nested__/0076/__nested__/0084/M05_v1.2_BASELINE/evidence_attendance.md,2,8385
/mnt/data/p1_v11_source_scan/src2/__nested__/0076/source_extracts/RECON/RUMAHAGEN_WF03_M05_QIR_CORRECTION_CONTROLLED_FULL_v1.2.zip,src2/__nested__/0076/__nested__/0084/M05_v1.2_BASELINE/02_M05_QUESTION_INVENTORY_FULL_v1.2.md,2,237
/mnt/data/p1_v11_source_scan/src2/__nested__/0076/source_extracts/RECON/RUMAHAGEN_WF03_M05_QIR_CORRECTION_CONTROLLED_FULL_v1.2.zip,src2/__nested__/0076/__nested__/0084/M05_v1.2_BASELINE/00_M05_FULL_REBUILD_CONTROL_REPORT_v1.2.md,2,1490
/mnt/data/p1_v11_source_scan/src2/__nested__/0076/source_extracts/RECON/RUMAHAGEN_WF03_M05_QIR_CORRECTION_CONTROLLED_FULL_v1.2.zip,src2/__nested__/0076/__nested__/0084/M05_v1.2_BASELINE/evidence_fields.md,2,8908
/mnt/data/p1_v11_source_scan/src2/__nested__/0076/source_extracts/RECON/RUMAHAGEN_WF03_M05_QIR_CORRECTION_CONTROLLED_FULL_v1.2.zip,src2/__nested__/0076/__nested__/0084/M05_v1.2_BASELINE/02_M05_QUESTION_INVENTORY_FULL_v1.2.csv,2,2321
/mnt/data/p1_v11_source_scan/src2/__nested__/0076/source_extracts/RECON/RUMAHAGEN_WF03_M05_QIR_CORRECTION_CONTROLLED_FULL_v1.2.zip,src2/__nested__/0076/__nested__/0084/M05_v1.2_BASELINE/evidence_provider.md,2,8501
/mnt/data/p1_v11_source_scan/src2/__nested__/0076/source_extracts/RECON/RUMAHAGEN_WF03_M05_QIR_CORRECTION_CONTROLLED_FULL_v1.2.zip,src2/__nested__/0076/__nested__/0084/M05_v1.2_BASELINE/14_M05_QA_FULL_v1.2.md,2,1150
/mnt/data/p1_v11_source_scan/src2/__nested__/0076/source_extracts/RECON/RUMAHAGEN_WF03_M05_QIR_CORRECTION_CONTROLLED_FULL_v1.2.zip,src2/__nested__/0076/__nested__/0084/M05_QIR_CORRECTION_v1.2/04_M05_QIR_PROVIDER_VALIDATION_CORRECTED_FULL.md,2,774
/mnt/data/p1_v11_source_scan/src2/__nested__/0076/source_extracts/RECON/RUMAHAGEN_WF03_M05_QIR_CORRECTION_CONTROLLED_FULL_v1.2.zip,src2/__nested__/0076/__nested__/0084/M05_QIR_CORRECTION_v1.2/10_M05_QIR_DOCUMENTARY_BLOCKERS_CORRECTED_FULL.md,2,710
/mnt/data/p1_v11_source_scan/src2/__nested__/0076/source_extracts/RECON/RUMAHAGEN_WF03_M05_QIR_CORRECTION_CONTROLLED_FULL_v1.2.zip,src2/__nested__/0076/__nested__/0084/M05_QIR_CORRECTION_v1.2/00_M05_QIR_CORRECTION_CONTROLLED_v1.2.md,2,3445
/mnt/data/p1_v11_source_scan/src2/__nested__/0076/source_extracts/RECON/RUMAHAGEN_WF03_M05_QIR_CORRECTION_CONTROLLED_FULL_v1.2.zip,src2/__nested__/0076/__nested__/0084/M05_QIR_CORRECTION_v1.2/11_M05_QIR_FINAL_FINDINGS_CORRECTED_FULL.md,2,726
/mnt/data/p1_v11_source_scan/src2/__nested__/0076/source_extracts/RECON/RUMAHAGEN_WF03_M05_QIR_CORRECTION_CONTROLLED_FULL_v1.2.zip,src2/__nested__/0076/__nested__/0084/M05_QIR_CORRECTION_v1.2/12_M05_QIR_QA_CORRECTED_FULL.md,2,963
/mnt/data/p1_v11_source_scan/src2/__nested__/0076/source_extracts/RECON/RUMAHAGEN_WF03_M05_QIR_CORRECTION_CONTROLLED_FULL_v1.2.zip,src2/__nested__/0076/__nested__/0084/M05_QIR_CORRECTION_v1.2/06_M05_QIR_LIFECYCLE_VALIDATION_CORRECTED_FULL.md,2,804
/mnt/data/p1_v11_source_scan/src2/__nested__/0076/source_extracts/RECON/RUMAHAGEN_WF03_M05_QIR_CORRECTION_CONTROLLED_FULL_v1.2.zip,src2/__nested__/0076/__nested__/0084/M05_QIR_CORRECTION_v1.2/09_M05_QIR_CROSS_MODULE_VALIDATION_CORRECTED_FULL.md,2,574
/mnt/data/p1_v11_source_scan/src2/__nested__/0076/source_extracts/RECON/RUMAHAGEN_WF03_M05_QIR_CORRECTION_CONTROLLED_FULL_v1.2.zip,src2/__nested__/0076/__nested__/0084/M05_QIR_CORRECTION_v1.2/13_M05_QIR_CORRECTION_CONTROLLED_FULL_v1.2.docx,2,37642
/mnt/data/p1_v11_source_scan/src2/__nested__/0076/source_extracts/RECON/RUMAHAGEN_WF03_M05_QIR_CORRECTION_CONTROLLED_FULL_v1.2.zip,src2/__nested__/0076/__nested__/0084/M05_QIR_CORRECTION_v1.2/03_M05_QIR_BUSINESS_RULE_VALIDATION_CORRECTED_FULL.md,2,1244
/mnt/data/p1_v11_source_scan/src2/__nested__/0076/source_extracts/RECON/RUMAHAGEN_WF03_M05_QIR_CORRECTION_CONTROLLED_FULL_v1.2.zip,src2/__nested__/0076/__nested__/0084/M05_QIR_CORRECTION_v1.2/07_M05_QIR_PERMISSION_VALIDATION_CORRECTED_FULL.md,2,542
/mnt/data/p1_v11_source_scan/src2/__nested__/0076/source_extracts/RECON/RUMAHAGEN_WF03_M05_QIR_CORRECTION_CONTROLLED_FULL_v1.2.zip,src2/__nested__/0076/__nested__/0084/M05_QIR_CORRECTION_v1.2/05_M05_QIR_GUEST_REGISTRATION_VALIDATION_CORRECTED_FULL.md,2,742
/mnt/data/p1_v11_source_scan/src2/__nested__/0076/source_extracts/RECON/RUMAHAGEN_WF03_M05_QIR_CORRECTION_CONTROLLED_FULL_v1.2.zip,src2/__nested__/0076/__nested__/0084/M05_QIR_CORRECTION_v1.2/08_M05_QIR_CONFIGURATION_VALIDATION_CORRECTED_FULL.md,2,648
/mnt/data/p1_v11_source_scan/src2/__nested__/0076/source_extracts/RECON/RUMAHAGEN_WF03_M05_QIR_CORRECTION_CONTROLLED_FULL_v1.2.zip,src2/__nested__/0076/__nested__/0084/M05_QIR_CORRECTION_v1.2/02_M05_QIR_RESOLUTION_MATRIX_CORRECTED_FULL.csv,2,1114
/mnt/data/p1_v11_source_scan/src2/__nested__/0076/source_extracts/RECON/RUMAHAGEN_WF03_M05_QIR_CORRECTION_CONTROLLED_FULL_v1.2.zip,src2/__nested__/0076/__nested__/0084/M05_QIR_CORRECTION_v1.2/01_M05_QIR_QUESTION_INVENTORY_CORRECTED_FULL.csv,2,2961
/mnt/data/p1_v11_source_scan/src2/RUMAHAGEN_WF03_M06_QIR_RESOLUTION_CONTROLLED_v1.0_FULL_VERSION.zip,src2/__nested__/0076/source_extracts/M03_RECON/_PROVENANCE_QIR_V1.0_SOURCE/00_M03_QUESTION_INVENTORY_RESOLUTION_REPORT_v1.0.md,1,2543
/mnt/data/p1_v11_source_scan/src2/RUMAHAGEN_WF03_M06_QIR_RESOLUTION_CONTROLLED_v1.0_FULL_VERSION.zip,src2/__nested__/0076/source_extracts/M03_RECON/_PROVENANCE_QIR_V1.0_SOURCE/13_M03_MEDIA_THUMBNAIL_DERIVATIVE_CONTRACT_FULL_v1.2.md,1,1664
/mnt/data/p1_v11_source_scan/src2/RUMAHAGEN_WF03_M06_QIR_RESOLUTION_CONTROLLED_v1.0_FULL_VERSION.zip,src2/__nested__/0076/source_extracts/M03_RECON/_PROVENANCE_QIR_V1.0_SOURCE/01_M03_QUESTION_INVENTORY_RESOLVED_v1.0.xlsx,1,10960
/mnt/data/p1_v11_source_scan/src2/RUMAHAGEN_WF03_M06_QIR_RESOLUTION_CONTROLLED_v1.0_FULL_VERSION.zip,src2/__nested__/0076/source_extracts/M03_RECON/_PROVENANCE_QIR_V1.0_SOURCE/08_M03_SCHEMA_ERD_RECONCILIATION_FULL_v1.2.sql,1,662
/mnt/data/p1_v11_source_scan/src2/RUMAHAGEN_WF03_M06_QIR_RESOLUTION_CONTROLLED_v1.0_FULL_VERSION.zip,src2/__nested__/0076/source_extracts/M03_RECON/_PROVENANCE_QIR_V1.0_SOURCE/02_M03_PERMISSION_MATRIX_RESOLVED_v1.0.xlsx,1,8231
/mnt/data/p1_v11_source_scan/src2/RUMAHAGEN_WF03_M06_QIR_RESOLUTION_CONTROLLED_v1.0_FULL_VERSION.zip,src2/__nested__/0076/source_extracts/M03_RECON/_PROVENANCE_QIR_V1.0_SOURCE/11_M03_PHYSICAL_RUNTIME_STATUS_FULL_v1.2.md,1,1346
/mnt/data/p1_v11_source_scan/src2/RUMAHAGEN_WF03_M06_QIR_RESOLUTION_CONTROLLED_v1.0_FULL_VERSION.zip,src2/__nested__/0076/source_extracts/M03_RECON/_PROVENANCE_QIR_V1.0_SOURCE/10_M03_UI_UX_USER_FLOW_FULL_v1.2.md,1,1632
/mnt/data/p1_v11_source_scan/src2/RUMAHAGEN_WF03_M06_QIR_RESOLUTION_CONTROLLED_v1.0_FULL_VERSION.zip,src2/__nested__/0076/source_extracts/M03_RECON/_PROVENANCE_QIR_V1.0_SOURCE/MANIFEST_M03_QIR_v1.0.md,1,965
/mnt/data/p1_v11_source_scan/src2/RUMAHAGEN_WF03_M06_QIR_RESOLUTION_CONTROLLED_v1.0_FULL_VERSION.zip,src2/__nested__/0076/source_extracts/M03_RECON/_PROVENANCE_QIR_V1.0_SOURCE/04_M03_SEMANTIC_LIFECYCLE_AUTHORITY_RESOLVED_v1.0.md,1,3834
/mnt/data/p1_v11_source_scan/src2/RUMAHAGEN_WF03_M06_QIR_RESOLUTION_CONTROLLED_v1.0_FULL_VERSION.zip,src2/__nested__/0076/source_extracts/M03_RECON/_PROVENANCE_QIR_V1.0_SOURCE/14_M03_DISTRICT_REFRESH_POSITIONING_CONTRACT_FULL_v1.2.md,1,1518
/mnt/data/p1_v11_source_scan/src2/RUMAHAGEN_WF03_M06_QIR_RESOLUTION_CONTROLLED_v1.0_FULL_VERSION.zip,src2/__nested__/0076/source_extracts/M03_RECON/_PROVENANCE_QIR_V1.0_SOURCE/MANIFEST_v1.2.md,1,889
/mnt/data/p1_v11_source_scan/src2/RUMAHAGEN_WF03_M06_QIR_RESOLUTION_CONTROLLED_v1.0_FULL_VERSION.zip,src2/__nested__/0076/source_extracts/M03_RECON/_PROVENANCE_QIR_V1.0_SOURCE/15_M03_QA_COMPLETION_CONTROLLED_v1.2.md,1,1396
/mnt/data/p1_v11_source_scan/src2/RUMAHAGEN_WF03_M06_QIR_RESOLUTION_CONTROLLED_v1.0_FULL_VERSION.zip,src2/__nested__/0076/source_extracts/M03_RECON/_PROVENANCE_QIR_V1.0_SOURCE/05_M03_CROSS_ARTIFACT_RECONCILIATION_FULL_v1.2.md,1,2047
/mnt/data/p1_v11_source_scan/src2/RUMAHAGEN_WF03_M06_QIR_RESOLUTION_CONTROLLED_v1.0_FULL_VERSION.zip,src2/__nested__/0076/source_extracts/M03_RECON/_PROVENANCE_QIR_V1.0_SOURCE/03_M03_PERMISSION_MATRIX_FULL_v1.2.csv,1,3290
/mnt/data/p1_v11_source_scan/src2/RUMAHAGEN_WF03_M06_QIR_RESOLUTION_CONTROLLED_v1.0_FULL_VERSION.zip,src2/__nested__/0076/source_extracts/M03_RECON/_PROVENANCE_QIR_V1.0_SOURCE/00_M03_REBUILD_CONTROL_REPORT_v1.2.md,1,4607
/mnt/data/p1_v11_source_scan/src2/RUMAHAGEN_WF03_M06_QIR_RESOLUTION_CONTROLLED_v1.0_FULL_VERSION.zip,src2/__nested__/0076/source_extracts/M03_RECON/_PROVENANCE_QIR_V1.0_SOURCE/README_CONTROLLED_OUTPUT_v1.2.md,1,1198
/mnt/data/p1_v11_source_scan/src2/RUMAHAGEN_WF03_M06_QIR_RESOLUTION_CONTROLLED_v1.0_FULL_VERSION.zip,src2/__nested__/0076/source_extracts/M03_RECON/_PROVENANCE_QIR_V1.0_SOURCE/16_WF03_MASTER_PROGRESS_M01-M15_v1.7_M03_QIR_COMPLETE.xlsx,1,29256
/mnt/data/p1_v11_source_scan/src2/RUMAHAGEN_WF03_M06_QIR_RESOLUTION_CONTROLLED_v1.0_FULL_VERSION.zip,src2/__nested__/0076/source_extracts/M03_RECON/_PROVENANCE_QIR_V1.0_SOURCE/08_M03_SCHEMA_ERD_RECONCILIATION_FULL_v1.0.sql,1,1013
/mnt/data/p1_v11_source_scan/src2/RUMAHAGEN_WF03_M06_QIR_RESOLUTION_CONTROLLED_v1.0_FULL_VERSION.zip,src2/__nested__/0076/source_extracts/M03_RECON/_PROVENANCE_QIR_V1.0_SOURCE/09_M03_SEARCH_CONTRACT_RESOLVED_v1.0.md,1,1665
/mnt/data/p1_v11_source_scan/src2/RUMAHAGEN_WF03_M06_QIR_RESOLUTION_CONTROLLED_v1.0_FULL_VERSION.zip,src2/__nested__/0076/source_extracts/M03_RECON/_PROVENANCE_QIR_V1.0_SOURCE/01_M03_QUESTION_INVENTORY_RESOLVED_v1.0.csv,1,12262
/mnt/data/p1_v11_source_scan/src2/RUMAHAGEN_WF03_M06_QIR_RESOLUTION_CONTROLLED_v1.0_FULL_VERSION.zip,src2/__nested__/0076/source_extracts/M03_RECON/_PROVENANCE_QIR_V1.0_SOURCE/06_M03_API_CONTRACT_FULL_v1.2.md,1,1992
/mnt/data/p1_v11_source_scan/src2/RUMAHAGEN_WF03_M06_QIR_RESOLUTION_CONTROLLED_v1.0_FULL_VERSION.zip,src2/__nested__/0076/source_extracts/M03_RECON/_PROVENANCE_M03_V1.2_ORIGINAL/13_M03_MEDIA_THUMBNAIL_DERIVATIVE_CONTRACT_FULL_v1.2.md,1,1664
/mnt/data/p1_v11_source_scan/src2/RUMAHAGEN_WF03_M06_QIR_RESOLUTION_CONTROLLED_v1.0_FULL_VERSION.zip,src2/__nested__/0076/source_extracts/M03_RECON/_PROVENANCE_M03_V1.2_ORIGINAL/09_M03_SEARCH_CONTRACT_FULL_v1.2.md,1,1635
/mnt/data/p1_v11_source_scan/src2/RUMAHAGEN_WF03_M06_QIR_RESOLUTION_CONTROLLED_v1.0_FULL_VERSION.zip,src2/__nested__/0076/source_extracts/M03_RECON/_PROVENANCE_M03_V1.2_ORIGINAL/01_M03_QUESTION_INVENTORY_FULL_v1.2.xlsx,1,10816
/mnt/data/p1_v11_source_scan/src2/RUMAHAGEN_WF03_M06_QIR_RESOLUTION_CONTROLLED_v1.0_FULL_VERSION.zip,src2/__nested__/0076/source_extracts/M03_RECON/_PROVENANCE_M03_V1.2_ORIGINAL/08_M03_SCHEMA_ERD_RECONCILIATION_FULL_v1.2.sql,1,662
/mnt/data/p1_v11_source_scan/src2/RUMAHAGEN_WF03_M06_QIR_RESOLUTION_CONTROLLED_v1.0_FULL_VERSION.zip,src2/__nested__/0076/source_extracts/M03_RECON/_PROVENANCE_M03_V1.2_ORIGINAL/02_M03_PERMISSION_MATRIX_FULL_v1.2.xlsx,1,8343
/mnt/data/p1_v11_source_scan/src2/RUMAHAGEN_WF03_M06_QIR_RESOLUTION_CONTROLLED_v1.0_FULL_VERSION.zip,src2/__nested__/0076/source_extracts/M03_RECON/_PROVENANCE_M03_V1.2_ORIGINAL/11_M03_PHYSICAL_RUNTIME_STATUS_FULL_v1.2.md,1,1346
/mnt/data/p1_v11_source_scan/src2/RUMAHAGEN_WF03_M06_QIR_RESOLUTION_CONTROLLED_v1.0_FULL_VERSION.zip,src2/__nested__/0076/source_extracts/M03_RECON/_PROVENANCE_M03_V1.2_ORIGINAL/10_M03_UI_UX_USER_FLOW_FULL_v1.2.md,1,1632
/mnt/data/p1_v11_source_scan/src2/RUMAHAGEN_WF03_M06_QIR_RESOLUTION_CONTROLLED_v1.0_FULL_VERSION.zip,src2/__nested__/0076/source_extracts/M03_RECON/_PROVENANCE_M03_V1.2_ORIGINAL/14_M03_DISTRICT_REFRESH_POSITIONING_CONTRACT_FULL_v1.2.md,1,1518
/mnt/data/p1_v11_source_scan/src2/RUMAHAGEN_WF03_M06_QIR_RESOLUTION_CONTROLLED_v1.0_FULL_VERSION.zip,src2/__nested__/0076/source_extracts/M03_RECON/_PROVENANCE_M03_V1.2_ORIGINAL/MANIFEST_v1.2.md,1,889
/mnt/data/p1_v11_source_scan/src2/RUMAHAGEN_WF03_M06_QIR_RESOLUTION_CONTROLLED_v1.0_FULL_VERSION.zip,src2/__nested__/0076/source_extracts/M03_RECON/_PROVENANCE_M03_V1.2_ORIGINAL/15_M03_QA_COMPLETION_CONTROLLED_v1.2.md,1,1396
/mnt/data/p1_v11_source_scan/src2/RUMAHAGEN_WF03_M06_QIR_RESOLUTION_CONTROLLED_v1.0_FULL_VERSION.zip,src2/__nested__/0076/source_extracts/M03_RECON/_PROVENANCE_M03_V1.2_ORIGINAL/04_M03_SEMANTIC_LIFECYCLE_AUTHORITY_FULL_v1.2.md,1,3651
/mnt/data/p1_v11_source_scan/src2/RUMAHAGEN_WF03_M06_QIR_RESOLUTION_CONTROLLED_v1.0_FULL_VERSION.zip,src2/__nested__/0076/source_extracts/M03_RECON/_PROVENANCE_M03_V1.2_ORIGINAL/05_M03_CROSS_ARTIFACT_RECONCILIATION_FULL_v1.2.md,1,2047
/mnt/data/p1_v11_source_scan/src2/RUMAHAGEN_WF03_M06_QIR_RESOLUTION_CONTROLLED_v1.0_FULL_VERSION.zip,src2/__nested__/0076/source_extracts/M03_RECON/_PROVENANCE_M03_V1.2_ORIGINAL/03_M03_PERMISSION_MATRIX_FULL_v1.2.csv,1,3290
/mnt/data/p1_v11_source_scan/src2/RUMAHAGEN_WF03_M06_QIR_RESOLUTION_CONTROLLED_v1.0_FULL_VERSION.zip,src2/__nested__/0076/source_extracts/M03_RECON/_PROVENANCE_M03_V1.2_ORIGINAL/00_M03_REBUILD_CONTROL_REPORT_v1.2.md,1,4607
/mnt/data/p1_v11_source_scan/src2/RUMAHAGEN_WF03_M06_QIR_RESOLUTION_CONTROLLED_v1.0_FULL_VERSION.zip,src2/__nested__/0076/source_extracts/M03_RECON/_PROVENANCE_M03_V1.2_ORIGINAL/01_M03_QUESTION_INVENTORY_FULL_v1.2.csv,1,11442
/mnt/data/p1_v11_source_scan/src2/RUMAHAGEN_WF03_M06_QIR_RESOLUTION_CONTROLLED_v1.0_FULL_VERSION.zip,src2/__nested__/0076/source_extracts/M03_RECON/_PROVENANCE_M03_V1.2_ORIGINAL/README_CONTROLLED_OUTPUT_v1.2.md,1,1198
/mnt/data/p1_v11_source_scan/src2/RUMAHAGEN_WF03_M06_QIR_RESOLUTION_CONTROLLED_v1.0_FULL_VERSION.zip,src2/__nested__/0076/source_extracts/M03_RECON/_PROVENANCE_M03_V1.2_ORIGINAL/16_WF03_MASTER_PROGRESS_M01-M15_v1.6_M03_COMPLETE.xlsx,1,29257
/mnt/data/p1_v11_source_scan/src2/RUMAHAGEN_WF03_M06_QIR_RESOLUTION_CONTROLLED_v1.0_FULL_VERSION.zip,src2/__nested__/0076/source_extracts/M03_RECON/_PROVENANCE_M03_V1.2_ORIGINAL/08_M03_SCHEMA_ERD_RECONCILIATION_FULL_v1.0.sql,1,1013
/mnt/data/p1_v11_source_scan/src2/RUMAHAGEN_WF03_M06_QIR_RESOLUTION_CONTROLLED_v1.0_FULL_VERSION.zip,src2/__nested__/0076/source_extracts/M03_RECON/_PROVENANCE_M03_V1.2_ORIGINAL/07_M03_RBAC_RLS_CONTRACT_FULL_v1.2.md,1,1468
/mnt/data/p1_v11_source_scan/src2/RUMAHAGEN_WF03_M06_QIR_RESOLUTION_CONTROLLED_v1.0_FULL_VERSION.zip,src2/__nested__/0076/source_extracts/M03_RECON/_PROVENANCE_M03_V1.2_ORIGINAL/06_M03_API_CONTRACT_FULL_v1.2.md,1,1992
/mnt/data/p1_v11_source_scan/src2/RUMAHAGEN_WF03_M06_QIR_RESOLUTION_CONTROLLED_v1.0_FULL_VERSION.zip,src2/__nested__/0076/source_extracts/CORE/RUMAHAGEN_WIREFRAME_CORE_FINAL_SOURCE_PACK_v1.2/README_CURRENT_BASELINE.md,1,2468
/mnt/data/p1_v11_source_scan/src2/RUMAHAGEN_WF03_M06_QIR_RESOLUTION_CONTROLLED_v1.0_FULL_VERSION.zip,src2/__nested__/0076/source_extracts/CORE/RUMAHAGEN_WIREFRAME_CORE_FINAL_SOURCE_PACK_v1.2/27_AI_BLUEPRINT/W4-02A.6.31_AI_DEVELOPMENT_BLUEPRINT_v2.1.md,1,29348
/mnt/data/p1_v11_source_scan/src2/RUMAHAGEN_WF03_M06_QIR_RESOLUTION_CONTROLLED_v1.0_FULL_VERSION.zip,src2/__nested__/0076/source_extracts/CORE/RUMAHAGEN_WIREFRAME_CORE_FINAL_SOURCE_PACK_v1.2/22_EXECUTION_BATCH/W4-02A.6.26_MODULE_EXECUTION_DEPENDENCY_BATCH_PLAN_v2.1.md,1,40666
/mnt/data/p1_v11_source_scan/src2/RUMAHAGEN_WF03_M06_QIR_RESOLUTION_CONTROLLED_v1.0_FULL_VERSION.zip,src2/__nested__/0076/source_extracts/CORE/RUMAHAGEN_WIREFRAME_CORE_FINAL_SOURCE_PACK_v1.2/23_M01_M07/W4-02A.6.27_FOCUSED_EXECUTION_PACK_M01-M07_v2.1.zip,1,32254
/mnt/data/p1_v11_source_scan/src2/__nested__/0076/source_extracts/CORE/RUMAHAGEN_WIREFRAME_CORE_FINAL_SOURCE_PACK_v1.2/23_M01_M07/W4-02A.6.27_FOCUSED_EXECUTION_PACK_M01-M07_v2.1.zip,src2/__nested__/0076/__nested__/0085/RUMAHAGEN_W4-02A.6.27_FOCUSED_EXECUTION_PACK_M01-M07_v2.1/M01_PHYSICAL_EXECUTION_SPEC_v2.1.md,2,8933
/mnt/data/p1_v11_source_scan/src2/__nested__/0076/source_extracts/CORE/RUMAHAGEN_WIREFRAME_CORE_FINAL_SOURCE_PACK_v1.2/23_M01_M07/W4-02A.6.27_FOCUSED_EXECUTION_PACK_M01-M07_v2.1.zip,src2/__nested__/0076/__nested__/0085/RUMAHAGEN_W4-02A.6.27_FOCUSED_EXECUTION_PACK_M01-M07_v2.1/M02_PHYSICAL_EXECUTION_SPEC_v2.1.md,2,8656
/mnt/data/p1_v11_source_scan/src2/__nested__/0076/source_extracts/CORE/RUMAHAGEN_WIREFRAME_CORE_FINAL_SOURCE_PACK_v1.2/23_M01_M07/W4-02A.6.27_FOCUSED_EXECUTION_PACK_M01-M07_v2.1.zip,src2/__nested__/0076/__nested__/0085/RUMAHAGEN_W4-02A.6.27_FOCUSED_EXECUTION_PACK_M01-M07_v2.1/M03_PHYSICAL_EXECUTION_SPEC_v2.1.md,2,9445
/mnt/data/p1_v11_source_scan/src2/__nested__/0076/source_extracts/CORE/RUMAHAGEN_WIREFRAME_CORE_FINAL_SOURCE_PACK_v1.2/23_M01_M07/W4-02A.6.27_FOCUSED_EXECUTION_PACK_M01-M07_v2.1.zip,src2/__nested__/0076/__nested__/0085/RUMAHAGEN_W4-02A.6.27_FOCUSED_EXECUTION_PACK_M01-M07_v2.1/M04-S_LEARNING_SESSION_EXECUTION_SPEC_v2.1.md,2,2717
/mnt/data/p1_v11_source_scan/src2/__nested__/0076/source_extracts/CORE/RUMAHAGEN_WIREFRAME_CORE_FINAL_SOURCE_PACK_v1.2/23_M01_M07/W4-02A.6.27_FOCUSED_EXECUTION_PACK_M01-M07_v2.1.zip,src2/__nested__/0076/__nested__/0085/RUMAHAGEN_W4-02A.6.27_FOCUSED_EXECUTION_PACK_M01-M07_v2.1/M04_PHYSICAL_EXECUTION_SPEC_v2.1.md,2,9572
/mnt/data/p1_v11_source_scan/src2/__nested__/0076/source_extracts/CORE/RUMAHAGEN_WIREFRAME_CORE_FINAL_SOURCE_PACK_v1.2/23_M01_M07/W4-02A.6.27_FOCUSED_EXECUTION_PACK_M01-M07_v2.1.zip,src2/__nested__/0076/__nested__/0085/RUMAHAGEN_W4-02A.6.27_FOCUSED_EXECUTION_PACK_M01-M07_v2.1/M05_PHYSICAL_EXECUTION_SPEC_v2.1.md,2,8391
/mnt/data/p1_v11_source_scan/src2/__nested__/0076/source_extracts/CORE/RUMAHAGEN_WIREFRAME_CORE_FINAL_SOURCE_PACK_v1.2/23_M01_M07/W4-02A.6.27_FOCUSED_EXECUTION_PACK_M01-M07_v2.1.zip,src2/__nested__/0076/__nested__/0085/RUMAHAGEN_W4-02A.6.27_FOCUSED_EXECUTION_PACK_M01-M07_v2.1/M06_PHYSICAL_EXECUTION_SPEC_v2.1.md,2,8388
/mnt/data/p1_v11_source_scan/src2/__nested__/0076/source_extracts/CORE/RUMAHAGEN_WIREFRAME_CORE_FINAL_SOURCE_PACK_v1.2/23_M01_M07/W4-02A.6.27_FOCUSED_EXECUTION_PACK_M01-M07_v2.1.zip,src2/__nested__/0076/__nested__/0085/RUMAHAGEN_W4-02A.6.27_FOCUSED_EXECUTION_PACK_M01-M07_v2.1/M07_PHYSICAL_EXECUTION_SPEC_v2.1.md,2,8514
/mnt/data/p1_v11_source_scan/src2/__nested__/0076/source_extracts/CORE/RUMAHAGEN_WIREFRAME_CORE_FINAL_SOURCE_PACK_v1.2/23_M01_M07/W4-02A.6.27_FOCUSED_EXECUTION_PACK_M01-M07_v2.1.zip,src2/__nested__/0076/__nested__/0085/RUMAHAGEN_W4-02A.6.27_FOCUSED_EXECUTION_PACK_M01-M07_v2.1/RUMAHAGEN_W4-02A.6.27_FOCUSED_EXECUTION_PACK_M01-M07_v2.1.md,2,12149
/mnt/data/p1_v11_source_scan/src2/RUMAHAGEN_WF03_M06_QIR_RESOLUTION_CONTROLLED_v1.0_FULL_VERSION.zip,src2/__nested__/0076/source_extracts/CORE/RUMAHAGEN_WIREFRAME_CORE_FINAL_SOURCE_PACK_v1.2/23_M01_M07/W4-02A.6.27_FOCUSED_EXECUTION_PACK_M01-M07_v2.1.md,1,12149
/mnt/data/p1_v11_source_scan/src2/RUMAHAGEN_WF03_M06_QIR_RESOLUTION_CONTROLLED_v1.0_FULL_VERSION.zip,src2/__nested__/0076/source_extracts/CORE/RUMAHAGEN_WIREFRAME_CORE_FINAL_SOURCE_PACK_v1.2/01_GOVERNANCE/W4-02A.6.2_GOVERNANCE_REGISTER_FULL_CONSOLIDATED_v1.16.docx,1,44768
/mnt/data/p1_v11_source_scan/src2/RUMAHAGEN_WF03_M06_QIR_RESOLUTION_CONTROLLED_v1.0_FULL_VERSION.zip,src2/__nested__/0076/source_extracts/CORE/RUMAHAGEN_WIREFRAME_CORE_FINAL_SOURCE_PACK_v1.2/01_GOVERNANCE/W4-02A.1_GOVERNANCE_CONSOLIDATION_FINAL_DECISION_AUTHORITY_v1.0.docx,1,41616
/mnt/data/p1_v11_source_scan/src2/RUMAHAGEN_WF03_M06_QIR_RESOLUTION_CONTROLLED_v1.0_FULL_VERSION.zip,src2/__nested__/0076/source_extracts/CORE/RUMAHAGEN_WIREFRAME_CORE_FINAL_SOURCE_PACK_v1.2/09_ERD/W4-02A.6.13_ERD_CURRENT_LOGICAL_DATA_MODEL_FULL_CONSOLIDATED_v2.1.docx,1,62303
/mnt/data/p1_v11_source_scan/src2/RUMAHAGEN_WF03_M06_QIR_RESOLUTION_CONTROLLED_v1.0_FULL_VERSION.zip,src2/__nested__/0076/source_extracts/CORE/RUMAHAGEN_WIREFRAME_CORE_FINAL_SOURCE_PACK_v1.2/00_CONTROL/SOURCE_INDEX_v1.3.csv,1,7285
/mnt/data/p1_v11_source_scan/src2/RUMAHAGEN_WF03_M06_QIR_RESOLUTION_CONTROLLED_v1.0_FULL_VERSION.zip,src2/__nested__/0076/source_extracts/CORE/RUMAHAGEN_WIREFRAME_CORE_FINAL_SOURCE_PACK_v1.2/00_CONTROL/SOURCE_INDEX_v1.3.md,1,8161
/mnt/data/p1_v11_source_scan/src2/RUMAHAGEN_WF03_M06_QIR_RESOLUTION_CONTROLLED_v1.0_FULL_VERSION.zip,src2/__nested__/0076/source_extracts/CORE/RUMAHAGEN_WIREFRAME_CORE_FINAL_SOURCE_PACK_v1.2/00_CONTROL/W4-02A.7_RECURSIVE_SOURCE_AUDIT_REGISTER_v1.0.csv,1,208747
/mnt/data/p1_v11_source_scan/src2/RUMAHAGEN_WF03_M06_QIR_RESOLUTION_CONTROLLED_v1.0_FULL_VERSION.zip,src2/__nested__/0076/source_extracts/CORE/RUMAHAGEN_WIREFRAME_CORE_FINAL_SOURCE_PACK_v1.2/00_CONTROL/W4-02A.6.0_CORE_ARTIFACT_INVENTORY_AND_ORDERING_LOCK_v1.1_BASE_TRACK_37_STEPS.docx,1,41256
/mnt/data/p1_v11_source_scan/src2/RUMAHAGEN_WF03_M06_QIR_RESOLUTION_CONTROLLED_v1.0_FULL_VERSION.zip,src2/__nested__/0076/source_extracts/CORE/RUMAHAGEN_WIREFRAME_CORE_FINAL_SOURCE_PACK_v1.2/00_CONTROL/W4-02A.7_FINAL_DOCUMENT_FREEZE_AUTHORITY_VERIFICATION_v1.0.md,1,11519
/mnt/data/p1_v11_source_scan/src2/RUMAHAGEN_WF03_M06_QIR_RESOLUTION_CONTROLLED_v1.0_FULL_VERSION.zip,src2/__nested__/0076/source_extracts/CORE/RUMAHAGEN_WIREFRAME_CORE_FINAL_SOURCE_PACK_v1.2/00_CONTROL/RENAME_REGISTER_6.33.md,1,645
/mnt/data/p1_v11_source_scan/src2/RUMAHAGEN_WF03_M06_QIR_RESOLUTION_CONTROLLED_v1.0_FULL_VERSION.zip,src2/__nested__/0076/source_extracts/CORE/RUMAHAGEN_WIREFRAME_CORE_FINAL_SOURCE_PACK_v1.2/00_CONTROL/SHA256_MANIFEST_CORE_FINAL_v1.3.csv,1,7054
/mnt/data/p1_v11_source_scan/src2/RUMAHAGEN_WF03_M06_QIR_RESOLUTION_CONTROLLED_v1.0_FULL_VERSION.zip,src2/__nested__/0076/source_extracts/CORE/RUMAHAGEN_WIREFRAME_CORE_FINAL_SOURCE_PACK_v1.2/19_IMPLEMENTATION_STRATEGY/W4-02A.6.23_MODULE_IMPLEMENTATION_STRATEGY_INTEGRATED_IMPLEMENTATION_SEQUENCING_v2.1.md,1,56613
/mnt/data/p1_v11_source_scan/src2/RUMAHAGEN_WF03_M06_QIR_RESOLUTION_CONTROLLED_v1.0_FULL_VERSION.zip,src2/__nested__/0076/source_extracts/CORE/RUMAHAGEN_WIREFRAME_CORE_FINAL_SOURCE_PACK_v1.2/05_TECHNICAL_DECISIONS/W4-02A.6.6_TECHNICAL_DECISIONS_FULL_CONSOLIDATED_v1.6.docx,1,47059
/mnt/data/p1_v11_source_scan/src2/RUMAHAGEN_WF03_M06_QIR_RESOLUTION_CONTROLLED_v1.0_FULL_VERSION.zip,src2/__nested__/0076/source_extracts/CORE/RUMAHAGEN_WIREFRAME_CORE_FINAL_SOURCE_PACK_v1.2/07_PRD/W4-02A.6.11_PRD_CURRENT_PRODUCT_REQUIREMENTS_FULL_CONSOLIDATED_v2.1.docx,1,48108
/mnt/data/p1_v11_source_scan/src2/RUMAHAGEN_WF03_M06_QIR_RESOLUTION_CONTROLLED_v1.0_FULL_VERSION.zip,src2/__nested__/0076/source_extracts/CORE/RUMAHAGEN_WIREFRAME_CORE_FINAL_SOURCE_PACK_v1.2/26_ENGINEERING_ALIGNMENT/W4-02A.6.30_ENGINEERING_ALIGNMENT_GUIDEBOOK_PLAYBOOK_v2.1.md,1,31681
/mnt/data/p1_v11_source_scan/src2/RUMAHAGEN_WF03_M06_QIR_RESOLUTION_CONTROLLED_v1.0_FULL_VERSION.zip,src2/__nested__/0076/source_extracts/CORE/RUMAHAGEN_WIREFRAME_CORE_FINAL_SOURCE_PACK_v1.2/06_DEPENDENCY_MANIFEST/W4-02A.6.7_DEPENDENCY_MANIFEST_FULL_CONSOLIDATED_v1.9.docx,1,48323
/mnt/data/p1_v11_source_scan/src2/RUMAHAGEN_WF03_M06_QIR_RESOLUTION_CONTROLLED_v1.0_FULL_VERSION.zip,src2/__nested__/0076/source_extracts/CORE/RUMAHAGEN_WIREFRAME_CORE_FINAL_SOURCE_PACK_v1.2/17_SEO_ANALYTICS/W4-02A.6.21_SEO_ANALYTICS_SPECIFICATION_DISCOVERY_MEASUREMENT_BASELINE_v2.1.md,1,68505
/mnt/data/p1_v11_source_scan/src2/RUMAHAGEN_WF03_M06_QIR_RESOLUTION_CONTROLLED_v1.0_FULL_VERSION.zip,src2/__nested__/0076/source_extracts/CORE/RUMAHAGEN_WIREFRAME_CORE_FINAL_SOURCE_PACK_v1.2/12_API/W4-02A.6.16_API_SPECIFICATION_CURRENT_API_CONTRACT_BASELINE_FULL_CONSOLIDATED_v2.1.docx,1,65180
/mnt/data/p1_v11_source_scan/src2/RUMAHAGEN_WF03_M06_QIR_RESOLUTION_CONTROLLED_v1.0_FULL_VERSION.zip,src2/__nested__/0076/source_extracts/CORE/RUMAHAGEN_WIREFRAME_CORE_FINAL_SOURCE_PACK_v1.2/11_DATABASE_SCHEMA/W4-02_CANONICAL_BUILD_FROM_ZERO_MIGRATION_PACKAGE_v1.0.zip,1,19788
/mnt/data/p1_v11_source_scan/src2/__nested__/0076/source_extracts/CORE/RUMAHAGEN_WIREFRAME_CORE_FINAL_SOURCE_PACK_v1.2/11_DATABASE_SCHEMA/W4-02_CANONICAL_BUILD_FROM_ZERO_MIGRATION_PACKAGE_v1.0.zip,src2/__nested__/0076/__nested__/0086/RUMAHAGEN_W4-02_CANONICAL_BUILD_FROM_ZERO_MIGRATION_BASELINE_v1.0.sql,2,113290
/mnt/data/p1_v11_source_scan/src2/__nested__/0076/source_extracts/CORE/RUMAHAGEN_WIREFRAME_CORE_FINAL_SOURCE_PACK_v1.2/11_DATABASE_SCHEMA/W4-02_CANONICAL_BUILD_FROM_ZERO_MIGRATION_PACKAGE_v1.0.zip,src2/__nested__/0076/__nested__/0086/RUMAHAGEN_W4-02_CANONICAL_MIGRATION_BASELINE_v1.0.md,2,1337
/mnt/data/p1_v11_source_scan/src2/__nested__/0076/source_extracts/CORE/RUMAHAGEN_WIREFRAME_CORE_FINAL_SOURCE_PACK_v1.2/11_DATABASE_SCHEMA/W4-02_CANONICAL_BUILD_FROM_ZERO_MIGRATION_PACKAGE_v1.0.zip,src2/__nested__/0076/__nested__/0086/RUMAHAGEN_W4-02_EXECUTION_PHASE_REGISTER_v1.0.csv,2,816
/mnt/data/p1_v11_source_scan/src2/__nested__/0076/source_extracts/CORE/RUMAHAGEN_WIREFRAME_CORE_FINAL_SOURCE_PACK_v1.2/11_DATABASE_SCHEMA/W4-02_CANONICAL_BUILD_FROM_ZERO_MIGRATION_PACKAGE_v1.0.zip,src2/__nested__/0076/__nested__/0086/RUMAHAGEN_W4-02_CANONICAL_86_TABLE_REGISTER_v1.0.csv,2,6480
/mnt/data/p1_v11_source_scan/src2/RUMAHAGEN_WF03_M06_QIR_RESOLUTION_CONTROLLED_v1.0_FULL_VERSION.zip,src2/__nested__/0076/source_extracts/CORE/RUMAHAGEN_WIREFRAME_CORE_FINAL_SOURCE_PACK_v1.2/11_DATABASE_SCHEMA/RUMAHAGEN_FULL_DATABASE_SCHEMA_SOURCE_ONLY_PACKAGE_v1.0.zip,1,20762
/mnt/data/p1_v11_source_scan/src2/__nested__/0076/source_extracts/CORE/RUMAHAGEN_WIREFRAME_CORE_FINAL_SOURCE_PACK_v1.2/11_DATABASE_SCHEMA/RUMAHAGEN_FULL_DATABASE_SCHEMA_SOURCE_ONLY_PACKAGE_v1.0.zip,src2/__nested__/0076/__nested__/0087/RUMAHAGEN_FULL_DATABASE_SCHEMA_SOURCE_ONLY_v1.0.sql,2,104518
/mnt/data/p1_v11_source_scan/src2/__nested__/0076/source_extracts/CORE/RUMAHAGEN_WIREFRAME_CORE_FINAL_SOURCE_PACK_v1.2/11_DATABASE_SCHEMA/RUMAHAGEN_FULL_DATABASE_SCHEMA_SOURCE_ONLY_PACKAGE_v1.0.zip,src2/__nested__/0076/__nested__/0087/RUMAHAGEN_FULL_DATABASE_SCHEMA_SOURCE_ONLY_v1.0.md,2,5307
/mnt/data/p1_v11_source_scan/src2/RUMAHAGEN_WF03_M06_QIR_RESOLUTION_CONTROLLED_v1.0_FULL_VERSION.zip,src2/__nested__/0076/source_extracts/CORE/RUMAHAGEN_WIREFRAME_CORE_FINAL_SOURCE_PACK_v1.2/11_DATABASE_SCHEMA/W4-01E_FINAL_BUILD_FROM_ZERO_SCHEMA_PACKAGE_v2.6.zip,1,18571
/mnt/data/p1_v11_source_scan/src2/__nested__/0076/source_extracts/CORE/RUMAHAGEN_WIREFRAME_CORE_FINAL_SOURCE_PACK_v1.2/11_DATABASE_SCHEMA/W4-01E_FINAL_BUILD_FROM_ZERO_SCHEMA_PACKAGE_v2.6.zip,src2/__nested__/0076/__nested__/0088/RUMAHAGEN_W4-01E_FINAL_CANONICAL_BUILD_FROM_ZERO_DATABASE_SCHEMA_v2.6.sql,2,106605
/mnt/data/p1_v11_source_scan/src2/__nested__/0076/source_extracts/CORE/RUMAHAGEN_WIREFRAME_CORE_FINAL_SOURCE_PACK_v1.2/11_DATABASE_SCHEMA/W4-01E_FINAL_BUILD_FROM_ZERO_SCHEMA_PACKAGE_v2.6.zip,src2/__nested__/0076/__nested__/0088/RUMAHAGEN_W4-01E_FINAL_SCHEMA_CLOSURE_AND_FREEZE_v2.6.md,2,1337
/mnt/data/p1_v11_source_scan/src2/__nested__/0076/source_extracts/CORE/RUMAHAGEN_WIREFRAME_CORE_FINAL_SOURCE_PACK_v1.2/11_DATABASE_SCHEMA/W4-01E_FINAL_BUILD_FROM_ZERO_SCHEMA_PACKAGE_v2.6.zip,src2/__nested__/0076/__nested__/0088/RUMAHAGEN_W4-01E_FINAL_CANONICAL_TABLE_REGISTER_v2.6.csv,2,8023
/mnt/data/p1_v11_source_scan/src2/__nested__/0076/source_extracts/CORE/RUMAHAGEN_WIREFRAME_CORE_FINAL_SOURCE_PACK_v1.2/11_DATABASE_SCHEMA/W4-01E_FINAL_BUILD_FROM_ZERO_SCHEMA_PACKAGE_v2.6.zip,src2/__nested__/0076/__nested__/0088/RUMAHAGEN_W4-01E_GATE_CLOSURE_REGISTER_v2.6.csv,2,1080
/mnt/data/p1_v11_source_scan/src2/RUMAHAGEN_WF03_M06_QIR_RESOLUTION_CONTROLLED_v1.0_FULL_VERSION.zip,src2/__nested__/0076/source_extracts/CORE/RUMAHAGEN_WIREFRAME_CORE_FINAL_SOURCE_PACK_v1.2/11_DATABASE_SCHEMA/W4-02A.6.15_DATABASE_SCHEMA_CURRENT_PHYSICAL_SCHEMA_REFERENCE_FULL_CONSOLIDATED_v2.7.docx,1,74525
/mnt/data/p1_v11_source_scan/src2/RUMAHAGEN_WF03_M06_QIR_RESOLUTION_CONTROLLED_v1.0_FULL_VERSION.zip,src2/__nested__/0076/source_extracts/CORE/RUMAHAGEN_WIREFRAME_CORE_FINAL_SOURCE_PACK_v1.2/21_EXECUTION_SPECIFICATION/W4-02A.6.25_MODULE_EXECUTION_SPECIFICATION_ARCHITECTURE_v2.1.md,1,46464
/mnt/data/p1_v11_source_scan/src2/RUMAHAGEN_WF03_M06_QIR_RESOLUTION_CONTROLLED_v1.0_FULL_VERSION.zip,src2/__nested__/0076/source_extracts/CORE/RUMAHAGEN_WIREFRAME_CORE_FINAL_SOURCE_PACK_v1.2/28_AI_CONTEXT/W4-02A.6.32_AI_CONTEXT_PACK_v2.1.md,1,19773
/mnt/data/p1_v11_source_scan/src2/RUMAHAGEN_WF03_M06_QIR_RESOLUTION_CONTROLLED_v1.0_FULL_VERSION.zip,src2/__nested__/0076/source_extracts/CORE/RUMAHAGEN_WIREFRAME_CORE_FINAL_SOURCE_PACK_v1.2/10_DATABASE_DICTIONARY/W4-02A.6.14_DATABASE_DICTIONARY_CURRENT_LOGICAL_TO_PHYSICAL_DATA_MEANING_FULL_CONSOLIDATED_v2.2.docx,1,78665
/mnt/data/p1_v11_source_scan/src2/RUMAHAGEN_WF03_M06_QIR_RESOLUTION_CONTROLLED_v1.0_FULL_VERSION.zip,src2/__nested__/0076/source_extracts/CORE/RUMAHAGEN_WIREFRAME_CORE_FINAL_SOURCE_PACK_v1.2/18_MODULE_DEPENDENCY/W4-02A.6.22_MODULE_DEPENDENCY_MATRIX_CROSS_MODULE_DEPENDENCY_CONTRACT_v2.1.md,1,49622
/mnt/data/p1_v11_source_scan/src2/RUMAHAGEN_WF03_M06_QIR_RESOLUTION_CONTROLLED_v1.0_FULL_VERSION.zip,src2/__nested__/0076/source_extracts/CORE/RUMAHAGEN_WIREFRAME_CORE_FINAL_SOURCE_PACK_v1.2/08_USER_FLOW/W4-02A.6.12_USER_FLOW_CURRENT_CROSS_DOMAIN_INTERACTION_FLOW_FULL_CONSOLIDATED_v2.1.docx,1,51562
/mnt/data/p1_v11_source_scan/src2/RUMAHAGEN_WF03_M06_QIR_RESOLUTION_CONTROLLED_v1.0_FULL_VERSION.zip,src2/__nested__/0076/source_extracts/CORE/RUMAHAGEN_WIREFRAME_CORE_FINAL_SOURCE_PACK_v1.2/04_ARCHITECTURE/W4-02A.6.5_SYSTEM_ARCHITECTURE_FULL_CONSOLIDATED_v1.8.docx,1,93386
/mnt/data/p1_v11_source_scan/src2/RUMAHAGEN_WF03_M06_QIR_RESOLUTION_CONTROLLED_v1.0_FULL_VERSION.zip,src2/__nested__/0076/source_extracts/CORE/RUMAHAGEN_WIREFRAME_CORE_FINAL_SOURCE_PACK_v1.2/16_UI_UX/W4-02A.6.20_UI_UX_SPECIFICATION_CURRENT_INTERFACE_BEHAVIOR_CONTRACT_v2.1.md,1,62858
/mnt/data/p1_v11_source_scan/src2/RUMAHAGEN_WF03_M06_QIR_RESOLUTION_CONTROLLED_v1.0_FULL_VERSION.zip,src2/__nested__/0076/source_extracts/CORE/RUMAHAGEN_WIREFRAME_CORE_FINAL_SOURCE_PACK_v1.2/20_MODULE_PLANNING/W4-02A.6.24_REVISED_MODULE_PLANNING_CURRENT_MODULE_DELIVERY_PLANNING_v2.1.md,1,55040
/mnt/data/p1_v11_source_scan/src2/RUMAHAGEN_WF03_M06_QIR_RESOLUTION_CONTROLLED_v1.0_FULL_VERSION.zip,src2/__nested__/0076/source_extracts/CORE/RUMAHAGEN_WIREFRAME_CORE_FINAL_SOURCE_PACK_v1.2/15_TECHNICAL/W4-02A.6.19_TECHNICAL_SPECIFICATION_CURRENT_TECHNICAL_IMPLEMENTATION_CONTRACT_v2.1.md,1,69175
/mnt/data/p1_v11_source_scan/src2/RUMAHAGEN_WF03_M06_QIR_RESOLUTION_CONTROLLED_v1.0_FULL_VERSION.zip,src2/__nested__/0076/source_extracts/CORE/RUMAHAGEN_WIREFRAME_CORE_FINAL_SOURCE_PACK_v1.2/24_M08_M15/W4-02A.6.28_FOCUSED_EXECUTION_PACK_M08-M15_v2.1.md,1,12958
/mnt/data/p1_v11_source_scan/src2/RUMAHAGEN_WF03_M06_QIR_RESOLUTION_CONTROLLED_v1.0_FULL_VERSION.zip,src2/__nested__/0076/source_extracts/CORE/RUMAHAGEN_WIREFRAME_CORE_FINAL_SOURCE_PACK_v1.2/24_M08_M15/W4-02A.6.28_FOCUSED_EXECUTION_PACK_M08-M15_v2.1.zip,1,29640
/mnt/data/p1_v11_source_scan/src2/__nested__/0076/source_extracts/CORE/RUMAHAGEN_WIREFRAME_CORE_FINAL_SOURCE_PACK_v1.2/24_M08_M15/W4-02A.6.28_FOCUSED_EXECUTION_PACK_M08-M15_v2.1.zip,src2/__nested__/0076/__nested__/0089/RUMAHAGEN_W4-02A.6.28_FOCUSED_EXECUTION_PACK_M08-M15_v2.1/M08_PHYSICAL_EXECUTION_SPEC_v2.1.md,2,6775
/mnt/data/p1_v11_source_scan/src2/__nested__/0076/source_extracts/CORE/RUMAHAGEN_WIREFRAME_CORE_FINAL_SOURCE_PACK_v1.2/24_M08_M15/W4-02A.6.28_FOCUSED_EXECUTION_PACK_M08-M15_v2.1.zip,src2/__nested__/0076/__nested__/0089/RUMAHAGEN_W4-02A.6.28_FOCUSED_EXECUTION_PACK_M08-M15_v2.1/M09_PHYSICAL_EXECUTION_SPEC_v2.1.md,2,6944
/mnt/data/p1_v11_source_scan/src2/__nested__/0076/source_extracts/CORE/RUMAHAGEN_WIREFRAME_CORE_FINAL_SOURCE_PACK_v1.2/24_M08_M15/W4-02A.6.28_FOCUSED_EXECUTION_PACK_M08-M15_v2.1.zip,src2/__nested__/0076/__nested__/0089/RUMAHAGEN_W4-02A.6.28_FOCUSED_EXECUTION_PACK_M08-M15_v2.1/M10_PHYSICAL_EXECUTION_SPEC_v2.1.md,2,6625
/mnt/data/p1_v11_source_scan/src2/__nested__/0076/source_extracts/CORE/RUMAHAGEN_WIREFRAME_CORE_FINAL_SOURCE_PACK_v1.2/24_M08_M15/W4-02A.6.28_FOCUSED_EXECUTION_PACK_M08-M15_v2.1.zip,src2/__nested__/0076/__nested__/0089/RUMAHAGEN_W4-02A.6.28_FOCUSED_EXECUTION_PACK_M08-M15_v2.1/M11_PHYSICAL_EXECUTION_SPEC_v2.1.md,2,6695
/mnt/data/p1_v11_source_scan/src2/__nested__/0076/source_extracts/CORE/RUMAHAGEN_WIREFRAME_CORE_FINAL_SOURCE_PACK_v1.2/24_M08_M15/W4-02A.6.28_FOCUSED_EXECUTION_PACK_M08-M15_v2.1.zip,src2/__nested__/0076/__nested__/0089/RUMAHAGEN_W4-02A.6.28_FOCUSED_EXECUTION_PACK_M08-M15_v2.1/M12_PHYSICAL_EXECUTION_SPEC_v2.1.md,2,6477
/mnt/data/p1_v11_source_scan/src2/__nested__/0076/source_extracts/CORE/RUMAHAGEN_WIREFRAME_CORE_FINAL_SOURCE_PACK_v1.2/24_M08_M15/W4-02A.6.28_FOCUSED_EXECUTION_PACK_M08-M15_v2.1.zip,src2/__nested__/0076/__nested__/0089/RUMAHAGEN_W4-02A.6.28_FOCUSED_EXECUTION_PACK_M08-M15_v2.1/M13_PHYSICAL_EXECUTION_SPEC_v2.1.md,2,6463
/mnt/data/p1_v11_source_scan/src2/__nested__/0076/source_extracts/CORE/RUMAHAGEN_WIREFRAME_CORE_FINAL_SOURCE_PACK_v1.2/24_M08_M15/W4-02A.6.28_FOCUSED_EXECUTION_PACK_M08-M15_v2.1.zip,src2/__nested__/0076/__nested__/0089/RUMAHAGEN_W4-02A.6.28_FOCUSED_EXECUTION_PACK_M08-M15_v2.1/M14_PHYSICAL_EXECUTION_SPEC_v2.1.md,2,6787
/mnt/data/p1_v11_source_scan/src2/__nested__/0076/source_extracts/CORE/RUMAHAGEN_WIREFRAME_CORE_FINAL_SOURCE_PACK_v1.2/24_M08_M15/W4-02A.6.28_FOCUSED_EXECUTION_PACK_M08-M15_v2.1.zip,src2/__nested__/0076/__nested__/0089/RUMAHAGEN_W4-02A.6.28_FOCUSED_EXECUTION_PACK_M08-M15_v2.1/M15_PHYSICAL_EXECUTION_SPEC_v2.1.md,2,6642
/mnt/data/p1_v11_source_scan/src2/__nested__/0076/source_extracts/CORE/RUMAHAGEN_WIREFRAME_CORE_FINAL_SOURCE_PACK_v1.2/24_M08_M15/W4-02A.6.28_FOCUSED_EXECUTION_PACK_M08-M15_v2.1.zip,src2/__nested__/0076/__nested__/0089/RUMAHAGEN_W4-02A.6.28_FOCUSED_EXECUTION_PACK_M08-M15_v2.1/RUMAHAGEN_W4-02A.6.28_FOCUSED_EXECUTION_PACK_M08-M15_v2.1.md,2,12958
/mnt/data/p1_v11_source_scan/src2/RUMAHAGEN_WF03_M06_QIR_RESOLUTION_CONTROLLED_v1.0_FULL_VERSION.zip,src2/__nested__/0076/source_extracts/CORE/RUMAHAGEN_WIREFRAME_CORE_FINAL_SOURCE_PACK_v1.2/25_EXECUTION_AUDIT/W4-02A.6.29_EXECUTION_PACK_AUDIT_RECONCILIATION_v2.1.md,1,18012
/mnt/data/p1_v11_source_scan/src2/RUMAHAGEN_WF03_M06_QIR_RESOLUTION_CONTROLLED_v1.0_FULL_VERSION.zip,src2/__nested__/0076/source_extracts/CORE/RUMAHAGEN_WIREFRAME_CORE_FINAL_SOURCE_PACK_v1.2/13_RBAC_RLS/W4-02A.6.17_RBAC_PERMISSION_RLS_CURRENT_AUTHORIZATION_BASELINE_FULL_CONSOLIDATED_v2.1.docx,1,53047
/mnt/data/p1_v11_source_scan/src2/RUMAHAGEN_WF03_M06_QIR_RESOLUTION_CONTROLLED_v1.0_FULL_VERSION.zip,src2/__nested__/0076/source_extracts/CORE/RUMAHAGEN_WIREFRAME_CORE_FINAL_SOURCE_PACK_v1.2/03_BUSINESS_RULES/W4-02A.6.10_BUSINESS_RULES_BASELINE_TRACEABILITY_FULL_CONSOLIDATED_v1.2_REAUDITED.docx,1,51338
/mnt/data/p1_v11_source_scan/src2/RUMAHAGEN_WF03_M06_QIR_RESOLUTION_CONTROLLED_v1.0_FULL_VERSION.zip,src2/__nested__/0076/source_extracts/CORE/RUMAHAGEN_WIREFRAME_CORE_FINAL_SOURCE_PACK_v1.2/30_RECONCILIATION_EVIDENCE/W4-02A.5R_SOURCE_UPDATE_REVALIDATION_v1.1.docx,1,38455
/mnt/data/p1_v11_source_scan/src2/RUMAHAGEN_WF03_M06_QIR_RESOLUTION_CONTROLLED_v1.0_FULL_VERSION.zip,src2/__nested__/0076/source_extracts/CORE/RUMAHAGEN_WIREFRAME_CORE_FINAL_SOURCE_PACK_v1.2/30_RECONCILIATION_EVIDENCE/W4-02A.5_CROSS_DOMAIN_CONFLICT_RESIDUAL_AUDIT_FULL_CONSOLIDATED_v1.0.docx,1,42652
/mnt/data/p1_v11_source_scan/src2/RUMAHAGEN_WF03_M06_QIR_RESOLUTION_CONTROLLED_v1.0_FULL_VERSION.zip,src2/__nested__/0076/source_extracts/CORE/RUMAHAGEN_WIREFRAME_CORE_FINAL_SOURCE_PACK_v1.2/29_FINAL_CONTROL/W4-02A.6.36_CURRENT_PROJECT_STATE_FINAL_rev15.docx,1,45569
/mnt/data/p1_v11_source_scan/src2/RUMAHAGEN_WF03_M06_QIR_RESOLUTION_CONTROLLED_v1.0_FULL_VERSION.zip,src2/__nested__/0076/source_extracts/CORE/RUMAHAGEN_WIREFRAME_CORE_FINAL_SOURCE_PACK_v1.2/29_FINAL_CONTROL/W4-02A.6.35_PROJECT_MANIFEST_FINAL_v1.32.docx,1,44768
/mnt/data/p1_v11_source_scan/src2/RUMAHAGEN_WF03_M06_QIR_RESOLUTION_CONTROLLED_v1.0_FULL_VERSION.zip,src2/__nested__/0076/source_extracts/CORE/RUMAHAGEN_WIREFRAME_CORE_FINAL_SOURCE_PACK_v1.2/29_FINAL_CONTROL/W4-02A.6.37_FINAL_CROSS_DOCUMENT_RECONCILIATION_v1.0.docx,1,56438
/mnt/data/p1_v11_source_scan/src2/RUMAHAGEN_WF03_M06_QIR_RESOLUTION_CONTROLLED_v1.0_FULL_VERSION.zip,src2/__nested__/0076/source_extracts/CORE/RUMAHAGEN_WIREFRAME_CORE_FINAL_SOURCE_PACK_v1.2/29_FINAL_CONTROL/W4-02A.6.34_CHANGELOG_FINAL_v1.0.docx,1,46682
/mnt/data/p1_v11_source_scan/src2/RUMAHAGEN_WF03_M06_QIR_RESOLUTION_CONTROLLED_v1.0_FULL_VERSION.zip,src2/__nested__/0076/source_extracts/CORE/RUMAHAGEN_WIREFRAME_CORE_FINAL_SOURCE_PACK_v1.2/29_FINAL_CONTROL/W4-02A.6.33_DECISION_LOG_FINAL_v2.1.md,1,18845
/mnt/data/p1_v11_source_scan/src2/RUMAHAGEN_WF03_M06_QIR_RESOLUTION_CONTROLLED_v1.0_FULL_VERSION.zip,src2/__nested__/0076/source_extracts/CORE/RUMAHAGEN_WIREFRAME_CORE_FINAL_SOURCE_PACK_v1.2/14_FUNCTIONAL/W4-02A.6.18_FUNCTIONAL_SPECIFICATION_CURRENT_FUNCTIONAL_IMPLEMENTATION_CONTRACT_v2.1.md,1,60334
/mnt/data/p1_v11_source_scan/src2/RUMAHAGEN_WF03_M06_QIR_RESOLUTION_CONTROLLED_v1.0_FULL_VERSION.zip,src2/__nested__/0076/source_extracts/M06_v1.4/00_V1.2_BASELINE_RETAINED/06_M06_MARKETING_KIT_PERMISSION_MATRIX.csv,1,668
/mnt/data/p1_v11_source_scan/src2/RUMAHAGEN_WF03_M06_QIR_RESOLUTION_CONTROLLED_v1.0_FULL_VERSION.zip,src2/__nested__/0076/source_extracts/M06_v1.4/00_V1.2_BASELINE_RETAINED/14_M06_FULL_QUESTION_UPDATE.md,1,123
/mnt/data/p1_v11_source_scan/src2/RUMAHAGEN_WF03_M06_QIR_RESOLUTION_CONTROLLED_v1.0_FULL_VERSION.zip,src2/__nested__/0076/source_extracts/M06_v1.4/00_V1.2_BASELINE_RETAINED/10_M06_LIFECYCLE_REVIEW_FULL.md,1,359
/mnt/data/p1_v11_source_scan/src2/RUMAHAGEN_WF03_M06_QIR_RESOLUTION_CONTROLLED_v1.0_FULL_VERSION.zip,src2/__nested__/0076/source_extracts/M06_v1.4/00_V1.2_BASELINE_RETAINED/05_M06_M03_FIELD_MAPPING.csv,1,895
/mnt/data/p1_v11_source_scan/src2/RUMAHAGEN_WF03_M06_QIR_RESOLUTION_CONTROLLED_v1.0_FULL_VERSION.zip,src2/__nested__/0076/source_extracts/M06_v1.4/00_V1.2_BASELINE_RETAINED/01_M06_FULL_REBUILD_CONTROL_REPORT_v1.2.md,1,1003
/mnt/data/p1_v11_source_scan/src2/RUMAHAGEN_WF03_M06_QIR_RESOLUTION_CONTROLLED_v1.0_FULL_VERSION.zip,src2/__nested__/0076/source_extracts/M06_v1.4/00_V1.2_BASELINE_RETAINED/03_M06_SOURCE_INVENTORY_100PCT.csv,1,69297
/mnt/data/p1_v11_source_scan/src2/RUMAHAGEN_WF03_M06_QIR_RESOLUTION_CONTROLLED_v1.0_FULL_VERSION.zip,src2/__nested__/0076/source_extracts/M06_v1.4/00_V1.2_BASELINE_RETAINED/16_M06_QA_FULL.md,1,348
/mnt/data/p1_v11_source_scan/src2/RUMAHAGEN_WF03_M06_QIR_RESOLUTION_CONTROLLED_v1.0_FULL_VERSION.zip,src2/__nested__/0076/source_extracts/M06_v1.4/00_V1.2_BASELINE_RETAINED/11_M06_CROSS_MODULE_RECONCILIATION_FULL.md,1,323
/mnt/data/p1_v11_source_scan/src2/RUMAHAGEN_WF03_M06_QIR_RESOLUTION_CONTROLLED_v1.0_FULL_VERSION.zip,src2/__nested__/0076/source_extracts/M06_v1.4/00_V1.2_BASELINE_RETAINED/12_M06_PHYSICAL_RUNTIME_PREREQUISITE_REVIEW_FULL.md,1,235
/mnt/data/p1_v11_source_scan/src2/RUMAHAGEN_WF03_M06_QIR_RESOLUTION_CONTROLLED_v1.0_FULL_VERSION.zip,src2/__nested__/0076/source_extracts/M06_v1.4/00_V1.2_BASELINE_RETAINED/07_M06_LIFECYCLE_MATRIX.csv,1,745
/mnt/data/p1_v11_source_scan/src2/RUMAHAGEN_WF03_M06_QIR_RESOLUTION_CONTROLLED_v1.0_FULL_VERSION.zip,src2/__nested__/0076/source_extracts/M06_v1.4/00_V1.2_BASELINE_RETAINED/18_M06_FULL_CONTROL_MATRIX_v1.2.xlsx,1,14277
/mnt/data/p1_v11_source_scan/src2/RUMAHAGEN_WF03_M06_QIR_RESOLUTION_CONTROLLED_v1.0_FULL_VERSION.zip,src2/__nested__/0076/source_extracts/M06_v1.4/00_V1.2_BASELINE_RETAINED/19_M06_FULL_REBUILD_CONTROLLED_v1.2.docx,1,37097
/mnt/data/p1_v11_source_scan/src2/RUMAHAGEN_WF03_M06_QIR_RESOLUTION_CONTROLLED_v1.0_FULL_VERSION.zip,src2/__nested__/0076/source_extracts/M06_v1.4/00_V1.2_BASELINE_RETAINED/08_M06_QUESTION_INVENTORY_FULL.csv,1,1286
/mnt/data/p1_v11_source_scan/src2/RUMAHAGEN_WF03_M06_QIR_RESOLUTION_CONTROLLED_v1.0_FULL_VERSION.zip,src2/__nested__/0076/source_extracts/M06_v1.4/00_V1.2_BASELINE_RETAINED/09_M06_ROLE_SCOPE_REVIEW_FULL.md,1,420
/mnt/data/p1_v11_source_scan/src2/RUMAHAGEN_WF03_M06_QIR_RESOLUTION_CONTROLLED_v1.0_FULL_VERSION.zip,src2/__nested__/0076/source_extracts/M06_v1.4/00_V1.2_BASELINE_RETAINED/04_M06_FULL_FIELD_INVENTORY.csv,1,3946
/mnt/data/p1_v11_source_scan/src2/RUMAHAGEN_WF03_M06_QIR_RESOLUTION_CONTROLLED_v1.0_FULL_VERSION.zip,src2/__nested__/0076/source_extracts/M06_v1.4/00_V1.2_BASELINE_RETAINED/13_M06_GENUINE_BLOCKERS_FULL.md,1,286
/mnt/data/p1_v11_source_scan/src2/RUMAHAGEN_WF03_M06_QIR_RESOLUTION_CONTROLLED_v1.0_FULL_VERSION.zip,src2/__nested__/0076/source_extracts/M06_v1.4/00_V1.2_BASELINE_RETAINED/15_M06_SECOND_PASS_SCAN_RESULT.md,1,462
/mnt/data/p1_v11_source_scan/src2/RUMAHAGEN_WF03_M06_QIR_RESOLUTION_CONTROLLED_v1.0_FULL_VERSION.zip,src2/__nested__/0076/source_extracts/M06_v1.4/00_V1.2_BASELINE_RETAINED/02_M06_SOURCE_INVENTORY_100PCT.md,1,139
/mnt/data/p1_v11_source_scan/src2/RUMAHAGEN_WF03_M06_QIR_RESOLUTION_CONTROLLED_v1.0_FULL_VERSION.zip,src2/__nested__/0076/source_extracts/M06_v1.4/00_V1.2_BASELINE_RETAINED/17_M06_CONTROLLED_OUTPUT_MANIFEST_FULL.md,1,167
/mnt/data/p1_v11_source_scan/src2/RUMAHAGEN_WF03_M06_QIR_RESOLUTION_CONTROLLED_v1.0_FULL_VERSION.zip,src2/__nested__/0076/source_extracts/M06_v1.4/00_V1.2_BASELINE_RETAINED/00_V1.1_BASELINE_RETAINED/11_M06_CROSS_ARTIFACT_RECONCILIATION_FULL.md,1,642
/mnt/data/p1_v11_source_scan/src2/RUMAHAGEN_WF03_M06_QIR_RESOLUTION_CONTROLLED_v1.0_FULL_VERSION.zip,src2/__nested__/0076/source_extracts/M06_v1.4/00_V1.2_BASELINE_RETAINED/00_V1.1_BASELINE_RETAINED/03_M06_SOURCE_INVENTORY_100PCT.csv,1,66475
/mnt/data/p1_v11_source_scan/src2/RUMAHAGEN_WF03_M06_QIR_RESOLUTION_CONTROLLED_v1.0_FULL_VERSION.zip,src2/__nested__/0076/source_extracts/M06_v1.4/00_V1.2_BASELINE_RETAINED/00_V1.1_BASELINE_RETAINED/04_M06_QUESTION_INVENTORY_100PCT.csv,1,2507
/mnt/data/p1_v11_source_scan/src2/RUMAHAGEN_WF03_M06_QIR_RESOLUTION_CONTROLLED_v1.0_FULL_VERSION.zip,src2/__nested__/0076/source_extracts/M06_v1.4/00_V1.2_BASELINE_RETAINED/00_V1.1_BASELINE_RETAINED/14_M06_FULL_LIFECYCLE_MATRIX.csv,1,992
/mnt/data/p1_v11_source_scan/src2/RUMAHAGEN_WF03_M06_QIR_RESOLUTION_CONTROLLED_v1.0_FULL_VERSION.zip,src2/__nested__/0076/source_extracts/M06_v1.4/00_V1.2_BASELINE_RETAINED/00_V1.1_BASELINE_RETAINED/10_M06_GENUINE_DOCUMENTARY_BLOCKERS_FULL.md,1,497
/mnt/data/p1_v11_source_scan/src2/RUMAHAGEN_WF03_M06_QIR_RESOLUTION_CONTROLLED_v1.0_FULL_VERSION.zip,src2/__nested__/0076/source_extracts/M06_v1.4/00_V1.2_BASELINE_RETAINED/00_V1.1_BASELINE_RETAINED/18_M06_CONTROLLED_OUTPUT_MANIFEST_FULL.md,1,362
/mnt/data/p1_v11_source_scan/src2/RUMAHAGEN_WF03_M06_QIR_RESOLUTION_CONTROLLED_v1.0_FULL_VERSION.zip,src2/__nested__/0076/source_extracts/M06_v1.4/00_V1.2_BASELINE_RETAINED/00_V1.1_BASELINE_RETAINED/20_M06_FULL_REBUILD_CONTROLLED_v1.1.docx,1,37366
/mnt/data/p1_v11_source_scan/src2/RUMAHAGEN_WF03_M06_QIR_RESOLUTION_CONTROLLED_v1.0_FULL_VERSION.zip,src2/__nested__/0076/source_extracts/M06_v1.4/00_V1.2_BASELINE_RETAINED/00_V1.1_BASELINE_RETAINED/07_M06_LIFECYCLE_REVIEW_FULL.md,1,679
/mnt/data/p1_v11_source_scan/src2/RUMAHAGEN_WF03_M06_QIR_RESOLUTION_CONTROLLED_v1.0_FULL_VERSION.zip,src2/__nested__/0076/source_extracts/M06_v1.4/00_V1.2_BASELINE_RETAINED/00_V1.1_BASELINE_RETAINED/09_M06_PHYSICAL_RUNTIME_PREREQUISITE_REVIEW_FULL.md,1,390
/mnt/data/p1_v11_source_scan/src2/RUMAHAGEN_WF03_M06_QIR_RESOLUTION_CONTROLLED_v1.0_FULL_VERSION.zip,src2/__nested__/0076/source_extracts/M06_v1.4/00_V1.2_BASELINE_RETAINED/00_V1.1_BASELINE_RETAINED/01_M06_FULL_REBUILD_CONTROL_REPORT_v1.1.md,1,1241
/mnt/data/p1_v11_source_scan/src2/RUMAHAGEN_WF03_M06_QIR_RESOLUTION_CONTROLLED_v1.0_FULL_VERSION.zip,src2/__nested__/0076/source_extracts/M06_v1.4/00_V1.2_BASELINE_RETAINED/00_V1.1_BASELINE_RETAINED/13_M06_FULL_PERMISSION_MATRIX.csv,1,2870
/mnt/data/p1_v11_source_scan/src2/RUMAHAGEN_WF03_M06_QIR_RESOLUTION_CONTROLLED_v1.0_FULL_VERSION.zip,src2/__nested__/0076/source_extracts/M06_v1.4/00_V1.2_BASELINE_RETAINED/00_V1.1_BASELINE_RETAINED/16_M06_FULL_QUESTION_UPDATE.md,1,578
/mnt/data/p1_v11_source_scan/src2/RUMAHAGEN_WF03_M06_QIR_RESOLUTION_CONTROLLED_v1.0_FULL_VERSION.zip,src2/__nested__/0076/source_extracts/M06_v1.4/00_V1.2_BASELINE_RETAINED/00_V1.1_BASELINE_RETAINED/19_M06_FULL_CONTROL_MATRIX_v1.1.xlsx,1,10723
/mnt/data/p1_v11_source_scan/src2/RUMAHAGEN_WF03_M06_QIR_RESOLUTION_CONTROLLED_v1.0_FULL_VERSION.zip,src2/__nested__/0076/source_extracts/M06_v1.4/00_V1.2_BASELINE_RETAINED/00_V1.1_BASELINE_RETAINED/15_M06_FULL_CROSS_MODULE_MATRIX.csv,1,567
/mnt/data/p1_v11_source_scan/src2/RUMAHAGEN_WF03_M06_QIR_RESOLUTION_CONTROLLED_v1.0_FULL_VERSION.zip,src2/__nested__/0076/source_extracts/M06_v1.4/00_V1.2_BASELINE_RETAINED/00_V1.1_BASELINE_RETAINED/08_M06_CROSS_MODULE_DEPENDENCY_REVIEW_FULL.md,1,439
/mnt/data/p1_v11_source_scan/src2/RUMAHAGEN_WF03_M06_QIR_RESOLUTION_CONTROLLED_v1.0_FULL_VERSION.zip,src2/__nested__/0076/source_extracts/M06_v1.4/00_V1.2_BASELINE_RETAINED/00_V1.1_BASELINE_RETAINED/12_M06_FULL_FIELD_INVENTORY.csv,1,2510
/mnt/data/p1_v11_source_scan/src2/RUMAHAGEN_WF03_M06_QIR_RESOLUTION_CONTROLLED_v1.0_FULL_VERSION.zip,src2/__nested__/0076/source_extracts/M06_v1.4/00_V1.2_BASELINE_RETAINED/00_V1.1_BASELINE_RETAINED/02_M06_SOURCE_INVENTORY_100PCT.md,1,170
/mnt/data/p1_v11_source_scan/src2/RUMAHAGEN_WF03_M06_QIR_RESOLUTION_CONTROLLED_v1.0_FULL_VERSION.zip,src2/__nested__/0076/source_extracts/M06_v1.4/00_V1.2_BASELINE_RETAINED/00_V1.1_BASELINE_RETAINED/05_M06_ROLE_SCOPE_REVIEW_FULL.md,1,739
/mnt/data/p1_v11_source_scan/src2/RUMAHAGEN_WF03_M06_QIR_RESOLUTION_CONTROLLED_v1.0_FULL_VERSION.zip,src2/__nested__/0076/source_extracts/M06_v1.4/00_V1.2_BASELINE_RETAINED/00_V1.1_BASELINE_RETAINED/06_M06_PERMISSION_DEPENDENCY_REVIEW_FULL.md,1,663
/mnt/data/p1_v11_source_scan/src2/RUMAHAGEN_WF03_M06_QIR_RESOLUTION_CONTROLLED_v1.0_FULL_VERSION.zip,src2/__nested__/0076/source_extracts/M06_v1.4/00_V1.2_BASELINE_RETAINED/00_V1.1_BASELINE_RETAINED/17_M06_FINAL_QA_FULL.md,1,1103
/mnt/data/p1_v11_source_scan/src2/RUMAHAGEN_WF03_M06_QIR_RESOLUTION_CONTROLLED_v1.0_FULL_VERSION.zip,src2/__nested__/0076/source_extracts/M06_v1.4/00_V1.2_BASELINE_RETAINED/00_V1.1_BASELINE_RETAINED/00_V1.0_BASELINE_RETAINED/19_M06_FULL_REBUILD_CONTROLLED_v1.0.docx,1,37283
/mnt/data/p1_v11_source_scan/src2/RUMAHAGEN_WF03_M06_QIR_RESOLUTION_CONTROLLED_v1.0_FULL_VERSION.zip,src2/__nested__/0076/source_extracts/M06_v1.4/00_V1.2_BASELINE_RETAINED/00_V1.1_BASELINE_RETAINED/00_V1.0_BASELINE_RETAINED/03_M06_QUESTION_INVENTORY_100PCT.md,1,203
/mnt/data/p1_v11_source_scan/src2/RUMAHAGEN_WF03_M06_QIR_RESOLUTION_CONTROLLED_v1.0_FULL_VERSION.zip,src2/__nested__/0076/source_extracts/M06_v1.4/00_V1.2_BASELINE_RETAINED/00_V1.1_BASELINE_RETAINED/00_V1.0_BASELINE_RETAINED/12_M06_FULL_PERMISSION_ACTION_MATRIX.csv,1,668
/mnt/data/p1_v11_source_scan/src2/RUMAHAGEN_WF03_M06_QIR_RESOLUTION_CONTROLLED_v1.0_FULL_VERSION.zip,src2/__nested__/0076/source_extracts/M06_v1.4/00_V1.2_BASELINE_RETAINED/00_V1.1_BASELINE_RETAINED/00_V1.0_BASELINE_RETAINED/18_M06_FULL_CONTROL_MATRIX.xlsx,1,7762
/mnt/data/p1_v11_source_scan/src2/RUMAHAGEN_WF03_M06_QIR_RESOLUTION_CONTROLLED_v1.0_FULL_VERSION.zip,src2/__nested__/0076/source_extracts/M06_v1.4/00_V1.2_BASELINE_RETAINED/00_V1.1_BASELINE_RETAINED/00_V1.0_BASELINE_RETAINED/16_M06_QA.md,1,549
/mnt/data/p1_v11_source_scan/src2/RUMAHAGEN_WF03_M06_QIR_RESOLUTION_CONTROLLED_v1.0_FULL_VERSION.zip,src2/__nested__/0076/source_extracts/M06_v1.4/00_V1.2_BASELINE_RETAINED/00_V1.1_BASELINE_RETAINED/00_V1.0_BASELINE_RETAINED/10_M06_FULL_FIELD_INVENTORY.csv,1,41
/mnt/data/p1_v11_source_scan/src2/RUMAHAGEN_WF03_M06_QIR_RESOLUTION_CONTROLLED_v1.0_FULL_VERSION.zip,src2/__nested__/0076/source_extracts/M06_v1.4/00_V1.2_BASELINE_RETAINED/00_V1.1_BASELINE_RETAINED/00_V1.0_BASELINE_RETAINED/11_M06_FULL_ROLE_PERMISSION_MATRIX.csv,1,661
/mnt/data/p1_v11_source_scan/src2/RUMAHAGEN_WF03_M06_QIR_RESOLUTION_CONTROLLED_v1.0_FULL_VERSION.zip,src2/__nested__/0076/source_extracts/M06_v1.4/00_V1.2_BASELINE_RETAINED/00_V1.1_BASELINE_RETAINED/00_V1.0_BASELINE_RETAINED/02_M06_SOURCE_INVENTORY_100PCT.csv,1,48037
/mnt/data/p1_v11_source_scan/src2/RUMAHAGEN_WF03_M06_QIR_RESOLUTION_CONTROLLED_v1.0_FULL_VERSION.zip,src2/__nested__/0076/source_extracts/M06_v1.4/00_V1.2_BASELINE_RETAINED/00_V1.1_BASELINE_RETAINED/00_V1.0_BASELINE_RETAINED/14_M06_FULL_LIFECYCLE_MATRIX.csv,1,416
/mnt/data/p1_v11_source_scan/src2/RUMAHAGEN_WF03_M06_QIR_RESOLUTION_CONTROLLED_v1.0_FULL_VERSION.zip,src2/__nested__/0076/source_extracts/M06_v1.4/00_V1.2_BASELINE_RETAINED/00_V1.1_BASELINE_RETAINED/00_V1.0_BASELINE_RETAINED/03_M06_QUESTION_INVENTORY_100PCT.csv,1,1778
/mnt/data/p1_v11_source_scan/src2/RUMAHAGEN_WF03_M06_QIR_RESOLUTION_CONTROLLED_v1.0_FULL_VERSION.zip,src2/__nested__/0076/source_extracts/M06_v1.4/00_V1.2_BASELINE_RETAINED/00_V1.1_BASELINE_RETAINED/00_V1.0_BASELINE_RETAINED/01_M06_SOURCE_INVENTORY_100PCT.md,1,294
/mnt/data/p1_v11_source_scan/src2/RUMAHAGEN_WF03_M06_QIR_RESOLUTION_CONTROLLED_v1.0_FULL_VERSION.zip,src2/__nested__/0076/source_extracts/M06_v1.4/00_V1.2_BASELINE_RETAINED/00_V1.1_BASELINE_RETAINED/00_V1.0_BASELINE_RETAINED/09_M06_GENUINE_DOCUMENTARY_BLOCKERS.md,1,391
/mnt/data/p1_v11_source_scan/src2/RUMAHAGEN_WF03_M06_QIR_RESOLUTION_CONTROLLED_v1.0_FULL_VERSION.zip,src2/__nested__/0076/source_extracts/M06_v1.4/00_V1.2_BASELINE_RETAINED/00_V1.1_BASELINE_RETAINED/00_V1.0_BASELINE_RETAINED/08_M06_PHYSICAL_RUNTIME_PREREQUISITE_REVIEW.md,1,446
/mnt/data/p1_v11_source_scan/src2/RUMAHAGEN_WF03_M06_QIR_RESOLUTION_CONTROLLED_v1.0_FULL_VERSION.zip,src2/__nested__/0076/source_extracts/M06_v1.4/00_V1.2_BASELINE_RETAINED/00_V1.1_BASELINE_RETAINED/00_V1.0_BASELINE_RETAINED/06_M06_LIFECYCLE_REVIEW.md,1,528
/mnt/data/p1_v11_source_scan/src2/RUMAHAGEN_WF03_M06_QIR_RESOLUTION_CONTROLLED_v1.0_FULL_VERSION.zip,src2/__nested__/0076/source_extracts/M06_v1.4/00_V1.2_BASELINE_RETAINED/00_V1.1_BASELINE_RETAINED/00_V1.0_BASELINE_RETAINED/04_M06_ROLE_SCOPE_REVIEW.md,1,535
/mnt/data/p1_v11_source_scan/src2/RUMAHAGEN_WF03_M06_QIR_RESOLUTION_CONTROLLED_v1.0_FULL_VERSION.zip,src2/__nested__/0076/source_extracts/M06_v1.4/00_V1.2_BASELINE_RETAINED/00_V1.1_BASELINE_RETAINED/00_V1.0_BASELINE_RETAINED/07_M06_CROSS_MODULE_DEPENDENCY_REVIEW.md,1,563
/mnt/data/p1_v11_source_scan/src2/RUMAHAGEN_WF03_M06_QIR_RESOLUTION_CONTROLLED_v1.0_FULL_VERSION.zip,src2/__nested__/0076/source_extracts/M06_v1.4/00_V1.2_BASELINE_RETAINED/00_V1.1_BASELINE_RETAINED/00_V1.0_BASELINE_RETAINED/05_M06_PERMISSION_DEPENDENCY_REVIEW.md,1,548
/mnt/data/p1_v11_source_scan/src2/RUMAHAGEN_WF03_M06_QIR_RESOLUTION_CONTROLLED_v1.0_FULL_VERSION.zip,src2/__nested__/0076/source_extracts/M06_v1.4/00_V1.2_BASELINE_RETAINED/00_V1.1_BASELINE_RETAINED/00_V1.0_BASELINE_RETAINED/00_M06_FULL_REBUILD_CONTROL_REPORT_v1.0.md,1,809
/mnt/data/p1_v11_source_scan/src2/RUMAHAGEN_WF03_M06_QIR_RESOLUTION_CONTROLLED_v1.0_FULL_VERSION.zip,src2/__nested__/0076/source_extracts/M06_v1.4/00_V1.2_BASELINE_RETAINED/00_V1.1_BASELINE_RETAINED/00_V1.0_BASELINE_RETAINED/15_M06_FULL_QUESTION_UPDATE.md,1,416
/mnt/data/p1_v11_source_scan/src2/RUMAHAGEN_WF03_M06_QIR_RESOLUTION_CONTROLLED_v1.0_FULL_VERSION.zip,src2/__nested__/0076/source_extracts/M06_v1.4/00_V1.2_BASELINE_RETAINED/00_V1.1_BASELINE_RETAINED/00_V1.0_BASELINE_RETAINED/17_M06_CONTROLLED_OUTPUT_MANIFEST.md,1,278
/mnt/data/p1_v11_source_scan/src2/RUMAHAGEN_WF03_M06_QIR_RESOLUTION_CONTROLLED_v1.0_FULL_VERSION.zip,src2/__nested__/0076/source_extracts/M06_v1.4/00_V1.2_BASELINE_RETAINED/00_V1.1_BASELINE_RETAINED/00_V1.0_BASELINE_RETAINED/13_M06_FULL_CONFIGURATION_MATRIX.csv,1,328
/mnt/data/p1_v11_source_scan/src2/RUMAHAGEN_WF03_M06_QIR_RESOLUTION_CONTROLLED_v1.0_FULL_VERSION.zip,src2/__nested__/0076/source_extracts/M05_RECON/01_FULL_V1.2_RETAINED/evidence_provider.md,1,8501
/mnt/data/p1_v11_source_scan/src2/RUMAHAGEN_WF03_M06_QIR_RESOLUTION_CONTROLLED_v1.0_FULL_VERSION.zip,src2/__nested__/0076/source_extracts/M05_RECON/01_FULL_V1.2_RETAINED/evidence_quota.md,1,8997
/mnt/data/p1_v11_source_scan/src2/RUMAHAGEN_WF03_M06_QIR_RESOLUTION_CONTROLLED_v1.0_FULL_VERSION.zip,src2/__nested__/0076/source_extracts/M05_RECON/01_FULL_V1.2_RETAINED/06_M05_CROSS_ARTIFACT_RECONCILIATION_FULL_v1.2.md,1,771
/mnt/data/p1_v11_source_scan/src2/RUMAHAGEN_WF03_M06_QIR_RESOLUTION_CONTROLLED_v1.0_FULL_VERSION.zip,src2/__nested__/0076/source_extracts/M05_RECON/01_FULL_V1.2_RETAINED/07_M05_PHYSICAL_RUNTIME_PREREQUISITE_REVIEW_FULL_v1.2.md,1,576
/mnt/data/p1_v11_source_scan/src2/RUMAHAGEN_WF03_M06_QIR_RESOLUTION_CONTROLLED_v1.0_FULL_VERSION.zip,src2/__nested__/0076/source_extracts/M05_RECON/01_FULL_V1.2_RETAINED/16_M05_FULL_REBUILD_CONTROLLED_v1.2.docx,1,38911
/mnt/data/p1_v11_source_scan/src2/RUMAHAGEN_WF03_M06_QIR_RESOLUTION_CONTROLLED_v1.0_FULL_VERSION.zip,src2/__nested__/0076/source_extracts/M05_RECON/01_FULL_V1.2_RETAINED/08_M05_CROSS_MODULE_RECONCILIATION_FULL_v1.2.md,1,468
/mnt/data/p1_v11_source_scan/src2/RUMAHAGEN_WF03_M06_QIR_RESOLUTION_CONTROLLED_v1.0_FULL_VERSION.zip,src2/__nested__/0076/source_extracts/M05_RECON/01_FULL_V1.2_RETAINED/evidence_iframe.md,1,7107
/mnt/data/p1_v11_source_scan/src2/RUMAHAGEN_WF03_M06_QIR_RESOLUTION_CONTROLLED_v1.0_FULL_VERSION.zip,src2/__nested__/0076/source_extracts/M05_RECON/01_FULL_V1.2_RETAINED/evidence_late_registration.md,1,8522
/mnt/data/p1_v11_source_scan/src2/RUMAHAGEN_WF03_M06_QIR_RESOLUTION_CONTROLLED_v1.0_FULL_VERSION.zip,src2/__nested__/0076/source_extracts/M05_RECON/01_FULL_V1.2_RETAINED/03_M05_SEMANTIC_REVIEW_FULL_v1.2.md,1,824
/mnt/data/p1_v11_source_scan/src2/RUMAHAGEN_WF03_M06_QIR_RESOLUTION_CONTROLLED_v1.0_FULL_VERSION.zip,src2/__nested__/0076/source_extracts/M05_RECON/01_FULL_V1.2_RETAINED/evidence_fields.md,1,8908
/mnt/data/p1_v11_source_scan/src2/RUMAHAGEN_WF03_M06_QIR_RESOLUTION_CONTROLLED_v1.0_FULL_VERSION.zip,src2/__nested__/0076/source_extracts/M05_RECON/01_FULL_V1.2_RETAINED/01_M05_SOURCE_INVENTORY_100PCT_v1.2.md,1,331
/mnt/data/p1_v11_source_scan/src2/RUMAHAGEN_WF03_M06_QIR_RESOLUTION_CONTROLLED_v1.0_FULL_VERSION.zip,src2/__nested__/0076/source_extracts/M05_RECON/01_FULL_V1.2_RETAINED/evidence_attendance.md,1,8385
/mnt/data/p1_v11_source_scan/src2/RUMAHAGEN_WF03_M06_QIR_RESOLUTION_CONTROLLED_v1.0_FULL_VERSION.zip,src2/__nested__/0076/source_extracts/M05_RECON/01_FULL_V1.2_RETAINED/15_M05_MANIFEST_CONTROLLED_v1.2.md,1,527
/mnt/data/p1_v11_source_scan/src2/RUMAHAGEN_WF03_M06_QIR_RESOLUTION_CONTROLLED_v1.0_FULL_VERSION.zip,src2/__nested__/0076/source_extracts/M05_RECON/01_FULL_V1.2_RETAINED/02_M05_QUESTION_INVENTORY_FULL_v1.2.csv,1,2321
/mnt/data/p1_v11_source_scan/src2/RUMAHAGEN_WF03_M06_QIR_RESOLUTION_CONTROLLED_v1.0_FULL_VERSION.zip,src2/__nested__/0076/source_extracts/M05_RECON/01_FULL_V1.2_RETAINED/10_M05_CONFIGURATION_PROVIDER_FULL_v1.2.md,1,994
/mnt/data/p1_v11_source_scan/src2/RUMAHAGEN_WF03_M06_QIR_RESOLUTION_CONTROLLED_v1.0_FULL_VERSION.zip,src2/__nested__/0076/source_extracts/M05_RECON/01_FULL_V1.2_RETAINED/evidence_waitinglist.md,1,8521
/mnt/data/p1_v11_source_scan/src2/RUMAHAGEN_WF03_M06_QIR_RESOLUTION_CONTROLLED_v1.0_FULL_VERSION.zip,src2/__nested__/0076/source_extracts/M05_RECON/01_FULL_V1.2_RETAINED/09_M05_ACTOR_SURFACE_FULL_v1.2.md,1,632
/mnt/data/p1_v11_source_scan/src2/RUMAHAGEN_WF03_M06_QIR_RESOLUTION_CONTROLLED_v1.0_FULL_VERSION.zip,src2/__nested__/0076/source_extracts/M05_RECON/01_FULL_V1.2_RETAINED/12_M05_FULL_FIELD_CONFIGURATION_PERMISSION_MATRIX_v1.2.xlsx,1,8960
/mnt/data/p1_v11_source_scan/src2/RUMAHAGEN_WF03_M06_QIR_RESOLUTION_CONTROLLED_v1.0_FULL_VERSION.zip,src2/__nested__/0076/source_extracts/M05_RECON/01_FULL_V1.2_RETAINED/11_M05_PERMISSION_MATRIX_FULL_v1.2.csv,1,585
/mnt/data/p1_v11_source_scan/src2/RUMAHAGEN_WF03_M06_QIR_RESOLUTION_CONTROLLED_v1.0_FULL_VERSION.zip,src2/__nested__/0076/source_extracts/M05_RECON/01_FULL_V1.2_RETAINED/02_M05_QUESTION_INVENTORY_FULL_v1.2.md,1,237
/mnt/data/p1_v11_source_scan/src2/RUMAHAGEN_WF03_M06_QIR_RESOLUTION_CONTROLLED_v1.0_FULL_VERSION.zip,src2/__nested__/0076/source_extracts/M05_RECON/01_FULL_V1.2_RETAINED/13_M05_EVIDENCE_PROVENANCE_AND_DIFF_v1.2.md,1,1658
/mnt/data/p1_v11_source_scan/src2/RUMAHAGEN_WF03_M06_QIR_RESOLUTION_CONTROLLED_v1.0_FULL_VERSION.zip,src2/__nested__/0076/source_extracts/M05_RECON/01_FULL_V1.2_RETAINED/00_M05_FULL_REBUILD_CONTROL_REPORT_v1.2.md,1,1490
/mnt/data/p1_v11_source_scan/src2/RUMAHAGEN_WF03_M06_QIR_RESOLUTION_CONTROLLED_v1.0_FULL_VERSION.zip,src2/__nested__/0076/source_extracts/M05_RECON/01_FULL_V1.2_RETAINED/01_M05_SOURCE_INVENTORY_100PCT_v1.2.csv,1,67454
/mnt/data/p1_v11_source_scan/src2/RUMAHAGEN_WF03_M06_QIR_RESOLUTION_CONTROLLED_v1.0_FULL_VERSION.zip,src2/__nested__/0076/source_extracts/M05_RECON/01_FULL_V1.2_RETAINED/05_M05_PERMISSION_ACTION_REVIEW_FULL_v1.2.md,1,603
/mnt/data/p1_v11_source_scan/src2/RUMAHAGEN_WF03_M06_QIR_RESOLUTION_CONTROLLED_v1.0_FULL_VERSION.zip,src2/__nested__/0076/source_extracts/M05_RECON/01_FULL_V1.2_RETAINED/14_M05_QA_FULL_v1.2.md,1,1150
/mnt/data/p1_v11_source_scan/src2/RUMAHAGEN_WF03_M06_QIR_RESOLUTION_CONTROLLED_v1.0_FULL_VERSION.zip,src2/__nested__/0076/source_extracts/M05_RECON/01_FULL_V1.2_RETAINED/04_M05_LIFECYCLE_FULL_v1.2.md,1,959
/mnt/data/M01-M15 new recon(20260907-081753).zip,src2/RUMAHAGEN_WF03_M07_FULL_REBUILD_CONTROLLED_v1.1_FULL_VERSION.zip,0,276432
/mnt/data/p1_v11_source_scan/src2/RUMAHAGEN_WF03_M07_FULL_REBUILD_CONTROLLED_v1.1_FULL_VERSION.zip,src2/__nested__/0090/01_M07_QUESTION_INVENTORY_FULL_v1.0.csv,1,3387
/mnt/data/p1_v11_source_scan/src2/RUMAHAGEN_WF03_M07_FULL_REBUILD_CONTROLLED_v1.1_FULL_VERSION.zip,src2/__nested__/0090/09_M07_CONFLICT_RECONCILIATION_REGISTER_v1.0.csv,1,1111
/mnt/data/p1_v11_source_scan/src2/RUMAHAGEN_WF03_M07_FULL_REBUILD_CONTROLLED_v1.1_FULL_VERSION.zip,src2/__nested__/0090/13_M07_OUTPUT_MANIFEST_v1.0.csv,1,2266
/mnt/data/p1_v11_source_scan/src2/RUMAHAGEN_WF03_M07_FULL_REBUILD_CONTROLLED_v1.1_FULL_VERSION.zip,src2/__nested__/0090/10_M07_FINAL_QA_AND_COMPLETION_GATE_v1.0.md,1,1653
/mnt/data/p1_v11_source_scan/src2/RUMAHAGEN_WF03_M07_FULL_REBUILD_CONTROLLED_v1.1_FULL_VERSION.zip,src2/__nested__/0090/02_M07_QUESTION_ID_NUMBERING_AUDIT_v1.0.csv,1,449
/mnt/data/p1_v11_source_scan/src2/RUMAHAGEN_WF03_M07_FULL_REBUILD_CONTROLLED_v1.1_FULL_VERSION.zip,src2/__nested__/0090/17_M07_CURRENT_PERMISSION_SOURCE_PARITY_v1.1.csv,1,404
/mnt/data/p1_v11_source_scan/src2/RUMAHAGEN_WF03_M07_FULL_REBUILD_CONTROLLED_v1.1_FULL_VERSION.zip,src2/__nested__/0090/11_M07_FULL_REBUILD_CONTROL_MATRIX_v1.1.xlsx,1,8642
/mnt/data/p1_v11_source_scan/src2/RUMAHAGEN_WF03_M07_FULL_REBUILD_CONTROLLED_v1.1_FULL_VERSION.zip,src2/__nested__/0090/15_M07_DECISION_TRACEABILITY_MATRIX_v1.1.csv,1,3144
/mnt/data/p1_v11_source_scan/src2/RUMAHAGEN_WF03_M07_FULL_REBUILD_CONTROLLED_v1.1_FULL_VERSION.zip,src2/__nested__/0090/03_M07_SEMANTIC_DECISION_MATRIX_v1.0.csv,1,894
/mnt/data/p1_v11_source_scan/src2/RUMAHAGEN_WF03_M07_FULL_REBUILD_CONTROLLED_v1.1_FULL_VERSION.zip,src2/__nested__/0090/00_M07_FULL_REBUILD_CONTROLLED_v1.0.md,1,1648
/mnt/data/p1_v11_source_scan/src2/RUMAHAGEN_WF03_M07_FULL_REBUILD_CONTROLLED_v1.1_FULL_VERSION.zip,src2/__nested__/0090/07_M07_CROSS_MODULE_RECONCILIATION_v1.0.csv,1,896
/mnt/data/p1_v11_source_scan/src2/RUMAHAGEN_WF03_M07_FULL_REBUILD_CONTROLLED_v1.1_FULL_VERSION.zip,src2/__nested__/0090/12_M07_PROVENANCE_MANIFEST_v1.1.csv,1,660
/mnt/data/p1_v11_source_scan/src2/RUMAHAGEN_WF03_M07_FULL_REBUILD_CONTROLLED_v1.1_FULL_VERSION.zip,src2/__nested__/0090/00_M07_FULL_REBUILD_CONTROLLED_v1.1.md,1,921
/mnt/data/p1_v11_source_scan/src2/RUMAHAGEN_WF03_M07_FULL_REBUILD_CONTROLLED_v1.1_FULL_VERSION.zip,src2/__nested__/0090/10_M07_FINAL_QA_AND_COMPLETION_GATE_v1.1.md,1,1778
/mnt/data/p1_v11_source_scan/src2/RUMAHAGEN_WF03_M07_FULL_REBUILD_CONTROLLED_v1.1_FULL_VERSION.zip,src2/__nested__/0090/02_M07_QUESTION_ID_NUMBERING_AUDIT_v1.1.csv,1,480
/mnt/data/p1_v11_source_scan/src2/RUMAHAGEN_WF03_M07_FULL_REBUILD_CONTROLLED_v1.1_FULL_VERSION.zip,src2/__nested__/0090/12_M07_PROVENANCE_MANIFEST_v1.0.csv,1,662
/mnt/data/p1_v11_source_scan/src2/RUMAHAGEN_WF03_M07_FULL_REBUILD_CONTROLLED_v1.1_FULL_VERSION.zip,src2/__nested__/0090/04_M07_LIFECYCLE_STATE_TRANSITION_MATRIX_v1.0.csv,1,732
/mnt/data/p1_v11_source_scan/src2/RUMAHAGEN_WF03_M07_FULL_REBUILD_CONTROLLED_v1.1_FULL_VERSION.zip,src2/__nested__/0090/18_M07_DOWNSTREAM_RECONCILIATION_PROVENANCE_v1.1.csv,1,679
/mnt/data/p1_v11_source_scan/src2/RUMAHAGEN_WF03_M07_FULL_REBUILD_CONTROLLED_v1.1_FULL_VERSION.zip,src2/__nested__/0090/08_M07_DOWNSTREAM_PHYSICAL_RUNTIME_REGISTER_v1.0.csv,1,552
/mnt/data/p1_v11_source_scan/src2/RUMAHAGEN_WF03_M07_FULL_REBUILD_CONTROLLED_v1.1_FULL_VERSION.zip,src2/__nested__/0090/01_M07_QUESTION_INVENTORY_FULL_v1.1.csv,1,4552
/mnt/data/p1_v11_source_scan/src2/RUMAHAGEN_WF03_M07_FULL_REBUILD_CONTROLLED_v1.1_FULL_VERSION.zip,src2/__nested__/0090/16_M07_45_DECISION_TRACEABILITY_CLARIFICATION_v1.1.md,1,704
/mnt/data/p1_v11_source_scan/src2/RUMAHAGEN_WF03_M07_FULL_REBUILD_CONTROLLED_v1.1_FULL_VERSION.zip,src2/__nested__/0090/05_M07_SEMANTIC_PERMISSION_MATRIX_v1.0.csv,1,266
/mnt/data/p1_v11_source_scan/src2/RUMAHAGEN_WF03_M07_FULL_REBUILD_CONTROLLED_v1.1_FULL_VERSION.zip,src2/__nested__/0090/14_M07_CURRENT_SOURCE_AND_SUPERSEDED_ARTIFACT_REGISTER_v1.1.md,1,981
/mnt/data/p1_v11_source_scan/src2/RUMAHAGEN_WF03_M07_FULL_REBUILD_CONTROLLED_v1.1_FULL_VERSION.zip,src2/__nested__/0090/11_M07_FULL_REBUILD_CONTROL_MATRIX_v1.0.xlsx,1,8588
/mnt/data/p1_v11_source_scan/src2/RUMAHAGEN_WF03_M07_FULL_REBUILD_CONTROLLED_v1.1_FULL_VERSION.zip,src2/__nested__/0090/06_M07_ACTOR_CONDITION_SCOPE_VISIBILITY_APPROVAL_v1.0.csv,1,879
/mnt/data/p1_v11_source_scan/src2/RUMAHAGEN_WF03_M07_FULL_REBUILD_CONTROLLED_v1.1_FULL_VERSION.zip,src2/__nested__/0090/13_M07_OUTPUT_MANIFEST_v1.1.csv,1,6562
/mnt/data/p1_v11_source_scan/src2/RUMAHAGEN_WF03_M07_FULL_REBUILD_CONTROLLED_v1.1_FULL_VERSION.zip,src2/__nested__/0090/00_CURRENT_SOURCE_PROVENANCE/M07_PERMISSION_RECONCILIATION_v1.0.docx,1,38786
/mnt/data/p1_v11_source_scan/src2/RUMAHAGEN_WF03_M07_FULL_REBUILD_CONTROLLED_v1.1_FULL_VERSION.zip,src2/__nested__/0090/00_CURRENT_SOURCE_PROVENANCE/CURRENT_PERMISSION_MASTER_v1.2.xlsx,1,23218
/mnt/data/p1_v11_source_scan/src2/RUMAHAGEN_WF03_M07_FULL_REBUILD_CONTROLLED_v1.1_FULL_VERSION.zip,src2/__nested__/0090/00_CURRENT_SOURCE_PROVENANCE/CURRENT_PERMISSION_MASTER_v1.2.csv,1,27560
/mnt/data/p1_v11_source_scan/src2/RUMAHAGEN_WF03_M07_FULL_REBUILD_CONTROLLED_v1.1_FULL_VERSION.zip,src2/__nested__/0090/00_CURRENT_SOURCE_PROVENANCE/M07_REBUILD_v1.0_SOURCE.zip,1,87977
/mnt/data/p1_v11_source_scan/src2/__nested__/0090/00_CURRENT_SOURCE_PROVENANCE/M07_REBUILD_v1.0_SOURCE.zip,src2/__nested__/0090/__nested__/0091/01_M07_QUESTION_INVENTORY_FULL_v1.0.csv,2,3387
/mnt/data/p1_v11_source_scan/src2/__nested__/0090/00_CURRENT_SOURCE_PROVENANCE/M07_REBUILD_v1.0_SOURCE.zip,src2/__nested__/0090/__nested__/0091/09_M07_CONFLICT_RECONCILIATION_REGISTER_v1.0.csv,2,1111
/mnt/data/p1_v11_source_scan/src2/__nested__/0090/00_CURRENT_SOURCE_PROVENANCE/M07_REBUILD_v1.0_SOURCE.zip,src2/__nested__/0090/__nested__/0091/13_M07_OUTPUT_MANIFEST_v1.0.csv,2,2266
/mnt/data/p1_v11_source_scan/src2/__nested__/0090/00_CURRENT_SOURCE_PROVENANCE/M07_REBUILD_v1.0_SOURCE.zip,src2/__nested__/0090/__nested__/0091/10_M07_FINAL_QA_AND_COMPLETION_GATE_v1.0.md,2,1653
/mnt/data/p1_v11_source_scan/src2/__nested__/0090/00_CURRENT_SOURCE_PROVENANCE/M07_REBUILD_v1.0_SOURCE.zip,src2/__nested__/0090/__nested__/0091/02_M07_QUESTION_ID_NUMBERING_AUDIT_v1.0.csv,2,449
/mnt/data/p1_v11_source_scan/src2/__nested__/0090/00_CURRENT_SOURCE_PROVENANCE/M07_REBUILD_v1.0_SOURCE.zip,src2/__nested__/0090/__nested__/0091/03_M07_SEMANTIC_DECISION_MATRIX_v1.0.csv,2,894
/mnt/data/p1_v11_source_scan/src2/__nested__/0090/00_CURRENT_SOURCE_PROVENANCE/M07_REBUILD_v1.0_SOURCE.zip,src2/__nested__/0090/__nested__/0091/00_M07_FULL_REBUILD_CONTROLLED_v1.0.md,2,1648
/mnt/data/p1_v11_source_scan/src2/__nested__/0090/00_CURRENT_SOURCE_PROVENANCE/M07_REBUILD_v1.0_SOURCE.zip,src2/__nested__/0090/__nested__/0091/07_M07_CROSS_MODULE_RECONCILIATION_v1.0.csv,2,896
/mnt/data/p1_v11_source_scan/src2/__nested__/0090/00_CURRENT_SOURCE_PROVENANCE/M07_REBUILD_v1.0_SOURCE.zip,src2/__nested__/0090/__nested__/0091/12_M07_PROVENANCE_MANIFEST_v1.0.csv,2,662
/mnt/data/p1_v11_source_scan/src2/__nested__/0090/00_CURRENT_SOURCE_PROVENANCE/M07_REBUILD_v1.0_SOURCE.zip,src2/__nested__/0090/__nested__/0091/04_M07_LIFECYCLE_STATE_TRANSITION_MATRIX_v1.0.csv,2,732
/mnt/data/p1_v11_source_scan/src2/__nested__/0090/00_CURRENT_SOURCE_PROVENANCE/M07_REBUILD_v1.0_SOURCE.zip,src2/__nested__/0090/__nested__/0091/08_M07_DOWNSTREAM_PHYSICAL_RUNTIME_REGISTER_v1.0.csv,2,552
/mnt/data/p1_v11_source_scan/src2/__nested__/0090/00_CURRENT_SOURCE_PROVENANCE/M07_REBUILD_v1.0_SOURCE.zip,src2/__nested__/0090/__nested__/0091/05_M07_SEMANTIC_PERMISSION_MATRIX_v1.0.csv,2,266
/mnt/data/p1_v11_source_scan/src2/__nested__/0090/00_CURRENT_SOURCE_PROVENANCE/M07_REBUILD_v1.0_SOURCE.zip,src2/__nested__/0090/__nested__/0091/11_M07_FULL_REBUILD_CONTROL_MATRIX_v1.0.xlsx,2,8588
/mnt/data/p1_v11_source_scan/src2/__nested__/0090/00_CURRENT_SOURCE_PROVENANCE/M07_REBUILD_v1.0_SOURCE.zip,src2/__nested__/0090/__nested__/0091/06_M07_ACTOR_CONDITION_SCOPE_VISIBILITY_APPROVAL_v1.0.csv,2,879
/mnt/data/p1_v11_source_scan/src2/__nested__/0090/00_CURRENT_SOURCE_PROVENANCE/M07_REBUILD_v1.0_SOURCE.zip,src2/__nested__/0090/__nested__/0091/00_SOURCE_PROVENANCE/RUMAHAGEN_WF-03.2_MASTER_PERMISSION_MATRIX_M01-M07_RECONCILED_v1.1.csv,2,26080
/mnt/data/p1_v11_source_scan/src2/__nested__/0090/00_CURRENT_SOURCE_PROVENANCE/M07_REBUILD_v1.0_SOURCE.zip,src2/__nested__/0090/__nested__/0091/00_SOURCE_PROVENANCE/WF03_MASTER_PROGRESS_M01-M15_v1.7_M06_COMPLETE(1).xlsx,2,32038
/mnt/data/p1_v11_source_scan/src2/__nested__/0090/00_CURRENT_SOURCE_PROVENANCE/M07_REBUILD_v1.0_SOURCE.zip,src2/__nested__/0090/__nested__/0091/00_SOURCE_PROVENANCE/M07_PHYSICAL_EXECUTION_SPEC_v2.1.md,2,8514
/mnt/data/p1_v11_source_scan/src2/__nested__/0090/00_CURRENT_SOURCE_PROVENANCE/M07_REBUILD_v1.0_SOURCE.zip,src2/__nested__/0090/__nested__/0091/00_SOURCE_PROVENANCE/RUMAHAGEN_WF-03.2_M07_PERMISSION_MATRIX_RECONCILIATION_v1.0.docx,2,38786
/mnt/data/p1_v11_source_scan/src2/__nested__/0090/00_CURRENT_SOURCE_PROVENANCE/M07_REBUILD_v1.0_SOURCE.zip,src2/__nested__/0090/__nested__/0091/00_SOURCE_PROVENANCE/W4-02A.6.27_FOCUSED_EXECUTION_PACK_M01-M07_v2.1.md,2,12149
/mnt/data/p1_v11_source_scan/src2/RUMAHAGEN_WF03_M07_FULL_REBUILD_CONTROLLED_v1.1_FULL_VERSION.zip,src2/__nested__/0090/00_V1.0_BASELINE_RETAINED/01_M07_QUESTION_INVENTORY_FULL_v1.0.csv,1,3387
/mnt/data/p1_v11_source_scan/src2/RUMAHAGEN_WF03_M07_FULL_REBUILD_CONTROLLED_v1.1_FULL_VERSION.zip,src2/__nested__/0090/00_V1.0_BASELINE_RETAINED/09_M07_CONFLICT_RECONCILIATION_REGISTER_v1.0.csv,1,1111
/mnt/data/p1_v11_source_scan/src2/RUMAHAGEN_WF03_M07_FULL_REBUILD_CONTROLLED_v1.1_FULL_VERSION.zip,src2/__nested__/0090/00_V1.0_BASELINE_RETAINED/13_M07_OUTPUT_MANIFEST_v1.0.csv,1,2266
/mnt/data/p1_v11_source_scan/src2/RUMAHAGEN_WF03_M07_FULL_REBUILD_CONTROLLED_v1.1_FULL_VERSION.zip,src2/__nested__/0090/00_V1.0_BASELINE_RETAINED/10_M07_FINAL_QA_AND_COMPLETION_GATE_v1.0.md,1,1653
/mnt/data/p1_v11_source_scan/src2/RUMAHAGEN_WF03_M07_FULL_REBUILD_CONTROLLED_v1.1_FULL_VERSION.zip,src2/__nested__/0090/00_V1.0_BASELINE_RETAINED/02_M07_QUESTION_ID_NUMBERING_AUDIT_v1.0.csv,1,449
/mnt/data/p1_v11_source_scan/src2/RUMAHAGEN_WF03_M07_FULL_REBUILD_CONTROLLED_v1.1_FULL_VERSION.zip,src2/__nested__/0090/00_V1.0_BASELINE_RETAINED/03_M07_SEMANTIC_DECISION_MATRIX_v1.0.csv,1,894
/mnt/data/p1_v11_source_scan/src2/RUMAHAGEN_WF03_M07_FULL_REBUILD_CONTROLLED_v1.1_FULL_VERSION.zip,src2/__nested__/0090/00_V1.0_BASELINE_RETAINED/00_M07_FULL_REBUILD_CONTROLLED_v1.0.md,1,1648
/mnt/data/p1_v11_source_scan/src2/RUMAHAGEN_WF03_M07_FULL_REBUILD_CONTROLLED_v1.1_FULL_VERSION.zip,src2/__nested__/0090/00_V1.0_BASELINE_RETAINED/07_M07_CROSS_MODULE_RECONCILIATION_v1.0.csv,1,896
/mnt/data/p1_v11_source_scan/src2/RUMAHAGEN_WF03_M07_FULL_REBUILD_CONTROLLED_v1.1_FULL_VERSION.zip,src2/__nested__/0090/00_V1.0_BASELINE_RETAINED/12_M07_PROVENANCE_MANIFEST_v1.0.csv,1,662
/mnt/data/p1_v11_source_scan/src2/RUMAHAGEN_WF03_M07_FULL_REBUILD_CONTROLLED_v1.1_FULL_VERSION.zip,src2/__nested__/0090/00_V1.0_BASELINE_RETAINED/04_M07_LIFECYCLE_STATE_TRANSITION_MATRIX_v1.0.csv,1,732
/mnt/data/p1_v11_source_scan/src2/RUMAHAGEN_WF03_M07_FULL_REBUILD_CONTROLLED_v1.1_FULL_VERSION.zip,src2/__nested__/0090/00_V1.0_BASELINE_RETAINED/08_M07_DOWNSTREAM_PHYSICAL_RUNTIME_REGISTER_v1.0.csv,1,552
/mnt/data/p1_v11_source_scan/src2/RUMAHAGEN_WF03_M07_FULL_REBUILD_CONTROLLED_v1.1_FULL_VERSION.zip,src2/__nested__/0090/00_V1.0_BASELINE_RETAINED/05_M07_SEMANTIC_PERMISSION_MATRIX_v1.0.csv,1,266
/mnt/data/p1_v11_source_scan/src2/RUMAHAGEN_WF03_M07_FULL_REBUILD_CONTROLLED_v1.1_FULL_VERSION.zip,src2/__nested__/0090/00_V1.0_BASELINE_RETAINED/11_M07_FULL_REBUILD_CONTROL_MATRIX_v1.0.xlsx,1,8588
/mnt/data/p1_v11_source_scan/src2/RUMAHAGEN_WF03_M07_FULL_REBUILD_CONTROLLED_v1.1_FULL_VERSION.zip,src2/__nested__/0090/00_V1.0_BASELINE_RETAINED/06_M07_ACTOR_CONDITION_SCOPE_VISIBILITY_APPROVAL_v1.0.csv,1,879
/mnt/data/p1_v11_source_scan/src2/RUMAHAGEN_WF03_M07_FULL_REBUILD_CONTROLLED_v1.1_FULL_VERSION.zip,src2/__nested__/0090/00_V1.0_BASELINE_RETAINED/00_SOURCE_PROVENANCE/RUMAHAGEN_WF-03.2_MASTER_PERMISSION_MATRIX_M01-M07_RECONCILED_v1.1.csv,1,26080
/mnt/data/p1_v11_source_scan/src2/RUMAHAGEN_WF03_M07_FULL_REBUILD_CONTROLLED_v1.1_FULL_VERSION.zip,src2/__nested__/0090/00_V1.0_BASELINE_RETAINED/00_SOURCE_PROVENANCE/WF03_MASTER_PROGRESS_M01-M15_v1.7_M06_COMPLETE(1).xlsx,1,32038
/mnt/data/p1_v11_source_scan/src2/RUMAHAGEN_WF03_M07_FULL_REBUILD_CONTROLLED_v1.1_FULL_VERSION.zip,src2/__nested__/0090/00_V1.0_BASELINE_RETAINED/00_SOURCE_PROVENANCE/M07_PHYSICAL_EXECUTION_SPEC_v2.1.md,1,8514
/mnt/data/p1_v11_source_scan/src2/RUMAHAGEN_WF03_M07_FULL_REBUILD_CONTROLLED_v1.1_FULL_VERSION.zip,src2/__nested__/0090/00_V1.0_BASELINE_RETAINED/00_SOURCE_PROVENANCE/RUMAHAGEN_WF-03.2_M07_PERMISSION_MATRIX_RECONCILIATION_v1.0.docx,1,38786
/mnt/data/p1_v11_source_scan/src2/RUMAHAGEN_WF03_M07_FULL_REBUILD_CONTROLLED_v1.1_FULL_VERSION.zip,src2/__nested__/0090/00_V1.0_BASELINE_RETAINED/00_SOURCE_PROVENANCE/W4-02A.6.27_FOCUSED_EXECUTION_PACK_M01-M07_v2.1.md,1,12149
/mnt/data/M01-M15 new recon(20260907-081753).zip,src2/RUMAHAGEN_WF03_M07_CORE_IMPACT_ANALYSIS_CONTROLLED_v1.0_FULL_VERSION.zip,0,1550251
/mnt/data/p1_v11_source_scan/src2/RUMAHAGEN_WF03_M07_CORE_IMPACT_ANALYSIS_CONTROLLED_v1.0_FULL_VERSION.zip,src2/__nested__/0092/09_M07_CORE_IMPACT_OUTPUT_MANIFEST_v1.0.csv,1,25372
/mnt/data/p1_v11_source_scan/src2/RUMAHAGEN_WF03_M07_CORE_IMPACT_ANALYSIS_CONTROLLED_v1.0_FULL_VERSION.zip,src2/__nested__/0092/05_M07_CORE_IMPACT_MATRIX_v1.0.csv,1,4155
/mnt/data/p1_v11_source_scan/src2/RUMAHAGEN_WF03_M07_CORE_IMPACT_ANALYSIS_CONTROLLED_v1.0_FULL_VERSION.zip,src2/__nested__/0092/07_M07_CORE_IMPACT_FINAL_QA_v1.0.md,1,622
/mnt/data/p1_v11_source_scan/src2/RUMAHAGEN_WF03_M07_CORE_IMPACT_ANALYSIS_CONTROLLED_v1.0_FULL_VERSION.zip,src2/__nested__/0092/06_M07_CORE_IMPACT_DOWNSTREAM_DELTA_REGISTER_v1.0.csv,1,818
/mnt/data/p1_v11_source_scan/src2/RUMAHAGEN_WF03_M07_CORE_IMPACT_ANALYSIS_CONTROLLED_v1.0_FULL_VERSION.zip,src2/__nested__/0092/00_M07_CORE_IMPACT_ANALYSIS_CONTROLLED_v1.0.md,1,1239
/mnt/data/p1_v11_source_scan/src2/RUMAHAGEN_WF03_M07_CORE_IMPACT_ANALYSIS_CONTROLLED_v1.0_FULL_VERSION.zip,src2/__nested__/0092/08_M07_CORE_IMPACT_CONTROL_MATRIX_v1.0.xlsx,1,7881
/mnt/data/p1_v11_source_scan/src2/RUMAHAGEN_WF03_M07_CORE_IMPACT_ANALYSIS_CONTROLLED_v1.0_FULL_VERSION.zip,src2/__nested__/0092/04_M07_CORE_IMPACT_SOURCE_INVENTORY_v1.0.csv,1,16545
/mnt/data/p1_v11_source_scan/src2/RUMAHAGEN_WF03_M07_CORE_IMPACT_ANALYSIS_CONTROLLED_v1.0_FULL_VERSION.zip,src2/__nested__/0092/02_REBUILD_BASELINE/01_M07_QUESTION_INVENTORY_FULL_v1.0.csv,1,3387
/mnt/data/p1_v11_source_scan/src2/RUMAHAGEN_WF03_M07_CORE_IMPACT_ANALYSIS_CONTROLLED_v1.0_FULL_VERSION.zip,src2/__nested__/0092/02_REBUILD_BASELINE/09_M07_CONFLICT_RECONCILIATION_REGISTER_v1.0.csv,1,1111
/mnt/data/p1_v11_source_scan/src2/RUMAHAGEN_WF03_M07_CORE_IMPACT_ANALYSIS_CONTROLLED_v1.0_FULL_VERSION.zip,src2/__nested__/0092/02_REBUILD_BASELINE/13_M07_OUTPUT_MANIFEST_v1.0.csv,1,2266
/mnt/data/p1_v11_source_scan/src2/RUMAHAGEN_WF03_M07_CORE_IMPACT_ANALYSIS_CONTROLLED_v1.0_FULL_VERSION.zip,src2/__nested__/0092/02_REBUILD_BASELINE/10_M07_FINAL_QA_AND_COMPLETION_GATE_v1.0.md,1,1653
/mnt/data/p1_v11_source_scan/src2/RUMAHAGEN_WF03_M07_CORE_IMPACT_ANALYSIS_CONTROLLED_v1.0_FULL_VERSION.zip,src2/__nested__/0092/02_REBUILD_BASELINE/02_M07_QUESTION_ID_NUMBERING_AUDIT_v1.0.csv,1,449
/mnt/data/p1_v11_source_scan/src2/RUMAHAGEN_WF03_M07_CORE_IMPACT_ANALYSIS_CONTROLLED_v1.0_FULL_VERSION.zip,src2/__nested__/0092/02_REBUILD_BASELINE/17_M07_CURRENT_PERMISSION_SOURCE_PARITY_v1.1.csv,1,404
/mnt/data/p1_v11_source_scan/src2/RUMAHAGEN_WF03_M07_CORE_IMPACT_ANALYSIS_CONTROLLED_v1.0_FULL_VERSION.zip,src2/__nested__/0092/02_REBUILD_BASELINE/11_M07_FULL_REBUILD_CONTROL_MATRIX_v1.1.xlsx,1,8642
/mnt/data/p1_v11_source_scan/src2/RUMAHAGEN_WF03_M07_CORE_IMPACT_ANALYSIS_CONTROLLED_v1.0_FULL_VERSION.zip,src2/__nested__/0092/02_REBUILD_BASELINE/15_M07_DECISION_TRACEABILITY_MATRIX_v1.1.csv,1,3144
/mnt/data/p1_v11_source_scan/src2/RUMAHAGEN_WF03_M07_CORE_IMPACT_ANALYSIS_CONTROLLED_v1.0_FULL_VERSION.zip,src2/__nested__/0092/02_REBUILD_BASELINE/03_M07_SEMANTIC_DECISION_MATRIX_v1.0.csv,1,894
/mnt/data/p1_v11_source_scan/src2/RUMAHAGEN_WF03_M07_CORE_IMPACT_ANALYSIS_CONTROLLED_v1.0_FULL_VERSION.zip,src2/__nested__/0092/02_REBUILD_BASELINE/00_M07_FULL_REBUILD_CONTROLLED_v1.0.md,1,1648
/mnt/data/p1_v11_source_scan/src2/RUMAHAGEN_WF03_M07_CORE_IMPACT_ANALYSIS_CONTROLLED_v1.0_FULL_VERSION.zip,src2/__nested__/0092/02_REBUILD_BASELINE/07_M07_CROSS_MODULE_RECONCILIATION_v1.0.csv,1,896
/mnt/data/p1_v11_source_scan/src2/RUMAHAGEN_WF03_M07_CORE_IMPACT_ANALYSIS_CONTROLLED_v1.0_FULL_VERSION.zip,src2/__nested__/0092/02_REBUILD_BASELINE/12_M07_PROVENANCE_MANIFEST_v1.1.csv,1,660
/mnt/data/p1_v11_source_scan/src2/RUMAHAGEN_WF03_M07_CORE_IMPACT_ANALYSIS_CONTROLLED_v1.0_FULL_VERSION.zip,src2/__nested__/0092/02_REBUILD_BASELINE/00_M07_FULL_REBUILD_CONTROLLED_v1.1.md,1,921
/mnt/data/p1_v11_source_scan/src2/RUMAHAGEN_WF03_M07_CORE_IMPACT_ANALYSIS_CONTROLLED_v1.0_FULL_VERSION.zip,src2/__nested__/0092/02_REBUILD_BASELINE/10_M07_FINAL_QA_AND_COMPLETION_GATE_v1.1.md,1,1778
/mnt/data/p1_v11_source_scan/src2/RUMAHAGEN_WF03_M07_CORE_IMPACT_ANALYSIS_CONTROLLED_v1.0_FULL_VERSION.zip,src2/__nested__/0092/02_REBUILD_BASELINE/02_M07_QUESTION_ID_NUMBERING_AUDIT_v1.1.csv,1,480
/mnt/data/p1_v11_source_scan/src2/RUMAHAGEN_WF03_M07_CORE_IMPACT_ANALYSIS_CONTROLLED_v1.0_FULL_VERSION.zip,src2/__nested__/0092/02_REBUILD_BASELINE/12_M07_PROVENANCE_MANIFEST_v1.0.csv,1,662
/mnt/data/p1_v11_source_scan/src2/RUMAHAGEN_WF03_M07_CORE_IMPACT_ANALYSIS_CONTROLLED_v1.0_FULL_VERSION.zip,src2/__nested__/0092/02_REBUILD_BASELINE/04_M07_LIFECYCLE_STATE_TRANSITION_MATRIX_v1.0.csv,1,732
/mnt/data/p1_v11_source_scan/src2/RUMAHAGEN_WF03_M07_CORE_IMPACT_ANALYSIS_CONTROLLED_v1.0_FULL_VERSION.zip,src2/__nested__/0092/02_REBUILD_BASELINE/18_M07_DOWNSTREAM_RECONCILIATION_PROVENANCE_v1.1.csv,1,679
/mnt/data/p1_v11_source_scan/src2/RUMAHAGEN_WF03_M07_CORE_IMPACT_ANALYSIS_CONTROLLED_v1.0_FULL_VERSION.zip,src2/__nested__/0092/02_REBUILD_BASELINE/08_M07_DOWNSTREAM_PHYSICAL_RUNTIME_REGISTER_v1.0.csv,1,552
/mnt/data/p1_v11_source_scan/src2/RUMAHAGEN_WF03_M07_CORE_IMPACT_ANALYSIS_CONTROLLED_v1.0_FULL_VERSION.zip,src2/__nested__/0092/02_REBUILD_BASELINE/01_M07_QUESTION_INVENTORY_FULL_v1.1.csv,1,4552
/mnt/data/p1_v11_source_scan/src2/RUMAHAGEN_WF03_M07_CORE_IMPACT_ANALYSIS_CONTROLLED_v1.0_FULL_VERSION.zip,src2/__nested__/0092/02_REBUILD_BASELINE/16_M07_45_DECISION_TRACEABILITY_CLARIFICATION_v1.1.md,1,704
/mnt/data/p1_v11_source_scan/src2/RUMAHAGEN_WF03_M07_CORE_IMPACT_ANALYSIS_CONTROLLED_v1.0_FULL_VERSION.zip,src2/__nested__/0092/02_REBUILD_BASELINE/05_M07_SEMANTIC_PERMISSION_MATRIX_v1.0.csv,1,266
/mnt/data/p1_v11_source_scan/src2/RUMAHAGEN_WF03_M07_CORE_IMPACT_ANALYSIS_CONTROLLED_v1.0_FULL_VERSION.zip,src2/__nested__/0092/02_REBUILD_BASELINE/14_M07_CURRENT_SOURCE_AND_SUPERSEDED_ARTIFACT_REGISTER_v1.1.md,1,981
/mnt/data/p1_v11_source_scan/src2/RUMAHAGEN_WF03_M07_CORE_IMPACT_ANALYSIS_CONTROLLED_v1.0_FULL_VERSION.zip,src2/__nested__/0092/02_REBUILD_BASELINE/11_M07_FULL_REBUILD_CONTROL_MATRIX_v1.0.xlsx,1,8588
/mnt/data/p1_v11_source_scan/src2/RUMAHAGEN_WF03_M07_CORE_IMPACT_ANALYSIS_CONTROLLED_v1.0_FULL_VERSION.zip,src2/__nested__/0092/02_REBUILD_BASELINE/06_M07_ACTOR_CONDITION_SCOPE_VISIBILITY_APPROVAL_v1.0.csv,1,879
/mnt/data/p1_v11_source_scan/src2/RUMAHAGEN_WF03_M07_CORE_IMPACT_ANALYSIS_CONTROLLED_v1.0_FULL_VERSION.zip,src2/__nested__/0092/02_REBUILD_BASELINE/13_M07_OUTPUT_MANIFEST_v1.1.csv,1,6562
/mnt/data/p1_v11_source_scan/src2/RUMAHAGEN_WF03_M07_CORE_IMPACT_ANALYSIS_CONTROLLED_v1.0_FULL_VERSION.zip,src2/__nested__/0092/01_QIR_BASELINE/04_M07_QIR_SEMANTIC_LOCK_MATRIX_v1.0.csv,1,749
/mnt/data/p1_v11_source_scan/src2/RUMAHAGEN_WF03_M07_CORE_IMPACT_ANALYSIS_CONTROLLED_v1.0_FULL_VERSION.zip,src2/__nested__/0092/01_QIR_BASELINE/03_M07_QIR_TWO_CORE_FINDINGS_RESOLUTION_v1.0.csv,1,940
/mnt/data/p1_v11_source_scan/src2/RUMAHAGEN_WF03_M07_CORE_IMPACT_ANALYSIS_CONTROLLED_v1.0_FULL_VERSION.zip,src2/__nested__/0092/01_QIR_BASELINE/07_M07_QIR_DEPENDENCY_RECONCILIATION_v1.0.csv,1,626
/mnt/data/p1_v11_source_scan/src2/RUMAHAGEN_WF03_M07_CORE_IMPACT_ANALYSIS_CONTROLLED_v1.0_FULL_VERSION.zip,src2/__nested__/0092/01_QIR_BASELINE/06_M07_QIR_PHYSICAL_RUNTIME_DOWNSTREAM_REGISTER_v1.0.csv,1,766
/mnt/data/p1_v11_source_scan/src2/RUMAHAGEN_WF03_M07_CORE_IMPACT_ANALYSIS_CONTROLLED_v1.0_FULL_VERSION.zip,src2/__nested__/0092/01_QIR_BASELINE/05_M07_QIR_LIFECYCLE_USER_ADMIN_v1.0.csv,1,1132
/mnt/data/p1_v11_source_scan/src2/RUMAHAGEN_WF03_M07_CORE_IMPACT_ANALYSIS_CONTROLLED_v1.0_FULL_VERSION.zip,src2/__nested__/0092/01_QIR_BASELINE/09_M07_QIR_CONTROL_MATRIX_v1.0.xlsx,1,8215
/mnt/data/p1_v11_source_scan/src2/RUMAHAGEN_WF03_M07_CORE_IMPACT_ANALYSIS_CONTROLLED_v1.0_FULL_VERSION.zip,src2/__nested__/0092/01_QIR_BASELINE/08_M07_QIR_FINAL_QA_AND_CLOSURE_v1.0.md,1,1080
/mnt/data/p1_v11_source_scan/src2/RUMAHAGEN_WF03_M07_CORE_IMPACT_ANALYSIS_CONTROLLED_v1.0_FULL_VERSION.zip,src2/__nested__/0092/01_QIR_BASELINE/10_M07_QIR_OUTPUT_MANIFEST_v1.0.csv,1,10148
/mnt/data/p1_v11_source_scan/src2/RUMAHAGEN_WF03_M07_CORE_IMPACT_ANALYSIS_CONTROLLED_v1.0_FULL_VERSION.zip,src2/__nested__/0092/01_QIR_BASELINE/00_M07_QIR_RESOLUTION_CONTROLLED_v1.0.md,1,1177
/mnt/data/p1_v11_source_scan/src2/RUMAHAGEN_WF03_M07_CORE_IMPACT_ANALYSIS_CONTROLLED_v1.0_FULL_VERSION.zip,src2/__nested__/0092/01_QIR_BASELINE/02_M07_QIR_QUESTION_RESOLUTION_REGISTER_v1.0.csv,1,3432
/mnt/data/p1_v11_source_scan/src2/RUMAHAGEN_WF03_M07_CORE_IMPACT_ANALYSIS_CONTROLLED_v1.0_FULL_VERSION.zip,src2/__nested__/0092/01_QIR_BASELINE/00_M07_V1.1_BASELINE_RETAINED/01_M07_QUESTION_INVENTORY_FULL_v1.0.csv,1,3387
/mnt/data/p1_v11_source_scan/src2/RUMAHAGEN_WF03_M07_CORE_IMPACT_ANALYSIS_CONTROLLED_v1.0_FULL_VERSION.zip,src2/__nested__/0092/01_QIR_BASELINE/00_M07_V1.1_BASELINE_RETAINED/09_M07_CONFLICT_RECONCILIATION_REGISTER_v1.0.csv,1,1111
/mnt/data/p1_v11_source_scan/src2/RUMAHAGEN_WF03_M07_CORE_IMPACT_ANALYSIS_CONTROLLED_v1.0_FULL_VERSION.zip,src2/__nested__/0092/01_QIR_BASELINE/00_M07_V1.1_BASELINE_RETAINED/13_M07_OUTPUT_MANIFEST_v1.0.csv,1,2266
/mnt/data/p1_v11_source_scan/src2/RUMAHAGEN_WF03_M07_CORE_IMPACT_ANALYSIS_CONTROLLED_v1.0_FULL_VERSION.zip,src2/__nested__/0092/01_QIR_BASELINE/00_M07_V1.1_BASELINE_RETAINED/10_M07_FINAL_QA_AND_COMPLETION_GATE_v1.0.md,1,1653
/mnt/data/p1_v11_source_scan/src2/RUMAHAGEN_WF03_M07_CORE_IMPACT_ANALYSIS_CONTROLLED_v1.0_FULL_VERSION.zip,src2/__nested__/0092/01_QIR_BASELINE/00_M07_V1.1_BASELINE_RETAINED/02_M07_QUESTION_ID_NUMBERING_AUDIT_v1.0.csv,1,449
/mnt/data/p1_v11_source_scan/src2/RUMAHAGEN_WF03_M07_CORE_IMPACT_ANALYSIS_CONTROLLED_v1.0_FULL_VERSION.zip,src2/__nested__/0092/01_QIR_BASELINE/00_M07_V1.1_BASELINE_RETAINED/17_M07_CURRENT_PERMISSION_SOURCE_PARITY_v1.1.csv,1,404
/mnt/data/p1_v11_source_scan/src2/RUMAHAGEN_WF03_M07_CORE_IMPACT_ANALYSIS_CONTROLLED_v1.0_FULL_VERSION.zip,src2/__nested__/0092/01_QIR_BASELINE/00_M07_V1.1_BASELINE_RETAINED/11_M07_FULL_REBUILD_CONTROL_MATRIX_v1.1.xlsx,1,8642
/mnt/data/p1_v11_source_scan/src2/RUMAHAGEN_WF03_M07_CORE_IMPACT_ANALYSIS_CONTROLLED_v1.0_FULL_VERSION.zip,src2/__nested__/0092/01_QIR_BASELINE/00_M07_V1.1_BASELINE_RETAINED/15_M07_DECISION_TRACEABILITY_MATRIX_v1.1.csv,1,3144
/mnt/data/p1_v11_source_scan/src2/RUMAHAGEN_WF03_M07_CORE_IMPACT_ANALYSIS_CONTROLLED_v1.0_FULL_VERSION.zip,src2/__nested__/0092/01_QIR_BASELINE/00_M07_V1.1_BASELINE_RETAINED/03_M07_SEMANTIC_DECISION_MATRIX_v1.0.csv,1,894
/mnt/data/p1_v11_source_scan/src2/RUMAHAGEN_WF03_M07_CORE_IMPACT_ANALYSIS_CONTROLLED_v1.0_FULL_VERSION.zip,src2/__nested__/0092/01_QIR_BASELINE/00_M07_V1.1_BASELINE_RETAINED/00_M07_FULL_REBUILD_CONTROLLED_v1.0.md,1,1648
/mnt/data/p1_v11_source_scan/src2/RUMAHAGEN_WF03_M07_CORE_IMPACT_ANALYSIS_CONTROLLED_v1.0_FULL_VERSION.zip,src2/__nested__/0092/01_QIR_BASELINE/00_M07_V1.1_BASELINE_RETAINED/07_M07_CROSS_MODULE_RECONCILIATION_v1.0.csv,1,896
/mnt/data/p1_v11_source_scan/src2/RUMAHAGEN_WF03_M07_CORE_IMPACT_ANALYSIS_CONTROLLED_v1.0_FULL_VERSION.zip,src2/__nested__/0092/01_QIR_BASELINE/00_M07_V1.1_BASELINE_RETAINED/12_M07_PROVENANCE_MANIFEST_v1.1.csv,1,660
/mnt/data/p1_v11_source_scan/src2/RUMAHAGEN_WF03_M07_CORE_IMPACT_ANALYSIS_CONTROLLED_v1.0_FULL_VERSION.zip,src2/__nested__/0092/01_QIR_BASELINE/00_M07_V1.1_BASELINE_RETAINED/00_M07_FULL_REBUILD_CONTROLLED_v1.1.md,1,921
/mnt/data/p1_v11_source_scan/src2/RUMAHAGEN_WF03_M07_CORE_IMPACT_ANALYSIS_CONTROLLED_v1.0_FULL_VERSION.zip,src2/__nested__/0092/01_QIR_BASELINE/00_M07_V1.1_BASELINE_RETAINED/10_M07_FINAL_QA_AND_COMPLETION_GATE_v1.1.md,1,1778
/mnt/data/p1_v11_source_scan/src2/RUMAHAGEN_WF03_M07_CORE_IMPACT_ANALYSIS_CONTROLLED_v1.0_FULL_VERSION.zip,src2/__nested__/0092/01_QIR_BASELINE/00_M07_V1.1_BASELINE_RETAINED/02_M07_QUESTION_ID_NUMBERING_AUDIT_v1.1.csv,1,480
/mnt/data/p1_v11_source_scan/src2/RUMAHAGEN_WF03_M07_CORE_IMPACT_ANALYSIS_CONTROLLED_v1.0_FULL_VERSION.zip,src2/__nested__/0092/01_QIR_BASELINE/00_M07_V1.1_BASELINE_RETAINED/12_M07_PROVENANCE_MANIFEST_v1.0.csv,1,662
/mnt/data/p1_v11_source_scan/src2/RUMAHAGEN_WF03_M07_CORE_IMPACT_ANALYSIS_CONTROLLED_v1.0_FULL_VERSION.zip,src2/__nested__/0092/01_QIR_BASELINE/00_M07_V1.1_BASELINE_RETAINED/04_M07_LIFECYCLE_STATE_TRANSITION_MATRIX_v1.0.csv,1,732
/mnt/data/p1_v11_source_scan/src2/RUMAHAGEN_WF03_M07_CORE_IMPACT_ANALYSIS_CONTROLLED_v1.0_FULL_VERSION.zip,src2/__nested__/0092/01_QIR_BASELINE/00_M07_V1.1_BASELINE_RETAINED/18_M07_DOWNSTREAM_RECONCILIATION_PROVENANCE_v1.1.csv,1,679
/mnt/data/p1_v11_source_scan/src2/RUMAHAGEN_WF03_M07_CORE_IMPACT_ANALYSIS_CONTROLLED_v1.0_FULL_VERSION.zip,src2/__nested__/0092/01_QIR_BASELINE/00_M07_V1.1_BASELINE_RETAINED/08_M07_DOWNSTREAM_PHYSICAL_RUNTIME_REGISTER_v1.0.csv,1,552
/mnt/data/p1_v11_source_scan/src2/RUMAHAGEN_WF03_M07_CORE_IMPACT_ANALYSIS_CONTROLLED_v1.0_FULL_VERSION.zip,src2/__nested__/0092/01_QIR_BASELINE/00_M07_V1.1_BASELINE_RETAINED/01_M07_QUESTION_INVENTORY_FULL_v1.1.csv,1,4552
/mnt/data/p1_v11_source_scan/src2/RUMAHAGEN_WF03_M07_CORE_IMPACT_ANALYSIS_CONTROLLED_v1.0_FULL_VERSION.zip,src2/__nested__/0092/01_QIR_BASELINE/00_M07_V1.1_BASELINE_RETAINED/16_M07_45_DECISION_TRACEABILITY_CLARIFICATION_v1.1.md,1,704
/mnt/data/p1_v11_source_scan/src2/RUMAHAGEN_WF03_M07_CORE_IMPACT_ANALYSIS_CONTROLLED_v1.0_FULL_VERSION.zip,src2/__nested__/0092/01_QIR_BASELINE/00_M07_V1.1_BASELINE_RETAINED/05_M07_SEMANTIC_PERMISSION_MATRIX_v1.0.csv,1,266
/mnt/data/p1_v11_source_scan/src2/RUMAHAGEN_WF03_M07_CORE_IMPACT_ANALYSIS_CONTROLLED_v1.0_FULL_VERSION.zip,src2/__nested__/0092/01_QIR_BASELINE/00_M07_V1.1_BASELINE_RETAINED/14_M07_CURRENT_SOURCE_AND_SUPERSEDED_ARTIFACT_REGISTER_v1.1.md,1,981
/mnt/data/p1_v11_source_scan/src2/RUMAHAGEN_WF03_M07_CORE_IMPACT_ANALYSIS_CONTROLLED_v1.0_FULL_VERSION.zip,src2/__nested__/0092/01_QIR_BASELINE/00_M07_V1.1_BASELINE_RETAINED/11_M07_FULL_REBUILD_CONTROL_MATRIX_v1.0.xlsx,1,8588
/mnt/data/p1_v11_source_scan/src2/RUMAHAGEN_WF03_M07_CORE_IMPACT_ANALYSIS_CONTROLLED_v1.0_FULL_VERSION.zip,src2/__nested__/0092/01_QIR_BASELINE/00_M07_V1.1_BASELINE_RETAINED/06_M07_ACTOR_CONDITION_SCOPE_VISIBILITY_APPROVAL_v1.0.csv,1,879
/mnt/data/p1_v11_source_scan/src2/RUMAHAGEN_WF03_M07_CORE_IMPACT_ANALYSIS_CONTROLLED_v1.0_FULL_VERSION.zip,src2/__nested__/0092/01_QIR_BASELINE/00_M07_V1.1_BASELINE_RETAINED/13_M07_OUTPUT_MANIFEST_v1.1.csv,1,6562
/mnt/data/p1_v11_source_scan/src2/RUMAHAGEN_WF03_M07_CORE_IMPACT_ANALYSIS_CONTROLLED_v1.0_FULL_VERSION.zip,src2/__nested__/0092/01_QIR_BASELINE/01_CURRENT_QIR_SOURCE_EVIDENCE/RUMAHAGEN_WF-03.2_MASTER_PERMISSION_MATRIX_M01-M08_RECONCILED_v1.2.csv,1,27560
/mnt/data/p1_v11_source_scan/src2/RUMAHAGEN_WF03_M07_CORE_IMPACT_ANALYSIS_CONTROLLED_v1.0_FULL_VERSION.zip,src2/__nested__/0092/01_QIR_BASELINE/01_CURRENT_QIR_SOURCE_EVIDENCE/W4-02A.6.19_TECHNICAL_SPECIFICATION_CURRENT_TECHNICAL_IMPLEMENTATION_CONTRACT_v2.1.md,1,69175
/mnt/data/p1_v11_source_scan/src2/RUMAHAGEN_WF03_M07_CORE_IMPACT_ANALYSIS_CONTROLLED_v1.0_FULL_VERSION.zip,src2/__nested__/0092/01_QIR_BASELINE/01_CURRENT_QIR_SOURCE_EVIDENCE/W4-02A.6.17_RBAC_PERMISSION_RLS_CURRENT_AUTHORIZATION_BASELINE_FULL_CONSOLIDATED_v2.1.docx,1,53047
/mnt/data/p1_v11_source_scan/src2/RUMAHAGEN_WF03_M07_CORE_IMPACT_ANALYSIS_CONTROLLED_v1.0_FULL_VERSION.zip,src2/__nested__/0092/01_QIR_BASELINE/01_CURRENT_QIR_SOURCE_EVIDENCE/RUMAHAGEN_WF-03.2_M07_PERMISSION_MATRIX_RECONCILIATION_v1.0.docx,1,38786
/mnt/data/p1_v11_source_scan/src2/RUMAHAGEN_WF03_M07_CORE_IMPACT_ANALYSIS_CONTROLLED_v1.0_FULL_VERSION.zip,src2/__nested__/0092/01_QIR_BASELINE/01_CURRENT_QIR_SOURCE_EVIDENCE/W4-02A.6.15_DATABASE_SCHEMA_CURRENT_PHYSICAL_SCHEMA_REFERENCE_FULL_CONSOLIDATED_v2.7.docx,1,74525
/mnt/data/p1_v11_source_scan/src2/RUMAHAGEN_WF03_M07_CORE_IMPACT_ANALYSIS_CONTROLLED_v1.0_FULL_VERSION.zip,src2/__nested__/0092/01_QIR_BASELINE/00_M07_V1.1_BASELINE_RETAINED/00_CURRENT_SOURCE_PROVENANCE/M07_PERMISSION_RECONCILIATION_v1.0.docx,1,38786
/mnt/data/p1_v11_source_scan/src2/RUMAHAGEN_WF03_M07_CORE_IMPACT_ANALYSIS_CONTROLLED_v1.0_FULL_VERSION.zip,src2/__nested__/0092/01_QIR_BASELINE/00_M07_V1.1_BASELINE_RETAINED/00_CURRENT_SOURCE_PROVENANCE/CURRENT_PERMISSION_MASTER_v1.2.xlsx,1,23218
/mnt/data/p1_v11_source_scan/src2/RUMAHAGEN_WF03_M07_CORE_IMPACT_ANALYSIS_CONTROLLED_v1.0_FULL_VERSION.zip,src2/__nested__/0092/01_QIR_BASELINE/00_M07_V1.1_BASELINE_RETAINED/00_CURRENT_SOURCE_PROVENANCE/CURRENT_PERMISSION_MASTER_v1.2.csv,1,27560
/mnt/data/p1_v11_source_scan/src2/RUMAHAGEN_WF03_M07_CORE_IMPACT_ANALYSIS_CONTROLLED_v1.0_FULL_VERSION.zip,src2/__nested__/0092/01_QIR_BASELINE/00_M07_V1.1_BASELINE_RETAINED/00_CURRENT_SOURCE_PROVENANCE/M07_REBUILD_v1.0_SOURCE.zip,1,87977
/mnt/data/p1_v11_source_scan/src2/__nested__/0092/01_QIR_BASELINE/00_M07_V1.1_BASELINE_RETAINED/00_CURRENT_SOURCE_PROVENANCE/M07_REBUILD_v1.0_SOURCE.zip,src2/__nested__/0092/__nested__/0093/01_M07_QUESTION_INVENTORY_FULL_v1.0.csv,2,3387
/mnt/data/p1_v11_source_scan/src2/__nested__/0092/01_QIR_BASELINE/00_M07_V1.1_BASELINE_RETAINED/00_CURRENT_SOURCE_PROVENANCE/M07_REBUILD_v1.0_SOURCE.zip,src2/__nested__/0092/__nested__/0093/09_M07_CONFLICT_RECONCILIATION_REGISTER_v1.0.csv,2,1111
/mnt/data/p1_v11_source_scan/src2/__nested__/0092/01_QIR_BASELINE/00_M07_V1.1_BASELINE_RETAINED/00_CURRENT_SOURCE_PROVENANCE/M07_REBUILD_v1.0_SOURCE.zip,src2/__nested__/0092/__nested__/0093/13_M07_OUTPUT_MANIFEST_v1.0.csv,2,2266
/mnt/data/p1_v11_source_scan/src2/__nested__/0092/01_QIR_BASELINE/00_M07_V1.1_BASELINE_RETAINED/00_CURRENT_SOURCE_PROVENANCE/M07_REBUILD_v1.0_SOURCE.zip,src2/__nested__/0092/__nested__/0093/10_M07_FINAL_QA_AND_COMPLETION_GATE_v1.0.md,2,1653
/mnt/data/p1_v11_source_scan/src2/__nested__/0092/01_QIR_BASELINE/00_M07_V1.1_BASELINE_RETAINED/00_CURRENT_SOURCE_PROVENANCE/M07_REBUILD_v1.0_SOURCE.zip,src2/__nested__/0092/__nested__/0093/02_M07_QUESTION_ID_NUMBERING_AUDIT_v1.0.csv,2,449
/mnt/data/p1_v11_source_scan/src2/__nested__/0092/01_QIR_BASELINE/00_M07_V1.1_BASELINE_RETAINED/00_CURRENT_SOURCE_PROVENANCE/M07_REBUILD_v1.0_SOURCE.zip,src2/__nested__/0092/__nested__/0093/03_M07_SEMANTIC_DECISION_MATRIX_v1.0.csv,2,894
/mnt/data/p1_v11_source_scan/src2/__nested__/0092/01_QIR_BASELINE/00_M07_V1.1_BASELINE_RETAINED/00_CURRENT_SOURCE_PROVENANCE/M07_REBUILD_v1.0_SOURCE.zip,src2/__nested__/0092/__nested__/0093/00_M07_FULL_REBUILD_CONTROLLED_v1.0.md,2,1648
/mnt/data/p1_v11_source_scan/src2/__nested__/0092/01_QIR_BASELINE/00_M07_V1.1_BASELINE_RETAINED/00_CURRENT_SOURCE_PROVENANCE/M07_REBUILD_v1.0_SOURCE.zip,src2/__nested__/0092/__nested__/0093/07_M07_CROSS_MODULE_RECONCILIATION_v1.0.csv,2,896
/mnt/data/p1_v11_source_scan/src2/__nested__/0092/01_QIR_BASELINE/00_M07_V1.1_BASELINE_RETAINED/00_CURRENT_SOURCE_PROVENANCE/M07_REBUILD_v1.0_SOURCE.zip,src2/__nested__/0092/__nested__/0093/12_M07_PROVENANCE_MANIFEST_v1.0.csv,2,662
/mnt/data/p1_v11_source_scan/src2/__nested__/0092/01_QIR_BASELINE/00_M07_V1.1_BASELINE_RETAINED/00_CURRENT_SOURCE_PROVENANCE/M07_REBUILD_v1.0_SOURCE.zip,src2/__nested__/0092/__nested__/0093/04_M07_LIFECYCLE_STATE_TRANSITION_MATRIX_v1.0.csv,2,732
/mnt/data/p1_v11_source_scan/src2/__nested__/0092/01_QIR_BASELINE/00_M07_V1.1_BASELINE_RETAINED/00_CURRENT_SOURCE_PROVENANCE/M07_REBUILD_v1.0_SOURCE.zip,src2/__nested__/0092/__nested__/0093/08_M07_DOWNSTREAM_PHYSICAL_RUNTIME_REGISTER_v1.0.csv,2,552
/mnt/data/p1_v11_source_scan/src2/__nested__/0092/01_QIR_BASELINE/00_M07_V1.1_BASELINE_RETAINED/00_CURRENT_SOURCE_PROVENANCE/M07_REBUILD_v1.0_SOURCE.zip,src2/__nested__/0092/__nested__/0093/05_M07_SEMANTIC_PERMISSION_MATRIX_v1.0.csv,2,266
/mnt/data/p1_v11_source_scan/src2/__nested__/0092/01_QIR_BASELINE/00_M07_V1.1_BASELINE_RETAINED/00_CURRENT_SOURCE_PROVENANCE/M07_REBUILD_v1.0_SOURCE.zip,src2/__nested__/0092/__nested__/0093/11_M07_FULL_REBUILD_CONTROL_MATRIX_v1.0.xlsx,2,8588
/mnt/data/p1_v11_source_scan/src2/__nested__/0092/01_QIR_BASELINE/00_M07_V1.1_BASELINE_RETAINED/00_CURRENT_SOURCE_PROVENANCE/M07_REBUILD_v1.0_SOURCE.zip,src2/__nested__/0092/__nested__/0093/06_M07_ACTOR_CONDITION_SCOPE_VISIBILITY_APPROVAL_v1.0.csv,2,879
/mnt/data/p1_v11_source_scan/src2/__nested__/0092/01_QIR_BASELINE/00_M07_V1.1_BASELINE_RETAINED/00_CURRENT_SOURCE_PROVENANCE/M07_REBUILD_v1.0_SOURCE.zip,src2/__nested__/0092/__nested__/0093/00_SOURCE_PROVENANCE/RUMAHAGEN_WF-03.2_MASTER_PERMISSION_MATRIX_M01-M07_RECONCILED_v1.1.csv,2,26080
/mnt/data/p1_v11_source_scan/src2/__nested__/0092/01_QIR_BASELINE/00_M07_V1.1_BASELINE_RETAINED/00_CURRENT_SOURCE_PROVENANCE/M07_REBUILD_v1.0_SOURCE.zip,src2/__nested__/0092/__nested__/0093/00_SOURCE_PROVENANCE/WF03_MASTER_PROGRESS_M01-M15_v1.7_M06_COMPLETE(1).xlsx,2,32038
/mnt/data/p1_v11_source_scan/src2/__nested__/0092/01_QIR_BASELINE/00_M07_V1.1_BASELINE_RETAINED/00_CURRENT_SOURCE_PROVENANCE/M07_REBUILD_v1.0_SOURCE.zip,src2/__nested__/0092/__nested__/0093/00_SOURCE_PROVENANCE/M07_PHYSICAL_EXECUTION_SPEC_v2.1.md,2,8514
/mnt/data/p1_v11_source_scan/src2/__nested__/0092/01_QIR_BASELINE/00_M07_V1.1_BASELINE_RETAINED/00_CURRENT_SOURCE_PROVENANCE/M07_REBUILD_v1.0_SOURCE.zip,src2/__nested__/0092/__nested__/0093/00_SOURCE_PROVENANCE/RUMAHAGEN_WF-03.2_M07_PERMISSION_MATRIX_RECONCILIATION_v1.0.docx,2,38786
/mnt/data/p1_v11_source_scan/src2/__nested__/0092/01_QIR_BASELINE/00_M07_V1.1_BASELINE_RETAINED/00_CURRENT_SOURCE_PROVENANCE/M07_REBUILD_v1.0_SOURCE.zip,src2/__nested__/0092/__nested__/0093/00_SOURCE_PROVENANCE/W4-02A.6.27_FOCUSED_EXECUTION_PACK_M01-M07_v2.1.md,2,12149
/mnt/data/p1_v11_source_scan/src2/RUMAHAGEN_WF03_M07_CORE_IMPACT_ANALYSIS_CONTROLLED_v1.0_FULL_VERSION.zip,src2/__nested__/0092/01_QIR_BASELINE/00_M07_V1.1_BASELINE_RETAINED/00_V1.0_BASELINE_RETAINED/01_M07_QUESTION_INVENTORY_FULL_v1.0.csv,1,3387
/mnt/data/p1_v11_source_scan/src2/RUMAHAGEN_WF03_M07_CORE_IMPACT_ANALYSIS_CONTROLLED_v1.0_FULL_VERSION.zip,src2/__nested__/0092/01_QIR_BASELINE/00_M07_V1.1_BASELINE_RETAINED/00_V1.0_BASELINE_RETAINED/09_M07_CONFLICT_RECONCILIATION_REGISTER_v1.0.csv,1,1111
/mnt/data/p1_v11_source_scan/src2/RUMAHAGEN_WF03_M07_CORE_IMPACT_ANALYSIS_CONTROLLED_v1.0_FULL_VERSION.zip,src2/__nested__/0092/01_QIR_BASELINE/00_M07_V1.1_BASELINE_RETAINED/00_V1.0_BASELINE_RETAINED/13_M07_OUTPUT_MANIFEST_v1.0.csv,1,2266
/mnt/data/p1_v11_source_scan/src2/RUMAHAGEN_WF03_M07_CORE_IMPACT_ANALYSIS_CONTROLLED_v1.0_FULL_VERSION.zip,src2/__nested__/0092/01_QIR_BASELINE/00_M07_V1.1_BASELINE_RETAINED/00_V1.0_BASELINE_RETAINED/10_M07_FINAL_QA_AND_COMPLETION_GATE_v1.0.md,1,1653
/mnt/data/p1_v11_source_scan/src2/RUMAHAGEN_WF03_M07_CORE_IMPACT_ANALYSIS_CONTROLLED_v1.0_FULL_VERSION.zip,src2/__nested__/0092/01_QIR_BASELINE/00_M07_V1.1_BASELINE_RETAINED/00_V1.0_BASELINE_RETAINED/02_M07_QUESTION_ID_NUMBERING_AUDIT_v1.0.csv,1,449
/mnt/data/p1_v11_source_scan/src2/RUMAHAGEN_WF03_M07_CORE_IMPACT_ANALYSIS_CONTROLLED_v1.0_FULL_VERSION.zip,src2/__nested__/0092/01_QIR_BASELINE/00_M07_V1.1_BASELINE_RETAINED/00_V1.0_BASELINE_RETAINED/03_M07_SEMANTIC_DECISION_MATRIX_v1.0.csv,1,894
/mnt/data/p1_v11_source_scan/src2/RUMAHAGEN_WF03_M07_CORE_IMPACT_ANALYSIS_CONTROLLED_v1.0_FULL_VERSION.zip,src2/__nested__/0092/01_QIR_BASELINE/00_M07_V1.1_BASELINE_RETAINED/00_V1.0_BASELINE_RETAINED/00_M07_FULL_REBUILD_CONTROLLED_v1.0.md,1,1648
/mnt/data/p1_v11_source_scan/src2/RUMAHAGEN_WF03_M07_CORE_IMPACT_ANALYSIS_CONTROLLED_v1.0_FULL_VERSION.zip,src2/__nested__/0092/01_QIR_BASELINE/00_M07_V1.1_BASELINE_RETAINED/00_V1.0_BASELINE_RETAINED/07_M07_CROSS_MODULE_RECONCILIATION_v1.0.csv,1,896
/mnt/data/p1_v11_source_scan/src2/RUMAHAGEN_WF03_M07_CORE_IMPACT_ANALYSIS_CONTROLLED_v1.0_FULL_VERSION.zip,src2/__nested__/0092/01_QIR_BASELINE/00_M07_V1.1_BASELINE_RETAINED/00_V1.0_BASELINE_RETAINED/12_M07_PROVENANCE_MANIFEST_v1.0.csv,1,662
/mnt/data/p1_v11_source_scan/src2/RUMAHAGEN_WF03_M07_CORE_IMPACT_ANALYSIS_CONTROLLED_v1.0_FULL_VERSION.zip,src2/__nested__/0092/01_QIR_BASELINE/00_M07_V1.1_BASELINE_RETAINED/00_V1.0_BASELINE_RETAINED/04_M07_LIFECYCLE_STATE_TRANSITION_MATRIX_v1.0.csv,1,732
/mnt/data/p1_v11_source_scan/src2/RUMAHAGEN_WF03_M07_CORE_IMPACT_ANALYSIS_CONTROLLED_v1.0_FULL_VERSION.zip,src2/__nested__/0092/01_QIR_BASELINE/00_M07_V1.1_BASELINE_RETAINED/00_V1.0_BASELINE_RETAINED/08_M07_DOWNSTREAM_PHYSICAL_RUNTIME_REGISTER_v1.0.csv,1,552
/mnt/data/p1_v11_source_scan/src2/RUMAHAGEN_WF03_M07_CORE_IMPACT_ANALYSIS_CONTROLLED_v1.0_FULL_VERSION.zip,src2/__nested__/0092/01_QIR_BASELINE/00_M07_V1.1_BASELINE_RETAINED/00_V1.0_BASELINE_RETAINED/05_M07_SEMANTIC_PERMISSION_MATRIX_v1.0.csv,1,266
/mnt/data/p1_v11_source_scan/src2/RUMAHAGEN_WF03_M07_CORE_IMPACT_ANALYSIS_CONTROLLED_v1.0_FULL_VERSION.zip,src2/__nested__/0092/01_QIR_BASELINE/00_M07_V1.1_BASELINE_RETAINED/00_V1.0_BASELINE_RETAINED/11_M07_FULL_REBUILD_CONTROL_MATRIX_v1.0.xlsx,1,8588
/mnt/data/p1_v11_source_scan/src2/RUMAHAGEN_WF03_M07_CORE_IMPACT_ANALYSIS_CONTROLLED_v1.0_FULL_VERSION.zip,src2/__nested__/0092/01_QIR_BASELINE/00_M07_V1.1_BASELINE_RETAINED/00_V1.0_BASELINE_RETAINED/06_M07_ACTOR_CONDITION_SCOPE_VISIBILITY_APPROVAL_v1.0.csv,1,879
/mnt/data/p1_v11_source_scan/src2/RUMAHAGEN_WF03_M07_CORE_IMPACT_ANALYSIS_CONTROLLED_v1.0_FULL_VERSION.zip,src2/__nested__/0092/01_QIR_BASELINE/00_M07_V1.1_BASELINE_RETAINED/00_V1.0_BASELINE_RETAINED/00_SOURCE_PROVENANCE/RUMAHAGEN_WF-03.2_MASTER_PERMISSION_MATRIX_M01-M07_RECONCILED_v1.1.csv,1,26080
/mnt/data/p1_v11_source_scan/src2/RUMAHAGEN_WF03_M07_CORE_IMPACT_ANALYSIS_CONTROLLED_v1.0_FULL_VERSION.zip,src2/__nested__/0092/01_QIR_BASELINE/00_M07_V1.1_BASELINE_RETAINED/00_V1.0_BASELINE_RETAINED/00_SOURCE_PROVENANCE/WF03_MASTER_PROGRESS_M01-M15_v1.7_M06_COMPLETE(1).xlsx,1,32038
/mnt/data/p1_v11_source_scan/src2/RUMAHAGEN_WF03_M07_CORE_IMPACT_ANALYSIS_CONTROLLED_v1.0_FULL_VERSION.zip,src2/__nested__/0092/01_QIR_BASELINE/00_M07_V1.1_BASELINE_RETAINED/00_V1.0_BASELINE_RETAINED/00_SOURCE_PROVENANCE/M07_PHYSICAL_EXECUTION_SPEC_v2.1.md,1,8514
/mnt/data/p1_v11_source_scan/src2/RUMAHAGEN_WF03_M07_CORE_IMPACT_ANALYSIS_CONTROLLED_v1.0_FULL_VERSION.zip,src2/__nested__/0092/01_QIR_BASELINE/00_M07_V1.1_BASELINE_RETAINED/00_V1.0_BASELINE_RETAINED/00_SOURCE_PROVENANCE/RUMAHAGEN_WF-03.2_M07_PERMISSION_MATRIX_RECONCILIATION_v1.0.docx,1,38786
/mnt/data/p1_v11_source_scan/src2/RUMAHAGEN_WF03_M07_CORE_IMPACT_ANALYSIS_CONTROLLED_v1.0_FULL_VERSION.zip,src2/__nested__/0092/01_QIR_BASELINE/00_M07_V1.1_BASELINE_RETAINED/00_V1.0_BASELINE_RETAINED/00_SOURCE_PROVENANCE/W4-02A.6.27_FOCUSED_EXECUTION_PACK_M01-M07_v2.1.md,1,12149
/mnt/data/p1_v11_source_scan/src2/RUMAHAGEN_WF03_M07_CORE_IMPACT_ANALYSIS_CONTROLLED_v1.0_FULL_VERSION.zip,src2/__nested__/0092/02_REBUILD_BASELINE/00_CURRENT_SOURCE_PROVENANCE/M07_PERMISSION_RECONCILIATION_v1.0.docx,1,38786
/mnt/data/p1_v11_source_scan/src2/RUMAHAGEN_WF03_M07_CORE_IMPACT_ANALYSIS_CONTROLLED_v1.0_FULL_VERSION.zip,src2/__nested__/0092/02_REBUILD_BASELINE/00_CURRENT_SOURCE_PROVENANCE/CURRENT_PERMISSION_MASTER_v1.2.xlsx,1,23218
/mnt/data/p1_v11_source_scan/src2/RUMAHAGEN_WF03_M07_CORE_IMPACT_ANALYSIS_CONTROLLED_v1.0_FULL_VERSION.zip,src2/__nested__/0092/02_REBUILD_BASELINE/00_CURRENT_SOURCE_PROVENANCE/CURRENT_PERMISSION_MASTER_v1.2.csv,1,27560
/mnt/data/p1_v11_source_scan/src2/RUMAHAGEN_WF03_M07_CORE_IMPACT_ANALYSIS_CONTROLLED_v1.0_FULL_VERSION.zip,src2/__nested__/0092/02_REBUILD_BASELINE/00_CURRENT_SOURCE_PROVENANCE/M07_REBUILD_v1.0_SOURCE.zip,1,87977
/mnt/data/p1_v11_source_scan/src2/__nested__/0092/02_REBUILD_BASELINE/00_CURRENT_SOURCE_PROVENANCE/M07_REBUILD_v1.0_SOURCE.zip,src2/__nested__/0092/__nested__/0094/01_M07_QUESTION_INVENTORY_FULL_v1.0.csv,2,3387
/mnt/data/p1_v11_source_scan/src2/__nested__/0092/02_REBUILD_BASELINE/00_CURRENT_SOURCE_PROVENANCE/M07_REBUILD_v1.0_SOURCE.zip,src2/__nested__/0092/__nested__/0094/09_M07_CONFLICT_RECONCILIATION_REGISTER_v1.0.csv,2,1111
/mnt/data/p1_v11_source_scan/src2/__nested__/0092/02_REBUILD_BASELINE/00_CURRENT_SOURCE_PROVENANCE/M07_REBUILD_v1.0_SOURCE.zip,src2/__nested__/0092/__nested__/0094/13_M07_OUTPUT_MANIFEST_v1.0.csv,2,2266
/mnt/data/p1_v11_source_scan/src2/__nested__/0092/02_REBUILD_BASELINE/00_CURRENT_SOURCE_PROVENANCE/M07_REBUILD_v1.0_SOURCE.zip,src2/__nested__/0092/__nested__/0094/10_M07_FINAL_QA_AND_COMPLETION_GATE_v1.0.md,2,1653
/mnt/data/p1_v11_source_scan/src2/__nested__/0092/02_REBUILD_BASELINE/00_CURRENT_SOURCE_PROVENANCE/M07_REBUILD_v1.0_SOURCE.zip,src2/__nested__/0092/__nested__/0094/02_M07_QUESTION_ID_NUMBERING_AUDIT_v1.0.csv,2,449
/mnt/data/p1_v11_source_scan/src2/__nested__/0092/02_REBUILD_BASELINE/00_CURRENT_SOURCE_PROVENANCE/M07_REBUILD_v1.0_SOURCE.zip,src2/__nested__/0092/__nested__/0094/03_M07_SEMANTIC_DECISION_MATRIX_v1.0.csv,2,894
/mnt/data/p1_v11_source_scan/src2/__nested__/0092/02_REBUILD_BASELINE/00_CURRENT_SOURCE_PROVENANCE/M07_REBUILD_v1.0_SOURCE.zip,src2/__nested__/0092/__nested__/0094/00_M07_FULL_REBUILD_CONTROLLED_v1.0.md,2,1648
/mnt/data/p1_v11_source_scan/src2/__nested__/0092/02_REBUILD_BASELINE/00_CURRENT_SOURCE_PROVENANCE/M07_REBUILD_v1.0_SOURCE.zip,src2/__nested__/0092/__nested__/0094/07_M07_CROSS_MODULE_RECONCILIATION_v1.0.csv,2,896
/mnt/data/p1_v11_source_scan/src2/__nested__/0092/02_REBUILD_BASELINE/00_CURRENT_SOURCE_PROVENANCE/M07_REBUILD_v1.0_SOURCE.zip,src2/__nested__/0092/__nested__/0094/12_M07_PROVENANCE_MANIFEST_v1.0.csv,2,662
/mnt/data/p1_v11_source_scan/src2/__nested__/0092/02_REBUILD_BASELINE/00_CURRENT_SOURCE_PROVENANCE/M07_REBUILD_v1.0_SOURCE.zip,src2/__nested__/0092/__nested__/0094/04_M07_LIFECYCLE_STATE_TRANSITION_MATRIX_v1.0.csv,2,732
/mnt/data/p1_v11_source_scan/src2/__nested__/0092/02_REBUILD_BASELINE/00_CURRENT_SOURCE_PROVENANCE/M07_REBUILD_v1.0_SOURCE.zip,src2/__nested__/0092/__nested__/0094/08_M07_DOWNSTREAM_PHYSICAL_RUNTIME_REGISTER_v1.0.csv,2,552
/mnt/data/p1_v11_source_scan/src2/__nested__/0092/02_REBUILD_BASELINE/00_CURRENT_SOURCE_PROVENANCE/M07_REBUILD_v1.0_SOURCE.zip,src2/__nested__/0092/__nested__/0094/05_M07_SEMANTIC_PERMISSION_MATRIX_v1.0.csv,2,266
/mnt/data/p1_v11_source_scan/src2/__nested__/0092/02_REBUILD_BASELINE/00_CURRENT_SOURCE_PROVENANCE/M07_REBUILD_v1.0_SOURCE.zip,src2/__nested__/0092/__nested__/0094/11_M07_FULL_REBUILD_CONTROL_MATRIX_v1.0.xlsx,2,8588
/mnt/data/p1_v11_source_scan/src2/__nested__/0092/02_REBUILD_BASELINE/00_CURRENT_SOURCE_PROVENANCE/M07_REBUILD_v1.0_SOURCE.zip,src2/__nested__/0092/__nested__/0094/06_M07_ACTOR_CONDITION_SCOPE_VISIBILITY_APPROVAL_v1.0.csv,2,879
/mnt/data/p1_v11_source_scan/src2/__nested__/0092/02_REBUILD_BASELINE/00_CURRENT_SOURCE_PROVENANCE/M07_REBUILD_v1.0_SOURCE.zip,src2/__nested__/0092/__nested__/0094/00_SOURCE_PROVENANCE/RUMAHAGEN_WF-03.2_MASTER_PERMISSION_MATRIX_M01-M07_RECONCILED_v1.1.csv,2,26080
/mnt/data/p1_v11_source_scan/src2/__nested__/0092/02_REBUILD_BASELINE/00_CURRENT_SOURCE_PROVENANCE/M07_REBUILD_v1.0_SOURCE.zip,src2/__nested__/0092/__nested__/0094/00_SOURCE_PROVENANCE/WF03_MASTER_PROGRESS_M01-M15_v1.7_M06_COMPLETE(1).xlsx,2,32038
/mnt/data/p1_v11_source_scan/src2/__nested__/0092/02_REBUILD_BASELINE/00_CURRENT_SOURCE_PROVENANCE/M07_REBUILD_v1.0_SOURCE.zip,src2/__nested__/0092/__nested__/0094/00_SOURCE_PROVENANCE/M07_PHYSICAL_EXECUTION_SPEC_v2.1.md,2,8514
/mnt/data/p1_v11_source_scan/src2/__nested__/0092/02_REBUILD_BASELINE/00_CURRENT_SOURCE_PROVENANCE/M07_REBUILD_v1.0_SOURCE.zip,src2/__nested__/0092/__nested__/0094/00_SOURCE_PROVENANCE/RUMAHAGEN_WF-03.2_M07_PERMISSION_MATRIX_RECONCILIATION_v1.0.docx,2,38786
/mnt/data/p1_v11_source_scan/src2/__nested__/0092/02_REBUILD_BASELINE/00_CURRENT_SOURCE_PROVENANCE/M07_REBUILD_v1.0_SOURCE.zip,src2/__nested__/0092/__nested__/0094/00_SOURCE_PROVENANCE/W4-02A.6.27_FOCUSED_EXECUTION_PACK_M01-M07_v2.1.md,2,12149
/mnt/data/p1_v11_source_scan/src2/RUMAHAGEN_WF03_M07_CORE_IMPACT_ANALYSIS_CONTROLLED_v1.0_FULL_VERSION.zip,src2/__nested__/0092/02_REBUILD_BASELINE/00_V1.0_BASELINE_RETAINED/01_M07_QUESTION_INVENTORY_FULL_v1.0.csv,1,3387
/mnt/data/p1_v11_source_scan/src2/RUMAHAGEN_WF03_M07_CORE_IMPACT_ANALYSIS_CONTROLLED_v1.0_FULL_VERSION.zip,src2/__nested__/0092/02_REBUILD_BASELINE/00_V1.0_BASELINE_RETAINED/09_M07_CONFLICT_RECONCILIATION_REGISTER_v1.0.csv,1,1111
/mnt/data/p1_v11_source_scan/src2/RUMAHAGEN_WF03_M07_CORE_IMPACT_ANALYSIS_CONTROLLED_v1.0_FULL_VERSION.zip,src2/__nested__/0092/02_REBUILD_BASELINE/00_V1.0_BASELINE_RETAINED/13_M07_OUTPUT_MANIFEST_v1.0.csv,1,2266
/mnt/data/p1_v11_source_scan/src2/RUMAHAGEN_WF03_M07_CORE_IMPACT_ANALYSIS_CONTROLLED_v1.0_FULL_VERSION.zip,src2/__nested__/0092/02_REBUILD_BASELINE/00_V1.0_BASELINE_RETAINED/10_M07_FINAL_QA_AND_COMPLETION_GATE_v1.0.md,1,1653
/mnt/data/p1_v11_source_scan/src2/RUMAHAGEN_WF03_M07_CORE_IMPACT_ANALYSIS_CONTROLLED_v1.0_FULL_VERSION.zip,src2/__nested__/0092/02_REBUILD_BASELINE/00_V1.0_BASELINE_RETAINED/02_M07_QUESTION_ID_NUMBERING_AUDIT_v1.0.csv,1,449
/mnt/data/p1_v11_source_scan/src2/RUMAHAGEN_WF03_M07_CORE_IMPACT_ANALYSIS_CONTROLLED_v1.0_FULL_VERSION.zip,src2/__nested__/0092/02_REBUILD_BASELINE/00_V1.0_BASELINE_RETAINED/03_M07_SEMANTIC_DECISION_MATRIX_v1.0.csv,1,894
/mnt/data/p1_v11_source_scan/src2/RUMAHAGEN_WF03_M07_CORE_IMPACT_ANALYSIS_CONTROLLED_v1.0_FULL_VERSION.zip,src2/__nested__/0092/02_REBUILD_BASELINE/00_V1.0_BASELINE_RETAINED/00_M07_FULL_REBUILD_CONTROLLED_v1.0.md,1,1648
/mnt/data/p1_v11_source_scan/src2/RUMAHAGEN_WF03_M07_CORE_IMPACT_ANALYSIS_CONTROLLED_v1.0_FULL_VERSION.zip,src2/__nested__/0092/02_REBUILD_BASELINE/00_V1.0_BASELINE_RETAINED/07_M07_CROSS_MODULE_RECONCILIATION_v1.0.csv,1,896
/mnt/data/p1_v11_source_scan/src2/RUMAHAGEN_WF03_M07_CORE_IMPACT_ANALYSIS_CONTROLLED_v1.0_FULL_VERSION.zip,src2/__nested__/0092/02_REBUILD_BASELINE/00_V1.0_BASELINE_RETAINED/12_M07_PROVENANCE_MANIFEST_v1.0.csv,1,662
/mnt/data/p1_v11_source_scan/src2/RUMAHAGEN_WF03_M07_CORE_IMPACT_ANALYSIS_CONTROLLED_v1.0_FULL_VERSION.zip,src2/__nested__/0092/02_REBUILD_BASELINE/00_V1.0_BASELINE_RETAINED/04_M07_LIFECYCLE_STATE_TRANSITION_MATRIX_v1.0.csv,1,732
/mnt/data/p1_v11_source_scan/src2/RUMAHAGEN_WF03_M07_CORE_IMPACT_ANALYSIS_CONTROLLED_v1.0_FULL_VERSION.zip,src2/__nested__/0092/02_REBUILD_BASELINE/00_V1.0_BASELINE_RETAINED/08_M07_DOWNSTREAM_PHYSICAL_RUNTIME_REGISTER_v1.0.csv,1,552
/mnt/data/p1_v11_source_scan/src2/RUMAHAGEN_WF03_M07_CORE_IMPACT_ANALYSIS_CONTROLLED_v1.0_FULL_VERSION.zip,src2/__nested__/0092/02_REBUILD_BASELINE/00_V1.0_BASELINE_RETAINED/05_M07_SEMANTIC_PERMISSION_MATRIX_v1.0.csv,1,266
/mnt/data/p1_v11_source_scan/src2/RUMAHAGEN_WF03_M07_CORE_IMPACT_ANALYSIS_CONTROLLED_v1.0_FULL_VERSION.zip,src2/__nested__/0092/02_REBUILD_BASELINE/00_V1.0_BASELINE_RETAINED/11_M07_FULL_REBUILD_CONTROL_MATRIX_v1.0.xlsx,1,8588
/mnt/data/p1_v11_source_scan/src2/RUMAHAGEN_WF03_M07_CORE_IMPACT_ANALYSIS_CONTROLLED_v1.0_FULL_VERSION.zip,src2/__nested__/0092/02_REBUILD_BASELINE/00_V1.0_BASELINE_RETAINED/06_M07_ACTOR_CONDITION_SCOPE_VISIBILITY_APPROVAL_v1.0.csv,1,879
/mnt/data/p1_v11_source_scan/src2/RUMAHAGEN_WF03_M07_CORE_IMPACT_ANALYSIS_CONTROLLED_v1.0_FULL_VERSION.zip,src2/__nested__/0092/02_REBUILD_BASELINE/00_V1.0_BASELINE_RETAINED/00_SOURCE_PROVENANCE/RUMAHAGEN_WF-03.2_MASTER_PERMISSION_MATRIX_M01-M07_RECONCILED_v1.1.csv,1,26080
/mnt/data/p1_v11_source_scan/src2/RUMAHAGEN_WF03_M07_CORE_IMPACT_ANALYSIS_CONTROLLED_v1.0_FULL_VERSION.zip,src2/__nested__/0092/02_REBUILD_BASELINE/00_V1.0_BASELINE_RETAINED/00_SOURCE_PROVENANCE/WF03_MASTER_PROGRESS_M01-M15_v1.7_M06_COMPLETE(1).xlsx,1,32038
/mnt/data/p1_v11_source_scan/src2/RUMAHAGEN_WF03_M07_CORE_IMPACT_ANALYSIS_CONTROLLED_v1.0_FULL_VERSION.zip,src2/__nested__/0092/02_REBUILD_BASELINE/00_V1.0_BASELINE_RETAINED/00_SOURCE_PROVENANCE/M07_PHYSICAL_EXECUTION_SPEC_v2.1.md,1,8514
/mnt/data/p1_v11_source_scan/src2/RUMAHAGEN_WF03_M07_CORE_IMPACT_ANALYSIS_CONTROLLED_v1.0_FULL_VERSION.zip,src2/__nested__/0092/02_REBUILD_BASELINE/00_V1.0_BASELINE_RETAINED/00_SOURCE_PROVENANCE/RUMAHAGEN_WF-03.2_M07_PERMISSION_MATRIX_RECONCILIATION_v1.0.docx,1,38786
/mnt/data/p1_v11_source_scan/src2/RUMAHAGEN_WF03_M07_CORE_IMPACT_ANALYSIS_CONTROLLED_v1.0_FULL_VERSION.zip,src2/__nested__/0092/02_REBUILD_BASELINE/00_V1.0_BASELINE_RETAINED/00_SOURCE_PROVENANCE/W4-02A.6.27_FOCUSED_EXECUTION_PACK_M01-M07_v2.1.md,1,12149
/mnt/data/p1_v11_source_scan/src2/RUMAHAGEN_WF03_M07_CORE_IMPACT_ANALYSIS_CONTROLLED_v1.0_FULL_VERSION.zip,src2/__nested__/0092/03_CORE_M07_EVIDENCE_RETAINED/RUMAHAGEN_WIREFRAME_CORE_FINAL_SOURCE_PACK_v1.2/27_AI_BLUEPRINT/W4-02A.6.31_AI_DEVELOPMENT_BLUEPRINT_v2.1.md,1,29348
/mnt/data/p1_v11_source_scan/src2/RUMAHAGEN_WF03_M07_CORE_IMPACT_ANALYSIS_CONTROLLED_v1.0_FULL_VERSION.zip,src2/__nested__/0092/03_CORE_M07_EVIDENCE_RETAINED/RUMAHAGEN_WIREFRAME_CORE_FINAL_SOURCE_PACK_v1.2/22_EXECUTION_BATCH/W4-02A.6.26_MODULE_EXECUTION_DEPENDENCY_BATCH_PLAN_v2.1.md,1,40666
/mnt/data/p1_v11_source_scan/src2/RUMAHAGEN_WF03_M07_CORE_IMPACT_ANALYSIS_CONTROLLED_v1.0_FULL_VERSION.zip,src2/__nested__/0092/03_CORE_M07_EVIDENCE_RETAINED/RUMAHAGEN_WIREFRAME_CORE_FINAL_SOURCE_PACK_v1.2/23_M01_M07/W4-02A.6.27_FOCUSED_EXECUTION_PACK_M01-M07_v2.1.md,1,12149
/mnt/data/p1_v11_source_scan/src2/RUMAHAGEN_WF03_M07_CORE_IMPACT_ANALYSIS_CONTROLLED_v1.0_FULL_VERSION.zip,src2/__nested__/0092/03_CORE_M07_EVIDENCE_RETAINED/RUMAHAGEN_WIREFRAME_CORE_FINAL_SOURCE_PACK_v1.2/09_ERD/W4-02A.6.13_ERD_CURRENT_LOGICAL_DATA_MODEL_FULL_CONSOLIDATED_v2.1.docx,1,62303
/mnt/data/p1_v11_source_scan/src2/RUMAHAGEN_WF03_M07_CORE_IMPACT_ANALYSIS_CONTROLLED_v1.0_FULL_VERSION.zip,src2/__nested__/0092/03_CORE_M07_EVIDENCE_RETAINED/RUMAHAGEN_WIREFRAME_CORE_FINAL_SOURCE_PACK_v1.2/19_IMPLEMENTATION_STRATEGY/W4-02A.6.23_MODULE_IMPLEMENTATION_STRATEGY_INTEGRATED_IMPLEMENTATION_SEQUENCING_v2.1.md,1,56613
/mnt/data/p1_v11_source_scan/src2/RUMAHAGEN_WF03_M07_CORE_IMPACT_ANALYSIS_CONTROLLED_v1.0_FULL_VERSION.zip,src2/__nested__/0092/03_CORE_M07_EVIDENCE_RETAINED/RUMAHAGEN_WIREFRAME_CORE_FINAL_SOURCE_PACK_v1.2/26_ENGINEERING_ALIGNMENT/W4-02A.6.30_ENGINEERING_ALIGNMENT_GUIDEBOOK_PLAYBOOK_v2.1.md,1,31681
/mnt/data/p1_v11_source_scan/src2/RUMAHAGEN_WF03_M07_CORE_IMPACT_ANALYSIS_CONTROLLED_v1.0_FULL_VERSION.zip,src2/__nested__/0092/03_CORE_M07_EVIDENCE_RETAINED/RUMAHAGEN_WIREFRAME_CORE_FINAL_SOURCE_PACK_v1.2/17_SEO_ANALYTICS/W4-02A.6.21_SEO_ANALYTICS_SPECIFICATION_DISCOVERY_MEASUREMENT_BASELINE_v2.1.md,1,68505
/mnt/data/p1_v11_source_scan/src2/RUMAHAGEN_WF03_M07_CORE_IMPACT_ANALYSIS_CONTROLLED_v1.0_FULL_VERSION.zip,src2/__nested__/0092/03_CORE_M07_EVIDENCE_RETAINED/RUMAHAGEN_WIREFRAME_CORE_FINAL_SOURCE_PACK_v1.2/12_API/W4-02A.6.16_API_SPECIFICATION_CURRENT_API_CONTRACT_BASELINE_FULL_CONSOLIDATED_v2.1.docx,1,65180
/mnt/data/p1_v11_source_scan/src2/RUMAHAGEN_WF03_M07_CORE_IMPACT_ANALYSIS_CONTROLLED_v1.0_FULL_VERSION.zip,src2/__nested__/0092/03_CORE_M07_EVIDENCE_RETAINED/RUMAHAGEN_WIREFRAME_CORE_FINAL_SOURCE_PACK_v1.2/11_DATABASE_SCHEMA/W4-02A.6.15_DATABASE_SCHEMA_CURRENT_PHYSICAL_SCHEMA_REFERENCE_FULL_CONSOLIDATED_v2.7.docx,1,74525
/mnt/data/p1_v11_source_scan/src2/RUMAHAGEN_WF03_M07_CORE_IMPACT_ANALYSIS_CONTROLLED_v1.0_FULL_VERSION.zip,src2/__nested__/0092/03_CORE_M07_EVIDENCE_RETAINED/RUMAHAGEN_WIREFRAME_CORE_FINAL_SOURCE_PACK_v1.2/21_EXECUTION_SPECIFICATION/W4-02A.6.25_MODULE_EXECUTION_SPECIFICATION_ARCHITECTURE_v2.1.md,1,46464
/mnt/data/p1_v11_source_scan/src2/RUMAHAGEN_WF03_M07_CORE_IMPACT_ANALYSIS_CONTROLLED_v1.0_FULL_VERSION.zip,src2/__nested__/0092/03_CORE_M07_EVIDENCE_RETAINED/RUMAHAGEN_WIREFRAME_CORE_FINAL_SOURCE_PACK_v1.2/28_AI_CONTEXT/W4-02A.6.32_AI_CONTEXT_PACK_v2.1.md,1,19773
/mnt/data/p1_v11_source_scan/src2/RUMAHAGEN_WF03_M07_CORE_IMPACT_ANALYSIS_CONTROLLED_v1.0_FULL_VERSION.zip,src2/__nested__/0092/03_CORE_M07_EVIDENCE_RETAINED/RUMAHAGEN_WIREFRAME_CORE_FINAL_SOURCE_PACK_v1.2/10_DATABASE_DICTIONARY/W4-02A.6.14_DATABASE_DICTIONARY_CURRENT_LOGICAL_TO_PHYSICAL_DATA_MEANING_FULL_CONSOLIDATED_v2.2.docx,1,78665
/mnt/data/p1_v11_source_scan/src2/RUMAHAGEN_WF03_M07_CORE_IMPACT_ANALYSIS_CONTROLLED_v1.0_FULL_VERSION.zip,src2/__nested__/0092/03_CORE_M07_EVIDENCE_RETAINED/RUMAHAGEN_WIREFRAME_CORE_FINAL_SOURCE_PACK_v1.2/18_MODULE_DEPENDENCY/W4-02A.6.22_MODULE_DEPENDENCY_MATRIX_CROSS_MODULE_DEPENDENCY_CONTRACT_v2.1.md,1,49622
/mnt/data/p1_v11_source_scan/src2/RUMAHAGEN_WF03_M07_CORE_IMPACT_ANALYSIS_CONTROLLED_v1.0_FULL_VERSION.zip,src2/__nested__/0092/03_CORE_M07_EVIDENCE_RETAINED/RUMAHAGEN_WIREFRAME_CORE_FINAL_SOURCE_PACK_v1.2/08_USER_FLOW/W4-02A.6.12_USER_FLOW_CURRENT_CROSS_DOMAIN_INTERACTION_FLOW_FULL_CONSOLIDATED_v2.1.docx,1,51562
/mnt/data/p1_v11_source_scan/src2/RUMAHAGEN_WF03_M07_CORE_IMPACT_ANALYSIS_CONTROLLED_v1.0_FULL_VERSION.zip,src2/__nested__/0092/03_CORE_M07_EVIDENCE_RETAINED/RUMAHAGEN_WIREFRAME_CORE_FINAL_SOURCE_PACK_v1.2/04_ARCHITECTURE/W4-02A.6.5_SYSTEM_ARCHITECTURE_FULL_CONSOLIDATED_v1.8.docx,1,93386
/mnt/data/p1_v11_source_scan/src2/RUMAHAGEN_WF03_M07_CORE_IMPACT_ANALYSIS_CONTROLLED_v1.0_FULL_VERSION.zip,src2/__nested__/0092/03_CORE_M07_EVIDENCE_RETAINED/RUMAHAGEN_WIREFRAME_CORE_FINAL_SOURCE_PACK_v1.2/16_UI_UX/W4-02A.6.20_UI_UX_SPECIFICATION_CURRENT_INTERFACE_BEHAVIOR_CONTRACT_v2.1.md,1,62858
/mnt/data/p1_v11_source_scan/src2/RUMAHAGEN_WF03_M07_CORE_IMPACT_ANALYSIS_CONTROLLED_v1.0_FULL_VERSION.zip,src2/__nested__/0092/03_CORE_M07_EVIDENCE_RETAINED/RUMAHAGEN_WIREFRAME_CORE_FINAL_SOURCE_PACK_v1.2/20_MODULE_PLANNING/W4-02A.6.24_REVISED_MODULE_PLANNING_CURRENT_MODULE_DELIVERY_PLANNING_v2.1.md,1,55040
/mnt/data/p1_v11_source_scan/src2/RUMAHAGEN_WF03_M07_CORE_IMPACT_ANALYSIS_CONTROLLED_v1.0_FULL_VERSION.zip,src2/__nested__/0092/03_CORE_M07_EVIDENCE_RETAINED/RUMAHAGEN_WIREFRAME_CORE_FINAL_SOURCE_PACK_v1.2/15_TECHNICAL/W4-02A.6.19_TECHNICAL_SPECIFICATION_CURRENT_TECHNICAL_IMPLEMENTATION_CONTRACT_v2.1.md,1,69175
/mnt/data/p1_v11_source_scan/src2/RUMAHAGEN_WF03_M07_CORE_IMPACT_ANALYSIS_CONTROLLED_v1.0_FULL_VERSION.zip,src2/__nested__/0092/03_CORE_M07_EVIDENCE_RETAINED/RUMAHAGEN_WIREFRAME_CORE_FINAL_SOURCE_PACK_v1.2/25_EXECUTION_AUDIT/W4-02A.6.29_EXECUTION_PACK_AUDIT_RECONCILIATION_v2.1.md,1,18012
/mnt/data/p1_v11_source_scan/src2/RUMAHAGEN_WF03_M07_CORE_IMPACT_ANALYSIS_CONTROLLED_v1.0_FULL_VERSION.zip,src2/__nested__/0092/03_CORE_M07_EVIDENCE_RETAINED/RUMAHAGEN_WIREFRAME_CORE_FINAL_SOURCE_PACK_v1.2/13_RBAC_RLS/W4-02A.6.17_RBAC_PERMISSION_RLS_CURRENT_AUTHORIZATION_BASELINE_FULL_CONSOLIDATED_v2.1.docx,1,53047
/mnt/data/p1_v11_source_scan/src2/RUMAHAGEN_WF03_M07_CORE_IMPACT_ANALYSIS_CONTROLLED_v1.0_FULL_VERSION.zip,src2/__nested__/0092/03_CORE_M07_EVIDENCE_RETAINED/RUMAHAGEN_WIREFRAME_CORE_FINAL_SOURCE_PACK_v1.2/30_RECONCILIATION_EVIDENCE/W4-02A.5_CROSS_DOMAIN_CONFLICT_RESIDUAL_AUDIT_FULL_CONSOLIDATED_v1.0.docx,1,42652
/mnt/data/p1_v11_source_scan/src2/RUMAHAGEN_WF03_M07_CORE_IMPACT_ANALYSIS_CONTROLLED_v1.0_FULL_VERSION.zip,src2/__nested__/0092/03_CORE_M07_EVIDENCE_RETAINED/RUMAHAGEN_WIREFRAME_CORE_FINAL_SOURCE_PACK_v1.2/29_FINAL_CONTROL/W4-02A.6.37_FINAL_CROSS_DOCUMENT_RECONCILIATION_v1.0.docx,1,56438
/mnt/data/p1_v11_source_scan/src2/RUMAHAGEN_WF03_M07_CORE_IMPACT_ANALYSIS_CONTROLLED_v1.0_FULL_VERSION.zip,src2/__nested__/0092/03_CORE_M07_EVIDENCE_RETAINED/RUMAHAGEN_WIREFRAME_CORE_FINAL_SOURCE_PACK_v1.2/29_FINAL_CONTROL/W4-02A.6.33_DECISION_LOG_FINAL_v2.1.md,1,18845
/mnt/data/p1_v11_source_scan/src2/RUMAHAGEN_WF03_M07_CORE_IMPACT_ANALYSIS_CONTROLLED_v1.0_FULL_VERSION.zip,src2/__nested__/0092/03_CORE_M07_EVIDENCE_RETAINED/RUMAHAGEN_WIREFRAME_CORE_FINAL_SOURCE_PACK_v1.2/14_FUNCTIONAL/W4-02A.6.18_FUNCTIONAL_SPECIFICATION_CURRENT_FUNCTIONAL_IMPLEMENTATION_CONTRACT_v2.1.md,1,60334
/mnt/data/M01-M15 new recon(20260907-081753).zip,src2/RUMAHAGEN_WF03_M07_QIR_RESOLUTION_CONTROLLED_v1.0_FULL_VERSION.zip,0,484426
/mnt/data/p1_v11_source_scan/src2/RUMAHAGEN_WF03_M07_QIR_RESOLUTION_CONTROLLED_v1.0_FULL_VERSION.zip,src2/__nested__/0095/04_M07_QIR_SEMANTIC_LOCK_MATRIX_v1.0.csv,1,749
/mnt/data/p1_v11_source_scan/src2/RUMAHAGEN_WF03_M07_QIR_RESOLUTION_CONTROLLED_v1.0_FULL_VERSION.zip,src2/__nested__/0095/03_M07_QIR_TWO_CORE_FINDINGS_RESOLUTION_v1.0.csv,1,940
/mnt/data/p1_v11_source_scan/src2/RUMAHAGEN_WF03_M07_QIR_RESOLUTION_CONTROLLED_v1.0_FULL_VERSION.zip,src2/__nested__/0095/07_M07_QIR_DEPENDENCY_RECONCILIATION_v1.0.csv,1,626
/mnt/data/p1_v11_source_scan/src2/RUMAHAGEN_WF03_M07_QIR_RESOLUTION_CONTROLLED_v1.0_FULL_VERSION.zip,src2/__nested__/0095/06_M07_QIR_PHYSICAL_RUNTIME_DOWNSTREAM_REGISTER_v1.0.csv,1,766
/mnt/data/p1_v11_source_scan/src2/RUMAHAGEN_WF03_M07_QIR_RESOLUTION_CONTROLLED_v1.0_FULL_VERSION.zip,src2/__nested__/0095/05_M07_QIR_LIFECYCLE_USER_ADMIN_v1.0.csv,1,1132
/mnt/data/p1_v11_source_scan/src2/RUMAHAGEN_WF03_M07_QIR_RESOLUTION_CONTROLLED_v1.0_FULL_VERSION.zip,src2/__nested__/0095/09_M07_QIR_CONTROL_MATRIX_v1.0.xlsx,1,8215
/mnt/data/p1_v11_source_scan/src2/RUMAHAGEN_WF03_M07_QIR_RESOLUTION_CONTROLLED_v1.0_FULL_VERSION.zip,src2/__nested__/0095/08_M07_QIR_FINAL_QA_AND_CLOSURE_v1.0.md,1,1080
/mnt/data/p1_v11_source_scan/src2/RUMAHAGEN_WF03_M07_QIR_RESOLUTION_CONTROLLED_v1.0_FULL_VERSION.zip,src2/__nested__/0095/10_M07_QIR_OUTPUT_MANIFEST_v1.0.csv,1,10148
/mnt/data/p1_v11_source_scan/src2/RUMAHAGEN_WF03_M07_QIR_RESOLUTION_CONTROLLED_v1.0_FULL_VERSION.zip,src2/__nested__/0095/00_M07_QIR_RESOLUTION_CONTROLLED_v1.0.md,1,1177
/mnt/data/p1_v11_source_scan/src2/RUMAHAGEN_WF03_M07_QIR_RESOLUTION_CONTROLLED_v1.0_FULL_VERSION.zip,src2/__nested__/0095/02_M07_QIR_QUESTION_RESOLUTION_REGISTER_v1.0.csv,1,3432
/mnt/data/p1_v11_source_scan/src2/RUMAHAGEN_WF03_M07_QIR_RESOLUTION_CONTROLLED_v1.0_FULL_VERSION.zip,src2/__nested__/0095/00_M07_V1.1_BASELINE_RETAINED/01_M07_QUESTION_INVENTORY_FULL_v1.0.csv,1,3387
/mnt/data/p1_v11_source_scan/src2/RUMAHAGEN_WF03_M07_QIR_RESOLUTION_CONTROLLED_v1.0_FULL_VERSION.zip,src2/__nested__/0095/00_M07_V1.1_BASELINE_RETAINED/09_M07_CONFLICT_RECONCILIATION_REGISTER_v1.0.csv,1,1111
/mnt/data/p1_v11_source_scan/src2/RUMAHAGEN_WF03_M07_QIR_RESOLUTION_CONTROLLED_v1.0_FULL_VERSION.zip,src2/__nested__/0095/00_M07_V1.1_BASELINE_RETAINED/13_M07_OUTPUT_MANIFEST_v1.0.csv,1,2266
/mnt/data/p1_v11_source_scan/src2/RUMAHAGEN_WF03_M07_QIR_RESOLUTION_CONTROLLED_v1.0_FULL_VERSION.zip,src2/__nested__/0095/00_M07_V1.1_BASELINE_RETAINED/10_M07_FINAL_QA_AND_COMPLETION_GATE_v1.0.md,1,1653
/mnt/data/p1_v11_source_scan/src2/RUMAHAGEN_WF03_M07_QIR_RESOLUTION_CONTROLLED_v1.0_FULL_VERSION.zip,src2/__nested__/0095/00_M07_V1.1_BASELINE_RETAINED/02_M07_QUESTION_ID_NUMBERING_AUDIT_v1.0.csv,1,449
/mnt/data/p1_v11_source_scan/src2/RUMAHAGEN_WF03_M07_QIR_RESOLUTION_CONTROLLED_v1.0_FULL_VERSION.zip,src2/__nested__/0095/00_M07_V1.1_BASELINE_RETAINED/17_M07_CURRENT_PERMISSION_SOURCE_PARITY_v1.1.csv,1,404
/mnt/data/p1_v11_source_scan/src2/RUMAHAGEN_WF03_M07_QIR_RESOLUTION_CONTROLLED_v1.0_FULL_VERSION.zip,src2/__nested__/0095/00_M07_V1.1_BASELINE_RETAINED/11_M07_FULL_REBUILD_CONTROL_MATRIX_v1.1.xlsx,1,8642
/mnt/data/p1_v11_source_scan/src2/RUMAHAGEN_WF03_M07_QIR_RESOLUTION_CONTROLLED_v1.0_FULL_VERSION.zip,src2/__nested__/0095/00_M07_V1.1_BASELINE_RETAINED/15_M07_DECISION_TRACEABILITY_MATRIX_v1.1.csv,1,3144
/mnt/data/p1_v11_source_scan/src2/RUMAHAGEN_WF03_M07_QIR_RESOLUTION_CONTROLLED_v1.0_FULL_VERSION.zip,src2/__nested__/0095/00_M07_V1.1_BASELINE_RETAINED/03_M07_SEMANTIC_DECISION_MATRIX_v1.0.csv,1,894
/mnt/data/p1_v11_source_scan/src2/RUMAHAGEN_WF03_M07_QIR_RESOLUTION_CONTROLLED_v1.0_FULL_VERSION.zip,src2/__nested__/0095/00_M07_V1.1_BASELINE_RETAINED/00_M07_FULL_REBUILD_CONTROLLED_v1.0.md,1,1648
/mnt/data/p1_v11_source_scan/src2/RUMAHAGEN_WF03_M07_QIR_RESOLUTION_CONTROLLED_v1.0_FULL_VERSION.zip,src2/__nested__/0095/00_M07_V1.1_BASELINE_RETAINED/07_M07_CROSS_MODULE_RECONCILIATION_v1.0.csv,1,896
/mnt/data/p1_v11_source_scan/src2/RUMAHAGEN_WF03_M07_QIR_RESOLUTION_CONTROLLED_v1.0_FULL_VERSION.zip,src2/__nested__/0095/00_M07_V1.1_BASELINE_RETAINED/12_M07_PROVENANCE_MANIFEST_v1.1.csv,1,660
/mnt/data/p1_v11_source_scan/src2/RUMAHAGEN_WF03_M07_QIR_RESOLUTION_CONTROLLED_v1.0_FULL_VERSION.zip,src2/__nested__/0095/00_M07_V1.1_BASELINE_RETAINED/00_M07_FULL_REBUILD_CONTROLLED_v1.1.md,1,921
/mnt/data/p1_v11_source_scan/src2/RUMAHAGEN_WF03_M07_QIR_RESOLUTION_CONTROLLED_v1.0_FULL_VERSION.zip,src2/__nested__/0095/00_M07_V1.1_BASELINE_RETAINED/10_M07_FINAL_QA_AND_COMPLETION_GATE_v1.1.md,1,1778
/mnt/data/p1_v11_source_scan/src2/RUMAHAGEN_WF03_M07_QIR_RESOLUTION_CONTROLLED_v1.0_FULL_VERSION.zip,src2/__nested__/0095/00_M07_V1.1_BASELINE_RETAINED/02_M07_QUESTION_ID_NUMBERING_AUDIT_v1.1.csv,1,480
/mnt/data/p1_v11_source_scan/src2/RUMAHAGEN_WF03_M07_QIR_RESOLUTION_CONTROLLED_v1.0_FULL_VERSION.zip,src2/__nested__/0095/00_M07_V1.1_BASELINE_RETAINED/12_M07_PROVENANCE_MANIFEST_v1.0.csv,1,662
/mnt/data/p1_v11_source_scan/src2/RUMAHAGEN_WF03_M07_QIR_RESOLUTION_CONTROLLED_v1.0_FULL_VERSION.zip,src2/__nested__/0095/00_M07_V1.1_BASELINE_RETAINED/04_M07_LIFECYCLE_STATE_TRANSITION_MATRIX_v1.0.csv,1,732
/mnt/data/p1_v11_source_scan/src2/RUMAHAGEN_WF03_M07_QIR_RESOLUTION_CONTROLLED_v1.0_FULL_VERSION.zip,src2/__nested__/0095/00_M07_V1.1_BASELINE_RETAINED/18_M07_DOWNSTREAM_RECONCILIATION_PROVENANCE_v1.1.csv,1,679
/mnt/data/p1_v11_source_scan/src2/RUMAHAGEN_WF03_M07_QIR_RESOLUTION_CONTROLLED_v1.0_FULL_VERSION.zip,src2/__nested__/0095/00_M07_V1.1_BASELINE_RETAINED/08_M07_DOWNSTREAM_PHYSICAL_RUNTIME_REGISTER_v1.0.csv,1,552
/mnt/data/p1_v11_source_scan/src2/RUMAHAGEN_WF03_M07_QIR_RESOLUTION_CONTROLLED_v1.0_FULL_VERSION.zip,src2/__nested__/0095/00_M07_V1.1_BASELINE_RETAINED/01_M07_QUESTION_INVENTORY_FULL_v1.1.csv,1,4552
/mnt/data/p1_v11_source_scan/src2/RUMAHAGEN_WF03_M07_QIR_RESOLUTION_CONTROLLED_v1.0_FULL_VERSION.zip,src2/__nested__/0095/00_M07_V1.1_BASELINE_RETAINED/16_M07_45_DECISION_TRACEABILITY_CLARIFICATION_v1.1.md,1,704
/mnt/data/p1_v11_source_scan/src2/RUMAHAGEN_WF03_M07_QIR_RESOLUTION_CONTROLLED_v1.0_FULL_VERSION.zip,src2/__nested__/0095/00_M07_V1.1_BASELINE_RETAINED/05_M07_SEMANTIC_PERMISSION_MATRIX_v1.0.csv,1,266
/mnt/data/p1_v11_source_scan/src2/RUMAHAGEN_WF03_M07_QIR_RESOLUTION_CONTROLLED_v1.0_FULL_VERSION.zip,src2/__nested__/0095/00_M07_V1.1_BASELINE_RETAINED/14_M07_CURRENT_SOURCE_AND_SUPERSEDED_ARTIFACT_REGISTER_v1.1.md,1,981
/mnt/data/p1_v11_source_scan/src2/RUMAHAGEN_WF03_M07_QIR_RESOLUTION_CONTROLLED_v1.0_FULL_VERSION.zip,src2/__nested__/0095/00_M07_V1.1_BASELINE_RETAINED/11_M07_FULL_REBUILD_CONTROL_MATRIX_v1.0.xlsx,1,8588
/mnt/data/p1_v11_source_scan/src2/RUMAHAGEN_WF03_M07_QIR_RESOLUTION_CONTROLLED_v1.0_FULL_VERSION.zip,src2/__nested__/0095/00_M07_V1.1_BASELINE_RETAINED/06_M07_ACTOR_CONDITION_SCOPE_VISIBILITY_APPROVAL_v1.0.csv,1,879
/mnt/data/p1_v11_source_scan/src2/RUMAHAGEN_WF03_M07_QIR_RESOLUTION_CONTROLLED_v1.0_FULL_VERSION.zip,src2/__nested__/0095/00_M07_V1.1_BASELINE_RETAINED/13_M07_OUTPUT_MANIFEST_v1.1.csv,1,6562
/mnt/data/p1_v11_source_scan/src2/RUMAHAGEN_WF03_M07_QIR_RESOLUTION_CONTROLLED_v1.0_FULL_VERSION.zip,src2/__nested__/0095/01_CURRENT_QIR_SOURCE_EVIDENCE/RUMAHAGEN_WF-03.2_MASTER_PERMISSION_MATRIX_M01-M08_RECONCILED_v1.2.csv,1,27560
/mnt/data/p1_v11_source_scan/src2/RUMAHAGEN_WF03_M07_QIR_RESOLUTION_CONTROLLED_v1.0_FULL_VERSION.zip,src2/__nested__/0095/01_CURRENT_QIR_SOURCE_EVIDENCE/W4-02A.6.19_TECHNICAL_SPECIFICATION_CURRENT_TECHNICAL_IMPLEMENTATION_CONTRACT_v2.1.md,1,69175
/mnt/data/p1_v11_source_scan/src2/RUMAHAGEN_WF03_M07_QIR_RESOLUTION_CONTROLLED_v1.0_FULL_VERSION.zip,src2/__nested__/0095/01_CURRENT_QIR_SOURCE_EVIDENCE/W4-02A.6.17_RBAC_PERMISSION_RLS_CURRENT_AUTHORIZATION_BASELINE_FULL_CONSOLIDATED_v2.1.docx,1,53047
/mnt/data/p1_v11_source_scan/src2/RUMAHAGEN_WF03_M07_QIR_RESOLUTION_CONTROLLED_v1.0_FULL_VERSION.zip,src2/__nested__/0095/01_CURRENT_QIR_SOURCE_EVIDENCE/RUMAHAGEN_WF-03.2_M07_PERMISSION_MATRIX_RECONCILIATION_v1.0.docx,1,38786
/mnt/data/p1_v11_source_scan/src2/RUMAHAGEN_WF03_M07_QIR_RESOLUTION_CONTROLLED_v1.0_FULL_VERSION.zip,src2/__nested__/0095/01_CURRENT_QIR_SOURCE_EVIDENCE/W4-02A.6.15_DATABASE_SCHEMA_CURRENT_PHYSICAL_SCHEMA_REFERENCE_FULL_CONSOLIDATED_v2.7.docx,1,74525
/mnt/data/p1_v11_source_scan/src2/RUMAHAGEN_WF03_M07_QIR_RESOLUTION_CONTROLLED_v1.0_FULL_VERSION.zip,src2/__nested__/0095/00_M07_V1.1_BASELINE_RETAINED/00_CURRENT_SOURCE_PROVENANCE/M07_PERMISSION_RECONCILIATION_v1.0.docx,1,38786
/mnt/data/p1_v11_source_scan/src2/RUMAHAGEN_WF03_M07_QIR_RESOLUTION_CONTROLLED_v1.0_FULL_VERSION.zip,src2/__nested__/0095/00_M07_V1.1_BASELINE_RETAINED/00_CURRENT_SOURCE_PROVENANCE/CURRENT_PERMISSION_MASTER_v1.2.xlsx,1,23218
/mnt/data/p1_v11_source_scan/src2/RUMAHAGEN_WF03_M07_QIR_RESOLUTION_CONTROLLED_v1.0_FULL_VERSION.zip,src2/__nested__/0095/00_M07_V1.1_BASELINE_RETAINED/00_CURRENT_SOURCE_PROVENANCE/CURRENT_PERMISSION_MASTER_v1.2.csv,1,27560
/mnt/data/p1_v11_source_scan/src2/RUMAHAGEN_WF03_M07_QIR_RESOLUTION_CONTROLLED_v1.0_FULL_VERSION.zip,src2/__nested__/0095/00_M07_V1.1_BASELINE_RETAINED/00_CURRENT_SOURCE_PROVENANCE/M07_REBUILD_v1.0_SOURCE.zip,1,87977
/mnt/data/p1_v11_source_scan/src2/__nested__/0095/00_M07_V1.1_BASELINE_RETAINED/00_CURRENT_SOURCE_PROVENANCE/M07_REBUILD_v1.0_SOURCE.zip,src2/__nested__/0095/__nested__/0096/01_M07_QUESTION_INVENTORY_FULL_v1.0.csv,2,3387
/mnt/data/p1_v11_source_scan/src2/__nested__/0095/00_M07_V1.1_BASELINE_RETAINED/00_CURRENT_SOURCE_PROVENANCE/M07_REBUILD_v1.0_SOURCE.zip,src2/__nested__/0095/__nested__/0096/09_M07_CONFLICT_RECONCILIATION_REGISTER_v1.0.csv,2,1111
/mnt/data/p1_v11_source_scan/src2/__nested__/0095/00_M07_V1.1_BASELINE_RETAINED/00_CURRENT_SOURCE_PROVENANCE/M07_REBUILD_v1.0_SOURCE.zip,src2/__nested__/0095/__nested__/0096/13_M07_OUTPUT_MANIFEST_v1.0.csv,2,2266
/mnt/data/p1_v11_source_scan/src2/__nested__/0095/00_M07_V1.1_BASELINE_RETAINED/00_CURRENT_SOURCE_PROVENANCE/M07_REBUILD_v1.0_SOURCE.zip,src2/__nested__/0095/__nested__/0096/10_M07_FINAL_QA_AND_COMPLETION_GATE_v1.0.md,2,1653
/mnt/data/p1_v11_source_scan/src2/__nested__/0095/00_M07_V1.1_BASELINE_RETAINED/00_CURRENT_SOURCE_PROVENANCE/M07_REBUILD_v1.0_SOURCE.zip,src2/__nested__/0095/__nested__/0096/02_M07_QUESTION_ID_NUMBERING_AUDIT_v1.0.csv,2,449
/mnt/data/p1_v11_source_scan/src2/__nested__/0095/00_M07_V1.1_BASELINE_RETAINED/00_CURRENT_SOURCE_PROVENANCE/M07_REBUILD_v1.0_SOURCE.zip,src2/__nested__/0095/__nested__/0096/03_M07_SEMANTIC_DECISION_MATRIX_v1.0.csv,2,894
/mnt/data/p1_v11_source_scan/src2/__nested__/0095/00_M07_V1.1_BASELINE_RETAINED/00_CURRENT_SOURCE_PROVENANCE/M07_REBUILD_v1.0_SOURCE.zip,src2/__nested__/0095/__nested__/0096/00_M07_FULL_REBUILD_CONTROLLED_v1.0.md,2,1648
/mnt/data/p1_v11_source_scan/src2/__nested__/0095/00_M07_V1.1_BASELINE_RETAINED/00_CURRENT_SOURCE_PROVENANCE/M07_REBUILD_v1.0_SOURCE.zip,src2/__nested__/0095/__nested__/0096/07_M07_CROSS_MODULE_RECONCILIATION_v1.0.csv,2,896
/mnt/data/p1_v11_source_scan/src2/__nested__/0095/00_M07_V1.1_BASELINE_RETAINED/00_CURRENT_SOURCE_PROVENANCE/M07_REBUILD_v1.0_SOURCE.zip,src2/__nested__/0095/__nested__/0096/12_M07_PROVENANCE_MANIFEST_v1.0.csv,2,662
/mnt/data/p1_v11_source_scan/src2/__nested__/0095/00_M07_V1.1_BASELINE_RETAINED/00_CURRENT_SOURCE_PROVENANCE/M07_REBUILD_v1.0_SOURCE.zip,src2/__nested__/0095/__nested__/0096/04_M07_LIFECYCLE_STATE_TRANSITION_MATRIX_v1.0.csv,2,732
/mnt/data/p1_v11_source_scan/src2/__nested__/0095/00_M07_V1.1_BASELINE_RETAINED/00_CURRENT_SOURCE_PROVENANCE/M07_REBUILD_v1.0_SOURCE.zip,src2/__nested__/0095/__nested__/0096/08_M07_DOWNSTREAM_PHYSICAL_RUNTIME_REGISTER_v1.0.csv,2,552
/mnt/data/p1_v11_source_scan/src2/__nested__/0095/00_M07_V1.1_BASELINE_RETAINED/00_CURRENT_SOURCE_PROVENANCE/M07_REBUILD_v1.0_SOURCE.zip,src2/__nested__/0095/__nested__/0096/05_M07_SEMANTIC_PERMISSION_MATRIX_v1.0.csv,2,266
/mnt/data/p1_v11_source_scan/src2/__nested__/0095/00_M07_V1.1_BASELINE_RETAINED/00_CURRENT_SOURCE_PROVENANCE/M07_REBUILD_v1.0_SOURCE.zip,src2/__nested__/0095/__nested__/0096/11_M07_FULL_REBUILD_CONTROL_MATRIX_v1.0.xlsx,2,8588
/mnt/data/p1_v11_source_scan/src2/__nested__/0095/00_M07_V1.1_BASELINE_RETAINED/00_CURRENT_SOURCE_PROVENANCE/M07_REBUILD_v1.0_SOURCE.zip,src2/__nested__/0095/__nested__/0096/06_M07_ACTOR_CONDITION_SCOPE_VISIBILITY_APPROVAL_v1.0.csv,2,879
/mnt/data/p1_v11_source_scan/src2/__nested__/0095/00_M07_V1.1_BASELINE_RETAINED/00_CURRENT_SOURCE_PROVENANCE/M07_REBUILD_v1.0_SOURCE.zip,src2/__nested__/0095/__nested__/0096/00_SOURCE_PROVENANCE/RUMAHAGEN_WF-03.2_MASTER_PERMISSION_MATRIX_M01-M07_RECONCILED_v1.1.csv,2,26080
/mnt/data/p1_v11_source_scan/src2/__nested__/0095/00_M07_V1.1_BASELINE_RETAINED/00_CURRENT_SOURCE_PROVENANCE/M07_REBUILD_v1.0_SOURCE.zip,src2/__nested__/0095/__nested__/0096/00_SOURCE_PROVENANCE/WF03_MASTER_PROGRESS_M01-M15_v1.7_M06_COMPLETE(1).xlsx,2,32038
/mnt/data/p1_v11_source_scan/src2/__nested__/0095/00_M07_V1.1_BASELINE_RETAINED/00_CURRENT_SOURCE_PROVENANCE/M07_REBUILD_v1.0_SOURCE.zip,src2/__nested__/0095/__nested__/0096/00_SOURCE_PROVENANCE/M07_PHYSICAL_EXECUTION_SPEC_v2.1.md,2,8514
/mnt/data/p1_v11_source_scan/src2/__nested__/0095/00_M07_V1.1_BASELINE_RETAINED/00_CURRENT_SOURCE_PROVENANCE/M07_REBUILD_v1.0_SOURCE.zip,src2/__nested__/0095/__nested__/0096/00_SOURCE_PROVENANCE/RUMAHAGEN_WF-03.2_M07_PERMISSION_MATRIX_RECONCILIATION_v1.0.docx,2,38786
/mnt/data/p1_v11_source_scan/src2/__nested__/0095/00_M07_V1.1_BASELINE_RETAINED/00_CURRENT_SOURCE_PROVENANCE/M07_REBUILD_v1.0_SOURCE.zip,src2/__nested__/0095/__nested__/0096/00_SOURCE_PROVENANCE/W4-02A.6.27_FOCUSED_EXECUTION_PACK_M01-M07_v2.1.md,2,12149
/mnt/data/p1_v11_source_scan/src2/RUMAHAGEN_WF03_M07_QIR_RESOLUTION_CONTROLLED_v1.0_FULL_VERSION.zip,src2/__nested__/0095/00_M07_V1.1_BASELINE_RETAINED/00_V1.0_BASELINE_RETAINED/01_M07_QUESTION_INVENTORY_FULL_v1.0.csv,1,3387
/mnt/data/p1_v11_source_scan/src2/RUMAHAGEN_WF03_M07_QIR_RESOLUTION_CONTROLLED_v1.0_FULL_VERSION.zip,src2/__nested__/0095/00_M07_V1.1_BASELINE_RETAINED/00_V1.0_BASELINE_RETAINED/09_M07_CONFLICT_RECONCILIATION_REGISTER_v1.0.csv,1,1111
/mnt/data/p1_v11_source_scan/src2/RUMAHAGEN_WF03_M07_QIR_RESOLUTION_CONTROLLED_v1.0_FULL_VERSION.zip,src2/__nested__/0095/00_M07_V1.1_BASELINE_RETAINED/00_V1.0_BASELINE_RETAINED/13_M07_OUTPUT_MANIFEST_v1.0.csv,1,2266
/mnt/data/p1_v11_source_scan/src2/RUMAHAGEN_WF03_M07_QIR_RESOLUTION_CONTROLLED_v1.0_FULL_VERSION.zip,src2/__nested__/0095/00_M07_V1.1_BASELINE_RETAINED/00_V1.0_BASELINE_RETAINED/10_M07_FINAL_QA_AND_COMPLETION_GATE_v1.0.md,1,1653
/mnt/data/p1_v11_source_scan/src2/RUMAHAGEN_WF03_M07_QIR_RESOLUTION_CONTROLLED_v1.0_FULL_VERSION.zip,src2/__nested__/0095/00_M07_V1.1_BASELINE_RETAINED/00_V1.0_BASELINE_RETAINED/02_M07_QUESTION_ID_NUMBERING_AUDIT_v1.0.csv,1,449
/mnt/data/p1_v11_source_scan/src2/RUMAHAGEN_WF03_M07_QIR_RESOLUTION_CONTROLLED_v1.0_FULL_VERSION.zip,src2/__nested__/0095/00_M07_V1.1_BASELINE_RETAINED/00_V1.0_BASELINE_RETAINED/03_M07_SEMANTIC_DECISION_MATRIX_v1.0.csv,1,894
/mnt/data/p1_v11_source_scan/src2/RUMAHAGEN_WF03_M07_QIR_RESOLUTION_CONTROLLED_v1.0_FULL_VERSION.zip,src2/__nested__/0095/00_M07_V1.1_BASELINE_RETAINED/00_V1.0_BASELINE_RETAINED/00_M07_FULL_REBUILD_CONTROLLED_v1.0.md,1,1648
/mnt/data/p1_v11_source_scan/src2/RUMAHAGEN_WF03_M07_QIR_RESOLUTION_CONTROLLED_v1.0_FULL_VERSION.zip,src2/__nested__/0095/00_M07_V1.1_BASELINE_RETAINED/00_V1.0_BASELINE_RETAINED/07_M07_CROSS_MODULE_RECONCILIATION_v1.0.csv,1,896
/mnt/data/p1_v11_source_scan/src2/RUMAHAGEN_WF03_M07_QIR_RESOLUTION_CONTROLLED_v1.0_FULL_VERSION.zip,src2/__nested__/0095/00_M07_V1.1_BASELINE_RETAINED/00_V1.0_BASELINE_RETAINED/12_M07_PROVENANCE_MANIFEST_v1.0.csv,1,662
/mnt/data/p1_v11_source_scan/src2/RUMAHAGEN_WF03_M07_QIR_RESOLUTION_CONTROLLED_v1.0_FULL_VERSION.zip,src2/__nested__/0095/00_M07_V1.1_BASELINE_RETAINED/00_V1.0_BASELINE_RETAINED/04_M07_LIFECYCLE_STATE_TRANSITION_MATRIX_v1.0.csv,1,732
/mnt/data/p1_v11_source_scan/src2/RUMAHAGEN_WF03_M07_QIR_RESOLUTION_CONTROLLED_v1.0_FULL_VERSION.zip,src2/__nested__/0095/00_M07_V1.1_BASELINE_RETAINED/00_V1.0_BASELINE_RETAINED/08_M07_DOWNSTREAM_PHYSICAL_RUNTIME_REGISTER_v1.0.csv,1,552
/mnt/data/p1_v11_source_scan/src2/RUMAHAGEN_WF03_M07_QIR_RESOLUTION_CONTROLLED_v1.0_FULL_VERSION.zip,src2/__nested__/0095/00_M07_V1.1_BASELINE_RETAINED/00_V1.0_BASELINE_RETAINED/05_M07_SEMANTIC_PERMISSION_MATRIX_v1.0.csv,1,266
/mnt/data/p1_v11_source_scan/src2/RUMAHAGEN_WF03_M07_QIR_RESOLUTION_CONTROLLED_v1.0_FULL_VERSION.zip,src2/__nested__/0095/00_M07_V1.1_BASELINE_RETAINED/00_V1.0_BASELINE_RETAINED/11_M07_FULL_REBUILD_CONTROL_MATRIX_v1.0.xlsx,1,8588
/mnt/data/p1_v11_source_scan/src2/RUMAHAGEN_WF03_M07_QIR_RESOLUTION_CONTROLLED_v1.0_FULL_VERSION.zip,src2/__nested__/0095/00_M07_V1.1_BASELINE_RETAINED/00_V1.0_BASELINE_RETAINED/06_M07_ACTOR_CONDITION_SCOPE_VISIBILITY_APPROVAL_v1.0.csv,1,879
/mnt/data/p1_v11_source_scan/src2/RUMAHAGEN_WF03_M07_QIR_RESOLUTION_CONTROLLED_v1.0_FULL_VERSION.zip,src2/__nested__/0095/00_M07_V1.1_BASELINE_RETAINED/00_V1.0_BASELINE_RETAINED/00_SOURCE_PROVENANCE/RUMAHAGEN_WF-03.2_MASTER_PERMISSION_MATRIX_M01-M07_RECONCILED_v1.1.csv,1,26080
/mnt/data/p1_v11_source_scan/src2/RUMAHAGEN_WF03_M07_QIR_RESOLUTION_CONTROLLED_v1.0_FULL_VERSION.zip,src2/__nested__/0095/00_M07_V1.1_BASELINE_RETAINED/00_V1.0_BASELINE_RETAINED/00_SOURCE_PROVENANCE/WF03_MASTER_PROGRESS_M01-M15_v1.7_M06_COMPLETE(1).xlsx,1,32038
/mnt/data/p1_v11_source_scan/src2/RUMAHAGEN_WF03_M07_QIR_RESOLUTION_CONTROLLED_v1.0_FULL_VERSION.zip,src2/__nested__/0095/00_M07_V1.1_BASELINE_RETAINED/00_V1.0_BASELINE_RETAINED/00_SOURCE_PROVENANCE/M07_PHYSICAL_EXECUTION_SPEC_v2.1.md,1,8514
/mnt/data/p1_v11_source_scan/src2/RUMAHAGEN_WF03_M07_QIR_RESOLUTION_CONTROLLED_v1.0_FULL_VERSION.zip,src2/__nested__/0095/00_M07_V1.1_BASELINE_RETAINED/00_V1.0_BASELINE_RETAINED/00_SOURCE_PROVENANCE/RUMAHAGEN_WF-03.2_M07_PERMISSION_MATRIX_RECONCILIATION_v1.0.docx,1,38786
/mnt/data/p1_v11_source_scan/src2/RUMAHAGEN_WF03_M07_QIR_RESOLUTION_CONTROLLED_v1.0_FULL_VERSION.zip,src2/__nested__/0095/00_M07_V1.1_BASELINE_RETAINED/00_V1.0_BASELINE_RETAINED/00_SOURCE_PROVENANCE/W4-02A.6.27_FOCUSED_EXECUTION_PACK_M01-M07_v2.1.md,1,12149
/mnt/data/M01-M15 new recon(20260907-081753).zip,src2/RUMAHAGEN_WF03_M08_FULL_REBUILD_CONTROLLED_v1.0.zip,0,137749
/mnt/data/p1_v11_source_scan/src2/RUMAHAGEN_WF03_M08_FULL_REBUILD_CONTROLLED_v1.0.zip,src2/__nested__/0097/00_README_M08_CONTROLLED_v1.0.md,1,714
/mnt/data/p1_v11_source_scan/src2/RUMAHAGEN_WF03_M08_FULL_REBUILD_CONTROLLED_v1.0.zip,src2/__nested__/0097/02_M08_QA_DECISION_REGISTER_Q01-Q45_v1.0.md,1,6562
/mnt/data/p1_v11_source_scan/src2/RUMAHAGEN_WF03_M08_FULL_REBUILD_CONTROLLED_v1.0.zip,src2/__nested__/0097/WF03_MASTER_PROGRESS_M01-M15_v1.9_M08_COMPLETE_NEXT_M09_CONTROLLED.xlsx,1,36697
/mnt/data/p1_v11_source_scan/src2/RUMAHAGEN_WF03_M08_FULL_REBUILD_CONTROLLED_v1.0.zip,src2/__nested__/0097/01_M08_ARTIFACT_INVENTORY_DEEP_SCAN_v1.0.md,1,3054
/mnt/data/p1_v11_source_scan/src2/RUMAHAGEN_WF03_M08_FULL_REBUILD_CONTROLLED_v1.0.zip,src2/__nested__/0097/04_M08_FINAL_QA_v1.0.md,1,1331
/mnt/data/p1_v11_source_scan/src2/RUMAHAGEN_WF03_M08_FULL_REBUILD_CONTROLLED_v1.0.zip,src2/__nested__/0097/03_M08_SEMANTIC_CROSS_MODULE_RECONCILIATION_v1.0.md,1,3025
/mnt/data/p1_v11_source_scan/src2/RUMAHAGEN_WF03_M08_FULL_REBUILD_CONTROLLED_v1.0.zip,src2/__nested__/0097/SOURCE_CURRENT/RUMAHAGEN_WF-03.2_MASTER_PERMISSION_MATRIX_M01-M08_RECONCILED_v1.2.xlsx,1,23218
/mnt/data/p1_v11_source_scan/src2/RUMAHAGEN_WF03_M08_FULL_REBUILD_CONTROLLED_v1.0.zip,src2/__nested__/0097/SOURCE_CURRENT/M08_PHYSICAL_EXECUTION_SPEC_v2.1.md,1,6775
/mnt/data/p1_v11_source_scan/src2/RUMAHAGEN_WF03_M08_FULL_REBUILD_CONTROLLED_v1.0.zip,src2/__nested__/0097/SOURCE_CURRENT/RUMAHAGEN_WF-03.2_M08_PERMISSION_MATRIX_RECONCILIATION_v1.0.docx,1,38801
/mnt/data/p1_v11_source_scan/src2/RUMAHAGEN_WF03_M08_FULL_REBUILD_CONTROLLED_v1.0.zip,src2/__nested__/0097/SOURCE_CURRENT/RUMAHAGEN_WF-03.2_MASTER_PERMISSION_MATRIX_M01-M08_RECONCILED_v1.2.csv,1,27560
/mnt/data/p1_v11_source_scan/src2/RUMAHAGEN_WF03_M08_FULL_REBUILD_CONTROLLED_v1.0.zip,src2/__nested__/0097/SOURCE_CURRENT/RUMAHAGEN_WF-03.2_M08_PERMISSION_REEVALUATION_QA_DECISION_RECORD_v1.0.docx,1,39291
/mnt/data/M01-M15 new recon(20260907-081753).zip,src2/RUMAHAGEN_WF03_M08_CORE_IMPACT_ANALYSIS_FULL_v1.0_CONTROLLED.zip,0,131873
/mnt/data/p1_v11_source_scan/src2/RUMAHAGEN_WF03_M08_CORE_IMPACT_ANALYSIS_FULL_v1.0_CONTROLLED.zip,src2/__nested__/0098/RUMAHAGEN_WF03_M08_CORE_IMPACT_ANALYSIS_FULL_v1.0_CONTROLLED/README_M08_CORE_IMPACT_ANALYSIS_FULL_v1.0.md,1,563
/mnt/data/p1_v11_source_scan/src2/RUMAHAGEN_WF03_M08_CORE_IMPACT_ANALYSIS_FULL_v1.0_CONTROLLED.zip,src2/__nested__/0098/RUMAHAGEN_WF03_M08_CORE_IMPACT_ANALYSIS_FULL_v1.0_CONTROLLED/01_SOURCE_M08_ONLY/00_README_M08_CONTROLLED_v1.0.md,1,714
/mnt/data/p1_v11_source_scan/src2/RUMAHAGEN_WF03_M08_CORE_IMPACT_ANALYSIS_FULL_v1.0_CONTROLLED.zip,src2/__nested__/0098/RUMAHAGEN_WF03_M08_CORE_IMPACT_ANALYSIS_FULL_v1.0_CONTROLLED/01_SOURCE_M08_ONLY/RUMAHAGEN_WF-03.2_MASTER_PERMISSION_MATRIX_M01-M08_RECONCILED_v1.2.xlsx,1,23218
/mnt/data/p1_v11_source_scan/src2/RUMAHAGEN_WF03_M08_CORE_IMPACT_ANALYSIS_FULL_v1.0_CONTROLLED.zip,src2/__nested__/0098/RUMAHAGEN_WF03_M08_CORE_IMPACT_ANALYSIS_FULL_v1.0_CONTROLLED/01_SOURCE_M08_ONLY/M08_QIR_QUESTION_CLOSURE_MATRIX_Q01-Q45_v1.0.csv,1,17219
/mnt/data/p1_v11_source_scan/src2/RUMAHAGEN_WF03_M08_CORE_IMPACT_ANALYSIS_FULL_v1.0_CONTROLLED.zip,src2/__nested__/0098/RUMAHAGEN_WF03_M08_CORE_IMPACT_ANALYSIS_FULL_v1.0_CONTROLLED/01_SOURCE_M08_ONLY/02_M08_QA_DECISION_REGISTER_Q01-Q45_v1.0.md,1,6562
/mnt/data/p1_v11_source_scan/src2/RUMAHAGEN_WF03_M08_CORE_IMPACT_ANALYSIS_FULL_v1.0_CONTROLLED.zip,src2/__nested__/0098/RUMAHAGEN_WF03_M08_CORE_IMPACT_ANALYSIS_FULL_v1.0_CONTROLLED/01_SOURCE_M08_ONLY/M08_QIR_LIFECYCLE_ACTOR_AUTHORITY_v1.0.md,1,1517
/mnt/data/p1_v11_source_scan/src2/RUMAHAGEN_WF03_M08_CORE_IMPACT_ANALYSIS_FULL_v1.0_CONTROLLED.zip,src2/__nested__/0098/RUMAHAGEN_WF03_M08_CORE_IMPACT_ANALYSIS_FULL_v1.0_CONTROLLED/01_SOURCE_M08_ONLY/M08_PHYSICAL_EXECUTION_SPEC_v2.1.md,1,6775
/mnt/data/p1_v11_source_scan/src2/RUMAHAGEN_WF03_M08_CORE_IMPACT_ANALYSIS_FULL_v1.0_CONTROLLED.zip,src2/__nested__/0098/RUMAHAGEN_WF03_M08_CORE_IMPACT_ANALYSIS_FULL_v1.0_CONTROLLED/01_SOURCE_M08_ONLY/M08_CORE_IMPACT_SOURCE_MANIFEST_v1.0.csv,1,600
/mnt/data/p1_v11_source_scan/src2/RUMAHAGEN_WF03_M08_CORE_IMPACT_ANALYSIS_FULL_v1.0_CONTROLLED.zip,src2/__nested__/0098/RUMAHAGEN_WF03_M08_CORE_IMPACT_ANALYSIS_FULL_v1.0_CONTROLLED/01_SOURCE_M08_ONLY/01_M08_ARTIFACT_INVENTORY_DEEP_SCAN_v1.0.md,1,3054
/mnt/data/p1_v11_source_scan/src2/RUMAHAGEN_WF03_M08_CORE_IMPACT_ANALYSIS_FULL_v1.0_CONTROLLED.zip,src2/__nested__/0098/RUMAHAGEN_WF03_M08_CORE_IMPACT_ANALYSIS_FULL_v1.0_CONTROLLED/01_SOURCE_M08_ONLY/04_M08_FINAL_QA_v1.0.md,1,1331
/mnt/data/p1_v11_source_scan/src2/RUMAHAGEN_WF03_M08_CORE_IMPACT_ANALYSIS_FULL_v1.0_CONTROLLED.zip,src2/__nested__/0098/RUMAHAGEN_WF03_M08_CORE_IMPACT_ANALYSIS_FULL_v1.0_CONTROLLED/01_SOURCE_M08_ONLY/RUMAHAGEN_WF-03.2_M08_PERMISSION_MATRIX_RECONCILIATION_v1.0.docx,1,38801
/mnt/data/p1_v11_source_scan/src2/RUMAHAGEN_WF03_M08_CORE_IMPACT_ANALYSIS_FULL_v1.0_CONTROLLED.zip,src2/__nested__/0098/RUMAHAGEN_WF03_M08_CORE_IMPACT_ANALYSIS_FULL_v1.0_CONTROLLED/01_SOURCE_M08_ONLY/RUMAHAGEN_WF-03.2_MASTER_PERMISSION_MATRIX_M01-M08_RECONCILED_v1.2.csv,1,27560
/mnt/data/p1_v11_source_scan/src2/RUMAHAGEN_WF03_M08_CORE_IMPACT_ANALYSIS_FULL_v1.0_CONTROLLED.zip,src2/__nested__/0098/RUMAHAGEN_WF03_M08_CORE_IMPACT_ANALYSIS_FULL_v1.0_CONTROLLED/01_SOURCE_M08_ONLY/03_M08_SEMANTIC_CROSS_MODULE_RECONCILIATION_v1.0.md,1,3025
/mnt/data/p1_v11_source_scan/src2/RUMAHAGEN_WF03_M08_CORE_IMPACT_ANALYSIS_FULL_v1.0_CONTROLLED.zip,src2/__nested__/0098/RUMAHAGEN_WF03_M08_CORE_IMPACT_ANALYSIS_FULL_v1.0_CONTROLLED/01_SOURCE_M08_ONLY/RUMAHAGEN_WF-03.2_M08_PERMISSION_REEVALUATION_QA_DECISION_RECORD_v1.0.docx,1,39291
/mnt/data/p1_v11_source_scan/src2/RUMAHAGEN_WF03_M08_CORE_IMPACT_ANALYSIS_FULL_v1.0_CONTROLLED.zip,src2/__nested__/0098/RUMAHAGEN_WF03_M08_CORE_IMPACT_ANALYSIS_FULL_v1.0_CONTROLLED/04_QA/M08_CORE_IMPACT_ANALYSIS_FINAL_QA_v1.0.md,1,1295
/mnt/data/p1_v11_source_scan/src2/RUMAHAGEN_WF03_M08_CORE_IMPACT_ANALYSIS_FULL_v1.0_CONTROLLED.zip,src2/__nested__/0098/RUMAHAGEN_WF03_M08_CORE_IMPACT_ANALYSIS_FULL_v1.0_CONTROLLED/03_IMPACT_MATRIX/M08_CORE_IMPACT_MATRIX_FULL_v1.0.csv,1,4456
/mnt/data/p1_v11_source_scan/src2/RUMAHAGEN_WF03_M08_CORE_IMPACT_ANALYSIS_FULL_v1.0_CONTROLLED.zip,src2/__nested__/0098/RUMAHAGEN_WF03_M08_CORE_IMPACT_ANALYSIS_FULL_v1.0_CONTROLLED/03_IMPACT_MATRIX/M08_CORE_IMPACT_MATRIX_FULL_v1.0.xlsx,1,8016
/mnt/data/p1_v11_source_scan/src2/RUMAHAGEN_WF03_M08_CORE_IMPACT_ANALYSIS_FULL_v1.0_CONTROLLED.zip,src2/__nested__/0098/RUMAHAGEN_WF03_M08_CORE_IMPACT_ANALYSIS_FULL_v1.0_CONTROLLED/02_IMPACT_ANALYSIS/00_M08_CORE_IMPACT_ANALYSIS_FULL_v1.0.md,1,8428
/mnt/data/M01-M15 new recon(20260907-081753).zip,src2/RUMAHAGEN_WF03_M08_QIR_RESOLUTION_CONTROLLED_v1.0_FULL_VERSION.zip,0,137277
/mnt/data/p1_v11_source_scan/src2/RUMAHAGEN_WF03_M08_QIR_RESOLUTION_CONTROLLED_v1.0_FULL_VERSION.zip,src2/__nested__/0099/M08_QIR_RESOLUTION_CONTROLLED_v1.0/README_M08_QIR_RESOLUTION_CONTROLLED_v1.0.md,1,781
/mnt/data/p1_v11_source_scan/src2/RUMAHAGEN_WF03_M08_QIR_RESOLUTION_CONTROLLED_v1.0_FULL_VERSION.zip,src2/__nested__/0099/M08_QIR_RESOLUTION_CONTROLLED_v1.0/M08_QIR_OUTPUT_MANIFEST_v1.0.csv,1,719
/mnt/data/p1_v11_source_scan/src2/RUMAHAGEN_WF03_M08_QIR_RESOLUTION_CONTROLLED_v1.0_FULL_VERSION.zip,src2/__nested__/0099/M08_QIR_RESOLUTION_CONTROLLED_v1.0/01_SOURCE_M08_ONLY/00_README_M08_CONTROLLED_v1.0.md,1,714
/mnt/data/p1_v11_source_scan/src2/RUMAHAGEN_WF03_M08_QIR_RESOLUTION_CONTROLLED_v1.0_FULL_VERSION.zip,src2/__nested__/0099/M08_QIR_RESOLUTION_CONTROLLED_v1.0/01_SOURCE_M08_ONLY/RUMAHAGEN_WF-03.2_MASTER_PERMISSION_MATRIX_M01-M08_RECONCILED_v1.2.xlsx,1,23218
/mnt/data/p1_v11_source_scan/src2/RUMAHAGEN_WF03_M08_QIR_RESOLUTION_CONTROLLED_v1.0_FULL_VERSION.zip,src2/__nested__/0099/M08_QIR_RESOLUTION_CONTROLLED_v1.0/01_SOURCE_M08_ONLY/02_M08_QA_DECISION_REGISTER_Q01-Q45_v1.0.md,1,6562
/mnt/data/p1_v11_source_scan/src2/RUMAHAGEN_WF03_M08_QIR_RESOLUTION_CONTROLLED_v1.0_FULL_VERSION.zip,src2/__nested__/0099/M08_QIR_RESOLUTION_CONTROLLED_v1.0/01_SOURCE_M08_ONLY/M08_PHYSICAL_EXECUTION_SPEC_v2.1.md,1,6775
/mnt/data/p1_v11_source_scan/src2/RUMAHAGEN_WF03_M08_QIR_RESOLUTION_CONTROLLED_v1.0_FULL_VERSION.zip,src2/__nested__/0099/M08_QIR_RESOLUTION_CONTROLLED_v1.0/01_SOURCE_M08_ONLY/01_M08_ARTIFACT_INVENTORY_DEEP_SCAN_v1.0.md,1,3054
/mnt/data/p1_v11_source_scan/src2/RUMAHAGEN_WF03_M08_QIR_RESOLUTION_CONTROLLED_v1.0_FULL_VERSION.zip,src2/__nested__/0099/M08_QIR_RESOLUTION_CONTROLLED_v1.0/01_SOURCE_M08_ONLY/04_M08_FINAL_QA_v1.0.md,1,1331
/mnt/data/p1_v11_source_scan/src2/RUMAHAGEN_WF03_M08_QIR_RESOLUTION_CONTROLLED_v1.0_FULL_VERSION.zip,src2/__nested__/0099/M08_QIR_RESOLUTION_CONTROLLED_v1.0/01_SOURCE_M08_ONLY/RUMAHAGEN_WF-03.2_M08_PERMISSION_MATRIX_RECONCILIATION_v1.0.docx,1,38801
/mnt/data/p1_v11_source_scan/src2/RUMAHAGEN_WF03_M08_QIR_RESOLUTION_CONTROLLED_v1.0_FULL_VERSION.zip,src2/__nested__/0099/M08_QIR_RESOLUTION_CONTROLLED_v1.0/01_SOURCE_M08_ONLY/M08_SOURCE_MANIFEST.csv,1,2266
/mnt/data/p1_v11_source_scan/src2/RUMAHAGEN_WF03_M08_QIR_RESOLUTION_CONTROLLED_v1.0_FULL_VERSION.zip,src2/__nested__/0099/M08_QIR_RESOLUTION_CONTROLLED_v1.0/01_SOURCE_M08_ONLY/RUMAHAGEN_WF-03.2_MASTER_PERMISSION_MATRIX_M01-M08_RECONCILED_v1.2.csv,1,27560
/mnt/data/p1_v11_source_scan/src2/RUMAHAGEN_WF03_M08_QIR_RESOLUTION_CONTROLLED_v1.0_FULL_VERSION.zip,src2/__nested__/0099/M08_QIR_RESOLUTION_CONTROLLED_v1.0/01_SOURCE_M08_ONLY/03_M08_SEMANTIC_CROSS_MODULE_RECONCILIATION_v1.0.md,1,3025
/mnt/data/p1_v11_source_scan/src2/RUMAHAGEN_WF03_M08_QIR_RESOLUTION_CONTROLLED_v1.0_FULL_VERSION.zip,src2/__nested__/0099/M08_QIR_RESOLUTION_CONTROLLED_v1.0/01_SOURCE_M08_ONLY/RUMAHAGEN_WF-03.2_M08_PERMISSION_REEVALUATION_QA_DECISION_RECORD_v1.0.docx,1,39291
/mnt/data/p1_v11_source_scan/src2/RUMAHAGEN_WF03_M08_QIR_RESOLUTION_CONTROLLED_v1.0_FULL_VERSION.zip,src2/__nested__/0099/M08_QIR_RESOLUTION_CONTROLLED_v1.0/02_QIR/00_M08_QIR_RESOLUTION_CONTROL_REPORT_v1.0.md,1,6183
/mnt/data/p1_v11_source_scan/src2/RUMAHAGEN_WF03_M08_QIR_RESOLUTION_CONTROLLED_v1.0_FULL_VERSION.zip,src2/__nested__/0099/M08_QIR_RESOLUTION_CONTROLLED_v1.0/02_QIR/M08_QIR_QUESTION_CLOSURE_MATRIX_Q01-Q45_v1.0.csv,1,17219
/mnt/data/p1_v11_source_scan/src2/RUMAHAGEN_WF03_M08_QIR_RESOLUTION_CONTROLLED_v1.0_FULL_VERSION.zip,src2/__nested__/0099/M08_QIR_RESOLUTION_CONTROLLED_v1.0/02_QIR/M08_QIR_QUESTION_CLOSURE_MATRIX_Q01-Q45_v1.0.xlsx,1,9247
/mnt/data/p1_v11_source_scan/src2/RUMAHAGEN_WF03_M08_QIR_RESOLUTION_CONTROLLED_v1.0_FULL_VERSION.zip,src2/__nested__/0099/M08_QIR_RESOLUTION_CONTROLLED_v1.0/04_QA/M08_QIR_FINAL_QA_v1.0.md,1,1552
/mnt/data/p1_v11_source_scan/src2/RUMAHAGEN_WF03_M08_QIR_RESOLUTION_CONTROLLED_v1.0_FULL_VERSION.zip,src2/__nested__/0099/M08_QIR_RESOLUTION_CONTROLLED_v1.0/03_RECONCILIATION/M08_QIR_PHYSICAL_RUNTIME_SEPARATION_v1.0.csv,1,372
/mnt/data/p1_v11_source_scan/src2/RUMAHAGEN_WF03_M08_QIR_RESOLUTION_CONTROLLED_v1.0_FULL_VERSION.zip,src2/__nested__/0099/M08_QIR_RESOLUTION_CONTROLLED_v1.0/03_RECONCILIATION/M08_QIR_PERMISSION_RECONCILIATION_v1.0.csv,1,527
/mnt/data/p1_v11_source_scan/src2/RUMAHAGEN_WF03_M08_QIR_RESOLUTION_CONTROLLED_v1.0_FULL_VERSION.zip,src2/__nested__/0099/M08_QIR_RESOLUTION_CONTROLLED_v1.0/03_RECONCILIATION/M08_QIR_LIFECYCLE_ACTOR_AUTHORITY_v1.0.md,1,1517
/mnt/data/p1_v11_source_scan/src2/RUMAHAGEN_WF03_M08_QIR_RESOLUTION_CONTROLLED_v1.0_FULL_VERSION.zip,src2/__nested__/0099/M08_QIR_RESOLUTION_CONTROLLED_v1.0/03_RECONCILIATION/M08_QIR_PERMISSION_RECONCILIATION_v1.0.xlsx,1,5786
/mnt/data/p1_v11_source_scan/src2/RUMAHAGEN_WF03_M08_QIR_RESOLUTION_CONTROLLED_v1.0_FULL_VERSION.zip,src2/__nested__/0099/M08_QIR_RESOLUTION_CONTROLLED_v1.0/03_RECONCILIATION/M08_QIR_CONTRADICTION_REGISTER_v1.0.csv,1,1249
/mnt/data/M01-M15 new recon(20260907-081753).zip,src2/RUMAHAGEN_WF03_M09_FULL_REBUILD_CONTROLLED_v1.1_FULL_VERSION.zip,0,27985
/mnt/data/p1_v11_source_scan/src2/RUMAHAGEN_WF03_M09_FULL_REBUILD_CONTROLLED_v1.1_FULL_VERSION.zip,src2/__nested__/0100/RUMAHAGEN_WF03_M09_FULL_REBUILD_CONTROLLED_v1.1/README_M09_FULL_REBUILD_CONTROLLED_v1.1.md,1,505
/mnt/data/p1_v11_source_scan/src2/RUMAHAGEN_WF03_M09_FULL_REBUILD_CONTROLLED_v1.1_FULL_VERSION.zip,src2/__nested__/0100/RUMAHAGEN_WF03_M09_FULL_REBUILD_CONTROLLED_v1.1/02_REBUILD/M09_SUPERSESSION_REGISTER_v1.1.csv,1,1112
/mnt/data/p1_v11_source_scan/src2/RUMAHAGEN_WF03_M09_FULL_REBUILD_CONTROLLED_v1.1_FULL_VERSION.zip,src2/__nested__/0100/RUMAHAGEN_WF03_M09_FULL_REBUILD_CONTROLLED_v1.1/02_REBUILD/M09_QA_DECISION_REGISTER_Q01-Q06_v1.1.xlsx,1,6208
/mnt/data/p1_v11_source_scan/src2/RUMAHAGEN_WF03_M09_FULL_REBUILD_CONTROLLED_v1.1_FULL_VERSION.zip,src2/__nested__/0100/RUMAHAGEN_WF03_M09_FULL_REBUILD_CONTROLLED_v1.1/02_REBUILD/M09_QA_DECISION_REGISTER_Q01-Q06_v1.1.csv,1,1514
/mnt/data/p1_v11_source_scan/src2/RUMAHAGEN_WF03_M09_FULL_REBUILD_CONTROLLED_v1.1_FULL_VERSION.zip,src2/__nested__/0100/RUMAHAGEN_WF03_M09_FULL_REBUILD_CONTROLLED_v1.1/02_REBUILD/00_M09_FULL_REBUILD_FINAL_REPORT_v1.1.md,1,2327
/mnt/data/p1_v11_source_scan/src2/RUMAHAGEN_WF03_M09_FULL_REBUILD_CONTROLLED_v1.1_FULL_VERSION.zip,src2/__nested__/0100/RUMAHAGEN_WF03_M09_FULL_REBUILD_CONTROLLED_v1.1/01_SOURCE_M09_ONLY/M09_ARCHIVE_INVENTORY_FULL.csv,1,10455
/mnt/data/p1_v11_source_scan/src2/RUMAHAGEN_WF03_M09_FULL_REBUILD_CONTROLLED_v1.1_FULL_VERSION.zip,src2/__nested__/0100/RUMAHAGEN_WF03_M09_FULL_REBUILD_CONTROLLED_v1.1/01_SOURCE_M09_ONLY/M09_SCOPE_INVENTORY.csv,1,133
/mnt/data/p1_v11_source_scan/src2/RUMAHAGEN_WF03_M09_FULL_REBUILD_CONTROLLED_v1.1_FULL_VERSION.zip,src2/__nested__/0100/RUMAHAGEN_WF03_M09_FULL_REBUILD_CONTROLLED_v1.1/01_SOURCE_M09_ONLY/RUMAHAGEN_WF-03.2_M09_PERMISSION_REEVALUATION_QA_DECISION_RECORD_v1.0.md,1,12947
/mnt/data/p1_v11_source_scan/src2/RUMAHAGEN_WF03_M09_FULL_REBUILD_CONTROLLED_v1.1_FULL_VERSION.zip,src2/__nested__/0100/RUMAHAGEN_WF03_M09_FULL_REBUILD_CONTROLLED_v1.1/01_SOURCE_M09_ONLY/M09_SOURCE_MANIFEST_v1.1.csv,1,391
/mnt/data/p1_v11_source_scan/src2/RUMAHAGEN_WF03_M09_FULL_REBUILD_CONTROLLED_v1.1_FULL_VERSION.zip,src2/__nested__/0100/RUMAHAGEN_WF03_M09_FULL_REBUILD_CONTROLLED_v1.1/04_LIFECYCLE_DEPENDENCY/M09_LIFECYCLE_ACTOR_SCOPE_AUTHORITY_v1.1.md,1,2776
/mnt/data/p1_v11_source_scan/src2/RUMAHAGEN_WF03_M09_FULL_REBUILD_CONTROLLED_v1.1_FULL_VERSION.zip,src2/__nested__/0100/RUMAHAGEN_WF03_M09_FULL_REBUILD_CONTROLLED_v1.1/04_LIFECYCLE_DEPENDENCY/M09_CROSS_MODULE_DEPENDENCY_RECONCILIATION_v1.1.md,1,1302
/mnt/data/p1_v11_source_scan/src2/RUMAHAGEN_WF03_M09_FULL_REBUILD_CONTROLLED_v1.1_FULL_VERSION.zip,src2/__nested__/0100/RUMAHAGEN_WF03_M09_FULL_REBUILD_CONTROLLED_v1.1/03_PERMISSION_MATRIX/M09_FINAL_SEMANTIC_PERMISSION_MATRIX_v1.1.csv,1,1762
/mnt/data/p1_v11_source_scan/src2/RUMAHAGEN_WF03_M09_FULL_REBUILD_CONTROLLED_v1.1_FULL_VERSION.zip,src2/__nested__/0100/RUMAHAGEN_WF03_M09_FULL_REBUILD_CONTROLLED_v1.1/03_PERMISSION_MATRIX/M09_FINAL_SEMANTIC_PERMISSION_MATRIX_v1.1.xlsx,1,6546
/mnt/data/p1_v11_source_scan/src2/RUMAHAGEN_WF03_M09_FULL_REBUILD_CONTROLLED_v1.1_FULL_VERSION.zip,src2/__nested__/0100/RUMAHAGEN_WF03_M09_FULL_REBUILD_CONTROLLED_v1.1/05_QA/M09_DOWNSTREAM_FINDINGS_AND_STATUS_v1.1.csv,1,1491
/mnt/data/p1_v11_source_scan/src2/RUMAHAGEN_WF03_M09_FULL_REBUILD_CONTROLLED_v1.1_FULL_VERSION.zip,src2/__nested__/0100/RUMAHAGEN_WF03_M09_FULL_REBUILD_CONTROLLED_v1.1/05_QA/M09_FINAL_QA_v1.1.md,1,1254
/mnt/data/M01-M15 new recon(20260907-081753).zip,src2/M09_CORE_IMPACT_ANALYSIS_FULL_v1.0.zip,0,1679883
/mnt/data/p1_v11_source_scan/src2/M09_CORE_IMPACT_ANALYSIS_FULL_v1.0.zip,src2/__nested__/0101/00_CONTROL/FULL_DEEP_SCAN_INPUT_INVENTORY_v1.0.csv,1,105
/mnt/data/p1_v11_source_scan/src2/M09_CORE_IMPACT_ANALYSIS_FULL_v1.0.zip,src2/__nested__/0101/00_CONTROL/README_M09_CORE_IMPACT_ANALYSIS_FULL_v1.0.md,1,881
/mnt/data/p1_v11_source_scan/src2/M09_CORE_IMPACT_ANALYSIS_FULL_v1.0.zip,src2/__nested__/0101/00_CONTROL/SHA256_MANIFEST_M09_CORE_IMPACT_v1.0.csv,1,4058
/mnt/data/p1_v11_source_scan/src2/M09_CORE_IMPACT_ANALYSIS_FULL_v1.0.zip,src2/__nested__/0101/03_IMPACT_ANALYSIS/M09_CORE_IMPACT_ANALYSIS_FULL_v1.0.md,1,3460
/mnt/data/p1_v11_source_scan/src2/M09_CORE_IMPACT_ANALYSIS_FULL_v1.0.zip,src2/__nested__/0101/01_SOURCE_M09_ONLY/M09_DOWNSTREAM_FINDINGS_AND_STATUS_v1.1.csv,1,1491
/mnt/data/p1_v11_source_scan/src2/M09_CORE_IMPACT_ANALYSIS_FULL_v1.0.zip,src2/__nested__/0101/01_SOURCE_M09_ONLY/M09_QIR_FINAL_QA_v1.2.md,1,1506
/mnt/data/p1_v11_source_scan/src2/M09_CORE_IMPACT_ANALYSIS_FULL_v1.0.zip,src2/__nested__/0101/01_SOURCE_M09_ONLY/M09_ARCHIVE_INVENTORY_FULL.csv,1,10455
/mnt/data/p1_v11_source_scan/src2/M09_CORE_IMPACT_ANALYSIS_FULL_v1.0.zip,src2/__nested__/0101/01_SOURCE_M09_ONLY/M09_CROSS_DOCUMENT_CONTRADICTION_RESCAN_v1.2.csv,1,1170
/mnt/data/p1_v11_source_scan/src2/M09_CORE_IMPACT_ANALYSIS_FULL_v1.0.zip,src2/__nested__/0101/01_SOURCE_M09_ONLY/M09_QIR_RESOLUTION_SCOPE_INVENTORY_v1.2.csv,1,696
/mnt/data/p1_v11_source_scan/src2/M09_CORE_IMPACT_ANALYSIS_FULL_v1.0.zip,src2/__nested__/0101/01_SOURCE_M09_ONLY/M09_SCOPE_INVENTORY.csv,1,133
/mnt/data/p1_v11_source_scan/src2/M09_CORE_IMPACT_ANALYSIS_FULL_v1.0.zip,src2/__nested__/0101/01_SOURCE_M09_ONLY/RUMAHAGEN_WF-03.2_M09_PERMISSION_REEVALUATION_QA_DECISION_RECORD_v1.0.md,1,12947
/mnt/data/p1_v11_source_scan/src2/M09_CORE_IMPACT_ANALYSIS_FULL_v1.0.zip,src2/__nested__/0101/01_SOURCE_M09_ONLY/M09_QIR_RESOLUTION_RECORD_v1.2.md,1,7220
/mnt/data/p1_v11_source_scan/src2/M09_CORE_IMPACT_ANALYSIS_FULL_v1.0.zip,src2/__nested__/0101/01_SOURCE_M09_ONLY/M09_LIFECYCLE_ACTOR_SCOPE_AUTHORITY_v1.1.md,1,2776
/mnt/data/p1_v11_source_scan/src2/M09_CORE_IMPACT_ANALYSIS_FULL_v1.0.zip,src2/__nested__/0101/01_SOURCE_M09_ONLY/README_M09_QIR_RESOLUTION_FULL_v1.2.md,1,1811
/mnt/data/p1_v11_source_scan/src2/M09_CORE_IMPACT_ANALYSIS_FULL_v1.0.zip,src2/__nested__/0101/01_SOURCE_M09_ONLY/M09_CROSS_MODULE_DEPENDENCY_RECONCILIATION_v1.1.md,1,1302
/mnt/data/p1_v11_source_scan/src2/M09_CORE_IMPACT_ANALYSIS_FULL_v1.0.zip,src2/__nested__/0101/01_SOURCE_M09_ONLY/M09_SUPERSESSION_REGISTER_v1.1.csv,1,1112
/mnt/data/p1_v11_source_scan/src2/M09_CORE_IMPACT_ANALYSIS_FULL_v1.0.zip,src2/__nested__/0101/01_SOURCE_M09_ONLY/M09_FINAL_SEMANTIC_PERMISSION_MATRIX_v1.1.csv,1,1762
/mnt/data/p1_v11_source_scan/src2/M09_CORE_IMPACT_ANALYSIS_FULL_v1.0.zip,src2/__nested__/0101/01_SOURCE_M09_ONLY/M09_CORE_PROPAGATION_REGISTER_v1.2.csv,1,1027
/mnt/data/p1_v11_source_scan/src2/M09_CORE_IMPACT_ANALYSIS_FULL_v1.0.zip,src2/__nested__/0101/01_SOURCE_M09_ONLY/M09_SOURCE_MANIFEST_v1.1.csv,1,391
/mnt/data/p1_v11_source_scan/src2/M09_CORE_IMPACT_ANALYSIS_FULL_v1.0.zip,src2/__nested__/0101/01_SOURCE_M09_ONLY/M09_FINAL_SEMANTIC_PERMISSION_MATRIX_v1.1.xlsx,1,6546
/mnt/data/p1_v11_source_scan/src2/M09_CORE_IMPACT_ANALYSIS_FULL_v1.0.zip,src2/__nested__/0101/04_DEPENDENCY_IMPACT/M09_CORE_DEPENDENCY_IMPACT_MATRIX_v1.0.csv,1,1853
/mnt/data/p1_v11_source_scan/src2/M09_CORE_IMPACT_ANALYSIS_FULL_v1.0.zip,src2/__nested__/0101/02_CORE_M09_EVIDENCE/EXECUTION_SPEC_CURRENT_BASELINE_M09_EXTRACT.md,1,2892
/mnt/data/p1_v11_source_scan/src2/M09_CORE_IMPACT_ANALYSIS_FULL_v1.0.zip,src2/__nested__/0101/02_CORE_M09_EVIDENCE/PLANNING_CURRENT_BASELINE_M09_EXTRACT.md,1,6232
/mnt/data/p1_v11_source_scan/src2/M09_CORE_IMPACT_ANALYSIS_FULL_v1.0.zip,src2/__nested__/0101/02_CORE_M09_EVIDENCE/DEPENDENCY_CURRENT_BASELINE_M09_EXTRACT.md,1,10796
/mnt/data/p1_v11_source_scan/src2/M09_CORE_IMPACT_ANALYSIS_FULL_v1.0.zip,src2/__nested__/0101/02_CORE_M09_EVIDENCE/FUNCTIONAL_CURRENT_BASELINE_M09_EXTRACT.md,1,999
/mnt/data/p1_v11_source_scan/src2/M09_CORE_IMPACT_ANALYSIS_FULL_v1.0.zip,src2/__nested__/0101/02_CORE_M09_EVIDENCE/API_EXACT_admin_reports_export.md,1,1152
/mnt/data/p1_v11_source_scan/src2/M09_CORE_IMPACT_ANALYSIS_FULL_v1.0.zip,src2/__nested__/0101/02_CORE_M09_EVIDENCE/API_EXACT_admin_audit-logs.md,1,1148
/mnt/data/p1_v11_source_scan/src2/M09_CORE_IMPACT_ANALYSIS_FULL_v1.0.zip,src2/__nested__/0101/02_CORE_M09_EVIDENCE/TECHNICAL_CURRENT_BASELINE_M09_EXTRACT.md,1,764
/mnt/data/p1_v11_source_scan/src2/M09_CORE_IMPACT_ANALYSIS_FULL_v1.0.zip,src2/__nested__/0101/02_CORE_M09_EVIDENCE/API_EXACT_admin_config_system.md,1,1151
/mnt/data/p1_v11_source_scan/src2/M09_CORE_IMPACT_ANALYSIS_FULL_v1.0.zip,src2/__nested__/0101/02_CORE_M09_EVIDENCE/RBAC_CURRENT_BASELINE_M09_EXTRACT.md,1,918
/mnt/data/p1_v11_source_scan/src2/M09_CORE_IMPACT_ANALYSIS_FULL_v1.0.zip,src2/__nested__/0101/02_CORE_M09_EVIDENCE/DECISION_LOG_M09_EXTRACT.md,1,576
/mnt/data/p1_v11_source_scan/src2/M09_CORE_IMPACT_ANALYSIS_FULL_v1.0.zip,src2/__nested__/0101/02_CORE_M09_EVIDENCE/API_CURRENT_BASELINE_M09_EXTRACT.md,1,1337
/mnt/data/p1_v11_source_scan/src2/M09_CORE_IMPACT_ANALYSIS_FULL_v1.0.zip,src2/__nested__/0101/02_CORE_M09_EVIDENCE/FOCUSED_EXECUTION_M08_M15_M09_EXTRACT.md,1,4312
/mnt/data/p1_v11_source_scan/src2/M09_CORE_IMPACT_ANALYSIS_FULL_v1.0.zip,src2/__nested__/0101/02_CORE_M09_EVIDENCE/FINAL_RECONCILIATION_M09_EXTRACT.md,1,913
/mnt/data/p1_v11_source_scan/src2/M09_CORE_IMPACT_ANALYSIS_FULL_v1.0.zip,src2/__nested__/0101/_input/qir/M09_QIR_RESOLUTION_FULL_v1.2/00_CONTROL/M09_QIR_RESOLUTION_SCOPE_INVENTORY_v1.2.csv,1,696
/mnt/data/p1_v11_source_scan/src2/M09_CORE_IMPACT_ANALYSIS_FULL_v1.0.zip,src2/__nested__/0101/_input/qir/M09_QIR_RESOLUTION_FULL_v1.2/00_CONTROL/SHA256_MANIFEST_M09_QIR_RESOLUTION_FULL_v1.2.txt,1,3692
/mnt/data/p1_v11_source_scan/src2/M09_CORE_IMPACT_ANALYSIS_FULL_v1.0.zip,src2/__nested__/0101/_input/qir/M09_QIR_RESOLUTION_FULL_v1.2/00_CONTROL/README_M09_QIR_RESOLUTION_FULL_v1.2.md,1,1811
/mnt/data/p1_v11_source_scan/src2/M09_CORE_IMPACT_ANALYSIS_FULL_v1.0.zip,src2/__nested__/0101/_input/qir/M09_QIR_RESOLUTION_FULL_v1.2/05_QIR_RESOLUTION/M09_CROSS_DOCUMENT_CONTRADICTION_RESCAN_v1.2.csv,1,1170
/mnt/data/p1_v11_source_scan/src2/M09_CORE_IMPACT_ANALYSIS_FULL_v1.0.zip,src2/__nested__/0101/_input/qir/M09_QIR_RESOLUTION_FULL_v1.2/05_QIR_RESOLUTION/M09_QIR_RESOLUTION_RECORD_v1.2.md,1,7220
/mnt/data/p1_v11_source_scan/src2/M09_CORE_IMPACT_ANALYSIS_FULL_v1.0.zip,src2/__nested__/0101/_input/qir/M09_QIR_RESOLUTION_FULL_v1.2/05_QIR_RESOLUTION/M09_CORE_PROPAGATION_REGISTER_v1.2.csv,1,1027
/mnt/data/p1_v11_source_scan/src2/M09_CORE_IMPACT_ANALYSIS_FULL_v1.0.zip,src2/__nested__/0101/_input/qir/M09_QIR_RESOLUTION_FULL_v1.2/02_REBUILD/M09_QA_DECISION_REGISTER_Q01-Q06_v1.1.csv,1,1514
/mnt/data/p1_v11_source_scan/src2/M09_CORE_IMPACT_ANALYSIS_FULL_v1.0.zip,src2/__nested__/0101/_input/qir/M09_QIR_RESOLUTION_FULL_v1.2/02_REBUILD/00_M09_FULL_REBUILD_FINAL_REPORT_v1.1.md,1,2327
/mnt/data/p1_v11_source_scan/src2/M09_CORE_IMPACT_ANALYSIS_FULL_v1.0.zip,src2/__nested__/0101/_input/qir/M09_QIR_RESOLUTION_FULL_v1.2/02_REBUILD/M09_QA_DECISION_REGISTER_Q01-Q06_v1.1.xlsx,1,6208
/mnt/data/p1_v11_source_scan/src2/M09_CORE_IMPACT_ANALYSIS_FULL_v1.0.zip,src2/__nested__/0101/_input/qir/M09_QIR_RESOLUTION_FULL_v1.2/02_REBUILD/M09_SUPERSESSION_REGISTER_v1.1.csv,1,1112
/mnt/data/p1_v11_source_scan/src2/M09_CORE_IMPACT_ANALYSIS_FULL_v1.0.zip,src2/__nested__/0101/_input/qir/M09_QIR_RESOLUTION_FULL_v1.2/01_SOURCE_M09_ONLY/README_M09_FULL_REBUILD_CONTROLLED_v1.1.md,1,505
/mnt/data/p1_v11_source_scan/src2/M09_CORE_IMPACT_ANALYSIS_FULL_v1.0.zip,src2/__nested__/0101/_input/qir/M09_QIR_RESOLUTION_FULL_v1.2/01_SOURCE_M09_ONLY/M09_ARCHIVE_INVENTORY_FULL.csv,1,10455
/mnt/data/p1_v11_source_scan/src2/M09_CORE_IMPACT_ANALYSIS_FULL_v1.0.zip,src2/__nested__/0101/_input/qir/M09_QIR_RESOLUTION_FULL_v1.2/01_SOURCE_M09_ONLY/M09_SCOPE_INVENTORY.csv,1,133
/mnt/data/p1_v11_source_scan/src2/M09_CORE_IMPACT_ANALYSIS_FULL_v1.0.zip,src2/__nested__/0101/_input/qir/M09_QIR_RESOLUTION_FULL_v1.2/01_SOURCE_M09_ONLY/RUMAHAGEN_WF-03.2_M09_PERMISSION_REEVALUATION_QA_DECISION_RECORD_v1.0.md,1,12947
/mnt/data/p1_v11_source_scan/src2/M09_CORE_IMPACT_ANALYSIS_FULL_v1.0.zip,src2/__nested__/0101/_input/qir/M09_QIR_RESOLUTION_FULL_v1.2/01_SOURCE_M09_ONLY/M09_SOURCE_MANIFEST_v1.1.csv,1,391
/mnt/data/p1_v11_source_scan/src2/M09_CORE_IMPACT_ANALYSIS_FULL_v1.0.zip,src2/__nested__/0101/_input/qir/M09_QIR_RESOLUTION_FULL_v1.2/03_PERMISSION_MATRIX/M09_FINAL_SEMANTIC_PERMISSION_MATRIX_v1.1.csv,1,1762
/mnt/data/p1_v11_source_scan/src2/M09_CORE_IMPACT_ANALYSIS_FULL_v1.0.zip,src2/__nested__/0101/_input/qir/M09_QIR_RESOLUTION_FULL_v1.2/03_PERMISSION_MATRIX/M09_FINAL_SEMANTIC_PERMISSION_MATRIX_v1.1.xlsx,1,6546
/mnt/data/p1_v11_source_scan/src2/M09_CORE_IMPACT_ANALYSIS_FULL_v1.0.zip,src2/__nested__/0101/_input/qir/M09_QIR_RESOLUTION_FULL_v1.2/07_CORE_M09_EVIDENCE/RBAC_M09_CONTEXT_CURRENT_BASELINE.md,1,1447
/mnt/data/p1_v11_source_scan/src2/M09_CORE_IMPACT_ANALYSIS_FULL_v1.0.zip,src2/__nested__/0101/_input/qir/M09_QIR_RESOLUTION_FULL_v1.2/07_CORE_M09_EVIDENCE/FOCUSED_EXECUTION_PACK_M09_EXTRACT.md,1,3066
/mnt/data/p1_v11_source_scan/src2/M09_CORE_IMPACT_ANALYSIS_FULL_v1.0.zip,src2/__nested__/0101/_input/qir/M09_QIR_RESOLUTION_FULL_v1.2/07_CORE_M09_EVIDENCE/FUNCTIONAL_M09_EXTRACT.md,1,827
/mnt/data/p1_v11_source_scan/src2/M09_CORE_IMPACT_ANALYSIS_FULL_v1.0.zip,src2/__nested__/0101/_input/qir/M09_QIR_RESOLUTION_FULL_v1.2/07_CORE_M09_EVIDENCE/MODULE_DEPENDENCY_M09_EXTRACT.md,1,10241
/mnt/data/p1_v11_source_scan/src2/M09_CORE_IMPACT_ANALYSIS_FULL_v1.0.zip,src2/__nested__/0101/_input/qir/M09_QIR_RESOLUTION_FULL_v1.2/07_CORE_M09_EVIDENCE/EXECUTION_SPEC_M09_EXTRACT.md,1,2611
/mnt/data/p1_v11_source_scan/src2/M09_CORE_IMPACT_ANALYSIS_FULL_v1.0.zip,src2/__nested__/0101/_input/qir/M09_QIR_RESOLUTION_FULL_v1.2/07_CORE_M09_EVIDENCE/MODULE_PLANNING_M09_EXTRACT.md,1,5530
/mnt/data/p1_v11_source_scan/src2/M09_CORE_IMPACT_ANALYSIS_FULL_v1.0.zip,src2/__nested__/0101/_input/qir/M09_QIR_RESOLUTION_FULL_v1.2/07_CORE_M09_EVIDENCE/API_M09_RELEVANT_CURRENT_BASELINE.md,1,903
/mnt/data/p1_v11_source_scan/src2/M09_CORE_IMPACT_ANALYSIS_FULL_v1.0.zip,src2/__nested__/0101/_input/qir/M09_QIR_RESOLUTION_FULL_v1.2/07_CORE_M09_EVIDENCE/TECHNICAL_M09_EXTRACT.md,1,934
/mnt/data/p1_v11_source_scan/src2/M09_CORE_IMPACT_ANALYSIS_FULL_v1.0.zip,src2/__nested__/0101/_input/qir/M09_QIR_RESOLUTION_FULL_v1.2/06_QA/M09_DOWNSTREAM_FINDINGS_AND_STATUS_v1.1.csv,1,1491
/mnt/data/p1_v11_source_scan/src2/M09_CORE_IMPACT_ANALYSIS_FULL_v1.0.zip,src2/__nested__/0101/_input/qir/M09_QIR_RESOLUTION_FULL_v1.2/06_QA/M09_QIR_FINAL_QA_v1.2.md,1,1506
/mnt/data/p1_v11_source_scan/src2/M09_CORE_IMPACT_ANALYSIS_FULL_v1.0.zip,src2/__nested__/0101/_input/qir/M09_QIR_RESOLUTION_FULL_v1.2/06_QA/M09_FINAL_QA_v1.1.md,1,1254
/mnt/data/p1_v11_source_scan/src2/M09_CORE_IMPACT_ANALYSIS_FULL_v1.0.zip,src2/__nested__/0101/_input/qir/M09_QIR_RESOLUTION_FULL_v1.2/04_LIFECYCLE_DEPENDENCY/M09_LIFECYCLE_ACTOR_SCOPE_AUTHORITY_v1.1.md,1,2776
/mnt/data/p1_v11_source_scan/src2/M09_CORE_IMPACT_ANALYSIS_FULL_v1.0.zip,src2/__nested__/0101/_input/qir/M09_QIR_RESOLUTION_FULL_v1.2/04_LIFECYCLE_DEPENDENCY/M09_CROSS_MODULE_DEPENDENCY_RECONCILIATION_v1.1.md,1,1302
/mnt/data/p1_v11_source_scan/src2/M09_CORE_IMPACT_ANALYSIS_FULL_v1.0.zip,src2/__nested__/0101/_input/core/RUMAHAGEN_WIREFRAME_CORE_FINAL_SOURCE_PACK_v1.2/README_CURRENT_BASELINE.md,1,2468
/mnt/data/p1_v11_source_scan/src2/M09_CORE_IMPACT_ANALYSIS_FULL_v1.0.zip,src2/__nested__/0101/_input/core/RUMAHAGEN_WIREFRAME_CORE_FINAL_SOURCE_PACK_v1.2/01_GOVERNANCE/W4-02A.6.2_GOVERNANCE_REGISTER_FULL_CONSOLIDATED_v1.16.docx,1,44768
/mnt/data/p1_v11_source_scan/src2/M09_CORE_IMPACT_ANALYSIS_FULL_v1.0.zip,src2/__nested__/0101/_input/core/RUMAHAGEN_WIREFRAME_CORE_FINAL_SOURCE_PACK_v1.2/01_GOVERNANCE/W4-02A.1_GOVERNANCE_CONSOLIDATION_FINAL_DECISION_AUTHORITY_v1.0.docx,1,41616
/mnt/data/p1_v11_source_scan/src2/M09_CORE_IMPACT_ANALYSIS_FULL_v1.0.zip,src2/__nested__/0101/_input/core/RUMAHAGEN_WIREFRAME_CORE_FINAL_SOURCE_PACK_v1.2/00_CONTROL/W4-02A.6.0_CORE_ARTIFACT_INVENTORY_AND_ORDERING_LOCK_v1.1_BASE_TRACK_37_STEPS.docx,1,41256
/mnt/data/p1_v11_source_scan/src2/M09_CORE_IMPACT_ANALYSIS_FULL_v1.0.zip,src2/__nested__/0101/_input/core/RUMAHAGEN_WIREFRAME_CORE_FINAL_SOURCE_PACK_v1.2/00_CONTROL/SOURCE_INDEX_v1.3.md,1,8161
/mnt/data/p1_v11_source_scan/src2/M09_CORE_IMPACT_ANALYSIS_FULL_v1.0.zip,src2/__nested__/0101/_input/core/RUMAHAGEN_WIREFRAME_CORE_FINAL_SOURCE_PACK_v1.2/00_CONTROL/SOURCE_INDEX_v1.3.csv,1,7285
/mnt/data/p1_v11_source_scan/src2/M09_CORE_IMPACT_ANALYSIS_FULL_v1.0.zip,src2/__nested__/0101/_input/core/RUMAHAGEN_WIREFRAME_CORE_FINAL_SOURCE_PACK_v1.2/00_CONTROL/SHA256_MANIFEST_CORE_FINAL_v1.3.csv,1,7054
/mnt/data/p1_v11_source_scan/src2/M09_CORE_IMPACT_ANALYSIS_FULL_v1.0.zip,src2/__nested__/0101/_input/core/RUMAHAGEN_WIREFRAME_CORE_FINAL_SOURCE_PACK_v1.2/00_CONTROL/W4-02A.7_FINAL_DOCUMENT_FREEZE_AUTHORITY_VERIFICATION_v1.0.md,1,11519
/mnt/data/p1_v11_source_scan/src2/M09_CORE_IMPACT_ANALYSIS_FULL_v1.0.zip,src2/__nested__/0101/_input/core/RUMAHAGEN_WIREFRAME_CORE_FINAL_SOURCE_PACK_v1.2/00_CONTROL/RENAME_REGISTER_6.33.md,1,645
/mnt/data/p1_v11_source_scan/src2/M09_CORE_IMPACT_ANALYSIS_FULL_v1.0.zip,src2/__nested__/0101/_input/core/RUMAHAGEN_WIREFRAME_CORE_FINAL_SOURCE_PACK_v1.2/00_CONTROL/W4-02A.7_RECURSIVE_SOURCE_AUDIT_REGISTER_v1.0.csv,1,208747
/mnt/data/p1_v11_source_scan/src2/M09_CORE_IMPACT_ANALYSIS_FULL_v1.0.zip,src2/__nested__/0101/_input/core/RUMAHAGEN_WIREFRAME_CORE_FINAL_SOURCE_PACK_v1.2/06_DEPENDENCY_MANIFEST/W4-02A.6.7_DEPENDENCY_MANIFEST_FULL_CONSOLIDATED_v1.9.docx,1,48323
/mnt/data/p1_v11_source_scan/src2/M09_CORE_IMPACT_ANALYSIS_FULL_v1.0.zip,src2/__nested__/0101/_input/core/RUMAHAGEN_WIREFRAME_CORE_FINAL_SOURCE_PACK_v1.2/23_M01_M07/W4-02A.6.27_FOCUSED_EXECUTION_PACK_M01-M07_v2.1.md,1,12149
/mnt/data/p1_v11_source_scan/src2/M09_CORE_IMPACT_ANALYSIS_FULL_v1.0.zip,src2/__nested__/0101/_input/core/RUMAHAGEN_WIREFRAME_CORE_FINAL_SOURCE_PACK_v1.2/23_M01_M07/W4-02A.6.27_FOCUSED_EXECUTION_PACK_M01-M07_v2.1.zip,1,32254
/mnt/data/p1_v11_source_scan/src2/__nested__/0101/_input/core/RUMAHAGEN_WIREFRAME_CORE_FINAL_SOURCE_PACK_v1.2/23_M01_M07/W4-02A.6.27_FOCUSED_EXECUTION_PACK_M01-M07_v2.1.zip,src2/__nested__/0101/__nested__/0102/RUMAHAGEN_W4-02A.6.27_FOCUSED_EXECUTION_PACK_M01-M07_v2.1/M01_PHYSICAL_EXECUTION_SPEC_v2.1.md,2,8933
/mnt/data/p1_v11_source_scan/src2/__nested__/0101/_input/core/RUMAHAGEN_WIREFRAME_CORE_FINAL_SOURCE_PACK_v1.2/23_M01_M07/W4-02A.6.27_FOCUSED_EXECUTION_PACK_M01-M07_v2.1.zip,src2/__nested__/0101/__nested__/0102/RUMAHAGEN_W4-02A.6.27_FOCUSED_EXECUTION_PACK_M01-M07_v2.1/M02_PHYSICAL_EXECUTION_SPEC_v2.1.md,2,8656
/mnt/data/p1_v11_source_scan/src2/__nested__/0101/_input/core/RUMAHAGEN_WIREFRAME_CORE_FINAL_SOURCE_PACK_v1.2/23_M01_M07/W4-02A.6.27_FOCUSED_EXECUTION_PACK_M01-M07_v2.1.zip,src2/__nested__/0101/__nested__/0102/RUMAHAGEN_W4-02A.6.27_FOCUSED_EXECUTION_PACK_M01-M07_v2.1/M03_PHYSICAL_EXECUTION_SPEC_v2.1.md,2,9445
/mnt/data/p1_v11_source_scan/src2/__nested__/0101/_input/core/RUMAHAGEN_WIREFRAME_CORE_FINAL_SOURCE_PACK_v1.2/23_M01_M07/W4-02A.6.27_FOCUSED_EXECUTION_PACK_M01-M07_v2.1.zip,src2/__nested__/0101/__nested__/0102/RUMAHAGEN_W4-02A.6.27_FOCUSED_EXECUTION_PACK_M01-M07_v2.1/M04-S_LEARNING_SESSION_EXECUTION_SPEC_v2.1.md,2,2717
/mnt/data/p1_v11_source_scan/src2/__nested__/0101/_input/core/RUMAHAGEN_WIREFRAME_CORE_FINAL_SOURCE_PACK_v1.2/23_M01_M07/W4-02A.6.27_FOCUSED_EXECUTION_PACK_M01-M07_v2.1.zip,src2/__nested__/0101/__nested__/0102/RUMAHAGEN_W4-02A.6.27_FOCUSED_EXECUTION_PACK_M01-M07_v2.1/M04_PHYSICAL_EXECUTION_SPEC_v2.1.md,2,9572
/mnt/data/p1_v11_source_scan/src2/__nested__/0101/_input/core/RUMAHAGEN_WIREFRAME_CORE_FINAL_SOURCE_PACK_v1.2/23_M01_M07/W4-02A.6.27_FOCUSED_EXECUTION_PACK_M01-M07_v2.1.zip,src2/__nested__/0101/__nested__/0102/RUMAHAGEN_W4-02A.6.27_FOCUSED_EXECUTION_PACK_M01-M07_v2.1/M05_PHYSICAL_EXECUTION_SPEC_v2.1.md,2,8391
/mnt/data/p1_v11_source_scan/src2/__nested__/0101/_input/core/RUMAHAGEN_WIREFRAME_CORE_FINAL_SOURCE_PACK_v1.2/23_M01_M07/W4-02A.6.27_FOCUSED_EXECUTION_PACK_M01-M07_v2.1.zip,src2/__nested__/0101/__nested__/0102/RUMAHAGEN_W4-02A.6.27_FOCUSED_EXECUTION_PACK_M01-M07_v2.1/M06_PHYSICAL_EXECUTION_SPEC_v2.1.md,2,8388
/mnt/data/p1_v11_source_scan/src2/__nested__/0101/_input/core/RUMAHAGEN_WIREFRAME_CORE_FINAL_SOURCE_PACK_v1.2/23_M01_M07/W4-02A.6.27_FOCUSED_EXECUTION_PACK_M01-M07_v2.1.zip,src2/__nested__/0101/__nested__/0102/RUMAHAGEN_W4-02A.6.27_FOCUSED_EXECUTION_PACK_M01-M07_v2.1/M07_PHYSICAL_EXECUTION_SPEC_v2.1.md,2,8514
/mnt/data/p1_v11_source_scan/src2/__nested__/0101/_input/core/RUMAHAGEN_WIREFRAME_CORE_FINAL_SOURCE_PACK_v1.2/23_M01_M07/W4-02A.6.27_FOCUSED_EXECUTION_PACK_M01-M07_v2.1.zip,src2/__nested__/0101/__nested__/0102/RUMAHAGEN_W4-02A.6.27_FOCUSED_EXECUTION_PACK_M01-M07_v2.1/RUMAHAGEN_W4-02A.6.27_FOCUSED_EXECUTION_PACK_M01-M07_v2.1.md,2,12149
/mnt/data/p1_v11_source_scan/src2/M09_CORE_IMPACT_ANALYSIS_FULL_v1.0.zip,src2/__nested__/0101/_input/core/RUMAHAGEN_WIREFRAME_CORE_FINAL_SOURCE_PACK_v1.2/23_M01_M07/W4-02A.6.27_FOCUSED_EXECUTION_PACK_M01-M07_v2.1.zip__extracted/RUMAHAGEN_W4-02A.6.27_FOCUSED_EXECUTION_PACK_M01-M07_v2.1/M04-S_LEARNING_SESSION_EXECUTION_SPEC_v2.1.md,1,2717
/mnt/data/p1_v11_source_scan/src2/M09_CORE_IMPACT_ANALYSIS_FULL_v1.0.zip,src2/__nested__/0101/_input/core/RUMAHAGEN_WIREFRAME_CORE_FINAL_SOURCE_PACK_v1.2/23_M01_M07/W4-02A.6.27_FOCUSED_EXECUTION_PACK_M01-M07_v2.1.zip__extracted/RUMAHAGEN_W4-02A.6.27_FOCUSED_EXECUTION_PACK_M01-M07_v2.1/M04_PHYSICAL_EXECUTION_SPEC_v2.1.md,1,9572
/mnt/data/p1_v11_source_scan/src2/M09_CORE_IMPACT_ANALYSIS_FULL_v1.0.zip,src2/__nested__/0101/_input/core/RUMAHAGEN_WIREFRAME_CORE_FINAL_SOURCE_PACK_v1.2/23_M01_M07/W4-02A.6.27_FOCUSED_EXECUTION_PACK_M01-M07_v2.1.zip__extracted/RUMAHAGEN_W4-02A.6.27_FOCUSED_EXECUTION_PACK_M01-M07_v2.1/M05_PHYSICAL_EXECUTION_SPEC_v2.1.md,1,8391
/mnt/data/p1_v11_source_scan/src2/M09_CORE_IMPACT_ANALYSIS_FULL_v1.0.zip,src2/__nested__/0101/_input/core/RUMAHAGEN_WIREFRAME_CORE_FINAL_SOURCE_PACK_v1.2/23_M01_M07/W4-02A.6.27_FOCUSED_EXECUTION_PACK_M01-M07_v2.1.zip__extracted/RUMAHAGEN_W4-02A.6.27_FOCUSED_EXECUTION_PACK_M01-M07_v2.1/M07_PHYSICAL_EXECUTION_SPEC_v2.1.md,1,8514
/mnt/data/p1_v11_source_scan/src2/M09_CORE_IMPACT_ANALYSIS_FULL_v1.0.zip,src2/__nested__/0101/_input/core/RUMAHAGEN_WIREFRAME_CORE_FINAL_SOURCE_PACK_v1.2/23_M01_M07/W4-02A.6.27_FOCUSED_EXECUTION_PACK_M01-M07_v2.1.zip__extracted/RUMAHAGEN_W4-02A.6.27_FOCUSED_EXECUTION_PACK_M01-M07_v2.1/RUMAHAGEN_W4-02A.6.27_FOCUSED_EXECUTION_PACK_M01-M07_v2.1.md,1,12149
/mnt/data/p1_v11_source_scan/src2/M09_CORE_IMPACT_ANALYSIS_FULL_v1.0.zip,src2/__nested__/0101/_input/core/RUMAHAGEN_WIREFRAME_CORE_FINAL_SOURCE_PACK_v1.2/23_M01_M07/W4-02A.6.27_FOCUSED_EXECUTION_PACK_M01-M07_v2.1.zip__extracted/RUMAHAGEN_W4-02A.6.27_FOCUSED_EXECUTION_PACK_M01-M07_v2.1/M06_PHYSICAL_EXECUTION_SPEC_v2.1.md,1,8388
/mnt/data/p1_v11_source_scan/src2/M09_CORE_IMPACT_ANALYSIS_FULL_v1.0.zip,src2/__nested__/0101/_input/core/RUMAHAGEN_WIREFRAME_CORE_FINAL_SOURCE_PACK_v1.2/23_M01_M07/W4-02A.6.27_FOCUSED_EXECUTION_PACK_M01-M07_v2.1.zip__extracted/RUMAHAGEN_W4-02A.6.27_FOCUSED_EXECUTION_PACK_M01-M07_v2.1/M02_PHYSICAL_EXECUTION_SPEC_v2.1.md,1,8656
/mnt/data/p1_v11_source_scan/src2/M09_CORE_IMPACT_ANALYSIS_FULL_v1.0.zip,src2/__nested__/0101/_input/core/RUMAHAGEN_WIREFRAME_CORE_FINAL_SOURCE_PACK_v1.2/23_M01_M07/W4-02A.6.27_FOCUSED_EXECUTION_PACK_M01-M07_v2.1.zip__extracted/RUMAHAGEN_W4-02A.6.27_FOCUSED_EXECUTION_PACK_M01-M07_v2.1/M03_PHYSICAL_EXECUTION_SPEC_v2.1.md,1,9445
/mnt/data/p1_v11_source_scan/src2/M09_CORE_IMPACT_ANALYSIS_FULL_v1.0.zip,src2/__nested__/0101/_input/core/RUMAHAGEN_WIREFRAME_CORE_FINAL_SOURCE_PACK_v1.2/23_M01_M07/W4-02A.6.27_FOCUSED_EXECUTION_PACK_M01-M07_v2.1.zip__extracted/RUMAHAGEN_W4-02A.6.27_FOCUSED_EXECUTION_PACK_M01-M07_v2.1/M01_PHYSICAL_EXECUTION_SPEC_v2.1.md,1,8933
/mnt/data/p1_v11_source_scan/src2/M09_CORE_IMPACT_ANALYSIS_FULL_v1.0.zip,src2/__nested__/0101/_input/core/RUMAHAGEN_WIREFRAME_CORE_FINAL_SOURCE_PACK_v1.2/30_RECONCILIATION_EVIDENCE/W4-02A.5R_SOURCE_UPDATE_REVALIDATION_v1.1.docx,1,38455
/mnt/data/p1_v11_source_scan/src2/M09_CORE_IMPACT_ANALYSIS_FULL_v1.0.zip,src2/__nested__/0101/_input/core/RUMAHAGEN_WIREFRAME_CORE_FINAL_SOURCE_PACK_v1.2/30_RECONCILIATION_EVIDENCE/W4-02A.5_CROSS_DOMAIN_CONFLICT_RESIDUAL_AUDIT_FULL_CONSOLIDATED_v1.0.docx,1,42652
/mnt/data/p1_v11_source_scan/src2/M09_CORE_IMPACT_ANALYSIS_FULL_v1.0.zip,src2/__nested__/0101/_input/core/RUMAHAGEN_WIREFRAME_CORE_FINAL_SOURCE_PACK_v1.2/10_DATABASE_DICTIONARY/W4-02A.6.14_DATABASE_DICTIONARY_CURRENT_LOGICAL_TO_PHYSICAL_DATA_MEANING_FULL_CONSOLIDATED_v2.2.docx,1,78665
/mnt/data/p1_v11_source_scan/src2/M09_CORE_IMPACT_ANALYSIS_FULL_v1.0.zip,src2/__nested__/0101/_input/core/RUMAHAGEN_WIREFRAME_CORE_FINAL_SOURCE_PACK_v1.2/20_MODULE_PLANNING/W4-02A.6.24_REVISED_MODULE_PLANNING_CURRENT_MODULE_DELIVERY_PLANNING_v2.1.md,1,55040
/mnt/data/p1_v11_source_scan/src2/M09_CORE_IMPACT_ANALYSIS_FULL_v1.0.zip,src2/__nested__/0101/_input/core/RUMAHAGEN_WIREFRAME_CORE_FINAL_SOURCE_PACK_v1.2/28_AI_CONTEXT/W4-02A.6.32_AI_CONTEXT_PACK_v2.1.md,1,19773
/mnt/data/p1_v11_source_scan/src2/M09_CORE_IMPACT_ANALYSIS_FULL_v1.0.zip,src2/__nested__/0101/_input/core/RUMAHAGEN_WIREFRAME_CORE_FINAL_SOURCE_PACK_v1.2/14_FUNCTIONAL/W4-02A.6.18_FUNCTIONAL_SPECIFICATION_CURRENT_FUNCTIONAL_IMPLEMENTATION_CONTRACT_v2.1.md,1,60334
/mnt/data/p1_v11_source_scan/src2/M09_CORE_IMPACT_ANALYSIS_FULL_v1.0.zip,src2/__nested__/0101/_input/core/RUMAHAGEN_WIREFRAME_CORE_FINAL_SOURCE_PACK_v1.2/21_EXECUTION_SPECIFICATION/W4-02A.6.25_MODULE_EXECUTION_SPECIFICATION_ARCHITECTURE_v2.1.md,1,46464
/mnt/data/p1_v11_source_scan/src2/M09_CORE_IMPACT_ANALYSIS_FULL_v1.0.zip,src2/__nested__/0101/_input/core/RUMAHAGEN_WIREFRAME_CORE_FINAL_SOURCE_PACK_v1.2/18_MODULE_DEPENDENCY/W4-02A.6.22_MODULE_DEPENDENCY_MATRIX_CROSS_MODULE_DEPENDENCY_CONTRACT_v2.1.md,1,49622
/mnt/data/p1_v11_source_scan/src2/M09_CORE_IMPACT_ANALYSIS_FULL_v1.0.zip,src2/__nested__/0101/_input/core/RUMAHAGEN_WIREFRAME_CORE_FINAL_SOURCE_PACK_v1.2/12_API/W4-02A.6.16_API_SPECIFICATION_CURRENT_API_CONTRACT_BASELINE_FULL_CONSOLIDATED_v2.1.docx,1,65180
/mnt/data/p1_v11_source_scan/src2/M09_CORE_IMPACT_ANALYSIS_FULL_v1.0.zip,src2/__nested__/0101/_input/core/RUMAHAGEN_WIREFRAME_CORE_FINAL_SOURCE_PACK_v1.2/22_EXECUTION_BATCH/W4-02A.6.26_MODULE_EXECUTION_DEPENDENCY_BATCH_PLAN_v2.1.md,1,40666
/mnt/data/p1_v11_source_scan/src2/M09_CORE_IMPACT_ANALYSIS_FULL_v1.0.zip,src2/__nested__/0101/_input/core/RUMAHAGEN_WIREFRAME_CORE_FINAL_SOURCE_PACK_v1.2/04_ARCHITECTURE/W4-02A.6.5_SYSTEM_ARCHITECTURE_FULL_CONSOLIDATED_v1.8.docx,1,93386
/mnt/data/p1_v11_source_scan/src2/M09_CORE_IMPACT_ANALYSIS_FULL_v1.0.zip,src2/__nested__/0101/_input/core/RUMAHAGEN_WIREFRAME_CORE_FINAL_SOURCE_PACK_v1.2/29_FINAL_CONTROL/W4-02A.6.34_CHANGELOG_FINAL_v1.0.docx,1,46682
/mnt/data/p1_v11_source_scan/src2/M09_CORE_IMPACT_ANALYSIS_FULL_v1.0.zip,src2/__nested__/0101/_input/core/RUMAHAGEN_WIREFRAME_CORE_FINAL_SOURCE_PACK_v1.2/29_FINAL_CONTROL/W4-02A.6.37_FINAL_CROSS_DOCUMENT_RECONCILIATION_v1.0.docx,1,56438
/mnt/data/p1_v11_source_scan/src2/M09_CORE_IMPACT_ANALYSIS_FULL_v1.0.zip,src2/__nested__/0101/_input/core/RUMAHAGEN_WIREFRAME_CORE_FINAL_SOURCE_PACK_v1.2/29_FINAL_CONTROL/W4-02A.6.36_CURRENT_PROJECT_STATE_FINAL_rev15.docx,1,45569
/mnt/data/p1_v11_source_scan/src2/M09_CORE_IMPACT_ANALYSIS_FULL_v1.0.zip,src2/__nested__/0101/_input/core/RUMAHAGEN_WIREFRAME_CORE_FINAL_SOURCE_PACK_v1.2/29_FINAL_CONTROL/W4-02A.6.33_DECISION_LOG_FINAL_v2.1.md,1,18845
/mnt/data/p1_v11_source_scan/src2/M09_CORE_IMPACT_ANALYSIS_FULL_v1.0.zip,src2/__nested__/0101/_input/core/RUMAHAGEN_WIREFRAME_CORE_FINAL_SOURCE_PACK_v1.2/29_FINAL_CONTROL/W4-02A.6.35_PROJECT_MANIFEST_FINAL_v1.32.docx,1,44768
/mnt/data/p1_v11_source_scan/src2/M09_CORE_IMPACT_ANALYSIS_FULL_v1.0.zip,src2/__nested__/0101/_input/core/RUMAHAGEN_WIREFRAME_CORE_FINAL_SOURCE_PACK_v1.2/25_EXECUTION_AUDIT/W4-02A.6.29_EXECUTION_PACK_AUDIT_RECONCILIATION_v2.1.md,1,18012
/mnt/data/p1_v11_source_scan/src2/M09_CORE_IMPACT_ANALYSIS_FULL_v1.0.zip,src2/__nested__/0101/_input/core/RUMAHAGEN_WIREFRAME_CORE_FINAL_SOURCE_PACK_v1.2/07_PRD/W4-02A.6.11_PRD_CURRENT_PRODUCT_REQUIREMENTS_FULL_CONSOLIDATED_v2.1.docx,1,48108
/mnt/data/p1_v11_source_scan/src2/M09_CORE_IMPACT_ANALYSIS_FULL_v1.0.zip,src2/__nested__/0101/_input/core/RUMAHAGEN_WIREFRAME_CORE_FINAL_SOURCE_PACK_v1.2/15_TECHNICAL/W4-02A.6.19_TECHNICAL_SPECIFICATION_CURRENT_TECHNICAL_IMPLEMENTATION_CONTRACT_v2.1.md,1,69175
/mnt/data/p1_v11_source_scan/src2/M09_CORE_IMPACT_ANALYSIS_FULL_v1.0.zip,src2/__nested__/0101/_input/core/RUMAHAGEN_WIREFRAME_CORE_FINAL_SOURCE_PACK_v1.2/16_UI_UX/W4-02A.6.20_UI_UX_SPECIFICATION_CURRENT_INTERFACE_BEHAVIOR_CONTRACT_v2.1.md,1,62858
/mnt/data/p1_v11_source_scan/src2/M09_CORE_IMPACT_ANALYSIS_FULL_v1.0.zip,src2/__nested__/0101/_input/core/RUMAHAGEN_WIREFRAME_CORE_FINAL_SOURCE_PACK_v1.2/05_TECHNICAL_DECISIONS/W4-02A.6.6_TECHNICAL_DECISIONS_FULL_CONSOLIDATED_v1.6.docx,1,47059
/mnt/data/p1_v11_source_scan/src2/M09_CORE_IMPACT_ANALYSIS_FULL_v1.0.zip,src2/__nested__/0101/_input/core/RUMAHAGEN_WIREFRAME_CORE_FINAL_SOURCE_PACK_v1.2/08_USER_FLOW/W4-02A.6.12_USER_FLOW_CURRENT_CROSS_DOMAIN_INTERACTION_FLOW_FULL_CONSOLIDATED_v2.1.docx,1,51562
/mnt/data/p1_v11_source_scan/src2/M09_CORE_IMPACT_ANALYSIS_FULL_v1.0.zip,src2/__nested__/0101/_input/core/RUMAHAGEN_WIREFRAME_CORE_FINAL_SOURCE_PACK_v1.2/17_SEO_ANALYTICS/W4-02A.6.21_SEO_ANALYTICS_SPECIFICATION_DISCOVERY_MEASUREMENT_BASELINE_v2.1.md,1,68505
/mnt/data/p1_v11_source_scan/src2/M09_CORE_IMPACT_ANALYSIS_FULL_v1.0.zip,src2/__nested__/0101/_input/core/RUMAHAGEN_WIREFRAME_CORE_FINAL_SOURCE_PACK_v1.2/13_RBAC_RLS/W4-02A.6.17_RBAC_PERMISSION_RLS_CURRENT_AUTHORIZATION_BASELINE_FULL_CONSOLIDATED_v2.1.docx,1,53047
/mnt/data/p1_v11_source_scan/src2/M09_CORE_IMPACT_ANALYSIS_FULL_v1.0.zip,src2/__nested__/0101/_input/core/RUMAHAGEN_WIREFRAME_CORE_FINAL_SOURCE_PACK_v1.2/26_ENGINEERING_ALIGNMENT/W4-02A.6.30_ENGINEERING_ALIGNMENT_GUIDEBOOK_PLAYBOOK_v2.1.md,1,31681
/mnt/data/p1_v11_source_scan/src2/M09_CORE_IMPACT_ANALYSIS_FULL_v1.0.zip,src2/__nested__/0101/_input/core/RUMAHAGEN_WIREFRAME_CORE_FINAL_SOURCE_PACK_v1.2/27_AI_BLUEPRINT/W4-02A.6.31_AI_DEVELOPMENT_BLUEPRINT_v2.1.md,1,29348
/mnt/data/p1_v11_source_scan/src2/M09_CORE_IMPACT_ANALYSIS_FULL_v1.0.zip,src2/__nested__/0101/_input/core/RUMAHAGEN_WIREFRAME_CORE_FINAL_SOURCE_PACK_v1.2/19_IMPLEMENTATION_STRATEGY/W4-02A.6.23_MODULE_IMPLEMENTATION_STRATEGY_INTEGRATED_IMPLEMENTATION_SEQUENCING_v2.1.md,1,56613
/mnt/data/p1_v11_source_scan/src2/M09_CORE_IMPACT_ANALYSIS_FULL_v1.0.zip,src2/__nested__/0101/_input/core/RUMAHAGEN_WIREFRAME_CORE_FINAL_SOURCE_PACK_v1.2/24_M08_M15/W4-02A.6.28_FOCUSED_EXECUTION_PACK_M08-M15_v2.1.zip,1,29640
/mnt/data/p1_v11_source_scan/src2/__nested__/0101/_input/core/RUMAHAGEN_WIREFRAME_CORE_FINAL_SOURCE_PACK_v1.2/24_M08_M15/W4-02A.6.28_FOCUSED_EXECUTION_PACK_M08-M15_v2.1.zip,src2/__nested__/0101/__nested__/0103/RUMAHAGEN_W4-02A.6.28_FOCUSED_EXECUTION_PACK_M08-M15_v2.1/M08_PHYSICAL_EXECUTION_SPEC_v2.1.md,2,6775
/mnt/data/p1_v11_source_scan/src2/__nested__/0101/_input/core/RUMAHAGEN_WIREFRAME_CORE_FINAL_SOURCE_PACK_v1.2/24_M08_M15/W4-02A.6.28_FOCUSED_EXECUTION_PACK_M08-M15_v2.1.zip,src2/__nested__/0101/__nested__/0103/RUMAHAGEN_W4-02A.6.28_FOCUSED_EXECUTION_PACK_M08-M15_v2.1/M09_PHYSICAL_EXECUTION_SPEC_v2.1.md,2,6944
/mnt/data/p1_v11_source_scan/src2/__nested__/0101/_input/core/RUMAHAGEN_WIREFRAME_CORE_FINAL_SOURCE_PACK_v1.2/24_M08_M15/W4-02A.6.28_FOCUSED_EXECUTION_PACK_M08-M15_v2.1.zip,src2/__nested__/0101/__nested__/0103/RUMAHAGEN_W4-02A.6.28_FOCUSED_EXECUTION_PACK_M08-M15_v2.1/M10_PHYSICAL_EXECUTION_SPEC_v2.1.md,2,6625
/mnt/data/p1_v11_source_scan/src2/__nested__/0101/_input/core/RUMAHAGEN_WIREFRAME_CORE_FINAL_SOURCE_PACK_v1.2/24_M08_M15/W4-02A.6.28_FOCUSED_EXECUTION_PACK_M08-M15_v2.1.zip,src2/__nested__/0101/__nested__/0103/RUMAHAGEN_W4-02A.6.28_FOCUSED_EXECUTION_PACK_M08-M15_v2.1/M11_PHYSICAL_EXECUTION_SPEC_v2.1.md,2,6695
/mnt/data/p1_v11_source_scan/src2/__nested__/0101/_input/core/RUMAHAGEN_WIREFRAME_CORE_FINAL_SOURCE_PACK_v1.2/24_M08_M15/W4-02A.6.28_FOCUSED_EXECUTION_PACK_M08-M15_v2.1.zip,src2/__nested__/0101/__nested__/0103/RUMAHAGEN_W4-02A.6.28_FOCUSED_EXECUTION_PACK_M08-M15_v2.1/M12_PHYSICAL_EXECUTION_SPEC_v2.1.md,2,6477
/mnt/data/p1_v11_source_scan/src2/__nested__/0101/_input/core/RUMAHAGEN_WIREFRAME_CORE_FINAL_SOURCE_PACK_v1.2/24_M08_M15/W4-02A.6.28_FOCUSED_EXECUTION_PACK_M08-M15_v2.1.zip,src2/__nested__/0101/__nested__/0103/RUMAHAGEN_W4-02A.6.28_FOCUSED_EXECUTION_PACK_M08-M15_v2.1/M13_PHYSICAL_EXECUTION_SPEC_v2.1.md,2,6463
/mnt/data/p1_v11_source_scan/src2/__nested__/0101/_input/core/RUMAHAGEN_WIREFRAME_CORE_FINAL_SOURCE_PACK_v1.2/24_M08_M15/W4-02A.6.28_FOCUSED_EXECUTION_PACK_M08-M15_v2.1.zip,src2/__nested__/0101/__nested__/0103/RUMAHAGEN_W4-02A.6.28_FOCUSED_EXECUTION_PACK_M08-M15_v2.1/M14_PHYSICAL_EXECUTION_SPEC_v2.1.md,2,6787
/mnt/data/p1_v11_source_scan/src2/__nested__/0101/_input/core/RUMAHAGEN_WIREFRAME_CORE_FINAL_SOURCE_PACK_v1.2/24_M08_M15/W4-02A.6.28_FOCUSED_EXECUTION_PACK_M08-M15_v2.1.zip,src2/__nested__/0101/__nested__/0103/RUMAHAGEN_W4-02A.6.28_FOCUSED_EXECUTION_PACK_M08-M15_v2.1/M15_PHYSICAL_EXECUTION_SPEC_v2.1.md,2,6642
/mnt/data/p1_v11_source_scan/src2/__nested__/0101/_input/core/RUMAHAGEN_WIREFRAME_CORE_FINAL_SOURCE_PACK_v1.2/24_M08_M15/W4-02A.6.28_FOCUSED_EXECUTION_PACK_M08-M15_v2.1.zip,src2/__nested__/0101/__nested__/0103/RUMAHAGEN_W4-02A.6.28_FOCUSED_EXECUTION_PACK_M08-M15_v2.1/RUMAHAGEN_W4-02A.6.28_FOCUSED_EXECUTION_PACK_M08-M15_v2.1.md,2,12958
/mnt/data/p1_v11_source_scan/src2/M09_CORE_IMPACT_ANALYSIS_FULL_v1.0.zip,src2/__nested__/0101/_input/core/RUMAHAGEN_WIREFRAME_CORE_FINAL_SOURCE_PACK_v1.2/24_M08_M15/W4-02A.6.28_FOCUSED_EXECUTION_PACK_M08-M15_v2.1.md,1,12958
/mnt/data/p1_v11_source_scan/src2/M09_CORE_IMPACT_ANALYSIS_FULL_v1.0.zip,src2/__nested__/0101/_input/core/RUMAHAGEN_WIREFRAME_CORE_FINAL_SOURCE_PACK_v1.2/24_M08_M15/W4-02A.6.28_FOCUSED_EXECUTION_PACK_M08-M15_v2.1.zip__extracted/RUMAHAGEN_W4-02A.6.28_FOCUSED_EXECUTION_PACK_M08-M15_v2.1/M09_PHYSICAL_EXECUTION_SPEC_v2.1.md,1,6944
/mnt/data/p1_v11_source_scan/src2/M09_CORE_IMPACT_ANALYSIS_FULL_v1.0.zip,src2/__nested__/0101/_input/core/RUMAHAGEN_WIREFRAME_CORE_FINAL_SOURCE_PACK_v1.2/24_M08_M15/W4-02A.6.28_FOCUSED_EXECUTION_PACK_M08-M15_v2.1.zip__extracted/RUMAHAGEN_W4-02A.6.28_FOCUSED_EXECUTION_PACK_M08-M15_v2.1/M12_PHYSICAL_EXECUTION_SPEC_v2.1.md,1,6477
/mnt/data/p1_v11_source_scan/src2/M09_CORE_IMPACT_ANALYSIS_FULL_v1.0.zip,src2/__nested__/0101/_input/core/RUMAHAGEN_WIREFRAME_CORE_FINAL_SOURCE_PACK_v1.2/24_M08_M15/W4-02A.6.28_FOCUSED_EXECUTION_PACK_M08-M15_v2.1.zip__extracted/RUMAHAGEN_W4-02A.6.28_FOCUSED_EXECUTION_PACK_M08-M15_v2.1/M15_PHYSICAL_EXECUTION_SPEC_v2.1.md,1,6642
/mnt/data/p1_v11_source_scan/src2/M09_CORE_IMPACT_ANALYSIS_FULL_v1.0.zip,src2/__nested__/0101/_input/core/RUMAHAGEN_WIREFRAME_CORE_FINAL_SOURCE_PACK_v1.2/24_M08_M15/W4-02A.6.28_FOCUSED_EXECUTION_PACK_M08-M15_v2.1.zip__extracted/RUMAHAGEN_W4-02A.6.28_FOCUSED_EXECUTION_PACK_M08-M15_v2.1/M14_PHYSICAL_EXECUTION_SPEC_v2.1.md,1,6787
/mnt/data/p1_v11_source_scan/src2/M09_CORE_IMPACT_ANALYSIS_FULL_v1.0.zip,src2/__nested__/0101/_input/core/RUMAHAGEN_WIREFRAME_CORE_FINAL_SOURCE_PACK_v1.2/24_M08_M15/W4-02A.6.28_FOCUSED_EXECUTION_PACK_M08-M15_v2.1.zip__extracted/RUMAHAGEN_W4-02A.6.28_FOCUSED_EXECUTION_PACK_M08-M15_v2.1/M08_PHYSICAL_EXECUTION_SPEC_v2.1.md,1,6775
/mnt/data/p1_v11_source_scan/src2/M09_CORE_IMPACT_ANALYSIS_FULL_v1.0.zip,src2/__nested__/0101/_input/core/RUMAHAGEN_WIREFRAME_CORE_FINAL_SOURCE_PACK_v1.2/24_M08_M15/W4-02A.6.28_FOCUSED_EXECUTION_PACK_M08-M15_v2.1.zip__extracted/RUMAHAGEN_W4-02A.6.28_FOCUSED_EXECUTION_PACK_M08-M15_v2.1/M11_PHYSICAL_EXECUTION_SPEC_v2.1.md,1,6695
/mnt/data/p1_v11_source_scan/src2/M09_CORE_IMPACT_ANALYSIS_FULL_v1.0.zip,src2/__nested__/0101/_input/core/RUMAHAGEN_WIREFRAME_CORE_FINAL_SOURCE_PACK_v1.2/24_M08_M15/W4-02A.6.28_FOCUSED_EXECUTION_PACK_M08-M15_v2.1.zip__extracted/RUMAHAGEN_W4-02A.6.28_FOCUSED_EXECUTION_PACK_M08-M15_v2.1/RUMAHAGEN_W4-02A.6.28_FOCUSED_EXECUTION_PACK_M08-M15_v2.1.md,1,12958
/mnt/data/p1_v11_source_scan/src2/M09_CORE_IMPACT_ANALYSIS_FULL_v1.0.zip,src2/__nested__/0101/_input/core/RUMAHAGEN_WIREFRAME_CORE_FINAL_SOURCE_PACK_v1.2/24_M08_M15/W4-02A.6.28_FOCUSED_EXECUTION_PACK_M08-M15_v2.1.zip__extracted/RUMAHAGEN_W4-02A.6.28_FOCUSED_EXECUTION_PACK_M08-M15_v2.1/M10_PHYSICAL_EXECUTION_SPEC_v2.1.md,1,6625
/mnt/data/p1_v11_source_scan/src2/M09_CORE_IMPACT_ANALYSIS_FULL_v1.0.zip,src2/__nested__/0101/_input/core/RUMAHAGEN_WIREFRAME_CORE_FINAL_SOURCE_PACK_v1.2/24_M08_M15/W4-02A.6.28_FOCUSED_EXECUTION_PACK_M08-M15_v2.1.zip__extracted/RUMAHAGEN_W4-02A.6.28_FOCUSED_EXECUTION_PACK_M08-M15_v2.1/M13_PHYSICAL_EXECUTION_SPEC_v2.1.md,1,6463
/mnt/data/p1_v11_source_scan/src2/M09_CORE_IMPACT_ANALYSIS_FULL_v1.0.zip,src2/__nested__/0101/_input/core/RUMAHAGEN_WIREFRAME_CORE_FINAL_SOURCE_PACK_v1.2/09_ERD/W4-02A.6.13_ERD_CURRENT_LOGICAL_DATA_MODEL_FULL_CONSOLIDATED_v2.1.docx,1,62303
/mnt/data/p1_v11_source_scan/src2/M09_CORE_IMPACT_ANALYSIS_FULL_v1.0.zip,src2/__nested__/0101/_input/core/RUMAHAGEN_WIREFRAME_CORE_FINAL_SOURCE_PACK_v1.2/03_BUSINESS_RULES/W4-02A.6.10_BUSINESS_RULES_BASELINE_TRACEABILITY_FULL_CONSOLIDATED_v1.2_REAUDITED.docx,1,51338
/mnt/data/p1_v11_source_scan/src2/M09_CORE_IMPACT_ANALYSIS_FULL_v1.0.zip,src2/__nested__/0101/_input/core/RUMAHAGEN_WIREFRAME_CORE_FINAL_SOURCE_PACK_v1.2/11_DATABASE_SCHEMA/W4-01E_FINAL_BUILD_FROM_ZERO_SCHEMA_PACKAGE_v2.6.zip,1,18571
/mnt/data/p1_v11_source_scan/src2/__nested__/0101/_input/core/RUMAHAGEN_WIREFRAME_CORE_FINAL_SOURCE_PACK_v1.2/11_DATABASE_SCHEMA/W4-01E_FINAL_BUILD_FROM_ZERO_SCHEMA_PACKAGE_v2.6.zip,src2/__nested__/0101/__nested__/0104/RUMAHAGEN_W4-01E_FINAL_CANONICAL_BUILD_FROM_ZERO_DATABASE_SCHEMA_v2.6.sql,2,106605
/mnt/data/p1_v11_source_scan/src2/__nested__/0101/_input/core/RUMAHAGEN_WIREFRAME_CORE_FINAL_SOURCE_PACK_v1.2/11_DATABASE_SCHEMA/W4-01E_FINAL_BUILD_FROM_ZERO_SCHEMA_PACKAGE_v2.6.zip,src2/__nested__/0101/__nested__/0104/RUMAHAGEN_W4-01E_FINAL_SCHEMA_CLOSURE_AND_FREEZE_v2.6.md,2,1337
/mnt/data/p1_v11_source_scan/src2/__nested__/0101/_input/core/RUMAHAGEN_WIREFRAME_CORE_FINAL_SOURCE_PACK_v1.2/11_DATABASE_SCHEMA/W4-01E_FINAL_BUILD_FROM_ZERO_SCHEMA_PACKAGE_v2.6.zip,src2/__nested__/0101/__nested__/0104/RUMAHAGEN_W4-01E_FINAL_CANONICAL_TABLE_REGISTER_v2.6.csv,2,8023
/mnt/data/p1_v11_source_scan/src2/__nested__/0101/_input/core/RUMAHAGEN_WIREFRAME_CORE_FINAL_SOURCE_PACK_v1.2/11_DATABASE_SCHEMA/W4-01E_FINAL_BUILD_FROM_ZERO_SCHEMA_PACKAGE_v2.6.zip,src2/__nested__/0101/__nested__/0104/RUMAHAGEN_W4-01E_GATE_CLOSURE_REGISTER_v2.6.csv,2,1080
/mnt/data/p1_v11_source_scan/src2/M09_CORE_IMPACT_ANALYSIS_FULL_v1.0.zip,src2/__nested__/0101/_input/core/RUMAHAGEN_WIREFRAME_CORE_FINAL_SOURCE_PACK_v1.2/11_DATABASE_SCHEMA/W4-02A.6.15_DATABASE_SCHEMA_CURRENT_PHYSICAL_SCHEMA_REFERENCE_FULL_CONSOLIDATED_v2.7.docx,1,74525
/mnt/data/p1_v11_source_scan/src2/M09_CORE_IMPACT_ANALYSIS_FULL_v1.0.zip,src2/__nested__/0101/_input/core/RUMAHAGEN_WIREFRAME_CORE_FINAL_SOURCE_PACK_v1.2/11_DATABASE_SCHEMA/W4-02_CANONICAL_BUILD_FROM_ZERO_MIGRATION_PACKAGE_v1.0.zip,1,19788
/mnt/data/p1_v11_source_scan/src2/__nested__/0101/_input/core/RUMAHAGEN_WIREFRAME_CORE_FINAL_SOURCE_PACK_v1.2/11_DATABASE_SCHEMA/W4-02_CANONICAL_BUILD_FROM_ZERO_MIGRATION_PACKAGE_v1.0.zip,src2/__nested__/0101/__nested__/0105/RUMAHAGEN_W4-02_CANONICAL_BUILD_FROM_ZERO_MIGRATION_BASELINE_v1.0.sql,2,113290
/mnt/data/p1_v11_source_scan/src2/__nested__/0101/_input/core/RUMAHAGEN_WIREFRAME_CORE_FINAL_SOURCE_PACK_v1.2/11_DATABASE_SCHEMA/W4-02_CANONICAL_BUILD_FROM_ZERO_MIGRATION_PACKAGE_v1.0.zip,src2/__nested__/0101/__nested__/0105/RUMAHAGEN_W4-02_CANONICAL_MIGRATION_BASELINE_v1.0.md,2,1337
/mnt/data/p1_v11_source_scan/src2/__nested__/0101/_input/core/RUMAHAGEN_WIREFRAME_CORE_FINAL_SOURCE_PACK_v1.2/11_DATABASE_SCHEMA/W4-02_CANONICAL_BUILD_FROM_ZERO_MIGRATION_PACKAGE_v1.0.zip,src2/__nested__/0101/__nested__/0105/RUMAHAGEN_W4-02_EXECUTION_PHASE_REGISTER_v1.0.csv,2,816
/mnt/data/p1_v11_source_scan/src2/__nested__/0101/_input/core/RUMAHAGEN_WIREFRAME_CORE_FINAL_SOURCE_PACK_v1.2/11_DATABASE_SCHEMA/W4-02_CANONICAL_BUILD_FROM_ZERO_MIGRATION_PACKAGE_v1.0.zip,src2/__nested__/0101/__nested__/0105/RUMAHAGEN_W4-02_CANONICAL_86_TABLE_REGISTER_v1.0.csv,2,6480
/mnt/data/p1_v11_source_scan/src2/M09_CORE_IMPACT_ANALYSIS_FULL_v1.0.zip,src2/__nested__/0101/_input/core/RUMAHAGEN_WIREFRAME_CORE_FINAL_SOURCE_PACK_v1.2/11_DATABASE_SCHEMA/RUMAHAGEN_FULL_DATABASE_SCHEMA_SOURCE_ONLY_PACKAGE_v1.0.zip,1,20762
/mnt/data/p1_v11_source_scan/src2/__nested__/0101/_input/core/RUMAHAGEN_WIREFRAME_CORE_FINAL_SOURCE_PACK_v1.2/11_DATABASE_SCHEMA/RUMAHAGEN_FULL_DATABASE_SCHEMA_SOURCE_ONLY_PACKAGE_v1.0.zip,src2/__nested__/0101/__nested__/0106/RUMAHAGEN_FULL_DATABASE_SCHEMA_SOURCE_ONLY_v1.0.sql,2,104518
/mnt/data/p1_v11_source_scan/src2/__nested__/0101/_input/core/RUMAHAGEN_WIREFRAME_CORE_FINAL_SOURCE_PACK_v1.2/11_DATABASE_SCHEMA/RUMAHAGEN_FULL_DATABASE_SCHEMA_SOURCE_ONLY_PACKAGE_v1.0.zip,src2/__nested__/0101/__nested__/0106/RUMAHAGEN_FULL_DATABASE_SCHEMA_SOURCE_ONLY_v1.0.md,2,5307
/mnt/data/p1_v11_source_scan/src2/M09_CORE_IMPACT_ANALYSIS_FULL_v1.0.zip,src2/__nested__/0101/_input/core/RUMAHAGEN_WIREFRAME_CORE_FINAL_SOURCE_PACK_v1.2/11_DATABASE_SCHEMA/W4-02_CANONICAL_BUILD_FROM_ZERO_MIGRATION_PACKAGE_v1.0.zip__extracted/RUMAHAGEN_W4-02_CANONICAL_BUILD_FROM_ZERO_MIGRATION_BASELINE_v1.0.sql,1,113290
/mnt/data/p1_v11_source_scan/src2/M09_CORE_IMPACT_ANALYSIS_FULL_v1.0.zip,src2/__nested__/0101/_input/core/RUMAHAGEN_WIREFRAME_CORE_FINAL_SOURCE_PACK_v1.2/11_DATABASE_SCHEMA/W4-02_CANONICAL_BUILD_FROM_ZERO_MIGRATION_PACKAGE_v1.0.zip__extracted/RUMAHAGEN_W4-02_CANONICAL_86_TABLE_REGISTER_v1.0.csv,1,6480
/mnt/data/p1_v11_source_scan/src2/M09_CORE_IMPACT_ANALYSIS_FULL_v1.0.zip,src2/__nested__/0101/_input/core/RUMAHAGEN_WIREFRAME_CORE_FINAL_SOURCE_PACK_v1.2/11_DATABASE_SCHEMA/W4-02_CANONICAL_BUILD_FROM_ZERO_MIGRATION_PACKAGE_v1.0.zip__extracted/RUMAHAGEN_W4-02_EXECUTION_PHASE_REGISTER_v1.0.csv,1,816
/mnt/data/p1_v11_source_scan/src2/M09_CORE_IMPACT_ANALYSIS_FULL_v1.0.zip,src2/__nested__/0101/_input/core/RUMAHAGEN_WIREFRAME_CORE_FINAL_SOURCE_PACK_v1.2/11_DATABASE_SCHEMA/W4-02_CANONICAL_BUILD_FROM_ZERO_MIGRATION_PACKAGE_v1.0.zip__extracted/RUMAHAGEN_W4-02_CANONICAL_MIGRATION_BASELINE_v1.0.md,1,1337
/mnt/data/p1_v11_source_scan/src2/M09_CORE_IMPACT_ANALYSIS_FULL_v1.0.zip,src2/__nested__/0101/_input/core/RUMAHAGEN_WIREFRAME_CORE_FINAL_SOURCE_PACK_v1.2/11_DATABASE_SCHEMA/W4-01E_FINAL_BUILD_FROM_ZERO_SCHEMA_PACKAGE_v2.6.zip__extracted/RUMAHAGEN_W4-01E_FINAL_CANONICAL_TABLE_REGISTER_v2.6.csv,1,8023
/mnt/data/p1_v11_source_scan/src2/M09_CORE_IMPACT_ANALYSIS_FULL_v1.0.zip,src2/__nested__/0101/_input/core/RUMAHAGEN_WIREFRAME_CORE_FINAL_SOURCE_PACK_v1.2/11_DATABASE_SCHEMA/W4-01E_FINAL_BUILD_FROM_ZERO_SCHEMA_PACKAGE_v2.6.zip__extracted/RUMAHAGEN_W4-01E_FINAL_CANONICAL_BUILD_FROM_ZERO_DATABASE_SCHEMA_v2.6.sql,1,106605
/mnt/data/p1_v11_source_scan/src2/M09_CORE_IMPACT_ANALYSIS_FULL_v1.0.zip,src2/__nested__/0101/_input/core/RUMAHAGEN_WIREFRAME_CORE_FINAL_SOURCE_PACK_v1.2/11_DATABASE_SCHEMA/W4-01E_FINAL_BUILD_FROM_ZERO_SCHEMA_PACKAGE_v2.6.zip__extracted/RUMAHAGEN_W4-01E_GATE_CLOSURE_REGISTER_v2.6.csv,1,1080
/mnt/data/p1_v11_source_scan/src2/M09_CORE_IMPACT_ANALYSIS_FULL_v1.0.zip,src2/__nested__/0101/_input/core/RUMAHAGEN_WIREFRAME_CORE_FINAL_SOURCE_PACK_v1.2/11_DATABASE_SCHEMA/W4-01E_FINAL_BUILD_FROM_ZERO_SCHEMA_PACKAGE_v2.6.zip__extracted/RUMAHAGEN_W4-01E_FINAL_SCHEMA_CLOSURE_AND_FREEZE_v2.6.md,1,1337
/mnt/data/p1_v11_source_scan/src2/M09_CORE_IMPACT_ANALYSIS_FULL_v1.0.zip,src2/__nested__/0101/_input/core/RUMAHAGEN_WIREFRAME_CORE_FINAL_SOURCE_PACK_v1.2/11_DATABASE_SCHEMA/RUMAHAGEN_FULL_DATABASE_SCHEMA_SOURCE_ONLY_PACKAGE_v1.0.zip__extracted/RUMAHAGEN_FULL_DATABASE_SCHEMA_SOURCE_ONLY_v1.0.sql,1,104518
/mnt/data/p1_v11_source_scan/src2/M09_CORE_IMPACT_ANALYSIS_FULL_v1.0.zip,src2/__nested__/0101/_input/core/RUMAHAGEN_WIREFRAME_CORE_FINAL_SOURCE_PACK_v1.2/11_DATABASE_SCHEMA/RUMAHAGEN_FULL_DATABASE_SCHEMA_SOURCE_ONLY_PACKAGE_v1.0.zip__extracted/RUMAHAGEN_FULL_DATABASE_SCHEMA_SOURCE_ONLY_v1.0.md,1,5307
/mnt/data/p1_v11_source_scan/src2/M09_CORE_IMPACT_ANALYSIS_FULL_v1.0.zip,src2/__nested__/0101/_input/rebuild/RUMAHAGEN_WF03_M09_FULL_REBUILD_CONTROLLED_v1.1/README_M09_FULL_REBUILD_CONTROLLED_v1.1.md,1,505
/mnt/data/p1_v11_source_scan/src2/M09_CORE_IMPACT_ANALYSIS_FULL_v1.0.zip,src2/__nested__/0101/_input/rebuild/RUMAHAGEN_WF03_M09_FULL_REBUILD_CONTROLLED_v1.1/02_REBUILD/M09_QA_DECISION_REGISTER_Q01-Q06_v1.1.csv,1,1514
/mnt/data/p1_v11_source_scan/src2/M09_CORE_IMPACT_ANALYSIS_FULL_v1.0.zip,src2/__nested__/0101/_input/rebuild/RUMAHAGEN_WF03_M09_FULL_REBUILD_CONTROLLED_v1.1/02_REBUILD/00_M09_FULL_REBUILD_FINAL_REPORT_v1.1.md,1,2327
/mnt/data/p1_v11_source_scan/src2/M09_CORE_IMPACT_ANALYSIS_FULL_v1.0.zip,src2/__nested__/0101/_input/rebuild/RUMAHAGEN_WF03_M09_FULL_REBUILD_CONTROLLED_v1.1/02_REBUILD/M09_QA_DECISION_REGISTER_Q01-Q06_v1.1.xlsx,1,6208
/mnt/data/p1_v11_source_scan/src2/M09_CORE_IMPACT_ANALYSIS_FULL_v1.0.zip,src2/__nested__/0101/_input/rebuild/RUMAHAGEN_WF03_M09_FULL_REBUILD_CONTROLLED_v1.1/02_REBUILD/M09_SUPERSESSION_REGISTER_v1.1.csv,1,1112
/mnt/data/p1_v11_source_scan/src2/M09_CORE_IMPACT_ANALYSIS_FULL_v1.0.zip,src2/__nested__/0101/_input/rebuild/RUMAHAGEN_WF03_M09_FULL_REBUILD_CONTROLLED_v1.1/01_SOURCE_M09_ONLY/M09_ARCHIVE_INVENTORY_FULL.csv,1,10455
/mnt/data/p1_v11_source_scan/src2/M09_CORE_IMPACT_ANALYSIS_FULL_v1.0.zip,src2/__nested__/0101/_input/rebuild/RUMAHAGEN_WF03_M09_FULL_REBUILD_CONTROLLED_v1.1/01_SOURCE_M09_ONLY/M09_SCOPE_INVENTORY.csv,1,133
/mnt/data/p1_v11_source_scan/src2/M09_CORE_IMPACT_ANALYSIS_FULL_v1.0.zip,src2/__nested__/0101/_input/rebuild/RUMAHAGEN_WF03_M09_FULL_REBUILD_CONTROLLED_v1.1/01_SOURCE_M09_ONLY/RUMAHAGEN_WF-03.2_M09_PERMISSION_REEVALUATION_QA_DECISION_RECORD_v1.0.md,1,12947
/mnt/data/p1_v11_source_scan/src2/M09_CORE_IMPACT_ANALYSIS_FULL_v1.0.zip,src2/__nested__/0101/_input/rebuild/RUMAHAGEN_WF03_M09_FULL_REBUILD_CONTROLLED_v1.1/01_SOURCE_M09_ONLY/M09_SOURCE_MANIFEST_v1.1.csv,1,391
/mnt/data/p1_v11_source_scan/src2/M09_CORE_IMPACT_ANALYSIS_FULL_v1.0.zip,src2/__nested__/0101/_input/rebuild/RUMAHAGEN_WF03_M09_FULL_REBUILD_CONTROLLED_v1.1/03_PERMISSION_MATRIX/M09_FINAL_SEMANTIC_PERMISSION_MATRIX_v1.1.csv,1,1762
/mnt/data/p1_v11_source_scan/src2/M09_CORE_IMPACT_ANALYSIS_FULL_v1.0.zip,src2/__nested__/0101/_input/rebuild/RUMAHAGEN_WF03_M09_FULL_REBUILD_CONTROLLED_v1.1/03_PERMISSION_MATRIX/M09_FINAL_SEMANTIC_PERMISSION_MATRIX_v1.1.xlsx,1,6546
/mnt/data/p1_v11_source_scan/src2/M09_CORE_IMPACT_ANALYSIS_FULL_v1.0.zip,src2/__nested__/0101/_input/rebuild/RUMAHAGEN_WF03_M09_FULL_REBUILD_CONTROLLED_v1.1/05_QA/M09_DOWNSTREAM_FINDINGS_AND_STATUS_v1.1.csv,1,1491
/mnt/data/p1_v11_source_scan/src2/M09_CORE_IMPACT_ANALYSIS_FULL_v1.0.zip,src2/__nested__/0101/_input/rebuild/RUMAHAGEN_WF03_M09_FULL_REBUILD_CONTROLLED_v1.1/05_QA/M09_FINAL_QA_v1.1.md,1,1254
/mnt/data/p1_v11_source_scan/src2/M09_CORE_IMPACT_ANALYSIS_FULL_v1.0.zip,src2/__nested__/0101/_input/rebuild/RUMAHAGEN_WF03_M09_FULL_REBUILD_CONTROLLED_v1.1/04_LIFECYCLE_DEPENDENCY/M09_LIFECYCLE_ACTOR_SCOPE_AUTHORITY_v1.1.md,1,2776
/mnt/data/p1_v11_source_scan/src2/M09_CORE_IMPACT_ANALYSIS_FULL_v1.0.zip,src2/__nested__/0101/_input/rebuild/RUMAHAGEN_WF03_M09_FULL_REBUILD_CONTROLLED_v1.1/04_LIFECYCLE_DEPENDENCY/M09_CROSS_MODULE_DEPENDENCY_RECONCILIATION_v1.1.md,1,1302
/mnt/data/M01-M15 new recon(20260907-081753).zip,src2/M09_QIR_RESOLUTION_FULL_v1.2.zip,0,52713
/mnt/data/p1_v11_source_scan/src2/M09_QIR_RESOLUTION_FULL_v1.2.zip,src2/__nested__/0107/M09_QIR_RESOLUTION_FULL_v1.2/00_CONTROL/M09_QIR_RESOLUTION_SCOPE_INVENTORY_v1.2.csv,1,696
/mnt/data/p1_v11_source_scan/src2/M09_QIR_RESOLUTION_FULL_v1.2.zip,src2/__nested__/0107/M09_QIR_RESOLUTION_FULL_v1.2/00_CONTROL/SHA256_MANIFEST_M09_QIR_RESOLUTION_FULL_v1.2.txt,1,3692
/mnt/data/p1_v11_source_scan/src2/M09_QIR_RESOLUTION_FULL_v1.2.zip,src2/__nested__/0107/M09_QIR_RESOLUTION_FULL_v1.2/00_CONTROL/README_M09_QIR_RESOLUTION_FULL_v1.2.md,1,1811
/mnt/data/p1_v11_source_scan/src2/M09_QIR_RESOLUTION_FULL_v1.2.zip,src2/__nested__/0107/M09_QIR_RESOLUTION_FULL_v1.2/05_QIR_RESOLUTION/M09_CROSS_DOCUMENT_CONTRADICTION_RESCAN_v1.2.csv,1,1170
/mnt/data/p1_v11_source_scan/src2/M09_QIR_RESOLUTION_FULL_v1.2.zip,src2/__nested__/0107/M09_QIR_RESOLUTION_FULL_v1.2/05_QIR_RESOLUTION/M09_QIR_RESOLUTION_RECORD_v1.2.md,1,7220
/mnt/data/p1_v11_source_scan/src2/M09_QIR_RESOLUTION_FULL_v1.2.zip,src2/__nested__/0107/M09_QIR_RESOLUTION_FULL_v1.2/05_QIR_RESOLUTION/M09_CORE_PROPAGATION_REGISTER_v1.2.csv,1,1027
/mnt/data/p1_v11_source_scan/src2/M09_QIR_RESOLUTION_FULL_v1.2.zip,src2/__nested__/0107/M09_QIR_RESOLUTION_FULL_v1.2/02_REBUILD/M09_QA_DECISION_REGISTER_Q01-Q06_v1.1.csv,1,1514
/mnt/data/p1_v11_source_scan/src2/M09_QIR_RESOLUTION_FULL_v1.2.zip,src2/__nested__/0107/M09_QIR_RESOLUTION_FULL_v1.2/02_REBUILD/00_M09_FULL_REBUILD_FINAL_REPORT_v1.1.md,1,2327
/mnt/data/p1_v11_source_scan/src2/M09_QIR_RESOLUTION_FULL_v1.2.zip,src2/__nested__/0107/M09_QIR_RESOLUTION_FULL_v1.2/02_REBUILD/M09_QA_DECISION_REGISTER_Q01-Q06_v1.1.xlsx,1,6208
/mnt/data/p1_v11_source_scan/src2/M09_QIR_RESOLUTION_FULL_v1.2.zip,src2/__nested__/0107/M09_QIR_RESOLUTION_FULL_v1.2/02_REBUILD/M09_SUPERSESSION_REGISTER_v1.1.csv,1,1112
/mnt/data/p1_v11_source_scan/src2/M09_QIR_RESOLUTION_FULL_v1.2.zip,src2/__nested__/0107/M09_QIR_RESOLUTION_FULL_v1.2/01_SOURCE_M09_ONLY/README_M09_FULL_REBUILD_CONTROLLED_v1.1.md,1,505
/mnt/data/p1_v11_source_scan/src2/M09_QIR_RESOLUTION_FULL_v1.2.zip,src2/__nested__/0107/M09_QIR_RESOLUTION_FULL_v1.2/01_SOURCE_M09_ONLY/M09_ARCHIVE_INVENTORY_FULL.csv,1,10455
/mnt/data/p1_v11_source_scan/src2/M09_QIR_RESOLUTION_FULL_v1.2.zip,src2/__nested__/0107/M09_QIR_RESOLUTION_FULL_v1.2/01_SOURCE_M09_ONLY/M09_SCOPE_INVENTORY.csv,1,133
/mnt/data/p1_v11_source_scan/src2/M09_QIR_RESOLUTION_FULL_v1.2.zip,src2/__nested__/0107/M09_QIR_RESOLUTION_FULL_v1.2/01_SOURCE_M09_ONLY/RUMAHAGEN_WF-03.2_M09_PERMISSION_REEVALUATION_QA_DECISION_RECORD_v1.0.md,1,12947
/mnt/data/p1_v11_source_scan/src2/M09_QIR_RESOLUTION_FULL_v1.2.zip,src2/__nested__/0107/M09_QIR_RESOLUTION_FULL_v1.2/01_SOURCE_M09_ONLY/M09_SOURCE_MANIFEST_v1.1.csv,1,391
/mnt/data/p1_v11_source_scan/src2/M09_QIR_RESOLUTION_FULL_v1.2.zip,src2/__nested__/0107/M09_QIR_RESOLUTION_FULL_v1.2/03_PERMISSION_MATRIX/M09_FINAL_SEMANTIC_PERMISSION_MATRIX_v1.1.csv,1,1762
/mnt/data/p1_v11_source_scan/src2/M09_QIR_RESOLUTION_FULL_v1.2.zip,src2/__nested__/0107/M09_QIR_RESOLUTION_FULL_v1.2/03_PERMISSION_MATRIX/M09_FINAL_SEMANTIC_PERMISSION_MATRIX_v1.1.xlsx,1,6546
/mnt/data/p1_v11_source_scan/src2/M09_QIR_RESOLUTION_FULL_v1.2.zip,src2/__nested__/0107/M09_QIR_RESOLUTION_FULL_v1.2/07_CORE_M09_EVIDENCE/RBAC_M09_CONTEXT_CURRENT_BASELINE.md,1,1447
/mnt/data/p1_v11_source_scan/src2/M09_QIR_RESOLUTION_FULL_v1.2.zip,src2/__nested__/0107/M09_QIR_RESOLUTION_FULL_v1.2/07_CORE_M09_EVIDENCE/FOCUSED_EXECUTION_PACK_M09_EXTRACT.md,1,3066
/mnt/data/p1_v11_source_scan/src2/M09_QIR_RESOLUTION_FULL_v1.2.zip,src2/__nested__/0107/M09_QIR_RESOLUTION_FULL_v1.2/07_CORE_M09_EVIDENCE/FUNCTIONAL_M09_EXTRACT.md,1,827
/mnt/data/p1_v11_source_scan/src2/M09_QIR_RESOLUTION_FULL_v1.2.zip,src2/__nested__/0107/M09_QIR_RESOLUTION_FULL_v1.2/07_CORE_M09_EVIDENCE/MODULE_DEPENDENCY_M09_EXTRACT.md,1,10241
/mnt/data/p1_v11_source_scan/src2/M09_QIR_RESOLUTION_FULL_v1.2.zip,src2/__nested__/0107/M09_QIR_RESOLUTION_FULL_v1.2/07_CORE_M09_EVIDENCE/EXECUTION_SPEC_M09_EXTRACT.md,1,2611
/mnt/data/p1_v11_source_scan/src2/M09_QIR_RESOLUTION_FULL_v1.2.zip,src2/__nested__/0107/M09_QIR_RESOLUTION_FULL_v1.2/07_CORE_M09_EVIDENCE/MODULE_PLANNING_M09_EXTRACT.md,1,5530
/mnt/data/p1_v11_source_scan/src2/M09_QIR_RESOLUTION_FULL_v1.2.zip,src2/__nested__/0107/M09_QIR_RESOLUTION_FULL_v1.2/07_CORE_M09_EVIDENCE/API_M09_RELEVANT_CURRENT_BASELINE.md,1,903
/mnt/data/p1_v11_source_scan/src2/M09_QIR_RESOLUTION_FULL_v1.2.zip,src2/__nested__/0107/M09_QIR_RESOLUTION_FULL_v1.2/07_CORE_M09_EVIDENCE/TECHNICAL_M09_EXTRACT.md,1,934
/mnt/data/p1_v11_source_scan/src2/M09_QIR_RESOLUTION_FULL_v1.2.zip,src2/__nested__/0107/M09_QIR_RESOLUTION_FULL_v1.2/06_QA/M09_DOWNSTREAM_FINDINGS_AND_STATUS_v1.1.csv,1,1491
/mnt/data/p1_v11_source_scan/src2/M09_QIR_RESOLUTION_FULL_v1.2.zip,src2/__nested__/0107/M09_QIR_RESOLUTION_FULL_v1.2/06_QA/M09_QIR_FINAL_QA_v1.2.md,1,1506
/mnt/data/p1_v11_source_scan/src2/M09_QIR_RESOLUTION_FULL_v1.2.zip,src2/__nested__/0107/M09_QIR_RESOLUTION_FULL_v1.2/06_QA/M09_FINAL_QA_v1.1.md,1,1254
/mnt/data/p1_v11_source_scan/src2/M09_QIR_RESOLUTION_FULL_v1.2.zip,src2/__nested__/0107/M09_QIR_RESOLUTION_FULL_v1.2/04_LIFECYCLE_DEPENDENCY/M09_LIFECYCLE_ACTOR_SCOPE_AUTHORITY_v1.1.md,1,2776
/mnt/data/p1_v11_source_scan/src2/M09_QIR_RESOLUTION_FULL_v1.2.zip,src2/__nested__/0107/M09_QIR_RESOLUTION_FULL_v1.2/04_LIFECYCLE_DEPENDENCY/M09_CROSS_MODULE_DEPENDENCY_RECONCILIATION_v1.1.md,1,1302
/mnt/data/M01-M15 new recon(20260907-081753).zip,src2/RUMAHAGEN_WF03_M10_FULL_REBUILD_CONTROLLED_v1.1_FULL_VERSION.zip,0,207929
/mnt/data/p1_v11_source_scan/src2/RUMAHAGEN_WF03_M10_FULL_REBUILD_CONTROLLED_v1.1_FULL_VERSION.zip,src2/__nested__/0108/RUMAHAGEN_WF03_M10_FULL_REBUILD_CONTROLLED_v1.1/M10_CONTROLLED_SOURCE_MANIFEST_v1.1.md,1,1851
/mnt/data/p1_v11_source_scan/src2/RUMAHAGEN_WF03_M10_FULL_REBUILD_CONTROLLED_v1.1_FULL_VERSION.zip,src2/__nested__/0108/RUMAHAGEN_WF03_M10_FULL_REBUILD_CONTROLLED_v1.1/M10_QUESTION_DECISION_REGISTER_v1.1.csv,1,3213
/mnt/data/p1_v11_source_scan/src2/RUMAHAGEN_WF03_M10_FULL_REBUILD_CONTROLLED_v1.1_FULL_VERSION.zip,src2/__nested__/0108/RUMAHAGEN_WF03_M10_FULL_REBUILD_CONTROLLED_v1.1/RUMAHAGEN_WF03_M10_FULL_REBUILD_CONTROLLED_v1.1.md,1,16841
/mnt/data/p1_v11_source_scan/src2/RUMAHAGEN_WF03_M10_FULL_REBUILD_CONTROLLED_v1.1_FULL_VERSION.zip,src2/__nested__/0108/RUMAHAGEN_WF03_M10_FULL_REBUILD_CONTROLLED_v1.1/M10_DEEP_SCAN_RECONCILIATION_REPORT_v1.1.md,1,795
/mnt/data/p1_v11_source_scan/src2/RUMAHAGEN_WF03_M10_FULL_REBUILD_CONTROLLED_v1.1_FULL_VERSION.zip,src2/__nested__/0108/RUMAHAGEN_WF03_M10_FULL_REBUILD_CONTROLLED_v1.1/RUMAHAGEN_WF03_M10_FULL_REBUILD_CONTROLLED_v1.1.docx,1,39662
/mnt/data/p1_v11_source_scan/src2/RUMAHAGEN_WF03_M10_FULL_REBUILD_CONTROLLED_v1.1_FULL_VERSION.zip,src2/__nested__/0108/RUMAHAGEN_WF03_M10_FULL_REBUILD_CONTROLLED_v1.1/SOURCE_M10_ONLY/RUMAHAGEN_WF-03.2_M10A_PHYSICAL_RECONCILIATION_DELTA_W4_SCHEMA_API_ERD_v1.0.md,1,14372
/mnt/data/p1_v11_source_scan/src2/RUMAHAGEN_WF03_M10_FULL_REBUILD_CONTROLLED_v1.1_FULL_VERSION.zip,src2/__nested__/0108/RUMAHAGEN_WF03_M10_FULL_REBUILD_CONTROLLED_v1.1/SOURCE_M10_ONLY/RUMAHAGEN_GLOBAL_M10_PERMISSION_CATALOGUE_RECOVERY_RECONCILIATION_v1.0.docx,1,39666
/mnt/data/p1_v11_source_scan/src2/RUMAHAGEN_WF03_M10_FULL_REBUILD_CONTROLLED_v1.1_FULL_VERSION.zip,src2/__nested__/0108/RUMAHAGEN_WF03_M10_FULL_REBUILD_CONTROLLED_v1.1/SOURCE_M10_ONLY/CORE_API_M10_EXTRACT_v2.1.txt,1,13744
/mnt/data/p1_v11_source_scan/src2/RUMAHAGEN_WF03_M10_FULL_REBUILD_CONTROLLED_v1.1_FULL_VERSION.zip,src2/__nested__/0108/RUMAHAGEN_WF03_M10_FULL_REBUILD_CONTROLLED_v1.1/SOURCE_M10_ONLY/CORE_UIUX_M10_EXTRACT_v2.1.txt,1,10914
/mnt/data/p1_v11_source_scan/src2/RUMAHAGEN_WF03_M10_FULL_REBUILD_CONTROLLED_v1.1_FULL_VERSION.zip,src2/__nested__/0108/RUMAHAGEN_WF03_M10_FULL_REBUILD_CONTROLLED_v1.1/SOURCE_M10_ONLY/RUMAHAGEN_WF-03.2_M10A_PHYSICAL_RECONCILIATION_DELTA_W4_SCHEMA_API_ERD_v1.0.docx,1,42261
/mnt/data/p1_v11_source_scan/src2/RUMAHAGEN_WF03_M10_FULL_REBUILD_CONTROLLED_v1.1_FULL_VERSION.zip,src2/__nested__/0108/RUMAHAGEN_WF03_M10_FULL_REBUILD_CONTROLLED_v1.1/SOURCE_M10_ONLY/RECON_M10_RELEVANT_FILE_INDEX.txt,1,225
/mnt/data/p1_v11_source_scan/src2/RUMAHAGEN_WF03_M10_FULL_REBUILD_CONTROLLED_v1.1_FULL_VERSION.zip,src2/__nested__/0108/RUMAHAGEN_WF03_M10_FULL_REBUILD_CONTROLLED_v1.1/SOURCE_M10_ONLY/CORE_RBAC_M10_EXTRACT_v2.1.txt,1,26680
/mnt/data/p1_v11_source_scan/src2/RUMAHAGEN_WF03_M10_FULL_REBUILD_CONTROLLED_v1.1_FULL_VERSION.zip,src2/__nested__/0108/RUMAHAGEN_WF03_M10_FULL_REBUILD_CONTROLLED_v1.1/SOURCE_M10_ONLY/CORE_DB_M10_EXTRACT_v2.2.txt,1,7332
/mnt/data/p1_v11_source_scan/src2/RUMAHAGEN_WF03_M10_FULL_REBUILD_CONTROLLED_v1.1_FULL_VERSION.zip,src2/__nested__/0108/RUMAHAGEN_WF03_M10_FULL_REBUILD_CONTROLLED_v1.1/SOURCE_M10_ONLY/RUMAHAGEN_WF-03.2_M10A_PERMISSION_REEVALUATION_QA_DECISION_RECORD_v1.0 (1).md,1,15343
/mnt/data/p1_v11_source_scan/src2/RUMAHAGEN_WF03_M10_FULL_REBUILD_CONTROLLED_v1.1_FULL_VERSION.zip,src2/__nested__/0108/RUMAHAGEN_WF03_M10_FULL_REBUILD_CONTROLLED_v1.1/SOURCE_M10_ONLY/RUMAHAGEN_WF-03.2_M10D_FINAL_CROSS_RECONCILIATION_v1.0.md,1,10351
/mnt/data/p1_v11_source_scan/src2/RUMAHAGEN_WF03_M10_FULL_REBUILD_CONTROLLED_v1.1_FULL_VERSION.zip,src2/__nested__/0108/RUMAHAGEN_WF03_M10_FULL_REBUILD_CONTROLLED_v1.1/SOURCE_M10_ONLY/CORE_ERD_M10_EXTRACT_v2.1.txt,1,7122
/mnt/data/p1_v11_source_scan/src2/RUMAHAGEN_WF03_M10_FULL_REBUILD_CONTROLLED_v1.1_FULL_VERSION.zip,src2/__nested__/0108/RUMAHAGEN_WF03_M10_FULL_REBUILD_CONTROLLED_v1.1/SOURCE_M10_ONLY/RUMAHAGEN_WF-03.2_M10C_REVISED_FINAL_RECORD_v1.1.docx,1,41727
/mnt/data/p1_v11_source_scan/src2/RUMAHAGEN_WF03_M10_FULL_REBUILD_CONTROLLED_v1.1_FULL_VERSION.zip,src2/__nested__/0108/RUMAHAGEN_WF03_M10_FULL_REBUILD_CONTROLLED_v1.1/SOURCE_M10_ONLY/CORE_DEPENDENCY_M10_EXTRACT_v2.1.txt,1,9792
/mnt/data/M01-M15 new recon(20260907-081753).zip,src2/RUMAHAGEN_WF03_M10_CORE_IMPACT_ANALYSIS_FULL_VERSION_v1.0.zip,0,565130
/mnt/data/p1_v11_source_scan/src2/RUMAHAGEN_WF03_M10_CORE_IMPACT_ANALYSIS_FULL_VERSION_v1.0.zip,src2/__nested__/0109/RUMAHAGEN_WF03_M10_CORE_IMPACT_ANALYSIS_FULL_VERSION_v1.0/M10_CORE_CONTROLLED_SOURCE_MANIFEST_v1.0.md,1,19960
/mnt/data/p1_v11_source_scan/src2/RUMAHAGEN_WF03_M10_CORE_IMPACT_ANALYSIS_FULL_VERSION_v1.0.zip,src2/__nested__/0109/RUMAHAGEN_WF03_M10_CORE_IMPACT_ANALYSIS_FULL_VERSION_v1.0/M10_CORE_IMPACT_MATRIX_v1.0.csv,1,2775
/mnt/data/p1_v11_source_scan/src2/RUMAHAGEN_WF03_M10_CORE_IMPACT_ANALYSIS_FULL_VERSION_v1.0.zip,src2/__nested__/0109/RUMAHAGEN_WF03_M10_CORE_IMPACT_ANALYSIS_FULL_VERSION_v1.0/M10_CORE_IMPACT_QA_v1.0.csv,1,696
/mnt/data/p1_v11_source_scan/src2/RUMAHAGEN_WF03_M10_CORE_IMPACT_ANALYSIS_FULL_VERSION_v1.0.zip,src2/__nested__/0109/RUMAHAGEN_WF03_M10_CORE_IMPACT_ANALYSIS_FULL_VERSION_v1.0/RUMAHAGEN_WF03_M10_CORE_IMPACT_ANALYSIS_FULL_VERSION_v1.0.docx,1,38589
/mnt/data/p1_v11_source_scan/src2/RUMAHAGEN_WF03_M10_CORE_IMPACT_ANALYSIS_FULL_VERSION_v1.0.zip,src2/__nested__/0109/RUMAHAGEN_WF03_M10_CORE_IMPACT_ANALYSIS_FULL_VERSION_v1.0/RUMAHAGEN_WF03_M10_CORE_IMPACT_ANALYSIS_FULL_VERSION_v1.0.md,1,7934
/mnt/data/p1_v11_source_scan/src2/RUMAHAGEN_WF03_M10_CORE_IMPACT_ANALYSIS_FULL_VERSION_v1.0.zip,src2/__nested__/0109/RUMAHAGEN_WF03_M10_CORE_IMPACT_ANALYSIS_FULL_VERSION_v1.0/SOURCE_M10_ONLY/core_core_contract_evidence/W4-02A.6.16_API_SPECIFICATION_CURRENT_API_CONTRACT_BASELINE_FULL_CONSOLIDATED_v2.1_M10.txt,1,23615
/mnt/data/p1_v11_source_scan/src2/RUMAHAGEN_WF03_M10_CORE_IMPACT_ANALYSIS_FULL_VERSION_v1.0.zip,src2/__nested__/0109/RUMAHAGEN_WF03_M10_CORE_IMPACT_ANALYSIS_FULL_VERSION_v1.0/SOURCE_M10_ONLY/core_core_contract_evidence/W4-02A.6.17_RBAC_PERMISSION_RLS_CURRENT_AUTHORIZATION_BASELINE_FULL_CONSOLIDATED_v2.1_M10.txt,1,28677
/mnt/data/p1_v11_source_scan/src2/RUMAHAGEN_WF03_M10_CORE_IMPACT_ANALYSIS_FULL_VERSION_v1.0.zip,src2/__nested__/0109/RUMAHAGEN_WF03_M10_CORE_IMPACT_ANALYSIS_FULL_VERSION_v1.0/SOURCE_M10_ONLY/core_core_contract_evidence/W4-02A.6.20_UI_UX_SPECIFICATION_CURRENT_INTERFACE_BEHAVIOR_CONTRACT_v2.1_M10.txt,1,15417
/mnt/data/p1_v11_source_scan/src2/RUMAHAGEN_WF03_M10_CORE_IMPACT_ANALYSIS_FULL_VERSION_v1.0.zip,src2/__nested__/0109/RUMAHAGEN_WF03_M10_CORE_IMPACT_ANALYSIS_FULL_VERSION_v1.0/SOURCE_M10_ONLY/core_core_contract_evidence/W4-02A.6.13_ERD_CURRENT_LOGICAL_DATA_MODEL_FULL_CONSOLIDATED_v2.1_M10.txt,1,14905
/mnt/data/p1_v11_source_scan/src2/RUMAHAGEN_WF03_M10_CORE_IMPACT_ANALYSIS_FULL_VERSION_v1.0.zip,src2/__nested__/0109/RUMAHAGEN_WF03_M10_CORE_IMPACT_ANALYSIS_FULL_VERSION_v1.0/SOURCE_M10_ONLY/core_core_contract_evidence/W4-02A.6.22_MODULE_DEPENDENCY_MATRIX_CROSS_MODULE_DEPENDENCY_CONTRACT_v2.1_M10.txt,1,15750
/mnt/data/p1_v11_source_scan/src2/RUMAHAGEN_WF03_M10_CORE_IMPACT_ANALYSIS_FULL_VERSION_v1.0.zip,src2/__nested__/0109/RUMAHAGEN_WF03_M10_CORE_IMPACT_ANALYSIS_FULL_VERSION_v1.0/SOURCE_M10_ONLY/core_core_contract_evidence/W4-02A.6.14_DATABASE_DICTIONARY_CURRENT_LOGICAL_TO_PHYSICAL_DATA_MEANING_FULL_CONSOLIDATED_v2.2_M10.txt,1,17987
/mnt/data/p1_v11_source_scan/src2/RUMAHAGEN_WF03_M10_CORE_IMPACT_ANALYSIS_FULL_VERSION_v1.0.zip,src2/__nested__/0109/RUMAHAGEN_WF03_M10_CORE_IMPACT_ANALYSIS_FULL_VERSION_v1.0/SOURCE_M10_ONLY/recon/WF03-03-01_M01_FULL_SEMANTIC_REBUILD_v1.1_M10_EVIDENCE.txt,1,6556
/mnt/data/p1_v11_source_scan/src2/RUMAHAGEN_WF03_M10_CORE_IMPACT_ANALYSIS_FULL_VERSION_v1.0.zip,src2/__nested__/0109/RUMAHAGEN_WF03_M10_CORE_IMPACT_ANALYSIS_FULL_VERSION_v1.0/SOURCE_M10_ONLY/recon/WF03-03-02_M02_FULL_SEMANTIC_REBUILD_v1.1_M10_EVIDENCE.txt,1,3889
/mnt/data/p1_v11_source_scan/src2/RUMAHAGEN_WF03_M10_CORE_IMPACT_ANALYSIS_FULL_VERSION_v1.0.zip,src2/__nested__/0109/RUMAHAGEN_WF03_M10_CORE_IMPACT_ANALYSIS_FULL_VERSION_v1.0/SOURCE_M10_ONLY/recon/WF03_STEP02_FULL_M01-M15_BLOCKER_PREREQUISITE_RETRACE_v1.0_M10_EVIDENCE.txt,1,4115
/mnt/data/p1_v11_source_scan/src2/RUMAHAGEN_WF03_M10_CORE_IMPACT_ANALYSIS_FULL_VERSION_v1.0.zip,src2/__nested__/0109/RUMAHAGEN_WF03_M10_CORE_IMPACT_ANALYSIS_FULL_VERSION_v1.0/SOURCE_M10_ONLY/recon/WF03_STEP01_OWNER_OVERRIDE_AND_RETRACE_BASELINE_v1.0_M10_EVIDENCE.txt,1,1492
/mnt/data/p1_v11_source_scan/src2/RUMAHAGEN_WF03_M10_CORE_IMPACT_ANALYSIS_FULL_VERSION_v1.0.zip,src2/__nested__/0109/RUMAHAGEN_WF03_M10_CORE_IMPACT_ANALYSIS_FULL_VERSION_v1.0/SOURCE_M10_ONLY/m10/M10_QUESTION_DECISION_REGISTER_v1.1_M10_EVIDENCE.txt,1,3289
/mnt/data/p1_v11_source_scan/src2/RUMAHAGEN_WF03_M10_CORE_IMPACT_ANALYSIS_FULL_VERSION_v1.0.zip,src2/__nested__/0109/RUMAHAGEN_WF03_M10_CORE_IMPACT_ANALYSIS_FULL_VERSION_v1.0/SOURCE_M10_ONLY/m10/RUMAHAGEN_WF-03.2_M10C_REVISED_FINAL_RECORD_v1.1_M10_EVIDENCE.txt,1,6144
/mnt/data/p1_v11_source_scan/src2/RUMAHAGEN_WF03_M10_CORE_IMPACT_ANALYSIS_FULL_VERSION_v1.0.zip,src2/__nested__/0109/RUMAHAGEN_WF03_M10_CORE_IMPACT_ANALYSIS_FULL_VERSION_v1.0/SOURCE_M10_ONLY/m10/M10_DEEP_SCAN_RECONCILIATION_REPORT_v1.1_M10_EVIDENCE.txt,1,516
/mnt/data/p1_v11_source_scan/src2/RUMAHAGEN_WF03_M10_CORE_IMPACT_ANALYSIS_FULL_VERSION_v1.0.zip,src2/__nested__/0109/RUMAHAGEN_WF03_M10_CORE_IMPACT_ANALYSIS_FULL_VERSION_v1.0/SOURCE_M10_ONLY/m10/CORE_DB_M10_EXTRACT_v2.2_M10_EVIDENCE.txt,1,6356
/mnt/data/p1_v11_source_scan/src2/RUMAHAGEN_WF03_M10_CORE_IMPACT_ANALYSIS_FULL_VERSION_v1.0.zip,src2/__nested__/0109/RUMAHAGEN_WF03_M10_CORE_IMPACT_ANALYSIS_FULL_VERSION_v1.0/SOURCE_M10_ONLY/m10/RECON_M10_RELEVANT_FILE_INDEX_M10_EVIDENCE.txt,1,180
/mnt/data/p1_v11_source_scan/src2/RUMAHAGEN_WF03_M10_CORE_IMPACT_ANALYSIS_FULL_VERSION_v1.0.zip,src2/__nested__/0109/RUMAHAGEN_WF03_M10_CORE_IMPACT_ANALYSIS_FULL_VERSION_v1.0/SOURCE_M10_ONLY/m10/M10_CONTROLLED_SOURCE_MANIFEST_v1.1_M10_EVIDENCE.txt,1,611
/mnt/data/p1_v11_source_scan/src2/RUMAHAGEN_WF03_M10_CORE_IMPACT_ANALYSIS_FULL_VERSION_v1.0.zip,src2/__nested__/0109/RUMAHAGEN_WF03_M10_CORE_IMPACT_ANALYSIS_FULL_VERSION_v1.0/SOURCE_M10_ONLY/m10/CORE_API_M10_EXTRACT_v2.1_M10_EVIDENCE.txt,1,13347
/mnt/data/p1_v11_source_scan/src2/RUMAHAGEN_WF03_M10_CORE_IMPACT_ANALYSIS_FULL_VERSION_v1.0.zip,src2/__nested__/0109/RUMAHAGEN_WF03_M10_CORE_IMPACT_ANALYSIS_FULL_VERSION_v1.0/SOURCE_M10_ONLY/m10/CORE_ERD_M10_EXTRACT_v2.1_M10_EVIDENCE.txt,1,6723
/mnt/data/p1_v11_source_scan/src2/RUMAHAGEN_WF03_M10_CORE_IMPACT_ANALYSIS_FULL_VERSION_v1.0.zip,src2/__nested__/0109/RUMAHAGEN_WF03_M10_CORE_IMPACT_ANALYSIS_FULL_VERSION_v1.0/SOURCE_M10_ONLY/m10/RUMAHAGEN_WF-03.2_M10A_PERMISSION_REEVALUATION_QA_DECISION_RECORD_v1.0_1__M10_EVIDENCE.txt,1,8159
/mnt/data/p1_v11_source_scan/src2/RUMAHAGEN_WF03_M10_CORE_IMPACT_ANALYSIS_FULL_VERSION_v1.0.zip,src2/__nested__/0109/RUMAHAGEN_WF03_M10_CORE_IMPACT_ANALYSIS_FULL_VERSION_v1.0/SOURCE_M10_ONLY/m10/RUMAHAGEN_WF-03.2_M10A_PHYSICAL_RECONCILIATION_DELTA_W4_SCHEMA_API_ERD_v1.0_M10_EVIDENCE.txt,1,6202
/mnt/data/p1_v11_source_scan/src2/RUMAHAGEN_WF03_M10_CORE_IMPACT_ANALYSIS_FULL_VERSION_v1.0.zip,src2/__nested__/0109/RUMAHAGEN_WF03_M10_CORE_IMPACT_ANALYSIS_FULL_VERSION_v1.0/SOURCE_M10_ONLY/m10/CORE_RBAC_M10_EXTRACT_v2.1_M10_EVIDENCE.txt,1,25820
/mnt/data/p1_v11_source_scan/src2/RUMAHAGEN_WF03_M10_CORE_IMPACT_ANALYSIS_FULL_VERSION_v1.0.zip,src2/__nested__/0109/RUMAHAGEN_WF03_M10_CORE_IMPACT_ANALYSIS_FULL_VERSION_v1.0/SOURCE_M10_ONLY/m10/RUMAHAGEN_GLOBAL_M10_PERMISSION_CATALOGUE_RECOVERY_RECONCILIATION_v1.0_M10_EVIDENCE.txt,1,4474
/mnt/data/p1_v11_source_scan/src2/RUMAHAGEN_WF03_M10_CORE_IMPACT_ANALYSIS_FULL_VERSION_v1.0.zip,src2/__nested__/0109/RUMAHAGEN_WF03_M10_CORE_IMPACT_ANALYSIS_FULL_VERSION_v1.0/SOURCE_M10_ONLY/m10/RUMAHAGEN_WF-03.2_M10D_FINAL_CROSS_RECONCILIATION_v1.0_M10_EVIDENCE.txt,1,6153
/mnt/data/p1_v11_source_scan/src2/RUMAHAGEN_WF03_M10_CORE_IMPACT_ANALYSIS_FULL_VERSION_v1.0.zip,src2/__nested__/0109/RUMAHAGEN_WF03_M10_CORE_IMPACT_ANALYSIS_FULL_VERSION_v1.0/SOURCE_M10_ONLY/m10/RUMAHAGEN_WF03_M10_FULL_REBUILD_CONTROLLED_v1.1_M10_EVIDENCE.txt,1,6927
/mnt/data/p1_v11_source_scan/src2/RUMAHAGEN_WF03_M10_CORE_IMPACT_ANALYSIS_FULL_VERSION_v1.0.zip,src2/__nested__/0109/RUMAHAGEN_WF03_M10_CORE_IMPACT_ANALYSIS_FULL_VERSION_v1.0/SOURCE_M10_ONLY/m10/CORE_DEPENDENCY_M10_EXTRACT_v2.1_M10_EVIDENCE.txt,1,9697
/mnt/data/p1_v11_source_scan/src2/RUMAHAGEN_WF03_M10_CORE_IMPACT_ANALYSIS_FULL_VERSION_v1.0.zip,src2/__nested__/0109/RUMAHAGEN_WF03_M10_CORE_IMPACT_ANALYSIS_FULL_VERSION_v1.0/SOURCE_M10_ONLY/m10/CORE_UIUX_M10_EXTRACT_v2.1_M10_EVIDENCE.txt,1,10113
/mnt/data/p1_v11_source_scan/src2/RUMAHAGEN_WF03_M10_CORE_IMPACT_ANALYSIS_FULL_VERSION_v1.0.zip,src2/__nested__/0109/RUMAHAGEN_WF03_M10_CORE_IMPACT_ANALYSIS_FULL_VERSION_v1.0/SOURCE_M10_ONLY/core/W4-02A.6.25_MODULE_EXECUTION_SPECIFICATION_ARCHITECTURE_v2.1_M10_EVIDENCE.txt,1,8503
/mnt/data/p1_v11_source_scan/src2/RUMAHAGEN_WF03_M10_CORE_IMPACT_ANALYSIS_FULL_VERSION_v1.0.zip,src2/__nested__/0109/RUMAHAGEN_WF03_M10_CORE_IMPACT_ANALYSIS_FULL_VERSION_v1.0/SOURCE_M10_ONLY/core/W4-02A.5R_SOURCE_UPDATE_REVALIDATION_v1.1_M10_EVIDENCE.txt,1,1817
/mnt/data/p1_v11_source_scan/src2/RUMAHAGEN_WF03_M10_CORE_IMPACT_ANALYSIS_FULL_VERSION_v1.0.zip,src2/__nested__/0109/RUMAHAGEN_WF03_M10_CORE_IMPACT_ANALYSIS_FULL_VERSION_v1.0/SOURCE_M10_ONLY/core/W4-02A.6.16_API_SPECIFICATION_CURRENT_API_CONTRACT_BASELINE_FULL_CONSOLIDATED_v2.1_M10_EVIDENCE.txt,1,23615
/mnt/data/p1_v11_source_scan/src2/RUMAHAGEN_WF03_M10_CORE_IMPACT_ANALYSIS_FULL_VERSION_v1.0.zip,src2/__nested__/0109/RUMAHAGEN_WF03_M10_CORE_IMPACT_ANALYSIS_FULL_VERSION_v1.0/SOURCE_M10_ONLY/core/W4-02A.6.34_CHANGELOG_FINAL_v1.0_M10_EVIDENCE.txt,1,12155
/mnt/data/p1_v11_source_scan/src2/RUMAHAGEN_WF03_M10_CORE_IMPACT_ANALYSIS_FULL_VERSION_v1.0.zip,src2/__nested__/0109/RUMAHAGEN_WF03_M10_CORE_IMPACT_ANALYSIS_FULL_VERSION_v1.0/SOURCE_M10_ONLY/core/W4-02A.7_RECURSIVE_SOURCE_AUDIT_REGISTER_v1.0_M10_EVIDENCE.txt,1,84731
/mnt/data/p1_v11_source_scan/src2/RUMAHAGEN_WF03_M10_CORE_IMPACT_ANALYSIS_FULL_VERSION_v1.0.zip,src2/__nested__/0109/RUMAHAGEN_WF03_M10_CORE_IMPACT_ANALYSIS_FULL_VERSION_v1.0/SOURCE_M10_ONLY/core/SOURCE_INDEX_v1.3_M10_EVIDENCE.txt,1,2463
/mnt/data/p1_v11_source_scan/src2/RUMAHAGEN_WF03_M10_CORE_IMPACT_ANALYSIS_FULL_VERSION_v1.0.zip,src2/__nested__/0109/RUMAHAGEN_WF03_M10_CORE_IMPACT_ANALYSIS_FULL_VERSION_v1.0/SOURCE_M10_ONLY/core/W4-02A.6.5_SYSTEM_ARCHITECTURE_FULL_CONSOLIDATED_v1.8_M10_EVIDENCE.txt,1,61111
/mnt/data/p1_v11_source_scan/src2/RUMAHAGEN_WF03_M10_CORE_IMPACT_ANALYSIS_FULL_VERSION_v1.0.zip,src2/__nested__/0109/RUMAHAGEN_WF03_M10_CORE_IMPACT_ANALYSIS_FULL_VERSION_v1.0/SOURCE_M10_ONLY/core/W4-02A.6.20_UI_UX_SPECIFICATION_CURRENT_INTERFACE_BEHAVIOR_CONTRACT_v2.1_M10_EVIDENCE.txt,1,15417
/mnt/data/p1_v11_source_scan/src2/RUMAHAGEN_WF03_M10_CORE_IMPACT_ANALYSIS_FULL_VERSION_v1.0.zip,src2/__nested__/0109/RUMAHAGEN_WF03_M10_CORE_IMPACT_ANALYSIS_FULL_VERSION_v1.0/SOURCE_M10_ONLY/core/W4-02A.6.24_REVISED_MODULE_PLANNING_CURRENT_MODULE_DELIVERY_PLANNING_v2.1_M10_EVIDENCE.txt,1,9670
/mnt/data/p1_v11_source_scan/src2/RUMAHAGEN_WF03_M10_CORE_IMPACT_ANALYSIS_FULL_VERSION_v1.0.zip,src2/__nested__/0109/RUMAHAGEN_WF03_M10_CORE_IMPACT_ANALYSIS_FULL_VERSION_v1.0/SOURCE_M10_ONLY/core/W4-02A.6.13_ERD_CURRENT_LOGICAL_DATA_MODEL_FULL_CONSOLIDATED_v2.1_M10_EVIDENCE.txt,1,14905
/mnt/data/p1_v11_source_scan/src2/RUMAHAGEN_WF03_M10_CORE_IMPACT_ANALYSIS_FULL_VERSION_v1.0.zip,src2/__nested__/0109/RUMAHAGEN_WF03_M10_CORE_IMPACT_ANALYSIS_FULL_VERSION_v1.0/SOURCE_M10_ONLY/core/W4-02A.5_CROSS_DOMAIN_CONFLICT_RESIDUAL_AUDIT_FULL_CONSOLIDATED_v1.0_M10_EVIDENCE.txt,1,6262
/mnt/data/p1_v11_source_scan/src2/RUMAHAGEN_WF03_M10_CORE_IMPACT_ANALYSIS_FULL_VERSION_v1.0.zip,src2/__nested__/0109/RUMAHAGEN_WF03_M10_CORE_IMPACT_ANALYSIS_FULL_VERSION_v1.0/SOURCE_M10_ONLY/core/W4-02A.6.17_RBAC_PERMISSION_RLS_CURRENT_AUTHORIZATION_BASELINE_FULL_CONSOLIDATED_v2.1_M10_EVIDENCE.txt,1,28677
/mnt/data/p1_v11_source_scan/src2/RUMAHAGEN_WF03_M10_CORE_IMPACT_ANALYSIS_FULL_VERSION_v1.0.zip,src2/__nested__/0109/RUMAHAGEN_WF03_M10_CORE_IMPACT_ANALYSIS_FULL_VERSION_v1.0/SOURCE_M10_ONLY/core/W4-02A.6.37_FINAL_CROSS_DOCUMENT_RECONCILIATION_v1.0_M10_EVIDENCE.txt,1,15965
/mnt/data/p1_v11_source_scan/src2/RUMAHAGEN_WF03_M10_CORE_IMPACT_ANALYSIS_FULL_VERSION_v1.0.zip,src2/__nested__/0109/RUMAHAGEN_WF03_M10_CORE_IMPACT_ANALYSIS_FULL_VERSION_v1.0/SOURCE_M10_ONLY/core/W4-02A.6.14_DATABASE_DICTIONARY_CURRENT_LOGICAL_TO_PHYSICAL_DATA_MEANING_FULL_CONSOLIDATED_M10_EVIDENCE.txt,1,17987
/mnt/data/p1_v11_source_scan/src2/RUMAHAGEN_WF03_M10_CORE_IMPACT_ANALYSIS_FULL_VERSION_v1.0.zip,src2/__nested__/0109/RUMAHAGEN_WF03_M10_CORE_IMPACT_ANALYSIS_FULL_VERSION_v1.0/SOURCE_M10_ONLY/core/W4-02A.6.6_TECHNICAL_DECISIONS_FULL_CONSOLIDATED_v1.6_M10_EVIDENCE.txt,1,7250
/mnt/data/p1_v11_source_scan/src2/RUMAHAGEN_WF03_M10_CORE_IMPACT_ANALYSIS_FULL_VERSION_v1.0.zip,src2/__nested__/0109/RUMAHAGEN_WF03_M10_CORE_IMPACT_ANALYSIS_FULL_VERSION_v1.0/SOURCE_M10_ONLY/core/W4-02A.6.31_AI_DEVELOPMENT_BLUEPRINT_v2.1_M10_EVIDENCE.txt,1,5058
/mnt/data/p1_v11_source_scan/src2/RUMAHAGEN_WF03_M10_CORE_IMPACT_ANALYSIS_FULL_VERSION_v1.0.zip,src2/__nested__/0109/RUMAHAGEN_WF03_M10_CORE_IMPACT_ANALYSIS_FULL_VERSION_v1.0/SOURCE_M10_ONLY/core/W4-02A.6.7_DEPENDENCY_MANIFEST_FULL_CONSOLIDATED_v1.9_M10_EVIDENCE.txt,1,5259
/mnt/data/p1_v11_source_scan/src2/RUMAHAGEN_WF03_M10_CORE_IMPACT_ANALYSIS_FULL_VERSION_v1.0.zip,src2/__nested__/0109/RUMAHAGEN_WF03_M10_CORE_IMPACT_ANALYSIS_FULL_VERSION_v1.0/SOURCE_M10_ONLY/core/W4-02A.6.21_SEO_ANALYTICS_SPECIFICATION_DISCOVERY_MEASUREMENT_BASELINE_v2.1_M10_EVIDENCE.txt,1,15601
/mnt/data/p1_v11_source_scan/src2/RUMAHAGEN_WF03_M10_CORE_IMPACT_ANALYSIS_FULL_VERSION_v1.0.zip,src2/__nested__/0109/RUMAHAGEN_WF03_M10_CORE_IMPACT_ANALYSIS_FULL_VERSION_v1.0/SOURCE_M10_ONLY/core/W4-02A.6.10_BUSINESS_RULES_BASELINE_TRACEABILITY_FULL_CONSOLIDATED_v1.2_REAUDITED_M10_EVIDENCE.txt,1,14440
/mnt/data/p1_v11_source_scan/src2/RUMAHAGEN_WF03_M10_CORE_IMPACT_ANALYSIS_FULL_VERSION_v1.0.zip,src2/__nested__/0109/RUMAHAGEN_WF03_M10_CORE_IMPACT_ANALYSIS_FULL_VERSION_v1.0/SOURCE_M10_ONLY/core/W4-02A.6.2_GOVERNANCE_REGISTER_FULL_CONSOLIDATED_v1.16_M10_EVIDENCE.txt,1,5163
/mnt/data/p1_v11_source_scan/src2/RUMAHAGEN_WF03_M10_CORE_IMPACT_ANALYSIS_FULL_VERSION_v1.0.zip,src2/__nested__/0109/RUMAHAGEN_WF03_M10_CORE_IMPACT_ANALYSIS_FULL_VERSION_v1.0/SOURCE_M10_ONLY/core/SHA256_MANIFEST_CORE_FINAL_v1.3_M10_EVIDENCE.txt,1,2365
/mnt/data/p1_v11_source_scan/src2/RUMAHAGEN_WF03_M10_CORE_IMPACT_ANALYSIS_FULL_VERSION_v1.0.zip,src2/__nested__/0109/RUMAHAGEN_WF03_M10_CORE_IMPACT_ANALYSIS_FULL_VERSION_v1.0/SOURCE_M10_ONLY/core/W4-02A.6.23_MODULE_IMPLEMENTATION_STRATEGY_INTEGRATED_IMPLEMENTATION_SEQUENCING_v2.1_M10_EVIDENCE.txt,1,8874
/mnt/data/p1_v11_source_scan/src2/RUMAHAGEN_WF03_M10_CORE_IMPACT_ANALYSIS_FULL_VERSION_v1.0.zip,src2/__nested__/0109/RUMAHAGEN_WF03_M10_CORE_IMPACT_ANALYSIS_FULL_VERSION_v1.0/SOURCE_M10_ONLY/core/W4-02A.1_GOVERNANCE_CONSOLIDATION_FINAL_DECISION_AUTHORITY_v1.0_M10_EVIDENCE.txt,1,3553
/mnt/data/p1_v11_source_scan/src2/RUMAHAGEN_WF03_M10_CORE_IMPACT_ANALYSIS_FULL_VERSION_v1.0.zip,src2/__nested__/0109/RUMAHAGEN_WF03_M10_CORE_IMPACT_ANALYSIS_FULL_VERSION_v1.0/SOURCE_M10_ONLY/core/W4-02A.6.11_PRD_CURRENT_PRODUCT_REQUIREMENTS_FULL_CONSOLIDATED_v2.1_M10_EVIDENCE.txt,1,14646
/mnt/data/p1_v11_source_scan/src2/RUMAHAGEN_WF03_M10_CORE_IMPACT_ANALYSIS_FULL_VERSION_v1.0.zip,src2/__nested__/0109/RUMAHAGEN_WF03_M10_CORE_IMPACT_ANALYSIS_FULL_VERSION_v1.0/SOURCE_M10_ONLY/core/W4-02A.6.35_PROJECT_MANIFEST_FINAL_v1.32_M10_EVIDENCE.txt,1,8895
/mnt/data/p1_v11_source_scan/src2/RUMAHAGEN_WF03_M10_CORE_IMPACT_ANALYSIS_FULL_VERSION_v1.0.zip,src2/__nested__/0109/RUMAHAGEN_WF03_M10_CORE_IMPACT_ANALYSIS_FULL_VERSION_v1.0/SOURCE_M10_ONLY/core/W4-02A.6.36_CURRENT_PROJECT_STATE_FINAL_rev15_M10_EVIDENCE.txt,1,7548
/mnt/data/p1_v11_source_scan/src2/RUMAHAGEN_WF03_M10_CORE_IMPACT_ANALYSIS_FULL_VERSION_v1.0.zip,src2/__nested__/0109/RUMAHAGEN_WF03_M10_CORE_IMPACT_ANALYSIS_FULL_VERSION_v1.0/SOURCE_M10_ONLY/core/W4-02A.6.12_USER_FLOW_CURRENT_CROSS_DOMAIN_INTERACTION_FLOW_FULL_CONSOLIDATED_v2.1_M10_EVIDENCE.txt,1,18572
/mnt/data/p1_v11_source_scan/src2/RUMAHAGEN_WF03_M10_CORE_IMPACT_ANALYSIS_FULL_VERSION_v1.0.zip,src2/__nested__/0109/RUMAHAGEN_WF03_M10_CORE_IMPACT_ANALYSIS_FULL_VERSION_v1.0/SOURCE_M10_ONLY/core/W4-02A.6.19_TECHNICAL_SPECIFICATION_CURRENT_TECHNICAL_IMPLEMENTATION_CONTRACT_v2.1_M10_EVIDENCE.txt,1,15767
/mnt/data/p1_v11_source_scan/src2/RUMAHAGEN_WF03_M10_CORE_IMPACT_ANALYSIS_FULL_VERSION_v1.0.zip,src2/__nested__/0109/RUMAHAGEN_WF03_M10_CORE_IMPACT_ANALYSIS_FULL_VERSION_v1.0/SOURCE_M10_ONLY/core/W4-02A.6.26_MODULE_EXECUTION_DEPENDENCY_BATCH_PLAN_v2.1_M10_EVIDENCE.txt,1,8151
/mnt/data/p1_v11_source_scan/src2/RUMAHAGEN_WF03_M10_CORE_IMPACT_ANALYSIS_FULL_VERSION_v1.0.zip,src2/__nested__/0109/RUMAHAGEN_WF03_M10_CORE_IMPACT_ANALYSIS_FULL_VERSION_v1.0/SOURCE_M10_ONLY/core/W4-02A.6.32_AI_CONTEXT_PACK_v2.1_M10_EVIDENCE.txt,1,3378
/mnt/data/p1_v11_source_scan/src2/RUMAHAGEN_WF03_M10_CORE_IMPACT_ANALYSIS_FULL_VERSION_v1.0.zip,src2/__nested__/0109/RUMAHAGEN_WF03_M10_CORE_IMPACT_ANALYSIS_FULL_VERSION_v1.0/SOURCE_M10_ONLY/core/W4-02A.6.15_DATABASE_SCHEMA_CURRENT_PHYSICAL_SCHEMA_REFERENCE_FULL_CONSOLIDATED_v2.7_M10_EVIDENCE.txt,1,12876
/mnt/data/p1_v11_source_scan/src2/RUMAHAGEN_WF03_M10_CORE_IMPACT_ANALYSIS_FULL_VERSION_v1.0.zip,src2/__nested__/0109/RUMAHAGEN_WF03_M10_CORE_IMPACT_ANALYSIS_FULL_VERSION_v1.0/SOURCE_M10_ONLY/core/W4-02A.7_FINAL_DOCUMENT_FREEZE_AUTHORITY_VERIFICATION_v1.0_M10_EVIDENCE.txt,1,1720
/mnt/data/p1_v11_source_scan/src2/RUMAHAGEN_WF03_M10_CORE_IMPACT_ANALYSIS_FULL_VERSION_v1.0.zip,src2/__nested__/0109/RUMAHAGEN_WF03_M10_CORE_IMPACT_ANALYSIS_FULL_VERSION_v1.0/SOURCE_M10_ONLY/core/W4-02A.6.29_EXECUTION_PACK_AUDIT_RECONCILIATION_v2.1_M10_EVIDENCE.txt,1,6821
/mnt/data/p1_v11_source_scan/src2/RUMAHAGEN_WF03_M10_CORE_IMPACT_ANALYSIS_FULL_VERSION_v1.0.zip,src2/__nested__/0109/RUMAHAGEN_WF03_M10_CORE_IMPACT_ANALYSIS_FULL_VERSION_v1.0/SOURCE_M10_ONLY/core/W4-02A.6.30_ENGINEERING_ALIGNMENT_GUIDEBOOK_PLAYBOOK_v2.1_M10_EVIDENCE.txt,1,7930
/mnt/data/p1_v11_source_scan/src2/RUMAHAGEN_WF03_M10_CORE_IMPACT_ANALYSIS_FULL_VERSION_v1.0.zip,src2/__nested__/0109/RUMAHAGEN_WF03_M10_CORE_IMPACT_ANALYSIS_FULL_VERSION_v1.0/SOURCE_M10_ONLY/core/W4-02A.6.22_MODULE_DEPENDENCY_MATRIX_CROSS_MODULE_DEPENDENCY_CONTRACT_v2.1_M10_EVIDENCE.txt,1,15750
/mnt/data/p1_v11_source_scan/src2/RUMAHAGEN_WF03_M10_CORE_IMPACT_ANALYSIS_FULL_VERSION_v1.0.zip,src2/__nested__/0109/RUMAHAGEN_WF03_M10_CORE_IMPACT_ANALYSIS_FULL_VERSION_v1.0/SOURCE_M10_ONLY/core/W4-02A.6.28_FOCUSED_EXECUTION_PACK_M08-M15_v2.1_M10_EVIDENCE.txt,1,4463
/mnt/data/p1_v11_source_scan/src2/RUMAHAGEN_WF03_M10_CORE_IMPACT_ANALYSIS_FULL_VERSION_v1.0.zip,src2/__nested__/0109/RUMAHAGEN_WF03_M10_CORE_IMPACT_ANALYSIS_FULL_VERSION_v1.0/SOURCE_M10_ONLY/core/W4-02A.6.27_FOCUSED_EXECUTION_PACK_M01-M07_v2.1_M10_EVIDENCE.txt,1,3568
/mnt/data/p1_v11_source_scan/src2/RUMAHAGEN_WF03_M10_CORE_IMPACT_ANALYSIS_FULL_VERSION_v1.0.zip,src2/__nested__/0109/RUMAHAGEN_WF03_M10_CORE_IMPACT_ANALYSIS_FULL_VERSION_v1.0/SOURCE_M10_ONLY/core/W4-02A.6.0_CORE_ARTIFACT_INVENTORY_AND_ORDERING_LOCK_v1.1_BASE_TRACK_37_STEPS_M10_EVIDENCE.txt,1,3452
/mnt/data/p1_v11_source_scan/src2/RUMAHAGEN_WF03_M10_CORE_IMPACT_ANALYSIS_FULL_VERSION_v1.0.zip,src2/__nested__/0109/RUMAHAGEN_WF03_M10_CORE_IMPACT_ANALYSIS_FULL_VERSION_v1.0/SOURCE_M10_ONLY/core/W4-02A.6.33_DECISION_LOG_FINAL_v2.1_M10_EVIDENCE.txt,1,2566
/mnt/data/p1_v11_source_scan/src2/RUMAHAGEN_WF03_M10_CORE_IMPACT_ANALYSIS_FULL_VERSION_v1.0.zip,src2/__nested__/0109/RUMAHAGEN_WF03_M10_CORE_IMPACT_ANALYSIS_FULL_VERSION_v1.0/SOURCE_M10_ONLY/core/W4-02A.6.18_FUNCTIONAL_SPECIFICATION_CURRENT_FUNCTIONAL_IMPLEMENTATION_CONTRACT_v2.1_M10_EVIDENCE.txt,1,16176
/mnt/data/p1_v11_source_scan/src2/RUMAHAGEN_WF03_M10_CORE_IMPACT_ANALYSIS_FULL_VERSION_v1.0.zip,src2/__nested__/0109/RUMAHAGEN_WF03_M10_CORE_IMPACT_ANALYSIS_FULL_VERSION_v1.0/SOURCE_M10_ONLY/qir/core_M10_evidence_22_M10_EVIDENCE.txt,1,3895
/mnt/data/p1_v11_source_scan/src2/RUMAHAGEN_WF03_M10_CORE_IMPACT_ANALYSIS_FULL_VERSION_v1.0.zip,src2/__nested__/0109/RUMAHAGEN_WF03_M10_CORE_IMPACT_ANALYSIS_FULL_VERSION_v1.0/SOURCE_M10_ONLY/qir/core_M10_evidence_21_M10_EVIDENCE.txt,1,7114
/mnt/data/p1_v11_source_scan/src2/RUMAHAGEN_WF03_M10_CORE_IMPACT_ANALYSIS_FULL_VERSION_v1.0.zip,src2/__nested__/0109/RUMAHAGEN_WF03_M10_CORE_IMPACT_ANALYSIS_FULL_VERSION_v1.0/SOURCE_M10_ONLY/qir/core_M10_evidence_11_M10_EVIDENCE.txt,1,6156
/mnt/data/p1_v11_source_scan/src2/RUMAHAGEN_WF03_M10_CORE_IMPACT_ANALYSIS_FULL_VERSION_v1.0.zip,src2/__nested__/0109/RUMAHAGEN_WF03_M10_CORE_IMPACT_ANALYSIS_FULL_VERSION_v1.0/SOURCE_M10_ONLY/qir/M10_DEEP_SCAN_INVENTORY_v1.0_M10_EVIDENCE.txt,1,119
/mnt/data/p1_v11_source_scan/src2/RUMAHAGEN_WF03_M10_CORE_IMPACT_ANALYSIS_FULL_VERSION_v1.0.zip,src2/__nested__/0109/RUMAHAGEN_WF03_M10_CORE_IMPACT_ANALYSIS_FULL_VERSION_v1.0/SOURCE_M10_ONLY/qir/recon_M10_evidence_01_M10_EVIDENCE.txt,1,5069
/mnt/data/p1_v11_source_scan/src2/RUMAHAGEN_WF03_M10_CORE_IMPACT_ANALYSIS_FULL_VERSION_v1.0.zip,src2/__nested__/0109/RUMAHAGEN_WF03_M10_CORE_IMPACT_ANALYSIS_FULL_VERSION_v1.0/SOURCE_M10_ONLY/qir/wf03_M10_evidence_04_M10_EVIDENCE.txt,1,4974
/mnt/data/p1_v11_source_scan/src2/RUMAHAGEN_WF03_M10_CORE_IMPACT_ANALYSIS_FULL_VERSION_v1.0.zip,src2/__nested__/0109/RUMAHAGEN_WF03_M10_CORE_IMPACT_ANALYSIS_FULL_VERSION_v1.0/SOURCE_M10_ONLY/qir/core_M10_evidence_14_M10_EVIDENCE.txt,1,10729
/mnt/data/p1_v11_source_scan/src2/RUMAHAGEN_WF03_M10_CORE_IMPACT_ANALYSIS_FULL_VERSION_v1.0.zip,src2/__nested__/0109/RUMAHAGEN_WF03_M10_CORE_IMPACT_ANALYSIS_FULL_VERSION_v1.0/SOURCE_M10_ONLY/qir/RUMAHAGEN_WF-03.2_M10C_REVISED_FINAL_RECORD_v1.1_M10_EVIDENCE.txt,1,6148
/mnt/data/p1_v11_source_scan/src2/RUMAHAGEN_WF03_M10_CORE_IMPACT_ANALYSIS_FULL_VERSION_v1.0.zip,src2/__nested__/0109/RUMAHAGEN_WF03_M10_CORE_IMPACT_ANALYSIS_FULL_VERSION_v1.0/SOURCE_M10_ONLY/qir/wf03_M10_evidence_11_M10_EVIDENCE.txt,1,26271
/mnt/data/p1_v11_source_scan/src2/RUMAHAGEN_WF03_M10_CORE_IMPACT_ANALYSIS_FULL_VERSION_v1.0.zip,src2/__nested__/0109/RUMAHAGEN_WF03_M10_CORE_IMPACT_ANALYSIS_FULL_VERSION_v1.0/SOURCE_M10_ONLY/qir/M10_QIR_RESOLUTION_REGISTER_v1.0_M10_EVIDENCE.txt,1,2392
/mnt/data/p1_v11_source_scan/src2/RUMAHAGEN_WF03_M10_CORE_IMPACT_ANALYSIS_FULL_VERSION_v1.0.zip,src2/__nested__/0109/RUMAHAGEN_WF03_M10_CORE_IMPACT_ANALYSIS_FULL_VERSION_v1.0/SOURCE_M10_ONLY/qir/wf03_M10_evidence_02_M10_EVIDENCE.txt,1,5386
/mnt/data/p1_v11_source_scan/src2/RUMAHAGEN_WF03_M10_CORE_IMPACT_ANALYSIS_FULL_VERSION_v1.0.zip,src2/__nested__/0109/RUMAHAGEN_WF03_M10_CORE_IMPACT_ANALYSIS_FULL_VERSION_v1.0/SOURCE_M10_ONLY/qir/M10_QIR_CONTROLLED_SOURCE_MANIFEST_v1.0_M10_EVIDENCE.txt,1,641
/mnt/data/p1_v11_source_scan/src2/RUMAHAGEN_WF03_M10_CORE_IMPACT_ANALYSIS_FULL_VERSION_v1.0.zip,src2/__nested__/0109/RUMAHAGEN_WF03_M10_CORE_IMPACT_ANALYSIS_FULL_VERSION_v1.0/SOURCE_M10_ONLY/qir/core_M10_evidence_17_M10_EVIDENCE.txt,1,12477
/mnt/data/p1_v11_source_scan/src2/RUMAHAGEN_WF03_M10_CORE_IMPACT_ANALYSIS_FULL_VERSION_v1.0.zip,src2/__nested__/0109/RUMAHAGEN_WF03_M10_CORE_IMPACT_ANALYSIS_FULL_VERSION_v1.0/SOURCE_M10_ONLY/qir/core_M10_evidence_19_M10_EVIDENCE.txt,1,6932
/mnt/data/p1_v11_source_scan/src2/RUMAHAGEN_WF03_M10_CORE_IMPACT_ANALYSIS_FULL_VERSION_v1.0.zip,src2/__nested__/0109/RUMAHAGEN_WF03_M10_CORE_IMPACT_ANALYSIS_FULL_VERSION_v1.0/SOURCE_M10_ONLY/qir/CORE_DB_M10_EXTRACT_v2.2_M10_EVIDENCE.txt,1,6360
/mnt/data/p1_v11_source_scan/src2/RUMAHAGEN_WF03_M10_CORE_IMPACT_ANALYSIS_FULL_VERSION_v1.0.zip,src2/__nested__/0109/RUMAHAGEN_WF03_M10_CORE_IMPACT_ANALYSIS_FULL_VERSION_v1.0/SOURCE_M10_ONLY/qir/RECON_M10_RELEVANT_FILE_INDEX_M10_EVIDENCE.txt,1,184
/mnt/data/p1_v11_source_scan/src2/RUMAHAGEN_WF03_M10_CORE_IMPACT_ANALYSIS_FULL_VERSION_v1.0.zip,src2/__nested__/0109/RUMAHAGEN_WF03_M10_CORE_IMPACT_ANALYSIS_FULL_VERSION_v1.0/SOURCE_M10_ONLY/qir/core_M10_evidence_18_M10_EVIDENCE.txt,1,3996
/mnt/data/p1_v11_source_scan/src2/RUMAHAGEN_WF03_M10_CORE_IMPACT_ANALYSIS_FULL_VERSION_v1.0.zip,src2/__nested__/0109/RUMAHAGEN_WF03_M10_CORE_IMPACT_ANALYSIS_FULL_VERSION_v1.0/SOURCE_M10_ONLY/qir/core_M10_evidence_12_M10_EVIDENCE.txt,1,6339
/mnt/data/p1_v11_source_scan/src2/RUMAHAGEN_WF03_M10_CORE_IMPACT_ANALYSIS_FULL_VERSION_v1.0.zip,src2/__nested__/0109/RUMAHAGEN_WF03_M10_CORE_IMPACT_ANALYSIS_FULL_VERSION_v1.0/SOURCE_M10_ONLY/qir/CORE_API_M10_EXTRACT_v2.1_M10_EVIDENCE.txt,1,13351
/mnt/data/p1_v11_source_scan/src2/RUMAHAGEN_WF03_M10_CORE_IMPACT_ANALYSIS_FULL_VERSION_v1.0.zip,src2/__nested__/0109/RUMAHAGEN_WF03_M10_CORE_IMPACT_ANALYSIS_FULL_VERSION_v1.0/SOURCE_M10_ONLY/qir/wf03_M10_evidence_18_M10_EVIDENCE.txt,1,2144
/mnt/data/p1_v11_source_scan/src2/RUMAHAGEN_WF03_M10_CORE_IMPACT_ANALYSIS_FULL_VERSION_v1.0.zip,src2/__nested__/0109/RUMAHAGEN_WF03_M10_CORE_IMPACT_ANALYSIS_FULL_VERSION_v1.0/SOURCE_M10_ONLY/qir/CORE_ERD_M10_EXTRACT_v2.1_M10_EVIDENCE.txt,1,6727
/mnt/data/p1_v11_source_scan/src2/RUMAHAGEN_WF03_M10_CORE_IMPACT_ANALYSIS_FULL_VERSION_v1.0.zip,src2/__nested__/0109/RUMAHAGEN_WF03_M10_CORE_IMPACT_ANALYSIS_FULL_VERSION_v1.0/SOURCE_M10_ONLY/qir/wf03_M10_evidence_16_M10_EVIDENCE.txt,1,1046
/mnt/data/p1_v11_source_scan/src2/RUMAHAGEN_WF03_M10_CORE_IMPACT_ANALYSIS_FULL_VERSION_v1.0.zip,src2/__nested__/0109/RUMAHAGEN_WF03_M10_CORE_IMPACT_ANALYSIS_FULL_VERSION_v1.0/SOURCE_M10_ONLY/qir/core_M10_evidence_02_M10_EVIDENCE.txt,1,9825
/mnt/data/p1_v11_source_scan/src2/RUMAHAGEN_WF03_M10_CORE_IMPACT_ANALYSIS_FULL_VERSION_v1.0.zip,src2/__nested__/0109/RUMAHAGEN_WF03_M10_CORE_IMPACT_ANALYSIS_FULL_VERSION_v1.0/SOURCE_M10_ONLY/qir/RUMAHAGEN_WF-03.2_M10A_PERMISSION_REEVALUATION_QA_DECISION_RECORD_v1.0_1__M10_EVIDENCE.txt,1,8163
/mnt/data/p1_v11_source_scan/src2/RUMAHAGEN_WF03_M10_CORE_IMPACT_ANALYSIS_FULL_VERSION_v1.0.zip,src2/__nested__/0109/RUMAHAGEN_WF03_M10_CORE_IMPACT_ANALYSIS_FULL_VERSION_v1.0/SOURCE_M10_ONLY/qir/core_M10_evidence_16_M10_EVIDENCE.txt,1,6594
/mnt/data/p1_v11_source_scan/src2/RUMAHAGEN_WF03_M10_CORE_IMPACT_ANALYSIS_FULL_VERSION_v1.0.zip,src2/__nested__/0109/RUMAHAGEN_WF03_M10_CORE_IMPACT_ANALYSIS_FULL_VERSION_v1.0/SOURCE_M10_ONLY/qir/wf03_M10_evidence_10_M10_EVIDENCE.txt,1,26271
/mnt/data/p1_v11_source_scan/src2/RUMAHAGEN_WF03_M10_CORE_IMPACT_ANALYSIS_FULL_VERSION_v1.0.zip,src2/__nested__/0109/RUMAHAGEN_WF03_M10_CORE_IMPACT_ANALYSIS_FULL_VERSION_v1.0/SOURCE_M10_ONLY/qir/recon_M10_evidence_03_M10_EVIDENCE.txt,1,3653
/mnt/data/p1_v11_source_scan/src2/RUMAHAGEN_WF03_M10_CORE_IMPACT_ANALYSIS_FULL_VERSION_v1.0.zip,src2/__nested__/0109/RUMAHAGEN_WF03_M10_CORE_IMPACT_ANALYSIS_FULL_VERSION_v1.0/SOURCE_M10_ONLY/qir/wf03_M10_evidence_15_M10_EVIDENCE.txt,1,5591
/mnt/data/p1_v11_source_scan/src2/RUMAHAGEN_WF03_M10_CORE_IMPACT_ANALYSIS_FULL_VERSION_v1.0.zip,src2/__nested__/0109/RUMAHAGEN_WF03_M10_CORE_IMPACT_ANALYSIS_FULL_VERSION_v1.0/SOURCE_M10_ONLY/qir/RUMAHAGEN_WF-03.2_M10A_PHYSICAL_RECONCILIATION_DELTA_W4_SCHEMA_API_ERD_v1.0_M10_EVIDENCE.txt,1,6206
/mnt/data/p1_v11_source_scan/src2/RUMAHAGEN_WF03_M10_CORE_IMPACT_ANALYSIS_FULL_VERSION_v1.0.zip,src2/__nested__/0109/RUMAHAGEN_WF03_M10_CORE_IMPACT_ANALYSIS_FULL_VERSION_v1.0/SOURCE_M10_ONLY/qir/M10_QIR_QA_REGISTER_v1.0_M10_EVIDENCE.txt,1,610
/mnt/data/p1_v11_source_scan/src2/RUMAHAGEN_WF03_M10_CORE_IMPACT_ANALYSIS_FULL_VERSION_v1.0.zip,src2/__nested__/0109/RUMAHAGEN_WF03_M10_CORE_IMPACT_ANALYSIS_FULL_VERSION_v1.0/SOURCE_M10_ONLY/qir/core_M10_evidence_08_M10_EVIDENCE.txt,1,9727
/mnt/data/p1_v11_source_scan/src2/RUMAHAGEN_WF03_M10_CORE_IMPACT_ANALYSIS_FULL_VERSION_v1.0.zip,src2/__nested__/0109/RUMAHAGEN_WF03_M10_CORE_IMPACT_ANALYSIS_FULL_VERSION_v1.0/SOURCE_M10_ONLY/qir/wf03_M10_evidence_19_M10_EVIDENCE.txt,1,5801
/mnt/data/p1_v11_source_scan/src2/RUMAHAGEN_WF03_M10_CORE_IMPACT_ANALYSIS_FULL_VERSION_v1.0.zip,src2/__nested__/0109/RUMAHAGEN_WF03_M10_CORE_IMPACT_ANALYSIS_FULL_VERSION_v1.0/SOURCE_M10_ONLY/qir/core_M10_evidence_05_M10_EVIDENCE.txt,1,6347
/mnt/data/p1_v11_source_scan/src2/RUMAHAGEN_WF03_M10_CORE_IMPACT_ANALYSIS_FULL_VERSION_v1.0.zip,src2/__nested__/0109/RUMAHAGEN_WF03_M10_CORE_IMPACT_ANALYSIS_FULL_VERSION_v1.0/SOURCE_M10_ONLY/qir/wf03_M10_evidence_14_M10_EVIDENCE.txt,1,4094
/mnt/data/p1_v11_source_scan/src2/RUMAHAGEN_WF03_M10_CORE_IMPACT_ANALYSIS_FULL_VERSION_v1.0.zip,src2/__nested__/0109/RUMAHAGEN_WF03_M10_CORE_IMPACT_ANALYSIS_FULL_VERSION_v1.0/SOURCE_M10_ONLY/qir/core_M10_evidence_25_M10_EVIDENCE.txt,1,27588
/mnt/data/p1_v11_source_scan/src2/RUMAHAGEN_WF03_M10_CORE_IMPACT_ANALYSIS_FULL_VERSION_v1.0.zip,src2/__nested__/0109/RUMAHAGEN_WF03_M10_CORE_IMPACT_ANALYSIS_FULL_VERSION_v1.0/SOURCE_M10_ONLY/qir/core_M10_evidence_06_M10_EVIDENCE.txt,1,9781
/mnt/data/p1_v11_source_scan/src2/RUMAHAGEN_WF03_M10_CORE_IMPACT_ANALYSIS_FULL_VERSION_v1.0.zip,src2/__nested__/0109/RUMAHAGEN_WF03_M10_CORE_IMPACT_ANALYSIS_FULL_VERSION_v1.0/SOURCE_M10_ONLY/qir/core_M10_evidence_01_M10_EVIDENCE.txt,1,13805
/mnt/data/p1_v11_source_scan/src2/RUMAHAGEN_WF03_M10_CORE_IMPACT_ANALYSIS_FULL_VERSION_v1.0.zip,src2/__nested__/0109/RUMAHAGEN_WF03_M10_CORE_IMPACT_ANALYSIS_FULL_VERSION_v1.0/SOURCE_M10_ONLY/qir/core_M10_evidence_03_M10_EVIDENCE.txt,1,26693
/mnt/data/p1_v11_source_scan/src2/RUMAHAGEN_WF03_M10_CORE_IMPACT_ANALYSIS_FULL_VERSION_v1.0.zip,src2/__nested__/0109/RUMAHAGEN_WF03_M10_CORE_IMPACT_ANALYSIS_FULL_VERSION_v1.0/SOURCE_M10_ONLY/qir/recon_M10_evidence_02_M10_EVIDENCE.txt,1,2176
/mnt/data/p1_v11_source_scan/src2/RUMAHAGEN_WF03_M10_CORE_IMPACT_ANALYSIS_FULL_VERSION_v1.0.zip,src2/__nested__/0109/RUMAHAGEN_WF03_M10_CORE_IMPACT_ANALYSIS_FULL_VERSION_v1.0/SOURCE_M10_ONLY/qir/core_M10_evidence_15_M10_EVIDENCE.txt,1,3225
/mnt/data/p1_v11_source_scan/src2/RUMAHAGEN_WF03_M10_CORE_IMPACT_ANALYSIS_FULL_VERSION_v1.0.zip,src2/__nested__/0109/RUMAHAGEN_WF03_M10_CORE_IMPACT_ANALYSIS_FULL_VERSION_v1.0/SOURCE_M10_ONLY/qir/wf03_M10_evidence_01_M10_EVIDENCE.txt,1,5177
/mnt/data/p1_v11_source_scan/src2/RUMAHAGEN_WF03_M10_CORE_IMPACT_ANALYSIS_FULL_VERSION_v1.0.zip,src2/__nested__/0109/RUMAHAGEN_WF03_M10_CORE_IMPACT_ANALYSIS_FULL_VERSION_v1.0/SOURCE_M10_ONLY/qir/recon_M10_evidence_04_M10_EVIDENCE.txt,1,715
/mnt/data/p1_v11_source_scan/src2/RUMAHAGEN_WF03_M10_CORE_IMPACT_ANALYSIS_FULL_VERSION_v1.0.zip,src2/__nested__/0109/RUMAHAGEN_WF03_M10_CORE_IMPACT_ANALYSIS_FULL_VERSION_v1.0/SOURCE_M10_ONLY/qir/wf03_M10_evidence_17_M10_EVIDENCE.txt,1,7433
/mnt/data/p1_v11_source_scan/src2/RUMAHAGEN_WF03_M10_CORE_IMPACT_ANALYSIS_FULL_VERSION_v1.0.zip,src2/__nested__/0109/RUMAHAGEN_WF03_M10_CORE_IMPACT_ANALYSIS_FULL_VERSION_v1.0/SOURCE_M10_ONLY/qir/core_M10_evidence_07_M10_EVIDENCE.txt,1,4502
/mnt/data/p1_v11_source_scan/src2/RUMAHAGEN_WF03_M10_CORE_IMPACT_ANALYSIS_FULL_VERSION_v1.0.zip,src2/__nested__/0109/RUMAHAGEN_WF03_M10_CORE_IMPACT_ANALYSIS_FULL_VERSION_v1.0/SOURCE_M10_ONLY/qir/CORE_RBAC_M10_EXTRACT_v2.1_M10_EVIDENCE.txt,1,25824
/mnt/data/p1_v11_source_scan/src2/RUMAHAGEN_WF03_M10_CORE_IMPACT_ANALYSIS_FULL_VERSION_v1.0.zip,src2/__nested__/0109/RUMAHAGEN_WF03_M10_CORE_IMPACT_ANALYSIS_FULL_VERSION_v1.0/SOURCE_M10_ONLY/qir/wf03_M10_evidence_23_M10_EVIDENCE.txt,1,8879
/mnt/data/p1_v11_source_scan/src2/RUMAHAGEN_WF03_M10_CORE_IMPACT_ANALYSIS_FULL_VERSION_v1.0.zip,src2/__nested__/0109/RUMAHAGEN_WF03_M10_CORE_IMPACT_ANALYSIS_FULL_VERSION_v1.0/SOURCE_M10_ONLY/qir/wf03_M10_evidence_07_M10_EVIDENCE.txt,1,11855
/mnt/data/p1_v11_source_scan/src2/RUMAHAGEN_WF03_M10_CORE_IMPACT_ANALYSIS_FULL_VERSION_v1.0.zip,src2/__nested__/0109/RUMAHAGEN_WF03_M10_CORE_IMPACT_ANALYSIS_FULL_VERSION_v1.0/SOURCE_M10_ONLY/qir/core_M10_evidence_23_M10_EVIDENCE.txt,1,12284
/mnt/data/p1_v11_source_scan/src2/RUMAHAGEN_WF03_M10_CORE_IMPACT_ANALYSIS_FULL_VERSION_v1.0.zip,src2/__nested__/0109/RUMAHAGEN_WF03_M10_CORE_IMPACT_ANALYSIS_FULL_VERSION_v1.0/SOURCE_M10_ONLY/qir/wf03_M10_evidence_05_M10_EVIDENCE.txt,1,5720
/mnt/data/p1_v11_source_scan/src2/RUMAHAGEN_WF03_M10_CORE_IMPACT_ANALYSIS_FULL_VERSION_v1.0.zip,src2/__nested__/0109/RUMAHAGEN_WF03_M10_CORE_IMPACT_ANALYSIS_FULL_VERSION_v1.0/SOURCE_M10_ONLY/qir/RUMAHAGEN_GLOBAL_M10_PERMISSION_CATALOGUE_RECOVERY_RECONCILIATION_v1.0_M10_EVIDENCE.txt,1,4478
/mnt/data/p1_v11_source_scan/src2/RUMAHAGEN_WF03_M10_CORE_IMPACT_ANALYSIS_FULL_VERSION_v1.0.zip,src2/__nested__/0109/RUMAHAGEN_WF03_M10_CORE_IMPACT_ANALYSIS_FULL_VERSION_v1.0/SOURCE_M10_ONLY/qir/wf03_M10_evidence_25_M10_EVIDENCE.txt,1,2862
/mnt/data/p1_v11_source_scan/src2/RUMAHAGEN_WF03_M10_CORE_IMPACT_ANALYSIS_FULL_VERSION_v1.0.zip,src2/__nested__/0109/RUMAHAGEN_WF03_M10_CORE_IMPACT_ANALYSIS_FULL_VERSION_v1.0/SOURCE_M10_ONLY/qir/RUMAHAGEN_WF-03.2_M10D_FINAL_CROSS_RECONCILIATION_v1.0_M10_EVIDENCE.txt,1,6157
/mnt/data/p1_v11_source_scan/src2/RUMAHAGEN_WF03_M10_CORE_IMPACT_ANALYSIS_FULL_VERSION_v1.0.zip,src2/__nested__/0109/RUMAHAGEN_WF03_M10_CORE_IMPACT_ANALYSIS_FULL_VERSION_v1.0/SOURCE_M10_ONLY/qir/wf03_M10_evidence_06_M10_EVIDENCE.txt,1,5218
/mnt/data/p1_v11_source_scan/src2/RUMAHAGEN_WF03_M10_CORE_IMPACT_ANALYSIS_FULL_VERSION_v1.0.zip,src2/__nested__/0109/RUMAHAGEN_WF03_M10_CORE_IMPACT_ANALYSIS_FULL_VERSION_v1.0/SOURCE_M10_ONLY/qir/core_M10_evidence_20_M10_EVIDENCE.txt,1,3728
/mnt/data/p1_v11_source_scan/src2/RUMAHAGEN_WF03_M10_CORE_IMPACT_ANALYSIS_FULL_VERSION_v1.0.zip,src2/__nested__/0109/RUMAHAGEN_WF03_M10_CORE_IMPACT_ANALYSIS_FULL_VERSION_v1.0/SOURCE_M10_ONLY/qir/RUMAHAGEN_WF03_M10_QIR_RESOLUTION_FULL_VERSION_v1.0_M10_EVIDENCE.txt,1,6367
/mnt/data/p1_v11_source_scan/src2/RUMAHAGEN_WF03_M10_CORE_IMPACT_ANALYSIS_FULL_VERSION_v1.0.zip,src2/__nested__/0109/RUMAHAGEN_WF03_M10_CORE_IMPACT_ANALYSIS_FULL_VERSION_v1.0/SOURCE_M10_ONLY/qir/wf03_M10_evidence_12_M10_EVIDENCE.txt,1,10377
/mnt/data/p1_v11_source_scan/src2/RUMAHAGEN_WF03_M10_CORE_IMPACT_ANALYSIS_FULL_VERSION_v1.0.zip,src2/__nested__/0109/RUMAHAGEN_WF03_M10_CORE_IMPACT_ANALYSIS_FULL_VERSION_v1.0/SOURCE_M10_ONLY/qir/wf03_M10_evidence_03_M10_EVIDENCE.txt,1,6568
/mnt/data/p1_v11_source_scan/src2/RUMAHAGEN_WF03_M10_CORE_IMPACT_ANALYSIS_FULL_VERSION_v1.0.zip,src2/__nested__/0109/RUMAHAGEN_WF03_M10_CORE_IMPACT_ANALYSIS_FULL_VERSION_v1.0/SOURCE_M10_ONLY/qir/core_M10_evidence_09_M10_EVIDENCE.txt,1,5901
/mnt/data/p1_v11_source_scan/src2/RUMAHAGEN_WF03_M10_CORE_IMPACT_ANALYSIS_FULL_VERSION_v1.0.zip,src2/__nested__/0109/RUMAHAGEN_WF03_M10_CORE_IMPACT_ANALYSIS_FULL_VERSION_v1.0/SOURCE_M10_ONLY/qir/wf03_M10_evidence_21_M10_EVIDENCE.txt,1,4911
/mnt/data/p1_v11_source_scan/src2/RUMAHAGEN_WF03_M10_CORE_IMPACT_ANALYSIS_FULL_VERSION_v1.0.zip,src2/__nested__/0109/RUMAHAGEN_WF03_M10_CORE_IMPACT_ANALYSIS_FULL_VERSION_v1.0/SOURCE_M10_ONLY/qir/wf03_M10_evidence_09_M10_EVIDENCE.txt,1,8669
/mnt/data/p1_v11_source_scan/src2/RUMAHAGEN_WF03_M10_CORE_IMPACT_ANALYSIS_FULL_VERSION_v1.0.zip,src2/__nested__/0109/RUMAHAGEN_WF03_M10_CORE_IMPACT_ANALYSIS_FULL_VERSION_v1.0/SOURCE_M10_ONLY/qir/wf03_M10_evidence_08_M10_EVIDENCE.txt,1,4222
/mnt/data/p1_v11_source_scan/src2/RUMAHAGEN_WF03_M10_CORE_IMPACT_ANALYSIS_FULL_VERSION_v1.0.zip,src2/__nested__/0109/RUMAHAGEN_WF03_M10_CORE_IMPACT_ANALYSIS_FULL_VERSION_v1.0/SOURCE_M10_ONLY/qir/core_M10_evidence_10_M10_EVIDENCE.txt,1,45998
/mnt/data/p1_v11_source_scan/src2/RUMAHAGEN_WF03_M10_CORE_IMPACT_ANALYSIS_FULL_VERSION_v1.0.zip,src2/__nested__/0109/RUMAHAGEN_WF03_M10_CORE_IMPACT_ANALYSIS_FULL_VERSION_v1.0/SOURCE_M10_ONLY/qir/CORE_DEPENDENCY_M10_EXTRACT_v2.1_M10_EVIDENCE.txt,1,9701
/mnt/data/p1_v11_source_scan/src2/RUMAHAGEN_WF03_M10_CORE_IMPACT_ANALYSIS_FULL_VERSION_v1.0.zip,src2/__nested__/0109/RUMAHAGEN_WF03_M10_CORE_IMPACT_ANALYSIS_FULL_VERSION_v1.0/SOURCE_M10_ONLY/qir/core_M10_evidence_24_M10_EVIDENCE.txt,1,9273
/mnt/data/p1_v11_source_scan/src2/RUMAHAGEN_WF03_M10_CORE_IMPACT_ANALYSIS_FULL_VERSION_v1.0.zip,src2/__nested__/0109/RUMAHAGEN_WF03_M10_CORE_IMPACT_ANALYSIS_FULL_VERSION_v1.0/SOURCE_M10_ONLY/qir/wf03_M10_evidence_13_M10_EVIDENCE.txt,1,5561
/mnt/data/p1_v11_source_scan/src2/RUMAHAGEN_WF03_M10_CORE_IMPACT_ANALYSIS_FULL_VERSION_v1.0.zip,src2/__nested__/0109/RUMAHAGEN_WF03_M10_CORE_IMPACT_ANALYSIS_FULL_VERSION_v1.0/SOURCE_M10_ONLY/qir/CORE_UIUX_M10_EXTRACT_v2.1_M10_EVIDENCE.txt,1,10117
/mnt/data/p1_v11_source_scan/src2/RUMAHAGEN_WF03_M10_CORE_IMPACT_ANALYSIS_FULL_VERSION_v1.0.zip,src2/__nested__/0109/RUMAHAGEN_WF03_M10_CORE_IMPACT_ANALYSIS_FULL_VERSION_v1.0/SOURCE_M10_ONLY/qir/wf03_M10_evidence_22_M10_EVIDENCE.txt,1,8751
/mnt/data/p1_v11_source_scan/src2/RUMAHAGEN_WF03_M10_CORE_IMPACT_ANALYSIS_FULL_VERSION_v1.0.zip,src2/__nested__/0109/RUMAHAGEN_WF03_M10_CORE_IMPACT_ANALYSIS_FULL_VERSION_v1.0/SOURCE_M10_ONLY/qir/core_M10_evidence_13_M10_EVIDENCE.txt,1,2832
/mnt/data/p1_v11_source_scan/src2/RUMAHAGEN_WF03_M10_CORE_IMPACT_ANALYSIS_FULL_VERSION_v1.0.zip,src2/__nested__/0109/RUMAHAGEN_WF03_M10_CORE_IMPACT_ANALYSIS_FULL_VERSION_v1.0/SOURCE_M10_ONLY/qir/core_M10_evidence_04_M10_EVIDENCE.txt,1,10296
/mnt/data/p1_v11_source_scan/src2/RUMAHAGEN_WF03_M10_CORE_IMPACT_ANALYSIS_FULL_VERSION_v1.0.zip,src2/__nested__/0109/RUMAHAGEN_WF03_M10_CORE_IMPACT_ANALYSIS_FULL_VERSION_v1.0/SOURCE_M10_ONLY/qir/wf03_M10_evidence_24_M10_EVIDENCE.txt,1,3854
/mnt/data/p1_v11_source_scan/src2/RUMAHAGEN_WF03_M10_CORE_IMPACT_ANALYSIS_FULL_VERSION_v1.0.zip,src2/__nested__/0109/RUMAHAGEN_WF03_M10_CORE_IMPACT_ANALYSIS_FULL_VERSION_v1.0/SOURCE_M10_ONLY/qir/wf03_M10_evidence_20_M10_EVIDENCE.txt,1,5134
/mnt/data/M01-M15 new recon(20260907-081753).zip,src2/RUMAHAGEN_WF03_M10_QIR_RESOLUTION_FULL_VERSION_v1.0.zip,0,383436
/mnt/data/p1_v11_source_scan/src2/RUMAHAGEN_WF03_M10_QIR_RESOLUTION_FULL_VERSION_v1.0.zip,src2/__nested__/0110/RUMAHAGEN_WF03_M10_QIR_RESOLUTION_FULL_VERSION_v1.0/RUMAHAGEN_WF03_M10_QIR_RESOLUTION_FULL_VERSION_v1.0.docx,1,38754
/mnt/data/p1_v11_source_scan/src2/RUMAHAGEN_WF03_M10_QIR_RESOLUTION_FULL_VERSION_v1.0.zip,src2/__nested__/0110/RUMAHAGEN_WF03_M10_QIR_RESOLUTION_FULL_VERSION_v1.0/M10_QIR_RESOLUTION_REGISTER_v1.0.csv,1,2314
/mnt/data/p1_v11_source_scan/src2/RUMAHAGEN_WF03_M10_QIR_RESOLUTION_FULL_VERSION_v1.0.zip,src2/__nested__/0110/RUMAHAGEN_WF03_M10_QIR_RESOLUTION_FULL_VERSION_v1.0/M10_DEEP_SCAN_INVENTORY_v1.0.md,1,60
/mnt/data/p1_v11_source_scan/src2/RUMAHAGEN_WF03_M10_QIR_RESOLUTION_FULL_VERSION_v1.0.zip,src2/__nested__/0110/RUMAHAGEN_WF03_M10_QIR_RESOLUTION_FULL_VERSION_v1.0/RUMAHAGEN_WF03_M10_QIR_RESOLUTION_FULL_VERSION_v1.0.md,1,7226
/mnt/data/p1_v11_source_scan/src2/RUMAHAGEN_WF03_M10_QIR_RESOLUTION_FULL_VERSION_v1.0.zip,src2/__nested__/0110/RUMAHAGEN_WF03_M10_QIR_RESOLUTION_FULL_VERSION_v1.0/M10_QIR_CONTROLLED_SOURCE_MANIFEST_v1.0.md,1,8717
/mnt/data/p1_v11_source_scan/src2/RUMAHAGEN_WF03_M10_QIR_RESOLUTION_FULL_VERSION_v1.0.zip,src2/__nested__/0110/RUMAHAGEN_WF03_M10_QIR_RESOLUTION_FULL_VERSION_v1.0/M10_QIR_QA_REGISTER_v1.0.csv,1,536
/mnt/data/p1_v11_source_scan/src2/RUMAHAGEN_WF03_M10_QIR_RESOLUTION_FULL_VERSION_v1.0.zip,src2/__nested__/0110/RUMAHAGEN_WF03_M10_QIR_RESOLUTION_FULL_VERSION_v1.0/SOURCE_M10_ONLY/RUMAHAGEN_WF-03.2_M10A_PHYSICAL_RECONCILIATION_DELTA_W4_SCHEMA_API_ERD_v1.0.md,1,14372
/mnt/data/p1_v11_source_scan/src2/RUMAHAGEN_WF03_M10_QIR_RESOLUTION_FULL_VERSION_v1.0.zip,src2/__nested__/0110/RUMAHAGEN_WF03_M10_QIR_RESOLUTION_FULL_VERSION_v1.0/SOURCE_M10_ONLY/RUMAHAGEN_GLOBAL_M10_PERMISSION_CATALOGUE_RECOVERY_RECONCILIATION_v1.0.docx,1,39666
/mnt/data/p1_v11_source_scan/src2/RUMAHAGEN_WF03_M10_QIR_RESOLUTION_FULL_VERSION_v1.0.zip,src2/__nested__/0110/RUMAHAGEN_WF03_M10_QIR_RESOLUTION_FULL_VERSION_v1.0/SOURCE_M10_ONLY/CORE_API_M10_EXTRACT_v2.1.txt,1,13744
/mnt/data/p1_v11_source_scan/src2/RUMAHAGEN_WF03_M10_QIR_RESOLUTION_FULL_VERSION_v1.0.zip,src2/__nested__/0110/RUMAHAGEN_WF03_M10_QIR_RESOLUTION_FULL_VERSION_v1.0/SOURCE_M10_ONLY/CORE_UIUX_M10_EXTRACT_v2.1.txt,1,10914
/mnt/data/p1_v11_source_scan/src2/RUMAHAGEN_WF03_M10_QIR_RESOLUTION_FULL_VERSION_v1.0.zip,src2/__nested__/0110/RUMAHAGEN_WF03_M10_QIR_RESOLUTION_FULL_VERSION_v1.0/SOURCE_M10_ONLY/RUMAHAGEN_WF-03.2_M10A_PHYSICAL_RECONCILIATION_DELTA_W4_SCHEMA_API_ERD_v1.0.docx,1,42261
/mnt/data/p1_v11_source_scan/src2/RUMAHAGEN_WF03_M10_QIR_RESOLUTION_FULL_VERSION_v1.0.zip,src2/__nested__/0110/RUMAHAGEN_WF03_M10_QIR_RESOLUTION_FULL_VERSION_v1.0/SOURCE_M10_ONLY/RECON_M10_RELEVANT_FILE_INDEX.txt,1,225
/mnt/data/p1_v11_source_scan/src2/RUMAHAGEN_WF03_M10_QIR_RESOLUTION_FULL_VERSION_v1.0.zip,src2/__nested__/0110/RUMAHAGEN_WF03_M10_QIR_RESOLUTION_FULL_VERSION_v1.0/SOURCE_M10_ONLY/CORE_RBAC_M10_EXTRACT_v2.1.txt,1,26680
/mnt/data/p1_v11_source_scan/src2/RUMAHAGEN_WF03_M10_QIR_RESOLUTION_FULL_VERSION_v1.0.zip,src2/__nested__/0110/RUMAHAGEN_WF03_M10_QIR_RESOLUTION_FULL_VERSION_v1.0/SOURCE_M10_ONLY/CORE_DB_M10_EXTRACT_v2.2.txt,1,7332
/mnt/data/p1_v11_source_scan/src2/RUMAHAGEN_WF03_M10_QIR_RESOLUTION_FULL_VERSION_v1.0.zip,src2/__nested__/0110/RUMAHAGEN_WF03_M10_QIR_RESOLUTION_FULL_VERSION_v1.0/SOURCE_M10_ONLY/RUMAHAGEN_WF-03.2_M10A_PERMISSION_REEVALUATION_QA_DECISION_RECORD_v1.0 (1).md,1,15343
/mnt/data/p1_v11_source_scan/src2/RUMAHAGEN_WF03_M10_QIR_RESOLUTION_FULL_VERSION_v1.0.zip,src2/__nested__/0110/RUMAHAGEN_WF03_M10_QIR_RESOLUTION_FULL_VERSION_v1.0/SOURCE_M10_ONLY/RUMAHAGEN_WF-03.2_M10D_FINAL_CROSS_RECONCILIATION_v1.0.md,1,10351
/mnt/data/p1_v11_source_scan/src2/RUMAHAGEN_WF03_M10_QIR_RESOLUTION_FULL_VERSION_v1.0.zip,src2/__nested__/0110/RUMAHAGEN_WF03_M10_QIR_RESOLUTION_FULL_VERSION_v1.0/SOURCE_M10_ONLY/CORE_ERD_M10_EXTRACT_v2.1.txt,1,7122
/mnt/data/p1_v11_source_scan/src2/RUMAHAGEN_WF03_M10_QIR_RESOLUTION_FULL_VERSION_v1.0.zip,src2/__nested__/0110/RUMAHAGEN_WF03_M10_QIR_RESOLUTION_FULL_VERSION_v1.0/SOURCE_M10_ONLY/RUMAHAGEN_WF-03.2_M10C_REVISED_FINAL_RECORD_v1.1.docx,1,41727
/mnt/data/p1_v11_source_scan/src2/RUMAHAGEN_WF03_M10_QIR_RESOLUTION_FULL_VERSION_v1.0.zip,src2/__nested__/0110/RUMAHAGEN_WF03_M10_QIR_RESOLUTION_FULL_VERSION_v1.0/SOURCE_M10_ONLY/CORE_DEPENDENCY_M10_EXTRACT_v2.1.txt,1,9792
/mnt/data/p1_v11_source_scan/src2/RUMAHAGEN_WF03_M10_QIR_RESOLUTION_FULL_VERSION_v1.0.zip,src2/__nested__/0110/RUMAHAGEN_WF03_M10_QIR_RESOLUTION_FULL_VERSION_v1.0/SOURCE_M10_ONLY/CURRENT_QIR_EVIDENCE/recon_M10_evidence_01.txt,1,4999
/mnt/data/p1_v11_source_scan/src2/RUMAHAGEN_WF03_M10_QIR_RESOLUTION_FULL_VERSION_v1.0.zip,src2/__nested__/0110/RUMAHAGEN_WF03_M10_QIR_RESOLUTION_FULL_VERSION_v1.0/SOURCE_M10_ONLY/CURRENT_QIR_EVIDENCE/wf03_M10_evidence_22.txt,1,8720
/mnt/data/p1_v11_source_scan/src2/RUMAHAGEN_WF03_M10_QIR_RESOLUTION_FULL_VERSION_v1.0.zip,src2/__nested__/0110/RUMAHAGEN_WF03_M10_QIR_RESOLUTION_FULL_VERSION_v1.0/SOURCE_M10_ONLY/CURRENT_QIR_EVIDENCE/core_M10_evidence_02.txt,1,9844
/mnt/data/p1_v11_source_scan/src2/RUMAHAGEN_WF03_M10_QIR_RESOLUTION_FULL_VERSION_v1.0.zip,src2/__nested__/0110/RUMAHAGEN_WF03_M10_QIR_RESOLUTION_FULL_VERSION_v1.0/SOURCE_M10_ONLY/CURRENT_QIR_EVIDENCE/core_M10_evidence_03.txt,1,26571
/mnt/data/p1_v11_source_scan/src2/RUMAHAGEN_WF03_M10_QIR_RESOLUTION_FULL_VERSION_v1.0.zip,src2/__nested__/0110/RUMAHAGEN_WF03_M10_QIR_RESOLUTION_FULL_VERSION_v1.0/SOURCE_M10_ONLY/CURRENT_QIR_EVIDENCE/core_M10_evidence_13.txt,1,2830
/mnt/data/p1_v11_source_scan/src2/RUMAHAGEN_WF03_M10_QIR_RESOLUTION_FULL_VERSION_v1.0.zip,src2/__nested__/0110/RUMAHAGEN_WF03_M10_QIR_RESOLUTION_FULL_VERSION_v1.0/SOURCE_M10_ONLY/CURRENT_QIR_EVIDENCE/core_M10_evidence_24.txt,1,9150
/mnt/data/p1_v11_source_scan/src2/RUMAHAGEN_WF03_M10_QIR_RESOLUTION_FULL_VERSION_v1.0.zip,src2/__nested__/0110/RUMAHAGEN_WF03_M10_QIR_RESOLUTION_FULL_VERSION_v1.0/SOURCE_M10_ONLY/CURRENT_QIR_EVIDENCE/wf03_M10_evidence_20.txt,1,5087
/mnt/data/p1_v11_source_scan/src2/RUMAHAGEN_WF03_M10_QIR_RESOLUTION_FULL_VERSION_v1.0.zip,src2/__nested__/0110/RUMAHAGEN_WF03_M10_QIR_RESOLUTION_FULL_VERSION_v1.0/SOURCE_M10_ONLY/CURRENT_QIR_EVIDENCE/wf03_M10_evidence_16.txt,1,992
/mnt/data/p1_v11_source_scan/src2/RUMAHAGEN_WF03_M10_QIR_RESOLUTION_FULL_VERSION_v1.0.zip,src2/__nested__/0110/RUMAHAGEN_WF03_M10_QIR_RESOLUTION_FULL_VERSION_v1.0/SOURCE_M10_ONLY/CURRENT_QIR_EVIDENCE/core_M10_evidence_14.txt,1,10779
/mnt/data/p1_v11_source_scan/src2/RUMAHAGEN_WF03_M10_QIR_RESOLUTION_FULL_VERSION_v1.0.zip,src2/__nested__/0110/RUMAHAGEN_WF03_M10_QIR_RESOLUTION_FULL_VERSION_v1.0/SOURCE_M10_ONLY/CURRENT_QIR_EVIDENCE/wf03_M10_evidence_03.txt,1,6532
/mnt/data/p1_v11_source_scan/src2/RUMAHAGEN_WF03_M10_QIR_RESOLUTION_FULL_VERSION_v1.0.zip,src2/__nested__/0110/RUMAHAGEN_WF03_M10_QIR_RESOLUTION_FULL_VERSION_v1.0/SOURCE_M10_ONLY/CURRENT_QIR_EVIDENCE/core_M10_evidence_08.txt,1,9774
/mnt/data/p1_v11_source_scan/src2/RUMAHAGEN_WF03_M10_QIR_RESOLUTION_FULL_VERSION_v1.0.zip,src2/__nested__/0110/RUMAHAGEN_WF03_M10_QIR_RESOLUTION_FULL_VERSION_v1.0/SOURCE_M10_ONLY/CURRENT_QIR_EVIDENCE/core_M10_evidence_23.txt,1,12319
/mnt/data/p1_v11_source_scan/src2/RUMAHAGEN_WF03_M10_QIR_RESOLUTION_FULL_VERSION_v1.0.zip,src2/__nested__/0110/RUMAHAGEN_WF03_M10_QIR_RESOLUTION_FULL_VERSION_v1.0/SOURCE_M10_ONLY/CURRENT_QIR_EVIDENCE/core_M10_evidence_15.txt,1,3221
/mnt/data/p1_v11_source_scan/src2/RUMAHAGEN_WF03_M10_QIR_RESOLUTION_FULL_VERSION_v1.0.zip,src2/__nested__/0110/RUMAHAGEN_WF03_M10_QIR_RESOLUTION_FULL_VERSION_v1.0/SOURCE_M10_ONLY/CURRENT_QIR_EVIDENCE/core_M10_evidence_22.txt,1,3938
/mnt/data/p1_v11_source_scan/src2/RUMAHAGEN_WF03_M10_QIR_RESOLUTION_FULL_VERSION_v1.0.zip,src2/__nested__/0110/RUMAHAGEN_WF03_M10_QIR_RESOLUTION_FULL_VERSION_v1.0/SOURCE_M10_ONLY/CURRENT_QIR_EVIDENCE/core_M10_evidence_21.txt,1,7172
/mnt/data/p1_v11_source_scan/src2/RUMAHAGEN_WF03_M10_QIR_RESOLUTION_FULL_VERSION_v1.0.zip,src2/__nested__/0110/RUMAHAGEN_WF03_M10_QIR_RESOLUTION_FULL_VERSION_v1.0/SOURCE_M10_ONLY/CURRENT_QIR_EVIDENCE/core_M10_evidence_19.txt,1,6973
/mnt/data/p1_v11_source_scan/src2/RUMAHAGEN_WF03_M10_QIR_RESOLUTION_FULL_VERSION_v1.0.zip,src2/__nested__/0110/RUMAHAGEN_WF03_M10_QIR_RESOLUTION_FULL_VERSION_v1.0/SOURCE_M10_ONLY/CURRENT_QIR_EVIDENCE/wf03_M10_evidence_18.txt,1,2095
/mnt/data/p1_v11_source_scan/src2/RUMAHAGEN_WF03_M10_QIR_RESOLUTION_FULL_VERSION_v1.0.zip,src2/__nested__/0110/RUMAHAGEN_WF03_M10_QIR_RESOLUTION_FULL_VERSION_v1.0/SOURCE_M10_ONLY/CURRENT_QIR_EVIDENCE/recon_M10_evidence_03.txt,1,3600
/mnt/data/p1_v11_source_scan/src2/RUMAHAGEN_WF03_M10_QIR_RESOLUTION_FULL_VERSION_v1.0.zip,src2/__nested__/0110/RUMAHAGEN_WF03_M10_QIR_RESOLUTION_FULL_VERSION_v1.0/SOURCE_M10_ONLY/CURRENT_QIR_EVIDENCE/wf03_M10_evidence_10.txt,1,26212
/mnt/data/p1_v11_source_scan/src2/RUMAHAGEN_WF03_M10_QIR_RESOLUTION_FULL_VERSION_v1.0.zip,src2/__nested__/0110/RUMAHAGEN_WF03_M10_QIR_RESOLUTION_FULL_VERSION_v1.0/SOURCE_M10_ONLY/CURRENT_QIR_EVIDENCE/wf03_M10_evidence_21.txt,1,4788
/mnt/data/p1_v11_source_scan/src2/RUMAHAGEN_WF03_M10_QIR_RESOLUTION_FULL_VERSION_v1.0.zip,src2/__nested__/0110/RUMAHAGEN_WF03_M10_QIR_RESOLUTION_FULL_VERSION_v1.0/SOURCE_M10_ONLY/CURRENT_QIR_EVIDENCE/core_M10_evidence_09.txt,1,5921
/mnt/data/p1_v11_source_scan/src2/RUMAHAGEN_WF03_M10_QIR_RESOLUTION_FULL_VERSION_v1.0.zip,src2/__nested__/0110/RUMAHAGEN_WF03_M10_QIR_RESOLUTION_FULL_VERSION_v1.0/SOURCE_M10_ONLY/CURRENT_QIR_EVIDENCE/recon_M10_evidence_04.txt,1,656
/mnt/data/p1_v11_source_scan/src2/RUMAHAGEN_WF03_M10_QIR_RESOLUTION_FULL_VERSION_v1.0.zip,src2/__nested__/0110/RUMAHAGEN_WF03_M10_QIR_RESOLUTION_FULL_VERSION_v1.0/SOURCE_M10_ONLY/CURRENT_QIR_EVIDENCE/core_M10_evidence_01.txt,1,13845
/mnt/data/p1_v11_source_scan/src2/RUMAHAGEN_WF03_M10_QIR_RESOLUTION_FULL_VERSION_v1.0.zip,src2/__nested__/0110/RUMAHAGEN_WF03_M10_QIR_RESOLUTION_FULL_VERSION_v1.0/SOURCE_M10_ONLY/CURRENT_QIR_EVIDENCE/core_M10_evidence_06.txt,1,9795
/mnt/data/p1_v11_source_scan/src2/RUMAHAGEN_WF03_M10_QIR_RESOLUTION_FULL_VERSION_v1.0.zip,src2/__nested__/0110/RUMAHAGEN_WF03_M10_QIR_RESOLUTION_FULL_VERSION_v1.0/SOURCE_M10_ONLY/CURRENT_QIR_EVIDENCE/core_M10_evidence_16.txt,1,6639
/mnt/data/p1_v11_source_scan/src2/RUMAHAGEN_WF03_M10_QIR_RESOLUTION_FULL_VERSION_v1.0.zip,src2/__nested__/0110/RUMAHAGEN_WF03_M10_QIR_RESOLUTION_FULL_VERSION_v1.0/SOURCE_M10_ONLY/CURRENT_QIR_EVIDENCE/wf03_M10_evidence_09.txt,1,8625
/mnt/data/p1_v11_source_scan/src2/RUMAHAGEN_WF03_M10_QIR_RESOLUTION_FULL_VERSION_v1.0.zip,src2/__nested__/0110/RUMAHAGEN_WF03_M10_QIR_RESOLUTION_FULL_VERSION_v1.0/SOURCE_M10_ONLY/CURRENT_QIR_EVIDENCE/core_M10_evidence_11.txt,1,6197
/mnt/data/p1_v11_source_scan/src2/RUMAHAGEN_WF03_M10_QIR_RESOLUTION_FULL_VERSION_v1.0.zip,src2/__nested__/0110/RUMAHAGEN_WF03_M10_QIR_RESOLUTION_FULL_VERSION_v1.0/SOURCE_M10_ONLY/CURRENT_QIR_EVIDENCE/core_M10_evidence_20.txt,1,3724
/mnt/data/p1_v11_source_scan/src2/RUMAHAGEN_WF03_M10_QIR_RESOLUTION_FULL_VERSION_v1.0.zip,src2/__nested__/0110/RUMAHAGEN_WF03_M10_QIR_RESOLUTION_FULL_VERSION_v1.0/SOURCE_M10_ONLY/CURRENT_QIR_EVIDENCE/wf03_M10_evidence_25.txt,1,2942
/mnt/data/p1_v11_source_scan/src2/RUMAHAGEN_WF03_M10_QIR_RESOLUTION_FULL_VERSION_v1.0.zip,src2/__nested__/0110/RUMAHAGEN_WF03_M10_QIR_RESOLUTION_FULL_VERSION_v1.0/SOURCE_M10_ONLY/CURRENT_QIR_EVIDENCE/core_M10_evidence_05.txt,1,6359
/mnt/data/p1_v11_source_scan/src2/RUMAHAGEN_WF03_M10_QIR_RESOLUTION_FULL_VERSION_v1.0.zip,src2/__nested__/0110/RUMAHAGEN_WF03_M10_QIR_RESOLUTION_FULL_VERSION_v1.0/SOURCE_M10_ONLY/CURRENT_QIR_EVIDENCE/wf03_M10_evidence_04.txt,1,4914
/mnt/data/p1_v11_source_scan/src2/RUMAHAGEN_WF03_M10_QIR_RESOLUTION_FULL_VERSION_v1.0.zip,src2/__nested__/0110/RUMAHAGEN_WF03_M10_QIR_RESOLUTION_FULL_VERSION_v1.0/SOURCE_M10_ONLY/CURRENT_QIR_EVIDENCE/core_M10_evidence_07.txt,1,4497
/mnt/data/p1_v11_source_scan/src2/RUMAHAGEN_WF03_M10_QIR_RESOLUTION_FULL_VERSION_v1.0.zip,src2/__nested__/0110/RUMAHAGEN_WF03_M10_QIR_RESOLUTION_FULL_VERSION_v1.0/SOURCE_M10_ONLY/CURRENT_QIR_EVIDENCE/core_M10_evidence_10.txt,1,46007
/mnt/data/p1_v11_source_scan/src2/RUMAHAGEN_WF03_M10_QIR_RESOLUTION_FULL_VERSION_v1.0.zip,src2/__nested__/0110/RUMAHAGEN_WF03_M10_QIR_RESOLUTION_FULL_VERSION_v1.0/SOURCE_M10_ONLY/CURRENT_QIR_EVIDENCE/core_M10_evidence_18.txt,1,3874
/mnt/data/p1_v11_source_scan/src2/RUMAHAGEN_WF03_M10_QIR_RESOLUTION_FULL_VERSION_v1.0.zip,src2/__nested__/0110/RUMAHAGEN_WF03_M10_QIR_RESOLUTION_FULL_VERSION_v1.0/SOURCE_M10_ONLY/CURRENT_QIR_EVIDENCE/wf03_M10_evidence_11.txt,1,26208
/mnt/data/p1_v11_source_scan/src2/RUMAHAGEN_WF03_M10_QIR_RESOLUTION_FULL_VERSION_v1.0.zip,src2/__nested__/0110/RUMAHAGEN_WF03_M10_QIR_RESOLUTION_FULL_VERSION_v1.0/SOURCE_M10_ONLY/CURRENT_QIR_EVIDENCE/wf03_M10_evidence_17.txt,1,7382
/mnt/data/p1_v11_source_scan/src2/RUMAHAGEN_WF03_M10_QIR_RESOLUTION_FULL_VERSION_v1.0.zip,src2/__nested__/0110/RUMAHAGEN_WF03_M10_QIR_RESOLUTION_FULL_VERSION_v1.0/SOURCE_M10_ONLY/CURRENT_QIR_EVIDENCE/wf03_M10_evidence_02.txt,1,5353
/mnt/data/p1_v11_source_scan/src2/RUMAHAGEN_WF03_M10_QIR_RESOLUTION_FULL_VERSION_v1.0.zip,src2/__nested__/0110/RUMAHAGEN_WF03_M10_QIR_RESOLUTION_FULL_VERSION_v1.0/SOURCE_M10_ONLY/CURRENT_QIR_EVIDENCE/wf03_M10_evidence_24.txt,1,3818
/mnt/data/p1_v11_source_scan/src2/RUMAHAGEN_WF03_M10_QIR_RESOLUTION_FULL_VERSION_v1.0.zip,src2/__nested__/0110/RUMAHAGEN_WF03_M10_QIR_RESOLUTION_FULL_VERSION_v1.0/SOURCE_M10_ONLY/CURRENT_QIR_EVIDENCE/wf03_M10_evidence_01.txt,1,5142
/mnt/data/p1_v11_source_scan/src2/RUMAHAGEN_WF03_M10_QIR_RESOLUTION_FULL_VERSION_v1.0.zip,src2/__nested__/0110/RUMAHAGEN_WF03_M10_QIR_RESOLUTION_FULL_VERSION_v1.0/SOURCE_M10_ONLY/CURRENT_QIR_EVIDENCE/core_M10_evidence_12.txt,1,6406
/mnt/data/p1_v11_source_scan/src2/RUMAHAGEN_WF03_M10_QIR_RESOLUTION_FULL_VERSION_v1.0.zip,src2/__nested__/0110/RUMAHAGEN_WF03_M10_QIR_RESOLUTION_FULL_VERSION_v1.0/SOURCE_M10_ONLY/CURRENT_QIR_EVIDENCE/core_M10_evidence_25.txt,1,27465
/mnt/data/p1_v11_source_scan/src2/RUMAHAGEN_WF03_M10_QIR_RESOLUTION_FULL_VERSION_v1.0.zip,src2/__nested__/0110/RUMAHAGEN_WF03_M10_QIR_RESOLUTION_FULL_VERSION_v1.0/SOURCE_M10_ONLY/CURRENT_QIR_EVIDENCE/wf03_M10_evidence_06.txt,1,5162
/mnt/data/p1_v11_source_scan/src2/RUMAHAGEN_WF03_M10_QIR_RESOLUTION_FULL_VERSION_v1.0.zip,src2/__nested__/0110/RUMAHAGEN_WF03_M10_QIR_RESOLUTION_FULL_VERSION_v1.0/SOURCE_M10_ONLY/CURRENT_QIR_EVIDENCE/wf03_M10_evidence_05.txt,1,5687
/mnt/data/p1_v11_source_scan/src2/RUMAHAGEN_WF03_M10_QIR_RESOLUTION_FULL_VERSION_v1.0.zip,src2/__nested__/0110/RUMAHAGEN_WF03_M10_QIR_RESOLUTION_FULL_VERSION_v1.0/SOURCE_M10_ONLY/CURRENT_QIR_EVIDENCE/wf03_M10_evidence_08.txt,1,4183
/mnt/data/p1_v11_source_scan/src2/RUMAHAGEN_WF03_M10_QIR_RESOLUTION_FULL_VERSION_v1.0.zip,src2/__nested__/0110/RUMAHAGEN_WF03_M10_QIR_RESOLUTION_FULL_VERSION_v1.0/SOURCE_M10_ONLY/CURRENT_QIR_EVIDENCE/wf03_M10_evidence_12.txt,1,10333
/mnt/data/p1_v11_source_scan/src2/RUMAHAGEN_WF03_M10_QIR_RESOLUTION_FULL_VERSION_v1.0.zip,src2/__nested__/0110/RUMAHAGEN_WF03_M10_QIR_RESOLUTION_FULL_VERSION_v1.0/SOURCE_M10_ONLY/CURRENT_QIR_EVIDENCE/wf03_M10_evidence_14.txt,1,4047
/mnt/data/p1_v11_source_scan/src2/RUMAHAGEN_WF03_M10_QIR_RESOLUTION_FULL_VERSION_v1.0.zip,src2/__nested__/0110/RUMAHAGEN_WF03_M10_QIR_RESOLUTION_FULL_VERSION_v1.0/SOURCE_M10_ONLY/CURRENT_QIR_EVIDENCE/core_M10_evidence_17.txt,1,12510
/mnt/data/p1_v11_source_scan/src2/RUMAHAGEN_WF03_M10_QIR_RESOLUTION_FULL_VERSION_v1.0.zip,src2/__nested__/0110/RUMAHAGEN_WF03_M10_QIR_RESOLUTION_FULL_VERSION_v1.0/SOURCE_M10_ONLY/CURRENT_QIR_EVIDENCE/core_M10_evidence_04.txt,1,10332
/mnt/data/p1_v11_source_scan/src2/RUMAHAGEN_WF03_M10_QIR_RESOLUTION_FULL_VERSION_v1.0.zip,src2/__nested__/0110/RUMAHAGEN_WF03_M10_QIR_RESOLUTION_FULL_VERSION_v1.0/SOURCE_M10_ONLY/CURRENT_QIR_EVIDENCE/wf03_M10_evidence_15.txt,1,5544
/mnt/data/p1_v11_source_scan/src2/RUMAHAGEN_WF03_M10_QIR_RESOLUTION_FULL_VERSION_v1.0.zip,src2/__nested__/0110/RUMAHAGEN_WF03_M10_QIR_RESOLUTION_FULL_VERSION_v1.0/SOURCE_M10_ONLY/CURRENT_QIR_EVIDENCE/wf03_M10_evidence_23.txt,1,8843
/mnt/data/p1_v11_source_scan/src2/RUMAHAGEN_WF03_M10_QIR_RESOLUTION_FULL_VERSION_v1.0.zip,src2/__nested__/0110/RUMAHAGEN_WF03_M10_QIR_RESOLUTION_FULL_VERSION_v1.0/SOURCE_M10_ONLY/CURRENT_QIR_EVIDENCE/recon_M10_evidence_02.txt,1,2106
/mnt/data/p1_v11_source_scan/src2/RUMAHAGEN_WF03_M10_QIR_RESOLUTION_FULL_VERSION_v1.0.zip,src2/__nested__/0110/RUMAHAGEN_WF03_M10_QIR_RESOLUTION_FULL_VERSION_v1.0/SOURCE_M10_ONLY/CURRENT_QIR_EVIDENCE/wf03_M10_evidence_07.txt,1,11811
/mnt/data/p1_v11_source_scan/src2/RUMAHAGEN_WF03_M10_QIR_RESOLUTION_FULL_VERSION_v1.0.zip,src2/__nested__/0110/RUMAHAGEN_WF03_M10_QIR_RESOLUTION_FULL_VERSION_v1.0/SOURCE_M10_ONLY/CURRENT_QIR_EVIDENCE/wf03_M10_evidence_19.txt,1,5743
/mnt/data/p1_v11_source_scan/src2/RUMAHAGEN_WF03_M10_QIR_RESOLUTION_FULL_VERSION_v1.0.zip,src2/__nested__/0110/RUMAHAGEN_WF03_M10_QIR_RESOLUTION_FULL_VERSION_v1.0/SOURCE_M10_ONLY/CURRENT_QIR_EVIDENCE/wf03_M10_evidence_13.txt,1,5531
/mnt/data/M01-M15 new recon(20260907-081753).zip,src2/RUMAHAGEN_WF03_M11_FULL_REBUILD_CONTROLLED_v2.0_FULL_VERSION.zip,0,49864
/mnt/data/p1_v11_source_scan/src2/RUMAHAGEN_WF03_M11_FULL_REBUILD_CONTROLLED_v2.0_FULL_VERSION.zip,src2/__nested__/0111/RUMAHAGEN_WF03_M11_FULL_REBUILD_CONTROLLED_v2.0_FULL_VERSION.md,1,21630
/mnt/data/p1_v11_source_scan/src2/RUMAHAGEN_WF03_M11_FULL_REBUILD_CONTROLLED_v2.0_FULL_VERSION.zip,src2/__nested__/0111/RUMAHAGEN_WF03_M11_FULL_REBUILD_CONTROLLED_v2.0_FULL_VERSION.docx,1,44329
/mnt/data/p1_v11_source_scan/src2/RUMAHAGEN_WF03_M11_FULL_REBUILD_CONTROLLED_v2.0_FULL_VERSION.zip,src2/__nested__/0111/M11_CONTROLLED_MANIFEST_v2.0.json,1,727
/mnt/data/p1_v11_source_scan/src2/RUMAHAGEN_WF03_M11_FULL_REBUILD_CONTROLLED_v2.0_FULL_VERSION.zip,src2/__nested__/0111/SHA256SUMS.txt,1,361
/mnt/data/M01-M15 new recon(20260907-081753).zip,src2/RUMAHAGEN_WF03_M11_CORE_IMPACT_ANALYSIS_FULL_v1.0.zip,0,52090
/mnt/data/p1_v11_source_scan/src2/RUMAHAGEN_WF03_M11_CORE_IMPACT_ANALYSIS_FULL_v1.0.zip,src2/__nested__/0112/RUMAHAGEN_WF03_M11_CORE_IMPACT_ANALYSIS_FULL_v1.0.md,1,23748
/mnt/data/p1_v11_source_scan/src2/RUMAHAGEN_WF03_M11_CORE_IMPACT_ANALYSIS_FULL_v1.0.zip,src2/__nested__/0112/RUMAHAGEN_WF03_M11_CORE_IMPACT_ANALYSIS_FULL_v1.0.docx,1,45323
/mnt/data/p1_v11_source_scan/src2/RUMAHAGEN_WF03_M11_CORE_IMPACT_ANALYSIS_FULL_v1.0.zip,src2/__nested__/0112/M11_CORE_IMPACT_ANALYSIS_CONTROLLED_MANIFEST_v1.0.json,1,1255
/mnt/data/p1_v11_source_scan/src2/RUMAHAGEN_WF03_M11_CORE_IMPACT_ANALYSIS_FULL_v1.0.zip,src2/__nested__/0112/SHA256SUMS.txt,1,360
/mnt/data/M01-M15 new recon(20260907-081753).zip,src2/RUMAHAGEN_WF03_M11_QIR_RESOLUTION_FULL_v1.0_FULL_VERSION.zip,0,49384
/mnt/data/p1_v11_source_scan/src2/RUMAHAGEN_WF03_M11_QIR_RESOLUTION_FULL_v1.0_FULL_VERSION.zip,src2/__nested__/0113/RUMAHAGEN_WF03_M11_QIR_RESOLUTION_FULL_v1.0_FULL_VERSION.md,1,18426
/mnt/data/p1_v11_source_scan/src2/RUMAHAGEN_WF03_M11_QIR_RESOLUTION_FULL_v1.0_FULL_VERSION.zip,src2/__nested__/0113/RUMAHAGEN_WF03_M11_QIR_RESOLUTION_FULL_v1.0_FULL_VERSION.docx,1,43901
/mnt/data/p1_v11_source_scan/src2/RUMAHAGEN_WF03_M11_QIR_RESOLUTION_FULL_v1.0_FULL_VERSION.zip,src2/__nested__/0113/M11_QIR_RESOLUTION_CONTROLLED_MANIFEST_v1.0.json,1,1257
/mnt/data/p1_v11_source_scan/src2/RUMAHAGEN_WF03_M11_QIR_RESOLUTION_FULL_v1.0_FULL_VERSION.zip,src2/__nested__/0113/SHA256SUMS.txt,1,368
/mnt/data/M01-M15 new recon(20260907-081753).zip,src2/RUMAHAGEN_WF03_M12_QIR_RESOLUTION_FULL_v1.0.zip,0,48513
/mnt/data/p1_v11_source_scan/src2/RUMAHAGEN_WF03_M12_QIR_RESOLUTION_FULL_v1.0.zip,src2/__nested__/0114/RUMAHAGEN_WF03_M12_QIR_RESOLUTION_FULL_v1.0.md,1,18123
/mnt/data/p1_v11_source_scan/src2/RUMAHAGEN_WF03_M12_QIR_RESOLUTION_FULL_v1.0.zip,src2/__nested__/0114/RUMAHAGEN_WF03_M12_QIR_RESOLUTION_FULL_v1.0.docx,1,43653
/mnt/data/p1_v11_source_scan/src2/RUMAHAGEN_WF03_M12_QIR_RESOLUTION_FULL_v1.0.zip,src2/__nested__/0114/M12_QIR_CONTROLLED_MANIFEST_v1.0.json,1,640
/mnt/data/p1_v11_source_scan/src2/RUMAHAGEN_WF03_M12_QIR_RESOLUTION_FULL_v1.0.zip,src2/__nested__/0114/SHA256SUMS.txt,1,331
/mnt/data/M01-M15 new recon(20260907-081753).zip,src2/RUMAHAGEN_WF03_M12_FULL_REBUILD_CONTROLLED_v1.0.zip,0,49052
/mnt/data/p1_v11_source_scan/src2/RUMAHAGEN_WF03_M12_FULL_REBUILD_CONTROLLED_v1.0.zip,src2/__nested__/0115/RUMAHAGEN_WF03_M12_FULL_REBUILD_CONTROLLED_v1.0.md,1,20126
/mnt/data/p1_v11_source_scan/src2/RUMAHAGEN_WF03_M12_FULL_REBUILD_CONTROLLED_v1.0.zip,src2/__nested__/0115/RUMAHAGEN_WF03_M12_FULL_REBUILD_CONTROLLED_v1.0.docx,1,43868
/mnt/data/p1_v11_source_scan/src2/RUMAHAGEN_WF03_M12_FULL_REBUILD_CONTROLLED_v1.0.zip,src2/__nested__/0115/M12_CONTROLLED_MANIFEST_v1.0.json,1,714
/mnt/data/p1_v11_source_scan/src2/RUMAHAGEN_WF03_M12_FULL_REBUILD_CONTROLLED_v1.0.zip,src2/__nested__/0115/SHA256SUMS.txt,1,335
/mnt/data/M01-M15 new recon(20260907-081753).zip,src2/RUMAHAGEN_WF03_M12_CORE_IMPACT_ANALYSIS_FULL_v1.0.zip,0,50692
/mnt/data/p1_v11_source_scan/src2/RUMAHAGEN_WF03_M12_CORE_IMPACT_ANALYSIS_FULL_v1.0.zip,src2/__nested__/0116/RUMAHAGEN_WF03_M12_CORE_IMPACT_ANALYSIS_FULL_v1.0.md,1,22540
/mnt/data/p1_v11_source_scan/src2/RUMAHAGEN_WF03_M12_CORE_IMPACT_ANALYSIS_FULL_v1.0.zip,src2/__nested__/0116/RUMAHAGEN_WF03_M12_CORE_IMPACT_ANALYSIS_FULL_v1.0.docx,1,44539
/mnt/data/p1_v11_source_scan/src2/RUMAHAGEN_WF03_M12_CORE_IMPACT_ANALYSIS_FULL_v1.0.zip,src2/__nested__/0116/M12_CORE_IMPACT_CONTROLLED_MANIFEST_v1.0.json,1,1563
/mnt/data/p1_v11_source_scan/src2/RUMAHAGEN_WF03_M12_CORE_IMPACT_ANALYSIS_FULL_v1.0.zip,src2/__nested__/0116/SHA256SUMS.txt,1,351
/mnt/data/M01-M15 new recon(20260907-081753).zip,src2/RUMAHAGEN_WF03_M13_CORE_IMPACT_ANALYSIS_FULL_v1.0.zip,0,49409
/mnt/data/p1_v11_source_scan/src2/RUMAHAGEN_WF03_M13_CORE_IMPACT_ANALYSIS_FULL_v1.0.zip,src2/__nested__/0117/RUMAHAGEN_WF03_M13_CORE_IMPACT_ANALYSIS_FULL_v1.0.md,1,18840
/mnt/data/p1_v11_source_scan/src2/RUMAHAGEN_WF03_M13_CORE_IMPACT_ANALYSIS_FULL_v1.0.zip,src2/__nested__/0117/RUMAHAGEN_WF03_M13_CORE_IMPACT_ANALYSIS_FULL_v1.0.docx,1,43979
/mnt/data/p1_v11_source_scan/src2/RUMAHAGEN_WF03_M13_CORE_IMPACT_ANALYSIS_FULL_v1.0.zip,src2/__nested__/0117/M13_CORE_IMPACT_CONTROLLED_MANIFEST_v1.0.json,1,909
/mnt/data/p1_v11_source_scan/src2/RUMAHAGEN_WF03_M13_CORE_IMPACT_ANALYSIS_FULL_v1.0.zip,src2/__nested__/0117/SHA256SUMS.txt,1,351
/mnt/data/M01-M15 new recon(20260907-081753).zip,src2/RUMAHAGEN_WF03_M13_FULL_REBUILD_CONTROLLED_v1.0.zip,0,52414
/mnt/data/p1_v11_source_scan/src2/RUMAHAGEN_WF03_M13_FULL_REBUILD_CONTROLLED_v1.0.zip,src2/__nested__/0118/RUMAHAGEN_WF03_M13_FULL_REBUILD_CONTROLLED_v1.0.md,1,23559
/mnt/data/p1_v11_source_scan/src2/RUMAHAGEN_WF03_M13_FULL_REBUILD_CONTROLLED_v1.0.zip,src2/__nested__/0118/RUMAHAGEN_WF03_M13_FULL_REBUILD_CONTROLLED_v1.0.docx,1,45624
/mnt/data/p1_v11_source_scan/src2/RUMAHAGEN_WF03_M13_FULL_REBUILD_CONTROLLED_v1.0.zip,src2/__nested__/0118/M13_CONTROLLED_MANIFEST_v1.0.json,1,1122
/mnt/data/p1_v11_source_scan/src2/RUMAHAGEN_WF03_M13_FULL_REBUILD_CONTROLLED_v1.0.zip,src2/__nested__/0118/SHA256SUMS.txt,1,335
/mnt/data/M01-M15 new recon(20260907-081753).zip,src2/RUMAHAGEN_WF03_M13_QIR_RESOLUTION_FULL_v1.0.zip,0,47002
/mnt/data/p1_v11_source_scan/src2/RUMAHAGEN_WF03_M13_QIR_RESOLUTION_FULL_v1.0.zip,src2/__nested__/0119/RUMAHAGEN_WF03_M13_QIR_RESOLUTION_FULL_v1.0.md,1,14829
/mnt/data/p1_v11_source_scan/src2/RUMAHAGEN_WF03_M13_QIR_RESOLUTION_FULL_v1.0.zip,src2/__nested__/0119/RUMAHAGEN_WF03_M13_QIR_RESOLUTION_FULL_v1.0.docx,1,42704
/mnt/data/p1_v11_source_scan/src2/RUMAHAGEN_WF03_M13_QIR_RESOLUTION_FULL_v1.0.zip,src2/__nested__/0119/M13_QIR_CONTROLLED_MANIFEST_v1.0.json,1,879
/mnt/data/p1_v11_source_scan/src2/RUMAHAGEN_WF03_M13_QIR_RESOLUTION_FULL_v1.0.zip,src2/__nested__/0119/SHA256SUMS.txt,1,331
/mnt/data/M01-M15 new recon(20260907-081753).zip,src2/RUMAHAGEN_WF03_M14_FULL_REBUILD_v2.2_CORE_DETAIL_PARITY_FULL_VERSION.zip,0,68960
/mnt/data/p1_v11_source_scan/src2/RUMAHAGEN_WF03_M14_FULL_REBUILD_v2.2_CORE_DETAIL_PARITY_FULL_VERSION.zip,src2/__nested__/0120/RUMAHAGEN_WF03_M14_FULL_REBUILD_v2.2_CORE_DETAIL_PARITY_FULL_VERSION.md,1,52073
/mnt/data/p1_v11_source_scan/src2/RUMAHAGEN_WF03_M14_FULL_REBUILD_v2.2_CORE_DETAIL_PARITY_FULL_VERSION.zip,src2/__nested__/0120/RUMAHAGEN_WF03_M14_FULL_REBUILD_v2.2_CORE_DETAIL_PARITY_FULL_VERSION.docx,1,55397
/mnt/data/M01-M15 new recon(20260907-081753).zip,src2/RUMAHAGEN_WF03_M14_CORE_IMPACT_ANALYSIS_v1.0_FULL_VERSION.zip,0,46635
/mnt/data/p1_v11_source_scan/src2/RUMAHAGEN_WF03_M14_CORE_IMPACT_ANALYSIS_v1.0_FULL_VERSION.zip,src2/__nested__/0121/RUMAHAGEN_WF03_M14_CORE_IMPACT_ANALYSIS_v1.0_FULL_VERSION.md,1,18063
/mnt/data/p1_v11_source_scan/src2/RUMAHAGEN_WF03_M14_CORE_IMPACT_ANALYSIS_v1.0_FULL_VERSION.zip,src2/__nested__/0121/RUMAHAGEN_WF03_M14_CORE_IMPACT_ANALYSIS_v1.0_FULL_VERSION.docx,1,42929
/mnt/data/M01-M15 new recon(20260907-081753).zip,src2/RUMAHAGEN_WF03_M14_QIR_RESOLUTION_v1.0_FULL_VERSION.zip,0,53595
/mnt/data/p1_v11_source_scan/src2/RUMAHAGEN_WF03_M14_QIR_RESOLUTION_v1.0_FULL_VERSION.zip,src2/__nested__/0122/RUMAHAGEN_WF03_M14_QIR_RESOLUTION_v1.0_FULL_VERSION.md,1,27436
/mnt/data/p1_v11_source_scan/src2/RUMAHAGEN_WF03_M14_QIR_RESOLUTION_v1.0_FULL_VERSION.zip,src2/__nested__/0122/RUMAHAGEN_WF03_M14_QIR_RESOLUTION_v1.0_FULL_VERSION.docx,1,47163
/mnt/data/M01-M15 new recon(20260907-081753).zip,src2/RUMAHAGEN_WF03_M15_FULL_REBUILD_v1.1_CORE_DETAIL_SYNCHRONIZED_FULL_VERSION.zip,0,50096
/mnt/data/p1_v11_source_scan/src2/RUMAHAGEN_WF03_M15_FULL_REBUILD_v1.1_CORE_DETAIL_SYNCHRONIZED_FULL_VERSION.zip,src2/__nested__/0123/RUMAHAGEN_WF03_M15_FULL_REBUILD_v1.1_CORE_DETAIL_SYNCHRONIZED_FULL_VERSION.md,1,22342
/mnt/data/p1_v11_source_scan/src2/RUMAHAGEN_WF03_M15_FULL_REBUILD_v1.1_CORE_DETAIL_SYNCHRONIZED_FULL_VERSION.zip,src2/__nested__/0123/RUMAHAGEN_WF03_M15_FULL_REBUILD_v1.1_CORE_DETAIL_SYNCHRONIZED_FULL_VERSION.docx,1,44838
/mnt/data/M01-M15 new recon(20260907-081753).zip,src2/RUMAHAGEN_WF03_M15_CORE_IMPACT_RESOLUTION_v1.0_FULL_VERSION.zip,0,47958
/mnt/data/p1_v11_source_scan/src2/RUMAHAGEN_WF03_M15_CORE_IMPACT_RESOLUTION_v1.0_FULL_VERSION.zip,src2/__nested__/0124/RUMAHAGEN_WF03_M15_CORE_IMPACT_RESOLUTION_v1.0_FULL_VERSION.docx,1,43734
/mnt/data/p1_v11_source_scan/src2/RUMAHAGEN_WF03_M15_CORE_IMPACT_RESOLUTION_v1.0_FULL_VERSION.zip,src2/__nested__/0124/RUMAHAGEN_WF03_M15_CORE_IMPACT_RESOLUTION_v1.0_FULL_VERSION.md,1,20611
/mnt/data/M01-M15 new recon(20260907-081753).zip,src2/RUMAHAGEN_WF03_M15_QIR_RESOLUTION_v1.0_FULL_VERSION.zip,0,47950
/mnt/data/p1_v11_source_scan/src2/RUMAHAGEN_WF03_M15_QIR_RESOLUTION_v1.0_FULL_VERSION.zip,src2/__nested__/0125/RUMAHAGEN_WF03_M15_QIR_RESOLUTION_v1.0_FULL_VERSION.docx,1,43686
/mnt/data/p1_v11_source_scan/src2/RUMAHAGEN_WF03_M15_QIR_RESOLUTION_v1.0_FULL_VERSION.zip,src2/__nested__/0125/RUMAHAGEN_WF03_M15_QIR_RESOLUTION_v1.0_FULL_VERSION.md,1,19337
/mnt/data/M01-M15 new recon(20260907-081753).zip,src2/RUMAHAGEN_WF03_M04_FULL_REBUILD_v1.2_QIR_INTEGRATED_CONTROLLED.zip,0,149003
/mnt/data/p1_v11_source_scan/src2/RUMAHAGEN_WF03_M04_FULL_REBUILD_v1.2_QIR_INTEGRATED_CONTROLLED.zip,src2/__nested__/0126/M04_QIR_INTEGRATION_MATRIX_v1.2.csv,1,20298
/mnt/data/p1_v11_source_scan/src2/RUMAHAGEN_WF03_M04_FULL_REBUILD_v1.2_QIR_INTEGRATED_CONTROLLED.zip,src2/__nested__/0126/M04_V1.2_INTEGRATION_QA.md,1,693
/mnt/data/p1_v11_source_scan/src2/RUMAHAGEN_WF03_M04_FULL_REBUILD_v1.2_QIR_INTEGRATED_CONTROLLED.zip,src2/__nested__/0126/MANIFEST.md,1,3672
/mnt/data/p1_v11_source_scan/src2/RUMAHAGEN_WF03_M04_FULL_REBUILD_v1.2_QIR_INTEGRATED_CONTROLLED.zip,src2/__nested__/0126/PROVENANCE.md,1,472
/mnt/data/p1_v11_source_scan/src2/RUMAHAGEN_WF03_M04_FULL_REBUILD_v1.2_QIR_INTEGRATED_CONTROLLED.zip,src2/__nested__/0126/M04_CANONICAL_v1.2.md,1,62387
/mnt/data/p1_v11_source_scan/src2/RUMAHAGEN_WF03_M04_FULL_REBUILD_v1.2_QIR_INTEGRATED_CONTROLLED.zip,src2/__nested__/0126/M04_v1.1/02_M04_QUESTION_INVENTORY_v1.1.md,1,6933
/mnt/data/p1_v11_source_scan/src2/RUMAHAGEN_WF03_M04_FULL_REBUILD_v1.2_QIR_INTEGRATED_CONTROLLED.zip,src2/__nested__/0126/M04_v1.1/13_M04_V1.1_SECOND_DEEP_SCAN_FULL_REVALIDATION.md,1,1353
/mnt/data/p1_v11_source_scan/src2/RUMAHAGEN_WF03_M04_FULL_REBUILD_v1.2_QIR_INTEGRATED_CONTROLLED.zip,src2/__nested__/0126/M04_v1.1/11_M04_PROVENANCE_v1.1.md,1,514
/mnt/data/p1_v11_source_scan/src2/RUMAHAGEN_WF03_M04_FULL_REBUILD_v1.2_QIR_INTEGRATED_CONTROLLED.zip,src2/__nested__/0126/M04_v1.1/12_MANIFEST_M04_v1.1.md,1,1202
/mnt/data/p1_v11_source_scan/src2/RUMAHAGEN_WF03_M04_FULL_REBUILD_v1.2_QIR_INTEGRATED_CONTROLLED.zip,src2/__nested__/0126/M04_v1.1/03_M04_SEMANTIC_REVIEW_v1.1.md,1,1074
/mnt/data/p1_v11_source_scan/src2/RUMAHAGEN_WF03_M04_FULL_REBUILD_v1.2_QIR_INTEGRATED_CONTROLLED.zip,src2/__nested__/0126/M04_v1.1/04_M04_LIFECYCLE_REVIEW_v1.1.md,1,928
/mnt/data/p1_v11_source_scan/src2/RUMAHAGEN_WF03_M04_FULL_REBUILD_v1.2_QIR_INTEGRATED_CONTROLLED.zip,src2/__nested__/0126/M04_v1.1/10_M04_INTEGRATION_READINESS_v1.1.md,1,464
/mnt/data/p1_v11_source_scan/src2/RUMAHAGEN_WF03_M04_FULL_REBUILD_v1.2_QIR_INTEGRATED_CONTROLLED.zip,src2/__nested__/0126/M04_v1.1/06_M04_PERMISSION_ROLE_REVIEW_v1.1.md,1,818
/mnt/data/p1_v11_source_scan/src2/RUMAHAGEN_WF03_M04_FULL_REBUILD_v1.2_QIR_INTEGRATED_CONTROLLED.zip,src2/__nested__/0126/M04_v1.1/01_M04_INVENTORY_FULL_DEEP_SCAN_v1.1.md,1,1740
/mnt/data/p1_v11_source_scan/src2/RUMAHAGEN_WF03_M04_FULL_REBUILD_v1.2_QIR_INTEGRATED_CONTROLLED.zip,src2/__nested__/0126/M04_v1.1/05_M04_CROSS_ARTIFACT_IMPACT_REVIEW_v1.1.md,1,1305
/mnt/data/p1_v11_source_scan/src2/RUMAHAGEN_WF03_M04_FULL_REBUILD_v1.2_QIR_INTEGRATED_CONTROLLED.zip,src2/__nested__/0126/M04_v1.1/09_M04_QA_FULL_v1.1.md,1,804
/mnt/data/p1_v11_source_scan/src2/RUMAHAGEN_WF03_M04_FULL_REBUILD_v1.2_QIR_INTEGRATED_CONTROLLED.zip,src2/__nested__/0126/M04_v1.1/07_M04_PHYSICAL_RUNTIME_STATUS_REVIEW_v1.1.md,1,961
/mnt/data/p1_v11_source_scan/src2/RUMAHAGEN_WF03_M04_FULL_REBUILD_v1.2_QIR_INTEGRATED_CONTROLLED.zip,src2/__nested__/0126/M04_v1.1/08_M04_CROSS_MODULE_RECONCILIATION_v1.1.md,1,917
/mnt/data/p1_v11_source_scan/src2/RUMAHAGEN_WF03_M04_FULL_REBUILD_v1.2_QIR_INTEGRATED_CONTROLLED.zip,src2/__nested__/0126/QIR/00_M04_QIR_EXECUTIVE_SUMMARY_v1.0.md,1,971
/mnt/data/p1_v11_source_scan/src2/RUMAHAGEN_WF03_M04_FULL_REBUILD_v1.2_QIR_INTEGRATED_CONTROLLED.zip,src2/__nested__/0126/QIR/06_M04_QIR_PROVENANCE_v1.0.md,1,589
/mnt/data/p1_v11_source_scan/src2/RUMAHAGEN_WF03_M04_FULL_REBUILD_v1.2_QIR_INTEGRATED_CONTROLLED.zip,src2/__nested__/0126/QIR/04_M04_QIR_PHYSICAL_RUNTIME_BOUNDARY_v1.0.md,1,397
/mnt/data/p1_v11_source_scan/src2/RUMAHAGEN_WF03_M04_FULL_REBUILD_v1.2_QIR_INTEGRATED_CONTROLLED.zip,src2/__nested__/0126/QIR/05_M04_QIR_QA_v1.0.md,1,336
/mnt/data/p1_v11_source_scan/src2/RUMAHAGEN_WF03_M04_FULL_REBUILD_v1.2_QIR_INTEGRATED_CONTROLLED.zip,src2/__nested__/0126/QIR/02_M04_QIR_CRITICAL_RECONCILIATION_v1.0.md,1,657
/mnt/data/p1_v11_source_scan/src2/RUMAHAGEN_WF03_M04_FULL_REBUILD_v1.2_QIR_INTEGRATED_CONTROLLED.zip,src2/__nested__/0126/QIR/07_MANIFEST_M04_QIR_v1.0.md,1,340
/mnt/data/p1_v11_source_scan/src2/RUMAHAGEN_WF03_M04_FULL_REBUILD_v1.2_QIR_INTEGRATED_CONTROLLED.zip,src2/__nested__/0126/QIR/01_M04_QIR_RESOLUTION_MATRIX_v1.0.xlsx,1,8617
/mnt/data/p1_v11_source_scan/src2/RUMAHAGEN_WF03_M04_FULL_REBUILD_v1.2_QIR_INTEGRATED_CONTROLLED.zip,src2/__nested__/0126/QIR/03_M04_QIR_SCOPE_AND_RULES_v1.0.md,1,595
/mnt/data/p1_v11_source_scan/src2/RUMAHAGEN_WF03_M04_FULL_REBUILD_v1.2_QIR_INTEGRATED_CONTROLLED.zip,src2/__nested__/0126/QIR/01_M04_QIR_RESOLUTION_MATRIX_v1.0.csv,1,20298
/mnt/data/p1_v11_source_scan/src2/RUMAHAGEN_WF03_M04_FULL_REBUILD_v1.2_QIR_INTEGRATED_CONTROLLED.zip,src2/__nested__/0126/RETained_M04_v1.1/02_M04_QUESTION_INVENTORY_v1.1.md,1,6933
/mnt/data/p1_v11_source_scan/src2/RUMAHAGEN_WF03_M04_FULL_REBUILD_v1.2_QIR_INTEGRATED_CONTROLLED.zip,src2/__nested__/0126/RETained_M04_v1.1/13_M04_V1.1_SECOND_DEEP_SCAN_FULL_REVALIDATION.md,1,1353
/mnt/data/p1_v11_source_scan/src2/RUMAHAGEN_WF03_M04_FULL_REBUILD_v1.2_QIR_INTEGRATED_CONTROLLED.zip,src2/__nested__/0126/RETained_M04_v1.1/11_M04_PROVENANCE_v1.1.md,1,514
/mnt/data/p1_v11_source_scan/src2/RUMAHAGEN_WF03_M04_FULL_REBUILD_v1.2_QIR_INTEGRATED_CONTROLLED.zip,src2/__nested__/0126/RETained_M04_v1.1/12_MANIFEST_M04_v1.1.md,1,1202
/mnt/data/p1_v11_source_scan/src2/RUMAHAGEN_WF03_M04_FULL_REBUILD_v1.2_QIR_INTEGRATED_CONTROLLED.zip,src2/__nested__/0126/RETained_M04_v1.1/03_M04_SEMANTIC_REVIEW_v1.1.md,1,1074
/mnt/data/p1_v11_source_scan/src2/RUMAHAGEN_WF03_M04_FULL_REBUILD_v1.2_QIR_INTEGRATED_CONTROLLED.zip,src2/__nested__/0126/RETained_M04_v1.1/04_M04_LIFECYCLE_REVIEW_v1.1.md,1,928
/mnt/data/p1_v11_source_scan/src2/RUMAHAGEN_WF03_M04_FULL_REBUILD_v1.2_QIR_INTEGRATED_CONTROLLED.zip,src2/__nested__/0126/RETained_M04_v1.1/10_M04_INTEGRATION_READINESS_v1.1.md,1,464
/mnt/data/p1_v11_source_scan/src2/RUMAHAGEN_WF03_M04_FULL_REBUILD_v1.2_QIR_INTEGRATED_CONTROLLED.zip,src2/__nested__/0126/RETained_M04_v1.1/06_M04_PERMISSION_ROLE_REVIEW_v1.1.md,1,818
/mnt/data/p1_v11_source_scan/src2/RUMAHAGEN_WF03_M04_FULL_REBUILD_v1.2_QIR_INTEGRATED_CONTROLLED.zip,src2/__nested__/0126/RETained_M04_v1.1/01_M04_INVENTORY_FULL_DEEP_SCAN_v1.1.md,1,1740
/mnt/data/p1_v11_source_scan/src2/RUMAHAGEN_WF03_M04_FULL_REBUILD_v1.2_QIR_INTEGRATED_CONTROLLED.zip,src2/__nested__/0126/RETained_M04_v1.1/05_M04_CROSS_ARTIFACT_IMPACT_REVIEW_v1.1.md,1,1305
/mnt/data/p1_v11_source_scan/src2/RUMAHAGEN_WF03_M04_FULL_REBUILD_v1.2_QIR_INTEGRATED_CONTROLLED.zip,src2/__nested__/0126/RETained_M04_v1.1/09_M04_QA_FULL_v1.1.md,1,804
/mnt/data/p1_v11_source_scan/src2/RUMAHAGEN_WF03_M04_FULL_REBUILD_v1.2_QIR_INTEGRATED_CONTROLLED.zip,src2/__nested__/0126/RETained_M04_v1.1/07_M04_PHYSICAL_RUNTIME_STATUS_REVIEW_v1.1.md,1,961
/mnt/data/p1_v11_source_scan/src2/RUMAHAGEN_WF03_M04_FULL_REBUILD_v1.2_QIR_INTEGRATED_CONTROLLED.zip,src2/__nested__/0126/RETained_M04_v1.1/08_M04_CROSS_MODULE_RECONCILIATION_v1.1.md,1,917
/mnt/data/p1_v11_source_scan/src2/RUMAHAGEN_WF03_M04_FULL_REBUILD_v1.2_QIR_INTEGRATED_CONTROLLED.zip,src2/__nested__/0126/RETained_M04_v1.1/99_PROVENANCE_SOURCE_V1.0/10_PROVENANCE.md,1,435
/mnt/data/p1_v11_source_scan/src2/RUMAHAGEN_WF03_M04_FULL_REBUILD_v1.2_QIR_INTEGRATED_CONTROLLED.zip,src2/__nested__/0126/RETained_M04_v1.1/99_PROVENANCE_SOURCE_V1.0/07_M04_PHYSICAL_RUNTIME_STATUS_REVIEW_v1.0.md,1,50770
/mnt/data/p1_v11_source_scan/src2/RUMAHAGEN_WF03_M04_FULL_REBUILD_v1.2_QIR_INTEGRATED_CONTROLLED.zip,src2/__nested__/0126/RETained_M04_v1.1/99_PROVENANCE_SOURCE_V1.0/05_M04_CROSS_ARTIFACT_IMPACT_REVIEW_v1.0.md,1,50778
/mnt/data/p1_v11_source_scan/src2/RUMAHAGEN_WF03_M04_FULL_REBUILD_v1.2_QIR_INTEGRATED_CONTROLLED.zip,src2/__nested__/0126/RETained_M04_v1.1/99_PROVENANCE_SOURCE_V1.0/09_M04_QA_FULL_v1.0.md,1,626
/mnt/data/p1_v11_source_scan/src2/RUMAHAGEN_WF03_M04_FULL_REBUILD_v1.2_QIR_INTEGRATED_CONTROLLED.zip,src2/__nested__/0126/RETained_M04_v1.1/99_PROVENANCE_SOURCE_V1.0/02_M04_QUESTION_INVENTORY_v1.0.md,1,62524
/mnt/data/p1_v11_source_scan/src2/RUMAHAGEN_WF03_M04_FULL_REBUILD_v1.2_QIR_INTEGRATED_CONTROLLED.zip,src2/__nested__/0126/RETained_M04_v1.1/99_PROVENANCE_SOURCE_V1.0/04_M04_LIFECYCLE_REVIEW_v1.0.md,1,45043
/mnt/data/p1_v11_source_scan/src2/RUMAHAGEN_WF03_M04_FULL_REBUILD_v1.2_QIR_INTEGRATED_CONTROLLED.zip,src2/__nested__/0126/RETained_M04_v1.1/99_PROVENANCE_SOURCE_V1.0/01_M04_INVENTORY_FULL_DEEP_SCAN_v1.0.md,1,158082
/mnt/data/p1_v11_source_scan/src2/RUMAHAGEN_WF03_M04_FULL_REBUILD_v1.2_QIR_INTEGRATED_CONTROLLED.zip,src2/__nested__/0126/RETained_M04_v1.1/99_PROVENANCE_SOURCE_V1.0/08_M04_CROSS_MODULE_RECONCILIATION_v1.0.md,1,45211
/mnt/data/p1_v11_source_scan/src2/RUMAHAGEN_WF03_M04_FULL_REBUILD_v1.2_QIR_INTEGRATED_CONTROLLED.zip,src2/__nested__/0126/RETained_M04_v1.1/99_PROVENANCE_SOURCE_V1.0/00_M04_FULL_REBUILD_v1.0_CONTROLLED.md,1,1405
/mnt/data/p1_v11_source_scan/src2/RUMAHAGEN_WF03_M04_FULL_REBUILD_v1.2_QIR_INTEGRATED_CONTROLLED.zip,src2/__nested__/0126/RETained_M04_v1.1/99_PROVENANCE_SOURCE_V1.0/03_M04_SEMANTIC_REVIEW_v1.0.md,1,41924
/mnt/data/p1_v11_source_scan/src2/RUMAHAGEN_WF03_M04_FULL_REBUILD_v1.2_QIR_INTEGRATED_CONTROLLED.zip,src2/__nested__/0126/RETained_M04_v1.1/99_PROVENANCE_SOURCE_V1.0/11_MANIFEST.md,1,457
/mnt/data/p1_v11_source_scan/src2/RUMAHAGEN_WF03_M04_FULL_REBUILD_v1.2_QIR_INTEGRATED_CONTROLLED.zip,src2/__nested__/0126/RETained_M04_v1.1/99_PROVENANCE_SOURCE_V1.0/06_M04_PERMISSION_ROLE_REVIEW_v1.0.md,1,39996
/mnt/data/p1_v11_source_scan/src2/RUMAHAGEN_WF03_M04_FULL_REBUILD_v1.2_QIR_INTEGRATED_CONTROLLED.zip,src2/__nested__/0126/M04_v1.1/99_PROVENANCE_SOURCE_V1.0/10_PROVENANCE.md,1,435
/mnt/data/p1_v11_source_scan/src2/RUMAHAGEN_WF03_M04_FULL_REBUILD_v1.2_QIR_INTEGRATED_CONTROLLED.zip,src2/__nested__/0126/M04_v1.1/99_PROVENANCE_SOURCE_V1.0/07_M04_PHYSICAL_RUNTIME_STATUS_REVIEW_v1.0.md,1,50770
/mnt/data/p1_v11_source_scan/src2/RUMAHAGEN_WF03_M04_FULL_REBUILD_v1.2_QIR_INTEGRATED_CONTROLLED.zip,src2/__nested__/0126/M04_v1.1/99_PROVENANCE_SOURCE_V1.0/05_M04_CROSS_ARTIFACT_IMPACT_REVIEW_v1.0.md,1,50778
/mnt/data/p1_v11_source_scan/src2/RUMAHAGEN_WF03_M04_FULL_REBUILD_v1.2_QIR_INTEGRATED_CONTROLLED.zip,src2/__nested__/0126/M04_v1.1/99_PROVENANCE_SOURCE_V1.0/09_M04_QA_FULL_v1.0.md,1,626
/mnt/data/p1_v11_source_scan/src2/RUMAHAGEN_WF03_M04_FULL_REBUILD_v1.2_QIR_INTEGRATED_CONTROLLED.zip,src2/__nested__/0126/M04_v1.1/99_PROVENANCE_SOURCE_V1.0/02_M04_QUESTION_INVENTORY_v1.0.md,1,62524
/mnt/data/p1_v11_source_scan/src2/RUMAHAGEN_WF03_M04_FULL_REBUILD_v1.2_QIR_INTEGRATED_CONTROLLED.zip,src2/__nested__/0126/M04_v1.1/99_PROVENANCE_SOURCE_V1.0/04_M04_LIFECYCLE_REVIEW_v1.0.md,1,45043
/mnt/data/p1_v11_source_scan/src2/RUMAHAGEN_WF03_M04_FULL_REBUILD_v1.2_QIR_INTEGRATED_CONTROLLED.zip,src2/__nested__/0126/M04_v1.1/99_PROVENANCE_SOURCE_V1.0/01_M04_INVENTORY_FULL_DEEP_SCAN_v1.0.md,1,158082
/mnt/data/p1_v11_source_scan/src2/RUMAHAGEN_WF03_M04_FULL_REBUILD_v1.2_QIR_INTEGRATED_CONTROLLED.zip,src2/__nested__/0126/M04_v1.1/99_PROVENANCE_SOURCE_V1.0/08_M04_CROSS_MODULE_RECONCILIATION_v1.0.md,1,45211
/mnt/data/p1_v11_source_scan/src2/RUMAHAGEN_WF03_M04_FULL_REBUILD_v1.2_QIR_INTEGRATED_CONTROLLED.zip,src2/__nested__/0126/M04_v1.1/99_PROVENANCE_SOURCE_V1.0/00_M04_FULL_REBUILD_v1.0_CONTROLLED.md,1,1405
/mnt/data/p1_v11_source_scan/src2/RUMAHAGEN_WF03_M04_FULL_REBUILD_v1.2_QIR_INTEGRATED_CONTROLLED.zip,src2/__nested__/0126/M04_v1.1/99_PROVENANCE_SOURCE_V1.0/03_M04_SEMANTIC_REVIEW_v1.0.md,1,41924
/mnt/data/p1_v11_source_scan/src2/RUMAHAGEN_WF03_M04_FULL_REBUILD_v1.2_QIR_INTEGRATED_CONTROLLED.zip,src2/__nested__/0126/M04_v1.1/99_PROVENANCE_SOURCE_V1.0/11_MANIFEST.md,1,457
/mnt/data/p1_v11_source_scan/src2/RUMAHAGEN_WF03_M04_FULL_REBUILD_v1.2_QIR_INTEGRATED_CONTROLLED.zip,src2/__nested__/0126/M04_v1.1/99_PROVENANCE_SOURCE_V1.0/06_M04_PERMISSION_ROLE_REVIEW_v1.0.md,1,39996
/mnt/data/Utama core RUMAHAGEN_WIREFRAME_CORE_FINAL_SOURCE_PACK_v1.3(9)_GOVERNANCE_CORRECTED_STEP0_RESIDUAL_FIXED(20260907-081749).zip,src3/RUMAHAGEN_WIREFRAME_CORE_FINAL_SOURCE_PACK_v1.2/00_CONTROL/RENAME_REGISTER_6.33.md,0,645
/mnt/data/Utama core RUMAHAGEN_WIREFRAME_CORE_FINAL_SOURCE_PACK_v1.3(9)_GOVERNANCE_CORRECTED_STEP0_RESIDUAL_FIXED(20260907-081749).zip,src3/RUMAHAGEN_WIREFRAME_CORE_FINAL_SOURCE_PACK_v1.2/00_CONTROL/SHA256_MANIFEST_CORE_FINAL_v1.3.csv,0,7054
/mnt/data/Utama core RUMAHAGEN_WIREFRAME_CORE_FINAL_SOURCE_PACK_v1.3(9)_GOVERNANCE_CORRECTED_STEP0_RESIDUAL_FIXED(20260907-081749).zip,src3/RUMAHAGEN_WIREFRAME_CORE_FINAL_SOURCE_PACK_v1.2/00_CONTROL/SOURCE_INDEX_v1.3.csv,0,7285
/mnt/data/Utama core RUMAHAGEN_WIREFRAME_CORE_FINAL_SOURCE_PACK_v1.3(9)_GOVERNANCE_CORRECTED_STEP0_RESIDUAL_FIXED(20260907-081749).zip,src3/RUMAHAGEN_WIREFRAME_CORE_FINAL_SOURCE_PACK_v1.2/00_CONTROL/SOURCE_INDEX_v1.3.md,0,8161
/mnt/data/Utama core RUMAHAGEN_WIREFRAME_CORE_FINAL_SOURCE_PACK_v1.3(9)_GOVERNANCE_CORRECTED_STEP0_RESIDUAL_FIXED(20260907-081749).zip,src3/RUMAHAGEN_WIREFRAME_CORE_FINAL_SOURCE_PACK_v1.2/00_CONTROL/W4-02A.6.0_CORE_ARTIFACT_INVENTORY_AND_ORDERING_LOCK_v1.1_BASE_TRACK_37_STEPS.docx,0,41256
/mnt/data/Utama core RUMAHAGEN_WIREFRAME_CORE_FINAL_SOURCE_PACK_v1.3(9)_GOVERNANCE_CORRECTED_STEP0_RESIDUAL_FIXED(20260907-081749).zip,src3/RUMAHAGEN_WIREFRAME_CORE_FINAL_SOURCE_PACK_v1.2/00_CONTROL/W4-02A.7_FINAL_DOCUMENT_FREEZE_AUTHORITY_VERIFICATION_v1.0.md,0,11519
/mnt/data/Utama core RUMAHAGEN_WIREFRAME_CORE_FINAL_SOURCE_PACK_v1.3(9)_GOVERNANCE_CORRECTED_STEP0_RESIDUAL_FIXED(20260907-081749).zip,src3/RUMAHAGEN_WIREFRAME_CORE_FINAL_SOURCE_PACK_v1.2/00_CONTROL/W4-02A.7_RECURSIVE_SOURCE_AUDIT_REGISTER_v1.0.csv,0,208747
/mnt/data/Utama core RUMAHAGEN_WIREFRAME_CORE_FINAL_SOURCE_PACK_v1.3(9)_GOVERNANCE_CORRECTED_STEP0_RESIDUAL_FIXED(20260907-081749).zip,src3/RUMAHAGEN_WIREFRAME_CORE_FINAL_SOURCE_PACK_v1.2/01_GOVERNANCE/W4-02A.1_GOVERNANCE_CONSOLIDATION_FINAL_DECISION_AUTHORITY_v1.0.docx,0,41616
/mnt/data/Utama core RUMAHAGEN_WIREFRAME_CORE_FINAL_SOURCE_PACK_v1.3(9)_GOVERNANCE_CORRECTED_STEP0_RESIDUAL_FIXED(20260907-081749).zip,src3/RUMAHAGEN_WIREFRAME_CORE_FINAL_SOURCE_PACK_v1.2/01_GOVERNANCE/W4-02A.6.2_GOVERNANCE_REGISTER_FULL_CONSOLIDATED_v1.16.docx,0,44768
/mnt/data/Utama core RUMAHAGEN_WIREFRAME_CORE_FINAL_SOURCE_PACK_v1.3(9)_GOVERNANCE_CORRECTED_STEP0_RESIDUAL_FIXED(20260907-081749).zip,src3/RUMAHAGEN_WIREFRAME_CORE_FINAL_SOURCE_PACK_v1.2/03_BUSINESS_RULES/W4-02A.6.10_BUSINESS_RULES_BASELINE_TRACEABILITY_FULL_CONSOLIDATED_v1.2_REAUDITED.docx,0,51338
/mnt/data/Utama core RUMAHAGEN_WIREFRAME_CORE_FINAL_SOURCE_PACK_v1.3(9)_GOVERNANCE_CORRECTED_STEP0_RESIDUAL_FIXED(20260907-081749).zip,src3/RUMAHAGEN_WIREFRAME_CORE_FINAL_SOURCE_PACK_v1.2/04_ARCHITECTURE/W4-02A.6.5_SYSTEM_ARCHITECTURE_FULL_CONSOLIDATED_v1.8.docx,0,93386
/mnt/data/Utama core RUMAHAGEN_WIREFRAME_CORE_FINAL_SOURCE_PACK_v1.3(9)_GOVERNANCE_CORRECTED_STEP0_RESIDUAL_FIXED(20260907-081749).zip,src3/RUMAHAGEN_WIREFRAME_CORE_FINAL_SOURCE_PACK_v1.2/05_TECHNICAL_DECISIONS/W4-02A.6.6_TECHNICAL_DECISIONS_FULL_CONSOLIDATED_v1.6.docx,0,47059
/mnt/data/Utama core RUMAHAGEN_WIREFRAME_CORE_FINAL_SOURCE_PACK_v1.3(9)_GOVERNANCE_CORRECTED_STEP0_RESIDUAL_FIXED(20260907-081749).zip,src3/RUMAHAGEN_WIREFRAME_CORE_FINAL_SOURCE_PACK_v1.2/06_DEPENDENCY_MANIFEST/W4-02A.6.7_DEPENDENCY_MANIFEST_FULL_CONSOLIDATED_v1.9.docx,0,48323
/mnt/data/Utama core RUMAHAGEN_WIREFRAME_CORE_FINAL_SOURCE_PACK_v1.3(9)_GOVERNANCE_CORRECTED_STEP0_RESIDUAL_FIXED(20260907-081749).zip,src3/RUMAHAGEN_WIREFRAME_CORE_FINAL_SOURCE_PACK_v1.2/07_PRD/W4-02A.6.11_PRD_CURRENT_PRODUCT_REQUIREMENTS_FULL_CONSOLIDATED_v2.1.docx,0,48108
/mnt/data/Utama core RUMAHAGEN_WIREFRAME_CORE_FINAL_SOURCE_PACK_v1.3(9)_GOVERNANCE_CORRECTED_STEP0_RESIDUAL_FIXED(20260907-081749).zip,src3/RUMAHAGEN_WIREFRAME_CORE_FINAL_SOURCE_PACK_v1.2/08_USER_FLOW/W4-02A.6.12_USER_FLOW_CURRENT_CROSS_DOMAIN_INTERACTION_FLOW_FULL_CONSOLIDATED_v2.1.docx,0,51562
/mnt/data/Utama core RUMAHAGEN_WIREFRAME_CORE_FINAL_SOURCE_PACK_v1.3(9)_GOVERNANCE_CORRECTED_STEP0_RESIDUAL_FIXED(20260907-081749).zip,src3/RUMAHAGEN_WIREFRAME_CORE_FINAL_SOURCE_PACK_v1.2/09_ERD/W4-02A.6.13_ERD_CURRENT_LOGICAL_DATA_MODEL_FULL_CONSOLIDATED_v2.1.docx,0,62303
/mnt/data/Utama core RUMAHAGEN_WIREFRAME_CORE_FINAL_SOURCE_PACK_v1.3(9)_GOVERNANCE_CORRECTED_STEP0_RESIDUAL_FIXED(20260907-081749).zip,src3/RUMAHAGEN_WIREFRAME_CORE_FINAL_SOURCE_PACK_v1.2/10_DATABASE_DICTIONARY/W4-02A.6.14_DATABASE_DICTIONARY_CURRENT_LOGICAL_TO_PHYSICAL_DATA_MEANING_FULL_CONSOLIDATED_v2.2.docx,0,78665
/mnt/data/Utama core RUMAHAGEN_WIREFRAME_CORE_FINAL_SOURCE_PACK_v1.3(9)_GOVERNANCE_CORRECTED_STEP0_RESIDUAL_FIXED(20260907-081749).zip,src3/RUMAHAGEN_WIREFRAME_CORE_FINAL_SOURCE_PACK_v1.2/11_DATABASE_SCHEMA/RUMAHAGEN_FULL_DATABASE_SCHEMA_SOURCE_ONLY_PACKAGE_v1.0.zip,0,20762
/mnt/data/p1_v11_source_scan/src3/RUMAHAGEN_WIREFRAME_CORE_FINAL_SOURCE_PACK_v1.2/11_DATABASE_SCHEMA/RUMAHAGEN_FULL_DATABASE_SCHEMA_SOURCE_ONLY_PACKAGE_v1.0.zip,src3/__nested__/0127/RUMAHAGEN_FULL_DATABASE_SCHEMA_SOURCE_ONLY_v1.0.sql,1,104518
/mnt/data/p1_v11_source_scan/src3/RUMAHAGEN_WIREFRAME_CORE_FINAL_SOURCE_PACK_v1.2/11_DATABASE_SCHEMA/RUMAHAGEN_FULL_DATABASE_SCHEMA_SOURCE_ONLY_PACKAGE_v1.0.zip,src3/__nested__/0127/RUMAHAGEN_FULL_DATABASE_SCHEMA_SOURCE_ONLY_v1.0.md,1,5307
/mnt/data/Utama core RUMAHAGEN_WIREFRAME_CORE_FINAL_SOURCE_PACK_v1.3(9)_GOVERNANCE_CORRECTED_STEP0_RESIDUAL_FIXED(20260907-081749).zip,src3/RUMAHAGEN_WIREFRAME_CORE_FINAL_SOURCE_PACK_v1.2/11_DATABASE_SCHEMA/W4-01E_FINAL_BUILD_FROM_ZERO_SCHEMA_PACKAGE_v2.6.zip,0,18571
/mnt/data/p1_v11_source_scan/src3/RUMAHAGEN_WIREFRAME_CORE_FINAL_SOURCE_PACK_v1.2/11_DATABASE_SCHEMA/W4-01E_FINAL_BUILD_FROM_ZERO_SCHEMA_PACKAGE_v2.6.zip,src3/__nested__/0128/RUMAHAGEN_W4-01E_FINAL_CANONICAL_BUILD_FROM_ZERO_DATABASE_SCHEMA_v2.6.sql,1,106605
/mnt/data/p1_v11_source_scan/src3/RUMAHAGEN_WIREFRAME_CORE_FINAL_SOURCE_PACK_v1.2/11_DATABASE_SCHEMA/W4-01E_FINAL_BUILD_FROM_ZERO_SCHEMA_PACKAGE_v2.6.zip,src3/__nested__/0128/RUMAHAGEN_W4-01E_FINAL_SCHEMA_CLOSURE_AND_FREEZE_v2.6.md,1,1337
/mnt/data/p1_v11_source_scan/src3/RUMAHAGEN_WIREFRAME_CORE_FINAL_SOURCE_PACK_v1.2/11_DATABASE_SCHEMA/W4-01E_FINAL_BUILD_FROM_ZERO_SCHEMA_PACKAGE_v2.6.zip,src3/__nested__/0128/RUMAHAGEN_W4-01E_FINAL_CANONICAL_TABLE_REGISTER_v2.6.csv,1,8023
/mnt/data/p1_v11_source_scan/src3/RUMAHAGEN_WIREFRAME_CORE_FINAL_SOURCE_PACK_v1.2/11_DATABASE_SCHEMA/W4-01E_FINAL_BUILD_FROM_ZERO_SCHEMA_PACKAGE_v2.6.zip,src3/__nested__/0128/RUMAHAGEN_W4-01E_GATE_CLOSURE_REGISTER_v2.6.csv,1,1080
/mnt/data/Utama core RUMAHAGEN_WIREFRAME_CORE_FINAL_SOURCE_PACK_v1.3(9)_GOVERNANCE_CORRECTED_STEP0_RESIDUAL_FIXED(20260907-081749).zip,src3/RUMAHAGEN_WIREFRAME_CORE_FINAL_SOURCE_PACK_v1.2/11_DATABASE_SCHEMA/W4-02A.6.15_DATABASE_SCHEMA_CURRENT_PHYSICAL_SCHEMA_REFERENCE_FULL_CONSOLIDATED_v2.7.docx,0,74525
/mnt/data/Utama core RUMAHAGEN_WIREFRAME_CORE_FINAL_SOURCE_PACK_v1.3(9)_GOVERNANCE_CORRECTED_STEP0_RESIDUAL_FIXED(20260907-081749).zip,src3/RUMAHAGEN_WIREFRAME_CORE_FINAL_SOURCE_PACK_v1.2/11_DATABASE_SCHEMA/W4-02_CANONICAL_BUILD_FROM_ZERO_MIGRATION_PACKAGE_v1.0.zip,0,19788
/mnt/data/p1_v11_source_scan/src3/RUMAHAGEN_WIREFRAME_CORE_FINAL_SOURCE_PACK_v1.2/11_DATABASE_SCHEMA/W4-02_CANONICAL_BUILD_FROM_ZERO_MIGRATION_PACKAGE_v1.0.zip,src3/__nested__/0129/RUMAHAGEN_W4-02_CANONICAL_BUILD_FROM_ZERO_MIGRATION_BASELINE_v1.0.sql,1,113290
/mnt/data/p1_v11_source_scan/src3/RUMAHAGEN_WIREFRAME_CORE_FINAL_SOURCE_PACK_v1.2/11_DATABASE_SCHEMA/W4-02_CANONICAL_BUILD_FROM_ZERO_MIGRATION_PACKAGE_v1.0.zip,src3/__nested__/0129/RUMAHAGEN_W4-02_CANONICAL_MIGRATION_BASELINE_v1.0.md,1,1337
/mnt/data/p1_v11_source_scan/src3/RUMAHAGEN_WIREFRAME_CORE_FINAL_SOURCE_PACK_v1.2/11_DATABASE_SCHEMA/W4-02_CANONICAL_BUILD_FROM_ZERO_MIGRATION_PACKAGE_v1.0.zip,src3/__nested__/0129/RUMAHAGEN_W4-02_EXECUTION_PHASE_REGISTER_v1.0.csv,1,816
/mnt/data/p1_v11_source_scan/src3/RUMAHAGEN_WIREFRAME_CORE_FINAL_SOURCE_PACK_v1.2/11_DATABASE_SCHEMA/W4-02_CANONICAL_BUILD_FROM_ZERO_MIGRATION_PACKAGE_v1.0.zip,src3/__nested__/0129/RUMAHAGEN_W4-02_CANONICAL_86_TABLE_REGISTER_v1.0.csv,1,6480
/mnt/data/Utama core RUMAHAGEN_WIREFRAME_CORE_FINAL_SOURCE_PACK_v1.3(9)_GOVERNANCE_CORRECTED_STEP0_RESIDUAL_FIXED(20260907-081749).zip,src3/RUMAHAGEN_WIREFRAME_CORE_FINAL_SOURCE_PACK_v1.2/12_API/W4-02A.6.16_API_SPECIFICATION_CURRENT_API_CONTRACT_BASELINE_FULL_CONSOLIDATED_v2.1.docx,0,65180
/mnt/data/Utama core RUMAHAGEN_WIREFRAME_CORE_FINAL_SOURCE_PACK_v1.3(9)_GOVERNANCE_CORRECTED_STEP0_RESIDUAL_FIXED(20260907-081749).zip,src3/RUMAHAGEN_WIREFRAME_CORE_FINAL_SOURCE_PACK_v1.2/13_RBAC_RLS/W4-02A.6.17_RBAC_PERMISSION_RLS_CURRENT_AUTHORIZATION_BASELINE_FULL_CONSOLIDATED_v2.1.docx,0,53047
/mnt/data/Utama core RUMAHAGEN_WIREFRAME_CORE_FINAL_SOURCE_PACK_v1.3(9)_GOVERNANCE_CORRECTED_STEP0_RESIDUAL_FIXED(20260907-081749).zip,src3/RUMAHAGEN_WIREFRAME_CORE_FINAL_SOURCE_PACK_v1.2/14_FUNCTIONAL/W4-02A.6.18_FUNCTIONAL_SPECIFICATION_CURRENT_FUNCTIONAL_IMPLEMENTATION_CONTRACT_v2.1.md,0,60334
/mnt/data/Utama core RUMAHAGEN_WIREFRAME_CORE_FINAL_SOURCE_PACK_v1.3(9)_GOVERNANCE_CORRECTED_STEP0_RESIDUAL_FIXED(20260907-081749).zip,src3/RUMAHAGEN_WIREFRAME_CORE_FINAL_SOURCE_PACK_v1.2/15_TECHNICAL/W4-02A.6.19_TECHNICAL_SPECIFICATION_CURRENT_TECHNICAL_IMPLEMENTATION_CONTRACT_v2.1.md,0,69175
/mnt/data/Utama core RUMAHAGEN_WIREFRAME_CORE_FINAL_SOURCE_PACK_v1.3(9)_GOVERNANCE_CORRECTED_STEP0_RESIDUAL_FIXED(20260907-081749).zip,src3/RUMAHAGEN_WIREFRAME_CORE_FINAL_SOURCE_PACK_v1.2/16_UI_UX/W4-02A.6.20_UI_UX_SPECIFICATION_CURRENT_INTERFACE_BEHAVIOR_CONTRACT_v2.1.md,0,62858
/mnt/data/Utama core RUMAHAGEN_WIREFRAME_CORE_FINAL_SOURCE_PACK_v1.3(9)_GOVERNANCE_CORRECTED_STEP0_RESIDUAL_FIXED(20260907-081749).zip,src3/RUMAHAGEN_WIREFRAME_CORE_FINAL_SOURCE_PACK_v1.2/17_SEO_ANALYTICS/W4-02A.6.21_SEO_ANALYTICS_SPECIFICATION_DISCOVERY_MEASUREMENT_BASELINE_v2.1.md,0,68505
/mnt/data/Utama core RUMAHAGEN_WIREFRAME_CORE_FINAL_SOURCE_PACK_v1.3(9)_GOVERNANCE_CORRECTED_STEP0_RESIDUAL_FIXED(20260907-081749).zip,src3/RUMAHAGEN_WIREFRAME_CORE_FINAL_SOURCE_PACK_v1.2/18_MODULE_DEPENDENCY/W4-02A.6.22_MODULE_DEPENDENCY_MATRIX_CROSS_MODULE_DEPENDENCY_CONTRACT_v2.1.md,0,49622
/mnt/data/Utama core RUMAHAGEN_WIREFRAME_CORE_FINAL_SOURCE_PACK_v1.3(9)_GOVERNANCE_CORRECTED_STEP0_RESIDUAL_FIXED(20260907-081749).zip,src3/RUMAHAGEN_WIREFRAME_CORE_FINAL_SOURCE_PACK_v1.2/19_IMPLEMENTATION_STRATEGY/W4-02A.6.23_MODULE_IMPLEMENTATION_STRATEGY_INTEGRATED_IMPLEMENTATION_SEQUENCING_v2.1.md,0,56613
/mnt/data/Utama core RUMAHAGEN_WIREFRAME_CORE_FINAL_SOURCE_PACK_v1.3(9)_GOVERNANCE_CORRECTED_STEP0_RESIDUAL_FIXED(20260907-081749).zip,src3/RUMAHAGEN_WIREFRAME_CORE_FINAL_SOURCE_PACK_v1.2/20_MODULE_PLANNING/W4-02A.6.24_REVISED_MODULE_PLANNING_CURRENT_MODULE_DELIVERY_PLANNING_v2.1.md,0,55040
/mnt/data/Utama core RUMAHAGEN_WIREFRAME_CORE_FINAL_SOURCE_PACK_v1.3(9)_GOVERNANCE_CORRECTED_STEP0_RESIDUAL_FIXED(20260907-081749).zip,src3/RUMAHAGEN_WIREFRAME_CORE_FINAL_SOURCE_PACK_v1.2/21_EXECUTION_SPECIFICATION/W4-02A.6.25_MODULE_EXECUTION_SPECIFICATION_ARCHITECTURE_v2.1.md,0,46464
/mnt/data/Utama core RUMAHAGEN_WIREFRAME_CORE_FINAL_SOURCE_PACK_v1.3(9)_GOVERNANCE_CORRECTED_STEP0_RESIDUAL_FIXED(20260907-081749).zip,src3/RUMAHAGEN_WIREFRAME_CORE_FINAL_SOURCE_PACK_v1.2/22_EXECUTION_BATCH/W4-02A.6.26_MODULE_EXECUTION_DEPENDENCY_BATCH_PLAN_v2.1.md,0,40666
/mnt/data/Utama core RUMAHAGEN_WIREFRAME_CORE_FINAL_SOURCE_PACK_v1.3(9)_GOVERNANCE_CORRECTED_STEP0_RESIDUAL_FIXED(20260907-081749).zip,src3/RUMAHAGEN_WIREFRAME_CORE_FINAL_SOURCE_PACK_v1.2/23_M01_M07/W4-02A.6.27_FOCUSED_EXECUTION_PACK_M01-M07_v2.1.md,0,12149
/mnt/data/Utama core RUMAHAGEN_WIREFRAME_CORE_FINAL_SOURCE_PACK_v1.3(9)_GOVERNANCE_CORRECTED_STEP0_RESIDUAL_FIXED(20260907-081749).zip,src3/RUMAHAGEN_WIREFRAME_CORE_FINAL_SOURCE_PACK_v1.2/23_M01_M07/W4-02A.6.27_FOCUSED_EXECUTION_PACK_M01-M07_v2.1.zip,0,32254
/mnt/data/p1_v11_source_scan/src3/RUMAHAGEN_WIREFRAME_CORE_FINAL_SOURCE_PACK_v1.2/23_M01_M07/W4-02A.6.27_FOCUSED_EXECUTION_PACK_M01-M07_v2.1.zip,src3/__nested__/0130/RUMAHAGEN_W4-02A.6.27_FOCUSED_EXECUTION_PACK_M01-M07_v2.1/M01_PHYSICAL_EXECUTION_SPEC_v2.1.md,1,8933
/mnt/data/p1_v11_source_scan/src3/RUMAHAGEN_WIREFRAME_CORE_FINAL_SOURCE_PACK_v1.2/23_M01_M07/W4-02A.6.27_FOCUSED_EXECUTION_PACK_M01-M07_v2.1.zip,src3/__nested__/0130/RUMAHAGEN_W4-02A.6.27_FOCUSED_EXECUTION_PACK_M01-M07_v2.1/M02_PHYSICAL_EXECUTION_SPEC_v2.1.md,1,8656
/mnt/data/p1_v11_source_scan/src3/RUMAHAGEN_WIREFRAME_CORE_FINAL_SOURCE_PACK_v1.2/23_M01_M07/W4-02A.6.27_FOCUSED_EXECUTION_PACK_M01-M07_v2.1.zip,src3/__nested__/0130/RUMAHAGEN_W4-02A.6.27_FOCUSED_EXECUTION_PACK_M01-M07_v2.1/M03_PHYSICAL_EXECUTION_SPEC_v2.1.md,1,9445
/mnt/data/p1_v11_source_scan/src3/RUMAHAGEN_WIREFRAME_CORE_FINAL_SOURCE_PACK_v1.2/23_M01_M07/W4-02A.6.27_FOCUSED_EXECUTION_PACK_M01-M07_v2.1.zip,src3/__nested__/0130/RUMAHAGEN_W4-02A.6.27_FOCUSED_EXECUTION_PACK_M01-M07_v2.1/M04-S_LEARNING_SESSION_EXECUTION_SPEC_v2.1.md,1,2717
/mnt/data/p1_v11_source_scan/src3/RUMAHAGEN_WIREFRAME_CORE_FINAL_SOURCE_PACK_v1.2/23_M01_M07/W4-02A.6.27_FOCUSED_EXECUTION_PACK_M01-M07_v2.1.zip,src3/__nested__/0130/RUMAHAGEN_W4-02A.6.27_FOCUSED_EXECUTION_PACK_M01-M07_v2.1/M04_PHYSICAL_EXECUTION_SPEC_v2.1.md,1,9572
/mnt/data/p1_v11_source_scan/src3/RUMAHAGEN_WIREFRAME_CORE_FINAL_SOURCE_PACK_v1.2/23_M01_M07/W4-02A.6.27_FOCUSED_EXECUTION_PACK_M01-M07_v2.1.zip,src3/__nested__/0130/RUMAHAGEN_W4-02A.6.27_FOCUSED_EXECUTION_PACK_M01-M07_v2.1/M05_PHYSICAL_EXECUTION_SPEC_v2.1.md,1,8391
/mnt/data/p1_v11_source_scan/src3/RUMAHAGEN_WIREFRAME_CORE_FINAL_SOURCE_PACK_v1.2/23_M01_M07/W4-02A.6.27_FOCUSED_EXECUTION_PACK_M01-M07_v2.1.zip,src3/__nested__/0130/RUMAHAGEN_W4-02A.6.27_FOCUSED_EXECUTION_PACK_M01-M07_v2.1/M06_PHYSICAL_EXECUTION_SPEC_v2.1.md,1,8388
/mnt/data/p1_v11_source_scan/src3/RUMAHAGEN_WIREFRAME_CORE_FINAL_SOURCE_PACK_v1.2/23_M01_M07/W4-02A.6.27_FOCUSED_EXECUTION_PACK_M01-M07_v2.1.zip,src3/__nested__/0130/RUMAHAGEN_W4-02A.6.27_FOCUSED_EXECUTION_PACK_M01-M07_v2.1/M07_PHYSICAL_EXECUTION_SPEC_v2.1.md,1,8514
/mnt/data/p1_v11_source_scan/src3/RUMAHAGEN_WIREFRAME_CORE_FINAL_SOURCE_PACK_v1.2/23_M01_M07/W4-02A.6.27_FOCUSED_EXECUTION_PACK_M01-M07_v2.1.zip,src3/__nested__/0130/RUMAHAGEN_W4-02A.6.27_FOCUSED_EXECUTION_PACK_M01-M07_v2.1/RUMAHAGEN_W4-02A.6.27_FOCUSED_EXECUTION_PACK_M01-M07_v2.1.md,1,12149
/mnt/data/Utama core RUMAHAGEN_WIREFRAME_CORE_FINAL_SOURCE_PACK_v1.3(9)_GOVERNANCE_CORRECTED_STEP0_RESIDUAL_FIXED(20260907-081749).zip,src3/RUMAHAGEN_WIREFRAME_CORE_FINAL_SOURCE_PACK_v1.2/24_M08_M15/W4-02A.6.28_FOCUSED_EXECUTION_PACK_M08-M15_v2.1.md,0,12958
/mnt/data/Utama core RUMAHAGEN_WIREFRAME_CORE_FINAL_SOURCE_PACK_v1.3(9)_GOVERNANCE_CORRECTED_STEP0_RESIDUAL_FIXED(20260907-081749).zip,src3/RUMAHAGEN_WIREFRAME_CORE_FINAL_SOURCE_PACK_v1.2/24_M08_M15/W4-02A.6.28_FOCUSED_EXECUTION_PACK_M08-M15_v2.1.zip,0,29640
/mnt/data/p1_v11_source_scan/src3/RUMAHAGEN_WIREFRAME_CORE_FINAL_SOURCE_PACK_v1.2/24_M08_M15/W4-02A.6.28_FOCUSED_EXECUTION_PACK_M08-M15_v2.1.zip,src3/__nested__/0131/RUMAHAGEN_W4-02A.6.28_FOCUSED_EXECUTION_PACK_M08-M15_v2.1/M08_PHYSICAL_EXECUTION_SPEC_v2.1.md,1,6775
/mnt/data/p1_v11_source_scan/src3/RUMAHAGEN_WIREFRAME_CORE_FINAL_SOURCE_PACK_v1.2/24_M08_M15/W4-02A.6.28_FOCUSED_EXECUTION_PACK_M08-M15_v2.1.zip,src3/__nested__/0131/RUMAHAGEN_W4-02A.6.28_FOCUSED_EXECUTION_PACK_M08-M15_v2.1/M09_PHYSICAL_EXECUTION_SPEC_v2.1.md,1,6944
/mnt/data/p1_v11_source_scan/src3/RUMAHAGEN_WIREFRAME_CORE_FINAL_SOURCE_PACK_v1.2/24_M08_M15/W4-02A.6.28_FOCUSED_EXECUTION_PACK_M08-M15_v2.1.zip,src3/__nested__/0131/RUMAHAGEN_W4-02A.6.28_FOCUSED_EXECUTION_PACK_M08-M15_v2.1/M10_PHYSICAL_EXECUTION_SPEC_v2.1.md,1,6625
/mnt/data/p1_v11_source_scan/src3/RUMAHAGEN_WIREFRAME_CORE_FINAL_SOURCE_PACK_v1.2/24_M08_M15/W4-02A.6.28_FOCUSED_EXECUTION_PACK_M08-M15_v2.1.zip,src3/__nested__/0131/RUMAHAGEN_W4-02A.6.28_FOCUSED_EXECUTION_PACK_M08-M15_v2.1/M11_PHYSICAL_EXECUTION_SPEC_v2.1.md,1,6695
/mnt/data/p1_v11_source_scan/src3/RUMAHAGEN_WIREFRAME_CORE_FINAL_SOURCE_PACK_v1.2/24_M08_M15/W4-02A.6.28_FOCUSED_EXECUTION_PACK_M08-M15_v2.1.zip,src3/__nested__/0131/RUMAHAGEN_W4-02A.6.28_FOCUSED_EXECUTION_PACK_M08-M15_v2.1/M12_PHYSICAL_EXECUTION_SPEC_v2.1.md,1,6477
/mnt/data/p1_v11_source_scan/src3/RUMAHAGEN_WIREFRAME_CORE_FINAL_SOURCE_PACK_v1.2/24_M08_M15/W4-02A.6.28_FOCUSED_EXECUTION_PACK_M08-M15_v2.1.zip,src3/__nested__/0131/RUMAHAGEN_W4-02A.6.28_FOCUSED_EXECUTION_PACK_M08-M15_v2.1/M13_PHYSICAL_EXECUTION_SPEC_v2.1.md,1,6463
/mnt/data/p1_v11_source_scan/src3/RUMAHAGEN_WIREFRAME_CORE_FINAL_SOURCE_PACK_v1.2/24_M08_M15/W4-02A.6.28_FOCUSED_EXECUTION_PACK_M08-M15_v2.1.zip,src3/__nested__/0131/RUMAHAGEN_W4-02A.6.28_FOCUSED_EXECUTION_PACK_M08-M15_v2.1/M14_PHYSICAL_EXECUTION_SPEC_v2.1.md,1,6787
/mnt/data/p1_v11_source_scan/src3/RUMAHAGEN_WIREFRAME_CORE_FINAL_SOURCE_PACK_v1.2/24_M08_M15/W4-02A.6.28_FOCUSED_EXECUTION_PACK_M08-M15_v2.1.zip,src3/__nested__/0131/RUMAHAGEN_W4-02A.6.28_FOCUSED_EXECUTION_PACK_M08-M15_v2.1/M15_PHYSICAL_EXECUTION_SPEC_v2.1.md,1,6642
/mnt/data/p1_v11_source_scan/src3/RUMAHAGEN_WIREFRAME_CORE_FINAL_SOURCE_PACK_v1.2/24_M08_M15/W4-02A.6.28_FOCUSED_EXECUTION_PACK_M08-M15_v2.1.zip,src3/__nested__/0131/RUMAHAGEN_W4-02A.6.28_FOCUSED_EXECUTION_PACK_M08-M15_v2.1/RUMAHAGEN_W4-02A.6.28_FOCUSED_EXECUTION_PACK_M08-M15_v2.1.md,1,12958
/mnt/data/Utama core RUMAHAGEN_WIREFRAME_CORE_FINAL_SOURCE_PACK_v1.3(9)_GOVERNANCE_CORRECTED_STEP0_RESIDUAL_FIXED(20260907-081749).zip,src3/RUMAHAGEN_WIREFRAME_CORE_FINAL_SOURCE_PACK_v1.2/25_EXECUTION_AUDIT/W4-02A.6.29_EXECUTION_PACK_AUDIT_RECONCILIATION_v2.1.md,0,18012
/mnt/data/Utama core RUMAHAGEN_WIREFRAME_CORE_FINAL_SOURCE_PACK_v1.3(9)_GOVERNANCE_CORRECTED_STEP0_RESIDUAL_FIXED(20260907-081749).zip,src3/RUMAHAGEN_WIREFRAME_CORE_FINAL_SOURCE_PACK_v1.2/26_ENGINEERING_ALIGNMENT/W4-02A.6.30_ENGINEERING_ALIGNMENT_GUIDEBOOK_PLAYBOOK_v2.1.md,0,31681
/mnt/data/Utama core RUMAHAGEN_WIREFRAME_CORE_FINAL_SOURCE_PACK_v1.3(9)_GOVERNANCE_CORRECTED_STEP0_RESIDUAL_FIXED(20260907-081749).zip,src3/RUMAHAGEN_WIREFRAME_CORE_FINAL_SOURCE_PACK_v1.2/27_AI_BLUEPRINT/W4-02A.6.31_AI_DEVELOPMENT_BLUEPRINT_v2.1.md,0,29348
/mnt/data/Utama core RUMAHAGEN_WIREFRAME_CORE_FINAL_SOURCE_PACK_v1.3(9)_GOVERNANCE_CORRECTED_STEP0_RESIDUAL_FIXED(20260907-081749).zip,src3/RUMAHAGEN_WIREFRAME_CORE_FINAL_SOURCE_PACK_v1.2/28_AI_CONTEXT/W4-02A.6.32_AI_CONTEXT_PACK_v2.1.md,0,19773
/mnt/data/Utama core RUMAHAGEN_WIREFRAME_CORE_FINAL_SOURCE_PACK_v1.3(9)_GOVERNANCE_CORRECTED_STEP0_RESIDUAL_FIXED(20260907-081749).zip,src3/RUMAHAGEN_WIREFRAME_CORE_FINAL_SOURCE_PACK_v1.2/29_FINAL_CONTROL/W4-02A.6.33_DECISION_LOG_FINAL_v2.1.md,0,18845
/mnt/data/Utama core RUMAHAGEN_WIREFRAME_CORE_FINAL_SOURCE_PACK_v1.3(9)_GOVERNANCE_CORRECTED_STEP0_RESIDUAL_FIXED(20260907-081749).zip,src3/RUMAHAGEN_WIREFRAME_CORE_FINAL_SOURCE_PACK_v1.2/29_FINAL_CONTROL/W4-02A.6.34_CHANGELOG_FINAL_v1.0.docx,0,46682
/mnt/data/Utama core RUMAHAGEN_WIREFRAME_CORE_FINAL_SOURCE_PACK_v1.3(9)_GOVERNANCE_CORRECTED_STEP0_RESIDUAL_FIXED(20260907-081749).zip,src3/RUMAHAGEN_WIREFRAME_CORE_FINAL_SOURCE_PACK_v1.2/29_FINAL_CONTROL/W4-02A.6.35_PROJECT_MANIFEST_FINAL_v1.32.docx,0,44768
/mnt/data/Utama core RUMAHAGEN_WIREFRAME_CORE_FINAL_SOURCE_PACK_v1.3(9)_GOVERNANCE_CORRECTED_STEP0_RESIDUAL_FIXED(20260907-081749).zip,src3/RUMAHAGEN_WIREFRAME_CORE_FINAL_SOURCE_PACK_v1.2/29_FINAL_CONTROL/W4-02A.6.36_CURRENT_PROJECT_STATE_FINAL_rev15.docx,0,45569
/mnt/data/Utama core RUMAHAGEN_WIREFRAME_CORE_FINAL_SOURCE_PACK_v1.3(9)_GOVERNANCE_CORRECTED_STEP0_RESIDUAL_FIXED(20260907-081749).zip,src3/RUMAHAGEN_WIREFRAME_CORE_FINAL_SOURCE_PACK_v1.2/29_FINAL_CONTROL/W4-02A.6.37_FINAL_CROSS_DOCUMENT_RECONCILIATION_v1.0.docx,0,56438
/mnt/data/Utama core RUMAHAGEN_WIREFRAME_CORE_FINAL_SOURCE_PACK_v1.3(9)_GOVERNANCE_CORRECTED_STEP0_RESIDUAL_FIXED(20260907-081749).zip,src3/RUMAHAGEN_WIREFRAME_CORE_FINAL_SOURCE_PACK_v1.2/30_RECONCILIATION_EVIDENCE/W4-02A.5R_SOURCE_UPDATE_REVALIDATION_v1.1.docx,0,38455
/mnt/data/Utama core RUMAHAGEN_WIREFRAME_CORE_FINAL_SOURCE_PACK_v1.3(9)_GOVERNANCE_CORRECTED_STEP0_RESIDUAL_FIXED(20260907-081749).zip,src3/RUMAHAGEN_WIREFRAME_CORE_FINAL_SOURCE_PACK_v1.2/30_RECONCILIATION_EVIDENCE/W4-02A.5_CROSS_DOMAIN_CONFLICT_RESIDUAL_AUDIT_FULL_CONSOLIDATED_v1.0.docx,0,42652
/mnt/data/Utama core RUMAHAGEN_WIREFRAME_CORE_FINAL_SOURCE_PACK_v1.3(9)_GOVERNANCE_CORRECTED_STEP0_RESIDUAL_FIXED(20260907-081749).zip,src3/RUMAHAGEN_WIREFRAME_CORE_FINAL_SOURCE_PACK_v1.2/README_CURRENT_BASELINE.md,0,2468
/mnt/data/Utama core RUMAHAGEN_WIREFRAME_CORE_FINAL_SOURCE_PACK_v1.3(9)_GOVERNANCE_CORRECTED_STEP0_RESIDUAL_FIXED(20260907-081749).zip,src3/RUMAHAGEN_WIREFRAME_CORE_FINAL_SOURCE_PACK_v1.2/RUMAHAGEN_PROJECT_CONSTITUTION_FULL_CONSOLIDATED_v1.14_REAUDITED.docx,0,47946
