logical_entity,module,logical_attribute,logical_data_type,logical_data_meaning,c_physical_table,c_physical_column,sql_physical_column_exists,sql_physical_definition,c_mapping_status,d_physical_status,d_action,conflict_or_gap,physical_boundary_status
AI_PROVIDERS,M13,id,UUID,PK,ai_providers,id,YES,UUID PRIMARY KEY DEFAULT gen_random_uuid(),PRESERVE_EXACT_PHYSICAL_CORROBORATION,PRESERVE_PHYSICAL_CORROBORATION,PRESERVE,NONE,NO_RUNTIME_CLAIM
AI_PROVIDERS,M13,code,VARCHAR(50),NOT NULL; UNIQUE,ai_providers,code,YES,VARCHAR(50) UNIQUE NOT NULL,PRESERVE_EXACT_PHYSICAL_CORROBORATION,PRESERVE_PHYSICAL_CORROBORATION,PRESERVE,NONE,NO_RUNTIME_CLAIM
AI_PROVIDERS,M13,display_name,VARCHAR(100),NOT NULL,ai_providers,display_name,YES,VARCHAR(100) NOT NULL,PRESERVE_EXACT_PHYSICAL_CORROBORATION,PRESERVE_PHYSICAL_CORROBORATION,PRESERVE,NONE,NO_RUNTIME_CLAIM
AI_PROVIDERS,M13,logo_url,VARCHAR(500),,ai_providers,logo_url,YES,VARCHAR(500),PRESERVE_EXACT_PHYSICAL_CORROBORATION,PRESERVE_PHYSICAL_CORROBORATION,PRESERVE,NONE,NO_RUNTIME_CLAIM
AI_PROVIDERS,M13,billing_type,TEXT,NOT NULL,ai_providers,billing_type,YES,"TEXT NOT NULL DEFAULT 'free_tier_ongoing'
                               CHECK (billing_type IN ('free_tier_ongoing','paid_only','trial_then_paid'))",PRESERVE_EXACT_PHYSICAL_CORROBORATION,PRESERVE_PHYSICAL_CORROBORATION,PRESERVE,NONE,NO_RUNTIME_CLAIM
AI_PROVIDERS,M13,setup_instructions_url,VARCHAR(500),NOT NULL,ai_providers,setup_instructions_url,YES,VARCHAR(500) NOT NULL,PRESERVE_EXACT_PHYSICAL_CORROBORATION,PRESERVE_PHYSICAL_CORROBORATION,PRESERVE,NONE,NO_RUNTIME_CLAIM
AI_PROVIDERS,M13,usage_terms_note,TEXT,,ai_providers,usage_terms_note,YES,TEXT,PRESERVE_EXACT_PHYSICAL_CORROBORATION,PRESERVE_PHYSICAL_CORROBORATION,PRESERVE,NONE,NO_RUNTIME_CLAIM
AI_PROVIDERS,M13,requires_expiry_warning,BOOLEAN,NOT NULL,ai_providers,requires_expiry_warning,YES,BOOLEAN NOT NULL DEFAULT false,PRESERVE_EXACT_PHYSICAL_CORROBORATION,PRESERVE_PHYSICAL_CORROBORATION,PRESERVE,NONE,NO_RUNTIME_CLAIM
AI_PROVIDERS,M13,status,TEXT,NOT NULL,ai_providers,status,YES,"TEXT NOT NULL DEFAULT 'active' CHECK (status IN ('active','inactive'))",PRESERVE_EXACT_PHYSICAL_CORROBORATION,PRESERVE_PHYSICAL_CORROBORATION,PRESERVE,NONE,NO_RUNTIME_CLAIM
AMENITIES,M03,id,UUID,PK,amenities,id,YES,UUID PRIMARY KEY DEFAULT gen_random_uuid(),PRESERVE_EXACT_PHYSICAL_CORROBORATION,PRESERVE_PHYSICAL_CORROBORATION,PRESERVE,NONE,NO_RUNTIME_CLAIM
AMENITIES,M03,name,VARCHAR(100),NOT NULL; UNIQUE,amenities,name,YES,VARCHAR(100) NOT NULL UNIQUE,PRESERVE_EXACT_PHYSICAL_CORROBORATION,PRESERVE_PHYSICAL_CORROBORATION,PRESERVE,NONE,NO_RUNTIME_CLAIM
PERMISSIONS,M10,id,UUID,PK,permissions,id,YES,UUID PRIMARY KEY DEFAULT gen_random_uuid(),PRESERVE_EXACT_PHYSICAL_CORROBORATION,PRESERVE_PHYSICAL_CORROBORATION,PRESERVE,NONE,NO_RUNTIME_CLAIM
PERMISSIONS,M10,module_code,VARCHAR(50),NOT NULL,permissions,module_code,YES,VARCHAR(50) NOT NULL,PRESERVE_EXACT_PHYSICAL_CORROBORATION,PRESERVE_PHYSICAL_CORROBORATION,PRESERVE,NONE,NO_RUNTIME_CLAIM
PERMISSIONS,M10,action_code,VARCHAR(50),NOT NULL,permissions,action_code,YES,VARCHAR(50) NOT NULL,PRESERVE_EXACT_PHYSICAL_CORROBORATION,PRESERVE_PHYSICAL_CORROBORATION,PRESERVE,NONE,NO_RUNTIME_CLAIM
PERMISSIONS,M10,scope_type,TEXT,NOT NULL,permissions,scope_type,YES,"TEXT NOT NULL DEFAULT 'own' CHECK (scope_type IN ('all','own','none'))",PRESERVE_EXACT_PHYSICAL_CORROBORATION,PRESERVE_PHYSICAL_CORROBORATION,PRESERVE,NONE,NO_RUNTIME_CLAIM
PERMISSIONS,M10,description,VARCHAR(255),,permissions,description,YES,VARCHAR(255),PRESERVE_EXACT_PHYSICAL_CORROBORATION,PRESERVE_PHYSICAL_CORROBORATION,PRESERVE,NONE,NO_RUNTIME_CLAIM
REF_PROVINCES,CORE,id,UUID,PK,ref_provinces,id,YES,UUID PRIMARY KEY DEFAULT gen_random_uuid(),PRESERVE_EXACT_PHYSICAL_CORROBORATION,PRESERVE_PHYSICAL_CORROBORATION,PRESERVE,NONE,NO_RUNTIME_CLAIM
REF_PROVINCES,CORE,code,VARCHAR(10),NOT NULL; UNIQUE,ref_provinces,code,YES,VARCHAR(10) UNIQUE NOT NULL,PRESERVE_EXACT_PHYSICAL_CORROBORATION,PRESERVE_PHYSICAL_CORROBORATION,PRESERVE,NONE,NO_RUNTIME_CLAIM
REF_PROVINCES,CORE,name,VARCHAR(100),NOT NULL,ref_provinces,name,YES,VARCHAR(100) NOT NULL,PRESERVE_EXACT_PHYSICAL_CORROBORATION,PRESERVE_PHYSICAL_CORROBORATION,PRESERVE,NONE,NO_RUNTIME_CLAIM
ROLES,M10,id,UUID,PK,roles,id,YES,UUID PRIMARY KEY DEFAULT gen_random_uuid(),PRESERVE_EXACT_PHYSICAL_CORROBORATION,PRESERVE_PHYSICAL_CORROBORATION,PRESERVE,NONE,NO_RUNTIME_CLAIM
ROLES,M10,code,VARCHAR(50),NOT NULL; UNIQUE,roles,code,YES,VARCHAR(50) UNIQUE NOT NULL,PRESERVE_EXACT_PHYSICAL_CORROBORATION,PRESERVE_PHYSICAL_CORROBORATION,PRESERVE,NONE,NO_RUNTIME_CLAIM
ROLES,M10,name,VARCHAR(100),NOT NULL,roles,name,YES,VARCHAR(100) NOT NULL,PRESERVE_EXACT_PHYSICAL_CORROBORATION,PRESERVE_PHYSICAL_CORROBORATION,PRESERVE,NONE,NO_RUNTIME_CLAIM
ROLES,M10,is_system_role,BOOLEAN,NOT NULL,roles,is_system_role,YES,BOOLEAN NOT NULL DEFAULT true,PRESERVE_EXACT_PHYSICAL_CORROBORATION,PRESERVE_PHYSICAL_CORROBORATION,PRESERVE,NONE,NO_RUNTIME_CLAIM
ROLES,M10,is_protected,BOOLEAN,NOT NULL,roles,is_protected,YES,BOOLEAN NOT NULL DEFAULT false,PRESERVE_EXACT_PHYSICAL_CORROBORATION,PRESERVE_PHYSICAL_CORROBORATION,PRESERVE,NONE,NO_RUNTIME_CLAIM
ROLES,M10,created_at,TIMESTAMPTZ,NOT NULL,roles,created_at,YES,TIMESTAMPTZ NOT NULL DEFAULT now(),PRESERVE_EXACT_PHYSICAL_CORROBORATION,PRESERVE_PHYSICAL_CORROBORATION,PRESERVE,NONE,NO_RUNTIME_CLAIM
ROLES,M10,updated_at,TIMESTAMPTZ,NOT NULL,roles,updated_at,YES,TIMESTAMPTZ NOT NULL DEFAULT now(),PRESERVE_EXACT_PHYSICAL_CORROBORATION,PRESERVE_PHYSICAL_CORROBORATION,PRESERVE,NONE,NO_RUNTIME_CLAIM
URL_REDIRECTS,M11,id,UUID,PK,url_redirects,id,YES,UUID PRIMARY KEY DEFAULT gen_random_uuid(),PRESERVE_EXACT_PHYSICAL_CORROBORATION,PRESERVE_PHYSICAL_CORROBORATION,PRESERVE,NONE,NO_RUNTIME_CLAIM
URL_REDIRECTS,M11,old_path,VARCHAR(300),NOT NULL; UNIQUE,url_redirects,old_path,YES,VARCHAR(300) UNIQUE NOT NULL,PRESERVE_EXACT_PHYSICAL_CORROBORATION,PRESERVE_PHYSICAL_CORROBORATION,PRESERVE,NONE,NO_RUNTIME_CLAIM
URL_REDIRECTS,M11,new_path,VARCHAR(300),NOT NULL,url_redirects,new_path,YES,VARCHAR(300) NOT NULL,PRESERVE_EXACT_PHYSICAL_CORROBORATION,PRESERVE_PHYSICAL_CORROBORATION,PRESERVE,NONE,NO_RUNTIME_CLAIM
URL_REDIRECTS,M11,redirect_type,SMALLINT,NOT NULL,url_redirects,redirect_type,YES,"SMALLINT NOT NULL DEFAULT 301 CHECK (redirect_type IN (301, 302))",PRESERVE_EXACT_PHYSICAL_CORROBORATION,PRESERVE_PHYSICAL_CORROBORATION,PRESERVE,NONE,NO_RUNTIME_CLAIM
URL_REDIRECTS,M11,reason,TEXT,,url_redirects,reason,YES,"TEXT CHECK (reason IN ('slug_changed','listing_deleted','listing_merged','lainnya'))",PRESERVE_EXACT_PHYSICAL_CORROBORATION,PRESERVE_PHYSICAL_CORROBORATION,PRESERVE,NONE,NO_RUNTIME_CLAIM
URL_REDIRECTS,M11,entity_type,VARCHAR(50),,url_redirects,entity_type,YES,VARCHAR(50),PRESERVE_EXACT_PHYSICAL_CORROBORATION,PRESERVE_PHYSICAL_CORROBORATION,PRESERVE,NONE,NO_RUNTIME_CLAIM
URL_REDIRECTS,M11,entity_id,UUID,,url_redirects,entity_id,YES,UUID,PRESERVE_EXACT_PHYSICAL_CORROBORATION,PRESERVE_PHYSICAL_CORROBORATION,PRESERVE,NONE,NO_RUNTIME_CLAIM
URL_REDIRECTS,M11,created_at,TIMESTAMPTZ,NOT NULL,url_redirects,created_at,YES,TIMESTAMPTZ NOT NULL DEFAULT now(),PRESERVE_EXACT_PHYSICAL_CORROBORATION,PRESERVE_PHYSICAL_CORROBORATION,PRESERVE,NONE,NO_RUNTIME_CLAIM
REF_CITIES,CORE,id,UUID,PK,ref_cities,id,YES,UUID PRIMARY KEY DEFAULT gen_random_uuid(),PRESERVE_EXACT_PHYSICAL_CORROBORATION,PRESERVE_PHYSICAL_CORROBORATION,PRESERVE,NONE,NO_RUNTIME_CLAIM
REF_CITIES,CORE,province_id,UUID,NOT NULL; FK→ref_provinces.id,ref_cities,province_id,YES,UUID NOT NULL REFERENCES ref_provinces(id) ON DELETE RESTRICT,PRESERVE_EXACT_PHYSICAL_CORROBORATION,PRESERVE_PHYSICAL_CORROBORATION,PRESERVE,NONE,NO_RUNTIME_CLAIM
REF_CITIES,CORE,code,VARCHAR(10),NOT NULL; UNIQUE,ref_cities,code,YES,VARCHAR(10) UNIQUE NOT NULL,PRESERVE_EXACT_PHYSICAL_CORROBORATION,PRESERVE_PHYSICAL_CORROBORATION,PRESERVE,NONE,NO_RUNTIME_CLAIM
REF_CITIES,CORE,name,VARCHAR(100),NOT NULL,ref_cities,name,YES,VARCHAR(100) NOT NULL,PRESERVE_EXACT_PHYSICAL_CORROBORATION,PRESERVE_PHYSICAL_CORROBORATION,PRESERVE,NONE,NO_RUNTIME_CLAIM
REF_CITIES,CORE,type,TEXT,NOT NULL,ref_cities,type,YES,"TEXT NOT NULL CHECK (type IN ('kota','kabupaten'))",PRESERVE_EXACT_PHYSICAL_CORROBORATION,PRESERVE_PHYSICAL_CORROBORATION,PRESERVE,NONE,NO_RUNTIME_CLAIM
ROLE_PERMISSIONS,M10,id,UUID,PK,role_permissions,id,YES,UUID PRIMARY KEY DEFAULT gen_random_uuid(),PRESERVE_EXACT_PHYSICAL_CORROBORATION,PRESERVE_PHYSICAL_CORROBORATION,PRESERVE,NONE,NO_RUNTIME_CLAIM
ROLE_PERMISSIONS,M10,role_id,UUID,NOT NULL; FK→roles.id,role_permissions,role_id,YES,UUID NOT NULL REFERENCES roles(id) ON DELETE RESTRICT,PRESERVE_EXACT_PHYSICAL_CORROBORATION,PRESERVE_PHYSICAL_CORROBORATION,PRESERVE,NONE,NO_RUNTIME_CLAIM
ROLE_PERMISSIONS,M10,permission_id,UUID,NOT NULL; FK→permissions.id,role_permissions,permission_id,YES,UUID NOT NULL REFERENCES permissions(id) ON DELETE RESTRICT,PRESERVE_EXACT_PHYSICAL_CORROBORATION,PRESERVE_PHYSICAL_CORROBORATION,PRESERVE,NONE,NO_RUNTIME_CLAIM
ROLE_PERMISSIONS,M10,granted_scope,TEXT,NOT NULL,role_permissions,granted_scope,YES,"TEXT NOT NULL CHECK (granted_scope IN ('all','own','none'))",PRESERVE_EXACT_PHYSICAL_CORROBORATION,PRESERVE_PHYSICAL_CORROBORATION,PRESERVE,NONE,NO_RUNTIME_CLAIM
ROLE_PERMISSIONS,M10,editable_by_role_code,VARCHAR(100),NOT NULL,role_permissions,editable_by_role_code,YES,VARCHAR(100) NOT NULL DEFAULT 'superadmin',PRESERVE_EXACT_PHYSICAL_CORROBORATION,PRESERVE_PHYSICAL_CORROBORATION,PRESERVE,NONE,NO_RUNTIME_CLAIM
ROLE_PERMISSIONS,M10,updated_by,UUID,,role_permissions,updated_by,YES,UUID,PRESERVE_EXACT_PHYSICAL_CORROBORATION,PRESERVE_PHYSICAL_CORROBORATION,PRESERVE,NONE,NO_RUNTIME_CLAIM
ROLE_PERMISSIONS,M10,updated_at,TIMESTAMPTZ,NOT NULL,role_permissions,updated_at,YES,TIMESTAMPTZ NOT NULL DEFAULT now(),PRESERVE_EXACT_PHYSICAL_CORROBORATION,PRESERVE_PHYSICAL_CORROBORATION,PRESERVE,NONE,NO_RUNTIME_CLAIM
USERS,M01,id,UUID,PK,users,id,YES,UUID PRIMARY KEY DEFAULT gen_random_uuid(),PRESERVE_EXACT_PHYSICAL_CORROBORATION,PRESERVE_PHYSICAL_CORROBORATION,PRESERVE,NONE,NO_RUNTIME_CLAIM
USERS,M01,email,VARCHAR(255),NOT NULL; UNIQUE,users,email,YES,VARCHAR(255) UNIQUE NOT NULL,PRESERVE_EXACT_PHYSICAL_CORROBORATION,PRESERVE_PHYSICAL_CORROBORATION,PRESERVE,NONE,NO_RUNTIME_CLAIM
USERS,M01,phone,VARCHAR(20),UNIQUE,users,phone,YES,VARCHAR(20) UNIQUE,PRESERVE_EXACT_PHYSICAL_CORROBORATION,PRESERVE_PHYSICAL_CORROBORATION,PRESERVE,NONE,NO_RUNTIME_CLAIM
USERS,M01,password_hash,VARCHAR(255),NOT NULL,users,password_hash,YES,VARCHAR(255) NOT NULL,PRESERVE_EXACT_PHYSICAL_CORROBORATION,PRESERVE_PHYSICAL_CORROBORATION,PRESERVE,NONE,NO_RUNTIME_CLAIM
USERS,M01,role_id,UUID,NOT NULL; FK→roles.id,users,role_id,YES,UUID NOT NULL REFERENCES roles(id) ON DELETE RESTRICT,PRESERVE_EXACT_PHYSICAL_CORROBORATION,PRESERVE_PHYSICAL_CORROBORATION,PRESERVE,NONE,NO_RUNTIME_CLAIM
USERS,M01,status,TEXT,NOT NULL,users,status,YES,"TEXT NOT NULL DEFAULT 'pending_review'
                        CHECK (status IN ('pending_review','active','suspended','rejected'))",PRESERVE_EXACT_PHYSICAL_CORROBORATION,PRESERVE_PHYSICAL_CORROBORATION,PRESERVE,NONE,NO_RUNTIME_CLAIM
USERS,M01,email_verified_at,TIMESTAMPTZ,,users,email_verified_at,YES,TIMESTAMPTZ,PRESERVE_EXACT_PHYSICAL_CORROBORATION,PRESERVE_PHYSICAL_CORROBORATION,PRESERVE,NONE,NO_RUNTIME_CLAIM
USERS,M01,last_login_at,TIMESTAMPTZ,,users,last_login_at,YES,TIMESTAMPTZ,PRESERVE_EXACT_PHYSICAL_CORROBORATION,PRESERVE_PHYSICAL_CORROBORATION,PRESERVE,NONE,NO_RUNTIME_CLAIM
USERS,M01,deleted_at,TIMESTAMPTZ,,users,deleted_at,YES,TIMESTAMPTZ,PRESERVE_EXACT_PHYSICAL_CORROBORATION,PRESERVE_PHYSICAL_CORROBORATION,PRESERVE,NONE,NO_RUNTIME_CLAIM
USERS,M01,created_at,TIMESTAMPTZ,NOT NULL,users,created_at,YES,TIMESTAMPTZ NOT NULL DEFAULT now(),PRESERVE_EXACT_PHYSICAL_CORROBORATION,PRESERVE_PHYSICAL_CORROBORATION,PRESERVE,NONE,NO_RUNTIME_CLAIM
USERS,M01,updated_at,TIMESTAMPTZ,NOT NULL,users,updated_at,YES,TIMESTAMPTZ NOT NULL DEFAULT now(),PRESERVE_EXACT_PHYSICAL_CORROBORATION,PRESERVE_PHYSICAL_CORROBORATION,PRESERVE,NONE,NO_RUNTIME_CLAIM
AGENT_AI_CONNECTIONS,M13,id,UUID,PK,agent_ai_connections,id,YES,UUID PRIMARY KEY DEFAULT gen_random_uuid(),PRESERVE_EXACT_PHYSICAL_CORROBORATION,PRESERVE_PHYSICAL_CORROBORATION,PRESERVE,NONE,NO_RUNTIME_CLAIM
AGENT_AI_CONNECTIONS,M13,user_id,UUID,NOT NULL; FK→users.id,agent_ai_connections,user_id,YES,UUID NOT NULL REFERENCES users(id) ON DELETE CASCADE,PRESERVE_EXACT_PHYSICAL_CORROBORATION,PRESERVE_PHYSICAL_CORROBORATION,PRESERVE,NONE,NO_RUNTIME_CLAIM
AGENT_AI_CONNECTIONS,M13,provider_id,UUID,NOT NULL; FK→ai_providers.id,agent_ai_connections,provider_id,YES,UUID NOT NULL REFERENCES ai_providers(id) ON DELETE RESTRICT,PRESERVE_EXACT_PHYSICAL_CORROBORATION,PRESERVE_PHYSICAL_CORROBORATION,PRESERVE,NONE,NO_RUNTIME_CLAIM
AGENT_AI_CONNECTIONS,M13,encrypted_api_key,VARCHAR(500),NOT NULL,agent_ai_connections,encrypted_api_key,YES,VARCHAR(500) NOT NULL,PRESERVE_EXACT_PHYSICAL_CORROBORATION,PRESERVE_PHYSICAL_CORROBORATION,PRESERVE,NONE,NO_RUNTIME_CLAIM
AGENT_AI_CONNECTIONS,M13,status,TEXT,NOT NULL,agent_ai_connections,status,YES,"TEXT NOT NULL DEFAULT 'active' CHECK (status IN ('active','disconnected','invalid'))",PRESERVE_EXACT_PHYSICAL_CORROBORATION,PRESERVE_PHYSICAL_CORROBORATION,PRESERVE,NONE,NO_RUNTIME_CLAIM
AGENT_AI_CONNECTIONS,M13,last_validated_at,TIMESTAMPTZ,,agent_ai_connections,last_validated_at,YES,TIMESTAMPTZ,PRESERVE_EXACT_PHYSICAL_CORROBORATION,PRESERVE_PHYSICAL_CORROBORATION,PRESERVE,NONE,NO_RUNTIME_CLAIM
AGENT_AI_CONNECTIONS,M13,connected_at,TIMESTAMPTZ,NOT NULL,agent_ai_connections,connected_at,YES,TIMESTAMPTZ NOT NULL DEFAULT now(),PRESERVE_EXACT_PHYSICAL_CORROBORATION,PRESERVE_PHYSICAL_CORROBORATION,PRESERVE,NONE,NO_RUNTIME_CLAIM
AGENT_AI_CONNECTIONS,M13,created_at,TIMESTAMPTZ,NOT NULL,agent_ai_connections,created_at,YES,TIMESTAMPTZ NOT NULL DEFAULT now(),PRESERVE_EXACT_PHYSICAL_CORROBORATION,PRESERVE_PHYSICAL_CORROBORATION,PRESERVE,NONE,NO_RUNTIME_CLAIM
AGENT_AI_CONNECTIONS,M13,updated_at,TIMESTAMPTZ,NOT NULL,agent_ai_connections,updated_at,YES,TIMESTAMPTZ NOT NULL DEFAULT now(),PRESERVE_EXACT_PHYSICAL_CORROBORATION,PRESERVE_PHYSICAL_CORROBORATION,PRESERVE,NONE,NO_RUNTIME_CLAIM
AGENT_PROFILES,M01,id,UUID,PK,agent_profiles,id,YES,UUID PRIMARY KEY DEFAULT gen_random_uuid(),PRESERVE_EXACT_PHYSICAL_CORROBORATION,PRESERVE_PHYSICAL_CORROBORATION,PRESERVE,NONE,NO_RUNTIME_CLAIM
AGENT_PROFILES,M01,user_id,UUID,NOT NULL; UNIQUE; FK→users.id,agent_profiles,user_id,YES,UUID UNIQUE NOT NULL REFERENCES users(id) ON DELETE CASCADE,PRESERVE_EXACT_PHYSICAL_CORROBORATION,PRESERVE_PHYSICAL_CORROBORATION,PRESERVE,NONE,NO_RUNTIME_CLAIM
AGENT_PROFILES,M01,full_name,VARCHAR(150),NOT NULL,agent_profiles,full_name,YES,VARCHAR(150) NOT NULL,PRESERVE_EXACT_PHYSICAL_CORROBORATION,PRESERVE_PHYSICAL_CORROBORATION,PRESERVE,NONE,NO_RUNTIME_CLAIM
AGENT_PROFILES,M01,avatar_url,VARCHAR(500),,agent_profiles,avatar_url,YES,VARCHAR(500),PRESERVE_EXACT_PHYSICAL_CORROBORATION,PRESERVE_PHYSICAL_CORROBORATION,PRESERVE,NONE,NO_RUNTIME_CLAIM
AGENT_PROFILES,M01,bio,TEXT,,agent_profiles,bio,YES,TEXT,PRESERVE_EXACT_PHYSICAL_CORROBORATION,PRESERVE_PHYSICAL_CORROBORATION,PRESERVE,NONE,NO_RUNTIME_CLAIM
AGENT_PROFILES,M01,specialization,TEXT[],,agent_profiles,specialization,YES,TEXT[],PRESERVE_EXACT_PHYSICAL_CORROBORATION,PRESERVE_PHYSICAL_CORROBORATION,PRESERVE,NONE,NO_RUNTIME_CLAIM
AGENT_PROFILES,M01,coverage_area,VARCHAR(255),,agent_profiles,coverage_area,YES,VARCHAR(255),PRESERVE_EXACT_PHYSICAL_CORROBORATION,PRESERVE_PHYSICAL_CORROBORATION,PRESERVE,NONE,NO_RUNTIME_CLAIM
AGENT_PROFILES,M01,office_name,VARCHAR(150),,agent_profiles,office_name,YES,VARCHAR(150),PRESERVE_EXACT_PHYSICAL_CORROBORATION,PRESERVE_PHYSICAL_CORROBORATION,PRESERVE,NONE,NO_RUNTIME_CLAIM
AGENT_PROFILES,M01,license_number,VARCHAR(50),,agent_profiles,license_number,YES,VARCHAR(50),PRESERVE_EXACT_PHYSICAL_CORROBORATION,PRESERVE_PHYSICAL_CORROBORATION,PRESERVE,NONE,NO_RUNTIME_CLAIM
AGENT_PROFILES,M01,whatsapp_number,VARCHAR(20),NOT NULL,agent_profiles,whatsapp_number,YES,VARCHAR(20) NOT NULL,PRESERVE_EXACT_PHYSICAL_CORROBORATION,PRESERVE_PHYSICAL_CORROBORATION,PRESERVE,NONE,NO_RUNTIME_CLAIM
AGENT_PROFILES,M01,contact_visibility,TEXT,NOT NULL,agent_profiles,contact_visibility,YES,"TEXT NOT NULL DEFAULT 'public' CHECK (contact_visibility IN ('public','hidden'))",PRESERVE_EXACT_PHYSICAL_CORROBORATION,PRESERVE_PHYSICAL_CORROBORATION,PRESERVE,NONE,NO_RUNTIME_CLAIM
AGENT_PROFILES,M01,public_slug,VARCHAR(150),NOT NULL; UNIQUE,agent_profiles,public_slug,YES,VARCHAR(150) UNIQUE NOT NULL,PRESERVE_EXACT_PHYSICAL_CORROBORATION,PRESERVE_PHYSICAL_CORROBORATION,PRESERVE,NONE,NO_RUNTIME_CLAIM
AGENT_PROFILES,M01,total_listings_sold,INT,NOT NULL,agent_profiles,total_listings_sold,YES,INT NOT NULL DEFAULT 0,PRESERVE_EXACT_PHYSICAL_CORROBORATION,PRESERVE_PHYSICAL_CORROBORATION,PRESERVE,NONE,NO_RUNTIME_CLAIM
AGENT_PROFILES,M01,total_listings_rented,INT,NOT NULL,agent_profiles,total_listings_rented,YES,INT NOT NULL DEFAULT 0,PRESERVE_EXACT_PHYSICAL_CORROBORATION,PRESERVE_PHYSICAL_CORROBORATION,PRESERVE,NONE,NO_RUNTIME_CLAIM
AGENT_PROFILES,M01,deleted_at,TIMESTAMPTZ,,agent_profiles,deleted_at,YES,TIMESTAMPTZ,PRESERVE_EXACT_PHYSICAL_CORROBORATION,PRESERVE_PHYSICAL_CORROBORATION,PRESERVE,NONE,NO_RUNTIME_CLAIM
AGENT_PROFILES,M01,created_at,TIMESTAMPTZ,NOT NULL,agent_profiles,created_at,YES,TIMESTAMPTZ NOT NULL DEFAULT now(),PRESERVE_EXACT_PHYSICAL_CORROBORATION,PRESERVE_PHYSICAL_CORROBORATION,PRESERVE,NONE,NO_RUNTIME_CLAIM
AGENT_PROFILES,M01,updated_at,TIMESTAMPTZ,NOT NULL,agent_profiles,updated_at,YES,TIMESTAMPTZ NOT NULL DEFAULT now(),PRESERVE_EXACT_PHYSICAL_CORROBORATION,PRESERVE_PHYSICAL_CORROBORATION,PRESERVE,NONE,NO_RUNTIME_CLAIM
AGENT_PROFILES,M01,ktp_requirement_state,enum,DEFERRED / NOT_PROVIDED remains representable as outstanding KTP requirement | M01 logical augmentation,,,NO,,LOGICAL_ONLY_NO_CURRENT_PHYSICAL_CORROBORATION,CONTROLLED_PHYSICAL_DELTA,RECONCILE_AFTER_UPSTREAM_STABILITY,Physical realization not present/proven in current 86-table baseline.,NO_RUNTIME_CLAIM
AGENT_PROFILES,M01,profile_visibility,enum,PUBLIC / PRIVATE; default PUBLIC | M02 logical semantic augmentation,,,NO,,LOGICAL_ONLY_NO_CURRENT_PHYSICAL_CORROBORATION,CONTROLLED_PHYSICAL_DELTA,RECONCILE_AFTER_UPSTREAM_STABILITY,Physical realization not present/proven in current 86-table baseline.,NO_RUNTIME_CLAIM
AGENT_PROFILES,M01,public_cta_enabled,boolean,Explicit Agent opt-in for public contact/WhatsApp CTA | M02 logical semantic augmentation,,,NO,,LOGICAL_ONLY_NO_CURRENT_PHYSICAL_CORROBORATION,CONTROLLED_PHYSICAL_DELTA,RECONCILE_AFTER_UPSTREAM_STABILITY,Physical realization not present/proven in current 86-table baseline.,NO_RUNTIME_CLAIM
AGENT_REVIEWS,M02,id,UUID,PK,agent_reviews,id,YES,UUID PRIMARY KEY DEFAULT gen_random_uuid(),PRESERVE_EXACT_PHYSICAL_CORROBORATION,PRESERVE_PHYSICAL_CORROBORATION,PRESERVE,NONE,NO_RUNTIME_CLAIM
AGENT_REVIEWS,M02,agent_id,UUID,NOT NULL; FK→users.id,agent_reviews,agent_id,YES,UUID NOT NULL REFERENCES users(id) ON DELETE CASCADE,PRESERVE_EXACT_PHYSICAL_CORROBORATION,PRESERVE_PHYSICAL_CORROBORATION,PRESERVE,NONE,NO_RUNTIME_CLAIM
AGENT_REVIEWS,M02,buyer_id,UUID,FK→users.id,agent_reviews,buyer_id,YES,UUID REFERENCES users(id) ON DELETE SET NULL,PRESERVE_EXACT_PHYSICAL_CORROBORATION,PRESERVE_PHYSICAL_CORROBORATION,PRESERVE,NONE,NO_RUNTIME_CLAIM
AGENT_REVIEWS,M02,listing_lead_id,UUID,,agent_reviews,listing_lead_id,YES,UUID,PRESERVE_EXACT_PHYSICAL_CORROBORATION,PRESERVE_PHYSICAL_CORROBORATION,PRESERVE,NONE,NO_RUNTIME_CLAIM
AGENT_REVIEWS,M02,reviewer_name,VARCHAR(150),,agent_reviews,reviewer_name,YES,VARCHAR(150),PRESERVE_EXACT_PHYSICAL_CORROBORATION,PRESERVE_PHYSICAL_CORROBORATION,PRESERVE,NONE,NO_RUNTIME_CLAIM
AGENT_REVIEWS,M02,rating,SMALLINT,NOT NULL,agent_reviews,rating,YES,SMALLINT NOT NULL CHECK (rating BETWEEN 1 AND 5),PRESERVE_EXACT_PHYSICAL_CORROBORATION,PRESERVE_PHYSICAL_CORROBORATION,PRESERVE,NONE,NO_RUNTIME_CLAIM
AGENT_REVIEWS,M02,comment,TEXT,,agent_reviews,comment,YES,TEXT,PRESERVE_EXACT_PHYSICAL_CORROBORATION,PRESERVE_PHYSICAL_CORROBORATION,PRESERVE,NONE,NO_RUNTIME_CLAIM
AGENT_REVIEWS,M02,status,TEXT,NOT NULL,agent_reviews,status,YES,"TEXT NOT NULL DEFAULT 'pending' CHECK (status IN ('pending','approved','rejected'))",PRESERVE_EXACT_PHYSICAL_CORROBORATION,PRESERVE_PHYSICAL_CORROBORATION,PRESERVE,NONE,NO_RUNTIME_CLAIM
AGENT_REVIEWS,M02,moderated_by,UUID,FK→users.id,agent_reviews,moderated_by,YES,UUID REFERENCES users(id) ON DELETE SET NULL,PRESERVE_EXACT_PHYSICAL_CORROBORATION,PRESERVE_PHYSICAL_CORROBORATION,PRESERVE,NONE,NO_RUNTIME_CLAIM
AGENT_REVIEWS,M02,moderated_at,TIMESTAMPTZ,,agent_reviews,moderated_at,YES,TIMESTAMPTZ,PRESERVE_EXACT_PHYSICAL_CORROBORATION,PRESERVE_PHYSICAL_CORROBORATION,PRESERVE,NONE,NO_RUNTIME_CLAIM
AGENT_REVIEWS,M02,deleted_at,TIMESTAMPTZ,,agent_reviews,deleted_at,YES,TIMESTAMPTZ,PRESERVE_EXACT_PHYSICAL_CORROBORATION,PRESERVE_PHYSICAL_CORROBORATION,PRESERVE,NONE,NO_RUNTIME_CLAIM
AGENT_REVIEWS,M02,created_at,TIMESTAMPTZ,NOT NULL,agent_reviews,created_at,YES,TIMESTAMPTZ NOT NULL DEFAULT now(),PRESERVE_EXACT_PHYSICAL_CORROBORATION,PRESERVE_PHYSICAL_CORROBORATION,PRESERVE,NONE,NO_RUNTIME_CLAIM
AGENT_VERIFICATION_DOCUMENTS,M01,id,UUID,PK,agent_verification_documents,id,YES,UUID PRIMARY KEY DEFAULT gen_random_uuid(),PRESERVE_EXACT_PHYSICAL_CORROBORATION,PRESERVE_PHYSICAL_CORROBORATION,PRESERVE,NONE,NO_RUNTIME_CLAIM
AGENT_VERIFICATION_DOCUMENTS,M01,user_id,UUID,NOT NULL; FK→users.id,agent_verification_documents,user_id,YES,UUID NOT NULL REFERENCES users(id) ON DELETE CASCADE,PRESERVE_EXACT_PHYSICAL_CORROBORATION,PRESERVE_PHYSICAL_CORROBORATION,PRESERVE,NONE,NO_RUNTIME_CLAIM
AGENT_VERIFICATION_DOCUMENTS,M01,doc_type,TEXT,NOT NULL,agent_verification_documents,doc_type,YES,"TEXT NOT NULL CHECK (doc_type IN ('ktp','npwp','sertifikasi_rei','lainnya'))",PRESERVE_EXACT_PHYSICAL_CORROBORATION,PRESERVE_PHYSICAL_CORROBORATION,PRESERVE,NONE,NO_RUNTIME_CLAIM
AGENT_VERIFICATION_DOCUMENTS,M01,file_url,VARCHAR(500),NOT NULL,agent_verification_documents,file_url,YES,VARCHAR(500) NOT NULL,PRESERVE_EXACT_PHYSICAL_CORROBORATION,PRESERVE_PHYSICAL_CORROBORATION,PRESERVE,NONE,NO_RUNTIME_CLAIM
AGENT_VERIFICATION_DOCUMENTS,M01,encrypted,BOOLEAN,NOT NULL,agent_verification_documents,encrypted,YES,BOOLEAN NOT NULL DEFAULT true,PRESERVE_EXACT_PHYSICAL_CORROBORATION,PRESERVE_PHYSICAL_CORROBORATION,PRESERVE,NONE,NO_RUNTIME_CLAIM
AGENT_VERIFICATION_DOCUMENTS,M01,review_status,TEXT,NOT NULL,agent_verification_documents,review_status,YES,"TEXT NOT NULL DEFAULT 'pending' CHECK (review_status IN ('pending','approved','rejected'))",PRESERVE_EXACT_PHYSICAL_CORROBORATION,PRESERVE_PHYSICAL_CORROBORATION,PRESERVE,NONE,NO_RUNTIME_CLAIM
AGENT_VERIFICATION_DOCUMENTS,M01,reviewed_by,UUID,FK→users.id,agent_verification_documents,reviewed_by,YES,UUID REFERENCES users(id) ON DELETE SET NULL,PRESERVE_EXACT_PHYSICAL_CORROBORATION,PRESERVE_PHYSICAL_CORROBORATION,PRESERVE,NONE,NO_RUNTIME_CLAIM
AGENT_VERIFICATION_DOCUMENTS,M01,rejection_reason,TEXT,,agent_verification_documents,rejection_reason,YES,TEXT,PRESERVE_EXACT_PHYSICAL_CORROBORATION,PRESERVE_PHYSICAL_CORROBORATION,PRESERVE,NONE,NO_RUNTIME_CLAIM
AGENT_VERIFICATION_DOCUMENTS,M01,created_at,TIMESTAMPTZ,NOT NULL,agent_verification_documents,created_at,YES,TIMESTAMPTZ NOT NULL DEFAULT now(),PRESERVE_EXACT_PHYSICAL_CORROBORATION,PRESERVE_PHYSICAL_CORROBORATION,PRESERVE,NONE,NO_RUNTIME_CLAIM
COURSES,M04,id,UUID,PK,courses,id,YES,UUID PRIMARY KEY DEFAULT gen_random_uuid(),PRESERVE_EXACT_PHYSICAL_CORROBORATION,PRESERVE_PHYSICAL_CORROBORATION,PRESERVE,NONE,NO_RUNTIME_CLAIM
COURSES,M04,title,VARCHAR(200),NOT NULL,courses,title,YES,VARCHAR(200) NOT NULL,PRESERVE_EXACT_PHYSICAL_CORROBORATION,PRESERVE_PHYSICAL_CORROBORATION,PRESERVE,NONE,NO_RUNTIME_CLAIM
COURSES,M04,category,TEXT,,courses,category,YES,"TEXT CHECK (category IN ('sales_skill','legal_regulasi','produk_developer','financial_kpr','lainnya'))",PRESERVE_EXACT_PHYSICAL_CORROBORATION,PRESERVE_PHYSICAL_CORROBORATION,PRESERVE,NONE,NO_RUNTIME_CLAIM
COURSES,M04,description,TEXT,,courses,description,YES,TEXT,PRESERVE_EXACT_PHYSICAL_CORROBORATION,PRESERVE_PHYSICAL_CORROBORATION,PRESERVE,NONE,NO_RUNTIME_CLAIM
COURSES,M04,prerequisite_course_id,UUID,FK→courses.id,courses,prerequisite_course_id,YES,UUID REFERENCES courses(id) ON DELETE SET NULL,PRESERVE_EXACT_PHYSICAL_CORROBORATION,PRESERVE_PHYSICAL_CORROBORATION,PRESERVE,NONE,NO_RUNTIME_CLAIM
COURSES,M04,passing_grade,SMALLINT,NOT NULL,courses,passing_grade,YES,SMALLINT NOT NULL DEFAULT 70,PRESERVE_EXACT_PHYSICAL_CORROBORATION,PRESERVE_PHYSICAL_CORROBORATION,PRESERVE,NONE,NO_RUNTIME_CLAIM
COURSES,M04,status,TEXT,NOT NULL,courses,status,YES,"TEXT NOT NULL DEFAULT 'draft' CHECK (status IN ('draft','published','archived'))",PRESERVE_EXACT_PHYSICAL_CORROBORATION,PRESERVE_PHYSICAL_CORROBORATION,PRESERVE,NONE,NO_RUNTIME_CLAIM
COURSES,M04,created_by,UUID,NOT NULL; FK→users.id,courses,created_by,YES,UUID NOT NULL REFERENCES users(id) ON DELETE RESTRICT,PRESERVE_EXACT_PHYSICAL_CORROBORATION,PRESERVE_PHYSICAL_CORROBORATION,PRESERVE,NONE,NO_RUNTIME_CLAIM
COURSES,M04,deleted_at,TIMESTAMPTZ,,courses,deleted_at,YES,TIMESTAMPTZ,PRESERVE_EXACT_PHYSICAL_CORROBORATION,PRESERVE_PHYSICAL_CORROBORATION,PRESERVE,NONE,NO_RUNTIME_CLAIM
COURSES,M04,created_at,TIMESTAMPTZ,NOT NULL,courses,created_at,YES,TIMESTAMPTZ NOT NULL DEFAULT now(),PRESERVE_EXACT_PHYSICAL_CORROBORATION,PRESERVE_PHYSICAL_CORROBORATION,PRESERVE,NONE,NO_RUNTIME_CLAIM
COURSES,M04,updated_at,TIMESTAMPTZ,NOT NULL,courses,updated_at,YES,TIMESTAMPTZ NOT NULL DEFAULT now(),PRESERVE_EXACT_PHYSICAL_CORROBORATION,PRESERVE_PHYSICAL_CORROBORATION,PRESERVE,NONE,NO_RUNTIME_CLAIM
DBR_CONFIG,M07,id,UUID,PK,dbr_config,id,YES,UUID PRIMARY KEY DEFAULT gen_random_uuid(),PRESERVE_EXACT_PHYSICAL_CORROBORATION,PRESERVE_PHYSICAL_CORROBORATION,PRESERVE,NONE,NO_RUNTIME_CLAIM
DBR_CONFIG,M07,dbr_threshold_percent,"DECIMAL(5,2)",NOT NULL,dbr_config,dbr_threshold_percent,YES,"DECIMAL(5,2) NOT NULL DEFAULT 35.00",PRESERVE_EXACT_PHYSICAL_CORROBORATION,PRESERVE_PHYSICAL_CORROBORATION,PRESERVE,NONE,NO_RUNTIME_CLAIM
DBR_CONFIG,M07,default_interest_rate,"DECIMAL(5,2)",NOT NULL,dbr_config,default_interest_rate,YES,"DECIMAL(5,2) NOT NULL DEFAULT 8.50",PRESERVE_EXACT_PHYSICAL_CORROBORATION,PRESERVE_PHYSICAL_CORROBORATION,PRESERVE,NONE,NO_RUNTIME_CLAIM
DBR_CONFIG,M07,updated_by,UUID,FK→users.id,dbr_config,updated_by,YES,UUID REFERENCES users(id) ON DELETE SET NULL,PRESERVE_EXACT_PHYSICAL_CORROBORATION,PRESERVE_PHYSICAL_CORROBORATION,PRESERVE,NONE,NO_RUNTIME_CLAIM
DBR_CONFIG,M07,updated_at,TIMESTAMPTZ,NOT NULL,dbr_config,updated_at,YES,TIMESTAMPTZ NOT NULL DEFAULT now(),PRESERVE_EXACT_PHYSICAL_CORROBORATION,PRESERVE_PHYSICAL_CORROBORATION,PRESERVE,NONE,NO_RUNTIME_CLAIM
DEVELOPER_PARTNERS,M06,id,UUID,PK,developer_partners,id,YES,UUID PRIMARY KEY DEFAULT gen_random_uuid(),PRESERVE_EXACT_PHYSICAL_CORROBORATION,PRESERVE_PHYSICAL_CORROBORATION,PRESERVE,NONE,NO_RUNTIME_CLAIM
DEVELOPER_PARTNERS,M06,company_name,VARCHAR(200),NOT NULL,developer_partners,company_name,YES,VARCHAR(200) NOT NULL,PRESERVE_EXACT_PHYSICAL_CORROBORATION,PRESERVE_PHYSICAL_CORROBORATION,PRESERVE,NONE,NO_RUNTIME_CLAIM
DEVELOPER_PARTNERS,M06,pic_name,VARCHAR(150),,developer_partners,pic_name,YES,VARCHAR(150),PRESERVE_EXACT_PHYSICAL_CORROBORATION,PRESERVE_PHYSICAL_CORROBORATION,PRESERVE,NONE,NO_RUNTIME_CLAIM
DEVELOPER_PARTNERS,M06,pic_contact,VARCHAR(50),,developer_partners,pic_contact,YES,VARCHAR(50),PRESERVE_EXACT_PHYSICAL_CORROBORATION,PRESERVE_PHYSICAL_CORROBORATION,PRESERVE,NONE,NO_RUNTIME_CLAIM
DEVELOPER_PARTNERS,M06,user_id,UUID,FK→users.id,developer_partners,user_id,YES,UUID REFERENCES users(id) ON DELETE SET NULL,PRESERVE_EXACT_PHYSICAL_CORROBORATION,PRESERVE_PHYSICAL_CORROBORATION,PRESERVE,NONE,NO_RUNTIME_CLAIM
DEVELOPER_PARTNERS,M06,status,TEXT,NOT NULL,developer_partners,status,YES,"TEXT NOT NULL DEFAULT 'active' CHECK (status IN ('active','inactive'))",PRESERVE_EXACT_PHYSICAL_CORROBORATION,PRESERVE_PHYSICAL_CORROBORATION,PRESERVE,NONE,NO_RUNTIME_CLAIM
DEVELOPER_PARTNERS,M06,deleted_at,TIMESTAMPTZ,,developer_partners,deleted_at,YES,TIMESTAMPTZ,PRESERVE_EXACT_PHYSICAL_CORROBORATION,PRESERVE_PHYSICAL_CORROBORATION,PRESERVE,NONE,NO_RUNTIME_CLAIM
DEVELOPER_PARTNERS,M06,created_at,TIMESTAMPTZ,NOT NULL,developer_partners,created_at,YES,TIMESTAMPTZ NOT NULL DEFAULT now(),PRESERVE_EXACT_PHYSICAL_CORROBORATION,PRESERVE_PHYSICAL_CORROBORATION,PRESERVE,NONE,NO_RUNTIME_CLAIM
DEVELOPER_PARTNERS,M06,company_logo,string,Company logo | M06 semantic locked; physical realization downstream,,,NO,,LOGICAL_ONLY_NO_CURRENT_PHYSICAL_CORROBORATION,CONTROLLED_PHYSICAL_DELTA,RECONCILE_AFTER_UPSTREAM_STABILITY,Physical realization not present/proven in current 86-table baseline.,NO_RUNTIME_CLAIM
DEVELOPER_PARTNERS,M06,description,text,Free-text “Tentang Developer” | M06 semantic locked; physical realization downstream,,,NO,,LOGICAL_ONLY_NO_CURRENT_PHYSICAL_CORROBORATION,CONTROLLED_PHYSICAL_DELTA,RECONCILE_AFTER_UPSTREAM_STABILITY,Physical realization not present/proven in current 86-table baseline.,NO_RUNTIME_CLAIM
NOTIFICATIONS,M08,id,UUID,PK,notifications,id,YES,UUID PRIMARY KEY DEFAULT gen_random_uuid(),PRESERVE_EXACT_PHYSICAL_CORROBORATION,PRESERVE_PHYSICAL_CORROBORATION,PRESERVE,NONE,NO_RUNTIME_CLAIM
NOTIFICATIONS,M08,user_id,UUID,NOT NULL; FK→users.id,notifications,user_id,YES,UUID NOT NULL REFERENCES users(id) ON DELETE CASCADE,PRESERVE_EXACT_PHYSICAL_CORROBORATION,PRESERVE_PHYSICAL_CORROBORATION,PRESERVE,NONE,NO_RUNTIME_CLAIM
NOTIFICATIONS,M08,type,TEXT,NOT NULL,notifications,type,YES,"TEXT NOT NULL CHECK (type IN ('approval_status','event_reminder','listing_expiring','certificate_issued','lead_new','lainnya'))",PRESERVE_EXACT_PHYSICAL_CORROBORATION,PRESERVE_PHYSICAL_CORROBORATION,PRESERVE,NONE,NO_RUNTIME_CLAIM
NOTIFICATIONS,M08,title,VARCHAR(200),,notifications,title,YES,VARCHAR(200),PRESERVE_EXACT_PHYSICAL_CORROBORATION,PRESERVE_PHYSICAL_CORROBORATION,PRESERVE,NONE,NO_RUNTIME_CLAIM
NOTIFICATIONS,M08,message,TEXT,,notifications,message,YES,TEXT,PRESERVE_EXACT_PHYSICAL_CORROBORATION,PRESERVE_PHYSICAL_CORROBORATION,PRESERVE,NONE,NO_RUNTIME_CLAIM
NOTIFICATIONS,M08,related_entity_type,VARCHAR(50),,notifications,related_entity_type,YES,VARCHAR(50),PRESERVE_EXACT_PHYSICAL_CORROBORATION,PRESERVE_PHYSICAL_CORROBORATION,PRESERVE,NONE,NO_RUNTIME_CLAIM
NOTIFICATIONS,M08,related_entity_id,UUID,,notifications,related_entity_id,YES,UUID,PRESERVE_EXACT_PHYSICAL_CORROBORATION,PRESERVE_PHYSICAL_CORROBORATION,PRESERVE,NONE,NO_RUNTIME_CLAIM
NOTIFICATIONS,M08,is_read,BOOLEAN,NOT NULL,notifications,is_read,YES,BOOLEAN NOT NULL DEFAULT false,PRESERVE_EXACT_PHYSICAL_CORROBORATION,PRESERVE_PHYSICAL_CORROBORATION,PRESERVE,NONE,NO_RUNTIME_CLAIM
NOTIFICATIONS,M08,created_at,TIMESTAMPTZ,NOT NULL,notifications,created_at,YES,TIMESTAMPTZ NOT NULL DEFAULT now(),PRESERVE_EXACT_PHYSICAL_CORROBORATION,PRESERVE_PHYSICAL_CORROBORATION,PRESERVE,NONE,NO_RUNTIME_CLAIM
ORGANIZATIONS,M12,id,UUID,PK,organizations,id,YES,UUID PRIMARY KEY DEFAULT gen_random_uuid(),PRESERVE_EXACT_PHYSICAL_CORROBORATION,PRESERVE_PHYSICAL_CORROBORATION,PRESERVE,NONE,NO_RUNTIME_CLAIM
ORGANIZATIONS,M12,organization_name,VARCHAR(150),NOT NULL,organizations,organization_name,YES,VARCHAR(150) NOT NULL,PRESERVE_EXACT_PHYSICAL_CORROBORATION,PRESERVE_PHYSICAL_CORROBORATION,PRESERVE,NONE,NO_RUNTIME_CLAIM
ORGANIZATIONS,M12,slug,VARCHAR(170),NOT NULL; UNIQUE,organizations,slug,YES,VARCHAR(170) UNIQUE NOT NULL,PRESERVE_EXACT_PHYSICAL_CORROBORATION,PRESERVE_PHYSICAL_CORROBORATION,PRESERVE,NONE,NO_RUNTIME_CLAIM
ORGANIZATIONS,M12,organization_type,TEXT,NOT NULL,organizations,organization_type,YES,"TEXT NOT NULL CHECK (organization_type IN ('agency','kantor','tim','komunitas'))",PRESERVE_EXACT_PHYSICAL_CORROBORATION,PRESERVE_PHYSICAL_CORROBORATION,PRESERVE,NONE,NO_RUNTIME_CLAIM
ORGANIZATIONS,M12,logo_url,VARCHAR(500),,organizations,logo_url,YES,VARCHAR(500),PRESERVE_EXACT_PHYSICAL_CORROBORATION,PRESERVE_PHYSICAL_CORROBORATION,PRESERVE,NONE,NO_RUNTIME_CLAIM
ORGANIZATIONS,M12,banner_url,VARCHAR(500),,organizations,banner_url,YES,VARCHAR(500),PRESERVE_EXACT_PHYSICAL_CORROBORATION,PRESERVE_PHYSICAL_CORROBORATION,PRESERVE,NONE,NO_RUNTIME_CLAIM
ORGANIZATIONS,M12,description,TEXT,,organizations,description,YES,TEXT,PRESERVE_EXACT_PHYSICAL_CORROBORATION,PRESERVE_PHYSICAL_CORROBORATION,PRESERVE,NONE,NO_RUNTIME_CLAIM
ORGANIZATIONS,M12,website,VARCHAR(255),,organizations,website,YES,VARCHAR(255),PRESERVE_EXACT_PHYSICAL_CORROBORATION,PRESERVE_PHYSICAL_CORROBORATION,PRESERVE,NONE,NO_RUNTIME_CLAIM
ORGANIZATIONS,M12,social_media,JSONB,,organizations,social_media,YES,JSONB,PRESERVE_EXACT_PHYSICAL_CORROBORATION,PRESERVE_PHYSICAL_CORROBORATION,PRESERVE,NONE,NO_RUNTIME_CLAIM
ORGANIZATIONS,M12,address,VARCHAR(500),,organizations,address,YES,VARCHAR(500),PRESERVE_EXACT_PHYSICAL_CORROBORATION,PRESERVE_PHYSICAL_CORROBORATION,PRESERVE,NONE,NO_RUNTIME_CLAIM
ORGANIZATIONS,M12,contact_phone,VARCHAR(20),,organizations,contact_phone,YES,VARCHAR(20),PRESERVE_EXACT_PHYSICAL_CORROBORATION,PRESERVE_PHYSICAL_CORROBORATION,PRESERVE,NONE,NO_RUNTIME_CLAIM
ORGANIZATIONS,M12,created_by,UUID,NOT NULL; FK→users.id,organizations,created_by,YES,UUID NOT NULL REFERENCES users(id) ON DELETE RESTRICT,PRESERVE_EXACT_PHYSICAL_CORROBORATION,PRESERVE_PHYSICAL_CORROBORATION,PRESERVE,NONE,NO_RUNTIME_CLAIM
ORGANIZATIONS,M12,status,TEXT,NOT NULL,organizations,status,YES,"TEXT NOT NULL DEFAULT 'active' CHECK (status IN ('active','closed'))",PRESERVE_EXACT_PHYSICAL_CORROBORATION,PRESERVE_PHYSICAL_CORROBORATION,PRESERVE,NONE,NO_RUNTIME_CLAIM
ORGANIZATIONS,M12,deleted_at,TIMESTAMPTZ,,organizations,deleted_at,YES,TIMESTAMPTZ,PRESERVE_EXACT_PHYSICAL_CORROBORATION,PRESERVE_PHYSICAL_CORROBORATION,PRESERVE,NONE,NO_RUNTIME_CLAIM
ORGANIZATIONS,M12,created_at,TIMESTAMPTZ,NOT NULL,organizations,created_at,YES,TIMESTAMPTZ NOT NULL DEFAULT now(),PRESERVE_EXACT_PHYSICAL_CORROBORATION,PRESERVE_PHYSICAL_CORROBORATION,PRESERVE,NONE,NO_RUNTIME_CLAIM
ORGANIZATIONS,M12,updated_at,TIMESTAMPTZ,NOT NULL,organizations,updated_at,YES,TIMESTAMPTZ NOT NULL DEFAULT now(),PRESERVE_EXACT_PHYSICAL_CORROBORATION,PRESERVE_PHYSICAL_CORROBORATION,PRESERVE,NONE,NO_RUNTIME_CLAIM
REF_DISTRICTS,CORE,id,UUID,PK,ref_districts,id,YES,UUID PRIMARY KEY DEFAULT gen_random_uuid(),PRESERVE_EXACT_PHYSICAL_CORROBORATION,PRESERVE_PHYSICAL_CORROBORATION,PRESERVE,NONE,NO_RUNTIME_CLAIM
REF_DISTRICTS,CORE,city_id,UUID,NOT NULL; FK→ref_cities.id,ref_districts,city_id,YES,UUID NOT NULL REFERENCES ref_cities(id) ON DELETE RESTRICT,PRESERVE_EXACT_PHYSICAL_CORROBORATION,PRESERVE_PHYSICAL_CORROBORATION,PRESERVE,NONE,NO_RUNTIME_CLAIM
REF_DISTRICTS,CORE,code,VARCHAR(10),NOT NULL; UNIQUE,ref_districts,code,YES,VARCHAR(10) UNIQUE NOT NULL,PRESERVE_EXACT_PHYSICAL_CORROBORATION,PRESERVE_PHYSICAL_CORROBORATION,PRESERVE,NONE,NO_RUNTIME_CLAIM
REF_DISTRICTS,CORE,name,VARCHAR(100),NOT NULL,ref_districts,name,YES,VARCHAR(100) NOT NULL,PRESERVE_EXACT_PHYSICAL_CORROBORATION,PRESERVE_PHYSICAL_CORROBORATION,PRESERVE,NONE,NO_RUNTIME_CLAIM
SYSTEM_CONFIGS,M09,id,UUID,PK,system_configs,id,YES,UUID PRIMARY KEY DEFAULT gen_random_uuid(),PRESERVE_EXACT_PHYSICAL_CORROBORATION,PRESERVE_PHYSICAL_CORROBORATION,PRESERVE,NONE,NO_RUNTIME_CLAIM
SYSTEM_CONFIGS,M09,config_key,VARCHAR(100),NOT NULL; UNIQUE,system_configs,config_key,YES,VARCHAR(100) UNIQUE NOT NULL,PRESERVE_EXACT_PHYSICAL_CORROBORATION,PRESERVE_PHYSICAL_CORROBORATION,PRESERVE,NONE,NO_RUNTIME_CLAIM
SYSTEM_CONFIGS,M09,config_value,VARCHAR(255),,system_configs,config_value,YES,VARCHAR(255),PRESERVE_EXACT_PHYSICAL_CORROBORATION,PRESERVE_PHYSICAL_CORROBORATION,PRESERVE,NONE,NO_RUNTIME_CLAIM
SYSTEM_CONFIGS,M09,updated_by,UUID,FK→users.id,system_configs,updated_by,YES,UUID REFERENCES users(id) ON DELETE SET NULL,PRESERVE_EXACT_PHYSICAL_CORROBORATION,PRESERVE_PHYSICAL_CORROBORATION,PRESERVE,NONE,NO_RUNTIME_CLAIM
SYSTEM_CONFIGS,M09,updated_at,TIMESTAMPTZ,NOT NULL,system_configs,updated_at,YES,TIMESTAMPTZ NOT NULL DEFAULT now(),PRESERVE_EXACT_PHYSICAL_CORROBORATION,PRESERVE_PHYSICAL_CORROBORATION,PRESERVE,NONE,NO_RUNTIME_CLAIM
AUDIT_LOGS,M09,id,UUID,PK,audit_logs,id,YES,UUID PRIMARY KEY DEFAULT gen_random_uuid(),PRESERVE_EXACT_PHYSICAL_CORROBORATION,PRESERVE_PHYSICAL_CORROBORATION,PRESERVE,NONE,NO_RUNTIME_CLAIM
AUDIT_LOGS,M09,user_id,UUID,FK→users.id,audit_logs,user_id,YES,UUID REFERENCES users(id) ON DELETE SET NULL,PRESERVE_EXACT_PHYSICAL_CORROBORATION,PRESERVE_PHYSICAL_CORROBORATION,PRESERVE,NONE,NO_RUNTIME_CLAIM
AUDIT_LOGS,M09,action,VARCHAR(100),NOT NULL,audit_logs,action,YES,VARCHAR(100) NOT NULL,PRESERVE_EXACT_PHYSICAL_CORROBORATION,PRESERVE_PHYSICAL_CORROBORATION,PRESERVE,NONE,NO_RUNTIME_CLAIM
AUDIT_LOGS,M09,entity_type,VARCHAR(50),,audit_logs,entity_type,YES,VARCHAR(50),PRESERVE_EXACT_PHYSICAL_CORROBORATION,PRESERVE_PHYSICAL_CORROBORATION,PRESERVE,NONE,NO_RUNTIME_CLAIM
AUDIT_LOGS,M09,entity_id,UUID,,audit_logs,entity_id,YES,UUID,PRESERVE_EXACT_PHYSICAL_CORROBORATION,PRESERVE_PHYSICAL_CORROBORATION,PRESERVE,NONE,NO_RUNTIME_CLAIM
AUDIT_LOGS,M09,organization_id,UUID,FK→organizations.id,audit_logs,organization_id,YES,UUID REFERENCES organizations(id) ON DELETE SET NULL,PRESERVE_EXACT_PHYSICAL_CORROBORATION,PRESERVE_PHYSICAL_CORROBORATION,PRESERVE,NONE,NO_RUNTIME_CLAIM
AUDIT_LOGS,M09,old_value,JSONB,,audit_logs,old_value,YES,JSONB,PRESERVE_EXACT_PHYSICAL_CORROBORATION,PRESERVE_PHYSICAL_CORROBORATION,PRESERVE,NONE,NO_RUNTIME_CLAIM
AUDIT_LOGS,M09,new_value,JSONB,,audit_logs,new_value,YES,JSONB,PRESERVE_EXACT_PHYSICAL_CORROBORATION,PRESERVE_PHYSICAL_CORROBORATION,PRESERVE,NONE,NO_RUNTIME_CLAIM
AUDIT_LOGS,M09,created_at,TIMESTAMPTZ,NOT NULL,audit_logs,created_at,YES,TIMESTAMPTZ NOT NULL DEFAULT now(),PRESERVE_EXACT_PHYSICAL_CORROBORATION,PRESERVE_PHYSICAL_CORROBORATION,PRESERVE,NONE,NO_RUNTIME_CLAIM
CERTIFICATES,M04,id,UUID,PK,certificates,id,YES,UUID PRIMARY KEY DEFAULT gen_random_uuid(),PRESERVE_EXACT_PHYSICAL_CORROBORATION,PRESERVE_PHYSICAL_CORROBORATION,PRESERVE,NONE,NO_RUNTIME_CLAIM
CERTIFICATES,M04,agent_id,UUID,NOT NULL; FK→users.id,certificates,agent_id,YES,UUID NOT NULL REFERENCES users(id) ON DELETE CASCADE,PRESERVE_EXACT_PHYSICAL_CORROBORATION,PRESERVE_PHYSICAL_CORROBORATION,PRESERVE,NONE,NO_RUNTIME_CLAIM
CERTIFICATES,M04,course_id,UUID,NOT NULL; FK→courses.id,certificates,course_id,YES,UUID NOT NULL REFERENCES courses(id) ON DELETE CASCADE,PRESERVE_EXACT_PHYSICAL_CORROBORATION,PRESERVE_PHYSICAL_CORROBORATION,PRESERVE,NONE,NO_RUNTIME_CLAIM
CERTIFICATES,M04,certificate_url,VARCHAR(500),,certificates,certificate_url,YES,VARCHAR(500),PRESERVE_EXACT_PHYSICAL_CORROBORATION,PRESERVE_PHYSICAL_CORROBORATION,PRESERVE,NONE,NO_RUNTIME_CLAIM
CERTIFICATES,M04,issued_at,TIMESTAMPTZ,NOT NULL,certificates,issued_at,YES,TIMESTAMPTZ NOT NULL DEFAULT now(),PRESERVE_EXACT_PHYSICAL_CORROBORATION,PRESERVE_PHYSICAL_CORROBORATION,PRESERVE,NONE,NO_RUNTIME_CLAIM
COURSE_LESSONS,M04,id,UUID,PK,course_lessons,id,YES,UUID PRIMARY KEY DEFAULT gen_random_uuid(),PRESERVE_EXACT_PHYSICAL_CORROBORATION,PRESERVE_PHYSICAL_CORROBORATION,PRESERVE,NONE,NO_RUNTIME_CLAIM
COURSE_LESSONS,M04,course_id,UUID,NOT NULL; FK→courses.id,course_lessons,course_id,YES,UUID NOT NULL REFERENCES courses(id) ON DELETE CASCADE,PRESERVE_EXACT_PHYSICAL_CORROBORATION,PRESERVE_PHYSICAL_CORROBORATION,PRESERVE,NONE,NO_RUNTIME_CLAIM
COURSE_LESSONS,M04,title,VARCHAR(200),,course_lessons,title,YES,VARCHAR(200),PRESERVE_EXACT_PHYSICAL_CORROBORATION,PRESERVE_PHYSICAL_CORROBORATION,PRESERVE,NONE,NO_RUNTIME_CLAIM
COURSE_LESSONS,M04,content_type,TEXT,,course_lessons,content_type,YES,"TEXT CHECK (content_type IN ('video','pdf','slide'))",PRESERVE_EXACT_PHYSICAL_CORROBORATION,PRESERVE_PHYSICAL_CORROBORATION,PRESERVE,NONE,NO_RUNTIME_CLAIM
COURSE_LESSONS,M04,content_url,VARCHAR(500),,course_lessons,content_url,YES,VARCHAR(500),PRESERVE_EXACT_PHYSICAL_CORROBORATION,PRESERVE_PHYSICAL_CORROBORATION,PRESERVE,NONE,NO_RUNTIME_CLAIM
COURSE_LESSONS,M04,sort_order,SMALLINT,NOT NULL,course_lessons,sort_order,YES,SMALLINT NOT NULL DEFAULT 0,PRESERVE_EXACT_PHYSICAL_CORROBORATION,PRESERVE_PHYSICAL_CORROBORATION,PRESERVE,NONE,NO_RUNTIME_CLAIM
DEVELOPER_PROJECTS,M06,id,UUID,PK,developer_projects,id,YES,UUID PRIMARY KEY DEFAULT gen_random_uuid(),PRESERVE_EXACT_PHYSICAL_CORROBORATION,PRESERVE_PHYSICAL_CORROBORATION,PRESERVE,NONE,NO_RUNTIME_CLAIM
DEVELOPER_PROJECTS,M06,developer_id,UUID,NOT NULL; FK→developer_partners.id,developer_projects,developer_id,YES,UUID NOT NULL REFERENCES developer_partners(id) ON DELETE CASCADE,PRESERVE_EXACT_PHYSICAL_CORROBORATION,PRESERVE_PHYSICAL_CORROBORATION,PRESERVE,NONE,NO_RUNTIME_CLAIM
DEVELOPER_PROJECTS,M06,name,VARCHAR(200),NOT NULL,developer_projects,name,YES,VARCHAR(200) NOT NULL,PRESERVE_EXACT_PHYSICAL_CORROBORATION,PRESERVE_PHYSICAL_CORROBORATION,PRESERVE,NONE,NO_RUNTIME_CLAIM
DEVELOPER_PROJECTS,M06,slug,VARCHAR(220),NOT NULL; UNIQUE,developer_projects,slug,YES,VARCHAR(220) UNIQUE NOT NULL,PRESERVE_EXACT_PHYSICAL_CORROBORATION,PRESERVE_PHYSICAL_CORROBORATION,PRESERVE,NONE,NO_RUNTIME_CLAIM
DEVELOPER_PROJECTS,M06,meta_title,VARCHAR(70),,developer_projects,meta_title,YES,VARCHAR(70),PRESERVE_EXACT_PHYSICAL_CORROBORATION,PRESERVE_PHYSICAL_CORROBORATION,PRESERVE,NONE,NO_RUNTIME_CLAIM
DEVELOPER_PROJECTS,M06,meta_description,VARCHAR(160),,developer_projects,meta_description,YES,VARCHAR(160),PRESERVE_EXACT_PHYSICAL_CORROBORATION,PRESERVE_PHYSICAL_CORROBORATION,PRESERVE,NONE,NO_RUNTIME_CLAIM
DEVELOPER_PROJECTS,M06,location,VARCHAR(255),,developer_projects,location,YES,VARCHAR(255),PRESERVE_EXACT_PHYSICAL_CORROBORATION,PRESERVE_PHYSICAL_CORROBORATION,PRESERVE,NONE,NO_RUNTIME_CLAIM
DEVELOPER_PROJECTS,M06,city_id,UUID,NOT NULL; FK→ref_cities.id,developer_projects,city_id,YES,UUID NOT NULL REFERENCES ref_cities(id) ON DELETE RESTRICT,PRESERVE_EXACT_PHYSICAL_CORROBORATION,PRESERVE_PHYSICAL_CORROBORATION,PRESERVE,NONE,NO_RUNTIME_CLAIM
DEVELOPER_PROJECTS,M06,property_type,TEXT,,developer_projects,property_type,YES,"TEXT CHECK (property_type IN ('rumah','apartemen','ruko','tanah','gudang','kavling','lainnya'))",PRESERVE_EXACT_PHYSICAL_CORROBORATION,PRESERVE_PHYSICAL_CORROBORATION,PRESERVE,NONE,NO_RUNTIME_CLAIM
DEVELOPER_PROJECTS,M06,price_min,"DECIMAL(18,2)",,developer_projects,price_min,YES,"DECIMAL(18,2)",PRESERVE_EXACT_PHYSICAL_CORROBORATION,PRESERVE_PHYSICAL_CORROBORATION,PRESERVE,NONE,NO_RUNTIME_CLAIM
DEVELOPER_PROJECTS,M06,price_max,"DECIMAL(18,2)",,developer_projects,price_max,YES,"DECIMAL(18,2)",PRESERVE_EXACT_PHYSICAL_CORROBORATION,PRESERVE_PHYSICAL_CORROBORATION,PRESERVE,NONE,NO_RUNTIME_CLAIM
DEVELOPER_PROJECTS,M06,unit_availability,INT,,developer_projects,unit_availability,YES,INT,PRESERVE_EXACT_PHYSICAL_CORROBORATION,PRESERVE_PHYSICAL_CORROBORATION,PRESERVE,NONE,NO_RUNTIME_CLAIM
DEVELOPER_PROJECTS,M06,commission_scheme,VARCHAR(255),,developer_projects,commission_scheme,YES,VARCHAR(255),PRESERVE_EXACT_PHYSICAL_CORROBORATION,PRESERVE_PHYSICAL_CORROBORATION,PRESERVE,NONE,NO_RUNTIME_CLAIM
DEVELOPER_PROJECTS,M06,is_exclusive_by_region,BOOLEAN,NOT NULL,developer_projects,is_exclusive_by_region,YES,BOOLEAN NOT NULL DEFAULT false,PRESERVE_EXACT_PHYSICAL_CORROBORATION,PRESERVE_PHYSICAL_CORROBORATION,PRESERVE,NONE,NO_RUNTIME_CLAIM
DEVELOPER_PROJECTS,M06,status,TEXT,NOT NULL,developer_projects,status,YES,"TEXT NOT NULL DEFAULT 'coming_soon'
                          CHECK (status IN ('active','coming_soon','sold_out','inactive'))",PRESERVE_EXACT_PHYSICAL_CORROBORATION,PRESERVE_PHYSICAL_CORROBORATION,PRESERVE,NONE,NO_RUNTIME_CLAIM
DEVELOPER_PROJECTS,M06,created_at,TIMESTAMPTZ,NOT NULL,developer_projects,created_at,YES,TIMESTAMPTZ NOT NULL DEFAULT now(),PRESERVE_EXACT_PHYSICAL_CORROBORATION,PRESERVE_PHYSICAL_CORROBORATION,PRESERVE,NONE,NO_RUNTIME_CLAIM
DEVELOPER_PROJECTS,M06,updated_at,TIMESTAMPTZ,NOT NULL,developer_projects,updated_at,YES,TIMESTAMPTZ NOT NULL DEFAULT now(),PRESERVE_EXACT_PHYSICAL_CORROBORATION,PRESERVE_PHYSICAL_CORROBORATION,PRESERVE,NONE,NO_RUNTIME_CLAIM
ENROLLMENTS,M04,id,UUID,PK,enrollments,id,YES,UUID PRIMARY KEY DEFAULT gen_random_uuid(),PRESERVE_EXACT_PHYSICAL_CORROBORATION,PRESERVE_PHYSICAL_CORROBORATION,PRESERVE,NONE,NO_RUNTIME_CLAIM
ENROLLMENTS,M04,agent_id,UUID,NOT NULL; FK→users.id,enrollments,agent_id,YES,UUID NOT NULL REFERENCES users(id) ON DELETE CASCADE,PRESERVE_EXACT_PHYSICAL_CORROBORATION,PRESERVE_PHYSICAL_CORROBORATION,PRESERVE,NONE,NO_RUNTIME_CLAIM
ENROLLMENTS,M04,course_id,UUID,NOT NULL; FK→courses.id,enrollments,course_id,YES,UUID NOT NULL REFERENCES courses(id) ON DELETE CASCADE,PRESERVE_EXACT_PHYSICAL_CORROBORATION,PRESERVE_PHYSICAL_CORROBORATION,PRESERVE,NONE,NO_RUNTIME_CLAIM
ENROLLMENTS,M04,status,TEXT,NOT NULL,enrollments,status,YES,"TEXT NOT NULL DEFAULT 'in_progress' CHECK (status IN ('in_progress','completed'))",PRESERVE_EXACT_PHYSICAL_CORROBORATION,PRESERVE_PHYSICAL_CORROBORATION,PRESERVE,NONE,NO_RUNTIME_CLAIM
ENROLLMENTS,M04,progress_percent,SMALLINT,NOT NULL,enrollments,progress_percent,YES,SMALLINT NOT NULL DEFAULT 0,PRESERVE_EXACT_PHYSICAL_CORROBORATION,PRESERVE_PHYSICAL_CORROBORATION,PRESERVE,NONE,NO_RUNTIME_CLAIM
ENROLLMENTS,M04,enrolled_at,TIMESTAMPTZ,NOT NULL,enrollments,enrolled_at,YES,TIMESTAMPTZ NOT NULL DEFAULT now(),PRESERVE_EXACT_PHYSICAL_CORROBORATION,PRESERVE_PHYSICAL_CORROBORATION,PRESERVE,NONE,NO_RUNTIME_CLAIM
ENROLLMENTS,M04,completed_at,TIMESTAMPTZ,,enrollments,completed_at,YES,TIMESTAMPTZ,PRESERVE_EXACT_PHYSICAL_CORROBORATION,PRESERVE_PHYSICAL_CORROBORATION,PRESERVE,NONE,NO_RUNTIME_CLAIM
ORGANIZATION_INVITATIONS,M12,id,UUID,PK,organization_invitations,id,YES,UUID PRIMARY KEY DEFAULT gen_random_uuid(),PRESERVE_EXACT_PHYSICAL_CORROBORATION,PRESERVE_PHYSICAL_CORROBORATION,PRESERVE,NONE,NO_RUNTIME_CLAIM
ORGANIZATION_INVITATIONS,M12,organization_id,UUID,NOT NULL; FK→organizations.id,organization_invitations,organization_id,YES,UUID NOT NULL REFERENCES organizations(id) ON DELETE CASCADE,PRESERVE_EXACT_PHYSICAL_CORROBORATION,PRESERVE_PHYSICAL_CORROBORATION,PRESERVE,NONE,NO_RUNTIME_CLAIM
ORGANIZATION_INVITATIONS,M12,agent_id,UUID,NOT NULL; FK→users.id,organization_invitations,agent_id,YES,UUID NOT NULL REFERENCES users(id) ON DELETE CASCADE,PRESERVE_EXACT_PHYSICAL_CORROBORATION,PRESERVE_PHYSICAL_CORROBORATION,PRESERVE,NONE,NO_RUNTIME_CLAIM
ORGANIZATION_INVITATIONS,M12,leader_id,UUID,NOT NULL; FK→users.id,organization_invitations,leader_id,YES,UUID NOT NULL REFERENCES users(id) ON DELETE CASCADE,PRESERVE_EXACT_PHYSICAL_CORROBORATION,PRESERVE_PHYSICAL_CORROBORATION,PRESERVE,NONE,NO_RUNTIME_CLAIM
ORGANIZATION_INVITATIONS,M12,initiated_by_type,TEXT,NOT NULL,organization_invitations,initiated_by_type,YES,"TEXT NOT NULL CHECK (initiated_by_type IN ('leader_invite','agent_request'))",PRESERVE_EXACT_PHYSICAL_CORROBORATION,PRESERVE_PHYSICAL_CORROBORATION,PRESERVE,NONE,NO_RUNTIME_CLAIM
ORGANIZATION_INVITATIONS,M12,status,TEXT,NOT NULL,organization_invitations,status,YES,"TEXT NOT NULL DEFAULT 'pending'
                        CHECK (status IN ('pending','accepted','rejected','ignored','expired','cancelled'))",PRESERVE_EXACT_PHYSICAL_CORROBORATION,PRESERVE_PHYSICAL_CORROBORATION,PRESERVE,NONE,NO_RUNTIME_CLAIM
ORGANIZATION_INVITATIONS,M12,responded_at,TIMESTAMPTZ,,organization_invitations,responded_at,YES,TIMESTAMPTZ,PRESERVE_EXACT_PHYSICAL_CORROBORATION,PRESERVE_PHYSICAL_CORROBORATION,PRESERVE,NONE,NO_RUNTIME_CLAIM
ORGANIZATION_INVITATIONS,M12,expires_at,TIMESTAMPTZ,,organization_invitations,expires_at,YES,TIMESTAMPTZ,PRESERVE_EXACT_PHYSICAL_CORROBORATION,PRESERVE_PHYSICAL_CORROBORATION,PRESERVE,NONE,NO_RUNTIME_CLAIM
ORGANIZATION_INVITATIONS,M12,created_at,TIMESTAMPTZ,NOT NULL,organization_invitations,created_at,YES,TIMESTAMPTZ NOT NULL DEFAULT now(),PRESERVE_EXACT_PHYSICAL_CORROBORATION,PRESERVE_PHYSICAL_CORROBORATION,PRESERVE,NONE,NO_RUNTIME_CLAIM
ORGANIZATION_MEMBERS,M12,id,UUID,PK,organization_members,id,YES,UUID PRIMARY KEY DEFAULT gen_random_uuid(),PRESERVE_EXACT_PHYSICAL_CORROBORATION,PRESERVE_PHYSICAL_CORROBORATION,PRESERVE,NONE,NO_RUNTIME_CLAIM
ORGANIZATION_MEMBERS,M12,organization_id,UUID,NOT NULL; FK→organizations.id,organization_members,organization_id,YES,UUID NOT NULL REFERENCES organizations(id) ON DELETE CASCADE,PRESERVE_EXACT_PHYSICAL_CORROBORATION,PRESERVE_PHYSICAL_CORROBORATION,PRESERVE,NONE,NO_RUNTIME_CLAIM
ORGANIZATION_MEMBERS,M12,agent_id,UUID,NOT NULL; FK→users.id,organization_members,agent_id,YES,UUID NOT NULL REFERENCES users(id) ON DELETE CASCADE,PRESERVE_EXACT_PHYSICAL_CORROBORATION,PRESERVE_PHYSICAL_CORROBORATION,PRESERVE,NONE,NO_RUNTIME_CLAIM
ORGANIZATION_MEMBERS,M12,role,TEXT,NOT NULL,organization_members,role,YES,"TEXT NOT NULL CHECK (role IN ('leader','member'))",PRESERVE_EXACT_PHYSICAL_CORROBORATION,PRESERVE_PHYSICAL_CORROBORATION,PRESERVE,NONE,NO_RUNTIME_CLAIM
ORGANIZATION_MEMBERS,M12,status,TEXT,NOT NULL,organization_members,status,YES,"TEXT NOT NULL DEFAULT 'active' CHECK (status IN ('active','left','removed'))",PRESERVE_EXACT_PHYSICAL_CORROBORATION,PRESERVE_PHYSICAL_CORROBORATION,PRESERVE,NONE,NO_RUNTIME_CLAIM
ORGANIZATION_MEMBERS,M12,joined_at,TIMESTAMPTZ,NOT NULL,organization_members,joined_at,YES,TIMESTAMPTZ NOT NULL DEFAULT now(),PRESERVE_EXACT_PHYSICAL_CORROBORATION,PRESERVE_PHYSICAL_CORROBORATION,PRESERVE,NONE,NO_RUNTIME_CLAIM
ORGANIZATION_MEMBERS,M12,left_at,TIMESTAMPTZ,,organization_members,left_at,YES,TIMESTAMPTZ,PRESERVE_EXACT_PHYSICAL_CORROBORATION,PRESERVE_PHYSICAL_CORROBORATION,PRESERVE,NONE,NO_RUNTIME_CLAIM
QUIZZES,M04,id,UUID,PK,quizzes,id,YES,UUID PRIMARY KEY DEFAULT gen_random_uuid(),PRESERVE_EXACT_PHYSICAL_CORROBORATION,PRESERVE_PHYSICAL_CORROBORATION,PRESERVE,NONE,NO_RUNTIME_CLAIM
QUIZZES,M04,course_id,UUID,NOT NULL; FK→courses.id,quizzes,course_id,YES,UUID NOT NULL REFERENCES courses(id) ON DELETE CASCADE,PRESERVE_EXACT_PHYSICAL_CORROBORATION,PRESERVE_PHYSICAL_CORROBORATION,PRESERVE,NONE,NO_RUNTIME_CLAIM
QUIZZES,M04,title,VARCHAR(200),,quizzes,title,YES,VARCHAR(200),PRESERVE_EXACT_PHYSICAL_CORROBORATION,PRESERVE_PHYSICAL_CORROBORATION,PRESERVE,NONE,NO_RUNTIME_CLAIM
REF_VILLAGES,CORE,id,UUID,PK,ref_villages,id,YES,UUID PRIMARY KEY DEFAULT gen_random_uuid(),PRESERVE_EXACT_PHYSICAL_CORROBORATION,PRESERVE_PHYSICAL_CORROBORATION,PRESERVE,NONE,NO_RUNTIME_CLAIM
REF_VILLAGES,CORE,district_id,UUID,NOT NULL; FK→ref_districts.id,ref_villages,district_id,YES,UUID NOT NULL REFERENCES ref_districts(id) ON DELETE RESTRICT,PRESERVE_EXACT_PHYSICAL_CORROBORATION,PRESERVE_PHYSICAL_CORROBORATION,PRESERVE,NONE,NO_RUNTIME_CLAIM
REF_VILLAGES,CORE,code,VARCHAR(10),NOT NULL; UNIQUE,ref_villages,code,YES,VARCHAR(10) UNIQUE NOT NULL,PRESERVE_EXACT_PHYSICAL_CORROBORATION,PRESERVE_PHYSICAL_CORROBORATION,PRESERVE,NONE,NO_RUNTIME_CLAIM
REF_VILLAGES,CORE,name,VARCHAR(100),NOT NULL,ref_villages,name,YES,VARCHAR(100) NOT NULL,PRESERVE_EXACT_PHYSICAL_CORROBORATION,PRESERVE_PHYSICAL_CORROBORATION,PRESERVE,NONE,NO_RUNTIME_CLAIM
REF_VILLAGES,CORE,postal_code,VARCHAR(6),,ref_villages,postal_code,YES,VARCHAR(6),PRESERVE_EXACT_PHYSICAL_CORROBORATION,PRESERVE_PHYSICAL_CORROBORATION,PRESERVE,NONE,NO_RUNTIME_CLAIM
AGENT_PROJECT_CLAIMS,M06,id,UUID,PK,agent_project_claims,id,YES,UUID PRIMARY KEY DEFAULT gen_random_uuid(),PRESERVE_EXACT_PHYSICAL_CORROBORATION,PRESERVE_PHYSICAL_CORROBORATION,PRESERVE,NONE,NO_RUNTIME_CLAIM
AGENT_PROJECT_CLAIMS,M06,agent_id,UUID,NOT NULL; FK→users.id,agent_project_claims,agent_id,YES,UUID NOT NULL REFERENCES users(id) ON DELETE CASCADE,PRESERVE_EXACT_PHYSICAL_CORROBORATION,PRESERVE_PHYSICAL_CORROBORATION,PRESERVE,NONE,NO_RUNTIME_CLAIM
AGENT_PROJECT_CLAIMS,M06,project_id,UUID,NOT NULL; FK→developer_projects.id,agent_project_claims,project_id,YES,UUID NOT NULL REFERENCES developer_projects(id) ON DELETE CASCADE,PRESERVE_EXACT_PHYSICAL_CORROBORATION,PRESERVE_PHYSICAL_CORROBORATION,PRESERVE,NONE,NO_RUNTIME_CLAIM
AGENT_PROJECT_CLAIMS,M06,claimed_at,TIMESTAMPTZ,NOT NULL,agent_project_claims,claimed_at,YES,TIMESTAMPTZ NOT NULL DEFAULT now(),PRESERVE_EXACT_PHYSICAL_CORROBORATION,PRESERVE_PHYSICAL_CORROBORATION,PRESERVE,NONE,NO_RUNTIME_CLAIM
DEVELOPER_PROJECT_MEDIA,M06,id,UUID,PK,developer_project_media,id,YES,UUID PRIMARY KEY DEFAULT gen_random_uuid(),PRESERVE_EXACT_PHYSICAL_CORROBORATION,PRESERVE_PHYSICAL_CORROBORATION,PRESERVE,NONE,NO_RUNTIME_CLAIM
DEVELOPER_PROJECT_MEDIA,M06,project_id,UUID,NOT NULL; FK→developer_projects.id,developer_project_media,project_id,YES,UUID NOT NULL REFERENCES developer_projects(id) ON DELETE CASCADE,PRESERVE_EXACT_PHYSICAL_CORROBORATION,PRESERVE_PHYSICAL_CORROBORATION,PRESERVE,NONE,NO_RUNTIME_CLAIM
DEVELOPER_PROJECT_MEDIA,M06,type,TEXT,NOT NULL,developer_project_media,type,YES,"TEXT NOT NULL CHECK (type IN ('photo','video','brochure','price_list'))",PRESERVE_EXACT_PHYSICAL_CORROBORATION,PRESERVE_PHYSICAL_CORROBORATION,PRESERVE,NONE,NO_RUNTIME_CLAIM
DEVELOPER_PROJECT_MEDIA,M06,url,VARCHAR(500),NOT NULL,developer_project_media,url,YES,VARCHAR(500) NOT NULL,PRESERVE_EXACT_PHYSICAL_CORROBORATION,PRESERVE_PHYSICAL_CORROBORATION,PRESERVE,NONE,NO_RUNTIME_CLAIM
EVENTS,M05,id,UUID,PK,events,id,YES,UUID PRIMARY KEY DEFAULT gen_random_uuid(),PRESERVE_EXACT_PHYSICAL_CORROBORATION,PRESERVE_PHYSICAL_CORROBORATION,PRESERVE,NONE,NO_RUNTIME_CLAIM
EVENTS,M05,title,VARCHAR(200),NOT NULL,events,title,YES,VARCHAR(200) NOT NULL,PRESERVE_EXACT_PHYSICAL_CORROBORATION,PRESERVE_PHYSICAL_CORROBORATION,PRESERVE,NONE,NO_RUNTIME_CLAIM
EVENTS,M05,category,TEXT,NOT NULL,events,category,YES,"TEXT NOT NULL CHECK (category IN ('training','launching_proyek','open_house','gathering'))",PRESERVE_EXACT_PHYSICAL_CORROBORATION,PRESERVE_PHYSICAL_CORROBORATION,PRESERVE,NONE,NO_RUNTIME_CLAIM
EVENTS,M05,description,TEXT,,events,description,YES,TEXT,PRESERVE_EXACT_PHYSICAL_CORROBORATION,PRESERVE_PHYSICAL_CORROBORATION,PRESERVE,NONE,NO_RUNTIME_CLAIM
EVENTS,M05,is_online,BOOLEAN,NOT NULL,events,is_online,YES,BOOLEAN NOT NULL DEFAULT false,PRESERVE_EXACT_PHYSICAL_CORROBORATION,PRESERVE_PHYSICAL_CORROBORATION,PRESERVE,NONE,NO_RUNTIME_CLAIM
EVENTS,M05,location,VARCHAR(255),,events,location,YES,VARCHAR(255),PRESERVE_EXACT_PHYSICAL_CORROBORATION,PRESERVE_PHYSICAL_CORROBORATION,PRESERVE,NONE,NO_RUNTIME_CLAIM
EVENTS,M05,meeting_link,VARCHAR(500),,events,meeting_link,YES,VARCHAR(500),PRESERVE_EXACT_PHYSICAL_CORROBORATION,PRESERVE_PHYSICAL_CORROBORATION,PRESERVE,NONE,NO_RUNTIME_CLAIM
EVENTS,M05,host,VARCHAR(150),,events,host,YES,VARCHAR(150),PRESERVE_EXACT_PHYSICAL_CORROBORATION,PRESERVE_PHYSICAL_CORROBORATION,PRESERVE,NONE,NO_RUNTIME_CLAIM
EVENTS,M05,quota,INT,,events,quota,YES,INT,PRESERVE_EXACT_PHYSICAL_CORROBORATION,PRESERVE_PHYSICAL_CORROBORATION,PRESERVE,NONE,NO_RUNTIME_CLAIM
EVENTS,M05,related_course_id,UUID,FK→courses.id,events,related_course_id,YES,UUID REFERENCES courses(id) ON DELETE SET NULL,PRESERVE_EXACT_PHYSICAL_CORROBORATION,PRESERVE_PHYSICAL_CORROBORATION,PRESERVE,NONE,NO_RUNTIME_CLAIM
EVENTS,M05,related_project_id,UUID,FK→developer_projects.id,events,related_project_id,YES,UUID REFERENCES developer_projects(id) ON DELETE SET NULL,PRESERVE_EXACT_PHYSICAL_CORROBORATION,PRESERVE_PHYSICAL_CORROBORATION,PRESERVE,NONE,NO_RUNTIME_CLAIM
EVENTS,M05,submitted_by,UUID,FK→users.id,events,submitted_by,YES,UUID REFERENCES users(id) ON DELETE SET NULL,PRESERVE_EXACT_PHYSICAL_CORROBORATION,PRESERVE_PHYSICAL_CORROBORATION,PRESERVE,NONE,NO_RUNTIME_CLAIM
EVENTS,M05,status,TEXT,NOT NULL,events,status,YES,"TEXT NOT NULL DEFAULT 'pending_approval'
                        CHECK (status IN ('pending_approval','published','rejected','cancelled'))",PRESERVE_EXACT_PHYSICAL_CORROBORATION,PRESERVE_PHYSICAL_CORROBORATION,PRESERVE,NONE,NO_RUNTIME_CLAIM
EVENTS,M05,start_at,TIMESTAMPTZ,NOT NULL,events,start_at,YES,TIMESTAMPTZ NOT NULL,PRESERVE_EXACT_PHYSICAL_CORROBORATION,PRESERVE_PHYSICAL_CORROBORATION,PRESERVE,NONE,NO_RUNTIME_CLAIM
EVENTS,M05,end_at,TIMESTAMPTZ,,events,end_at,YES,TIMESTAMPTZ,PRESERVE_EXACT_PHYSICAL_CORROBORATION,PRESERVE_PHYSICAL_CORROBORATION,PRESERVE,NONE,NO_RUNTIME_CLAIM
EVENTS,M05,deleted_at,TIMESTAMPTZ,,events,deleted_at,YES,TIMESTAMPTZ,PRESERVE_EXACT_PHYSICAL_CORROBORATION,PRESERVE_PHYSICAL_CORROBORATION,PRESERVE,NONE,NO_RUNTIME_CLAIM
EVENTS,M05,created_at,TIMESTAMPTZ,NOT NULL,events,created_at,YES,TIMESTAMPTZ NOT NULL DEFAULT now(),PRESERVE_EXACT_PHYSICAL_CORROBORATION,PRESERVE_PHYSICAL_CORROBORATION,PRESERVE,NONE,NO_RUNTIME_CLAIM
EVENTS,M05,updated_at,TIMESTAMPTZ,NOT NULL,events,updated_at,YES,TIMESTAMPTZ NOT NULL DEFAULT now(),PRESERVE_EXACT_PHYSICAL_CORROBORATION,PRESERVE_PHYSICAL_CORROBORATION,PRESERVE,NONE,NO_RUNTIME_CLAIM
LISTINGS,M03,id,UUID,PK,listings,id,YES,UUID PRIMARY KEY DEFAULT gen_random_uuid(),PRESERVE_EXACT_PHYSICAL_CORROBORATION,PRESERVE_PHYSICAL_CORROBORATION,PRESERVE,NONE,NO_RUNTIME_CLAIM
LISTINGS,M03,agent_id,UUID,NOT NULL; FK→users.id,listings,agent_id,YES,UUID NOT NULL REFERENCES users(id) ON DELETE RESTRICT,PRESERVE_EXACT_PHYSICAL_CORROBORATION,PRESERVE_PHYSICAL_CORROBORATION,PRESERVE,NONE,NO_RUNTIME_CLAIM
LISTINGS,M03,developer_project_id,UUID,FK→developer_projects.id,listings,developer_project_id,YES,UUID REFERENCES developer_projects(id) ON DELETE SET NULL,PRESERVE_EXACT_PHYSICAL_CORROBORATION,PRESERVE_PHYSICAL_CORROBORATION,PRESERVE,NONE,NO_RUNTIME_CLAIM
LISTINGS,M03,organization_id,UUID,FK→organizations.id,listings,organization_id,YES,UUID REFERENCES organizations(id) ON DELETE SET NULL,PRESERVE_EXACT_PHYSICAL_CORROBORATION,PRESERVE_PHYSICAL_CORROBORATION,PRESERVE,NONE,NO_RUNTIME_CLAIM
LISTINGS,M03,listing_context,TEXT,NOT NULL,listings,listing_context,YES,"TEXT NOT NULL DEFAULT 'personal' CHECK (listing_context IN ('personal','organization'))",PRESERVE_EXACT_PHYSICAL_CORROBORATION,PRESERVE_PHYSICAL_CORROBORATION,PRESERVE,NONE,NO_RUNTIME_CLAIM
LISTINGS,M03,category,TEXT,NOT NULL,listings,category,YES,"TEXT NOT NULL CHECK (category IN ('primary','secondary'))",PRESERVE_EXACT_PHYSICAL_CORROBORATION,PRESERVE_PHYSICAL_CORROBORATION,PRESERVE,NONE,NO_RUNTIME_CLAIM
LISTINGS,M03,transaction_type,TEXT,NOT NULL,listings,transaction_type,YES,"TEXT NOT NULL CHECK (transaction_type IN ('sale','rent'))",PRESERVE_EXACT_PHYSICAL_CORROBORATION,PRESERVE_PHYSICAL_CORROBORATION,PRESERVE,NONE,NO_RUNTIME_CLAIM
LISTINGS,M03,title,VARCHAR(200),NOT NULL,listings,title,YES,VARCHAR(200) NOT NULL,PRESERVE_EXACT_PHYSICAL_CORROBORATION,PRESERVE_PHYSICAL_CORROBORATION,PRESERVE,NONE,NO_RUNTIME_CLAIM
LISTINGS,M03,slug,VARCHAR(220),NOT NULL; UNIQUE,listings,slug,YES,VARCHAR(220) UNIQUE NOT NULL,PRESERVE_EXACT_PHYSICAL_CORROBORATION,PRESERVE_PHYSICAL_CORROBORATION,PRESERVE,NONE,NO_RUNTIME_CLAIM
LISTINGS,M03,meta_title,VARCHAR(70),,listings,meta_title,YES,VARCHAR(70),PRESERVE_EXACT_PHYSICAL_CORROBORATION,PRESERVE_PHYSICAL_CORROBORATION,PRESERVE,NONE,NO_RUNTIME_CLAIM
LISTINGS,M03,meta_description,VARCHAR(160),,listings,meta_description,YES,VARCHAR(160),PRESERVE_EXACT_PHYSICAL_CORROBORATION,PRESERVE_PHYSICAL_CORROBORATION,PRESERVE,NONE,NO_RUNTIME_CLAIM
LISTINGS,M03,description,TEXT,,listings,description,YES,TEXT,PRESERVE_EXACT_PHYSICAL_CORROBORATION,PRESERVE_PHYSICAL_CORROBORATION,PRESERVE,NONE,NO_RUNTIME_CLAIM
LISTINGS,M03,property_type,TEXT,NOT NULL,listings,property_type,YES,"TEXT NOT NULL CHECK (property_type IN ('rumah','apartemen','ruko','tanah','gudang','kavling','lainnya'))",PRESERVE_EXACT_PHYSICAL_CORROBORATION,PRESERVE_PHYSICAL_CORROBORATION,PRESERVE,NONE,NO_RUNTIME_CLAIM
LISTINGS,M03,price,"DECIMAL(18,2)",NOT NULL,listings,price,YES,"DECIMAL(18,2) NOT NULL",PRESERVE_EXACT_PHYSICAL_CORROBORATION,PRESERVE_PHYSICAL_CORROBORATION,PRESERVE,NONE,NO_RUNTIME_CLAIM
LISTINGS,M03,price_unit,TEXT,,listings,price_unit,YES,"TEXT CHECK (price_unit IN ('total','per_bulan','per_tahun'))",PRESERVE_EXACT_PHYSICAL_CORROBORATION,PRESERVE_PHYSICAL_CORROBORATION,PRESERVE,NONE,NO_RUNTIME_CLAIM
LISTINGS,M03,is_negotiable,BOOLEAN,NOT NULL,listings,is_negotiable,YES,BOOLEAN NOT NULL DEFAULT false,PRESERVE_EXACT_PHYSICAL_CORROBORATION,PRESERVE_PHYSICAL_CORROBORATION,PRESERVE,NONE,NO_RUNTIME_CLAIM
LISTINGS,M03,address,VARCHAR(500),NOT NULL,listings,address,YES,VARCHAR(500) NOT NULL,PRESERVE_EXACT_PHYSICAL_CORROBORATION,PRESERVE_PHYSICAL_CORROBORATION,PRESERVE,NONE,NO_RUNTIME_CLAIM
LISTINGS,M03,province_id,UUID,NOT NULL; FK→ref_provinces.id,listings,province_id,YES,UUID NOT NULL REFERENCES ref_provinces(id) ON DELETE RESTRICT,PRESERVE_EXACT_PHYSICAL_CORROBORATION,PRESERVE_PHYSICAL_CORROBORATION,PRESERVE,NONE,NO_RUNTIME_CLAIM
LISTINGS,M03,city_id,UUID,NOT NULL; FK→ref_cities.id,listings,city_id,YES,UUID NOT NULL REFERENCES ref_cities(id) ON DELETE RESTRICT,PRESERVE_EXACT_PHYSICAL_CORROBORATION,PRESERVE_PHYSICAL_CORROBORATION,PRESERVE,NONE,NO_RUNTIME_CLAIM
LISTINGS,M03,district_id,UUID,NOT NULL; FK→ref_districts.id,listings,district_id,YES,UUID NOT NULL REFERENCES ref_districts(id) ON DELETE RESTRICT,PRESERVE_EXACT_PHYSICAL_CORROBORATION,PRESERVE_PHYSICAL_CORROBORATION,PRESERVE,NONE,NO_RUNTIME_CLAIM
LISTINGS,M03,area_keyword,VARCHAR(20),,listings,area_keyword,YES,VARCHAR(20),PRESERVE_EXACT_PHYSICAL_CORROBORATION,PRESERVE_PHYSICAL_CORROBORATION,PRESERVE,NONE,NO_RUNTIME_CLAIM
LISTINGS,M03,latitude,"DECIMAL(10,7)",,listings,latitude,YES,"DECIMAL(10,7)",PRESERVE_EXACT_PHYSICAL_CORROBORATION,PRESERVE_PHYSICAL_CORROBORATION,PRESERVE,NONE,NO_RUNTIME_CLAIM
LISTINGS,M03,longitude,"DECIMAL(10,7)",,listings,longitude,YES,"DECIMAL(10,7)",PRESERVE_EXACT_PHYSICAL_CORROBORATION,PRESERVE_PHYSICAL_CORROBORATION,PRESERVE,NONE,NO_RUNTIME_CLAIM
LISTINGS,M03,land_area,"DECIMAL(10,2)",,listings,land_area,YES,"DECIMAL(10,2)",PRESERVE_EXACT_PHYSICAL_CORROBORATION,PRESERVE_PHYSICAL_CORROBORATION,PRESERVE,NONE,NO_RUNTIME_CLAIM
LISTINGS,M03,building_area,"DECIMAL(10,2)",,listings,building_area,YES,"DECIMAL(10,2)",PRESERVE_EXACT_PHYSICAL_CORROBORATION,PRESERVE_PHYSICAL_CORROBORATION,PRESERVE,NONE,NO_RUNTIME_CLAIM
LISTINGS,M03,bedrooms,SMALLINT,,listings,bedrooms,YES,SMALLINT,PRESERVE_EXACT_PHYSICAL_CORROBORATION,PRESERVE_PHYSICAL_CORROBORATION,PRESERVE,NONE,NO_RUNTIME_CLAIM
LISTINGS,M03,bathrooms,SMALLINT,,listings,bathrooms,YES,SMALLINT,PRESERVE_EXACT_PHYSICAL_CORROBORATION,PRESERVE_PHYSICAL_CORROBORATION,PRESERVE,NONE,NO_RUNTIME_CLAIM
LISTINGS,M03,floors,SMALLINT,,listings,floors,YES,SMALLINT,PRESERVE_EXACT_PHYSICAL_CORROBORATION,PRESERVE_PHYSICAL_CORROBORATION,PRESERVE,NONE,NO_RUNTIME_CLAIM
LISTINGS,M03,carport_capacity,SMALLINT,,listings,carport_capacity,YES,SMALLINT,PRESERVE_EXACT_PHYSICAL_CORROBORATION,PRESERVE_PHYSICAL_CORROBORATION,PRESERVE,NONE,NO_RUNTIME_CLAIM
LISTINGS,M03,electrical_power,INT,,listings,electrical_power,YES,INT,PRESERVE_EXACT_PHYSICAL_CORROBORATION,PRESERVE_PHYSICAL_CORROBORATION,PRESERVE,NONE,NO_RUNTIME_CLAIM
LISTINGS,M03,water_source,TEXT,,listings,water_source,YES,"TEXT CHECK (water_source IN ('pdam','sumur','lainnya'))",PRESERVE_EXACT_PHYSICAL_CORROBORATION,PRESERVE_PHYSICAL_CORROBORATION,PRESERVE,NONE,NO_RUNTIME_CLAIM
LISTINGS,M03,furnishing,TEXT,,listings,furnishing,YES,"TEXT CHECK (furnishing IN ('unfurnished','semi_furnished','fully_furnished'))",PRESERVE_EXACT_PHYSICAL_CORROBORATION,PRESERVE_PHYSICAL_CORROBORATION,PRESERVE,NONE,NO_RUNTIME_CLAIM
LISTINGS,M03,year_built,SMALLINT,,listings,year_built,YES,SMALLINT,PRESERVE_EXACT_PHYSICAL_CORROBORATION,PRESERVE_PHYSICAL_CORROBORATION,PRESERVE,NONE,NO_RUNTIME_CLAIM
LISTINGS,M03,certificate_type,TEXT,,listings,certificate_type,YES,"TEXT CHECK (certificate_type IN ('shm','hgb','girik','ppjb','strata_title','lainnya'))",PRESERVE_EXACT_PHYSICAL_CORROBORATION,PRESERVE_PHYSICAL_CORROBORATION,PRESERVE,NONE,NO_RUNTIME_CLAIM
LISTINGS,M03,certificate_transferred,BOOLEAN,,listings,certificate_transferred,YES,BOOLEAN,PRESERVE_EXACT_PHYSICAL_CORROBORATION,PRESERVE_PHYSICAL_CORROBORATION,PRESERVE,NONE,NO_RUNTIME_CLAIM
LISTINGS,M03,imb_status,TEXT,,listings,imb_status,YES,"TEXT CHECK (imb_status IN ('ada','tidak_ada','dalam_proses'))",PRESERVE_EXACT_PHYSICAL_CORROBORATION,PRESERVE_PHYSICAL_CORROBORATION,PRESERVE,NONE,NO_RUNTIME_CLAIM
LISTINGS,M03,dispute_free_declared,BOOLEAN,NOT NULL,listings,dispute_free_declared,YES,BOOLEAN NOT NULL DEFAULT false,PRESERVE_EXACT_PHYSICAL_CORROBORATION,PRESERVE_PHYSICAL_CORROBORATION,PRESERVE,NONE,NO_RUNTIME_CLAIM
LISTINGS,M03,whatsapp_number,VARCHAR(20),NOT NULL,listings,whatsapp_number,YES,VARCHAR(20) NOT NULL,PRESERVE_EXACT_PHYSICAL_CORROBORATION,PRESERVE_PHYSICAL_CORROBORATION,PRESERVE,NONE,NO_RUNTIME_CLAIM
LISTINGS,M03,status,TEXT,NOT NULL,listings,status,YES,"TEXT NOT NULL DEFAULT 'draft'
                               CHECK (status IN ('draft','pending_review','published','sold','rented','expired','rejected'))",PRESERVE_EXACT_PHYSICAL_CORROBORATION,PRESERVE_PHYSICAL_CORROBORATION,PRESERVE,NONE,NO_RUNTIME_CLAIM
LISTINGS,M03,rejection_reason,TEXT,,listings,rejection_reason,YES,TEXT,PRESERVE_EXACT_PHYSICAL_CORROBORATION,PRESERVE_PHYSICAL_CORROBORATION,PRESERVE,NONE,NO_RUNTIME_CLAIM
LISTINGS,M03,view_count,INT,NOT NULL,listings,view_count,YES,INT NOT NULL DEFAULT 0,PRESERVE_EXACT_PHYSICAL_CORROBORATION,PRESERVE_PHYSICAL_CORROBORATION,PRESERVE,NONE,NO_RUNTIME_CLAIM
LISTINGS,M03,cta_click_count,INT,NOT NULL,listings,cta_click_count,YES,INT NOT NULL DEFAULT 0,PRESERVE_EXACT_PHYSICAL_CORROBORATION,PRESERVE_PHYSICAL_CORROBORATION,PRESERVE,NONE,NO_RUNTIME_CLAIM
LISTINGS,M03,published_at,TIMESTAMPTZ,,listings,published_at,YES,TIMESTAMPTZ,PRESERVE_EXACT_PHYSICAL_CORROBORATION,PRESERVE_PHYSICAL_CORROBORATION,PRESERVE,NONE,NO_RUNTIME_CLAIM
LISTINGS,M03,expired_at,TIMESTAMPTZ,,listings,expired_at,YES,TIMESTAMPTZ,PRESERVE_EXACT_PHYSICAL_CORROBORATION,PRESERVE_PHYSICAL_CORROBORATION,PRESERVE,NONE,NO_RUNTIME_CLAIM
LISTINGS,M03,sold_or_rented_at,TIMESTAMPTZ,,listings,sold_or_rented_at,YES,TIMESTAMPTZ,PRESERVE_EXACT_PHYSICAL_CORROBORATION,PRESERVE_PHYSICAL_CORROBORATION,PRESERVE,NONE,NO_RUNTIME_CLAIM
LISTINGS,M03,deleted_at,TIMESTAMPTZ,,listings,deleted_at,YES,TIMESTAMPTZ,PRESERVE_EXACT_PHYSICAL_CORROBORATION,PRESERVE_PHYSICAL_CORROBORATION,PRESERVE,NONE,NO_RUNTIME_CLAIM
LISTINGS,M03,created_at,TIMESTAMPTZ,NOT NULL,listings,created_at,YES,TIMESTAMPTZ NOT NULL DEFAULT now(),PRESERVE_EXACT_PHYSICAL_CORROBORATION,PRESERVE_PHYSICAL_CORROBORATION,PRESERVE,NONE,NO_RUNTIME_CLAIM
LISTINGS,M03,updated_at,TIMESTAMPTZ,NOT NULL,listings,updated_at,YES,TIMESTAMPTZ NOT NULL DEFAULT now(),PRESERVE_EXACT_PHYSICAL_CORROBORATION,PRESERVE_PHYSICAL_CORROBORATION,PRESERVE,NONE,NO_RUNTIME_CLAIM
QUIZ_ATTEMPTS,M04,id,UUID,PK,quiz_attempts,id,YES,UUID PRIMARY KEY DEFAULT gen_random_uuid(),PRESERVE_EXACT_PHYSICAL_CORROBORATION,PRESERVE_PHYSICAL_CORROBORATION,PRESERVE,NONE,NO_RUNTIME_CLAIM
QUIZ_ATTEMPTS,M04,enrollment_id,UUID,NOT NULL; FK→enrollments.id,quiz_attempts,enrollment_id,YES,UUID NOT NULL REFERENCES enrollments(id) ON DELETE CASCADE,PRESERVE_EXACT_PHYSICAL_CORROBORATION,PRESERVE_PHYSICAL_CORROBORATION,PRESERVE,NONE,NO_RUNTIME_CLAIM
QUIZ_ATTEMPTS,M04,quiz_id,UUID,NOT NULL; FK→quizzes.id,quiz_attempts,quiz_id,YES,UUID NOT NULL REFERENCES quizzes(id) ON DELETE CASCADE,PRESERVE_EXACT_PHYSICAL_CORROBORATION,PRESERVE_PHYSICAL_CORROBORATION,PRESERVE,NONE,NO_RUNTIME_CLAIM
QUIZ_ATTEMPTS,M04,score,"DECIMAL(5,2)",,quiz_attempts,score,YES,"DECIMAL(5,2)",PRESERVE_EXACT_PHYSICAL_CORROBORATION,PRESERVE_PHYSICAL_CORROBORATION,PRESERVE,NONE,NO_RUNTIME_CLAIM
QUIZ_ATTEMPTS,M04,passed,BOOLEAN,,quiz_attempts,passed,YES,BOOLEAN,PRESERVE_EXACT_PHYSICAL_CORROBORATION,PRESERVE_PHYSICAL_CORROBORATION,PRESERVE,NONE,NO_RUNTIME_CLAIM
QUIZ_ATTEMPTS,M04,attempted_at,TIMESTAMPTZ,NOT NULL,quiz_attempts,attempted_at,YES,TIMESTAMPTZ NOT NULL DEFAULT now(),PRESERVE_EXACT_PHYSICAL_CORROBORATION,PRESERVE_PHYSICAL_CORROBORATION,PRESERVE,NONE,NO_RUNTIME_CLAIM
QUIZ_QUESTIONS,M04,id,UUID,PK,quiz_questions,id,YES,UUID PRIMARY KEY DEFAULT gen_random_uuid(),PRESERVE_EXACT_PHYSICAL_CORROBORATION,PRESERVE_PHYSICAL_CORROBORATION,PRESERVE,NONE,NO_RUNTIME_CLAIM
QUIZ_QUESTIONS,M04,quiz_id,UUID,NOT NULL; FK→quizzes.id,quiz_questions,quiz_id,YES,UUID NOT NULL REFERENCES quizzes(id) ON DELETE CASCADE,PRESERVE_EXACT_PHYSICAL_CORROBORATION,PRESERVE_PHYSICAL_CORROBORATION,PRESERVE,NONE,NO_RUNTIME_CLAIM
QUIZ_QUESTIONS,M04,question_text,TEXT,NOT NULL,quiz_questions,question_text,YES,TEXT NOT NULL,PRESERVE_EXACT_PHYSICAL_CORROBORATION,PRESERVE_PHYSICAL_CORROBORATION,PRESERVE,NONE,NO_RUNTIME_CLAIM
QUIZ_QUESTIONS,M04,question_type,TEXT,NOT NULL,quiz_questions,question_type,YES,"TEXT NOT NULL CHECK (question_type IN ('single_choice','multi_choice'))",PRESERVE_EXACT_PHYSICAL_CORROBORATION,PRESERVE_PHYSICAL_CORROBORATION,PRESERVE,NONE,NO_RUNTIME_CLAIM
DBR_SIMULATIONS,M07,id,UUID,PK,dbr_simulations,id,YES,UUID PRIMARY KEY DEFAULT gen_random_uuid(),PRESERVE_EXACT_PHYSICAL_CORROBORATION,PRESERVE_PHYSICAL_CORROBORATION,PRESERVE,NONE,NO_RUNTIME_CLAIM
DBR_SIMULATIONS,M07,agent_id,UUID,NOT NULL; FK→users.id,dbr_simulations,agent_id,YES,UUID NOT NULL REFERENCES users(id) ON DELETE CASCADE,PRESERVE_EXACT_PHYSICAL_CORROBORATION,PRESERVE_PHYSICAL_CORROBORATION,PRESERVE,NONE,NO_RUNTIME_CLAIM
DBR_SIMULATIONS,M07,listing_id,UUID,FK→listings.id,dbr_simulations,listing_id,YES,UUID REFERENCES listings(id) ON DELETE SET NULL,PRESERVE_EXACT_PHYSICAL_CORROBORATION,PRESERVE_PHYSICAL_CORROBORATION,PRESERVE,NONE,NO_RUNTIME_CLAIM
DBR_SIMULATIONS,M07,prospect_name,VARCHAR(150),,dbr_simulations,prospect_name,YES,VARCHAR(150),PRESERVE_EXACT_PHYSICAL_CORROBORATION,PRESERVE_PHYSICAL_CORROBORATION,PRESERVE,NONE,NO_RUNTIME_CLAIM
DBR_SIMULATIONS,M07,prospect_phone,VARCHAR(20),,dbr_simulations,prospect_phone,YES,VARCHAR(20),PRESERVE_EXACT_PHYSICAL_CORROBORATION,PRESERVE_PHYSICAL_CORROBORATION,PRESERVE,NONE,NO_RUNTIME_CLAIM
DBR_SIMULATIONS,M07,net_income,"DECIMAL(18,2)",NOT NULL,dbr_simulations,net_income,YES,"DECIMAL(18,2) NOT NULL",PRESERVE_EXACT_PHYSICAL_CORROBORATION,PRESERVE_PHYSICAL_CORROBORATION,PRESERVE,NONE,NO_RUNTIME_CLAIM
DBR_SIMULATIONS,M07,existing_installments,"DECIMAL(18,2)",NOT NULL,dbr_simulations,existing_installments,YES,"DECIMAL(18,2) NOT NULL DEFAULT 0",PRESERVE_EXACT_PHYSICAL_CORROBORATION,PRESERVE_PHYSICAL_CORROBORATION,PRESERVE,NONE,NO_RUNTIME_CLAIM
DBR_SIMULATIONS,M07,property_price,"DECIMAL(18,2)",NOT NULL,dbr_simulations,property_price,YES,"DECIMAL(18,2) NOT NULL",PRESERVE_EXACT_PHYSICAL_CORROBORATION,PRESERVE_PHYSICAL_CORROBORATION,PRESERVE,NONE,NO_RUNTIME_CLAIM
DBR_SIMULATIONS,M07,down_payment,"DECIMAL(18,2)",NOT NULL,dbr_simulations,down_payment,YES,"DECIMAL(18,2) NOT NULL",PRESERVE_EXACT_PHYSICAL_CORROBORATION,PRESERVE_PHYSICAL_CORROBORATION,PRESERVE,NONE,NO_RUNTIME_CLAIM
DBR_SIMULATIONS,M07,loan_amount,"DECIMAL(18,2)",NOT NULL,dbr_simulations,loan_amount,YES,"DECIMAL(18,2) NOT NULL",PRESERVE_EXACT_PHYSICAL_CORROBORATION,PRESERVE_PHYSICAL_CORROBORATION,PRESERVE,NONE,NO_RUNTIME_CLAIM
DBR_SIMULATIONS,M07,tenor_months,SMALLINT,NOT NULL,dbr_simulations,tenor_months,YES,SMALLINT NOT NULL,PRESERVE_EXACT_PHYSICAL_CORROBORATION,PRESERVE_PHYSICAL_CORROBORATION,PRESERVE,NONE,NO_RUNTIME_CLAIM
DBR_SIMULATIONS,M07,interest_rate_annual,"DECIMAL(5,2)",NOT NULL,dbr_simulations,interest_rate_annual,YES,"DECIMAL(5,2) NOT NULL",PRESERVE_EXACT_PHYSICAL_CORROBORATION,PRESERVE_PHYSICAL_CORROBORATION,PRESERVE,NONE,NO_RUNTIME_CLAIM
DBR_SIMULATIONS,M07,monthly_installment,"DECIMAL(18,2)",NOT NULL,dbr_simulations,monthly_installment,YES,"DECIMAL(18,2) NOT NULL",PRESERVE_EXACT_PHYSICAL_CORROBORATION,PRESERVE_PHYSICAL_CORROBORATION,PRESERVE,NONE,NO_RUNTIME_CLAIM
DBR_SIMULATIONS,M07,dbr_percent,"DECIMAL(5,2)",NOT NULL,dbr_simulations,dbr_percent,YES,"DECIMAL(5,2) NOT NULL",PRESERVE_EXACT_PHYSICAL_CORROBORATION,PRESERVE_PHYSICAL_CORROBORATION,PRESERVE,NONE,NO_RUNTIME_CLAIM
DBR_SIMULATIONS,M07,eligibility_status,TEXT,NOT NULL,dbr_simulations,eligibility_status,YES,"TEXT NOT NULL CHECK (eligibility_status IN ('layak','perlu_review','tidak_layak'))",PRESERVE_EXACT_PHYSICAL_CORROBORATION,PRESERVE_PHYSICAL_CORROBORATION,PRESERVE,NONE,NO_RUNTIME_CLAIM
DBR_SIMULATIONS,M07,pdf_export_url,VARCHAR(500),,dbr_simulations,pdf_export_url,YES,VARCHAR(500),PRESERVE_EXACT_PHYSICAL_CORROBORATION,PRESERVE_PHYSICAL_CORROBORATION,PRESERVE,NONE,NO_RUNTIME_CLAIM
DBR_SIMULATIONS,M07,created_at,TIMESTAMPTZ,NOT NULL,dbr_simulations,created_at,YES,TIMESTAMPTZ NOT NULL DEFAULT now(),PRESERVE_EXACT_PHYSICAL_CORROBORATION,PRESERVE_PHYSICAL_CORROBORATION,PRESERVE,NONE,NO_RUNTIME_CLAIM
EVENT_REGISTRATIONS,M05,id,UUID,PK,event_registrations,id,YES,UUID PRIMARY KEY DEFAULT gen_random_uuid(),PRESERVE_EXACT_PHYSICAL_CORROBORATION,PRESERVE_PHYSICAL_CORROBORATION,PRESERVE,NONE,NO_RUNTIME_CLAIM
EVENT_REGISTRATIONS,M05,event_id,UUID,NOT NULL; FK→events.id,event_registrations,event_id,YES,UUID NOT NULL REFERENCES events(id) ON DELETE CASCADE,PRESERVE_EXACT_PHYSICAL_CORROBORATION,PRESERVE_PHYSICAL_CORROBORATION,PRESERVE,NONE,NO_RUNTIME_CLAIM
EVENT_REGISTRATIONS,M05,agent_id,UUID,NOT NULL; FK→users.id,event_registrations,agent_id,YES,UUID NOT NULL REFERENCES users(id) ON DELETE CASCADE,PRESERVE_EXACT_PHYSICAL_CORROBORATION,PRESERVE_PHYSICAL_CORROBORATION,PRESERVE,NONE,NO_RUNTIME_CLAIM
EVENT_REGISTRATIONS,M05,status,TEXT,NOT NULL,event_registrations,status,YES,"TEXT NOT NULL DEFAULT 'registered' CHECK (status IN ('registered','waitlist','attended','cancelled'))",PRESERVE_EXACT_PHYSICAL_CORROBORATION,PRESERVE_PHYSICAL_CORROBORATION,PRESERVE,NONE,NO_RUNTIME_CLAIM
EVENT_REGISTRATIONS,M05,registered_at,TIMESTAMPTZ,NOT NULL,event_registrations,registered_at,YES,TIMESTAMPTZ NOT NULL DEFAULT now(),PRESERVE_EXACT_PHYSICAL_CORROBORATION,PRESERVE_PHYSICAL_CORROBORATION,PRESERVE,NONE,NO_RUNTIME_CLAIM
EVENT_REGISTRATIONS,M05,guest_email,string,Guest notification/contact destination; not canonical user identity | M05 semantic augmentation,,,NO,,LOGICAL_ONLY_NO_CURRENT_PHYSICAL_CORROBORATION,CONTROLLED_PHYSICAL_DELTA,RECONCILE_AFTER_UPSTREAM_STABILITY,Physical realization not present/proven in current 86-table baseline.,NO_RUNTIME_CLAIM
EVENT_REGISTRATIONS,M05,participant_mode,enum,REGISTERED USER / GUEST | M05 semantic augmentation; exact physical representation downstream,,,NO,,LOGICAL_ONLY_NO_CURRENT_PHYSICAL_CORROBORATION,CONTROLLED_PHYSICAL_DELTA,RECONCILE_AFTER_UPSTREAM_STABILITY,Physical realization not present/proven in current 86-table baseline.,NO_RUNTIME_CLAIM
LISTING_AMENITIES,M03,listing_id,UUID,NOT NULL; FK→listings.id,listing_amenities,listing_id,YES,UUID NOT NULL REFERENCES listings(id) ON DELETE CASCADE,PRESERVE_EXACT_PHYSICAL_CORROBORATION,PRESERVE_PHYSICAL_CORROBORATION,PRESERVE,NONE,NO_RUNTIME_CLAIM
LISTING_AMENITIES,M03,amenity_id,UUID,NOT NULL; FK→amenities.id,listing_amenities,amenity_id,YES,UUID NOT NULL REFERENCES amenities(id) ON DELETE CASCADE,PRESERVE_EXACT_PHYSICAL_CORROBORATION,PRESERVE_PHYSICAL_CORROBORATION,PRESERVE,NONE,NO_RUNTIME_CLAIM
LISTING_LEADS,M03,id,UUID,PK,listing_leads,id,YES,UUID PRIMARY KEY DEFAULT gen_random_uuid(),PRESERVE_EXACT_PHYSICAL_CORROBORATION,PRESERVE_PHYSICAL_CORROBORATION,PRESERVE,NONE,NO_RUNTIME_CLAIM
LISTING_LEADS,M03,listing_id,UUID,NOT NULL; FK→listings.id,listing_leads,listing_id,YES,UUID NOT NULL REFERENCES listings(id) ON DELETE CASCADE,PRESERVE_EXACT_PHYSICAL_CORROBORATION,PRESERVE_PHYSICAL_CORROBORATION,PRESERVE,NONE,NO_RUNTIME_CLAIM
LISTING_LEADS,M03,agent_id,UUID,NOT NULL; FK→users.id,listing_leads,agent_id,YES,UUID NOT NULL REFERENCES users(id) ON DELETE CASCADE,PRESERVE_EXACT_PHYSICAL_CORROBORATION,PRESERVE_PHYSICAL_CORROBORATION,PRESERVE,NONE,NO_RUNTIME_CLAIM
LISTING_LEADS,M03,source,TEXT,NOT NULL,listing_leads,source,YES,TEXT NOT NULL DEFAULT 'whatsapp_cta',PRESERVE_EXACT_PHYSICAL_CORROBORATION,PRESERVE_PHYSICAL_CORROBORATION,PRESERVE,NONE,NO_RUNTIME_CLAIM
LISTING_LEADS,M03,ip_address,VARCHAR(45),,listing_leads,ip_address,YES,VARCHAR(45),PRESERVE_EXACT_PHYSICAL_CORROBORATION,PRESERVE_PHYSICAL_CORROBORATION,PRESERVE,NONE,NO_RUNTIME_CLAIM
LISTING_LEADS,M03,user_agent,VARCHAR(255),,listing_leads,user_agent,YES,VARCHAR(255),PRESERVE_EXACT_PHYSICAL_CORROBORATION,PRESERVE_PHYSICAL_CORROBORATION,PRESERVE,NONE,NO_RUNTIME_CLAIM
LISTING_LEADS,M03,created_at,TIMESTAMPTZ,NOT NULL,listing_leads,created_at,YES,TIMESTAMPTZ NOT NULL DEFAULT now(),PRESERVE_EXACT_PHYSICAL_CORROBORATION,PRESERVE_PHYSICAL_CORROBORATION,PRESERVE,NONE,NO_RUNTIME_CLAIM
LISTING_PHOTOS,M03,id,UUID,PK,listing_photos,id,YES,UUID PRIMARY KEY DEFAULT gen_random_uuid(),PRESERVE_EXACT_PHYSICAL_CORROBORATION,PRESERVE_PHYSICAL_CORROBORATION,PRESERVE,NONE,NO_RUNTIME_CLAIM
LISTING_PHOTOS,M03,listing_id,UUID,NOT NULL; FK→listings.id,listing_photos,listing_id,YES,UUID NOT NULL REFERENCES listings(id) ON DELETE CASCADE,PRESERVE_EXACT_PHYSICAL_CORROBORATION,PRESERVE_PHYSICAL_CORROBORATION,PRESERVE,NONE,NO_RUNTIME_CLAIM
LISTING_PHOTOS,M03,url,VARCHAR(500),NOT NULL,listing_photos,url,YES,VARCHAR(500) NOT NULL,PRESERVE_EXACT_PHYSICAL_CORROBORATION,PRESERVE_PHYSICAL_CORROBORATION,PRESERVE,NONE,NO_RUNTIME_CLAIM
LISTING_PHOTOS,M03,alt_text,VARCHAR(150),,listing_photos,alt_text,YES,VARCHAR(150),PRESERVE_EXACT_PHYSICAL_CORROBORATION,PRESERVE_PHYSICAL_CORROBORATION,PRESERVE,NONE,NO_RUNTIME_CLAIM
LISTING_PHOTOS,M03,is_cover,BOOLEAN,NOT NULL,listing_photos,is_cover,YES,BOOLEAN NOT NULL DEFAULT false,PRESERVE_EXACT_PHYSICAL_CORROBORATION,PRESERVE_PHYSICAL_CORROBORATION,PRESERVE,NONE,NO_RUNTIME_CLAIM
LISTING_PHOTOS,M03,sort_order,SMALLINT,NOT NULL,listing_photos,sort_order,YES,SMALLINT NOT NULL DEFAULT 0,PRESERVE_EXACT_PHYSICAL_CORROBORATION,PRESERVE_PHYSICAL_CORROBORATION,PRESERVE,NONE,NO_RUNTIME_CLAIM
LISTING_PHOTOS,M03,file_hash,VARCHAR(64),,listing_photos,file_hash,YES,VARCHAR(64),PRESERVE_EXACT_PHYSICAL_CORROBORATION,PRESERVE_PHYSICAL_CORROBORATION,PRESERVE,NONE,NO_RUNTIME_CLAIM
LISTING_PHOTOS,M03,photo_hash,VARCHAR(64),,listing_photos,photo_hash,YES,VARCHAR(64),PRESERVE_EXACT_PHYSICAL_CORROBORATION,PRESERVE_PHYSICAL_CORROBORATION,PRESERVE,NONE,NO_RUNTIME_CLAIM
LISTING_PRICE_HISTORY,M03,id,UUID,PK,listing_price_history,id,YES,UUID PRIMARY KEY DEFAULT gen_random_uuid(),PRESERVE_EXACT_PHYSICAL_CORROBORATION,PRESERVE_PHYSICAL_CORROBORATION,PRESERVE,NONE,NO_RUNTIME_CLAIM
LISTING_PRICE_HISTORY,M03,listing_id,UUID,NOT NULL; FK→listings.id,listing_price_history,listing_id,YES,UUID NOT NULL REFERENCES listings(id) ON DELETE CASCADE,PRESERVE_EXACT_PHYSICAL_CORROBORATION,PRESERVE_PHYSICAL_CORROBORATION,PRESERVE,NONE,NO_RUNTIME_CLAIM
LISTING_PRICE_HISTORY,M03,old_price,"DECIMAL(18,2)",,listing_price_history,old_price,YES,"DECIMAL(18,2)",PRESERVE_EXACT_PHYSICAL_CORROBORATION,PRESERVE_PHYSICAL_CORROBORATION,PRESERVE,NONE,NO_RUNTIME_CLAIM
LISTING_PRICE_HISTORY,M03,new_price,"DECIMAL(18,2)",,listing_price_history,new_price,YES,"DECIMAL(18,2)",PRESERVE_EXACT_PHYSICAL_CORROBORATION,PRESERVE_PHYSICAL_CORROBORATION,PRESERVE,NONE,NO_RUNTIME_CLAIM
LISTING_PRICE_HISTORY,M03,changed_at,TIMESTAMPTZ,NOT NULL,listing_price_history,changed_at,YES,TIMESTAMPTZ NOT NULL DEFAULT now(),PRESERVE_EXACT_PHYSICAL_CORROBORATION,PRESERVE_PHYSICAL_CORROBORATION,PRESERVE,NONE,NO_RUNTIME_CLAIM
LISTING_VIDEOS,M03,id,UUID,PK,listing_videos,id,YES,UUID PRIMARY KEY DEFAULT gen_random_uuid(),PRESERVE_EXACT_PHYSICAL_CORROBORATION,PRESERVE_PHYSICAL_CORROBORATION,PRESERVE,NONE,NO_RUNTIME_CLAIM
LISTING_VIDEOS,M03,listing_id,UUID,NOT NULL; FK→listings.id,listing_videos,listing_id,YES,UUID NOT NULL REFERENCES listings(id) ON DELETE CASCADE,PRESERVE_EXACT_PHYSICAL_CORROBORATION,PRESERVE_PHYSICAL_CORROBORATION,PRESERVE,NONE,NO_RUNTIME_CLAIM
LISTING_VIDEOS,M03,url,VARCHAR(500),NOT NULL,listing_videos,url,YES,VARCHAR(500) NOT NULL,PRESERVE_EXACT_PHYSICAL_CORROBORATION,PRESERVE_PHYSICAL_CORROBORATION,PRESERVE,NONE,NO_RUNTIME_CLAIM
LISTING_VIDEOS,M03,type,TEXT,NOT NULL,listing_videos,type,YES,"TEXT NOT NULL CHECK (type IN ('video','virtual_tour'))",PRESERVE_EXACT_PHYSICAL_CORROBORATION,PRESERVE_PHYSICAL_CORROBORATION,PRESERVE,NONE,NO_RUNTIME_CLAIM
LISTING_VIEWS,M03,id,UUID,PK,listing_views,id,YES,UUID PRIMARY KEY DEFAULT gen_random_uuid(),PRESERVE_EXACT_PHYSICAL_CORROBORATION,PRESERVE_PHYSICAL_CORROBORATION,PRESERVE,NONE,NO_RUNTIME_CLAIM
LISTING_VIEWS,M03,listing_id,UUID,NOT NULL; FK→listings.id,listing_views,listing_id,YES,UUID NOT NULL REFERENCES listings(id) ON DELETE CASCADE,PRESERVE_EXACT_PHYSICAL_CORROBORATION,PRESERVE_PHYSICAL_CORROBORATION,PRESERVE,NONE,NO_RUNTIME_CLAIM
LISTING_VIEWS,M03,viewed_at,TIMESTAMPTZ,NOT NULL,listing_views,viewed_at,YES,TIMESTAMPTZ NOT NULL DEFAULT now(),PRESERVE_EXACT_PHYSICAL_CORROBORATION,PRESERVE_PHYSICAL_CORROBORATION,PRESERVE,NONE,NO_RUNTIME_CLAIM
QUIZ_OPTIONS,M04,id,UUID,PK,quiz_options,id,YES,UUID PRIMARY KEY DEFAULT gen_random_uuid(),PRESERVE_EXACT_PHYSICAL_CORROBORATION,PRESERVE_PHYSICAL_CORROBORATION,PRESERVE,NONE,NO_RUNTIME_CLAIM
QUIZ_OPTIONS,M04,question_id,UUID,NOT NULL; FK→quiz_questions.id,quiz_options,question_id,YES,UUID NOT NULL REFERENCES quiz_questions(id) ON DELETE CASCADE,PRESERVE_EXACT_PHYSICAL_CORROBORATION,PRESERVE_PHYSICAL_CORROBORATION,PRESERVE,NONE,NO_RUNTIME_CLAIM
QUIZ_OPTIONS,M04,option_text,VARCHAR(500),NOT NULL,quiz_options,option_text,YES,VARCHAR(500) NOT NULL,PRESERVE_EXACT_PHYSICAL_CORROBORATION,PRESERVE_PHYSICAL_CORROBORATION,PRESERVE,NONE,NO_RUNTIME_CLAIM
QUIZ_OPTIONS,M04,is_correct,BOOLEAN,NOT NULL,quiz_options,is_correct,YES,BOOLEAN NOT NULL DEFAULT false,PRESERVE_EXACT_PHYSICAL_CORROBORATION,PRESERVE_PHYSICAL_CORROBORATION,PRESERVE,NONE,NO_RUNTIME_CLAIM
LEARNING_SESSIONS,M04,id,UUID,PK,learning_sessions,id,YES,UUID PRIMARY KEY DEFAULT gen_random_uuid(),PRESERVE_EXACT_PHYSICAL_CORROBORATION,PRESERVE_PHYSICAL_CORROBORATION,PRESERVE,NONE,NO_RUNTIME_CLAIM
LEARNING_SESSIONS,M04,owner_id,UUID,NOT NULL; FK→users.id,learning_sessions,owner_id,YES,UUID NOT NULL REFERENCES users(id) ON DELETE RESTRICT,PRESERVE_EXACT_PHYSICAL_CORROBORATION,PRESERVE_PHYSICAL_CORROBORATION,PRESERVE,NONE,NO_RUNTIME_CLAIM
LEARNING_SESSIONS,M04,course_id,UUID,FK→courses.id,learning_sessions,course_id,YES,UUID REFERENCES courses(id) ON DELETE SET NULL,PRESERVE_EXACT_PHYSICAL_CORROBORATION,PRESERVE_PHYSICAL_CORROBORATION,PRESERVE,NONE,NO_RUNTIME_CLAIM
LEARNING_SESSIONS,M04,organization_id,UUID,FK→organizations.id,learning_sessions,organization_id,YES,UUID REFERENCES organizations(id) ON DELETE SET NULL,PRESERVE_EXACT_PHYSICAL_CORROBORATION,PRESERVE_PHYSICAL_CORROBORATION,PRESERVE,NONE,NO_RUNTIME_CLAIM
LEARNING_SESSIONS,M04,event_id,UUID,FK→events.id,learning_sessions,event_id,YES,UUID REFERENCES events(id) ON DELETE SET NULL,PRESERVE_EXACT_PHYSICAL_CORROBORATION,PRESERVE_PHYSICAL_CORROBORATION,PRESERVE,NONE,NO_RUNTIME_CLAIM
LEARNING_SESSIONS,M04,session_type,TEXT,NOT NULL,learning_sessions,session_type,YES,"TEXT NOT NULL CHECK (session_type IN ('broadcast','interactive','on_demand'))",PRESERVE_EXACT_PHYSICAL_CORROBORATION,PRESERVE_PHYSICAL_CORROBORATION,PRESERVE,NONE,NO_RUNTIME_CLAIM
LEARNING_SESSIONS,M04,status,TEXT,NOT NULL,learning_sessions,status,YES,"TEXT NOT NULL DEFAULT 'draft'
                     CHECK (status IN ('draft','scheduled','live','ended','cancelled','failed'))",PRESERVE_EXACT_PHYSICAL_CORROBORATION,PRESERVE_PHYSICAL_CORROBORATION,PRESERVE,NONE,NO_RUNTIME_CLAIM
LEARNING_SESSIONS,M04,start_at,TIMESTAMPTZ,NOT NULL,learning_sessions,start_at,YES,TIMESTAMPTZ NOT NULL,PRESERVE_EXACT_PHYSICAL_CORROBORATION,PRESERVE_PHYSICAL_CORROBORATION,PRESERVE,NONE,NO_RUNTIME_CLAIM
LEARNING_SESSIONS,M04,end_at,TIMESTAMPTZ,,learning_sessions,end_at,YES,TIMESTAMPTZ,PRESERVE_EXACT_PHYSICAL_CORROBORATION,PRESERVE_PHYSICAL_CORROBORATION,PRESERVE,NONE,NO_RUNTIME_CLAIM
LEARNING_SESSIONS,M04,visibility,TEXT,NOT NULL,learning_sessions,visibility,YES,"TEXT NOT NULL
                     CHECK (visibility IN ('public','organization','partner','private'))",PRESERVE_EXACT_PHYSICAL_CORROBORATION,PRESERVE_PHYSICAL_CORROBORATION,PRESERVE,NONE,NO_RUNTIME_CLAIM
LEARNING_SESSIONS,M04,created_at,TIMESTAMPTZ,NOT NULL,learning_sessions,created_at,YES,TIMESTAMPTZ NOT NULL DEFAULT now(),PRESERVE_EXACT_PHYSICAL_CORROBORATION,PRESERVE_PHYSICAL_CORROBORATION,PRESERVE,NONE,NO_RUNTIME_CLAIM
LEARNING_SESSIONS,M04,updated_at,TIMESTAMPTZ,NOT NULL,learning_sessions,updated_at,YES,TIMESTAMPTZ NOT NULL DEFAULT now(),PRESERVE_EXACT_PHYSICAL_CORROBORATION,PRESERVE_PHYSICAL_CORROBORATION,PRESERVE,NONE,NO_RUNTIME_CLAIM
LEARNING_SESSIONS,M04,deleted_at,TIMESTAMPTZ,,learning_sessions,deleted_at,YES,TIMESTAMPTZ,PRESERVE_EXACT_PHYSICAL_CORROBORATION,PRESERVE_PHYSICAL_CORROBORATION,PRESERVE,NONE,NO_RUNTIME_CLAIM
LEARNING_SESSION_ASSIGNMENTS,M04,id,UUID,PK,learning_session_assignments,id,YES,UUID PRIMARY KEY DEFAULT gen_random_uuid(),PRESERVE_EXACT_PHYSICAL_CORROBORATION,PRESERVE_PHYSICAL_CORROBORATION,PRESERVE,NONE,NO_RUNTIME_CLAIM
LEARNING_SESSION_ASSIGNMENTS,M04,session_id,UUID,NOT NULL; FK→learning_sessions.id,learning_session_assignments,session_id,YES,UUID NOT NULL REFERENCES learning_sessions(id) ON DELETE CASCADE,PRESERVE_EXACT_PHYSICAL_CORROBORATION,PRESERVE_PHYSICAL_CORROBORATION,PRESERVE,NONE,NO_RUNTIME_CLAIM
LEARNING_SESSION_ASSIGNMENTS,M04,actor_id,UUID,NOT NULL; FK→users.id,learning_session_assignments,actor_id,YES,UUID NOT NULL REFERENCES users(id) ON DELETE RESTRICT,PRESERVE_EXACT_PHYSICAL_CORROBORATION,PRESERVE_PHYSICAL_CORROBORATION,PRESERVE,NONE,NO_RUNTIME_CLAIM
LEARNING_SESSION_ASSIGNMENTS,M04,capability,TEXT,NOT NULL,learning_session_assignments,capability,YES,"TEXT NOT NULL CHECK (capability IN ('HOST','INSTRUCTOR'))",PRESERVE_EXACT_PHYSICAL_CORROBORATION,PRESERVE_PHYSICAL_CORROBORATION,PRESERVE,NONE,NO_RUNTIME_CLAIM
LEARNING_SESSION_ASSIGNMENTS,M04,status,TEXT,NOT NULL,learning_session_assignments,status,YES,"TEXT NOT NULL DEFAULT 'ACTIVE'
              CHECK (status IN ('ACTIVE','REVOKED'))",PRESERVE_EXACT_PHYSICAL_CORROBORATION,PRESERVE_PHYSICAL_CORROBORATION,PRESERVE,NONE,NO_RUNTIME_CLAIM
LEARNING_SESSION_ASSIGNMENTS,M04,created_at,TIMESTAMPTZ,NOT NULL,learning_session_assignments,created_at,YES,TIMESTAMPTZ NOT NULL DEFAULT now(),PRESERVE_EXACT_PHYSICAL_CORROBORATION,PRESERVE_PHYSICAL_CORROBORATION,PRESERVE,NONE,NO_RUNTIME_CLAIM
LEARNING_SESSION_ASSIGNMENTS,M04,created_by,UUID,FK→users.id,learning_session_assignments,created_by,YES,UUID REFERENCES users(id) ON DELETE SET NULL,PRESERVE_EXACT_PHYSICAL_CORROBORATION,PRESERVE_PHYSICAL_CORROBORATION,PRESERVE,NONE,NO_RUNTIME_CLAIM
LEARNING_SESSION_ASSIGNMENTS,M04,revoked_at,TIMESTAMPTZ,,learning_session_assignments,revoked_at,YES,TIMESTAMPTZ,PRESERVE_EXACT_PHYSICAL_CORROBORATION,PRESERVE_PHYSICAL_CORROBORATION,PRESERVE,NONE,NO_RUNTIME_CLAIM
LEARNING_SESSION_ASSIGNMENTS,M04,revoked_by,UUID,FK→users.id,learning_session_assignments,revoked_by,YES,UUID REFERENCES users(id) ON DELETE SET NULL,PRESERVE_EXACT_PHYSICAL_CORROBORATION,PRESERVE_PHYSICAL_CORROBORATION,PRESERVE,NONE,NO_RUNTIME_CLAIM
SESSION_ARTIFACTS,M04,id,UUID,PK,session_artifacts,id,YES,UUID PRIMARY KEY DEFAULT gen_random_uuid(),PRESERVE_EXACT_PHYSICAL_CORROBORATION,PRESERVE_PHYSICAL_CORROBORATION,PRESERVE,NONE,NO_RUNTIME_CLAIM
SESSION_ARTIFACTS,M04,session_id,UUID,NOT NULL; FK→learning_sessions.id,session_artifacts,session_id,YES,UUID NOT NULL REFERENCES learning_sessions(id) ON DELETE CASCADE,PRESERVE_EXACT_PHYSICAL_CORROBORATION,PRESERVE_PHYSICAL_CORROBORATION,PRESERVE,NONE,NO_RUNTIME_CLAIM
SESSION_ARTIFACTS,M04,artifact_type,TEXT,NOT NULL,session_artifacts,artifact_type,YES,TEXT NOT NULL,PRESERVE_EXACT_PHYSICAL_CORROBORATION,PRESERVE_PHYSICAL_CORROBORATION,PRESERVE,NONE,NO_RUNTIME_CLAIM
SESSION_ARTIFACTS,M04,provider_key,TEXT,,session_artifacts,provider_key,YES,TEXT,PRESERVE_EXACT_PHYSICAL_CORROBORATION,PRESERVE_PHYSICAL_CORROBORATION,PRESERVE,NONE,NO_RUNTIME_CLAIM
SESSION_ARTIFACTS,M04,source_url,TEXT,,session_artifacts,source_url,YES,TEXT,PRESERVE_EXACT_PHYSICAL_CORROBORATION,PRESERVE_PHYSICAL_CORROBORATION,PRESERVE,NONE,NO_RUNTIME_CLAIM
SESSION_ARTIFACTS,M04,status,TEXT,NOT NULL,session_artifacts,status,YES,"TEXT NOT NULL DEFAULT 'available'
                CHECK (status IN ('pending','available','unavailable','expired'))",PRESERVE_EXACT_PHYSICAL_CORROBORATION,PRESERVE_PHYSICAL_CORROBORATION,PRESERVE,NONE,NO_RUNTIME_CLAIM
SESSION_ARTIFACTS,M04,created_at,TIMESTAMPTZ,NOT NULL,session_artifacts,created_at,YES,TIMESTAMPTZ NOT NULL DEFAULT now(),PRESERVE_EXACT_PHYSICAL_CORROBORATION,PRESERVE_PHYSICAL_CORROBORATION,PRESERVE,NONE,NO_RUNTIME_CLAIM
SESSION_ARTIFACTS,M04,updated_at,TIMESTAMPTZ,NOT NULL,session_artifacts,updated_at,YES,TIMESTAMPTZ NOT NULL DEFAULT now(),PRESERVE_EXACT_PHYSICAL_CORROBORATION,PRESERVE_PHYSICAL_CORROBORATION,PRESERVE,NONE,NO_RUNTIME_CLAIM
SESSION_ENROLLMENTS,M04,id,UUID,PK,session_enrollments,id,YES,UUID PRIMARY KEY DEFAULT gen_random_uuid(),PRESERVE_EXACT_PHYSICAL_CORROBORATION,PRESERVE_PHYSICAL_CORROBORATION,PRESERVE,NONE,NO_RUNTIME_CLAIM
SESSION_ENROLLMENTS,M04,session_id,UUID,NOT NULL; FK→learning_sessions.id,session_enrollments,session_id,YES,UUID NOT NULL REFERENCES learning_sessions(id) ON DELETE CASCADE,PRESERVE_EXACT_PHYSICAL_CORROBORATION,PRESERVE_PHYSICAL_CORROBORATION,PRESERVE,NONE,NO_RUNTIME_CLAIM
SESSION_ENROLLMENTS,M04,agent_id,UUID,NOT NULL; FK→users.id,session_enrollments,agent_id,YES,UUID NOT NULL REFERENCES users(id) ON DELETE CASCADE,PRESERVE_EXACT_PHYSICAL_CORROBORATION,PRESERVE_PHYSICAL_CORROBORATION,PRESERVE,NONE,NO_RUNTIME_CLAIM
SESSION_ENROLLMENTS,M04,status,TEXT,NOT NULL,session_enrollments,status,YES,"TEXT NOT NULL DEFAULT 'pending'
                        CHECK (status IN ('pending','active','completed'))",PRESERVE_EXACT_PHYSICAL_CORROBORATION,PRESERVE_PHYSICAL_CORROBORATION,PRESERVE,NONE,NO_RUNTIME_CLAIM
SESSION_ENROLLMENTS,M04,activation_reference,TEXT,,session_enrollments,activation_reference,YES,TEXT,PRESERVE_EXACT_PHYSICAL_CORROBORATION,PRESERVE_PHYSICAL_CORROBORATION,PRESERVE,NONE,NO_RUNTIME_CLAIM
SESSION_ENROLLMENTS,M04,requested_at,TIMESTAMPTZ,NOT NULL,session_enrollments,requested_at,YES,TIMESTAMPTZ NOT NULL DEFAULT now(),PRESERVE_EXACT_PHYSICAL_CORROBORATION,PRESERVE_PHYSICAL_CORROBORATION,PRESERVE,NONE,NO_RUNTIME_CLAIM
SESSION_ENROLLMENTS,M04,activated_at,TIMESTAMPTZ,,session_enrollments,activated_at,YES,TIMESTAMPTZ,PRESERVE_EXACT_PHYSICAL_CORROBORATION,PRESERVE_PHYSICAL_CORROBORATION,PRESERVE,NONE,NO_RUNTIME_CLAIM
SESSION_ENROLLMENTS,M04,completed_at,TIMESTAMPTZ,,session_enrollments,completed_at,YES,TIMESTAMPTZ,PRESERVE_EXACT_PHYSICAL_CORROBORATION,PRESERVE_PHYSICAL_CORROBORATION,PRESERVE,NONE,NO_RUNTIME_CLAIM
SESSION_ENROLLMENTS,M04,created_at,TIMESTAMPTZ,NOT NULL,session_enrollments,created_at,YES,TIMESTAMPTZ NOT NULL DEFAULT now(),PRESERVE_EXACT_PHYSICAL_CORROBORATION,PRESERVE_PHYSICAL_CORROBORATION,PRESERVE,NONE,NO_RUNTIME_CLAIM
SESSION_ENROLLMENTS,M04,updated_at,TIMESTAMPTZ,NOT NULL,session_enrollments,updated_at,YES,TIMESTAMPTZ NOT NULL DEFAULT now(),PRESERVE_EXACT_PHYSICAL_CORROBORATION,PRESERVE_PHYSICAL_CORROBORATION,PRESERVE,NONE,NO_RUNTIME_CLAIM
SESSION_PROVIDER_BINDINGS,M04,id,UUID,PK,session_provider_bindings,id,YES,UUID PRIMARY KEY DEFAULT gen_random_uuid(),PRESERVE_EXACT_PHYSICAL_CORROBORATION,PRESERVE_PHYSICAL_CORROBORATION,PRESERVE,NONE,NO_RUNTIME_CLAIM
SESSION_PROVIDER_BINDINGS,M04,session_id,UUID,NOT NULL; FK→learning_sessions.id,session_provider_bindings,session_id,YES,UUID NOT NULL REFERENCES learning_sessions(id) ON DELETE CASCADE,PRESERVE_EXACT_PHYSICAL_CORROBORATION,PRESERVE_PHYSICAL_CORROBORATION,PRESERVE,NONE,NO_RUNTIME_CLAIM
SESSION_PROVIDER_BINDINGS,M04,provider_key,TEXT,NOT NULL,session_provider_bindings,provider_key,YES,TEXT NOT NULL,PRESERVE_EXACT_PHYSICAL_CORROBORATION,PRESERVE_PHYSICAL_CORROBORATION,PRESERVE,NONE,NO_RUNTIME_CLAIM
SESSION_PROVIDER_BINDINGS,M04,external_provider_session_id,TEXT,,session_provider_bindings,external_provider_session_id,YES,TEXT,PRESERVE_EXACT_PHYSICAL_CORROBORATION,PRESERVE_PHYSICAL_CORROBORATION,PRESERVE,NONE,NO_RUNTIME_CLAIM
SESSION_PROVIDER_BINDINGS,M04,binding_state,TEXT,NOT NULL,session_provider_bindings,binding_state,YES,"TEXT NOT NULL DEFAULT 'active'
                                CHECK (binding_state IN ('pending','active','ended','failed','replaced'))",PRESERVE_EXACT_PHYSICAL_CORROBORATION,PRESERVE_PHYSICAL_CORROBORATION,PRESERVE,NONE,NO_RUNTIME_CLAIM
SESSION_PROVIDER_BINDINGS,M04,effective_from,TIMESTAMPTZ,NOT NULL,session_provider_bindings,effective_from,YES,TIMESTAMPTZ NOT NULL DEFAULT now(),PRESERVE_EXACT_PHYSICAL_CORROBORATION,PRESERVE_PHYSICAL_CORROBORATION,PRESERVE,NONE,NO_RUNTIME_CLAIM
SESSION_PROVIDER_BINDINGS,M04,effective_to,TIMESTAMPTZ,,session_provider_bindings,effective_to,YES,TIMESTAMPTZ,PRESERVE_EXACT_PHYSICAL_CORROBORATION,PRESERVE_PHYSICAL_CORROBORATION,PRESERVE,NONE,NO_RUNTIME_CLAIM
SESSION_PROVIDER_BINDINGS,M04,created_at,TIMESTAMPTZ,NOT NULL,session_provider_bindings,created_at,YES,TIMESTAMPTZ NOT NULL DEFAULT now(),PRESERVE_EXACT_PHYSICAL_CORROBORATION,PRESERVE_PHYSICAL_CORROBORATION,PRESERVE,NONE,NO_RUNTIME_CLAIM
SESSION_PROVIDER_BINDINGS,M04,updated_at,TIMESTAMPTZ,NOT NULL,session_provider_bindings,updated_at,YES,TIMESTAMPTZ NOT NULL DEFAULT now(),PRESERVE_EXACT_PHYSICAL_CORROBORATION,PRESERVE_PHYSICAL_CORROBORATION,PRESERVE,NONE,NO_RUNTIME_CLAIM
SESSION_PARTICIPATION_EVIDENCE,M04,id,UUID,PK,session_participation_evidence,id,YES,UUID PRIMARY KEY DEFAULT gen_random_uuid(),PRESERVE_EXACT_PHYSICAL_CORROBORATION,PRESERVE_PHYSICAL_CORROBORATION,PRESERVE,NONE,NO_RUNTIME_CLAIM
SESSION_PARTICIPATION_EVIDENCE,M04,binding_id,UUID,NOT NULL; FK→session_provider_bindings.id,session_participation_evidence,binding_id,YES,UUID NOT NULL REFERENCES session_provider_bindings(id) ON DELETE CASCADE,PRESERVE_EXACT_PHYSICAL_CORROBORATION,PRESERVE_PHYSICAL_CORROBORATION,PRESERVE,NONE,NO_RUNTIME_CLAIM
SESSION_PARTICIPATION_EVIDENCE,M04,session_enrollment_id,UUID,FK→session_enrollments.id,session_participation_evidence,session_enrollment_id,YES,UUID REFERENCES session_enrollments(id) ON DELETE SET NULL,PRESERVE_EXACT_PHYSICAL_CORROBORATION,PRESERVE_PHYSICAL_CORROBORATION,PRESERVE,NONE,NO_RUNTIME_CLAIM
SESSION_PARTICIPATION_EVIDENCE,M04,external_event_id,TEXT,,session_participation_evidence,external_event_id,YES,TEXT,PRESERVE_EXACT_PHYSICAL_CORROBORATION,PRESERVE_PHYSICAL_CORROBORATION,PRESERVE,NONE,NO_RUNTIME_CLAIM
SESSION_PARTICIPATION_EVIDENCE,M04,idempotency_key,TEXT,NOT NULL; UNIQUE,session_participation_evidence,idempotency_key,YES,TEXT NOT NULL UNIQUE,PRESERVE_EXACT_PHYSICAL_CORROBORATION,PRESERVE_PHYSICAL_CORROBORATION,PRESERVE,NONE,NO_RUNTIME_CLAIM
SESSION_PARTICIPATION_EVIDENCE,M04,observed_at,TIMESTAMPTZ,,session_participation_evidence,observed_at,YES,TIMESTAMPTZ,PRESERVE_EXACT_PHYSICAL_CORROBORATION,PRESERVE_PHYSICAL_CORROBORATION,PRESERVE,NONE,NO_RUNTIME_CLAIM
SESSION_PARTICIPATION_EVIDENCE,M04,received_at,TIMESTAMPTZ,NOT NULL,session_participation_evidence,received_at,YES,TIMESTAMPTZ NOT NULL DEFAULT now(),PRESERVE_EXACT_PHYSICAL_CORROBORATION,PRESERVE_PHYSICAL_CORROBORATION,PRESERVE,NONE,NO_RUNTIME_CLAIM
SESSION_PARTICIPATION_EVIDENCE,M04,processed_at,TIMESTAMPTZ,,session_participation_evidence,processed_at,YES,TIMESTAMPTZ,PRESERVE_EXACT_PHYSICAL_CORROBORATION,PRESERVE_PHYSICAL_CORROBORATION,PRESERVE,NONE,NO_RUNTIME_CLAIM
SESSION_PARTICIPATION_EVIDENCE,M04,payload_metadata,JSONB,,session_participation_evidence,payload_metadata,YES,JSONB,PRESERVE_EXACT_PHYSICAL_CORROBORATION,PRESERVE_PHYSICAL_CORROBORATION,PRESERVE,NONE,NO_RUNTIME_CLAIM
SESSION_PARTICIPATION_EVIDENCE,M04,created_at,TIMESTAMPTZ,NOT NULL,session_participation_evidence,created_at,YES,TIMESTAMPTZ NOT NULL DEFAULT now(),PRESERVE_EXACT_PHYSICAL_CORROBORATION,PRESERVE_PHYSICAL_CORROBORATION,PRESERVE,NONE,NO_RUNTIME_CLAIM
SESSION_ATTENDANCE_EVALUATIONS,M04,id,UUID,PK,session_attendance_evaluations,id,YES,UUID PRIMARY KEY DEFAULT gen_random_uuid(),PRESERVE_EXACT_PHYSICAL_CORROBORATION,PRESERVE_PHYSICAL_CORROBORATION,PRESERVE,NONE,NO_RUNTIME_CLAIM
SESSION_ATTENDANCE_EVALUATIONS,M04,session_enrollment_id,UUID,NOT NULL; FK→session_enrollments.id,session_attendance_evaluations,session_enrollment_id,YES,UUID NOT NULL REFERENCES session_enrollments(id) ON DELETE CASCADE,PRESERVE_EXACT_PHYSICAL_CORROBORATION,PRESERVE_PHYSICAL_CORROBORATION,PRESERVE,NONE,NO_RUNTIME_CLAIM
SESSION_ATTENDANCE_EVALUATIONS,M04,evidence_id,UUID,FK→session_participation_evidence.id,session_attendance_evaluations,evidence_id,YES,UUID REFERENCES session_participation_evidence(id) ON DELETE SET NULL,PRESERVE_EXACT_PHYSICAL_CORROBORATION,PRESERVE_PHYSICAL_CORROBORATION,PRESERVE,NONE,NO_RUNTIME_CLAIM
SESSION_ATTENDANCE_EVALUATIONS,M04,policy_version,TEXT,NOT NULL,session_attendance_evaluations,policy_version,YES,TEXT NOT NULL,PRESERVE_EXACT_PHYSICAL_CORROBORATION,PRESERVE_PHYSICAL_CORROBORATION,PRESERVE,NONE,NO_RUNTIME_CLAIM
SESSION_ATTENDANCE_EVALUATIONS,M04,result,TEXT,NOT NULL,session_attendance_evaluations,result,YES,TEXT NOT NULL,PRESERVE_EXACT_PHYSICAL_CORROBORATION,PRESERVE_PHYSICAL_CORROBORATION,PRESERVE,NONE,NO_RUNTIME_CLAIM
SESSION_ATTENDANCE_EVALUATIONS,M04,evaluated_at,TIMESTAMPTZ,NOT NULL,session_attendance_evaluations,evaluated_at,YES,TIMESTAMPTZ NOT NULL DEFAULT now(),PRESERVE_EXACT_PHYSICAL_CORROBORATION,PRESERVE_PHYSICAL_CORROBORATION,PRESERVE,NONE,NO_RUNTIME_CLAIM
SESSION_ATTENDANCE_EVALUATIONS,M04,created_at,TIMESTAMPTZ,NOT NULL,session_attendance_evaluations,created_at,YES,TIMESTAMPTZ NOT NULL DEFAULT now(),PRESERVE_EXACT_PHYSICAL_CORROBORATION,PRESERVE_PHYSICAL_CORROBORATION,PRESERVE,NONE,NO_RUNTIME_CLAIM
SESSION_COMPLETION_OUTCOMES,M04,id,UUID,PK,session_completion_outcomes,id,YES,UUID PRIMARY KEY DEFAULT gen_random_uuid(),PRESERVE_EXACT_PHYSICAL_CORROBORATION,PRESERVE_PHYSICAL_CORROBORATION,PRESERVE,NONE,NO_RUNTIME_CLAIM
SESSION_COMPLETION_OUTCOMES,M04,session_enrollment_id,UUID,NOT NULL; FK→session_enrollments.id,session_completion_outcomes,session_enrollment_id,YES,UUID NOT NULL REFERENCES session_enrollments(id) ON DELETE CASCADE,PRESERVE_EXACT_PHYSICAL_CORROBORATION,PRESERVE_PHYSICAL_CORROBORATION,PRESERVE,NONE,NO_RUNTIME_CLAIM
SESSION_COMPLETION_OUTCOMES,M04,attendance_evaluation_id,UUID,FK→session_attendance_evaluations.id,session_completion_outcomes,attendance_evaluation_id,YES,UUID REFERENCES session_attendance_evaluations(id) ON DELETE SET NULL,PRESERVE_EXACT_PHYSICAL_CORROBORATION,PRESERVE_PHYSICAL_CORROBORATION,PRESERVE,NONE,NO_RUNTIME_CLAIM
SESSION_COMPLETION_OUTCOMES,M04,completion_policy_version,TEXT,NOT NULL,session_completion_outcomes,completion_policy_version,YES,TEXT NOT NULL,PRESERVE_EXACT_PHYSICAL_CORROBORATION,PRESERVE_PHYSICAL_CORROBORATION,PRESERVE,NONE,NO_RUNTIME_CLAIM
SESSION_COMPLETION_OUTCOMES,M04,result,TEXT,NOT NULL,session_completion_outcomes,result,YES,TEXT NOT NULL,PRESERVE_EXACT_PHYSICAL_CORROBORATION,PRESERVE_PHYSICAL_CORROBORATION,PRESERVE,NONE,NO_RUNTIME_CLAIM
SESSION_COMPLETION_OUTCOMES,M04,completed_at,TIMESTAMPTZ,NOT NULL,session_completion_outcomes,completed_at,YES,TIMESTAMPTZ NOT NULL DEFAULT now(),PRESERVE_EXACT_PHYSICAL_CORROBORATION,PRESERVE_PHYSICAL_CORROBORATION,PRESERVE,NONE,NO_RUNTIME_CLAIM
SESSION_COMPLETION_OUTCOMES,M04,created_at,TIMESTAMPTZ,NOT NULL,session_completion_outcomes,created_at,YES,TIMESTAMPTZ NOT NULL DEFAULT now(),PRESERVE_EXACT_PHYSICAL_CORROBORATION,PRESERVE_PHYSICAL_CORROBORATION,PRESERVE,NONE,NO_RUNTIME_CLAIM
LEARNING_PATHS,M04,id,UUID,PK,learning_paths,id,YES,UUID PRIMARY KEY DEFAULT gen_random_uuid(),PRESERVE_EXACT_PHYSICAL_CORROBORATION,PRESERVE_PHYSICAL_CORROBORATION,PRESERVE,NONE,NO_RUNTIME_CLAIM
LEARNING_PATHS,M04,course_id,UUID,FK→courses.id,learning_paths,course_id,YES,UUID REFERENCES courses(id) ON DELETE SET NULL,PRESERVE_EXACT_PHYSICAL_CORROBORATION,PRESERVE_PHYSICAL_CORROBORATION,PRESERVE,NONE,NO_RUNTIME_CLAIM
LEARNING_PATHS,M04,code,VARCHAR(100),NOT NULL; UNIQUE,learning_paths,code,YES,VARCHAR(100) UNIQUE NOT NULL,PRESERVE_EXACT_PHYSICAL_CORROBORATION,PRESERVE_PHYSICAL_CORROBORATION,PRESERVE,NONE,NO_RUNTIME_CLAIM
LEARNING_PATHS,M04,name,VARCHAR(200),NOT NULL,learning_paths,name,YES,VARCHAR(200) NOT NULL,PRESERVE_EXACT_PHYSICAL_CORROBORATION,PRESERVE_PHYSICAL_CORROBORATION,PRESERVE,NONE,NO_RUNTIME_CLAIM
LEARNING_PATHS,M04,description,TEXT,,learning_paths,description,YES,TEXT,PRESERVE_EXACT_PHYSICAL_CORROBORATION,PRESERVE_PHYSICAL_CORROBORATION,PRESERVE,NONE,NO_RUNTIME_CLAIM
LEARNING_PATHS,M04,status,TEXT,NOT NULL,learning_paths,status,YES,"TEXT NOT NULL DEFAULT 'draft'
    CHECK (status IN ('draft','active','inactive','archived'))",PRESERVE_EXACT_PHYSICAL_CORROBORATION,PRESERVE_PHYSICAL_CORROBORATION,PRESERVE,NONE,NO_RUNTIME_CLAIM
LEARNING_PATHS,M04,created_at,TIMESTAMPTZ,NOT NULL,learning_paths,created_at,YES,TIMESTAMPTZ NOT NULL DEFAULT now(),PRESERVE_EXACT_PHYSICAL_CORROBORATION,PRESERVE_PHYSICAL_CORROBORATION,PRESERVE,NONE,NO_RUNTIME_CLAIM
LEARNING_PATHS,M04,updated_at,TIMESTAMPTZ,NOT NULL,learning_paths,updated_at,YES,TIMESTAMPTZ NOT NULL DEFAULT now(),PRESERVE_EXACT_PHYSICAL_CORROBORATION,PRESERVE_PHYSICAL_CORROBORATION,PRESERVE,NONE,NO_RUNTIME_CLAIM
LEARNING_PATH_VERSIONS,M04,id,UUID,PK,learning_path_versions,id,YES,UUID PRIMARY KEY DEFAULT gen_random_uuid(),PRESERVE_EXACT_PHYSICAL_CORROBORATION,PRESERVE_PHYSICAL_CORROBORATION,PRESERVE,NONE,NO_RUNTIME_CLAIM
LEARNING_PATH_VERSIONS,M04,learning_path_id,UUID,NOT NULL; FK→learning_paths.id,learning_path_versions,learning_path_id,YES,UUID NOT NULL REFERENCES learning_paths(id) ON DELETE CASCADE,PRESERVE_EXACT_PHYSICAL_CORROBORATION,PRESERVE_PHYSICAL_CORROBORATION,PRESERVE,NONE,NO_RUNTIME_CLAIM
LEARNING_PATH_VERSIONS,M04,version_no,INT,NOT NULL,learning_path_versions,version_no,YES,INT NOT NULL,PRESERVE_EXACT_PHYSICAL_CORROBORATION,PRESERVE_PHYSICAL_CORROBORATION,PRESERVE,NONE,NO_RUNTIME_CLAIM
LEARNING_PATH_VERSIONS,M04,status,TEXT,NOT NULL,learning_path_versions,status,YES,"TEXT NOT NULL DEFAULT 'draft'
    CHECK (status IN ('draft','published','retired'))",PRESERVE_EXACT_PHYSICAL_CORROBORATION,PRESERVE_PHYSICAL_CORROBORATION,PRESERVE,NONE,NO_RUNTIME_CLAIM
LEARNING_PATH_VERSIONS,M04,effective_from,TIMESTAMPTZ,,learning_path_versions,effective_from,YES,TIMESTAMPTZ,PRESERVE_EXACT_PHYSICAL_CORROBORATION,PRESERVE_PHYSICAL_CORROBORATION,PRESERVE,NONE,NO_RUNTIME_CLAIM
LEARNING_PATH_VERSIONS,M04,effective_to,TIMESTAMPTZ,,learning_path_versions,effective_to,YES,TIMESTAMPTZ,PRESERVE_EXACT_PHYSICAL_CORROBORATION,PRESERVE_PHYSICAL_CORROBORATION,PRESERVE,NONE,NO_RUNTIME_CLAIM
LEARNING_PATH_VERSIONS,M04,definition_snapshot,JSONB,NOT NULL,learning_path_versions,definition_snapshot,YES,JSONB NOT NULL DEFAULT '{}'::jsonb,PRESERVE_EXACT_PHYSICAL_CORROBORATION,PRESERVE_PHYSICAL_CORROBORATION,PRESERVE,NONE,NO_RUNTIME_CLAIM
LEARNING_PATH_VERSIONS,M04,created_at,TIMESTAMPTZ,NOT NULL,learning_path_versions,created_at,YES,TIMESTAMPTZ NOT NULL DEFAULT now(),PRESERVE_EXACT_PHYSICAL_CORROBORATION,PRESERVE_PHYSICAL_CORROBORATION,PRESERVE,NONE,NO_RUNTIME_CLAIM
LEARNING_PATH_VERSIONS,M04,updated_at,TIMESTAMPTZ,NOT NULL,learning_path_versions,updated_at,YES,TIMESTAMPTZ NOT NULL DEFAULT now(),PRESERVE_EXACT_PHYSICAL_CORROBORATION,PRESERVE_PHYSICAL_CORROBORATION,PRESERVE,NONE,NO_RUNTIME_CLAIM
LEARNING_ACTIVITIES,M04,id,UUID,PK,learning_activities,id,YES,UUID PRIMARY KEY DEFAULT gen_random_uuid(),PRESERVE_EXACT_PHYSICAL_CORROBORATION,PRESERVE_PHYSICAL_CORROBORATION,PRESERVE,NONE,NO_RUNTIME_CLAIM
LEARNING_ACTIVITIES,M04,learning_path_version_id,UUID,FK→learning_path_versions.id,learning_activities,learning_path_version_id,YES,UUID REFERENCES learning_path_versions(id) ON DELETE SET NULL,PRESERVE_EXACT_PHYSICAL_CORROBORATION,PRESERVE_PHYSICAL_CORROBORATION,PRESERVE,NONE,NO_RUNTIME_CLAIM
LEARNING_ACTIVITIES,M04,code,VARCHAR(100),NOT NULL,learning_activities,code,YES,VARCHAR(100) NOT NULL,PRESERVE_EXACT_PHYSICAL_CORROBORATION,PRESERVE_PHYSICAL_CORROBORATION,PRESERVE,NONE,NO_RUNTIME_CLAIM
LEARNING_ACTIVITIES,M04,activity_type,TEXT,NOT NULL,learning_activities,activity_type,YES,"TEXT NOT NULL
    CHECK (activity_type IN ('course','module','lesson','video','assessment','session','external_learning','other'))",PRESERVE_EXACT_PHYSICAL_CORROBORATION,PRESERVE_PHYSICAL_CORROBORATION,PRESERVE,NONE,NO_RUNTIME_CLAIM
LEARNING_ACTIVITIES,M04,title,VARCHAR(200),NOT NULL,learning_activities,title,YES,VARCHAR(200) NOT NULL,PRESERVE_EXACT_PHYSICAL_CORROBORATION,PRESERVE_PHYSICAL_CORROBORATION,PRESERVE,NONE,NO_RUNTIME_CLAIM
LEARNING_ACTIVITIES,M04,description,TEXT,,learning_activities,description,YES,TEXT,PRESERVE_EXACT_PHYSICAL_CORROBORATION,PRESERVE_PHYSICAL_CORROBORATION,PRESERVE,NONE,NO_RUNTIME_CLAIM
LEARNING_ACTIVITIES,M04,sequence_no,INT,NOT NULL,learning_activities,sequence_no,YES,INT NOT NULL DEFAULT 0,PRESERVE_EXACT_PHYSICAL_CORROBORATION,PRESERVE_PHYSICAL_CORROBORATION,PRESERVE,NONE,NO_RUNTIME_CLAIM
LEARNING_ACTIVITIES,M04,completion_required,BOOLEAN,NOT NULL,learning_activities,completion_required,YES,BOOLEAN NOT NULL DEFAULT true,PRESERVE_EXACT_PHYSICAL_CORROBORATION,PRESERVE_PHYSICAL_CORROBORATION,PRESERVE,NONE,NO_RUNTIME_CLAIM
LEARNING_ACTIVITIES,M04,reward_lp,"NUMERIC(18,2)",NOT NULL,learning_activities,reward_lp,YES,"NUMERIC(18,2) NOT NULL DEFAULT 0 CHECK (reward_lp >= 0)",PRESERVE_EXACT_PHYSICAL_CORROBORATION,PRESERVE_PHYSICAL_CORROBORATION,PRESERVE,NONE,NO_RUNTIME_CLAIM
LEARNING_ACTIVITIES,M04,status,TEXT,NOT NULL,learning_activities,status,YES,"TEXT NOT NULL DEFAULT 'active'
    CHECK (status IN ('active','inactive','archived'))",PRESERVE_EXACT_PHYSICAL_CORROBORATION,PRESERVE_PHYSICAL_CORROBORATION,PRESERVE,NONE,NO_RUNTIME_CLAIM
LEARNING_ACTIVITIES,M04,created_at,TIMESTAMPTZ,NOT NULL,learning_activities,created_at,YES,TIMESTAMPTZ NOT NULL DEFAULT now(),PRESERVE_EXACT_PHYSICAL_CORROBORATION,PRESERVE_PHYSICAL_CORROBORATION,PRESERVE,NONE,NO_RUNTIME_CLAIM
LEARNING_ACTIVITIES,M04,updated_at,TIMESTAMPTZ,NOT NULL,learning_activities,updated_at,YES,TIMESTAMPTZ NOT NULL DEFAULT now(),PRESERVE_EXACT_PHYSICAL_CORROBORATION,PRESERVE_PHYSICAL_CORROBORATION,PRESERVE,NONE,NO_RUNTIME_CLAIM
LEARNING_ACTIVITY_COMPLETIONS,M04,id,UUID,PK,learning_activity_completions,id,YES,UUID PRIMARY KEY DEFAULT gen_random_uuid(),PRESERVE_EXACT_PHYSICAL_CORROBORATION,PRESERVE_PHYSICAL_CORROBORATION,PRESERVE,NONE,NO_RUNTIME_CLAIM
LEARNING_ACTIVITY_COMPLETIONS,M04,learning_activity_id,UUID,NOT NULL; FK→learning_activities.id,learning_activity_completions,learning_activity_id,YES,UUID NOT NULL REFERENCES learning_activities(id) ON DELETE RESTRICT,PRESERVE_EXACT_PHYSICAL_CORROBORATION,PRESERVE_PHYSICAL_CORROBORATION,PRESERVE,NONE,NO_RUNTIME_CLAIM
LEARNING_ACTIVITY_COMPLETIONS,M04,user_id,UUID,NOT NULL; FK→users.id,learning_activity_completions,user_id,YES,UUID NOT NULL REFERENCES users(id) ON DELETE CASCADE,PRESERVE_EXACT_PHYSICAL_CORROBORATION,PRESERVE_PHYSICAL_CORROBORATION,PRESERVE,NONE,NO_RUNTIME_CLAIM
LEARNING_ACTIVITY_COMPLETIONS,M04,completion_status,TEXT,NOT NULL,learning_activity_completions,completion_status,YES,"TEXT NOT NULL
    CHECK (completion_status IN ('started','completed','failed','cancelled','reversed'))",PRESERVE_EXACT_PHYSICAL_CORROBORATION,PRESERVE_PHYSICAL_CORROBORATION,PRESERVE,NONE,NO_RUNTIME_CLAIM
LEARNING_ACTIVITY_COMPLETIONS,M04,outcome,TEXT,,learning_activity_completions,outcome,YES,TEXT,PRESERVE_EXACT_PHYSICAL_CORROBORATION,PRESERVE_PHYSICAL_CORROBORATION,PRESERVE,NONE,NO_RUNTIME_CLAIM
LEARNING_ACTIVITY_COMPLETIONS,M04,evidence_reference,TEXT,,learning_activity_completions,evidence_reference,YES,TEXT,PRESERVE_EXACT_PHYSICAL_CORROBORATION,PRESERVE_PHYSICAL_CORROBORATION,PRESERVE,NONE,NO_RUNTIME_CLAIM
LEARNING_ACTIVITY_COMPLETIONS,M04,attempt_no,INT,NOT NULL,learning_activity_completions,attempt_no,YES,INT NOT NULL DEFAULT 1 CHECK (attempt_no > 0),PRESERVE_EXACT_PHYSICAL_CORROBORATION,PRESERVE_PHYSICAL_CORROBORATION,PRESERVE,NONE,NO_RUNTIME_CLAIM
LEARNING_ACTIVITY_COMPLETIONS,M04,completed_at,TIMESTAMPTZ,,learning_activity_completions,completed_at,YES,TIMESTAMPTZ,PRESERVE_EXACT_PHYSICAL_CORROBORATION,PRESERVE_PHYSICAL_CORROBORATION,PRESERVE,NONE,NO_RUNTIME_CLAIM
LEARNING_ACTIVITY_COMPLETIONS,M04,created_at,TIMESTAMPTZ,NOT NULL,learning_activity_completions,created_at,YES,TIMESTAMPTZ NOT NULL DEFAULT now(),PRESERVE_EXACT_PHYSICAL_CORROBORATION,PRESERVE_PHYSICAL_CORROBORATION,PRESERVE,NONE,NO_RUNTIME_CLAIM
LEARNING_ACTIVITY_COMPLETIONS,M04,updated_at,TIMESTAMPTZ,NOT NULL,learning_activity_completions,updated_at,YES,TIMESTAMPTZ NOT NULL DEFAULT now(),PRESERVE_EXACT_PHYSICAL_CORROBORATION,PRESERVE_PHYSICAL_CORROBORATION,PRESERVE,NONE,NO_RUNTIME_CLAIM
LEARNING_POINT_ACCOUNTS,M04,id,UUID,PK,learning_point_accounts,id,YES,UUID PRIMARY KEY DEFAULT gen_random_uuid(),PRESERVE_EXACT_PHYSICAL_CORROBORATION,PRESERVE_PHYSICAL_CORROBORATION,PRESERVE,NONE,NO_RUNTIME_CLAIM
LEARNING_POINT_ACCOUNTS,M04,user_id,UUID,NOT NULL; UNIQUE; FK→users.id,learning_point_accounts,user_id,YES,UUID UNIQUE NOT NULL REFERENCES users(id) ON DELETE CASCADE,PRESERVE_EXACT_PHYSICAL_CORROBORATION,PRESERVE_PHYSICAL_CORROBORATION,PRESERVE,NONE,NO_RUNTIME_CLAIM
LEARNING_POINT_ACCOUNTS,M04,balance_projection,"NUMERIC(18,2)",NOT NULL,learning_point_accounts,balance_projection,YES,"NUMERIC(18,2) NOT NULL DEFAULT 0 CHECK (balance_projection >= 0)",PRESERVE_EXACT_PHYSICAL_CORROBORATION,PRESERVE_PHYSICAL_CORROBORATION,PRESERVE,NONE,NO_RUNTIME_CLAIM
LEARNING_POINT_ACCOUNTS,M04,status,TEXT,NOT NULL,learning_point_accounts,status,YES,"TEXT NOT NULL DEFAULT 'active'
    CHECK (status IN ('active','suspended','closed'))",PRESERVE_EXACT_PHYSICAL_CORROBORATION,PRESERVE_PHYSICAL_CORROBORATION,PRESERVE,NONE,NO_RUNTIME_CLAIM
LEARNING_POINT_ACCOUNTS,M04,created_at,TIMESTAMPTZ,NOT NULL,learning_point_accounts,created_at,YES,TIMESTAMPTZ NOT NULL DEFAULT now(),PRESERVE_EXACT_PHYSICAL_CORROBORATION,PRESERVE_PHYSICAL_CORROBORATION,PRESERVE,NONE,NO_RUNTIME_CLAIM
LEARNING_POINT_ACCOUNTS,M04,updated_at,TIMESTAMPTZ,NOT NULL,learning_point_accounts,updated_at,YES,TIMESTAMPTZ NOT NULL DEFAULT now(),PRESERVE_EXACT_PHYSICAL_CORROBORATION,PRESERVE_PHYSICAL_CORROBORATION,PRESERVE,NONE,NO_RUNTIME_CLAIM
LEARNING_POINT_TRANSACTIONS,M04,id,UUID,PK,learning_point_transactions,id,YES,UUID PRIMARY KEY DEFAULT gen_random_uuid(),PRESERVE_EXACT_PHYSICAL_CORROBORATION,PRESERVE_PHYSICAL_CORROBORATION,PRESERVE,NONE,NO_RUNTIME_CLAIM
LEARNING_POINT_TRANSACTIONS,M04,account_id,UUID,NOT NULL; FK→learning_point_accounts.id,learning_point_transactions,account_id,YES,UUID NOT NULL REFERENCES learning_point_accounts(id) ON DELETE RESTRICT,PRESERVE_EXACT_PHYSICAL_CORROBORATION,PRESERVE_PHYSICAL_CORROBORATION,PRESERVE,NONE,NO_RUNTIME_CLAIM
LEARNING_POINT_TRANSACTIONS,M04,user_id,UUID,NOT NULL; FK→users.id,learning_point_transactions,user_id,YES,UUID NOT NULL REFERENCES users(id) ON DELETE RESTRICT,PRESERVE_EXACT_PHYSICAL_CORROBORATION,PRESERVE_PHYSICAL_CORROBORATION,PRESERVE,NONE,NO_RUNTIME_CLAIM
LEARNING_POINT_TRANSACTIONS,M04,transaction_type,TEXT,NOT NULL,learning_point_transactions,transaction_type,YES,"TEXT NOT NULL
    CHECK (transaction_type IN ('earned','purchased','redeemed','used','adjustment','reversal'))",PRESERVE_EXACT_PHYSICAL_CORROBORATION,PRESERVE_PHYSICAL_CORROBORATION,PRESERVE,NONE,NO_RUNTIME_CLAIM
LEARNING_POINT_TRANSACTIONS,M04,amount,"NUMERIC(18,2)",NOT NULL,learning_point_transactions,amount,YES,"NUMERIC(18,2) NOT NULL CHECK (amount <> 0)",PRESERVE_EXACT_PHYSICAL_CORROBORATION,PRESERVE_PHYSICAL_CORROBORATION,PRESERVE,NONE,NO_RUNTIME_CLAIM
LEARNING_POINT_TRANSACTIONS,M04,source_type,VARCHAR(100),NOT NULL,learning_point_transactions,source_type,YES,VARCHAR(100) NOT NULL,PRESERVE_EXACT_PHYSICAL_CORROBORATION,PRESERVE_PHYSICAL_CORROBORATION,PRESERVE,NONE,NO_RUNTIME_CLAIM
LEARNING_POINT_TRANSACTIONS,M04,source_reference,TEXT,,learning_point_transactions,source_reference,YES,TEXT,PRESERVE_EXACT_PHYSICAL_CORROBORATION,PRESERVE_PHYSICAL_CORROBORATION,PRESERVE,NONE,NO_RUNTIME_CLAIM
LEARNING_POINT_TRANSACTIONS,M04,idempotency_key,VARCHAR(150),UNIQUE,learning_point_transactions,idempotency_key,YES,VARCHAR(150) UNIQUE,PRESERVE_EXACT_PHYSICAL_CORROBORATION,PRESERVE_PHYSICAL_CORROBORATION,PRESERVE,NONE,NO_RUNTIME_CLAIM
LEARNING_POINT_TRANSACTIONS,M04,occurred_at,TIMESTAMPTZ,NOT NULL,learning_point_transactions,occurred_at,YES,TIMESTAMPTZ NOT NULL DEFAULT now(),PRESERVE_EXACT_PHYSICAL_CORROBORATION,PRESERVE_PHYSICAL_CORROBORATION,PRESERVE,NONE,NO_RUNTIME_CLAIM
LEARNING_POINT_TRANSACTIONS,M04,created_at,TIMESTAMPTZ,NOT NULL,learning_point_transactions,created_at,YES,TIMESTAMPTZ NOT NULL DEFAULT now(),PRESERVE_EXACT_PHYSICAL_CORROBORATION,PRESERVE_PHYSICAL_CORROBORATION,PRESERVE,NONE,NO_RUNTIME_CLAIM
LEARNING_UNLOCK_PROGRESSIONS,M04,id,UUID,PK,learning_unlock_progressions,id,YES,UUID PRIMARY KEY DEFAULT gen_random_uuid(),PRESERVE_EXACT_PHYSICAL_CORROBORATION,PRESERVE_PHYSICAL_CORROBORATION,PRESERVE,NONE,NO_RUNTIME_CLAIM
LEARNING_UNLOCK_PROGRESSIONS,M04,user_id,UUID,NOT NULL; FK→users.id,learning_unlock_progressions,user_id,YES,UUID NOT NULL REFERENCES users(id) ON DELETE CASCADE,PRESERVE_EXACT_PHYSICAL_CORROBORATION,PRESERVE_PHYSICAL_CORROBORATION,PRESERVE,NONE,NO_RUNTIME_CLAIM
LEARNING_UNLOCK_PROGRESSIONS,M04,learning_path_version_id,UUID,NOT NULL; FK→learning_path_versions.id,learning_unlock_progressions,learning_path_version_id,YES,UUID NOT NULL REFERENCES learning_path_versions(id) ON DELETE RESTRICT,PRESERVE_EXACT_PHYSICAL_CORROBORATION,PRESERVE_PHYSICAL_CORROBORATION,PRESERVE,NONE,NO_RUNTIME_CLAIM
LEARNING_UNLOCK_PROGRESSIONS,M04,state,TEXT,NOT NULL,learning_unlock_progressions,state,YES,"TEXT NOT NULL
    CHECK (state IN ('locked','unlocked','in_progress','completed','revoked'))",PRESERVE_EXACT_PHYSICAL_CORROBORATION,PRESERVE_PHYSICAL_CORROBORATION,PRESERVE,NONE,NO_RUNTIME_CLAIM
LEARNING_UNLOCK_PROGRESSIONS,M04,source_type,VARCHAR(100),,learning_unlock_progressions,source_type,YES,VARCHAR(100),PRESERVE_EXACT_PHYSICAL_CORROBORATION,PRESERVE_PHYSICAL_CORROBORATION,PRESERVE,NONE,NO_RUNTIME_CLAIM
LEARNING_UNLOCK_PROGRESSIONS,M04,source_reference,TEXT,,learning_unlock_progressions,source_reference,YES,TEXT,PRESERVE_EXACT_PHYSICAL_CORROBORATION,PRESERVE_PHYSICAL_CORROBORATION,PRESERVE,NONE,NO_RUNTIME_CLAIM
LEARNING_UNLOCK_PROGRESSIONS,M04,unlocked_at,TIMESTAMPTZ,,learning_unlock_progressions,unlocked_at,YES,TIMESTAMPTZ,PRESERVE_EXACT_PHYSICAL_CORROBORATION,PRESERVE_PHYSICAL_CORROBORATION,PRESERVE,NONE,NO_RUNTIME_CLAIM
LEARNING_UNLOCK_PROGRESSIONS,M04,completed_at,TIMESTAMPTZ,,learning_unlock_progressions,completed_at,YES,TIMESTAMPTZ,PRESERVE_EXACT_PHYSICAL_CORROBORATION,PRESERVE_PHYSICAL_CORROBORATION,PRESERVE,NONE,NO_RUNTIME_CLAIM
LEARNING_UNLOCK_PROGRESSIONS,M04,created_at,TIMESTAMPTZ,NOT NULL,learning_unlock_progressions,created_at,YES,TIMESTAMPTZ NOT NULL DEFAULT now(),PRESERVE_EXACT_PHYSICAL_CORROBORATION,PRESERVE_PHYSICAL_CORROBORATION,PRESERVE,NONE,NO_RUNTIME_CLAIM
LEARNING_UNLOCK_PROGRESSIONS,M04,updated_at,TIMESTAMPTZ,NOT NULL,learning_unlock_progressions,updated_at,YES,TIMESTAMPTZ NOT NULL DEFAULT now(),PRESERVE_EXACT_PHYSICAL_CORROBORATION,PRESERVE_PHYSICAL_CORROBORATION,PRESERVE,NONE,NO_RUNTIME_CLAIM
SUBSCRIPTIONS,M14,id,UUID,PK,subscriptions,id,YES,UUID PRIMARY KEY DEFAULT gen_random_uuid(),PRESERVE_EXACT_PHYSICAL_CORROBORATION,PRESERVE_PHYSICAL_CORROBORATION,PRESERVE,NONE,NO_RUNTIME_CLAIM
SUBSCRIPTIONS,M14,user_id,UUID,FK→users.id,subscriptions,user_id,YES,UUID REFERENCES users(id) ON DELETE SET NULL,PRESERVE_EXACT_PHYSICAL_CORROBORATION,PRESERVE_PHYSICAL_CORROBORATION,PRESERVE,NONE,NO_RUNTIME_CLAIM
SUBSCRIPTIONS,M14,organization_id,UUID,FK→organizations.id,subscriptions,organization_id,YES,UUID REFERENCES organizations(id) ON DELETE SET NULL,PRESERVE_EXACT_PHYSICAL_CORROBORATION,PRESERVE_PHYSICAL_CORROBORATION,PRESERVE,NONE,NO_RUNTIME_CLAIM
SUBSCRIPTIONS,M14,product_code,VARCHAR(100),NOT NULL,subscriptions,product_code,YES,VARCHAR(100) NOT NULL,PRESERVE_EXACT_PHYSICAL_CORROBORATION,PRESERVE_PHYSICAL_CORROBORATION,PRESERVE,NONE,NO_RUNTIME_CLAIM
SUBSCRIPTIONS,M14,status,TEXT,NOT NULL,subscriptions,status,YES,"TEXT NOT NULL
    CHECK (status IN ('pending','active','paused','expired','cancelled','terminated'))",PRESERVE_EXACT_PHYSICAL_CORROBORATION,PRESERVE_PHYSICAL_CORROBORATION,PRESERVE,NONE,NO_RUNTIME_CLAIM
SUBSCRIPTIONS,M14,starts_at,TIMESTAMPTZ,,subscriptions,starts_at,YES,TIMESTAMPTZ,PRESERVE_EXACT_PHYSICAL_CORROBORATION,PRESERVE_PHYSICAL_CORROBORATION,PRESERVE,NONE,NO_RUNTIME_CLAIM
SUBSCRIPTIONS,M14,ends_at,TIMESTAMPTZ,,subscriptions,ends_at,YES,TIMESTAMPTZ,PRESERVE_EXACT_PHYSICAL_CORROBORATION,PRESERVE_PHYSICAL_CORROBORATION,PRESERVE,NONE,NO_RUNTIME_CLAIM
SUBSCRIPTIONS,M14,renews_at,TIMESTAMPTZ,,subscriptions,renews_at,YES,TIMESTAMPTZ,PRESERVE_EXACT_PHYSICAL_CORROBORATION,PRESERVE_PHYSICAL_CORROBORATION,PRESERVE,NONE,NO_RUNTIME_CLAIM
SUBSCRIPTIONS,M14,historical_purchase_snapshot,JSONB,NOT NULL,subscriptions,historical_purchase_snapshot,YES,JSONB NOT NULL DEFAULT '{}'::jsonb,PRESERVE_EXACT_PHYSICAL_CORROBORATION,PRESERVE_PHYSICAL_CORROBORATION,PRESERVE,NONE,NO_RUNTIME_CLAIM
SUBSCRIPTIONS,M14,created_at,TIMESTAMPTZ,NOT NULL,subscriptions,created_at,YES,TIMESTAMPTZ NOT NULL DEFAULT now(),PRESERVE_EXACT_PHYSICAL_CORROBORATION,PRESERVE_PHYSICAL_CORROBORATION,PRESERVE,NONE,NO_RUNTIME_CLAIM
SUBSCRIPTIONS,M14,updated_at,TIMESTAMPTZ,NOT NULL,subscriptions,updated_at,YES,TIMESTAMPTZ NOT NULL DEFAULT now(),PRESERVE_EXACT_PHYSICAL_CORROBORATION,PRESERVE_PHYSICAL_CORROBORATION,PRESERVE,NONE,NO_RUNTIME_CLAIM
PROMOTIONS,M14,id,UUID,PK,promotions,id,YES,UUID PRIMARY KEY DEFAULT gen_random_uuid(),PRESERVE_EXACT_PHYSICAL_CORROBORATION,PRESERVE_PHYSICAL_CORROBORATION,PRESERVE,NONE,NO_RUNTIME_CLAIM
PROMOTIONS,M14,code,VARCHAR(100),NOT NULL; UNIQUE,promotions,code,YES,VARCHAR(100) UNIQUE NOT NULL,PRESERVE_EXACT_PHYSICAL_CORROBORATION,PRESERVE_PHYSICAL_CORROBORATION,PRESERVE,NONE,NO_RUNTIME_CLAIM
PROMOTIONS,M14,name,VARCHAR(200),NOT NULL,promotions,name,YES,VARCHAR(200) NOT NULL,PRESERVE_EXACT_PHYSICAL_CORROBORATION,PRESERVE_PHYSICAL_CORROBORATION,PRESERVE,NONE,NO_RUNTIME_CLAIM
PROMOTIONS,M14,rule_configuration,JSONB,NOT NULL,promotions,rule_configuration,YES,JSONB NOT NULL DEFAULT '{}'::jsonb,PRESERVE_EXACT_PHYSICAL_CORROBORATION,PRESERVE_PHYSICAL_CORROBORATION,PRESERVE,NONE,NO_RUNTIME_CLAIM
PROMOTIONS,M14,eligibility_configuration,JSONB,NOT NULL,promotions,eligibility_configuration,YES,JSONB NOT NULL DEFAULT '{}'::jsonb,PRESERVE_EXACT_PHYSICAL_CORROBORATION,PRESERVE_PHYSICAL_CORROBORATION,PRESERVE,NONE,NO_RUNTIME_CLAIM
PROMOTIONS,M14,benefit_configuration,JSONB,NOT NULL,promotions,benefit_configuration,YES,JSONB NOT NULL DEFAULT '{}'::jsonb,PRESERVE_EXACT_PHYSICAL_CORROBORATION,PRESERVE_PHYSICAL_CORROBORATION,PRESERVE,NONE,NO_RUNTIME_CLAIM
PROMOTIONS,M14,valid_from,TIMESTAMPTZ,,promotions,valid_from,YES,TIMESTAMPTZ,PRESERVE_EXACT_PHYSICAL_CORROBORATION,PRESERVE_PHYSICAL_CORROBORATION,PRESERVE,NONE,NO_RUNTIME_CLAIM
PROMOTIONS,M14,valid_to,TIMESTAMPTZ,,promotions,valid_to,YES,TIMESTAMPTZ,PRESERVE_EXACT_PHYSICAL_CORROBORATION,PRESERVE_PHYSICAL_CORROBORATION,PRESERVE,NONE,NO_RUNTIME_CLAIM
PROMOTIONS,M14,status,TEXT,NOT NULL,promotions,status,YES,"TEXT NOT NULL DEFAULT 'draft'
    CHECK (status IN ('draft','scheduled','active','expired','disabled'))",PRESERVE_EXACT_PHYSICAL_CORROBORATION,PRESERVE_PHYSICAL_CORROBORATION,PRESERVE,NONE,NO_RUNTIME_CLAIM
PROMOTIONS,M14,created_at,TIMESTAMPTZ,NOT NULL,promotions,created_at,YES,TIMESTAMPTZ NOT NULL DEFAULT now(),PRESERVE_EXACT_PHYSICAL_CORROBORATION,PRESERVE_PHYSICAL_CORROBORATION,PRESERVE,NONE,NO_RUNTIME_CLAIM
PROMOTIONS,M14,updated_at,TIMESTAMPTZ,NOT NULL,promotions,updated_at,YES,TIMESTAMPTZ NOT NULL DEFAULT now(),PRESERVE_EXACT_PHYSICAL_CORROBORATION,PRESERVE_PHYSICAL_CORROBORATION,PRESERVE,NONE,NO_RUNTIME_CLAIM
ADDONS,M14,id,UUID,PK,addons,id,YES,UUID PRIMARY KEY DEFAULT gen_random_uuid(),PRESERVE_EXACT_PHYSICAL_CORROBORATION,PRESERVE_PHYSICAL_CORROBORATION,PRESERVE,NONE,NO_RUNTIME_CLAIM
ADDONS,M14,code,VARCHAR(100),NOT NULL; UNIQUE,addons,code,YES,VARCHAR(100) UNIQUE NOT NULL,PRESERVE_EXACT_PHYSICAL_CORROBORATION,PRESERVE_PHYSICAL_CORROBORATION,PRESERVE,NONE,NO_RUNTIME_CLAIM
ADDONS,M14,name,VARCHAR(200),NOT NULL,addons,name,YES,VARCHAR(200) NOT NULL,PRESERVE_EXACT_PHYSICAL_CORROBORATION,PRESERVE_PHYSICAL_CORROBORATION,PRESERVE,NONE,NO_RUNTIME_CLAIM
ADDONS,M14,validity_type,TEXT,NOT NULL,addons,validity_type,YES,"TEXT NOT NULL
    CHECK (validity_type IN ('permanent','fixed_period','usage_based'))",PRESERVE_EXACT_PHYSICAL_CORROBORATION,PRESERVE_PHYSICAL_CORROBORATION,PRESERVE,NONE,NO_RUNTIME_CLAIM
ADDONS,M14,validity_days,INT,,addons,validity_days,YES,INT CHECK (validity_days IS NULL OR validity_days > 0),PRESERVE_EXACT_PHYSICAL_CORROBORATION,PRESERVE_PHYSICAL_CORROBORATION,PRESERVE,NONE,NO_RUNTIME_CLAIM
ADDONS,M14,capacity_type,VARCHAR(100),,addons,capacity_type,YES,VARCHAR(100),PRESERVE_EXACT_PHYSICAL_CORROBORATION,PRESERVE_PHYSICAL_CORROBORATION,PRESERVE,NONE,NO_RUNTIME_CLAIM
ADDONS,M14,capacity_value,"NUMERIC(18,2)",,addons,capacity_value,YES,"NUMERIC(18,2)",PRESERVE_EXACT_PHYSICAL_CORROBORATION,PRESERVE_PHYSICAL_CORROBORATION,PRESERVE,NONE,NO_RUNTIME_CLAIM
ADDONS,M14,promotion_id,UUID,FK→promotions.id,addons,promotion_id,YES,UUID REFERENCES promotions(id) ON DELETE SET NULL,PRESERVE_EXACT_PHYSICAL_CORROBORATION,PRESERVE_PHYSICAL_CORROBORATION,PRESERVE,NONE,NO_RUNTIME_CLAIM
ADDONS,M14,status,TEXT,NOT NULL,addons,status,YES,"TEXT NOT NULL DEFAULT 'active'
    CHECK (status IN ('active','inactive','archived'))",PRESERVE_EXACT_PHYSICAL_CORROBORATION,PRESERVE_PHYSICAL_CORROBORATION,PRESERVE,NONE,NO_RUNTIME_CLAIM
ADDONS,M14,configuration,JSONB,NOT NULL,addons,configuration,YES,JSONB NOT NULL DEFAULT '{}'::jsonb,PRESERVE_EXACT_PHYSICAL_CORROBORATION,PRESERVE_PHYSICAL_CORROBORATION,PRESERVE,NONE,NO_RUNTIME_CLAIM
ADDONS,M14,created_at,TIMESTAMPTZ,NOT NULL,addons,created_at,YES,TIMESTAMPTZ NOT NULL DEFAULT now(),PRESERVE_EXACT_PHYSICAL_CORROBORATION,PRESERVE_PHYSICAL_CORROBORATION,PRESERVE,NONE,NO_RUNTIME_CLAIM
ADDONS,M14,updated_at,TIMESTAMPTZ,NOT NULL,addons,updated_at,YES,TIMESTAMPTZ NOT NULL DEFAULT now(),PRESERVE_EXACT_PHYSICAL_CORROBORATION,PRESERVE_PHYSICAL_CORROBORATION,PRESERVE,NONE,NO_RUNTIME_CLAIM
COMMERCIAL_ORDERS,M14,id,UUID,PK,commercial_orders,id,YES,UUID PRIMARY KEY DEFAULT gen_random_uuid(),PRESERVE_EXACT_PHYSICAL_CORROBORATION,PRESERVE_PHYSICAL_CORROBORATION,PRESERVE,NONE,NO_RUNTIME_CLAIM
COMMERCIAL_ORDERS,M14,order_number,VARCHAR(100),NOT NULL; UNIQUE,commercial_orders,order_number,YES,VARCHAR(100) UNIQUE NOT NULL,PRESERVE_EXACT_PHYSICAL_CORROBORATION,PRESERVE_PHYSICAL_CORROBORATION,PRESERVE,NONE,NO_RUNTIME_CLAIM
COMMERCIAL_ORDERS,M14,user_id,UUID,FK→users.id,commercial_orders,user_id,YES,UUID REFERENCES users(id) ON DELETE SET NULL,PRESERVE_EXACT_PHYSICAL_CORROBORATION,PRESERVE_PHYSICAL_CORROBORATION,PRESERVE,NONE,NO_RUNTIME_CLAIM
COMMERCIAL_ORDERS,M14,organization_id,UUID,FK→organizations.id,commercial_orders,organization_id,YES,UUID REFERENCES organizations(id) ON DELETE SET NULL,PRESERVE_EXACT_PHYSICAL_CORROBORATION,PRESERVE_PHYSICAL_CORROBORATION,PRESERVE,NONE,NO_RUNTIME_CLAIM
COMMERCIAL_ORDERS,M14,subscription_id,UUID,FK→subscriptions.id,commercial_orders,subscription_id,YES,UUID REFERENCES subscriptions(id) ON DELETE SET NULL,PRESERVE_EXACT_PHYSICAL_CORROBORATION,PRESERVE_PHYSICAL_CORROBORATION,PRESERVE,NONE,NO_RUNTIME_CLAIM
COMMERCIAL_ORDERS,M14,addon_id,UUID,FK→addons.id,commercial_orders,addon_id,YES,UUID REFERENCES addons(id) ON DELETE SET NULL,PRESERVE_EXACT_PHYSICAL_CORROBORATION,PRESERVE_PHYSICAL_CORROBORATION,PRESERVE,NONE,NO_RUNTIME_CLAIM
COMMERCIAL_ORDERS,M14,promotion_id,UUID,FK→promotions.id,commercial_orders,promotion_id,YES,UUID REFERENCES promotions(id) ON DELETE SET NULL,PRESERVE_EXACT_PHYSICAL_CORROBORATION,PRESERVE_PHYSICAL_CORROBORATION,PRESERVE,NONE,NO_RUNTIME_CLAIM
COMMERCIAL_ORDERS,M14,amount,"NUMERIC(18,2)",NOT NULL,commercial_orders,amount,YES,"NUMERIC(18,2) NOT NULL CHECK (amount >= 0)",PRESERVE_EXACT_PHYSICAL_CORROBORATION,PRESERVE_PHYSICAL_CORROBORATION,PRESERVE,NONE,NO_RUNTIME_CLAIM
COMMERCIAL_ORDERS,M14,currency,CHAR(3),NOT NULL,commercial_orders,currency,YES,CHAR(3) NOT NULL DEFAULT 'IDR',PRESERVE_EXACT_PHYSICAL_CORROBORATION,PRESERVE_PHYSICAL_CORROBORATION,PRESERVE,NONE,NO_RUNTIME_CLAIM
COMMERCIAL_ORDERS,M14,status,TEXT,NOT NULL,commercial_orders,status,YES,"TEXT NOT NULL
    CHECK (status IN ('draft','pending_payment','paid','fulfilled','cancelled','expired','refunded','partially_refunded'))",PRESERVE_EXACT_PHYSICAL_CORROBORATION,PRESERVE_PHYSICAL_CORROBORATION,PRESERVE,NONE,NO_RUNTIME_CLAIM
COMMERCIAL_ORDERS,M14,commercial_snapshot,JSONB,NOT NULL,commercial_orders,commercial_snapshot,YES,JSONB NOT NULL,PRESERVE_EXACT_PHYSICAL_CORROBORATION,PRESERVE_PHYSICAL_CORROBORATION,PRESERVE,NONE,NO_RUNTIME_CLAIM
COMMERCIAL_ORDERS,M14,placed_at,TIMESTAMPTZ,NOT NULL,commercial_orders,placed_at,YES,TIMESTAMPTZ NOT NULL DEFAULT now(),PRESERVE_EXACT_PHYSICAL_CORROBORATION,PRESERVE_PHYSICAL_CORROBORATION,PRESERVE,NONE,NO_RUNTIME_CLAIM
COMMERCIAL_ORDERS,M14,confirmed_at,TIMESTAMPTZ,,commercial_orders,confirmed_at,YES,TIMESTAMPTZ,PRESERVE_EXACT_PHYSICAL_CORROBORATION,PRESERVE_PHYSICAL_CORROBORATION,PRESERVE,NONE,NO_RUNTIME_CLAIM
COMMERCIAL_ORDERS,M14,created_at,TIMESTAMPTZ,NOT NULL,commercial_orders,created_at,YES,TIMESTAMPTZ NOT NULL DEFAULT now(),PRESERVE_EXACT_PHYSICAL_CORROBORATION,PRESERVE_PHYSICAL_CORROBORATION,PRESERVE,NONE,NO_RUNTIME_CLAIM
COMMERCIAL_ORDERS,M14,updated_at,TIMESTAMPTZ,NOT NULL,commercial_orders,updated_at,YES,TIMESTAMPTZ NOT NULL DEFAULT now(),PRESERVE_EXACT_PHYSICAL_CORROBORATION,PRESERVE_PHYSICAL_CORROBORATION,PRESERVE,NONE,NO_RUNTIME_CLAIM
PAYMENT_TRANSACTIONS,M14,id,UUID,PK,payment_transactions,id,YES,UUID PRIMARY KEY DEFAULT gen_random_uuid(),PRESERVE_EXACT_PHYSICAL_CORROBORATION,PRESERVE_PHYSICAL_CORROBORATION,PRESERVE,NONE,NO_RUNTIME_CLAIM
PAYMENT_TRANSACTIONS,M14,commercial_order_id,UUID,NOT NULL; FK→commercial_orders.id,payment_transactions,commercial_order_id,YES,UUID NOT NULL REFERENCES commercial_orders(id) ON DELETE RESTRICT,PRESERVE_EXACT_PHYSICAL_CORROBORATION,PRESERVE_PHYSICAL_CORROBORATION,PRESERVE,NONE,NO_RUNTIME_CLAIM
PAYMENT_TRANSACTIONS,M14,payment_reference,VARCHAR(150),NOT NULL; UNIQUE,payment_transactions,payment_reference,YES,VARCHAR(150) UNIQUE NOT NULL,PRESERVE_EXACT_PHYSICAL_CORROBORATION,PRESERVE_PHYSICAL_CORROBORATION,PRESERVE,NONE,NO_RUNTIME_CLAIM
PAYMENT_TRANSACTIONS,M14,amount,"NUMERIC(18,2)",NOT NULL,payment_transactions,amount,YES,"NUMERIC(18,2) NOT NULL CHECK (amount >= 0)",PRESERVE_EXACT_PHYSICAL_CORROBORATION,PRESERVE_PHYSICAL_CORROBORATION,PRESERVE,NONE,NO_RUNTIME_CLAIM
PAYMENT_TRANSACTIONS,M14,currency,CHAR(3),NOT NULL,payment_transactions,currency,YES,CHAR(3) NOT NULL DEFAULT 'IDR',PRESERVE_EXACT_PHYSICAL_CORROBORATION,PRESERVE_PHYSICAL_CORROBORATION,PRESERVE,NONE,NO_RUNTIME_CLAIM
PAYMENT_TRANSACTIONS,M14,payment_state,TEXT,NOT NULL,payment_transactions,payment_state,YES,"TEXT NOT NULL
    CHECK (payment_state IN ('pending','authorized','verified','failed','cancelled','expired','refunded','partially_refunded','chargeback'))",PRESERVE_EXACT_PHYSICAL_CORROBORATION,PRESERVE_PHYSICAL_CORROBORATION,PRESERVE,NONE,NO_RUNTIME_CLAIM
PAYMENT_TRANSACTIONS,M14,verification_state,TEXT,NOT NULL,payment_transactions,verification_state,YES,"TEXT NOT NULL DEFAULT 'unverified'
    CHECK (verification_state IN ('unverified','verified','rejected'))",PRESERVE_EXACT_PHYSICAL_CORROBORATION,PRESERVE_PHYSICAL_CORROBORATION,PRESERVE,NONE,NO_RUNTIME_CLAIM
PAYMENT_TRANSACTIONS,M14,provider_independent_reference,VARCHAR(150),,payment_transactions,provider_independent_reference,YES,VARCHAR(150),PRESERVE_EXACT_PHYSICAL_CORROBORATION,PRESERVE_PHYSICAL_CORROBORATION,PRESERVE,NONE,NO_RUNTIME_CLAIM
PAYMENT_TRANSACTIONS,M14,idempotency_key,VARCHAR(150),UNIQUE,payment_transactions,idempotency_key,YES,VARCHAR(150) UNIQUE,PRESERVE_EXACT_PHYSICAL_CORROBORATION,PRESERVE_PHYSICAL_CORROBORATION,PRESERVE,NONE,NO_RUNTIME_CLAIM
PAYMENT_TRANSACTIONS,M14,paid_at,TIMESTAMPTZ,,payment_transactions,paid_at,YES,TIMESTAMPTZ,PRESERVE_EXACT_PHYSICAL_CORROBORATION,PRESERVE_PHYSICAL_CORROBORATION,PRESERVE,NONE,NO_RUNTIME_CLAIM
PAYMENT_TRANSACTIONS,M14,verified_at,TIMESTAMPTZ,,payment_transactions,verified_at,YES,TIMESTAMPTZ,PRESERVE_EXACT_PHYSICAL_CORROBORATION,PRESERVE_PHYSICAL_CORROBORATION,PRESERVE,NONE,NO_RUNTIME_CLAIM
PAYMENT_TRANSACTIONS,M14,created_at,TIMESTAMPTZ,NOT NULL,payment_transactions,created_at,YES,TIMESTAMPTZ NOT NULL DEFAULT now(),PRESERVE_EXACT_PHYSICAL_CORROBORATION,PRESERVE_PHYSICAL_CORROBORATION,PRESERVE,NONE,NO_RUNTIME_CLAIM
PAYMENT_TRANSACTIONS,M14,updated_at,TIMESTAMPTZ,NOT NULL,payment_transactions,updated_at,YES,TIMESTAMPTZ NOT NULL DEFAULT now(),PRESERVE_EXACT_PHYSICAL_CORROBORATION,PRESERVE_PHYSICAL_CORROBORATION,PRESERVE,NONE,NO_RUNTIME_CLAIM
PAYMENT_PROVIDER_RESULTS,M14,id,UUID,PK,payment_provider_results,id,YES,UUID PRIMARY KEY DEFAULT gen_random_uuid(),PRESERVE_EXACT_PHYSICAL_CORROBORATION,PRESERVE_PHYSICAL_CORROBORATION,PRESERVE,NONE,NO_RUNTIME_CLAIM
PAYMENT_PROVIDER_RESULTS,M14,payment_transaction_id,UUID,NOT NULL; FK→payment_transactions.id,payment_provider_results,payment_transaction_id,YES,UUID NOT NULL REFERENCES payment_transactions(id) ON DELETE CASCADE,PRESERVE_EXACT_PHYSICAL_CORROBORATION,PRESERVE_PHYSICAL_CORROBORATION,PRESERVE,NONE,NO_RUNTIME_CLAIM
PAYMENT_PROVIDER_RESULTS,M14,provider_key,VARCHAR(100),NOT NULL,payment_provider_results,provider_key,YES,VARCHAR(100) NOT NULL,PRESERVE_EXACT_PHYSICAL_CORROBORATION,PRESERVE_PHYSICAL_CORROBORATION,PRESERVE,NONE,NO_RUNTIME_CLAIM
PAYMENT_PROVIDER_RESULTS,M14,external_transaction_reference,VARCHAR(200),,payment_provider_results,external_transaction_reference,YES,VARCHAR(200),PRESERVE_EXACT_PHYSICAL_CORROBORATION,PRESERVE_PHYSICAL_CORROBORATION,PRESERVE,NONE,NO_RUNTIME_CLAIM
PAYMENT_PROVIDER_RESULTS,M14,provider_status,TEXT,,payment_provider_results,provider_status,YES,TEXT,PRESERVE_EXACT_PHYSICAL_CORROBORATION,PRESERVE_PHYSICAL_CORROBORATION,PRESERVE,NONE,NO_RUNTIME_CLAIM
PAYMENT_PROVIDER_RESULTS,M14,normalized_status,TEXT,,payment_provider_results,normalized_status,YES,TEXT,PRESERVE_EXACT_PHYSICAL_CORROBORATION,PRESERVE_PHYSICAL_CORROBORATION,PRESERVE,NONE,NO_RUNTIME_CLAIM
PAYMENT_PROVIDER_RESULTS,M14,raw_payload,JSONB,,payment_provider_results,raw_payload,YES,JSONB,PRESERVE_EXACT_PHYSICAL_CORROBORATION,PRESERVE_PHYSICAL_CORROBORATION,PRESERVE,NONE,NO_RUNTIME_CLAIM
PAYMENT_PROVIDER_RESULTS,M14,verification_evidence,JSONB,,payment_provider_results,verification_evidence,YES,JSONB,PRESERVE_EXACT_PHYSICAL_CORROBORATION,PRESERVE_PHYSICAL_CORROBORATION,PRESERVE,NONE,NO_RUNTIME_CLAIM
PAYMENT_PROVIDER_RESULTS,M14,received_at,TIMESTAMPTZ,NOT NULL,payment_provider_results,received_at,YES,TIMESTAMPTZ NOT NULL DEFAULT now(),PRESERVE_EXACT_PHYSICAL_CORROBORATION,PRESERVE_PHYSICAL_CORROBORATION,PRESERVE,NONE,NO_RUNTIME_CLAIM
PAYMENT_PROVIDER_RESULTS,M14,processed_at,TIMESTAMPTZ,,payment_provider_results,processed_at,YES,TIMESTAMPTZ,PRESERVE_EXACT_PHYSICAL_CORROBORATION,PRESERVE_PHYSICAL_CORROBORATION,PRESERVE,NONE,NO_RUNTIME_CLAIM
PAYMENT_PROVIDER_RESULTS,M14,idempotency_key,VARCHAR(150),UNIQUE,payment_provider_results,idempotency_key,YES,VARCHAR(150) UNIQUE,PRESERVE_EXACT_PHYSICAL_CORROBORATION,PRESERVE_PHYSICAL_CORROBORATION,PRESERVE,NONE,NO_RUNTIME_CLAIM
COMMERCIAL_FULFILLMENTS,M14,id,UUID,PK,commercial_fulfillments,id,YES,UUID PRIMARY KEY DEFAULT gen_random_uuid(),PRESERVE_EXACT_PHYSICAL_CORROBORATION,PRESERVE_PHYSICAL_CORROBORATION,PRESERVE,NONE,NO_RUNTIME_CLAIM
COMMERCIAL_FULFILLMENTS,M14,payment_transaction_id,UUID,NOT NULL; FK→payment_transactions.id,commercial_fulfillments,payment_transaction_id,YES,UUID NOT NULL REFERENCES payment_transactions(id) ON DELETE RESTRICT,PRESERVE_EXACT_PHYSICAL_CORROBORATION,PRESERVE_PHYSICAL_CORROBORATION,PRESERVE,NONE,NO_RUNTIME_CLAIM
COMMERCIAL_FULFILLMENTS,M14,commercial_order_id,UUID,NOT NULL; FK→commercial_orders.id,commercial_fulfillments,commercial_order_id,YES,UUID NOT NULL REFERENCES commercial_orders(id) ON DELETE RESTRICT,PRESERVE_EXACT_PHYSICAL_CORROBORATION,PRESERVE_PHYSICAL_CORROBORATION,PRESERVE,NONE,NO_RUNTIME_CLAIM
COMMERCIAL_FULFILLMENTS,M14,fulfillment_key,VARCHAR(150),NOT NULL; UNIQUE,commercial_fulfillments,fulfillment_key,YES,VARCHAR(150) UNIQUE NOT NULL,PRESERVE_EXACT_PHYSICAL_CORROBORATION,PRESERVE_PHYSICAL_CORROBORATION,PRESERVE,NONE,NO_RUNTIME_CLAIM
COMMERCIAL_FULFILLMENTS,M14,fulfillment_status,TEXT,NOT NULL,commercial_fulfillments,fulfillment_status,YES,"TEXT NOT NULL
    CHECK (fulfillment_status IN ('pending','fulfilled','failed','reversed'))",PRESERVE_EXACT_PHYSICAL_CORROBORATION,PRESERVE_PHYSICAL_CORROBORATION,PRESERVE,NONE,NO_RUNTIME_CLAIM
COMMERCIAL_FULFILLMENTS,M14,outcome_reference,TEXT,,commercial_fulfillments,outcome_reference,YES,TEXT,PRESERVE_EXACT_PHYSICAL_CORROBORATION,PRESERVE_PHYSICAL_CORROBORATION,PRESERVE,NONE,NO_RUNTIME_CLAIM
COMMERCIAL_FULFILLMENTS,M14,idempotency_key,VARCHAR(150),NOT NULL; UNIQUE,commercial_fulfillments,idempotency_key,YES,VARCHAR(150) UNIQUE NOT NULL,PRESERVE_EXACT_PHYSICAL_CORROBORATION,PRESERVE_PHYSICAL_CORROBORATION,PRESERVE,NONE,NO_RUNTIME_CLAIM
COMMERCIAL_FULFILLMENTS,M14,fulfilled_at,TIMESTAMPTZ,,commercial_fulfillments,fulfilled_at,YES,TIMESTAMPTZ,PRESERVE_EXACT_PHYSICAL_CORROBORATION,PRESERVE_PHYSICAL_CORROBORATION,PRESERVE,NONE,NO_RUNTIME_CLAIM
COMMERCIAL_FULFILLMENTS,M14,reversed_at,TIMESTAMPTZ,,commercial_fulfillments,reversed_at,YES,TIMESTAMPTZ,PRESERVE_EXACT_PHYSICAL_CORROBORATION,PRESERVE_PHYSICAL_CORROBORATION,PRESERVE,NONE,NO_RUNTIME_CLAIM
COMMERCIAL_FULFILLMENTS,M14,created_at,TIMESTAMPTZ,NOT NULL,commercial_fulfillments,created_at,YES,TIMESTAMPTZ NOT NULL DEFAULT now(),PRESERVE_EXACT_PHYSICAL_CORROBORATION,PRESERVE_PHYSICAL_CORROBORATION,PRESERVE,NONE,NO_RUNTIME_CLAIM
COMMERCIAL_FULFILLMENTS,M14,updated_at,TIMESTAMPTZ,NOT NULL,commercial_fulfillments,updated_at,YES,TIMESTAMPTZ NOT NULL DEFAULT now(),PRESERVE_EXACT_PHYSICAL_CORROBORATION,PRESERVE_PHYSICAL_CORROBORATION,PRESERVE,NONE,NO_RUNTIME_CLAIM
COMMERCIAL_ENTITLEMENTS,M14,id,UUID,PK,commercial_entitlements,id,YES,UUID PRIMARY KEY DEFAULT gen_random_uuid(),PRESERVE_EXACT_PHYSICAL_CORROBORATION,PRESERVE_PHYSICAL_CORROBORATION,PRESERVE,NONE,NO_RUNTIME_CLAIM
COMMERCIAL_ENTITLEMENTS,M14,user_id,UUID,FK→users.id,commercial_entitlements,user_id,YES,UUID REFERENCES users(id) ON DELETE SET NULL,PRESERVE_EXACT_PHYSICAL_CORROBORATION,PRESERVE_PHYSICAL_CORROBORATION,PRESERVE,NONE,NO_RUNTIME_CLAIM
COMMERCIAL_ENTITLEMENTS,M14,organization_id,UUID,FK→organizations.id,commercial_entitlements,organization_id,YES,UUID REFERENCES organizations(id) ON DELETE SET NULL,PRESERVE_EXACT_PHYSICAL_CORROBORATION,PRESERVE_PHYSICAL_CORROBORATION,PRESERVE,NONE,NO_RUNTIME_CLAIM
COMMERCIAL_ENTITLEMENTS,M14,entitlement_type,VARCHAR(100),NOT NULL,commercial_entitlements,entitlement_type,YES,VARCHAR(100) NOT NULL,PRESERVE_EXACT_PHYSICAL_CORROBORATION,PRESERVE_PHYSICAL_CORROBORATION,PRESERVE,NONE,NO_RUNTIME_CLAIM
COMMERCIAL_ENTITLEMENTS,M14,source_order_id,UUID,FK→commercial_orders.id,commercial_entitlements,source_order_id,YES,UUID REFERENCES commercial_orders(id) ON DELETE SET NULL,PRESERVE_EXACT_PHYSICAL_CORROBORATION,PRESERVE_PHYSICAL_CORROBORATION,PRESERVE,NONE,NO_RUNTIME_CLAIM
COMMERCIAL_ENTITLEMENTS,M14,source_payment_transaction_id,UUID,FK→payment_transactions.id,commercial_entitlements,source_payment_transaction_id,YES,UUID REFERENCES payment_transactions(id) ON DELETE SET NULL,PRESERVE_EXACT_PHYSICAL_CORROBORATION,PRESERVE_PHYSICAL_CORROBORATION,PRESERVE,NONE,NO_RUNTIME_CLAIM
COMMERCIAL_ENTITLEMENTS,M14,source_fulfillment_id,UUID,FK→commercial_fulfillments.id,commercial_entitlements,source_fulfillment_id,YES,UUID REFERENCES commercial_fulfillments(id) ON DELETE SET NULL,PRESERVE_EXACT_PHYSICAL_CORROBORATION,PRESERVE_PHYSICAL_CORROBORATION,PRESERVE,NONE,NO_RUNTIME_CLAIM
COMMERCIAL_ENTITLEMENTS,M14,capacity_value,"NUMERIC(18,2)",,commercial_entitlements,capacity_value,YES,"NUMERIC(18,2)",PRESERVE_EXACT_PHYSICAL_CORROBORATION,PRESERVE_PHYSICAL_CORROBORATION,PRESERVE,NONE,NO_RUNTIME_CLAIM
COMMERCIAL_ENTITLEMENTS,M14,lifecycle_status,TEXT,NOT NULL,commercial_entitlements,lifecycle_status,YES,"TEXT NOT NULL
    CHECK (lifecycle_status IN ('pending','active','expired','revoked','consumed','reversed'))",PRESERVE_EXACT_PHYSICAL_CORROBORATION,PRESERVE_PHYSICAL_CORROBORATION,PRESERVE,NONE,NO_RUNTIME_CLAIM
COMMERCIAL_ENTITLEMENTS,M14,starts_at,TIMESTAMPTZ,,commercial_entitlements,starts_at,YES,TIMESTAMPTZ,PRESERVE_EXACT_PHYSICAL_CORROBORATION,PRESERVE_PHYSICAL_CORROBORATION,PRESERVE,NONE,NO_RUNTIME_CLAIM
COMMERCIAL_ENTITLEMENTS,M14,ends_at,TIMESTAMPTZ,,commercial_entitlements,ends_at,YES,TIMESTAMPTZ,PRESERVE_EXACT_PHYSICAL_CORROBORATION,PRESERVE_PHYSICAL_CORROBORATION,PRESERVE,NONE,NO_RUNTIME_CLAIM
COMMERCIAL_ENTITLEMENTS,M14,historical_source,JSONB,NOT NULL,commercial_entitlements,historical_source,YES,JSONB NOT NULL DEFAULT '{}'::jsonb,PRESERVE_EXACT_PHYSICAL_CORROBORATION,PRESERVE_PHYSICAL_CORROBORATION,PRESERVE,NONE,NO_RUNTIME_CLAIM
COMMERCIAL_ENTITLEMENTS,M14,created_at,TIMESTAMPTZ,NOT NULL,commercial_entitlements,created_at,YES,TIMESTAMPTZ NOT NULL DEFAULT now(),PRESERVE_EXACT_PHYSICAL_CORROBORATION,PRESERVE_PHYSICAL_CORROBORATION,PRESERVE,NONE,NO_RUNTIME_CLAIM
COMMERCIAL_ENTITLEMENTS,M14,updated_at,TIMESTAMPTZ,NOT NULL,commercial_entitlements,updated_at,YES,TIMESTAMPTZ NOT NULL DEFAULT now(),PRESERVE_EXACT_PHYSICAL_CORROBORATION,PRESERVE_PHYSICAL_CORROBORATION,PRESERVE,NONE,NO_RUNTIME_CLAIM
QUOTA_CAPACITIES,M14,id,UUID,PK,quota_capacities,id,YES,UUID PRIMARY KEY DEFAULT gen_random_uuid(),PRESERVE_EXACT_PHYSICAL_CORROBORATION,PRESERVE_PHYSICAL_CORROBORATION,PRESERVE,NONE,NO_RUNTIME_CLAIM
QUOTA_CAPACITIES,M14,entitlement_id,UUID,NOT NULL; FK→commercial_entitlements.id,quota_capacities,entitlement_id,YES,UUID NOT NULL REFERENCES commercial_entitlements(id) ON DELETE RESTRICT,PRESERVE_EXACT_PHYSICAL_CORROBORATION,PRESERVE_PHYSICAL_CORROBORATION,PRESERVE,NONE,NO_RUNTIME_CLAIM
QUOTA_CAPACITIES,M14,capacity_type,VARCHAR(100),NOT NULL,quota_capacities,capacity_type,YES,VARCHAR(100) NOT NULL,PRESERVE_EXACT_PHYSICAL_CORROBORATION,PRESERVE_PHYSICAL_CORROBORATION,PRESERVE,NONE,NO_RUNTIME_CLAIM
QUOTA_CAPACITIES,M14,granted_quantity,"NUMERIC(18,2)",NOT NULL,quota_capacities,granted_quantity,YES,"NUMERIC(18,2) NOT NULL CHECK (granted_quantity >= 0)",PRESERVE_EXACT_PHYSICAL_CORROBORATION,PRESERVE_PHYSICAL_CORROBORATION,PRESERVE,NONE,NO_RUNTIME_CLAIM
QUOTA_CAPACITIES,M14,remaining_projection,"NUMERIC(18,2)",,quota_capacities,remaining_projection,YES,"NUMERIC(18,2) CHECK (remaining_projection IS NULL OR remaining_projection >= 0)",PRESERVE_EXACT_PHYSICAL_CORROBORATION,PRESERVE_PHYSICAL_CORROBORATION,PRESERVE,NONE,NO_RUNTIME_CLAIM
QUOTA_CAPACITIES,M14,valid_from,TIMESTAMPTZ,,quota_capacities,valid_from,YES,TIMESTAMPTZ,PRESERVE_EXACT_PHYSICAL_CORROBORATION,PRESERVE_PHYSICAL_CORROBORATION,PRESERVE,NONE,NO_RUNTIME_CLAIM
QUOTA_CAPACITIES,M14,valid_to,TIMESTAMPTZ,,quota_capacities,valid_to,YES,TIMESTAMPTZ,PRESERVE_EXACT_PHYSICAL_CORROBORATION,PRESERVE_PHYSICAL_CORROBORATION,PRESERVE,NONE,NO_RUNTIME_CLAIM
QUOTA_CAPACITIES,M14,configuration,JSONB,NOT NULL,quota_capacities,configuration,YES,JSONB NOT NULL DEFAULT '{}'::jsonb,PRESERVE_EXACT_PHYSICAL_CORROBORATION,PRESERVE_PHYSICAL_CORROBORATION,PRESERVE,NONE,NO_RUNTIME_CLAIM
QUOTA_CAPACITIES,M14,created_at,TIMESTAMPTZ,NOT NULL,quota_capacities,created_at,YES,TIMESTAMPTZ NOT NULL DEFAULT now(),PRESERVE_EXACT_PHYSICAL_CORROBORATION,PRESERVE_PHYSICAL_CORROBORATION,PRESERVE,NONE,NO_RUNTIME_CLAIM
QUOTA_CAPACITIES,M14,updated_at,TIMESTAMPTZ,NOT NULL,quota_capacities,updated_at,YES,TIMESTAMPTZ NOT NULL DEFAULT now(),PRESERVE_EXACT_PHYSICAL_CORROBORATION,PRESERVE_PHYSICAL_CORROBORATION,PRESERVE,NONE,NO_RUNTIME_CLAIM
QUOTA_CAPACITIES,M14,daily_refresh_allowance,integer,Configurable commercial daily Refresh allowance | M14 semantic entitlement/configuration; exact physical realization downstream,,,NO,,LOGICAL_ONLY_NO_CURRENT_PHYSICAL_CORROBORATION,CONTROLLED_PHYSICAL_DELTA,RECONCILE_AFTER_UPSTREAM_STABILITY,Physical realization not present/proven in current 86-table baseline.,NO_RUNTIME_CLAIM
OPERATIONAL_QUOTA_POOLS,M14,id,UUID,PK,operational_quota_pools,id,YES,UUID PRIMARY KEY DEFAULT gen_random_uuid(),PRESERVE_EXACT_PHYSICAL_CORROBORATION,PRESERVE_PHYSICAL_CORROBORATION,PRESERVE,NONE,NO_RUNTIME_CLAIM
OPERATIONAL_QUOTA_POOLS,M14,quota_capacity_id,UUID,NOT NULL; FK→quota_capacities.id,operational_quota_pools,quota_capacity_id,YES,UUID NOT NULL REFERENCES quota_capacities(id) ON DELETE RESTRICT,PRESERVE_EXACT_PHYSICAL_CORROBORATION,PRESERVE_PHYSICAL_CORROBORATION,PRESERVE,NONE,NO_RUNTIME_CLAIM
OPERATIONAL_QUOTA_POOLS,M14,user_id,UUID,FK→users.id,operational_quota_pools,user_id,YES,UUID REFERENCES users(id) ON DELETE SET NULL,PRESERVE_EXACT_PHYSICAL_CORROBORATION,PRESERVE_PHYSICAL_CORROBORATION,PRESERVE,NONE,NO_RUNTIME_CLAIM
OPERATIONAL_QUOTA_POOLS,M14,organization_id,UUID,FK→organizations.id,operational_quota_pools,organization_id,YES,UUID REFERENCES organizations(id) ON DELETE SET NULL,PRESERVE_EXACT_PHYSICAL_CORROBORATION,PRESERVE_PHYSICAL_CORROBORATION,PRESERVE,NONE,NO_RUNTIME_CLAIM
OPERATIONAL_QUOTA_POOLS,M14,pool_status,TEXT,NOT NULL,operational_quota_pools,pool_status,YES,"TEXT NOT NULL
    CHECK (pool_status IN ('active','suspended','expired','closed'))",PRESERVE_EXACT_PHYSICAL_CORROBORATION,PRESERVE_PHYSICAL_CORROBORATION,PRESERVE,NONE,NO_RUNTIME_CLAIM
OPERATIONAL_QUOTA_POOLS,M14,operational_quantity,"NUMERIC(18,2)",NOT NULL,operational_quota_pools,operational_quantity,YES,"NUMERIC(18,2) NOT NULL DEFAULT 0 CHECK (operational_quantity >= 0)",PRESERVE_EXACT_PHYSICAL_CORROBORATION,PRESERVE_PHYSICAL_CORROBORATION,PRESERVE,NONE,NO_RUNTIME_CLAIM
OPERATIONAL_QUOTA_POOLS,M14,created_at,TIMESTAMPTZ,NOT NULL,operational_quota_pools,created_at,YES,TIMESTAMPTZ NOT NULL DEFAULT now(),PRESERVE_EXACT_PHYSICAL_CORROBORATION,PRESERVE_PHYSICAL_CORROBORATION,PRESERVE,NONE,NO_RUNTIME_CLAIM
OPERATIONAL_QUOTA_POOLS,M14,updated_at,TIMESTAMPTZ,NOT NULL,operational_quota_pools,updated_at,YES,TIMESTAMPTZ NOT NULL DEFAULT now(),PRESERVE_EXACT_PHYSICAL_CORROBORATION,PRESERVE_PHYSICAL_CORROBORATION,PRESERVE,NONE,NO_RUNTIME_CLAIM
QUOTA_ALLOCATIONS,M14,id,UUID,PK,quota_allocations,id,YES,UUID PRIMARY KEY DEFAULT gen_random_uuid(),PRESERVE_EXACT_PHYSICAL_CORROBORATION,PRESERVE_PHYSICAL_CORROBORATION,PRESERVE,NONE,NO_RUNTIME_CLAIM
QUOTA_ALLOCATIONS,M14,operational_quota_pool_id,UUID,NOT NULL; FK→operational_quota_pools.id,quota_allocations,operational_quota_pool_id,YES,UUID NOT NULL REFERENCES operational_quota_pools(id) ON DELETE RESTRICT,PRESERVE_EXACT_PHYSICAL_CORROBORATION,PRESERVE_PHYSICAL_CORROBORATION,PRESERVE,NONE,NO_RUNTIME_CLAIM
QUOTA_ALLOCATIONS,M14,beneficiary_user_id,UUID,FK→users.id,quota_allocations,beneficiary_user_id,YES,UUID REFERENCES users(id) ON DELETE SET NULL,PRESERVE_EXACT_PHYSICAL_CORROBORATION,PRESERVE_PHYSICAL_CORROBORATION,PRESERVE,NONE,NO_RUNTIME_CLAIM
QUOTA_ALLOCATIONS,M14,beneficiary_organization_id,UUID,FK→organizations.id,quota_allocations,beneficiary_organization_id,YES,UUID REFERENCES organizations(id) ON DELETE SET NULL,PRESERVE_EXACT_PHYSICAL_CORROBORATION,PRESERVE_PHYSICAL_CORROBORATION,PRESERVE,NONE,NO_RUNTIME_CLAIM
QUOTA_ALLOCATIONS,M14,allocated_quantity,"NUMERIC(18,2)",NOT NULL,quota_allocations,allocated_quantity,YES,"NUMERIC(18,2) NOT NULL CHECK (allocated_quantity >= 0)",PRESERVE_EXACT_PHYSICAL_CORROBORATION,PRESERVE_PHYSICAL_CORROBORATION,PRESERVE,NONE,NO_RUNTIME_CLAIM
QUOTA_ALLOCATIONS,M14,status,TEXT,NOT NULL,quota_allocations,status,YES,"TEXT NOT NULL
    CHECK (status IN ('pending','active','suspended','expired','revoked','closed'))",PRESERVE_EXACT_PHYSICAL_CORROBORATION,PRESERVE_PHYSICAL_CORROBORATION,PRESERVE,NONE,NO_RUNTIME_CLAIM
QUOTA_ALLOCATIONS,M14,effective_from,TIMESTAMPTZ,,quota_allocations,effective_from,YES,TIMESTAMPTZ,PRESERVE_EXACT_PHYSICAL_CORROBORATION,PRESERVE_PHYSICAL_CORROBORATION,PRESERVE,NONE,NO_RUNTIME_CLAIM
QUOTA_ALLOCATIONS,M14,effective_to,TIMESTAMPTZ,,quota_allocations,effective_to,YES,TIMESTAMPTZ,PRESERVE_EXACT_PHYSICAL_CORROBORATION,PRESERVE_PHYSICAL_CORROBORATION,PRESERVE,NONE,NO_RUNTIME_CLAIM
QUOTA_ALLOCATIONS,M14,created_at,TIMESTAMPTZ,NOT NULL,quota_allocations,created_at,YES,TIMESTAMPTZ NOT NULL DEFAULT now(),PRESERVE_EXACT_PHYSICAL_CORROBORATION,PRESERVE_PHYSICAL_CORROBORATION,PRESERVE,NONE,NO_RUNTIME_CLAIM
QUOTA_ALLOCATIONS,M14,updated_at,TIMESTAMPTZ,NOT NULL,quota_allocations,updated_at,YES,TIMESTAMPTZ NOT NULL DEFAULT now(),PRESERVE_EXACT_PHYSICAL_CORROBORATION,PRESERVE_PHYSICAL_CORROBORATION,PRESERVE,NONE,NO_RUNTIME_CLAIM
QUOTA_USAGE,M14,id,UUID,PK,quota_usage,id,YES,UUID PRIMARY KEY DEFAULT gen_random_uuid(),PRESERVE_EXACT_PHYSICAL_CORROBORATION,PRESERVE_PHYSICAL_CORROBORATION,PRESERVE,NONE,NO_RUNTIME_CLAIM
QUOTA_USAGE,M14,quota_allocation_id,UUID,FK→quota_allocations.id,quota_usage,quota_allocation_id,YES,UUID REFERENCES quota_allocations(id) ON DELETE RESTRICT,PRESERVE_EXACT_PHYSICAL_CORROBORATION,PRESERVE_PHYSICAL_CORROBORATION,PRESERVE,NONE,NO_RUNTIME_CLAIM
QUOTA_USAGE,M14,operational_quota_pool_id,UUID,NOT NULL; FK→operational_quota_pools.id,quota_usage,operational_quota_pool_id,YES,UUID NOT NULL REFERENCES operational_quota_pools(id) ON DELETE RESTRICT,PRESERVE_EXACT_PHYSICAL_CORROBORATION,PRESERVE_PHYSICAL_CORROBORATION,PRESERVE,NONE,NO_RUNTIME_CLAIM
QUOTA_USAGE,M14,consuming_resource_type,VARCHAR(100),NOT NULL,quota_usage,consuming_resource_type,YES,VARCHAR(100) NOT NULL,PRESERVE_EXACT_PHYSICAL_CORROBORATION,PRESERVE_PHYSICAL_CORROBORATION,PRESERVE,NONE,NO_RUNTIME_CLAIM
QUOTA_USAGE,M14,consuming_resource_reference,TEXT,NOT NULL,quota_usage,consuming_resource_reference,YES,TEXT NOT NULL,PRESERVE_EXACT_PHYSICAL_CORROBORATION,PRESERVE_PHYSICAL_CORROBORATION,PRESERVE,NONE,NO_RUNTIME_CLAIM
QUOTA_USAGE,M14,consumed_quantity,"NUMERIC(18,2)",NOT NULL,quota_usage,consumed_quantity,YES,"NUMERIC(18,2) NOT NULL CHECK (consumed_quantity > 0)",PRESERVE_EXACT_PHYSICAL_CORROBORATION,PRESERVE_PHYSICAL_CORROBORATION,PRESERVE,NONE,NO_RUNTIME_CLAIM
QUOTA_USAGE,M14,usage_at,TIMESTAMPTZ,NOT NULL,quota_usage,usage_at,YES,TIMESTAMPTZ NOT NULL DEFAULT now(),PRESERVE_EXACT_PHYSICAL_CORROBORATION,PRESERVE_PHYSICAL_CORROBORATION,PRESERVE,NONE,NO_RUNTIME_CLAIM
QUOTA_USAGE,M14,idempotency_key,VARCHAR(150),UNIQUE,quota_usage,idempotency_key,YES,VARCHAR(150) UNIQUE,PRESERVE_EXACT_PHYSICAL_CORROBORATION,PRESERVE_PHYSICAL_CORROBORATION,PRESERVE,NONE,NO_RUNTIME_CLAIM
QUOTA_USAGE,M14,created_at,TIMESTAMPTZ,NOT NULL,quota_usage,created_at,YES,TIMESTAMPTZ NOT NULL DEFAULT now(),PRESERVE_EXACT_PHYSICAL_CORROBORATION,PRESERVE_PHYSICAL_CORROBORATION,PRESERVE,NONE,NO_RUNTIME_CLAIM
RECONCILIATION_CASES,M09,id,UUID,PK,reconciliation_cases,id,YES,UUID PRIMARY KEY DEFAULT gen_random_uuid(),PRESERVE_EXACT_PHYSICAL_CORROBORATION,PRESERVE_PHYSICAL_CORROBORATION,PRESERVE,NONE,NO_RUNTIME_CLAIM
RECONCILIATION_CASES,M09,case_number,VARCHAR(100),NOT NULL; UNIQUE,reconciliation_cases,case_number,YES,VARCHAR(100) UNIQUE NOT NULL,PRESERVE_EXACT_PHYSICAL_CORROBORATION,PRESERVE_PHYSICAL_CORROBORATION,PRESERVE,NONE,NO_RUNTIME_CLAIM
RECONCILIATION_CASES,M09,payment_transaction_id,UUID,FK→payment_transactions.id,reconciliation_cases,payment_transaction_id,YES,UUID REFERENCES payment_transactions(id) ON DELETE SET NULL,PRESERVE_EXACT_PHYSICAL_CORROBORATION,PRESERVE_PHYSICAL_CORROBORATION,PRESERVE,NONE,NO_RUNTIME_CLAIM
RECONCILIATION_CASES,M09,commercial_order_id,UUID,FK→commercial_orders.id,reconciliation_cases,commercial_order_id,YES,UUID REFERENCES commercial_orders(id) ON DELETE SET NULL,PRESERVE_EXACT_PHYSICAL_CORROBORATION,PRESERVE_PHYSICAL_CORROBORATION,PRESERVE,NONE,NO_RUNTIME_CLAIM
RECONCILIATION_CASES,M09,fulfillment_id,UUID,FK→commercial_fulfillments.id,reconciliation_cases,fulfillment_id,YES,UUID REFERENCES commercial_fulfillments(id) ON DELETE SET NULL,PRESERVE_EXACT_PHYSICAL_CORROBORATION,PRESERVE_PHYSICAL_CORROBORATION,PRESERVE,NONE,NO_RUNTIME_CLAIM
RECONCILIATION_CASES,M09,entitlement_id,UUID,FK→commercial_entitlements.id,reconciliation_cases,entitlement_id,YES,UUID REFERENCES commercial_entitlements(id) ON DELETE SET NULL,PRESERVE_EXACT_PHYSICAL_CORROBORATION,PRESERVE_PHYSICAL_CORROBORATION,PRESERVE,NONE,NO_RUNTIME_CLAIM
RECONCILIATION_CASES,M09,mismatch_category,VARCHAR(100),NOT NULL,reconciliation_cases,mismatch_category,YES,VARCHAR(100) NOT NULL,PRESERVE_EXACT_PHYSICAL_CORROBORATION,PRESERVE_PHYSICAL_CORROBORATION,PRESERVE,NONE,NO_RUNTIME_CLAIM
RECONCILIATION_CASES,M09,evidence,JSONB,NOT NULL,reconciliation_cases,evidence,YES,JSONB NOT NULL DEFAULT '{}'::jsonb,PRESERVE_EXACT_PHYSICAL_CORROBORATION,PRESERVE_PHYSICAL_CORROBORATION,PRESERVE,NONE,NO_RUNTIME_CLAIM
RECONCILIATION_CASES,M09,status,TEXT,NOT NULL,reconciliation_cases,status,YES,"TEXT NOT NULL
    CHECK (status IN ('open','investigating','resolved','rejected','escalated'))",PRESERVE_EXACT_PHYSICAL_CORROBORATION,PRESERVE_PHYSICAL_CORROBORATION,PRESERVE,NONE,NO_RUNTIME_CLAIM
RECONCILIATION_CASES,M09,resolution_metadata,JSONB,,reconciliation_cases,resolution_metadata,YES,JSONB,PRESERVE_EXACT_PHYSICAL_CORROBORATION,PRESERVE_PHYSICAL_CORROBORATION,PRESERVE,NONE,NO_RUNTIME_CLAIM
RECONCILIATION_CASES,M09,opened_at,TIMESTAMPTZ,NOT NULL,reconciliation_cases,opened_at,YES,TIMESTAMPTZ NOT NULL DEFAULT now(),PRESERVE_EXACT_PHYSICAL_CORROBORATION,PRESERVE_PHYSICAL_CORROBORATION,PRESERVE,NONE,NO_RUNTIME_CLAIM
RECONCILIATION_CASES,M09,resolved_at,TIMESTAMPTZ,,reconciliation_cases,resolved_at,YES,TIMESTAMPTZ,PRESERVE_EXACT_PHYSICAL_CORROBORATION,PRESERVE_PHYSICAL_CORROBORATION,PRESERVE,NONE,NO_RUNTIME_CLAIM
RECONCILIATION_CASES,M09,created_at,TIMESTAMPTZ,NOT NULL,reconciliation_cases,created_at,YES,TIMESTAMPTZ NOT NULL DEFAULT now(),PRESERVE_EXACT_PHYSICAL_CORROBORATION,PRESERVE_PHYSICAL_CORROBORATION,PRESERVE,NONE,NO_RUNTIME_CLAIM
RECONCILIATION_CASES,M09,updated_at,TIMESTAMPTZ,NOT NULL,reconciliation_cases,updated_at,YES,TIMESTAMPTZ NOT NULL DEFAULT now(),PRESERVE_EXACT_PHYSICAL_CORROBORATION,PRESERVE_PHYSICAL_CORROBORATION,PRESERVE,NONE,NO_RUNTIME_CLAIM
TITLE_DEFINITIONS,M15,id,UUID,PK,title_definitions,id,YES,UUID PRIMARY KEY DEFAULT gen_random_uuid(),PRESERVE_EXACT_PHYSICAL_CORROBORATION,PRESERVE_PHYSICAL_CORROBORATION,PRESERVE,NONE,NO_RUNTIME_CLAIM
TITLE_DEFINITIONS,M15,code,VARCHAR(100),NOT NULL; UNIQUE,title_definitions,code,YES,VARCHAR(100) UNIQUE NOT NULL,PRESERVE_EXACT_PHYSICAL_CORROBORATION,PRESERVE_PHYSICAL_CORROBORATION,PRESERVE,NONE,NO_RUNTIME_CLAIM
TITLE_DEFINITIONS,M15,name,VARCHAR(200),NOT NULL,title_definitions,name,YES,VARCHAR(200) NOT NULL,PRESERVE_EXACT_PHYSICAL_CORROBORATION,PRESERVE_PHYSICAL_CORROBORATION,PRESERVE,NONE,NO_RUNTIME_CLAIM
TITLE_DEFINITIONS,M15,description,TEXT,,title_definitions,description,YES,TEXT,PRESERVE_EXACT_PHYSICAL_CORROBORATION,PRESERVE_PHYSICAL_CORROBORATION,PRESERVE,NONE,NO_RUNTIME_CLAIM
TITLE_DEFINITIONS,M15,status,TEXT,NOT NULL,title_definitions,status,YES,"TEXT NOT NULL DEFAULT 'active'
    CHECK (status IN ('draft','active','inactive','retired'))",PRESERVE_EXACT_PHYSICAL_CORROBORATION,PRESERVE_PHYSICAL_CORROBORATION,PRESERVE,NONE,NO_RUNTIME_CLAIM
TITLE_DEFINITIONS,M15,created_at,TIMESTAMPTZ,NOT NULL,title_definitions,created_at,YES,TIMESTAMPTZ NOT NULL DEFAULT now(),PRESERVE_EXACT_PHYSICAL_CORROBORATION,PRESERVE_PHYSICAL_CORROBORATION,PRESERVE,NONE,NO_RUNTIME_CLAIM
TITLE_DEFINITIONS,M15,updated_at,TIMESTAMPTZ,NOT NULL,title_definitions,updated_at,YES,TIMESTAMPTZ NOT NULL DEFAULT now(),PRESERVE_EXACT_PHYSICAL_CORROBORATION,PRESERVE_PHYSICAL_CORROBORATION,PRESERVE,NONE,NO_RUNTIME_CLAIM
TITLE_AUTHORITY_SCOPES,M15,id,UUID,PK,title_authority_scopes,id,YES,UUID PRIMARY KEY DEFAULT gen_random_uuid(),PRESERVE_EXACT_PHYSICAL_CORROBORATION,PRESERVE_PHYSICAL_CORROBORATION,PRESERVE,NONE,NO_RUNTIME_CLAIM
TITLE_AUTHORITY_SCOPES,M15,title_definition_id,UUID,NOT NULL; FK→title_definitions.id,title_authority_scopes,title_definition_id,YES,UUID NOT NULL REFERENCES title_definitions(id) ON DELETE CASCADE,PRESERVE_EXACT_PHYSICAL_CORROBORATION,PRESERVE_PHYSICAL_CORROBORATION,PRESERVE,NONE,NO_RUNTIME_CLAIM
TITLE_AUTHORITY_SCOPES,M15,scope_type,VARCHAR(100),NOT NULL,title_authority_scopes,scope_type,YES,VARCHAR(100) NOT NULL,PRESERVE_EXACT_PHYSICAL_CORROBORATION,PRESERVE_PHYSICAL_CORROBORATION,PRESERVE,NONE,NO_RUNTIME_CLAIM
TITLE_AUTHORITY_SCOPES,M15,scope_reference,TEXT,,title_authority_scopes,scope_reference,YES,TEXT,PRESERVE_EXACT_PHYSICAL_CORROBORATION,PRESERVE_PHYSICAL_CORROBORATION,PRESERVE,NONE,NO_RUNTIME_CLAIM
TITLE_AUTHORITY_SCOPES,M15,status,TEXT,NOT NULL,title_authority_scopes,status,YES,"TEXT NOT NULL DEFAULT 'active'
    CHECK (status IN ('active','inactive'))",PRESERVE_EXACT_PHYSICAL_CORROBORATION,PRESERVE_PHYSICAL_CORROBORATION,PRESERVE,NONE,NO_RUNTIME_CLAIM
TITLE_AUTHORITY_SCOPES,M15,created_at,TIMESTAMPTZ,NOT NULL,title_authority_scopes,created_at,YES,TIMESTAMPTZ NOT NULL DEFAULT now(),PRESERVE_EXACT_PHYSICAL_CORROBORATION,PRESERVE_PHYSICAL_CORROBORATION,PRESERVE,NONE,NO_RUNTIME_CLAIM
AWARDING_PATHS,M15,id,UUID,PK,awarding_paths,id,YES,UUID PRIMARY KEY DEFAULT gen_random_uuid(),PRESERVE_EXACT_PHYSICAL_CORROBORATION,PRESERVE_PHYSICAL_CORROBORATION,PRESERVE,NONE,NO_RUNTIME_CLAIM
AWARDING_PATHS,M15,title_definition_id,UUID,NOT NULL; FK→title_definitions.id,awarding_paths,title_definition_id,YES,UUID NOT NULL REFERENCES title_definitions(id) ON DELETE CASCADE,PRESERVE_EXACT_PHYSICAL_CORROBORATION,PRESERVE_PHYSICAL_CORROBORATION,PRESERVE,NONE,NO_RUNTIME_CLAIM
AWARDING_PATHS,M15,code,VARCHAR(100),NOT NULL,awarding_paths,code,YES,VARCHAR(100) NOT NULL,PRESERVE_EXACT_PHYSICAL_CORROBORATION,PRESERVE_PHYSICAL_CORROBORATION,PRESERVE,NONE,NO_RUNTIME_CLAIM
AWARDING_PATHS,M15,name,VARCHAR(200),NOT NULL,awarding_paths,name,YES,VARCHAR(200) NOT NULL,PRESERVE_EXACT_PHYSICAL_CORROBORATION,PRESERVE_PHYSICAL_CORROBORATION,PRESERVE,NONE,NO_RUNTIME_CLAIM
AWARDING_PATHS,M15,status,TEXT,NOT NULL,awarding_paths,status,YES,"TEXT NOT NULL DEFAULT 'active'
    CHECK (status IN ('draft','active','inactive','retired'))",PRESERVE_EXACT_PHYSICAL_CORROBORATION,PRESERVE_PHYSICAL_CORROBORATION,PRESERVE,NONE,NO_RUNTIME_CLAIM
AWARDING_PATHS,M15,created_at,TIMESTAMPTZ,NOT NULL,awarding_paths,created_at,YES,TIMESTAMPTZ NOT NULL DEFAULT now(),PRESERVE_EXACT_PHYSICAL_CORROBORATION,PRESERVE_PHYSICAL_CORROBORATION,PRESERVE,NONE,NO_RUNTIME_CLAIM
AWARDING_PATHS,M15,updated_at,TIMESTAMPTZ,NOT NULL,awarding_paths,updated_at,YES,TIMESTAMPTZ NOT NULL DEFAULT now(),PRESERVE_EXACT_PHYSICAL_CORROBORATION,PRESERVE_PHYSICAL_CORROBORATION,PRESERVE,NONE,NO_RUNTIME_CLAIM
AWARDING_PATH_VERSIONS,M15,id,UUID,PK,awarding_path_versions,id,YES,UUID PRIMARY KEY DEFAULT gen_random_uuid(),PRESERVE_EXACT_PHYSICAL_CORROBORATION,PRESERVE_PHYSICAL_CORROBORATION,PRESERVE,NONE,NO_RUNTIME_CLAIM
AWARDING_PATH_VERSIONS,M15,awarding_path_id,UUID,NOT NULL; FK→awarding_paths.id,awarding_path_versions,awarding_path_id,YES,UUID NOT NULL REFERENCES awarding_paths(id) ON DELETE CASCADE,PRESERVE_EXACT_PHYSICAL_CORROBORATION,PRESERVE_PHYSICAL_CORROBORATION,PRESERVE,NONE,NO_RUNTIME_CLAIM
AWARDING_PATH_VERSIONS,M15,version_no,INT,NOT NULL,awarding_path_versions,version_no,YES,INT NOT NULL,PRESERVE_EXACT_PHYSICAL_CORROBORATION,PRESERVE_PHYSICAL_CORROBORATION,PRESERVE,NONE,NO_RUNTIME_CLAIM
AWARDING_PATH_VERSIONS,M15,status,TEXT,NOT NULL,awarding_path_versions,status,YES,"TEXT NOT NULL DEFAULT 'draft'
    CHECK (status IN ('draft','active','retired'))",PRESERVE_EXACT_PHYSICAL_CORROBORATION,PRESERVE_PHYSICAL_CORROBORATION,PRESERVE,NONE,NO_RUNTIME_CLAIM
AWARDING_PATH_VERSIONS,M15,effective_from,TIMESTAMPTZ,,awarding_path_versions,effective_from,YES,TIMESTAMPTZ,PRESERVE_EXACT_PHYSICAL_CORROBORATION,PRESERVE_PHYSICAL_CORROBORATION,PRESERVE,NONE,NO_RUNTIME_CLAIM
AWARDING_PATH_VERSIONS,M15,effective_to,TIMESTAMPTZ,,awarding_path_versions,effective_to,YES,TIMESTAMPTZ,PRESERVE_EXACT_PHYSICAL_CORROBORATION,PRESERVE_PHYSICAL_CORROBORATION,PRESERVE,NONE,NO_RUNTIME_CLAIM
AWARDING_PATH_VERSIONS,M15,definition_snapshot,JSONB,NOT NULL,awarding_path_versions,definition_snapshot,YES,JSONB NOT NULL DEFAULT '{}'::jsonb,PRESERVE_EXACT_PHYSICAL_CORROBORATION,PRESERVE_PHYSICAL_CORROBORATION,PRESERVE,NONE,NO_RUNTIME_CLAIM
AWARDING_PATH_VERSIONS,M15,created_at,TIMESTAMPTZ,NOT NULL,awarding_path_versions,created_at,YES,TIMESTAMPTZ NOT NULL DEFAULT now(),PRESERVE_EXACT_PHYSICAL_CORROBORATION,PRESERVE_PHYSICAL_CORROBORATION,PRESERVE,NONE,NO_RUNTIME_CLAIM
AWARDING_PATH_VERSIONS,M15,updated_at,TIMESTAMPTZ,NOT NULL,awarding_path_versions,updated_at,YES,TIMESTAMPTZ NOT NULL DEFAULT now(),PRESERVE_EXACT_PHYSICAL_CORROBORATION,PRESERVE_PHYSICAL_CORROBORATION,PRESERVE,NONE,NO_RUNTIME_CLAIM
AWARDING_RULE_VERSIONS,M15,id,UUID,PK,awarding_rule_versions,id,YES,UUID PRIMARY KEY DEFAULT gen_random_uuid(),PRESERVE_EXACT_PHYSICAL_CORROBORATION,PRESERVE_PHYSICAL_CORROBORATION,PRESERVE,NONE,NO_RUNTIME_CLAIM
AWARDING_RULE_VERSIONS,M15,rule_code,VARCHAR(100),NOT NULL,awarding_rule_versions,rule_code,YES,VARCHAR(100) NOT NULL,PRESERVE_EXACT_PHYSICAL_CORROBORATION,PRESERVE_PHYSICAL_CORROBORATION,PRESERVE,NONE,NO_RUNTIME_CLAIM
AWARDING_RULE_VERSIONS,M15,version_no,INT,NOT NULL,awarding_rule_versions,version_no,YES,INT NOT NULL,PRESERVE_EXACT_PHYSICAL_CORROBORATION,PRESERVE_PHYSICAL_CORROBORATION,PRESERVE,NONE,NO_RUNTIME_CLAIM
AWARDING_RULE_VERSIONS,M15,status,TEXT,NOT NULL,awarding_rule_versions,status,YES,"TEXT NOT NULL DEFAULT 'draft'
    CHECK (status IN ('draft','active','retired'))",PRESERVE_EXACT_PHYSICAL_CORROBORATION,PRESERVE_PHYSICAL_CORROBORATION,PRESERVE,NONE,NO_RUNTIME_CLAIM
AWARDING_RULE_VERSIONS,M15,effective_from,TIMESTAMPTZ,,awarding_rule_versions,effective_from,YES,TIMESTAMPTZ,PRESERVE_EXACT_PHYSICAL_CORROBORATION,PRESERVE_PHYSICAL_CORROBORATION,PRESERVE,NONE,NO_RUNTIME_CLAIM
AWARDING_RULE_VERSIONS,M15,effective_to,TIMESTAMPTZ,,awarding_rule_versions,effective_to,YES,TIMESTAMPTZ,PRESERVE_EXACT_PHYSICAL_CORROBORATION,PRESERVE_PHYSICAL_CORROBORATION,PRESERVE,NONE,NO_RUNTIME_CLAIM
AWARDING_RULE_VERSIONS,M15,rule_definition,JSONB,NOT NULL,awarding_rule_versions,rule_definition,YES,JSONB NOT NULL,PRESERVE_EXACT_PHYSICAL_CORROBORATION,PRESERVE_PHYSICAL_CORROBORATION,PRESERVE,NONE,NO_RUNTIME_CLAIM
AWARDING_RULE_VERSIONS,M15,created_at,TIMESTAMPTZ,NOT NULL,awarding_rule_versions,created_at,YES,TIMESTAMPTZ NOT NULL DEFAULT now(),PRESERVE_EXACT_PHYSICAL_CORROBORATION,PRESERVE_PHYSICAL_CORROBORATION,PRESERVE,NONE,NO_RUNTIME_CLAIM
AWARDING_RULE_VERSIONS,M15,updated_at,TIMESTAMPTZ,NOT NULL,awarding_rule_versions,updated_at,YES,TIMESTAMPTZ NOT NULL DEFAULT now(),PRESERVE_EXACT_PHYSICAL_CORROBORATION,PRESERVE_PHYSICAL_CORROBORATION,PRESERVE,NONE,NO_RUNTIME_CLAIM
AWARDING_PATH_RULES,M15,id,UUID,PK,awarding_path_rules,id,YES,UUID PRIMARY KEY DEFAULT gen_random_uuid(),PRESERVE_EXACT_PHYSICAL_CORROBORATION,PRESERVE_PHYSICAL_CORROBORATION,PRESERVE,NONE,NO_RUNTIME_CLAIM
AWARDING_PATH_RULES,M15,awarding_path_version_id,UUID,NOT NULL; FK→awarding_path_versions.id,awarding_path_rules,awarding_path_version_id,YES,UUID NOT NULL REFERENCES awarding_path_versions(id) ON DELETE CASCADE,PRESERVE_EXACT_PHYSICAL_CORROBORATION,PRESERVE_PHYSICAL_CORROBORATION,PRESERVE,NONE,NO_RUNTIME_CLAIM
AWARDING_PATH_RULES,M15,awarding_rule_version_id,UUID,NOT NULL; FK→awarding_rule_versions.id,awarding_path_rules,awarding_rule_version_id,YES,UUID NOT NULL REFERENCES awarding_rule_versions(id) ON DELETE RESTRICT,PRESERVE_EXACT_PHYSICAL_CORROBORATION,PRESERVE_PHYSICAL_CORROBORATION,PRESERVE,NONE,NO_RUNTIME_CLAIM
AWARDING_PATH_RULES,M15,created_at,TIMESTAMPTZ,NOT NULL,awarding_path_rules,created_at,YES,TIMESTAMPTZ NOT NULL DEFAULT now(),PRESERVE_EXACT_PHYSICAL_CORROBORATION,PRESERVE_PHYSICAL_CORROBORATION,PRESERVE,NONE,NO_RUNTIME_CLAIM
AWARDING_CONDITION_GROUPS,M15,id,UUID,PK,awarding_condition_groups,id,YES,UUID PRIMARY KEY DEFAULT gen_random_uuid(),PRESERVE_EXACT_PHYSICAL_CORROBORATION,PRESERVE_PHYSICAL_CORROBORATION,PRESERVE,NONE,NO_RUNTIME_CLAIM
AWARDING_CONDITION_GROUPS,M15,awarding_rule_version_id,UUID,NOT NULL; FK→awarding_rule_versions.id,awarding_condition_groups,awarding_rule_version_id,YES,UUID NOT NULL REFERENCES awarding_rule_versions(id) ON DELETE CASCADE,PRESERVE_EXACT_PHYSICAL_CORROBORATION,PRESERVE_PHYSICAL_CORROBORATION,PRESERVE,NONE,NO_RUNTIME_CLAIM
AWARDING_CONDITION_GROUPS,M15,group_operator,TEXT,NOT NULL,awarding_condition_groups,group_operator,YES,"TEXT NOT NULL DEFAULT 'AND'
    CHECK (group_operator IN ('AND','OR'))",PRESERVE_EXACT_PHYSICAL_CORROBORATION,PRESERVE_PHYSICAL_CORROBORATION,PRESERVE,NONE,NO_RUNTIME_CLAIM
AWARDING_CONDITION_GROUPS,M15,sequence_no,INT,NOT NULL,awarding_condition_groups,sequence_no,YES,INT NOT NULL DEFAULT 0 CHECK (sequence_no >= 0),PRESERVE_EXACT_PHYSICAL_CORROBORATION,PRESERVE_PHYSICAL_CORROBORATION,PRESERVE,NONE,NO_RUNTIME_CLAIM
AWARDING_CONDITION_GROUPS,M15,created_at,TIMESTAMPTZ,NOT NULL,awarding_condition_groups,created_at,YES,TIMESTAMPTZ NOT NULL DEFAULT now(),PRESERVE_EXACT_PHYSICAL_CORROBORATION,PRESERVE_PHYSICAL_CORROBORATION,PRESERVE,NONE,NO_RUNTIME_CLAIM
AWARDING_CONDITIONS,M15,id,UUID,PK,awarding_conditions,id,YES,UUID PRIMARY KEY DEFAULT gen_random_uuid(),PRESERVE_EXACT_PHYSICAL_CORROBORATION,PRESERVE_PHYSICAL_CORROBORATION,PRESERVE,NONE,NO_RUNTIME_CLAIM
AWARDING_CONDITIONS,M15,condition_group_id,UUID,NOT NULL; FK→awarding_condition_groups.id,awarding_conditions,condition_group_id,YES,UUID NOT NULL REFERENCES awarding_condition_groups(id) ON DELETE CASCADE,PRESERVE_EXACT_PHYSICAL_CORROBORATION,PRESERVE_PHYSICAL_CORROBORATION,PRESERVE,NONE,NO_RUNTIME_CLAIM
AWARDING_CONDITIONS,M15,condition_type,VARCHAR(100),NOT NULL,awarding_conditions,condition_type,YES,VARCHAR(100) NOT NULL,PRESERVE_EXACT_PHYSICAL_CORROBORATION,PRESERVE_PHYSICAL_CORROBORATION,PRESERVE,NONE,NO_RUNTIME_CLAIM
AWARDING_CONDITIONS,M15,operator,VARCHAR(50),NOT NULL,awarding_conditions,operator,YES,VARCHAR(50) NOT NULL,PRESERVE_EXACT_PHYSICAL_CORROBORATION,PRESERVE_PHYSICAL_CORROBORATION,PRESERVE,NONE,NO_RUNTIME_CLAIM
AWARDING_CONDITIONS,M15,expected_value,JSONB,,awarding_conditions,expected_value,YES,JSONB,PRESERVE_EXACT_PHYSICAL_CORROBORATION,PRESERVE_PHYSICAL_CORROBORATION,PRESERVE,NONE,NO_RUNTIME_CLAIM
AWARDING_CONDITIONS,M15,sequence_no,INT,NOT NULL,awarding_conditions,sequence_no,YES,INT NOT NULL DEFAULT 0 CHECK (sequence_no >= 0),PRESERVE_EXACT_PHYSICAL_CORROBORATION,PRESERVE_PHYSICAL_CORROBORATION,PRESERVE,NONE,NO_RUNTIME_CLAIM
AWARDING_CONDITIONS,M15,created_at,TIMESTAMPTZ,NOT NULL,awarding_conditions,created_at,YES,TIMESTAMPTZ NOT NULL DEFAULT now(),PRESERVE_EXACT_PHYSICAL_CORROBORATION,PRESERVE_PHYSICAL_CORROBORATION,PRESERVE,NONE,NO_RUNTIME_CLAIM
AWARDING_PREREQUISITES,M15,id,UUID,PK,awarding_prerequisites,id,YES,UUID PRIMARY KEY DEFAULT gen_random_uuid(),PRESERVE_EXACT_PHYSICAL_CORROBORATION,PRESERVE_PHYSICAL_CORROBORATION,PRESERVE,NONE,NO_RUNTIME_CLAIM
AWARDING_PREREQUISITES,M15,awarding_path_version_id,UUID,NOT NULL; FK→awarding_path_versions.id,awarding_prerequisites,awarding_path_version_id,YES,UUID NOT NULL REFERENCES awarding_path_versions(id) ON DELETE CASCADE,PRESERVE_EXACT_PHYSICAL_CORROBORATION,PRESERVE_PHYSICAL_CORROBORATION,PRESERVE,NONE,NO_RUNTIME_CLAIM
AWARDING_PREREQUISITES,M15,prerequisite_type,VARCHAR(100),NOT NULL,awarding_prerequisites,prerequisite_type,YES,VARCHAR(100) NOT NULL,PRESERVE_EXACT_PHYSICAL_CORROBORATION,PRESERVE_PHYSICAL_CORROBORATION,PRESERVE,NONE,NO_RUNTIME_CLAIM
AWARDING_PREREQUISITES,M15,prerequisite_reference,TEXT,,awarding_prerequisites,prerequisite_reference,YES,TEXT,PRESERVE_EXACT_PHYSICAL_CORROBORATION,PRESERVE_PHYSICAL_CORROBORATION,PRESERVE,NONE,NO_RUNTIME_CLAIM
AWARDING_PREREQUISITES,M15,requirement_definition,JSONB,NOT NULL,awarding_prerequisites,requirement_definition,YES,JSONB NOT NULL DEFAULT '{}'::jsonb,PRESERVE_EXACT_PHYSICAL_CORROBORATION,PRESERVE_PHYSICAL_CORROBORATION,PRESERVE,NONE,NO_RUNTIME_CLAIM
AWARDING_PREREQUISITES,M15,sequence_no,INT,NOT NULL,awarding_prerequisites,sequence_no,YES,INT NOT NULL DEFAULT 0 CHECK (sequence_no >= 0),PRESERVE_EXACT_PHYSICAL_CORROBORATION,PRESERVE_PHYSICAL_CORROBORATION,PRESERVE,NONE,NO_RUNTIME_CLAIM
AWARDING_PREREQUISITES,M15,created_at,TIMESTAMPTZ,NOT NULL,awarding_prerequisites,created_at,YES,TIMESTAMPTZ NOT NULL DEFAULT now(),PRESERVE_EXACT_PHYSICAL_CORROBORATION,PRESERVE_PHYSICAL_CORROBORATION,PRESERVE,NONE,NO_RUNTIME_CLAIM
QUALIFICATION_EVIDENCE,M15,id,UUID,PK,qualification_evidence,id,YES,UUID PRIMARY KEY DEFAULT gen_random_uuid(),PRESERVE_EXACT_PHYSICAL_CORROBORATION,PRESERVE_PHYSICAL_CORROBORATION,PRESERVE,NONE,NO_RUNTIME_CLAIM
QUALIFICATION_EVIDENCE,M15,user_id,UUID,NOT NULL; FK→users.id,qualification_evidence,user_id,YES,UUID NOT NULL REFERENCES users(id) ON DELETE CASCADE,PRESERVE_EXACT_PHYSICAL_CORROBORATION,PRESERVE_PHYSICAL_CORROBORATION,PRESERVE,NONE,NO_RUNTIME_CLAIM
QUALIFICATION_EVIDENCE,M15,qualification_evaluation_id,UUID,,qualification_evidence,qualification_evaluation_id,YES,UUID,PRESERVE_EXACT_PHYSICAL_CORROBORATION,PRESERVE_PHYSICAL_CORROBORATION,PRESERVE,NONE,NO_RUNTIME_CLAIM
QUALIFICATION_EVIDENCE,M15,evidence_type,VARCHAR(100),NOT NULL,qualification_evidence,evidence_type,YES,VARCHAR(100) NOT NULL,PRESERVE_EXACT_PHYSICAL_CORROBORATION,PRESERVE_PHYSICAL_CORROBORATION,PRESERVE,NONE,NO_RUNTIME_CLAIM
QUALIFICATION_EVIDENCE,M15,source_type,VARCHAR(100),NOT NULL,qualification_evidence,source_type,YES,VARCHAR(100) NOT NULL,PRESERVE_EXACT_PHYSICAL_CORROBORATION,PRESERVE_PHYSICAL_CORROBORATION,PRESERVE,NONE,NO_RUNTIME_CLAIM
QUALIFICATION_EVIDENCE,M15,source_reference,TEXT,NOT NULL,qualification_evidence,source_reference,YES,TEXT NOT NULL,PRESERVE_EXACT_PHYSICAL_CORROBORATION,PRESERVE_PHYSICAL_CORROBORATION,PRESERVE,NONE,NO_RUNTIME_CLAIM
QUALIFICATION_EVIDENCE,M15,evidence_payload,JSONB,,qualification_evidence,evidence_payload,YES,JSONB,PRESERVE_EXACT_PHYSICAL_CORROBORATION,PRESERVE_PHYSICAL_CORROBORATION,PRESERVE,NONE,NO_RUNTIME_CLAIM
QUALIFICATION_EVIDENCE,M15,captured_at,TIMESTAMPTZ,NOT NULL,qualification_evidence,captured_at,YES,TIMESTAMPTZ NOT NULL DEFAULT now(),PRESERVE_EXACT_PHYSICAL_CORROBORATION,PRESERVE_PHYSICAL_CORROBORATION,PRESERVE,NONE,NO_RUNTIME_CLAIM
QUALIFICATION_EVIDENCE,M15,created_at,TIMESTAMPTZ,NOT NULL,qualification_evidence,created_at,YES,TIMESTAMPTZ NOT NULL DEFAULT now(),PRESERVE_EXACT_PHYSICAL_CORROBORATION,PRESERVE_PHYSICAL_CORROBORATION,PRESERVE,NONE,NO_RUNTIME_CLAIM
QUALIFICATION_EVALUATIONS,M15,id,UUID,PK,qualification_evaluations,id,YES,UUID PRIMARY KEY DEFAULT gen_random_uuid(),PRESERVE_EXACT_PHYSICAL_CORROBORATION,PRESERVE_PHYSICAL_CORROBORATION,PRESERVE,NONE,NO_RUNTIME_CLAIM
QUALIFICATION_EVALUATIONS,M15,user_id,UUID,NOT NULL; FK→users.id,qualification_evaluations,user_id,YES,UUID NOT NULL REFERENCES users(id) ON DELETE CASCADE,PRESERVE_EXACT_PHYSICAL_CORROBORATION,PRESERVE_PHYSICAL_CORROBORATION,PRESERVE,NONE,NO_RUNTIME_CLAIM
QUALIFICATION_EVALUATIONS,M15,awarding_path_version_id,UUID,NOT NULL; FK→awarding_path_versions.id,qualification_evaluations,awarding_path_version_id,YES,UUID NOT NULL REFERENCES awarding_path_versions(id) ON DELETE RESTRICT,PRESERVE_EXACT_PHYSICAL_CORROBORATION,PRESERVE_PHYSICAL_CORROBORATION,PRESERVE,NONE,NO_RUNTIME_CLAIM
QUALIFICATION_EVALUATIONS,M15,awarding_rule_version_id,UUID,NOT NULL; FK→awarding_rule_versions.id,qualification_evaluations,awarding_rule_version_id,YES,UUID NOT NULL REFERENCES awarding_rule_versions(id) ON DELETE RESTRICT,PRESERVE_EXACT_PHYSICAL_CORROBORATION,PRESERVE_PHYSICAL_CORROBORATION,PRESERVE,NONE,NO_RUNTIME_CLAIM
QUALIFICATION_EVALUATIONS,M15,result,TEXT,NOT NULL,qualification_evaluations,result,YES,"TEXT NOT NULL
    CHECK (result IN ('qualified','not_qualified','pending','failed','revoked'))",PRESERVE_EXACT_PHYSICAL_CORROBORATION,PRESERVE_PHYSICAL_CORROBORATION,PRESERVE,NONE,NO_RUNTIME_CLAIM
QUALIFICATION_EVALUATIONS,M15,evaluation_time,TIMESTAMPTZ,NOT NULL,qualification_evaluations,evaluation_time,YES,TIMESTAMPTZ NOT NULL DEFAULT now(),PRESERVE_EXACT_PHYSICAL_CORROBORATION,PRESERVE_PHYSICAL_CORROBORATION,PRESERVE,NONE,NO_RUNTIME_CLAIM
QUALIFICATION_EVALUATIONS,M15,evaluator_type,VARCHAR(100),NOT NULL,qualification_evaluations,evaluator_type,YES,VARCHAR(100) NOT NULL,PRESERVE_EXACT_PHYSICAL_CORROBORATION,PRESERVE_PHYSICAL_CORROBORATION,PRESERVE,NONE,NO_RUNTIME_CLAIM
QUALIFICATION_EVALUATIONS,M15,evaluator_reference,TEXT,,qualification_evaluations,evaluator_reference,YES,TEXT,PRESERVE_EXACT_PHYSICAL_CORROBORATION,PRESERVE_PHYSICAL_CORROBORATION,PRESERVE,NONE,NO_RUNTIME_CLAIM
QUALIFICATION_EVALUATIONS,M15,provenance,JSONB,NOT NULL,qualification_evaluations,provenance,YES,JSONB NOT NULL DEFAULT '{}'::jsonb,PRESERVE_EXACT_PHYSICAL_CORROBORATION,PRESERVE_PHYSICAL_CORROBORATION,PRESERVE,NONE,NO_RUNTIME_CLAIM
QUALIFICATION_EVALUATIONS,M15,created_at,TIMESTAMPTZ,NOT NULL,qualification_evaluations,created_at,YES,TIMESTAMPTZ NOT NULL DEFAULT now(),PRESERVE_EXACT_PHYSICAL_CORROBORATION,PRESERVE_PHYSICAL_CORROBORATION,PRESERVE,NONE,NO_RUNTIME_CLAIM
AWARD_INSTANCES,M15,id,UUID,PK,award_instances,id,YES,UUID PRIMARY KEY DEFAULT gen_random_uuid(),PRESERVE_EXACT_PHYSICAL_CORROBORATION,PRESERVE_PHYSICAL_CORROBORATION,PRESERVE,NONE,NO_RUNTIME_CLAIM
AWARD_INSTANCES,M15,user_id,UUID,NOT NULL; FK→users.id,award_instances,user_id,YES,UUID NOT NULL REFERENCES users(id) ON DELETE CASCADE,PRESERVE_EXACT_PHYSICAL_CORROBORATION,PRESERVE_PHYSICAL_CORROBORATION,PRESERVE,NONE,NO_RUNTIME_CLAIM
AWARD_INSTANCES,M15,title_definition_id,UUID,NOT NULL; FK→title_definitions.id,award_instances,title_definition_id,YES,UUID NOT NULL REFERENCES title_definitions(id) ON DELETE RESTRICT,PRESERVE_EXACT_PHYSICAL_CORROBORATION,PRESERVE_PHYSICAL_CORROBORATION,PRESERVE,NONE,NO_RUNTIME_CLAIM
AWARD_INSTANCES,M15,awarding_path_version_id,UUID,NOT NULL; FK→awarding_path_versions.id,award_instances,awarding_path_version_id,YES,UUID NOT NULL REFERENCES awarding_path_versions(id) ON DELETE RESTRICT,PRESERVE_EXACT_PHYSICAL_CORROBORATION,PRESERVE_PHYSICAL_CORROBORATION,PRESERVE,NONE,NO_RUNTIME_CLAIM
AWARD_INSTANCES,M15,awarding_rule_version_id,UUID,NOT NULL; FK→awarding_rule_versions.id,award_instances,awarding_rule_version_id,YES,UUID NOT NULL REFERENCES awarding_rule_versions(id) ON DELETE RESTRICT,PRESERVE_EXACT_PHYSICAL_CORROBORATION,PRESERVE_PHYSICAL_CORROBORATION,PRESERVE,NONE,NO_RUNTIME_CLAIM
AWARD_INSTANCES,M15,qualification_evaluation_id,UUID,FK→qualification_evaluations.id,award_instances,qualification_evaluation_id,YES,UUID REFERENCES qualification_evaluations(id) ON DELETE SET NULL,PRESERVE_EXACT_PHYSICAL_CORROBORATION,PRESERVE_PHYSICAL_CORROBORATION,PRESERVE,NONE,NO_RUNTIME_CLAIM
AWARD_INSTANCES,M15,status,TEXT,NOT NULL,award_instances,status,YES,"TEXT NOT NULL DEFAULT 'active'
    CHECK (status IN ('active','expired','revoked','restored'))",PRESERVE_EXACT_PHYSICAL_CORROBORATION,PRESERVE_PHYSICAL_CORROBORATION,PRESERVE,NONE,NO_RUNTIME_CLAIM
AWARD_INSTANCES,M15,issued_at,TIMESTAMPTZ,NOT NULL,award_instances,issued_at,YES,TIMESTAMPTZ NOT NULL DEFAULT now(),PRESERVE_EXACT_PHYSICAL_CORROBORATION,PRESERVE_PHYSICAL_CORROBORATION,PRESERVE,NONE,NO_RUNTIME_CLAIM
AWARD_INSTANCES,M15,expires_at,TIMESTAMPTZ,,award_instances,expires_at,YES,TIMESTAMPTZ,PRESERVE_EXACT_PHYSICAL_CORROBORATION,PRESERVE_PHYSICAL_CORROBORATION,PRESERVE,NONE,NO_RUNTIME_CLAIM
AWARD_INSTANCES,M15,revoked_at,TIMESTAMPTZ,,award_instances,revoked_at,YES,TIMESTAMPTZ,PRESERVE_EXACT_PHYSICAL_CORROBORATION,PRESERVE_PHYSICAL_CORROBORATION,PRESERVE,NONE,NO_RUNTIME_CLAIM
AWARD_INSTANCES,M15,restored_at,TIMESTAMPTZ,,award_instances,restored_at,YES,TIMESTAMPTZ,PRESERVE_EXACT_PHYSICAL_CORROBORATION,PRESERVE_PHYSICAL_CORROBORATION,PRESERVE,NONE,NO_RUNTIME_CLAIM
AWARD_INSTANCES,M15,historical_snapshot,JSONB,NOT NULL,award_instances,historical_snapshot,YES,JSONB NOT NULL DEFAULT '{}'::jsonb,PRESERVE_EXACT_PHYSICAL_CORROBORATION,PRESERVE_PHYSICAL_CORROBORATION,PRESERVE,NONE,NO_RUNTIME_CLAIM
AWARD_INSTANCES,M15,created_at,TIMESTAMPTZ,NOT NULL,award_instances,created_at,YES,TIMESTAMPTZ NOT NULL DEFAULT now(),PRESERVE_EXACT_PHYSICAL_CORROBORATION,PRESERVE_PHYSICAL_CORROBORATION,PRESERVE,NONE,NO_RUNTIME_CLAIM
AWARD_INSTANCES,M15,updated_at,TIMESTAMPTZ,NOT NULL,award_instances,updated_at,YES,TIMESTAMPTZ NOT NULL DEFAULT now(),PRESERVE_EXACT_PHYSICAL_CORROBORATION,PRESERVE_PHYSICAL_CORROBORATION,PRESERVE,NONE,NO_RUNTIME_CLAIM
AWARD_QUALIFYING_PATHS,M15,id,UUID,PK,award_qualifying_paths,id,YES,UUID PRIMARY KEY DEFAULT gen_random_uuid(),PRESERVE_EXACT_PHYSICAL_CORROBORATION,PRESERVE_PHYSICAL_CORROBORATION,PRESERVE,NONE,NO_RUNTIME_CLAIM
AWARD_QUALIFYING_PATHS,M15,award_instance_id,UUID,NOT NULL; FK→award_instances.id,award_qualifying_paths,award_instance_id,YES,UUID NOT NULL REFERENCES award_instances(id) ON DELETE CASCADE,PRESERVE_EXACT_PHYSICAL_CORROBORATION,PRESERVE_PHYSICAL_CORROBORATION,PRESERVE,NONE,NO_RUNTIME_CLAIM
AWARD_QUALIFYING_PATHS,M15,awarding_path_version_id,UUID,NOT NULL; FK→awarding_path_versions.id,award_qualifying_paths,awarding_path_version_id,YES,UUID NOT NULL REFERENCES awarding_path_versions(id) ON DELETE RESTRICT,PRESERVE_EXACT_PHYSICAL_CORROBORATION,PRESERVE_PHYSICAL_CORROBORATION,PRESERVE,NONE,NO_RUNTIME_CLAIM
AWARD_QUALIFYING_PATHS,M15,qualification_evaluation_id,UUID,FK→qualification_evaluations.id,award_qualifying_paths,qualification_evaluation_id,YES,UUID REFERENCES qualification_evaluations(id) ON DELETE SET NULL,PRESERVE_EXACT_PHYSICAL_CORROBORATION,PRESERVE_PHYSICAL_CORROBORATION,PRESERVE,NONE,NO_RUNTIME_CLAIM
AWARD_QUALIFYING_PATHS,M15,provenance,JSONB,NOT NULL,award_qualifying_paths,provenance,YES,JSONB NOT NULL DEFAULT '{}'::jsonb,PRESERVE_EXACT_PHYSICAL_CORROBORATION,PRESERVE_PHYSICAL_CORROBORATION,PRESERVE,NONE,NO_RUNTIME_CLAIM
AWARD_QUALIFYING_PATHS,M15,created_at,TIMESTAMPTZ,NOT NULL,award_qualifying_paths,created_at,YES,TIMESTAMPTZ NOT NULL DEFAULT now(),PRESERVE_EXACT_PHYSICAL_CORROBORATION,PRESERVE_PHYSICAL_CORROBORATION,PRESERVE,NONE,NO_RUNTIME_CLAIM
TITLE_PRESENTATIONS,M15,id,UUID,PK,title_presentations,id,YES,UUID PRIMARY KEY DEFAULT gen_random_uuid(),PRESERVE_EXACT_PHYSICAL_CORROBORATION,PRESERVE_PHYSICAL_CORROBORATION,PRESERVE,NONE,NO_RUNTIME_CLAIM
TITLE_PRESENTATIONS,M15,user_id,UUID,NOT NULL; FK→users.id,title_presentations,user_id,YES,UUID NOT NULL REFERENCES users(id) ON DELETE CASCADE,PRESERVE_EXACT_PHYSICAL_CORROBORATION,PRESERVE_PHYSICAL_CORROBORATION,PRESERVE,NONE,NO_RUNTIME_CLAIM
TITLE_PRESENTATIONS,M15,title_definition_id,UUID,NOT NULL; FK→title_definitions.id,title_presentations,title_definition_id,YES,UUID NOT NULL REFERENCES title_definitions(id) ON DELETE RESTRICT,PRESERVE_EXACT_PHYSICAL_CORROBORATION,PRESERVE_PHYSICAL_CORROBORATION,PRESERVE,NONE,NO_RUNTIME_CLAIM
TITLE_PRESENTATIONS,M15,presentation_type,TEXT,NOT NULL,title_presentations,presentation_type,YES,"TEXT NOT NULL
    CHECK (presentation_type IN ('primary','featured'))",PRESERVE_EXACT_PHYSICAL_CORROBORATION,PRESERVE_PHYSICAL_CORROBORATION,PRESERVE,NONE,NO_RUNTIME_CLAIM
TITLE_PRESENTATIONS,M15,active,BOOLEAN,NOT NULL,title_presentations,active,YES,BOOLEAN NOT NULL DEFAULT true,PRESERVE_EXACT_PHYSICAL_CORROBORATION,PRESERVE_PHYSICAL_CORROBORATION,PRESERVE,NONE,NO_RUNTIME_CLAIM
TITLE_PRESENTATIONS,M15,display_order,INT,NOT NULL,title_presentations,display_order,YES,INT NOT NULL DEFAULT 0,PRESERVE_EXACT_PHYSICAL_CORROBORATION,PRESERVE_PHYSICAL_CORROBORATION,PRESERVE,NONE,NO_RUNTIME_CLAIM
TITLE_PRESENTATIONS,M15,created_at,TIMESTAMPTZ,NOT NULL,title_presentations,created_at,YES,TIMESTAMPTZ NOT NULL DEFAULT now(),PRESERVE_EXACT_PHYSICAL_CORROBORATION,PRESERVE_PHYSICAL_CORROBORATION,PRESERVE,NONE,NO_RUNTIME_CLAIM
TITLE_PRESENTATIONS,M15,updated_at,TIMESTAMPTZ,NOT NULL,title_presentations,updated_at,YES,TIMESTAMPTZ NOT NULL DEFAULT now(),PRESERVE_EXACT_PHYSICAL_CORROBORATION,PRESERVE_PHYSICAL_CORROBORATION,PRESERVE,NONE,NO_RUNTIME_CLAIM
MARKETING_KIT,M06,id,uuid,PK | logical identity,,,NO,,LOGICAL_ONLY_NO_CURRENT_PHYSICAL_CORROBORATION,CONTROLLED_PHYSICAL_DELTA,RECONCILE_AFTER_UPSTREAM_STABILITY,Physical realization not present/proven in current 86-table baseline.,NO_RUNTIME_CLAIM
MARKETING_KIT,M06,project_id,uuid,FK→DEVELOPER_PROJECTS.id | project owner,,,NO,,LOGICAL_ONLY_NO_CURRENT_PHYSICAL_CORROBORATION,CONTROLLED_PHYSICAL_DELTA,RECONCILE_AFTER_UPSTREAM_STABILITY,Physical realization not present/proven in current 86-table baseline.,NO_RUNTIME_CLAIM
MARKETING_KIT,M06,file_id,identifier,File identity | physical storage contract downstream,,,NO,,LOGICAL_ONLY_NO_CURRENT_PHYSICAL_CORROBORATION,CONTROLLED_PHYSICAL_DELTA,RECONCILE_AFTER_UPSTREAM_STABILITY,Physical realization not present/proven in current 86-table baseline.,NO_RUNTIME_CLAIM
MARKETING_KIT,M06,file_type,enum,PDF brochure / PDF pricelist,,,NO,,LOGICAL_ONLY_NO_CURRENT_PHYSICAL_CORROBORATION,CONTROLLED_PHYSICAL_DELTA,RECONCILE_AFTER_UPSTREAM_STABILITY,Physical realization not present/proven in current 86-table baseline.,NO_RUNTIME_CLAIM
MARKETING_KIT,M06,file_name,string,File name,,,NO,,LOGICAL_ONLY_NO_CURRENT_PHYSICAL_CORROBORATION,CONTROLLED_PHYSICAL_DELTA,RECONCILE_AFTER_UPSTREAM_STABILITY,Physical realization not present/proven in current 86-table baseline.,NO_RUNTIME_CLAIM
MARKETING_KIT,M06,file_url,string,Download link,,,NO,,LOGICAL_ONLY_NO_CURRENT_PHYSICAL_CORROBORATION,CONTROLLED_PHYSICAL_DELTA,RECONCILE_AFTER_UPSTREAM_STABILITY,Physical realization not present/proven in current 86-table baseline.,NO_RUNTIME_CLAIM
PERMISSION_PRESET,M10,id,uuid,PK,,,NO,,LOGICAL_ONLY_NO_CURRENT_PHYSICAL_CORROBORATION,CONTROLLED_PHYSICAL_DELTA,RECONCILE_AFTER_UPSTREAM_STABILITY,Physical realization not present/proven in current 86-table baseline.,NO_RUNTIME_CLAIM
PERMISSION_PRESET,M10,name,string,Editable preset name,,,NO,,LOGICAL_ONLY_NO_CURRENT_PHYSICAL_CORROBORATION,CONTROLLED_PHYSICAL_DELTA,RECONCILE_AFTER_UPSTREAM_STABILITY,Physical realization not present/proven in current 86-table baseline.,NO_RUNTIME_CLAIM
PERMISSION_PRESET,M10,target_role_id,uuid,FK→ROLES.id | exactly one target role,,,NO,,LOGICAL_ONLY_NO_CURRENT_PHYSICAL_CORROBORATION,CONTROLLED_PHYSICAL_DELTA,RECONCILE_AFTER_UPSTREAM_STABILITY,Physical realization not present/proven in current 86-table baseline.,NO_RUNTIME_CLAIM
PERMISSION_PRESET,M10,created_by,uuid,Creator actor | users,,,NO,,LOGICAL_ONLY_NO_CURRENT_PHYSICAL_CORROBORATION,CONTROLLED_PHYSICAL_DELTA,RECONCILE_AFTER_UPSTREAM_STABILITY,Physical realization not present/proven in current 86-table baseline.,NO_RUNTIME_CLAIM
PERMISSION_PRESET,M10,updated_by,uuid,Last editor | users,,,NO,,LOGICAL_ONLY_NO_CURRENT_PHYSICAL_CORROBORATION,CONTROLLED_PHYSICAL_DELTA,RECONCILE_AFTER_UPSTREAM_STABILITY,Physical realization not present/proven in current 86-table baseline.,NO_RUNTIME_CLAIM
PERMISSION_PRESET,M10,created_at,timestamp,Creation timestamp,,,NO,,LOGICAL_ONLY_NO_CURRENT_PHYSICAL_CORROBORATION,CONTROLLED_PHYSICAL_DELTA,RECONCILE_AFTER_UPSTREAM_STABILITY,Physical realization not present/proven in current 86-table baseline.,NO_RUNTIME_CLAIM
PERMISSION_PRESET,M10,updated_at,timestamp,Last update timestamp,,,NO,,LOGICAL_ONLY_NO_CURRENT_PHYSICAL_CORROBORATION,CONTROLLED_PHYSICAL_DELTA,RECONCILE_AFTER_UPSTREAM_STABILITY,Physical realization not present/proven in current 86-table baseline.,NO_RUNTIME_CLAIM
PERMISSION_PRESET_ITEM,M10,id,uuid,PK,,,NO,,LOGICAL_ONLY_NO_CURRENT_PHYSICAL_CORROBORATION,CONTROLLED_PHYSICAL_DELTA,RECONCILE_AFTER_UPSTREAM_STABILITY,Physical realization not present/proven in current 86-table baseline.,NO_RUNTIME_CLAIM
PERMISSION_PRESET_ITEM,M10,preset_id,uuid,FK→PERMISSION_PRESET.id,,,NO,,LOGICAL_ONLY_NO_CURRENT_PHYSICAL_CORROBORATION,CONTROLLED_PHYSICAL_DELTA,RECONCILE_AFTER_UPSTREAM_STABILITY,Physical realization not present/proven in current 86-table baseline.,NO_RUNTIME_CLAIM
PERMISSION_PRESET_ITEM,M10,permission_id,uuid,FK→PERMISSIONS.id,,,NO,,LOGICAL_ONLY_NO_CURRENT_PHYSICAL_CORROBORATION,CONTROLLED_PHYSICAL_DELTA,RECONCILE_AFTER_UPSTREAM_STABILITY,Physical realization not present/proven in current 86-table baseline.,NO_RUNTIME_CLAIM
PERMISSION_PRESET_ITEM,M10,granted_scope,enum,all / own / none,,,NO,,LOGICAL_ONLY_NO_CURRENT_PHYSICAL_CORROBORATION,CONTROLLED_PHYSICAL_DELTA,RECONCILE_AFTER_UPSTREAM_STABILITY,Physical realization not present/proven in current 86-table baseline.,NO_RUNTIME_CLAIM
PERMISSION_PRESET_ITEM,M10,created_at,timestamp,Creation timestamp,,,NO,,LOGICAL_ONLY_NO_CURRENT_PHYSICAL_CORROBORATION,CONTROLLED_PHYSICAL_DELTA,RECONCILE_AFTER_UPSTREAM_STABILITY,Physical realization not present/proven in current 86-table baseline.,NO_RUNTIME_CLAIM
PERMISSION_PRESET_ITEM,M10,updated_at,timestamp,Last update timestamp,,,NO,,LOGICAL_ONLY_NO_CURRENT_PHYSICAL_CORROBORATION,CONTROLLED_PHYSICAL_DELTA,RECONCILE_AFTER_UPSTREAM_STABILITY,Physical realization not present/proven in current 86-table baseline.,NO_RUNTIME_CLAIM
USER_PERMISSION_PRESET,M10,user_id,uuid,FK→USERS.id | UNIQUE; zero or one current assignment,,,NO,,LOGICAL_ONLY_NO_CURRENT_PHYSICAL_CORROBORATION,CONTROLLED_PHYSICAL_DELTA,RECONCILE_AFTER_UPSTREAM_STABILITY,Physical realization not present/proven in current 86-table baseline.,NO_RUNTIME_CLAIM
USER_PERMISSION_PRESET,M10,preset_id,uuid,FK→PERMISSION_PRESET.id,,,NO,,LOGICAL_ONLY_NO_CURRENT_PHYSICAL_CORROBORATION,CONTROLLED_PHYSICAL_DELTA,RECONCILE_AFTER_UPSTREAM_STABILITY,Physical realization not present/proven in current 86-table baseline.,NO_RUNTIME_CLAIM
USER_PERMISSION_PRESET,M10,assigned_by,uuid,Assigning actor | users,,,NO,,LOGICAL_ONLY_NO_CURRENT_PHYSICAL_CORROBORATION,CONTROLLED_PHYSICAL_DELTA,RECONCILE_AFTER_UPSTREAM_STABILITY,Physical realization not present/proven in current 86-table baseline.,NO_RUNTIME_CLAIM
USER_PERMISSION_PRESET,M10,assigned_at,timestamp,Assignment timestamp,,,NO,,LOGICAL_ONLY_NO_CURRENT_PHYSICAL_CORROBORATION,CONTROLLED_PHYSICAL_DELTA,RECONCILE_AFTER_UPSTREAM_STABILITY,Physical realization not present/proven in current 86-table baseline.,NO_RUNTIME_CLAIM
USER_PERMISSION_PRESET,M10,updated_at,timestamp,Last update timestamp,,,NO,,LOGICAL_ONLY_NO_CURRENT_PHYSICAL_CORROBORATION,CONTROLLED_PHYSICAL_DELTA,RECONCILE_AFTER_UPSTREAM_STABILITY,Physical realization not present/proven in current 86-table baseline.,NO_RUNTIME_CLAIM
STATIC_PUBLIC_CONTENT,M11,id,uuid,Logical identity,,,NO,,LOGICAL_ONLY_NO_CURRENT_PHYSICAL_CORROBORATION,CONTROLLED_PHYSICAL_DELTA,RECONCILE_AFTER_UPSTREAM_STABILITY,Physical realization not present/proven in current 86-table baseline.,NO_RUNTIME_CLAIM
STATIC_PUBLIC_CONTENT,M11,title,string,Public content title,,,NO,,LOGICAL_ONLY_NO_CURRENT_PHYSICAL_CORROBORATION,CONTROLLED_PHYSICAL_DELTA,RECONCILE_AFTER_UPSTREAM_STABILITY,Physical realization not present/proven in current 86-table baseline.,NO_RUNTIME_CLAIM
STATIC_PUBLIC_CONTENT,M11,slug,string,Public URL/slug,,,NO,,LOGICAL_ONLY_NO_CURRENT_PHYSICAL_CORROBORATION,CONTROLLED_PHYSICAL_DELTA,RECONCILE_AFTER_UPSTREAM_STABILITY,Physical realization not present/proven in current 86-table baseline.,NO_RUNTIME_CLAIM
STATIC_PUBLIC_CONTENT,M11,content,text,Simple public content,,,NO,,LOGICAL_ONLY_NO_CURRENT_PHYSICAL_CORROBORATION,CONTROLLED_PHYSICAL_DELTA,RECONCILE_AFTER_UPSTREAM_STABILITY,Physical realization not present/proven in current 86-table baseline.,NO_RUNTIME_CLAIM
STATIC_PUBLIC_CONTENT,M11,meta_title,string,SEO metadata,,,NO,,LOGICAL_ONLY_NO_CURRENT_PHYSICAL_CORROBORATION,CONTROLLED_PHYSICAL_DELTA,RECONCILE_AFTER_UPSTREAM_STABILITY,Physical realization not present/proven in current 86-table baseline.,NO_RUNTIME_CLAIM
STATIC_PUBLIC_CONTENT,M11,meta_description,text,SEO metadata,,,NO,,LOGICAL_ONLY_NO_CURRENT_PHYSICAL_CORROBORATION,CONTROLLED_PHYSICAL_DELTA,RECONCILE_AFTER_UPSTREAM_STABILITY,Physical realization not present/proven in current 86-table baseline.,NO_RUNTIME_CLAIM
STATIC_PUBLIC_CONTENT,M11,canonical_url,string,Canonical public URL,,,NO,,LOGICAL_ONLY_NO_CURRENT_PHYSICAL_CORROBORATION,CONTROLLED_PHYSICAL_DELTA,RECONCILE_AFTER_UPSTREAM_STABILITY,Physical realization not present/proven in current 86-table baseline.,NO_RUNTIME_CLAIM
STATIC_PUBLIC_CONTENT,M11,indexability,enum,Index / noindex policy,,,NO,,LOGICAL_ONLY_NO_CURRENT_PHYSICAL_CORROBORATION,CONTROLLED_PHYSICAL_DELTA,RECONCILE_AFTER_UPSTREAM_STABILITY,Physical realization not present/proven in current 86-table baseline.,NO_RUNTIME_CLAIM
STATIC_PUBLIC_CONTENT,M11,sitemap_participation,boolean,Sitemap eligibility,,,NO,,LOGICAL_ONLY_NO_CURRENT_PHYSICAL_CORROBORATION,CONTROLLED_PHYSICAL_DELTA,RECONCILE_AFTER_UPSTREAM_STABILITY,Physical realization not present/proven in current 86-table baseline.,NO_RUNTIME_CLAIM
STATIC_PUBLIC_CONTENT,M11,status,enum,Draft / Published / Unpublished / Archived,,,NO,,LOGICAL_ONLY_NO_CURRENT_PHYSICAL_CORROBORATION,CONTROLLED_PHYSICAL_DELTA,RECONCILE_AFTER_UPSTREAM_STABILITY,Physical realization not present/proven in current 86-table baseline.,NO_RUNTIME_CLAIM
STATIC_PUBLIC_CONTENT,M11,published_at,timestamp,Publication timestamp where applicable,,,NO,,LOGICAL_ONLY_NO_CURRENT_PHYSICAL_CORROBORATION,CONTROLLED_PHYSICAL_DELTA,RECONCILE_AFTER_UPSTREAM_STABILITY,Physical realization not present/proven in current 86-table baseline.,NO_RUNTIME_CLAIM
STATIC_PUBLIC_CONTENT,M11,created_at,timestamp,Creation timestamp,,,NO,,LOGICAL_ONLY_NO_CURRENT_PHYSICAL_CORROBORATION,CONTROLLED_PHYSICAL_DELTA,RECONCILE_AFTER_UPSTREAM_STABILITY,Physical realization not present/proven in current 86-table baseline.,NO_RUNTIME_CLAIM
STATIC_PUBLIC_CONTENT,M11,updated_at,timestamp,Last update timestamp,,,NO,,LOGICAL_ONLY_NO_CURRENT_PHYSICAL_CORROBORATION,CONTROLLED_PHYSICAL_DELTA,RECONCILE_AFTER_UPSTREAM_STABILITY,Physical realization not present/proven in current 86-table baseline.,NO_RUNTIME_CLAIM
PUBLIC_ANNOUNCEMENT_PROMOTION,M11,id,uuid,Logical identity,,,NO,,LOGICAL_ONLY_NO_CURRENT_PHYSICAL_CORROBORATION,CONTROLLED_PHYSICAL_DELTA,RECONCILE_AFTER_UPSTREAM_STABILITY,Physical realization not present/proven in current 86-table baseline.,NO_RUNTIME_CLAIM
PUBLIC_ANNOUNCEMENT_PROMOTION,M11,title,string,Public communication title,,,NO,,LOGICAL_ONLY_NO_CURRENT_PHYSICAL_CORROBORATION,CONTROLLED_PHYSICAL_DELTA,RECONCILE_AFTER_UPSTREAM_STABILITY,Physical realization not present/proven in current 86-table baseline.,NO_RUNTIME_CLAIM
PUBLIC_ANNOUNCEMENT_PROMOTION,M11,content,text,Public copy,,,NO,,LOGICAL_ONLY_NO_CURRENT_PHYSICAL_CORROBORATION,CONTROLLED_PHYSICAL_DELTA,RECONCILE_AFTER_UPSTREAM_STABILITY,Physical realization not present/proven in current 86-table baseline.,NO_RUNTIME_CLAIM
PUBLIC_ANNOUNCEMENT_PROMOTION,M11,image_reference,string,Optional public image reference,,,NO,,LOGICAL_ONLY_NO_CURRENT_PHYSICAL_CORROBORATION,CONTROLLED_PHYSICAL_DELTA,RECONCILE_AFTER_UPSTREAM_STABILITY,Physical realization not present/proven in current 86-table baseline.,NO_RUNTIME_CLAIM
PUBLIC_ANNOUNCEMENT_PROMOTION,M11,cta_reference,string,CTA configuration/reference,,,NO,,LOGICAL_ONLY_NO_CURRENT_PHYSICAL_CORROBORATION,CONTROLLED_PHYSICAL_DELTA,RECONCILE_AFTER_UPSTREAM_STABILITY,Physical realization not present/proven in current 86-table baseline.,NO_RUNTIME_CLAIM
PUBLIC_ANNOUNCEMENT_PROMOTION,M11,campaign_reference,string,Optional campaign reference,,,NO,,LOGICAL_ONLY_NO_CURRENT_PHYSICAL_CORROBORATION,CONTROLLED_PHYSICAL_DELTA,RECONCILE_AFTER_UPSTREAM_STABILITY,Physical realization not present/proven in current 86-table baseline.,NO_RUNTIME_CLAIM
PUBLIC_ANNOUNCEMENT_PROMOTION,M11,priority,integer,Configurable display priority,,,NO,,LOGICAL_ONLY_NO_CURRENT_PHYSICAL_CORROBORATION,CONTROLLED_PHYSICAL_DELTA,RECONCILE_AFTER_UPSTREAM_STABILITY,Physical realization not present/proven in current 86-table baseline.,NO_RUNTIME_CLAIM
PUBLIC_ANNOUNCEMENT_PROMOTION,M11,schedule_at,timestamp,Configured activation schedule,,,NO,,LOGICAL_ONLY_NO_CURRENT_PHYSICAL_CORROBORATION,CONTROLLED_PHYSICAL_DELTA,RECONCILE_AFTER_UPSTREAM_STABILITY,Physical realization not present/proven in current 86-table baseline.,NO_RUNTIME_CLAIM
PUBLIC_ANNOUNCEMENT_PROMOTION,M11,expires_at,timestamp,Configured expiration,,,NO,,LOGICAL_ONLY_NO_CURRENT_PHYSICAL_CORROBORATION,CONTROLLED_PHYSICAL_DELTA,RECONCILE_AFTER_UPSTREAM_STABILITY,Physical realization not present/proven in current 86-table baseline.,NO_RUNTIME_CLAIM
PUBLIC_ANNOUNCEMENT_PROMOTION,M11,status,enum,Draft / Scheduled / Active / Expired / Archived,,,NO,,LOGICAL_ONLY_NO_CURRENT_PHYSICAL_CORROBORATION,CONTROLLED_PHYSICAL_DELTA,RECONCILE_AFTER_UPSTREAM_STABILITY,Physical realization not present/proven in current 86-table baseline.,NO_RUNTIME_CLAIM
PUBLIC_ANNOUNCEMENT_PROMOTION,M11,canonical_url,string,Canonical public URL where applicable,,,NO,,LOGICAL_ONLY_NO_CURRENT_PHYSICAL_CORROBORATION,CONTROLLED_PHYSICAL_DELTA,RECONCILE_AFTER_UPSTREAM_STABILITY,Physical realization not present/proven in current 86-table baseline.,NO_RUNTIME_CLAIM
PUBLIC_ANNOUNCEMENT_PROMOTION,M11,created_at,timestamp,Creation timestamp,,,NO,,LOGICAL_ONLY_NO_CURRENT_PHYSICAL_CORROBORATION,CONTROLLED_PHYSICAL_DELTA,RECONCILE_AFTER_UPSTREAM_STABILITY,Physical realization not present/proven in current 86-table baseline.,NO_RUNTIME_CLAIM
PUBLIC_ANNOUNCEMENT_PROMOTION,M11,updated_at,timestamp,Last update timestamp,,,NO,,LOGICAL_ONLY_NO_CURRENT_PHYSICAL_CORROBORATION,CONTROLLED_PHYSICAL_DELTA,RECONCILE_AFTER_UPSTREAM_STABILITY,Physical realization not present/proven in current 86-table baseline.,NO_RUNTIME_CLAIM
ORGANIZATION_DOCUMENT,M12,id,uuid,Logical identity,,,NO,,LOGICAL_ONLY_NO_CURRENT_PHYSICAL_CORROBORATION,CONTROLLED_PHYSICAL_DELTA,RECONCILE_AFTER_UPSTREAM_STABILITY,Physical realization not present/proven in current 86-table baseline.,NO_RUNTIME_CLAIM
ORGANIZATION_DOCUMENT,M12,organization_id,uuid,FK→ORGANIZATIONS.id,,,NO,,LOGICAL_ONLY_NO_CURRENT_PHYSICAL_CORROBORATION,CONTROLLED_PHYSICAL_DELTA,RECONCILE_AFTER_UPSTREAM_STABILITY,Physical realization not present/proven in current 86-table baseline.,NO_RUNTIME_CLAIM
ORGANIZATION_DOCUMENT,M12,document_reference,string,Organization-owned document/file reference,,,NO,,LOGICAL_ONLY_NO_CURRENT_PHYSICAL_CORROBORATION,CONTROLLED_PHYSICAL_DELTA,RECONCILE_AFTER_UPSTREAM_STABILITY,Physical realization not present/proven in current 86-table baseline.,NO_RUNTIME_CLAIM
ORGANIZATION_DOCUMENT,M12,document_type,string,Document classification; exact vocabulary downstream,,,NO,,LOGICAL_ONLY_NO_CURRENT_PHYSICAL_CORROBORATION,CONTROLLED_PHYSICAL_DELTA,RECONCILE_AFTER_UPSTREAM_STABILITY,Physical realization not present/proven in current 86-table baseline.,NO_RUNTIME_CLAIM
ORGANIZATION_DOCUMENT,M12,visibility,enum,Organization/member visibility according to M12,,,NO,,LOGICAL_ONLY_NO_CURRENT_PHYSICAL_CORROBORATION,CONTROLLED_PHYSICAL_DELTA,RECONCILE_AFTER_UPSTREAM_STABILITY,Physical realization not present/proven in current 86-table baseline.,NO_RUNTIME_CLAIM
ORGANIZATION_DOCUMENT,M12,created_at,timestamp,Creation timestamp,,,NO,,LOGICAL_ONLY_NO_CURRENT_PHYSICAL_CORROBORATION,CONTROLLED_PHYSICAL_DELTA,RECONCILE_AFTER_UPSTREAM_STABILITY,Physical realization not present/proven in current 86-table baseline.,NO_RUNTIME_CLAIM
ORGANIZATION_DOCUMENT,M12,updated_at,timestamp,Last update timestamp,,,NO,,LOGICAL_ONLY_NO_CURRENT_PHYSICAL_CORROBORATION,CONTROLLED_PHYSICAL_DELTA,RECONCILE_AFTER_UPSTREAM_STABILITY,Physical realization not present/proven in current 86-table baseline.,NO_RUNTIME_CLAIM
EVENT_PROVIDER_BINDING,M05,id,uuid,Logical identity,,,NO,,LOGICAL_ONLY_NO_CURRENT_PHYSICAL_CORROBORATION,CONTROLLED_PHYSICAL_DELTA,RECONCILE_AFTER_UPSTREAM_STABILITY,Physical realization not present/proven in current 86-table baseline.,NO_RUNTIME_CLAIM
EVENT_PROVIDER_BINDING,M05,event_id,uuid,FK→EVENTS.id,,,NO,,LOGICAL_ONLY_NO_CURRENT_PHYSICAL_CORROBORATION,CONTROLLED_PHYSICAL_DELTA,RECONCILE_AFTER_UPSTREAM_STABILITY,Physical realization not present/proven in current 86-table baseline.,NO_RUNTIME_CLAIM
EVENT_PROVIDER_BINDING,M05,provider_selection,string,Selected provider; exact provider vocabulary downstream,,,NO,,LOGICAL_ONLY_NO_CURRENT_PHYSICAL_CORROBORATION,CONTROLLED_PHYSICAL_DELTA,RECONCILE_AFTER_UPSTREAM_STABILITY,Physical realization not present/proven in current 86-table baseline.,NO_RUNTIME_CLAIM
EVENT_PROVIDER_BINDING,M05,binding_state,string,Binding/lifecycle state; exact vocabulary downstream,,,NO,,LOGICAL_ONLY_NO_CURRENT_PHYSICAL_CORROBORATION,CONTROLLED_PHYSICAL_DELTA,RECONCILE_AFTER_UPSTREAM_STABILITY,Physical realization not present/proven in current 86-table baseline.,NO_RUNTIME_CLAIM
EVENT_PROVIDER_BINDING,M05,fallback_position,integer,Primary/fallback ordering where applicable,,,NO,,LOGICAL_ONLY_NO_CURRENT_PHYSICAL_CORROBORATION,CONTROLLED_PHYSICAL_DELTA,RECONCILE_AFTER_UPSTREAM_STABILITY,Physical realization not present/proven in current 86-table baseline.,NO_RUNTIME_CLAIM
EVENT_PROVIDER_BINDING,M05,effective_from,timestamp,Binding effectiveness/history boundary,,,NO,,LOGICAL_ONLY_NO_CURRENT_PHYSICAL_CORROBORATION,CONTROLLED_PHYSICAL_DELTA,RECONCILE_AFTER_UPSTREAM_STABILITY,Physical realization not present/proven in current 86-table baseline.,NO_RUNTIME_CLAIM
EVENT_PROVIDER_BINDING,M05,effective_to,timestamp,Binding end/history boundary,,,NO,,LOGICAL_ONLY_NO_CURRENT_PHYSICAL_CORROBORATION,CONTROLLED_PHYSICAL_DELTA,RECONCILE_AFTER_UPSTREAM_STABILITY,Physical realization not present/proven in current 86-table baseline.,NO_RUNTIME_CLAIM
EVENT_PROVIDER_BINDING,M05,credential_reference,string,Provider credential/reference; exact persistence contract downstream,,,NO,,LOGICAL_ONLY_NO_CURRENT_PHYSICAL_CORROBORATION,CONTROLLED_PHYSICAL_DELTA,RECONCILE_AFTER_UPSTREAM_STABILITY,Physical realization not present/proven in current 86-table baseline.,NO_RUNTIME_CLAIM
DEVELOPER_PROJECTS,M06,province_id,UUID,FK wilayah province,,,NO,,LOGICAL_ONLY_NO_CURRENT_PHYSICAL_CORROBORATION,CONTROLLED_PHYSICAL_DELTA,RECONCILE_AFTER_UPSTREAM_STABILITY,No exact current physical column in W4-01E canonical 86-table baseline; logical augmentation retained.,NO_RUNTIME_CLAIM
DEVELOPER_PROJECTS,M06,district_id,UUID,FK wilayah district,,,NO,,LOGICAL_ONLY_NO_CURRENT_PHYSICAL_CORROBORATION,CONTROLLED_PHYSICAL_DELTA,RECONCILE_AFTER_UPSTREAM_STABILITY,No exact current physical column in W4-01E canonical 86-table baseline; logical augmentation retained.,NO_RUNTIME_CLAIM
DEVELOPER_PROJECTS,M06,bedrooms,INTEGER,M03-compatible,,,NO,,LOGICAL_ONLY_NO_CURRENT_PHYSICAL_CORROBORATION,CONTROLLED_PHYSICAL_DELTA,RECONCILE_AFTER_UPSTREAM_STABILITY,No exact current physical column in W4-01E canonical 86-table baseline; logical augmentation retained.,NO_RUNTIME_CLAIM
DEVELOPER_PROJECTS,M06,bathrooms,INTEGER,M03-compatible,,,NO,,LOGICAL_ONLY_NO_CURRENT_PHYSICAL_CORROBORATION,CONTROLLED_PHYSICAL_DELTA,RECONCILE_AFTER_UPSTREAM_STABILITY,No exact current physical column in W4-01E canonical 86-table baseline; logical augmentation retained.,NO_RUNTIME_CLAIM
DEVELOPER_PROJECTS,M06,land_area,NUMERIC,M03-compatible,,,NO,,LOGICAL_ONLY_NO_CURRENT_PHYSICAL_CORROBORATION,CONTROLLED_PHYSICAL_DELTA,RECONCILE_AFTER_UPSTREAM_STABILITY,No exact current physical column in W4-01E canonical 86-table baseline; logical augmentation retained.,NO_RUNTIME_CLAIM
DEVELOPER_PROJECTS,M06,building_area,NUMERIC,M03-compatible,,,NO,,LOGICAL_ONLY_NO_CURRENT_PHYSICAL_CORROBORATION,CONTROLLED_PHYSICAL_DELTA,RECONCILE_AFTER_UPSTREAM_STABILITY,No exact current physical column in W4-01E canonical 86-table baseline; logical augmentation retained.,NO_RUNTIME_CLAIM
DEVELOPER_PROJECTS,M06,floors,INTEGER,M03-compatible,,,NO,,LOGICAL_ONLY_NO_CURRENT_PHYSICAL_CORROBORATION,CONTROLLED_PHYSICAL_DELTA,RECONCILE_AFTER_UPSTREAM_STABILITY,No exact current physical column in W4-01E canonical 86-table baseline; logical augmentation retained.,NO_RUNTIME_CLAIM
DEVELOPER_PROJECTS,M06,carport_capacity,INTEGER,M03-compatible,,,NO,,LOGICAL_ONLY_NO_CURRENT_PHYSICAL_CORROBORATION,CONTROLLED_PHYSICAL_DELTA,RECONCILE_AFTER_UPSTREAM_STABILITY,No exact current physical column in W4-01E canonical 86-table baseline; logical augmentation retained.,NO_RUNTIME_CLAIM
DEVELOPER_PROJECTS,M06,electrical_power,TEXT/VARCHAR,M03-compatible,,,NO,,LOGICAL_ONLY_NO_CURRENT_PHYSICAL_CORROBORATION,CONTROLLED_PHYSICAL_DELTA,RECONCILE_AFTER_UPSTREAM_STABILITY,No exact current physical column in W4-01E canonical 86-table baseline; logical augmentation retained.,NO_RUNTIME_CLAIM
DEVELOPER_PROJECTS,M06,water_source,TEXT/VARCHAR,M03-compatible,,,NO,,LOGICAL_ONLY_NO_CURRENT_PHYSICAL_CORROBORATION,CONTROLLED_PHYSICAL_DELTA,RECONCILE_AFTER_UPSTREAM_STABILITY,No exact current physical column in W4-01E canonical 86-table baseline; logical augmentation retained.,NO_RUNTIME_CLAIM
DEVELOPER_PROJECTS,M06,furnishing,TEXT/VARCHAR,M03-compatible,,,NO,,LOGICAL_ONLY_NO_CURRENT_PHYSICAL_CORROBORATION,CONTROLLED_PHYSICAL_DELTA,RECONCILE_AFTER_UPSTREAM_STABILITY,No exact current physical column in W4-01E canonical 86-table baseline; logical augmentation retained.,NO_RUNTIME_CLAIM
DEVELOPER_PROJECTS,M06,year_built,INTEGER,M03-compatible,,,NO,,LOGICAL_ONLY_NO_CURRENT_PHYSICAL_CORROBORATION,CONTROLLED_PHYSICAL_DELTA,RECONCILE_AFTER_UPSTREAM_STABILITY,No exact current physical column in W4-01E canonical 86-table baseline; logical augmentation retained.,NO_RUNTIME_CLAIM
DEVELOPER_PROJECTS,M06,certificate_type,TEXT/VARCHAR,M03-compatible,,,NO,,LOGICAL_ONLY_NO_CURRENT_PHYSICAL_CORROBORATION,CONTROLLED_PHYSICAL_DELTA,RECONCILE_AFTER_UPSTREAM_STABILITY,No exact current physical column in W4-01E canonical 86-table baseline; logical augmentation retained.,NO_RUNTIME_CLAIM
DEVELOPER_PROJECTS,M06,imb_status,TEXT/VARCHAR,M03-compatible,,,NO,,LOGICAL_ONLY_NO_CURRENT_PHYSICAL_CORROBORATION,CONTROLLED_PHYSICAL_DELTA,RECONCILE_AFTER_UPSTREAM_STABILITY,No exact current physical column in W4-01E canonical 86-table baseline; logical augmentation retained.,NO_RUNTIME_CLAIM
DEVELOPER_PROJECTS,M06,extra_commission,NUMERIC/TEXT,promo additional commission,,,NO,,LOGICAL_ONLY_NO_CURRENT_PHYSICAL_CORROBORATION,CONTROLLED_PHYSICAL_DELTA,RECONCILE_AFTER_UPSTREAM_STABILITY,No exact current physical column in W4-01E canonical 86-table baseline; logical augmentation retained.,NO_RUNTIME_CLAIM
DEVELOPER_PROJECTS,M06,category,TEXT/VARCHAR,M03-required project/listing content,,,NO,,LOGICAL_ONLY_NO_CURRENT_PHYSICAL_CORROBORATION,CONTROLLED_PHYSICAL_DELTA,RECONCILE_AFTER_UPSTREAM_STABILITY,No exact current physical column in W4-01E canonical 86-table baseline; logical augmentation retained.,NO_RUNTIME_CLAIM
DEVELOPER_PROJECTS,M06,transaction_type,TEXT/VARCHAR,M03-required project/listing content,,,NO,,LOGICAL_ONLY_NO_CURRENT_PHYSICAL_CORROBORATION,CONTROLLED_PHYSICAL_DELTA,RECONCILE_AFTER_UPSTREAM_STABILITY,No exact current physical column in W4-01E canonical 86-table baseline; logical augmentation retained.,NO_RUNTIME_CLAIM
DEVELOPER_PROJECTS,M06,price_unit,TEXT/VARCHAR,M03-required project/listing content,,,NO,,LOGICAL_ONLY_NO_CURRENT_PHYSICAL_CORROBORATION,CONTROLLED_PHYSICAL_DELTA,RECONCILE_AFTER_UPSTREAM_STABILITY,No exact current physical column in W4-01E canonical 86-table baseline; logical augmentation retained.,NO_RUNTIME_CLAIM
DEVELOPER_PROJECTS,M06,is_negotiable,BOOLEAN,M03-required project/listing content,,,NO,,LOGICAL_ONLY_NO_CURRENT_PHYSICAL_CORROBORATION,CONTROLLED_PHYSICAL_DELTA,RECONCILE_AFTER_UPSTREAM_STABILITY,No exact current physical column in W4-01E canonical 86-table baseline; logical augmentation retained.,NO_RUNTIME_CLAIM
DEVELOPER_PROJECTS,M06,area_keyword,TEXT/VARCHAR,M03-required project/listing content,,,NO,,LOGICAL_ONLY_NO_CURRENT_PHYSICAL_CORROBORATION,CONTROLLED_PHYSICAL_DELTA,RECONCILE_AFTER_UPSTREAM_STABILITY,No exact current physical column in W4-01E canonical 86-table baseline; logical augmentation retained.,NO_RUNTIME_CLAIM
DEVELOPER_PROJECTS,M06,latitude,NUMERIC,Project input; RumahAgen default,,,NO,,LOGICAL_ONLY_NO_CURRENT_PHYSICAL_CORROBORATION,CONTROLLED_PHYSICAL_DELTA,RECONCILE_AFTER_UPSTREAM_STABILITY,No exact current physical column in W4-01E canonical 86-table baseline; logical augmentation retained.,NO_RUNTIME_CLAIM
DEVELOPER_PROJECTS,M06,longitude,NUMERIC,Project input; RumahAgen default,,,NO,,LOGICAL_ONLY_NO_CURRENT_PHYSICAL_CORROBORATION,CONTROLLED_PHYSICAL_DELTA,RECONCILE_AFTER_UPSTREAM_STABILITY,No exact current physical column in W4-01E canonical 86-table baseline; logical augmentation retained.,NO_RUNTIME_CLAIM
DEVELOPER_PROJECTS,M06,certificate_transferred,BOOLEAN,M03-required property declaration,,,NO,,LOGICAL_ONLY_NO_CURRENT_PHYSICAL_CORROBORATION,CONTROLLED_PHYSICAL_DELTA,RECONCILE_AFTER_UPSTREAM_STABILITY,No exact current physical column in W4-01E canonical 86-table baseline; logical augmentation retained.,NO_RUNTIME_CLAIM
DEVELOPER_PROJECTS,M06,dispute_free_declared,BOOLEAN,M03-required property declaration,,,NO,,LOGICAL_ONLY_NO_CURRENT_PHYSICAL_CORROBORATION,CONTROLLED_PHYSICAL_DELTA,RECONCILE_AFTER_UPSTREAM_STABILITY,No exact current physical column in W4-01E canonical 86-table baseline; logical augmentation retained.,NO_RUNTIME_CLAIM
LISTINGS,M03,last_refreshed_at,TIMESTAMPTZ,NULLABLE; listing freshness field; updated by successful Refresh; exact physical execution remains downstream.,,,NO,,LOGICAL_ONLY_NO_CURRENT_PHYSICAL_CORROBORATION,CONTROLLED_PHYSICAL_DELTA,RECONCILE_AFTER_UPSTREAM_STABILITY,No exact current physical column in W4-01E canonical 86-table baseline; logical augmentation retained.,NO_RUNTIME_CLAIM
