wp_id,module,batch_id,work_package,parent_authority,locked_module_scope,hard_dependencies,activated_conditional_dependencies,p9_entry,p9_scope,p9_exit,functional_context,technical_context,api_context,rbac_rls_context,schema_physical_context,ui_ux_flow_state_context,seo_discovery_context,previous_green_checkpoint,current_repository_artifact_state,in_scope,out_of_scope,stop_conditions,testing_evidence,context_priority
M01-P4-WP01,M01,B01,Identity/Auth Core,Identity authority,"Identity/authentication; Conditional KTP Deferred Flow; successful OTP must not default to Pending Review/approval; KTP is eligibility/requirement, not RBAC permission; verification docs private.",NONE,NONE — activate only if this WP scope invokes the condition,PREDECESSORS_AND_HARD_DEPENDENCIES_REQUIRED,IMPLEMENTATION_CONTRACT_ALIGNMENT_ONLY,CONTRACT_ALIGNED_AND_EVIDENCE_CAPTURE_DEFINED,Load only the functional rules directly touched by the locked module scope above and its mapped Core findings.,Load current implementation/engineering contract for this WP from P9/P10_AI_BLUEPRINT; do not infer missing architecture.,"Load only current authoritative API contract material relevant to this WP. If an identifier/contract is absent, STOP rather than invent it.",Load current M10 authorization/RLS context when the WP crosses authorization boundaries; otherwise retain only applicable permission/scope constraints.,Load relevant current ERD/schema/physical contract only when data/DB work is in scope; W4-01E/W4-02/W4-03 boundaries remain intact.,Load when WP changes UI/flow/state; preserve server-side state/authorization semantics.,Load when public discovery/SEO/analytics surface is touched; M11 remains discovery/measurement authority only.,"P9 accepted engineering alignment + P10_AI_BLUEPRINT accepted AI development blueprint, subject to carried residuals.",Use current repository/artifact state only as implementation evidence/context; never treat static state as runtime/production proof.,"The named WP plus exact locked module scope, mapped Core findings, applicable dependencies, tests and evidence.","Unrelated module internals, stale history, new business rules, new authority, unobserved runtime state.",Missing authority/contract/permission/schema/provider/architecture/physical requirement; unresolved conflict; unsupported identifier; unsafe mutation ambiguity.,Static + unit + integration + negative/security where applicable; evidence must match the claim; runtime/production claims require actual proof.,CURRENT AUTHORITY > ACTIVE WP > HARD DEPENDENCY > ACTIVATED CONDITIONAL > SUPPORTING CONTEXT > HISTORICAL PROVENANCE
M01-P4-WP02,M01,B01,Activation & Verification,Identity authority,"Identity/authentication; Conditional KTP Deferred Flow; successful OTP must not default to Pending Review/approval; KTP is eligibility/requirement, not RBAC permission; verification docs private.",NONE,NONE — activate only if this WP scope invokes the condition,PREDECESSORS_AND_HARD_DEPENDENCIES_REQUIRED,IMPLEMENTATION_CONTRACT_ALIGNMENT_ONLY,CONTRACT_ALIGNED_AND_EVIDENCE_CAPTURE_DEFINED,Load only the functional rules directly touched by the locked module scope above and its mapped Core findings.,Load current implementation/engineering contract for this WP from P9/P10_AI_BLUEPRINT; do not infer missing architecture.,"Load only current authoritative API contract material relevant to this WP. If an identifier/contract is absent, STOP rather than invent it.",Load current M10 authorization/RLS context when the WP crosses authorization boundaries; otherwise retain only applicable permission/scope constraints.,Load relevant current ERD/schema/physical contract only when data/DB work is in scope; W4-01E/W4-02/W4-03 boundaries remain intact.,Load when WP changes UI/flow/state; preserve server-side state/authorization semantics.,Load when public discovery/SEO/analytics surface is touched; M11 remains discovery/measurement authority only.,"P9 accepted engineering alignment + P10_AI_BLUEPRINT accepted AI development blueprint, subject to carried residuals.",Use current repository/artifact state only as implementation evidence/context; never treat static state as runtime/production proof.,"The named WP plus exact locked module scope, mapped Core findings, applicable dependencies, tests and evidence.","Unrelated module internals, stale history, new business rules, new authority, unobserved runtime state.",Missing authority/contract/permission/schema/provider/architecture/physical requirement; unresolved conflict; unsupported identifier; unsafe mutation ambiguity.,Static + unit + integration + negative/security where applicable; evidence must match the claim; runtime/production claims require actual proof.,CURRENT AUTHORITY > ACTIVE WP > HARD DEPENDENCY > ACTIVATED CONDITIONAL > SUPPORTING CONTEXT > HISTORICAL PROVENANCE
M01-P4-WP03,M01,B01,Session/Recovery,Identity authority,"Identity/authentication; Conditional KTP Deferred Flow; successful OTP must not default to Pending Review/approval; KTP is eligibility/requirement, not RBAC permission; verification docs private.",NONE,NONE — activate only if this WP scope invokes the condition,PREDECESSORS_AND_HARD_DEPENDENCIES_REQUIRED,IMPLEMENTATION_CONTRACT_ALIGNMENT_ONLY,CONTRACT_ALIGNED_AND_EVIDENCE_CAPTURE_DEFINED,Load only the functional rules directly touched by the locked module scope above and its mapped Core findings.,Load current implementation/engineering contract for this WP from P9/P10_AI_BLUEPRINT; do not infer missing architecture.,"Load only current authoritative API contract material relevant to this WP. If an identifier/contract is absent, STOP rather than invent it.",Load current M10 authorization/RLS context when the WP crosses authorization boundaries; otherwise retain only applicable permission/scope constraints.,Load relevant current ERD/schema/physical contract only when data/DB work is in scope; W4-01E/W4-02/W4-03 boundaries remain intact.,Load when WP changes UI/flow/state; preserve server-side state/authorization semantics.,Load when public discovery/SEO/analytics surface is touched; M11 remains discovery/measurement authority only.,"P9 accepted engineering alignment + P10_AI_BLUEPRINT accepted AI development blueprint, subject to carried residuals.",Use current repository/artifact state only as implementation evidence/context; never treat static state as runtime/production proof.,"The named WP plus exact locked module scope, mapped Core findings, applicable dependencies, tests and evidence.","Unrelated module internals, stale history, new business rules, new authority, unobserved runtime state.",Missing authority/contract/permission/schema/provider/architecture/physical requirement; unresolved conflict; unsupported identifier; unsafe mutation ambiguity.,Static + unit + integration + negative/security where applicable; evidence must match the claim; runtime/production claims require actual proof.,CURRENT AUTHORITY > ACTIVE WP > HARD DEPENDENCY > ACTIVATED CONDITIONAL > SUPPORTING CONTEXT > HISTORICAL PROVENANCE
M01-P4-WP04,M01,B01,Identity Handoff & Validation,Identity authority,"Identity/authentication; Conditional KTP Deferred Flow; successful OTP must not default to Pending Review/approval; KTP is eligibility/requirement, not RBAC permission; verification docs private.",NONE,NONE — activate only if this WP scope invokes the condition,PREDECESSORS_AND_HARD_DEPENDENCIES_REQUIRED,IMPLEMENTATION_CONTRACT_ALIGNMENT_ONLY,CONTRACT_ALIGNED_AND_EVIDENCE_CAPTURE_DEFINED,Load only the functional rules directly touched by the locked module scope above and its mapped Core findings.,Load current implementation/engineering contract for this WP from P9/P10_AI_BLUEPRINT; do not infer missing architecture.,"Load only current authoritative API contract material relevant to this WP. If an identifier/contract is absent, STOP rather than invent it.",Load current M10 authorization/RLS context when the WP crosses authorization boundaries; otherwise retain only applicable permission/scope constraints.,Load relevant current ERD/schema/physical contract only when data/DB work is in scope; W4-01E/W4-02/W4-03 boundaries remain intact.,Load when WP changes UI/flow/state; preserve server-side state/authorization semantics.,Load when public discovery/SEO/analytics surface is touched; M11 remains discovery/measurement authority only.,"P9 accepted engineering alignment + P10_AI_BLUEPRINT accepted AI development blueprint, subject to carried residuals.",Use current repository/artifact state only as implementation evidence/context; never treat static state as runtime/production proof.,"The named WP plus exact locked module scope, mapped Core findings, applicable dependencies, tests and evidence.","Unrelated module internals, stale history, new business rules, new authority, unobserved runtime state.",Missing authority/contract/permission/schema/provider/architecture/physical requirement; unresolved conflict; unsupported identifier; unsafe mutation ambiguity.,Static + unit + integration + negative/security where applicable; evidence must match the claim; runtime/production claims require actual proof.,CURRENT AUTHORITY > ACTIVE WP > HARD DEPENDENCY > ACTIVATED CONDITIONAL > SUPPORTING CONTEXT > HISTORICAL PROVENANCE
M02-P4-WP01,M02,B03,Profile Core,Profile/review authority,Profile/review; semantic field/profile visibility; KTP private lifecycle; profile visibility remains distinct from authorization/ownership.,M01; M10,M09,PREDECESSORS_AND_HARD_DEPENDENCIES_REQUIRED,IMPLEMENTATION_CONTRACT_ALIGNMENT_ONLY,CONTRACT_ALIGNED_AND_EVIDENCE_CAPTURE_DEFINED,Load only the functional rules directly touched by the locked module scope above and its mapped Core findings.,Load current implementation/engineering contract for this WP from P9/P10_AI_BLUEPRINT; do not infer missing architecture.,"Load only current authoritative API contract material relevant to this WP. If an identifier/contract is absent, STOP rather than invent it.",Load current M10 authorization/RLS context when the WP crosses authorization boundaries; otherwise retain only applicable permission/scope constraints.,Load relevant current ERD/schema/physical contract only when data/DB work is in scope; W4-01E/W4-02/W4-03 boundaries remain intact.,Load when WP changes UI/flow/state; preserve server-side state/authorization semantics.,Load when public discovery/SEO/analytics surface is touched; M11 remains discovery/measurement authority only.,"P9 accepted engineering alignment + P10_AI_BLUEPRINT accepted AI development blueprint, subject to carried residuals.",Use current repository/artifact state only as implementation evidence/context; never treat static state as runtime/production proof.,"The named WP plus exact locked module scope, mapped Core findings, applicable dependencies, tests and evidence.","Unrelated module internals, stale history, new business rules, new authority, unobserved runtime state.",Missing authority/contract/permission/schema/provider/architecture/physical requirement; unresolved conflict; unsupported identifier; unsafe mutation ambiguity.,Static + unit + integration + negative/security where applicable; evidence must match the claim; runtime/production claims require actual proof.,CURRENT AUTHORITY > ACTIVE WP > HARD DEPENDENCY > ACTIVATED CONDITIONAL > SUPPORTING CONTEXT > HISTORICAL PROVENANCE
M02-P4-WP02,M02,B03,Review Lifecycle,Profile/review authority,Profile/review; semantic field/profile visibility; KTP private lifecycle; profile visibility remains distinct from authorization/ownership.,M01; M10,M09,PREDECESSORS_AND_HARD_DEPENDENCIES_REQUIRED,IMPLEMENTATION_CONTRACT_ALIGNMENT_ONLY,CONTRACT_ALIGNED_AND_EVIDENCE_CAPTURE_DEFINED,Load only the functional rules directly touched by the locked module scope above and its mapped Core findings.,Load current implementation/engineering contract for this WP from P9/P10_AI_BLUEPRINT; do not infer missing architecture.,"Load only current authoritative API contract material relevant to this WP. If an identifier/contract is absent, STOP rather than invent it.",Load current M10 authorization/RLS context when the WP crosses authorization boundaries; otherwise retain only applicable permission/scope constraints.,Load relevant current ERD/schema/physical contract only when data/DB work is in scope; W4-01E/W4-02/W4-03 boundaries remain intact.,Load when WP changes UI/flow/state; preserve server-side state/authorization semantics.,Load when public discovery/SEO/analytics surface is touched; M11 remains discovery/measurement authority only.,"P9 accepted engineering alignment + P10_AI_BLUEPRINT accepted AI development blueprint, subject to carried residuals.",Use current repository/artifact state only as implementation evidence/context; never treat static state as runtime/production proof.,"The named WP plus exact locked module scope, mapped Core findings, applicable dependencies, tests and evidence.","Unrelated module internals, stale history, new business rules, new authority, unobserved runtime state.",Missing authority/contract/permission/schema/provider/architecture/physical requirement; unresolved conflict; unsupported identifier; unsafe mutation ambiguity.,Static + unit + integration + negative/security where applicable; evidence must match the claim; runtime/production claims require actual proof.,CURRENT AUTHORITY > ACTIVE WP > HARD DEPENDENCY > ACTIVATED CONDITIONAL > SUPPORTING CONTEXT > HISTORICAL PROVENANCE
M02-P4-WP03,M02,B03,Visibility & CTA,Profile/review authority,Profile/review; semantic field/profile visibility; KTP private lifecycle; profile visibility remains distinct from authorization/ownership.,M01; M10,M09,PREDECESSORS_AND_HARD_DEPENDENCIES_REQUIRED,IMPLEMENTATION_CONTRACT_ALIGNMENT_ONLY,CONTRACT_ALIGNED_AND_EVIDENCE_CAPTURE_DEFINED,Load only the functional rules directly touched by the locked module scope above and its mapped Core findings.,Load current implementation/engineering contract for this WP from P9/P10_AI_BLUEPRINT; do not infer missing architecture.,"Load only current authoritative API contract material relevant to this WP. If an identifier/contract is absent, STOP rather than invent it.",Load current M10 authorization/RLS context when the WP crosses authorization boundaries; otherwise retain only applicable permission/scope constraints.,Load relevant current ERD/schema/physical contract only when data/DB work is in scope; W4-01E/W4-02/W4-03 boundaries remain intact.,Load when WP changes UI/flow/state; preserve server-side state/authorization semantics.,Load when public discovery/SEO/analytics surface is touched; M11 remains discovery/measurement authority only.,"P9 accepted engineering alignment + P10_AI_BLUEPRINT accepted AI development blueprint, subject to carried residuals.",Use current repository/artifact state only as implementation evidence/context; never treat static state as runtime/production proof.,"The named WP plus exact locked module scope, mapped Core findings, applicable dependencies, tests and evidence.","Unrelated module internals, stale history, new business rules, new authority, unobserved runtime state.",Missing authority/contract/permission/schema/provider/architecture/physical requirement; unresolved conflict; unsupported identifier; unsafe mutation ambiguity.,Static + unit + integration + negative/security where applicable; evidence must match the claim; runtime/production claims require actual proof.,CURRENT AUTHORITY > ACTIVE WP > HARD DEPENDENCY > ACTIVATED CONDITIONAL > SUPPORTING CONTEXT > HISTORICAL PROVENANCE
M02-P4-WP04,M02,B03,Profile Presentation & Validation,Profile/review authority,Profile/review; semantic field/profile visibility; KTP private lifecycle; profile visibility remains distinct from authorization/ownership.,M01; M10,M09,PREDECESSORS_AND_HARD_DEPENDENCIES_REQUIRED,IMPLEMENTATION_CONTRACT_ALIGNMENT_ONLY,CONTRACT_ALIGNED_AND_EVIDENCE_CAPTURE_DEFINED,Load only the functional rules directly touched by the locked module scope above and its mapped Core findings.,Load current implementation/engineering contract for this WP from P9/P10_AI_BLUEPRINT; do not infer missing architecture.,"Load only current authoritative API contract material relevant to this WP. If an identifier/contract is absent, STOP rather than invent it.",Load current M10 authorization/RLS context when the WP crosses authorization boundaries; otherwise retain only applicable permission/scope constraints.,Load relevant current ERD/schema/physical contract only when data/DB work is in scope; W4-01E/W4-02/W4-03 boundaries remain intact.,Load when WP changes UI/flow/state; preserve server-side state/authorization semantics.,Load when public discovery/SEO/analytics surface is touched; M11 remains discovery/measurement authority only.,"P9 accepted engineering alignment + P10_AI_BLUEPRINT accepted AI development blueprint, subject to carried residuals.",Use current repository/artifact state only as implementation evidence/context; never treat static state as runtime/production proof.,"The named WP plus exact locked module scope, mapped Core findings, applicable dependencies, tests and evidence.","Unrelated module internals, stale history, new business rules, new authority, unobserved runtime state.",Missing authority/contract/permission/schema/provider/architecture/physical requirement; unresolved conflict; unsupported identifier; unsafe mutation ambiguity.,Static + unit + integration + negative/security where applicable; evidence must match the claim; runtime/production claims require actual proof.,CURRENT AUTHORITY > ACTIVE WP > HARD DEPENDENCY > ACTIVATED CONDITIONAL > SUPPORTING CONTEXT > HISTORICAL PROVENANCE
M03-P4-WP01,M03,B04,Listing Core/Lifecycle,Listing + Refresh action/eligibility authority,Listing/Refresh action authority; Direct Publish; field locks; Sold/Rented/Suspended states; refresh allowance consumed from M14; Listing lifecycle remains M03.,M01; M10; M12; M14,M09; M02; M06,PREDECESSORS_AND_HARD_DEPENDENCIES_REQUIRED,IMPLEMENTATION_CONTRACT_ALIGNMENT_ONLY,CONTRACT_ALIGNED_AND_EVIDENCE_CAPTURE_DEFINED,Load only the functional rules directly touched by the locked module scope above and its mapped Core findings.,Load current implementation/engineering contract for this WP from P9/P10_AI_BLUEPRINT; do not infer missing architecture.,"Load only current authoritative API contract material relevant to this WP. If an identifier/contract is absent, STOP rather than invent it.",Load current M10 authorization/RLS context when the WP crosses authorization boundaries; otherwise retain only applicable permission/scope constraints.,Load relevant current ERD/schema/physical contract only when data/DB work is in scope; W4-01E/W4-02/W4-03 boundaries remain intact.,Load when WP changes UI/flow/state; preserve server-side state/authorization semantics.,Load when public discovery/SEO/analytics surface is touched; M11 remains discovery/measurement authority only.,"P9 accepted engineering alignment + P10_AI_BLUEPRINT accepted AI development blueprint, subject to carried residuals.",Use current repository/artifact state only as implementation evidence/context; never treat static state as runtime/production proof.,"The named WP plus exact locked module scope, mapped Core findings, applicable dependencies, tests and evidence.","Unrelated module internals, stale history, new business rules, new authority, unobserved runtime state.",Missing authority/contract/permission/schema/provider/architecture/physical requirement; unresolved conflict; unsupported identifier; unsafe mutation ambiguity.,Static + unit + integration + negative/security where applicable; evidence must match the claim; runtime/production claims require actual proof.,CURRENT AUTHORITY > ACTIVE WP > HARD DEPENDENCY > ACTIVATED CONDITIONAL > SUPPORTING CONTEXT > HISTORICAL PROVENANCE
M03-P4-WP02,M03,B04,Publish & Field Locks,Listing + Refresh action/eligibility authority,Listing/Refresh action authority; Direct Publish; field locks; Sold/Rented/Suspended states; refresh allowance consumed from M14; Listing lifecycle remains M03.,M01; M10; M12; M14,M09; M02; M06,PREDECESSORS_AND_HARD_DEPENDENCIES_REQUIRED,IMPLEMENTATION_CONTRACT_ALIGNMENT_ONLY,CONTRACT_ALIGNED_AND_EVIDENCE_CAPTURE_DEFINED,Load only the functional rules directly touched by the locked module scope above and its mapped Core findings.,Load current implementation/engineering contract for this WP from P9/P10_AI_BLUEPRINT; do not infer missing architecture.,"Load only current authoritative API contract material relevant to this WP. If an identifier/contract is absent, STOP rather than invent it.",Load current M10 authorization/RLS context when the WP crosses authorization boundaries; otherwise retain only applicable permission/scope constraints.,Load relevant current ERD/schema/physical contract only when data/DB work is in scope; W4-01E/W4-02/W4-03 boundaries remain intact.,Load when WP changes UI/flow/state; preserve server-side state/authorization semantics.,Load when public discovery/SEO/analytics surface is touched; M11 remains discovery/measurement authority only.,"P9 accepted engineering alignment + P10_AI_BLUEPRINT accepted AI development blueprint, subject to carried residuals.",Use current repository/artifact state only as implementation evidence/context; never treat static state as runtime/production proof.,"The named WP plus exact locked module scope, mapped Core findings, applicable dependencies, tests and evidence.","Unrelated module internals, stale history, new business rules, new authority, unobserved runtime state.",Missing authority/contract/permission/schema/provider/architecture/physical requirement; unresolved conflict; unsupported identifier; unsafe mutation ambiguity.,Static + unit + integration + negative/security where applicable; evidence must match the claim; runtime/production claims require actual proof.,CURRENT AUTHORITY > ACTIVE WP > HARD DEPENDENCY > ACTIVATED CONDITIONAL > SUPPORTING CONTEXT > HISTORICAL PROVENANCE
M03-P4-WP03,M03,B04,Refresh Action & Allowance Contract,Listing + Refresh action/eligibility authority,Listing/Refresh action authority; Direct Publish; field locks; Sold/Rented/Suspended states; refresh allowance consumed from M14; Listing lifecycle remains M03.,M01; M10; M12; M14,M09; M02; M06,PREDECESSORS_AND_HARD_DEPENDENCIES_REQUIRED,IMPLEMENTATION_CONTRACT_ALIGNMENT_ONLY,CONTRACT_ALIGNED_AND_EVIDENCE_CAPTURE_DEFINED,Load only the functional rules directly touched by the locked module scope above and its mapped Core findings.,Load current implementation/engineering contract for this WP from P9/P10_AI_BLUEPRINT; do not infer missing architecture.,"Load only current authoritative API contract material relevant to this WP. If an identifier/contract is absent, STOP rather than invent it.",Load current M10 authorization/RLS context when the WP crosses authorization boundaries; otherwise retain only applicable permission/scope constraints.,Load relevant current ERD/schema/physical contract only when data/DB work is in scope; W4-01E/W4-02/W4-03 boundaries remain intact.,Load when WP changes UI/flow/state; preserve server-side state/authorization semantics.,Load when public discovery/SEO/analytics surface is touched; M11 remains discovery/measurement authority only.,"P9 accepted engineering alignment + P10_AI_BLUEPRINT accepted AI development blueprint, subject to carried residuals.",Use current repository/artifact state only as implementation evidence/context; never treat static state as runtime/production proof.,"The named WP plus exact locked module scope, mapped Core findings, applicable dependencies, tests and evidence.","Unrelated module internals, stale history, new business rules, new authority, unobserved runtime state.",Missing authority/contract/permission/schema/provider/architecture/physical requirement; unresolved conflict; unsupported identifier; unsafe mutation ambiguity.,Static + unit + integration + negative/security where applicable; evidence must match the claim; runtime/production claims require actual proof.,CURRENT AUTHORITY > ACTIVE WP > HARD DEPENDENCY > ACTIVATED CONDITIONAL > SUPPORTING CONTEXT > HISTORICAL PROVENANCE
M03-P4-WP04,M03,B04,Search/Media/Validation,Listing + Refresh action/eligibility authority,Listing/Refresh action authority; Direct Publish; field locks; Sold/Rented/Suspended states; refresh allowance consumed from M14; Listing lifecycle remains M03.,M01; M10; M12; M14,M09; M02; M06,PREDECESSORS_AND_HARD_DEPENDENCIES_REQUIRED,IMPLEMENTATION_CONTRACT_ALIGNMENT_ONLY,CONTRACT_ALIGNED_AND_EVIDENCE_CAPTURE_DEFINED,Load only the functional rules directly touched by the locked module scope above and its mapped Core findings.,Load current implementation/engineering contract for this WP from P9/P10_AI_BLUEPRINT; do not infer missing architecture.,"Load only current authoritative API contract material relevant to this WP. If an identifier/contract is absent, STOP rather than invent it.",Load current M10 authorization/RLS context when the WP crosses authorization boundaries; otherwise retain only applicable permission/scope constraints.,Load relevant current ERD/schema/physical contract only when data/DB work is in scope; W4-01E/W4-02/W4-03 boundaries remain intact.,Load when WP changes UI/flow/state; preserve server-side state/authorization semantics.,Load when public discovery/SEO/analytics surface is touched; M11 remains discovery/measurement authority only.,"P9 accepted engineering alignment + P10_AI_BLUEPRINT accepted AI development blueprint, subject to carried residuals.",Use current repository/artifact state only as implementation evidence/context; never treat static state as runtime/production proof.,"The named WP plus exact locked module scope, mapped Core findings, applicable dependencies, tests and evidence.","Unrelated module internals, stale history, new business rules, new authority, unobserved runtime state.",Missing authority/contract/permission/schema/provider/architecture/physical requirement; unresolved conflict; unsupported identifier; unsafe mutation ambiguity.,Static + unit + integration + negative/security where applicable; evidence must match the claim; runtime/production claims require actual proof.,CURRENT AUTHORITY > ACTIVE WP > HARD DEPENDENCY > ACTIVATED CONDITIONAL > SUPPORTING CONTEXT > HISTORICAL PROVENANCE
M04-P4-WP01,M04,B05,Content,Learning/session/evidence-production authority,Learning Economy free-to-learn/LP; Learning Path; Session; evidence production; Session remains Learning; LP transaction/provenance; M15 consumes evidence.,M01; M10,M09; M12; M05; M14,PREDECESSORS_AND_HARD_DEPENDENCIES_REQUIRED,IMPLEMENTATION_CONTRACT_ALIGNMENT_ONLY,CONTRACT_ALIGNED_AND_EVIDENCE_CAPTURE_DEFINED,Load only the functional rules directly touched by the locked module scope above and its mapped Core findings.,Load current implementation/engineering contract for this WP from P9/P10_AI_BLUEPRINT; do not infer missing architecture.,"Load only current authoritative API contract material relevant to this WP. If an identifier/contract is absent, STOP rather than invent it.",Load current M10 authorization/RLS context when the WP crosses authorization boundaries; otherwise retain only applicable permission/scope constraints.,Load relevant current ERD/schema/physical contract only when data/DB work is in scope; W4-01E/W4-02/W4-03 boundaries remain intact.,Load when WP changes UI/flow/state; preserve server-side state/authorization semantics.,Load when public discovery/SEO/analytics surface is touched; M11 remains discovery/measurement authority only.,"P9 accepted engineering alignment + P10_AI_BLUEPRINT accepted AI development blueprint, subject to carried residuals.",Use current repository/artifact state only as implementation evidence/context; never treat static state as runtime/production proof.,"The named WP plus exact locked module scope, mapped Core findings, applicable dependencies, tests and evidence.","Unrelated module internals, stale history, new business rules, new authority, unobserved runtime state.",Missing authority/contract/permission/schema/provider/architecture/physical requirement; unresolved conflict; unsupported identifier; unsafe mutation ambiguity.,Static + unit + integration + negative/security where applicable; evidence must match the claim; runtime/production claims require actual proof.,CURRENT AUTHORITY > ACTIVE WP > HARD DEPENDENCY > ACTIVATED CONDITIONAL > SUPPORTING CONTEXT > HISTORICAL PROVENANCE
M04-P4-WP02,M04,B05,Enrollment,Learning/session/evidence-production authority,Learning Economy free-to-learn/LP; Learning Path; Session; evidence production; Session remains Learning; LP transaction/provenance; M15 consumes evidence.,M01; M10,M09; M12; M05; M14,PREDECESSORS_AND_HARD_DEPENDENCIES_REQUIRED,IMPLEMENTATION_CONTRACT_ALIGNMENT_ONLY,CONTRACT_ALIGNED_AND_EVIDENCE_CAPTURE_DEFINED,Load only the functional rules directly touched by the locked module scope above and its mapped Core findings.,Load current implementation/engineering contract for this WP from P9/P10_AI_BLUEPRINT; do not infer missing architecture.,"Load only current authoritative API contract material relevant to this WP. If an identifier/contract is absent, STOP rather than invent it.",Load current M10 authorization/RLS context when the WP crosses authorization boundaries; otherwise retain only applicable permission/scope constraints.,Load relevant current ERD/schema/physical contract only when data/DB work is in scope; W4-01E/W4-02/W4-03 boundaries remain intact.,Load when WP changes UI/flow/state; preserve server-side state/authorization semantics.,Load when public discovery/SEO/analytics surface is touched; M11 remains discovery/measurement authority only.,"P9 accepted engineering alignment + P10_AI_BLUEPRINT accepted AI development blueprint, subject to carried residuals.",Use current repository/artifact state only as implementation evidence/context; never treat static state as runtime/production proof.,"The named WP plus exact locked module scope, mapped Core findings, applicable dependencies, tests and evidence.","Unrelated module internals, stale history, new business rules, new authority, unobserved runtime state.",Missing authority/contract/permission/schema/provider/architecture/physical requirement; unresolved conflict; unsupported identifier; unsafe mutation ambiguity.,Static + unit + integration + negative/security where applicable; evidence must match the claim; runtime/production claims require actual proof.,CURRENT AUTHORITY > ACTIVE WP > HARD DEPENDENCY > ACTIVATED CONDITIONAL > SUPPORTING CONTEXT > HISTORICAL PROVENANCE
M04-P4-WP03,M04,B05,Activity/Completion,Learning/session/evidence-production authority,Learning Economy free-to-learn/LP; Learning Path; Session; evidence production; Session remains Learning; LP transaction/provenance; M15 consumes evidence.,M01; M10,M09; M12; M05; M14,PREDECESSORS_AND_HARD_DEPENDENCIES_REQUIRED,IMPLEMENTATION_CONTRACT_ALIGNMENT_ONLY,CONTRACT_ALIGNED_AND_EVIDENCE_CAPTURE_DEFINED,Load only the functional rules directly touched by the locked module scope above and its mapped Core findings.,Load current implementation/engineering contract for this WP from P9/P10_AI_BLUEPRINT; do not infer missing architecture.,"Load only current authoritative API contract material relevant to this WP. If an identifier/contract is absent, STOP rather than invent it.",Load current M10 authorization/RLS context when the WP crosses authorization boundaries; otherwise retain only applicable permission/scope constraints.,Load relevant current ERD/schema/physical contract only when data/DB work is in scope; W4-01E/W4-02/W4-03 boundaries remain intact.,Load when WP changes UI/flow/state; preserve server-side state/authorization semantics.,Load when public discovery/SEO/analytics surface is touched; M11 remains discovery/measurement authority only.,"P9 accepted engineering alignment + P10_AI_BLUEPRINT accepted AI development blueprint, subject to carried residuals.",Use current repository/artifact state only as implementation evidence/context; never treat static state as runtime/production proof.,"The named WP plus exact locked module scope, mapped Core findings, applicable dependencies, tests and evidence.","Unrelated module internals, stale history, new business rules, new authority, unobserved runtime state.",Missing authority/contract/permission/schema/provider/architecture/physical requirement; unresolved conflict; unsupported identifier; unsafe mutation ambiguity.,Static + unit + integration + negative/security where applicable; evidence must match the claim; runtime/production claims require actual proof.,CURRENT AUTHORITY > ACTIVE WP > HARD DEPENDENCY > ACTIVATED CONDITIONAL > SUPPORTING CONTEXT > HISTORICAL PROVENANCE
M04-P4-WP04,M04,B05,Learning Economy,Learning/session/evidence-production authority,Learning Economy free-to-learn/LP; Learning Path; Session; evidence production; Session remains Learning; LP transaction/provenance; M15 consumes evidence.,M01; M10,M09; M12; M05; M14,PREDECESSORS_AND_HARD_DEPENDENCIES_REQUIRED,IMPLEMENTATION_CONTRACT_ALIGNMENT_ONLY,CONTRACT_ALIGNED_AND_EVIDENCE_CAPTURE_DEFINED,Load only the functional rules directly touched by the locked module scope above and its mapped Core findings.,Load current implementation/engineering contract for this WP from P9/P10_AI_BLUEPRINT; do not infer missing architecture.,"Load only current authoritative API contract material relevant to this WP. If an identifier/contract is absent, STOP rather than invent it.",Load current M10 authorization/RLS context when the WP crosses authorization boundaries; otherwise retain only applicable permission/scope constraints.,Load relevant current ERD/schema/physical contract only when data/DB work is in scope; W4-01E/W4-02/W4-03 boundaries remain intact.,Load when WP changes UI/flow/state; preserve server-side state/authorization semantics.,Load when public discovery/SEO/analytics surface is touched; M11 remains discovery/measurement authority only.,"P9 accepted engineering alignment + P10_AI_BLUEPRINT accepted AI development blueprint, subject to carried residuals.",Use current repository/artifact state only as implementation evidence/context; never treat static state as runtime/production proof.,"The named WP plus exact locked module scope, mapped Core findings, applicable dependencies, tests and evidence.","Unrelated module internals, stale history, new business rules, new authority, unobserved runtime state.",Missing authority/contract/permission/schema/provider/architecture/physical requirement; unresolved conflict; unsupported identifier; unsafe mutation ambiguity.,Static + unit + integration + negative/security where applicable; evidence must match the claim; runtime/production claims require actual proof.,CURRENT AUTHORITY > ACTIVE WP > HARD DEPENDENCY > ACTIVATED CONDITIONAL > SUPPORTING CONTEXT > HISTORICAL PROVENANCE
M04-P4-WP05,M04,B05,Learning Path,Learning/session/evidence-production authority,Learning Economy free-to-learn/LP; Learning Path; Session; evidence production; Session remains Learning; LP transaction/provenance; M15 consumes evidence.,M01; M10,M09; M12; M05; M14,PREDECESSORS_AND_HARD_DEPENDENCIES_REQUIRED,IMPLEMENTATION_CONTRACT_ALIGNMENT_ONLY,CONTRACT_ALIGNED_AND_EVIDENCE_CAPTURE_DEFINED,Load only the functional rules directly touched by the locked module scope above and its mapped Core findings.,Load current implementation/engineering contract for this WP from P9/P10_AI_BLUEPRINT; do not infer missing architecture.,"Load only current authoritative API contract material relevant to this WP. If an identifier/contract is absent, STOP rather than invent it.",Load current M10 authorization/RLS context when the WP crosses authorization boundaries; otherwise retain only applicable permission/scope constraints.,Load relevant current ERD/schema/physical contract only when data/DB work is in scope; W4-01E/W4-02/W4-03 boundaries remain intact.,Load when WP changes UI/flow/state; preserve server-side state/authorization semantics.,Load when public discovery/SEO/analytics surface is touched; M11 remains discovery/measurement authority only.,"P9 accepted engineering alignment + P10_AI_BLUEPRINT accepted AI development blueprint, subject to carried residuals.",Use current repository/artifact state only as implementation evidence/context; never treat static state as runtime/production proof.,"The named WP plus exact locked module scope, mapped Core findings, applicable dependencies, tests and evidence.","Unrelated module internals, stale history, new business rules, new authority, unobserved runtime state.",Missing authority/contract/permission/schema/provider/architecture/physical requirement; unresolved conflict; unsupported identifier; unsafe mutation ambiguity.,Static + unit + integration + negative/security where applicable; evidence must match the claim; runtime/production claims require actual proof.,CURRENT AUTHORITY > ACTIVE WP > HARD DEPENDENCY > ACTIVATED CONDITIONAL > SUPPORTING CONTEXT > HISTORICAL PROVENANCE
M04-P4-WP06,M04,B05,Session/Evidence Handoff,Learning/session/evidence-production authority,Learning Economy free-to-learn/LP; Learning Path; Session; evidence production; Session remains Learning; LP transaction/provenance; M15 consumes evidence.,M01; M10,M09; M12; M05; M14,PREDECESSORS_AND_HARD_DEPENDENCIES_REQUIRED,IMPLEMENTATION_CONTRACT_ALIGNMENT_ONLY,CONTRACT_ALIGNED_AND_EVIDENCE_CAPTURE_DEFINED,Load only the functional rules directly touched by the locked module scope above and its mapped Core findings.,Load current implementation/engineering contract for this WP from P9/P10_AI_BLUEPRINT; do not infer missing architecture.,"Load only current authoritative API contract material relevant to this WP. If an identifier/contract is absent, STOP rather than invent it.",Load current M10 authorization/RLS context when the WP crosses authorization boundaries; otherwise retain only applicable permission/scope constraints.,Load relevant current ERD/schema/physical contract only when data/DB work is in scope; W4-01E/W4-02/W4-03 boundaries remain intact.,Load when WP changes UI/flow/state; preserve server-side state/authorization semantics.,Load when public discovery/SEO/analytics surface is touched; M11 remains discovery/measurement authority only.,"P9 accepted engineering alignment + P10_AI_BLUEPRINT accepted AI development blueprint, subject to carried residuals.",Use current repository/artifact state only as implementation evidence/context; never treat static state as runtime/production proof.,"The named WP plus exact locked module scope, mapped Core findings, applicable dependencies, tests and evidence.","Unrelated module internals, stale history, new business rules, new authority, unobserved runtime state.",Missing authority/contract/permission/schema/provider/architecture/physical requirement; unresolved conflict; unsupported identifier; unsafe mutation ambiguity.,Static + unit + integration + negative/security where applicable; evidence must match the claim; runtime/production claims require actual proof.,CURRENT AUTHORITY > ACTIVE WP > HARD DEPENDENCY > ACTIVATED CONDITIONAL > SUPPORTING CONTEXT > HISTORICAL PROVENANCE
M05-P4-WP01,M05,B04,Event Core,Event/registration authority,Event/Registration; Event lifecycle remains M05; Event Registration distinct from Learning Session Enrollment.,M01; M10,M09; M06,PREDECESSORS_AND_HARD_DEPENDENCIES_REQUIRED,IMPLEMENTATION_CONTRACT_ALIGNMENT_ONLY,CONTRACT_ALIGNED_AND_EVIDENCE_CAPTURE_DEFINED,Load only the functional rules directly touched by the locked module scope above and its mapped Core findings.,Load current implementation/engineering contract for this WP from P9/P10_AI_BLUEPRINT; do not infer missing architecture.,"Load only current authoritative API contract material relevant to this WP. If an identifier/contract is absent, STOP rather than invent it.",Load current M10 authorization/RLS context when the WP crosses authorization boundaries; otherwise retain only applicable permission/scope constraints.,Load relevant current ERD/schema/physical contract only when data/DB work is in scope; W4-01E/W4-02/W4-03 boundaries remain intact.,Load when WP changes UI/flow/state; preserve server-side state/authorization semantics.,Load when public discovery/SEO/analytics surface is touched; M11 remains discovery/measurement authority only.,"P9 accepted engineering alignment + P10_AI_BLUEPRINT accepted AI development blueprint, subject to carried residuals.",Use current repository/artifact state only as implementation evidence/context; never treat static state as runtime/production proof.,"The named WP plus exact locked module scope, mapped Core findings, applicable dependencies, tests and evidence.","Unrelated module internals, stale history, new business rules, new authority, unobserved runtime state.",Missing authority/contract/permission/schema/provider/architecture/physical requirement; unresolved conflict; unsupported identifier; unsafe mutation ambiguity.,Static + unit + integration + negative/security where applicable; evidence must match the claim; runtime/production claims require actual proof.,CURRENT AUTHORITY > ACTIVE WP > HARD DEPENDENCY > ACTIVATED CONDITIONAL > SUPPORTING CONTEXT > HISTORICAL PROVENANCE
M05-P4-WP02,M05,B04,Registration/Waitlist/Attendance,Event/registration authority,Event/Registration; Event lifecycle remains M05; Event Registration distinct from Learning Session Enrollment.,M01; M10,M09; M06,PREDECESSORS_AND_HARD_DEPENDENCIES_REQUIRED,IMPLEMENTATION_CONTRACT_ALIGNMENT_ONLY,CONTRACT_ALIGNED_AND_EVIDENCE_CAPTURE_DEFINED,Load only the functional rules directly touched by the locked module scope above and its mapped Core findings.,Load current implementation/engineering contract for this WP from P9/P10_AI_BLUEPRINT; do not infer missing architecture.,"Load only current authoritative API contract material relevant to this WP. If an identifier/contract is absent, STOP rather than invent it.",Load current M10 authorization/RLS context when the WP crosses authorization boundaries; otherwise retain only applicable permission/scope constraints.,Load relevant current ERD/schema/physical contract only when data/DB work is in scope; W4-01E/W4-02/W4-03 boundaries remain intact.,Load when WP changes UI/flow/state; preserve server-side state/authorization semantics.,Load when public discovery/SEO/analytics surface is touched; M11 remains discovery/measurement authority only.,"P9 accepted engineering alignment + P10_AI_BLUEPRINT accepted AI development blueprint, subject to carried residuals.",Use current repository/artifact state only as implementation evidence/context; never treat static state as runtime/production proof.,"The named WP plus exact locked module scope, mapped Core findings, applicable dependencies, tests and evidence.","Unrelated module internals, stale history, new business rules, new authority, unobserved runtime state.",Missing authority/contract/permission/schema/provider/architecture/physical requirement; unresolved conflict; unsupported identifier; unsafe mutation ambiguity.,Static + unit + integration + negative/security where applicable; evidence must match the claim; runtime/production claims require actual proof.,CURRENT AUTHORITY > ACTIVE WP > HARD DEPENDENCY > ACTIVATED CONDITIONAL > SUPPORTING CONTEXT > HISTORICAL PROVENANCE
M05-P4-WP03,M05,B04,Calendar/Session Boundary,Event/registration authority,Event/Registration; Event lifecycle remains M05; Event Registration distinct from Learning Session Enrollment.,M01; M10,M09; M06,PREDECESSORS_AND_HARD_DEPENDENCIES_REQUIRED,IMPLEMENTATION_CONTRACT_ALIGNMENT_ONLY,CONTRACT_ALIGNED_AND_EVIDENCE_CAPTURE_DEFINED,Load only the functional rules directly touched by the locked module scope above and its mapped Core findings.,Load current implementation/engineering contract for this WP from P9/P10_AI_BLUEPRINT; do not infer missing architecture.,"Load only current authoritative API contract material relevant to this WP. If an identifier/contract is absent, STOP rather than invent it.",Load current M10 authorization/RLS context when the WP crosses authorization boundaries; otherwise retain only applicable permission/scope constraints.,Load relevant current ERD/schema/physical contract only when data/DB work is in scope; W4-01E/W4-02/W4-03 boundaries remain intact.,Load when WP changes UI/flow/state; preserve server-side state/authorization semantics.,Load when public discovery/SEO/analytics surface is touched; M11 remains discovery/measurement authority only.,"P9 accepted engineering alignment + P10_AI_BLUEPRINT accepted AI development blueprint, subject to carried residuals.",Use current repository/artifact state only as implementation evidence/context; never treat static state as runtime/production proof.,"The named WP plus exact locked module scope, mapped Core findings, applicable dependencies, tests and evidence.","Unrelated module internals, stale history, new business rules, new authority, unobserved runtime state.",Missing authority/contract/permission/schema/provider/architecture/physical requirement; unresolved conflict; unsupported identifier; unsafe mutation ambiguity.,Static + unit + integration + negative/security where applicable; evidence must match the claim; runtime/production claims require actual proof.,CURRENT AUTHORITY > ACTIVE WP > HARD DEPENDENCY > ACTIVATED CONDITIONAL > SUPPORTING CONTEXT > HISTORICAL PROVENANCE
M05-P4-WP04,M05,B04,Provider/Validation,Event/registration authority,Event/Registration; Event lifecycle remains M05; Event Registration distinct from Learning Session Enrollment.,M01; M10,M09; M06,PREDECESSORS_AND_HARD_DEPENDENCIES_REQUIRED,IMPLEMENTATION_CONTRACT_ALIGNMENT_ONLY,CONTRACT_ALIGNED_AND_EVIDENCE_CAPTURE_DEFINED,Load only the functional rules directly touched by the locked module scope above and its mapped Core findings.,Load current implementation/engineering contract for this WP from P9/P10_AI_BLUEPRINT; do not infer missing architecture.,"Load only current authoritative API contract material relevant to this WP. If an identifier/contract is absent, STOP rather than invent it.",Load current M10 authorization/RLS context when the WP crosses authorization boundaries; otherwise retain only applicable permission/scope constraints.,Load relevant current ERD/schema/physical contract only when data/DB work is in scope; W4-01E/W4-02/W4-03 boundaries remain intact.,Load when WP changes UI/flow/state; preserve server-side state/authorization semantics.,Load when public discovery/SEO/analytics surface is touched; M11 remains discovery/measurement authority only.,"P9 accepted engineering alignment + P10_AI_BLUEPRINT accepted AI development blueprint, subject to carried residuals.",Use current repository/artifact state only as implementation evidence/context; never treat static state as runtime/production proof.,"The named WP plus exact locked module scope, mapped Core findings, applicable dependencies, tests and evidence.","Unrelated module internals, stale history, new business rules, new authority, unobserved runtime state.",Missing authority/contract/permission/schema/provider/architecture/physical requirement; unresolved conflict; unsupported identifier; unsafe mutation ambiguity.,Static + unit + integration + negative/security where applicable; evidence must match the claim; runtime/production claims require actual proof.,CURRENT AUTHORITY > ACTIVE WP > HARD DEPENDENCY > ACTIVATED CONDITIONAL > SUPPORTING CONTEXT > HISTORICAL PROVENANCE
M06-P4-WP01,M06,B03,Developer/Project Core,Developer/project/claim authority,Developer/Project/Marketing Kit/Claim; company logo; free-text Tentang Developer; Project compatible source for Listing; Marketing Kit: Developer own-scope upload/edit/delete/view; Admin/Superadmin All; Agent/Buyer/Manager/Partner View.,M01; M10,M09,PREDECESSORS_AND_HARD_DEPENDENCIES_REQUIRED,IMPLEMENTATION_CONTRACT_ALIGNMENT_ONLY,CONTRACT_ALIGNED_AND_EVIDENCE_CAPTURE_DEFINED,Load only the functional rules directly touched by the locked module scope above and its mapped Core findings.,Load current implementation/engineering contract for this WP from P9/P10_AI_BLUEPRINT; do not infer missing architecture.,"Load only current authoritative API contract material relevant to this WP. If an identifier/contract is absent, STOP rather than invent it.",Load current M10 authorization/RLS context when the WP crosses authorization boundaries; otherwise retain only applicable permission/scope constraints.,Load relevant current ERD/schema/physical contract only when data/DB work is in scope; W4-01E/W4-02/W4-03 boundaries remain intact.,Load when WP changes UI/flow/state; preserve server-side state/authorization semantics.,Load when public discovery/SEO/analytics surface is touched; M11 remains discovery/measurement authority only.,"P9 accepted engineering alignment + P10_AI_BLUEPRINT accepted AI development blueprint, subject to carried residuals.",Use current repository/artifact state only as implementation evidence/context; never treat static state as runtime/production proof.,"The named WP plus exact locked module scope, mapped Core findings, applicable dependencies, tests and evidence.","Unrelated module internals, stale history, new business rules, new authority, unobserved runtime state.",Missing authority/contract/permission/schema/provider/architecture/physical requirement; unresolved conflict; unsupported identifier; unsafe mutation ambiguity.,Static + unit + integration + negative/security where applicable; evidence must match the claim; runtime/production claims require actual proof.,CURRENT AUTHORITY > ACTIVE WP > HARD DEPENDENCY > ACTIVATED CONDITIONAL > SUPPORTING CONTEXT > HISTORICAL PROVENANCE
M06-P4-WP02,M06,B03,Project Media & SEO,Developer/project/claim authority,Developer/Project/Marketing Kit/Claim; company logo; free-text Tentang Developer; Project compatible source for Listing; Marketing Kit: Developer own-scope upload/edit/delete/view; Admin/Superadmin All; Agent/Buyer/Manager/Partner View.,M01; M10,M09,PREDECESSORS_AND_HARD_DEPENDENCIES_REQUIRED,IMPLEMENTATION_CONTRACT_ALIGNMENT_ONLY,CONTRACT_ALIGNED_AND_EVIDENCE_CAPTURE_DEFINED,Load only the functional rules directly touched by the locked module scope above and its mapped Core findings.,Load current implementation/engineering contract for this WP from P9/P10_AI_BLUEPRINT; do not infer missing architecture.,"Load only current authoritative API contract material relevant to this WP. If an identifier/contract is absent, STOP rather than invent it.",Load current M10 authorization/RLS context when the WP crosses authorization boundaries; otherwise retain only applicable permission/scope constraints.,Load relevant current ERD/schema/physical contract only when data/DB work is in scope; W4-01E/W4-02/W4-03 boundaries remain intact.,Load when WP changes UI/flow/state; preserve server-side state/authorization semantics.,Load when public discovery/SEO/analytics surface is touched; M11 remains discovery/measurement authority only.,"P9 accepted engineering alignment + P10_AI_BLUEPRINT accepted AI development blueprint, subject to carried residuals.",Use current repository/artifact state only as implementation evidence/context; never treat static state as runtime/production proof.,"The named WP plus exact locked module scope, mapped Core findings, applicable dependencies, tests and evidence.","Unrelated module internals, stale history, new business rules, new authority, unobserved runtime state.",Missing authority/contract/permission/schema/provider/architecture/physical requirement; unresolved conflict; unsupported identifier; unsafe mutation ambiguity.,Static + unit + integration + negative/security where applicable; evidence must match the claim; runtime/production claims require actual proof.,CURRENT AUTHORITY > ACTIVE WP > HARD DEPENDENCY > ACTIVATED CONDITIONAL > SUPPORTING CONTEXT > HISTORICAL PROVENANCE
M06-P4-WP03,M06,B03,Marketing Kit,Developer/project/claim authority,Developer/Project/Marketing Kit/Claim; company logo; free-text Tentang Developer; Project compatible source for Listing; Marketing Kit: Developer own-scope upload/edit/delete/view; Admin/Superadmin All; Agent/Buyer/Manager/Partner View.,M01; M10,M09,PREDECESSORS_AND_HARD_DEPENDENCIES_REQUIRED,IMPLEMENTATION_CONTRACT_ALIGNMENT_ONLY,CONTRACT_ALIGNED_AND_EVIDENCE_CAPTURE_DEFINED,Load only the functional rules directly touched by the locked module scope above and its mapped Core findings.,Load current implementation/engineering contract for this WP from P9/P10_AI_BLUEPRINT; do not infer missing architecture.,"Load only current authoritative API contract material relevant to this WP. If an identifier/contract is absent, STOP rather than invent it.",Load current M10 authorization/RLS context when the WP crosses authorization boundaries; otherwise retain only applicable permission/scope constraints.,Load relevant current ERD/schema/physical contract only when data/DB work is in scope; W4-01E/W4-02/W4-03 boundaries remain intact.,Load when WP changes UI/flow/state; preserve server-side state/authorization semantics.,Load when public discovery/SEO/analytics surface is touched; M11 remains discovery/measurement authority only.,"P9 accepted engineering alignment + P10_AI_BLUEPRINT accepted AI development blueprint, subject to carried residuals.",Use current repository/artifact state only as implementation evidence/context; never treat static state as runtime/production proof.,"The named WP plus exact locked module scope, mapped Core findings, applicable dependencies, tests and evidence.","Unrelated module internals, stale history, new business rules, new authority, unobserved runtime state.",Missing authority/contract/permission/schema/provider/architecture/physical requirement; unresolved conflict; unsupported identifier; unsafe mutation ambiguity.,Static + unit + integration + negative/security where applicable; evidence must match the claim; runtime/production claims require actual proof.,CURRENT AUTHORITY > ACTIVE WP > HARD DEPENDENCY > ACTIVATED CONDITIONAL > SUPPORTING CONTEXT > HISTORICAL PROVENANCE
M06-P4-WP04,M06,B03,Claim → Listing Handoff,Developer/project/claim authority,Developer/Project/Marketing Kit/Claim; company logo; free-text Tentang Developer; Project compatible source for Listing; Marketing Kit: Developer own-scope upload/edit/delete/view; Admin/Superadmin All; Agent/Buyer/Manager/Partner View.,M01; M10,M09,PREDECESSORS_AND_HARD_DEPENDENCIES_REQUIRED,IMPLEMENTATION_CONTRACT_ALIGNMENT_ONLY,CONTRACT_ALIGNED_AND_EVIDENCE_CAPTURE_DEFINED,Load only the functional rules directly touched by the locked module scope above and its mapped Core findings.,Load current implementation/engineering contract for this WP from P9/P10_AI_BLUEPRINT; do not infer missing architecture.,"Load only current authoritative API contract material relevant to this WP. If an identifier/contract is absent, STOP rather than invent it.",Load current M10 authorization/RLS context when the WP crosses authorization boundaries; otherwise retain only applicable permission/scope constraints.,Load relevant current ERD/schema/physical contract only when data/DB work is in scope; W4-01E/W4-02/W4-03 boundaries remain intact.,Load when WP changes UI/flow/state; preserve server-side state/authorization semantics.,Load when public discovery/SEO/analytics surface is touched; M11 remains discovery/measurement authority only.,"P9 accepted engineering alignment + P10_AI_BLUEPRINT accepted AI development blueprint, subject to carried residuals.",Use current repository/artifact state only as implementation evidence/context; never treat static state as runtime/production proof.,"The named WP plus exact locked module scope, mapped Core findings, applicable dependencies, tests and evidence.","Unrelated module internals, stale history, new business rules, new authority, unobserved runtime state.",Missing authority/contract/permission/schema/provider/architecture/physical requirement; unresolved conflict; unsupported identifier; unsafe mutation ambiguity.,Static + unit + integration + negative/security where applicable; evidence must match the claim; runtime/production claims require actual proof.,CURRENT AUTHORITY > ACTIVE WP > HARD DEPENDENCY > ACTIVATED CONDITIONAL > SUPPORTING CONTEXT > HISTORICAL PROVENANCE
M07-P4-WP01,M07,B03,DBR Core,DBR authority,DBR authority; governed/configurable formula/band/bank parameters; historical outcomes preserved; do not hard-code configurable values.,M01; M10,NONE — activate only if this WP scope invokes the condition,PREDECESSORS_AND_HARD_DEPENDENCIES_REQUIRED,IMPLEMENTATION_CONTRACT_ALIGNMENT_ONLY,CONTRACT_ALIGNED_AND_EVIDENCE_CAPTURE_DEFINED,Load only the functional rules directly touched by the locked module scope above and its mapped Core findings.,Load current implementation/engineering contract for this WP from P9/P10_AI_BLUEPRINT; do not infer missing architecture.,"Load only current authoritative API contract material relevant to this WP. If an identifier/contract is absent, STOP rather than invent it.",Load current M10 authorization/RLS context when the WP crosses authorization boundaries; otherwise retain only applicable permission/scope constraints.,Load relevant current ERD/schema/physical contract only when data/DB work is in scope; W4-01E/W4-02/W4-03 boundaries remain intact.,Load when WP changes UI/flow/state; preserve server-side state/authorization semantics.,Load when public discovery/SEO/analytics surface is touched; M11 remains discovery/measurement authority only.,"P9 accepted engineering alignment + P10_AI_BLUEPRINT accepted AI development blueprint, subject to carried residuals.",Use current repository/artifact state only as implementation evidence/context; never treat static state as runtime/production proof.,"The named WP plus exact locked module scope, mapped Core findings, applicable dependencies, tests and evidence.","Unrelated module internals, stale history, new business rules, new authority, unobserved runtime state.",Missing authority/contract/permission/schema/provider/architecture/physical requirement; unresolved conflict; unsupported identifier; unsafe mutation ambiguity.,Static + unit + integration + negative/security where applicable; evidence must match the claim; runtime/production claims require actual proof.,CURRENT AUTHORITY > ACTIVE WP > HARD DEPENDENCY > ACTIVATED CONDITIONAL > SUPPORTING CONTEXT > HISTORICAL PROVENANCE
M07-P4-WP02,M07,B03,DBR Configuration,DBR authority,DBR authority; governed/configurable formula/band/bank parameters; historical outcomes preserved; do not hard-code configurable values.,M01; M10,NONE — activate only if this WP scope invokes the condition,PREDECESSORS_AND_HARD_DEPENDENCIES_REQUIRED,IMPLEMENTATION_CONTRACT_ALIGNMENT_ONLY,CONTRACT_ALIGNED_AND_EVIDENCE_CAPTURE_DEFINED,Load only the functional rules directly touched by the locked module scope above and its mapped Core findings.,Load current implementation/engineering contract for this WP from P9/P10_AI_BLUEPRINT; do not infer missing architecture.,"Load only current authoritative API contract material relevant to this WP. If an identifier/contract is absent, STOP rather than invent it.",Load current M10 authorization/RLS context when the WP crosses authorization boundaries; otherwise retain only applicable permission/scope constraints.,Load relevant current ERD/schema/physical contract only when data/DB work is in scope; W4-01E/W4-02/W4-03 boundaries remain intact.,Load when WP changes UI/flow/state; preserve server-side state/authorization semantics.,Load when public discovery/SEO/analytics surface is touched; M11 remains discovery/measurement authority only.,"P9 accepted engineering alignment + P10_AI_BLUEPRINT accepted AI development blueprint, subject to carried residuals.",Use current repository/artifact state only as implementation evidence/context; never treat static state as runtime/production proof.,"The named WP plus exact locked module scope, mapped Core findings, applicable dependencies, tests and evidence.","Unrelated module internals, stale history, new business rules, new authority, unobserved runtime state.",Missing authority/contract/permission/schema/provider/architecture/physical requirement; unresolved conflict; unsupported identifier; unsafe mutation ambiguity.,Static + unit + integration + negative/security where applicable; evidence must match the claim; runtime/production claims require actual proof.,CURRENT AUTHORITY > ACTIVE WP > HARD DEPENDENCY > ACTIVATED CONDITIONAL > SUPPORTING CONTEXT > HISTORICAL PROVENANCE
M07-P4-WP03,M07,B03,Decision Output/History,DBR authority,DBR authority; governed/configurable formula/band/bank parameters; historical outcomes preserved; do not hard-code configurable values.,M01; M10,NONE — activate only if this WP scope invokes the condition,PREDECESSORS_AND_HARD_DEPENDENCIES_REQUIRED,IMPLEMENTATION_CONTRACT_ALIGNMENT_ONLY,CONTRACT_ALIGNED_AND_EVIDENCE_CAPTURE_DEFINED,Load only the functional rules directly touched by the locked module scope above and its mapped Core findings.,Load current implementation/engineering contract for this WP from P9/P10_AI_BLUEPRINT; do not infer missing architecture.,"Load only current authoritative API contract material relevant to this WP. If an identifier/contract is absent, STOP rather than invent it.",Load current M10 authorization/RLS context when the WP crosses authorization boundaries; otherwise retain only applicable permission/scope constraints.,Load relevant current ERD/schema/physical contract only when data/DB work is in scope; W4-01E/W4-02/W4-03 boundaries remain intact.,Load when WP changes UI/flow/state; preserve server-side state/authorization semantics.,Load when public discovery/SEO/analytics surface is touched; M11 remains discovery/measurement authority only.,"P9 accepted engineering alignment + P10_AI_BLUEPRINT accepted AI development blueprint, subject to carried residuals.",Use current repository/artifact state only as implementation evidence/context; never treat static state as runtime/production proof.,"The named WP plus exact locked module scope, mapped Core findings, applicable dependencies, tests and evidence.","Unrelated module internals, stale history, new business rules, new authority, unobserved runtime state.",Missing authority/contract/permission/schema/provider/architecture/physical requirement; unresolved conflict; unsupported identifier; unsafe mutation ambiguity.,Static + unit + integration + negative/security where applicable; evidence must match the claim; runtime/production claims require actual proof.,CURRENT AUTHORITY > ACTIVE WP > HARD DEPENDENCY > ACTIVATED CONDITIONAL > SUPPORTING CONTEXT > HISTORICAL PROVENANCE
M07-P4-WP04,M07,B03,Validation/Handoff,DBR authority,DBR authority; governed/configurable formula/band/bank parameters; historical outcomes preserved; do not hard-code configurable values.,M01; M10,NONE — activate only if this WP scope invokes the condition,PREDECESSORS_AND_HARD_DEPENDENCIES_REQUIRED,IMPLEMENTATION_CONTRACT_ALIGNMENT_ONLY,CONTRACT_ALIGNED_AND_EVIDENCE_CAPTURE_DEFINED,Load only the functional rules directly touched by the locked module scope above and its mapped Core findings.,Load current implementation/engineering contract for this WP from P9/P10_AI_BLUEPRINT; do not infer missing architecture.,"Load only current authoritative API contract material relevant to this WP. If an identifier/contract is absent, STOP rather than invent it.",Load current M10 authorization/RLS context when the WP crosses authorization boundaries; otherwise retain only applicable permission/scope constraints.,Load relevant current ERD/schema/physical contract only when data/DB work is in scope; W4-01E/W4-02/W4-03 boundaries remain intact.,Load when WP changes UI/flow/state; preserve server-side state/authorization semantics.,Load when public discovery/SEO/analytics surface is touched; M11 remains discovery/measurement authority only.,"P9 accepted engineering alignment + P10_AI_BLUEPRINT accepted AI development blueprint, subject to carried residuals.",Use current repository/artifact state only as implementation evidence/context; never treat static state as runtime/production proof.,"The named WP plus exact locked module scope, mapped Core findings, applicable dependencies, tests and evidence.","Unrelated module internals, stale history, new business rules, new authority, unobserved runtime state.",Missing authority/contract/permission/schema/provider/architecture/physical requirement; unresolved conflict; unsupported identifier; unsafe mutation ambiguity.,Static + unit + integration + negative/security where applicable; evidence must match the claim; runtime/production claims require actual proof.,CURRENT AUTHORITY > ACTIVE WP > HARD DEPENDENCY > ACTIVATED CONDITIONAL > SUPPORTING CONTEXT > HISTORICAL PROVENANCE
M08-P4-WP01,M08,B07,Projection Core,Projection/notification authority,Dashboard/Notification projection only; source-domain mutation is prohibited; canonical source remains upstream.,M01; M10,NONE — activate only if this WP scope invokes the condition,PREDECESSORS_AND_HARD_DEPENDENCIES_REQUIRED,IMPLEMENTATION_CONTRACT_ALIGNMENT_ONLY,CONTRACT_ALIGNED_AND_EVIDENCE_CAPTURE_DEFINED,Load only the functional rules directly touched by the locked module scope above and its mapped Core findings.,Load current implementation/engineering contract for this WP from P9/P10_AI_BLUEPRINT; do not infer missing architecture.,"Load only current authoritative API contract material relevant to this WP. If an identifier/contract is absent, STOP rather than invent it.",Load current M10 authorization/RLS context when the WP crosses authorization boundaries; otherwise retain only applicable permission/scope constraints.,Load relevant current ERD/schema/physical contract only when data/DB work is in scope; W4-01E/W4-02/W4-03 boundaries remain intact.,Load when WP changes UI/flow/state; preserve server-side state/authorization semantics.,Load when public discovery/SEO/analytics surface is touched; M11 remains discovery/measurement authority only.,"P9 accepted engineering alignment + P10_AI_BLUEPRINT accepted AI development blueprint, subject to carried residuals.",Use current repository/artifact state only as implementation evidence/context; never treat static state as runtime/production proof.,"The named WP plus exact locked module scope, mapped Core findings, applicable dependencies, tests and evidence.","Unrelated module internals, stale history, new business rules, new authority, unobserved runtime state.",Missing authority/contract/permission/schema/provider/architecture/physical requirement; unresolved conflict; unsupported identifier; unsafe mutation ambiguity.,Static + unit + integration + negative/security where applicable; evidence must match the claim; runtime/production claims require actual proof.,CURRENT AUTHORITY > ACTIVE WP > HARD DEPENDENCY > ACTIVATED CONDITIONAL > SUPPORTING CONTEXT > HISTORICAL PROVENANCE
M08-P4-WP02,M08,B07,Notification/Communication,Projection/notification authority,Dashboard/Notification projection only; source-domain mutation is prohibited; canonical source remains upstream.,M01; M10,NONE — activate only if this WP scope invokes the condition,PREDECESSORS_AND_HARD_DEPENDENCIES_REQUIRED,IMPLEMENTATION_CONTRACT_ALIGNMENT_ONLY,CONTRACT_ALIGNED_AND_EVIDENCE_CAPTURE_DEFINED,Load only the functional rules directly touched by the locked module scope above and its mapped Core findings.,Load current implementation/engineering contract for this WP from P9/P10_AI_BLUEPRINT; do not infer missing architecture.,"Load only current authoritative API contract material relevant to this WP. If an identifier/contract is absent, STOP rather than invent it.",Load current M10 authorization/RLS context when the WP crosses authorization boundaries; otherwise retain only applicable permission/scope constraints.,Load relevant current ERD/schema/physical contract only when data/DB work is in scope; W4-01E/W4-02/W4-03 boundaries remain intact.,Load when WP changes UI/flow/state; preserve server-side state/authorization semantics.,Load when public discovery/SEO/analytics surface is touched; M11 remains discovery/measurement authority only.,"P9 accepted engineering alignment + P10_AI_BLUEPRINT accepted AI development blueprint, subject to carried residuals.",Use current repository/artifact state only as implementation evidence/context; never treat static state as runtime/production proof.,"The named WP plus exact locked module scope, mapped Core findings, applicable dependencies, tests and evidence.","Unrelated module internals, stale history, new business rules, new authority, unobserved runtime state.",Missing authority/contract/permission/schema/provider/architecture/physical requirement; unresolved conflict; unsupported identifier; unsafe mutation ambiguity.,Static + unit + integration + negative/security where applicable; evidence must match the claim; runtime/production claims require actual proof.,CURRENT AUTHORITY > ACTIVE WP > HARD DEPENDENCY > ACTIVATED CONDITIONAL > SUPPORTING CONTEXT > HISTORICAL PROVENANCE
M08-P4-WP03,M08,B07,Source Event Contracts,Projection/notification authority,Dashboard/Notification projection only; source-domain mutation is prohibited; canonical source remains upstream.,M01; M10,NONE — activate only if this WP scope invokes the condition,PREDECESSORS_AND_HARD_DEPENDENCIES_REQUIRED,IMPLEMENTATION_CONTRACT_ALIGNMENT_ONLY,CONTRACT_ALIGNED_AND_EVIDENCE_CAPTURE_DEFINED,Load only the functional rules directly touched by the locked module scope above and its mapped Core findings.,Load current implementation/engineering contract for this WP from P9/P10_AI_BLUEPRINT; do not infer missing architecture.,"Load only current authoritative API contract material relevant to this WP. If an identifier/contract is absent, STOP rather than invent it.",Load current M10 authorization/RLS context when the WP crosses authorization boundaries; otherwise retain only applicable permission/scope constraints.,Load relevant current ERD/schema/physical contract only when data/DB work is in scope; W4-01E/W4-02/W4-03 boundaries remain intact.,Load when WP changes UI/flow/state; preserve server-side state/authorization semantics.,Load when public discovery/SEO/analytics surface is touched; M11 remains discovery/measurement authority only.,"P9 accepted engineering alignment + P10_AI_BLUEPRINT accepted AI development blueprint, subject to carried residuals.",Use current repository/artifact state only as implementation evidence/context; never treat static state as runtime/production proof.,"The named WP plus exact locked module scope, mapped Core findings, applicable dependencies, tests and evidence.","Unrelated module internals, stale history, new business rules, new authority, unobserved runtime state.",Missing authority/contract/permission/schema/provider/architecture/physical requirement; unresolved conflict; unsupported identifier; unsafe mutation ambiguity.,Static + unit + integration + negative/security where applicable; evidence must match the claim; runtime/production claims require actual proof.,CURRENT AUTHORITY > ACTIVE WP > HARD DEPENDENCY > ACTIVATED CONDITIONAL > SUPPORTING CONTEXT > HISTORICAL PROVENANCE
M08-P4-WP04,M08,B07,Validation/No-Mutation,Projection/notification authority,Dashboard/Notification projection only; source-domain mutation is prohibited; canonical source remains upstream.,M01; M10,NONE — activate only if this WP scope invokes the condition,PREDECESSORS_AND_HARD_DEPENDENCIES_REQUIRED,IMPLEMENTATION_CONTRACT_ALIGNMENT_ONLY,CONTRACT_ALIGNED_AND_EVIDENCE_CAPTURE_DEFINED,Load only the functional rules directly touched by the locked module scope above and its mapped Core findings.,Load current implementation/engineering contract for this WP from P9/P10_AI_BLUEPRINT; do not infer missing architecture.,"Load only current authoritative API contract material relevant to this WP. If an identifier/contract is absent, STOP rather than invent it.",Load current M10 authorization/RLS context when the WP crosses authorization boundaries; otherwise retain only applicable permission/scope constraints.,Load relevant current ERD/schema/physical contract only when data/DB work is in scope; W4-01E/W4-02/W4-03 boundaries remain intact.,Load when WP changes UI/flow/state; preserve server-side state/authorization semantics.,Load when public discovery/SEO/analytics surface is touched; M11 remains discovery/measurement authority only.,"P9 accepted engineering alignment + P10_AI_BLUEPRINT accepted AI development blueprint, subject to carried residuals.",Use current repository/artifact state only as implementation evidence/context; never treat static state as runtime/production proof.,"The named WP plus exact locked module scope, mapped Core findings, applicable dependencies, tests and evidence.","Unrelated module internals, stale history, new business rules, new authority, unobserved runtime state.",Missing authority/contract/permission/schema/provider/architecture/physical requirement; unresolved conflict; unsupported identifier; unsafe mutation ambiguity.,Static + unit + integration + negative/security where applicable; evidence must match the claim; runtime/production claims require actual proof.,CURRENT AUTHORITY > ACTIVE WP > HARD DEPENDENCY > ACTIVATED CONDITIONAL > SUPPORTING CONTEXT > HISTORICAL PROVENANCE
M09-P4-WP01,M09,B03,Administrative Foundation,Administrative/configuration authority within underlying domain grants,Admin/config/audit with bounded authority; Static Public Content and Announcement/Promotion lifecycle/configuration by M09 or applicable authoritative domain.,M01; M10,NONE — activate only if this WP scope invokes the condition,PREDECESSORS_AND_HARD_DEPENDENCIES_REQUIRED,IMPLEMENTATION_CONTRACT_ALIGNMENT_ONLY,CONTRACT_ALIGNED_AND_EVIDENCE_CAPTURE_DEFINED,Load only the functional rules directly touched by the locked module scope above and its mapped Core findings.,Load current implementation/engineering contract for this WP from P9/P10_AI_BLUEPRINT; do not infer missing architecture.,"Load only current authoritative API contract material relevant to this WP. If an identifier/contract is absent, STOP rather than invent it.",Load current M10 authorization/RLS context when the WP crosses authorization boundaries; otherwise retain only applicable permission/scope constraints.,Load relevant current ERD/schema/physical contract only when data/DB work is in scope; W4-01E/W4-02/W4-03 boundaries remain intact.,Load when WP changes UI/flow/state; preserve server-side state/authorization semantics.,Load when public discovery/SEO/analytics surface is touched; M11 remains discovery/measurement authority only.,"P9 accepted engineering alignment + P10_AI_BLUEPRINT accepted AI development blueprint, subject to carried residuals.",Use current repository/artifact state only as implementation evidence/context; never treat static state as runtime/production proof.,"The named WP plus exact locked module scope, mapped Core findings, applicable dependencies, tests and evidence.","Unrelated module internals, stale history, new business rules, new authority, unobserved runtime state.",Missing authority/contract/permission/schema/provider/architecture/physical requirement; unresolved conflict; unsupported identifier; unsafe mutation ambiguity.,Static + unit + integration + negative/security where applicable; evidence must match the claim; runtime/production claims require actual proof.,CURRENT AUTHORITY > ACTIVE WP > HARD DEPENDENCY > ACTIVATED CONDITIONAL > SUPPORTING CONTEXT > HISTORICAL PROVENANCE
M09-P4-WP02,M09,B03,Domain Administration/Configuration,Administrative/configuration authority within underlying domain grants,Admin/config/audit with bounded authority; Static Public Content and Announcement/Promotion lifecycle/configuration by M09 or applicable authoritative domain.,M01; M10,NONE — activate only if this WP scope invokes the condition,PREDECESSORS_AND_HARD_DEPENDENCIES_REQUIRED,IMPLEMENTATION_CONTRACT_ALIGNMENT_ONLY,CONTRACT_ALIGNED_AND_EVIDENCE_CAPTURE_DEFINED,Load only the functional rules directly touched by the locked module scope above and its mapped Core findings.,Load current implementation/engineering contract for this WP from P9/P10_AI_BLUEPRINT; do not infer missing architecture.,"Load only current authoritative API contract material relevant to this WP. If an identifier/contract is absent, STOP rather than invent it.",Load current M10 authorization/RLS context when the WP crosses authorization boundaries; otherwise retain only applicable permission/scope constraints.,Load relevant current ERD/schema/physical contract only when data/DB work is in scope; W4-01E/W4-02/W4-03 boundaries remain intact.,Load when WP changes UI/flow/state; preserve server-side state/authorization semantics.,Load when public discovery/SEO/analytics surface is touched; M11 remains discovery/measurement authority only.,"P9 accepted engineering alignment + P10_AI_BLUEPRINT accepted AI development blueprint, subject to carried residuals.",Use current repository/artifact state only as implementation evidence/context; never treat static state as runtime/production proof.,"The named WP plus exact locked module scope, mapped Core findings, applicable dependencies, tests and evidence.","Unrelated module internals, stale history, new business rules, new authority, unobserved runtime state.",Missing authority/contract/permission/schema/provider/architecture/physical requirement; unresolved conflict; unsupported identifier; unsafe mutation ambiguity.,Static + unit + integration + negative/security where applicable; evidence must match the claim; runtime/production claims require actual proof.,CURRENT AUTHORITY > ACTIVE WP > HARD DEPENDENCY > ACTIVATED CONDITIONAL > SUPPORTING CONTEXT > HISTORICAL PROVENANCE
M09-P4-WP03,M09,B03,Static Content + Announcement/Promotion,Administrative/configuration authority within underlying domain grants,Admin/config/audit with bounded authority; Static Public Content and Announcement/Promotion lifecycle/configuration by M09 or applicable authoritative domain.,M01; M10,NONE — activate only if this WP scope invokes the condition,PREDECESSORS_AND_HARD_DEPENDENCIES_REQUIRED,IMPLEMENTATION_CONTRACT_ALIGNMENT_ONLY,CONTRACT_ALIGNED_AND_EVIDENCE_CAPTURE_DEFINED,Load only the functional rules directly touched by the locked module scope above and its mapped Core findings.,Load current implementation/engineering contract for this WP from P9/P10_AI_BLUEPRINT; do not infer missing architecture.,"Load only current authoritative API contract material relevant to this WP. If an identifier/contract is absent, STOP rather than invent it.",Load current M10 authorization/RLS context when the WP crosses authorization boundaries; otherwise retain only applicable permission/scope constraints.,Load relevant current ERD/schema/physical contract only when data/DB work is in scope; W4-01E/W4-02/W4-03 boundaries remain intact.,Load when WP changes UI/flow/state; preserve server-side state/authorization semantics.,Load when public discovery/SEO/analytics surface is touched; M11 remains discovery/measurement authority only.,"P9 accepted engineering alignment + P10_AI_BLUEPRINT accepted AI development blueprint, subject to carried residuals.",Use current repository/artifact state only as implementation evidence/context; never treat static state as runtime/production proof.,"The named WP plus exact locked module scope, mapped Core findings, applicable dependencies, tests and evidence.","Unrelated module internals, stale history, new business rules, new authority, unobserved runtime state.",Missing authority/contract/permission/schema/provider/architecture/physical requirement; unresolved conflict; unsupported identifier; unsafe mutation ambiguity.,Static + unit + integration + negative/security where applicable; evidence must match the claim; runtime/production claims require actual proof.,CURRENT AUTHORITY > ACTIVE WP > HARD DEPENDENCY > ACTIVATED CONDITIONAL > SUPPORTING CONTEXT > HISTORICAL PROVENANCE
M09-P4-WP04,M09,B03,Audit/Reconciliation,Administrative/configuration authority within underlying domain grants,Admin/config/audit with bounded authority; Static Public Content and Announcement/Promotion lifecycle/configuration by M09 or applicable authoritative domain.,M01; M10,NONE — activate only if this WP scope invokes the condition,PREDECESSORS_AND_HARD_DEPENDENCIES_REQUIRED,IMPLEMENTATION_CONTRACT_ALIGNMENT_ONLY,CONTRACT_ALIGNED_AND_EVIDENCE_CAPTURE_DEFINED,Load only the functional rules directly touched by the locked module scope above and its mapped Core findings.,Load current implementation/engineering contract for this WP from P9/P10_AI_BLUEPRINT; do not infer missing architecture.,"Load only current authoritative API contract material relevant to this WP. If an identifier/contract is absent, STOP rather than invent it.",Load current M10 authorization/RLS context when the WP crosses authorization boundaries; otherwise retain only applicable permission/scope constraints.,Load relevant current ERD/schema/physical contract only when data/DB work is in scope; W4-01E/W4-02/W4-03 boundaries remain intact.,Load when WP changes UI/flow/state; preserve server-side state/authorization semantics.,Load when public discovery/SEO/analytics surface is touched; M11 remains discovery/measurement authority only.,"P9 accepted engineering alignment + P10_AI_BLUEPRINT accepted AI development blueprint, subject to carried residuals.",Use current repository/artifact state only as implementation evidence/context; never treat static state as runtime/production proof.,"The named WP plus exact locked module scope, mapped Core findings, applicable dependencies, tests and evidence.","Unrelated module internals, stale history, new business rules, new authority, unobserved runtime state.",Missing authority/contract/permission/schema/provider/architecture/physical requirement; unresolved conflict; unsupported identifier; unsafe mutation ambiguity.,Static + unit + integration + negative/security where applicable; evidence must match the claim; runtime/production claims require actual proof.,CURRENT AUTHORITY > ACTIVE WP > HARD DEPENDENCY > ACTIVATED CONDITIONAL > SUPPORTING CONTEXT > HISTORICAL PROVENANCE
M10-P4-WP01,M10,B02,Authorization Core,Authorization authority,Authorization/RBAC/RLS authority; Role = actor grouping; Role Permission = baseline/default permission matrix; Permission Preset = optional configurable authorization configuration targeted to an existing Role only; never a new role and never outside the established role baseline/governance.,M01,NONE — activate only if this WP scope invokes the condition,PREDECESSORS_AND_HARD_DEPENDENCIES_REQUIRED,IMPLEMENTATION_CONTRACT_ALIGNMENT_ONLY,CONTRACT_ALIGNED_AND_EVIDENCE_CAPTURE_DEFINED,Load only the functional rules directly touched by the locked module scope above and its mapped Core findings.,Load current implementation/engineering contract for this WP from P9/P10_AI_BLUEPRINT; do not infer missing architecture.,"Load only current authoritative API contract material relevant to this WP. If an identifier/contract is absent, STOP rather than invent it.",Load current M10 authorization/RLS context when the WP crosses authorization boundaries; otherwise retain only applicable permission/scope constraints.,Load relevant current ERD/schema/physical contract only when data/DB work is in scope; W4-01E/W4-02/W4-03 boundaries remain intact.,Load when WP changes UI/flow/state; preserve server-side state/authorization semantics.,Load when public discovery/SEO/analytics surface is touched; M11 remains discovery/measurement authority only.,"P9 accepted engineering alignment + P10_AI_BLUEPRINT accepted AI development blueprint, subject to carried residuals.",Use current repository/artifact state only as implementation evidence/context; never treat static state as runtime/production proof.,"The named WP plus exact locked module scope, mapped Core findings, applicable dependencies, tests and evidence.","Unrelated module internals, stale history, new business rules, new authority, unobserved runtime state.",Missing authority/contract/permission/schema/provider/architecture/physical requirement; unresolved conflict; unsupported identifier; unsafe mutation ambiguity.,Static + unit + integration + negative/security where applicable; evidence must match the claim; runtime/production claims require actual proof.,CURRENT AUTHORITY > ACTIVE WP > HARD DEPENDENCY > ACTIVATED CONDITIONAL > SUPPORTING CONTEXT > HISTORICAL PROVENANCE
M10-P4-WP02,M10,B02,Permission Preset Governance,Authorization authority,Authorization/RBAC/RLS authority; Role = actor grouping; Role Permission = baseline/default permission matrix; Permission Preset = optional configurable authorization configuration targeted to an existing Role only; never a new role and never outside the established role baseline/governance.,M01,NONE — activate only if this WP scope invokes the condition,PREDECESSORS_AND_HARD_DEPENDENCIES_REQUIRED,IMPLEMENTATION_CONTRACT_ALIGNMENT_ONLY,CONTRACT_ALIGNED_AND_EVIDENCE_CAPTURE_DEFINED,Load only the functional rules directly touched by the locked module scope above and its mapped Core findings.,Load current implementation/engineering contract for this WP from P9/P10_AI_BLUEPRINT; do not infer missing architecture.,"Load only current authoritative API contract material relevant to this WP. If an identifier/contract is absent, STOP rather than invent it.",Load current M10 authorization/RLS context when the WP crosses authorization boundaries; otherwise retain only applicable permission/scope constraints.,Load relevant current ERD/schema/physical contract only when data/DB work is in scope; W4-01E/W4-02/W4-03 boundaries remain intact.,Load when WP changes UI/flow/state; preserve server-side state/authorization semantics.,Load when public discovery/SEO/analytics surface is touched; M11 remains discovery/measurement authority only.,"P9 accepted engineering alignment + P10_AI_BLUEPRINT accepted AI development blueprint, subject to carried residuals.",Use current repository/artifact state only as implementation evidence/context; never treat static state as runtime/production proof.,"The named WP plus exact locked module scope, mapped Core findings, applicable dependencies, tests and evidence.","Unrelated module internals, stale history, new business rules, new authority, unobserved runtime state.",Missing authority/contract/permission/schema/provider/architecture/physical requirement; unresolved conflict; unsupported identifier; unsafe mutation ambiguity.,Static + unit + integration + negative/security where applicable; evidence must match the claim; runtime/production claims require actual proof.,CURRENT AUTHORITY > ACTIVE WP > HARD DEPENDENCY > ACTIVATED CONDITIONAL > SUPPORTING CONTEXT > HISTORICAL PROVENANCE
M10-P4-WP03,M10,B02,Scope/Condition/Ownership/Organization,Authorization authority,Authorization/RBAC/RLS authority; Role = actor grouping; Role Permission = baseline/default permission matrix; Permission Preset = optional configurable authorization configuration targeted to an existing Role only; never a new role and never outside the established role baseline/governance.,M01,NONE — activate only if this WP scope invokes the condition,PREDECESSORS_AND_HARD_DEPENDENCIES_REQUIRED,IMPLEMENTATION_CONTRACT_ALIGNMENT_ONLY,CONTRACT_ALIGNED_AND_EVIDENCE_CAPTURE_DEFINED,Load only the functional rules directly touched by the locked module scope above and its mapped Core findings.,Load current implementation/engineering contract for this WP from P9/P10_AI_BLUEPRINT; do not infer missing architecture.,"Load only current authoritative API contract material relevant to this WP. If an identifier/contract is absent, STOP rather than invent it.",Load current M10 authorization/RLS context when the WP crosses authorization boundaries; otherwise retain only applicable permission/scope constraints.,Load relevant current ERD/schema/physical contract only when data/DB work is in scope; W4-01E/W4-02/W4-03 boundaries remain intact.,Load when WP changes UI/flow/state; preserve server-side state/authorization semantics.,Load when public discovery/SEO/analytics surface is touched; M11 remains discovery/measurement authority only.,"P9 accepted engineering alignment + P10_AI_BLUEPRINT accepted AI development blueprint, subject to carried residuals.",Use current repository/artifact state only as implementation evidence/context; never treat static state as runtime/production proof.,"The named WP plus exact locked module scope, mapped Core findings, applicable dependencies, tests and evidence.","Unrelated module internals, stale history, new business rules, new authority, unobserved runtime state.",Missing authority/contract/permission/schema/provider/architecture/physical requirement; unresolved conflict; unsupported identifier; unsafe mutation ambiguity.,Static + unit + integration + negative/security where applicable; evidence must match the claim; runtime/production claims require actual proof.,CURRENT AUTHORITY > ACTIVE WP > HARD DEPENDENCY > ACTIVATED CONDITIONAL > SUPPORTING CONTEXT > HISTORICAL PROVENANCE
M10-P4-WP04,M10,B02,RLS Evidence/Handoff,Authorization authority,Authorization/RBAC/RLS authority; Role = actor grouping; Role Permission = baseline/default permission matrix; Permission Preset = optional configurable authorization configuration targeted to an existing Role only; never a new role and never outside the established role baseline/governance.,M01,NONE — activate only if this WP scope invokes the condition,PREDECESSORS_AND_HARD_DEPENDENCIES_REQUIRED,IMPLEMENTATION_CONTRACT_ALIGNMENT_ONLY,CONTRACT_ALIGNED_AND_EVIDENCE_CAPTURE_DEFINED,Load only the functional rules directly touched by the locked module scope above and its mapped Core findings.,Load current implementation/engineering contract for this WP from P9/P10_AI_BLUEPRINT; do not infer missing architecture.,"Load only current authoritative API contract material relevant to this WP. If an identifier/contract is absent, STOP rather than invent it.",Load current M10 authorization/RLS context when the WP crosses authorization boundaries; otherwise retain only applicable permission/scope constraints.,Load relevant current ERD/schema/physical contract only when data/DB work is in scope; W4-01E/W4-02/W4-03 boundaries remain intact.,Load when WP changes UI/flow/state; preserve server-side state/authorization semantics.,Load when public discovery/SEO/analytics surface is touched; M11 remains discovery/measurement authority only.,"P9 accepted engineering alignment + P10_AI_BLUEPRINT accepted AI development blueprint, subject to carried residuals.",Use current repository/artifact state only as implementation evidence/context; never treat static state as runtime/production proof.,"The named WP plus exact locked module scope, mapped Core findings, applicable dependencies, tests and evidence.","Unrelated module internals, stale history, new business rules, new authority, unobserved runtime state.",Missing authority/contract/permission/schema/provider/architecture/physical requirement; unresolved conflict; unsupported identifier; unsafe mutation ambiguity.,Static + unit + integration + negative/security where applicable; evidence must match the claim; runtime/production claims require actual proof.,CURRENT AUTHORITY > ACTIVE WP > HARD DEPENDENCY > ACTIVATED CONDITIONAL > SUPPORTING CONTEXT > HISTORICAL PROVENANCE
M11-P4-WP01,M11,B07,Public Surface Registry,Public discovery/SEO/measurement layer; not source-domain business authority,"SEO/discovery/analytics; mandatory public surfaces: Homepage, Listing, Agent, Organization, Developer/Project, Event, Learning, Learning Session, Static Public Content, Announcement/Promotion; measurement/discovery only.",NONE,NONE — activate only if this WP scope invokes the condition,PREDECESSORS_AND_HARD_DEPENDENCIES_REQUIRED,IMPLEMENTATION_CONTRACT_ALIGNMENT_ONLY,CONTRACT_ALIGNED_AND_EVIDENCE_CAPTURE_DEFINED,Load only the functional rules directly touched by the locked module scope above and its mapped Core findings.,Load current implementation/engineering contract for this WP from P9/P10_AI_BLUEPRINT; do not infer missing architecture.,"Load only current authoritative API contract material relevant to this WP. If an identifier/contract is absent, STOP rather than invent it.",Load current M10 authorization/RLS context when the WP crosses authorization boundaries; otherwise retain only applicable permission/scope constraints.,Load relevant current ERD/schema/physical contract only when data/DB work is in scope; W4-01E/W4-02/W4-03 boundaries remain intact.,Load when WP changes UI/flow/state; preserve server-side state/authorization semantics.,Load when public discovery/SEO/analytics surface is touched; M11 remains discovery/measurement authority only.,"P9 accepted engineering alignment + P10_AI_BLUEPRINT accepted AI development blueprint, subject to carried residuals.",Use current repository/artifact state only as implementation evidence/context; never treat static state as runtime/production proof.,"The named WP plus exact locked module scope, mapped Core findings, applicable dependencies, tests and evidence.","Unrelated module internals, stale history, new business rules, new authority, unobserved runtime state.",Missing authority/contract/permission/schema/provider/architecture/physical requirement; unresolved conflict; unsupported identifier; unsafe mutation ambiguity.,Static + unit + integration + negative/security where applicable; evidence must match the claim; runtime/production claims require actual proof.,CURRENT AUTHORITY > ACTIVE WP > HARD DEPENDENCY > ACTIVATED CONDITIONAL > SUPPORTING CONTEXT > HISTORICAL PROVENANCE
M11-P4-WP02,M11,B07,SEO/Indexability/Structured Data,Public discovery/SEO/measurement layer; not source-domain business authority,"SEO/discovery/analytics; mandatory public surfaces: Homepage, Listing, Agent, Organization, Developer/Project, Event, Learning, Learning Session, Static Public Content, Announcement/Promotion; measurement/discovery only.",NONE,NONE — activate only if this WP scope invokes the condition,PREDECESSORS_AND_HARD_DEPENDENCIES_REQUIRED,IMPLEMENTATION_CONTRACT_ALIGNMENT_ONLY,CONTRACT_ALIGNED_AND_EVIDENCE_CAPTURE_DEFINED,Load only the functional rules directly touched by the locked module scope above and its mapped Core findings.,Load current implementation/engineering contract for this WP from P9/P10_AI_BLUEPRINT; do not infer missing architecture.,"Load only current authoritative API contract material relevant to this WP. If an identifier/contract is absent, STOP rather than invent it.",Load current M10 authorization/RLS context when the WP crosses authorization boundaries; otherwise retain only applicable permission/scope constraints.,Load relevant current ERD/schema/physical contract only when data/DB work is in scope; W4-01E/W4-02/W4-03 boundaries remain intact.,Load when WP changes UI/flow/state; preserve server-side state/authorization semantics.,Load when public discovery/SEO/analytics surface is touched; M11 remains discovery/measurement authority only.,"P9 accepted engineering alignment + P10_AI_BLUEPRINT accepted AI development blueprint, subject to carried residuals.",Use current repository/artifact state only as implementation evidence/context; never treat static state as runtime/production proof.,"The named WP plus exact locked module scope, mapped Core findings, applicable dependencies, tests and evidence.","Unrelated module internals, stale history, new business rules, new authority, unobserved runtime state.",Missing authority/contract/permission/schema/provider/architecture/physical requirement; unresolved conflict; unsupported identifier; unsafe mutation ambiguity.,Static + unit + integration + negative/security where applicable; evidence must match the claim; runtime/production claims require actual proof.,CURRENT AUTHORITY > ACTIVE WP > HARD DEPENDENCY > ACTIVATED CONDITIONAL > SUPPORTING CONTEXT > HISTORICAL PROVENANCE
M11-P4-WP03,M11,B07,Sitemap/Robots/Discovery,Public discovery/SEO/measurement layer; not source-domain business authority,"SEO/discovery/analytics; mandatory public surfaces: Homepage, Listing, Agent, Organization, Developer/Project, Event, Learning, Learning Session, Static Public Content, Announcement/Promotion; measurement/discovery only.",NONE,NONE — activate only if this WP scope invokes the condition,PREDECESSORS_AND_HARD_DEPENDENCIES_REQUIRED,IMPLEMENTATION_CONTRACT_ALIGNMENT_ONLY,CONTRACT_ALIGNED_AND_EVIDENCE_CAPTURE_DEFINED,Load only the functional rules directly touched by the locked module scope above and its mapped Core findings.,Load current implementation/engineering contract for this WP from P9/P10_AI_BLUEPRINT; do not infer missing architecture.,"Load only current authoritative API contract material relevant to this WP. If an identifier/contract is absent, STOP rather than invent it.",Load current M10 authorization/RLS context when the WP crosses authorization boundaries; otherwise retain only applicable permission/scope constraints.,Load relevant current ERD/schema/physical contract only when data/DB work is in scope; W4-01E/W4-02/W4-03 boundaries remain intact.,Load when WP changes UI/flow/state; preserve server-side state/authorization semantics.,Load when public discovery/SEO/analytics surface is touched; M11 remains discovery/measurement authority only.,"P9 accepted engineering alignment + P10_AI_BLUEPRINT accepted AI development blueprint, subject to carried residuals.",Use current repository/artifact state only as implementation evidence/context; never treat static state as runtime/production proof.,"The named WP plus exact locked module scope, mapped Core findings, applicable dependencies, tests and evidence.","Unrelated module internals, stale history, new business rules, new authority, unobserved runtime state.",Missing authority/contract/permission/schema/provider/architecture/physical requirement; unresolved conflict; unsupported identifier; unsafe mutation ambiguity.,Static + unit + integration + negative/security where applicable; evidence must match the claim; runtime/production claims require actual proof.,CURRENT AUTHORITY > ACTIVE WP > HARD DEPENDENCY > ACTIVATED CONDITIONAL > SUPPORTING CONTEXT > HISTORICAL PROVENANCE
M11-P4-WP04,M11,B07,Analytics/Measurement,Public discovery/SEO/measurement layer; not source-domain business authority,"SEO/discovery/analytics; mandatory public surfaces: Homepage, Listing, Agent, Organization, Developer/Project, Event, Learning, Learning Session, Static Public Content, Announcement/Promotion; measurement/discovery only.",NONE,NONE — activate only if this WP scope invokes the condition,PREDECESSORS_AND_HARD_DEPENDENCIES_REQUIRED,IMPLEMENTATION_CONTRACT_ALIGNMENT_ONLY,CONTRACT_ALIGNED_AND_EVIDENCE_CAPTURE_DEFINED,Load only the functional rules directly touched by the locked module scope above and its mapped Core findings.,Load current implementation/engineering contract for this WP from P9/P10_AI_BLUEPRINT; do not infer missing architecture.,"Load only current authoritative API contract material relevant to this WP. If an identifier/contract is absent, STOP rather than invent it.",Load current M10 authorization/RLS context when the WP crosses authorization boundaries; otherwise retain only applicable permission/scope constraints.,Load relevant current ERD/schema/physical contract only when data/DB work is in scope; W4-01E/W4-02/W4-03 boundaries remain intact.,Load when WP changes UI/flow/state; preserve server-side state/authorization semantics.,Load when public discovery/SEO/analytics surface is touched; M11 remains discovery/measurement authority only.,"P9 accepted engineering alignment + P10_AI_BLUEPRINT accepted AI development blueprint, subject to carried residuals.",Use current repository/artifact state only as implementation evidence/context; never treat static state as runtime/production proof.,"The named WP plus exact locked module scope, mapped Core findings, applicable dependencies, tests and evidence.","Unrelated module internals, stale history, new business rules, new authority, unobserved runtime state.",Missing authority/contract/permission/schema/provider/architecture/physical requirement; unresolved conflict; unsupported identifier; unsafe mutation ambiguity.,Static + unit + integration + negative/security where applicable; evidence must match the claim; runtime/production claims require actual proof.,CURRENT AUTHORITY > ACTIVE WP > HARD DEPENDENCY > ACTIVATED CONDITIONAL > SUPPORTING CONTEXT > HISTORICAL PROVENANCE
M12-P4-WP01,M12,B03,Organization Core,Organization/membership/context authority,"Organization/membership/context; membership is distinct from permission, ownership, public visibility, commercial entitlement and Host authority.",M01; M10,M09,PREDECESSORS_AND_HARD_DEPENDENCIES_REQUIRED,IMPLEMENTATION_CONTRACT_ALIGNMENT_ONLY,CONTRACT_ALIGNED_AND_EVIDENCE_CAPTURE_DEFINED,Load only the functional rules directly touched by the locked module scope above and its mapped Core findings.,Load current implementation/engineering contract for this WP from P9/P10_AI_BLUEPRINT; do not infer missing architecture.,"Load only current authoritative API contract material relevant to this WP. If an identifier/contract is absent, STOP rather than invent it.",Load current M10 authorization/RLS context when the WP crosses authorization boundaries; otherwise retain only applicable permission/scope constraints.,Load relevant current ERD/schema/physical contract only when data/DB work is in scope; W4-01E/W4-02/W4-03 boundaries remain intact.,Load when WP changes UI/flow/state; preserve server-side state/authorization semantics.,Load when public discovery/SEO/analytics surface is touched; M11 remains discovery/measurement authority only.,"P9 accepted engineering alignment + P10_AI_BLUEPRINT accepted AI development blueprint, subject to carried residuals.",Use current repository/artifact state only as implementation evidence/context; never treat static state as runtime/production proof.,"The named WP plus exact locked module scope, mapped Core findings, applicable dependencies, tests and evidence.","Unrelated module internals, stale history, new business rules, new authority, unobserved runtime state.",Missing authority/contract/permission/schema/provider/architecture/physical requirement; unresolved conflict; unsupported identifier; unsafe mutation ambiguity.,Static + unit + integration + negative/security where applicable; evidence must match the claim; runtime/production claims require actual proof.,CURRENT AUTHORITY > ACTIVE WP > HARD DEPENDENCY > ACTIVATED CONDITIONAL > SUPPORTING CONTEXT > HISTORICAL PROVENANCE
M12-P4-WP02,M12,B03,Membership/Invitation/Join Request,Organization/membership/context authority,"Organization/membership/context; membership is distinct from permission, ownership, public visibility, commercial entitlement and Host authority.",M01; M10,M09,PREDECESSORS_AND_HARD_DEPENDENCIES_REQUIRED,IMPLEMENTATION_CONTRACT_ALIGNMENT_ONLY,CONTRACT_ALIGNED_AND_EVIDENCE_CAPTURE_DEFINED,Load only the functional rules directly touched by the locked module scope above and its mapped Core findings.,Load current implementation/engineering contract for this WP from P9/P10_AI_BLUEPRINT; do not infer missing architecture.,"Load only current authoritative API contract material relevant to this WP. If an identifier/contract is absent, STOP rather than invent it.",Load current M10 authorization/RLS context when the WP crosses authorization boundaries; otherwise retain only applicable permission/scope constraints.,Load relevant current ERD/schema/physical contract only when data/DB work is in scope; W4-01E/W4-02/W4-03 boundaries remain intact.,Load when WP changes UI/flow/state; preserve server-side state/authorization semantics.,Load when public discovery/SEO/analytics surface is touched; M11 remains discovery/measurement authority only.,"P9 accepted engineering alignment + P10_AI_BLUEPRINT accepted AI development blueprint, subject to carried residuals.",Use current repository/artifact state only as implementation evidence/context; never treat static state as runtime/production proof.,"The named WP plus exact locked module scope, mapped Core findings, applicable dependencies, tests and evidence.","Unrelated module internals, stale history, new business rules, new authority, unobserved runtime state.",Missing authority/contract/permission/schema/provider/architecture/physical requirement; unresolved conflict; unsupported identifier; unsafe mutation ambiguity.,Static + unit + integration + negative/security where applicable; evidence must match the claim; runtime/production claims require actual proof.,CURRENT AUTHORITY > ACTIVE WP > HARD DEPENDENCY > ACTIVATED CONDITIONAL > SUPPORTING CONTEXT > HISTORICAL PROVENANCE
M12-P4-WP03,M12,B03,Context & Ownership Boundary,Organization/membership/context authority,"Organization/membership/context; membership is distinct from permission, ownership, public visibility, commercial entitlement and Host authority.",M01; M10,M09,PREDECESSORS_AND_HARD_DEPENDENCIES_REQUIRED,IMPLEMENTATION_CONTRACT_ALIGNMENT_ONLY,CONTRACT_ALIGNED_AND_EVIDENCE_CAPTURE_DEFINED,Load only the functional rules directly touched by the locked module scope above and its mapped Core findings.,Load current implementation/engineering contract for this WP from P9/P10_AI_BLUEPRINT; do not infer missing architecture.,"Load only current authoritative API contract material relevant to this WP. If an identifier/contract is absent, STOP rather than invent it.",Load current M10 authorization/RLS context when the WP crosses authorization boundaries; otherwise retain only applicable permission/scope constraints.,Load relevant current ERD/schema/physical contract only when data/DB work is in scope; W4-01E/W4-02/W4-03 boundaries remain intact.,Load when WP changes UI/flow/state; preserve server-side state/authorization semantics.,Load when public discovery/SEO/analytics surface is touched; M11 remains discovery/measurement authority only.,"P9 accepted engineering alignment + P10_AI_BLUEPRINT accepted AI development blueprint, subject to carried residuals.",Use current repository/artifact state only as implementation evidence/context; never treat static state as runtime/production proof.,"The named WP plus exact locked module scope, mapped Core findings, applicable dependencies, tests and evidence.","Unrelated module internals, stale history, new business rules, new authority, unobserved runtime state.",Missing authority/contract/permission/schema/provider/architecture/physical requirement; unresolved conflict; unsupported identifier; unsafe mutation ambiguity.,Static + unit + integration + negative/security where applicable; evidence must match the claim; runtime/production claims require actual proof.,CURRENT AUTHORITY > ACTIVE WP > HARD DEPENDENCY > ACTIVATED CONDITIONAL > SUPPORTING CONTEXT > HISTORICAL PROVENANCE
M12-P4-WP04,M12,B03,Lifecycle/Validation,Organization/membership/context authority,"Organization/membership/context; membership is distinct from permission, ownership, public visibility, commercial entitlement and Host authority.",M01; M10,M09,PREDECESSORS_AND_HARD_DEPENDENCIES_REQUIRED,IMPLEMENTATION_CONTRACT_ALIGNMENT_ONLY,CONTRACT_ALIGNED_AND_EVIDENCE_CAPTURE_DEFINED,Load only the functional rules directly touched by the locked module scope above and its mapped Core findings.,Load current implementation/engineering contract for this WP from P9/P10_AI_BLUEPRINT; do not infer missing architecture.,"Load only current authoritative API contract material relevant to this WP. If an identifier/contract is absent, STOP rather than invent it.",Load current M10 authorization/RLS context when the WP crosses authorization boundaries; otherwise retain only applicable permission/scope constraints.,Load relevant current ERD/schema/physical contract only when data/DB work is in scope; W4-01E/W4-02/W4-03 boundaries remain intact.,Load when WP changes UI/flow/state; preserve server-side state/authorization semantics.,Load when public discovery/SEO/analytics surface is touched; M11 remains discovery/measurement authority only.,"P9 accepted engineering alignment + P10_AI_BLUEPRINT accepted AI development blueprint, subject to carried residuals.",Use current repository/artifact state only as implementation evidence/context; never treat static state as runtime/production proof.,"The named WP plus exact locked module scope, mapped Core findings, applicable dependencies, tests and evidence.","Unrelated module internals, stale history, new business rules, new authority, unobserved runtime state.",Missing authority/contract/permission/schema/provider/architecture/physical requirement; unresolved conflict; unsupported identifier; unsafe mutation ambiguity.,Static + unit + integration + negative/security where applicable; evidence must match the claim; runtime/production claims require actual proof.,CURRENT AUTHORITY > ACTIVE WP > HARD DEPENDENCY > ACTIVATED CONDITIONAL > SUPPORTING CONTEXT > HISTORICAL PROVENANCE
M13-P4-WP01,M13,B03,Provider Catalogue,AI/BYOK/provider domain authority,AI/BYOK/provider catalogue; Provider Catalogue Superadmin-only; BYOK Agent/User own; secrets server-side; provider adapter boundary.,M01; M10,NONE — activate only if this WP scope invokes the condition,PREDECESSORS_AND_HARD_DEPENDENCIES_REQUIRED,IMPLEMENTATION_CONTRACT_ALIGNMENT_ONLY,CONTRACT_ALIGNED_AND_EVIDENCE_CAPTURE_DEFINED,Load only the functional rules directly touched by the locked module scope above and its mapped Core findings.,Load current implementation/engineering contract for this WP from P9/P10_AI_BLUEPRINT; do not infer missing architecture.,"Load only current authoritative API contract material relevant to this WP. If an identifier/contract is absent, STOP rather than invent it.",Load current M10 authorization/RLS context when the WP crosses authorization boundaries; otherwise retain only applicable permission/scope constraints.,Load relevant current ERD/schema/physical contract only when data/DB work is in scope; W4-01E/W4-02/W4-03 boundaries remain intact.,Load when WP changes UI/flow/state; preserve server-side state/authorization semantics.,Load when public discovery/SEO/analytics surface is touched; M11 remains discovery/measurement authority only.,"P9 accepted engineering alignment + P10_AI_BLUEPRINT accepted AI development blueprint, subject to carried residuals.",Use current repository/artifact state only as implementation evidence/context; never treat static state as runtime/production proof.,"The named WP plus exact locked module scope, mapped Core findings, applicable dependencies, tests and evidence.","Unrelated module internals, stale history, new business rules, new authority, unobserved runtime state.",Missing authority/contract/permission/schema/provider/architecture/physical requirement; unresolved conflict; unsupported identifier; unsafe mutation ambiguity.,Static + unit + integration + negative/security where applicable; evidence must match the claim; runtime/production claims require actual proof.,CURRENT AUTHORITY > ACTIVE WP > HARD DEPENDENCY > ACTIVATED CONDITIONAL > SUPPORTING CONTEXT > HISTORICAL PROVENANCE
M13-P4-WP02,M13,B03,BYOK Connection Lifecycle,AI/BYOK/provider domain authority,AI/BYOK/provider catalogue; Provider Catalogue Superadmin-only; BYOK Agent/User own; secrets server-side; provider adapter boundary.,M01; M10,NONE — activate only if this WP scope invokes the condition,PREDECESSORS_AND_HARD_DEPENDENCIES_REQUIRED,IMPLEMENTATION_CONTRACT_ALIGNMENT_ONLY,CONTRACT_ALIGNED_AND_EVIDENCE_CAPTURE_DEFINED,Load only the functional rules directly touched by the locked module scope above and its mapped Core findings.,Load current implementation/engineering contract for this WP from P9/P10_AI_BLUEPRINT; do not infer missing architecture.,"Load only current authoritative API contract material relevant to this WP. If an identifier/contract is absent, STOP rather than invent it.",Load current M10 authorization/RLS context when the WP crosses authorization boundaries; otherwise retain only applicable permission/scope constraints.,Load relevant current ERD/schema/physical contract only when data/DB work is in scope; W4-01E/W4-02/W4-03 boundaries remain intact.,Load when WP changes UI/flow/state; preserve server-side state/authorization semantics.,Load when public discovery/SEO/analytics surface is touched; M11 remains discovery/measurement authority only.,"P9 accepted engineering alignment + P10_AI_BLUEPRINT accepted AI development blueprint, subject to carried residuals.",Use current repository/artifact state only as implementation evidence/context; never treat static state as runtime/production proof.,"The named WP plus exact locked module scope, mapped Core findings, applicable dependencies, tests and evidence.","Unrelated module internals, stale history, new business rules, new authority, unobserved runtime state.",Missing authority/contract/permission/schema/provider/architecture/physical requirement; unresolved conflict; unsupported identifier; unsafe mutation ambiguity.,Static + unit + integration + negative/security where applicable; evidence must match the claim; runtime/production claims require actual proof.,CURRENT AUTHORITY > ACTIVE WP > HARD DEPENDENCY > ACTIVATED CONDITIONAL > SUPPORTING CONTEXT > HISTORICAL PROVENANCE
M13-P4-WP03,M13,B03,Protected Invocation/Security,AI/BYOK/provider domain authority,AI/BYOK/provider catalogue; Provider Catalogue Superadmin-only; BYOK Agent/User own; secrets server-side; provider adapter boundary.,M01; M10,NONE — activate only if this WP scope invokes the condition,PREDECESSORS_AND_HARD_DEPENDENCIES_REQUIRED,IMPLEMENTATION_CONTRACT_ALIGNMENT_ONLY,CONTRACT_ALIGNED_AND_EVIDENCE_CAPTURE_DEFINED,Load only the functional rules directly touched by the locked module scope above and its mapped Core findings.,Load current implementation/engineering contract for this WP from P9/P10_AI_BLUEPRINT; do not infer missing architecture.,"Load only current authoritative API contract material relevant to this WP. If an identifier/contract is absent, STOP rather than invent it.",Load current M10 authorization/RLS context when the WP crosses authorization boundaries; otherwise retain only applicable permission/scope constraints.,Load relevant current ERD/schema/physical contract only when data/DB work is in scope; W4-01E/W4-02/W4-03 boundaries remain intact.,Load when WP changes UI/flow/state; preserve server-side state/authorization semantics.,Load when public discovery/SEO/analytics surface is touched; M11 remains discovery/measurement authority only.,"P9 accepted engineering alignment + P10_AI_BLUEPRINT accepted AI development blueprint, subject to carried residuals.",Use current repository/artifact state only as implementation evidence/context; never treat static state as runtime/production proof.,"The named WP plus exact locked module scope, mapped Core findings, applicable dependencies, tests and evidence.","Unrelated module internals, stale history, new business rules, new authority, unobserved runtime state.",Missing authority/contract/permission/schema/provider/architecture/physical requirement; unresolved conflict; unsupported identifier; unsafe mutation ambiguity.,Static + unit + integration + negative/security where applicable; evidence must match the claim; runtime/production claims require actual proof.,CURRENT AUTHORITY > ACTIVE WP > HARD DEPENDENCY > ACTIVATED CONDITIONAL > SUPPORTING CONTEXT > HISTORICAL PROVENANCE
M13-P4-WP04,M13,B03,Transient Chat Frame/Validation,AI/BYOK/provider domain authority,AI/BYOK/provider catalogue; Provider Catalogue Superadmin-only; BYOK Agent/User own; secrets server-side; provider adapter boundary.,M01; M10,NONE — activate only if this WP scope invokes the condition,PREDECESSORS_AND_HARD_DEPENDENCIES_REQUIRED,IMPLEMENTATION_CONTRACT_ALIGNMENT_ONLY,CONTRACT_ALIGNED_AND_EVIDENCE_CAPTURE_DEFINED,Load only the functional rules directly touched by the locked module scope above and its mapped Core findings.,Load current implementation/engineering contract for this WP from P9/P10_AI_BLUEPRINT; do not infer missing architecture.,"Load only current authoritative API contract material relevant to this WP. If an identifier/contract is absent, STOP rather than invent it.",Load current M10 authorization/RLS context when the WP crosses authorization boundaries; otherwise retain only applicable permission/scope constraints.,Load relevant current ERD/schema/physical contract only when data/DB work is in scope; W4-01E/W4-02/W4-03 boundaries remain intact.,Load when WP changes UI/flow/state; preserve server-side state/authorization semantics.,Load when public discovery/SEO/analytics surface is touched; M11 remains discovery/measurement authority only.,"P9 accepted engineering alignment + P10_AI_BLUEPRINT accepted AI development blueprint, subject to carried residuals.",Use current repository/artifact state only as implementation evidence/context; never treat static state as runtime/production proof.,"The named WP plus exact locked module scope, mapped Core findings, applicable dependencies, tests and evidence.","Unrelated module internals, stale history, new business rules, new authority, unobserved runtime state.",Missing authority/contract/permission/schema/provider/architecture/physical requirement; unresolved conflict; unsupported identifier; unsafe mutation ambiguity.,Static + unit + integration + negative/security where applicable; evidence must match the claim; runtime/production claims require actual proof.,CURRENT AUTHORITY > ACTIVE WP > HARD DEPENDENCY > ACTIVATED CONDITIONAL > SUPPORTING CONTEXT > HISTORICAL PROVENANCE
M14-P4-WP01,M14,B03,Catalog/Offer,Commercial/payment/entitlement/quota/promotion authority,"Commercial/payment/entitlement/quota/promotion; Q01–Q64 all M14, including Q40/Q54/Q61/Q62; M03 consumes listing/refresh allowance; payment verification/fulfillment/reconciliation/idempotency.",M01; M10,M09; M12,PREDECESSORS_AND_HARD_DEPENDENCIES_REQUIRED,IMPLEMENTATION_CONTRACT_ALIGNMENT_ONLY,CONTRACT_ALIGNED_AND_EVIDENCE_CAPTURE_DEFINED,Load only the functional rules directly touched by the locked module scope above and its mapped Core findings.,Load current implementation/engineering contract for this WP from P9/P10_AI_BLUEPRINT; do not infer missing architecture.,"Load only current authoritative API contract material relevant to this WP. If an identifier/contract is absent, STOP rather than invent it.",Load current M10 authorization/RLS context when the WP crosses authorization boundaries; otherwise retain only applicable permission/scope constraints.,Load relevant current ERD/schema/physical contract only when data/DB work is in scope; W4-01E/W4-02/W4-03 boundaries remain intact.,Load when WP changes UI/flow/state; preserve server-side state/authorization semantics.,Load when public discovery/SEO/analytics surface is touched; M11 remains discovery/measurement authority only.,"P9 accepted engineering alignment + P10_AI_BLUEPRINT accepted AI development blueprint, subject to carried residuals.",Use current repository/artifact state only as implementation evidence/context; never treat static state as runtime/production proof.,"The named WP plus exact locked module scope, mapped Core findings, applicable dependencies, tests and evidence.","Unrelated module internals, stale history, new business rules, new authority, unobserved runtime state.",Missing authority/contract/permission/schema/provider/architecture/physical requirement; unresolved conflict; unsupported identifier; unsafe mutation ambiguity.,Static + unit + integration + negative/security where applicable; evidence must match the claim; runtime/production claims require actual proof.,CURRENT AUTHORITY > ACTIVE WP > HARD DEPENDENCY > ACTIVATED CONDITIONAL > SUPPORTING CONTEXT > HISTORICAL PROVENANCE
M14-P4-WP02,M14,B03,Order/Payment Core,Commercial/payment/entitlement/quota/promotion authority,"Commercial/payment/entitlement/quota/promotion; Q01–Q64 all M14, including Q40/Q54/Q61/Q62; M03 consumes listing/refresh allowance; payment verification/fulfillment/reconciliation/idempotency.",M01; M10,M09; M12,PREDECESSORS_AND_HARD_DEPENDENCIES_REQUIRED,IMPLEMENTATION_CONTRACT_ALIGNMENT_ONLY,CONTRACT_ALIGNED_AND_EVIDENCE_CAPTURE_DEFINED,Load only the functional rules directly touched by the locked module scope above and its mapped Core findings.,Load current implementation/engineering contract for this WP from P9/P10_AI_BLUEPRINT; do not infer missing architecture.,"Load only current authoritative API contract material relevant to this WP. If an identifier/contract is absent, STOP rather than invent it.",Load current M10 authorization/RLS context when the WP crosses authorization boundaries; otherwise retain only applicable permission/scope constraints.,Load relevant current ERD/schema/physical contract only when data/DB work is in scope; W4-01E/W4-02/W4-03 boundaries remain intact.,Load when WP changes UI/flow/state; preserve server-side state/authorization semantics.,Load when public discovery/SEO/analytics surface is touched; M11 remains discovery/measurement authority only.,"P9 accepted engineering alignment + P10_AI_BLUEPRINT accepted AI development blueprint, subject to carried residuals.",Use current repository/artifact state only as implementation evidence/context; never treat static state as runtime/production proof.,"The named WP plus exact locked module scope, mapped Core findings, applicable dependencies, tests and evidence.","Unrelated module internals, stale history, new business rules, new authority, unobserved runtime state.",Missing authority/contract/permission/schema/provider/architecture/physical requirement; unresolved conflict; unsupported identifier; unsafe mutation ambiguity.,Static + unit + integration + negative/security where applicable; evidence must match the claim; runtime/production claims require actual proof.,CURRENT AUTHORITY > ACTIVE WP > HARD DEPENDENCY > ACTIVATED CONDITIONAL > SUPPORTING CONTEXT > HISTORICAL PROVENANCE
M14-P4-WP03,M14,B03,Verification/Fulfillment,Commercial/payment/entitlement/quota/promotion authority,"Commercial/payment/entitlement/quota/promotion; Q01–Q64 all M14, including Q40/Q54/Q61/Q62; M03 consumes listing/refresh allowance; payment verification/fulfillment/reconciliation/idempotency.",M01; M10,M09; M12,PREDECESSORS_AND_HARD_DEPENDENCIES_REQUIRED,IMPLEMENTATION_CONTRACT_ALIGNMENT_ONLY,CONTRACT_ALIGNED_AND_EVIDENCE_CAPTURE_DEFINED,Load only the functional rules directly touched by the locked module scope above and its mapped Core findings.,Load current implementation/engineering contract for this WP from P9/P10_AI_BLUEPRINT; do not infer missing architecture.,"Load only current authoritative API contract material relevant to this WP. If an identifier/contract is absent, STOP rather than invent it.",Load current M10 authorization/RLS context when the WP crosses authorization boundaries; otherwise retain only applicable permission/scope constraints.,Load relevant current ERD/schema/physical contract only when data/DB work is in scope; W4-01E/W4-02/W4-03 boundaries remain intact.,Load when WP changes UI/flow/state; preserve server-side state/authorization semantics.,Load when public discovery/SEO/analytics surface is touched; M11 remains discovery/measurement authority only.,"P9 accepted engineering alignment + P10_AI_BLUEPRINT accepted AI development blueprint, subject to carried residuals.",Use current repository/artifact state only as implementation evidence/context; never treat static state as runtime/production proof.,"The named WP plus exact locked module scope, mapped Core findings, applicable dependencies, tests and evidence.","Unrelated module internals, stale history, new business rules, new authority, unobserved runtime state.",Missing authority/contract/permission/schema/provider/architecture/physical requirement; unresolved conflict; unsupported identifier; unsafe mutation ambiguity.,Static + unit + integration + negative/security where applicable; evidence must match the claim; runtime/production claims require actual proof.,CURRENT AUTHORITY > ACTIVE WP > HARD DEPENDENCY > ACTIVATED CONDITIONAL > SUPPORTING CONTEXT > HISTORICAL PROVENANCE
M14-P4-WP04,M14,B03,Promotion/Reconciliation/Quota,Commercial/payment/entitlement/quota/promotion authority,"Commercial/payment/entitlement/quota/promotion; Q01–Q64 all M14, including Q40/Q54/Q61/Q62; M03 consumes listing/refresh allowance; payment verification/fulfillment/reconciliation/idempotency.",M01; M10,M09; M12,PREDECESSORS_AND_HARD_DEPENDENCIES_REQUIRED,IMPLEMENTATION_CONTRACT_ALIGNMENT_ONLY,CONTRACT_ALIGNED_AND_EVIDENCE_CAPTURE_DEFINED,Load only the functional rules directly touched by the locked module scope above and its mapped Core findings.,Load current implementation/engineering contract for this WP from P9/P10_AI_BLUEPRINT; do not infer missing architecture.,"Load only current authoritative API contract material relevant to this WP. If an identifier/contract is absent, STOP rather than invent it.",Load current M10 authorization/RLS context when the WP crosses authorization boundaries; otherwise retain only applicable permission/scope constraints.,Load relevant current ERD/schema/physical contract only when data/DB work is in scope; W4-01E/W4-02/W4-03 boundaries remain intact.,Load when WP changes UI/flow/state; preserve server-side state/authorization semantics.,Load when public discovery/SEO/analytics surface is touched; M11 remains discovery/measurement authority only.,"P9 accepted engineering alignment + P10_AI_BLUEPRINT accepted AI development blueprint, subject to carried residuals.",Use current repository/artifact state only as implementation evidence/context; never treat static state as runtime/production proof.,"The named WP plus exact locked module scope, mapped Core findings, applicable dependencies, tests and evidence.","Unrelated module internals, stale history, new business rules, new authority, unobserved runtime state.",Missing authority/contract/permission/schema/provider/architecture/physical requirement; unresolved conflict; unsupported identifier; unsafe mutation ambiguity.,Static + unit + integration + negative/security where applicable; evidence must match the claim; runtime/production claims require actual proof.,CURRENT AUTHORITY > ACTIVE WP > HARD DEPENDENCY > ACTIVATED CONDITIONAL > SUPPORTING CONTEXT > HISTORICAL PROVENANCE
M15-P4-WP01,M15,B06,Title,Qualification/Award authority; consumes governed upstream evidence,Qualification/evidence/Award; M04 evidence is consumed; Award remains M15; Q01–Q64 and specifically Q40/Q54/Q61/Q62 are not M15.,M01; M10; M04,M09; M12; M14,PREDECESSORS_AND_HARD_DEPENDENCIES_REQUIRED,IMPLEMENTATION_CONTRACT_ALIGNMENT_ONLY,CONTRACT_ALIGNED_AND_EVIDENCE_CAPTURE_DEFINED,Load only the functional rules directly touched by the locked module scope above and its mapped Core findings.,Load current implementation/engineering contract for this WP from P9/P10_AI_BLUEPRINT; do not infer missing architecture.,"Load only current authoritative API contract material relevant to this WP. If an identifier/contract is absent, STOP rather than invent it.",Load current M10 authorization/RLS context when the WP crosses authorization boundaries; otherwise retain only applicable permission/scope constraints.,Load relevant current ERD/schema/physical contract only when data/DB work is in scope; W4-01E/W4-02/W4-03 boundaries remain intact.,Load when WP changes UI/flow/state; preserve server-side state/authorization semantics.,Load when public discovery/SEO/analytics surface is touched; M11 remains discovery/measurement authority only.,"P9 accepted engineering alignment + P10_AI_BLUEPRINT accepted AI development blueprint, subject to carried residuals.",Use current repository/artifact state only as implementation evidence/context; never treat static state as runtime/production proof.,"The named WP plus exact locked module scope, mapped Core findings, applicable dependencies, tests and evidence.","Unrelated module internals, stale history, new business rules, new authority, unobserved runtime state.",Missing authority/contract/permission/schema/provider/architecture/physical requirement; unresolved conflict; unsupported identifier; unsafe mutation ambiguity.,Static + unit + integration + negative/security where applicable; evidence must match the claim; runtime/production claims require actual proof.,CURRENT AUTHORITY > ACTIVE WP > HARD DEPENDENCY > ACTIVATED CONDITIONAL > SUPPORTING CONTEXT > HISTORICAL PROVENANCE
M15-P4-WP02,M15,B06,Path/Rule,Qualification/Award authority; consumes governed upstream evidence,Qualification/evidence/Award; M04 evidence is consumed; Award remains M15; Q01–Q64 and specifically Q40/Q54/Q61/Q62 are not M15.,M01; M10; M04,M09; M12; M14,PREDECESSORS_AND_HARD_DEPENDENCIES_REQUIRED,IMPLEMENTATION_CONTRACT_ALIGNMENT_ONLY,CONTRACT_ALIGNED_AND_EVIDENCE_CAPTURE_DEFINED,Load only the functional rules directly touched by the locked module scope above and its mapped Core findings.,Load current implementation/engineering contract for this WP from P9/P10_AI_BLUEPRINT; do not infer missing architecture.,"Load only current authoritative API contract material relevant to this WP. If an identifier/contract is absent, STOP rather than invent it.",Load current M10 authorization/RLS context when the WP crosses authorization boundaries; otherwise retain only applicable permission/scope constraints.,Load relevant current ERD/schema/physical contract only when data/DB work is in scope; W4-01E/W4-02/W4-03 boundaries remain intact.,Load when WP changes UI/flow/state; preserve server-side state/authorization semantics.,Load when public discovery/SEO/analytics surface is touched; M11 remains discovery/measurement authority only.,"P9 accepted engineering alignment + P10_AI_BLUEPRINT accepted AI development blueprint, subject to carried residuals.",Use current repository/artifact state only as implementation evidence/context; never treat static state as runtime/production proof.,"The named WP plus exact locked module scope, mapped Core findings, applicable dependencies, tests and evidence.","Unrelated module internals, stale history, new business rules, new authority, unobserved runtime state.",Missing authority/contract/permission/schema/provider/architecture/physical requirement; unresolved conflict; unsupported identifier; unsafe mutation ambiguity.,Static + unit + integration + negative/security where applicable; evidence must match the claim; runtime/production claims require actual proof.,CURRENT AUTHORITY > ACTIVE WP > HARD DEPENDENCY > ACTIVATED CONDITIONAL > SUPPORTING CONTEXT > HISTORICAL PROVENANCE
M15-P4-WP03,M15,B06,Qualification/Evidence,Qualification/Award authority; consumes governed upstream evidence,Qualification/evidence/Award; M04 evidence is consumed; Award remains M15; Q01–Q64 and specifically Q40/Q54/Q61/Q62 are not M15.,M01; M10; M04,M09; M12; M14,PREDECESSORS_AND_HARD_DEPENDENCIES_REQUIRED,IMPLEMENTATION_CONTRACT_ALIGNMENT_ONLY,CONTRACT_ALIGNED_AND_EVIDENCE_CAPTURE_DEFINED,Load only the functional rules directly touched by the locked module scope above and its mapped Core findings.,Load current implementation/engineering contract for this WP from P9/P10_AI_BLUEPRINT; do not infer missing architecture.,"Load only current authoritative API contract material relevant to this WP. If an identifier/contract is absent, STOP rather than invent it.",Load current M10 authorization/RLS context when the WP crosses authorization boundaries; otherwise retain only applicable permission/scope constraints.,Load relevant current ERD/schema/physical contract only when data/DB work is in scope; W4-01E/W4-02/W4-03 boundaries remain intact.,Load when WP changes UI/flow/state; preserve server-side state/authorization semantics.,Load when public discovery/SEO/analytics surface is touched; M11 remains discovery/measurement authority only.,"P9 accepted engineering alignment + P10_AI_BLUEPRINT accepted AI development blueprint, subject to carried residuals.",Use current repository/artifact state only as implementation evidence/context; never treat static state as runtime/production proof.,"The named WP plus exact locked module scope, mapped Core findings, applicable dependencies, tests and evidence.","Unrelated module internals, stale history, new business rules, new authority, unobserved runtime state.",Missing authority/contract/permission/schema/provider/architecture/physical requirement; unresolved conflict; unsupported identifier; unsafe mutation ambiguity.,Static + unit + integration + negative/security where applicable; evidence must match the claim; runtime/production claims require actual proof.,CURRENT AUTHORITY > ACTIVE WP > HARD DEPENDENCY > ACTIVATED CONDITIONAL > SUPPORTING CONTEXT > HISTORICAL PROVENANCE
M15-P4-WP04,M15,B06,Award/Presentation,Qualification/Award authority; consumes governed upstream evidence,Qualification/evidence/Award; M04 evidence is consumed; Award remains M15; Q01–Q64 and specifically Q40/Q54/Q61/Q62 are not M15.,M01; M10; M04,M09; M12; M14,PREDECESSORS_AND_HARD_DEPENDENCIES_REQUIRED,IMPLEMENTATION_CONTRACT_ALIGNMENT_ONLY,CONTRACT_ALIGNED_AND_EVIDENCE_CAPTURE_DEFINED,Load only the functional rules directly touched by the locked module scope above and its mapped Core findings.,Load current implementation/engineering contract for this WP from P9/P10_AI_BLUEPRINT; do not infer missing architecture.,"Load only current authoritative API contract material relevant to this WP. If an identifier/contract is absent, STOP rather than invent it.",Load current M10 authorization/RLS context when the WP crosses authorization boundaries; otherwise retain only applicable permission/scope constraints.,Load relevant current ERD/schema/physical contract only when data/DB work is in scope; W4-01E/W4-02/W4-03 boundaries remain intact.,Load when WP changes UI/flow/state; preserve server-side state/authorization semantics.,Load when public discovery/SEO/analytics surface is touched; M11 remains discovery/measurement authority only.,"P9 accepted engineering alignment + P10_AI_BLUEPRINT accepted AI development blueprint, subject to carried residuals.",Use current repository/artifact state only as implementation evidence/context; never treat static state as runtime/production proof.,"The named WP plus exact locked module scope, mapped Core findings, applicable dependencies, tests and evidence.","Unrelated module internals, stale history, new business rules, new authority, unobserved runtime state.",Missing authority/contract/permission/schema/provider/architecture/physical requirement; unresolved conflict; unsupported identifier; unsafe mutation ambiguity.,Static + unit + integration + negative/security where applicable; evidence must match the claim; runtime/production claims require actual proof.,CURRENT AUTHORITY > ACTIVE WP > HARD DEPENDENCY > ACTIVATED CONDITIONAL > SUPPORTING CONTEXT > HISTORICAL PROVENANCE
