finding_id,module,classification,core_artifact_id,core_path,core_baseline_sha256,core_section,core_baseline_anchor,mxx_authority_artifact,mxx_delta_or_resolution,mxx_textual_corroboration,core_textual_delta_match,semantic_diff_result,core_detail_retained,mxx_valid_detail_retained,unrelated_core_detail_retained,whole_artifact_replacement,silent_deletion,evidence_status
M01-CI-001,M01,PRESERVE,CAM11-0034,14_FUNCTIONAL/W4-02A.6.18_FUNCTIONAL_SPECIFICATION_CURRENT_FUNCTIONAL_IMPLEMENTATION_CONTRACT_v2.1.md,d7e9a7b5c761d51495e77f73824f903ca057e602c204c79284a2ae70c522072e,# RUMAHAGEN — FUNCTIONAL SPECIFICATION,14_FUNCTIONAL/W4-02A.6.18_FUNCTIONAL_SPECIFICATION_CURRENT_FUNCTIONAL_IMPLEMENTATION_CONTRACT_v2.1.md:1: # RUMAHAGEN — FUNCTIONAL SPECIFICATION || 14_FUNCTIONAL/W4-02A.6.18_FUNCTIONAL_SPECIFICATION_CURRENT_FUNCTIONAL_IMPLEMENTATION_CONTRACT_v2.1.md:2: ## W4-02A.6.18 — Current Functional Implementation Contract || 14_FUNCTIONAL/W4-02A.6.18_FUNCTIONAL_SPECIFICATION_CURRENT_FUNCTIONAL_IMPLEMENTATION_CONTRACT_v2.1.md:4: **Version:** 2.1 — W4-02A.6.18 || 14_FUNCTIONAL/W4-02A.6.18_FUNCTIONAL_SPECIFICATION_CURRENT_FUNCTIONAL_IMPLEMENTATION_CONTRACT_v2.1.md:5: **Date:** 19 August 2026 || 14_FUNCTIONAL/W4-02A.6.18_FUNCTIONAL_SPECIFICATION_CURRENT_FUNCTIONAL_IMPLEMENTATION_CONTRACT_v2.1.md:6: **Status:** **CURRENT FUNCTIONAL IMPLEMENTATION CONTRACT — GREEN / FULLY CONSOLIDATED** || 14_FUNCTIONAL/W4-02A.6.18_FUNCTIONAL_SPECIFICATION_CURRENT_FUNCTIONAL_IMPLEMENTATION_CONTRACT_v2.1.md:7: **Predecessor:** `RUMAHAGEN_FUNCTIONAL_SPECIFICATION_v2.0_WAVE3_STEP3.9_FULL_CONSOLIDATED_SYNCHRONIZED.md`,WF03-03-01_M01_FULL_SEMANTIC_REBUILD_v1.1.md,User / Identity View-Update,AUTHORITY.md:797: 1. Canonical User/Identity View and Update matrix. || AUTHORITY.md:536: | M01 | User / Identity | View | BYPASS | OWN | ALL | OWN | OWN | OWN | OWN | LOCKED | || AUTHORITY.md:67: `M01 | User / Identity | View / Update ... | PARTIAL`,"14_FUNCTIONAL/W4-02A.6.18_FUNCTIONAL_SPECIFICATION_CURRENT_FUNCTIONAL_IMPLEMENTATION_CONTRACT_v2.1.md:2310: **Cross-domain dependencies verified:** Identity, Agent, Organization, Listing, Learning, Session, Event, Awarding, Commercial, Payment, Entitlement, RBAC, Permission, RLS, API, ERD, Database Schema, AI, Notification, Analytics and Module Execution boundaries. || 14_FUNCTIONAL/W4-02A.6.18_FUNCTIONAL_SPECIFICATION_CURRENT_FUNCTIONAL_IMPLEMENTATION_CONTRACT_v2.1.md:2252: | Session ↔ Functional | PASS | Session identity, enrollment, provider evidence, attendance, completion preserved | || 14_FUNCTIONAL/W4-02A.6.18_FUNCTIONAL_SPECIFICATION_CURRENT_FUNCTIONAL_IMPLEMENTATION_CONTRACT_v2.1.md:2126: | AEP3-OD-01 | Closed | Stable Title Identity |",RETAIN_CORE_ONLY,YES,N/A,YES,NO,NO,PRESERVE_NO_DELTA_REQUIRED
M01-CI-002,M01,PRESERVE,CAM11-0034,14_FUNCTIONAL/W4-02A.6.18_FUNCTIONAL_SPECIFICATION_CURRENT_FUNCTIONAL_IMPLEMENTATION_CONTRACT_v2.1.md,d7e9a7b5c761d51495e77f73824f903ca057e602c204c79284a2ae70c522072e,# RUMAHAGEN — FUNCTIONAL SPECIFICATION,14_FUNCTIONAL/W4-02A.6.18_FUNCTIONAL_SPECIFICATION_CURRENT_FUNCTIONAL_IMPLEMENTATION_CONTRACT_v2.1.md:1: # RUMAHAGEN — FUNCTIONAL SPECIFICATION || 14_FUNCTIONAL/W4-02A.6.18_FUNCTIONAL_SPECIFICATION_CURRENT_FUNCTIONAL_IMPLEMENTATION_CONTRACT_v2.1.md:2: ## W4-02A.6.18 — Current Functional Implementation Contract || 14_FUNCTIONAL/W4-02A.6.18_FUNCTIONAL_SPECIFICATION_CURRENT_FUNCTIONAL_IMPLEMENTATION_CONTRACT_v2.1.md:4: **Version:** 2.1 — W4-02A.6.18 || 14_FUNCTIONAL/W4-02A.6.18_FUNCTIONAL_SPECIFICATION_CURRENT_FUNCTIONAL_IMPLEMENTATION_CONTRACT_v2.1.md:5: **Date:** 19 August 2026 || 14_FUNCTIONAL/W4-02A.6.18_FUNCTIONAL_SPECIFICATION_CURRENT_FUNCTIONAL_IMPLEMENTATION_CONTRACT_v2.1.md:6: **Status:** **CURRENT FUNCTIONAL IMPLEMENTATION CONTRACT — GREEN / FULLY CONSOLIDATED** || 14_FUNCTIONAL/W4-02A.6.18_FUNCTIONAL_SPECIFICATION_CURRENT_FUNCTIONAL_IMPLEMENTATION_CONTRACT_v2.1.md:7: **Predecessor:** `RUMAHAGEN_FUNCTIONAL_SPECIFICATION_v2.0_WAVE3_STEP3.9_FULL_CONSOLIDATED_SYNCHRONIZED.md`,WF03-03-01_M01_FULL_SEMANTIC_REBUILD_v1.1.md,OTP / authentication lifecycle,"AUTHORITY.md:798: 2. Authentication/registration/OTP as NON-RBAC mechanism. || AUTHORITY.md:546: `Registration / OTP / Authentication` is **NON-RBAC**. It is an authentication mechanism, not a CRUD permission cell. || AUTHORITY.md:538: | M01 | Registration / OTP / Authentication | Execute | NON-RBAC | NON-RBAC | NON-RBAC | NON-RBAC | NON-RBAC | NON-RBAC | NON-RBAC | LOCKED |",14_FUNCTIONAL/W4-02A.6.18_FUNCTIONAL_SPECIFICATION_CURRENT_FUNCTIONAL_IMPLEMENTATION_CONTRACT_v2.1.md:1957: - [x] OTP. || 14_FUNCTIONAL/W4-02A.6.18_FUNCTIONAL_SPECIFICATION_CURRENT_FUNCTIONAL_IMPLEMENTATION_CONTRACT_v2.1.md:1910: | Registration/OTP | ✓ | Authorization | || 14_FUNCTIONAL/W4-02A.6.18_FUNCTIONAL_SPECIFICATION_CURRENT_FUNCTIONAL_IMPLEMENTATION_CONTRACT_v2.1.md:1788: - OTP;,RETAIN_CORE_ONLY,YES,N/A,YES,NO,NO,PRESERVE_NO_DELTA_REQUIRED
M01-CI-003,M01,PRESERVE,CAM11-0034,14_FUNCTIONAL/W4-02A.6.18_FUNCTIONAL_SPECIFICATION_CURRENT_FUNCTIONAL_IMPLEMENTATION_CONTRACT_v2.1.md,d7e9a7b5c761d51495e77f73824f903ca057e602c204c79284a2ae70c522072e,# RUMAHAGEN — FUNCTIONAL SPECIFICATION,14_FUNCTIONAL/W4-02A.6.18_FUNCTIONAL_SPECIFICATION_CURRENT_FUNCTIONAL_IMPLEMENTATION_CONTRACT_v2.1.md:1: # RUMAHAGEN — FUNCTIONAL SPECIFICATION || 14_FUNCTIONAL/W4-02A.6.18_FUNCTIONAL_SPECIFICATION_CURRENT_FUNCTIONAL_IMPLEMENTATION_CONTRACT_v2.1.md:2: ## W4-02A.6.18 — Current Functional Implementation Contract || 14_FUNCTIONAL/W4-02A.6.18_FUNCTIONAL_SPECIFICATION_CURRENT_FUNCTIONAL_IMPLEMENTATION_CONTRACT_v2.1.md:4: **Version:** 2.1 — W4-02A.6.18 || 14_FUNCTIONAL/W4-02A.6.18_FUNCTIONAL_SPECIFICATION_CURRENT_FUNCTIONAL_IMPLEMENTATION_CONTRACT_v2.1.md:5: **Date:** 19 August 2026 || 14_FUNCTIONAL/W4-02A.6.18_FUNCTIONAL_SPECIFICATION_CURRENT_FUNCTIONAL_IMPLEMENTATION_CONTRACT_v2.1.md:6: **Status:** **CURRENT FUNCTIONAL IMPLEMENTATION CONTRACT — GREEN / FULLY CONSOLIDATED** || 14_FUNCTIONAL/W4-02A.6.18_FUNCTIONAL_SPECIFICATION_CURRENT_FUNCTIONAL_IMPLEMENTATION_CONTRACT_v2.1.md:7: **Predecessor:** `RUMAHAGEN_FUNCTIONAL_SPECIFICATION_v2.0_WAVE3_STEP3.9_FULL_CONSOLIDATED_SYNCHRONIZED.md`,WF03-03-01_M01_FULL_SEMANTIC_REBUILD_v1.1.md,Verification Document Create,AUTHORITY.md:799: 3. Verification Document Create/View/Review matrix. || AUTHORITY.md:103: Verification Document Create means the user may upload/create the verification document belonging to **that same user**. || AUTHORITY.md:665: > M01 Verification-document Create/View/Review — LOCKED according to Q-M01-VD-01 through Q-M01-VD-03.,"14_FUNCTIONAL/W4-02A.6.18_FUNCTIONAL_SPECIFICATION_CURRENT_FUNCTIONAL_IMPLEMENTATION_CONTRACT_v2.1.md:2177: **Important current-state correction:** Learning Activity, Commercial/Payment, Entitlement/Quota and Awarding are represented in the current 86-table physical reference of W4-02A.6.15. This functional contract therefore treats their physical existence as a current schema-reference fact, while still not treating this document as executable SQL authority or runtime verification. || 14_FUNCTIONAL/W4-02A.6.18_FUNCTIONAL_SPECIFICATION_CURRENT_FUNCTIONAL_IMPLEMENTATION_CONTRACT_v2.1.md:2290: THIS DOCUMENT || 14_FUNCTIONAL/W4-02A.6.18_FUNCTIONAL_SPECIFICATION_CURRENT_FUNCTIONAL_IMPLEMENTATION_CONTRACT_v2.1.md:2175: | Final automated test execution/evidence | Verification gate | No |",RETAIN_CORE_ONLY,YES,N/A,YES,NO,NO,PRESERVE_NO_DELTA_REQUIRED
M01-CI-004,M01,PRESERVE,CAM11-0066,26_ENGINEERING_ALIGNMENT/W4-02A.6.30_ENGINEERING_ALIGNMENT_GUIDEBOOK_PLAYBOOK_v2.1.md,239e06d97698eb97c4e362b1b9ecf25f064fbe8e665e2f9e328d00e6d339a090,# RUMAHAGEN — W4-02A.6.30,26_ENGINEERING_ALIGNMENT/W4-02A.6.30_ENGINEERING_ALIGNMENT_GUIDEBOOK_PLAYBOOK_v2.1.md:1: # RUMAHAGEN — W4-02A.6.30 || 26_ENGINEERING_ALIGNMENT/W4-02A.6.30_ENGINEERING_ALIGNMENT_GUIDEBOOK_PLAYBOOK_v2.1.md:2: # ENGINEERING ALIGNMENT / GUIDEBOOK / PLAYBOOK || 26_ENGINEERING_ALIGNMENT/W4-02A.6.30_ENGINEERING_ALIGNMENT_GUIDEBOOK_PLAYBOOK_v2.1.md:4: **Version:** 2.1 || 26_ENGINEERING_ALIGNMENT/W4-02A.6.30_ENGINEERING_ALIGNMENT_GUIDEBOOK_PLAYBOOK_v2.1.md:5: **Date:** 19 August 2026 || 26_ENGINEERING_ALIGNMENT/W4-02A.6.30_ENGINEERING_ALIGNMENT_GUIDEBOOK_PLAYBOOK_v2.1.md:6: **Status:** CURRENT / GREEN — ENGINEERING ALIGNMENT BASELINE || 26_ENGINEERING_ALIGNMENT/W4-02A.6.30_ENGINEERING_ALIGNMENT_GUIDEBOOK_PLAYBOOK_v2.1.md:7: **Scope:** Engineering execution guidance for M01–M15,WF03-03-01_M01_FULL_SEMANTIC_REBUILD_v1.1.md,Verification Document View,AUTHORITY.md:799: 3. Verification Document Create/View/Review matrix. || AUTHORITY.md:665: > M01 Verification-document Create/View/Review — LOCKED according to Q-M01-VD-01 through Q-M01-VD-03. || AUTHORITY.md:540: | M01 | Verification Document | View | BYPASS | ALL | ALL | NONE | OWN | NONE | NONE | LOCKED |,26_ENGINEERING_ALIGNMENT/W4-02A.6.30_ENGINEERING_ALIGNMENT_GUIDEBOOK_PLAYBOOK_v2.1.md:1333: W4-02 remains the sole current executable physical baseline and W4-03 remains the clean-database/runtime verification boundary. || 26_ENGINEERING_ALIGNMENT/W4-02A.6.30_ENGINEERING_ALIGNMENT_GUIDEBOOK_PLAYBOOK_v2.1.md:1220: - old standalone-document assumptions; || 26_ENGINEERING_ALIGNMENT/W4-02A.6.30_ENGINEERING_ALIGNMENT_GUIDEBOOK_PLAYBOOK_v2.1.md:1219: - old Blueprint document reading order where it conflicts with the current 6.18–6.29 chain;,RETAIN_CORE_ONLY,YES,N/A,YES,NO,NO,PRESERVE_NO_DELTA_REQUIRED
M01-CI-005,M01,PRESERVE,CAM11-0066,26_ENGINEERING_ALIGNMENT/W4-02A.6.30_ENGINEERING_ALIGNMENT_GUIDEBOOK_PLAYBOOK_v2.1.md,239e06d97698eb97c4e362b1b9ecf25f064fbe8e665e2f9e328d00e6d339a090,# RUMAHAGEN — W4-02A.6.30,26_ENGINEERING_ALIGNMENT/W4-02A.6.30_ENGINEERING_ALIGNMENT_GUIDEBOOK_PLAYBOOK_v2.1.md:1: # RUMAHAGEN — W4-02A.6.30 || 26_ENGINEERING_ALIGNMENT/W4-02A.6.30_ENGINEERING_ALIGNMENT_GUIDEBOOK_PLAYBOOK_v2.1.md:2: # ENGINEERING ALIGNMENT / GUIDEBOOK / PLAYBOOK || 26_ENGINEERING_ALIGNMENT/W4-02A.6.30_ENGINEERING_ALIGNMENT_GUIDEBOOK_PLAYBOOK_v2.1.md:4: **Version:** 2.1 || 26_ENGINEERING_ALIGNMENT/W4-02A.6.30_ENGINEERING_ALIGNMENT_GUIDEBOOK_PLAYBOOK_v2.1.md:5: **Date:** 19 August 2026 || 26_ENGINEERING_ALIGNMENT/W4-02A.6.30_ENGINEERING_ALIGNMENT_GUIDEBOOK_PLAYBOOK_v2.1.md:6: **Status:** CURRENT / GREEN — ENGINEERING ALIGNMENT BASELINE || 26_ENGINEERING_ALIGNMENT/W4-02A.6.30_ENGINEERING_ALIGNMENT_GUIDEBOOK_PLAYBOOK_v2.1.md:7: **Scope:** Engineering execution guidance for M01–M15,WF03-03-01_M01_FULL_SEMANTIC_REBUILD_v1.1.md,Verification Document Review,AUTHORITY.md:446: > **Verification Document Review = Admin responsibility** || AUTHORITY.md:804: 8. Verification-document Review remains Admin responsibility and is not account activation approval. || AUTHORITY.md:799: 3. Verification Document Create/View/Review matrix.,26_ENGINEERING_ALIGNMENT/W4-02A.6.30_ENGINEERING_ALIGNMENT_GUIDEBOOK_PLAYBOOK_v2.1.md:966: Self-review passing is not testing passing. Testing passing is not runtime verification. Runtime verification is not production authorization. || 26_ENGINEERING_ALIGNMENT/W4-02A.6.30_ENGINEERING_ALIGNMENT_GUIDEBOOK_PLAYBOOK_v2.1.md:1333: W4-02 remains the sole current executable physical baseline and W4-03 remains the clean-database/runtime verification boundary. || 26_ENGINEERING_ALIGNMENT/W4-02A.6.30_ENGINEERING_ALIGNMENT_GUIDEBOOK_PLAYBOOK_v2.1.md:1220: - old standalone-document assumptions;,RETAIN_CORE_ONLY,YES,N/A,YES,NO,NO,PRESERVE_NO_DELTA_REQUIRED
M01-CI-006,M01,PRESERVE,CAM11-0034,14_FUNCTIONAL/W4-02A.6.18_FUNCTIONAL_SPECIFICATION_CURRENT_FUNCTIONAL_IMPLEMENTATION_CONTRACT_v2.1.md,d7e9a7b5c761d51495e77f73824f903ca057e602c204c79284a2ae70c522072e,# RUMAHAGEN — FUNCTIONAL SPECIFICATION,14_FUNCTIONAL/W4-02A.6.18_FUNCTIONAL_SPECIFICATION_CURRENT_FUNCTIONAL_IMPLEMENTATION_CONTRACT_v2.1.md:1: # RUMAHAGEN — FUNCTIONAL SPECIFICATION || 14_FUNCTIONAL/W4-02A.6.18_FUNCTIONAL_SPECIFICATION_CURRENT_FUNCTIONAL_IMPLEMENTATION_CONTRACT_v2.1.md:2: ## W4-02A.6.18 — Current Functional Implementation Contract || 14_FUNCTIONAL/W4-02A.6.18_FUNCTIONAL_SPECIFICATION_CURRENT_FUNCTIONAL_IMPLEMENTATION_CONTRACT_v2.1.md:4: **Version:** 2.1 — W4-02A.6.18 || 14_FUNCTIONAL/W4-02A.6.18_FUNCTIONAL_SPECIFICATION_CURRENT_FUNCTIONAL_IMPLEMENTATION_CONTRACT_v2.1.md:5: **Date:** 19 August 2026 || 14_FUNCTIONAL/W4-02A.6.18_FUNCTIONAL_SPECIFICATION_CURRENT_FUNCTIONAL_IMPLEMENTATION_CONTRACT_v2.1.md:6: **Status:** **CURRENT FUNCTIONAL IMPLEMENTATION CONTRACT — GREEN / FULLY CONSOLIDATED** || 14_FUNCTIONAL/W4-02A.6.18_FUNCTIONAL_SPECIFICATION_CURRENT_FUNCTIONAL_IMPLEMENTATION_CONTRACT_v2.1.md:7: **Predecessor:** `RUMAHAGEN_FUNCTIONAL_SPECIFICATION_v2.0_WAVE3_STEP3.9_FULL_CONSOLIDATED_SYNCHRONIZED.md`,WF03-03-01_M01_FULL_SEMANTIC_REBUILD_v1.1.md,Agent auto-activation,AUTHORITY.md:777: **Agent auto-activation after successful OTP: LOCKED** || AUTHORITY.md:497: ### OD-AUTH/M01 — Agent Auto Activation & Conditional KTP || AUTHORITY.md:226: # 6. OD-AUTH/M01 — Agent Auto Activation & Conditional KTP,14_FUNCTIONAL/W4-02A.6.18_FUNCTIONAL_SPECIFICATION_CURRENT_FUNCTIONAL_IMPLEMENTATION_CONTRACT_v2.1.md:2173: | Production provider activation | Production gate | No | || 14_FUNCTIONAL/W4-02A.6.18_FUNCTIONAL_SPECIFICATION_CURRENT_FUNCTIONAL_IMPLEMENTATION_CONTRACT_v2.1.md:486: - Agent self-review is auto-approved; || 14_FUNCTIONAL/W4-02A.6.18_FUNCTIONAL_SPECIFICATION_CURRENT_FUNCTIONAL_IMPLEMENTATION_CONTRACT_v2.1.md:201: - production activation;,RETAIN_CORE_ONLY,YES,N/A,YES,NO,NO,PRESERVE_NO_DELTA_REQUIRED
M01-CI-007,M01,AUGMENT,CAM11-0066,26_ENGINEERING_ALIGNMENT/W4-02A.6.30_ENGINEERING_ALIGNMENT_GUIDEBOOK_PLAYBOOK_v2.1.md,239e06d97698eb97c4e362b1b9ecf25f064fbe8e665e2f9e328d00e6d339a090,# RUMAHAGEN — W4-02A.6.30,26_ENGINEERING_ALIGNMENT/W4-02A.6.30_ENGINEERING_ALIGNMENT_GUIDEBOOK_PLAYBOOK_v2.1.md:1: # RUMAHAGEN — W4-02A.6.30 || 26_ENGINEERING_ALIGNMENT/W4-02A.6.30_ENGINEERING_ALIGNMENT_GUIDEBOOK_PLAYBOOK_v2.1.md:2: # ENGINEERING ALIGNMENT / GUIDEBOOK / PLAYBOOK || 26_ENGINEERING_ALIGNMENT/W4-02A.6.30_ENGINEERING_ALIGNMENT_GUIDEBOOK_PLAYBOOK_v2.1.md:4: **Version:** 2.1 || 26_ENGINEERING_ALIGNMENT/W4-02A.6.30_ENGINEERING_ALIGNMENT_GUIDEBOOK_PLAYBOOK_v2.1.md:5: **Date:** 19 August 2026 || 26_ENGINEERING_ALIGNMENT/W4-02A.6.30_ENGINEERING_ALIGNMENT_GUIDEBOOK_PLAYBOOK_v2.1.md:6: **Status:** CURRENT / GREEN — ENGINEERING ALIGNMENT BASELINE || 26_ENGINEERING_ALIGNMENT/W4-02A.6.30_ENGINEERING_ALIGNMENT_GUIDEBOOK_PLAYBOOK_v2.1.md:7: **Scope:** Engineering execution guidance for M01–M15,WF03-03-01_M01_FULL_SEMANTIC_REBUILD_v1.1.md,Conditional KTP eligibility,AUTHORITY.md:801: 5. Conditional KTP eligibility model. || AUTHORITY.md:779: **Conditional KTP eligibility: LOCKED** || AUTHORITY.md:35: - Agent activation and conditional KTP eligibility;,26_ENGINEERING_ALIGNMENT/W4-02A.6.30_ENGINEERING_ALIGNMENT_GUIDEBOOK_PLAYBOOK_v2.1.md:986: Only HARD dependencies block unconditionally; CONDITIONAL dependencies block only when activated; OBSERVATIONAL and PROJECTION dependencies do not block upstream domain implementation. fileciteturn39file13 || 26_ENGINEERING_ALIGNMENT/W4-02A.6.30_ENGINEERING_ALIGNMENT_GUIDEBOOK_PLAYBOOK_v2.1.md:976: CONDITIONAL || 26_ENGINEERING_ALIGNMENT/W4-02A.6.30_ENGINEERING_ALIGNMENT_GUIDEBOOK_PLAYBOOK_v2.1.md:170: 4. Load CONDITIONAL dependencies only when activated,ADD_MXX_VALID_DETAIL_RETAIN_CORE,YES,YES,YES,NO,NO,BOTH_TEXTUAL_CORROBORATION
M01-CI-008,M01,PRESERVE,CAM11-0040,20_MODULE_PLANNING/W4-02A.6.24_REVISED_MODULE_PLANNING_CURRENT_MODULE_DELIVERY_PLANNING_v2.1.md,7373552ff7f43e2822f7819b2101ec0df7bc1acee60e8b92dc866f330203d7be,# RUMAHAGEN — REVISED MODULE PLANNING,20_MODULE_PLANNING/W4-02A.6.24_REVISED_MODULE_PLANNING_CURRENT_MODULE_DELIVERY_PLANNING_v2.1.md:1: # RUMAHAGEN — REVISED MODULE PLANNING || 20_MODULE_PLANNING/W4-02A.6.24_REVISED_MODULE_PLANNING_CURRENT_MODULE_DELIVERY_PLANNING_v2.1.md:2: ## W4-02A.6.24 — Current Module Delivery Planning || 20_MODULE_PLANNING/W4-02A.6.24_REVISED_MODULE_PLANNING_CURRENT_MODULE_DELIVERY_PLANNING_v2.1.md:4: **Version:** 2.1 — W4-02A.6.24 || 20_MODULE_PLANNING/W4-02A.6.24_REVISED_MODULE_PLANNING_CURRENT_MODULE_DELIVERY_PLANNING_v2.1.md:5: **Date:** 19 August 2026 || 20_MODULE_PLANNING/W4-02A.6.24_REVISED_MODULE_PLANNING_CURRENT_MODULE_DELIVERY_PLANNING_v2.1.md:6: **Status:** **CURRENT MODULE DELIVERY-PLANNING BASELINE — GREEN / FULLY CONSOLIDATED** || 20_MODULE_PLANNING/W4-02A.6.24_REVISED_MODULE_PLANNING_CURRENT_MODULE_DELIVERY_PLANNING_v2.1.md:7: **Predecessor:** `RUMAHAGEN_REVISED_MODULE_PLANNING_v2.0_WAVE3_STEP3.14_FULL_CONSOLIDATED_SYNCHRONIZED.md`,WF03-03-01_M01_FULL_SEMANTIC_REBUILD_v1.1.md,KTP DEFERRED / ISI NANTI,"AUTHORITY.md:819: > **“ISI NANTI” is a valid semantic option in the Conditional KTP flow. Selecting it sets KTP to DEFERRED / NOT_PROVIDED, keeps the Agent account ACTIVE, and redirects the Agent to HOME. Deferred KTP does not create PENDING_REVIEW, does not create an account-activation approval gate, and does not constitute KTP completion. KTP remains a capability-specific eligibility/requirement condition. Physical proof and runtime proof are not prerequisites for this semantic decision.** || AUTHORITY.md:507: > If `ISI NANTI` is selected → KTP = DEFERRED / NOT_PROVIDED → Account remains ACTIVE → Redirect HOME. || AUTHORITY.md:342: | KTP state after `ISI NANTI` | **DEFERRED / NOT_PROVIDED** |",20_MODULE_PLANNING/W4-02A.6.24_REVISED_MODULE_PLANNING_CURRENT_MODULE_DELIVERY_PLANNING_v2.1.md:2665: **Resolution:** deferred to W4-03.,RETAIN_CORE_ONLY,YES,N/A,YES,NO,NO,PRESERVE_NO_DELTA_REQUIRED
M01-CI-009,M01,RECONCILE,CAM11-0039,19_IMPLEMENTATION_STRATEGY/W4-02A.6.23_MODULE_IMPLEMENTATION_STRATEGY_INTEGRATED_IMPLEMENTATION_SEQUENCING_v2.1.md,051aa36f9444153d1d56df6d960bd80d91922f3c1f84c02d636dc111dd20d47f,# RUMAHAGEN — MODULE IMPLEMENTATION STRATEGY,19_IMPLEMENTATION_STRATEGY/W4-02A.6.23_MODULE_IMPLEMENTATION_STRATEGY_INTEGRATED_IMPLEMENTATION_SEQUENCING_v2.1.md:1: # RUMAHAGEN — MODULE IMPLEMENTATION STRATEGY || 19_IMPLEMENTATION_STRATEGY/W4-02A.6.23_MODULE_IMPLEMENTATION_STRATEGY_INTEGRATED_IMPLEMENTATION_SEQUENCING_v2.1.md:2: ## W4-02A.6.23 — Integrated Implementation Sequencing || 19_IMPLEMENTATION_STRATEGY/W4-02A.6.23_MODULE_IMPLEMENTATION_STRATEGY_INTEGRATED_IMPLEMENTATION_SEQUENCING_v2.1.md:4: **Version:** 2.1 — W4-02A.6.23 || 19_IMPLEMENTATION_STRATEGY/W4-02A.6.23_MODULE_IMPLEMENTATION_STRATEGY_INTEGRATED_IMPLEMENTATION_SEQUENCING_v2.1.md:5: **Date:** 19 August 2026 || 19_IMPLEMENTATION_STRATEGY/W4-02A.6.23_MODULE_IMPLEMENTATION_STRATEGY_INTEGRATED_IMPLEMENTATION_SEQUENCING_v2.1.md:6: **Status:** **CURRENT IMPLEMENTATION-STRATEGY BASELINE — GREEN / FULLY CONSOLIDATED** || 19_IMPLEMENTATION_STRATEGY/W4-02A.6.23_MODULE_IMPLEMENTATION_STRATEGY_INTEGRATED_IMPLEMENTATION_SEQUENCING_v2.1.md:7: **Predecessor:** `RUMAHAGEN_MODULE_IMPLEMENTATION_STRATEGY_v2.0_WAVE3_STEP3.13_FULL_CONSOLIDATED_SYNCHRONIZED.md`,WF03-03-01_M01_FULL_SEMANTIC_REBUILD_v1.1.md,PENDING_REVIEW is not an account-activation gate; OTP VERIFIED → ACCOUNT ACTIVE; KTP optional; ISI NANTI → KTP DEFERRED/NOT_PROVIDED while account remains ACTIVE.,"AUTHORITY.md:819: > **“ISI NANTI” is a valid semantic option in the Conditional KTP flow. Selecting it sets KTP to DEFERRED / NOT_PROVIDED, keeps the Agent account ACTIVE, and redirects the Agent to HOME. Deferred KTP does not create PENDING_REVIEW, does not create an account-activation approval gate, and does not constitute KTP completion. KTP remains a capability-specific eligibility/requirement condition. Physical proof and runtime proof are not prerequisites for this semantic decision.** || AUTHORITY.md:507: > If `ISI NANTI` is selected → KTP = DEFERRED / NOT_PROVIDED → Account remains ACTIVE → Redirect HOME. || AUTHORITY.md:454: > **Missing/deferred KTP does not create an account-activation approval gate.**",19_IMPLEMENTATION_STRATEGY/W4-02A.6.23_MODULE_IMPLEMENTATION_STRATEGY_INTEGRATED_IMPLEMENTATION_SEQUENCING_v2.1.md:2892: A package is not considered runtime verified merely because its strategy gate is GREEN. || 19_IMPLEMENTATION_STRATEGY/W4-02A.6.23_MODULE_IMPLEMENTATION_STRATEGY_INTEGRATED_IMPLEMENTATION_SEQUENCING_v2.1.md:367: | **R4 — VERIFIED** | Required evidence has passed the applicable verification gate | || 19_IMPLEMENTATION_STRATEGY/W4-02A.6.23_MODULE_IMPLEMENTATION_STRATEGY_INTEGRATED_IMPLEMENTATION_SEQUENCING_v2.1.md:3192: Gate conditions:,APPLY_APPROVED_CONFLICT_UPDATE_ONLY,YES,YES,YES,NO,NO,BOTH_TEXTUAL_CORROBORATION
M01-CI-010,M01,PRESERVE,CAM11-0066,26_ENGINEERING_ALIGNMENT/W4-02A.6.30_ENGINEERING_ALIGNMENT_GUIDEBOOK_PLAYBOOK_v2.1.md,239e06d97698eb97c4e362b1b9ecf25f064fbe8e665e2f9e328d00e6d339a090,# RUMAHAGEN — W4-02A.6.30,26_ENGINEERING_ALIGNMENT/W4-02A.6.30_ENGINEERING_ALIGNMENT_GUIDEBOOK_PLAYBOOK_v2.1.md:1: # RUMAHAGEN — W4-02A.6.30 || 26_ENGINEERING_ALIGNMENT/W4-02A.6.30_ENGINEERING_ALIGNMENT_GUIDEBOOK_PLAYBOOK_v2.1.md:2: # ENGINEERING ALIGNMENT / GUIDEBOOK / PLAYBOOK || 26_ENGINEERING_ALIGNMENT/W4-02A.6.30_ENGINEERING_ALIGNMENT_GUIDEBOOK_PLAYBOOK_v2.1.md:4: **Version:** 2.1 || 26_ENGINEERING_ALIGNMENT/W4-02A.6.30_ENGINEERING_ALIGNMENT_GUIDEBOOK_PLAYBOOK_v2.1.md:5: **Date:** 19 August 2026 || 26_ENGINEERING_ALIGNMENT/W4-02A.6.30_ENGINEERING_ALIGNMENT_GUIDEBOOK_PLAYBOOK_v2.1.md:6: **Status:** CURRENT / GREEN — ENGINEERING ALIGNMENT BASELINE || 26_ENGINEERING_ALIGNMENT/W4-02A.6.30_ENGINEERING_ALIGNMENT_GUIDEBOOK_PLAYBOOK_v2.1.md:7: **Scope:** Engineering execution guidance for M01–M15,WF03-03-01_M01_FULL_SEMANTIC_REBUILD_v1.1.md,Identity → authorization M10,AUTHORITY.md:558: > **M01 identity → M10 authorization** || AUTHORITY.md:38: M01 does **not** own ordinary domain authorization/RBAC/RLS. The uploaded cross-module evidence states that M10 consumes M01 identity and owns authorization/RLS. || AUTHORITY.md:806: 10. M10 remains authorization/RLS authority.,26_ENGINEERING_ALIGNMENT/W4-02A.6.30_ENGINEERING_ALIGNMENT_GUIDEBOOK_PLAYBOOK_v2.1.md:404: M10 owns authorization. M01 provides identity. M12 provides Organization context. These boundaries must not collapse. The 6.29 audit confirms no identity/authorization or Organization/RBAC inversion. fileciteturn38file9 || 26_ENGINEERING_ALIGNMENT/W4-02A.6.30_ENGINEERING_ALIGNMENT_GUIDEBOOK_PLAYBOOK_v2.1.md:1123: | M10 | RBAC/RLS | server-side authorization | || 26_ENGINEERING_ALIGNMENT/W4-02A.6.30_ENGINEERING_ALIGNMENT_GUIDEBOOK_PLAYBOOK_v2.1.md:1114: | M01 | Identity | authentication ≠ authorization |,RETAIN_CORE_ONLY,YES,N/A,YES,NO,NO,PRESERVE_NO_DELTA_REQUIRED
M01-CI-011,M01,PRESERVE,CAM11-0066,26_ENGINEERING_ALIGNMENT/W4-02A.6.30_ENGINEERING_ALIGNMENT_GUIDEBOOK_PLAYBOOK_v2.1.md,239e06d97698eb97c4e362b1b9ecf25f064fbe8e665e2f9e328d00e6d339a090,# RUMAHAGEN — W4-02A.6.30,26_ENGINEERING_ALIGNMENT/W4-02A.6.30_ENGINEERING_ALIGNMENT_GUIDEBOOK_PLAYBOOK_v2.1.md:1: # RUMAHAGEN — W4-02A.6.30 || 26_ENGINEERING_ALIGNMENT/W4-02A.6.30_ENGINEERING_ALIGNMENT_GUIDEBOOK_PLAYBOOK_v2.1.md:2: # ENGINEERING ALIGNMENT / GUIDEBOOK / PLAYBOOK || 26_ENGINEERING_ALIGNMENT/W4-02A.6.30_ENGINEERING_ALIGNMENT_GUIDEBOOK_PLAYBOOK_v2.1.md:4: **Version:** 2.1 || 26_ENGINEERING_ALIGNMENT/W4-02A.6.30_ENGINEERING_ALIGNMENT_GUIDEBOOK_PLAYBOOK_v2.1.md:5: **Date:** 19 August 2026 || 26_ENGINEERING_ALIGNMENT/W4-02A.6.30_ENGINEERING_ALIGNMENT_GUIDEBOOK_PLAYBOOK_v2.1.md:6: **Status:** CURRENT / GREEN — ENGINEERING ALIGNMENT BASELINE || 26_ENGINEERING_ALIGNMENT/W4-02A.6.30_ENGINEERING_ALIGNMENT_GUIDEBOOK_PLAYBOOK_v2.1.md:7: **Scope:** Engineering execution guidance for M01–M15,WF03-03-01_M01_FULL_SEMANTIC_REBUILD_v1.1.md,Identity dependencies M02/M03/M06,AUTHORITY.md:760: - [x] Reconcile M01 ↔ M02/M03/M06 || AUTHORITY.md:594: ### M01 ↔ M02 ↔ M03 ↔ M06 || AUTHORITY.md:592: **Rule:** Agent remains the relevant identity/owner reference when M03 establishes Listing ownership.,26_ENGINEERING_ALIGNMENT/W4-02A.6.30_ENGINEERING_ALIGNMENT_GUIDEBOOK_PLAYBOOK_v2.1.md:992: B2 → M12 + M02 + M06 + M07 || 26_ENGINEERING_ALIGNMENT/W4-02A.6.30_ENGINEERING_ALIGNMENT_GUIDEBOOK_PLAYBOOK_v2.1.md:1119: | M06 | Developer/Project | ownership/claim boundaries | || 26_ENGINEERING_ALIGNMENT/W4-02A.6.30_ENGINEERING_ALIGNMENT_GUIDEBOOK_PLAYBOOK_v2.1.md:1116: | M03 | Listing | lifecycle + quota consumption |,RETAIN_CORE_ONLY,YES,N/A,YES,NO,NO,PRESERVE_NO_DELTA_REQUIRED
M01-CI-012,M01,PRESERVE,CAM11-0045,23_M01_M07/W4-02A.6.27_FOCUSED_EXECUTION_PACK_M01-M07_v2.1_EXTRACTED/RUMAHAGEN_W4-02A.6.27_FOCUSED_EXECUTION_PACK_M01-M07_v2.1/M01_PHYSICAL_EXECUTION_SPEC_v2.1.md,db988febf9ef1ed6f6746177260d8fab50b5fbb93827afb708de163dd484a3ff,# RUMAHAGEN — M01 PHYSICAL EXECUTION SPECIFICATION,23_M01_M07/W4-02A.6.27_FOCUSED_EXECUTION_PACK_M01-M07_v2.1_EXTRACTED/RUMAHAGEN_W4-02A.6.27_FOCUSED_EXECUTION_PACK_M01-M07_v2.1/M01_PHYSICAL_EXECUTION_SPEC_v2.1.md:1: # RUMAHAGEN — M01 PHYSICAL EXECUTION SPECIFICATION || 23_M01_M07/W4-02A.6.27_FOCUSED_EXECUTION_PACK_M01-M07_v2.1_EXTRACTED/RUMAHAGEN_W4-02A.6.27_FOCUSED_EXECUTION_PACK_M01-M07_v2.1/M01_PHYSICAL_EXECUTION_SPEC_v2.1.md:2: ## W4-02A.6.27 — Current Focused Execution Contract || 23_M01_M07/W4-02A.6.27_FOCUSED_EXECUTION_PACK_M01-M07_v2.1_EXTRACTED/RUMAHAGEN_W4-02A.6.27_FOCUSED_EXECUTION_PACK_M01-M07_v2.1/M01_PHYSICAL_EXECUTION_SPEC_v2.1.md:4: **Version:** 2.1 || 23_M01_M07/W4-02A.6.27_FOCUSED_EXECUTION_PACK_M01-M07_v2.1_EXTRACTED/RUMAHAGEN_W4-02A.6.27_FOCUSED_EXECUTION_PACK_M01-M07_v2.1/M01_PHYSICAL_EXECUTION_SPEC_v2.1.md:5: **Module:** M01 — Identity / Authentication || 23_M01_M07/W4-02A.6.27_FOCUSED_EXECUTION_PACK_M01-M07_v2.1_EXTRACTED/RUMAHAGEN_W4-02A.6.27_FOCUSED_EXECUTION_PACK_M01-M07_v2.1/M01_PHYSICAL_EXECUTION_SPEC_v2.1.md:6: **Assigned batch:** B1 || 23_M01_M07/W4-02A.6.27_FOCUSED_EXECUTION_PACK_M01-M07_v2.1_EXTRACTED/RUMAHAGEN_W4-02A.6.27_FOCUSED_EXECUTION_PACK_M01-M07_v2.1/M01_PHYSICAL_EXECUTION_SPEC_v2.1.md:7: **Status:** CURRENT / EXECUTION-SPEC READY,WF03-03-01_M01_FULL_SEMANTIC_REBUILD_v1.1.md,Physical/runtime separation,AUTHORITY.md:729: - [x] Preserve physical/runtime separation || AUTHORITY.md:671: # 12. Physical / Runtime Separation || AUTHORITY.md:418: ## 7.7 Lifecycle separation,,RETAIN_CORE_ONLY,YES,N/A,YES,NO,NO,PRESERVE_NO_DELTA_REQUIRED
M01-CI-013,M01,CONTROLLED,CAM11-0011,04_ARCHITECTURE/W4-02A.6.5_SYSTEM_ARCHITECTURE_FULL_CONSOLIDATED_v1.8.docx,c1aa07968bb5bdfc9f9600dc48da804f65574f49da672282237ec90c4cc94884,"# developer-projects, calculator (dbr), notifications, rbac, seo","04_ARCHITECTURE/W4-02A.6.5_SYSTEM_ARCHITECTURE_FULL_CONSOLIDATED_v1.8.docx:591: # developer-projects, calculator (dbr), notifications, rbac, seo || 04_ARCHITECTURE/W4-02A.6.5_SYSTEM_ARCHITECTURE_FULL_CONSOLIDATED_v1.8.docx:592: /api/cron/                # Vercel Cron Jobs & Postgres Database Webhook target (ADR-006, Approved) || 04_ARCHITECTURE/W4-02A.6.5_SYSTEM_ARCHITECTURE_FULL_CONSOLIDATED_v1.8.docx:593: /{job}/route.ts          # reminder-scan, sitemap-regenerate, dst. — dilindungi CRON_SECRET || 04_ARCHITECTURE/W4-02A.6.5_SYSTEM_ARCHITECTURE_FULL_CONSOLIDATED_v1.8.docx:594: /components || 04_ARCHITECTURE/W4-02A.6.5_SYSTEM_ARCHITECTURE_FULL_CONSOLIDATED_v1.8.docx:595: /ui/                     # komponen dasar reusable — tanpa business logic (shadcn/ui) || 04_ARCHITECTURE/W4-02A.6.5_SYSTEM_ARCHITECTURE_FULL_CONSOLIDATED_v1.8.docx:596: /features/{module}/      # komponen spesifik per modul",WF03-03-01_M01_FULL_SEMANTIC_REBUILD_v1.1.md,M01 physical/runtime status,AUTHORITY.md:73: Those rows are superseded for semantic status by the later locked M01 decision records and reconciled master. They must not remain the active M01 state merely because they remain physically present in the historical source corpus. || AUTHORITY.md:827: **END OF WF03-03-01 M01 REVISION R01** || AUTHORITY.md:821: **M01 R01 = COMPLETE / SEMANTICALLY LOCKED**,"04_ARCHITECTURE/W4-02A.6.5_SYSTEM_ARCHITECTURE_FULL_CONSOLIDATED_v1.8.docx:1219: STEP STATUS = COMPLETE / GREEN || 04_ARCHITECTURE/W4-02A.6.5_SYSTEM_ARCHITECTURE_FULL_CONSOLIDATED_v1.8.docx:1188: **Status:** Synchronized semantic architecture layer; physical schema/API implementation remains downstream. || 04_ARCHITECTURE/W4-02A.6.5_SYSTEM_ARCHITECTURE_FULL_CONSOLIDATED_v1.8.docx:1183: *Dokumen ini disusun sebagai referensi arsitektur teknis utama, turunan dari `PROJECT-CONSTITUTION.md`, `architecture-decision-records.md` (ADR), `technology-decisions.md` v1.6, dan seluruh dokumen sumber v1.1 (26 Juli – 3 Agustus 2026). Mengikat seluruh proses development — AI Coding Assistant maupun developer manusia — selama lifecycle proyek berlangsung. Versi 1.1–1.5 (27–31 Juli 2026) mengintegrasikan resolusi ADR-001, ADR-005, ADR-006, ADR-008, dan ADR-018 secara berurutan — lihat riwayat detail di revisi masing-masing. **Versi 1.6 (3 Agustus 2026)** mengintegrasikan resolusi **ADR-026 (Organization Model Strategy, Approved With Notes)**, **ADR-027 (Organization-Scoped Authorization Strategy, Approved)**, dan **ADR-028 (Third-Party AI Assistant Integration Strategy/BYOK, Approved With Notes)** — hasil sesi Architecture Review Board berdasarkan `Architecture-Evolution-Proposal-Organization-Management-System-v0.9.md` — memperbarui Module Architecture (Bagian 5, Modul 5.12 & 5.13 baru + tabel dependency), Database Architecture (Bagian 7, 5 tabel baru), Authentication & Authorization Architecture (Bagian 8, lapisan Organization-scoped baru), Notification Architecture (Bagian 13), Security Architecture (Bagian 14), dan ADR Cross-Reference Matrix (Bagian 24). Status ADR-023 (Multi-Tenancy Strategy) turut direvisi. **Berbeda dari revisi 1.1–1.5, siklus ini tidak menyentuh Bagian 4 (Technology Stack)** — Organization dan AI Assistant tidak menambah baris teknologi inti baru. Jika terjadi ketidaksesuaian dengan `PROJECT-CONSTITUTION.md`, Constitution yang berlaku. Revisi dokumen ini wajib dilakukan setiap kali status ADR di `architecture-decision-records.md` berubah, atau setiap kali keputusan pada Bagian 23 (Open Questions & Assumptions) diselesaikan. **Dengan ADR-026/027/028 ini, seluruh 28 dari 28 ADR arsitektur/teknis proyek kini berstatus Approved/Approved With Notes — tidak ada lagi ADR yang OPEN di seluruh proyek.***",ADD_MXX_VALID_DETAIL_RETAIN_CORE,YES,N/A,YES,NO,NO,BOTH_TEXTUAL_CORROBORATION
M01-CI-014,M01,NO-PROPAGATION,CAM11-0011,04_ARCHITECTURE/W4-02A.6.5_SYSTEM_ARCHITECTURE_FULL_CONSOLIDATED_v1.8.docx,c1aa07968bb5bdfc9f9600dc48da804f65574f49da672282237ec90c4cc94884,"# developer-projects, calculator (dbr), notifications, rbac, seo","04_ARCHITECTURE/W4-02A.6.5_SYSTEM_ARCHITECTURE_FULL_CONSOLIDATED_v1.8.docx:591: # developer-projects, calculator (dbr), notifications, rbac, seo || 04_ARCHITECTURE/W4-02A.6.5_SYSTEM_ARCHITECTURE_FULL_CONSOLIDATED_v1.8.docx:592: /api/cron/                # Vercel Cron Jobs & Postgres Database Webhook target (ADR-006, Approved) || 04_ARCHITECTURE/W4-02A.6.5_SYSTEM_ARCHITECTURE_FULL_CONSOLIDATED_v1.8.docx:593: /{job}/route.ts          # reminder-scan, sitemap-regenerate, dst. — dilindungi CRON_SECRET || 04_ARCHITECTURE/W4-02A.6.5_SYSTEM_ARCHITECTURE_FULL_CONSOLIDATED_v1.8.docx:594: /components || 04_ARCHITECTURE/W4-02A.6.5_SYSTEM_ARCHITECTURE_FULL_CONSOLIDATED_v1.8.docx:595: /ui/                     # komponen dasar reusable — tanpa business logic (shadcn/ui) || 04_ARCHITECTURE/W4-02A.6.5_SYSTEM_ARCHITECTURE_FULL_CONSOLIDATED_v1.8.docx:596: /features/{module}/      # komponen spesifik per modul",WF03-03-01_M01_FULL_SEMANTIC_REBUILD_v1.1.md,M01 public profile authority,"AUTHORITY.md:166: - Public profile visibility belongs to M02 and must not be inferred from this M01 row. || AUTHORITY.md:40: Public profile visibility belongs to M02, not M01. || AUTHORITY.md:807: 11. Public profile visibility remains M02-owned.","04_ARCHITECTURE/W4-02A.6.5_SYSTEM_ARCHITECTURE_FULL_CONSOLIDATED_v1.8.docx:585: /(public)/               # SSR/SSG/ISR — homepage, search, listing detail, agent profile || 04_ARCHITECTURE/W4-02A.6.5_SYSTEM_ARCHITECTURE_FULL_CONSOLIDATED_v1.8.docx:855: Next.js App Router dengan route groups: `(public)`, `(auth)`, `(dashboard)`, `(admin)` — masing-masing punya `layout.tsx` sendiri untuk mengatur meta robots dan proteksi akses. || 04_ARCHITECTURE/W4-02A.6.5_SYSTEM_ARCHITECTURE_FULL_CONSOLIDATED_v1.8.docx:850: **Server state** (data dari Route Handlers): **TanStack Query**, khusus untuk route group `(dashboard)`/`(admin)` (CSR). Halaman `(public)` **tidak** memakai TanStack Query — mengandalkan Server Component fetch langsung.",ADD_MXX_VALID_DETAIL_RETAIN_CORE,YES,N/A,YES,NO,NO,BOTH_TEXTUAL_CORROBORATION
M02-CI-001,M02,PRESERVE,CAM11-0040,20_MODULE_PLANNING/W4-02A.6.24_REVISED_MODULE_PLANNING_CURRENT_MODULE_DELIVERY_PLANNING_v2.1.md,7373552ff7f43e2822f7819b2101ec0df7bc1acee60e8b92dc866f330203d7be,# RUMAHAGEN — REVISED MODULE PLANNING,20_MODULE_PLANNING/W4-02A.6.24_REVISED_MODULE_PLANNING_CURRENT_MODULE_DELIVERY_PLANNING_v2.1.md:1: # RUMAHAGEN — REVISED MODULE PLANNING || 20_MODULE_PLANNING/W4-02A.6.24_REVISED_MODULE_PLANNING_CURRENT_MODULE_DELIVERY_PLANNING_v2.1.md:2: ## W4-02A.6.24 — Current Module Delivery Planning || 20_MODULE_PLANNING/W4-02A.6.24_REVISED_MODULE_PLANNING_CURRENT_MODULE_DELIVERY_PLANNING_v2.1.md:4: **Version:** 2.1 — W4-02A.6.24 || 20_MODULE_PLANNING/W4-02A.6.24_REVISED_MODULE_PLANNING_CURRENT_MODULE_DELIVERY_PLANNING_v2.1.md:5: **Date:** 19 August 2026 || 20_MODULE_PLANNING/W4-02A.6.24_REVISED_MODULE_PLANNING_CURRENT_MODULE_DELIVERY_PLANNING_v2.1.md:6: **Status:** **CURRENT MODULE DELIVERY-PLANNING BASELINE — GREEN / FULLY CONSOLIDATED** || 20_MODULE_PLANNING/W4-02A.6.24_REVISED_MODULE_PLANNING_CURRENT_MODULE_DELIVERY_PLANNING_v2.1.md:7: **Predecessor:** `RUMAHAGEN_REVISED_MODULE_PLANNING_v2.0_WAVE3_STEP3.14_FULL_CONSOLIDATED_SYNCHRONIZED.md`,WF03-03-02_M02_FULL_SEMANTIC_REBUILD_v1.1.md,Agent Profile — View,AUTHORITY.md:719: 1. Agent Profile View || AUTHORITY.md:455: | M02 | Agent Profile | View | BYPASS | ALL | ALL | OWN | OWN | OWN | OWN | LOCKED | || AUTHORITY.md:131: The Agent Profile View capability is distinct from the visibility state of a particular profile.,"20_MODULE_PLANNING/W4-02A.6.24_REVISED_MODULE_PLANNING_CURRENT_MODULE_DELIVERY_PLANNING_v2.1.md:2927: This graph is a planning view, not a runtime topology. || 20_MODULE_PLANNING/W4-02A.6.24_REVISED_MODULE_PLANNING_CURRENT_MODULE_DELIVERY_PLANNING_v2.1.md:1808: - lead/view representation. || 20_MODULE_PLANNING/W4-02A.6.24_REVISED_MODULE_PLANNING_CURRENT_MODULE_DELIVERY_PLANNING_v2.1.md:1799: - public profile.",RETAIN_CORE_ONLY,YES,N/A,YES,NO,NO,PRESERVE_NO_DELTA_REQUIRED
M02-CI-002,M02,PRESERVE,CAM11-0034,14_FUNCTIONAL/W4-02A.6.18_FUNCTIONAL_SPECIFICATION_CURRENT_FUNCTIONAL_IMPLEMENTATION_CONTRACT_v2.1.md,d7e9a7b5c761d51495e77f73824f903ca057e602c204c79284a2ae70c522072e,# RUMAHAGEN — FUNCTIONAL SPECIFICATION,14_FUNCTIONAL/W4-02A.6.18_FUNCTIONAL_SPECIFICATION_CURRENT_FUNCTIONAL_IMPLEMENTATION_CONTRACT_v2.1.md:1: # RUMAHAGEN — FUNCTIONAL SPECIFICATION || 14_FUNCTIONAL/W4-02A.6.18_FUNCTIONAL_SPECIFICATION_CURRENT_FUNCTIONAL_IMPLEMENTATION_CONTRACT_v2.1.md:2: ## W4-02A.6.18 — Current Functional Implementation Contract || 14_FUNCTIONAL/W4-02A.6.18_FUNCTIONAL_SPECIFICATION_CURRENT_FUNCTIONAL_IMPLEMENTATION_CONTRACT_v2.1.md:4: **Version:** 2.1 — W4-02A.6.18 || 14_FUNCTIONAL/W4-02A.6.18_FUNCTIONAL_SPECIFICATION_CURRENT_FUNCTIONAL_IMPLEMENTATION_CONTRACT_v2.1.md:5: **Date:** 19 August 2026 || 14_FUNCTIONAL/W4-02A.6.18_FUNCTIONAL_SPECIFICATION_CURRENT_FUNCTIONAL_IMPLEMENTATION_CONTRACT_v2.1.md:6: **Status:** **CURRENT FUNCTIONAL IMPLEMENTATION CONTRACT — GREEN / FULLY CONSOLIDATED** || 14_FUNCTIONAL/W4-02A.6.18_FUNCTIONAL_SPECIFICATION_CURRENT_FUNCTIONAL_IMPLEMENTATION_CONTRACT_v2.1.md:7: **Predecessor:** `RUMAHAGEN_FUNCTIONAL_SPECIFICATION_v2.0_WAVE3_STEP3.9_FULL_CONSOLIDATED_SYNCHRONIZED.md`,WF03-03-02_M02_FULL_SEMANTIC_REBUILD_v1.1.md,Agent Profile — Update,AUTHORITY.md:807: - KTP inside Agent Profile → Private Profile → Verification; || AUTHORITY.md:802: - private profile content; || AUTHORITY.md:801: - public profile content;,14_FUNCTIONAL/W4-02A.6.18_FUNCTIONAL_SPECIFICATION_CURRENT_FUNCTIONAL_IMPLEMENTATION_CONTRACT_v2.1.md:1966: - [x] Public profile. || 14_FUNCTIONAL/W4-02A.6.18_FUNCTIONAL_SPECIFICATION_CURRENT_FUNCTIONAL_IMPLEMENTATION_CONTRACT_v2.1.md:1965: - [x] Profile. || 14_FUNCTIONAL/W4-02A.6.18_FUNCTIONAL_SPECIFICATION_CURRENT_FUNCTIONAL_IMPLEMENTATION_CONTRACT_v2.1.md:1913: | Agent profile | ✓ | Public/private boundary |,RETAIN_CORE_ONLY,YES,N/A,YES,NO,NO,PRESERVE_NO_DELTA_REQUIRED
M02-CI-003,M02,PRESERVE,CAM11-0066,26_ENGINEERING_ALIGNMENT/W4-02A.6.30_ENGINEERING_ALIGNMENT_GUIDEBOOK_PLAYBOOK_v2.1.md,239e06d97698eb97c4e362b1b9ecf25f064fbe8e665e2f9e328d00e6d339a090,# RUMAHAGEN — W4-02A.6.30,26_ENGINEERING_ALIGNMENT/W4-02A.6.30_ENGINEERING_ALIGNMENT_GUIDEBOOK_PLAYBOOK_v2.1.md:1: # RUMAHAGEN — W4-02A.6.30 || 26_ENGINEERING_ALIGNMENT/W4-02A.6.30_ENGINEERING_ALIGNMENT_GUIDEBOOK_PLAYBOOK_v2.1.md:2: # ENGINEERING ALIGNMENT / GUIDEBOOK / PLAYBOOK || 26_ENGINEERING_ALIGNMENT/W4-02A.6.30_ENGINEERING_ALIGNMENT_GUIDEBOOK_PLAYBOOK_v2.1.md:4: **Version:** 2.1 || 26_ENGINEERING_ALIGNMENT/W4-02A.6.30_ENGINEERING_ALIGNMENT_GUIDEBOOK_PLAYBOOK_v2.1.md:5: **Date:** 19 August 2026 || 26_ENGINEERING_ALIGNMENT/W4-02A.6.30_ENGINEERING_ALIGNMENT_GUIDEBOOK_PLAYBOOK_v2.1.md:6: **Status:** CURRENT / GREEN — ENGINEERING ALIGNMENT BASELINE || 26_ENGINEERING_ALIGNMENT/W4-02A.6.30_ENGINEERING_ALIGNMENT_GUIDEBOOK_PLAYBOOK_v2.1.md:7: **Scope:** Engineering execution guidance for M01–M15,WF03-03-02_M02_FULL_SEMANTIC_REBUILD_v1.1.md,Profile Visibility — PUBLIC/PRIVATE,AUTHORITY.md:779: | M02-R01-10 | KTP visibility | PRIVATE / NON-PUBLIC | LOCKED | || AUTHORITY.md:738: > **Superadmin is the only administrative override authority for another Agent's profile visibility/Public CTA.** || AUTHORITY.md:553: KTP and legal/verification documents remain outside public-profile visibility.,26_ENGINEERING_ALIGNMENT/W4-02A.6.30_ENGINEERING_ALIGNMENT_GUIDEBOOK_PLAYBOOK_v2.1.md:521: Public/private visibility must follow the source module's canonical visibility and authorization rules. || 26_ENGINEERING_ALIGNMENT/W4-02A.6.30_ENGINEERING_ALIGNMENT_GUIDEBOOK_PLAYBOOK_v2.1.md:1115: | M02 | Profile/Reviews | ownership + visibility | || 26_ENGINEERING_ALIGNMENT/W4-02A.6.30_ENGINEERING_ALIGNMENT_GUIDEBOOK_PLAYBOOK_v2.1.md:548: - Public listing discovery must respect SEO/visibility contracts.,RETAIN_CORE_ONLY,YES,N/A,YES,NO,NO,PRESERVE_NO_DELTA_REQUIRED
M02-CI-004,M02,PRESERVE,CAM11-0037,17_SEO_ANALYTICS/W4-02A.6.21_SEO_ANALYTICS_SPECIFICATION_DISCOVERY_MEASUREMENT_BASELINE_v2.1.md,be0af1e745ac3d19a65abb90beff833941b1d1fb5a4fd1233c681a84023e75de,# RUMAHAGEN --- SEO / ANALYTICS SPECIFICATION,17_SEO_ANALYTICS/W4-02A.6.21_SEO_ANALYTICS_SPECIFICATION_DISCOVERY_MEASUREMENT_BASELINE_v2.1.md:1: # RUMAHAGEN --- SEO / ANALYTICS SPECIFICATION || 17_SEO_ANALYTICS/W4-02A.6.21_SEO_ANALYTICS_SPECIFICATION_DISCOVERY_MEASUREMENT_BASELINE_v2.1.md:3: ## W4-02A.6.21 --- Discovery / Measurement Baseline || 17_SEO_ANALYTICS/W4-02A.6.21_SEO_ANALYTICS_SPECIFICATION_DISCOVERY_MEASUREMENT_BASELINE_v2.1.md:5: **Version:** 2.1 --- W4-02A.6.21\ || 17_SEO_ANALYTICS/W4-02A.6.21_SEO_ANALYTICS_SPECIFICATION_DISCOVERY_MEASUREMENT_BASELINE_v2.1.md:6: **Date:** 19 August 2026\ || 17_SEO_ANALYTICS/W4-02A.6.21_SEO_ANALYTICS_SPECIFICATION_DISCOVERY_MEASUREMENT_BASELINE_v2.1.md:7: **Status:** **CURRENT SEO / ANALYTICS DISCOVERY & MEASUREMENT BASELINE || 17_SEO_ANALYTICS/W4-02A.6.21_SEO_ANALYTICS_SPECIFICATION_DISCOVERY_MEASUREMENT_BASELINE_v2.1.md:8: --- GREEN / FULLY CONSOLIDATED**\,WF03-03-02_M02_FULL_SEMANTIC_REBUILD_v1.1.md,Public CTA — explicit opt-in,AUTHORITY.md:806: - public Contact CTA through explicit opt-in; || AUTHORITY.md:777: | M02-R01-08 | CTA | Public contact CTA requires explicit opt-in | LOCKED | || AUTHORITY.md:736: > **Public CTA requires explicit Agent opt-in.**,17_SEO_ANALYTICS/W4-02A.6.21_SEO_ANALYTICS_SPECIFICATION_DISCOVERY_MEASUREMENT_BASELINE_v2.1.md:1774: M03                     Public Listing + CTA    SEO + CTA/lead event || 17_SEO_ANALYTICS/W4-02A.6.21_SEO_ANALYTICS_SPECIFICATION_DISCOVERY_MEASUREMENT_BASELINE_v2.1.md:1562: -   public contact CTA; || 17_SEO_ANALYTICS/W4-02A.6.21_SEO_ANALYTICS_SPECIFICATION_DISCOVERY_MEASUREMENT_BASELINE_v2.1.md:1215: -   public contact CTA where enabled;,RETAIN_CORE_ONLY,YES,N/A,YES,NO,NO,PRESERVE_NO_DELTA_REQUIRED
M02-CI-005,M02,PRESERVE,CAM11-0066,26_ENGINEERING_ALIGNMENT/W4-02A.6.30_ENGINEERING_ALIGNMENT_GUIDEBOOK_PLAYBOOK_v2.1.md,239e06d97698eb97c4e362b1b9ecf25f064fbe8e665e2f9e328d00e6d339a090,# RUMAHAGEN — W4-02A.6.30,26_ENGINEERING_ALIGNMENT/W4-02A.6.30_ENGINEERING_ALIGNMENT_GUIDEBOOK_PLAYBOOK_v2.1.md:1: # RUMAHAGEN — W4-02A.6.30 || 26_ENGINEERING_ALIGNMENT/W4-02A.6.30_ENGINEERING_ALIGNMENT_GUIDEBOOK_PLAYBOOK_v2.1.md:2: # ENGINEERING ALIGNMENT / GUIDEBOOK / PLAYBOOK || 26_ENGINEERING_ALIGNMENT/W4-02A.6.30_ENGINEERING_ALIGNMENT_GUIDEBOOK_PLAYBOOK_v2.1.md:4: **Version:** 2.1 || 26_ENGINEERING_ALIGNMENT/W4-02A.6.30_ENGINEERING_ALIGNMENT_GUIDEBOOK_PLAYBOOK_v2.1.md:5: **Date:** 19 August 2026 || 26_ENGINEERING_ALIGNMENT/W4-02A.6.30_ENGINEERING_ALIGNMENT_GUIDEBOOK_PLAYBOOK_v2.1.md:6: **Status:** CURRENT / GREEN — ENGINEERING ALIGNMENT BASELINE || 26_ENGINEERING_ALIGNMENT/W4-02A.6.30_ENGINEERING_ALIGNMENT_GUIDEBOOK_PLAYBOOK_v2.1.md:7: **Scope:** Engineering execution guidance for M01–M15,WF03-03-02_M02_FULL_SEMANTIC_REBUILD_v1.1.md,Superadmin visibility/CTA override,AUTHORITY.md:738: > **Superadmin is the only administrative override authority for another Agent's profile visibility/Public CTA.** || AUTHORITY.md:723: 5. Superadmin administrative visibility/CTA override || AUTHORITY.md:457: | M02 | Profile Visibility / Public CTA Override | Override | BYPASS | NONE | NONE | NONE | NONE | NONE | NONE | LOCKED |,26_ENGINEERING_ALIGNMENT/W4-02A.6.30_ENGINEERING_ALIGNMENT_GUIDEBOOK_PLAYBOOK_v2.1.md:1115: | M02 | Profile/Reviews | ownership + visibility | || 26_ENGINEERING_ALIGNMENT/W4-02A.6.30_ENGINEERING_ALIGNMENT_GUIDEBOOK_PLAYBOOK_v2.1.md:548: - Public listing discovery must respect SEO/visibility contracts. || 26_ENGINEERING_ALIGNMENT/W4-02A.6.30_ENGINEERING_ALIGNMENT_GUIDEBOOK_PLAYBOOK_v2.1.md:539: - Public projection must respect visibility.,RETAIN_CORE_ONLY,YES,N/A,YES,NO,NO,PRESERVE_NO_DELTA_REQUIRED
M02-CI-006,M02,PRESERVE,CAM11-0034,14_FUNCTIONAL/W4-02A.6.18_FUNCTIONAL_SPECIFICATION_CURRENT_FUNCTIONAL_IMPLEMENTATION_CONTRACT_v2.1.md,d7e9a7b5c761d51495e77f73824f903ca057e602c204c79284a2ae70c522072e,# RUMAHAGEN — FUNCTIONAL SPECIFICATION,14_FUNCTIONAL/W4-02A.6.18_FUNCTIONAL_SPECIFICATION_CURRENT_FUNCTIONAL_IMPLEMENTATION_CONTRACT_v2.1.md:1: # RUMAHAGEN — FUNCTIONAL SPECIFICATION || 14_FUNCTIONAL/W4-02A.6.18_FUNCTIONAL_SPECIFICATION_CURRENT_FUNCTIONAL_IMPLEMENTATION_CONTRACT_v2.1.md:2: ## W4-02A.6.18 — Current Functional Implementation Contract || 14_FUNCTIONAL/W4-02A.6.18_FUNCTIONAL_SPECIFICATION_CURRENT_FUNCTIONAL_IMPLEMENTATION_CONTRACT_v2.1.md:4: **Version:** 2.1 — W4-02A.6.18 || 14_FUNCTIONAL/W4-02A.6.18_FUNCTIONAL_SPECIFICATION_CURRENT_FUNCTIONAL_IMPLEMENTATION_CONTRACT_v2.1.md:5: **Date:** 19 August 2026 || 14_FUNCTIONAL/W4-02A.6.18_FUNCTIONAL_SPECIFICATION_CURRENT_FUNCTIONAL_IMPLEMENTATION_CONTRACT_v2.1.md:6: **Status:** **CURRENT FUNCTIONAL IMPLEMENTATION CONTRACT — GREEN / FULLY CONSOLIDATED** || 14_FUNCTIONAL/W4-02A.6.18_FUNCTIONAL_SPECIFICATION_CURRENT_FUNCTIONAL_IMPLEMENTATION_CONTRACT_v2.1.md:7: **Predecessor:** `RUMAHAGEN_FUNCTIONAL_SPECIFICATION_v2.0_WAVE3_STEP3.9_FULL_CONSOLIDATED_SYNCHRONIZED.md`,WF03-03-02_M02_FULL_SEMANTIC_REBUILD_v1.1.md,Review Create — OWN,AUTHORITY.md:724: 6. Review Create || AUTHORITY.md:313: No authority for Agent to create another Agent's review is inferred. || AUTHORITY.md:279: # 10. Q-M02-REV-01 — REVIEW / CREATE,14_FUNCTIONAL/W4-02A.6.18_FUNCTIONAL_SPECIFICATION_CURRENT_FUNCTIONAL_IMPLEMENTATION_CONTRACT_v2.1.md:1974: - [x] Draft/review/publish lifecycle. || 14_FUNCTIONAL/W4-02A.6.18_FUNCTIONAL_SPECIFICATION_CURRENT_FUNCTIONAL_IMPLEMENTATION_CONTRACT_v2.1.md:1968: - [x] Review moderation. || 14_FUNCTIONAL/W4-02A.6.18_FUNCTIONAL_SPECIFICATION_CURRENT_FUNCTIONAL_IMPLEMENTATION_CONTRACT_v2.1.md:1958: - [x] Review.,RETAIN_CORE_ONLY,YES,N/A,YES,NO,NO,PRESERVE_NO_DELTA_REQUIRED
M02-CI-007,M02,PRESERVE,CAM11-0066,26_ENGINEERING_ALIGNMENT/W4-02A.6.30_ENGINEERING_ALIGNMENT_GUIDEBOOK_PLAYBOOK_v2.1.md,239e06d97698eb97c4e362b1b9ecf25f064fbe8e665e2f9e328d00e6d339a090,# RUMAHAGEN — W4-02A.6.30,26_ENGINEERING_ALIGNMENT/W4-02A.6.30_ENGINEERING_ALIGNMENT_GUIDEBOOK_PLAYBOOK_v2.1.md:1: # RUMAHAGEN — W4-02A.6.30 || 26_ENGINEERING_ALIGNMENT/W4-02A.6.30_ENGINEERING_ALIGNMENT_GUIDEBOOK_PLAYBOOK_v2.1.md:2: # ENGINEERING ALIGNMENT / GUIDEBOOK / PLAYBOOK || 26_ENGINEERING_ALIGNMENT/W4-02A.6.30_ENGINEERING_ALIGNMENT_GUIDEBOOK_PLAYBOOK_v2.1.md:4: **Version:** 2.1 || 26_ENGINEERING_ALIGNMENT/W4-02A.6.30_ENGINEERING_ALIGNMENT_GUIDEBOOK_PLAYBOOK_v2.1.md:5: **Date:** 19 August 2026 || 26_ENGINEERING_ALIGNMENT/W4-02A.6.30_ENGINEERING_ALIGNMENT_GUIDEBOOK_PLAYBOOK_v2.1.md:6: **Status:** CURRENT / GREEN — ENGINEERING ALIGNMENT BASELINE || 26_ENGINEERING_ALIGNMENT/W4-02A.6.30_ENGINEERING_ALIGNMENT_GUIDEBOOK_PLAYBOOK_v2.1.md:7: **Scope:** Engineering execution guidance for M01–M15,WF03-03-02_M02_FULL_SEMANTIC_REBUILD_v1.1.md,Review View,AUTHORITY.md:725: 7. Review View || AUTHORITY.md:341: `Review.View` does not automatically expose: || AUTHORITY.md:321: > **Siapa yang boleh View Review?**,26_ENGINEERING_ALIGNMENT/W4-02A.6.30_ENGINEERING_ALIGNMENT_GUIDEBOOK_PLAYBOOK_v2.1.md:1045: # 21. ENGINEERING REVIEW CHECKLIST || 26_ENGINEERING_ALIGNMENT/W4-02A.6.30_ENGINEERING_ALIGNMENT_GUIDEBOOK_PLAYBOOK_v2.1.md:966: Self-review passing is not testing passing. Testing passing is not runtime verification. Runtime verification is not production authorization. || 26_ENGINEERING_ALIGNMENT/W4-02A.6.30_ENGINEERING_ALIGNMENT_GUIDEBOOK_PLAYBOOK_v2.1.md:768: Testing is a separate gate from self-review.,RETAIN_CORE_ONLY,YES,N/A,YES,NO,NO,PRESERVE_NO_DELTA_REQUIRED
M02-CI-008,M02,RECONCILE,CAM11-0066,26_ENGINEERING_ALIGNMENT/W4-02A.6.30_ENGINEERING_ALIGNMENT_GUIDEBOOK_PLAYBOOK_v2.1.md,239e06d97698eb97c4e362b1b9ecf25f064fbe8e665e2f9e328d00e6d339a090,# RUMAHAGEN — W4-02A.6.30,26_ENGINEERING_ALIGNMENT/W4-02A.6.30_ENGINEERING_ALIGNMENT_GUIDEBOOK_PLAYBOOK_v2.1.md:1: # RUMAHAGEN — W4-02A.6.30 || 26_ENGINEERING_ALIGNMENT/W4-02A.6.30_ENGINEERING_ALIGNMENT_GUIDEBOOK_PLAYBOOK_v2.1.md:2: # ENGINEERING ALIGNMENT / GUIDEBOOK / PLAYBOOK || 26_ENGINEERING_ALIGNMENT/W4-02A.6.30_ENGINEERING_ALIGNMENT_GUIDEBOOK_PLAYBOOK_v2.1.md:4: **Version:** 2.1 || 26_ENGINEERING_ALIGNMENT/W4-02A.6.30_ENGINEERING_ALIGNMENT_GUIDEBOOK_PLAYBOOK_v2.1.md:5: **Date:** 19 August 2026 || 26_ENGINEERING_ALIGNMENT/W4-02A.6.30_ENGINEERING_ALIGNMENT_GUIDEBOOK_PLAYBOOK_v2.1.md:6: **Status:** CURRENT / GREEN — ENGINEERING ALIGNMENT BASELINE || 26_ENGINEERING_ALIGNMENT/W4-02A.6.30_ENGINEERING_ALIGNMENT_GUIDEBOOK_PLAYBOOK_v2.1.md:7: **Scope:** Engineering execution guidance for M01–M15,WF03-03-02_M02_FULL_SEMANTIC_REBUILD_v1.1.md,"Buyer Submit → AUTO-APPROVED → Published/Viewable; Agent Self-Review → AUTO-APPROVED → Published/Viewable; Admin moderation is post-publication, not approval gate.",AUTHORITY.md:740: > **Review submission is auto-approved; Admin moderation is post-publication and is not an approval gate.** || AUTHORITY.md:727: 9. Admin post-publication Review Moderation || AUTHORITY.md:704: - [x] Preserve Admin post-publication moderation boundary,26_ENGINEERING_ALIGNMENT/W4-02A.6.30_ENGINEERING_ALIGNMENT_GUIDEBOOK_PLAYBOOK_v2.1.md:768: Testing is a separate gate from self-review. || 26_ENGINEERING_ALIGNMENT/W4-02A.6.30_ENGINEERING_ALIGNMENT_GUIDEBOOK_PLAYBOOK_v2.1.md:966: Self-review passing is not testing passing. Testing passing is not runtime verification. Runtime verification is not production authorization. || 26_ENGINEERING_ALIGNMENT/W4-02A.6.30_ENGINEERING_ALIGNMENT_GUIDEBOOK_PLAYBOOK_v2.1.md:746: - self-review complete;,APPLY_APPROVED_CONFLICT_UPDATE_ONLY,YES,YES,YES,NO,NO,BOTH_TEXTUAL_CORROBORATION
M02-CI-009,M02,ADD-NEW,CAM11-0011,04_ARCHITECTURE/W4-02A.6.5_SYSTEM_ARCHITECTURE_FULL_CONSOLIDATED_v1.8.docx,c1aa07968bb5bdfc9f9600dc48da804f65574f49da672282237ec90c4cc94884,"# developer-projects, calculator (dbr), notifications, rbac, seo","04_ARCHITECTURE/W4-02A.6.5_SYSTEM_ARCHITECTURE_FULL_CONSOLIDATED_v1.8.docx:591: # developer-projects, calculator (dbr), notifications, rbac, seo || 04_ARCHITECTURE/W4-02A.6.5_SYSTEM_ARCHITECTURE_FULL_CONSOLIDATED_v1.8.docx:592: /api/cron/                # Vercel Cron Jobs & Postgres Database Webhook target (ADR-006, Approved) || 04_ARCHITECTURE/W4-02A.6.5_SYSTEM_ARCHITECTURE_FULL_CONSOLIDATED_v1.8.docx:593: /{job}/route.ts          # reminder-scan, sitemap-regenerate, dst. — dilindungi CRON_SECRET || 04_ARCHITECTURE/W4-02A.6.5_SYSTEM_ARCHITECTURE_FULL_CONSOLIDATED_v1.8.docx:594: /components || 04_ARCHITECTURE/W4-02A.6.5_SYSTEM_ARCHITECTURE_FULL_CONSOLIDATED_v1.8.docx:595: /ui/                     # komponen dasar reusable — tanpa business logic (shadcn/ui) || 04_ARCHITECTURE/W4-02A.6.5_SYSTEM_ARCHITECTURE_FULL_CONSOLIDATED_v1.8.docx:596: /features/{module}/      # komponen spesifik per modul",WF03-03-02_M02_FULL_SEMANTIC_REBUILD_v1.1.md,Outcome Presentation — non-owning,AUTHORITY.md:728: 10. Outcome Presentation as non-owning consumer || AUTHORITY.md:705: - [x] Preserve Outcome Presentation as non-owning || AUTHORITY.md:461: | M02 | Outcome Presentation | View | VIEW / DOMAIN-PERMITTED | VIEW / DOMAIN-PERMITTED | VIEW / DOMAIN-PERMITTED | VIEW / DOMAIN-PERMITTED | VIEW / DOMAIN-PERMITTED | VIEW / DOMAIN-PERMITTED | VIEW / DOMAIN-PERMITTED | NON-OWNING / LOCKED |,"04_ARCHITECTURE/W4-02A.6.5_SYSTEM_ARCHITECTURE_FULL_CONSOLIDATED_v1.8.docx:1260: AI || Assistive only; never outcome authority || 04_ARCHITECTURE/W4-02A.6.5_SYSTEM_ARCHITECTURE_FULL_CONSOLIDATED_v1.8.docx:1084: | **Payment Gateway** | Endpoint `POST /billing/*` sudah disiapkan sebagai placeholder non-breaking — implementasi penuh menunggu keputusan model monetisasi final (lihat Bagian 23); kandidat Midtrans/Xendit (`technology-decisions.md` §8). | || 04_ARCHITECTURE/W4-02A.6.5_SYSTEM_ARCHITECTURE_FULL_CONSOLIDATED_v1.8.docx:1005: | **Batas Skalabilitas yang Diketahui (konsekuensi ADR-001)** | Jika kebutuhan proses long-running/heavy-compute terbukti dari data produksi pasca-rilis melampaui batas eksekusi serverless Vercel, migrasi bertahap ke service terpisah tetap dimungkinkan (logic sudah TypeScript murni, ADR-025) — namun ini adalah pekerjaan migrasi non-trivial yang memerlukan ADR baru, bukan default arsitektur saat ini. |",ADD_MXX_VALID_DETAIL_RETAIN_CORE,YES,YES,YES,NO,NO,BOTH_TEXTUAL_CORROBORATION
M02-CI-010,M02,PRESERVE,CAM11-0035,15_TECHNICAL/W4-02A.6.19_TECHNICAL_SPECIFICATION_CURRENT_TECHNICAL_IMPLEMENTATION_CONTRACT_v2.1.md,2ac01b6961b6ab97d26ee8c314aaf06101af49cb746c4069147559fb8002b29c,# RUMAHAGEN — TECHNICAL SPECIFICATION,15_TECHNICAL/W4-02A.6.19_TECHNICAL_SPECIFICATION_CURRENT_TECHNICAL_IMPLEMENTATION_CONTRACT_v2.1.md:1: # RUMAHAGEN — TECHNICAL SPECIFICATION || 15_TECHNICAL/W4-02A.6.19_TECHNICAL_SPECIFICATION_CURRENT_TECHNICAL_IMPLEMENTATION_CONTRACT_v2.1.md:2: ## W4-02A.6.19 — Current Technical Implementation Contract || 15_TECHNICAL/W4-02A.6.19_TECHNICAL_SPECIFICATION_CURRENT_TECHNICAL_IMPLEMENTATION_CONTRACT_v2.1.md:4: **Version:** 2.1 — W4-02A.6.19 || 15_TECHNICAL/W4-02A.6.19_TECHNICAL_SPECIFICATION_CURRENT_TECHNICAL_IMPLEMENTATION_CONTRACT_v2.1.md:5: **Date:** 19 August 2026 || 15_TECHNICAL/W4-02A.6.19_TECHNICAL_SPECIFICATION_CURRENT_TECHNICAL_IMPLEMENTATION_CONTRACT_v2.1.md:6: **Status:** **CURRENT TECHNICAL IMPLEMENTATION CONTRACT — GREEN / FULLY CONSOLIDATED** || 15_TECHNICAL/W4-02A.6.19_TECHNICAL_SPECIFICATION_CURRENT_TECHNICAL_IMPLEMENTATION_CONTRACT_v2.1.md:7: **Predecessor:** `RUMAHAGEN_TECHNICAL_SPECIFICATION_v2.0_WAVE3_STEP3.11_FULL_CONSOLIDATED_SYNCHRONIZED.md`,WF03-03-02_M02_FULL_SEMANTIC_REBUILD_v1.1.md,Private Identity / Legal / Verification boundary,AUTHORITY.md:734: > **Private Identity and Legal/Verification Documents remain NON-PUBLIC.** || AUTHORITY.md:807: - KTP inside Agent Profile → Private Profile → Verification; || AUTHORITY.md:778: | M02-R01-09 | KTP location | Agent Profile → Private Profile → Verification | LOCKED |,"15_TECHNICAL/W4-02A.6.19_TECHNICAL_SPECIFICATION_CURRENT_TECHNICAL_IMPLEMENTATION_CONTRACT_v2.1.md:2942: It preserves valid predecessor technical content, synchronizes the current 6.10–6.18 contract chain, preserves W4-01E/W4-02 physical authority, contains runtime evidence within its proper verification boundary, and does not create new semantic, physical, authorization or provider authority. || 15_TECHNICAL/W4-02A.6.19_TECHNICAL_SPECIFICATION_CURRENT_TECHNICAL_IMPLEMENTATION_CONTRACT_v2.1.md:2633: | TECH-29 | runtime verification boundary | || 15_TECHNICAL/W4-02A.6.19_TECHNICAL_SPECIFICATION_CURRENT_TECHNICAL_IMPLEMENTATION_CONTRACT_v2.1.md:1447: private legal documents",RETAIN_CORE_ONLY,YES,N/A,YES,NO,NO,PRESERVE_NO_DELTA_REQUIRED
M02-CI-011,M02,RECONCILE,CAM11-0034,14_FUNCTIONAL/W4-02A.6.18_FUNCTIONAL_SPECIFICATION_CURRENT_FUNCTIONAL_IMPLEMENTATION_CONTRACT_v2.1.md,d7e9a7b5c761d51495e77f73824f903ca057e602c204c79284a2ae70c522072e,# RUMAHAGEN — FUNCTIONAL SPECIFICATION,14_FUNCTIONAL/W4-02A.6.18_FUNCTIONAL_SPECIFICATION_CURRENT_FUNCTIONAL_IMPLEMENTATION_CONTRACT_v2.1.md:1: # RUMAHAGEN — FUNCTIONAL SPECIFICATION || 14_FUNCTIONAL/W4-02A.6.18_FUNCTIONAL_SPECIFICATION_CURRENT_FUNCTIONAL_IMPLEMENTATION_CONTRACT_v2.1.md:2: ## W4-02A.6.18 — Current Functional Implementation Contract || 14_FUNCTIONAL/W4-02A.6.18_FUNCTIONAL_SPECIFICATION_CURRENT_FUNCTIONAL_IMPLEMENTATION_CONTRACT_v2.1.md:4: **Version:** 2.1 — W4-02A.6.18 || 14_FUNCTIONAL/W4-02A.6.18_FUNCTIONAL_SPECIFICATION_CURRENT_FUNCTIONAL_IMPLEMENTATION_CONTRACT_v2.1.md:5: **Date:** 19 August 2026 || 14_FUNCTIONAL/W4-02A.6.18_FUNCTIONAL_SPECIFICATION_CURRENT_FUNCTIONAL_IMPLEMENTATION_CONTRACT_v2.1.md:6: **Status:** **CURRENT FUNCTIONAL IMPLEMENTATION CONTRACT — GREEN / FULLY CONSOLIDATED** || 14_FUNCTIONAL/W4-02A.6.18_FUNCTIONAL_SPECIFICATION_CURRENT_FUNCTIONAL_IMPLEMENTATION_CONTRACT_v2.1.md:7: **Predecessor:** `RUMAHAGEN_FUNCTIONAL_SPECIFICATION_v2.0_WAVE3_STEP3.9_FULL_CONSOLIDATED_SYNCHRONIZED.md`,WF03-03-02_M02_FULL_SEMANTIC_REBUILD_v1.1.md,KTP may be deferred; OTP VERIFIED → ACCOUNT ACTIVE; ISI NANTI → KTP DEFERRED/NOT_PROVIDED; no PENDING_REVIEW activation gate.,AUTHORITY.md:811: - ACTIVE account despite deferred KTP; || AUTHORITY.md:788: | M02-R01-19 | Deferred KTP | Does not trigger PENDING_REVIEW | LOCKED | || AUTHORITY.md:786: | M02-R01-17 | Deferred account state | ACTIVE | LOCKED |,14_FUNCTIONAL/W4-02A.6.18_FUNCTIONAL_SPECIFICATION_CURRENT_FUNCTIONAL_IMPLEMENTATION_CONTRACT_v2.1.md:2173: | Production provider activation | Production gate | No | || 14_FUNCTIONAL/W4-02A.6.18_FUNCTIONAL_SPECIFICATION_CURRENT_FUNCTIONAL_IMPLEMENTATION_CONTRACT_v2.1.md:370: - Pending account is not treated as Active. || 14_FUNCTIONAL/W4-02A.6.18_FUNCTIONAL_SPECIFICATION_CURRENT_FUNCTIONAL_IMPLEMENTATION_CONTRACT_v2.1.md:361: - Reviewer approves → account = ACTIVE.,APPLY_APPROVED_CONFLICT_UPDATE_ONLY,YES,YES,YES,NO,NO,BOTH_TEXTUAL_CORROBORATION
M02-CI-012,M02,PRESERVE,CAM11-0066,26_ENGINEERING_ALIGNMENT/W4-02A.6.30_ENGINEERING_ALIGNMENT_GUIDEBOOK_PLAYBOOK_v2.1.md,239e06d97698eb97c4e362b1b9ecf25f064fbe8e665e2f9e328d00e6d339a090,# RUMAHAGEN — W4-02A.6.30,26_ENGINEERING_ALIGNMENT/W4-02A.6.30_ENGINEERING_ALIGNMENT_GUIDEBOOK_PLAYBOOK_v2.1.md:1: # RUMAHAGEN — W4-02A.6.30 || 26_ENGINEERING_ALIGNMENT/W4-02A.6.30_ENGINEERING_ALIGNMENT_GUIDEBOOK_PLAYBOOK_v2.1.md:2: # ENGINEERING ALIGNMENT / GUIDEBOOK / PLAYBOOK || 26_ENGINEERING_ALIGNMENT/W4-02A.6.30_ENGINEERING_ALIGNMENT_GUIDEBOOK_PLAYBOOK_v2.1.md:4: **Version:** 2.1 || 26_ENGINEERING_ALIGNMENT/W4-02A.6.30_ENGINEERING_ALIGNMENT_GUIDEBOOK_PLAYBOOK_v2.1.md:5: **Date:** 19 August 2026 || 26_ENGINEERING_ALIGNMENT/W4-02A.6.30_ENGINEERING_ALIGNMENT_GUIDEBOOK_PLAYBOOK_v2.1.md:6: **Status:** CURRENT / GREEN — ENGINEERING ALIGNMENT BASELINE || 26_ENGINEERING_ALIGNMENT/W4-02A.6.30_ENGINEERING_ALIGNMENT_GUIDEBOOK_PLAYBOOK_v2.1.md:7: **Scope:** Engineering execution guidance for M01–M15,WF03-03-02_M02_FULL_SEMANTIC_REBUILD_v1.1.md,M02 ↔ M01 identity boundary,AUTHORITY.md:521: > **M01 identity ≠ M02 public profile** || AUTHORITY.md:225: M01 owns identity/verification semantics. M02 owns public profile presentation. || AUTHORITY.md:744: > **M01 identity remains the canonical identity source.**,26_ENGINEERING_ALIGNMENT/W4-02A.6.30_ENGINEERING_ALIGNMENT_GUIDEBOOK_PLAYBOOK_v2.1.md:1114: | M01 | Identity | authentication ≠ authorization | || 26_ENGINEERING_ALIGNMENT/W4-02A.6.30_ENGINEERING_ALIGNMENT_GUIDEBOOK_PLAYBOOK_v2.1.md:529: ## M01 — Identity || 26_ENGINEERING_ALIGNMENT/W4-02A.6.30_ENGINEERING_ALIGNMENT_GUIDEBOOK_PLAYBOOK_v2.1.md:404: M10 owns authorization. M01 provides identity. M12 provides Organization context. These boundaries must not collapse. The 6.29 audit confirms no identity/authorization or Organization/RBAC inversion. fileciteturn38file9,RETAIN_CORE_ONLY,YES,N/A,YES,NO,NO,PRESERVE_NO_DELTA_REQUIRED
M02-CI-013,M02,PRESERVE,CAM11-0066,26_ENGINEERING_ALIGNMENT/W4-02A.6.30_ENGINEERING_ALIGNMENT_GUIDEBOOK_PLAYBOOK_v2.1.md,239e06d97698eb97c4e362b1b9ecf25f064fbe8e665e2f9e328d00e6d339a090,# RUMAHAGEN — W4-02A.6.30,26_ENGINEERING_ALIGNMENT/W4-02A.6.30_ENGINEERING_ALIGNMENT_GUIDEBOOK_PLAYBOOK_v2.1.md:1: # RUMAHAGEN — W4-02A.6.30 || 26_ENGINEERING_ALIGNMENT/W4-02A.6.30_ENGINEERING_ALIGNMENT_GUIDEBOOK_PLAYBOOK_v2.1.md:2: # ENGINEERING ALIGNMENT / GUIDEBOOK / PLAYBOOK || 26_ENGINEERING_ALIGNMENT/W4-02A.6.30_ENGINEERING_ALIGNMENT_GUIDEBOOK_PLAYBOOK_v2.1.md:4: **Version:** 2.1 || 26_ENGINEERING_ALIGNMENT/W4-02A.6.30_ENGINEERING_ALIGNMENT_GUIDEBOOK_PLAYBOOK_v2.1.md:5: **Date:** 19 August 2026 || 26_ENGINEERING_ALIGNMENT/W4-02A.6.30_ENGINEERING_ALIGNMENT_GUIDEBOOK_PLAYBOOK_v2.1.md:6: **Status:** CURRENT / GREEN — ENGINEERING ALIGNMENT BASELINE || 26_ENGINEERING_ALIGNMENT/W4-02A.6.30_ENGINEERING_ALIGNMENT_GUIDEBOOK_PLAYBOOK_v2.1.md:7: **Scope:** Engineering execution guidance for M01–M15,WF03-03-02_M02_FULL_SEMANTIC_REBUILD_v1.1.md,M02 ↔ M03 Listing boundary,"AUTHORITY.md:697: - [x] Reconcile M02 with M03/M06/M10 boundaries || AUTHORITY.md:555: ## M02 ↔ M03 || AUTHORITY.md:447: > **M02 Outcome Presentation = consumer/presentation boundary, not upstream source of truth.**",26_ENGINEERING_ALIGNMENT/W4-02A.6.30_ENGINEERING_ALIGNMENT_GUIDEBOOK_PLAYBOOK_v2.1.md:1333: W4-02 remains the sole current executable physical baseline and W4-03 remains the clean-database/runtime verification boundary. || 26_ENGINEERING_ALIGNMENT/W4-02A.6.30_ENGINEERING_ALIGNMENT_GUIDEBOOK_PLAYBOOK_v2.1.md:1260: | Historical boundary | PASS | || 26_ENGINEERING_ALIGNMENT/W4-02A.6.30_ENGINEERING_ALIGNMENT_GUIDEBOOK_PLAYBOOK_v2.1.md:1213: - current M08/M11 projection/observation boundary;,RETAIN_CORE_ONLY,YES,N/A,YES,NO,NO,PRESERVE_NO_DELTA_REQUIRED
M02-CI-014,M02,PRESERVE,CAM11-0066,26_ENGINEERING_ALIGNMENT/W4-02A.6.30_ENGINEERING_ALIGNMENT_GUIDEBOOK_PLAYBOOK_v2.1.md,239e06d97698eb97c4e362b1b9ecf25f064fbe8e665e2f9e328d00e6d339a090,# RUMAHAGEN — W4-02A.6.30,26_ENGINEERING_ALIGNMENT/W4-02A.6.30_ENGINEERING_ALIGNMENT_GUIDEBOOK_PLAYBOOK_v2.1.md:1: # RUMAHAGEN — W4-02A.6.30 || 26_ENGINEERING_ALIGNMENT/W4-02A.6.30_ENGINEERING_ALIGNMENT_GUIDEBOOK_PLAYBOOK_v2.1.md:2: # ENGINEERING ALIGNMENT / GUIDEBOOK / PLAYBOOK || 26_ENGINEERING_ALIGNMENT/W4-02A.6.30_ENGINEERING_ALIGNMENT_GUIDEBOOK_PLAYBOOK_v2.1.md:4: **Version:** 2.1 || 26_ENGINEERING_ALIGNMENT/W4-02A.6.30_ENGINEERING_ALIGNMENT_GUIDEBOOK_PLAYBOOK_v2.1.md:5: **Date:** 19 August 2026 || 26_ENGINEERING_ALIGNMENT/W4-02A.6.30_ENGINEERING_ALIGNMENT_GUIDEBOOK_PLAYBOOK_v2.1.md:6: **Status:** CURRENT / GREEN — ENGINEERING ALIGNMENT BASELINE || 26_ENGINEERING_ALIGNMENT/W4-02A.6.30_ENGINEERING_ALIGNMENT_GUIDEBOOK_PLAYBOOK_v2.1.md:7: **Scope:** Engineering execution guidance for M01–M15,WF03-03-02_M02_FULL_SEMANTIC_REBUILD_v1.1.md,M02 ↔ M10 authorization boundary,AUTHORITY.md:774: | M02-R01-05 | Area governance | Not Indonesian administrative-area authorization | LOCKED | || AUTHORITY.md:746: > **M10 remains authorization/RBAC/RLS authority.** || AUTHORITY.md:697: - [x] Reconcile M02 with M03/M06/M10 boundaries,26_ENGINEERING_ALIGNMENT/W4-02A.6.30_ENGINEERING_ALIGNMENT_GUIDEBOOK_PLAYBOOK_v2.1.md:1123: | M10 | RBAC/RLS | server-side authorization | || 26_ENGINEERING_ALIGNMENT/W4-02A.6.30_ENGINEERING_ALIGNMENT_GUIDEBOOK_PLAYBOOK_v2.1.md:616: ## M10 — Authorization / RLS || 26_ENGINEERING_ALIGNMENT/W4-02A.6.30_ENGINEERING_ALIGNMENT_GUIDEBOOK_PLAYBOOK_v2.1.md:534: - Protected actions delegate to M10 authorization.,RETAIN_CORE_ONLY,YES,N/A,YES,NO,NO,PRESERVE_NO_DELTA_REQUIRED
M02-CI-015,M02,PRESERVE,CAM11-0046,23_M01_M07/W4-02A.6.27_FOCUSED_EXECUTION_PACK_M01-M07_v2.1_EXTRACTED/RUMAHAGEN_W4-02A.6.27_FOCUSED_EXECUTION_PACK_M01-M07_v2.1/M02_PHYSICAL_EXECUTION_SPEC_v2.1.md,062a76a24169a2115713a3db29c2b992fffab6482814c891285939c6c3cc9826,# RUMAHAGEN — M02 PHYSICAL EXECUTION SPECIFICATION,23_M01_M07/W4-02A.6.27_FOCUSED_EXECUTION_PACK_M01-M07_v2.1_EXTRACTED/RUMAHAGEN_W4-02A.6.27_FOCUSED_EXECUTION_PACK_M01-M07_v2.1/M02_PHYSICAL_EXECUTION_SPEC_v2.1.md:1: # RUMAHAGEN — M02 PHYSICAL EXECUTION SPECIFICATION || 23_M01_M07/W4-02A.6.27_FOCUSED_EXECUTION_PACK_M01-M07_v2.1_EXTRACTED/RUMAHAGEN_W4-02A.6.27_FOCUSED_EXECUTION_PACK_M01-M07_v2.1/M02_PHYSICAL_EXECUTION_SPEC_v2.1.md:2: ## W4-02A.6.27 — Current Focused Execution Contract || 23_M01_M07/W4-02A.6.27_FOCUSED_EXECUTION_PACK_M01-M07_v2.1_EXTRACTED/RUMAHAGEN_W4-02A.6.27_FOCUSED_EXECUTION_PACK_M01-M07_v2.1/M02_PHYSICAL_EXECUTION_SPEC_v2.1.md:4: **Version:** 2.1 || 23_M01_M07/W4-02A.6.27_FOCUSED_EXECUTION_PACK_M01-M07_v2.1_EXTRACTED/RUMAHAGEN_W4-02A.6.27_FOCUSED_EXECUTION_PACK_M01-M07_v2.1/M02_PHYSICAL_EXECUTION_SPEC_v2.1.md:5: **Module:** M02 — Agent Profile / Reviews || 23_M01_M07/W4-02A.6.27_FOCUSED_EXECUTION_PACK_M01-M07_v2.1_EXTRACTED/RUMAHAGEN_W4-02A.6.27_FOCUSED_EXECUTION_PACK_M01-M07_v2.1/M02_PHYSICAL_EXECUTION_SPEC_v2.1.md:6: **Assigned batch:** B2 || 23_M01_M07/W4-02A.6.27_FOCUSED_EXECUTION_PACK_M01-M07_v2.1_EXTRACTED/RUMAHAGEN_W4-02A.6.27_FOCUSED_EXECUTION_PACK_M01-M07_v2.1/M02_PHYSICAL_EXECUTION_SPEC_v2.1.md:7: **Status:** CURRENT / EXECUTION-SPEC READY,WF03-03-02_M02_FULL_SEMANTIC_REBUILD_v1.1.md,Physical/runtime separation,AUTHORITY.md:814: - separation of Core field authority from M02 semantic authority. || AUTHORITY.md:660: The Owner Override explicitly requires this separation. fileciteturn6file3,,RETAIN_CORE_ONLY,YES,N/A,YES,NO,NO,PRESERVE_NO_DELTA_REQUIRED
M02-CI-016,M02,CONTROLLED,CAM11-0011,04_ARCHITECTURE/W4-02A.6.5_SYSTEM_ARCHITECTURE_FULL_CONSOLIDATED_v1.8.docx,c1aa07968bb5bdfc9f9600dc48da804f65574f49da672282237ec90c4cc94884,"# developer-projects, calculator (dbr), notifications, rbac, seo","04_ARCHITECTURE/W4-02A.6.5_SYSTEM_ARCHITECTURE_FULL_CONSOLIDATED_v1.8.docx:591: # developer-projects, calculator (dbr), notifications, rbac, seo || 04_ARCHITECTURE/W4-02A.6.5_SYSTEM_ARCHITECTURE_FULL_CONSOLIDATED_v1.8.docx:592: /api/cron/                # Vercel Cron Jobs & Postgres Database Webhook target (ADR-006, Approved) || 04_ARCHITECTURE/W4-02A.6.5_SYSTEM_ARCHITECTURE_FULL_CONSOLIDATED_v1.8.docx:593: /{job}/route.ts          # reminder-scan, sitemap-regenerate, dst. — dilindungi CRON_SECRET || 04_ARCHITECTURE/W4-02A.6.5_SYSTEM_ARCHITECTURE_FULL_CONSOLIDATED_v1.8.docx:594: /components || 04_ARCHITECTURE/W4-02A.6.5_SYSTEM_ARCHITECTURE_FULL_CONSOLIDATED_v1.8.docx:595: /ui/                     # komponen dasar reusable — tanpa business logic (shadcn/ui) || 04_ARCHITECTURE/W4-02A.6.5_SYSTEM_ARCHITECTURE_FULL_CONSOLIDATED_v1.8.docx:596: /features/{module}/      # komponen spesifik per modul",WF03-03-02_M02_FULL_SEMANTIC_REBUILD_v1.1.md,M02 physical/runtime status,AUTHORITY.md:830: **END OF M02 v1.1** || AUTHORITY.md:824: **M02 v1.1 = COMPLETE / SEMANTICALLY LOCKED** || AUTHORITY.md:816: No existing M02 semantic content is intentionally removed.,"04_ARCHITECTURE/W4-02A.6.5_SYSTEM_ARCHITECTURE_FULL_CONSOLIDATED_v1.8.docx:1219: STEP STATUS = COMPLETE / GREEN || 04_ARCHITECTURE/W4-02A.6.5_SYSTEM_ARCHITECTURE_FULL_CONSOLIDATED_v1.8.docx:1188: **Status:** Synchronized semantic architecture layer; physical schema/API implementation remains downstream. || 04_ARCHITECTURE/W4-02A.6.5_SYSTEM_ARCHITECTURE_FULL_CONSOLIDATED_v1.8.docx:1183: *Dokumen ini disusun sebagai referensi arsitektur teknis utama, turunan dari `PROJECT-CONSTITUTION.md`, `architecture-decision-records.md` (ADR), `technology-decisions.md` v1.6, dan seluruh dokumen sumber v1.1 (26 Juli – 3 Agustus 2026). Mengikat seluruh proses development — AI Coding Assistant maupun developer manusia — selama lifecycle proyek berlangsung. Versi 1.1–1.5 (27–31 Juli 2026) mengintegrasikan resolusi ADR-001, ADR-005, ADR-006, ADR-008, dan ADR-018 secara berurutan — lihat riwayat detail di revisi masing-masing. **Versi 1.6 (3 Agustus 2026)** mengintegrasikan resolusi **ADR-026 (Organization Model Strategy, Approved With Notes)**, **ADR-027 (Organization-Scoped Authorization Strategy, Approved)**, dan **ADR-028 (Third-Party AI Assistant Integration Strategy/BYOK, Approved With Notes)** — hasil sesi Architecture Review Board berdasarkan `Architecture-Evolution-Proposal-Organization-Management-System-v0.9.md` — memperbarui Module Architecture (Bagian 5, Modul 5.12 & 5.13 baru + tabel dependency), Database Architecture (Bagian 7, 5 tabel baru), Authentication & Authorization Architecture (Bagian 8, lapisan Organization-scoped baru), Notification Architecture (Bagian 13), Security Architecture (Bagian 14), dan ADR Cross-Reference Matrix (Bagian 24). Status ADR-023 (Multi-Tenancy Strategy) turut direvisi. **Berbeda dari revisi 1.1–1.5, siklus ini tidak menyentuh Bagian 4 (Technology Stack)** — Organization dan AI Assistant tidak menambah baris teknologi inti baru. Jika terjadi ketidaksesuaian dengan `PROJECT-CONSTITUTION.md`, Constitution yang berlaku. Revisi dokumen ini wajib dilakukan setiap kali status ADR di `architecture-decision-records.md` berubah, atau setiap kali keputusan pada Bagian 23 (Open Questions & Assumptions) diselesaikan. **Dengan ADR-026/027/028 ini, seluruh 28 dari 28 ADR arsitektur/teknis proyek kini berstatus Approved/Approved With Notes — tidak ada lagi ADR yang OPEN di seluruh proyek.***",ADD_MXX_VALID_DETAIL_RETAIN_CORE,YES,N/A,YES,NO,NO,BOTH_TEXTUAL_CORROBORATION
M02-CI-017,M02,NO-PROPAGATION,CAM11-0011,04_ARCHITECTURE/W4-02A.6.5_SYSTEM_ARCHITECTURE_FULL_CONSOLIDATED_v1.8.docx,c1aa07968bb5bdfc9f9600dc48da804f65574f49da672282237ec90c4cc94884,"# developer-projects, calculator (dbr), notifications, rbac, seo","04_ARCHITECTURE/W4-02A.6.5_SYSTEM_ARCHITECTURE_FULL_CONSOLIDATED_v1.8.docx:591: # developer-projects, calculator (dbr), notifications, rbac, seo || 04_ARCHITECTURE/W4-02A.6.5_SYSTEM_ARCHITECTURE_FULL_CONSOLIDATED_v1.8.docx:592: /api/cron/                # Vercel Cron Jobs & Postgres Database Webhook target (ADR-006, Approved) || 04_ARCHITECTURE/W4-02A.6.5_SYSTEM_ARCHITECTURE_FULL_CONSOLIDATED_v1.8.docx:593: /{job}/route.ts          # reminder-scan, sitemap-regenerate, dst. — dilindungi CRON_SECRET || 04_ARCHITECTURE/W4-02A.6.5_SYSTEM_ARCHITECTURE_FULL_CONSOLIDATED_v1.8.docx:594: /components || 04_ARCHITECTURE/W4-02A.6.5_SYSTEM_ARCHITECTURE_FULL_CONSOLIDATED_v1.8.docx:595: /ui/                     # komponen dasar reusable — tanpa business logic (shadcn/ui) || 04_ARCHITECTURE/W4-02A.6.5_SYSTEM_ARCHITECTURE_FULL_CONSOLIDATED_v1.8.docx:596: /features/{module}/      # komponen spesifik per modul",WF03-03-02_M02_FULL_SEMANTIC_REBUILD_v1.1.md,Outcome upstream authority,"AUTHORITY.md:447: > **M02 Outcome Presentation = consumer/presentation boundary, not upstream source of truth.** || AUTHORITY.md:742: > **M02 does not own upstream Learning/Award/Organization outcomes.** || AUTHORITY.md:728: 10. Outcome Presentation as non-owning consumer","04_ARCHITECTURE/W4-02A.6.5_SYSTEM_ARCHITECTURE_FULL_CONSOLIDATED_v1.8.docx:1260: AI || Assistive only; never outcome authority || 04_ARCHITECTURE/W4-02A.6.5_SYSTEM_ARCHITECTURE_FULL_CONSOLIDATED_v1.8.docx:1229: Authority || Downstream of Project Constitution v1.14 and approved governing decisions; upstream of logical/data/API/RBAC implementation artifacts || 04_ARCHITECTURE/W4-02A.6.5_SYSTEM_ARCHITECTURE_FULL_CONSOLIDATED_v1.8.docx:240: AI is assistive and never outcome authority for learning, attendance, awarding, payment or governance decisions.",ADD_MXX_VALID_DETAIL_RETAIN_CORE,YES,N/A,YES,NO,NO,BOTH_TEXTUAL_CORROBORATION
M03-CI-001,M03,RECONCILE,CAM11-0040,20_MODULE_PLANNING/W4-02A.6.24_REVISED_MODULE_PLANNING_CURRENT_MODULE_DELIVERY_PLANNING_v2.1.md,7373552ff7f43e2822f7819b2101ec0df7bc1acee60e8b92dc866f330203d7be,# RUMAHAGEN — REVISED MODULE PLANNING,20_MODULE_PLANNING/W4-02A.6.24_REVISED_MODULE_PLANNING_CURRENT_MODULE_DELIVERY_PLANNING_v2.1.md:1: # RUMAHAGEN — REVISED MODULE PLANNING || 20_MODULE_PLANNING/W4-02A.6.24_REVISED_MODULE_PLANNING_CURRENT_MODULE_DELIVERY_PLANNING_v2.1.md:2: ## W4-02A.6.24 — Current Module Delivery Planning || 20_MODULE_PLANNING/W4-02A.6.24_REVISED_MODULE_PLANNING_CURRENT_MODULE_DELIVERY_PLANNING_v2.1.md:4: **Version:** 2.1 — W4-02A.6.24 || 20_MODULE_PLANNING/W4-02A.6.24_REVISED_MODULE_PLANNING_CURRENT_MODULE_DELIVERY_PLANNING_v2.1.md:5: **Date:** 19 August 2026 || 20_MODULE_PLANNING/W4-02A.6.24_REVISED_MODULE_PLANNING_CURRENT_MODULE_DELIVERY_PLANNING_v2.1.md:6: **Status:** **CURRENT MODULE DELIVERY-PLANNING BASELINE — GREEN / FULLY CONSOLIDATED** || 20_MODULE_PLANNING/W4-02A.6.24_REVISED_MODULE_PLANNING_CURRENT_MODULE_DELIVERY_PLANNING_v2.1.md:7: **Predecessor:** `RUMAHAGEN_REVISED_MODULE_PLANNING_v2.0_WAVE3_STEP3.14_FULL_CONSOLIDATED_SYNCHRONIZED.md`,RUMAHAGEN_WF03_M03_FULL_REBUILD_v1.3_QIR_INTEGRATED_CONTROLLED.zip,"Normal Listing publication = DRAFT → PUBLISH → PUBLISHED. No Admin approval gate. SUSPENDED is enforcement, not publication approval.","_PROVENANCE_QIR_V1.0_SOURCE/01_M03_QUESTION_INVENTORY_RESOLVED_v1.0.csv:16: M03-Q15,Lifecycle,What is the normal publication transition?,Draft → Publish → Published.,LOCKED,M03 v1.4 || _PROVENANCE_M03_V1.2_ORIGINAL/01_M03_QUESTION_INVENTORY_FULL_v1.2.csv:16: M03-Q15,Lifecycle,What is the normal publication transition?,Draft → Publish → Published.,LOCKED,M03 v1.4 || 01_M03_QUESTION_INVENTORY_FULL_v1.3.csv:16: M03-Q15,Lifecycle,What is the normal publication transition?,Draft → Publish → Published.,LOCKED,M03 QIR v1.0 — resolved and integrated into M03 v1.3",20_MODULE_PLANNING/W4-02A.6.24_REVISED_MODULE_PLANNING_CURRENT_MODULE_DELIVERY_PLANNING_v2.1.md:3012: Gate conditions: || 20_MODULE_PLANNING/W4-02A.6.24_REVISED_MODULE_PLANNING_CURRENT_MODULE_DELIVERY_PLANNING_v2.1.md:3006: # 75. FINAL GATE — W4-02A.6.24 || 20_MODULE_PLANNING/W4-02A.6.24_REVISED_MODULE_PLANNING_CURRENT_MODULE_DELIVERY_PLANNING_v2.1.md:2866: Normal planning detail does not trigger a 6.23 rewrite.,APPLY_APPROVED_CONFLICT_UPDATE_ONLY,YES,YES,YES,NO,NO,BOTH_TEXTUAL_CORROBORATION
M03-CI-002,M03,PRESERVE,CAM11-0040,20_MODULE_PLANNING/W4-02A.6.24_REVISED_MODULE_PLANNING_CURRENT_MODULE_DELIVERY_PLANNING_v2.1.md,7373552ff7f43e2822f7819b2101ec0df7bc1acee60e8b92dc866f330203d7be,# RUMAHAGEN — REVISED MODULE PLANNING,20_MODULE_PLANNING/W4-02A.6.24_REVISED_MODULE_PLANNING_CURRENT_MODULE_DELIVERY_PLANNING_v2.1.md:1: # RUMAHAGEN — REVISED MODULE PLANNING || 20_MODULE_PLANNING/W4-02A.6.24_REVISED_MODULE_PLANNING_CURRENT_MODULE_DELIVERY_PLANNING_v2.1.md:2: ## W4-02A.6.24 — Current Module Delivery Planning || 20_MODULE_PLANNING/W4-02A.6.24_REVISED_MODULE_PLANNING_CURRENT_MODULE_DELIVERY_PLANNING_v2.1.md:4: **Version:** 2.1 — W4-02A.6.24 || 20_MODULE_PLANNING/W4-02A.6.24_REVISED_MODULE_PLANNING_CURRENT_MODULE_DELIVERY_PLANNING_v2.1.md:5: **Date:** 19 August 2026 || 20_MODULE_PLANNING/W4-02A.6.24_REVISED_MODULE_PLANNING_CURRENT_MODULE_DELIVERY_PLANNING_v2.1.md:6: **Status:** **CURRENT MODULE DELIVERY-PLANNING BASELINE — GREEN / FULLY CONSOLIDATED** || 20_MODULE_PLANNING/W4-02A.6.24_REVISED_MODULE_PLANNING_CURRENT_MODULE_DELIVERY_PLANNING_v2.1.md:7: **Predecessor:** `RUMAHAGEN_REVISED_MODULE_PLANNING_v2.0_WAVE3_STEP3.14_FULL_CONSOLIDATED_SYNCHRONIZED.md`,RUMAHAGEN_WF03_M03_FULL_REBUILD_v1.3_QIR_INTEGRATED_CONTROLLED.zip,Suspension / violation enforcement,_PROVENANCE_QIR_V1.0_SOURCE/15_M03_QA_COMPLETION_CONTROLLED_v1.2.md:8: | Suspended reserved for violation/enforcement | PASS | || _PROVENANCE_QIR_V1.0_SOURCE/11_M03_PHYSICAL_RUNTIME_STATUS_FULL_v1.2.md:9: | Suspension enforcement | GREEN | Separate from publish approval | || _PROVENANCE_QIR_V1.0_SOURCE/10_M03_UI_UX_USER_FLOW_FULL_v1.2.md:9: Suspended is presented as an enforcement/moderation outcome for violation or code-of-ethics concerns.,20_MODULE_PLANNING/W4-02A.6.24_REVISED_MODULE_PLANNING_CURRENT_MODULE_DELIVERY_PLANNING_v2.1.md:2241: - organization boundary violation.,RETAIN_CORE_ONLY,YES,N/A,YES,NO,NO,PRESERVE_NO_DELTA_REQUIRED
M03-CI-003,M03,PRESERVE,CAM11-0037,17_SEO_ANALYTICS/W4-02A.6.21_SEO_ANALYTICS_SPECIFICATION_DISCOVERY_MEASUREMENT_BASELINE_v2.1.md,be0af1e745ac3d19a65abb90beff833941b1d1fb5a4fd1233c681a84023e75de,# RUMAHAGEN --- SEO / ANALYTICS SPECIFICATION,17_SEO_ANALYTICS/W4-02A.6.21_SEO_ANALYTICS_SPECIFICATION_DISCOVERY_MEASUREMENT_BASELINE_v2.1.md:1: # RUMAHAGEN --- SEO / ANALYTICS SPECIFICATION || 17_SEO_ANALYTICS/W4-02A.6.21_SEO_ANALYTICS_SPECIFICATION_DISCOVERY_MEASUREMENT_BASELINE_v2.1.md:3: ## W4-02A.6.21 --- Discovery / Measurement Baseline || 17_SEO_ANALYTICS/W4-02A.6.21_SEO_ANALYTICS_SPECIFICATION_DISCOVERY_MEASUREMENT_BASELINE_v2.1.md:5: **Version:** 2.1 --- W4-02A.6.21\ || 17_SEO_ANALYTICS/W4-02A.6.21_SEO_ANALYTICS_SPECIFICATION_DISCOVERY_MEASUREMENT_BASELINE_v2.1.md:6: **Date:** 19 August 2026\ || 17_SEO_ANALYTICS/W4-02A.6.21_SEO_ANALYTICS_SPECIFICATION_DISCOVERY_MEASUREMENT_BASELINE_v2.1.md:7: **Status:** **CURRENT SEO / ANALYTICS DISCOVERY & MEASUREMENT BASELINE || 17_SEO_ANALYTICS/W4-02A.6.21_SEO_ANALYTICS_SPECIFICATION_DISCOVERY_MEASUREMENT_BASELINE_v2.1.md:8: --- GREEN / FULLY CONSOLIDATED**\,RUMAHAGEN_WF03_M03_FULL_REBUILD_v1.3_QIR_INTEGRATED_CONTROLLED.zip,Sold/Rented search exclusion and profile count,_PROVENANCE_QIR_V1.0_SOURCE/README_CONTROLLED_OUTPUT_v1.2.md:19: - Sold/Rented excluded from public search but retained as public-profile historical counts. || _PROVENANCE_QIR_V1.0_SOURCE/05_M03_CROSS_ARTIFACT_RECONCILIATION_FULL_v1.2.md:45: Sold/Rented are not public search inventory but remain historical profile counts. || _PROVENANCE_QIR_V1.0_SOURCE/05_M03_CROSS_ARTIFACT_RECONCILIATION_FULL_v1.2.md:12: | Sold/Rented profile count | Profile/statistics consumer |,"17_SEO_ANALYTICS/W4-02A.6.21_SEO_ANALYTICS_SPECIFICATION_DISCOVERY_MEASUREMENT_BASELINE_v2.1.md:2081: -   [x] Sold/Rented SEO behavior preserved. || 17_SEO_ANALYTICS/W4-02A.6.21_SEO_ANALYTICS_SPECIFICATION_DISCOVERY_MEASUREMENT_BASELINE_v2.1.md:1440: sold/rented || 17_SEO_ANALYTICS/W4-02A.6.21_SEO_ANALYTICS_SPECIFICATION_DISCOVERY_MEASUREMENT_BASELINE_v2.1.md:1333: states that public homepage, search, listing detail, Agent profile and",RETAIN_CORE_ONLY,YES,N/A,YES,NO,NO,PRESERVE_NO_DELTA_REQUIRED
M03-CI-004,M03,PRESERVE,CAM11-0040,20_MODULE_PLANNING/W4-02A.6.24_REVISED_MODULE_PLANNING_CURRENT_MODULE_DELIVERY_PLANNING_v2.1.md,7373552ff7f43e2822f7819b2101ec0df7bc1acee60e8b92dc866f330203d7be,# RUMAHAGEN — REVISED MODULE PLANNING,20_MODULE_PLANNING/W4-02A.6.24_REVISED_MODULE_PLANNING_CURRENT_MODULE_DELIVERY_PLANNING_v2.1.md:1: # RUMAHAGEN — REVISED MODULE PLANNING || 20_MODULE_PLANNING/W4-02A.6.24_REVISED_MODULE_PLANNING_CURRENT_MODULE_DELIVERY_PLANNING_v2.1.md:2: ## W4-02A.6.24 — Current Module Delivery Planning || 20_MODULE_PLANNING/W4-02A.6.24_REVISED_MODULE_PLANNING_CURRENT_MODULE_DELIVERY_PLANNING_v2.1.md:4: **Version:** 2.1 — W4-02A.6.24 || 20_MODULE_PLANNING/W4-02A.6.24_REVISED_MODULE_PLANNING_CURRENT_MODULE_DELIVERY_PLANNING_v2.1.md:5: **Date:** 19 August 2026 || 20_MODULE_PLANNING/W4-02A.6.24_REVISED_MODULE_PLANNING_CURRENT_MODULE_DELIVERY_PLANNING_v2.1.md:6: **Status:** **CURRENT MODULE DELIVERY-PLANNING BASELINE — GREEN / FULLY CONSOLIDATED** || 20_MODULE_PLANNING/W4-02A.6.24_REVISED_MODULE_PLANNING_CURRENT_MODULE_DELIVERY_PLANNING_v2.1.md:7: **Predecessor:** `RUMAHAGEN_REVISED_MODULE_PLANNING_v2.0_WAVE3_STEP3.14_FULL_CONSOLIDATED_SYNCHRONIZED.md`,RUMAHAGEN_WF03_M03_FULL_REBUILD_v1.3_QIR_INTEGRATED_CONTROLLED.zip,Owner-only Listing edit,_PROVENANCE_QIR_V1.0_SOURCE/README_CONTROLLED_OUTPUT_v1.2.md:16: - Ordinary Listing edit is owner-only. || _PROVENANCE_QIR_V1.0_SOURCE/15_M03_QA_COMPLETION_CONTROLLED_v1.2.md:11: | Ordinary Listing edit owner-only | PASS | || _PROVENANCE_QIR_V1.0_SOURCE/11_M03_PHYSICAL_RUNTIME_STATUS_FULL_v1.2.md:6: | Ordinary edit owner-only | GREEN | Locked |,20_MODULE_PLANNING/W4-02A.6.24_REVISED_MODULE_PLANNING_CURRENT_MODULE_DELIVERY_PLANNING_v2.1.md:3043: - [x] No unresolved Owner decision. || 20_MODULE_PLANNING/W4-02A.6.24_REVISED_MODULE_PLANNING_CURRENT_MODULE_DELIVERY_PLANNING_v2.1.md:2973: New Owner decision     = 0 || 20_MODULE_PLANNING/W4-02A.6.24_REVISED_MODULE_PLANNING_CURRENT_MODULE_DELIVERY_PLANNING_v2.1.md:2614: | Owner decision required | **0** |,RETAIN_CORE_ONLY,YES,N/A,YES,NO,NO,PRESERVE_NO_DELTA_REQUIRED
M03-CI-005,M03,PRESERVE,CAM11-0037,17_SEO_ANALYTICS/W4-02A.6.21_SEO_ANALYTICS_SPECIFICATION_DISCOVERY_MEASUREMENT_BASELINE_v2.1.md,be0af1e745ac3d19a65abb90beff833941b1d1fb5a4fd1233c681a84023e75de,# RUMAHAGEN --- SEO / ANALYTICS SPECIFICATION,17_SEO_ANALYTICS/W4-02A.6.21_SEO_ANALYTICS_SPECIFICATION_DISCOVERY_MEASUREMENT_BASELINE_v2.1.md:1: # RUMAHAGEN --- SEO / ANALYTICS SPECIFICATION || 17_SEO_ANALYTICS/W4-02A.6.21_SEO_ANALYTICS_SPECIFICATION_DISCOVERY_MEASUREMENT_BASELINE_v2.1.md:3: ## W4-02A.6.21 --- Discovery / Measurement Baseline || 17_SEO_ANALYTICS/W4-02A.6.21_SEO_ANALYTICS_SPECIFICATION_DISCOVERY_MEASUREMENT_BASELINE_v2.1.md:5: **Version:** 2.1 --- W4-02A.6.21\ || 17_SEO_ANALYTICS/W4-02A.6.21_SEO_ANALYTICS_SPECIFICATION_DISCOVERY_MEASUREMENT_BASELINE_v2.1.md:6: **Date:** 19 August 2026\ || 17_SEO_ANALYTICS/W4-02A.6.21_SEO_ANALYTICS_SPECIFICATION_DISCOVERY_MEASUREMENT_BASELINE_v2.1.md:7: **Status:** **CURRENT SEO / ANALYTICS DISCOVERY & MEASUREMENT BASELINE || 17_SEO_ANALYTICS/W4-02A.6.21_SEO_ANALYTICS_SPECIFICATION_DISCOVERY_MEASUREMENT_BASELINE_v2.1.md:8: --- GREEN / FULLY CONSOLIDATED**\,RUMAHAGEN_WF03_M03_FULL_REBUILD_v1.3_QIR_INTEGRATED_CONTROLLED.zip,Four-field post-publish locks,_PROVENANCE_QIR_V1.0_SOURCE/11_M03_PHYSICAL_RUNTIME_STATUS_FULL_v1.2.md:7: | Four historical field locks | GREEN | Locked | || _PROVENANCE_M03_V1.2_ORIGINAL/11_M03_PHYSICAL_RUNTIME_STATUS_FULL_v1.2.md:7: | Four historical field locks | GREEN | Locked | || 11_M03_PHYSICAL_RUNTIME_STATUS_FULL_v1.3.md:7: | Four historical field locks | GREEN | Locked |,17_SEO_ANALYTICS/W4-02A.6.21_SEO_ANALYTICS_SPECIFICATION_DISCOVERY_MEASUREMENT_BASELINE_v2.1.md:2302: Audit field                         Result || 17_SEO_ANALYTICS/W4-02A.6.21_SEO_ANALYTICS_SPECIFICATION_DISCOVERY_MEASUREMENT_BASELINE_v2.1.md:1437: publish || 17_SEO_ANALYTICS/W4-02A.6.21_SEO_ANALYTICS_SPECIFICATION_DISCOVERY_MEASUREMENT_BASELINE_v2.1.md:322: -   publish a Listing.,RETAIN_CORE_ONLY,YES,N/A,YES,NO,NO,PRESERVE_NO_DELTA_REQUIRED
M03-CI-006,M03,ADD-NEW,CAM11-0067,27_AI_BLUEPRINT/W4-02A.6.31_AI_DEVELOPMENT_BLUEPRINT_v2.1.md,504a5738b3a832159850b0c1035e95f02b509a773a52fb01b722948e01ab09c2,# RUMAHAGEN — W4-02A.6.31,27_AI_BLUEPRINT/W4-02A.6.31_AI_DEVELOPMENT_BLUEPRINT_v2.1.md:1: # RUMAHAGEN — W4-02A.6.31 || 27_AI_BLUEPRINT/W4-02A.6.31_AI_DEVELOPMENT_BLUEPRINT_v2.1.md:2: # AI DEVELOPMENT BLUEPRINT || 27_AI_BLUEPRINT/W4-02A.6.31_AI_DEVELOPMENT_BLUEPRINT_v2.1.md:4: **Version:** 2.1 || 27_AI_BLUEPRINT/W4-02A.6.31_AI_DEVELOPMENT_BLUEPRINT_v2.1.md:5: **Date:** 19 August 2026 || 27_AI_BLUEPRINT/W4-02A.6.31_AI_DEVELOPMENT_BLUEPRINT_v2.1.md:6: **Status:** CURRENT / GREEN — AI DEVELOPMENT CONTEXT BASELINE || 27_AI_BLUEPRINT/W4-02A.6.31_AI_DEVELOPMENT_BLUEPRINT_v2.1.md:7: **Scope:** AI/Bolt-assisted engineering execution for M01–M15,RUMAHAGEN_WF03_M03_FULL_REBUILD_v1.3_QIR_INTEGRATED_CONTROLLED.zip,Refresh daily quota default 5,"_PROVENANCE_QIR_V1.0_SOURCE/01_M03_QUESTION_INVENTORY_RESOLVED_v1.0.csv:72: M03-Q71,Refresh/Quota,What is the default Agent daily Refresh quota?,5 successful Refreshes per Agent per operational day is the default configured value.,RESOLVED,M03 Question Inventory Resolution v1.0 — locked M03 rule || _PROVENANCE_M03_V1.2_ORIGINAL/01_M03_QUESTION_INVENTORY_FULL_v1.2.csv:72: M03-Q71,Refresh/Quota,What is the default Agent daily Refresh quota?,5 successful Refreshes per Agent per operational day.,LOCKED,Latest user-locked M03 rule || 01_M03_QUESTION_INVENTORY_FULL_v1.3.csv:72: M03-Q71,Refresh/Quota,What is the default Agent daily Refresh quota?,5 successful Refreshes per Agent per operational day is the default configured value.,LOCKED,M03 QIR v1.0 — resolved and integrated into M03 v1.3",27_AI_BLUEPRINT/W4-02A.6.31_AI_DEVELOPMENT_BLUEPRINT_v2.1.md:1010: Commercial ↔ entitlement/quota || 27_AI_BLUEPRINT/W4-02A.6.31_AI_DEVELOPMENT_BLUEPRINT_v2.1.md:769: Listing ≠ Commercial Quota Authority || 27_AI_BLUEPRINT/W4-02A.6.31_AI_DEVELOPMENT_BLUEPRINT_v2.1.md:544: M14 quota/entitlement contract,ADD_MXX_VALID_DETAIL_RETAIN_CORE,YES,YES,YES,NO,NO,BOTH_TEXTUAL_CORROBORATION
M03-CI-007,M03,PRESERVE,CAM11-0066,26_ENGINEERING_ALIGNMENT/W4-02A.6.30_ENGINEERING_ALIGNMENT_GUIDEBOOK_PLAYBOOK_v2.1.md,239e06d97698eb97c4e362b1b9ecf25f064fbe8e665e2f9e328d00e6d339a090,# RUMAHAGEN — W4-02A.6.30,26_ENGINEERING_ALIGNMENT/W4-02A.6.30_ENGINEERING_ALIGNMENT_GUIDEBOOK_PLAYBOOK_v2.1.md:1: # RUMAHAGEN — W4-02A.6.30 || 26_ENGINEERING_ALIGNMENT/W4-02A.6.30_ENGINEERING_ALIGNMENT_GUIDEBOOK_PLAYBOOK_v2.1.md:2: # ENGINEERING ALIGNMENT / GUIDEBOOK / PLAYBOOK || 26_ENGINEERING_ALIGNMENT/W4-02A.6.30_ENGINEERING_ALIGNMENT_GUIDEBOOK_PLAYBOOK_v2.1.md:4: **Version:** 2.1 || 26_ENGINEERING_ALIGNMENT/W4-02A.6.30_ENGINEERING_ALIGNMENT_GUIDEBOOK_PLAYBOOK_v2.1.md:5: **Date:** 19 August 2026 || 26_ENGINEERING_ALIGNMENT/W4-02A.6.30_ENGINEERING_ALIGNMENT_GUIDEBOOK_PLAYBOOK_v2.1.md:6: **Status:** CURRENT / GREEN — ENGINEERING ALIGNMENT BASELINE || 26_ENGINEERING_ALIGNMENT/W4-02A.6.30_ENGINEERING_ALIGNMENT_GUIDEBOOK_PLAYBOOK_v2.1.md:7: **Scope:** Engineering execution guidance for M01–M15,RUMAHAGEN_WF03_M03_FULL_REBUILD_v1.3_QIR_INTEGRATED_CONTROLLED.zip,Refresh Superadmin configuration,"_PROVENANCE_QIR_V1.0_SOURCE/11_M03_PHYSICAL_RUNTIME_STATUS_FULL_v1.2.md:13: | Refresh configuration | GREEN | Superadmin-configurable through M14/Commercial | || _PROVENANCE_QIR_V1.0_SOURCE/05_M03_CROSS_ARTIFACT_RECONCILIATION_FULL_v1.2.md:15: | Refresh quota configuration actor | Superadmin | || _PROVENANCE_QIR_V1.0_SOURCE/03_M03_PERMISSION_MATRIX_FULL_v1.2.csv:15: M03,Refresh Configuration,Configure daily quota,Configure Agent daily Refresh quota; value defaults to 5 and is not hardcoded,BYPASS,NONE,ALL,NONE,NONE,NONE,NONE,LOCKED,M03-REFRESH-CONFIG-01,CROSS-DOMAIN,""Configuration authority is Superadmin; value belongs to M14/Commercial. This row describes configuration authority, not Listing Refresh permission.""",26_ENGINEERING_ALIGNMENT/W4-02A.6.30_ENGINEERING_ALIGNMENT_GUIDEBOOK_PLAYBOOK_v2.1.md:1122: | M09 | Admin/Configuration | no universal authority | || 26_ENGINEERING_ALIGNMENT/W4-02A.6.30_ENGINEERING_ALIGNMENT_GUIDEBOOK_PLAYBOOK_v2.1.md:1120: | M07 | DBR | governed configuration | || 26_ENGINEERING_ALIGNMENT/W4-02A.6.30_ENGINEERING_ALIGNMENT_GUIDEBOOK_PLAYBOOK_v2.1.md:979: CONFIGURATION,RETAIN_CORE_ONLY,YES,N/A,YES,NO,NO,PRESERVE_NO_DELTA_REQUIRED
M03-CI-008,M03,PRESERVE,CAM11-0066,26_ENGINEERING_ALIGNMENT/W4-02A.6.30_ENGINEERING_ALIGNMENT_GUIDEBOOK_PLAYBOOK_v2.1.md,239e06d97698eb97c4e362b1b9ecf25f064fbe8e665e2f9e328d00e6d339a090,# RUMAHAGEN — W4-02A.6.30,26_ENGINEERING_ALIGNMENT/W4-02A.6.30_ENGINEERING_ALIGNMENT_GUIDEBOOK_PLAYBOOK_v2.1.md:1: # RUMAHAGEN — W4-02A.6.30 || 26_ENGINEERING_ALIGNMENT/W4-02A.6.30_ENGINEERING_ALIGNMENT_GUIDEBOOK_PLAYBOOK_v2.1.md:2: # ENGINEERING ALIGNMENT / GUIDEBOOK / PLAYBOOK || 26_ENGINEERING_ALIGNMENT/W4-02A.6.30_ENGINEERING_ALIGNMENT_GUIDEBOOK_PLAYBOOK_v2.1.md:4: **Version:** 2.1 || 26_ENGINEERING_ALIGNMENT/W4-02A.6.30_ENGINEERING_ALIGNMENT_GUIDEBOOK_PLAYBOOK_v2.1.md:5: **Date:** 19 August 2026 || 26_ENGINEERING_ALIGNMENT/W4-02A.6.30_ENGINEERING_ALIGNMENT_GUIDEBOOK_PLAYBOOK_v2.1.md:6: **Status:** CURRENT / GREEN — ENGINEERING ALIGNMENT BASELINE || 26_ENGINEERING_ALIGNMENT/W4-02A.6.30_ENGINEERING_ALIGNMENT_GUIDEBOOK_PLAYBOOK_v2.1.md:7: **Scope:** Engineering execution guidance for M01–M15,RUMAHAGEN_WF03_M03_FULL_REBUILD_v1.3_QIR_INTEGRATED_CONTROLLED.zip,Refresh no carry-forward,"_PROVENANCE_QIR_V1.0_SOURCE/03_M03_PERMISSION_MATRIX_FULL_v1.2.csv:13: M03,Listing,Refresh,Renew eligible published Listing search freshness without republishing or changing published_at,BYPASS,NONE,NONE,NONE,OWN,NONE,NONE,LOCKED,M03-REFRESH-01,EVIDENCED CANDIDATE,""District-local repositioning; latest successful server Refresh first; timestamp tie → first recorded action; Agent default quota 5/day, Superadmin-configurable, no carry-forward, Asia/Jakarta reset; one successful Refresh/Listing/day."" || _PROVENANCE_QIR_V1.0_SOURCE/01_M03_QUESTION_INVENTORY_RESOLVED_v1.0.csv:75: M03-Q74,Refresh/Carry Forward,Does unused daily Refresh quota carry forward?,No. Unused daily Refresh quota is discarded; there is no carry-forward.,RESOLVED,M03 Question Inventory Resolution v1.0 — locked M03 rule || _PROVENANCE_QIR_V1.0_SOURCE/01_M03_QUESTION_INVENTORY_RESOLVED_v1.0.csv:67: M03-Q66,Refresh/Reset,When does the per-Listing Refresh allowance reset?,The Agent daily Refresh allowance resets at the next Asia/Jakarta operational-day boundary to the configured daily value; unused quota is discarded and does not carry forward.,RESOLVED,M03 Question Inventory Resolution v1.0 — locked M03 rule",26_ENGINEERING_ALIGNMENT/W4-02A.6.30_ENGINEERING_ALIGNMENT_GUIDEBOOK_PLAYBOOK_v2.1.md:1289: - [x] Carry-Forward Audit PASS. || 26_ENGINEERING_ALIGNMENT/W4-02A.6.30_ENGINEERING_ALIGNMENT_GUIDEBOOK_PLAYBOOK_v2.1.md:1182: # 26. 6.30 CARRY-FORWARD AUDIT || 26_ENGINEERING_ALIGNMENT/W4-02A.6.30_ENGINEERING_ALIGNMENT_GUIDEBOOK_PLAYBOOK_v2.1.md:1184: ## Carried forward,RETAIN_CORE_ONLY,YES,N/A,YES,NO,NO,PRESERVE_NO_DELTA_REQUIRED
M03-CI-009,M03,ADD-NEW,CAM11-0011,04_ARCHITECTURE/W4-02A.6.5_SYSTEM_ARCHITECTURE_FULL_CONSOLIDATED_v1.8.docx,c1aa07968bb5bdfc9f9600dc48da804f65574f49da672282237ec90c4cc94884,"# developer-projects, calculator (dbr), notifications, rbac, seo","04_ARCHITECTURE/W4-02A.6.5_SYSTEM_ARCHITECTURE_FULL_CONSOLIDATED_v1.8.docx:591: # developer-projects, calculator (dbr), notifications, rbac, seo || 04_ARCHITECTURE/W4-02A.6.5_SYSTEM_ARCHITECTURE_FULL_CONSOLIDATED_v1.8.docx:592: /api/cron/                # Vercel Cron Jobs & Postgres Database Webhook target (ADR-006, Approved) || 04_ARCHITECTURE/W4-02A.6.5_SYSTEM_ARCHITECTURE_FULL_CONSOLIDATED_v1.8.docx:593: /{job}/route.ts          # reminder-scan, sitemap-regenerate, dst. — dilindungi CRON_SECRET || 04_ARCHITECTURE/W4-02A.6.5_SYSTEM_ARCHITECTURE_FULL_CONSOLIDATED_v1.8.docx:594: /components || 04_ARCHITECTURE/W4-02A.6.5_SYSTEM_ARCHITECTURE_FULL_CONSOLIDATED_v1.8.docx:595: /ui/                     # komponen dasar reusable — tanpa business logic (shadcn/ui) || 04_ARCHITECTURE/W4-02A.6.5_SYSTEM_ARCHITECTURE_FULL_CONSOLIDATED_v1.8.docx:596: /features/{module}/      # komponen spesifik per modul",RUMAHAGEN_WF03_M03_FULL_REBUILD_v1.3_QIR_INTEGRATED_CONTROLLED.zip,Refresh Asia/Jakarta reset,"_PROVENANCE_QIR_V1.0_SOURCE/03_M03_PERMISSION_MATRIX_FULL_v1.2.csv:13: M03,Listing,Refresh,Renew eligible published Listing search freshness without republishing or changing published_at,BYPASS,NONE,NONE,NONE,OWN,NONE,NONE,LOCKED,M03-REFRESH-01,EVIDENCED CANDIDATE,""District-local repositioning; latest successful server Refresh first; timestamp tie → first recorded action; Agent default quota 5/day, Superadmin-configurable, no carry-forward, Asia/Jakarta reset; one successful Refresh/Listing/day."" || _PROVENANCE_QIR_V1.0_SOURCE/01_M03_QUESTION_INVENTORY_RESOLVED_v1.0.csv:76: M03-Q75,Refresh/Reset,What happens at the next operational day?,""At the next Asia/Jakarta operational day boundary, available quota resets to the configured daily value, not previous remainder plus the new quota."",RESOLVED,M03 Question Inventory Resolution v1.0 — locked M03 rule || _PROVENANCE_QIR_V1.0_SOURCE/01_M03_QUESTION_INVENTORY_RESOLVED_v1.0.csv:67: M03-Q66,Refresh/Reset,When does the per-Listing Refresh allowance reset?,The Agent daily Refresh allowance resets at the next Asia/Jakarta operational-day boundary to the configured daily value; unused quota is discarded and does not carry forward.,RESOLVED,M03 Question Inventory Resolution v1.0 — locked M03 rule","04_ARCHITECTURE/W4-02A.6.5_SYSTEM_ARCHITECTURE_FULL_CONSOLIDATED_v1.8.docx:491: **Main Features:** `POST /auth/register`, `/auth/verify-otp`, `/auth/login`, `/auth/oauth/google`, `/auth/refresh`, `/auth/logout(-all)`, `/auth/forgot-password`, `/auth/reset-password`. || 04_ARCHITECTURE/W4-02A.6.5_SYSTEM_ARCHITECTURE_FULL_CONSOLIDATED_v1.8.docx:489: **Responsibilities:** Registrasi (email/HP + OTP), login password/Google OAuth2, refresh token, logout (single/all device), forgot/reset password, upload dokumen legalitas agen. || 04_ARCHITECTURE/W4-02A.6.5_SYSTEM_ARCHITECTURE_FULL_CONSOLIDATED_v1.8.docx:956: | **CSRF** | Mitigasi via SameSite cookie policy pada refresh token cookie + validasi origin pada request state-changing. |",ADD_MXX_VALID_DETAIL_RETAIN_CORE,YES,YES,YES,NO,NO,BOTH_TEXTUAL_CORROBORATION
M03-CI-010,M03,ADD-NEW,CAM11-0011,04_ARCHITECTURE/W4-02A.6.5_SYSTEM_ARCHITECTURE_FULL_CONSOLIDATED_v1.8.docx,c1aa07968bb5bdfc9f9600dc48da804f65574f49da672282237ec90c4cc94884,"# developer-projects, calculator (dbr), notifications, rbac, seo","04_ARCHITECTURE/W4-02A.6.5_SYSTEM_ARCHITECTURE_FULL_CONSOLIDATED_v1.8.docx:591: # developer-projects, calculator (dbr), notifications, rbac, seo || 04_ARCHITECTURE/W4-02A.6.5_SYSTEM_ARCHITECTURE_FULL_CONSOLIDATED_v1.8.docx:592: /api/cron/                # Vercel Cron Jobs & Postgres Database Webhook target (ADR-006, Approved) || 04_ARCHITECTURE/W4-02A.6.5_SYSTEM_ARCHITECTURE_FULL_CONSOLIDATED_v1.8.docx:593: /{job}/route.ts          # reminder-scan, sitemap-regenerate, dst. — dilindungi CRON_SECRET || 04_ARCHITECTURE/W4-02A.6.5_SYSTEM_ARCHITECTURE_FULL_CONSOLIDATED_v1.8.docx:594: /components || 04_ARCHITECTURE/W4-02A.6.5_SYSTEM_ARCHITECTURE_FULL_CONSOLIDATED_v1.8.docx:595: /ui/                     # komponen dasar reusable — tanpa business logic (shadcn/ui) || 04_ARCHITECTURE/W4-02A.6.5_SYSTEM_ARCHITECTURE_FULL_CONSOLIDATED_v1.8.docx:596: /features/{module}/      # komponen spesifik per modul",RUMAHAGEN_WF03_M03_FULL_REBUILD_v1.3_QIR_INTEGRATED_CONTROLLED.zip,One successful Refresh per Listing/day,"_PROVENANCE_QIR_V1.0_SOURCE/01_M03_QUESTION_INVENTORY_RESOLVED_v1.0.csv:48: M03-Q47,Refresh,Can a Listing be successfully refreshed more than once per applicable calendar day?,No; max one successful Refresh per Listing/day.,LOCKED,M03 Refresh reconciliation || _PROVENANCE_QIR_V1.0_SOURCE/00_M03_QUESTION_INVENTORY_RESOLUTION_REPORT_v1.0.md:33: - one successful Refresh per Listing/day; || _PROVENANCE_M03_V1.2_ORIGINAL/01_M03_QUESTION_INVENTORY_FULL_v1.2.csv:48: M03-Q47,Refresh,Can a Listing be successfully refreshed more than once per applicable calendar day?,No; max one successful Refresh per Listing/day.,LOCKED,M03 Refresh reconciliation","04_ARCHITECTURE/W4-02A.6.5_SYSTEM_ARCHITECTURE_FULL_CONSOLIDATED_v1.8.docx:1135: 4. **Kebijakan eksklusivitas proyek developer** per wilayah/agen — belum diputuskan. || 04_ARCHITECTURE/W4-02A.6.5_SYSTEM_ARCHITECTURE_FULL_CONSOLIDATED_v1.8.docx:1132: 1. **Threshold DBR final** dan apakah berbeda per bank rekanan — perlu input tim bisnis/legal. || 04_ARCHITECTURE/W4-02A.6.5_SYSTEM_ARCHITECTURE_FULL_CONSOLIDATED_v1.8.docx:1128: **Tidak ada item aktif di kategori ini per 31 Juli 2026** — seluruh 25 ADR di `architecture-decision-records.md` berstatus **Approved**. Bagian ini dipertahankan sebagai struktur baku untuk ADR baru yang mungkin muncul di masa depan (mis. perubahan scope, fitur baru di luar 11 modul saat ini) — jika terjadi, item baru dicatat di sini dengan format tabel yang sama (Topik | ADR | Prioritas | Wajib Selesai Sebelum), dan diimplementasikan sebagai **configurable placeholder** mengikuti Prinsip Penanganan di bawah.",ADD_MXX_VALID_DETAIL_RETAIN_CORE,YES,YES,YES,NO,NO,BOTH_TEXTUAL_CORROBORATION
M03-CI-011,M03,ADD-NEW,CAM11-0011,04_ARCHITECTURE/W4-02A.6.5_SYSTEM_ARCHITECTURE_FULL_CONSOLIDATED_v1.8.docx,c1aa07968bb5bdfc9f9600dc48da804f65574f49da672282237ec90c4cc94884,"# developer-projects, calculator (dbr), notifications, rbac, seo","04_ARCHITECTURE/W4-02A.6.5_SYSTEM_ARCHITECTURE_FULL_CONSOLIDATED_v1.8.docx:591: # developer-projects, calculator (dbr), notifications, rbac, seo || 04_ARCHITECTURE/W4-02A.6.5_SYSTEM_ARCHITECTURE_FULL_CONSOLIDATED_v1.8.docx:592: /api/cron/                # Vercel Cron Jobs & Postgres Database Webhook target (ADR-006, Approved) || 04_ARCHITECTURE/W4-02A.6.5_SYSTEM_ARCHITECTURE_FULL_CONSOLIDATED_v1.8.docx:593: /{job}/route.ts          # reminder-scan, sitemap-regenerate, dst. — dilindungi CRON_SECRET || 04_ARCHITECTURE/W4-02A.6.5_SYSTEM_ARCHITECTURE_FULL_CONSOLIDATED_v1.8.docx:594: /components || 04_ARCHITECTURE/W4-02A.6.5_SYSTEM_ARCHITECTURE_FULL_CONSOLIDATED_v1.8.docx:595: /ui/                     # komponen dasar reusable — tanpa business logic (shadcn/ui) || 04_ARCHITECTURE/W4-02A.6.5_SYSTEM_ARCHITECTURE_FULL_CONSOLIDATED_v1.8.docx:596: /features/{module}/      # komponen spesifik per modul",RUMAHAGEN_WF03_M03_FULL_REBUILD_v1.3_QIR_INTEGRATED_CONTROLLED.zip,District-local Refresh repositioning,"_PROVENANCE_QIR_V1.0_SOURCE/03_M03_PERMISSION_MATRIX_FULL_v1.2.csv:13: M03,Listing,Refresh,Renew eligible published Listing search freshness without republishing or changing published_at,BYPASS,NONE,NONE,NONE,OWN,NONE,NONE,LOCKED,M03-REFRESH-01,EVIDENCED CANDIDATE,""District-local repositioning; latest successful server Refresh first; timestamp tie → first recorded action; Agent default quota 5/day, Superadmin-configurable, no carry-forward, Asia/Jakarta reset; one successful Refresh/Listing/day."" || _PROVENANCE_M03_V1.2_ORIGINAL/03_M03_PERMISSION_MATRIX_FULL_v1.2.csv:13: M03,Listing,Refresh,Renew eligible published Listing search freshness without republishing or changing published_at,BYPASS,NONE,NONE,NONE,OWN,NONE,NONE,LOCKED,M03-REFRESH-01,EVIDENCED CANDIDATE,""District-local repositioning; latest successful server Refresh first; timestamp tie → first recorded action; Agent default quota 5/day, Superadmin-configurable, no carry-forward, Asia/Jakarta reset; one successful Refresh/Listing/day."" || 03_M03_PERMISSION_MATRIX_FULL_v1.3.csv:12: M03,Listing,Refresh,Renew eligible published Listing search freshness without republishing or changing published_at,BYPASS,NONE,NONE,NONE,OWN,NONE,NONE,LOCKED,M03-REFRESH-01,EVIDENCED CANDIDATE,District-local repositioning; latest successful Refresh first; same timestamp → first recorded action first; default 5 successful Refreshes/Agent/day; Superadmin configurable; no carry-forward; Asia/Jakarta reset; one successful Refresh/Listing/day.","04_ARCHITECTURE/W4-02A.6.5_SYSTEM_ARCHITECTURE_FULL_CONSOLIDATED_v1.8.docx:956: | **CSRF** | Mitigasi via SameSite cookie policy pada refresh token cookie + validasi origin pada request state-changing. | || 04_ARCHITECTURE/W4-02A.6.5_SYSTEM_ARCHITECTURE_FULL_CONSOLIDATED_v1.8.docx:955: | **XSS Prevention** | Refresh token di httpOnly cookie (bukan localStorage); output rendering React secara default sudah escape konten — hindari `dangerouslySetInnerHTML` tanpa sanitasi. | || 04_ARCHITECTURE/W4-02A.6.5_SYSTEM_ARCHITECTURE_FULL_CONSOLIDATED_v1.8.docx:861: Skema Zod (satu sumber, sama dengan backend — ADR-025) diintegrasikan dengan **React Hook Form** — validasi real-time client, validasi ulang wajib di server sebelum tulis DB. Field lokasi cascading (province → city → district) divalidasi keberadaannya, bukan hanya format.",ADD_MXX_VALID_DETAIL_RETAIN_CORE,YES,YES,YES,NO,NO,BOTH_TEXTUAL_CORROBORATION
M03-CI-012,M03,ADD-NEW,CAM11-0011,04_ARCHITECTURE/W4-02A.6.5_SYSTEM_ARCHITECTURE_FULL_CONSOLIDATED_v1.8.docx,c1aa07968bb5bdfc9f9600dc48da804f65574f49da672282237ec90c4cc94884,"# developer-projects, calculator (dbr), notifications, rbac, seo","04_ARCHITECTURE/W4-02A.6.5_SYSTEM_ARCHITECTURE_FULL_CONSOLIDATED_v1.8.docx:591: # developer-projects, calculator (dbr), notifications, rbac, seo || 04_ARCHITECTURE/W4-02A.6.5_SYSTEM_ARCHITECTURE_FULL_CONSOLIDATED_v1.8.docx:592: /api/cron/                # Vercel Cron Jobs & Postgres Database Webhook target (ADR-006, Approved) || 04_ARCHITECTURE/W4-02A.6.5_SYSTEM_ARCHITECTURE_FULL_CONSOLIDATED_v1.8.docx:593: /{job}/route.ts          # reminder-scan, sitemap-regenerate, dst. — dilindungi CRON_SECRET || 04_ARCHITECTURE/W4-02A.6.5_SYSTEM_ARCHITECTURE_FULL_CONSOLIDATED_v1.8.docx:594: /components || 04_ARCHITECTURE/W4-02A.6.5_SYSTEM_ARCHITECTURE_FULL_CONSOLIDATED_v1.8.docx:595: /ui/                     # komponen dasar reusable — tanpa business logic (shadcn/ui) || 04_ARCHITECTURE/W4-02A.6.5_SYSTEM_ARCHITECTURE_FULL_CONSOLIDATED_v1.8.docx:596: /features/{module}/      # komponen spesifik per modul",RUMAHAGEN_WF03_M03_FULL_REBUILD_v1.3_QIR_INTEGRATED_CONTROLLED.zip,Refresh tie-break first recorded,"_PROVENANCE_QIR_V1.0_SOURCE/01_M03_QUESTION_INVENTORY_RESOLVED_v1.0.csv:64: M03-Q63,Refresh/Tie Break,""If Refresh timestamps tie, which Listing ranks first?"",The Refresh action recorded first; listing_id ASC is only final fallback if event timestamp/order is indistinguishable.,LOCKED,New user-locked M03 rule || _PROVENANCE_M03_V1.2_ORIGINAL/01_M03_QUESTION_INVENTORY_FULL_v1.2.csv:64: M03-Q63,Refresh/Tie Break,""If Refresh timestamps tie, which Listing ranks first?"",The Refresh action recorded first; listing_id ASC is only final fallback if event timestamp/order is indistinguishable.,LOCKED,New user-locked M03 rule || 01_M03_QUESTION_INVENTORY_FULL_v1.3.csv:64: M03-Q63,Refresh/Tie Break,""If Refresh timestamps tie, which Listing ranks first?"",The Refresh action recorded first; listing_id ASC is only final fallback if event timestamp/order is indistinguishable.,LOCKED,M03 QIR v1.0 — resolved and integrated into M03 v1.3","04_ARCHITECTURE/W4-02A.6.5_SYSTEM_ARCHITECTURE_FULL_CONSOLIDATED_v1.8.docx:956: | **CSRF** | Mitigasi via SameSite cookie policy pada refresh token cookie + validasi origin pada request state-changing. | || 04_ARCHITECTURE/W4-02A.6.5_SYSTEM_ARCHITECTURE_FULL_CONSOLIDATED_v1.8.docx:955: | **XSS Prevention** | Refresh token di httpOnly cookie (bukan localStorage); output rendering React secara default sudah escape konten — hindari `dangerouslySetInnerHTML` tanpa sanitasi. | || 04_ARCHITECTURE/W4-02A.6.5_SYSTEM_ARCHITECTURE_FULL_CONSOLIDATED_v1.8.docx:760: **Logout** (`/auth/logout`) menginvalidasi 1 device; **logout-all** (`/auth/logout-all`) menginvalidasi seluruh sesi. **Catatan v1.5:** mekanisme blocklist/state refresh token lintas-instance kini final mengikuti mekanisme **ADR-018 (Caching Strategy, Approved)** — tabel `rate_limit_log`-style di Postgres (Fase 1), migrasi terjadwal ke Upstash Redis di Fase 2 jika kriteria ambang tercapai. Status `// TODO: migrasi ke Redis jika ADR-018 memilih Redis` **sudah dapat dihapus** dari kode.",ADD_MXX_VALID_DETAIL_RETAIN_CORE,YES,YES,YES,NO,NO,BOTH_TEXTUAL_CORROBORATION
M03-CI-013,M03,PRESERVE,CAM11-0039,19_IMPLEMENTATION_STRATEGY/W4-02A.6.23_MODULE_IMPLEMENTATION_STRATEGY_INTEGRATED_IMPLEMENTATION_SEQUENCING_v2.1.md,051aa36f9444153d1d56df6d960bd80d91922f3c1f84c02d636dc111dd20d47f,# RUMAHAGEN — MODULE IMPLEMENTATION STRATEGY,19_IMPLEMENTATION_STRATEGY/W4-02A.6.23_MODULE_IMPLEMENTATION_STRATEGY_INTEGRATED_IMPLEMENTATION_SEQUENCING_v2.1.md:1: # RUMAHAGEN — MODULE IMPLEMENTATION STRATEGY || 19_IMPLEMENTATION_STRATEGY/W4-02A.6.23_MODULE_IMPLEMENTATION_STRATEGY_INTEGRATED_IMPLEMENTATION_SEQUENCING_v2.1.md:2: ## W4-02A.6.23 — Integrated Implementation Sequencing || 19_IMPLEMENTATION_STRATEGY/W4-02A.6.23_MODULE_IMPLEMENTATION_STRATEGY_INTEGRATED_IMPLEMENTATION_SEQUENCING_v2.1.md:4: **Version:** 2.1 — W4-02A.6.23 || 19_IMPLEMENTATION_STRATEGY/W4-02A.6.23_MODULE_IMPLEMENTATION_STRATEGY_INTEGRATED_IMPLEMENTATION_SEQUENCING_v2.1.md:5: **Date:** 19 August 2026 || 19_IMPLEMENTATION_STRATEGY/W4-02A.6.23_MODULE_IMPLEMENTATION_STRATEGY_INTEGRATED_IMPLEMENTATION_SEQUENCING_v2.1.md:6: **Status:** **CURRENT IMPLEMENTATION-STRATEGY BASELINE — GREEN / FULLY CONSOLIDATED** || 19_IMPLEMENTATION_STRATEGY/W4-02A.6.23_MODULE_IMPLEMENTATION_STRATEGY_INTEGRATED_IMPLEMENTATION_SEQUENCING_v2.1.md:7: **Predecessor:** `RUMAHAGEN_MODULE_IMPLEMENTATION_STRATEGY_v2.0_WAVE3_STEP3.13_FULL_CONSOLIDATED_SYNCHRONIZED.md`,RUMAHAGEN_WF03_M03_FULL_REBUILD_v1.3_QIR_INTEGRATED_CONTROLLED.zip,Refresh server-authoritative timestamp,"_PROVENANCE_QIR_V1.0_SOURCE/06_M03_API_CONTRACT_FULL_v1.2.md:41: The server-generated successful Refresh timestamp/order is authoritative. Client-supplied time cannot determine ordering. || _PROVENANCE_QIR_V1.0_SOURCE/04_M03_SEMANTIC_LIFECYCLE_AUTHORITY_RESOLVED_v1.0.md:79: The server records the authoritative successful Refresh timestamp/order. || _PROVENANCE_QIR_V1.0_SOURCE/01_M03_QUESTION_INVENTORY_RESOLVED_v1.0.csv:65: M03-Q64,Refresh/Time,Who supplies the authoritative Refresh timestamp?,Server transaction time; client-supplied time cannot control ordering.,LOCKED,New user-locked M03 rule",19_IMPLEMENTATION_STRATEGY/W4-02A.6.23_MODULE_IMPLEMENTATION_STRATEGY_INTEGRATED_IMPLEMENTATION_SEQUENCING_v2.1.md:1049: Protected state changes remain server-authoritative. || 19_IMPLEMENTATION_STRATEGY/W4-02A.6.23_MODULE_IMPLEMENTATION_STRATEGY_INTEGRATED_IMPLEMENTATION_SEQUENCING_v2.1.md:2736: Secrets remain server-side. || 19_IMPLEMENTATION_STRATEGY/W4-02A.6.23_MODULE_IMPLEMENTATION_STRATEGY_INTEGRATED_IMPLEMENTATION_SEQUENCING_v2.1.md:2734: Client-side claims never create authoritative state.,RETAIN_CORE_ONLY,YES,N/A,YES,NO,NO,PRESERVE_NO_DELTA_REQUIRED
M03-CI-014,M03,ADD-NEW,CAM11-0067,27_AI_BLUEPRINT/W4-02A.6.31_AI_DEVELOPMENT_BLUEPRINT_v2.1.md,504a5738b3a832159850b0c1035e95f02b509a773a52fb01b722948e01ab09c2,# RUMAHAGEN — W4-02A.6.31,27_AI_BLUEPRINT/W4-02A.6.31_AI_DEVELOPMENT_BLUEPRINT_v2.1.md:1: # RUMAHAGEN — W4-02A.6.31 || 27_AI_BLUEPRINT/W4-02A.6.31_AI_DEVELOPMENT_BLUEPRINT_v2.1.md:2: # AI DEVELOPMENT BLUEPRINT || 27_AI_BLUEPRINT/W4-02A.6.31_AI_DEVELOPMENT_BLUEPRINT_v2.1.md:4: **Version:** 2.1 || 27_AI_BLUEPRINT/W4-02A.6.31_AI_DEVELOPMENT_BLUEPRINT_v2.1.md:5: **Date:** 19 August 2026 || 27_AI_BLUEPRINT/W4-02A.6.31_AI_DEVELOPMENT_BLUEPRINT_v2.1.md:6: **Status:** CURRENT / GREEN — AI DEVELOPMENT CONTEXT BASELINE || 27_AI_BLUEPRINT/W4-02A.6.31_AI_DEVELOPMENT_BLUEPRINT_v2.1.md:7: **Scope:** AI/Bolt-assisted engineering execution for M01–M15,RUMAHAGEN_WF03_M03_FULL_REBUILD_v1.3_QIR_INTEGRATED_CONTROLLED.zip,Media derivative thumbnails,"_PROVENANCE_QIR_V1.0_SOURCE/README_CONTROLLED_OUTPUT_v1.2.md:20: - Ten-rule derivative/thumbnail image contract is locked. || _PROVENANCE_QIR_V1.0_SOURCE/13_M03_MEDIA_THUMBNAIL_DERIVATIVE_CONTRACT_FULL_v1.2.md:24: Search responses should reference an optimized derivative appropriate to the component, not the original asset. || _PROVENANCE_QIR_V1.0_SOURCE/13_M03_MEDIA_THUMBNAIL_DERIVATIVE_CONTRACT_FULL_v1.2.md:15: ## Derivative classes",,ADD_MXX_VALID_DETAIL_RETAIN_CORE,YES,YES,YES,NO,NO,MXX_TEXTUAL_CORROBORATION_ONLY
M03-CI-015,M03,ADD-NEW,CAM11-0011,04_ARCHITECTURE/W4-02A.6.5_SYSTEM_ARCHITECTURE_FULL_CONSOLIDATED_v1.8.docx,c1aa07968bb5bdfc9f9600dc48da804f65574f49da672282237ec90c4cc94884,"# developer-projects, calculator (dbr), notifications, rbac, seo","04_ARCHITECTURE/W4-02A.6.5_SYSTEM_ARCHITECTURE_FULL_CONSOLIDATED_v1.8.docx:591: # developer-projects, calculator (dbr), notifications, rbac, seo || 04_ARCHITECTURE/W4-02A.6.5_SYSTEM_ARCHITECTURE_FULL_CONSOLIDATED_v1.8.docx:592: /api/cron/                # Vercel Cron Jobs & Postgres Database Webhook target (ADR-006, Approved) || 04_ARCHITECTURE/W4-02A.6.5_SYSTEM_ARCHITECTURE_FULL_CONSOLIDATED_v1.8.docx:593: /{job}/route.ts          # reminder-scan, sitemap-regenerate, dst. — dilindungi CRON_SECRET || 04_ARCHITECTURE/W4-02A.6.5_SYSTEM_ARCHITECTURE_FULL_CONSOLIDATED_v1.8.docx:594: /components || 04_ARCHITECTURE/W4-02A.6.5_SYSTEM_ARCHITECTURE_FULL_CONSOLIDATED_v1.8.docx:595: /ui/                     # komponen dasar reusable — tanpa business logic (shadcn/ui) || 04_ARCHITECTURE/W4-02A.6.5_SYSTEM_ARCHITECTURE_FULL_CONSOLIDATED_v1.8.docx:596: /features/{module}/      # komponen spesifik per modul",RUMAHAGEN_WF03_M03_FULL_REBUILD_v1.3_QIR_INTEGRATED_CONTROLLED.zip,Media no stretching,"_PROVENANCE_QIR_V1.0_SOURCE/13_M03_MEDIA_THUMBNAIL_DERIVATIVE_CONTRACT_FULL_v1.2.md:9: 6. Different target ratios use crop/cover or contain/letterbox behavior; geometric stretching is prohibited. || _PROVENANCE_QIR_V1.0_SOURCE/09_M03_SEARCH_CONTRACT_RESOLVED_v1.0.md:37: - no image stretching. || _PROVENANCE_QIR_V1.0_SOURCE/04_M03_SEMANTIC_LIFECYCLE_AUTHORITY_RESOLVED_v1.0.md:90: All derivatives preserve aspect ratio. Where a UI slot needs a different ratio, crop/cover or contain/letterbox is used. Geometric stretching is prohibited.",,ADD_MXX_VALID_DETAIL_RETAIN_CORE,YES,YES,YES,NO,NO,MXX_TEXTUAL_CORROBORATION_ONLY
M03-CI-016,M03,ADD-NEW,CAM11-0011,04_ARCHITECTURE/W4-02A.6.5_SYSTEM_ARCHITECTURE_FULL_CONSOLIDATED_v1.8.docx,c1aa07968bb5bdfc9f9600dc48da804f65574f49da672282237ec90c4cc94884,"# developer-projects, calculator (dbr), notifications, rbac, seo","04_ARCHITECTURE/W4-02A.6.5_SYSTEM_ARCHITECTURE_FULL_CONSOLIDATED_v1.8.docx:591: # developer-projects, calculator (dbr), notifications, rbac, seo || 04_ARCHITECTURE/W4-02A.6.5_SYSTEM_ARCHITECTURE_FULL_CONSOLIDATED_v1.8.docx:592: /api/cron/                # Vercel Cron Jobs & Postgres Database Webhook target (ADR-006, Approved) || 04_ARCHITECTURE/W4-02A.6.5_SYSTEM_ARCHITECTURE_FULL_CONSOLIDATED_v1.8.docx:593: /{job}/route.ts          # reminder-scan, sitemap-regenerate, dst. — dilindungi CRON_SECRET || 04_ARCHITECTURE/W4-02A.6.5_SYSTEM_ARCHITECTURE_FULL_CONSOLIDATED_v1.8.docx:594: /components || 04_ARCHITECTURE/W4-02A.6.5_SYSTEM_ARCHITECTURE_FULL_CONSOLIDATED_v1.8.docx:595: /ui/                     # komponen dasar reusable — tanpa business logic (shadcn/ui) || 04_ARCHITECTURE/W4-02A.6.5_SYSTEM_ARCHITECTURE_FULL_CONSOLIDATED_v1.8.docx:596: /features/{module}/      # komponen spesifik per modul",RUMAHAGEN_WF03_M03_FULL_REBUILD_v1.3_QIR_INTEGRATED_CONTROLLED.zip,Listing geographic binding,_PROVENANCE_QIR_V1.0_SOURCE/15_M03_QA_COMPLETION_CONTROLLED_v1.2.md:22: | Geographic binding unchanged | PASS | || _PROVENANCE_QIR_V1.0_SOURCE/08_M03_SCHEMA_ERD_RECONCILIATION_FULL_v1.2.sql:7: -- No geographic binding field is mutated by Refresh. || _PROVENANCE_QIR_V1.0_SOURCE/05_M03_CROSS_ARTIFACT_RECONCILIATION_FULL_v1.2.md:35: Refresh does not change geographic binding. It changes only search position inside the Listing's existing District.,"04_ARCHITECTURE/W4-02A.6.5_SYSTEM_ARCHITECTURE_FULL_CONSOLIDATED_v1.8.docx:1195: | Learning Session | Session lifecycle, Enrollment, Provider Binding, participation evidence and attendance/completion policy boundary |",ADD_MXX_VALID_DETAIL_RETAIN_CORE,YES,YES,YES,NO,NO,BOTH_TEXTUAL_CORROBORATION
M03-CI-017,M03,PRESERVE,CAM11-0066,26_ENGINEERING_ALIGNMENT/W4-02A.6.30_ENGINEERING_ALIGNMENT_GUIDEBOOK_PLAYBOOK_v2.1.md,239e06d97698eb97c4e362b1b9ecf25f064fbe8e665e2f9e328d00e6d339a090,# RUMAHAGEN — W4-02A.6.30,26_ENGINEERING_ALIGNMENT/W4-02A.6.30_ENGINEERING_ALIGNMENT_GUIDEBOOK_PLAYBOOK_v2.1.md:1: # RUMAHAGEN — W4-02A.6.30 || 26_ENGINEERING_ALIGNMENT/W4-02A.6.30_ENGINEERING_ALIGNMENT_GUIDEBOOK_PLAYBOOK_v2.1.md:2: # ENGINEERING ALIGNMENT / GUIDEBOOK / PLAYBOOK || 26_ENGINEERING_ALIGNMENT/W4-02A.6.30_ENGINEERING_ALIGNMENT_GUIDEBOOK_PLAYBOOK_v2.1.md:4: **Version:** 2.1 || 26_ENGINEERING_ALIGNMENT/W4-02A.6.30_ENGINEERING_ALIGNMENT_GUIDEBOOK_PLAYBOOK_v2.1.md:5: **Date:** 19 August 2026 || 26_ENGINEERING_ALIGNMENT/W4-02A.6.30_ENGINEERING_ALIGNMENT_GUIDEBOOK_PLAYBOOK_v2.1.md:6: **Status:** CURRENT / GREEN — ENGINEERING ALIGNMENT BASELINE || 26_ENGINEERING_ALIGNMENT/W4-02A.6.30_ENGINEERING_ALIGNMENT_GUIDEBOOK_PLAYBOOK_v2.1.md:7: **Scope:** Engineering execution guidance for M01–M15,RUMAHAGEN_WF03_M03_FULL_REBUILD_v1.3_QIR_INTEGRATED_CONTROLLED.zip,Audit provenance,"_PROVENANCE_QIR_V1.0_SOURCE/06_M03_API_CONTRACT_FULL_v1.2.md:20: 12. Write audit provenance through existing M09 AuditLog boundary. || _PROVENANCE_QIR_V1.0_SOURCE/05_M03_CROSS_ARTIFACT_RECONCILIATION_FULL_v1.2.md:17: | Audit provenance | M09 | || _PROVENANCE_QIR_V1.0_SOURCE/01_M03_QUESTION_INVENTORY_RESOLVED_v1.0.csv:50: M03-Q49,Refresh,What changes after successful Refresh?,last_refreshed_at updates; one allowance unit consumed; audit provenance recorded.,LOCKED,M03 Refresh cross-artifact reconciliation",26_ENGINEERING_ALIGNMENT/W4-02A.6.30_ENGINEERING_ALIGNMENT_GUIDEBOOK_PLAYBOOK_v2.1.md:1194: - provenance/audit; || 26_ENGINEERING_ALIGNMENT/W4-02A.6.30_ENGINEERING_ALIGNMENT_GUIDEBOOK_PLAYBOOK_v2.1.md:1310: 6.29 Execution Pack Audit             🟢 || 26_ENGINEERING_ALIGNMENT/W4-02A.6.30_ENGINEERING_ALIGNMENT_GUIDEBOOK_PLAYBOOK_v2.1.md:1289: - [x] Carry-Forward Audit PASS.,RETAIN_CORE_ONLY,YES,N/A,YES,NO,NO,PRESERVE_NO_DELTA_REQUIRED
M03-CI-018,M03,ADD-NEW,CAM11-0032,12_API/W4-02A.6.16_API_SPECIFICATION_CURRENT_API_CONTRACT_BASELINE_FULL_CONSOLIDATED_v2.1.docx,fbfc539044ed2b7037ebee6ed5d5065c4e14efbd042a4928b107c02c210277d1,NO_HEADING_DETECTED,12_API/W4-02A.6.16_API_SPECIFICATION_CURRENT_API_CONTRACT_BASELINE_FULL_CONSOLIDATED_v2.1.docx:1: RUMAHAGEN — API SPECIFICATION || 12_API/W4-02A.6.16_API_SPECIFICATION_CURRENT_API_CONTRACT_BASELINE_FULL_CONSOLIDATED_v2.1.docx:2: Wave 3 — Step 3.6 Full Consolidation & Synchronization || 12_API/W4-02A.6.16_API_SPECIFICATION_CURRENT_API_CONTRACT_BASELINE_FULL_CONSOLIDATED_v2.1.docx:3: Version: 2.1 — W4-02A.6.16 Current API/Contract Baseline || 12_API/W4-02A.6.16_API_SPECIFICATION_CURRENT_API_CONTRACT_BASELINE_FULL_CONSOLIDATED_v2.1.docx:4: Date: 19 August 2026 || 12_API/W4-02A.6.16_API_SPECIFICATION_CURRENT_API_CONTRACT_BASELINE_FULL_CONSOLIDATED_v2.1.docx:5: Status: CURRENT CANONICAL API CONTRACT BASELINE — COMPLETE / GREEN || 12_API/W4-02A.6.16_API_SPECIFICATION_CURRENT_API_CONTRACT_BASELINE_FULL_CONSOLIDATED_v2.1.docx:6: Predecessor: `RUMAHAGEN_API_SPECIFICATION_v2.0_WAVE3_STEP3.6_FULL_CONSOLIDATED_SYNCHRONIZED.md` + legacy v1.3 API + AEP1/AEP2/AEP3/AEP4 impact artifacts + W4-02A.6 current synchronization chain,RUMAHAGEN_WF03_M03_FULL_REBUILD_v1.3_QIR_INTEGRATED_CONTROLLED.zip,API Refresh,_PROVENANCE_QIR_V1.0_SOURCE/README_CONTROLLED_OUTPUT_v1.2.md:15: - Timestamp tie → first recorded Refresh action wins. || _PROVENANCE_QIR_V1.0_SOURCE/README_CONTROLLED_OUTPUT_v1.2.md:14: - Successful Refresh repositions only within the Listing's existing District. || _PROVENANCE_QIR_V1.0_SOURCE/README_CONTROLLED_OUTPUT_v1.2.md:12: - One successful Refresh per Listing per operational day.,12_API/W4-02A.6.16_API_SPECIFICATION_CURRENT_API_CONTRACT_BASELINE_FULL_CONSOLIDATED_v2.1.docx:953: POST || `/auth/logout` || Authenticated || Invalidate current refresh session. || 12_API/W4-02A.6.16_API_SPECIFICATION_CURRENT_API_CONTRACT_BASELINE_FULL_CONSOLIDATED_v2.1.docx:952: POST || `/auth/refresh` || Refresh token || Refresh access token.,ADD_MXX_VALID_DETAIL_RETAIN_CORE,YES,YES,YES,NO,NO,BOTH_TEXTUAL_CORROBORATION
M03-CI-019,M03,PRESERVE,CAM11-0047,23_M01_M07/W4-02A.6.27_FOCUSED_EXECUTION_PACK_M01-M07_v2.1_EXTRACTED/RUMAHAGEN_W4-02A.6.27_FOCUSED_EXECUTION_PACK_M01-M07_v2.1/M03_PHYSICAL_EXECUTION_SPEC_v2.1.md,e8e6797c1859277ab0b9506c6932f6748d38172bf3a0e553faef0249757ff7ae,# RUMAHAGEN — M03 PHYSICAL EXECUTION SPECIFICATION,23_M01_M07/W4-02A.6.27_FOCUSED_EXECUTION_PACK_M01-M07_v2.1_EXTRACTED/RUMAHAGEN_W4-02A.6.27_FOCUSED_EXECUTION_PACK_M01-M07_v2.1/M03_PHYSICAL_EXECUTION_SPEC_v2.1.md:1: # RUMAHAGEN — M03 PHYSICAL EXECUTION SPECIFICATION || 23_M01_M07/W4-02A.6.27_FOCUSED_EXECUTION_PACK_M01-M07_v2.1_EXTRACTED/RUMAHAGEN_W4-02A.6.27_FOCUSED_EXECUTION_PACK_M01-M07_v2.1/M03_PHYSICAL_EXECUTION_SPEC_v2.1.md:2: ## W4-02A.6.27 — Current Focused Execution Contract || 23_M01_M07/W4-02A.6.27_FOCUSED_EXECUTION_PACK_M01-M07_v2.1_EXTRACTED/RUMAHAGEN_W4-02A.6.27_FOCUSED_EXECUTION_PACK_M01-M07_v2.1/M03_PHYSICAL_EXECUTION_SPEC_v2.1.md:4: **Version:** 2.1 || 23_M01_M07/W4-02A.6.27_FOCUSED_EXECUTION_PACK_M01-M07_v2.1_EXTRACTED/RUMAHAGEN_W4-02A.6.27_FOCUSED_EXECUTION_PACK_M01-M07_v2.1/M03_PHYSICAL_EXECUTION_SPEC_v2.1.md:5: **Module:** M03 — Listing / Property Lifecycle / Search || 23_M01_M07/W4-02A.6.27_FOCUSED_EXECUTION_PACK_M01-M07_v2.1_EXTRACTED/RUMAHAGEN_W4-02A.6.27_FOCUSED_EXECUTION_PACK_M01-M07_v2.1/M03_PHYSICAL_EXECUTION_SPEC_v2.1.md:6: **Assigned batch:** B3 || 23_M01_M07/W4-02A.6.27_FOCUSED_EXECUTION_PACK_M01-M07_v2.1_EXTRACTED/RUMAHAGEN_W4-02A.6.27_FOCUSED_EXECUTION_PACK_M01-M07_v2.1/M03_PHYSICAL_EXECUTION_SPEC_v2.1.md:7: **Status:** CURRENT / EXECUTION-SPEC READY,RUMAHAGEN_WF03_M03_FULL_REBUILD_v1.3_QIR_INTEGRATED_CONTROLLED.zip,Physical/runtime separation,"_PROVENANCE_QIR_V1.0_SOURCE/01_M03_QUESTION_INVENTORY_RESOLVED_v1.0.csv:60: M03-Q59,Runtime,Is runtime PASS evidenced by the supplied uploads?,No; runtime/staging verification is not evidenced.,CONTROLLED,Deep-scan status separation || _PROVENANCE_M03_V1.2_ORIGINAL/01_M03_QUESTION_INVENTORY_FULL_v1.2.csv:60: M03-Q59,Runtime,Is runtime PASS evidenced by the supplied uploads?,No; runtime/staging verification is not evidenced.,CONTROLLED,Deep-scan status separation",,RETAIN_CORE_ONLY,YES,N/A,YES,NO,NO,PRESERVE_NO_DELTA_REQUIRED
M03-CI-020,M03,NO-PROPAGATION,CAM11-0011,04_ARCHITECTURE/W4-02A.6.5_SYSTEM_ARCHITECTURE_FULL_CONSOLIDATED_v1.8.docx,c1aa07968bb5bdfc9f9600dc48da804f65574f49da672282237ec90c4cc94884,"# developer-projects, calculator (dbr), notifications, rbac, seo","04_ARCHITECTURE/W4-02A.6.5_SYSTEM_ARCHITECTURE_FULL_CONSOLIDATED_v1.8.docx:591: # developer-projects, calculator (dbr), notifications, rbac, seo || 04_ARCHITECTURE/W4-02A.6.5_SYSTEM_ARCHITECTURE_FULL_CONSOLIDATED_v1.8.docx:592: /api/cron/                # Vercel Cron Jobs & Postgres Database Webhook target (ADR-006, Approved) || 04_ARCHITECTURE/W4-02A.6.5_SYSTEM_ARCHITECTURE_FULL_CONSOLIDATED_v1.8.docx:593: /{job}/route.ts          # reminder-scan, sitemap-regenerate, dst. — dilindungi CRON_SECRET || 04_ARCHITECTURE/W4-02A.6.5_SYSTEM_ARCHITECTURE_FULL_CONSOLIDATED_v1.8.docx:594: /components || 04_ARCHITECTURE/W4-02A.6.5_SYSTEM_ARCHITECTURE_FULL_CONSOLIDATED_v1.8.docx:595: /ui/                     # komponen dasar reusable — tanpa business logic (shadcn/ui) || 04_ARCHITECTURE/W4-02A.6.5_SYSTEM_ARCHITECTURE_FULL_CONSOLIDATED_v1.8.docx:596: /features/{module}/      # komponen spesifik per modul",RUMAHAGEN_WF03_M03_FULL_REBUILD_v1.3_QIR_INTEGRATED_CONTROLLED.zip,Refresh does not create regional quota,_PROVENANCE_QIR_V1.0_SOURCE/09_M03_SEARCH_CONTRACT_RESOLVED_v1.0.md:30: Existing search endpoints remain the public discovery surface. Refresh adds a ranking signal; it does not create a new search engine or geographic quota. || _PROVENANCE_M03_V1.2_ORIGINAL/09_M03_SEARCH_CONTRACT_FULL_v1.2.md:30: Existing search endpoints remain the public discovery surface. Refresh adds a ranking signal; it does not create a new search engine or geographic quota. || 09_M03_SEARCH_CONTRACT_FULL_v1.3.md:30: Existing search endpoints remain the public discovery surface. Refresh adds a ranking signal; it does not create a new search engine or geographic quota.,"04_ARCHITECTURE/W4-02A.6.5_SYSTEM_ARCHITECTURE_FULL_CONSOLIDATED_v1.8.docx:151: Rename does not create a new Award. || 04_ARCHITECTURE/W4-02A.6.5_SYSTEM_ARCHITECTURE_FULL_CONSOLIDATED_v1.8.docx:25: It does not independently create business decisions. || 04_ARCHITECTURE/W4-02A.6.5_SYSTEM_ARCHITECTURE_FULL_CONSOLIDATED_v1.8.docx:1276: UPDATE || Current Project Constitution v1.14 / Governance Register v1.16 / Decision Log v1.0; Master AEP/BR-derived logical domain map; current Learning Economy, Session, Title/Awarding, Commercial/Payment, Entitlement/Quota and cross-domain boundaries; current closures.",ADD_MXX_VALID_DETAIL_RETAIN_CORE,YES,N/A,YES,NO,NO,BOTH_TEXTUAL_CORROBORATION
M03-CI-021,M03,CONTROLLED,CAM11-0067,27_AI_BLUEPRINT/W4-02A.6.31_AI_DEVELOPMENT_BLUEPRINT_v2.1.md,504a5738b3a832159850b0c1035e95f02b509a773a52fb01b722948e01ab09c2,# RUMAHAGEN — W4-02A.6.31,27_AI_BLUEPRINT/W4-02A.6.31_AI_DEVELOPMENT_BLUEPRINT_v2.1.md:1: # RUMAHAGEN — W4-02A.6.31 || 27_AI_BLUEPRINT/W4-02A.6.31_AI_DEVELOPMENT_BLUEPRINT_v2.1.md:2: # AI DEVELOPMENT BLUEPRINT || 27_AI_BLUEPRINT/W4-02A.6.31_AI_DEVELOPMENT_BLUEPRINT_v2.1.md:4: **Version:** 2.1 || 27_AI_BLUEPRINT/W4-02A.6.31_AI_DEVELOPMENT_BLUEPRINT_v2.1.md:5: **Date:** 19 August 2026 || 27_AI_BLUEPRINT/W4-02A.6.31_AI_DEVELOPMENT_BLUEPRINT_v2.1.md:6: **Status:** CURRENT / GREEN — AI DEVELOPMENT CONTEXT BASELINE || 27_AI_BLUEPRINT/W4-02A.6.31_AI_DEVELOPMENT_BLUEPRINT_v2.1.md:7: **Scope:** AI/Bolt-assisted engineering execution for M01–M15,RUMAHAGEN_WF03_M03_FULL_REBUILD_v1.3_QIR_INTEGRATED_CONTROLLED.zip,M03 physical/runtime claims,_PROVENANCE_QIR_V1.0_SOURCE/README_CONTROLLED_OUTPUT_v1.2.md:23: M03 is complete at the semantic/module gate. Physical/runtime/production execution remains explicitly separated. || _PROVENANCE_QIR_V1.0_SOURCE/README_CONTROLLED_OUTPUT_v1.2.md:9: - M03 consumes/enforces the configured quota. || _PROVENANCE_QIR_V1.0_SOURCE/README_CONTROLLED_OUTPUT_v1.2.md:3: Standalone whole-module M03 full version.,27_AI_BLUEPRINT/W4-02A.6.31_AI_DEVELOPMENT_BLUEPRINT_v2.1.md:1284: - old physical/runtime claims; || 27_AI_BLUEPRINT/W4-02A.6.31_AI_DEVELOPMENT_BLUEPRINT_v2.1.md:540: M03 || 27_AI_BLUEPRINT/W4-02A.6.31_AI_DEVELOPMENT_BLUEPRINT_v2.1.md:535: ## M03 — Listing,ADD_MXX_VALID_DETAIL_RETAIN_CORE,YES,N/A,YES,NO,NO,BOTH_TEXTUAL_CORROBORATION
M04-CI-001,M04,PRESERVE,CAM11-0011,04_ARCHITECTURE/W4-02A.6.5_SYSTEM_ARCHITECTURE_FULL_CONSOLIDATED_v1.8.docx,c1aa07968bb5bdfc9f9600dc48da804f65574f49da672282237ec90c4cc94884,"# developer-projects, calculator (dbr), notifications, rbac, seo","04_ARCHITECTURE/W4-02A.6.5_SYSTEM_ARCHITECTURE_FULL_CONSOLIDATED_v1.8.docx:591: # developer-projects, calculator (dbr), notifications, rbac, seo || 04_ARCHITECTURE/W4-02A.6.5_SYSTEM_ARCHITECTURE_FULL_CONSOLIDATED_v1.8.docx:592: /api/cron/                # Vercel Cron Jobs & Postgres Database Webhook target (ADR-006, Approved) || 04_ARCHITECTURE/W4-02A.6.5_SYSTEM_ARCHITECTURE_FULL_CONSOLIDATED_v1.8.docx:593: /{job}/route.ts          # reminder-scan, sitemap-regenerate, dst. — dilindungi CRON_SECRET || 04_ARCHITECTURE/W4-02A.6.5_SYSTEM_ARCHITECTURE_FULL_CONSOLIDATED_v1.8.docx:594: /components || 04_ARCHITECTURE/W4-02A.6.5_SYSTEM_ARCHITECTURE_FULL_CONSOLIDATED_v1.8.docx:595: /ui/                     # komponen dasar reusable — tanpa business logic (shadcn/ui) || 04_ARCHITECTURE/W4-02A.6.5_SYSTEM_ARCHITECTURE_FULL_CONSOLIDATED_v1.8.docx:596: /features/{module}/      # komponen spesifik per modul",RUMAHAGEN_WF03_M04_FULL_REBUILD_v1.2_QIR_INTEGRATED_CONTROLLED.zip,Learning Activity + Completion,RETained_M04_v1.1/03_M04_SEMANTIC_REVIEW_v1.1.md:7: 1. **MADCR-049 is CLOSED / APPROVED / GOVERNING — Option A.** Learning Activity + Completion is the canonical completion/reward boundary. || M04_v1.1/03_M04_SEMANTIC_REVIEW_v1.1.md:7: 1. **MADCR-049 is CLOSED / APPROVED / GOVERNING — Option A.** Learning Activity + Completion is the canonical completion/reward boundary. || M04_CANONICAL_v1.2.md:173: 1. **MADCR-049 is CLOSED / APPROVED / GOVERNING — Option A.** Learning Activity + Completion is the canonical completion/reward boundary.,04_ARCHITECTURE/W4-02A.6.5_SYSTEM_ARCHITECTURE_FULL_CONSOLIDATED_v1.8.docx:1262: MADCR-049 — Option A || Learning Activity is canonical completion/reward boundary; Course/Module remains content/product structure. || 04_ARCHITECTURE/W4-02A.6.5_SYSTEM_ARCHITECTURE_FULL_CONSOLIDATED_v1.8.docx:190: Completion feeds Learning Activity; it is not equivalent to raw provider participation. || 04_ARCHITECTURE/W4-02A.6.5_SYSTEM_ARCHITECTURE_FULL_CONSOLIDATED_v1.8.docx:187: Learning Activity is the canonical completion/reward boundary.,RETAIN_CORE_ONLY,YES,N/A,YES,NO,NO,PRESERVE_NO_DELTA_REQUIRED
M04-CI-002,M04,PRESERVE,CAM11-0011,04_ARCHITECTURE/W4-02A.6.5_SYSTEM_ARCHITECTURE_FULL_CONSOLIDATED_v1.8.docx,c1aa07968bb5bdfc9f9600dc48da804f65574f49da672282237ec90c4cc94884,"# developer-projects, calculator (dbr), notifications, rbac, seo","04_ARCHITECTURE/W4-02A.6.5_SYSTEM_ARCHITECTURE_FULL_CONSOLIDATED_v1.8.docx:591: # developer-projects, calculator (dbr), notifications, rbac, seo || 04_ARCHITECTURE/W4-02A.6.5_SYSTEM_ARCHITECTURE_FULL_CONSOLIDATED_v1.8.docx:592: /api/cron/                # Vercel Cron Jobs & Postgres Database Webhook target (ADR-006, Approved) || 04_ARCHITECTURE/W4-02A.6.5_SYSTEM_ARCHITECTURE_FULL_CONSOLIDATED_v1.8.docx:593: /{job}/route.ts          # reminder-scan, sitemap-regenerate, dst. — dilindungi CRON_SECRET || 04_ARCHITECTURE/W4-02A.6.5_SYSTEM_ARCHITECTURE_FULL_CONSOLIDATED_v1.8.docx:594: /components || 04_ARCHITECTURE/W4-02A.6.5_SYSTEM_ARCHITECTURE_FULL_CONSOLIDATED_v1.8.docx:595: /ui/                     # komponen dasar reusable — tanpa business logic (shadcn/ui) || 04_ARCHITECTURE/W4-02A.6.5_SYSTEM_ARCHITECTURE_FULL_CONSOLIDATED_v1.8.docx:596: /features/{module}/      # komponen spesifik per modul",RUMAHAGEN_WF03_M04_FULL_REBUILD_v1.2_QIR_INTEGRATED_CONTROLLED.zip,Learning Session,RETained_M04_v1.1/03_M04_SEMANTIC_REVIEW_v1.1.md:9: 3. Learning Session is separate from Course Enrollment and Event Registration. || RETained_M04_v1.1/01_M04_INVENTORY_FULL_DEEP_SCAN_v1.1.md:26: - Canonical Learning Session technical resources already exist. || M04_v1.1/03_M04_SEMANTIC_REVIEW_v1.1.md:9: 3. Learning Session is separate from Course Enrollment and Event Registration.,"04_ARCHITECTURE/W4-02A.6.5_SYSTEM_ARCHITECTURE_FULL_CONSOLIDATED_v1.8.docx:1255: Authority || RumahAgen remains System of Record for Learning Session business state || 04_ARCHITECTURE/W4-02A.6.5_SYSTEM_ARCHITECTURE_FULL_CONSOLIDATED_v1.8.docx:1244: Learning Session || Learning || 04_ARCHITECTURE/W4-02A.6.5_SYSTEM_ARCHITECTURE_FULL_CONSOLIDATED_v1.8.docx:1214: Commercial provides trusted payment/access outcomes to downstream domains. Learning Session may consume commercial access/entitlement outcomes, but remains the authority for Session lifecycle. Learning Economy owns Learning Point processing. Awarding owns Award Instance creation and historical award provenance.",RETAIN_CORE_ONLY,YES,N/A,YES,NO,NO,PRESERVE_NO_DELTA_REQUIRED
M04-CI-003,M04,PRESERVE,CAM11-0011,04_ARCHITECTURE/W4-02A.6.5_SYSTEM_ARCHITECTURE_FULL_CONSOLIDATED_v1.8.docx,c1aa07968bb5bdfc9f9600dc48da804f65574f49da672282237ec90c4cc94884,"# developer-projects, calculator (dbr), notifications, rbac, seo","04_ARCHITECTURE/W4-02A.6.5_SYSTEM_ARCHITECTURE_FULL_CONSOLIDATED_v1.8.docx:591: # developer-projects, calculator (dbr), notifications, rbac, seo || 04_ARCHITECTURE/W4-02A.6.5_SYSTEM_ARCHITECTURE_FULL_CONSOLIDATED_v1.8.docx:592: /api/cron/                # Vercel Cron Jobs & Postgres Database Webhook target (ADR-006, Approved) || 04_ARCHITECTURE/W4-02A.6.5_SYSTEM_ARCHITECTURE_FULL_CONSOLIDATED_v1.8.docx:593: /{job}/route.ts          # reminder-scan, sitemap-regenerate, dst. — dilindungi CRON_SECRET || 04_ARCHITECTURE/W4-02A.6.5_SYSTEM_ARCHITECTURE_FULL_CONSOLIDATED_v1.8.docx:594: /components || 04_ARCHITECTURE/W4-02A.6.5_SYSTEM_ARCHITECTURE_FULL_CONSOLIDATED_v1.8.docx:595: /ui/                     # komponen dasar reusable — tanpa business logic (shadcn/ui) || 04_ARCHITECTURE/W4-02A.6.5_SYSTEM_ARCHITECTURE_FULL_CONSOLIDATED_v1.8.docx:596: /features/{module}/      # komponen spesifik per modul",RUMAHAGEN_WF03_M04_FULL_REBUILD_v1.2_QIR_INTEGRATED_CONTROLLED.zip,Session Enrollment,"RETained_M04_v1.1/99_PROVENANCE_SOURCE_V1.0/01_M04_INVENTORY_FULL_DEEP_SCAN_v1.0.md:255: CM-09,M04↔M05,Event Registration vs Session Enrollment,M05 owns Event/Event Registration; M04 owns Session/Session Enrollment.,Event Registration remains separate from Session Enrollment.,Prevent M06/M05 permissions from mutating M04 Session Enrollment.,M05 + M04,LOCKED / STABLE,YES,No reopen required. || M04_v1.1/99_PROVENANCE_SOURCE_V1.0/01_M04_INVENTORY_FULL_DEEP_SCAN_v1.0.md:255: CM-09,M04↔M05,Event Registration vs Session Enrollment,M05 owns Event/Event Registration; M04 owns Session/Session Enrollment.,Event Registration remains separate from Session Enrollment.,Prevent M06/M05 permissions from mutating M04 Session Enrollment.,M05 + M04,LOCKED / STABLE,YES,No reopen required. || M04_CANONICAL_v1.2.md:228: ## Session enrollment lifecycle","04_ARCHITECTURE/W4-02A.6.5_SYSTEM_ARCHITECTURE_FULL_CONSOLIDATED_v1.8.docx:1265: AEP4-OD-16 / 17 || Session enrollment/access lifecycle and PENDING → ACTIVE → COMPLETED. || 04_ARCHITECTURE/W4-02A.6.5_SYSTEM_ARCHITECTURE_FULL_CONSOLIDATED_v1.8.docx:1195: | Learning Session | Session lifecycle, Enrollment, Provider Binding, participation evidence and attendance/completion policy boundary | || 04_ARCHITECTURE/W4-02A.6.5_SYSTEM_ARCHITECTURE_FULL_CONSOLIDATED_v1.8.docx:1289: Learning / Session / Title / Commercial architecture synchronized || GREEN",RETAIN_CORE_ONLY,YES,N/A,YES,NO,NO,PRESERVE_NO_DELTA_REQUIRED
M04-CI-004,M04,PRESERVE,CAM11-0011,04_ARCHITECTURE/W4-02A.6.5_SYSTEM_ARCHITECTURE_FULL_CONSOLIDATED_v1.8.docx,c1aa07968bb5bdfc9f9600dc48da804f65574f49da672282237ec90c4cc94884,"# developer-projects, calculator (dbr), notifications, rbac, seo","04_ARCHITECTURE/W4-02A.6.5_SYSTEM_ARCHITECTURE_FULL_CONSOLIDATED_v1.8.docx:591: # developer-projects, calculator (dbr), notifications, rbac, seo || 04_ARCHITECTURE/W4-02A.6.5_SYSTEM_ARCHITECTURE_FULL_CONSOLIDATED_v1.8.docx:592: /api/cron/                # Vercel Cron Jobs & Postgres Database Webhook target (ADR-006, Approved) || 04_ARCHITECTURE/W4-02A.6.5_SYSTEM_ARCHITECTURE_FULL_CONSOLIDATED_v1.8.docx:593: /{job}/route.ts          # reminder-scan, sitemap-regenerate, dst. — dilindungi CRON_SECRET || 04_ARCHITECTURE/W4-02A.6.5_SYSTEM_ARCHITECTURE_FULL_CONSOLIDATED_v1.8.docx:594: /components || 04_ARCHITECTURE/W4-02A.6.5_SYSTEM_ARCHITECTURE_FULL_CONSOLIDATED_v1.8.docx:595: /ui/                     # komponen dasar reusable — tanpa business logic (shadcn/ui) || 04_ARCHITECTURE/W4-02A.6.5_SYSTEM_ARCHITECTURE_FULL_CONSOLIDATED_v1.8.docx:596: /features/{module}/      # komponen spesifik per modul",RUMAHAGEN_WF03_M04_FULL_REBUILD_v1.2_QIR_INTEGRATED_CONTROLLED.zip,Session Evidence / Attendance / Completion,RETained_M04_v1.1/99_PROVENANCE_SOURCE_V1.0/01_M04_INVENTORY_FULL_DEEP_SCAN_v1.0.md:296: M04-CA-005 | Session evidence → Learning Activity handoff | AEP4 / BR / ERD / API / M04 decisions | Current API and Functional contracts explicitly define Session evidence → attendance/completion evaluation → qualifying Learning Activity evidence → Learning Economy reward logic. Session API does not directly issue LP. | ALIGNED | HIGH | Preserve directional handoff. No direct Session → LP mutation authority. | API v2.1; Functional v2.1; ERD v2.1; M04 decisions || RETained_M04_v1.1/99_PROVENANCE_SOURCE_V1.0/01_M04_INVENTORY_FULL_DEEP_SCAN_v1.0.md:282: M04-CA-005 | Session evidence → Learning Activity handoff | AEP4 / BR / ERD / API / M04 decisions | Current API and Functional contracts explicitly define Session evidence → attendance/completion evaluation → qualifying Learning Activity evidence → Learning Economy reward logic. Session API does not directly issue LP. | ALIGNED | HIGH | Preserve directional handoff. No direct Session → LP mutation authority. | API v2.1; Functional v2.1; ERD v2.1; M04 decisions || RETained_M04_v1.1/99_PROVENANCE_SOURCE_V1.0/01_M04_INVENTORY_FULL_DEEP_SCAN_v1.0.md:269: M04-CA-005 | Session evidence → Learning Activity handoff | AEP4 / BR / ERD / API / M04 decisions | Current API and Functional contracts explicitly define Session evidence → attendance/completion evaluation → qualifying Learning Activity evidence → Learning Economy reward logic. Session API does not directly issue LP. | ALIGNED | HIGH | Preserve directional handoff. No direct Session → LP mutation authority. | API v2.1; Functional v2.1; ERD v2.1; M04 decisions,"04_ARCHITECTURE/W4-02A.6.5_SYSTEM_ARCHITECTURE_FULL_CONSOLIDATED_v1.8.docx:1195: | Learning Session | Session lifecycle, Enrollment, Provider Binding, participation evidence and attendance/completion policy boundary | || 04_ARCHITECTURE/W4-02A.6.5_SYSTEM_ARCHITECTURE_FULL_CONSOLIDATED_v1.8.docx:1259: Recording || Optional and separate from attendance/completion || 04_ARCHITECTURE/W4-02A.6.5_SYSTEM_ARCHITECTURE_FULL_CONSOLIDATED_v1.8.docx:131: Provider participation is evidence; RumahAgen evaluates attendance.",RETAIN_CORE_ONLY,YES,N/A,YES,NO,NO,PRESERVE_NO_DELTA_REQUIRED
M04-CI-005,M04,PRESERVE,CAM11-0011,04_ARCHITECTURE/W4-02A.6.5_SYSTEM_ARCHITECTURE_FULL_CONSOLIDATED_v1.8.docx,c1aa07968bb5bdfc9f9600dc48da804f65574f49da672282237ec90c4cc94884,"# developer-projects, calculator (dbr), notifications, rbac, seo","04_ARCHITECTURE/W4-02A.6.5_SYSTEM_ARCHITECTURE_FULL_CONSOLIDATED_v1.8.docx:591: # developer-projects, calculator (dbr), notifications, rbac, seo || 04_ARCHITECTURE/W4-02A.6.5_SYSTEM_ARCHITECTURE_FULL_CONSOLIDATED_v1.8.docx:592: /api/cron/                # Vercel Cron Jobs & Postgres Database Webhook target (ADR-006, Approved) || 04_ARCHITECTURE/W4-02A.6.5_SYSTEM_ARCHITECTURE_FULL_CONSOLIDATED_v1.8.docx:593: /{job}/route.ts          # reminder-scan, sitemap-regenerate, dst. — dilindungi CRON_SECRET || 04_ARCHITECTURE/W4-02A.6.5_SYSTEM_ARCHITECTURE_FULL_CONSOLIDATED_v1.8.docx:594: /components || 04_ARCHITECTURE/W4-02A.6.5_SYSTEM_ARCHITECTURE_FULL_CONSOLIDATED_v1.8.docx:595: /ui/                     # komponen dasar reusable — tanpa business logic (shadcn/ui) || 04_ARCHITECTURE/W4-02A.6.5_SYSTEM_ARCHITECTURE_FULL_CONSOLIDATED_v1.8.docx:596: /features/{module}/      # komponen spesifik per modul",RUMAHAGEN_WF03_M04_FULL_REBUILD_v1.2_QIR_INTEGRATED_CONTROLLED.zip,Session Artifact,"RETained_M04_v1.1/99_PROVENANCE_SOURCE_V1.0/07_M04_PHYSICAL_RUNTIME_STATUS_REVIEW_v1.0.md:365: M04,Session Recording / Artifact Access,Follow existing Core permission path; existing View-SessionArtifact retained; no new permission,,,,,,,,,LOCKED,Q-M04-G-11,Core/Frozen + explicit M04 decision where applicable,PERM-M04-View-SessionArtifact,Existing frozen artifact permission retained; no new permission.,M01-M06-064,CURRENT LOCKED SEMANTIC ROW || RETained_M04_v1.1/99_PROVENANCE_SOURCE_V1.0/07_M04_PHYSICAL_RUNTIME_STATUS_REVIEW_v1.0.md:355: M04,Session Recording / Artifact Access,Follow existing Core permission path; existing View-SessionArtifact retained; no new permission,,,,,,,,,LOCKED,Q-M04-G-11,Core/Frozen + explicit M04 decision where applicable,PERM-M04-View-SessionArtifact,Existing frozen artifact permission retained; no new permission.,M01-M06-064,CURRENT LOCKED SEMANTIC ROW || RETained_M04_v1.1/99_PROVENANCE_SOURCE_V1.0/07_M04_PHYSICAL_RUNTIME_STATUS_REVIEW_v1.0.md:265: Q-M04-G-11 | M04 | Session Recording / Artifact Access | Follow existing Core permission path; existing View-SessionArtifact retained; no new permission | LOCKED | Core/Frozen + explicit M04 decision where applicable | PERM-M04-View-SessionArtifact | Existing frozen artifact permission retained; no new permission.","04_ARCHITECTURE/W4-02A.6.5_SYSTEM_ARCHITECTURE_FULL_CONSOLIDATED_v1.8.docx:1289: Learning / Session / Title / Commercial architecture synchronized || GREEN || 04_ARCHITECTURE/W4-02A.6.5_SYSTEM_ARCHITECTURE_FULL_CONSOLIDATED_v1.8.docx:1277: SUPERSEDE || Earlier current-state claims that conflict with later governing architecture, including pre-Master-AEP 11-module scope and placeholder-only Commercial/Learning/Title/Session treatment. || 04_ARCHITECTURE/W4-02A.6.5_SYSTEM_ARCHITECTURE_FULL_CONSOLIDATED_v1.8.docx:1276: UPDATE || Current Project Constitution v1.14 / Governance Register v1.16 / Decision Log v1.0; Master AEP/BR-derived logical domain map; current Learning Economy, Session, Title/Awarding, Commercial/Payment, Entitlement/Quota and cross-domain boundaries; current closures.",RETAIN_CORE_ONLY,YES,N/A,YES,NO,NO,PRESERVE_NO_DELTA_REQUIRED
M04-CI-006,M04,PRESERVE,CAM11-0011,04_ARCHITECTURE/W4-02A.6.5_SYSTEM_ARCHITECTURE_FULL_CONSOLIDATED_v1.8.docx,c1aa07968bb5bdfc9f9600dc48da804f65574f49da672282237ec90c4cc94884,"# developer-projects, calculator (dbr), notifications, rbac, seo","04_ARCHITECTURE/W4-02A.6.5_SYSTEM_ARCHITECTURE_FULL_CONSOLIDATED_v1.8.docx:591: # developer-projects, calculator (dbr), notifications, rbac, seo || 04_ARCHITECTURE/W4-02A.6.5_SYSTEM_ARCHITECTURE_FULL_CONSOLIDATED_v1.8.docx:592: /api/cron/                # Vercel Cron Jobs & Postgres Database Webhook target (ADR-006, Approved) || 04_ARCHITECTURE/W4-02A.6.5_SYSTEM_ARCHITECTURE_FULL_CONSOLIDATED_v1.8.docx:593: /{job}/route.ts          # reminder-scan, sitemap-regenerate, dst. — dilindungi CRON_SECRET || 04_ARCHITECTURE/W4-02A.6.5_SYSTEM_ARCHITECTURE_FULL_CONSOLIDATED_v1.8.docx:594: /components || 04_ARCHITECTURE/W4-02A.6.5_SYSTEM_ARCHITECTURE_FULL_CONSOLIDATED_v1.8.docx:595: /ui/                     # komponen dasar reusable — tanpa business logic (shadcn/ui) || 04_ARCHITECTURE/W4-02A.6.5_SYSTEM_ARCHITECTURE_FULL_CONSOLIDATED_v1.8.docx:596: /features/{module}/      # komponen spesifik per modul",RUMAHAGEN_WF03_M04_FULL_REBUILD_v1.2_QIR_INTEGRATED_CONTROLLED.zip,Session Assignment,"RETained_M04_v1.1/99_PROVENANCE_SOURCE_V1.0/02_M04_QUESTION_INVENTORY_v1.0.md:287: - `ZIP2/RUMAHAGEN_WF-03.2_MASTER_PERMISSION_MATRIX_M01-M08_RECONCILED_v1.2.csv:56` — M04,LearningSession Assignment,Resource Capability Enforcement,,LOCKED MODEL A–E,,,,,,,LOCKED,Q-M04-G-02,Core/Frozen + explicit M04 decision where applicable,,,M01-M06-055,CURRENT LOCKED SEMANTIC ROW || RETained_M04_v1.1/99_PROVENANCE_SOURCE_V1.0/02_M04_QUESTION_INVENTORY_v1.0.md:195: - `ZIP2/RUMAHAGEN_WF-03.2_M04_PERMISSION_MATRIX_CONSOLIDATED_v1.1.xlsx:31` — Q-M04-G-02 | M04 | LearningSession Assignment | Resource Capability Enforcement | LOCKED MODEL A–E | LOCKED | Core/Frozen + explicit M04 decision where applicable || RETained_M04_v1.1/99_PROVENANCE_SOURCE_V1.0/02_M04_QUESTION_INVENTORY_v1.0.md:145: - `ZIP2/RUMAHAGEN_WF-03.2_MASTER_PERMISSION_MATRIX_M01-M07_RECONCILED_v1.1.xlsx:57` — M04 | LearningSession Assignment | Resource Capability Enforcement | LOCKED MODEL A–E | LOCKED | Q-M04-G-02 | Core/Frozen + explicit M04 decision where applicable | M01-M06-055 | CURRENT LOCKED SEMANTIC ROW","04_ARCHITECTURE/W4-02A.6.5_SYSTEM_ARCHITECTURE_FULL_CONSOLIDATED_v1.8.docx:1289: Learning / Session / Title / Commercial architecture synchronized || GREEN || 04_ARCHITECTURE/W4-02A.6.5_SYSTEM_ARCHITECTURE_FULL_CONSOLIDATED_v1.8.docx:1277: SUPERSEDE || Earlier current-state claims that conflict with later governing architecture, including pre-Master-AEP 11-module scope and placeholder-only Commercial/Learning/Title/Session treatment. || 04_ARCHITECTURE/W4-02A.6.5_SYSTEM_ARCHITECTURE_FULL_CONSOLIDATED_v1.8.docx:1276: UPDATE || Current Project Constitution v1.14 / Governance Register v1.16 / Decision Log v1.0; Master AEP/BR-derived logical domain map; current Learning Economy, Session, Title/Awarding, Commercial/Payment, Entitlement/Quota and cross-domain boundaries; current closures.",RETAIN_CORE_ONLY,YES,N/A,YES,NO,NO,PRESERVE_NO_DELTA_REQUIRED
M04-CI-007,M04,PRESERVE,CAM11-0011,04_ARCHITECTURE/W4-02A.6.5_SYSTEM_ARCHITECTURE_FULL_CONSOLIDATED_v1.8.docx,c1aa07968bb5bdfc9f9600dc48da804f65574f49da672282237ec90c4cc94884,"# developer-projects, calculator (dbr), notifications, rbac, seo","04_ARCHITECTURE/W4-02A.6.5_SYSTEM_ARCHITECTURE_FULL_CONSOLIDATED_v1.8.docx:591: # developer-projects, calculator (dbr), notifications, rbac, seo || 04_ARCHITECTURE/W4-02A.6.5_SYSTEM_ARCHITECTURE_FULL_CONSOLIDATED_v1.8.docx:592: /api/cron/                # Vercel Cron Jobs & Postgres Database Webhook target (ADR-006, Approved) || 04_ARCHITECTURE/W4-02A.6.5_SYSTEM_ARCHITECTURE_FULL_CONSOLIDATED_v1.8.docx:593: /{job}/route.ts          # reminder-scan, sitemap-regenerate, dst. — dilindungi CRON_SECRET || 04_ARCHITECTURE/W4-02A.6.5_SYSTEM_ARCHITECTURE_FULL_CONSOLIDATED_v1.8.docx:594: /components || 04_ARCHITECTURE/W4-02A.6.5_SYSTEM_ARCHITECTURE_FULL_CONSOLIDATED_v1.8.docx:595: /ui/                     # komponen dasar reusable — tanpa business logic (shadcn/ui) || 04_ARCHITECTURE/W4-02A.6.5_SYSTEM_ARCHITECTURE_FULL_CONSOLIDATED_v1.8.docx:596: /features/{module}/      # komponen spesifik per modul",RUMAHAGEN_WF03_M04_FULL_REBUILD_v1.2_QIR_INTEGRATED_CONTROLLED.zip,Provider,,,RETAIN_CORE_ONLY,YES,N/A,YES,NO,NO,PRESERVE_NO_DELTA_REQUIRED
M04-CI-008,M04,PRESERVE,CAM11-0011,04_ARCHITECTURE/W4-02A.6.5_SYSTEM_ARCHITECTURE_FULL_CONSOLIDATED_v1.8.docx,c1aa07968bb5bdfc9f9600dc48da804f65574f49da672282237ec90c4cc94884,"# developer-projects, calculator (dbr), notifications, rbac, seo","04_ARCHITECTURE/W4-02A.6.5_SYSTEM_ARCHITECTURE_FULL_CONSOLIDATED_v1.8.docx:591: # developer-projects, calculator (dbr), notifications, rbac, seo || 04_ARCHITECTURE/W4-02A.6.5_SYSTEM_ARCHITECTURE_FULL_CONSOLIDATED_v1.8.docx:592: /api/cron/                # Vercel Cron Jobs & Postgres Database Webhook target (ADR-006, Approved) || 04_ARCHITECTURE/W4-02A.6.5_SYSTEM_ARCHITECTURE_FULL_CONSOLIDATED_v1.8.docx:593: /{job}/route.ts          # reminder-scan, sitemap-regenerate, dst. — dilindungi CRON_SECRET || 04_ARCHITECTURE/W4-02A.6.5_SYSTEM_ARCHITECTURE_FULL_CONSOLIDATED_v1.8.docx:594: /components || 04_ARCHITECTURE/W4-02A.6.5_SYSTEM_ARCHITECTURE_FULL_CONSOLIDATED_v1.8.docx:595: /ui/                     # komponen dasar reusable — tanpa business logic (shadcn/ui) || 04_ARCHITECTURE/W4-02A.6.5_SYSTEM_ARCHITECTURE_FULL_CONSOLIDATED_v1.8.docx:596: /features/{module}/      # komponen spesifik per modul",RUMAHAGEN_WF03_M04_FULL_REBUILD_v1.2_QIR_INTEGRATED_CONTROLLED.zip,Host / Instructor,RETained_M04_v1.1/99_PROVENANCE_SOURCE_V1.0/01_M04_INVENTORY_FULL_DEEP_SCAN_v1.0.md:295: M04-CA-004 | Host / Instructor capability model | RBAC / RLS / Assignment / API | Current authorization baseline states Host and Instructor are separate resource capabilities; assignment is distinct from platform permission. API and functional contracts preserve this separation. | ALIGNED | HIGH | Implementation remains permission + scope + resource capability/assignment + RLS/business-state governed. | RBAC/RLS v2.1; API v2.1; Functional v2.1; MADCR-054 || RETained_M04_v1.1/99_PROVENANCE_SOURCE_V1.0/01_M04_INVENTORY_FULL_DEEP_SCAN_v1.0.md:281: M04-CA-004 | Host / Instructor capability model | RBAC / RLS / Assignment / API | Current authorization baseline states Host and Instructor are separate resource capabilities; assignment is distinct from platform permission. API and functional contracts preserve this separation. | ALIGNED | HIGH | Implementation remains permission + scope + resource capability/assignment + RLS/business-state governed. | RBAC/RLS v2.1; API v2.1; Functional v2.1; MADCR-054 || RETained_M04_v1.1/99_PROVENANCE_SOURCE_V1.0/01_M04_INVENTORY_FULL_DEEP_SCAN_v1.0.md:268: M04-CA-004 | Host / Instructor capability model | RBAC / RLS / Assignment / API | Current authorization baseline states Host and Instructor are separate resource capabilities; assignment is distinct from platform permission. API and functional contracts preserve this separation. | ALIGNED | HIGH | Implementation remains permission + scope + resource capability/assignment + RLS/business-state governed. | RBAC/RLS v2.1; API v2.1; Functional v2.1; MADCR-054,"04_ARCHITECTURE/W4-02A.6.5_SYSTEM_ARCHITECTURE_FULL_CONSOLIDATED_v1.8.docx:1267: MADCR-053 / 054 || Authorization = Capability + Permission + Scope; Host ≠ Instructor. || 04_ARCHITECTURE/W4-02A.6.5_SYSTEM_ARCHITECTURE_FULL_CONSOLIDATED_v1.8.docx:169: Host and Instructor are separate capabilities. || 04_ARCHITECTURE/W4-02A.6.5_SYSTEM_ARCHITECTURE_FULL_CONSOLIDATED_v1.8.docx:790: `(admin)` — hanya diakses `superadmin`/`manager`/`admin`/`instructor` (Instructor terbatas ke sub-menu Learning Center); role-gated per sub-menu, menu tidak relevan **disembunyikan penuh**.",RETAIN_CORE_ONLY,YES,N/A,YES,NO,NO,PRESERVE_NO_DELTA_REQUIRED
M04-CI-009,M04,PRESERVE,CAM11-0011,04_ARCHITECTURE/W4-02A.6.5_SYSTEM_ARCHITECTURE_FULL_CONSOLIDATED_v1.8.docx,c1aa07968bb5bdfc9f9600dc48da804f65574f49da672282237ec90c4cc94884,"# developer-projects, calculator (dbr), notifications, rbac, seo","04_ARCHITECTURE/W4-02A.6.5_SYSTEM_ARCHITECTURE_FULL_CONSOLIDATED_v1.8.docx:591: # developer-projects, calculator (dbr), notifications, rbac, seo || 04_ARCHITECTURE/W4-02A.6.5_SYSTEM_ARCHITECTURE_FULL_CONSOLIDATED_v1.8.docx:592: /api/cron/                # Vercel Cron Jobs & Postgres Database Webhook target (ADR-006, Approved) || 04_ARCHITECTURE/W4-02A.6.5_SYSTEM_ARCHITECTURE_FULL_CONSOLIDATED_v1.8.docx:593: /{job}/route.ts          # reminder-scan, sitemap-regenerate, dst. — dilindungi CRON_SECRET || 04_ARCHITECTURE/W4-02A.6.5_SYSTEM_ARCHITECTURE_FULL_CONSOLIDATED_v1.8.docx:594: /components || 04_ARCHITECTURE/W4-02A.6.5_SYSTEM_ARCHITECTURE_FULL_CONSOLIDATED_v1.8.docx:595: /ui/                     # komponen dasar reusable — tanpa business logic (shadcn/ui) || 04_ARCHITECTURE/W4-02A.6.5_SYSTEM_ARCHITECTURE_FULL_CONSOLIDATED_v1.8.docx:596: /features/{module}/      # komponen spesifik per modul",RUMAHAGEN_WF03_M04_FULL_REBUILD_v1.2_QIR_INTEGRATED_CONTROLLED.zip,Session Visibility,"RETained_M04_v1.1/99_PROVENANCE_SOURCE_V1.0/07_M04_PHYSICAL_RUNTIME_STATUS_REVIEW_v1.0.md:376: M04,Provider Capability Visibility,Option A — No New Permission; existing Session/provider access path,,NO NEW PERMISSION,NO NEW PERMISSION,NO NEW PERMISSION,NO NEW PERMISSION,NO NEW PERMISSION,NO NEW PERMISSION,NO NEW PERMISSION,LOCKED,Q-M04-G-17,Core/Frozen + explicit M04 decision where applicable,,,M01-M06-070,CURRENT LOCKED SEMANTIC ROW || RETained_M04_v1.1/99_PROVENANCE_SOURCE_V1.0/07_M04_PHYSICAL_RUNTIME_STATUS_REVIEW_v1.0.md:300: Q-M04-G-17 | M04 | Provider Capability Visibility | Option A — No New Permission; existing Session/provider access path | LOCKED | Core/Frozen + explicit M04 decision where applicable || RETained_M04_v1.1/99_PROVENANCE_SOURCE_V1.0/07_M04_PHYSICAL_RUNTIME_STATUS_REVIEW_v1.0.md:288: Q-M04-G-17 | M04 | Provider Capability Visibility | Option A — No New Permission; existing Session/provider access path | LOCKED | Core/Frozen + explicit M04 decision where applicable","04_ARCHITECTURE/W4-02A.6.5_SYSTEM_ARCHITECTURE_FULL_CONSOLIDATED_v1.8.docx:1289: Learning / Session / Title / Commercial architecture synchronized || GREEN || 04_ARCHITECTURE/W4-02A.6.5_SYSTEM_ARCHITECTURE_FULL_CONSOLIDATED_v1.8.docx:1277: SUPERSEDE || Earlier current-state claims that conflict with later governing architecture, including pre-Master-AEP 11-module scope and placeholder-only Commercial/Learning/Title/Session treatment. || 04_ARCHITECTURE/W4-02A.6.5_SYSTEM_ARCHITECTURE_FULL_CONSOLIDATED_v1.8.docx:1276: UPDATE || Current Project Constitution v1.14 / Governance Register v1.16 / Decision Log v1.0; Master AEP/BR-derived logical domain map; current Learning Economy, Session, Title/Awarding, Commercial/Payment, Entitlement/Quota and cross-domain boundaries; current closures.",RETAIN_CORE_ONLY,YES,N/A,YES,NO,NO,PRESERVE_NO_DELTA_REQUIRED
M04-CI-010,M04,ADD-NEW,CAM11-0011,04_ARCHITECTURE/W4-02A.6.5_SYSTEM_ARCHITECTURE_FULL_CONSOLIDATED_v1.8.docx,c1aa07968bb5bdfc9f9600dc48da804f65574f49da672282237ec90c4cc94884,"# developer-projects, calculator (dbr), notifications, rbac, seo","04_ARCHITECTURE/W4-02A.6.5_SYSTEM_ARCHITECTURE_FULL_CONSOLIDATED_v1.8.docx:591: # developer-projects, calculator (dbr), notifications, rbac, seo || 04_ARCHITECTURE/W4-02A.6.5_SYSTEM_ARCHITECTURE_FULL_CONSOLIDATED_v1.8.docx:592: /api/cron/                # Vercel Cron Jobs & Postgres Database Webhook target (ADR-006, Approved) || 04_ARCHITECTURE/W4-02A.6.5_SYSTEM_ARCHITECTURE_FULL_CONSOLIDATED_v1.8.docx:593: /{job}/route.ts          # reminder-scan, sitemap-regenerate, dst. — dilindungi CRON_SECRET || 04_ARCHITECTURE/W4-02A.6.5_SYSTEM_ARCHITECTURE_FULL_CONSOLIDATED_v1.8.docx:594: /components || 04_ARCHITECTURE/W4-02A.6.5_SYSTEM_ARCHITECTURE_FULL_CONSOLIDATED_v1.8.docx:595: /ui/                     # komponen dasar reusable — tanpa business logic (shadcn/ui) || 04_ARCHITECTURE/W4-02A.6.5_SYSTEM_ARCHITECTURE_FULL_CONSOLIDATED_v1.8.docx:596: /features/{module}/      # komponen spesifik per modul",RUMAHAGEN_WF03_M04_FULL_REBUILD_v1.2_QIR_INTEGRATED_CONTROLLED.zip,Session permission family,RETained_M04_v1.1/09_M04_QA_FULL_v1.1.md:8: - No duplicate Session permission family introduced. || RETained_M04_v1.1/07_M04_PHYSICAL_RUNTIME_STATUS_REVIEW_v1.1.md:9: - Frozen 14-row Session permission family: Core-confirmed direction. || RETained_M04_v1.1/06_M04_PERMISSION_ROLE_REVIEW_v1.1.md:9: ## Frozen Session permission family,"04_ARCHITECTURE/W4-02A.6.5_SYSTEM_ARCHITECTURE_FULL_CONSOLIDATED_v1.8.docx:1289: Learning / Session / Title / Commercial architecture synchronized || GREEN || 04_ARCHITECTURE/W4-02A.6.5_SYSTEM_ARCHITECTURE_FULL_CONSOLIDATED_v1.8.docx:1277: SUPERSEDE || Earlier current-state claims that conflict with later governing architecture, including pre-Master-AEP 11-module scope and placeholder-only Commercial/Learning/Title/Session treatment. || 04_ARCHITECTURE/W4-02A.6.5_SYSTEM_ARCHITECTURE_FULL_CONSOLIDATED_v1.8.docx:1276: UPDATE || Current Project Constitution v1.14 / Governance Register v1.16 / Decision Log v1.0; Master AEP/BR-derived logical domain map; current Learning Economy, Session, Title/Awarding, Commercial/Payment, Entitlement/Quota and cross-domain boundaries; current closures.",ADD_MXX_VALID_DETAIL_RETAIN_CORE,YES,YES,YES,NO,NO,BOTH_TEXTUAL_CORROBORATION
M04-CI-011,M04,PRESERVE,CAM11-0011,04_ARCHITECTURE/W4-02A.6.5_SYSTEM_ARCHITECTURE_FULL_CONSOLIDATED_v1.8.docx,c1aa07968bb5bdfc9f9600dc48da804f65574f49da672282237ec90c4cc94884,"# developer-projects, calculator (dbr), notifications, rbac, seo","04_ARCHITECTURE/W4-02A.6.5_SYSTEM_ARCHITECTURE_FULL_CONSOLIDATED_v1.8.docx:591: # developer-projects, calculator (dbr), notifications, rbac, seo || 04_ARCHITECTURE/W4-02A.6.5_SYSTEM_ARCHITECTURE_FULL_CONSOLIDATED_v1.8.docx:592: /api/cron/                # Vercel Cron Jobs & Postgres Database Webhook target (ADR-006, Approved) || 04_ARCHITECTURE/W4-02A.6.5_SYSTEM_ARCHITECTURE_FULL_CONSOLIDATED_v1.8.docx:593: /{job}/route.ts          # reminder-scan, sitemap-regenerate, dst. — dilindungi CRON_SECRET || 04_ARCHITECTURE/W4-02A.6.5_SYSTEM_ARCHITECTURE_FULL_CONSOLIDATED_v1.8.docx:594: /components || 04_ARCHITECTURE/W4-02A.6.5_SYSTEM_ARCHITECTURE_FULL_CONSOLIDATED_v1.8.docx:595: /ui/                     # komponen dasar reusable — tanpa business logic (shadcn/ui) || 04_ARCHITECTURE/W4-02A.6.5_SYSTEM_ARCHITECTURE_FULL_CONSOLIDATED_v1.8.docx:596: /features/{module}/      # komponen spesifik per modul",RUMAHAGEN_WF03_M04_FULL_REBUILD_v1.2_QIR_INTEGRATED_CONTROLLED.zip,Session → Learning Activity,"RETained_M04_v1.1/04_M04_LIFECYCLE_REVIEW_v1.1.md:11: - Session → Learning Activity is directional evidence handoff. || M04_v1.1/04_M04_LIFECYCLE_REVIEW_v1.1.md:11: - Session → Learning Activity is directional evidence handoff. || RETained_M04_v1.1/99_PROVENANCE_SOURCE_V1.0/07_M04_PHYSICAL_RUNTIME_STATUS_REVIEW_v1.0.md:362: M04,Session Completion → Learning Activity Handoff,Handoff,,BYPASS,ALL,ALL,OWN,NONE,NONE,NONE,LOCKED,Q-M04-G-08,Core/Frozen + explicit M04 decision where applicable,,,M01-M06-061,CURRENT LOCKED SEMANTIC ROW","04_ARCHITECTURE/W4-02A.6.5_SYSTEM_ARCHITECTURE_FULL_CONSOLIDATED_v1.8.docx:1289: Learning / Session / Title / Commercial architecture synchronized || GREEN || 04_ARCHITECTURE/W4-02A.6.5_SYSTEM_ARCHITECTURE_FULL_CONSOLIDATED_v1.8.docx:1277: SUPERSEDE || Earlier current-state claims that conflict with later governing architecture, including pre-Master-AEP 11-module scope and placeholder-only Commercial/Learning/Title/Session treatment. || 04_ARCHITECTURE/W4-02A.6.5_SYSTEM_ARCHITECTURE_FULL_CONSOLIDATED_v1.8.docx:1276: UPDATE || Current Project Constitution v1.14 / Governance Register v1.16 / Decision Log v1.0; Master AEP/BR-derived logical domain map; current Learning Economy, Session, Title/Awarding, Commercial/Payment, Entitlement/Quota and cross-domain boundaries; current closures.",RETAIN_CORE_ONLY,YES,N/A,YES,NO,NO,PRESERVE_NO_DELTA_REQUIRED
M04-CI-012,M04,PRESERVE,CAM11-0011,04_ARCHITECTURE/W4-02A.6.5_SYSTEM_ARCHITECTURE_FULL_CONSOLIDATED_v1.8.docx,c1aa07968bb5bdfc9f9600dc48da804f65574f49da672282237ec90c4cc94884,"# developer-projects, calculator (dbr), notifications, rbac, seo","04_ARCHITECTURE/W4-02A.6.5_SYSTEM_ARCHITECTURE_FULL_CONSOLIDATED_v1.8.docx:591: # developer-projects, calculator (dbr), notifications, rbac, seo || 04_ARCHITECTURE/W4-02A.6.5_SYSTEM_ARCHITECTURE_FULL_CONSOLIDATED_v1.8.docx:592: /api/cron/                # Vercel Cron Jobs & Postgres Database Webhook target (ADR-006, Approved) || 04_ARCHITECTURE/W4-02A.6.5_SYSTEM_ARCHITECTURE_FULL_CONSOLIDATED_v1.8.docx:593: /{job}/route.ts          # reminder-scan, sitemap-regenerate, dst. — dilindungi CRON_SECRET || 04_ARCHITECTURE/W4-02A.6.5_SYSTEM_ARCHITECTURE_FULL_CONSOLIDATED_v1.8.docx:594: /components || 04_ARCHITECTURE/W4-02A.6.5_SYSTEM_ARCHITECTURE_FULL_CONSOLIDATED_v1.8.docx:595: /ui/                     # komponen dasar reusable — tanpa business logic (shadcn/ui) || 04_ARCHITECTURE/W4-02A.6.5_SYSTEM_ARCHITECTURE_FULL_CONSOLIDATED_v1.8.docx:596: /features/{module}/      # komponen spesifik per modul",RUMAHAGEN_WF03_M04_FULL_REBUILD_v1.2_QIR_INTEGRATED_CONTROLLED.zip,Reward boundary,RETained_M04_v1.1/99_PROVENANCE_SOURCE_V1.0/01_M04_INVENTORY_FULL_DEEP_SCAN_v1.0.md:297: M04-CA-006 | Learning Activity / reward authority | BR / ERD / Schema / API / UI | Current contracts state Learning Activity is the completion/reward boundary; LP transaction is separate. UI explicitly prevents the implication that every completion creates LP. | ALIGNED | HIGH | No direct completion→Award or Session→LP shortcut. Reward remains configured/governed. | BR v1.2; Schema v2.7; API v2.1; UI/UX v2.1 || RETained_M04_v1.1/99_PROVENANCE_SOURCE_V1.0/01_M04_INVENTORY_FULL_DEEP_SCAN_v1.0.md:283: M04-CA-006 | Learning Activity / reward authority | BR / ERD / Schema / API / UI | Current contracts state Learning Activity is the completion/reward boundary; LP transaction is separate. UI explicitly prevents the implication that every completion creates LP. | ALIGNED | HIGH | No direct completion→Award or Session→LP shortcut. Reward remains configured/governed. | BR v1.2; Schema v2.7; API v2.1; UI/UX v2.1 || RETained_M04_v1.1/99_PROVENANCE_SOURCE_V1.0/01_M04_INVENTORY_FULL_DEEP_SCAN_v1.0.md:270: M04-CA-006 | Learning Activity / reward authority | BR / ERD / Schema / API / UI | Current contracts state Learning Activity is the completion/reward boundary; LP transaction is separate. UI explicitly prevents the implication that every completion creates LP. | ALIGNED | HIGH | No direct completion→Award or Session→LP shortcut. Reward remains configured/governed. | BR v1.2; Schema v2.7; API v2.1; UI/UX v2.1,04_ARCHITECTURE/W4-02A.6.5_SYSTEM_ARCHITECTURE_FULL_CONSOLIDATED_v1.8.docx:1262: MADCR-049 — Option A || Learning Activity is canonical completion/reward boundary; Course/Module remains content/product structure. || 04_ARCHITECTURE/W4-02A.6.5_SYSTEM_ARCHITECTURE_FULL_CONSOLIDATED_v1.8.docx:187: Learning Activity is the canonical completion/reward boundary. || 04_ARCHITECTURE/W4-02A.6.5_SYSTEM_ARCHITECTURE_FULL_CONSOLIDATED_v1.8.docx:1290: Historical boundary explicit || GREEN,RETAIN_CORE_ONLY,YES,N/A,YES,NO,NO,PRESERVE_NO_DELTA_REQUIRED
M04-CI-013,M04,CONTROLLED,CAM11-0011,04_ARCHITECTURE/W4-02A.6.5_SYSTEM_ARCHITECTURE_FULL_CONSOLIDATED_v1.8.docx,c1aa07968bb5bdfc9f9600dc48da804f65574f49da672282237ec90c4cc94884,"# developer-projects, calculator (dbr), notifications, rbac, seo","04_ARCHITECTURE/W4-02A.6.5_SYSTEM_ARCHITECTURE_FULL_CONSOLIDATED_v1.8.docx:591: # developer-projects, calculator (dbr), notifications, rbac, seo || 04_ARCHITECTURE/W4-02A.6.5_SYSTEM_ARCHITECTURE_FULL_CONSOLIDATED_v1.8.docx:592: /api/cron/                # Vercel Cron Jobs & Postgres Database Webhook target (ADR-006, Approved) || 04_ARCHITECTURE/W4-02A.6.5_SYSTEM_ARCHITECTURE_FULL_CONSOLIDATED_v1.8.docx:593: /{job}/route.ts          # reminder-scan, sitemap-regenerate, dst. — dilindungi CRON_SECRET || 04_ARCHITECTURE/W4-02A.6.5_SYSTEM_ARCHITECTURE_FULL_CONSOLIDATED_v1.8.docx:594: /components || 04_ARCHITECTURE/W4-02A.6.5_SYSTEM_ARCHITECTURE_FULL_CONSOLIDATED_v1.8.docx:595: /ui/                     # komponen dasar reusable — tanpa business logic (shadcn/ui) || 04_ARCHITECTURE/W4-02A.6.5_SYSTEM_ARCHITECTURE_FULL_CONSOLIDATED_v1.8.docx:596: /features/{module}/      # komponen spesifik per modul",RUMAHAGEN_WF03_M04_FULL_REBUILD_v1.2_QIR_INTEGRATED_CONTROLLED.zip,Partnership Learning Result,"RETained_M04_v1.1/99_PROVENANCE_SOURCE_V1.0/07_M04_PHYSICAL_RUNTIME_STATUS_REVIEW_v1.0.md:377: M04,Partnership Learning Result Management,BYPASS / NONE / NONE / NONE / NONE / ALL / NONE (Developer Partner ALL within authorized partner domain),,BYPASS,NONE,NONE,NONE,NONE,ALL,NONE,LOCKED,Q-M04-H-01,Explicit user decision / semantic matrix delta,,Semantic matrix decision; physical permission/RLS binding is M10 downstream.,M01-M06-071,CURRENT LOCKED SEMANTIC ROW || RETained_M04_v1.1/99_PROVENANCE_SOURCE_V1.0/07_M04_PHYSICAL_RUNTIME_STATUS_REVIEW_v1.0.md:306: Q-M04-I-02 | M04 | Partnership Learning Result.View | BYPASS / ALL / ALL / NONE / OWN / PARTNER / NONE (PARTNER = authorized partner domain scope, not a new platform scope) | LOCKED | Explicit user decision / semantic matrix delta | Semantic matrix decision; physical permission/RLS binding is M10 downstream. || RETained_M04_v1.1/99_PROVENANCE_SOURCE_V1.0/07_M04_PHYSICAL_RUNTIME_STATUS_REVIEW_v1.0.md:301: Q-M04-H-01 | M04 | Partnership Learning Result Management | BYPASS / NONE / NONE / NONE / NONE / ALL / NONE (Developer Partner ALL within authorized partner domain) | LOCKED | Explicit user decision / semantic matrix delta | Semantic matrix decision; physical permission/RLS binding is M10 downstream.",04_ARCHITECTURE/W4-02A.6.5_SYSTEM_ARCHITECTURE_FULL_CONSOLIDATED_v1.8.docx:106: Partnership Learning retains partner provenance and does not automatically inherit Internal Learning Economy rules. || 04_ARCHITECTURE/W4-02A.6.5_SYSTEM_ARCHITECTURE_FULL_CONSOLIDATED_v1.8.docx:53: │   └── Partnership Learning || 04_ARCHITECTURE/W4-02A.6.5_SYSTEM_ARCHITECTURE_FULL_CONSOLIDATED_v1.8.docx:1289: Learning / Session / Title / Commercial architecture synchronized || GREEN,ADD_MXX_VALID_DETAIL_RETAIN_CORE,YES,N/A,YES,NO,NO,BOTH_TEXTUAL_CORROBORATION
M04-CI-014,M04,CONTROLLED,CAM11-0074,30_RECONCILIATION_EVIDENCE/W4-02A.5R_SOURCE_UPDATE_REVALIDATION_v1.1.docx,47a6f021e6c409e73d5d7c7dddaaa270107190db90dba4ff30760080155a2b8f,NO_HEADING_DETECTED,"30_RECONCILIATION_EVIDENCE/W4-02A.5R_SOURCE_UPDATE_REVALIDATION_v1.1.docx:1: RUMAHAGEN — W4-02A.5R SOURCE UPDATE REVALIDATION || 30_RECONCILIATION_EVIDENCE/W4-02A.5R_SOURCE_UPDATE_REVALIDATION_v1.1.docx:2: Version 1.1 | 19 August 2026 | COMPLETE / GREEN || 30_RECONCILIATION_EVIDENCE/W4-02A.5R_SOURCE_UPDATE_REVALIDATION_v1.1.docx:3: 1. Trigger || 30_RECONCILIATION_EVIDENCE/W4-02A.5R_SOURCE_UPDATE_REVALIDATION_v1.1.docx:4: The refreshed wa1-W4 done(3).zip contains a new explicit Owner approval for MBR-COM-001–013 and an Owner Decision Freeze. The prior W4-02A.5 result was therefore revalidated before W4-02A.6. || 30_RECONCILIATION_EVIDENCE/W4-02A.5R_SOURCE_UPDATE_REVALIDATION_v1.1.docx:5: 2. Governing Update || 30_RECONCILIATION_EVIDENCE/W4-02A.5R_SOURCE_UPDATE_REVALIDATION_v1.1.docx:6: RUMAHAGEN_COMMERCIAL_BUSINESS_RULES_CLOSURE_MBR-COM-001-013_v1.0.md explicitly states MBR-COM-001–013 = CLOSED — OWNER APPROVED and supersedes the previous CONTROLLED EVIDENCE / PROVENANCE GAP classification. Approved content covers subscription/entitlement/RBAC boundary, free bonus grant, add-on validity, agency allocation, quota usage, promotion/purchase snapshot, subscription transition, order/payment/fulfillment, verified/idempotent payment, reconciliation, refund/chargeback, provenance, configuration governance, provider independence, and beta payment activation governance.",RUMAHAGEN_WF03_M04_FULL_REBUILD_v1.2_QIR_INTEGRATED_CONTROLLED.zip,Learning Reconciliation,"RETained_M04_v1.1/99_PROVENANCE_SOURCE_V1.0/07_M04_PHYSICAL_RUNTIME_STATUS_REVIEW_v1.0.md:379: M04,Learning Reconciliation Remediation,BYPASS / ALL / ALL / NONE / NONE / NONE / NONE,,BYPASS,ALL,ALL,NONE,NONE,NONE,NONE,LOCKED,Q-M04-H-03,Explicit user decision / semantic matrix delta,,Semantic matrix decision; physical permission/RLS binding is M10 downstream.,M01-M06-073,CURRENT LOCKED SEMANTIC ROW || RETained_M04_v1.1/99_PROVENANCE_SOURCE_V1.0/07_M04_PHYSICAL_RUNTIME_STATUS_REVIEW_v1.0.md:378: M04,Learning Reconciliation Investigation,BYPASS / ALL / ALL / NONE / NONE / NONE / NONE,,BYPASS,ALL,ALL,NONE,NONE,NONE,NONE,LOCKED,Q-M04-H-02,Explicit user decision / semantic matrix delta,,Semantic matrix decision; physical permission/RLS binding is M10 downstream.,M01-M06-072,CURRENT LOCKED SEMANTIC ROW || RETained_M04_v1.1/99_PROVENANCE_SOURCE_V1.0/07_M04_PHYSICAL_RUNTIME_STATUS_REVIEW_v1.0.md:307: Q-M04-I-03 | M04 | Learning Reconciliation.View | BYPASS / ALL / ALL / NONE / NONE / NONE / NONE | LOCKED | Explicit user decision / semantic matrix delta | Semantic matrix decision; physical permission/RLS binding is M10 downstream.","30_RECONCILIATION_EVIDENCE/W4-02A.5R_SOURCE_UPDATE_REVALIDATION_v1.1.docx:6: RUMAHAGEN_COMMERCIAL_BUSINESS_RULES_CLOSURE_MBR-COM-001-013_v1.0.md explicitly states MBR-COM-001–013 = CLOSED — OWNER APPROVED and supersedes the previous CONTROLLED EVIDENCE / PROVENANCE GAP classification. Approved content covers subscription/entitlement/RBAC boundary, free bonus grant, add-on validity, agency allocation, quota usage, promotion/purchase snapshot, subscription transition, order/payment/fulfillment, verified/idempotent payment, reconciliation, refund/chargeback, provenance, configuration governance, provider independence, and beta payment activation governance.",ADD_MXX_VALID_DETAIL_RETAIN_CORE,YES,N/A,YES,NO,NO,BOTH_TEXTUAL_CORROBORATION
M04-CI-015,M04,CONTROLLED,CAM11-0011,04_ARCHITECTURE/W4-02A.6.5_SYSTEM_ARCHITECTURE_FULL_CONSOLIDATED_v1.8.docx,c1aa07968bb5bdfc9f9600dc48da804f65574f49da672282237ec90c4cc94884,"# developer-projects, calculator (dbr), notifications, rbac, seo","04_ARCHITECTURE/W4-02A.6.5_SYSTEM_ARCHITECTURE_FULL_CONSOLIDATED_v1.8.docx:591: # developer-projects, calculator (dbr), notifications, rbac, seo || 04_ARCHITECTURE/W4-02A.6.5_SYSTEM_ARCHITECTURE_FULL_CONSOLIDATED_v1.8.docx:592: /api/cron/                # Vercel Cron Jobs & Postgres Database Webhook target (ADR-006, Approved) || 04_ARCHITECTURE/W4-02A.6.5_SYSTEM_ARCHITECTURE_FULL_CONSOLIDATED_v1.8.docx:593: /{job}/route.ts          # reminder-scan, sitemap-regenerate, dst. — dilindungi CRON_SECRET || 04_ARCHITECTURE/W4-02A.6.5_SYSTEM_ARCHITECTURE_FULL_CONSOLIDATED_v1.8.docx:594: /components || 04_ARCHITECTURE/W4-02A.6.5_SYSTEM_ARCHITECTURE_FULL_CONSOLIDATED_v1.8.docx:595: /ui/                     # komponen dasar reusable — tanpa business logic (shadcn/ui) || 04_ARCHITECTURE/W4-02A.6.5_SYSTEM_ARCHITECTURE_FULL_CONSOLIDATED_v1.8.docx:596: /features/{module}/      # komponen spesifik per modul",RUMAHAGEN_WF03_M04_FULL_REBUILD_v1.2_QIR_INTEGRATED_CONTROLLED.zip,Physical permission mapping,RETained_M04_v1.1/99_PROVENANCE_SOURCE_V1.0/08_M04_CROSS_MODULE_RECONCILIATION_v1.0.md:77: M02 | Reviews | Create / View / Moderate | Review representation and moderation boundary | BYPASS | GOVERNED | GOVERNED | OPEN | OPEN | OPEN | OPEN | PARTIAL | M02-B; moderation boundary is explicit but exact role mapping not. | Do not infer review moderation from generic Admin without permission mapping. || RETained_M04_v1.1/99_PROVENANCE_SOURCE_V1.0/08_M04_CROSS_MODULE_RECONCILIATION_v1.0.md:65: M02 | Reviews | Create / View / Moderate | Review representation and moderation boundary | BYPASS | GOVERNED | GOVERNED | OPEN | OPEN | OPEN | OPEN | PARTIAL | M02-B; moderation boundary is explicit but exact role mapping not. | Do not infer review moderation from generic Admin without permission mapping. || RETained_M04_v1.1/99_PROVENANCE_SOURCE_V1.0/08_M04_CROSS_MODULE_RECONCILIATION_v1.0.md:53: M02 | Reviews | Create / View / Moderate | Review representation and moderation boundary | BYPASS | GOVERNED | GOVERNED | OPEN | OPEN | OPEN | OPEN | PARTIAL | M02-B; moderation boundary is explicit but exact role mapping not. | Do not infer review moderation from generic Admin without permission mapping.,"04_ARCHITECTURE/W4-02A.6.5_SYSTEM_ARCHITECTURE_FULL_CONSOLIDATED_v1.8.docx:1267: MADCR-053 / 054 || Authorization = Capability + Permission + Scope; Host ≠ Instructor. || 04_ARCHITECTURE/W4-02A.6.5_SYSTEM_ARCHITECTURE_FULL_CONSOLIDATED_v1.8.docx:1118: 10. **Ownership (`agent_id`) adalah hard boundary di kode** (layer repository), bukan hanya konfigurasi permission — validasi ulang di server terlepas dari hasil pengecekan RBAC. || 04_ARCHITECTURE/W4-02A.6.5_SYSTEM_ARCHITECTURE_FULL_CONSOLIDATED_v1.8.docx:961: | **Audit Log** | `audit_logs` mencatat siapa-kapan-apa untuk aksi sensitif (approval, moderasi, perubahan role/permission/config) — tidak dapat dihapus kecuali retensi resmi terjadwal (ADR-014). **(Baru, ADR-026)** Diperluas mencakup `entity_type` baru: `organization`, `organization_member`, `organization_invitation` — kolom `organization_id` nullable ditambahkan (halaman Activity Timeline adalah view terhadap tabel ini, bukan tabel terpisah). |",ADD_MXX_VALID_DETAIL_RETAIN_CORE,YES,N/A,YES,NO,NO,BOTH_TEXTUAL_CORROBORATION
M04-CI-016,M04,CONTROLLED,CAM11-0033,13_RBAC_RLS/W4-02A.6.17_RBAC_PERMISSION_RLS_CURRENT_AUTHORIZATION_BASELINE_FULL_CONSOLIDATED_v2.1.docx,cd5067a3a2cb8e0104e94fbea78ab64a30e19ed28230aef5889baa5021784a0a,NO_HEADING_DETECTED,"13_RBAC_RLS/W4-02A.6.17_RBAC_PERMISSION_RLS_CURRENT_AUTHORIZATION_BASELINE_FULL_CONSOLIDATED_v2.1.docx:1: STEP AKTIF = W4-02A.6.17 — RBAC / PERMISSION / RLS CURRENT AUTHORIZATION BASELINE || 13_RBAC_RLS/W4-02A.6.17_RBAC_PERMISSION_RLS_CURRENT_AUTHORIZATION_BASELINE_FULL_CONSOLIDATED_v2.1.docx:2: RUMAHAGEN — CURRENT AUTHORIZATION BASELINE || 13_RBAC_RLS/W4-02A.6.17_RBAC_PERMISSION_RLS_CURRENT_AUTHORIZATION_BASELINE_FULL_CONSOLIDATED_v2.1.docx:3: Version 2.1 — Full Current Consolidated || 13_RBAC_RLS/W4-02A.6.17_RBAC_PERMISSION_RLS_CURRENT_AUTHORIZATION_BASELINE_FULL_CONSOLIDATED_v2.1.docx:4: 19 August 2026 | COMPLETE / GREEN || 13_RBAC_RLS/W4-02A.6.17_RBAC_PERMISSION_RLS_CURRENT_AUTHORIZATION_BASELINE_FULL_CONSOLIDATED_v2.1.docx:5: FULL CURRENT SOURCE — NOT PATCH / NOT ADDENDUM || 13_RBAC_RLS/W4-02A.6.17_RBAC_PERMISSION_RLS_CURRENT_AUTHORIZATION_BASELINE_FULL_CONSOLIDATED_v2.1.docx:6: 0. PURPOSE, AUTHORITY AND EXECUTION LOCK",RUMAHAGEN_WF03_M04_FULL_REBUILD_v1.2_QIR_INTEGRATED_CONTROLLED.zip,RLS,,,ADD_MXX_VALID_DETAIL_RETAIN_CORE,YES,N/A,YES,NO,NO,SEMANTIC_REGISTER_AUTHORITY_ONLY
M04-CI-017,M04,CONTROLLED,CAM11-0011,04_ARCHITECTURE/W4-02A.6.5_SYSTEM_ARCHITECTURE_FULL_CONSOLIDATED_v1.8.docx,c1aa07968bb5bdfc9f9600dc48da804f65574f49da672282237ec90c4cc94884,"# developer-projects, calculator (dbr), notifications, rbac, seo","04_ARCHITECTURE/W4-02A.6.5_SYSTEM_ARCHITECTURE_FULL_CONSOLIDATED_v1.8.docx:591: # developer-projects, calculator (dbr), notifications, rbac, seo || 04_ARCHITECTURE/W4-02A.6.5_SYSTEM_ARCHITECTURE_FULL_CONSOLIDATED_v1.8.docx:592: /api/cron/                # Vercel Cron Jobs & Postgres Database Webhook target (ADR-006, Approved) || 04_ARCHITECTURE/W4-02A.6.5_SYSTEM_ARCHITECTURE_FULL_CONSOLIDATED_v1.8.docx:593: /{job}/route.ts          # reminder-scan, sitemap-regenerate, dst. — dilindungi CRON_SECRET || 04_ARCHITECTURE/W4-02A.6.5_SYSTEM_ARCHITECTURE_FULL_CONSOLIDATED_v1.8.docx:594: /components || 04_ARCHITECTURE/W4-02A.6.5_SYSTEM_ARCHITECTURE_FULL_CONSOLIDATED_v1.8.docx:595: /ui/                     # komponen dasar reusable — tanpa business logic (shadcn/ui) || 04_ARCHITECTURE/W4-02A.6.5_SYSTEM_ARCHITECTURE_FULL_CONSOLIDATED_v1.8.docx:596: /features/{module}/      # komponen spesifik per modul",RUMAHAGEN_WF03_M04_FULL_REBUILD_v1.2_QIR_INTEGRATED_CONTROLLED.zip,Runtime,,,ADD_MXX_VALID_DETAIL_RETAIN_CORE,YES,N/A,YES,NO,NO,SEMANTIC_REGISTER_AUTHORITY_ONLY
M06-CI-001,M06,AUGMENT,CAM11-0018,11_DATABASE_SCHEMA/RUMAHAGEN_FULL_DATABASE_SCHEMA_SOURCE_ONLY_PACKAGE_v1.0.zip,fa720ebe06c1070155e2ddddba6215f8c764b55ac67af2123aa75831b7f84784,NO_HEADING_DETECTED,"11_DATABASE_SCHEMA/RUMAHAGEN_FULL_DATABASE_SCHEMA_SOURCE_ONLY_PACKAGE_v1.0.zip:1: PK    ]nF  F 3   RUMAHAGEN_FULL_DATABASE_SCHEMA_SOURCE_ONLY_v1.0.sql}rI;""	 <tU55j3$vj || 11_DATABASE_SCHEMA/RUMAHAGEN_FULL_DATABASE_SCHEMA_SOURCE_ONLY_PACKAGE_v1.0.zip:2: ik$D&*J5ۧu+#2""	Pju=<z=f?; || 11_DATABASE_SCHEMA/RUMAHAGEN_FULL_DATABASE_SCHEMA_SOURCE_ONLY_PACKAGE_v1.0.zip:3: ;^;;#'͐ || 11_DATABASE_SCHEMA/RUMAHAGEN_FULL_DATABASE_SCHEMA_SOURCE_ONLY_PACKAGE_v1.0.zip:4: > || 11_DATABASE_SCHEMA/RUMAHAGEN_FULL_DATABASE_SCHEMA_SOURCE_ONLY_PACKAGE_v1.0.zip:5: &׻ || 11_DATABASE_SCHEMA/RUMAHAGEN_FULL_DATABASE_SCHEMA_SOURCE_ONLY_PACKAGE_v1.0.zip:6: 0",RUMAHAGEN_WF03_M06_FULL_REBUILD_CONTROLLED_v1.5_FULL_VERSION.zip,Project semantic schema expansion,08_M06_SECOND_PASS_PREP_QA_v1.5.md:9: - [PASS] Project semantic schema expansion is explicitly documentary/semantic and does not claim Core physical implementation. || 07_M06_FULL_REBUILD_CONTROLLED_v1.5.md:26: ### Project semantic schema expansion || 06_M06_FULL_REBUILD_CORRECTION_DECISIONS_v1.5.md:16: ## No. 2 — Project semantic schema expansion,,ADD_MXX_VALID_DETAIL_RETAIN_CORE,YES,YES,YES,NO,NO,MXX_TEXTUAL_CORROBORATION_ONLY
M06-CI-002,M06,PRESERVE,CAM11-0011,04_ARCHITECTURE/W4-02A.6.5_SYSTEM_ARCHITECTURE_FULL_CONSOLIDATED_v1.8.docx,c1aa07968bb5bdfc9f9600dc48da804f65574f49da672282237ec90c4cc94884,"# developer-projects, calculator (dbr), notifications, rbac, seo","04_ARCHITECTURE/W4-02A.6.5_SYSTEM_ARCHITECTURE_FULL_CONSOLIDATED_v1.8.docx:591: # developer-projects, calculator (dbr), notifications, rbac, seo || 04_ARCHITECTURE/W4-02A.6.5_SYSTEM_ARCHITECTURE_FULL_CONSOLIDATED_v1.8.docx:592: /api/cron/                # Vercel Cron Jobs & Postgres Database Webhook target (ADR-006, Approved) || 04_ARCHITECTURE/W4-02A.6.5_SYSTEM_ARCHITECTURE_FULL_CONSOLIDATED_v1.8.docx:593: /{job}/route.ts          # reminder-scan, sitemap-regenerate, dst. — dilindungi CRON_SECRET || 04_ARCHITECTURE/W4-02A.6.5_SYSTEM_ARCHITECTURE_FULL_CONSOLIDATED_v1.8.docx:594: /components || 04_ARCHITECTURE/W4-02A.6.5_SYSTEM_ARCHITECTURE_FULL_CONSOLIDATED_v1.8.docx:595: /ui/                     # komponen dasar reusable — tanpa business logic (shadcn/ui) || 04_ARCHITECTURE/W4-02A.6.5_SYSTEM_ARCHITECTURE_FULL_CONSOLIDATED_v1.8.docx:596: /features/{module}/      # komponen spesifik per modul",RUMAHAGEN_WF03_M06_FULL_REBUILD_CONTROLLED_v1.5_FULL_VERSION.zip,M03 field naming: land_area,"10_M06_V15_CORRECTION_RECONCILIATION_REPORT.md:5: | M03 land field naming | `land_size` | `land_area` | || README_M06_FULL_REBUILD_v1.5.md:9: 1. M03 field-name reconciliation: `land_area`, `building_area`. || 10_M06_V15_CORRECTION_RECONCILIATION_REPORT.md:6: | M03 building field naming | `building_size` | `building_area` |","04_ARCHITECTURE/W4-02A.6.5_SYSTEM_ARCHITECTURE_FULL_CONSOLIDATED_v1.8.docx:1271: Audit field || Result || 04_ARCHITECTURE/W4-02A.6.5_SYSTEM_ARCHITECTURE_FULL_CONSOLIDATED_v1.8.docx:1225: Field || Current state || 04_ARCHITECTURE/W4-02A.6.5_SYSTEM_ARCHITECTURE_FULL_CONSOLIDATED_v1.8.docx:1114: 6. **Ikuti naming convention** di Bagian 19 secara konsisten di seluruh layer (file, folder, komponen, endpoint, database, branch, commit).",RETAIN_CORE_ONLY,YES,N/A,YES,NO,NO,PRESERVE_NO_DELTA_REQUIRED
M06-CI-003,M06,PRESERVE,CAM11-0036,16_UI_UX/W4-02A.6.20_UI_UX_SPECIFICATION_CURRENT_INTERFACE_BEHAVIOR_CONTRACT_v2.1.md,c2388d37bbcf910316d0d9c257c1f346a99fc0349b2c1086d8e3154a2a32a8d7,# RUMAHAGEN — UI / UX SPECIFICATION,16_UI_UX/W4-02A.6.20_UI_UX_SPECIFICATION_CURRENT_INTERFACE_BEHAVIOR_CONTRACT_v2.1.md:1: # RUMAHAGEN — UI / UX SPECIFICATION || 16_UI_UX/W4-02A.6.20_UI_UX_SPECIFICATION_CURRENT_INTERFACE_BEHAVIOR_CONTRACT_v2.1.md:2: ## W4-02A.6.20 — Current Interface Behavior Contract || 16_UI_UX/W4-02A.6.20_UI_UX_SPECIFICATION_CURRENT_INTERFACE_BEHAVIOR_CONTRACT_v2.1.md:4: **Version:** 2.1 — W4-02A.6.20 || 16_UI_UX/W4-02A.6.20_UI_UX_SPECIFICATION_CURRENT_INTERFACE_BEHAVIOR_CONTRACT_v2.1.md:5: **Date:** 19 August 2026 || 16_UI_UX/W4-02A.6.20_UI_UX_SPECIFICATION_CURRENT_INTERFACE_BEHAVIOR_CONTRACT_v2.1.md:6: **Status:** **CURRENT INTERFACE BEHAVIOR CONTRACT — GREEN / FULLY CONSOLIDATED** || 16_UI_UX/W4-02A.6.20_UI_UX_SPECIFICATION_CURRENT_INTERFACE_BEHAVIOR_CONTRACT_v2.1.md:7: **Predecessor:** `RUMAHAGEN_UI_UX_SPECIFICATION_v2.0_WAVE3_STEP3.10_FULL_CONSOLIDATED_SYNCHRONIZED.md`,RUMAHAGEN_WF03_M06_FULL_REBUILD_CONTROLLED_v1.5_FULL_VERSION.zip,M03 field naming: building_area,"10_M06_V15_CORRECTION_RECONCILIATION_REPORT.md:6: | M03 building field naming | `building_size` | `building_area` | || README_M06_FULL_REBUILD_v1.5.md:9: 1. M03 field-name reconciliation: `land_area`, `building_area`. || 10_M06_V15_CORRECTION_RECONCILIATION_REPORT.md:5: | M03 land field naming | `land_size` | `land_area` |",16_UI_UX/W4-02A.6.20_UI_UX_SPECIFICATION_CURRENT_INTERFACE_BEHAVIOR_CONTRACT_v2.1.md:2860: | Field | Result | || 16_UI_UX/W4-02A.6.20_UI_UX_SPECIFICATION_CURRENT_INTERFACE_BEHAVIOR_CONTRACT_v2.1.md:2820: ├─ M03 Listing & Discovery || 16_UI_UX/W4-02A.6.20_UI_UX_SPECIFICATION_CURRENT_INTERFACE_BEHAVIOR_CONTRACT_v2.1.md:2598: | W4-02A.6.14 Database Dictionary v2.2 | Physical field/data presentation |,RETAIN_CORE_ONLY,YES,N/A,YES,NO,NO,PRESERVE_NO_DELTA_REQUIRED
M06-CI-004,M06,PRESERVE,CAM11-0011,04_ARCHITECTURE/W4-02A.6.5_SYSTEM_ARCHITECTURE_FULL_CONSOLIDATED_v1.8.docx,c1aa07968bb5bdfc9f9600dc48da804f65574f49da672282237ec90c4cc94884,"# developer-projects, calculator (dbr), notifications, rbac, seo","04_ARCHITECTURE/W4-02A.6.5_SYSTEM_ARCHITECTURE_FULL_CONSOLIDATED_v1.8.docx:591: # developer-projects, calculator (dbr), notifications, rbac, seo || 04_ARCHITECTURE/W4-02A.6.5_SYSTEM_ARCHITECTURE_FULL_CONSOLIDATED_v1.8.docx:592: /api/cron/                # Vercel Cron Jobs & Postgres Database Webhook target (ADR-006, Approved) || 04_ARCHITECTURE/W4-02A.6.5_SYSTEM_ARCHITECTURE_FULL_CONSOLIDATED_v1.8.docx:593: /{job}/route.ts          # reminder-scan, sitemap-regenerate, dst. — dilindungi CRON_SECRET || 04_ARCHITECTURE/W4-02A.6.5_SYSTEM_ARCHITECTURE_FULL_CONSOLIDATED_v1.8.docx:594: /components || 04_ARCHITECTURE/W4-02A.6.5_SYSTEM_ARCHITECTURE_FULL_CONSOLIDATED_v1.8.docx:595: /ui/                     # komponen dasar reusable — tanpa business logic (shadcn/ui) || 04_ARCHITECTURE/W4-02A.6.5_SYSTEM_ARCHITECTURE_FULL_CONSOLIDATED_v1.8.docx:596: /features/{module}/      # komponen spesifik per modul",RUMAHAGEN_WF03_M06_FULL_REBUILD_CONTROLLED_v1.5_FULL_VERSION.zip,Project meta_description → Listing description,source_extracts/M06_v1.4/08_M06_SECOND_PASS_PREP_QA_v1.4.md:6: - meta_description is sole description source. || source_extracts/M06_v1.4/07_M06_FULL_REBUILD_CONTROLLED_v1.4.md:14: `meta_description` → M03 `description`. There is no Project `description`. || source_extracts/M06_v1.4/07_M06_FULL_REBUILD_CONTROLLED_v1.3.md:19: `meta_description` → Listing description,"04_ARCHITECTURE/W4-02A.6.5_SYSTEM_ARCHITECTURE_FULL_CONSOLIDATED_v1.8.docx:662: **`listings`** adalah entitas inti — terhubung ke `agent_id` (ownership), `developer_project_id` (nullable, untuk listing Primary), serta memiliki tabel anak 1:N (`listing_photos`, `listing_videos`, `listing_price_history`, `listing_leads`, `listing_views`) dan pivot N:N (`listing_amenities`). **(Baru v1.2, ADR-005 Approved)** `listings` juga memiliki kolom generated `search_vector` (tipe `tsvector`, digabung dari `title`/`description`/`area_keyword`) dengan index GIN, plus ekstensi `pg_trgm` aktif untuk fuzzy-match pada autocomplete — seluruhnya native Postgres, tanpa tabel/index eksternal.",RETAIN_CORE_ONLY,YES,N/A,YES,NO,NO,PRESERVE_NO_DELTA_REQUIRED
M06-CI-005,M06,PRESERVE,CAM11-0011,04_ARCHITECTURE/W4-02A.6.5_SYSTEM_ARCHITECTURE_FULL_CONSOLIDATED_v1.8.docx,c1aa07968bb5bdfc9f9600dc48da804f65574f49da672282237ec90c4cc94884,"# developer-projects, calculator (dbr), notifications, rbac, seo","04_ARCHITECTURE/W4-02A.6.5_SYSTEM_ARCHITECTURE_FULL_CONSOLIDATED_v1.8.docx:591: # developer-projects, calculator (dbr), notifications, rbac, seo || 04_ARCHITECTURE/W4-02A.6.5_SYSTEM_ARCHITECTURE_FULL_CONSOLIDATED_v1.8.docx:592: /api/cron/                # Vercel Cron Jobs & Postgres Database Webhook target (ADR-006, Approved) || 04_ARCHITECTURE/W4-02A.6.5_SYSTEM_ARCHITECTURE_FULL_CONSOLIDATED_v1.8.docx:593: /{job}/route.ts          # reminder-scan, sitemap-regenerate, dst. — dilindungi CRON_SECRET || 04_ARCHITECTURE/W4-02A.6.5_SYSTEM_ARCHITECTURE_FULL_CONSOLIDATED_v1.8.docx:594: /components || 04_ARCHITECTURE/W4-02A.6.5_SYSTEM_ARCHITECTURE_FULL_CONSOLIDATED_v1.8.docx:595: /ui/                     # komponen dasar reusable — tanpa business logic (shadcn/ui) || 04_ARCHITECTURE/W4-02A.6.5_SYSTEM_ARCHITECTURE_FULL_CONSOLIDATED_v1.8.docx:596: /features/{module}/      # komponen spesifik per modul",RUMAHAGEN_WF03_M06_FULL_REBUILD_CONTROLLED_v1.5_FULL_VERSION.zip,Project meta_title → Listing title/header,source_extracts/M06_v1.4/08_M06_SECOND_PASS_PREP_QA_v1.4.md:7: - meta_title is title/header source. || source_extracts/M06_v1.4/07_M06_FULL_REBUILD_CONTROLLED_v1.4.md:17: `meta_title` → M03 Listing title/header. || source_extracts/M06_v1.4/07_M06_FULL_REBUILD_CONTROLLED_v1.3.md:17: `meta_title` → Listing header/title,"04_ARCHITECTURE/W4-02A.6.5_SYSTEM_ARCHITECTURE_FULL_CONSOLIDATED_v1.8.docx:1289: Learning / Session / Title / Commercial architecture synchronized || GREEN || 04_ARCHITECTURE/W4-02A.6.5_SYSTEM_ARCHITECTURE_FULL_CONSOLIDATED_v1.8.docx:1277: SUPERSEDE || Earlier current-state claims that conflict with later governing architecture, including pre-Master-AEP 11-module scope and placeholder-only Commercial/Learning/Title/Session treatment. || 04_ARCHITECTURE/W4-02A.6.5_SYSTEM_ARCHITECTURE_FULL_CONSOLIDATED_v1.8.docx:1276: UPDATE || Current Project Constitution v1.14 / Governance Register v1.16 / Decision Log v1.0; Master AEP/BR-derived logical domain map; current Learning Economy, Session, Title/Awarding, Commercial/Payment, Entitlement/Quota and cross-domain boundaries; current closures.",RETAIN_CORE_ONLY,YES,N/A,YES,NO,NO,PRESERVE_NO_DELTA_REQUIRED
M06-CI-006,M06,ADD-NEW,CAM11-0011,04_ARCHITECTURE/W4-02A.6.5_SYSTEM_ARCHITECTURE_FULL_CONSOLIDATED_v1.8.docx,c1aa07968bb5bdfc9f9600dc48da804f65574f49da672282237ec90c4cc94884,"# developer-projects, calculator (dbr), notifications, rbac, seo","04_ARCHITECTURE/W4-02A.6.5_SYSTEM_ARCHITECTURE_FULL_CONSOLIDATED_v1.8.docx:591: # developer-projects, calculator (dbr), notifications, rbac, seo || 04_ARCHITECTURE/W4-02A.6.5_SYSTEM_ARCHITECTURE_FULL_CONSOLIDATED_v1.8.docx:592: /api/cron/                # Vercel Cron Jobs & Postgres Database Webhook target (ADR-006, Approved) || 04_ARCHITECTURE/W4-02A.6.5_SYSTEM_ARCHITECTURE_FULL_CONSOLIDATED_v1.8.docx:593: /{job}/route.ts          # reminder-scan, sitemap-regenerate, dst. — dilindungi CRON_SECRET || 04_ARCHITECTURE/W4-02A.6.5_SYSTEM_ARCHITECTURE_FULL_CONSOLIDATED_v1.8.docx:594: /components || 04_ARCHITECTURE/W4-02A.6.5_SYSTEM_ARCHITECTURE_FULL_CONSOLIDATED_v1.8.docx:595: /ui/                     # komponen dasar reusable — tanpa business logic (shadcn/ui) || 04_ARCHITECTURE/W4-02A.6.5_SYSTEM_ARCHITECTURE_FULL_CONSOLIDATED_v1.8.docx:596: /features/{module}/      # komponen spesifik per modul",RUMAHAGEN_WF03_M06_FULL_REBUILD_CONTROLLED_v1.5_FULL_VERSION.zip,Developer company_logo + Tentang Developer,source_extracts/M06_v1.4/00_V1.2_BASELINE_RETAINED/01_M06_FULL_REBUILD_CONTROL_REPORT_v1.2.md:9: - Developer company_logo + Tentang Developer free text. || 00_V1.4_BASELINE_RETAINED/00_V1.2_BASELINE_RETAINED/01_M06_FULL_REBUILD_CONTROL_REPORT_v1.2.md:9: - Developer company_logo + Tentang Developer free text. || README_M06_FULL_REBUILD_v1.5.md:12: 4. Developer `company_logo` + `description` (“Tentang Developer”) are semantic LOCKED; physical absence is downstream delta.,,ADD_MXX_VALID_DETAIL_RETAIN_CORE,YES,YES,YES,NO,NO,MXX_TEXTUAL_CORROBORATION_ONLY
M06-CI-007,M06,RECONCILE,CAM11-0011,04_ARCHITECTURE/W4-02A.6.5_SYSTEM_ARCHITECTURE_FULL_CONSOLIDATED_v1.8.docx,c1aa07968bb5bdfc9f9600dc48da804f65574f49da672282237ec90c4cc94884,"# developer-projects, calculator (dbr), notifications, rbac, seo","04_ARCHITECTURE/W4-02A.6.5_SYSTEM_ARCHITECTURE_FULL_CONSOLIDATED_v1.8.docx:591: # developer-projects, calculator (dbr), notifications, rbac, seo || 04_ARCHITECTURE/W4-02A.6.5_SYSTEM_ARCHITECTURE_FULL_CONSOLIDATED_v1.8.docx:592: /api/cron/                # Vercel Cron Jobs & Postgres Database Webhook target (ADR-006, Approved) || 04_ARCHITECTURE/W4-02A.6.5_SYSTEM_ARCHITECTURE_FULL_CONSOLIDATED_v1.8.docx:593: /{job}/route.ts          # reminder-scan, sitemap-regenerate, dst. — dilindungi CRON_SECRET || 04_ARCHITECTURE/W4-02A.6.5_SYSTEM_ARCHITECTURE_FULL_CONSOLIDATED_v1.8.docx:594: /components || 04_ARCHITECTURE/W4-02A.6.5_SYSTEM_ARCHITECTURE_FULL_CONSOLIDATED_v1.8.docx:595: /ui/                     # komponen dasar reusable — tanpa business logic (shadcn/ui) || 04_ARCHITECTURE/W4-02A.6.5_SYSTEM_ARCHITECTURE_FULL_CONSOLIDATED_v1.8.docx:596: /features/{module}/      # komponen spesifik per modul",RUMAHAGEN_WF03_M06_FULL_REBUILD_CONTROLLED_v1.5_FULL_VERSION.zip,"M06 semantic Project Media boundary = photo, video only. brochure and price_list are Marketing Kit semantics, not Project Media semantics.","06_M06_FULL_REBUILD_CORRECTION_DECISIONS_v1.5.md:22: > **Canonical M06 semantic boundary:** `developer_project_media` represents official Project Media only (`photo`, `video`). Brochure and pricelist are Marketing Kit artifacts and are not part of Project Media semantic scope. Existing Core physical allowance for `brochure` / `price_list` is retained only as a downstream physical reconciliation delta and must not be interpreted as the canonical M06 semantic boundary. || source_extracts/M06_v1.4/00_V1.2_BASELINE_RETAINED/00_V1.1_BASELINE_RETAINED/04_M06_QUESTION_INVENTORY_100PCT.csv:8: M06-Q007,Project Media,photo/video/brochure/price_list with project relation and URL,RESOLVED || 04_M06_QUESTION_INVENTORY_v1.5.csv:21: M06-C020,Project Media vs Marketing Kit?,""Canonical M06 semantic boundary: developer_project_media represents official Project Media only (photo, video). Brochure and pricelist are Marketing Kit artifacts and are not part of Project Media semantic scope. Existing Core physical allowance remains a downstream physical reconciliation delta."",SEMANTICALLY RESOLVED",04_ARCHITECTURE/W4-02A.6.5_SYSTEM_ARCHITECTURE_FULL_CONSOLIDATED_v1.8.docx:1290: Historical boundary explicit || GREEN || 04_ARCHITECTURE/W4-02A.6.5_SYSTEM_ARCHITECTURE_FULL_CONSOLIDATED_v1.8.docx:1262: MADCR-049 — Option A || Learning Activity is canonical completion/reward boundary; Course/Module remains content/product structure. || 04_ARCHITECTURE/W4-02A.6.5_SYSTEM_ARCHITECTURE_FULL_CONSOLIDATED_v1.8.docx:1231: Physical boundary || W4-01E frozen physical design → W4-02 sole executable SQL → W4-03 runtime verification,APPLY_APPROVED_CONFLICT_UPDATE_ONLY,YES,YES,YES,NO,NO,BOTH_TEXTUAL_CORROBORATION
M06-CI-008,M06,ADD-NEW,CAM11-0016,09_ERD/W4-02A.6.13_ERD_CURRENT_LOGICAL_DATA_MODEL_FULL_CONSOLIDATED_v2.1.docx,5a5ba139cff31fbd297cac3871a3b250f13b94dabcb15b49d89af86ca785cb88,NO_HEADING_DETECTED,09_ERD/W4-02A.6.13_ERD_CURRENT_LOGICAL_DATA_MODEL_FULL_CONSOLIDATED_v2.1.docx:1: RUMAHAGEN — ERD & DATA RELATIONSHIP MODEL || 09_ERD/W4-02A.6.13_ERD_CURRENT_LOGICAL_DATA_MODEL_FULL_CONSOLIDATED_v2.1.docx:2: W4-02A.6.13 — Current Logical Data Model — Full Consolidation & Synchronization || 09_ERD/W4-02A.6.13_ERD_CURRENT_LOGICAL_DATA_MODEL_FULL_CONSOLIDATED_v2.1.docx:3: **Version:** 2.1 — W4-02A.6.13 || 09_ERD/W4-02A.6.13_ERD_CURRENT_LOGICAL_DATA_MODEL_FULL_CONSOLIDATED_v2.1.docx:4: **Date:** 19 August 2026 || 09_ERD/W4-02A.6.13_ERD_CURRENT_LOGICAL_DATA_MODEL_FULL_CONSOLIDATED_v2.1.docx:5: **Status:** **CURRENT CANONICAL ERD BASELINE — GREEN / SYNCHRONIZED** || 09_ERD/W4-02A.6.13_ERD_CURRENT_LOGICAL_DATA_MODEL_FULL_CONSOLIDATED_v2.1.docx:6: **Predecessor:** RUMAHAGEN_ERD_v2.0_WAVE3_STEP3.4_FULL_CONSOLIDATED_SYNCHRONIZED.md,RUMAHAGEN_WF03_M06_FULL_REBUILD_CONTROLLED_v1.5_FULL_VERSION.zip,Marketing Kit resource,"source_extracts/M06_v1.4/05_M06_PERMISSION_MATRIX_FULL_24_ROWS_v1.4.csv:1: ﻿Permission ID,Resource,Action,Condition / Scope,Authority Note || source_extracts/M06_v1.4/00_V1.2_BASELINE_RETAINED/06_M06_MARKETING_KIT_PERMISSION_MATRIX.csv:1: ﻿Resource,Action,Actor,Condition,Control || source_extracts/M06_v1.4/00_V1.2_BASELINE_RETAINED/00_V1.1_BASELINE_RETAINED/13_M06_FULL_PERMISSION_MATRIX.csv:1: ﻿Resource,Action,Superadmin,Manager,Admin,Instructor,Agent,Developer,Buyer,Notes",09_ERD/W4-02A.6.13_ERD_CURRENT_LOGICAL_DATA_MODEL_FULL_CONSOLIDATED_v2.1.docx:1636: TECH-23 || Host/Instructor resource assignment || 09_ERD/W4-02A.6.13_ERD_CURRENT_LOGICAL_DATA_MODEL_FULL_CONSOLIDATED_v2.1.docx:1634: TECH-09 || Session physical resource contract || 09_ERD/W4-02A.6.13_ERD_CURRENT_LOGICAL_DATA_MODEL_FULL_CONSOLIDATED_v2.1.docx:1592: Resource || Purpose || Physical status,ADD_MXX_VALID_DETAIL_RETAIN_CORE,YES,YES,YES,NO,NO,BOTH_TEXTUAL_CORROBORATION
M06-CI-009,M06,AUGMENT,CAM11-0033,13_RBAC_RLS/W4-02A.6.17_RBAC_PERMISSION_RLS_CURRENT_AUTHORIZATION_BASELINE_FULL_CONSOLIDATED_v2.1.docx,cd5067a3a2cb8e0104e94fbea78ab64a30e19ed28230aef5889baa5021784a0a,NO_HEADING_DETECTED,"13_RBAC_RLS/W4-02A.6.17_RBAC_PERMISSION_RLS_CURRENT_AUTHORIZATION_BASELINE_FULL_CONSOLIDATED_v2.1.docx:1: STEP AKTIF = W4-02A.6.17 — RBAC / PERMISSION / RLS CURRENT AUTHORIZATION BASELINE || 13_RBAC_RLS/W4-02A.6.17_RBAC_PERMISSION_RLS_CURRENT_AUTHORIZATION_BASELINE_FULL_CONSOLIDATED_v2.1.docx:2: RUMAHAGEN — CURRENT AUTHORIZATION BASELINE || 13_RBAC_RLS/W4-02A.6.17_RBAC_PERMISSION_RLS_CURRENT_AUTHORIZATION_BASELINE_FULL_CONSOLIDATED_v2.1.docx:3: Version 2.1 — Full Current Consolidated || 13_RBAC_RLS/W4-02A.6.17_RBAC_PERMISSION_RLS_CURRENT_AUTHORIZATION_BASELINE_FULL_CONSOLIDATED_v2.1.docx:4: 19 August 2026 | COMPLETE / GREEN || 13_RBAC_RLS/W4-02A.6.17_RBAC_PERMISSION_RLS_CURRENT_AUTHORIZATION_BASELINE_FULL_CONSOLIDATED_v2.1.docx:5: FULL CURRENT SOURCE — NOT PATCH / NOT ADDENDUM || 13_RBAC_RLS/W4-02A.6.17_RBAC_PERMISSION_RLS_CURRENT_AUTHORIZATION_BASELINE_FULL_CONSOLIDATED_v2.1.docx:6: 0. PURPOSE, AUTHORITY AND EXECUTION LOCK",RUMAHAGEN_WF03_M06_FULL_REBUILD_CONTROLLED_v1.5_FULL_VERSION.zip,Marketing Kit CRUD authorization,"source_extracts/RECON/WF03_STEP02_FULL_M01-M15_BLOCKER_PREREQUISITE_RETRACE_v1.0.md:210: - **Production authorization controls:** retained || source_extracts/RECON/WF03_STEP02_FULL_M01-M15_BLOCKER_PREREQUISITE_RETRACE_v1.0.md:201: > **A semantic permission/lifecycle decision may be updated, reconciled, approved, and locked when supported by authoritative documentary evidence. Absence of physical implementation or runtime verification shall not block that semantic decision. Physical implementation, physical verification, runtime verification, and production authorization remain separate downstream states and must never be falsely claimed.** || source_extracts/RECON/WF03_STEP02_FULL_M01-M15_BLOCKER_PREREQUISITE_RETRACE_v1.0.md:163: - Semantic authorization decisions may be finalized from documentary authority.",13_RBAC_RLS/W4-02A.6.17_RBAC_PERMISSION_RLS_CURRENT_AUTHORIZATION_BASELINE_FULL_CONSOLIDATED_v2.1.docx:465: Visibility vs authorization || NONE || Separated || 13_RBAC_RLS/W4-02A.6.17_RBAC_PERMISSION_RLS_CURRENT_AUTHORIZATION_BASELINE_FULL_CONSOLIDATED_v2.1.docx:461: MADCR-054 vs current Session authorization || NONE || APPROVED/GOVERNING; Host ≠ Instructor || 13_RBAC_RLS/W4-02A.6.17_RBAC_PERMISSION_RLS_CURRENT_AUTHORIZATION_BASELINE_FULL_CONSOLIDATED_v2.1.docx:460: MADCR-053 vs current authorization || NONE || APPROVED/GOVERNING applied,ADD_MXX_VALID_DETAIL_RETAIN_CORE,YES,YES,YES,NO,NO,BOTH_TEXTUAL_CORROBORATION
M06-CI-010,M06,AUGMENT,CAM11-0067,27_AI_BLUEPRINT/W4-02A.6.31_AI_DEVELOPMENT_BLUEPRINT_v2.1.md,504a5738b3a832159850b0c1035e95f02b509a773a52fb01b722948e01ab09c2,# RUMAHAGEN — W4-02A.6.31,27_AI_BLUEPRINT/W4-02A.6.31_AI_DEVELOPMENT_BLUEPRINT_v2.1.md:1: # RUMAHAGEN — W4-02A.6.31 || 27_AI_BLUEPRINT/W4-02A.6.31_AI_DEVELOPMENT_BLUEPRINT_v2.1.md:2: # AI DEVELOPMENT BLUEPRINT || 27_AI_BLUEPRINT/W4-02A.6.31_AI_DEVELOPMENT_BLUEPRINT_v2.1.md:4: **Version:** 2.1 || 27_AI_BLUEPRINT/W4-02A.6.31_AI_DEVELOPMENT_BLUEPRINT_v2.1.md:5: **Date:** 19 August 2026 || 27_AI_BLUEPRINT/W4-02A.6.31_AI_DEVELOPMENT_BLUEPRINT_v2.1.md:6: **Status:** CURRENT / GREEN — AI DEVELOPMENT CONTEXT BASELINE || 27_AI_BLUEPRINT/W4-02A.6.31_AI_DEVELOPMENT_BLUEPRINT_v2.1.md:7: **Scope:** AI/Bolt-assisted engineering execution for M01–M15,RUMAHAGEN_WF03_M06_FULL_REBUILD_CONTROLLED_v1.5_FULL_VERSION.zip,Claim lifecycle state representation,"source_extracts/M06_v1.4/00_V1.2_BASELINE_RETAINED/00_V1.1_BASELINE_RETAINED/14_M06_FULL_LIFECYCLE_MATRIX.csv:13: Project Claim,revoked,Approved claim later revoked/managed,Semantic action/state; physical status not evidenced || source_extracts/M06_v1.4/00_V1.2_BASELINE_RETAINED/00_V1.1_BASELINE_RETAINED/14_M06_FULL_LIFECYCLE_MATRIX.csv:12: Project Claim,withdrawn,Owner withdraws own pending claim,Semantic action/state; physical status not evidenced || source_extracts/M06_v1.4/00_V1.2_BASELINE_RETAINED/00_V1.1_BASELINE_RETAINED/14_M06_FULL_LIFECYCLE_MATRIX.csv:9: Project Claim,pending,Claim/request submitted and awaiting decision,Semantic state; physical status not evidenced",27_AI_BLUEPRINT/W4-02A.6.31_AI_DEVELOPMENT_BLUEPRINT_v2.1.md:1160: 22. claim production readiness during W4-02A.6. || 27_AI_BLUEPRINT/W4-02A.6.31_AI_DEVELOPMENT_BLUEPRINT_v2.1.md:1149: 11. let UI state become business authority; || 27_AI_BLUEPRINT/W4-02A.6.31_AI_DEVELOPMENT_BLUEPRINT_v2.1.md:1032: Never claim runtime PASS from static/build/test/document evidence.,ADD_MXX_VALID_DETAIL_RETAIN_CORE,YES,YES,YES,NO,NO,BOTH_TEXTUAL_CORROBORATION
M06-CI-011,M06,AUGMENT,CAM11-0033,13_RBAC_RLS/W4-02A.6.17_RBAC_PERMISSION_RLS_CURRENT_AUTHORIZATION_BASELINE_FULL_CONSOLIDATED_v2.1.docx,cd5067a3a2cb8e0104e94fbea78ab64a30e19ed28230aef5889baa5021784a0a,NO_HEADING_DETECTED,"13_RBAC_RLS/W4-02A.6.17_RBAC_PERMISSION_RLS_CURRENT_AUTHORIZATION_BASELINE_FULL_CONSOLIDATED_v2.1.docx:1: STEP AKTIF = W4-02A.6.17 — RBAC / PERMISSION / RLS CURRENT AUTHORIZATION BASELINE || 13_RBAC_RLS/W4-02A.6.17_RBAC_PERMISSION_RLS_CURRENT_AUTHORIZATION_BASELINE_FULL_CONSOLIDATED_v2.1.docx:2: RUMAHAGEN — CURRENT AUTHORIZATION BASELINE || 13_RBAC_RLS/W4-02A.6.17_RBAC_PERMISSION_RLS_CURRENT_AUTHORIZATION_BASELINE_FULL_CONSOLIDATED_v2.1.docx:3: Version 2.1 — Full Current Consolidated || 13_RBAC_RLS/W4-02A.6.17_RBAC_PERMISSION_RLS_CURRENT_AUTHORIZATION_BASELINE_FULL_CONSOLIDATED_v2.1.docx:4: 19 August 2026 | COMPLETE / GREEN || 13_RBAC_RLS/W4-02A.6.17_RBAC_PERMISSION_RLS_CURRENT_AUTHORIZATION_BASELINE_FULL_CONSOLIDATED_v2.1.docx:5: FULL CURRENT SOURCE — NOT PATCH / NOT ADDENDUM || 13_RBAC_RLS/W4-02A.6.17_RBAC_PERMISSION_RLS_CURRENT_AUTHORIZATION_BASELINE_FULL_CONSOLIDATED_v2.1.docx:6: 0. PURPOSE, AUTHORITY AND EXECUTION LOCK",RUMAHAGEN_WF03_M06_FULL_REBUILD_CONTROLLED_v1.5_FULL_VERSION.zip,Claim approval authority,README_M06_FULL_REBUILD_v1.5.md:16: 8. Claim approval authority is explicit. || 10_M06_V15_CORRECTION_RECONCILIATION_REPORT.md:13: | Claim approval authority | Hybrid/ambiguous | Developer own-project review/approve/reject; platform moderation governance; Agent create/withdraw | || 08_M06_SECOND_PASS_PREP_QA_v1.5.md:16: - [PASS] Claim approval authority normalized.,13_RBAC_RLS/W4-02A.6.17_RBAC_PERMISSION_RLS_CURRENT_AUTHORIZATION_BASELINE_FULL_CONSOLIDATED_v2.1.docx:486: Runtime verification claim avoided || PASS || 13_RBAC_RLS/W4-02A.6.17_RBAC_PERMISSION_RLS_CURRENT_AUTHORIZATION_BASELINE_FULL_CONSOLIDATED_v2.1.docx:471: Runtime verification claim || NONE || Explicitly deferred to TECH-29/W4-03,ADD_MXX_VALID_DETAIL_RETAIN_CORE,YES,YES,YES,NO,NO,BOTH_TEXTUAL_CORROBORATION
M06-CI-012,M06,ADD-NEW,CAM11-0018,11_DATABASE_SCHEMA/RUMAHAGEN_FULL_DATABASE_SCHEMA_SOURCE_ONLY_PACKAGE_v1.0.zip,fa720ebe06c1070155e2ddddba6215f8c764b55ac67af2123aa75831b7f84784,NO_HEADING_DETECTED,"11_DATABASE_SCHEMA/RUMAHAGEN_FULL_DATABASE_SCHEMA_SOURCE_ONLY_PACKAGE_v1.0.zip:1: PK    ]nF  F 3   RUMAHAGEN_FULL_DATABASE_SCHEMA_SOURCE_ONLY_v1.0.sql}rI;""	 <tU55j3$vj || 11_DATABASE_SCHEMA/RUMAHAGEN_FULL_DATABASE_SCHEMA_SOURCE_ONLY_PACKAGE_v1.0.zip:2: ik$D&*J5ۧu+#2""	Pju=<z=f?; || 11_DATABASE_SCHEMA/RUMAHAGEN_FULL_DATABASE_SCHEMA_SOURCE_ONLY_PACKAGE_v1.0.zip:3: ;^;;#'͐ || 11_DATABASE_SCHEMA/RUMAHAGEN_FULL_DATABASE_SCHEMA_SOURCE_ONLY_PACKAGE_v1.0.zip:4: > || 11_DATABASE_SCHEMA/RUMAHAGEN_FULL_DATABASE_SCHEMA_SOURCE_ONLY_PACKAGE_v1.0.zip:5: &׻ || 11_DATABASE_SCHEMA/RUMAHAGEN_FULL_DATABASE_SCHEMA_SOURCE_ONLY_PACKAGE_v1.0.zip:6: 0",RUMAHAGEN_WF03_M06_FULL_REBUILD_CONTROLLED_v1.5_FULL_VERSION.zip,Approval Claim artifact,"source_extracts/M06_v1.4/00_V1.2_BASELINE_RETAINED/06_M06_MARKETING_KIT_PERMISSION_MATRIX.csv:9: Approval Claim,Generate,System/authorized flow,PDF artifact,GOVERNED || README_M06_FULL_REBUILD_v1.5.md:14: 6. Approval Claim is semantically resolved; physical artifact persistence remains documentary/physical delta; runtime generation not claimed. || 08_M06_SECOND_PASS_PREP_QA_v1.5.md:14: - [PASS] Approval Claim = SEMANTICALLY RESOLVED; physical artifact persistence = DOCUMENTARY / PHYSICAL DELTA; runtime generation = NOT CLAIMED.",,ADD_MXX_VALID_DETAIL_RETAIN_CORE,YES,YES,YES,NO,NO,MXX_TEXTUAL_CORROBORATION_ONLY
M06-CI-013,M06,CONTROLLED,CAM11-0016,09_ERD/W4-02A.6.13_ERD_CURRENT_LOGICAL_DATA_MODEL_FULL_CONSOLIDATED_v2.1.docx,5a5ba139cff31fbd297cac3871a3b250f13b94dabcb15b49d89af86ca785cb88,NO_HEADING_DETECTED,09_ERD/W4-02A.6.13_ERD_CURRENT_LOGICAL_DATA_MODEL_FULL_CONSOLIDATED_v2.1.docx:1: RUMAHAGEN — ERD & DATA RELATIONSHIP MODEL || 09_ERD/W4-02A.6.13_ERD_CURRENT_LOGICAL_DATA_MODEL_FULL_CONSOLIDATED_v2.1.docx:2: W4-02A.6.13 — Current Logical Data Model — Full Consolidation & Synchronization || 09_ERD/W4-02A.6.13_ERD_CURRENT_LOGICAL_DATA_MODEL_FULL_CONSOLIDATED_v2.1.docx:3: **Version:** 2.1 — W4-02A.6.13 || 09_ERD/W4-02A.6.13_ERD_CURRENT_LOGICAL_DATA_MODEL_FULL_CONSOLIDATED_v2.1.docx:4: **Date:** 19 August 2026 || 09_ERD/W4-02A.6.13_ERD_CURRENT_LOGICAL_DATA_MODEL_FULL_CONSOLIDATED_v2.1.docx:5: **Status:** **CURRENT CANONICAL ERD BASELINE — GREEN / SYNCHRONIZED** || 09_ERD/W4-02A.6.13_ERD_CURRENT_LOGICAL_DATA_MODEL_FULL_CONSOLIDATED_v2.1.docx:6: **Predecessor:** RUMAHAGEN_ERD_v2.0_WAVE3_STEP3.4_FULL_CONSOLIDATED_SYNCHRONIZED.md,RUMAHAGEN_WF03_M06_FULL_REBUILD_CONTROLLED_v1.5_FULL_VERSION.zip,Developer Project ownership ≠ Listing authority,source_extracts/RECON/WF03-03-02_M02_FULL_SEMANTIC_REBUILD_v1.1.md:689: - [x] Review ownership/scope || source_extracts/RECON/WF03-03-02_M02_FULL_SEMANTIC_REBUILD_v1.1.md:559: Listing ownership and Listing lifecycle remain M03-owned. || source_extracts/RECON/WF03-03-02_M02_FULL_SEMANTIC_REBUILD_v1.1.md:431: **Ownership:** NON-OWNING,09_ERD/W4-02A.6.13_ERD_CURRENT_LOGICAL_DATA_MODEL_FULL_CONSOLIDATED_v2.1.docx:1626: Entity Mapping v2.0 || entity registration and ownership || 09_ERD/W4-02A.6.13_ERD_CURRENT_LOGICAL_DATA_MODEL_FULL_CONSOLIDATED_v2.1.docx:1625: User Flow v2.0 || lifecycle/ownership/transition relationships || 09_ERD/W4-02A.6.13_ERD_CURRENT_LOGICAL_DATA_MODEL_FULL_CONSOLIDATED_v2.1.docx:1617: `permissions` || Learning/Commercial ownership,ADD_MXX_VALID_DETAIL_RETAIN_CORE,YES,N/A,YES,NO,NO,BOTH_TEXTUAL_CORROBORATION
M06-CI-014,M06,AUGMENT,CAM11-0067,27_AI_BLUEPRINT/W4-02A.6.31_AI_DEVELOPMENT_BLUEPRINT_v2.1.md,504a5738b3a832159850b0c1035e95f02b509a773a52fb01b722948e01ab09c2,# RUMAHAGEN — W4-02A.6.31,27_AI_BLUEPRINT/W4-02A.6.31_AI_DEVELOPMENT_BLUEPRINT_v2.1.md:1: # RUMAHAGEN — W4-02A.6.31 || 27_AI_BLUEPRINT/W4-02A.6.31_AI_DEVELOPMENT_BLUEPRINT_v2.1.md:2: # AI DEVELOPMENT BLUEPRINT || 27_AI_BLUEPRINT/W4-02A.6.31_AI_DEVELOPMENT_BLUEPRINT_v2.1.md:4: **Version:** 2.1 || 27_AI_BLUEPRINT/W4-02A.6.31_AI_DEVELOPMENT_BLUEPRINT_v2.1.md:5: **Date:** 19 August 2026 || 27_AI_BLUEPRINT/W4-02A.6.31_AI_DEVELOPMENT_BLUEPRINT_v2.1.md:6: **Status:** CURRENT / GREEN — AI DEVELOPMENT CONTEXT BASELINE || 27_AI_BLUEPRINT/W4-02A.6.31_AI_DEVELOPMENT_BLUEPRINT_v2.1.md:7: **Scope:** AI/Bolt-assisted engineering execution for M01–M15,RUMAHAGEN_WF03_M06_FULL_REBUILD_CONTROLLED_v1.5_FULL_VERSION.zip,Approved Claim → Agent-owned Listing initialization,"source_extracts/M06_v1.4/08_M06_SECOND_PASS_PREP_QA_v1.4.md:11: - Approved Claim → Agent-owned M03 Listing boundary retained. || source_extracts/M06_v1.4/07_M06_FULL_REBUILD_CONTROLLED_v1.4.md:11: M06 Project must contain all M03-required property/listing-content inputs. Approved Project Claim creates the Agent-owned M03 Personal Listing. M03 remains Listing lifecycle authority. || source_extracts/M06_v1.4/06_M06_FULL_REBUILD_CORRECTION_DECISIONS_v1.4.md:27: M06 owns Developer/Project/Claim semantics. After approved Claim, the resulting personal Listing is Agent-owned and M03 remains Listing lifecycle authority.",27_AI_BLUEPRINT/W4-02A.6.31_AI_DEVELOPMENT_BLUEPRINT_v2.1.md:1160: 22. claim production readiness during W4-02A.6. || 27_AI_BLUEPRINT/W4-02A.6.31_AI_DEVELOPMENT_BLUEPRINT_v2.1.md:1032: Never claim runtime PASS from static/build/test/document evidence. || 27_AI_BLUEPRINT/W4-02A.6.31_AI_DEVELOPMENT_BLUEPRINT_v2.1.md:604: ownership/claim/verification,ADD_MXX_VALID_DETAIL_RETAIN_CORE,YES,YES,YES,NO,NO,BOTH_TEXTUAL_CORROBORATION
M06-CI-015,M06,CONTROLLED,CAM11-0016,09_ERD/W4-02A.6.13_ERD_CURRENT_LOGICAL_DATA_MODEL_FULL_CONSOLIDATED_v2.1.docx,5a5ba139cff31fbd297cac3871a3b250f13b94dabcb15b49d89af86ca785cb88,NO_HEADING_DETECTED,09_ERD/W4-02A.6.13_ERD_CURRENT_LOGICAL_DATA_MODEL_FULL_CONSOLIDATED_v2.1.docx:1: RUMAHAGEN — ERD & DATA RELATIONSHIP MODEL || 09_ERD/W4-02A.6.13_ERD_CURRENT_LOGICAL_DATA_MODEL_FULL_CONSOLIDATED_v2.1.docx:2: W4-02A.6.13 — Current Logical Data Model — Full Consolidation & Synchronization || 09_ERD/W4-02A.6.13_ERD_CURRENT_LOGICAL_DATA_MODEL_FULL_CONSOLIDATED_v2.1.docx:3: **Version:** 2.1 — W4-02A.6.13 || 09_ERD/W4-02A.6.13_ERD_CURRENT_LOGICAL_DATA_MODEL_FULL_CONSOLIDATED_v2.1.docx:4: **Date:** 19 August 2026 || 09_ERD/W4-02A.6.13_ERD_CURRENT_LOGICAL_DATA_MODEL_FULL_CONSOLIDATED_v2.1.docx:5: **Status:** **CURRENT CANONICAL ERD BASELINE — GREEN / SYNCHRONIZED** || 09_ERD/W4-02A.6.13_ERD_CURRENT_LOGICAL_DATA_MODEL_FULL_CONSOLIDATED_v2.1.docx:6: **Predecessor:** RUMAHAGEN_ERD_v2.0_WAVE3_STEP3.4_FULL_CONSOLIDATED_SYNCHRONIZED.md,RUMAHAGEN_WF03_M06_FULL_REBUILD_CONTROLLED_v1.5_FULL_VERSION.zip,Project Media vs Listing media,,,ADD_MXX_VALID_DETAIL_RETAIN_CORE,YES,N/A,YES,NO,NO,SEMANTIC_REGISTER_AUTHORITY_ONLY
M06-CI-016,M06,CONTROLLED,CAM11-0011,04_ARCHITECTURE/W4-02A.6.5_SYSTEM_ARCHITECTURE_FULL_CONSOLIDATED_v1.8.docx,c1aa07968bb5bdfc9f9600dc48da804f65574f49da672282237ec90c4cc94884,"# developer-projects, calculator (dbr), notifications, rbac, seo","04_ARCHITECTURE/W4-02A.6.5_SYSTEM_ARCHITECTURE_FULL_CONSOLIDATED_v1.8.docx:591: # developer-projects, calculator (dbr), notifications, rbac, seo || 04_ARCHITECTURE/W4-02A.6.5_SYSTEM_ARCHITECTURE_FULL_CONSOLIDATED_v1.8.docx:592: /api/cron/                # Vercel Cron Jobs & Postgres Database Webhook target (ADR-006, Approved) || 04_ARCHITECTURE/W4-02A.6.5_SYSTEM_ARCHITECTURE_FULL_CONSOLIDATED_v1.8.docx:593: /{job}/route.ts          # reminder-scan, sitemap-regenerate, dst. — dilindungi CRON_SECRET || 04_ARCHITECTURE/W4-02A.6.5_SYSTEM_ARCHITECTURE_FULL_CONSOLIDATED_v1.8.docx:594: /components || 04_ARCHITECTURE/W4-02A.6.5_SYSTEM_ARCHITECTURE_FULL_CONSOLIDATED_v1.8.docx:595: /ui/                     # komponen dasar reusable — tanpa business logic (shadcn/ui) || 04_ARCHITECTURE/W4-02A.6.5_SYSTEM_ARCHITECTURE_FULL_CONSOLIDATED_v1.8.docx:596: /features/{module}/      # komponen spesifik per modul",RUMAHAGEN_WF03_M06_FULL_REBUILD_CONTROLLED_v1.5_FULL_VERSION.zip,Physical/runtime separation,source_extracts/RECON/WF03-03-01_M01_FULL_SEMANTIC_REBUILD_v1.1.md:729: - [x] Preserve physical/runtime separation || source_extracts/M06_v1.4/00_V1.2_BASELINE_RETAINED/00_V1.1_BASELINE_RETAINED/17_M06_FINAL_QA_FULL.md:21: | Physical/runtime separation | PASS | || source_extracts/M05_RECON/17_M05_FINAL_QA_PRE_GATE_v1.3.md:15: | Physical/runtime separation | PASS |,"04_ARCHITECTURE/W4-02A.6.5_SYSTEM_ARCHITECTURE_FULL_CONSOLIDATED_v1.8.docx:381: | **Separation of Concerns** | UI (komponen React) terpisah dari business logic (`lib/services/`) terpisah dari data access (repository layer) terpisah dari skema data (ERD) — dijaga melalui disiplin folder, bukan melalui pemisahan proses/deployment (ADR-001). |",ADD_MXX_VALID_DETAIL_RETAIN_CORE,YES,N/A,YES,NO,NO,BOTH_TEXTUAL_CORROBORATION
M06-CI-017,M06,CONTROLLED,CAM11-0034,14_FUNCTIONAL/W4-02A.6.18_FUNCTIONAL_SPECIFICATION_CURRENT_FUNCTIONAL_IMPLEMENTATION_CONTRACT_v2.1.md,d7e9a7b5c761d51495e77f73824f903ca057e602c204c79284a2ae70c522072e,# RUMAHAGEN — FUNCTIONAL SPECIFICATION,14_FUNCTIONAL/W4-02A.6.18_FUNCTIONAL_SPECIFICATION_CURRENT_FUNCTIONAL_IMPLEMENTATION_CONTRACT_v2.1.md:1: # RUMAHAGEN — FUNCTIONAL SPECIFICATION || 14_FUNCTIONAL/W4-02A.6.18_FUNCTIONAL_SPECIFICATION_CURRENT_FUNCTIONAL_IMPLEMENTATION_CONTRACT_v2.1.md:2: ## W4-02A.6.18 — Current Functional Implementation Contract || 14_FUNCTIONAL/W4-02A.6.18_FUNCTIONAL_SPECIFICATION_CURRENT_FUNCTIONAL_IMPLEMENTATION_CONTRACT_v2.1.md:4: **Version:** 2.1 — W4-02A.6.18 || 14_FUNCTIONAL/W4-02A.6.18_FUNCTIONAL_SPECIFICATION_CURRENT_FUNCTIONAL_IMPLEMENTATION_CONTRACT_v2.1.md:5: **Date:** 19 August 2026 || 14_FUNCTIONAL/W4-02A.6.18_FUNCTIONAL_SPECIFICATION_CURRENT_FUNCTIONAL_IMPLEMENTATION_CONTRACT_v2.1.md:6: **Status:** **CURRENT FUNCTIONAL IMPLEMENTATION CONTRACT — GREEN / FULLY CONSOLIDATED** || 14_FUNCTIONAL/W4-02A.6.18_FUNCTIONAL_SPECIFICATION_CURRENT_FUNCTIONAL_IMPLEMENTATION_CONTRACT_v2.1.md:7: **Predecessor:** `RUMAHAGEN_FUNCTIONAL_SPECIFICATION_v2.0_WAVE3_STEP3.9_FULL_CONSOLIDATED_SYNCHRONIZED.md`,RUMAHAGEN_WF03_M06_FULL_REBUILD_CONTROLLED_v1.5_FULL_VERSION.zip,Existing Core developer module CRUD,"source_extracts/RECON/WF03-03-01_M01_FULL_SEMANTIC_REBUILD_v1.1.md:546: `Registration / OTP / Authentication` is **NON-RBAC**. It is an authentication mechanism, not a CRUD permission cell. || source_extracts/M06_v1.4/06_M06_FULL_REBUILD_CORRECTION_DECISIONS_v1.4.md:21: Marketing Kit is separate and limited to PDF brochure/pricelist. Developer/Admin/Superadmin control CRUD; approved Agents can download. || source_extracts/M06_v1.4/04_M06_QUESTION_INVENTORY_v1.4.csv:5: M06-C004,Marketing Kit,PDF brochure/pricelist; CRUD by Developer/Admin/Superadmin,RESOLVED",14_FUNCTIONAL/W4-02A.6.18_FUNCTIONAL_SPECIFICATION_CURRENT_FUNCTIONAL_IMPLEMENTATION_CONTRACT_v2.1.md:1915: | Listing CRUD | ✓ | Organization context + quota | || 14_FUNCTIONAL/W4-02A.6.18_FUNCTIONAL_SPECIFICATION_CURRENT_FUNCTIONAL_IMPLEMENTATION_CONTRACT_v2.1.md:563: Agent can CRUD own Listing. || 14_FUNCTIONAL/W4-02A.6.18_FUNCTIONAL_SPECIFICATION_CURRENT_FUNCTIONAL_IMPLEMENTATION_CONTRACT_v2.1.md:112: - listing CRUD;,ADD_MXX_VALID_DETAIL_RETAIN_CORE,YES,N/A,YES,NO,NO,BOTH_TEXTUAL_CORROBORATION
M06-CI-018,M06,PRESERVE,CAM11-0016,09_ERD/W4-02A.6.13_ERD_CURRENT_LOGICAL_DATA_MODEL_FULL_CONSOLIDATED_v2.1.docx,5a5ba139cff31fbd297cac3871a3b250f13b94dabcb15b49d89af86ca785cb88,NO_HEADING_DETECTED,09_ERD/W4-02A.6.13_ERD_CURRENT_LOGICAL_DATA_MODEL_FULL_CONSOLIDATED_v2.1.docx:1: RUMAHAGEN — ERD & DATA RELATIONSHIP MODEL || 09_ERD/W4-02A.6.13_ERD_CURRENT_LOGICAL_DATA_MODEL_FULL_CONSOLIDATED_v2.1.docx:2: W4-02A.6.13 — Current Logical Data Model — Full Consolidation & Synchronization || 09_ERD/W4-02A.6.13_ERD_CURRENT_LOGICAL_DATA_MODEL_FULL_CONSOLIDATED_v2.1.docx:3: **Version:** 2.1 — W4-02A.6.13 || 09_ERD/W4-02A.6.13_ERD_CURRENT_LOGICAL_DATA_MODEL_FULL_CONSOLIDATED_v2.1.docx:4: **Date:** 19 August 2026 || 09_ERD/W4-02A.6.13_ERD_CURRENT_LOGICAL_DATA_MODEL_FULL_CONSOLIDATED_v2.1.docx:5: **Status:** **CURRENT CANONICAL ERD BASELINE — GREEN / SYNCHRONIZED** || 09_ERD/W4-02A.6.13_ERD_CURRENT_LOGICAL_DATA_MODEL_FULL_CONSOLIDATED_v2.1.docx:6: **Predecessor:** RUMAHAGEN_ERD_v2.0_WAVE3_STEP3.4_FULL_CONSOLIDATED_SYNCHRONIZED.md,RUMAHAGEN_WF03_M06_FULL_REBUILD_CONTROLLED_v1.5_FULL_VERSION.zip,Non-exclusivity,"source_extracts/M06_v1.4/00_V1.2_BASELINE_RETAINED/00_V1.1_BASELINE_RETAINED/20_M06_FULL_REBUILD_CONTROLLED_v1.1.docx:15: Restored non-exclusivity. || source_extracts/M06_v1.4/00_V1.2_BASELINE_RETAINED/00_V1.1_BASELINE_RETAINED/16_M06_FULL_QUESTION_UPDATE.md:17: - non-exclusivity. || source_extracts/M06_v1.4/00_V1.2_BASELINE_RETAINED/00_V1.1_BASELINE_RETAINED/12_M06_FULL_FIELD_INVENTORY.csv:23: developer_projects,is_exclusive_by_region,BOOLEAN,source-defined,Non-exclusivity flag","09_ERD/W4-02A.6.13_ERD_CURRENT_LOGICAL_DATA_MODEL_FULL_CONSOLIDATED_v2.1.docx:637: Developer non-exclusivity remains governing. || 09_ERD/W4-02A.6.13_ERD_CURRENT_LOGICAL_DATA_MODEL_FULL_CONSOLIDATED_v2.1.docx:1145: 30. NON-REPURPOSE MATRIX || 09_ERD/W4-02A.6.13_ERD_CURRENT_LOGICAL_DATA_MODEL_FULL_CONSOLIDATED_v2.1.docx:664: Guest remains a non-authenticated state, not a physical role row.",RETAIN_CORE_ONLY,YES,N/A,YES,NO,NO,PRESERVE_NO_DELTA_REQUIRED
M07-IA-001,M07,PRESERVE,CAM11-0011,04_ARCHITECTURE/W4-02A.6.5_SYSTEM_ARCHITECTURE_FULL_CONSOLIDATED_v1.8.docx,c1aa07968bb5bdfc9f9600dc48da804f65574f49da672282237ec90c4cc94884,"# developer-projects, calculator (dbr), notifications, rbac, seo","04_ARCHITECTURE/W4-02A.6.5_SYSTEM_ARCHITECTURE_FULL_CONSOLIDATED_v1.8.docx:591: # developer-projects, calculator (dbr), notifications, rbac, seo || 04_ARCHITECTURE/W4-02A.6.5_SYSTEM_ARCHITECTURE_FULL_CONSOLIDATED_v1.8.docx:592: /api/cron/                # Vercel Cron Jobs & Postgres Database Webhook target (ADR-006, Approved) || 04_ARCHITECTURE/W4-02A.6.5_SYSTEM_ARCHITECTURE_FULL_CONSOLIDATED_v1.8.docx:593: /{job}/route.ts          # reminder-scan, sitemap-regenerate, dst. — dilindungi CRON_SECRET || 04_ARCHITECTURE/W4-02A.6.5_SYSTEM_ARCHITECTURE_FULL_CONSOLIDATED_v1.8.docx:594: /components || 04_ARCHITECTURE/W4-02A.6.5_SYSTEM_ARCHITECTURE_FULL_CONSOLIDATED_v1.8.docx:595: /ui/                     # komponen dasar reusable — tanpa business logic (shadcn/ui) || 04_ARCHITECTURE/W4-02A.6.5_SYSTEM_ARCHITECTURE_FULL_CONSOLIDATED_v1.8.docx:596: /features/{module}/      # komponen spesifik per modul",RUMAHAGEN_WF03_M07_FULL_REBUILD_CONTROLLED_v1.1_FULL_VERSION.zip,Semantic scope,14_M07_CURRENT_SOURCE_AND_SUPERSEDED_ARTIFACT_REGISTER_v1.1.md:17: ## Important scope rule || 10_M07_FINAL_QA_AND_COMPLETION_GATE_v1.1.md:3: ## Scope restriction || 10_M07_FINAL_QA_AND_COMPLETION_GATE_v1.0.md:17: - [x] Review condition/scope/ownership/visibility/approval,"04_ARCHITECTURE/W4-02A.6.5_SYSTEM_ARCHITECTURE_FULL_CONSOLIDATED_v1.8.docx:1277: SUPERSEDE || Earlier current-state claims that conflict with later governing architecture, including pre-Master-AEP 11-module scope and placeholder-only Commercial/Learning/Title/Session treatment. || 04_ARCHITECTURE/W4-02A.6.5_SYSTEM_ARCHITECTURE_FULL_CONSOLIDATED_v1.8.docx:1267: MADCR-053 / 054 || Authorization = Capability + Permission + Scope; Host ≠ Instructor. || 04_ARCHITECTURE/W4-02A.6.5_SYSTEM_ARCHITECTURE_FULL_CONSOLIDATED_v1.8.docx:1176: | ADR-024 | RBAC Role Model Scope | Approved | Bagian 1, 5, 8 |",RETAIN_CORE_ONLY,YES,N/A,YES,NO,NO,PRESERVE_NO_DELTA_REQUIRED
M07-IA-002,M07,PRESERVE,CAM11-0011,04_ARCHITECTURE/W4-02A.6.5_SYSTEM_ARCHITECTURE_FULL_CONSOLIDATED_v1.8.docx,c1aa07968bb5bdfc9f9600dc48da804f65574f49da672282237ec90c4cc94884,"# developer-projects, calculator (dbr), notifications, rbac, seo","04_ARCHITECTURE/W4-02A.6.5_SYSTEM_ARCHITECTURE_FULL_CONSOLIDATED_v1.8.docx:591: # developer-projects, calculator (dbr), notifications, rbac, seo || 04_ARCHITECTURE/W4-02A.6.5_SYSTEM_ARCHITECTURE_FULL_CONSOLIDATED_v1.8.docx:592: /api/cron/                # Vercel Cron Jobs & Postgres Database Webhook target (ADR-006, Approved) || 04_ARCHITECTURE/W4-02A.6.5_SYSTEM_ARCHITECTURE_FULL_CONSOLIDATED_v1.8.docx:593: /{job}/route.ts          # reminder-scan, sitemap-regenerate, dst. — dilindungi CRON_SECRET || 04_ARCHITECTURE/W4-02A.6.5_SYSTEM_ARCHITECTURE_FULL_CONSOLIDATED_v1.8.docx:594: /components || 04_ARCHITECTURE/W4-02A.6.5_SYSTEM_ARCHITECTURE_FULL_CONSOLIDATED_v1.8.docx:595: /ui/                     # komponen dasar reusable — tanpa business logic (shadcn/ui) || 04_ARCHITECTURE/W4-02A.6.5_SYSTEM_ARCHITECTURE_FULL_CONSOLIDATED_v1.8.docx:596: /features/{module}/      # komponen spesifik per modul",RUMAHAGEN_WF03_M07_FULL_REBUILD_CONTROLLED_v1.1_FULL_VERSION.zip,Bank Master semantic authority,"17_M07_CURRENT_PERMISSION_SOURCE_PARITY_v1.1.csv:2: Bank Master / Configuration,BYPASS / VIEW / ALL-CONFIG / NONE / VIEW-SELECT / NONE / NONE,BYPASS / VIEW / ALL-CONFIG / NONE / VIEW-SELECT / NONE / NONE,MATCH || 15_M07_DECISION_TRACEABILITY_MATRIX_v1.1.csv:20: M07-SRC-18,M01-M08 Master v1.2,M07 Bank Master row is RECONCILED; M01-M07-104,Q002-Q005,COVERED || 15_M07_DECISION_TRACEABILITY_MATRIX_v1.1.csv:6: M07-SRC-04,M07 Permission Reconciliation v1.0,Admin owns Bank Master configuration authority,Q002/Q006,COVERED","04_ARCHITECTURE/W4-02A.6.5_SYSTEM_ARCHITECTURE_FULL_CONSOLIDATED_v1.8.docx:1288: Current Master AEP/BR architecture boundaries propagated || GREEN || 04_ARCHITECTURE/W4-02A.6.5_SYSTEM_ARCHITECTURE_FULL_CONSOLIDATED_v1.8.docx:1281: Untraced new substantive architecture content || 0 — current changes trace to current Constitution/Governance/Decision Log, Master AEP/BR and closed MADCR/OD. || 04_ARCHITECTURE/W4-02A.6.5_SYSTEM_ARCHITECTURE_FULL_CONSOLIDATED_v1.8.docx:1277: SUPERSEDE || Earlier current-state claims that conflict with later governing architecture, including pre-Master-AEP 11-module scope and placeholder-only Commercial/Learning/Title/Session treatment.",RETAIN_CORE_ONLY,YES,N/A,YES,NO,NO,PRESERVE_NO_DELTA_REQUIRED
M07-IA-003,M07,CONTROLLED,CAM11-0018,11_DATABASE_SCHEMA/RUMAHAGEN_FULL_DATABASE_SCHEMA_SOURCE_ONLY_PACKAGE_v1.0.zip,fa720ebe06c1070155e2ddddba6215f8c764b55ac67af2123aa75831b7f84784,NO_HEADING_DETECTED,"11_DATABASE_SCHEMA/RUMAHAGEN_FULL_DATABASE_SCHEMA_SOURCE_ONLY_PACKAGE_v1.0.zip:1: PK    ]nF  F 3   RUMAHAGEN_FULL_DATABASE_SCHEMA_SOURCE_ONLY_v1.0.sql}rI;""	 <tU55j3$vj || 11_DATABASE_SCHEMA/RUMAHAGEN_FULL_DATABASE_SCHEMA_SOURCE_ONLY_PACKAGE_v1.0.zip:2: ik$D&*J5ۧu+#2""	Pju=<z=f?; || 11_DATABASE_SCHEMA/RUMAHAGEN_FULL_DATABASE_SCHEMA_SOURCE_ONLY_PACKAGE_v1.0.zip:3: ;^;;#'͐ || 11_DATABASE_SCHEMA/RUMAHAGEN_FULL_DATABASE_SCHEMA_SOURCE_ONLY_PACKAGE_v1.0.zip:4: > || 11_DATABASE_SCHEMA/RUMAHAGEN_FULL_DATABASE_SCHEMA_SOURCE_ONLY_PACKAGE_v1.0.zip:5: &׻ || 11_DATABASE_SCHEMA/RUMAHAGEN_FULL_DATABASE_SCHEMA_SOURCE_ONLY_PACKAGE_v1.0.zip:6: 0",RUMAHAGEN_WF03_M07_FULL_REBUILD_CONTROLLED_v1.1_FULL_VERSION.zip,Bank Master physical representation,"17_M07_CURRENT_PERMISSION_SOURCE_PARITY_v1.1.csv:2: Bank Master / Configuration,BYPASS / VIEW / ALL-CONFIG / NONE / VIEW-SELECT / NONE / NONE,BYPASS / VIEW / ALL-CONFIG / NONE / VIEW-SELECT / NONE / NONE,MATCH || 15_M07_DECISION_TRACEABILITY_MATRIX_v1.1.csv:20: M07-SRC-18,M01-M08 Master v1.2,M07 Bank Master row is RECONCILED; M01-M07-104,Q002-Q005,COVERED || 15_M07_DECISION_TRACEABILITY_MATRIX_v1.1.csv:6: M07-SRC-04,M07 Permission Reconciliation v1.0,Admin owns Bank Master configuration authority,Q002/Q006,COVERED",,ADD_MXX_VALID_DETAIL_RETAIN_CORE,YES,N/A,YES,NO,NO,MXX_TEXTUAL_CORROBORATION_ONLY
M07-IA-004,M07,CONTROLLED,CAM11-0035,15_TECHNICAL/W4-02A.6.19_TECHNICAL_SPECIFICATION_CURRENT_TECHNICAL_IMPLEMENTATION_CONTRACT_v2.1.md,2ac01b6961b6ab97d26ee8c314aaf06101af49cb746c4069147559fb8002b29c,# RUMAHAGEN — TECHNICAL SPECIFICATION,15_TECHNICAL/W4-02A.6.19_TECHNICAL_SPECIFICATION_CURRENT_TECHNICAL_IMPLEMENTATION_CONTRACT_v2.1.md:1: # RUMAHAGEN — TECHNICAL SPECIFICATION || 15_TECHNICAL/W4-02A.6.19_TECHNICAL_SPECIFICATION_CURRENT_TECHNICAL_IMPLEMENTATION_CONTRACT_v2.1.md:2: ## W4-02A.6.19 — Current Technical Implementation Contract || 15_TECHNICAL/W4-02A.6.19_TECHNICAL_SPECIFICATION_CURRENT_TECHNICAL_IMPLEMENTATION_CONTRACT_v2.1.md:4: **Version:** 2.1 — W4-02A.6.19 || 15_TECHNICAL/W4-02A.6.19_TECHNICAL_SPECIFICATION_CURRENT_TECHNICAL_IMPLEMENTATION_CONTRACT_v2.1.md:5: **Date:** 19 August 2026 || 15_TECHNICAL/W4-02A.6.19_TECHNICAL_SPECIFICATION_CURRENT_TECHNICAL_IMPLEMENTATION_CONTRACT_v2.1.md:6: **Status:** **CURRENT TECHNICAL IMPLEMENTATION CONTRACT — GREEN / FULLY CONSOLIDATED** || 15_TECHNICAL/W4-02A.6.19_TECHNICAL_SPECIFICATION_CURRENT_TECHNICAL_IMPLEMENTATION_CONTRACT_v2.1.md:7: **Predecessor:** `RUMAHAGEN_TECHNICAL_SPECIFICATION_v2.0_WAVE3_STEP3.11_FULL_CONSOLIDATED_SYNCHRONIZED.md`,RUMAHAGEN_WF03_M07_FULL_REBUILD_CONTROLLED_v1.1_FULL_VERSION.zip,Admin configuration enforcement,"18_M07_DOWNSTREAM_RECONCILIATION_PROVENANCE_v1.1.csv:5: M09 Permission Re-evaluation QA Decision Record,M07 remains M07 DBR/config authority; no generic configuration authority invented,SYNCED || 18_M07_DOWNSTREAM_RECONCILIATION_PROVENANCE_v1.1.csv:3: M01-M12 Final Permission Matrix Cross-Reconciliation v1.0,M07 Bank Configuration + DBR/share semantics governed by M07 reconciled rows,SYNCED || 17_M07_CURRENT_PERMISSION_SOURCE_PARITY_v1.1.csv:2: Bank Master / Configuration,BYPASS / VIEW / ALL-CONFIG / NONE / VIEW-SELECT / NONE / NONE,BYPASS / VIEW / ALL-CONFIG / NONE / VIEW-SELECT / NONE / NONE,MATCH","15_TECHNICAL/W4-02A.6.19_TECHNICAL_SPECIFICATION_CURRENT_TECHNICAL_IMPLEMENTATION_CONTRACT_v2.1.md:2799: The predecessor contains **57 numbered top-level sections**, including architecture, frontend/backend, API, database, M01–M15 technical responsibility, Learning Economy, Learning Session, authorization/RLS, Commercial/Payment, Awarding, Organization, Search, Maps, caching/rate limiting, storage, AI BYOK, notification, SEO/Analytics, security, error handling, observability, performance, testing, TECH-29 runtime boundary, deployment, migration, technical handoff, legacy preservation, cross-domain contracts, idempotency, background processing, configuration, access control, audit/provenance, test fixtures, production readiness, residual register, traceability, coverage checklist and gate/checkpoint/final chain. || 15_TECHNICAL/W4-02A.6.19_TECHNICAL_SPECIFICATION_CURRENT_TECHNICAL_IMPLEMENTATION_CONTRACT_v2.1.md:2787: 15. RLS is a second enforcement layer and is not runtime-verified by documentation alone. || 15_TECHNICAL/W4-02A.6.19_TECHNICAL_SPECIFICATION_CURRENT_TECHNICAL_IMPLEMENTATION_CONTRACT_v2.1.md:2528: | Attendance numeric thresholds | CONFIGURATION RESIDUAL | BR/configuration | No |",ADD_MXX_VALID_DETAIL_RETAIN_CORE,YES,N/A,YES,NO,NO,BOTH_TEXTUAL_CORROBORATION
M07-IA-005,M07,CONTROLLED,CAM11-0032,12_API/W4-02A.6.16_API_SPECIFICATION_CURRENT_API_CONTRACT_BASELINE_FULL_CONSOLIDATED_v2.1.docx,fbfc539044ed2b7037ebee6ed5d5065c4e14efbd042a4928b107c02c210277d1,NO_HEADING_DETECTED,12_API/W4-02A.6.16_API_SPECIFICATION_CURRENT_API_CONTRACT_BASELINE_FULL_CONSOLIDATED_v2.1.docx:1: RUMAHAGEN — API SPECIFICATION || 12_API/W4-02A.6.16_API_SPECIFICATION_CURRENT_API_CONTRACT_BASELINE_FULL_CONSOLIDATED_v2.1.docx:2: Wave 3 — Step 3.6 Full Consolidation & Synchronization || 12_API/W4-02A.6.16_API_SPECIFICATION_CURRENT_API_CONTRACT_BASELINE_FULL_CONSOLIDATED_v2.1.docx:3: Version: 2.1 — W4-02A.6.16 Current API/Contract Baseline || 12_API/W4-02A.6.16_API_SPECIFICATION_CURRENT_API_CONTRACT_BASELINE_FULL_CONSOLIDATED_v2.1.docx:4: Date: 19 August 2026 || 12_API/W4-02A.6.16_API_SPECIFICATION_CURRENT_API_CONTRACT_BASELINE_FULL_CONSOLIDATED_v2.1.docx:5: Status: CURRENT CANONICAL API CONTRACT BASELINE — COMPLETE / GREEN || 12_API/W4-02A.6.16_API_SPECIFICATION_CURRENT_API_CONTRACT_BASELINE_FULL_CONSOLIDATED_v2.1.docx:6: Predecessor: `RUMAHAGEN_API_SPECIFICATION_v2.0_WAVE3_STEP3.6_FULL_CONSOLIDATED_SYNCHRONIZED.md` + legacy v1.3 API + AEP1/AEP2/AEP3/AEP4 impact artifacts + W4-02A.6 current synchronization chain,RUMAHAGEN_WF03_M07_FULL_REBUILD_CONTROLLED_v1.1_FULL_VERSION.zip,API contract,00_V1.0_BASELINE_RETAINED/00_SOURCE_PROVENANCE/W4-02A.6.27_FOCUSED_EXECUTION_PACK_M01-M07_v2.1.md:23: 7. Do not invent API endpoint identifiers when the current API contract does not establish them. || 00_V1.0_BASELINE_RETAINED/00_SOURCE_PROVENANCE/M07_PHYSICAL_EXECUTION_SPEC_v2.1.md:170: - [ ] API contract reconciled || 00_V1.0_BASELINE_RETAINED/00_SOURCE_PROVENANCE/M07_PHYSICAL_EXECUTION_SPEC_v2.1.md:114: - Current API contract is respected.,12_API/W4-02A.6.16_API_SPECIFICATION_CURRENT_API_CONTRACT_BASELINE_FULL_CONSOLIDATED_v2.1.docx:888: The stabilized API contract is now the direct input to: || 12_API/W4-02A.6.16_API_SPECIFICATION_CURRENT_API_CONTRACT_BASELINE_FULL_CONSOLIDATED_v2.1.docx:852: API contract || 12_API/W4-02A.6.16_API_SPECIFICATION_CURRENT_API_CONTRACT_BASELINE_FULL_CONSOLIDATED_v2.1.docx:803: Step 3.7 must consume this document as the single current API contract authority.,ADD_MXX_VALID_DETAIL_RETAIN_CORE,YES,N/A,YES,NO,NO,BOTH_TEXTUAL_CORROBORATION
M07-IA-006,M07,PRESERVE,CAM11-0052,23_M01_M07/W4-02A.6.27_FOCUSED_EXECUTION_PACK_M01-M07_v2.1_EXTRACTED/RUMAHAGEN_W4-02A.6.27_FOCUSED_EXECUTION_PACK_M01-M07_v2.1/M07_PHYSICAL_EXECUTION_SPEC_v2.1.md,662cf023986fc73f6684c928b3c4e00ba5e8e01b2ad07951945b5c9de67808e7,# RUMAHAGEN — M07 PHYSICAL EXECUTION SPECIFICATION,23_M01_M07/W4-02A.6.27_FOCUSED_EXECUTION_PACK_M01-M07_v2.1_EXTRACTED/RUMAHAGEN_W4-02A.6.27_FOCUSED_EXECUTION_PACK_M01-M07_v2.1/M07_PHYSICAL_EXECUTION_SPEC_v2.1.md:1: # RUMAHAGEN — M07 PHYSICAL EXECUTION SPECIFICATION || 23_M01_M07/W4-02A.6.27_FOCUSED_EXECUTION_PACK_M01-M07_v2.1_EXTRACTED/RUMAHAGEN_W4-02A.6.27_FOCUSED_EXECUTION_PACK_M01-M07_v2.1/M07_PHYSICAL_EXECUTION_SPEC_v2.1.md:2: ## W4-02A.6.27 — Current Focused Execution Contract || 23_M01_M07/W4-02A.6.27_FOCUSED_EXECUTION_PACK_M01-M07_v2.1_EXTRACTED/RUMAHAGEN_W4-02A.6.27_FOCUSED_EXECUTION_PACK_M01-M07_v2.1/M07_PHYSICAL_EXECUTION_SPEC_v2.1.md:4: **Version:** 2.1 || 23_M01_M07/W4-02A.6.27_FOCUSED_EXECUTION_PACK_M01-M07_v2.1_EXTRACTED/RUMAHAGEN_W4-02A.6.27_FOCUSED_EXECUTION_PACK_M01-M07_v2.1/M07_PHYSICAL_EXECUTION_SPEC_v2.1.md:5: **Module:** M07 — DBR || 23_M01_M07/W4-02A.6.27_FOCUSED_EXECUTION_PACK_M01-M07_v2.1_EXTRACTED/RUMAHAGEN_W4-02A.6.27_FOCUSED_EXECUTION_PACK_M01-M07_v2.1/M07_PHYSICAL_EXECUTION_SPEC_v2.1.md:6: **Assigned batch:** B2 || 23_M01_M07/W4-02A.6.27_FOCUSED_EXECUTION_PACK_M01-M07_v2.1_EXTRACTED/RUMAHAGEN_W4-02A.6.27_FOCUSED_EXECUTION_PACK_M01-M07_v2.1/M07_PHYSICAL_EXECUTION_SPEC_v2.1.md:7: **Status:** CURRENT / EXECUTION-SPEC READY,RUMAHAGEN_WF03_M07_FULL_REBUILD_CONTROLLED_v1.1_FULL_VERSION.zip,Threshold,"15_M07_DECISION_TRACEABILITY_MATRIX_v1.1.csv:7: M07-SRC-05,M07 Permission Reconciliation v1.0,Agent VIEW/SELECT eligible/available banks + applicable threshold; no configuration,Q005,COVERED || 15_M07_DECISION_TRACEABILITY_MATRIX_v1.1.csv:5: M07-SRC-03,M07 Permission Reconciliation v1.0,Manager Bank Master VIEW = active bank master + applicable threshold; no mutation,Q004,COVERED || 10_M07_FINAL_QA_AND_COMPLETION_GATE_v1.0.md:36: 8. Bank threshold is not user-editable.",23_M01_M07/W4-02A.6.27_FOCUSED_EXECUTION_PACK_M01-M07_v2.1_EXTRACTED/RUMAHAGEN_W4-02A.6.27_FOCUSED_EXECUTION_PACK_M01-M07_v2.1/M07_PHYSICAL_EXECUTION_SPEC_v2.1.md:132: - DBR exactly threshold-10pp || 23_M01_M07/W4-02A.6.27_FOCUSED_EXECUTION_PACK_M01-M07_v2.1_EXTRACTED/RUMAHAGEN_W4-02A.6.27_FOCUSED_EXECUTION_PACK_M01-M07_v2.1/M07_PHYSICAL_EXECUTION_SPEC_v2.1.md:131: - DBR exactly threshold || 23_M01_M07/W4-02A.6.27_FOCUSED_EXECUTION_PACK_M01-M07_v2.1_EXTRACTED/RUMAHAGEN_W4-02A.6.27_FOCUSED_EXECUTION_PACK_M01-M07_v2.1/M07_PHYSICAL_EXECUTION_SPEC_v2.1.md:130: - DBR > threshold,RETAIN_CORE_ONLY,YES,N/A,YES,NO,NO,PRESERVE_NO_DELTA_REQUIRED
M07-IA-007,M07,PRESERVE,CAM11-0035,15_TECHNICAL/W4-02A.6.19_TECHNICAL_SPECIFICATION_CURRENT_TECHNICAL_IMPLEMENTATION_CONTRACT_v2.1.md,2ac01b6961b6ab97d26ee8c314aaf06101af49cb746c4069147559fb8002b29c,# RUMAHAGEN — TECHNICAL SPECIFICATION,15_TECHNICAL/W4-02A.6.19_TECHNICAL_SPECIFICATION_CURRENT_TECHNICAL_IMPLEMENTATION_CONTRACT_v2.1.md:1: # RUMAHAGEN — TECHNICAL SPECIFICATION || 15_TECHNICAL/W4-02A.6.19_TECHNICAL_SPECIFICATION_CURRENT_TECHNICAL_IMPLEMENTATION_CONTRACT_v2.1.md:2: ## W4-02A.6.19 — Current Technical Implementation Contract || 15_TECHNICAL/W4-02A.6.19_TECHNICAL_SPECIFICATION_CURRENT_TECHNICAL_IMPLEMENTATION_CONTRACT_v2.1.md:4: **Version:** 2.1 — W4-02A.6.19 || 15_TECHNICAL/W4-02A.6.19_TECHNICAL_SPECIFICATION_CURRENT_TECHNICAL_IMPLEMENTATION_CONTRACT_v2.1.md:5: **Date:** 19 August 2026 || 15_TECHNICAL/W4-02A.6.19_TECHNICAL_SPECIFICATION_CURRENT_TECHNICAL_IMPLEMENTATION_CONTRACT_v2.1.md:6: **Status:** **CURRENT TECHNICAL IMPLEMENTATION CONTRACT — GREEN / FULLY CONSOLIDATED** || 15_TECHNICAL/W4-02A.6.19_TECHNICAL_SPECIFICATION_CURRENT_TECHNICAL_IMPLEMENTATION_CONTRACT_v2.1.md:7: **Predecessor:** `RUMAHAGEN_TECHNICAL_SPECIFICATION_v2.0_WAVE3_STEP3.11_FULL_CONSOLIDATED_SYNCHRONIZED.md`,RUMAHAGEN_WF03_M07_FULL_REBUILD_CONTROLLED_v1.1_FULL_VERSION.zip,Bank display limit,"01_M07_QUESTION_INVENTORY_FULL_v1.1.csv:14: M07-Q013,What is the bank display limit?,Maximum four displayed active banks where the current contract applies; bank master itself is not limited to four.,LOCKED,SEMANTIC,M07 Permission Reconciliation v1.0; current M07 semantic source || 01_M07_QUESTION_INVENTORY_FULL_v1.0.csv:14: M07-Q013,What is the bank display limit?,Maximum four displayed active banks where the current contract applies; bank master itself is not limited to four.,LOCKED,SEMANTIC || 00_V1.0_BASELINE_RETAINED/01_M07_QUESTION_INVENTORY_FULL_v1.0.csv:14: M07-Q013,What is the bank display limit?,Maximum four displayed active banks where the current contract applies; bank master itself is not limited to four.,LOCKED,SEMANTIC",15_TECHNICAL/W4-02A.6.19_TECHNICAL_SPECIFICATION_CURRENT_TECHNICAL_IMPLEMENTATION_CONTRACT_v2.1.md:2300: - DBR bank master; || 15_TECHNICAL/W4-02A.6.19_TECHNICAL_SPECIFICATION_CURRENT_TECHNICAL_IMPLEMENTATION_CONTRACT_v2.1.md:2282: - rate-limit cleanup; || 15_TECHNICAL/W4-02A.6.19_TECHNICAL_SPECIFICATION_CURRENT_TECHNICAL_IMPLEMENTATION_CONTRACT_v2.1.md:1743: - rate-limit blocks;,RETAIN_CORE_ONLY,YES,N/A,YES,NO,NO,PRESERVE_NO_DELTA_REQUIRED
M07-IA-008,M07,PRESERVE,CAM11-0041,21_EXECUTION_SPECIFICATION/W4-02A.6.25_MODULE_EXECUTION_SPECIFICATION_ARCHITECTURE_v2.1.md,8e82d6f1308995ba163d0c2c49786c8b8999d7c2e6b4388e07661678ffa095a3,# RUMAHAGEN — MODULE EXECUTION SPECIFICATION ARCHITECTURE,21_EXECUTION_SPECIFICATION/W4-02A.6.25_MODULE_EXECUTION_SPECIFICATION_ARCHITECTURE_v2.1.md:1: # RUMAHAGEN — MODULE EXECUTION SPECIFICATION ARCHITECTURE || 21_EXECUTION_SPECIFICATION/W4-02A.6.25_MODULE_EXECUTION_SPECIFICATION_ARCHITECTURE_v2.1.md:2: ## W4-02A.6.25 — Execution-Specification Structure || 21_EXECUTION_SPECIFICATION/W4-02A.6.25_MODULE_EXECUTION_SPECIFICATION_ARCHITECTURE_v2.1.md:4: **Version:** 2.1 — W4-02A.6.25 || 21_EXECUTION_SPECIFICATION/W4-02A.6.25_MODULE_EXECUTION_SPECIFICATION_ARCHITECTURE_v2.1.md:5: **Date:** 19 August 2026 || 21_EXECUTION_SPECIFICATION/W4-02A.6.25_MODULE_EXECUTION_SPECIFICATION_ARCHITECTURE_v2.1.md:6: **Status:** **CURRENT EXECUTION-SPECIFICATION ARCHITECTURE BASELINE — GREEN / FULLY CONSOLIDATED** || 21_EXECUTION_SPECIFICATION/W4-02A.6.25_MODULE_EXECUTION_SPECIFICATION_ARCHITECTURE_v2.1.md:7: **Predecessor:** `RUMAHAGEN_W4-02A.6.24_REVISED_MODULE_PLANNING_CURRENT_MODULE_DELIVERY_PLANNING_v2.1.md`,RUMAHAGEN_WF03_M07_FULL_REBUILD_CONTROLLED_v1.1_FULL_VERSION.zip,Interpretation bands,"03_M07_SEMANTIC_DECISION_MATRIX_v1.0.csv:7: Banding,Fixed 10pp bands A/B/C,LOCKED || 00_V1.0_BASELINE_RETAINED/03_M07_SEMANTIC_DECISION_MATRIX_v1.0.csv:7: Banding,Fixed 10pp bands A/B/C,LOCKED || 00_V1.0_BASELINE_RETAINED/00_SOURCE_PROVENANCE/W4-02A.6.27_FOCUSED_EXECUTION_PACK_M01-M07_v2.1.md:141: | M07 | DBR formula/bands correct | bank/result/history | DBR contract | config/user scope | calculation/bank UI | M09/M08 |",,RETAIN_CORE_ONLY,YES,N/A,YES,NO,NO,PRESERVE_NO_DELTA_REQUIRED
M07-IA-009,M07,PRESERVE,CAM11-0018,11_DATABASE_SCHEMA/RUMAHAGEN_FULL_DATABASE_SCHEMA_SOURCE_ONLY_PACKAGE_v1.0.zip,fa720ebe06c1070155e2ddddba6215f8c764b55ac67af2123aa75831b7f84784,NO_HEADING_DETECTED,"11_DATABASE_SCHEMA/RUMAHAGEN_FULL_DATABASE_SCHEMA_SOURCE_ONLY_PACKAGE_v1.0.zip:1: PK    ]nF  F 3   RUMAHAGEN_FULL_DATABASE_SCHEMA_SOURCE_ONLY_v1.0.sql}rI;""	 <tU55j3$vj || 11_DATABASE_SCHEMA/RUMAHAGEN_FULL_DATABASE_SCHEMA_SOURCE_ONLY_PACKAGE_v1.0.zip:2: ik$D&*J5ۧu+#2""	Pju=<z=f?; || 11_DATABASE_SCHEMA/RUMAHAGEN_FULL_DATABASE_SCHEMA_SOURCE_ONLY_PACKAGE_v1.0.zip:3: ;^;;#'͐ || 11_DATABASE_SCHEMA/RUMAHAGEN_FULL_DATABASE_SCHEMA_SOURCE_ONLY_PACKAGE_v1.0.zip:4: > || 11_DATABASE_SCHEMA/RUMAHAGEN_FULL_DATABASE_SCHEMA_SOURCE_ONLY_PACKAGE_v1.0.zip:5: &׻ || 11_DATABASE_SCHEMA/RUMAHAGEN_FULL_DATABASE_SCHEMA_SOURCE_ONLY_PACKAGE_v1.0.zip:6: 0",RUMAHAGEN_WF03_M07_FULL_REBUILD_CONTROLLED_v1.1_FULL_VERSION.zip,Simulation persistence,"00_V1.0_BASELINE_RETAINED/00_SOURCE_PROVENANCE/M07_PHYSICAL_EXECUTION_SPEC_v2.1.md:92: simulation/result/history persistence where current contract applies || 17_M07_CURRENT_PERMISSION_SOURCE_PARITY_v1.1.csv:3: DBR Calculation / Simulation + Result History,BYPASS / OWN / ALL / OWN+SHARE / OWN+SHARE / OWN+SHARE / OWN-OPEN,BYPASS / OWN / ALL / OWN+SHARE / OWN+SHARE / OWN+SHARE / OWN-OPEN,MATCH || 15_M07_DECISION_TRACEABILITY_MATRIX_v1.1.csv:14: M07-SRC-12,M07 Permission Reconciliation v1.0,Recipient cannot edit/recalculate/revoke source simulation,Q010,COVERED",,RETAIN_CORE_ONLY,YES,N/A,YES,NO,NO,PRESERVE_NO_DELTA_REQUIRED
M07-IA-010,M07,PRESERVE,CAM11-0011,04_ARCHITECTURE/W4-02A.6.5_SYSTEM_ARCHITECTURE_FULL_CONSOLIDATED_v1.8.docx,c1aa07968bb5bdfc9f9600dc48da804f65574f49da672282237ec90c4cc94884,"# developer-projects, calculator (dbr), notifications, rbac, seo","04_ARCHITECTURE/W4-02A.6.5_SYSTEM_ARCHITECTURE_FULL_CONSOLIDATED_v1.8.docx:591: # developer-projects, calculator (dbr), notifications, rbac, seo || 04_ARCHITECTURE/W4-02A.6.5_SYSTEM_ARCHITECTURE_FULL_CONSOLIDATED_v1.8.docx:592: /api/cron/                # Vercel Cron Jobs & Postgres Database Webhook target (ADR-006, Approved) || 04_ARCHITECTURE/W4-02A.6.5_SYSTEM_ARCHITECTURE_FULL_CONSOLIDATED_v1.8.docx:593: /{job}/route.ts          # reminder-scan, sitemap-regenerate, dst. — dilindungi CRON_SECRET || 04_ARCHITECTURE/W4-02A.6.5_SYSTEM_ARCHITECTURE_FULL_CONSOLIDATED_v1.8.docx:594: /components || 04_ARCHITECTURE/W4-02A.6.5_SYSTEM_ARCHITECTURE_FULL_CONSOLIDATED_v1.8.docx:595: /ui/                     # komponen dasar reusable — tanpa business logic (shadcn/ui) || 04_ARCHITECTURE/W4-02A.6.5_SYSTEM_ARCHITECTURE_FULL_CONSOLIDATED_v1.8.docx:596: /features/{module}/      # komponen spesifik per modul",RUMAHAGEN_WF03_M07_FULL_REBUILD_CONTROLLED_v1.1_FULL_VERSION.zip,Sharing/revoke,"00_V1.0_BASELINE_RETAINED/00_SOURCE_PROVENANCE/RUMAHAGEN_WF-03.2_MASTER_PERMISSION_MATRIX_M01-M07_RECONCILED_v1.1.csv:106: M07,DBR Calculation / Simulation + Result History,Execute / View / Share / Revoke Own Share,""DBR calculation, simulation result/history, ownership and sharing"",BYPASS,OWN,ALL,OWN + SHARE,OWN + SHARE,OWN + SHARE,OWN/OPEN,RECONCILED,M07-RECON-02,M07 Permission Matrix Reconciliation v1.0; 45 locked decisions; WF-03.2 M07,,OWN = creator-owned simulation/history. ALL calculation does not change ownership. OWN+SHARE = own result + public share capability. SHARE uses share link/result reference only; public results are not searchable/browsable. Recipient is VIEW-only. Ownership stays with creator. Creator alone may revoke; revoke immediately invalidates the share link/reference. Buyer OWN/OPEN requires no assignment/approval/org membership. Bank Selection is inherited.,M01-M07-105,NEW M07 RECONCILED ROW || 00_V1.0_BASELINE_RETAINED/00_SOURCE_PROVENANCE/RUMAHAGEN_WF-03.2_M07_PERMISSION_MATRIX_RECONCILIATION_v1.0.docx:28: 45 keputusan semantic telah dijawab dan dikunci selama re-evaluation, mencakup role × capability scope, ownership, sharing, public access mechanism, revoke behavior, Bank Selection boundary, dan pemisahan calculation authority dari ownership. || 00_V1.0_BASELINE_RETAINED/00_M07_FULL_REBUILD_CONTROLLED_v1.0.md:18: - Sharing / revoke semantics",,RETAIN_CORE_ONLY,YES,N/A,YES,NO,NO,PRESERVE_NO_DELTA_REQUIRED
M07-IA-011,M07,PRESERVE,CAM11-0011,04_ARCHITECTURE/W4-02A.6.5_SYSTEM_ARCHITECTURE_FULL_CONSOLIDATED_v1.8.docx,c1aa07968bb5bdfc9f9600dc48da804f65574f49da672282237ec90c4cc94884,"# developer-projects, calculator (dbr), notifications, rbac, seo","04_ARCHITECTURE/W4-02A.6.5_SYSTEM_ARCHITECTURE_FULL_CONSOLIDATED_v1.8.docx:591: # developer-projects, calculator (dbr), notifications, rbac, seo || 04_ARCHITECTURE/W4-02A.6.5_SYSTEM_ARCHITECTURE_FULL_CONSOLIDATED_v1.8.docx:592: /api/cron/                # Vercel Cron Jobs & Postgres Database Webhook target (ADR-006, Approved) || 04_ARCHITECTURE/W4-02A.6.5_SYSTEM_ARCHITECTURE_FULL_CONSOLIDATED_v1.8.docx:593: /{job}/route.ts          # reminder-scan, sitemap-regenerate, dst. — dilindungi CRON_SECRET || 04_ARCHITECTURE/W4-02A.6.5_SYSTEM_ARCHITECTURE_FULL_CONSOLIDATED_v1.8.docx:594: /components || 04_ARCHITECTURE/W4-02A.6.5_SYSTEM_ARCHITECTURE_FULL_CONSOLIDATED_v1.8.docx:595: /ui/                     # komponen dasar reusable — tanpa business logic (shadcn/ui) || 04_ARCHITECTURE/W4-02A.6.5_SYSTEM_ARCHITECTURE_FULL_CONSOLIDATED_v1.8.docx:596: /features/{module}/      # komponen spesifik per modul",RUMAHAGEN_WF03_M07_FULL_REBUILD_CONTROLLED_v1.1_FULL_VERSION.zip,Buyer OWN/OPEN,"15_M07_DECISION_TRACEABILITY_MATRIX_v1.1.csv:18: M07-SRC-16,M07 Permission Reconciliation v1.0,Buyer OWN/OPEN without assignment/approval/org membership,Q012,COVERED || 09_M07_CONFLICT_RECONCILIATION_REGISTER_v1.0.csv:5: M07-CX-004,Buyer OWN/OPEN vs assignment/approval,Buyer can start simulation without assignment/approval/org membership.,RESOLVED || 00_V1.0_BASELINE_RETAINED/09_M07_CONFLICT_RECONCILIATION_REGISTER_v1.0.csv:5: M07-CX-004,Buyer OWN/OPEN vs assignment/approval,Buyer can start simulation without assignment/approval/org membership.,RESOLVED","04_ARCHITECTURE/W4-02A.6.5_SYSTEM_ARCHITECTURE_FULL_CONSOLIDATED_v1.8.docx:1274: Content units reviewed || Predecessor metadata, version history, purpose, executive summary, principles, high-level architecture, technology stack, modules, folder structure, database/auth/API/frontend/backend/storage/notification/security/performance/scalability/error/deployment/development/future/risk/AI/open-question/ADR matrix and cross-AEP addendum || 04_ARCHITECTURE/W4-02A.6.5_SYSTEM_ARCHITECTURE_FULL_CONSOLIDATED_v1.8.docx:1268: OPEN-C01 / MADCR-012 || Commercial AEP relationship is complementary; no new authority/domain/subsystem. || 04_ARCHITECTURE/W4-02A.6.5_SYSTEM_ARCHITECTURE_FULL_CONSOLIDATED_v1.8.docx:1216: No exact physical table, column, API endpoint, webhook implementation, RBAC ID, provider credential model, idempotency table, migration or state enum is introduced by this addendum. Those require the later D1 downstream technical synchronization and any still-open governance decisions.",RETAIN_CORE_ONLY,YES,N/A,YES,NO,NO,PRESERVE_NO_DELTA_REQUIRED
M07-IA-012,M07,PRESERVE,CAM11-0011,04_ARCHITECTURE/W4-02A.6.5_SYSTEM_ARCHITECTURE_FULL_CONSOLIDATED_v1.8.docx,c1aa07968bb5bdfc9f9600dc48da804f65574f49da672282237ec90c4cc94884,"# developer-projects, calculator (dbr), notifications, rbac, seo","04_ARCHITECTURE/W4-02A.6.5_SYSTEM_ARCHITECTURE_FULL_CONSOLIDATED_v1.8.docx:591: # developer-projects, calculator (dbr), notifications, rbac, seo || 04_ARCHITECTURE/W4-02A.6.5_SYSTEM_ARCHITECTURE_FULL_CONSOLIDATED_v1.8.docx:592: /api/cron/                # Vercel Cron Jobs & Postgres Database Webhook target (ADR-006, Approved) || 04_ARCHITECTURE/W4-02A.6.5_SYSTEM_ARCHITECTURE_FULL_CONSOLIDATED_v1.8.docx:593: /{job}/route.ts          # reminder-scan, sitemap-regenerate, dst. — dilindungi CRON_SECRET || 04_ARCHITECTURE/W4-02A.6.5_SYSTEM_ARCHITECTURE_FULL_CONSOLIDATED_v1.8.docx:594: /components || 04_ARCHITECTURE/W4-02A.6.5_SYSTEM_ARCHITECTURE_FULL_CONSOLIDATED_v1.8.docx:595: /ui/                     # komponen dasar reusable — tanpa business logic (shadcn/ui) || 04_ARCHITECTURE/W4-02A.6.5_SYSTEM_ARCHITECTURE_FULL_CONSOLIDATED_v1.8.docx:596: /features/{module}/      # komponen spesifik per modul",RUMAHAGEN_WF03_M07_FULL_REBUILD_CONTROLLED_v1.1_FULL_VERSION.zip,M07 authority boundary,"18_M07_DOWNSTREAM_RECONCILIATION_PROVENANCE_v1.1.csv:7: M07 Permission Reconciliation v1.0,45 locked decisions; M07 semantic matrix and evidence boundary,SYNCED || 15_M07_DECISION_TRACEABILITY_MATRIX_v1.1.csv:27: M07-SRC-25,Evidence boundary,Artifact completion does not authorize physical implementation,Q025,COVERED || 15_M07_DECISION_TRACEABILITY_MATRIX_v1.1.csv:26: M07-SRC-24,Evidence boundary,Physical permission IDs/seeds are downstream; not invented in semantic matrix,Q024,COVERED",04_ARCHITECTURE/W4-02A.6.5_SYSTEM_ARCHITECTURE_FULL_CONSOLIDATED_v1.8.docx:1290: Historical boundary explicit || GREEN || 04_ARCHITECTURE/W4-02A.6.5_SYSTEM_ARCHITECTURE_FULL_CONSOLIDATED_v1.8.docx:1262: MADCR-049 — Option A || Learning Activity is canonical completion/reward boundary; Course/Module remains content/product structure. || 04_ARCHITECTURE/W4-02A.6.5_SYSTEM_ARCHITECTURE_FULL_CONSOLIDATED_v1.8.docx:1231: Physical boundary || W4-01E frozen physical design → W4-02 sole executable SQL → W4-03 runtime verification,RETAIN_CORE_ONLY,YES,N/A,YES,NO,NO,PRESERVE_NO_DELTA_REQUIRED
M07-IA-013,M07,PRESERVE,CAM11-0067,27_AI_BLUEPRINT/W4-02A.6.31_AI_DEVELOPMENT_BLUEPRINT_v2.1.md,504a5738b3a832159850b0c1035e95f02b509a773a52fb01b722948e01ab09c2,# RUMAHAGEN — W4-02A.6.31,27_AI_BLUEPRINT/W4-02A.6.31_AI_DEVELOPMENT_BLUEPRINT_v2.1.md:1: # RUMAHAGEN — W4-02A.6.31 || 27_AI_BLUEPRINT/W4-02A.6.31_AI_DEVELOPMENT_BLUEPRINT_v2.1.md:2: # AI DEVELOPMENT BLUEPRINT || 27_AI_BLUEPRINT/W4-02A.6.31_AI_DEVELOPMENT_BLUEPRINT_v2.1.md:4: **Version:** 2.1 || 27_AI_BLUEPRINT/W4-02A.6.31_AI_DEVELOPMENT_BLUEPRINT_v2.1.md:5: **Date:** 19 August 2026 || 27_AI_BLUEPRINT/W4-02A.6.31_AI_DEVELOPMENT_BLUEPRINT_v2.1.md:6: **Status:** CURRENT / GREEN — AI DEVELOPMENT CONTEXT BASELINE || 27_AI_BLUEPRINT/W4-02A.6.31_AI_DEVELOPMENT_BLUEPRINT_v2.1.md:7: **Scope:** AI/Bolt-assisted engineering execution for M01–M15,RUMAHAGEN_WF03_M07_FULL_REBUILD_CONTROLLED_v1.1_FULL_VERSION.zip,AI boundary,"18_M07_DOWNSTREAM_RECONCILIATION_PROVENANCE_v1.1.csv:7: M07 Permission Reconciliation v1.0,45 locked decisions; M07 semantic matrix and evidence boundary,SYNCED || 15_M07_DECISION_TRACEABILITY_MATRIX_v1.1.csv:27: M07-SRC-25,Evidence boundary,Artifact completion does not authorize physical implementation,Q025,COVERED || 15_M07_DECISION_TRACEABILITY_MATRIX_v1.1.csv:26: M07-SRC-24,Evidence boundary,Physical permission IDs/seeds are downstream; not invented in semantic matrix,Q024,COVERED",27_AI_BLUEPRINT/W4-02A.6.31_AI_DEVELOPMENT_BLUEPRINT_v2.1.md:1320: | SEO/Analytics boundary | PASS | || 27_AI_BLUEPRINT/W4-02A.6.31_AI_DEVELOPMENT_BLUEPRINT_v2.1.md:1319: | UI/UX boundary | PASS | || 27_AI_BLUEPRINT/W4-02A.6.31_AI_DEVELOPMENT_BLUEPRINT_v2.1.md:1318: | RBAC/RLS boundary | PASS |,RETAIN_CORE_ONLY,YES,N/A,YES,NO,NO,PRESERVE_NO_DELTA_REQUIRED
M07-IA-014,M07,PRESERVE,CAM11-0038,18_MODULE_DEPENDENCY/W4-02A.6.22_MODULE_DEPENDENCY_MATRIX_CROSS_MODULE_DEPENDENCY_CONTRACT_v2.1.md,30a5c406428ad0e2e377e2803a77d16c0d9cac0f7f6c1249dadb89d1360bc9e3,# RUMAHAGEN — MODULE DEPENDENCY MATRIX,18_MODULE_DEPENDENCY/W4-02A.6.22_MODULE_DEPENDENCY_MATRIX_CROSS_MODULE_DEPENDENCY_CONTRACT_v2.1.md:1: # RUMAHAGEN — MODULE DEPENDENCY MATRIX || 18_MODULE_DEPENDENCY/W4-02A.6.22_MODULE_DEPENDENCY_MATRIX_CROSS_MODULE_DEPENDENCY_CONTRACT_v2.1.md:2: ## W4-02A.6.22 — Cross-Module Dependency Contract || 18_MODULE_DEPENDENCY/W4-02A.6.22_MODULE_DEPENDENCY_MATRIX_CROSS_MODULE_DEPENDENCY_CONTRACT_v2.1.md:4: **Version:** 2.1 — W4-02A.6.22 || 18_MODULE_DEPENDENCY/W4-02A.6.22_MODULE_DEPENDENCY_MATRIX_CROSS_MODULE_DEPENDENCY_CONTRACT_v2.1.md:5: **Date:** 19 August 2026 || 18_MODULE_DEPENDENCY/W4-02A.6.22_MODULE_DEPENDENCY_MATRIX_CROSS_MODULE_DEPENDENCY_CONTRACT_v2.1.md:6: **Status:** **CURRENT MODULE DEPENDENCY BASELINE — GREEN / FULLY CONSOLIDATED** || 18_MODULE_DEPENDENCY/W4-02A.6.22_MODULE_DEPENDENCY_MATRIX_CROSS_MODULE_DEPENDENCY_CONTRACT_v2.1.md:7: **Predecessor:** `RUMAHAGEN_MODULE_DEPENDENCY_MATRIX_v2.0_WAVE3_STEP3.12_FULL_CONSOLIDATED_SYNCHRONIZED.md`,RUMAHAGEN_WF03_M07_FULL_REBUILD_CONTROLLED_v1.1_FULL_VERSION.zip,M09 dependency,"01_M07_QUESTION_INVENTORY_FULL_v1.1.csv:21: M07-Q020,What is the conditional configuration dependency?,M09 configures bank master.,LOCKED,DEPENDENCY,M07 rebuild dependency contract; M09 reconciliation || 01_M07_QUESTION_INVENTORY_FULL_v1.0.csv:21: M07-Q020,What is the conditional configuration dependency?,M09 configures bank master.,LOCKED,DEPENDENCY || 00_V1.0_BASELINE_RETAINED/01_M07_QUESTION_INVENTORY_FULL_v1.0.csv:21: M07-Q020,What is the conditional configuration dependency?,M09 configures bank master.,LOCKED,DEPENDENCY",18_MODULE_DEPENDENCY/W4-02A.6.22_MODULE_DEPENDENCY_MATRIX_CROSS_MODULE_DEPENDENCY_CONTRACT_v2.1.md:813: The current execution corpus records M13 dependency on M01/M10/M09 provider catalogue and server-side secret isolation. fileciteturn17file0 || 18_MODULE_DEPENDENCY/W4-02A.6.22_MODULE_DEPENDENCY_MATRIX_CROSS_MODULE_DEPENDENCY_CONTRACT_v2.1.md:303: # 9. M09 — ADMIN / CONFIGURATION DEPENDENCY || 18_MODULE_DEPENDENCY/W4-02A.6.22_MODULE_DEPENDENCY_MATRIX_CROSS_MODULE_DEPENDENCY_CONTRACT_v2.1.md:1924: **END OF RUMAHAGEN W4-02A.6.22 — MODULE DEPENDENCY MATRIX v2.1**,RETAIN_CORE_ONLY,YES,N/A,YES,NO,NO,PRESERVE_NO_DELTA_REQUIRED
M07-IA-015,M07,PRESERVE,CAM11-0038,18_MODULE_DEPENDENCY/W4-02A.6.22_MODULE_DEPENDENCY_MATRIX_CROSS_MODULE_DEPENDENCY_CONTRACT_v2.1.md,30a5c406428ad0e2e377e2803a77d16c0d9cac0f7f6c1249dadb89d1360bc9e3,# RUMAHAGEN — MODULE DEPENDENCY MATRIX,18_MODULE_DEPENDENCY/W4-02A.6.22_MODULE_DEPENDENCY_MATRIX_CROSS_MODULE_DEPENDENCY_CONTRACT_v2.1.md:1: # RUMAHAGEN — MODULE DEPENDENCY MATRIX || 18_MODULE_DEPENDENCY/W4-02A.6.22_MODULE_DEPENDENCY_MATRIX_CROSS_MODULE_DEPENDENCY_CONTRACT_v2.1.md:2: ## W4-02A.6.22 — Cross-Module Dependency Contract || 18_MODULE_DEPENDENCY/W4-02A.6.22_MODULE_DEPENDENCY_MATRIX_CROSS_MODULE_DEPENDENCY_CONTRACT_v2.1.md:4: **Version:** 2.1 — W4-02A.6.22 || 18_MODULE_DEPENDENCY/W4-02A.6.22_MODULE_DEPENDENCY_MATRIX_CROSS_MODULE_DEPENDENCY_CONTRACT_v2.1.md:5: **Date:** 19 August 2026 || 18_MODULE_DEPENDENCY/W4-02A.6.22_MODULE_DEPENDENCY_MATRIX_CROSS_MODULE_DEPENDENCY_CONTRACT_v2.1.md:6: **Status:** **CURRENT MODULE DEPENDENCY BASELINE — GREEN / FULLY CONSOLIDATED** || 18_MODULE_DEPENDENCY/W4-02A.6.22_MODULE_DEPENDENCY_MATRIX_CROSS_MODULE_DEPENDENCY_CONTRACT_v2.1.md:7: **Predecessor:** `RUMAHAGEN_MODULE_DEPENDENCY_MATRIX_v2.0_WAVE3_STEP3.12_FULL_CONSOLIDATED_SYNCHRONIZED.md`,RUMAHAGEN_WF03_M07_FULL_REBUILD_CONTROLLED_v1.1_FULL_VERSION.zip,M10 dependency,"00_V1.0_BASELINE_RETAINED/00_SOURCE_PROVENANCE/W4-02A.6.27_FOCUSED_EXECUTION_PACK_M01-M07_v2.1.md:269: - [x] M01/M10 dependency boundary preserved. || 01_M07_QUESTION_INVENTORY_FULL_v1.1.csv:20: M07-Q019,What are M07 hard dependencies?,M01 and M10.,LOCKED,DEPENDENCY,M07 rebuild dependency contract || 01_M07_QUESTION_INVENTORY_FULL_v1.0.csv:20: M07-Q019,What are M07 hard dependencies?,M01 and M10.,LOCKED,DEPENDENCY",18_MODULE_DEPENDENCY/W4-02A.6.22_MODULE_DEPENDENCY_MATRIX_CROSS_MODULE_DEPENDENCY_CONTRACT_v2.1.md:813: The current execution corpus records M13 dependency on M01/M10/M09 provider catalogue and server-side secret isolation. fileciteturn17file0 || 18_MODULE_DEPENDENCY/W4-02A.6.22_MODULE_DEPENDENCY_MATRIX_CROSS_MODULE_DEPENDENCY_CONTRACT_v2.1.md:264: # 8. M10 — AUTHORIZATION DEPENDENCY || 18_MODULE_DEPENDENCY/W4-02A.6.22_MODULE_DEPENDENCY_MATRIX_CROSS_MODULE_DEPENDENCY_CONTRACT_v2.1.md:1924: **END OF RUMAHAGEN W4-02A.6.22 — MODULE DEPENDENCY MATRIX v2.1**,RETAIN_CORE_ONLY,YES,N/A,YES,NO,NO,PRESERVE_NO_DELTA_REQUIRED
M07-IA-016,M07,PRESERVE,CAM11-0011,04_ARCHITECTURE/W4-02A.6.5_SYSTEM_ARCHITECTURE_FULL_CONSOLIDATED_v1.8.docx,c1aa07968bb5bdfc9f9600dc48da804f65574f49da672282237ec90c4cc94884,"# developer-projects, calculator (dbr), notifications, rbac, seo","04_ARCHITECTURE/W4-02A.6.5_SYSTEM_ARCHITECTURE_FULL_CONSOLIDATED_v1.8.docx:591: # developer-projects, calculator (dbr), notifications, rbac, seo || 04_ARCHITECTURE/W4-02A.6.5_SYSTEM_ARCHITECTURE_FULL_CONSOLIDATED_v1.8.docx:592: /api/cron/                # Vercel Cron Jobs & Postgres Database Webhook target (ADR-006, Approved) || 04_ARCHITECTURE/W4-02A.6.5_SYSTEM_ARCHITECTURE_FULL_CONSOLIDATED_v1.8.docx:593: /{job}/route.ts          # reminder-scan, sitemap-regenerate, dst. — dilindungi CRON_SECRET || 04_ARCHITECTURE/W4-02A.6.5_SYSTEM_ARCHITECTURE_FULL_CONSOLIDATED_v1.8.docx:594: /components || 04_ARCHITECTURE/W4-02A.6.5_SYSTEM_ARCHITECTURE_FULL_CONSOLIDATED_v1.8.docx:595: /ui/                     # komponen dasar reusable — tanpa business logic (shadcn/ui) || 04_ARCHITECTURE/W4-02A.6.5_SYSTEM_ARCHITECTURE_FULL_CONSOLIDATED_v1.8.docx:596: /features/{module}/      # komponen spesifik per modul",RUMAHAGEN_WF03_M07_FULL_REBUILD_CONTROLLED_v1.1_FULL_VERSION.zip,Physical proof gate,"09_M07_CONFLICT_RECONCILIATION_REGISTER_v1.0.csv:9: M07-CX-008,Physical/runtime proof as semantic blocker,Removed from semantic gate; retained as downstream status.,RESOLVED / DOWNSTREAM || 00_V1.0_BASELINE_RETAINED/09_M07_CONFLICT_RECONCILIATION_REGISTER_v1.0.csv:9: M07-CX-008,Physical/runtime proof as semantic blocker,Removed from semantic gate; retained as downstream status.,RESOLVED / DOWNSTREAM || 10_M07_FINAL_QA_AND_COMPLETION_GATE_v1.1.md:29: [PASS] No runtime-proof semantic blocker.","04_ARCHITECTURE/W4-02A.6.5_SYSTEM_ARCHITECTURE_FULL_CONSOLIDATED_v1.8.docx:1218: 22. INTERNAL RECONCILIATION / GREEN GATE || 04_ARCHITECTURE/W4-02A.6.5_SYSTEM_ARCHITECTURE_FULL_CONSOLIDATED_v1.8.docx:1101: | **Security** | Kebocoran service role key Supabase ke client jika audit build tidak rutin dilakukan — risiko sedikit meningkat karena frontend & backend kini satu aplikasi (ADR-001). | Open | Audit build output secara berkala; CI gate untuk mendeteksi key `_SERVICE_ROLE_KEY`/`_SECRET` di bundle client. | || 04_ARCHITECTURE/W4-02A.6.5_SYSTEM_ARCHITECTURE_FULL_CONSOLIDATED_v1.8.docx:1042: CI -->|""Lolos semua gate""| Preview",RETAIN_CORE_ONLY,YES,N/A,YES,NO,NO,PRESERVE_NO_DELTA_REQUIRED
M07-IA-017,M07,PRESERVE,CAM11-0041,21_EXECUTION_SPECIFICATION/W4-02A.6.25_MODULE_EXECUTION_SPECIFICATION_ARCHITECTURE_v2.1.md,8e82d6f1308995ba163d0c2c49786c8b8999d7c2e6b4388e07661678ffa095a3,# RUMAHAGEN — MODULE EXECUTION SPECIFICATION ARCHITECTURE,21_EXECUTION_SPECIFICATION/W4-02A.6.25_MODULE_EXECUTION_SPECIFICATION_ARCHITECTURE_v2.1.md:1: # RUMAHAGEN — MODULE EXECUTION SPECIFICATION ARCHITECTURE || 21_EXECUTION_SPECIFICATION/W4-02A.6.25_MODULE_EXECUTION_SPECIFICATION_ARCHITECTURE_v2.1.md:2: ## W4-02A.6.25 — Execution-Specification Structure || 21_EXECUTION_SPECIFICATION/W4-02A.6.25_MODULE_EXECUTION_SPECIFICATION_ARCHITECTURE_v2.1.md:4: **Version:** 2.1 — W4-02A.6.25 || 21_EXECUTION_SPECIFICATION/W4-02A.6.25_MODULE_EXECUTION_SPECIFICATION_ARCHITECTURE_v2.1.md:5: **Date:** 19 August 2026 || 21_EXECUTION_SPECIFICATION/W4-02A.6.25_MODULE_EXECUTION_SPECIFICATION_ARCHITECTURE_v2.1.md:6: **Status:** **CURRENT EXECUTION-SPECIFICATION ARCHITECTURE BASELINE — GREEN / FULLY CONSOLIDATED** || 21_EXECUTION_SPECIFICATION/W4-02A.6.25_MODULE_EXECUTION_SPECIFICATION_ARCHITECTURE_v2.1.md:7: **Predecessor:** `RUMAHAGEN_W4-02A.6.24_REVISED_MODULE_PLANNING_CURRENT_MODULE_DELIVERY_PLANNING_v2.1.md`,RUMAHAGEN_WF03_M07_FULL_REBUILD_CONTROLLED_v1.1_FULL_VERSION.zip,Runtime proof gate,"09_M07_CONFLICT_RECONCILIATION_REGISTER_v1.0.csv:9: M07-CX-008,Physical/runtime proof as semantic blocker,Removed from semantic gate; retained as downstream status.,RESOLVED / DOWNSTREAM || 00_V1.0_BASELINE_RETAINED/09_M07_CONFLICT_RECONCILIATION_REGISTER_v1.0.csv:9: M07-CX-008,Physical/runtime proof as semantic blocker,Removed from semantic gate; retained as downstream status.,RESOLVED / DOWNSTREAM || 10_M07_FINAL_QA_AND_COMPLETION_GATE_v1.1.md:29: [PASS] No runtime-proof semantic blocker.",21_EXECUTION_SPECIFICATION/W4-02A.6.25_MODULE_EXECUTION_SPECIFICATION_ARCHITECTURE_v2.1.md:2382: Gate conditions: || 21_EXECUTION_SPECIFICATION/W4-02A.6.25_MODULE_EXECUTION_SPECIFICATION_ARCHITECTURE_v2.1.md:2376: # 38. 6.25 GREEN GATE || 21_EXECUTION_SPECIFICATION/W4-02A.6.25_MODULE_EXECUTION_SPECIFICATION_ARCHITECTURE_v2.1.md:2160: 6.29 is not replaced by the 6.25 structural gate.,RETAIN_CORE_ONLY,YES,N/A,YES,NO,NO,PRESERVE_NO_DELTA_REQUIRED
M07-IA-018,M07,PRESERVE,CAM11-0041,21_EXECUTION_SPECIFICATION/W4-02A.6.25_MODULE_EXECUTION_SPECIFICATION_ARCHITECTURE_v2.1.md,8e82d6f1308995ba163d0c2c49786c8b8999d7c2e6b4388e07661678ffa095a3,# RUMAHAGEN — MODULE EXECUTION SPECIFICATION ARCHITECTURE,21_EXECUTION_SPECIFICATION/W4-02A.6.25_MODULE_EXECUTION_SPECIFICATION_ARCHITECTURE_v2.1.md:1: # RUMAHAGEN — MODULE EXECUTION SPECIFICATION ARCHITECTURE || 21_EXECUTION_SPECIFICATION/W4-02A.6.25_MODULE_EXECUTION_SPECIFICATION_ARCHITECTURE_v2.1.md:2: ## W4-02A.6.25 — Execution-Specification Structure || 21_EXECUTION_SPECIFICATION/W4-02A.6.25_MODULE_EXECUTION_SPECIFICATION_ARCHITECTURE_v2.1.md:4: **Version:** 2.1 — W4-02A.6.25 || 21_EXECUTION_SPECIFICATION/W4-02A.6.25_MODULE_EXECUTION_SPECIFICATION_ARCHITECTURE_v2.1.md:5: **Date:** 19 August 2026 || 21_EXECUTION_SPECIFICATION/W4-02A.6.25_MODULE_EXECUTION_SPECIFICATION_ARCHITECTURE_v2.1.md:6: **Status:** **CURRENT EXECUTION-SPECIFICATION ARCHITECTURE BASELINE — GREEN / FULLY CONSOLIDATED** || 21_EXECUTION_SPECIFICATION/W4-02A.6.25_MODULE_EXECUTION_SPECIFICATION_ARCHITECTURE_v2.1.md:7: **Predecessor:** `RUMAHAGEN_W4-02A.6.24_REVISED_MODULE_PLANNING_CURRENT_MODULE_DELIVERY_PLANNING_v2.1.md`,RUMAHAGEN_WF03_M07_FULL_REBUILD_CONTROLLED_v1.1_FULL_VERSION.zip,Physical baseline authority,14_M07_CURRENT_SOURCE_AND_SUPERSEDED_ARTIFACT_REGISTER_v1.1.md:15: - `RUMAHAGEN_WF-03.2_MASTER_PERMISSION_MATRIX_v1.0.csv` and duplicate `(1)` variant — historical/non-current baseline; not current authority. || 00_V1.0_BASELINE_RETAINED/00_SOURCE_PROVENANCE/W4-02A.6.27_FOCUSED_EXECUTION_PACK_M01-M07_v2.1.md:253: Resolved: no new migration chain; W4-02 remains current executable physical baseline. fileciteturn31file2turn31file13 || 00_V1.0_BASELINE_RETAINED/00_SOURCE_PROVENANCE/W4-02A.6.27_FOCUSED_EXECUTION_PACK_M01-M07_v2.1.md:76: No alternate SQL baseline is created by this pack. The Base Track explicitly states that 6.27 updates/reconciles M01–M07 focused execution specifications and that W4-02 remains the executable physical authority. fileciteturn31file2,21_EXECUTION_SPECIFICATION/W4-02A.6.25_MODULE_EXECUTION_SPECIFICATION_ARCHITECTURE_v2.1.md:2442: CURRENT CONTRACT BASELINE || 21_EXECUTION_SPECIFICATION/W4-02A.6.25_MODULE_EXECUTION_SPECIFICATION_ARCHITECTURE_v2.1.md:2200: - Wave 3 physical baseline assumptions; || 21_EXECUTION_SPECIFICATION/W4-02A.6.25_MODULE_EXECUTION_SPECIFICATION_ARCHITECTURE_v2.1.md:714: - physical baseline;,RETAIN_CORE_ONLY,YES,N/A,YES,NO,NO,PRESERVE_NO_DELTA_REQUIRED
M07-IA-019,M07,CONTROLLED,CAM11-0011,04_ARCHITECTURE/W4-02A.6.5_SYSTEM_ARCHITECTURE_FULL_CONSOLIDATED_v1.8.docx,c1aa07968bb5bdfc9f9600dc48da804f65574f49da672282237ec90c4cc94884,"# developer-projects, calculator (dbr), notifications, rbac, seo","04_ARCHITECTURE/W4-02A.6.5_SYSTEM_ARCHITECTURE_FULL_CONSOLIDATED_v1.8.docx:591: # developer-projects, calculator (dbr), notifications, rbac, seo || 04_ARCHITECTURE/W4-02A.6.5_SYSTEM_ARCHITECTURE_FULL_CONSOLIDATED_v1.8.docx:592: /api/cron/                # Vercel Cron Jobs & Postgres Database Webhook target (ADR-006, Approved) || 04_ARCHITECTURE/W4-02A.6.5_SYSTEM_ARCHITECTURE_FULL_CONSOLIDATED_v1.8.docx:593: /{job}/route.ts          # reminder-scan, sitemap-regenerate, dst. — dilindungi CRON_SECRET || 04_ARCHITECTURE/W4-02A.6.5_SYSTEM_ARCHITECTURE_FULL_CONSOLIDATED_v1.8.docx:594: /components || 04_ARCHITECTURE/W4-02A.6.5_SYSTEM_ARCHITECTURE_FULL_CONSOLIDATED_v1.8.docx:595: /ui/                     # komponen dasar reusable — tanpa business logic (shadcn/ui) || 04_ARCHITECTURE/W4-02A.6.5_SYSTEM_ARCHITECTURE_FULL_CONSOLIDATED_v1.8.docx:596: /features/{module}/      # komponen spesifik per modul",RUMAHAGEN_WF03_M07_FULL_REBUILD_CONTROLLED_v1.1_FULL_VERSION.zip,Core version provenance,"10_M07_FINAL_QA_AND_COMPLETION_GATE_v1.1.md:16: ## F-03 — Downstream reconciliation provenance || 02_M07_QUESTION_ID_NUMBERING_AUDIT_v1.1.csv:5: Historical M01-M07 v1.1,SUPERSEDED,PASS,Retained for provenance; not current master authority. || 00_V1.0_BASELINE_RETAINED/00_SOURCE_PROVENANCE/W4-02A.6.27_FOCUSED_EXECUTION_PACK_M01-M07_v2.1.md:233: Resolution: current W4 decomposition is authoritative. Historical A–J files remain provenance/structural precedent. Session internals are retained inside M04-S rather than promoted to a new semantic module. This is consistent with 6.25 and 6.26. fileciteturn29file10turn27file14","04_ARCHITECTURE/W4-02A.6.5_SYSTEM_ARCHITECTURE_FULL_CONSOLIDATED_v1.8.docx:1282: Material conflict || 0 unresolved; historical stale wording classified as superseded/provenance. || 04_ARCHITECTURE/W4-02A.6.5_SYSTEM_ARCHITECTURE_FULL_CONSOLIDATED_v1.8.docx:1278: HISTORICAL / PROVENANCE || Complete v1.7 source text retained in Section 20; older architecture evolution remains chronology. || 04_ARCHITECTURE/W4-02A.6.5_SYSTEM_ARCHITECTURE_FULL_CONSOLIDATED_v1.8.docx:1274: Content units reviewed || Predecessor metadata, version history, purpose, executive summary, principles, high-level architecture, technology stack, modules, folder structure, database/auth/API/frontend/backend/storage/notification/security/performance/scalability/error/deployment/development/future/risk/AI/open-question/ADR matrix and cross-AEP addendum",ADD_MXX_VALID_DETAIL_RETAIN_CORE,YES,N/A,YES,NO,NO,BOTH_TEXTUAL_CORROBORATION
M08-IA-01,M08,PRESERVE,CAM11-0032,12_API/W4-02A.6.16_API_SPECIFICATION_CURRENT_API_CONTRACT_BASELINE_FULL_CONSOLIDATED_v2.1.docx,fbfc539044ed2b7037ebee6ed5d5065c4e14efbd042a4928b107c02c210277d1,NO_HEADING_DETECTED,12_API/W4-02A.6.16_API_SPECIFICATION_CURRENT_API_CONTRACT_BASELINE_FULL_CONSOLIDATED_v2.1.docx:1: RUMAHAGEN — API SPECIFICATION || 12_API/W4-02A.6.16_API_SPECIFICATION_CURRENT_API_CONTRACT_BASELINE_FULL_CONSOLIDATED_v2.1.docx:2: Wave 3 — Step 3.6 Full Consolidation & Synchronization || 12_API/W4-02A.6.16_API_SPECIFICATION_CURRENT_API_CONTRACT_BASELINE_FULL_CONSOLIDATED_v2.1.docx:3: Version: 2.1 — W4-02A.6.16 Current API/Contract Baseline || 12_API/W4-02A.6.16_API_SPECIFICATION_CURRENT_API_CONTRACT_BASELINE_FULL_CONSOLIDATED_v2.1.docx:4: Date: 19 August 2026 || 12_API/W4-02A.6.16_API_SPECIFICATION_CURRENT_API_CONTRACT_BASELINE_FULL_CONSOLIDATED_v2.1.docx:5: Status: CURRENT CANONICAL API CONTRACT BASELINE — COMPLETE / GREEN || 12_API/W4-02A.6.16_API_SPECIFICATION_CURRENT_API_CONTRACT_BASELINE_FULL_CONSOLIDATED_v2.1.docx:6: Predecessor: `RUMAHAGEN_API_SPECIFICATION_v2.0_WAVE3_STEP3.6_FULL_CONSOLIDATED_SYNCHRONIZED.md` + legacy v1.3 API + AEP1/AEP2/AEP3/AEP4 impact artifacts + W4-02A.6 current synchronization chain,RUMAHAGEN_WF03_M08_FULL_REBUILD_CONTROLLED_v1.0.zip,Dashboard Projection,"SOURCE_CURRENT/RUMAHAGEN_WF-03.2_MASTER_PERMISSION_MATRIX_M01-M08_RECONCILED_v1.2.csv:108: M08,Notification State,View / Read-Unread / Dismiss / Delivery-State Management,Notification/delivery state projection and permitted state actions,BYPASS,OWN,OWN,OWN,OWN,OWN,OWN,RECONCILED,M08-RECON-02,M08 Permission Matrix Reconciliation v1.0; M08 controlled reconciliation; WF-01/WF-02/W4/Wireframe evidence,,Non-Superadmin OWN is strictly own notification-state actions. Superadmin BYPASS permits notification-state management only. Notification mutation cannot change source business state. Protected source details referenced by a notification must remain hidden if source-domain permission does not permit access. Notification State and Dashboard Projection are independent.,M01-M08-107,NEW M08 RECONCILED ROW || SOURCE_CURRENT/RUMAHAGEN_WF-03.2_MASTER_PERMISSION_MATRIX_M01-M08_RECONCILED_v1.2.csv:107: M08,Dashboard Projection,View / Project,Projection-only dashboard visibility,BYPASS,VIEW / DOMAIN-SCOPED,VIEW / DOMAIN-SCOPED,VIEW / DOMAIN-SCOPED,VIEW / DOMAIN-SCOPED,VIEW / DOMAIN-SCOPED,VIEW / DOMAIN-SCOPED,RECONCILED,M08-RECON-01,M08 Permission Matrix Reconciliation v1.0; M08 controlled reconciliation; WF-01/WF-02/W4/Wireframe evidence,,""Dashboard is projection-only. Superadmin BYPASS is unrestricted projection/read access, not mutation authority. Non-Superadmin scope inherits exact source-domain permission scope. Source permission is visibility gate. Dashboard does not reinterpret permissions. Mutation actions, if present, are entry points to source-domain authority/API. M10 remains authorization/RLS authority."",M01-M08-106,NEW M08 RECONCILED ROW || SOURCE_CURRENT/RUMAHAGEN_WF-03.2_M08_PERMISSION_REEVALUATION_QA_DECISION_RECORD_v1.0.docx:124: Role || Dashboard Projection || Notification State","12_API/W4-02A.6.16_API_SPECIFICATION_CURRENT_API_CONTRACT_BASELINE_FULL_CONSOLIDATED_v2.1.docx:1282: Dashboard || `/dashboard/*`, `/notifications/*` || 12_API/W4-02A.6.16_API_SPECIFICATION_CURRENT_API_CONTRACT_BASELINE_FULL_CONSOLIDATED_v2.1.docx:1254: `/dashboard/*` || M08 || 12_API/W4-02A.6.16_API_SPECIFICATION_CURRENT_API_CONTRACT_BASELINE_FULL_CONSOLIDATED_v2.1.docx:1133: GET || `/organizations/{id}/dashboard` || Lead/Member || Organization-scoped dashboard.",RETAIN_CORE_ONLY,YES,N/A,YES,NO,NO,PRESERVE_NO_DELTA_REQUIRED
M08-IA-02,M08,PRESERVE,CAM11-0032,12_API/W4-02A.6.16_API_SPECIFICATION_CURRENT_API_CONTRACT_BASELINE_FULL_CONSOLIDATED_v2.1.docx,fbfc539044ed2b7037ebee6ed5d5065c4e14efbd042a4928b107c02c210277d1,NO_HEADING_DETECTED,12_API/W4-02A.6.16_API_SPECIFICATION_CURRENT_API_CONTRACT_BASELINE_FULL_CONSOLIDATED_v2.1.docx:1: RUMAHAGEN — API SPECIFICATION || 12_API/W4-02A.6.16_API_SPECIFICATION_CURRENT_API_CONTRACT_BASELINE_FULL_CONSOLIDATED_v2.1.docx:2: Wave 3 — Step 3.6 Full Consolidation & Synchronization || 12_API/W4-02A.6.16_API_SPECIFICATION_CURRENT_API_CONTRACT_BASELINE_FULL_CONSOLIDATED_v2.1.docx:3: Version: 2.1 — W4-02A.6.16 Current API/Contract Baseline || 12_API/W4-02A.6.16_API_SPECIFICATION_CURRENT_API_CONTRACT_BASELINE_FULL_CONSOLIDATED_v2.1.docx:4: Date: 19 August 2026 || 12_API/W4-02A.6.16_API_SPECIFICATION_CURRENT_API_CONTRACT_BASELINE_FULL_CONSOLIDATED_v2.1.docx:5: Status: CURRENT CANONICAL API CONTRACT BASELINE — COMPLETE / GREEN || 12_API/W4-02A.6.16_API_SPECIFICATION_CURRENT_API_CONTRACT_BASELINE_FULL_CONSOLIDATED_v2.1.docx:6: Predecessor: `RUMAHAGEN_API_SPECIFICATION_v2.0_WAVE3_STEP3.6_FULL_CONSOLIDATED_SYNCHRONIZED.md` + legacy v1.3 API + AEP1/AEP2/AEP3/AEP4 impact artifacts + W4-02A.6 current synchronization chain,RUMAHAGEN_WF03_M08_FULL_REBUILD_CONTROLLED_v1.0.zip,Notification State,"SOURCE_CURRENT/RUMAHAGEN_WF-03.2_MASTER_PERMISSION_MATRIX_M01-M08_RECONCILED_v1.2.csv:108: M08,Notification State,View / Read-Unread / Dismiss / Delivery-State Management,Notification/delivery state projection and permitted state actions,BYPASS,OWN,OWN,OWN,OWN,OWN,OWN,RECONCILED,M08-RECON-02,M08 Permission Matrix Reconciliation v1.0; M08 controlled reconciliation; WF-01/WF-02/W4/Wireframe evidence,,Non-Superadmin OWN is strictly own notification-state actions. Superadmin BYPASS permits notification-state management only. Notification mutation cannot change source business state. Protected source details referenced by a notification must remain hidden if source-domain permission does not permit access. Notification State and Dashboard Projection are independent.,M01-M08-107,NEW M08 RECONCILED ROW || SOURCE_CURRENT/RUMAHAGEN_WF-03.2_M08_PERMISSION_REEVALUATION_QA_DECISION_RECORD_v1.0.docx:124: Role || Dashboard Projection || Notification State || SOURCE_CURRENT/RUMAHAGEN_WF-03.2_M08_PERMISSION_REEVALUATION_QA_DECISION_RECORD_v1.0.docx:116: Other roles Notification State = OWN, strictly own notification-state actions.",12_API/W4-02A.6.16_API_SPECIFICATION_CURRENT_API_CONTRACT_BASELINE_FULL_CONSOLIDATED_v2.1.docx:1350: Notification || PASS || 12_API/W4-02A.6.16_API_SPECIFICATION_CURRENT_API_CONTRACT_BASELINE_FULL_CONSOLIDATED_v2.1.docx:1323: SUPERSEDE || Wave 3 Step 3.6 as the current active API artifact; stale current-state wording that predates W4-02A.6 closure propagation. || 12_API/W4-02A.6.16_API_SPECIFICATION_CURRENT_API_CONTRACT_BASELINE_FULL_CONSOLIDATED_v2.1.docx:1311: W4-02A.6.12 User Flow || v2.1 || Current cross-domain interaction/state flow,RETAIN_CORE_ONLY,YES,N/A,YES,NO,NO,PRESERVE_NO_DELTA_REQUIRED
M08-IA-03,M08,PRESERVE,CAM11-0032,12_API/W4-02A.6.16_API_SPECIFICATION_CURRENT_API_CONTRACT_BASELINE_FULL_CONSOLIDATED_v2.1.docx,fbfc539044ed2b7037ebee6ed5d5065c4e14efbd042a4928b107c02c210277d1,NO_HEADING_DETECTED,12_API/W4-02A.6.16_API_SPECIFICATION_CURRENT_API_CONTRACT_BASELINE_FULL_CONSOLIDATED_v2.1.docx:1: RUMAHAGEN — API SPECIFICATION || 12_API/W4-02A.6.16_API_SPECIFICATION_CURRENT_API_CONTRACT_BASELINE_FULL_CONSOLIDATED_v2.1.docx:2: Wave 3 — Step 3.6 Full Consolidation & Synchronization || 12_API/W4-02A.6.16_API_SPECIFICATION_CURRENT_API_CONTRACT_BASELINE_FULL_CONSOLIDATED_v2.1.docx:3: Version: 2.1 — W4-02A.6.16 Current API/Contract Baseline || 12_API/W4-02A.6.16_API_SPECIFICATION_CURRENT_API_CONTRACT_BASELINE_FULL_CONSOLIDATED_v2.1.docx:4: Date: 19 August 2026 || 12_API/W4-02A.6.16_API_SPECIFICATION_CURRENT_API_CONTRACT_BASELINE_FULL_CONSOLIDATED_v2.1.docx:5: Status: CURRENT CANONICAL API CONTRACT BASELINE — COMPLETE / GREEN || 12_API/W4-02A.6.16_API_SPECIFICATION_CURRENT_API_CONTRACT_BASELINE_FULL_CONSOLIDATED_v2.1.docx:6: Predecessor: `RUMAHAGEN_API_SPECIFICATION_v2.0_WAVE3_STEP3.6_FULL_CONSOLIDATED_SYNCHRONIZED.md` + legacy v1.3 API + AEP1/AEP2/AEP3/AEP4 impact artifacts + W4-02A.6 current synchronization chain,RUMAHAGEN_WF03_M08_FULL_REBUILD_CONTROLLED_v1.0.zip,Source-domain visibility,"SOURCE_CURRENT/RUMAHAGEN_WF-03.2_MASTER_PERMISSION_MATRIX_M01-M08_RECONCILED_v1.2.csv:107: M08,Dashboard Projection,View / Project,Projection-only dashboard visibility,BYPASS,VIEW / DOMAIN-SCOPED,VIEW / DOMAIN-SCOPED,VIEW / DOMAIN-SCOPED,VIEW / DOMAIN-SCOPED,VIEW / DOMAIN-SCOPED,VIEW / DOMAIN-SCOPED,RECONCILED,M08-RECON-01,M08 Permission Matrix Reconciliation v1.0; M08 controlled reconciliation; WF-01/WF-02/W4/Wireframe evidence,,""Dashboard is projection-only. Superadmin BYPASS is unrestricted projection/read access, not mutation authority. Non-Superadmin scope inherits exact source-domain permission scope. Source permission is visibility gate. Dashboard does not reinterpret permissions. Mutation actions, if present, are entry points to source-domain authority/API. M10 remains authorization/RLS authority."",M01-M08-106,NEW M08 RECONCILED ROW || SOURCE_CURRENT/RUMAHAGEN_WF-03.2_M08_PERMISSION_REEVALUATION_QA_DECISION_RECORD_v1.0.docx:111: Source-domain permission is the Dashboard visibility gate. || SOURCE_CURRENT/RUMAHAGEN_WF-03.2_M08_PERMISSION_MATRIX_RECONCILIATION_v1.0.docx:16: Source-domain permission selalu menjadi visibility gate untuk Dashboard Projection.","12_API/W4-02A.6.16_API_SPECIFICATION_CURRENT_API_CONTRACT_BASELINE_FULL_CONSOLIDATED_v2.1.docx:1320: Content units reviewed || Full predecessor: authority rules, decision gate, source corpus, API architecture, authorization, M01–M15 API families, contracts, error model, compatibility, traceability, completeness checklist, gate, plus current W4 reconciliation. || 12_API/W4-02A.6.16_API_SPECIFICATION_CURRENT_API_CONTRACT_BASELINE_FULL_CONSOLIDATED_v2.1.docx:1311: W4-02A.6.12 User Flow || v2.1 || Current cross-domain interaction/state flow || 12_API/W4-02A.6.16_API_SPECIFICATION_CURRENT_API_CONTRACT_BASELINE_FULL_CONSOLIDATED_v2.1.docx:1302: AEP3-OD-02 || one authority source",RETAIN_CORE_ONLY,YES,N/A,YES,NO,NO,PRESERVE_NO_DELTA_REQUIRED
M08-IA-04,M08,PRESERVE,CAM11-0032,12_API/W4-02A.6.16_API_SPECIFICATION_CURRENT_API_CONTRACT_BASELINE_FULL_CONSOLIDATED_v2.1.docx,fbfc539044ed2b7037ebee6ed5d5065c4e14efbd042a4928b107c02c210277d1,NO_HEADING_DETECTED,12_API/W4-02A.6.16_API_SPECIFICATION_CURRENT_API_CONTRACT_BASELINE_FULL_CONSOLIDATED_v2.1.docx:1: RUMAHAGEN — API SPECIFICATION || 12_API/W4-02A.6.16_API_SPECIFICATION_CURRENT_API_CONTRACT_BASELINE_FULL_CONSOLIDATED_v2.1.docx:2: Wave 3 — Step 3.6 Full Consolidation & Synchronization || 12_API/W4-02A.6.16_API_SPECIFICATION_CURRENT_API_CONTRACT_BASELINE_FULL_CONSOLIDATED_v2.1.docx:3: Version: 2.1 — W4-02A.6.16 Current API/Contract Baseline || 12_API/W4-02A.6.16_API_SPECIFICATION_CURRENT_API_CONTRACT_BASELINE_FULL_CONSOLIDATED_v2.1.docx:4: Date: 19 August 2026 || 12_API/W4-02A.6.16_API_SPECIFICATION_CURRENT_API_CONTRACT_BASELINE_FULL_CONSOLIDATED_v2.1.docx:5: Status: CURRENT CANONICAL API CONTRACT BASELINE — COMPLETE / GREEN || 12_API/W4-02A.6.16_API_SPECIFICATION_CURRENT_API_CONTRACT_BASELINE_FULL_CONSOLIDATED_v2.1.docx:6: Predecessor: `RUMAHAGEN_API_SPECIFICATION_v2.0_WAVE3_STEP3.6_FULL_CONSOLIDATED_SYNCHRONIZED.md` + legacy v1.3 API + AEP1/AEP2/AEP3/AEP4 impact artifacts + W4-02A.6 current synchronization chain,RUMAHAGEN_WF03_M08_FULL_REBUILD_CONTROLLED_v1.0.zip,Notification reference protection,"SOURCE_CURRENT/RUMAHAGEN_WF-03.2_M08_PERMISSION_REEVALUATION_QA_DECISION_RECORD_v1.0.docx:84: Q38 — Notification reference protection || 02_M08_QA_DECISION_REGISTER_Q01-Q45_v1.0.md:161: ### Q38 — Notification reference protection || SOURCE_CURRENT/RUMAHAGEN_WF-03.2_MASTER_PERMISSION_MATRIX_M01-M08_RECONCILED_v1.2.csv:108: M08,Notification State,View / Read-Unread / Dismiss / Delivery-State Management,Notification/delivery state projection and permitted state actions,BYPASS,OWN,OWN,OWN,OWN,OWN,OWN,RECONCILED,M08-RECON-02,M08 Permission Matrix Reconciliation v1.0; M08 controlled reconciliation; WF-01/WF-02/W4/Wireframe evidence,,Non-Superadmin OWN is strictly own notification-state actions. Superadmin BYPASS permits notification-state management only. Notification mutation cannot change source business state. Protected source details referenced by a notification must remain hidden if source-domain permission does not permit access. Notification State and Dashboard Projection are independent.,M01-M08-107,NEW M08 RECONCILED ROW",12_API/W4-02A.6.16_API_SPECIFICATION_CURRENT_API_CONTRACT_BASELINE_FULL_CONSOLIDATED_v2.1.docx:1350: Notification || PASS || 12_API/W4-02A.6.16_API_SPECIFICATION_CURRENT_API_CONTRACT_BASELINE_FULL_CONSOLIDATED_v2.1.docx:1314: W4-02A.6.15 Database Schema || v2.7 || Current physical schema reference || 12_API/W4-02A.6.16_API_SPECIFICATION_CURRENT_API_CONTRACT_BASELINE_FULL_CONSOLIDATED_v2.1.docx:1256: `/regions/*` || Regional reference,RETAIN_CORE_ONLY,YES,N/A,YES,NO,NO,PRESERVE_NO_DELTA_REQUIRED
M08-IA-05,M08,PRESERVE,CAM11-0032,12_API/W4-02A.6.16_API_SPECIFICATION_CURRENT_API_CONTRACT_BASELINE_FULL_CONSOLIDATED_v2.1.docx,fbfc539044ed2b7037ebee6ed5d5065c4e14efbd042a4928b107c02c210277d1,NO_HEADING_DETECTED,12_API/W4-02A.6.16_API_SPECIFICATION_CURRENT_API_CONTRACT_BASELINE_FULL_CONSOLIDATED_v2.1.docx:1: RUMAHAGEN — API SPECIFICATION || 12_API/W4-02A.6.16_API_SPECIFICATION_CURRENT_API_CONTRACT_BASELINE_FULL_CONSOLIDATED_v2.1.docx:2: Wave 3 — Step 3.6 Full Consolidation & Synchronization || 12_API/W4-02A.6.16_API_SPECIFICATION_CURRENT_API_CONTRACT_BASELINE_FULL_CONSOLIDATED_v2.1.docx:3: Version: 2.1 — W4-02A.6.16 Current API/Contract Baseline || 12_API/W4-02A.6.16_API_SPECIFICATION_CURRENT_API_CONTRACT_BASELINE_FULL_CONSOLIDATED_v2.1.docx:4: Date: 19 August 2026 || 12_API/W4-02A.6.16_API_SPECIFICATION_CURRENT_API_CONTRACT_BASELINE_FULL_CONSOLIDATED_v2.1.docx:5: Status: CURRENT CANONICAL API CONTRACT BASELINE — COMPLETE / GREEN || 12_API/W4-02A.6.16_API_SPECIFICATION_CURRENT_API_CONTRACT_BASELINE_FULL_CONSOLIDATED_v2.1.docx:6: Predecessor: `RUMAHAGEN_API_SPECIFICATION_v2.0_WAVE3_STEP3.6_FULL_CONSOLIDATED_SYNCHRONIZED.md` + legacy v1.3 API + AEP1/AEP2/AEP3/AEP4 impact artifacts + W4-02A.6 current synchronization chain,RUMAHAGEN_WF03_M08_FULL_REBUILD_CONTROLLED_v1.0.zip,M10 boundary,"SOURCE_CURRENT/RUMAHAGEN_WF-03.2_M08_PERMISSION_MATRIX_RECONCILIATION_v1.0.docx:37: M10 authorization/RLS boundary tetap dipertahankan. || SOURCE_CURRENT/RUMAHAGEN_WF-03.2_M08_PERMISSION_MATRIX_RECONCILIATION_v1.0.docx:9: M08 adalah projection/notification boundary. Source domain tetap menjadi business authority dan M10 tetap menjadi authorization/RLS enforcement layer. || SOURCE_CURRENT/RUMAHAGEN_WF-03.2_MASTER_PERMISSION_MATRIX_M01-M08_RECONCILED_v1.2.csv:107: M08,Dashboard Projection,View / Project,Projection-only dashboard visibility,BYPASS,VIEW / DOMAIN-SCOPED,VIEW / DOMAIN-SCOPED,VIEW / DOMAIN-SCOPED,VIEW / DOMAIN-SCOPED,VIEW / DOMAIN-SCOPED,VIEW / DOMAIN-SCOPED,RECONCILED,M08-RECON-01,M08 Permission Matrix Reconciliation v1.0; M08 controlled reconciliation; WF-01/WF-02/W4/Wireframe evidence,,""Dashboard is projection-only. Superadmin BYPASS is unrestricted projection/read access, not mutation authority. Non-Superadmin scope inherits exact source-domain permission scope. Source permission is visibility gate. Dashboard does not reinterpret permissions. Mutation actions, if present, are entry points to source-domain authority/API. M10 remains authorization/RLS authority."",M01-M08-106,NEW M08 RECONCILED ROW",12_API/W4-02A.6.16_API_SPECIFICATION_CURRENT_API_CONTRACT_BASELINE_FULL_CONSOLIDATED_v2.1.docx:1365: API → Business Rule boundary || PASS || 12_API/W4-02A.6.16_API_SPECIFICATION_CURRENT_API_CONTRACT_BASELINE_FULL_CONSOLIDATED_v2.1.docx:1362: Current Payment/Midtrans Provider Adapter boundary propagated || PASS || 12_API/W4-02A.6.16_API_SPECIFICATION_CURRENT_API_CONTRACT_BASELINE_FULL_CONSOLIDATED_v2.1.docx:1358: W4-01E/W4-02 physical boundary preserved || PASS,RETAIN_CORE_ONLY,YES,N/A,YES,NO,NO,PRESERVE_NO_DELTA_REQUIRED
M08-IA-06,M08,PRESERVE,CAM11-0032,12_API/W4-02A.6.16_API_SPECIFICATION_CURRENT_API_CONTRACT_BASELINE_FULL_CONSOLIDATED_v2.1.docx,fbfc539044ed2b7037ebee6ed5d5065c4e14efbd042a4928b107c02c210277d1,NO_HEADING_DETECTED,12_API/W4-02A.6.16_API_SPECIFICATION_CURRENT_API_CONTRACT_BASELINE_FULL_CONSOLIDATED_v2.1.docx:1: RUMAHAGEN — API SPECIFICATION || 12_API/W4-02A.6.16_API_SPECIFICATION_CURRENT_API_CONTRACT_BASELINE_FULL_CONSOLIDATED_v2.1.docx:2: Wave 3 — Step 3.6 Full Consolidation & Synchronization || 12_API/W4-02A.6.16_API_SPECIFICATION_CURRENT_API_CONTRACT_BASELINE_FULL_CONSOLIDATED_v2.1.docx:3: Version: 2.1 — W4-02A.6.16 Current API/Contract Baseline || 12_API/W4-02A.6.16_API_SPECIFICATION_CURRENT_API_CONTRACT_BASELINE_FULL_CONSOLIDATED_v2.1.docx:4: Date: 19 August 2026 || 12_API/W4-02A.6.16_API_SPECIFICATION_CURRENT_API_CONTRACT_BASELINE_FULL_CONSOLIDATED_v2.1.docx:5: Status: CURRENT CANONICAL API CONTRACT BASELINE — COMPLETE / GREEN || 12_API/W4-02A.6.16_API_SPECIFICATION_CURRENT_API_CONTRACT_BASELINE_FULL_CONSOLIDATED_v2.1.docx:6: Predecessor: `RUMAHAGEN_API_SPECIFICATION_v2.0_WAVE3_STEP3.6_FULL_CONSOLIDATED_SYNCHRONIZED.md` + legacy v1.3 API + AEP1/AEP2/AEP3/AEP4 impact artifacts + W4-02A.6 current synchronization chain,RUMAHAGEN_WF03_M08_FULL_REBUILD_CONTROLLED_v1.0.zip,Notification state representation,"SOURCE_CURRENT/RUMAHAGEN_WF-03.2_MASTER_PERMISSION_MATRIX_M01-M08_RECONCILED_v1.2.csv:108: M08,Notification State,View / Read-Unread / Dismiss / Delivery-State Management,Notification/delivery state projection and permitted state actions,BYPASS,OWN,OWN,OWN,OWN,OWN,OWN,RECONCILED,M08-RECON-02,M08 Permission Matrix Reconciliation v1.0; M08 controlled reconciliation; WF-01/WF-02/W4/Wireframe evidence,,Non-Superadmin OWN is strictly own notification-state actions. Superadmin BYPASS permits notification-state management only. Notification mutation cannot change source business state. Protected source details referenced by a notification must remain hidden if source-domain permission does not permit access. Notification State and Dashboard Projection are independent.,M01-M08-107,NEW M08 RECONCILED ROW || SOURCE_CURRENT/RUMAHAGEN_WF-03.2_MASTER_PERMISSION_MATRIX_M01-M08_RECONCILED_v1.2.csv:22: M03,ListingView / Discovery,View,Listing discovery/search representation,BYPASS,ALL,ALL,NONE,PUBLIC/ELIGIBLE,PUBLIC/ELIGIBLE,PUBLIC/ELIGIBLE,LOCKED,M01-M03,Locked M01-M04 reconciliation / M01-M03 decision support,,""Public visibility is presentation/state, not mutation authority"",M01-M06-021,CURRENT LOCKED SEMANTIC ROW || SOURCE_CURRENT/RUMAHAGEN_WF-03.2_M08_PERMISSION_REEVALUATION_QA_DECISION_RECORD_v1.0.docx:125: Superadmin || BYPASS — projection/read only || BYPASS — notification-state management",12_API/W4-02A.6.16_API_SPECIFICATION_CURRENT_API_CONTRACT_BASELINE_FULL_CONSOLIDATED_v2.1.docx:1350: Notification || PASS || 12_API/W4-02A.6.16_API_SPECIFICATION_CURRENT_API_CONTRACT_BASELINE_FULL_CONSOLIDATED_v2.1.docx:1323: SUPERSEDE || Wave 3 Step 3.6 as the current active API artifact; stale current-state wording that predates W4-02A.6 closure propagation. || 12_API/W4-02A.6.16_API_SPECIFICATION_CURRENT_API_CONTRACT_BASELINE_FULL_CONSOLIDATED_v2.1.docx:1311: W4-02A.6.12 User Flow || v2.1 || Current cross-domain interaction/state flow,RETAIN_CORE_ONLY,YES,N/A,YES,NO,NO,PRESERVE_NO_DELTA_REQUIRED
M08-IA-07,M08,PRESERVE,CAM11-0032,12_API/W4-02A.6.16_API_SPECIFICATION_CURRENT_API_CONTRACT_BASELINE_FULL_CONSOLIDATED_v2.1.docx,fbfc539044ed2b7037ebee6ed5d5065c4e14efbd042a4928b107c02c210277d1,NO_HEADING_DETECTED,12_API/W4-02A.6.16_API_SPECIFICATION_CURRENT_API_CONTRACT_BASELINE_FULL_CONSOLIDATED_v2.1.docx:1: RUMAHAGEN — API SPECIFICATION || 12_API/W4-02A.6.16_API_SPECIFICATION_CURRENT_API_CONTRACT_BASELINE_FULL_CONSOLIDATED_v2.1.docx:2: Wave 3 — Step 3.6 Full Consolidation & Synchronization || 12_API/W4-02A.6.16_API_SPECIFICATION_CURRENT_API_CONTRACT_BASELINE_FULL_CONSOLIDATED_v2.1.docx:3: Version: 2.1 — W4-02A.6.16 Current API/Contract Baseline || 12_API/W4-02A.6.16_API_SPECIFICATION_CURRENT_API_CONTRACT_BASELINE_FULL_CONSOLIDATED_v2.1.docx:4: Date: 19 August 2026 || 12_API/W4-02A.6.16_API_SPECIFICATION_CURRENT_API_CONTRACT_BASELINE_FULL_CONSOLIDATED_v2.1.docx:5: Status: CURRENT CANONICAL API CONTRACT BASELINE — COMPLETE / GREEN || 12_API/W4-02A.6.16_API_SPECIFICATION_CURRENT_API_CONTRACT_BASELINE_FULL_CONSOLIDATED_v2.1.docx:6: Predecessor: `RUMAHAGEN_API_SPECIFICATION_v2.0_WAVE3_STEP3.6_FULL_CONSOLIDATED_SYNCHRONIZED.md` + legacy v1.3 API + AEP1/AEP2/AEP3/AEP4 impact artifacts + W4-02A.6 current synchronization chain,RUMAHAGEN_WF03_M08_FULL_REBUILD_CONTROLLED_v1.0.zip,Notification operations,"SOURCE_CURRENT/RUMAHAGEN_WF-03.2_MASTER_PERMISSION_MATRIX_M01-M08_RECONCILED_v1.2.csv:108: M08,Notification State,View / Read-Unread / Dismiss / Delivery-State Management,Notification/delivery state projection and permitted state actions,BYPASS,OWN,OWN,OWN,OWN,OWN,OWN,RECONCILED,M08-RECON-02,M08 Permission Matrix Reconciliation v1.0; M08 controlled reconciliation; WF-01/WF-02/W4/Wireframe evidence,,Non-Superadmin OWN is strictly own notification-state actions. Superadmin BYPASS permits notification-state management only. Notification mutation cannot change source business state. Protected source details referenced by a notification must remain hidden if source-domain permission does not permit access. Notification State and Dashboard Projection are independent.,M01-M08-107,NEW M08 RECONCILED ROW || SOURCE_CURRENT/RUMAHAGEN_WF-03.2_MASTER_PERMISSION_MATRIX_M01-M08_RECONCILED_v1.2.csv:4: M01,Registration / OTP / Authentication,Execute,Registration/authentication/session operations,NON-RBAC,NON-RBAC,NON-RBAC,NON-RBAC,NON-RBAC,NON-RBAC,NON-RBAC,NON-RBAC,M01-M03,Locked M01-M04 reconciliation / M01-M03 decision support,,Authentication is not a CRUD permission,M01-M06-003,CURRENT LOCKED SEMANTIC ROW || SOURCE_CURRENT/RUMAHAGEN_WF-03.2_M08_PERMISSION_REEVALUATION_QA_DECISION_RECORD_v1.0.docx:125: Superadmin || BYPASS — projection/read only || BYPASS — notification-state management",12_API/W4-02A.6.16_API_SPECIFICATION_CURRENT_API_CONTRACT_BASELINE_FULL_CONSOLIDATED_v2.1.docx:1350: Notification || PASS || 12_API/W4-02A.6.16_API_SPECIFICATION_CURRENT_API_CONTRACT_BASELINE_FULL_CONSOLIDATED_v2.1.docx:732: [x] M08 Dashboard/Notification preserved. || 12_API/W4-02A.6.16_API_SPECIFICATION_CURRENT_API_CONTRACT_BASELINE_FULL_CONSOLIDATED_v2.1.docx:668: Retry-sensitive operations are idempotent.,RETAIN_CORE_ONLY,YES,N/A,YES,NO,NO,PRESERVE_NO_DELTA_REQUIRED
M08-IA-08,M08,PRESERVE,CAM11-0032,12_API/W4-02A.6.16_API_SPECIFICATION_CURRENT_API_CONTRACT_BASELINE_FULL_CONSOLIDATED_v2.1.docx,fbfc539044ed2b7037ebee6ed5d5065c4e14efbd042a4928b107c02c210277d1,NO_HEADING_DETECTED,12_API/W4-02A.6.16_API_SPECIFICATION_CURRENT_API_CONTRACT_BASELINE_FULL_CONSOLIDATED_v2.1.docx:1: RUMAHAGEN — API SPECIFICATION || 12_API/W4-02A.6.16_API_SPECIFICATION_CURRENT_API_CONTRACT_BASELINE_FULL_CONSOLIDATED_v2.1.docx:2: Wave 3 — Step 3.6 Full Consolidation & Synchronization || 12_API/W4-02A.6.16_API_SPECIFICATION_CURRENT_API_CONTRACT_BASELINE_FULL_CONSOLIDATED_v2.1.docx:3: Version: 2.1 — W4-02A.6.16 Current API/Contract Baseline || 12_API/W4-02A.6.16_API_SPECIFICATION_CURRENT_API_CONTRACT_BASELINE_FULL_CONSOLIDATED_v2.1.docx:4: Date: 19 August 2026 || 12_API/W4-02A.6.16_API_SPECIFICATION_CURRENT_API_CONTRACT_BASELINE_FULL_CONSOLIDATED_v2.1.docx:5: Status: CURRENT CANONICAL API CONTRACT BASELINE — COMPLETE / GREEN || 12_API/W4-02A.6.16_API_SPECIFICATION_CURRENT_API_CONTRACT_BASELINE_FULL_CONSOLIDATED_v2.1.docx:6: Predecessor: `RUMAHAGEN_API_SPECIFICATION_v2.0_WAVE3_STEP3.6_FULL_CONSOLIDATED_SYNCHRONIZED.md` + legacy v1.3 API + AEP1/AEP2/AEP3/AEP4 impact artifacts + W4-02A.6 current synchronization chain,RUMAHAGEN_WF03_M08_FULL_REBUILD_CONTROLLED_v1.0.zip,Admin notification push,"SOURCE_CURRENT/RUMAHAGEN_WF-03.2_MASTER_PERMISSION_MATRIX_M01-M08_RECONCILED_v1.2.csv:108: M08,Notification State,View / Read-Unread / Dismiss / Delivery-State Management,Notification/delivery state projection and permitted state actions,BYPASS,OWN,OWN,OWN,OWN,OWN,OWN,RECONCILED,M08-RECON-02,M08 Permission Matrix Reconciliation v1.0; M08 controlled reconciliation; WF-01/WF-02/W4/Wireframe evidence,,Non-Superadmin OWN is strictly own notification-state actions. Superadmin BYPASS permits notification-state management only. Notification mutation cannot change source business state. Protected source details referenced by a notification must remain hidden if source-domain permission does not permit access. Notification State and Dashboard Projection are independent.,M01-M08-107,NEW M08 RECONCILED ROW || SOURCE_CURRENT/RUMAHAGEN_WF-03.2_M08_PERMISSION_REEVALUATION_QA_DECISION_RECORD_v1.0.docx:125: Superadmin || BYPASS — projection/read only || BYPASS — notification-state management || SOURCE_CURRENT/RUMAHAGEN_WF-03.2_M08_PERMISSION_REEVALUATION_QA_DECISION_RECORD_v1.0.docx:124: Role || Dashboard Projection || Notification State",12_API/W4-02A.6.16_API_SPECIFICATION_CURRENT_API_CONTRACT_BASELINE_FULL_CONSOLIDATED_v2.1.docx:1350: Notification || PASS || 12_API/W4-02A.6.16_API_SPECIFICATION_CURRENT_API_CONTRACT_BASELINE_FULL_CONSOLIDATED_v2.1.docx:1100: POST || `/admin/notifications/push` || Authorized admin || 12_API/W4-02A.6.16_API_SPECIFICATION_CURRENT_API_CONTRACT_BASELINE_FULL_CONSOLIDATED_v2.1.docx:732: [x] M08 Dashboard/Notification preserved.,RETAIN_CORE_ONLY,YES,N/A,YES,NO,NO,PRESERVE_NO_DELTA_REQUIRED
M08-IA-09,M08,PRESERVE,CAM11-0032,12_API/W4-02A.6.16_API_SPECIFICATION_CURRENT_API_CONTRACT_BASELINE_FULL_CONSOLIDATED_v2.1.docx,fbfc539044ed2b7037ebee6ed5d5065c4e14efbd042a4928b107c02c210277d1,NO_HEADING_DETECTED,12_API/W4-02A.6.16_API_SPECIFICATION_CURRENT_API_CONTRACT_BASELINE_FULL_CONSOLIDATED_v2.1.docx:1: RUMAHAGEN — API SPECIFICATION || 12_API/W4-02A.6.16_API_SPECIFICATION_CURRENT_API_CONTRACT_BASELINE_FULL_CONSOLIDATED_v2.1.docx:2: Wave 3 — Step 3.6 Full Consolidation & Synchronization || 12_API/W4-02A.6.16_API_SPECIFICATION_CURRENT_API_CONTRACT_BASELINE_FULL_CONSOLIDATED_v2.1.docx:3: Version: 2.1 — W4-02A.6.16 Current API/Contract Baseline || 12_API/W4-02A.6.16_API_SPECIFICATION_CURRENT_API_CONTRACT_BASELINE_FULL_CONSOLIDATED_v2.1.docx:4: Date: 19 August 2026 || 12_API/W4-02A.6.16_API_SPECIFICATION_CURRENT_API_CONTRACT_BASELINE_FULL_CONSOLIDATED_v2.1.docx:5: Status: CURRENT CANONICAL API CONTRACT BASELINE — COMPLETE / GREEN || 12_API/W4-02A.6.16_API_SPECIFICATION_CURRENT_API_CONTRACT_BASELINE_FULL_CONSOLIDATED_v2.1.docx:6: Predecessor: `RUMAHAGEN_API_SPECIFICATION_v2.0_WAVE3_STEP3.6_FULL_CONSOLIDATED_SYNCHRONIZED.md` + legacy v1.3 API + AEP1/AEP2/AEP3/AEP4 impact artifacts + W4-02A.6 current synchronization chain,RUMAHAGEN_WF03_M08_FULL_REBUILD_CONTROLLED_v1.0.zip,Event/status producers,"SOURCE_CURRENT/M08_PHYSICAL_EXECUTION_SPEC_v2.1.md:72: Atomic tasks cover event/status ingestion, projection/update, notification delivery state, dashboard aggregation, protected access, idempotency and negative tests. || SOURCE_CURRENT/M08_PHYSICAL_EXECUTION_SPEC_v2.1.md:32: Dashboard/notification projection state. M08 consumes canonical domain events/status and must not manufacture the underlying business event. || SOURCE_CURRENT/RUMAHAGEN_WF-03.2_MASTER_PERMISSION_MATRIX_M01-M08_RECONCILED_v1.2.csv:86: M06,Project,Lifecycle Manage,Lifecycle management,BYPASS,GOVERNED,GOVERNED,NONE,NONE,OWN,NONE,LOCKED,M06-Q2,Locked M06 final decision,,No construction/availability status added; unit_availability remains availability source,M01-M06-085,CURRENT LOCKED SEMANTIC ROW","12_API/W4-02A.6.16_API_SPECIFICATION_CURRENT_API_CONTRACT_BASELINE_FULL_CONSOLIDATED_v2.1.docx:1375: **STEP STATUS** || **COMPLETE / GREEN** || 12_API/W4-02A.6.16_API_SPECIFICATION_CURRENT_API_CONTRACT_BASELINE_FULL_CONSOLIDATED_v2.1.docx:1339: Event || PASS || 12_API/W4-02A.6.16_API_SPECIFICATION_CURRENT_API_CONTRACT_BASELINE_FULL_CONSOLIDATED_v2.1.docx:1324: HISTORICAL / PROVENANCE || Legacy v1.3 API, older AEP API-impact versions, stale OPEN/DEFERRED states and prior Wave 3 synchronization status.",RETAIN_CORE_ONLY,YES,N/A,YES,NO,NO,PRESERVE_NO_DELTA_REQUIRED
M08-IA-10,M08,PRESERVE,CAM11-0032,12_API/W4-02A.6.16_API_SPECIFICATION_CURRENT_API_CONTRACT_BASELINE_FULL_CONSOLIDATED_v2.1.docx,fbfc539044ed2b7037ebee6ed5d5065c4e14efbd042a4928b107c02c210277d1,NO_HEADING_DETECTED,12_API/W4-02A.6.16_API_SPECIFICATION_CURRENT_API_CONTRACT_BASELINE_FULL_CONSOLIDATED_v2.1.docx:1: RUMAHAGEN — API SPECIFICATION || 12_API/W4-02A.6.16_API_SPECIFICATION_CURRENT_API_CONTRACT_BASELINE_FULL_CONSOLIDATED_v2.1.docx:2: Wave 3 — Step 3.6 Full Consolidation & Synchronization || 12_API/W4-02A.6.16_API_SPECIFICATION_CURRENT_API_CONTRACT_BASELINE_FULL_CONSOLIDATED_v2.1.docx:3: Version: 2.1 — W4-02A.6.16 Current API/Contract Baseline || 12_API/W4-02A.6.16_API_SPECIFICATION_CURRENT_API_CONTRACT_BASELINE_FULL_CONSOLIDATED_v2.1.docx:4: Date: 19 August 2026 || 12_API/W4-02A.6.16_API_SPECIFICATION_CURRENT_API_CONTRACT_BASELINE_FULL_CONSOLIDATED_v2.1.docx:5: Status: CURRENT CANONICAL API CONTRACT BASELINE — COMPLETE / GREEN || 12_API/W4-02A.6.16_API_SPECIFICATION_CURRENT_API_CONTRACT_BASELINE_FULL_CONSOLIDATED_v2.1.docx:6: Predecessor: `RUMAHAGEN_API_SPECIFICATION_v2.0_WAVE3_STEP3.6_FULL_CONSOLIDATED_SYNCHRONIZED.md` + legacy v1.3 API + AEP1/AEP2/AEP3/AEP4 impact artifacts + W4-02A.6 current synchronization chain,RUMAHAGEN_WF03_M08_FULL_REBUILD_CONTROLLED_v1.0.zip,Actor lifecycle,SOURCE_CURRENT/M08_PHYSICAL_EXECUTION_SPEC_v2.1.md:119: - wrong actor cannot access private dashboard || SOURCE_CURRENT/M08_PHYSICAL_EXECUTION_SPEC_v2.1.md:105: - Wrong actor/scope tests pass. || 03_M08_SEMANTIC_CROSS_MODULE_RECONCILIATION_v1.0.md:34: - Actor/role: existing seven roles only; no new role introduced.,12_API/W4-02A.6.16_API_SPECIFICATION_CURRENT_API_CONTRACT_BASELINE_FULL_CONSOLIDATED_v2.1.docx:1035: POST || `/events/{id}/rsvp` || Auth/eligible actor || 12_API/W4-02A.6.16_API_SPECIFICATION_CURRENT_API_CONTRACT_BASELINE_FULL_CONSOLIDATED_v2.1.docx:175: Authenticated Actor || 12_API/W4-02A.6.16_API_SPECIFICATION_CURRENT_API_CONTRACT_BASELINE_FULL_CONSOLIDATED_v2.1.docx:129: Authentication identifies the actor. It does not itself grant domain authorization.,RETAIN_CORE_ONLY,YES,N/A,YES,NO,NO,PRESERVE_NO_DELTA_REQUIRED
M08-IA-11,M08,PRESERVE,CAM11-0032,12_API/W4-02A.6.16_API_SPECIFICATION_CURRENT_API_CONTRACT_BASELINE_FULL_CONSOLIDATED_v2.1.docx,fbfc539044ed2b7037ebee6ed5d5065c4e14efbd042a4928b107c02c210277d1,NO_HEADING_DETECTED,12_API/W4-02A.6.16_API_SPECIFICATION_CURRENT_API_CONTRACT_BASELINE_FULL_CONSOLIDATED_v2.1.docx:1: RUMAHAGEN — API SPECIFICATION || 12_API/W4-02A.6.16_API_SPECIFICATION_CURRENT_API_CONTRACT_BASELINE_FULL_CONSOLIDATED_v2.1.docx:2: Wave 3 — Step 3.6 Full Consolidation & Synchronization || 12_API/W4-02A.6.16_API_SPECIFICATION_CURRENT_API_CONTRACT_BASELINE_FULL_CONSOLIDATED_v2.1.docx:3: Version: 2.1 — W4-02A.6.16 Current API/Contract Baseline || 12_API/W4-02A.6.16_API_SPECIFICATION_CURRENT_API_CONTRACT_BASELINE_FULL_CONSOLIDATED_v2.1.docx:4: Date: 19 August 2026 || 12_API/W4-02A.6.16_API_SPECIFICATION_CURRENT_API_CONTRACT_BASELINE_FULL_CONSOLIDATED_v2.1.docx:5: Status: CURRENT CANONICAL API CONTRACT BASELINE — COMPLETE / GREEN || 12_API/W4-02A.6.16_API_SPECIFICATION_CURRENT_API_CONTRACT_BASELINE_FULL_CONSOLIDATED_v2.1.docx:6: Predecessor: `RUMAHAGEN_API_SPECIFICATION_v2.0_WAVE3_STEP3.6_FULL_CONSOLIDATED_SYNCHRONIZED.md` + legacy v1.3 API + AEP1/AEP2/AEP3/AEP4 impact artifacts + W4-02A.6 current synchronization chain,RUMAHAGEN_WF03_M08_FULL_REBUILD_CONTROLLED_v1.0.zip,Projection boundary,"SOURCE_CURRENT/RUMAHAGEN_WF-03.2_M08_PERMISSION_MATRIX_RECONCILIATION_v1.0.docx:40: Reconciliation menggunakan Master Permission Matrix M01–M07, M07 reconciliation artifact, WF-03 permission corpus M01–M06, WF-01 final, WF-02 final handoff, W4/W4027 evidence, dan Wireframe Core source pack. Source-derived architecture boundary dipertahankan: M08 adalah projection/notification layer dan tidak menjadi authorization authority. Keputusan semantic tambahan yang merupakan explicit user decisions dicatat sebagai downstream decisions dan tidak diklaim sebagai pre-existing source rules. || SOURCE_CURRENT/RUMAHAGEN_WF-03.2_M08_PERMISSION_MATRIX_RECONCILIATION_v1.0.docx:9: M08 adalah projection/notification boundary. Source domain tetap menjadi business authority dan M10 tetap menjadi authorization/RLS enforcement layer. || SOURCE_CURRENT/RUMAHAGEN_WF-03.2_MASTER_PERMISSION_MATRIX_M01-M08_RECONCILED_v1.2.csv:108: M08,Notification State,View / Read-Unread / Dismiss / Delivery-State Management,Notification/delivery state projection and permitted state actions,BYPASS,OWN,OWN,OWN,OWN,OWN,OWN,RECONCILED,M08-RECON-02,M08 Permission Matrix Reconciliation v1.0; M08 controlled reconciliation; WF-01/WF-02/W4/Wireframe evidence,,Non-Superadmin OWN is strictly own notification-state actions. Superadmin BYPASS permits notification-state management only. Notification mutation cannot change source business state. Protected source details referenced by a notification must remain hidden if source-domain permission does not permit access. Notification State and Dashboard Projection are independent.,M01-M08-107,NEW M08 RECONCILED ROW",12_API/W4-02A.6.16_API_SPECIFICATION_CURRENT_API_CONTRACT_BASELINE_FULL_CONSOLIDATED_v2.1.docx:1365: API → Business Rule boundary || PASS || 12_API/W4-02A.6.16_API_SPECIFICATION_CURRENT_API_CONTRACT_BASELINE_FULL_CONSOLIDATED_v2.1.docx:1362: Current Payment/Midtrans Provider Adapter boundary propagated || PASS || 12_API/W4-02A.6.16_API_SPECIFICATION_CURRENT_API_CONTRACT_BASELINE_FULL_CONSOLIDATED_v2.1.docx:1358: W4-01E/W4-02 physical boundary preserved || PASS,RETAIN_CORE_ONLY,YES,N/A,YES,NO,NO,PRESERVE_NO_DELTA_REQUIRED
M08-IA-12,M08,PRESERVE,CAM11-0032,12_API/W4-02A.6.16_API_SPECIFICATION_CURRENT_API_CONTRACT_BASELINE_FULL_CONSOLIDATED_v2.1.docx,fbfc539044ed2b7037ebee6ed5d5065c4e14efbd042a4928b107c02c210277d1,NO_HEADING_DETECTED,12_API/W4-02A.6.16_API_SPECIFICATION_CURRENT_API_CONTRACT_BASELINE_FULL_CONSOLIDATED_v2.1.docx:1: RUMAHAGEN — API SPECIFICATION || 12_API/W4-02A.6.16_API_SPECIFICATION_CURRENT_API_CONTRACT_BASELINE_FULL_CONSOLIDATED_v2.1.docx:2: Wave 3 — Step 3.6 Full Consolidation & Synchronization || 12_API/W4-02A.6.16_API_SPECIFICATION_CURRENT_API_CONTRACT_BASELINE_FULL_CONSOLIDATED_v2.1.docx:3: Version: 2.1 — W4-02A.6.16 Current API/Contract Baseline || 12_API/W4-02A.6.16_API_SPECIFICATION_CURRENT_API_CONTRACT_BASELINE_FULL_CONSOLIDATED_v2.1.docx:4: Date: 19 August 2026 || 12_API/W4-02A.6.16_API_SPECIFICATION_CURRENT_API_CONTRACT_BASELINE_FULL_CONSOLIDATED_v2.1.docx:5: Status: CURRENT CANONICAL API CONTRACT BASELINE — COMPLETE / GREEN || 12_API/W4-02A.6.16_API_SPECIFICATION_CURRENT_API_CONTRACT_BASELINE_FULL_CONSOLIDATED_v2.1.docx:6: Predecessor: `RUMAHAGEN_API_SPECIFICATION_v2.0_WAVE3_STEP3.6_FULL_CONSOLIDATED_SYNCHRONIZED.md` + legacy v1.3 API + AEP1/AEP2/AEP3/AEP4 impact artifacts + W4-02A.6 current synchronization chain,RUMAHAGEN_WF03_M08_FULL_REBUILD_CONTROLLED_v1.0.zip,Idempotency/retry,"SOURCE_CURRENT/M08_PHYSICAL_EXECUTION_SPEC_v2.1.md:26: - Mutation-sensitive operations require appropriate duplicate/replay/retry/idempotency controls. || SOURCE_CURRENT/M08_PHYSICAL_EXECUTION_SPEC_v2.1.md:84: 7. Execute negative/security/idempotency/regression tests. || SOURCE_CURRENT/M08_PHYSICAL_EXECUTION_SPEC_v2.1.md:72: Atomic tasks cover event/status ingestion, projection/update, notification delivery state, dashboard aggregation, protected access, idempotency and negative tests.","12_API/W4-02A.6.16_API_SPECIFICATION_CURRENT_API_CONTRACT_BASELINE_FULL_CONSOLIDATED_v2.1.docx:582: Idempotency is required for retry-sensitive operations. || 12_API/W4-02A.6.16_API_SPECIFICATION_CURRENT_API_CONTRACT_BASELINE_FULL_CONSOLIDATED_v2.1.docx:1288: AEP1 Commercial/Payment || Order, Payment Core, Provider Adapter, verification, idempotency, fulfillment, Entitlement, quota, reconciliation, immutable purchase snapshot || 12_API/W4-02A.6.16_API_SPECIFICATION_CURRENT_API_CONTRACT_BASELINE_FULL_CONSOLIDATED_v2.1.docx:941: 409 || Business/resource conflict or idempotency conflict where applicable",RETAIN_CORE_ONLY,YES,N/A,YES,NO,NO,PRESERVE_NO_DELTA_REQUIRED
M08-IA-13,M08,PRESERVE,CAM11-0032,12_API/W4-02A.6.16_API_SPECIFICATION_CURRENT_API_CONTRACT_BASELINE_FULL_CONSOLIDATED_v2.1.docx,fbfc539044ed2b7037ebee6ed5d5065c4e14efbd042a4928b107c02c210277d1,NO_HEADING_DETECTED,12_API/W4-02A.6.16_API_SPECIFICATION_CURRENT_API_CONTRACT_BASELINE_FULL_CONSOLIDATED_v2.1.docx:1: RUMAHAGEN — API SPECIFICATION || 12_API/W4-02A.6.16_API_SPECIFICATION_CURRENT_API_CONTRACT_BASELINE_FULL_CONSOLIDATED_v2.1.docx:2: Wave 3 — Step 3.6 Full Consolidation & Synchronization || 12_API/W4-02A.6.16_API_SPECIFICATION_CURRENT_API_CONTRACT_BASELINE_FULL_CONSOLIDATED_v2.1.docx:3: Version: 2.1 — W4-02A.6.16 Current API/Contract Baseline || 12_API/W4-02A.6.16_API_SPECIFICATION_CURRENT_API_CONTRACT_BASELINE_FULL_CONSOLIDATED_v2.1.docx:4: Date: 19 August 2026 || 12_API/W4-02A.6.16_API_SPECIFICATION_CURRENT_API_CONTRACT_BASELINE_FULL_CONSOLIDATED_v2.1.docx:5: Status: CURRENT CANONICAL API CONTRACT BASELINE — COMPLETE / GREEN || 12_API/W4-02A.6.16_API_SPECIFICATION_CURRENT_API_CONTRACT_BASELINE_FULL_CONSOLIDATED_v2.1.docx:6: Predecessor: `RUMAHAGEN_API_SPECIFICATION_v2.0_WAVE3_STEP3.6_FULL_CONSOLIDATED_SYNCHRONIZED.md` + legacy v1.3 API + AEP1/AEP2/AEP3/AEP4 impact artifacts + W4-02A.6 current synchronization chain,RUMAHAGEN_WF03_M08_FULL_REBUILD_CONTROLLED_v1.0.zip,Provenance/audit,"SOURCE_CURRENT/RUMAHAGEN_WF-03.2_MASTER_PERMISSION_MATRIX_M01-M08_RECONCILED_v1.2.csv:26: M03,Listing Moderation,Reason,Record moderation reason/category/note,BYPASS,NONE,ALL,NONE,NONE,NONE,NONE,LOCKED,M01-M03,Locked M01-M04 reconciliation / M01-M03 decision support,,Reason is part of moderation/audit record,M01-M06-025,CURRENT LOCKED SEMANTIC ROW || SOURCE_CURRENT/RUMAHAGEN_WF-03.2_MASTER_PERMISSION_MATRIX_M01-M08_RECONCILED_v1.2.csv:1: ﻿Module,Resource / Capability,Action,Purpose,Superadmin,Manager,Admin,Instructor,Agent,Developer Partner,Buyer,Status,Decision / Reconciliation ID,Provenance / Evidence,Physical Permission ID,Guardrail / Notes,Master Row ID,Legacy Treatment || SOURCE_CURRENT/M08_PHYSICAL_EXECUTION_SPEC_v2.1.md:159: **Current focused specification = GREEN when** source coverage, carry-forward audit, dependency integrity, authority boundaries and residual classification are complete. Runtime PASS remains downstream.","12_API/W4-02A.6.16_API_SPECIFICATION_CURRENT_API_CONTRACT_BASELINE_FULL_CONSOLIDATED_v2.1.docx:1374: Carry-Forward Audit || **PASS** || 12_API/W4-02A.6.16_API_SPECIFICATION_CURRENT_API_CONTRACT_BASELINE_FULL_CONSOLIDATED_v2.1.docx:1330: Audit result || **PASS**. || 12_API/W4-02A.6.16_API_SPECIFICATION_CURRENT_API_CONTRACT_BASELINE_FULL_CONSOLIDATED_v2.1.docx:1324: HISTORICAL / PROVENANCE || Legacy v1.3 API, older AEP API-impact versions, stale OPEN/DEFERRED states and prior Wave 3 synchronization status.",RETAIN_CORE_ONLY,YES,N/A,YES,NO,NO,PRESERVE_NO_DELTA_REQUIRED
M08-IA-14,M08,PRESERVE,CAM11-0032,12_API/W4-02A.6.16_API_SPECIFICATION_CURRENT_API_CONTRACT_BASELINE_FULL_CONSOLIDATED_v2.1.docx,fbfc539044ed2b7037ebee6ed5d5065c4e14efbd042a4928b107c02c210277d1,NO_HEADING_DETECTED,12_API/W4-02A.6.16_API_SPECIFICATION_CURRENT_API_CONTRACT_BASELINE_FULL_CONSOLIDATED_v2.1.docx:1: RUMAHAGEN — API SPECIFICATION || 12_API/W4-02A.6.16_API_SPECIFICATION_CURRENT_API_CONTRACT_BASELINE_FULL_CONSOLIDATED_v2.1.docx:2: Wave 3 — Step 3.6 Full Consolidation & Synchronization || 12_API/W4-02A.6.16_API_SPECIFICATION_CURRENT_API_CONTRACT_BASELINE_FULL_CONSOLIDATED_v2.1.docx:3: Version: 2.1 — W4-02A.6.16 Current API/Contract Baseline || 12_API/W4-02A.6.16_API_SPECIFICATION_CURRENT_API_CONTRACT_BASELINE_FULL_CONSOLIDATED_v2.1.docx:4: Date: 19 August 2026 || 12_API/W4-02A.6.16_API_SPECIFICATION_CURRENT_API_CONTRACT_BASELINE_FULL_CONSOLIDATED_v2.1.docx:5: Status: CURRENT CANONICAL API CONTRACT BASELINE — COMPLETE / GREEN || 12_API/W4-02A.6.16_API_SPECIFICATION_CURRENT_API_CONTRACT_BASELINE_FULL_CONSOLIDATED_v2.1.docx:6: Predecessor: `RUMAHAGEN_API_SPECIFICATION_v2.0_WAVE3_STEP3.6_FULL_CONSOLIDATED_SYNCHRONIZED.md` + legacy v1.3 API + AEP1/AEP2/AEP3/AEP4 impact artifacts + W4-02A.6 current synchronization chain,RUMAHAGEN_WF03_M08_FULL_REBUILD_CONTROLLED_v1.0.zip,Supersession,SOURCE_CURRENT/RUMAHAGEN_WF-03.2_M08_PERMISSION_REEVALUATION_QA_DECISION_RECORD_v1.0.docx:100: 4. Correction / Supersession Record || 03_M08_SEMANTIC_CROSS_MODULE_RECONCILIATION_v1.0.md:63: ## Supersession || 00_README_M08_CONTROLLED_v1.0.md:17: - Q18/Q19 are retained only as historical supersession evidence.,12_API/W4-02A.6.16_API_SPECIFICATION_CURRENT_API_CONTRACT_BASELINE_FULL_CONSOLIDATED_v2.1.docx:914: OPEN-C01 / MADCR-012 || CLOSED / GOVERNING || Commercial AEP relationship is bounded; no supersession inference.,RETAIN_CORE_ONLY,YES,N/A,YES,NO,NO,PRESERVE_NO_DELTA_REQUIRED
M08-IA-15,M08,PRESERVE,CAM11-0032,12_API/W4-02A.6.16_API_SPECIFICATION_CURRENT_API_CONTRACT_BASELINE_FULL_CONSOLIDATED_v2.1.docx,fbfc539044ed2b7037ebee6ed5d5065c4e14efbd042a4928b107c02c210277d1,NO_HEADING_DETECTED,12_API/W4-02A.6.16_API_SPECIFICATION_CURRENT_API_CONTRACT_BASELINE_FULL_CONSOLIDATED_v2.1.docx:1: RUMAHAGEN — API SPECIFICATION || 12_API/W4-02A.6.16_API_SPECIFICATION_CURRENT_API_CONTRACT_BASELINE_FULL_CONSOLIDATED_v2.1.docx:2: Wave 3 — Step 3.6 Full Consolidation & Synchronization || 12_API/W4-02A.6.16_API_SPECIFICATION_CURRENT_API_CONTRACT_BASELINE_FULL_CONSOLIDATED_v2.1.docx:3: Version: 2.1 — W4-02A.6.16 Current API/Contract Baseline || 12_API/W4-02A.6.16_API_SPECIFICATION_CURRENT_API_CONTRACT_BASELINE_FULL_CONSOLIDATED_v2.1.docx:4: Date: 19 August 2026 || 12_API/W4-02A.6.16_API_SPECIFICATION_CURRENT_API_CONTRACT_BASELINE_FULL_CONSOLIDATED_v2.1.docx:5: Status: CURRENT CANONICAL API CONTRACT BASELINE — COMPLETE / GREEN || 12_API/W4-02A.6.16_API_SPECIFICATION_CURRENT_API_CONTRACT_BASELINE_FULL_CONSOLIDATED_v2.1.docx:6: Predecessor: `RUMAHAGEN_API_SPECIFICATION_v2.0_WAVE3_STEP3.6_FULL_CONSOLIDATED_SYNCHRONIZED.md` + legacy v1.3 API + AEP1/AEP2/AEP3/AEP4 impact artifacts + W4-02A.6 current synchronization chain,RUMAHAGEN_WF03_M08_FULL_REBUILD_CONTROLLED_v1.0.zip,Physical/runtime gate,"SOURCE_CURRENT/RUMAHAGEN_WF-03.2_MASTER_PERMISSION_MATRIX_M01-M08_RECONCILED_v1.2.csv:107: M08,Dashboard Projection,View / Project,Projection-only dashboard visibility,BYPASS,VIEW / DOMAIN-SCOPED,VIEW / DOMAIN-SCOPED,VIEW / DOMAIN-SCOPED,VIEW / DOMAIN-SCOPED,VIEW / DOMAIN-SCOPED,VIEW / DOMAIN-SCOPED,RECONCILED,M08-RECON-01,M08 Permission Matrix Reconciliation v1.0; M08 controlled reconciliation; WF-01/WF-02/W4/Wireframe evidence,,""Dashboard is projection-only. Superadmin BYPASS is unrestricted projection/read access, not mutation authority. Non-Superadmin scope inherits exact source-domain permission scope. Source permission is visibility gate. Dashboard does not reinterpret permissions. Mutation actions, if present, are entry points to source-domain authority/API. M10 remains authorization/RLS authority."",M01-M08-106,NEW M08 RECONCILED ROW || SOURCE_CURRENT/RUMAHAGEN_WF-03.2_M08_PERMISSION_REEVALUATION_QA_DECISION_RECORD_v1.0.docx:111: Source-domain permission is the Dashboard visibility gate. || SOURCE_CURRENT/RUMAHAGEN_WF-03.2_M08_PERMISSION_REEVALUATION_QA_DECISION_RECORD_v1.0.docx:95: Answer: A — access gate; M08 cannot bypass/expand","12_API/W4-02A.6.16_API_SPECIFICATION_CURRENT_API_CONTRACT_BASELINE_FULL_CONSOLIDATED_v2.1.docx:1353: Gate || Result || 12_API/W4-02A.6.16_API_SPECIFICATION_CURRENT_API_CONTRACT_BASELINE_FULL_CONSOLIDATED_v2.1.docx:1320: Content units reviewed || Full predecessor: authority rules, decision gate, source corpus, API architecture, authorization, M01–M15 API families, contracts, error model, compatibility, traceability, completeness checklist, gate, plus current W4 reconciliation. || 12_API/W4-02A.6.16_API_SPECIFICATION_CURRENT_API_CONTRACT_BASELINE_FULL_CONSOLIDATED_v2.1.docx:885: 37. CURRENT GREEN GATE",RETAIN_CORE_ONLY,YES,N/A,YES,NO,NO,PRESERVE_NO_DELTA_REQUIRED
M08-IA-16,M08,PRESERVE,CAM11-0032,12_API/W4-02A.6.16_API_SPECIFICATION_CURRENT_API_CONTRACT_BASELINE_FULL_CONSOLIDATED_v2.1.docx,fbfc539044ed2b7037ebee6ed5d5065c4e14efbd042a4928b107c02c210277d1,NO_HEADING_DETECTED,12_API/W4-02A.6.16_API_SPECIFICATION_CURRENT_API_CONTRACT_BASELINE_FULL_CONSOLIDATED_v2.1.docx:1: RUMAHAGEN — API SPECIFICATION || 12_API/W4-02A.6.16_API_SPECIFICATION_CURRENT_API_CONTRACT_BASELINE_FULL_CONSOLIDATED_v2.1.docx:2: Wave 3 — Step 3.6 Full Consolidation & Synchronization || 12_API/W4-02A.6.16_API_SPECIFICATION_CURRENT_API_CONTRACT_BASELINE_FULL_CONSOLIDATED_v2.1.docx:3: Version: 2.1 — W4-02A.6.16 Current API/Contract Baseline || 12_API/W4-02A.6.16_API_SPECIFICATION_CURRENT_API_CONTRACT_BASELINE_FULL_CONSOLIDATED_v2.1.docx:4: Date: 19 August 2026 || 12_API/W4-02A.6.16_API_SPECIFICATION_CURRENT_API_CONTRACT_BASELINE_FULL_CONSOLIDATED_v2.1.docx:5: Status: CURRENT CANONICAL API CONTRACT BASELINE — COMPLETE / GREEN || 12_API/W4-02A.6.16_API_SPECIFICATION_CURRENT_API_CONTRACT_BASELINE_FULL_CONSOLIDATED_v2.1.docx:6: Predecessor: `RUMAHAGEN_API_SPECIFICATION_v2.0_WAVE3_STEP3.6_FULL_CONSOLIDATED_SYNCHRONIZED.md` + legacy v1.3 API + AEP1/AEP2/AEP3/AEP4 impact artifacts + W4-02A.6 current synchronization chain,RUMAHAGEN_WF03_M08_FULL_REBUILD_CONTROLLED_v1.0.zip,Permission cardinality,"SOURCE_CURRENT/RUMAHAGEN_WF-03.2_MASTER_PERMISSION_MATRIX_M01-M08_RECONCILED_v1.2.csv:108: M08,Notification State,View / Read-Unread / Dismiss / Delivery-State Management,Notification/delivery state projection and permitted state actions,BYPASS,OWN,OWN,OWN,OWN,OWN,OWN,RECONCILED,M08-RECON-02,M08 Permission Matrix Reconciliation v1.0; M08 controlled reconciliation; WF-01/WF-02/W4/Wireframe evidence,,Non-Superadmin OWN is strictly own notification-state actions. Superadmin BYPASS permits notification-state management only. Notification mutation cannot change source business state. Protected source details referenced by a notification must remain hidden if source-domain permission does not permit access. Notification State and Dashboard Projection are independent.,M01-M08-107,NEW M08 RECONCILED ROW || SOURCE_CURRENT/RUMAHAGEN_WF-03.2_MASTER_PERMISSION_MATRIX_M01-M08_RECONCILED_v1.2.csv:107: M08,Dashboard Projection,View / Project,Projection-only dashboard visibility,BYPASS,VIEW / DOMAIN-SCOPED,VIEW / DOMAIN-SCOPED,VIEW / DOMAIN-SCOPED,VIEW / DOMAIN-SCOPED,VIEW / DOMAIN-SCOPED,VIEW / DOMAIN-SCOPED,RECONCILED,M08-RECON-01,M08 Permission Matrix Reconciliation v1.0; M08 controlled reconciliation; WF-01/WF-02/W4/Wireframe evidence,,""Dashboard is projection-only. Superadmin BYPASS is unrestricted projection/read access, not mutation authority. Non-Superadmin scope inherits exact source-domain permission scope. Source permission is visibility gate. Dashboard does not reinterpret permissions. Mutation actions, if present, are entry points to source-domain authority/API. M10 remains authorization/RLS authority."",M01-M08-106,NEW M08 RECONCILED ROW || SOURCE_CURRENT/RUMAHAGEN_WF-03.2_MASTER_PERMISSION_MATRIX_M01-M08_RECONCILED_v1.2.csv:106: M07,DBR Calculation / Simulation + Result History,Execute / View / Share / Revoke Own Share,""DBR calculation, simulation result/history, ownership and sharing"",BYPASS,OWN,ALL,OWN + SHARE,OWN + SHARE,OWN + SHARE,OWN/OPEN,RECONCILED,M07-RECON-02,M07 Permission Matrix Reconciliation v1.0; 45 locked decisions; WF-03.2 M07,,OWN = creator-owned simulation/history. ALL calculation does not change ownership. OWN+SHARE = own result + public share capability. SHARE uses share link/result reference only; public results are not searchable/browsable. Recipient is VIEW-only. Ownership stays with creator. Creator alone may revoke; revoke immediately invalidates the share link/reference. Buyer OWN/OPEN requires no assignment/approval/org membership. Bank Selection is inherited.,M01-M07-105,NEW M07 RECONCILED ROW",12_API/W4-02A.6.16_API_SPECIFICATION_CURRENT_API_CONTRACT_BASELINE_FULL_CONSOLIDATED_v2.1.docx:1345: Permission || API consumes capability/permission/scope model || 12_API/W4-02A.6.16_API_SPECIFICATION_CURRENT_API_CONTRACT_BASELINE_FULL_CONSOLIDATED_v2.1.docx:1344: RBAC || API boundary preserved; exact permission IDs downstream || 12_API/W4-02A.6.16_API_SPECIFICATION_CURRENT_API_CONTRACT_BASELINE_FULL_CONSOLIDATED_v2.1.docx:1300: MADCR-053 || Capability + Permission + Scope,RETAIN_CORE_ONLY,YES,N/A,YES,NO,NO,PRESERVE_NO_DELTA_REQUIRED
M08-IA-17,M08,PRESERVE,CAM11-0032,12_API/W4-02A.6.16_API_SPECIFICATION_CURRENT_API_CONTRACT_BASELINE_FULL_CONSOLIDATED_v2.1.docx,fbfc539044ed2b7037ebee6ed5d5065c4e14efbd042a4928b107c02c210277d1,NO_HEADING_DETECTED,12_API/W4-02A.6.16_API_SPECIFICATION_CURRENT_API_CONTRACT_BASELINE_FULL_CONSOLIDATED_v2.1.docx:1: RUMAHAGEN — API SPECIFICATION || 12_API/W4-02A.6.16_API_SPECIFICATION_CURRENT_API_CONTRACT_BASELINE_FULL_CONSOLIDATED_v2.1.docx:2: Wave 3 — Step 3.6 Full Consolidation & Synchronization || 12_API/W4-02A.6.16_API_SPECIFICATION_CURRENT_API_CONTRACT_BASELINE_FULL_CONSOLIDATED_v2.1.docx:3: Version: 2.1 — W4-02A.6.16 Current API/Contract Baseline || 12_API/W4-02A.6.16_API_SPECIFICATION_CURRENT_API_CONTRACT_BASELINE_FULL_CONSOLIDATED_v2.1.docx:4: Date: 19 August 2026 || 12_API/W4-02A.6.16_API_SPECIFICATION_CURRENT_API_CONTRACT_BASELINE_FULL_CONSOLIDATED_v2.1.docx:5: Status: CURRENT CANONICAL API CONTRACT BASELINE — COMPLETE / GREEN || 12_API/W4-02A.6.16_API_SPECIFICATION_CURRENT_API_CONTRACT_BASELINE_FULL_CONSOLIDATED_v2.1.docx:6: Predecessor: `RUMAHAGEN_API_SPECIFICATION_v2.0_WAVE3_STEP3.6_FULL_CONSOLIDATED_SYNCHRONIZED.md` + legacy v1.3 API + AEP1/AEP2/AEP3/AEP4 impact artifacts + W4-02A.6 current synchronization chain,RUMAHAGEN_WF03_M08_FULL_REBUILD_CONTROLLED_v1.0.zip,Source authority preservation,"SOURCE_CURRENT/RUMAHAGEN_WF-03.2_MASTER_PERMISSION_MATRIX_M01-M08_RECONCILED_v1.2.csv:108: M08,Notification State,View / Read-Unread / Dismiss / Delivery-State Management,Notification/delivery state projection and permitted state actions,BYPASS,OWN,OWN,OWN,OWN,OWN,OWN,RECONCILED,M08-RECON-02,M08 Permission Matrix Reconciliation v1.0; M08 controlled reconciliation; WF-01/WF-02/W4/Wireframe evidence,,Non-Superadmin OWN is strictly own notification-state actions. Superadmin BYPASS permits notification-state management only. Notification mutation cannot change source business state. Protected source details referenced by a notification must remain hidden if source-domain permission does not permit access. Notification State and Dashboard Projection are independent.,M01-M08-107,NEW M08 RECONCILED ROW || SOURCE_CURRENT/RUMAHAGEN_WF-03.2_MASTER_PERMISSION_MATRIX_M01-M08_RECONCILED_v1.2.csv:107: M08,Dashboard Projection,View / Project,Projection-only dashboard visibility,BYPASS,VIEW / DOMAIN-SCOPED,VIEW / DOMAIN-SCOPED,VIEW / DOMAIN-SCOPED,VIEW / DOMAIN-SCOPED,VIEW / DOMAIN-SCOPED,VIEW / DOMAIN-SCOPED,RECONCILED,M08-RECON-01,M08 Permission Matrix Reconciliation v1.0; M08 controlled reconciliation; WF-01/WF-02/W4/Wireframe evidence,,""Dashboard is projection-only. Superadmin BYPASS is unrestricted projection/read access, not mutation authority. Non-Superadmin scope inherits exact source-domain permission scope. Source permission is visibility gate. Dashboard does not reinterpret permissions. Mutation actions, if present, are entry points to source-domain authority/API. M10 remains authorization/RLS authority."",M01-M08-106,NEW M08 RECONCILED ROW || SOURCE_CURRENT/RUMAHAGEN_WF-03.2_MASTER_PERMISSION_MATRIX_M01-M08_RECONCILED_v1.2.csv:103: M06,Official Project Data,Edit from Listing,Mutation of official Project source,BYPASS,GOVERNED,GOVERNED,NONE,NONE,OWN,NONE,LOCKED,M06-Q5,Locked M06-Q5,,Agent cannot mutate official Project source,M01-M06-102,CURRENT LOCKED SEMANTIC ROW","12_API/W4-02A.6.16_API_SPECIFICATION_CURRENT_API_CONTRACT_BASELINE_FULL_CONSOLIDATED_v2.1.docx:1320: Content units reviewed || Full predecessor: authority rules, decision gate, source corpus, API architecture, authorization, M01–M15 API families, contracts, error model, compatibility, traceability, completeness checklist, gate, plus current W4 reconciliation. || 12_API/W4-02A.6.16_API_SPECIFICATION_CURRENT_API_CONTRACT_BASELINE_FULL_CONSOLIDATED_v2.1.docx:1302: AEP3-OD-02 || one authority source || 12_API/W4-02A.6.16_API_SPECIFICATION_CURRENT_API_CONTRACT_BASELINE_FULL_CONSOLIDATED_v2.1.docx:1287: Source || API propagation",RETAIN_CORE_ONLY,YES,N/A,YES,NO,NO,PRESERVE_NO_DELTA_REQUIRED
M08-IA-18,M08,CONTROLLED,CAM11-0032,12_API/W4-02A.6.16_API_SPECIFICATION_CURRENT_API_CONTRACT_BASELINE_FULL_CONSOLIDATED_v2.1.docx,fbfc539044ed2b7037ebee6ed5d5065c4e14efbd042a4928b107c02c210277d1,NO_HEADING_DETECTED,12_API/W4-02A.6.16_API_SPECIFICATION_CURRENT_API_CONTRACT_BASELINE_FULL_CONSOLIDATED_v2.1.docx:1: RUMAHAGEN — API SPECIFICATION || 12_API/W4-02A.6.16_API_SPECIFICATION_CURRENT_API_CONTRACT_BASELINE_FULL_CONSOLIDATED_v2.1.docx:2: Wave 3 — Step 3.6 Full Consolidation & Synchronization || 12_API/W4-02A.6.16_API_SPECIFICATION_CURRENT_API_CONTRACT_BASELINE_FULL_CONSOLIDATED_v2.1.docx:3: Version: 2.1 — W4-02A.6.16 Current API/Contract Baseline || 12_API/W4-02A.6.16_API_SPECIFICATION_CURRENT_API_CONTRACT_BASELINE_FULL_CONSOLIDATED_v2.1.docx:4: Date: 19 August 2026 || 12_API/W4-02A.6.16_API_SPECIFICATION_CURRENT_API_CONTRACT_BASELINE_FULL_CONSOLIDATED_v2.1.docx:5: Status: CURRENT CANONICAL API CONTRACT BASELINE — COMPLETE / GREEN || 12_API/W4-02A.6.16_API_SPECIFICATION_CURRENT_API_CONTRACT_BASELINE_FULL_CONSOLIDATED_v2.1.docx:6: Predecessor: `RUMAHAGEN_API_SPECIFICATION_v2.0_WAVE3_STEP3.6_FULL_CONSOLIDATED_SYNCHRONIZED.md` + legacy v1.3 API + AEP1/AEP2/AEP3/AEP4 impact artifacts + W4-02A.6 current synchronization chain,RUMAHAGEN_WF03_M08_FULL_REBUILD_CONTROLLED_v1.0.zip,Master progress,"04_M08_FINAL_QA_v1.0.md:29: - Controlled output and updated master progress workbook produced. || SOURCE_CURRENT/RUMAHAGEN_WF-03.2_MASTER_PERMISSION_MATRIX_M01-M08_RECONCILED_v1.2.csv:105: M07,Bank Master / Configuration,Create / View / Update / Manage,Admin-managed bank master/configuration,BYPASS,VIEW,ALL/CONFIG,NONE,VIEW/SELECT,NONE,NONE,RECONCILED,M07-RECON-01,M07 Permission Matrix Reconciliation v1.0; 45 locked decisions; WF-03.2 M07,,Manager VIEW = active bank master + applicable threshold only; no mutation. Agent VIEW/SELECT = eligible/available banks + applicable threshold only; no configuration management. Bank Selection is inherited from DBR Calculation access. Admin owns configuration authority. Physical permission IDs remain downstream.,M01-M07-104,NEW M07 RECONCILED ROW || SOURCE_CURRENT/RUMAHAGEN_WF-03.2_MASTER_PERMISSION_MATRIX_M01-M08_RECONCILED_v1.2.csv:1: ﻿Module,Resource / Capability,Action,Purpose,Superadmin,Manager,Admin,Instructor,Agent,Developer Partner,Buyer,Status,Decision / Reconciliation ID,Provenance / Evidence,Physical Permission ID,Guardrail / Notes,Master Row ID,Legacy Treatment",12_API/W4-02A.6.16_API_SPECIFICATION_CURRENT_API_CONTRACT_BASELINE_FULL_CONSOLIDATED_v2.1.docx:1018: GET || `/agents/me/learning/progress` || Agent || Own progression. || 12_API/W4-02A.6.16_API_SPECIFICATION_CURRENT_API_CONTRACT_BASELINE_FULL_CONSOLIDATED_v2.1.docx:928: DBR configuration || CLOSED || Admin bank master; maximum four displayed; fixed 10pp band. || 12_API/W4-02A.6.16_API_SPECIFICATION_CURRENT_API_CONTRACT_BASELINE_FULL_CONSOLIDATED_v2.1.docx:819: Master BR-001–BR-151,ADD_MXX_VALID_DETAIL_RETAIN_CORE,YES,N/A,YES,NO,NO,BOTH_TEXTUAL_CORROBORATION
PROP-M09-01,M09,CONTROLLED,CAM11-0032,12_API/W4-02A.6.16_API_SPECIFICATION_CURRENT_API_CONTRACT_BASELINE_FULL_CONSOLIDATED_v2.1.docx,fbfc539044ed2b7037ebee6ed5d5065c4e14efbd042a4928b107c02c210277d1,NO_HEADING_DETECTED,12_API/W4-02A.6.16_API_SPECIFICATION_CURRENT_API_CONTRACT_BASELINE_FULL_CONSOLIDATED_v2.1.docx:1: RUMAHAGEN — API SPECIFICATION || 12_API/W4-02A.6.16_API_SPECIFICATION_CURRENT_API_CONTRACT_BASELINE_FULL_CONSOLIDATED_v2.1.docx:2: Wave 3 — Step 3.6 Full Consolidation & Synchronization || 12_API/W4-02A.6.16_API_SPECIFICATION_CURRENT_API_CONTRACT_BASELINE_FULL_CONSOLIDATED_v2.1.docx:3: Version: 2.1 — W4-02A.6.16 Current API/Contract Baseline || 12_API/W4-02A.6.16_API_SPECIFICATION_CURRENT_API_CONTRACT_BASELINE_FULL_CONSOLIDATED_v2.1.docx:4: Date: 19 August 2026 || 12_API/W4-02A.6.16_API_SPECIFICATION_CURRENT_API_CONTRACT_BASELINE_FULL_CONSOLIDATED_v2.1.docx:5: Status: CURRENT CANONICAL API CONTRACT BASELINE — COMPLETE / GREEN || 12_API/W4-02A.6.16_API_SPECIFICATION_CURRENT_API_CONTRACT_BASELINE_FULL_CONSOLIDATED_v2.1.docx:6: Predecessor: `RUMAHAGEN_API_SPECIFICATION_v2.0_WAVE3_STEP3.6_FULL_CONSOLIDATED_SYNCHRONIZED.md` + legacy v1.3 API + AEP1/AEP2/AEP3/AEP4 impact artifacts + W4-02A.6 current synchronization chain,RUMAHAGEN_WF03_M09_FULL_REBUILD_CONTROLLED_v1.1_FULL_VERSION.zip,Core API /admin/reports/export,"RUMAHAGEN_WF03_M09_FULL_REBUILD_CONTROLLED_v1.1/05_QA/M09_DOWNSTREAM_FINDINGS_AND_STATUS_v1.1.csv:5: M09-P0-04,API,/admin/reports/export legacy documentation gives Manager/Admin access beyond M09-R11.,Reconcile API authorization to Superadmin-only M09-R11 unless a new Owner Decision exists.,DOWNSTREAM API HARDENING || RUMAHAGEN_WF03_M09_FULL_REBUILD_CONTROLLED_v1.1/02_REBUILD/00_M09_FULL_REBUILD_FINAL_REPORT_v1.1.md:45: - legacy /admin/reports/export authorization broader than M09-R11. || RUMAHAGEN_WF03_M09_FULL_REBUILD_CONTROLLED_v1.1/01_SOURCE_M09_ONLY/RUMAHAGEN_WF-03.2_M09_PERMISSION_REEVALUATION_QA_DECISION_RECORD_v1.0.md:147: The legacy interpretation that Manager/Admin could use a blanket `/admin/reports/export` capability is **SUPERSEDED**.",12_API/W4-02A.6.16_API_SPECIFICATION_CURRENT_API_CONTRACT_BASELINE_FULL_CONSOLIDATED_v2.1.docx:1106: GET || `/admin/reports/export` || Admin/Manager/Superadmin || Reports/export. || 12_API/W4-02A.6.16_API_SPECIFICATION_CURRENT_API_CONTRACT_BASELINE_FULL_CONSOLIDATED_v2.1.docx:1093: GET || `/calculator/dbr/{id}/export-pdf` || Simulation owner,ADD_MXX_VALID_DETAIL_RETAIN_CORE,YES,N/A,YES,NO,NO,BOTH_TEXTUAL_CORROBORATION
PROP-M09-02,M09,CONTROLLED,CAM11-0032,12_API/W4-02A.6.16_API_SPECIFICATION_CURRENT_API_CONTRACT_BASELINE_FULL_CONSOLIDATED_v2.1.docx,fbfc539044ed2b7037ebee6ed5d5065c4e14efbd042a4928b107c02c210277d1,NO_HEADING_DETECTED,12_API/W4-02A.6.16_API_SPECIFICATION_CURRENT_API_CONTRACT_BASELINE_FULL_CONSOLIDATED_v2.1.docx:1: RUMAHAGEN — API SPECIFICATION || 12_API/W4-02A.6.16_API_SPECIFICATION_CURRENT_API_CONTRACT_BASELINE_FULL_CONSOLIDATED_v2.1.docx:2: Wave 3 — Step 3.6 Full Consolidation & Synchronization || 12_API/W4-02A.6.16_API_SPECIFICATION_CURRENT_API_CONTRACT_BASELINE_FULL_CONSOLIDATED_v2.1.docx:3: Version: 2.1 — W4-02A.6.16 Current API/Contract Baseline || 12_API/W4-02A.6.16_API_SPECIFICATION_CURRENT_API_CONTRACT_BASELINE_FULL_CONSOLIDATED_v2.1.docx:4: Date: 19 August 2026 || 12_API/W4-02A.6.16_API_SPECIFICATION_CURRENT_API_CONTRACT_BASELINE_FULL_CONSOLIDATED_v2.1.docx:5: Status: CURRENT CANONICAL API CONTRACT BASELINE — COMPLETE / GREEN || 12_API/W4-02A.6.16_API_SPECIFICATION_CURRENT_API_CONTRACT_BASELINE_FULL_CONSOLIDATED_v2.1.docx:6: Predecessor: `RUMAHAGEN_API_SPECIFICATION_v2.0_WAVE3_STEP3.6_FULL_CONSOLIDATED_SYNCHRONIZED.md` + legacy v1.3 API + AEP1/AEP2/AEP3/AEP4 impact artifacts + W4-02A.6 current synchronization chain,RUMAHAGEN_WF03_M09_FULL_REBUILD_CONTROLLED_v1.1_FULL_VERSION.zip,Core API /admin/audit-logs,"RUMAHAGEN_WF03_M09_FULL_REBUILD_CONTROLLED_v1.1/05_QA/M09_DOWNSTREAM_FINDINGS_AND_STATUS_v1.1.csv:3: M09-P0-02,Audit context,M09 Administrative Audit Log can be conflated with M12 organization activity because shared audit storage is reused.,Keep contextual resource/endpoint scope and distinct authorization predicates; do not grant Agent M09 audit access.,SEMANTICALLY CLOSED / PHYSICAL-RUNTIME DOWNSTREAM || RUMAHAGEN_WF03_M09_FULL_REBUILD_CONTROLLED_v1.1/04_LIFECYCLE_DEPENDENCY/M09_LIFECYCLE_ACTOR_SCOPE_AUTHORITY_v1.1.md:29: - Administrative Audit Log: ALL || RUMAHAGEN_WF03_M09_FULL_REBUILD_CONTROLLED_v1.1/04_LIFECYCLE_DEPENDENCY/M09_LIFECYCLE_ACTOR_SCOPE_AUTHORITY_v1.1.md:20: - Administrative Audit Log: View",12_API/W4-02A.6.16_API_SPECIFICATION_CURRENT_API_CONTRACT_BASELINE_FULL_CONSOLIDATED_v2.1.docx:1118: GET || `/admin/audit-logs` || Authorized admin || 12_API/W4-02A.6.16_API_SPECIFICATION_CURRENT_API_CONTRACT_BASELINE_FULL_CONSOLIDATED_v2.1.docx:1374: Carry-Forward Audit || **PASS** || 12_API/W4-02A.6.16_API_SPECIFICATION_CURRENT_API_CONTRACT_BASELINE_FULL_CONSOLIDATED_v2.1.docx:1330: Audit result || **PASS**.,ADD_MXX_VALID_DETAIL_RETAIN_CORE,YES,N/A,YES,NO,NO,BOTH_TEXTUAL_CORROBORATION
PROP-M09-03,M09,CONTROLLED,CAM11-0041,21_EXECUTION_SPECIFICATION/W4-02A.6.25_MODULE_EXECUTION_SPECIFICATION_ARCHITECTURE_v2.1.md,8e82d6f1308995ba163d0c2c49786c8b8999d7c2e6b4388e07661678ffa095a3,# RUMAHAGEN — MODULE EXECUTION SPECIFICATION ARCHITECTURE,21_EXECUTION_SPECIFICATION/W4-02A.6.25_MODULE_EXECUTION_SPECIFICATION_ARCHITECTURE_v2.1.md:1: # RUMAHAGEN — MODULE EXECUTION SPECIFICATION ARCHITECTURE || 21_EXECUTION_SPECIFICATION/W4-02A.6.25_MODULE_EXECUTION_SPECIFICATION_ARCHITECTURE_v2.1.md:2: ## W4-02A.6.25 — Execution-Specification Structure || 21_EXECUTION_SPECIFICATION/W4-02A.6.25_MODULE_EXECUTION_SPECIFICATION_ARCHITECTURE_v2.1.md:4: **Version:** 2.1 — W4-02A.6.25 || 21_EXECUTION_SPECIFICATION/W4-02A.6.25_MODULE_EXECUTION_SPECIFICATION_ARCHITECTURE_v2.1.md:5: **Date:** 19 August 2026 || 21_EXECUTION_SPECIFICATION/W4-02A.6.25_MODULE_EXECUTION_SPECIFICATION_ARCHITECTURE_v2.1.md:6: **Status:** **CURRENT EXECUTION-SPECIFICATION ARCHITECTURE BASELINE — GREEN / FULLY CONSOLIDATED** || 21_EXECUTION_SPECIFICATION/W4-02A.6.25_MODULE_EXECUTION_SPECIFICATION_ARCHITECTURE_v2.1.md:7: **Predecessor:** `RUMAHAGEN_W4-02A.6.24_REVISED_MODULE_PLANNING_CURRENT_MODULE_DELIVERY_PLANNING_v2.1.md`,RUMAHAGEN_WF03_M09_FULL_REBUILD_CONTROLLED_v1.1_FULL_VERSION.zip,Core M09 physical execution spec,"RUMAHAGEN_WF03_M09_FULL_REBUILD_CONTROLLED_v1.1/05_QA/M09_DOWNSTREAM_FINDINGS_AND_STATUS_v1.1.csv:6: M09-P1-05,Provider authority,M09-R10 could be mistaken for provider-domain execution authority.,M09 remains administrative surface; provider/domain execution remains authoritative elsewhere.,DOWNSTREAM PHYSICAL/INTEGRATION || RUMAHAGEN_WF03_M09_FULL_REBUILD_CONTROLLED_v1.1/04_LIFECYCLE_DEPENDENCY/M09_CROSS_MODULE_DEPENDENCY_RECONCILIATION_v1.1.md:14: | M13 | Provider abstraction | Provider/domain execution remains outside M09 | || RUMAHAGEN_WF03_M09_FULL_REBUILD_CONTROLLED_v1.1/03_PERMISSION_MATRIX/M09_FINAL_SEMANTIC_PERMISSION_MATRIX_v1.1.csv:11: M09-R10,Provider Catalogue,View / Manage,ALL,NONE,ALL,NONE,NONE,NONE,NONE,Provider/domain authority,M09 is administrative surface; provider/domain remains execution authority.",21_EXECUTION_SPECIFICATION/W4-02A.6.25_MODULE_EXECUTION_SPECIFICATION_ARCHITECTURE_v2.1.md:2395: - [x] Execution-spec structural precedent extracted. || 21_EXECUTION_SPECIFICATION/W4-02A.6.25_MODULE_EXECUTION_SPECIFICATION_ARCHITECTURE_v2.1.md:437: M09 is not forced into one monolithic execution chain. || 21_EXECUTION_SPECIFICATION/W4-02A.6.25_MODULE_EXECUTION_SPECIFICATION_ARCHITECTURE_v2.1.md:360: | M09 | Admin / CMS / Configuration / Audit | Parent spec + domain work packages/tasks | Admin foundation + domain administration |,ADD_MXX_VALID_DETAIL_RETAIN_CORE,YES,N/A,YES,NO,NO,BOTH_TEXTUAL_CORROBORATION
PROP-M09-04,M09,CONTROLLED,CAM11-0033,13_RBAC_RLS/W4-02A.6.17_RBAC_PERMISSION_RLS_CURRENT_AUTHORIZATION_BASELINE_FULL_CONSOLIDATED_v2.1.docx,cd5067a3a2cb8e0104e94fbea78ab64a30e19ed28230aef5889baa5021784a0a,NO_HEADING_DETECTED,"13_RBAC_RLS/W4-02A.6.17_RBAC_PERMISSION_RLS_CURRENT_AUTHORIZATION_BASELINE_FULL_CONSOLIDATED_v2.1.docx:1: STEP AKTIF = W4-02A.6.17 — RBAC / PERMISSION / RLS CURRENT AUTHORIZATION BASELINE || 13_RBAC_RLS/W4-02A.6.17_RBAC_PERMISSION_RLS_CURRENT_AUTHORIZATION_BASELINE_FULL_CONSOLIDATED_v2.1.docx:2: RUMAHAGEN — CURRENT AUTHORIZATION BASELINE || 13_RBAC_RLS/W4-02A.6.17_RBAC_PERMISSION_RLS_CURRENT_AUTHORIZATION_BASELINE_FULL_CONSOLIDATED_v2.1.docx:3: Version 2.1 — Full Current Consolidated || 13_RBAC_RLS/W4-02A.6.17_RBAC_PERMISSION_RLS_CURRENT_AUTHORIZATION_BASELINE_FULL_CONSOLIDATED_v2.1.docx:4: 19 August 2026 | COMPLETE / GREEN || 13_RBAC_RLS/W4-02A.6.17_RBAC_PERMISSION_RLS_CURRENT_AUTHORIZATION_BASELINE_FULL_CONSOLIDATED_v2.1.docx:5: FULL CURRENT SOURCE — NOT PATCH / NOT ADDENDUM || 13_RBAC_RLS/W4-02A.6.17_RBAC_PERMISSION_RLS_CURRENT_AUTHORIZATION_BASELINE_FULL_CONSOLIDATED_v2.1.docx:6: 0. PURPOSE, AUTHORITY AND EXECUTION LOCK",RUMAHAGEN_WF03_M09_FULL_REBUILD_CONTROLLED_v1.1_FULL_VERSION.zip,M10/RLS system_configs SELECT,"RUMAHAGEN_WF03_M09_FULL_REBUILD_CONTROLLED_v1.1/05_QA/M09_DOWNSTREAM_FINDINGS_AND_STATUS_v1.1.csv:4: M09-P0-03,RLS,system_configs SELECT is broader than Superadmin-only M09-R02 semantics.,Restrict SELECT to locked M09 view scope; keep Manage separate and Superadmin-only.,DOWNSTREAM M10/RLS HARDENING || RUMAHAGEN_WF03_M09_FULL_REBUILD_CONTROLLED_v1.1/01_SOURCE_M09_ONLY/RUMAHAGEN_WF-03.2_M09_PERMISSION_REEVALUATION_QA_DECISION_RECORD_v1.0.md:312: **Remaining Downstream Physical Issue:** 1 — M10/RLS hardening for `system_configs` SELECT || RUMAHAGEN_WF03_M09_FULL_REBUILD_CONTROLLED_v1.1/01_SOURCE_M09_ONLY/RUMAHAGEN_WF-03.2_M09_PERMISSION_REEVALUATION_QA_DECISION_RECORD_v1.0.md:239: `system_configs` SELECT RLS was found to be broader than the semantic Superadmin-only authorization. This is recorded as a **downstream M10/RLS hardening item**, not a reason to weaken the semantic permission matrix.",13_RBAC_RLS/W4-02A.6.17_RBAC_PERMISSION_RLS_CURRENT_AUTHORIZATION_BASELINE_FULL_CONSOLIDATED_v2.1.docx:413: M10 RBAC/Permission/Scope || Owns authorization model and RLS enforcement boundary || 13_RBAC_RLS/W4-02A.6.17_RBAC_PERMISSION_RLS_CURRENT_AUTHORIZATION_BASELINE_FULL_CONSOLIDATED_v2.1.docx:412: M09 Admin/CMS || Administrative control surface; not replacement for M10/M12/M14/M15 authority || 13_RBAC_RLS/W4-02A.6.17_RBAC_PERMISSION_RLS_CURRENT_AUTHORIZATION_BASELINE_FULL_CONSOLIDATED_v2.1.docx:410: M07 DBR || Consumes M10/configuration authority,ADD_MXX_VALID_DETAIL_RETAIN_CORE,YES,N/A,YES,NO,NO,BOTH_TEXTUAL_CORROBORATION
PROP-M09-05,M09,CONTROLLED,CAM11-0011,04_ARCHITECTURE/W4-02A.6.5_SYSTEM_ARCHITECTURE_FULL_CONSOLIDATED_v1.8.docx,c1aa07968bb5bdfc9f9600dc48da804f65574f49da672282237ec90c4cc94884,"# developer-projects, calculator (dbr), notifications, rbac, seo","04_ARCHITECTURE/W4-02A.6.5_SYSTEM_ARCHITECTURE_FULL_CONSOLIDATED_v1.8.docx:591: # developer-projects, calculator (dbr), notifications, rbac, seo || 04_ARCHITECTURE/W4-02A.6.5_SYSTEM_ARCHITECTURE_FULL_CONSOLIDATED_v1.8.docx:592: /api/cron/                # Vercel Cron Jobs & Postgres Database Webhook target (ADR-006, Approved) || 04_ARCHITECTURE/W4-02A.6.5_SYSTEM_ARCHITECTURE_FULL_CONSOLIDATED_v1.8.docx:593: /{job}/route.ts          # reminder-scan, sitemap-regenerate, dst. — dilindungi CRON_SECRET || 04_ARCHITECTURE/W4-02A.6.5_SYSTEM_ARCHITECTURE_FULL_CONSOLIDATED_v1.8.docx:594: /components || 04_ARCHITECTURE/W4-02A.6.5_SYSTEM_ARCHITECTURE_FULL_CONSOLIDATED_v1.8.docx:595: /ui/                     # komponen dasar reusable — tanpa business logic (shadcn/ui) || 04_ARCHITECTURE/W4-02A.6.5_SYSTEM_ARCHITECTURE_FULL_CONSOLIDATED_v1.8.docx:596: /features/{module}/      # komponen spesifik per modul",RUMAHAGEN_WF03_M09_FULL_REBUILD_CONTROLLED_v1.1_FULL_VERSION.zip,Provider catalogue physical routing,RUMAHAGEN_WF03_M09_FULL_REBUILD_CONTROLLED_v1.1/02_REBUILD/00_M09_FULL_REBUILD_FINAL_REPORT_v1.1.md:47: - Provider Catalogue physical authority routing.,04_ARCHITECTURE/W4-02A.6.5_SYSTEM_ARCHITECTURE_FULL_CONSOLIDATED_v1.8.docx:854: Routing,ADD_MXX_VALID_DETAIL_RETAIN_CORE,YES,N/A,YES,NO,NO,BOTH_TEXTUAL_CORROBORATION
PROP-M09-06,M09,CONTROLLED,CAM11-0074,30_RECONCILIATION_EVIDENCE/W4-02A.5R_SOURCE_UPDATE_REVALIDATION_v1.1.docx,47a6f021e6c409e73d5d7c7dddaaa270107190db90dba4ff30760080155a2b8f,NO_HEADING_DETECTED,"30_RECONCILIATION_EVIDENCE/W4-02A.5R_SOURCE_UPDATE_REVALIDATION_v1.1.docx:1: RUMAHAGEN — W4-02A.5R SOURCE UPDATE REVALIDATION || 30_RECONCILIATION_EVIDENCE/W4-02A.5R_SOURCE_UPDATE_REVALIDATION_v1.1.docx:2: Version 1.1 | 19 August 2026 | COMPLETE / GREEN || 30_RECONCILIATION_EVIDENCE/W4-02A.5R_SOURCE_UPDATE_REVALIDATION_v1.1.docx:3: 1. Trigger || 30_RECONCILIATION_EVIDENCE/W4-02A.5R_SOURCE_UPDATE_REVALIDATION_v1.1.docx:4: The refreshed wa1-W4 done(3).zip contains a new explicit Owner approval for MBR-COM-001–013 and an Owner Decision Freeze. The prior W4-02A.5 result was therefore revalidated before W4-02A.6. || 30_RECONCILIATION_EVIDENCE/W4-02A.5R_SOURCE_UPDATE_REVALIDATION_v1.1.docx:5: 2. Governing Update || 30_RECONCILIATION_EVIDENCE/W4-02A.5R_SOURCE_UPDATE_REVALIDATION_v1.1.docx:6: RUMAHAGEN_COMMERCIAL_BUSINESS_RULES_CLOSURE_MBR-COM-001-013_v1.0.md explicitly states MBR-COM-001–013 = CLOSED — OWNER APPROVED and supersedes the previous CONTROLLED EVIDENCE / PROVENANCE GAP classification. Approved content covers subscription/entitlement/RBAC boundary, free bonus grant, add-on validity, agency allocation, quota usage, promotion/purchase snapshot, subscription transition, order/payment/fulfillment, verified/idempotent payment, reconciliation, refund/chargeback, provenance, configuration governance, provider independence, and beta payment activation governance.",RUMAHAGEN_WF03_M09_FULL_REBUILD_CONTROLLED_v1.1_FULL_VERSION.zip,Reconciliation physical actions,"RUMAHAGEN_WF03_M09_FULL_REBUILD_CONTROLLED_v1.1/05_QA/M09_DOWNSTREAM_FINDINGS_AND_STATUS_v1.1.csv:7: M09-P1-06,Reconciliation actions,""Physical evidence does not sufficiently separate Review, Escalate and Manual Correction."",Keep three distinct capabilities/actions; M09-R09 remains Superadmin-only.,DOWNSTREAM PHYSICAL/RUNTIME || RUMAHAGEN_WF03_M09_FULL_REBUILD_CONTROLLED_v1.1/README_M09_FULL_REBUILD_CONTROLLED_v1.1.md:13: - cross-module dependency reconciliation; || RUMAHAGEN_WF03_M09_FULL_REBUILD_CONTROLLED_v1.1/04_LIFECYCLE_DEPENDENCY/M09_LIFECYCLE_ACTOR_SCOPE_AUTHORITY_v1.1.md:67: - M14 owns reconciliation semantics.","30_RECONCILIATION_EVIDENCE/W4-02A.5R_SOURCE_UPDATE_REVALIDATION_v1.1.docx:6: RUMAHAGEN_COMMERCIAL_BUSINESS_RULES_CLOSURE_MBR-COM-001-013_v1.0.md explicitly states MBR-COM-001–013 = CLOSED — OWNER APPROVED and supersedes the previous CONTROLLED EVIDENCE / PROVENANCE GAP classification. Approved content covers subscription/entitlement/RBAC boundary, free bonus grant, add-on validity, agency allocation, quota usage, promotion/purchase snapshot, subscription transition, order/payment/fulfillment, verified/idempotent payment, reconciliation, refund/chargeback, provenance, configuration governance, provider independence, and beta payment activation governance.",ADD_MXX_VALID_DETAIL_RETAIN_CORE,YES,N/A,YES,NO,NO,BOTH_TEXTUAL_CORROBORATION
M10-CORE-01,M10,PRESERVE,CAM11-0016,09_ERD/W4-02A.6.13_ERD_CURRENT_LOGICAL_DATA_MODEL_FULL_CONSOLIDATED_v2.1.docx,5a5ba139cff31fbd297cac3871a3b250f13b94dabcb15b49d89af86ca785cb88,NO_HEADING_DETECTED,09_ERD/W4-02A.6.13_ERD_CURRENT_LOGICAL_DATA_MODEL_FULL_CONSOLIDATED_v2.1.docx:1: RUMAHAGEN — ERD & DATA RELATIONSHIP MODEL || 09_ERD/W4-02A.6.13_ERD_CURRENT_LOGICAL_DATA_MODEL_FULL_CONSOLIDATED_v2.1.docx:2: W4-02A.6.13 — Current Logical Data Model — Full Consolidation & Synchronization || 09_ERD/W4-02A.6.13_ERD_CURRENT_LOGICAL_DATA_MODEL_FULL_CONSOLIDATED_v2.1.docx:3: **Version:** 2.1 — W4-02A.6.13 || 09_ERD/W4-02A.6.13_ERD_CURRENT_LOGICAL_DATA_MODEL_FULL_CONSOLIDATED_v2.1.docx:4: **Date:** 19 August 2026 || 09_ERD/W4-02A.6.13_ERD_CURRENT_LOGICAL_DATA_MODEL_FULL_CONSOLIDATED_v2.1.docx:5: **Status:** **CURRENT CANONICAL ERD BASELINE — GREEN / SYNCHRONIZED** || 09_ERD/W4-02A.6.13_ERD_CURRENT_LOGICAL_DATA_MODEL_FULL_CONSOLIDATED_v2.1.docx:6: **Predecessor:** RUMAHAGEN_ERD_v2.0_WAVE3_STEP3.4_FULL_CONSOLIDATED_SYNCHRONIZED.md,RUMAHAGEN_WF03_M10_FULL_REBUILD_CONTROLLED_v1.1_FULL_VERSION.zip,Core RBAC,"RUMAHAGEN_WF03_M10_FULL_REBUILD_CONTROLLED_v1.1/RUMAHAGEN_WF03_M10_FULL_REBUILD_CONTROLLED_v1.1.md:30: - **Core authority:** current Core RBAC/RLS, API, ERD, Database Dictionary, UI/UX and Dependency contracts, restricted to M10-relevant extracts. || RUMAHAGEN_WF03_M10_FULL_REBUILD_CONTROLLED_v1.1/SOURCE_M10_ONLY/RUMAHAGEN_WF-03.2_M10D_FINAL_CROSS_RECONCILIATION_v1.0.md:134: 4. update RBAC/permission references; || RUMAHAGEN_WF03_M10_FULL_REBUILD_CONTROLLED_v1.1/SOURCE_M10_ONLY/RUMAHAGEN_WF-03.2_M10C_REVISED_FINAL_RECORD_v1.1.docx:546: RBAC / Permission / RLS","09_ERD/W4-02A.6.13_ERD_CURRENT_LOGICAL_DATA_MODEL_FULL_CONSOLIDATED_v2.1.docx:1677: RBAC || GREEN || 09_ERD/W4-02A.6.13_ERD_CURRENT_LOGICAL_DATA_MODEL_FULL_CONSOLIDATED_v2.1.docx:1483: MADCR-010 || APPROVED / GOVERNING || Commercial Entitlement remains quota/access-capacity authority, separate from RBAC. || 09_ERD/W4-02A.6.13_ERD_CURRENT_LOGICAL_DATA_MODEL_FULL_CONSOLIDATED_v2.1.docx:1349: merge Entitlement with RBAC;",RETAIN_CORE_ONLY,YES,N/A,YES,NO,NO,PRESERVE_NO_DELTA_REQUIRED
M10-CORE-02,M10,AUGMENT,CAM11-0016,09_ERD/W4-02A.6.13_ERD_CURRENT_LOGICAL_DATA_MODEL_FULL_CONSOLIDATED_v2.1.docx,5a5ba139cff31fbd297cac3871a3b250f13b94dabcb15b49d89af86ca785cb88,NO_HEADING_DETECTED,09_ERD/W4-02A.6.13_ERD_CURRENT_LOGICAL_DATA_MODEL_FULL_CONSOLIDATED_v2.1.docx:1: RUMAHAGEN — ERD & DATA RELATIONSHIP MODEL || 09_ERD/W4-02A.6.13_ERD_CURRENT_LOGICAL_DATA_MODEL_FULL_CONSOLIDATED_v2.1.docx:2: W4-02A.6.13 — Current Logical Data Model — Full Consolidation & Synchronization || 09_ERD/W4-02A.6.13_ERD_CURRENT_LOGICAL_DATA_MODEL_FULL_CONSOLIDATED_v2.1.docx:3: **Version:** 2.1 — W4-02A.6.13 || 09_ERD/W4-02A.6.13_ERD_CURRENT_LOGICAL_DATA_MODEL_FULL_CONSOLIDATED_v2.1.docx:4: **Date:** 19 August 2026 || 09_ERD/W4-02A.6.13_ERD_CURRENT_LOGICAL_DATA_MODEL_FULL_CONSOLIDATED_v2.1.docx:5: **Status:** **CURRENT CANONICAL ERD BASELINE — GREEN / SYNCHRONIZED** || 09_ERD/W4-02A.6.13_ERD_CURRENT_LOGICAL_DATA_MODEL_FULL_CONSOLIDATED_v2.1.docx:6: **Predecessor:** RUMAHAGEN_ERD_v2.0_WAVE3_STEP3.4_FULL_CONSOLIDATED_SYNCHRONIZED.md,RUMAHAGEN_WF03_M10_FULL_REBUILD_CONTROLLED_v1.1_FULL_VERSION.zip,Core Permission,"RUMAHAGEN_WF03_M10_FULL_REBUILD_CONTROLLED_v1.1/SOURCE_M10_ONLY/RUMAHAGEN_GLOBAL_M10_PERMISSION_CATALOGUE_RECOVERY_RECONCILIATION_v1.0.docx:38: The next action is not another M11 or M03 re-evaluation. It is a row-level physical catalogue mapping pass: map every locked WF-03 semantic capability to the recovered canonical permission row, mark REUSE / DUPLICATE / NEW GAP, allocate new physical IDs only for proven gaps, then reconcile role_permissions. Only after that can the global Core Permission Catalogue and downstream RBAC/RLS/API/Schema references be synchronized. || RUMAHAGEN_WF03_M10_FULL_REBUILD_CONTROLLED_v1.1/SOURCE_M10_ONLY/RUMAHAGEN_WF-03.2_M10D_FINAL_CROSS_RECONCILIATION_v1.0.md:391: > **M10-D confirms that M10-A, M10-B and M10-C form one internally consistent authorization, RLS and controlled physical implementation model. `Manage Permission Preset` is a distinct canonical Permission Matrix capability and is Superadmin-only. Its exact physical permission ID must be resolved from the canonical permission catalogue rather than invented. Permission Presets remain optional, role-targeted, single-assignment and live-linked. Manager/Admin receive only governed relevant visibility. Hard delete remains a technical last-resort recovery mechanism, not a normal UI action. Authentication remains separate from authorization. Current W4 physical authority remains unchanged. M10 is ready for handoff to M11, with only the canonical physical permission-ID reconciliation carried forward as a controlled catalogue item.** || RUMAHAGEN_WF03_M10_FULL_REBUILD_CONTROLLED_v1.1/SOURCE_M10_ONLY/RUMAHAGEN_WF-03.2_M10D_FINAL_CROSS_RECONCILIATION_v1.0.md:379: 9. protected permission classification;",09_ERD/W4-02A.6.13_ERD_CURRENT_LOGICAL_DATA_MODEL_FULL_CONSOLIDATED_v2.1.docx:1678: Permission || GREEN || 09_ERD/W4-02A.6.13_ERD_CURRENT_LOGICAL_DATA_MODEL_FULL_CONSOLIDATED_v2.1.docx:1644: MADCR-053 || Capability + Permission + Scope || 09_ERD/W4-02A.6.13_ERD_CURRENT_LOGICAL_DATA_MODEL_FULL_CONSOLIDATED_v2.1.docx:1557: Role || Permission || N:N via RolePermission || M10,ADD_MXX_VALID_DETAIL_RETAIN_CORE,YES,YES,YES,NO,NO,BOTH_TEXTUAL_CORROBORATION
M10-CORE-03,M10,AUGMENT,CAM11-0016,09_ERD/W4-02A.6.13_ERD_CURRENT_LOGICAL_DATA_MODEL_FULL_CONSOLIDATED_v2.1.docx,5a5ba139cff31fbd297cac3871a3b250f13b94dabcb15b49d89af86ca785cb88,NO_HEADING_DETECTED,09_ERD/W4-02A.6.13_ERD_CURRENT_LOGICAL_DATA_MODEL_FULL_CONSOLIDATED_v2.1.docx:1: RUMAHAGEN — ERD & DATA RELATIONSHIP MODEL || 09_ERD/W4-02A.6.13_ERD_CURRENT_LOGICAL_DATA_MODEL_FULL_CONSOLIDATED_v2.1.docx:2: W4-02A.6.13 — Current Logical Data Model — Full Consolidation & Synchronization || 09_ERD/W4-02A.6.13_ERD_CURRENT_LOGICAL_DATA_MODEL_FULL_CONSOLIDATED_v2.1.docx:3: **Version:** 2.1 — W4-02A.6.13 || 09_ERD/W4-02A.6.13_ERD_CURRENT_LOGICAL_DATA_MODEL_FULL_CONSOLIDATED_v2.1.docx:4: **Date:** 19 August 2026 || 09_ERD/W4-02A.6.13_ERD_CURRENT_LOGICAL_DATA_MODEL_FULL_CONSOLIDATED_v2.1.docx:5: **Status:** **CURRENT CANONICAL ERD BASELINE — GREEN / SYNCHRONIZED** || 09_ERD/W4-02A.6.13_ERD_CURRENT_LOGICAL_DATA_MODEL_FULL_CONSOLIDATED_v2.1.docx:6: **Predecessor:** RUMAHAGEN_ERD_v2.0_WAVE3_STEP3.4_FULL_CONSOLIDATED_SYNCHRONIZED.md,RUMAHAGEN_WF03_M10_FULL_REBUILD_CONTROLLED_v1.1_FULL_VERSION.zip,Core Scope,"RUMAHAGEN_WF03_M10_FULL_REBUILD_CONTROLLED_v1.1/SOURCE_M10_ONLY/RUMAHAGEN_WF-03.2_M10D_FINAL_CROSS_RECONCILIATION_v1.0.md:94: - Preset matrix uses existing `all / own / none` scope vocabulary. || RUMAHAGEN_WF03_M10_FULL_REBUILD_CONTROLLED_v1.1/SOURCE_M10_ONLY/RUMAHAGEN_WF-03.2_M10D_FINAL_CROSS_RECONCILIATION_v1.0.md:6: **Scope:** Final cross-reconciliation of M10-A Permission Preset semantics, M10-B Permission/RLS decisions, and M10-C physical implementation delta. || RUMAHAGEN_WF03_M10_FULL_REBUILD_CONTROLLED_v1.1/SOURCE_M10_ONLY/RUMAHAGEN_WF-03.2_M10C_REVISED_FINAL_RECORD_v1.1.docx:230: Manager/Admin may view only relevant presets for accounts within governed scope.",09_ERD/W4-02A.6.13_ERD_CURRENT_LOGICAL_DATA_MODEL_FULL_CONSOLIDATED_v2.1.docx:1644: MADCR-053 || Capability + Permission + Scope || 09_ERD/W4-02A.6.13_ERD_CURRENT_LOGICAL_DATA_MODEL_FULL_CONSOLIDATED_v2.1.docx:1606: Title Authority Scope || Issuer/scope authority || Logical target || 09_ERD/W4-02A.6.13_ERD_CURRENT_LOGICAL_DATA_MODEL_FULL_CONSOLIDATED_v2.1.docx:1489: MADCR-053 || APPROVED / GOVERNING || Capability + Permission + Scope remains authorization boundary; no role-permission collapse.,ADD_MXX_VALID_DETAIL_RETAIN_CORE,YES,YES,YES,NO,NO,BOTH_TEXTUAL_CORROBORATION
M10-CORE-04,M10,AUGMENT,CAM11-0016,09_ERD/W4-02A.6.13_ERD_CURRENT_LOGICAL_DATA_MODEL_FULL_CONSOLIDATED_v2.1.docx,5a5ba139cff31fbd297cac3871a3b250f13b94dabcb15b49d89af86ca785cb88,NO_HEADING_DETECTED,09_ERD/W4-02A.6.13_ERD_CURRENT_LOGICAL_DATA_MODEL_FULL_CONSOLIDATED_v2.1.docx:1: RUMAHAGEN — ERD & DATA RELATIONSHIP MODEL || 09_ERD/W4-02A.6.13_ERD_CURRENT_LOGICAL_DATA_MODEL_FULL_CONSOLIDATED_v2.1.docx:2: W4-02A.6.13 — Current Logical Data Model — Full Consolidation & Synchronization || 09_ERD/W4-02A.6.13_ERD_CURRENT_LOGICAL_DATA_MODEL_FULL_CONSOLIDATED_v2.1.docx:3: **Version:** 2.1 — W4-02A.6.13 || 09_ERD/W4-02A.6.13_ERD_CURRENT_LOGICAL_DATA_MODEL_FULL_CONSOLIDATED_v2.1.docx:4: **Date:** 19 August 2026 || 09_ERD/W4-02A.6.13_ERD_CURRENT_LOGICAL_DATA_MODEL_FULL_CONSOLIDATED_v2.1.docx:5: **Status:** **CURRENT CANONICAL ERD BASELINE — GREEN / SYNCHRONIZED** || 09_ERD/W4-02A.6.13_ERD_CURRENT_LOGICAL_DATA_MODEL_FULL_CONSOLIDATED_v2.1.docx:6: **Predecessor:** RUMAHAGEN_ERD_v2.0_WAVE3_STEP3.4_FULL_CONSOLIDATED_SYNCHRONIZED.md,RUMAHAGEN_WF03_M10_FULL_REBUILD_CONTROLLED_v1.1_FULL_VERSION.zip,Core RLS,,,ADD_MXX_VALID_DETAIL_RETAIN_CORE,YES,YES,YES,NO,NO,SEMANTIC_REGISTER_AUTHORITY_ONLY
M10-CORE-05,M10,AUGMENT,CAM11-0016,09_ERD/W4-02A.6.13_ERD_CURRENT_LOGICAL_DATA_MODEL_FULL_CONSOLIDATED_v2.1.docx,5a5ba139cff31fbd297cac3871a3b250f13b94dabcb15b49d89af86ca785cb88,NO_HEADING_DETECTED,09_ERD/W4-02A.6.13_ERD_CURRENT_LOGICAL_DATA_MODEL_FULL_CONSOLIDATED_v2.1.docx:1: RUMAHAGEN — ERD & DATA RELATIONSHIP MODEL || 09_ERD/W4-02A.6.13_ERD_CURRENT_LOGICAL_DATA_MODEL_FULL_CONSOLIDATED_v2.1.docx:2: W4-02A.6.13 — Current Logical Data Model — Full Consolidation & Synchronization || 09_ERD/W4-02A.6.13_ERD_CURRENT_LOGICAL_DATA_MODEL_FULL_CONSOLIDATED_v2.1.docx:3: **Version:** 2.1 — W4-02A.6.13 || 09_ERD/W4-02A.6.13_ERD_CURRENT_LOGICAL_DATA_MODEL_FULL_CONSOLIDATED_v2.1.docx:4: **Date:** 19 August 2026 || 09_ERD/W4-02A.6.13_ERD_CURRENT_LOGICAL_DATA_MODEL_FULL_CONSOLIDATED_v2.1.docx:5: **Status:** **CURRENT CANONICAL ERD BASELINE — GREEN / SYNCHRONIZED** || 09_ERD/W4-02A.6.13_ERD_CURRENT_LOGICAL_DATA_MODEL_FULL_CONSOLIDATED_v2.1.docx:6: **Predecessor:** RUMAHAGEN_ERD_v2.0_WAVE3_STEP3.4_FULL_CONSOLIDATED_SYNCHRONIZED.md,RUMAHAGEN_WF03_M10_FULL_REBUILD_CONTROLLED_v1.1_FULL_VERSION.zip,Core UI/UX,,,ADD_MXX_VALID_DETAIL_RETAIN_CORE,YES,YES,YES,NO,NO,SEMANTIC_REGISTER_AUTHORITY_ONLY
M10-CORE-06,M10,AUGMENT,CAM11-0016,09_ERD/W4-02A.6.13_ERD_CURRENT_LOGICAL_DATA_MODEL_FULL_CONSOLIDATED_v2.1.docx,5a5ba139cff31fbd297cac3871a3b250f13b94dabcb15b49d89af86ca785cb88,NO_HEADING_DETECTED,09_ERD/W4-02A.6.13_ERD_CURRENT_LOGICAL_DATA_MODEL_FULL_CONSOLIDATED_v2.1.docx:1: RUMAHAGEN — ERD & DATA RELATIONSHIP MODEL || 09_ERD/W4-02A.6.13_ERD_CURRENT_LOGICAL_DATA_MODEL_FULL_CONSOLIDATED_v2.1.docx:2: W4-02A.6.13 — Current Logical Data Model — Full Consolidation & Synchronization || 09_ERD/W4-02A.6.13_ERD_CURRENT_LOGICAL_DATA_MODEL_FULL_CONSOLIDATED_v2.1.docx:3: **Version:** 2.1 — W4-02A.6.13 || 09_ERD/W4-02A.6.13_ERD_CURRENT_LOGICAL_DATA_MODEL_FULL_CONSOLIDATED_v2.1.docx:4: **Date:** 19 August 2026 || 09_ERD/W4-02A.6.13_ERD_CURRENT_LOGICAL_DATA_MODEL_FULL_CONSOLIDATED_v2.1.docx:5: **Status:** **CURRENT CANONICAL ERD BASELINE — GREEN / SYNCHRONIZED** || 09_ERD/W4-02A.6.13_ERD_CURRENT_LOGICAL_DATA_MODEL_FULL_CONSOLIDATED_v2.1.docx:6: **Predecessor:** RUMAHAGEN_ERD_v2.0_WAVE3_STEP3.4_FULL_CONSOLIDATED_SYNCHRONIZED.md,RUMAHAGEN_WF03_M10_FULL_REBUILD_CONTROLLED_v1.1_FULL_VERSION.zip,Core API,,,ADD_MXX_VALID_DETAIL_RETAIN_CORE,YES,YES,YES,NO,NO,SEMANTIC_REGISTER_AUTHORITY_ONLY
M10-CORE-07,M10,AUGMENT,CAM11-0016,09_ERD/W4-02A.6.13_ERD_CURRENT_LOGICAL_DATA_MODEL_FULL_CONSOLIDATED_v2.1.docx,5a5ba139cff31fbd297cac3871a3b250f13b94dabcb15b49d89af86ca785cb88,NO_HEADING_DETECTED,09_ERD/W4-02A.6.13_ERD_CURRENT_LOGICAL_DATA_MODEL_FULL_CONSOLIDATED_v2.1.docx:1: RUMAHAGEN — ERD & DATA RELATIONSHIP MODEL || 09_ERD/W4-02A.6.13_ERD_CURRENT_LOGICAL_DATA_MODEL_FULL_CONSOLIDATED_v2.1.docx:2: W4-02A.6.13 — Current Logical Data Model — Full Consolidation & Synchronization || 09_ERD/W4-02A.6.13_ERD_CURRENT_LOGICAL_DATA_MODEL_FULL_CONSOLIDATED_v2.1.docx:3: **Version:** 2.1 — W4-02A.6.13 || 09_ERD/W4-02A.6.13_ERD_CURRENT_LOGICAL_DATA_MODEL_FULL_CONSOLIDATED_v2.1.docx:4: **Date:** 19 August 2026 || 09_ERD/W4-02A.6.13_ERD_CURRENT_LOGICAL_DATA_MODEL_FULL_CONSOLIDATED_v2.1.docx:5: **Status:** **CURRENT CANONICAL ERD BASELINE — GREEN / SYNCHRONIZED** || 09_ERD/W4-02A.6.13_ERD_CURRENT_LOGICAL_DATA_MODEL_FULL_CONSOLIDATED_v2.1.docx:6: **Predecessor:** RUMAHAGEN_ERD_v2.0_WAVE3_STEP3.4_FULL_CONSOLIDATED_SYNCHRONIZED.md,RUMAHAGEN_WF03_M10_FULL_REBUILD_CONTROLLED_v1.1_FULL_VERSION.zip,Core ERD / DB,RUMAHAGEN_WF03_M10_FULL_REBUILD_CONTROLLED_v1.1/SOURCE_M10_ONLY/RUMAHAGEN_WF-03.2_M10D_FINAL_CROSS_RECONCILIATION_v1.0.md:140: # 5. ERD / Schema Reconciliation || RUMAHAGEN_WF03_M10_FULL_REBUILD_CONTROLLED_v1.1/SOURCE_M10_ONLY/RUMAHAGEN_WF-03.2_M10D_FINAL_CROSS_RECONCILIATION_v1.0.md:135: 5. update ERD/Dictionary/API/RLS references where the ID is material; || RUMAHAGEN_WF03_M10_FULL_REBUILD_CONTROLLED_v1.1/SOURCE_M10_ONLY/RUMAHAGEN_WF-03.2_M10C_REVISED_FINAL_RECORD_v1.1.docx:538: ERD,"09_ERD/W4-02A.6.13_ERD_CURRENT_LOGICAL_DATA_MODEL_FULL_CONSOLIDATED_v2.1.docx:1658: HISTORICAL / PROVENANCE || Wave 3 predecessor chronology, legacy ERD lineage, older AEP/TECH OPEN/DEFERRED labels superseded by closure. || 09_ERD/W4-02A.6.13_ERD_CURRENT_LOGICAL_DATA_MODEL_FULL_CONSOLIDATED_v2.1.docx:1623: Upstream || ERD propagation || 09_ERD/W4-02A.6.13_ERD_CURRENT_LOGICAL_DATA_MODEL_FULL_CONSOLIDATED_v2.1.docx:1480: Authority / decision || Current state || ERD consequence",ADD_MXX_VALID_DETAIL_RETAIN_CORE,YES,YES,YES,NO,NO,BOTH_TEXTUAL_CORROBORATION
M10-CORE-08,M10,PRESERVE,CAM11-0016,09_ERD/W4-02A.6.13_ERD_CURRENT_LOGICAL_DATA_MODEL_FULL_CONSOLIDATED_v2.1.docx,5a5ba139cff31fbd297cac3871a3b250f13b94dabcb15b49d89af86ca785cb88,NO_HEADING_DETECTED,09_ERD/W4-02A.6.13_ERD_CURRENT_LOGICAL_DATA_MODEL_FULL_CONSOLIDATED_v2.1.docx:1: RUMAHAGEN — ERD & DATA RELATIONSHIP MODEL || 09_ERD/W4-02A.6.13_ERD_CURRENT_LOGICAL_DATA_MODEL_FULL_CONSOLIDATED_v2.1.docx:2: W4-02A.6.13 — Current Logical Data Model — Full Consolidation & Synchronization || 09_ERD/W4-02A.6.13_ERD_CURRENT_LOGICAL_DATA_MODEL_FULL_CONSOLIDATED_v2.1.docx:3: **Version:** 2.1 — W4-02A.6.13 || 09_ERD/W4-02A.6.13_ERD_CURRENT_LOGICAL_DATA_MODEL_FULL_CONSOLIDATED_v2.1.docx:4: **Date:** 19 August 2026 || 09_ERD/W4-02A.6.13_ERD_CURRENT_LOGICAL_DATA_MODEL_FULL_CONSOLIDATED_v2.1.docx:5: **Status:** **CURRENT CANONICAL ERD BASELINE — GREEN / SYNCHRONIZED** || 09_ERD/W4-02A.6.13_ERD_CURRENT_LOGICAL_DATA_MODEL_FULL_CONSOLIDATED_v2.1.docx:6: **Predecessor:** RUMAHAGEN_ERD_v2.0_WAVE3_STEP3.4_FULL_CONSOLIDATED_SYNCHRONIZED.md,RUMAHAGEN_WF03_M10_FULL_REBUILD_CONTROLLED_v1.1_FULL_VERSION.zip,Core lifecycle,,,RETAIN_CORE_ONLY,YES,N/A,YES,NO,NO,PRESERVE_NO_DELTA_REQUIRED
M10-CORE-09,M10,PRESERVE,CAM11-0016,09_ERD/W4-02A.6.13_ERD_CURRENT_LOGICAL_DATA_MODEL_FULL_CONSOLIDATED_v2.1.docx,5a5ba139cff31fbd297cac3871a3b250f13b94dabcb15b49d89af86ca785cb88,NO_HEADING_DETECTED,09_ERD/W4-02A.6.13_ERD_CURRENT_LOGICAL_DATA_MODEL_FULL_CONSOLIDATED_v2.1.docx:1: RUMAHAGEN — ERD & DATA RELATIONSHIP MODEL || 09_ERD/W4-02A.6.13_ERD_CURRENT_LOGICAL_DATA_MODEL_FULL_CONSOLIDATED_v2.1.docx:2: W4-02A.6.13 — Current Logical Data Model — Full Consolidation & Synchronization || 09_ERD/W4-02A.6.13_ERD_CURRENT_LOGICAL_DATA_MODEL_FULL_CONSOLIDATED_v2.1.docx:3: **Version:** 2.1 — W4-02A.6.13 || 09_ERD/W4-02A.6.13_ERD_CURRENT_LOGICAL_DATA_MODEL_FULL_CONSOLIDATED_v2.1.docx:4: **Date:** 19 August 2026 || 09_ERD/W4-02A.6.13_ERD_CURRENT_LOGICAL_DATA_MODEL_FULL_CONSOLIDATED_v2.1.docx:5: **Status:** **CURRENT CANONICAL ERD BASELINE — GREEN / SYNCHRONIZED** || 09_ERD/W4-02A.6.13_ERD_CURRENT_LOGICAL_DATA_MODEL_FULL_CONSOLIDATED_v2.1.docx:6: **Predecessor:** RUMAHAGEN_ERD_v2.0_WAVE3_STEP3.4_FULL_CONSOLIDATED_SYNCHRONIZED.md,RUMAHAGEN_WF03_M10_FULL_REBUILD_CONTROLLED_v1.1_FULL_VERSION.zip,Core actor/role,"RUMAHAGEN_WF03_M10_FULL_REBUILD_CONTROLLED_v1.1/SOURCE_M10_ONLY/CORE_RBAC_M10_EXTRACT_v2.1.txt:215: MADCR-053 | APPROVED / GOVERNING | Capability + Permission + Scope; Role is actor grouping || RUMAHAGEN_WF03_M10_FULL_REBUILD_CONTROLLED_v1.1/SOURCE_M10_ONLY/CORE_RBAC_M10_EXTRACT_v2.1.txt:66: An actor with broad role permission but no applicable Title/Award authority must be denied the privileged Award operation. || RUMAHAGEN_WF03_M10_FULL_REBUILD_CONTROLLED_v1.1/SOURCE_M10_ONLY/CORE_RBAC_M10_EXTRACT_v2.1.txt:26: Role is an actor grouping, not the complete authorization decision.",09_ERD/W4-02A.6.13_ERD_CURRENT_LOGICAL_DATA_MODEL_FULL_CONSOLIDATED_v2.1.docx:1557: Role || Permission || N:N via RolePermission || M10 || 09_ERD/W4-02A.6.13_ERD_CURRENT_LOGICAL_DATA_MODEL_FULL_CONSOLIDATED_v2.1.docx:1489: MADCR-053 || APPROVED / GOVERNING || Capability + Permission + Scope remains authorization boundary; no role-permission collapse. || 09_ERD/W4-02A.6.13_ERD_CURRENT_LOGICAL_DATA_MODEL_FULL_CONSOLIDATED_v2.1.docx:1181: Role,RETAIN_CORE_ONLY,YES,N/A,YES,NO,NO,PRESERVE_NO_DELTA_REQUIRED
M10-CORE-10,M10,PRESERVE,CAM11-0016,09_ERD/W4-02A.6.13_ERD_CURRENT_LOGICAL_DATA_MODEL_FULL_CONSOLIDATED_v2.1.docx,5a5ba139cff31fbd297cac3871a3b250f13b94dabcb15b49d89af86ca785cb88,NO_HEADING_DETECTED,09_ERD/W4-02A.6.13_ERD_CURRENT_LOGICAL_DATA_MODEL_FULL_CONSOLIDATED_v2.1.docx:1: RUMAHAGEN — ERD & DATA RELATIONSHIP MODEL || 09_ERD/W4-02A.6.13_ERD_CURRENT_LOGICAL_DATA_MODEL_FULL_CONSOLIDATED_v2.1.docx:2: W4-02A.6.13 — Current Logical Data Model — Full Consolidation & Synchronization || 09_ERD/W4-02A.6.13_ERD_CURRENT_LOGICAL_DATA_MODEL_FULL_CONSOLIDATED_v2.1.docx:3: **Version:** 2.1 — W4-02A.6.13 || 09_ERD/W4-02A.6.13_ERD_CURRENT_LOGICAL_DATA_MODEL_FULL_CONSOLIDATED_v2.1.docx:4: **Date:** 19 August 2026 || 09_ERD/W4-02A.6.13_ERD_CURRENT_LOGICAL_DATA_MODEL_FULL_CONSOLIDATED_v2.1.docx:5: **Status:** **CURRENT CANONICAL ERD BASELINE — GREEN / SYNCHRONIZED** || 09_ERD/W4-02A.6.13_ERD_CURRENT_LOGICAL_DATA_MODEL_FULL_CONSOLIDATED_v2.1.docx:6: **Predecessor:** RUMAHAGEN_ERD_v2.0_WAVE3_STEP3.4_FULL_CONSOLIDATED_SYNCHRONIZED.md,RUMAHAGEN_WF03_M10_FULL_REBUILD_CONTROLLED_v1.1_FULL_VERSION.zip,Core organization boundary,RUMAHAGEN_WF03_M10_FULL_REBUILD_CONTROLLED_v1.1/SOURCE_M10_ONLY/CORE_UIUX_M10_EXTRACT_v2.1.txt:145: | UPDATE | Current W4-02A.6.10–6.19 authority chain; current PRD/User Flow/API/RBAC/ERD/Dictionary/Functional/Technical versions; current Session taxonomy/lifecycle; current Commercial/Payment/Midtrans closure; current Host/Instructor and Organization boundaries; current runtime boundary; W4 gate | || RUMAHAGEN_WF03_M10_FULL_REBUILD_CONTROLLED_v1.1/SOURCE_M10_ONLY/CORE_RBAC_M10_EXTRACT_v2.1.txt:351: Organization ↔ RBAC boundary | PASS || RUMAHAGEN_WF03_M10_FULL_REBUILD_CONTROLLED_v1.1/SOURCE_M10_ONLY/CORE_RBAC_M10_EXTRACT_v2.1.txt:319: Organization authorization | UPDATE | ADR-027/current Organization boundary,"09_ERD/W4-02A.6.13_ERD_CURRENT_LOGICAL_DATA_MODEL_FULL_CONSOLIDATED_v2.1.docx:1680: API || GREEN — downstream contract boundary || 09_ERD/W4-02A.6.13_ERD_CURRENT_LOGICAL_DATA_MODEL_FULL_CONSOLIDATED_v2.1.docx:1668: Organization || GREEN || 09_ERD/W4-02A.6.13_ERD_CURRENT_LOGICAL_DATA_MODEL_FULL_CONSOLIDATED_v2.1.docx:1656: UPDATE || Current PRD v2.1, User Flow v2.1, Commercial closure, Session/Organization/Host-Instructor closures, Awarding closures, Midtrans closure, current Architecture/Technical Decisions and current physical authority wording.",RETAIN_CORE_ONLY,YES,N/A,YES,NO,NO,PRESERVE_NO_DELTA_REQUIRED
M10-CORE-11,M10,PRESERVE,CAM11-0016,09_ERD/W4-02A.6.13_ERD_CURRENT_LOGICAL_DATA_MODEL_FULL_CONSOLIDATED_v2.1.docx,5a5ba139cff31fbd297cac3871a3b250f13b94dabcb15b49d89af86ca785cb88,NO_HEADING_DETECTED,09_ERD/W4-02A.6.13_ERD_CURRENT_LOGICAL_DATA_MODEL_FULL_CONSOLIDATED_v2.1.docx:1: RUMAHAGEN — ERD & DATA RELATIONSHIP MODEL || 09_ERD/W4-02A.6.13_ERD_CURRENT_LOGICAL_DATA_MODEL_FULL_CONSOLIDATED_v2.1.docx:2: W4-02A.6.13 — Current Logical Data Model — Full Consolidation & Synchronization || 09_ERD/W4-02A.6.13_ERD_CURRENT_LOGICAL_DATA_MODEL_FULL_CONSOLIDATED_v2.1.docx:3: **Version:** 2.1 — W4-02A.6.13 || 09_ERD/W4-02A.6.13_ERD_CURRENT_LOGICAL_DATA_MODEL_FULL_CONSOLIDATED_v2.1.docx:4: **Date:** 19 August 2026 || 09_ERD/W4-02A.6.13_ERD_CURRENT_LOGICAL_DATA_MODEL_FULL_CONSOLIDATED_v2.1.docx:5: **Status:** **CURRENT CANONICAL ERD BASELINE — GREEN / SYNCHRONIZED** || 09_ERD/W4-02A.6.13_ERD_CURRENT_LOGICAL_DATA_MODEL_FULL_CONSOLIDATED_v2.1.docx:6: **Predecessor:** RUMAHAGEN_ERD_v2.0_WAVE3_STEP3.4_FULL_CONSOLIDATED_SYNCHRONIZED.md,RUMAHAGEN_WF03_M10_FULL_REBUILD_CONTROLLED_v1.1_FULL_VERSION.zip,Core ownership boundary,"RUMAHAGEN_WF03_M10_FULL_REBUILD_CONTROLLED_v1.1/SOURCE_M10_ONLY/CORE_RBAC_M10_EXTRACT_v2.1.txt:332: CARRY FORWARD | All valid authorization model, role compatibility, scope, ownership, RLS, testing, observability, module and historical boundary content || RUMAHAGEN_WF03_M10_FULL_REBUILD_CONTROLLED_v1.1/SOURCE_M10_ONLY/CORE_RBAC_M10_EXTRACT_v2.1.txt:315: Ownership boundary | CARRY FORWARD | Hard ownership preserved || RUMAHAGEN_WF03_M10_FULL_REBUILD_CONTROLLED_v1.1/SOURCE_M10_ONLY/CORE_RBAC_M10_EXTRACT_v2.1.txt:226: agent | Platform role | Own/resource access according to permission + hard ownership boundary",09_ERD/W4-02A.6.13_ERD_CURRENT_LOGICAL_DATA_MODEL_FULL_CONSOLIDATED_v2.1.docx:1680: API || GREEN — downstream contract boundary || 09_ERD/W4-02A.6.13_ERD_CURRENT_LOGICAL_DATA_MODEL_FULL_CONSOLIDATED_v2.1.docx:1643: MADCR-049 || Learning Activity boundary || 09_ERD/W4-02A.6.13_ERD_CURRENT_LOGICAL_DATA_MODEL_FULL_CONSOLIDATED_v2.1.docx:1626: Entity Mapping v2.0 || entity registration and ownership,RETAIN_CORE_ONLY,YES,N/A,YES,NO,NO,PRESERVE_NO_DELTA_REQUIRED
M10-CORE-12,M10,AUGMENT,CAM11-0016,09_ERD/W4-02A.6.13_ERD_CURRENT_LOGICAL_DATA_MODEL_FULL_CONSOLIDATED_v2.1.docx,5a5ba139cff31fbd297cac3871a3b250f13b94dabcb15b49d89af86ca785cb88,NO_HEADING_DETECTED,09_ERD/W4-02A.6.13_ERD_CURRENT_LOGICAL_DATA_MODEL_FULL_CONSOLIDATED_v2.1.docx:1: RUMAHAGEN — ERD & DATA RELATIONSHIP MODEL || 09_ERD/W4-02A.6.13_ERD_CURRENT_LOGICAL_DATA_MODEL_FULL_CONSOLIDATED_v2.1.docx:2: W4-02A.6.13 — Current Logical Data Model — Full Consolidation & Synchronization || 09_ERD/W4-02A.6.13_ERD_CURRENT_LOGICAL_DATA_MODEL_FULL_CONSOLIDATED_v2.1.docx:3: **Version:** 2.1 — W4-02A.6.13 || 09_ERD/W4-02A.6.13_ERD_CURRENT_LOGICAL_DATA_MODEL_FULL_CONSOLIDATED_v2.1.docx:4: **Date:** 19 August 2026 || 09_ERD/W4-02A.6.13_ERD_CURRENT_LOGICAL_DATA_MODEL_FULL_CONSOLIDATED_v2.1.docx:5: **Status:** **CURRENT CANONICAL ERD BASELINE — GREEN / SYNCHRONIZED** || 09_ERD/W4-02A.6.13_ERD_CURRENT_LOGICAL_DATA_MODEL_FULL_CONSOLIDATED_v2.1.docx:6: **Predecessor:** RUMAHAGEN_ERD_v2.0_WAVE3_STEP3.4_FULL_CONSOLIDATED_SYNCHRONIZED.md,RUMAHAGEN_WF03_M10_FULL_REBUILD_CONTROLLED_v1.1_FULL_VERSION.zip,Core cross-module authorization,"RUMAHAGEN_WF03_M10_FULL_REBUILD_CONTROLLED_v1.1/SOURCE_M10_ONLY/CORE_UIUX_M10_EXTRACT_v2.1.txt:5: > This document is the complete functional UI/UX contract for the current RumahAgen product baseline. It preserves valid legacy UX while synchronizing Learning Economy, Learning Session, Commercial/Payment, Organization, Authorization, Title/Awarding and SEO/Analytics. It defines information architecture, screen families, interaction patterns, state presentation, responsive behavior, accessibility, role/context behavior, cross-domain UX boundaries and acceptance criteria. It does not authorize production implementation, migration, provider activation or runtime deployment. || RUMAHAGEN_WF03_M10_FULL_REBUILD_CONTROLLED_v1.1/SOURCE_M10_ONLY/CORE_RBAC_M10_EXTRACT_v2.1.txt:170: 31. CROSS-DOMAIN AUTHORIZATION INVARIANTS || RUMAHAGEN_WF03_M10_FULL_REBUILD_CONTROLLED_v1.1/SOURCE_M10_ONLY/RUMAHAGEN_WF-03.2_M10D_FINAL_CROSS_RECONCILIATION_v1.0.md:391: > **M10-D confirms that M10-A, M10-B and M10-C form one internally consistent authorization, RLS and controlled physical implementation model. `Manage Permission Preset` is a distinct canonical Permission Matrix capability and is Superadmin-only. Its exact physical permission ID must be resolved from the canonical permission catalogue rather than invented. Permission Presets remain optional, role-targeted, single-assignment and live-linked. Manager/Admin receive only governed relevant visibility. Hard delete remains a technical last-resort recovery mechanism, not a normal UI action. Authentication remains separate from authorization. Current W4 physical authority remains unchanged. M10 is ready for handoff to M11, with only the canonical physical permission-ID reconciliation carried forward as a controlled catalogue item.**",09_ERD/W4-02A.6.13_ERD_CURRENT_LOGICAL_DATA_MODEL_FULL_CONSOLIDATED_v2.1.docx:1627: MAEP / Cross-AEP || cross-domain authority || 09_ERD/W4-02A.6.13_ERD_CURRENT_LOGICAL_DATA_MODEL_FULL_CONSOLIDATED_v2.1.docx:1489: MADCR-053 || APPROVED / GOVERNING || Capability + Permission + Scope remains authorization boundary; no role-permission collapse. || 09_ERD/W4-02A.6.13_ERD_CURRENT_LOGICAL_DATA_MODEL_FULL_CONSOLIDATED_v2.1.docx:1457: MADCR-053 || APPROVED / GOVERNING || Authorization = Capability + Permission + Scope.,ADD_MXX_VALID_DETAIL_RETAIN_CORE,YES,YES,YES,NO,NO,BOTH_TEXTUAL_CORROBORATION
M10-CORE-13,M10,CONTROLLED,CAM11-0016,09_ERD/W4-02A.6.13_ERD_CURRENT_LOGICAL_DATA_MODEL_FULL_CONSOLIDATED_v2.1.docx,5a5ba139cff31fbd297cac3871a3b250f13b94dabcb15b49d89af86ca785cb88,NO_HEADING_DETECTED,09_ERD/W4-02A.6.13_ERD_CURRENT_LOGICAL_DATA_MODEL_FULL_CONSOLIDATED_v2.1.docx:1: RUMAHAGEN — ERD & DATA RELATIONSHIP MODEL || 09_ERD/W4-02A.6.13_ERD_CURRENT_LOGICAL_DATA_MODEL_FULL_CONSOLIDATED_v2.1.docx:2: W4-02A.6.13 — Current Logical Data Model — Full Consolidation & Synchronization || 09_ERD/W4-02A.6.13_ERD_CURRENT_LOGICAL_DATA_MODEL_FULL_CONSOLIDATED_v2.1.docx:3: **Version:** 2.1 — W4-02A.6.13 || 09_ERD/W4-02A.6.13_ERD_CURRENT_LOGICAL_DATA_MODEL_FULL_CONSOLIDATED_v2.1.docx:4: **Date:** 19 August 2026 || 09_ERD/W4-02A.6.13_ERD_CURRENT_LOGICAL_DATA_MODEL_FULL_CONSOLIDATED_v2.1.docx:5: **Status:** **CURRENT CANONICAL ERD BASELINE — GREEN / SYNCHRONIZED** || 09_ERD/W4-02A.6.13_ERD_CURRENT_LOGICAL_DATA_MODEL_FULL_CONSOLIDATED_v2.1.docx:6: **Predecessor:** RUMAHAGEN_ERD_v2.0_WAVE3_STEP3.4_FULL_CONSOLIDATED_SYNCHRONIZED.md,RUMAHAGEN_WF03_M10_FULL_REBUILD_CONTROLLED_v1.1_FULL_VERSION.zip,Core implementation/downstream,"RUMAHAGEN_WF03_M10_FULL_REBUILD_CONTROLLED_v1.1/RUMAHAGEN_WF03_M10_FULL_REBUILD_CONTROLLED_v1.1.md:233: **Retained downstream:** physical schema implementation, physical catalogue reconciliation, RLS implementation/verification, runtime tests, runtime PASS evidence and production authorization. || RUMAHAGEN_WF03_M10_FULL_REBUILD_CONTROLLED_v1.1/RUMAHAGEN_WF03_M10_FULL_REBUILD_CONTROLLED_v1.1.md:207: Physical implementation remains downstream. No physical migration is claimed by this semantic rebuild. || RUMAHAGEN_WF03_M10_FULL_REBUILD_CONTROLLED_v1.1/RUMAHAGEN_WF03_M10_FULL_REBUILD_CONTROLLED_v1.1.md:12: 2. Physical implementation, physical verification, runtime verification and production authorization remain downstream gates.","09_ERD/W4-02A.6.13_ERD_CURRENT_LOGICAL_DATA_MODEL_FULL_CONSOLIDATED_v2.1.docx:1058: The following new resources are required by the consolidated ERD, but their SQL implementation remains downstream. || 09_ERD/W4-02A.6.13_ERD_CURRENT_LOGICAL_DATA_MODEL_FULL_CONSOLIDATED_v2.1.docx:1685: Module Execution || GREEN — downstream || 09_ERD/W4-02A.6.13_ERD_CURRENT_LOGICAL_DATA_MODEL_FULL_CONSOLIDATED_v2.1.docx:1680: API || GREEN — downstream contract boundary",ADD_MXX_VALID_DETAIL_RETAIN_CORE,YES,N/A,YES,NO,NO,BOTH_TEXTUAL_CORROBORATION
M10-CORE-14,M10,PRESERVE,CAM11-0016,09_ERD/W4-02A.6.13_ERD_CURRENT_LOGICAL_DATA_MODEL_FULL_CONSOLIDATED_v2.1.docx,5a5ba139cff31fbd297cac3871a3b250f13b94dabcb15b49d89af86ca785cb88,NO_HEADING_DETECTED,09_ERD/W4-02A.6.13_ERD_CURRENT_LOGICAL_DATA_MODEL_FULL_CONSOLIDATED_v2.1.docx:1: RUMAHAGEN — ERD & DATA RELATIONSHIP MODEL || 09_ERD/W4-02A.6.13_ERD_CURRENT_LOGICAL_DATA_MODEL_FULL_CONSOLIDATED_v2.1.docx:2: W4-02A.6.13 — Current Logical Data Model — Full Consolidation & Synchronization || 09_ERD/W4-02A.6.13_ERD_CURRENT_LOGICAL_DATA_MODEL_FULL_CONSOLIDATED_v2.1.docx:3: **Version:** 2.1 — W4-02A.6.13 || 09_ERD/W4-02A.6.13_ERD_CURRENT_LOGICAL_DATA_MODEL_FULL_CONSOLIDATED_v2.1.docx:4: **Date:** 19 August 2026 || 09_ERD/W4-02A.6.13_ERD_CURRENT_LOGICAL_DATA_MODEL_FULL_CONSOLIDATED_v2.1.docx:5: **Status:** **CURRENT CANONICAL ERD BASELINE — GREEN / SYNCHRONIZED** || 09_ERD/W4-02A.6.13_ERD_CURRENT_LOGICAL_DATA_MODEL_FULL_CONSOLIDATED_v2.1.docx:6: **Predecessor:** RUMAHAGEN_ERD_v2.0_WAVE3_STEP3.4_FULL_CONSOLIDATED_SYNCHRONIZED.md,RUMAHAGEN_WF03_M10_FULL_REBUILD_CONTROLLED_v1.1_FULL_VERSION.zip,Privilege escalation,"RUMAHAGEN_WF03_M10_FULL_REBUILD_CONTROLLED_v1.1/SOURCE_M10_ONLY/RUMAHAGEN_WF-03.2_M10C_REVISED_FINAL_RECORD_v1.1.docx:311: Neither path may silently create additional privilege. || RUMAHAGEN_WF03_M10_FULL_REBUILD_CONTROLLED_v1.1/SOURCE_M10_ONLY/RUMAHAGEN_WF-03.2_M10A_PERMISSION_REEVALUATION_QA_DECISION_RECORD_v1.0 (1).md:330: M10-R12 is an authorization-engine behavior, not an ordinary user privilege.",,RETAIN_CORE_ONLY,YES,N/A,YES,NO,NO,PRESERVE_NO_DELTA_REQUIRED
M10-CORE-15,M10,PRESERVE,CAM11-0016,09_ERD/W4-02A.6.13_ERD_CURRENT_LOGICAL_DATA_MODEL_FULL_CONSOLIDATED_v2.1.docx,5a5ba139cff31fbd297cac3871a3b250f13b94dabcb15b49d89af86ca785cb88,NO_HEADING_DETECTED,09_ERD/W4-02A.6.13_ERD_CURRENT_LOGICAL_DATA_MODEL_FULL_CONSOLIDATED_v2.1.docx:1: RUMAHAGEN — ERD & DATA RELATIONSHIP MODEL || 09_ERD/W4-02A.6.13_ERD_CURRENT_LOGICAL_DATA_MODEL_FULL_CONSOLIDATED_v2.1.docx:2: W4-02A.6.13 — Current Logical Data Model — Full Consolidation & Synchronization || 09_ERD/W4-02A.6.13_ERD_CURRENT_LOGICAL_DATA_MODEL_FULL_CONSOLIDATED_v2.1.docx:3: **Version:** 2.1 — W4-02A.6.13 || 09_ERD/W4-02A.6.13_ERD_CURRENT_LOGICAL_DATA_MODEL_FULL_CONSOLIDATED_v2.1.docx:4: **Date:** 19 August 2026 || 09_ERD/W4-02A.6.13_ERD_CURRENT_LOGICAL_DATA_MODEL_FULL_CONSOLIDATED_v2.1.docx:5: **Status:** **CURRENT CANONICAL ERD BASELINE — GREEN / SYNCHRONIZED** || 09_ERD/W4-02A.6.13_ERD_CURRENT_LOGICAL_DATA_MODEL_FULL_CONSOLIDATED_v2.1.docx:6: **Predecessor:** RUMAHAGEN_ERD_v2.0_WAVE3_STEP3.4_FULL_CONSOLIDATED_SYNCHRONIZED.md,RUMAHAGEN_WF03_M10_FULL_REBUILD_CONTROLLED_v1.1_FULL_VERSION.zip,Effective authorization resolution,"RUMAHAGEN_WF03_M10_FULL_REBUILD_CONTROLLED_v1.1/RUMAHAGEN_WF03_M10_FULL_REBUILD_CONTROLLED_v1.1.md:211: Create, edit/rename, configure matrix, assign/replace and effective-permission resolution must be protected by server-side authorization. Delete is lifecycle-gated and not available for used presets. || RUMAHAGEN_WF03_M10_FULL_REBUILD_CONTROLLED_v1.1/SOURCE_M10_ONLY/RUMAHAGEN_WF-03.2_M10D_FINAL_CROSS_RECONCILIATION_v1.0.md:177: 6. Effective Permission Resolution. || RUMAHAGEN_WF03_M10_FULL_REBUILD_CONTROLLED_v1.1/SOURCE_M10_ONLY/RUMAHAGEN_WF-03.2_M10C_REVISED_FINAL_RECORD_v1.1.docx:438: 6. effective permission resolution.","09_ERD/W4-02A.6.13_ERD_CURRENT_LOGICAL_DATA_MODEL_FULL_CONSOLIDATED_v2.1.docx:1489: MADCR-053 || APPROVED / GOVERNING || Capability + Permission + Scope remains authorization boundary; no role-permission collapse. || 09_ERD/W4-02A.6.13_ERD_CURRENT_LOGICAL_DATA_MODEL_FULL_CONSOLIDATED_v2.1.docx:1457: MADCR-053 || APPROVED / GOVERNING || Authorization = Capability + Permission + Scope. || 09_ERD/W4-02A.6.13_ERD_CURRENT_LOGICAL_DATA_MODEL_FULL_CONSOLIDATED_v2.1.docx:1241: Client-supplied `actor_id`, `organization_id`, `session_id` or capability is never authorization proof.",RETAIN_CORE_ONLY,YES,N/A,YES,NO,NO,PRESERVE_NO_DELTA_REQUIRED
M10-CORE-16,M10,PRESERVE,CAM11-0016,09_ERD/W4-02A.6.13_ERD_CURRENT_LOGICAL_DATA_MODEL_FULL_CONSOLIDATED_v2.1.docx,5a5ba139cff31fbd297cac3871a3b250f13b94dabcb15b49d89af86ca785cb88,NO_HEADING_DETECTED,09_ERD/W4-02A.6.13_ERD_CURRENT_LOGICAL_DATA_MODEL_FULL_CONSOLIDATED_v2.1.docx:1: RUMAHAGEN — ERD & DATA RELATIONSHIP MODEL || 09_ERD/W4-02A.6.13_ERD_CURRENT_LOGICAL_DATA_MODEL_FULL_CONSOLIDATED_v2.1.docx:2: W4-02A.6.13 — Current Logical Data Model — Full Consolidation & Synchronization || 09_ERD/W4-02A.6.13_ERD_CURRENT_LOGICAL_DATA_MODEL_FULL_CONSOLIDATED_v2.1.docx:3: **Version:** 2.1 — W4-02A.6.13 || 09_ERD/W4-02A.6.13_ERD_CURRENT_LOGICAL_DATA_MODEL_FULL_CONSOLIDATED_v2.1.docx:4: **Date:** 19 August 2026 || 09_ERD/W4-02A.6.13_ERD_CURRENT_LOGICAL_DATA_MODEL_FULL_CONSOLIDATED_v2.1.docx:5: **Status:** **CURRENT CANONICAL ERD BASELINE — GREEN / SYNCHRONIZED** || 09_ERD/W4-02A.6.13_ERD_CURRENT_LOGICAL_DATA_MODEL_FULL_CONSOLIDATED_v2.1.docx:6: **Predecessor:** RUMAHAGEN_ERD_v2.0_WAVE3_STEP3.4_FULL_CONSOLIDATED_SYNCHRONIZED.md,RUMAHAGEN_WF03_M10_FULL_REBUILD_CONTROLLED_v1.1_FULL_VERSION.zip,Preset lifecycle/recovery,"RUMAHAGEN_WF03_M10_FULL_REBUILD_CONTROLLED_v1.1/SOURCE_M10_ONLY/RUMAHAGEN_WF-03.2_M10D_FINAL_CROSS_RECONCILIATION_v1.0.md:391: > **M10-D confirms that M10-A, M10-B and M10-C form one internally consistent authorization, RLS and controlled physical implementation model. `Manage Permission Preset` is a distinct canonical Permission Matrix capability and is Superadmin-only. Its exact physical permission ID must be resolved from the canonical permission catalogue rather than invented. Permission Presets remain optional, role-targeted, single-assignment and live-linked. Manager/Admin receive only governed relevant visibility. Hard delete remains a technical last-resort recovery mechanism, not a normal UI action. Authentication remains separate from authorization. Current W4 physical authority remains unchanged. M10 is ready for handoff to M11, with only the canonical physical permission-ID reconciliation carried forward as a controlled catalogue item.** || RUMAHAGEN_WF03_M10_FULL_REBUILD_CONTROLLED_v1.1/SOURCE_M10_ONLY/RUMAHAGEN_WF-03.2_M10D_FINAL_CROSS_RECONCILIATION_v1.0.md:230: Emergency broken dependency is a recovery condition and is not automatically interpreted as a normal no-preset state. || RUMAHAGEN_WF03_M10_FULL_REBUILD_CONTROLLED_v1.1/RUMAHAGEN_WF03_M10_FULL_REBUILD_CONTROLLED_v1.1.md:303: > M10 is the canonical authorization boundary. Role is actor grouping; Role Permission is the default permission matrix/baseline; Permission Preset is an optional configurable custom authorization configuration targeted to an existing role. A preset never creates a new role and only configures the permissions established for that role. Superadmin has Full Governance. Manager may Create, Edit, Delete and Assign Permission Presets for Agent only. Admin, Buyer, Developer Partner, Instructor and Agent do not manage presets. Permission Preset has mandatory UI/UX configuration, starts from the role default matrix, supports governed permission/scope configuration and effective-permission preview, and is enforced by API/server-side authorization and RLS. Authorization resolves from the authenticated account's role, optional preset and governed domain conditions. Preset lifecycle is separate from account lifecycle; used presets have no normal delete; emergency recovery must fail closed when required and must never grant automatic extra authority. Physical and runtime proof remain downstream and are not semantic blockers. M10 v1.1 is COMPLETE / LOCKED.",,RETAIN_CORE_ONLY,YES,N/A,YES,NO,NO,PRESERVE_NO_DELTA_REQUIRED
M10-CORE-17,M10,CONTROLLED,CAM11-0016,09_ERD/W4-02A.6.13_ERD_CURRENT_LOGICAL_DATA_MODEL_FULL_CONSOLIDATED_v2.1.docx,5a5ba139cff31fbd297cac3871a3b250f13b94dabcb15b49d89af86ca785cb88,NO_HEADING_DETECTED,09_ERD/W4-02A.6.13_ERD_CURRENT_LOGICAL_DATA_MODEL_FULL_CONSOLIDATED_v2.1.docx:1: RUMAHAGEN — ERD & DATA RELATIONSHIP MODEL || 09_ERD/W4-02A.6.13_ERD_CURRENT_LOGICAL_DATA_MODEL_FULL_CONSOLIDATED_v2.1.docx:2: W4-02A.6.13 — Current Logical Data Model — Full Consolidation & Synchronization || 09_ERD/W4-02A.6.13_ERD_CURRENT_LOGICAL_DATA_MODEL_FULL_CONSOLIDATED_v2.1.docx:3: **Version:** 2.1 — W4-02A.6.13 || 09_ERD/W4-02A.6.13_ERD_CURRENT_LOGICAL_DATA_MODEL_FULL_CONSOLIDATED_v2.1.docx:4: **Date:** 19 August 2026 || 09_ERD/W4-02A.6.13_ERD_CURRENT_LOGICAL_DATA_MODEL_FULL_CONSOLIDATED_v2.1.docx:5: **Status:** **CURRENT CANONICAL ERD BASELINE — GREEN / SYNCHRONIZED** || 09_ERD/W4-02A.6.13_ERD_CURRENT_LOGICAL_DATA_MODEL_FULL_CONSOLIDATED_v2.1.docx:6: **Predecessor:** RUMAHAGEN_ERD_v2.0_WAVE3_STEP3.4_FULL_CONSOLIDATED_SYNCHRONIZED.md,RUMAHAGEN_WF03_M10_FULL_REBUILD_CONTROLLED_v1.1_FULL_VERSION.zip,WF03 legacy baseline,"RUMAHAGEN_WF03_M10_FULL_REBUILD_CONTROLLED_v1.1/SOURCE_M10_ONLY/CORE_UIUX_M10_EXTRACT_v2.1.txt:5: > This document is the complete functional UI/UX contract for the current RumahAgen product baseline. It preserves valid legacy UX while synchronizing Learning Economy, Learning Session, Commercial/Payment, Organization, Authorization, Title/Awarding and SEO/Analytics. It defines information architecture, screen families, interaction patterns, state presentation, responsive behavior, accessibility, role/context behavior, cross-domain UX boundaries and acceptance criteria. It does not authorize production implementation, migration, provider activation or runtime deployment. || RUMAHAGEN_WF03_M10_FULL_REBUILD_CONTROLLED_v1.1/SOURCE_M10_ONLY/CORE_RBAC_M10_EXTRACT_v2.1.txt:9: Legacy database/migrations/RLS/seed/runtime remain history/provenance only. W4-01E is frozen physical design; W4-02 is the sole current executable SQL baseline; W4-03 is the runtime verification boundary. || RUMAHAGEN_WF03_M10_FULL_REBUILD_CONTROLLED_v1.1/SOURCE_M10_ONLY/CORE_DB_M10_EXTRACT_v2.2.txt:67: Content units reviewed | 17 major predecessor units + 44 legacy table sections + current W4 physical baseline",09_ERD/W4-02A.6.13_ERD_CURRENT_LOGICAL_DATA_MODEL_FULL_CONSOLIDATED_v2.1.docx:1357: [x] Legacy 44-table baseline preserved. || 09_ERD/W4-02A.6.13_ERD_CURRENT_LOGICAL_DATA_MODEL_FULL_CONSOLIDATED_v2.1.docx:136: The legacy M01–M13 physical baseline contains 44 existing conceptual/table structures. || 09_ERD/W4-02A.6.13_ERD_CURRENT_LOGICAL_DATA_MODEL_FULL_CONSOLIDATED_v2.1.docx:135: 4. LEGACY PHYSICAL BASELINE — 44 TABLES PRESERVED,ADD_MXX_VALID_DETAIL_RETAIN_CORE,YES,N/A,YES,NO,NO,BOTH_TEXTUAL_CORROBORATION
M05-CI-001,M05,PRESERVE,CAM11-0014,07_PRD/W4-02A.6.11_PRD_CURRENT_PRODUCT_REQUIREMENTS_FULL_CONSOLIDATED_v2.1.docx,c2a7b6e4a77a08621a16048cba2f0f8641a3d073bc71dc4e4854634aa788aa34,NO_HEADING_DETECTED,"07_PRD/W4-02A.6.11_PRD_CURRENT_PRODUCT_REQUIREMENTS_FULL_CONSOLIDATED_v2.1.docx:1: STEP AKTIF = W4-02A.6.11 — PRD CURRENT PRODUCT REQUIREMENTS || 07_PRD/W4-02A.6.11_PRD_CURRENT_PRODUCT_REQUIREMENTS_FULL_CONSOLIDATED_v2.1.docx:2: RUMAHAGEN — PRODUCT REQUIREMENTS DOCUMENT (PRD) || 07_PRD/W4-02A.6.11_PRD_CURRENT_PRODUCT_REQUIREMENTS_FULL_CONSOLIDATED_v2.1.docx:3: Version 2.1 — W4-02A.6.11 Full Current Consolidation || 07_PRD/W4-02A.6.11_PRD_CURRENT_PRODUCT_REQUIREMENTS_FULL_CONSOLIDATED_v2.1.docx:4: 19 August 2026 | COMPLETE / GREEN || 07_PRD/W4-02A.6.11_PRD_CURRENT_PRODUCT_REQUIREMENTS_FULL_CONSOLIDATED_v2.1.docx:5: Predecessor: PRD v2.0 — Wave 3 Step 3.1 Full Consolidated / Synchronized. This artifact is a new full current version, not a patch or delta. || 07_PRD/W4-02A.6.11_PRD_CURRENT_PRODUCT_REQUIREMENTS_FULL_CONSOLIDATED_v2.1.docx:6: 0. EXECUTIVE PRODUCT BASELINE",RUMAHAGEN_WF03_M05_FULL_REBUILD_CONTROLLED_v1.3_FULL_VERSION.zip,Event / Calendar / Event Registration canonical scope,"03_M05_QUESTION_INVENTORY_FULL_v1.3.csv:2: M05-Q001,Canonical M05 domain,Event / Calendar / Event Registration,RESOLVED || 01_FULL_V1.2_RETAINED/02_M05_QUESTION_INVENTORY_FULL_v1.2.csv:2: Q-M05-001,What is M05's canonical domain?,Event / Calendar / Event Registration,LOCKED,Permission/Core || 04_M05_SEMANTIC_REVIEW_FULL_v1.3.md:3: M05 owns Event, Calendar/Discovery representation, and Event Registration.","07_PRD/W4-02A.6.11_PRD_CURRENT_PRODUCT_REQUIREMENTS_FULL_CONSOLIDATED_v2.1.docx:328: Content units reviewed || 15 major predecessor/content units: executive baseline, objectives/actors, canonical product structure, commercial scope, module requirements, Learning Economy, Session, Awarding, traceability, decision audit, residuals, historical boundary, physical boundary, handoff, gate || 07_PRD/W4-02A.6.11_PRD_CURRENT_PRODUCT_REQUIREMENTS_FULL_CONSOLIDATED_v2.1.docx:267: M05 || Calendar Event / discovery context || Existing baseline — boundary clarified || 07_PRD/W4-02A.6.11_PRD_CURRENT_PRODUCT_REQUIREMENTS_FULL_CONSOLIDATED_v2.1.docx:107: Learning Session may be surfaced through calendar discovery without becoming an Event-owned semantic object.",RETAIN_CORE_ONLY,YES,N/A,YES,NO,NO,PRESERVE_NO_DELTA_REQUIRED
M05-CI-002,M05,AUGMENT,CAM11-0014,07_PRD/W4-02A.6.11_PRD_CURRENT_PRODUCT_REQUIREMENTS_FULL_CONSOLIDATED_v2.1.docx,c2a7b6e4a77a08621a16048cba2f0f8641a3d073bc71dc4e4854634aa788aa34,NO_HEADING_DETECTED,"07_PRD/W4-02A.6.11_PRD_CURRENT_PRODUCT_REQUIREMENTS_FULL_CONSOLIDATED_v2.1.docx:1: STEP AKTIF = W4-02A.6.11 — PRD CURRENT PRODUCT REQUIREMENTS || 07_PRD/W4-02A.6.11_PRD_CURRENT_PRODUCT_REQUIREMENTS_FULL_CONSOLIDATED_v2.1.docx:2: RUMAHAGEN — PRODUCT REQUIREMENTS DOCUMENT (PRD) || 07_PRD/W4-02A.6.11_PRD_CURRENT_PRODUCT_REQUIREMENTS_FULL_CONSOLIDATED_v2.1.docx:3: Version 2.1 — W4-02A.6.11 Full Current Consolidation || 07_PRD/W4-02A.6.11_PRD_CURRENT_PRODUCT_REQUIREMENTS_FULL_CONSOLIDATED_v2.1.docx:4: 19 August 2026 | COMPLETE / GREEN || 07_PRD/W4-02A.6.11_PRD_CURRENT_PRODUCT_REQUIREMENTS_FULL_CONSOLIDATED_v2.1.docx:5: Predecessor: PRD v2.0 — Wave 3 Step 3.1 Full Consolidated / Synchronized. This artifact is a new full current version, not a patch or delta. || 07_PRD/W4-02A.6.11_PRD_CURRENT_PRODUCT_REQUIREMENTS_FULL_CONSOLIDATED_v2.1.docx:6: 0. EXECUTIVE PRODUCT BASELINE",RUMAHAGEN_WF03_M05_FULL_REBUILD_CONTROLLED_v1.3_FULL_VERSION.zip,Event quota = maximum Registered participants; not commercial entitlement or Session capacity,"01_FULL_V1.2_RETAINED/evidence_quota.md:7: - **maximum number of registered participants for the Event**. - It is an Event Configuration value during Create/Edit Event. - It is not commercial entitlement. - It is not Session capacity. - If quota is reached, Register is disabled and Waitinglist is offered/displayed. ### Waitinglist - Waitinglist has no queue number/rank. - All waitinglist participants are semantically equal. - There is no numbered waiting position. - Registration into the quota is first successful registration / first-come-first-served. - The exact promotion mechanism from waitinglist to registered is not invented here; it is governed by the available slot and subsequent approved implementation rule. ### Cancellation and quota || 01_FULL_V1.2_RETAINED/evidence_quota.md:5: - . User then explicitly locked additional M05 business rules. These are incorporated here before QIR. ## Locked M05 business rules added/confirmed ### Registration quota - `events.quota` means **maximum number of registered participants for the Event**. - It is an Event Configuration value during Create/Edit Event. - It is not commercial entitlement. - It is not Session capacity. - If quota is reached, Register is disabled and Waitinglist is offered/displayed. ### Waitinglist - Waitinglist has no queue number/rank. - All waitinglist participants are semantically equal. - There is no numbered waiting position. - Registration into the quota is first successful registration / first-come-first-served. - The exact promotion mechanism from waitinglist to registered is || 01_FULL_V1.2_RETAINED/evidence_quota.md:3: - ence in the Core. User then explicitly locked additional M05 business rules. These are incorporated here before QIR. ## Locked M05 business rules added/confirmed ### Registration quota - `events.quota` means **maximum number of registered participants for the Event**. - It is an Event Configuration value during Create/Edit Event. - It is not commercial entitlement. - It is not Session capacity. - If quota is reached, Register is disabled and Waitinglist is offered/displayed. ### Waitinglist - Waitinglist has no queue number/rank. - All waitinglist participants are semantically equal. - There is no numbered waiting position. - Registration into the quota is first successful registration / first-",07_PRD/W4-02A.6.11_PRD_CURRENT_PRODUCT_REQUIREMENTS_FULL_CONSOLIDATED_v2.1.docx:240: Commercial Entitlement || Authority for commercial access/quota capacity; not RBAC || 07_PRD/W4-02A.6.11_PRD_CURRENT_PRODUCT_REQUIREMENTS_FULL_CONSOLIDATED_v2.1.docx:25: Commercial Entitlement is authoritative for commercial capability/quota capacity. || 07_PRD/W4-02A.6.11_PRD_CURRENT_PRODUCT_REQUIREMENTS_FULL_CONSOLIDATED_v2.1.docx:150: Commercial Entitlement is authoritative for commercial capacity/access.,ADD_MXX_VALID_DETAIL_RETAIN_CORE,YES,YES,YES,NO,NO,BOTH_TEXTUAL_CORROBORATION
M05-CI-003,M05,ADD-NEW,CAM11-0014,07_PRD/W4-02A.6.11_PRD_CURRENT_PRODUCT_REQUIREMENTS_FULL_CONSOLIDATED_v2.1.docx,c2a7b6e4a77a08621a16048cba2f0f8641a3d073bc71dc4e4854634aa788aa34,NO_HEADING_DETECTED,"07_PRD/W4-02A.6.11_PRD_CURRENT_PRODUCT_REQUIREMENTS_FULL_CONSOLIDATED_v2.1.docx:1: STEP AKTIF = W4-02A.6.11 — PRD CURRENT PRODUCT REQUIREMENTS || 07_PRD/W4-02A.6.11_PRD_CURRENT_PRODUCT_REQUIREMENTS_FULL_CONSOLIDATED_v2.1.docx:2: RUMAHAGEN — PRODUCT REQUIREMENTS DOCUMENT (PRD) || 07_PRD/W4-02A.6.11_PRD_CURRENT_PRODUCT_REQUIREMENTS_FULL_CONSOLIDATED_v2.1.docx:3: Version 2.1 — W4-02A.6.11 Full Current Consolidation || 07_PRD/W4-02A.6.11_PRD_CURRENT_PRODUCT_REQUIREMENTS_FULL_CONSOLIDATED_v2.1.docx:4: 19 August 2026 | COMPLETE / GREEN || 07_PRD/W4-02A.6.11_PRD_CURRENT_PRODUCT_REQUIREMENTS_FULL_CONSOLIDATED_v2.1.docx:5: Predecessor: PRD v2.0 — Wave 3 Step 3.1 Full Consolidated / Synchronized. This artifact is a new full current version, not a patch or delta. || 07_PRD/W4-02A.6.11_PRD_CURRENT_PRODUCT_REQUIREMENTS_FULL_CONSOLIDATED_v2.1.docx:6: 0. EXECUTIVE PRODUCT BASELINE",RUMAHAGEN_WF03_M05_FULL_REBUILD_CONTROLLED_v1.3_FULL_VERSION.zip,Waitinglist has no queue number/rank; participants are equal,"01_FULL_V1.2_RETAINED/evidence_waitinglist.md:9: - ent. - It is not Session capacity. - If quota is reached, Register is disabled and Waitinglist is offered/displayed. ### Waitinglist - Waitinglist has no queue number/rank. - All waitinglist participants are semantically equal. - There is no numbered waiting position. - Registration into the quota is first successful registration / first-come-first-served. - The exact promotion mechanism from waitinglist to registered is not invented here; it is governed by the available slot and subsequent approved implementation rule. ### Cancellation and quota return - A Registered participant who cancels **before Event start** returns one available quota slot. - This does not mean the participant is automatically removed by the system for non-attend || 01_FULL_V1.2_RETAINED/evidence_waitinglist.md:7: - /Edit Event. - It is not commercial entitlement. - It is not Session capacity. - If quota is reached, Register is disabled and Waitinglist is offered/displayed. ### Waitinglist - Waitinglist has no queue number/rank. - All waitinglist participants are semantically equal. - There is no numbered waiting position. - Registration into the quota is first successful registration / first-come-first-served. - The exact promotion mechanism from waitinglist to registered is not invented here; it is governed by the available slot and subsequent approved implementation rule. ### Cancellation and quota return - A Registered participant who cancels **before Event start** returns one available quota slot. - This does not mean the participan || 01_FULL_V1.2_RETAINED/evidence_waitinglist.md:5: -  during Create/Edit Event. - It is not commercial entitlement. - It is not Session capacity. - If quota is reached, Register is disabled and Waitinglist is offered/displayed. ### Waitinglist - Waitinglist has no queue number/rank. - All waitinglist participants are semantically equal. - There is no numbered waiting position. - Registration into the quota is first successful registration / first-come-first-served. - The exact promotion mechanism from waitinglist to registered is not invented here; it is governed by the available slot and subsequent approved implementation rule. ### Cancellation and quota return - A Registered participant who cancels **before Event start** returns one available quota s",,ADD_MXX_VALID_DETAIL_RETAIN_CORE,YES,YES,YES,NO,NO,MXX_TEXTUAL_CORROBORATION_ONLY
M05-CI-004,M05,ADD-NEW,CAM11-0014,07_PRD/W4-02A.6.11_PRD_CURRENT_PRODUCT_REQUIREMENTS_FULL_CONSOLIDATED_v2.1.docx,c2a7b6e4a77a08621a16048cba2f0f8641a3d073bc71dc4e4854634aa788aa34,NO_HEADING_DETECTED,"07_PRD/W4-02A.6.11_PRD_CURRENT_PRODUCT_REQUIREMENTS_FULL_CONSOLIDATED_v2.1.docx:1: STEP AKTIF = W4-02A.6.11 — PRD CURRENT PRODUCT REQUIREMENTS || 07_PRD/W4-02A.6.11_PRD_CURRENT_PRODUCT_REQUIREMENTS_FULL_CONSOLIDATED_v2.1.docx:2: RUMAHAGEN — PRODUCT REQUIREMENTS DOCUMENT (PRD) || 07_PRD/W4-02A.6.11_PRD_CURRENT_PRODUCT_REQUIREMENTS_FULL_CONSOLIDATED_v2.1.docx:3: Version 2.1 — W4-02A.6.11 Full Current Consolidation || 07_PRD/W4-02A.6.11_PRD_CURRENT_PRODUCT_REQUIREMENTS_FULL_CONSOLIDATED_v2.1.docx:4: 19 August 2026 | COMPLETE / GREEN || 07_PRD/W4-02A.6.11_PRD_CURRENT_PRODUCT_REQUIREMENTS_FULL_CONSOLIDATED_v2.1.docx:5: Predecessor: PRD v2.0 — Wave 3 Step 3.1 Full Consolidated / Synchronized. This artifact is a new full current version, not a patch or delta. || 07_PRD/W4-02A.6.11_PRD_CURRENT_PRODUCT_REQUIREMENTS_FULL_CONSOLIDATED_v2.1.docx:6: 0. EXECUTIVE PRODUCT BASELINE",RUMAHAGEN_WF03_M05_FULL_REBUILD_CONTROLLED_v1.3_FULL_VERSION.zip,First successful registration captures an available slot,"03_M05_QUESTION_INVENTORY_FULL_v1.3.csv:8: M05-Q007,Who captures an available slot?,First successful registration,RESOLVED || 18_M05_FULL_REBUILD_CONTROLLED_v1.3.docx:7: Waitinglist has no number/rank; first successful registration captures available quota. || 01_FULL_V1.2_RETAINED/evidence_waitinglist.md:11: - ally equal. - There is no numbered waiting position. - Registration into the quota is first successful registration / first-come-first-served. - The exact promotion mechanism from waitinglist to registered is not invented here; it is governed by the available slot and subsequent approved implementation rule. ### Cancellation and quota return - A Registered participant who cancels **before Event start** returns one available quota slot. - This does not mean the participant is automatically removed by the system for non-attendance. - Event cancellation is a separate action and requires the corresponding M05 permission. ### Late registration - Registration remains possible after Event start if quota remains available. - Maximum registration cutoff is **1 hour after Event start**. - After `start_at + 1 hour`, registrati",07_PRD/W4-02A.6.11_PRD_CURRENT_PRODUCT_REQUIREMENTS_FULL_CONSOLIDATED_v2.1.docx:257: Agent || Independent-first platform actor with Personal Context; may gain Organization Context. || 07_PRD/W4-02A.6.11_PRD_CURRENT_PRODUCT_REQUIREMENTS_FULL_CONSOLIDATED_v2.1.docx:151: Reconciliation is a first-class capability. || 07_PRD/W4-02A.6.11_PRD_CURRENT_PRODUCT_REQUIREMENTS_FULL_CONSOLIDATED_v2.1.docx:136: Closure is irreversible after successful OTP gate and server-side state transition.,ADD_MXX_VALID_DETAIL_RETAIN_CORE,YES,YES,YES,NO,NO,BOTH_TEXTUAL_CORROBORATION
M05-CI-005,M05,ADD-NEW,CAM11-0014,07_PRD/W4-02A.6.11_PRD_CURRENT_PRODUCT_REQUIREMENTS_FULL_CONSOLIDATED_v2.1.docx,c2a7b6e4a77a08621a16048cba2f0f8641a3d073bc71dc4e4854634aa788aa34,NO_HEADING_DETECTED,"07_PRD/W4-02A.6.11_PRD_CURRENT_PRODUCT_REQUIREMENTS_FULL_CONSOLIDATED_v2.1.docx:1: STEP AKTIF = W4-02A.6.11 — PRD CURRENT PRODUCT REQUIREMENTS || 07_PRD/W4-02A.6.11_PRD_CURRENT_PRODUCT_REQUIREMENTS_FULL_CONSOLIDATED_v2.1.docx:2: RUMAHAGEN — PRODUCT REQUIREMENTS DOCUMENT (PRD) || 07_PRD/W4-02A.6.11_PRD_CURRENT_PRODUCT_REQUIREMENTS_FULL_CONSOLIDATED_v2.1.docx:3: Version 2.1 — W4-02A.6.11 Full Current Consolidation || 07_PRD/W4-02A.6.11_PRD_CURRENT_PRODUCT_REQUIREMENTS_FULL_CONSOLIDATED_v2.1.docx:4: 19 August 2026 | COMPLETE / GREEN || 07_PRD/W4-02A.6.11_PRD_CURRENT_PRODUCT_REQUIREMENTS_FULL_CONSOLIDATED_v2.1.docx:5: Predecessor: PRD v2.0 — Wave 3 Step 3.1 Full Consolidated / Synchronized. This artifact is a new full current version, not a patch or delta. || 07_PRD/W4-02A.6.11_PRD_CURRENT_PRODUCT_REQUIREMENTS_FULL_CONSOLIDATED_v2.1.docx:6: 0. EXECUTIVE PRODUCT BASELINE",RUMAHAGEN_WF03_M05_FULL_REBUILD_CONTROLLED_v1.3_FULL_VERSION.zip,Registration window closes at start_at + 1 hour,"01_FULL_V1.2_RETAINED/evidence_waitinglist.md:17: - n scope where allowed. ## Lifecycle Event: `Create/Author → Pending Approval (where applicable) → Published OR Rejected → Cancelled when authorized`. Registration: `Registered / Waitlist → Attended (optional outcome) OR Cancelled`, with waitlist semantics not implying a numbered queue. Registration window: `Before start + during first hour after start`, subject to available quota. After `start_at + 1 hour`: disabled. ## Pre-QIR residuals These remain intentionally unresolved rather than invented: - Full waitlist promotion algorithm beyond first-come-first-served slot capture. - Complete configurable approval/availability/waitlist/cancellation parameter schema. - Exact physical permission IDs. - Provider-specific credential/configuration schema. - Universal embedded/iframe mechanism across all || 01_FULL_V1.2_RETAINED/evidence_quota.md:23: - (optional outcome) OR Cancelled`, with waitlist semantics not implying a numbered queue. Registration window: `Before start + during first hour after start`, subject to available quota. After `start_at + 1 hour`: disabled. ## Pre-QIR residuals These remain intentionally unresolved rather than invented: - Full waitlist promotion algorithm beyond first-come-first-served slot capture. - Complete configurable approval/availability/waitlist/cancellation parameter schema. - Exact physical permission IDs. - Provider-specific credential/configuration schema. - Universal embedded/iframe mechanism across all providers. - Formal transition matrix for every Event/Registration state pair. These are documentary/design residuals, not reasons to || 01_FULL_V1.2_RETAINED/evidence_late_registration.md:9: - celled`, with waitlist semantics not implying a numbered queue. Registration window: `Before start + during first hour after start`, subject to available quota. After `start_at + 1 hour`: disabled. ## Pre-QIR residuals These remain intentionally unresolved rather than invented: - Full waitlist promotion algorithm beyond first-come-first-served slot capture. - Complete configurable approval/availability/waitlist/cancellation parameter schema. - Exact physical permission IDs. - Provider-specific credential/configuration schema. - Universal embedded/iframe mechanism across all providers. - Formal transition matrix for every Event/Registration state pair. These are documentary/design residuals, not reasons to",07_PRD/W4-02A.6.11_PRD_CURRENT_PRODUCT_REQUIREMENTS_FULL_CONSOLIDATED_v2.1.docx:106: Event Registration remains distinct from Session Enrollment. || 07_PRD/W4-02A.6.11_PRD_CURRENT_PRODUCT_REQUIREMENTS_FULL_CONSOLIDATED_v2.1.docx:93: Session Enrollment is distinct from Course Enrollment and Event Registration. || 07_PRD/W4-02A.6.11_PRD_CURRENT_PRODUCT_REQUIREMENTS_FULL_CONSOLIDATED_v2.1.docx:70: Self-service agent registration using approved email/phone verification flow.,ADD_MXX_VALID_DETAIL_RETAIN_CORE,YES,YES,YES,NO,NO,BOTH_TEXTUAL_CORROBORATION
M05-CI-006,M05,ADD-NEW,CAM11-0014,07_PRD/W4-02A.6.11_PRD_CURRENT_PRODUCT_REQUIREMENTS_FULL_CONSOLIDATED_v2.1.docx,c2a7b6e4a77a08621a16048cba2f0f8641a3d073bc71dc4e4854634aa788aa34,NO_HEADING_DETECTED,"07_PRD/W4-02A.6.11_PRD_CURRENT_PRODUCT_REQUIREMENTS_FULL_CONSOLIDATED_v2.1.docx:1: STEP AKTIF = W4-02A.6.11 — PRD CURRENT PRODUCT REQUIREMENTS || 07_PRD/W4-02A.6.11_PRD_CURRENT_PRODUCT_REQUIREMENTS_FULL_CONSOLIDATED_v2.1.docx:2: RUMAHAGEN — PRODUCT REQUIREMENTS DOCUMENT (PRD) || 07_PRD/W4-02A.6.11_PRD_CURRENT_PRODUCT_REQUIREMENTS_FULL_CONSOLIDATED_v2.1.docx:3: Version 2.1 — W4-02A.6.11 Full Current Consolidation || 07_PRD/W4-02A.6.11_PRD_CURRENT_PRODUCT_REQUIREMENTS_FULL_CONSOLIDATED_v2.1.docx:4: 19 August 2026 | COMPLETE / GREEN || 07_PRD/W4-02A.6.11_PRD_CURRENT_PRODUCT_REQUIREMENTS_FULL_CONSOLIDATED_v2.1.docx:5: Predecessor: PRD v2.0 — Wave 3 Step 3.1 Full Consolidated / Synchronized. This artifact is a new full current version, not a patch or delta. || 07_PRD/W4-02A.6.11_PRD_CURRENT_PRODUCT_REQUIREMENTS_FULL_CONSOLIDATED_v2.1.docx:6: 0. EXECUTIVE PRODUCT BASELINE",RUMAHAGEN_WF03_M05_FULL_REBUILD_CONTROLLED_v1.3_FULL_VERSION.zip,Pre-start cancellation returns one quota slot,"18_M05_FULL_REBUILD_CONTROLLED_v1.3.docx:9: Pre-start Registered cancellation returns one quota slot. || 03_M05_QUESTION_INVENTORY_FULL_v1.3.csv:12: M05-Q011,Pre-start cancellation effect,Returns one quota slot,RESOLVED || 05_M05_LIFECYCLE_FULL_v1.3.md:25: Registered cancellation before Event start returns one quota slot.",07_PRD/W4-02A.6.11_PRD_CURRENT_PRODUCT_REQUIREMENTS_FULL_CONSOLIDATED_v2.1.docx:316: AEP3-OD-02 || CLOSED || One authority source at a time || 07_PRD/W4-02A.6.11_PRD_CURRENT_PRODUCT_REQUIREMENTS_FULL_CONSOLIDATED_v2.1.docx:240: Commercial Entitlement || Authority for commercial access/quota capacity; not RBAC || 07_PRD/W4-02A.6.11_PRD_CURRENT_PRODUCT_REQUIREMENTS_FULL_CONSOLIDATED_v2.1.docx:171: One authority source at a time prevents competing qualification/awarding sources.,ADD_MXX_VALID_DETAIL_RETAIN_CORE,YES,YES,YES,NO,NO,BOTH_TEXTUAL_CORROBORATION
M05-CI-007,M05,ADD-NEW,CAM11-0014,07_PRD/W4-02A.6.11_PRD_CURRENT_PRODUCT_REQUIREMENTS_FULL_CONSOLIDATED_v2.1.docx,c2a7b6e4a77a08621a16048cba2f0f8641a3d073bc71dc4e4854634aa788aa34,NO_HEADING_DETECTED,"07_PRD/W4-02A.6.11_PRD_CURRENT_PRODUCT_REQUIREMENTS_FULL_CONSOLIDATED_v2.1.docx:1: STEP AKTIF = W4-02A.6.11 — PRD CURRENT PRODUCT REQUIREMENTS || 07_PRD/W4-02A.6.11_PRD_CURRENT_PRODUCT_REQUIREMENTS_FULL_CONSOLIDATED_v2.1.docx:2: RUMAHAGEN — PRODUCT REQUIREMENTS DOCUMENT (PRD) || 07_PRD/W4-02A.6.11_PRD_CURRENT_PRODUCT_REQUIREMENTS_FULL_CONSOLIDATED_v2.1.docx:3: Version 2.1 — W4-02A.6.11 Full Current Consolidation || 07_PRD/W4-02A.6.11_PRD_CURRENT_PRODUCT_REQUIREMENTS_FULL_CONSOLIDATED_v2.1.docx:4: 19 August 2026 | COMPLETE / GREEN || 07_PRD/W4-02A.6.11_PRD_CURRENT_PRODUCT_REQUIREMENTS_FULL_CONSOLIDATED_v2.1.docx:5: Predecessor: PRD v2.0 — Wave 3 Step 3.1 Full Consolidated / Synchronized. This artifact is a new full current version, not a patch or delta. || 07_PRD/W4-02A.6.11_PRD_CURRENT_PRODUCT_REQUIREMENTS_FULL_CONSOLIDATED_v2.1.docx:6: 0. EXECUTIVE PRODUCT BASELINE",RUMAHAGEN_WF03_M05_FULL_REBUILD_CONTROLLED_v1.3_FULL_VERSION.zip,Attendance optional; no-show does not auto-cancel registration,18_M05_FULL_REBUILD_CONTROLLED_v1.3.docx:10: Attendance is optional; no-show does not auto-cancel. || 05_M05_LIFECYCLE_FULL_v1.3.md:28: Optional. No-show does not auto-cancel and attendance does not cancel/invalidate Event. || 01_FULL_V1.2_RETAINED/evidence_late_registration.md:23: -  First successful registration fills available quota | PASS | | Register remains possible during first hour after start if quota remains | PASS | | Register disabled after start + 1 hour | PASS | | Pre-start Registered cancellation returns quota | PASS | | Non-attendance does not auto-cancel registration | PASS | | Attendance optional | PASS | | Attendance count does not cancel Event | PASS | | Event cancellation permission-governed | PASS | | Start notification to Registered + Waitinglist | PASS | | Provider-specific config delegated to connected provider | PASS | | Universal iframe not falsely claimed | PASS | | M05 Event fields inventoried | PASS | | Registration fields inventoried | PASS | | Event and,"07_PRD/W4-02A.6.11_PRD_CURRENT_PRODUCT_REQUIREMENTS_FULL_CONSOLIDATED_v2.1.docx:141: AI is assistive; it does not become a business-rule, payment, entitlement, authorization, attendance, completion, LP, competency, credential or awarding authority. || 07_PRD/W4-02A.6.11_PRD_CURRENT_PRODUCT_REQUIREMENTS_FULL_CONSOLIDATED_v2.1.docx:294: LP || Session does not directly create official LP transactions || 07_PRD/W4-02A.6.11_PRD_CURRENT_PRODUCT_REQUIREMENTS_FULL_CONSOLIDATED_v2.1.docx:292: Attendance || Evaluated under policy; raw provider events are not canonical",ADD_MXX_VALID_DETAIL_RETAIN_CORE,YES,YES,YES,NO,NO,BOTH_TEXTUAL_CORROBORATION
M05-CI-008,M05,AUGMENT,CAM11-0014,07_PRD/W4-02A.6.11_PRD_CURRENT_PRODUCT_REQUIREMENTS_FULL_CONSOLIDATED_v2.1.docx,c2a7b6e4a77a08621a16048cba2f0f8641a3d073bc71dc4e4854634aa788aa34,NO_HEADING_DETECTED,"07_PRD/W4-02A.6.11_PRD_CURRENT_PRODUCT_REQUIREMENTS_FULL_CONSOLIDATED_v2.1.docx:1: STEP AKTIF = W4-02A.6.11 — PRD CURRENT PRODUCT REQUIREMENTS || 07_PRD/W4-02A.6.11_PRD_CURRENT_PRODUCT_REQUIREMENTS_FULL_CONSOLIDATED_v2.1.docx:2: RUMAHAGEN — PRODUCT REQUIREMENTS DOCUMENT (PRD) || 07_PRD/W4-02A.6.11_PRD_CURRENT_PRODUCT_REQUIREMENTS_FULL_CONSOLIDATED_v2.1.docx:3: Version 2.1 — W4-02A.6.11 Full Current Consolidation || 07_PRD/W4-02A.6.11_PRD_CURRENT_PRODUCT_REQUIREMENTS_FULL_CONSOLIDATED_v2.1.docx:4: 19 August 2026 | COMPLETE / GREEN || 07_PRD/W4-02A.6.11_PRD_CURRENT_PRODUCT_REQUIREMENTS_FULL_CONSOLIDATED_v2.1.docx:5: Predecessor: PRD v2.0 — Wave 3 Step 3.1 Full Consolidated / Synchronized. This artifact is a new full current version, not a patch or delta. || 07_PRD/W4-02A.6.11_PRD_CURRENT_PRODUCT_REQUIREMENTS_FULL_CONSOLIDATED_v2.1.docx:6: 0. EXECUTIVE PRODUCT BASELINE",RUMAHAGEN_WF03_M05_FULL_REBUILD_CONTROLLED_v1.3_FULL_VERSION.zip,Event cancellation is distinct from participant registration cancellation,"06_M05_PERMISSION_ACTION_REVIEW_FULL_v1.3.md:5: Event cancellation is separate from participant registration cancellation. || 01_FULL_V1.2_RETAINED/evidence_waitinglist.md:11: - ally equal. - There is no numbered waiting position. - Registration into the quota is first successful registration / first-come-first-served. - The exact promotion mechanism from waitinglist to registered is not invented here; it is governed by the available slot and subsequent approved implementation rule. ### Cancellation and quota return - A Registered participant who cancels **before Event start** returns one available quota slot. - This does not mean the participant is automatically removed by the system for non-attendance. - Event cancellation is a separate action and requires the corresponding M05 permission. ### Late registration - Registration remains possible after Event start if quota remains available. - Maximum registration cutoff is **1 hour after Event start**. - After `start_at + 1 hour`, registrati || 01_FULL_V1.2_RETAINED/evidence_waitinglist.md:9: - ent. - It is not Session capacity. - If quota is reached, Register is disabled and Waitinglist is offered/displayed. ### Waitinglist - Waitinglist has no queue number/rank. - All waitinglist participants are semantically equal. - There is no numbered waiting position. - Registration into the quota is first successful registration / first-come-first-served. - The exact promotion mechanism from waitinglist to registered is not invented here; it is governed by the available slot and subsequent approved implementation rule. ### Cancellation and quota return - A Registered participant who cancels **before Event start** returns one available quota slot. - This does not mean the participant is automatically removed by the system for non-attend","07_PRD/W4-02A.6.11_PRD_CURRENT_PRODUCT_REQUIREMENTS_FULL_CONSOLIDATED_v2.1.docx:106: Event Registration remains distinct from Session Enrollment. || 07_PRD/W4-02A.6.11_PRD_CURRENT_PRODUCT_REQUIREMENTS_FULL_CONSOLIDATED_v2.1.docx:93: Session Enrollment is distinct from Course Enrollment and Event Registration. || 07_PRD/W4-02A.6.11_PRD_CURRENT_PRODUCT_REQUIREMENTS_FULL_CONSOLIDATED_v2.1.docx:33: Course Enrollment, Event Registration and Session Enrollment remain distinct.",ADD_MXX_VALID_DETAIL_RETAIN_CORE,YES,YES,YES,NO,NO,BOTH_TEXTUAL_CORROBORATION
M05-CI-009,M05,ADD-NEW,CAM11-0014,07_PRD/W4-02A.6.11_PRD_CURRENT_PRODUCT_REQUIREMENTS_FULL_CONSOLIDATED_v2.1.docx,c2a7b6e4a77a08621a16048cba2f0f8641a3d073bc71dc4e4854634aa788aa34,NO_HEADING_DETECTED,"07_PRD/W4-02A.6.11_PRD_CURRENT_PRODUCT_REQUIREMENTS_FULL_CONSOLIDATED_v2.1.docx:1: STEP AKTIF = W4-02A.6.11 — PRD CURRENT PRODUCT REQUIREMENTS || 07_PRD/W4-02A.6.11_PRD_CURRENT_PRODUCT_REQUIREMENTS_FULL_CONSOLIDATED_v2.1.docx:2: RUMAHAGEN — PRODUCT REQUIREMENTS DOCUMENT (PRD) || 07_PRD/W4-02A.6.11_PRD_CURRENT_PRODUCT_REQUIREMENTS_FULL_CONSOLIDATED_v2.1.docx:3: Version 2.1 — W4-02A.6.11 Full Current Consolidation || 07_PRD/W4-02A.6.11_PRD_CURRENT_PRODUCT_REQUIREMENTS_FULL_CONSOLIDATED_v2.1.docx:4: 19 August 2026 | COMPLETE / GREEN || 07_PRD/W4-02A.6.11_PRD_CURRENT_PRODUCT_REQUIREMENTS_FULL_CONSOLIDATED_v2.1.docx:5: Predecessor: PRD v2.0 — Wave 3 Step 3.1 Full Consolidated / Synchronized. This artifact is a new full current version, not a patch or delta. || 07_PRD/W4-02A.6.11_PRD_CURRENT_PRODUCT_REQUIREMENTS_FULL_CONSOLIDATED_v2.1.docx:6: 0. EXECUTIVE PRODUCT BASELINE",RUMAHAGEN_WF03_M05_FULL_REBUILD_CONTROLLED_v1.3_FULL_VERSION.zip,Event-start notification targets registered and waitinglist participants; M08 remains delivery/projection layer,"01_FULL_V1.2_RETAINED/evidence_attendance.md:9: - quota. - Therefore a guest/user may join during the first hour of an ongoing Event if a slot remains. ### Attendance - Attendance is optional. - A Registered participant who does not attend is **not automatically Cancelled**. - Number of attendees does not determine whether the Event is valid/continued. - Attendance does not automatically cancel the Event. - Event cancellation can only be performed by an actor with the applicable permission. ### Notifications - At Event start, notification is sent to all Registered participants and all Waitinglist participants. ### Provider configuration - RumahAgen M05 owns Event semantics and only the Event/meeting settings explicitly required by RumahAgen. - Provider-specific settings not modeled || 01_FULL_V1.2_RETAINED/evidence_attendance.md:7: - + 1 hour`, registration is disabled regardless of remaining quota. - Therefore a guest/user may join during the first hour of an ongoing Event if a slot remains. ### Attendance - Attendance is optional. - A Registered participant who does not attend is **not automatically Cancelled**. - Number of attendees does not determine whether the Event is valid/continued. - Attendance does not automatically cancel the Event. - Event cancellation can only be performed by an actor with the applicable permission. ### Notifications - At Event start, notification is sent to all Registered participants and all Waitinglist participants. ### Provider configuration - RumahAgen M05 owns Event semantics and only the Event/meeting s || 01_FULL_V1.2_RETAINED/evidence_attendance.md:5: - er `start_at + 1 hour`, registration is disabled regardless of remaining quota. - Therefore a guest/user may join during the first hour of an ongoing Event if a slot remains. ### Attendance - Attendance is optional. - A Registered participant who does not attend is **not automatically Cancelled**. - Number of attendees does not determine whether the Event is valid/continued. - Attendance does not automatically cancel the Event. - Event cancellation can only be performed by an actor with the applicable permission. ### Notifications - At Event start, notification is sent to all Registered participants and all Waitinglist participants. ### Provider configuration - RumahAgen M05 owns Event semantics an",07_PRD/W4-02A.6.11_PRD_CURRENT_PRODUCT_REQUIREMENTS_FULL_CONSOLIDATED_v2.1.docx:106: Event Registration remains distinct from Session Enrollment. || 07_PRD/W4-02A.6.11_PRD_CURRENT_PRODUCT_REQUIREMENTS_FULL_CONSOLIDATED_v2.1.docx:105: Event calendar remains a discovery/integration surface. || 07_PRD/W4-02A.6.11_PRD_CURRENT_PRODUCT_REQUIREMENTS_FULL_CONSOLIDATED_v2.1.docx:267: M05 || Calendar Event / discovery context || Existing baseline — boundary clarified,ADD_MXX_VALID_DETAIL_RETAIN_CORE,YES,YES,YES,NO,NO,BOTH_TEXTUAL_CORROBORATION
M05-CI-010,M05,PRESERVE,CAM11-0014,07_PRD/W4-02A.6.11_PRD_CURRENT_PRODUCT_REQUIREMENTS_FULL_CONSOLIDATED_v2.1.docx,c2a7b6e4a77a08621a16048cba2f0f8641a3d073bc71dc4e4854634aa788aa34,NO_HEADING_DETECTED,"07_PRD/W4-02A.6.11_PRD_CURRENT_PRODUCT_REQUIREMENTS_FULL_CONSOLIDATED_v2.1.docx:1: STEP AKTIF = W4-02A.6.11 — PRD CURRENT PRODUCT REQUIREMENTS || 07_PRD/W4-02A.6.11_PRD_CURRENT_PRODUCT_REQUIREMENTS_FULL_CONSOLIDATED_v2.1.docx:2: RUMAHAGEN — PRODUCT REQUIREMENTS DOCUMENT (PRD) || 07_PRD/W4-02A.6.11_PRD_CURRENT_PRODUCT_REQUIREMENTS_FULL_CONSOLIDATED_v2.1.docx:3: Version 2.1 — W4-02A.6.11 Full Current Consolidation || 07_PRD/W4-02A.6.11_PRD_CURRENT_PRODUCT_REQUIREMENTS_FULL_CONSOLIDATED_v2.1.docx:4: 19 August 2026 | COMPLETE / GREEN || 07_PRD/W4-02A.6.11_PRD_CURRENT_PRODUCT_REQUIREMENTS_FULL_CONSOLIDATED_v2.1.docx:5: Predecessor: PRD v2.0 — Wave 3 Step 3.1 Full Consolidated / Synchronized. This artifact is a new full current version, not a patch or delta. || 07_PRD/W4-02A.6.11_PRD_CURRENT_PRODUCT_REQUIREMENTS_FULL_CONSOLIDATED_v2.1.docx:6: 0. EXECUTIVE PRODUCT BASELINE",RUMAHAGEN_WF03_M05_FULL_REBUILD_CONTROLLED_v1.3_FULL_VERSION.zip,Developer Partner event publication follows M05 Event lifecycle/permission semantics,"01_FULL_V1.2_RETAINED/evidence_waitinglist.md:13: - ent cancellation can only be performed by an actor with the applicable permission. ### Notifications - At Event start, notification is sent to all Registered participants and all Waitinglist participants. ### Provider configuration - RumahAgen M05 owns Event semantics and only the Event/meeting settings explicitly required by RumahAgen. - Provider-specific settings not modeled by RumahAgen are delegated to the connected provider's own capabilities/configuration. - Candidate/connected providers evidenced in Core include Daily, Zoom, Google Meet and other provider capability candidates such as LiveKit and YouTube Live. - Provider-specific settings must not be invented as RumahAgen M05 fields merely because a provide || 01_FULL_V1.2_RETAINED/evidence_attendance.md:11: - ce is optional. - A Registered participant who does not attend is **not automatically Cancelled**. - Number of attendees does not determine whether the Event is valid/continued. - Attendance does not automatically cancel the Event. - Event cancellation can only be performed by an actor with the applicable permission. ### Notifications - At Event start, notification is sent to all Registered participants and all Waitinglist participants. ### Provider configuration - RumahAgen M05 owns Event semantics and only the Event/meeting settings explicitly required by RumahAgen. - Provider-specific settings not modeled by RumahAgen are delegated to the connected provider's own capabilities/configuration. - Candidate/connected providers evidenced in C || 01_FULL_V1.2_RETAINED/evidence_attendance.md:9: - quota. - Therefore a guest/user may join during the first hour of an ongoing Event if a slot remains. ### Attendance - Attendance is optional. - A Registered participant who does not attend is **not automatically Cancelled**. - Number of attendees does not determine whether the Event is valid/continued. - Attendance does not automatically cancel the Event. - Event cancellation can only be performed by an actor with the applicable permission. ### Notifications - At Event start, notification is sent to all Registered participants and all Waitinglist participants. ### Provider configuration - RumahAgen M05 owns Event semantics and only the Event/meeting settings explicitly required by RumahAgen. - Provider-specific settings not modeled",07_PRD/W4-02A.6.11_PRD_CURRENT_PRODUCT_REQUIREMENTS_FULL_CONSOLIDATED_v2.1.docx:267: M05 || Calendar Event / discovery context || Existing baseline — boundary clarified || 07_PRD/W4-02A.6.11_PRD_CURRENT_PRODUCT_REQUIREMENTS_FULL_CONSOLIDATED_v2.1.docx:108: Legacy Event requirements remain unless explicitly superseded by current Session semantics. || 07_PRD/W4-02A.6.11_PRD_CURRENT_PRODUCT_REQUIREMENTS_FULL_CONSOLIDATED_v2.1.docx:104: M05 — Event / Calendar,RETAIN_CORE_ONLY,YES,N/A,YES,NO,NO,PRESERVE_NO_DELTA_REQUIRED
M11-CI-001,M11,PRESERVE,CAM11-0014,07_PRD/W4-02A.6.11_PRD_CURRENT_PRODUCT_REQUIREMENTS_FULL_CONSOLIDATED_v2.1.docx,c2a7b6e4a77a08621a16048cba2f0f8641a3d073bc71dc4e4854634aa788aa34,NO_HEADING_DETECTED,"07_PRD/W4-02A.6.11_PRD_CURRENT_PRODUCT_REQUIREMENTS_FULL_CONSOLIDATED_v2.1.docx:1: STEP AKTIF = W4-02A.6.11 — PRD CURRENT PRODUCT REQUIREMENTS || 07_PRD/W4-02A.6.11_PRD_CURRENT_PRODUCT_REQUIREMENTS_FULL_CONSOLIDATED_v2.1.docx:2: RUMAHAGEN — PRODUCT REQUIREMENTS DOCUMENT (PRD) || 07_PRD/W4-02A.6.11_PRD_CURRENT_PRODUCT_REQUIREMENTS_FULL_CONSOLIDATED_v2.1.docx:3: Version 2.1 — W4-02A.6.11 Full Current Consolidation || 07_PRD/W4-02A.6.11_PRD_CURRENT_PRODUCT_REQUIREMENTS_FULL_CONSOLIDATED_v2.1.docx:4: 19 August 2026 | COMPLETE / GREEN || 07_PRD/W4-02A.6.11_PRD_CURRENT_PRODUCT_REQUIREMENTS_FULL_CONSOLIDATED_v2.1.docx:5: Predecessor: PRD v2.0 — Wave 3 Step 3.1 Full Consolidated / Synchronized. This artifact is a new full current version, not a patch or delta. || 07_PRD/W4-02A.6.11_PRD_CURRENT_PRODUCT_REQUIREMENTS_FULL_CONSOLIDATED_v2.1.docx:6: 0. EXECUTIVE PRODUCT BASELINE",RUMAHAGEN_WF03_M11_FULL_REBUILD_CONTROLLED_v2.0_FULL_VERSION.zip,M02 Agent → M11 public profile SEO,"RUMAHAGEN_WF03_M11_FULL_REBUILD_CONTROLLED_v2.0_FULL_VERSION.md:777: M09 remains the administrative mutation authority for lightweight public content and communication configuration. M08 remains the reusable banner/notification projection infrastructure. M10 remains authorization authority. M11 owns public discovery, SEO projection and measurement semantics. M14 remains commercial truth. || RUMAHAGEN_WF03_M11_FULL_REBUILD_CONTROLLED_v2.0_FULL_VERSION.md:775: M11 remains the Public SEO / Discovery / Analytics layer and formally retains Lightweight Public Content and Public Announcement / Promotion as locked capabilities. Lightweight Public Content is intentionally not a full CMS or per-user website builder. Superadmin and Admin are the only V1 publishers; Manager has governed/view access only, while Agent, Instructor, Developer Partner and Buyer receive public view without arbitrary static-page authoring. Public Announcement / Promotion is public, scheduled, dismissible and non-segmented in V1. || RUMAHAGEN_WF03_M11_FULL_REBUILD_CONTROLLED_v2.0_FULL_VERSION.md:676: - Public discovery/SEO projection: M11.",07_PRD/W4-02A.6.11_PRD_CURRENT_PRODUCT_REQUIREMENTS_FULL_CONSOLIDATED_v2.1.docx:309: SEO/Analytics baseline || Wave 3 SEO/Analytics v2.0 || Public discovery/measurement || 07_PRD/W4-02A.6.11_PRD_CURRENT_PRODUCT_REQUIREMENTS_FULL_CONSOLIDATED_v2.1.docx:270: M11 || SEO / Analytics || Evolved || 07_PRD/W4-02A.6.11_PRD_CURRENT_PRODUCT_REQUIREMENTS_FULL_CONSOLIDATED_v2.1.docx:129: Private/sensitive data must not leak into public SEO/analytics payloads.,RETAIN_CORE_ONLY,YES,N/A,YES,NO,NO,PRESERVE_NO_DELTA_REQUIRED
M11-CI-002,M11,PRESERVE,CAM11-0014,07_PRD/W4-02A.6.11_PRD_CURRENT_PRODUCT_REQUIREMENTS_FULL_CONSOLIDATED_v2.1.docx,c2a7b6e4a77a08621a16048cba2f0f8641a3d073bc71dc4e4854634aa788aa34,NO_HEADING_DETECTED,"07_PRD/W4-02A.6.11_PRD_CURRENT_PRODUCT_REQUIREMENTS_FULL_CONSOLIDATED_v2.1.docx:1: STEP AKTIF = W4-02A.6.11 — PRD CURRENT PRODUCT REQUIREMENTS || 07_PRD/W4-02A.6.11_PRD_CURRENT_PRODUCT_REQUIREMENTS_FULL_CONSOLIDATED_v2.1.docx:2: RUMAHAGEN — PRODUCT REQUIREMENTS DOCUMENT (PRD) || 07_PRD/W4-02A.6.11_PRD_CURRENT_PRODUCT_REQUIREMENTS_FULL_CONSOLIDATED_v2.1.docx:3: Version 2.1 — W4-02A.6.11 Full Current Consolidation || 07_PRD/W4-02A.6.11_PRD_CURRENT_PRODUCT_REQUIREMENTS_FULL_CONSOLIDATED_v2.1.docx:4: 19 August 2026 | COMPLETE / GREEN || 07_PRD/W4-02A.6.11_PRD_CURRENT_PRODUCT_REQUIREMENTS_FULL_CONSOLIDATED_v2.1.docx:5: Predecessor: PRD v2.0 — Wave 3 Step 3.1 Full Consolidated / Synchronized. This artifact is a new full current version, not a patch or delta. || 07_PRD/W4-02A.6.11_PRD_CURRENT_PRODUCT_REQUIREMENTS_FULL_CONSOLIDATED_v2.1.docx:6: 0. EXECUTIVE PRODUCT BASELINE",RUMAHAGEN_WF03_M11_FULL_REBUILD_CONTROLLED_v2.0_FULL_VERSION.zip,M03 Listing → M11 Listing SEO/lifecycle discovery,"RUMAHAGEN_WF03_M11_FULL_REBUILD_CONTROLLED_v2.0_FULL_VERSION.md:777: M09 remains the administrative mutation authority for lightweight public content and communication configuration. M08 remains the reusable banner/notification projection infrastructure. M10 remains authorization authority. M11 owns public discovery, SEO projection and measurement semantics. M14 remains commercial truth. || RUMAHAGEN_WF03_M11_FULL_REBUILD_CONTROLLED_v2.0_FULL_VERSION.md:775: M11 remains the Public SEO / Discovery / Analytics layer and formally retains Lightweight Public Content and Public Announcement / Promotion as locked capabilities. Lightweight Public Content is intentionally not a full CMS or per-user website builder. Superadmin and Admin are the only V1 publishers; Manager has governed/view access only, while Agent, Instructor, Developer Partner and Buyer receive public view without arbitrary static-page authoring. Public Announcement / Promotion is public, scheduled, dismissible and non-segmented in V1. || RUMAHAGEN_WF03_M11_FULL_REBUILD_CONTROLLED_v2.0_FULL_VERSION.md:676: - Public discovery/SEO projection: M11.",07_PRD/W4-02A.6.11_PRD_CURRENT_PRODUCT_REQUIREMENTS_FULL_CONSOLIDATED_v2.1.docx:309: SEO/Analytics baseline || Wave 3 SEO/Analytics v2.0 || Public discovery/measurement || 07_PRD/W4-02A.6.11_PRD_CURRENT_PRODUCT_REQUIREMENTS_FULL_CONSOLIDATED_v2.1.docx:270: M11 || SEO / Analytics || Evolved || 07_PRD/W4-02A.6.11_PRD_CURRENT_PRODUCT_REQUIREMENTS_FULL_CONSOLIDATED_v2.1.docx:122: M11 — SEO / Analytics,RETAIN_CORE_ONLY,YES,N/A,YES,NO,NO,PRESERVE_NO_DELTA_REQUIRED
M11-CI-003,M11,PRESERVE,CAM11-0014,07_PRD/W4-02A.6.11_PRD_CURRENT_PRODUCT_REQUIREMENTS_FULL_CONSOLIDATED_v2.1.docx,c2a7b6e4a77a08621a16048cba2f0f8641a3d073bc71dc4e4854634aa788aa34,NO_HEADING_DETECTED,"07_PRD/W4-02A.6.11_PRD_CURRENT_PRODUCT_REQUIREMENTS_FULL_CONSOLIDATED_v2.1.docx:1: STEP AKTIF = W4-02A.6.11 — PRD CURRENT PRODUCT REQUIREMENTS || 07_PRD/W4-02A.6.11_PRD_CURRENT_PRODUCT_REQUIREMENTS_FULL_CONSOLIDATED_v2.1.docx:2: RUMAHAGEN — PRODUCT REQUIREMENTS DOCUMENT (PRD) || 07_PRD/W4-02A.6.11_PRD_CURRENT_PRODUCT_REQUIREMENTS_FULL_CONSOLIDATED_v2.1.docx:3: Version 2.1 — W4-02A.6.11 Full Current Consolidation || 07_PRD/W4-02A.6.11_PRD_CURRENT_PRODUCT_REQUIREMENTS_FULL_CONSOLIDATED_v2.1.docx:4: 19 August 2026 | COMPLETE / GREEN || 07_PRD/W4-02A.6.11_PRD_CURRENT_PRODUCT_REQUIREMENTS_FULL_CONSOLIDATED_v2.1.docx:5: Predecessor: PRD v2.0 — Wave 3 Step 3.1 Full Consolidated / Synchronized. This artifact is a new full current version, not a patch or delta. || 07_PRD/W4-02A.6.11_PRD_CURRENT_PRODUCT_REQUIREMENTS_FULL_CONSOLIDATED_v2.1.docx:6: 0. EXECUTIVE PRODUCT BASELINE",RUMAHAGEN_WF03_M11_FULL_REBUILD_CONTROLLED_v2.0_FULL_VERSION.zip,M04 Learning/Session → M11 discovery/measurement,"RUMAHAGEN_WF03_M11_FULL_REBUILD_CONTROLLED_v2.0_FULL_VERSION.md:777: M09 remains the administrative mutation authority for lightweight public content and communication configuration. M08 remains the reusable banner/notification projection infrastructure. M10 remains authorization authority. M11 owns public discovery, SEO projection and measurement semantics. M14 remains commercial truth. || RUMAHAGEN_WF03_M11_FULL_REBUILD_CONTROLLED_v2.0_FULL_VERSION.md:715: - Public discovery/measurement semantics: M11. || RUMAHAGEN_WF03_M11_FULL_REBUILD_CONTROLLED_v2.0_FULL_VERSION.docx:533: M09 remains the administrative mutation authority for lightweight public content and communication configuration. M08 remains the reusable banner/notification projection infrastructure. M10 remains authorization authority. M11 owns public discovery, SEO projection and measurement semantics. M14 remains commercial truth.",07_PRD/W4-02A.6.11_PRD_CURRENT_PRODUCT_REQUIREMENTS_FULL_CONSOLIDATED_v2.1.docx:266: M04 || Learning Center + Learning Economy + Learning Session || Evolved || 07_PRD/W4-02A.6.11_PRD_CURRENT_PRODUCT_REQUIREMENTS_FULL_CONSOLIDATED_v2.1.docx:107: Learning Session may be surfaced through calendar discovery without becoming an Event-owned semantic object. || 07_PRD/W4-02A.6.11_PRD_CURRENT_PRODUCT_REQUIREMENTS_FULL_CONSOLIDATED_v2.1.docx:85: M04 — Learning Center / Learning Economy / Session,RETAIN_CORE_ONLY,YES,N/A,YES,NO,NO,PRESERVE_NO_DELTA_REQUIRED
M11-CI-004,M11,PRESERVE,CAM11-0014,07_PRD/W4-02A.6.11_PRD_CURRENT_PRODUCT_REQUIREMENTS_FULL_CONSOLIDATED_v2.1.docx,c2a7b6e4a77a08621a16048cba2f0f8641a3d073bc71dc4e4854634aa788aa34,NO_HEADING_DETECTED,"07_PRD/W4-02A.6.11_PRD_CURRENT_PRODUCT_REQUIREMENTS_FULL_CONSOLIDATED_v2.1.docx:1: STEP AKTIF = W4-02A.6.11 — PRD CURRENT PRODUCT REQUIREMENTS || 07_PRD/W4-02A.6.11_PRD_CURRENT_PRODUCT_REQUIREMENTS_FULL_CONSOLIDATED_v2.1.docx:2: RUMAHAGEN — PRODUCT REQUIREMENTS DOCUMENT (PRD) || 07_PRD/W4-02A.6.11_PRD_CURRENT_PRODUCT_REQUIREMENTS_FULL_CONSOLIDATED_v2.1.docx:3: Version 2.1 — W4-02A.6.11 Full Current Consolidation || 07_PRD/W4-02A.6.11_PRD_CURRENT_PRODUCT_REQUIREMENTS_FULL_CONSOLIDATED_v2.1.docx:4: 19 August 2026 | COMPLETE / GREEN || 07_PRD/W4-02A.6.11_PRD_CURRENT_PRODUCT_REQUIREMENTS_FULL_CONSOLIDATED_v2.1.docx:5: Predecessor: PRD v2.0 — Wave 3 Step 3.1 Full Consolidated / Synchronized. This artifact is a new full current version, not a patch or delta. || 07_PRD/W4-02A.6.11_PRD_CURRENT_PRODUCT_REQUIREMENTS_FULL_CONSOLIDATED_v2.1.docx:6: 0. EXECUTIVE PRODUCT BASELINE",RUMAHAGEN_WF03_M11_FULL_REBUILD_CONTROLLED_v2.0_FULL_VERSION.zip,M05 Event → M11 Event discovery,"RUMAHAGEN_WF03_M11_FULL_REBUILD_CONTROLLED_v2.0_FULL_VERSION.md:777: M09 remains the administrative mutation authority for lightweight public content and communication configuration. M08 remains the reusable banner/notification projection infrastructure. M10 remains authorization authority. M11 owns public discovery, SEO projection and measurement semantics. M14 remains commercial truth. || RUMAHAGEN_WF03_M11_FULL_REBUILD_CONTROLLED_v2.0_FULL_VERSION.md:775: M11 remains the Public SEO / Discovery / Analytics layer and formally retains Lightweight Public Content and Public Announcement / Promotion as locked capabilities. Lightweight Public Content is intentionally not a full CMS or per-user website builder. Superadmin and Admin are the only V1 publishers; Manager has governed/view access only, while Agent, Instructor, Developer Partner and Buyer receive public view without arbitrary static-page authoring. Public Announcement / Promotion is public, scheduled, dismissible and non-segmented in V1. || RUMAHAGEN_WF03_M11_FULL_REBUILD_CONTROLLED_v2.0_FULL_VERSION.md:715: - Public discovery/measurement semantics: M11.",07_PRD/W4-02A.6.11_PRD_CURRENT_PRODUCT_REQUIREMENTS_FULL_CONSOLIDATED_v2.1.docx:267: M05 || Calendar Event / discovery context || Existing baseline — boundary clarified || 07_PRD/W4-02A.6.11_PRD_CURRENT_PRODUCT_REQUIREMENTS_FULL_CONSOLIDATED_v2.1.docx:107: Learning Session may be surfaced through calendar discovery without becoming an Event-owned semantic object. || 07_PRD/W4-02A.6.11_PRD_CURRENT_PRODUCT_REQUIREMENTS_FULL_CONSOLIDATED_v2.1.docx:105: Event calendar remains a discovery/integration surface.,RETAIN_CORE_ONLY,YES,N/A,YES,NO,NO,PRESERVE_NO_DELTA_REQUIRED
M11-CI-005,M11,PRESERVE,CAM11-0014,07_PRD/W4-02A.6.11_PRD_CURRENT_PRODUCT_REQUIREMENTS_FULL_CONSOLIDATED_v2.1.docx,c2a7b6e4a77a08621a16048cba2f0f8641a3d073bc71dc4e4854634aa788aa34,NO_HEADING_DETECTED,"07_PRD/W4-02A.6.11_PRD_CURRENT_PRODUCT_REQUIREMENTS_FULL_CONSOLIDATED_v2.1.docx:1: STEP AKTIF = W4-02A.6.11 — PRD CURRENT PRODUCT REQUIREMENTS || 07_PRD/W4-02A.6.11_PRD_CURRENT_PRODUCT_REQUIREMENTS_FULL_CONSOLIDATED_v2.1.docx:2: RUMAHAGEN — PRODUCT REQUIREMENTS DOCUMENT (PRD) || 07_PRD/W4-02A.6.11_PRD_CURRENT_PRODUCT_REQUIREMENTS_FULL_CONSOLIDATED_v2.1.docx:3: Version 2.1 — W4-02A.6.11 Full Current Consolidation || 07_PRD/W4-02A.6.11_PRD_CURRENT_PRODUCT_REQUIREMENTS_FULL_CONSOLIDATED_v2.1.docx:4: 19 August 2026 | COMPLETE / GREEN || 07_PRD/W4-02A.6.11_PRD_CURRENT_PRODUCT_REQUIREMENTS_FULL_CONSOLIDATED_v2.1.docx:5: Predecessor: PRD v2.0 — Wave 3 Step 3.1 Full Consolidated / Synchronized. This artifact is a new full current version, not a patch or delta. || 07_PRD/W4-02A.6.11_PRD_CURRENT_PRODUCT_REQUIREMENTS_FULL_CONSOLIDATED_v2.1.docx:6: 0. EXECUTIVE PRODUCT BASELINE",RUMAHAGEN_WF03_M11_FULL_REBUILD_CONTROLLED_v2.0_FULL_VERSION.zip,M06 Developer/Project → M11 Project SEO,"RUMAHAGEN_WF03_M11_FULL_REBUILD_CONTROLLED_v2.0_FULL_VERSION.md:777: M09 remains the administrative mutation authority for lightweight public content and communication configuration. M08 remains the reusable banner/notification projection infrastructure. M10 remains authorization authority. M11 owns public discovery, SEO projection and measurement semantics. M14 remains commercial truth. || RUMAHAGEN_WF03_M11_FULL_REBUILD_CONTROLLED_v2.0_FULL_VERSION.md:775: M11 remains the Public SEO / Discovery / Analytics layer and formally retains Lightweight Public Content and Public Announcement / Promotion as locked capabilities. Lightweight Public Content is intentionally not a full CMS or per-user website builder. Superadmin and Admin are the only V1 publishers; Manager has governed/view access only, while Agent, Instructor, Developer Partner and Buyer receive public view without arbitrary static-page authoring. Public Announcement / Promotion is public, scheduled, dismissible and non-segmented in V1. || RUMAHAGEN_WF03_M11_FULL_REBUILD_CONTROLLED_v2.0_FULL_VERSION.md:676: - Public discovery/SEO projection: M11.",07_PRD/W4-02A.6.11_PRD_CURRENT_PRODUCT_REQUIREMENTS_FULL_CONSOLIDATED_v2.1.docx:270: M11 || SEO / Analytics || Evolved || 07_PRD/W4-02A.6.11_PRD_CURRENT_PRODUCT_REQUIREMENTS_FULL_CONSOLIDATED_v2.1.docx:122: M11 — SEO / Analytics || 07_PRD/W4-02A.6.11_PRD_CURRENT_PRODUCT_REQUIREMENTS_FULL_CONSOLIDATED_v2.1.docx:348: SEO / Analytics || PASS,RETAIN_CORE_ONLY,YES,N/A,YES,NO,NO,PRESERVE_NO_DELTA_REQUIRED
M11-CI-006,M11,AUGMENT,CAM11-0014,07_PRD/W4-02A.6.11_PRD_CURRENT_PRODUCT_REQUIREMENTS_FULL_CONSOLIDATED_v2.1.docx,c2a7b6e4a77a08621a16048cba2f0f8641a3d073bc71dc4e4854634aa788aa34,NO_HEADING_DETECTED,"07_PRD/W4-02A.6.11_PRD_CURRENT_PRODUCT_REQUIREMENTS_FULL_CONSOLIDATED_v2.1.docx:1: STEP AKTIF = W4-02A.6.11 — PRD CURRENT PRODUCT REQUIREMENTS || 07_PRD/W4-02A.6.11_PRD_CURRENT_PRODUCT_REQUIREMENTS_FULL_CONSOLIDATED_v2.1.docx:2: RUMAHAGEN — PRODUCT REQUIREMENTS DOCUMENT (PRD) || 07_PRD/W4-02A.6.11_PRD_CURRENT_PRODUCT_REQUIREMENTS_FULL_CONSOLIDATED_v2.1.docx:3: Version 2.1 — W4-02A.6.11 Full Current Consolidation || 07_PRD/W4-02A.6.11_PRD_CURRENT_PRODUCT_REQUIREMENTS_FULL_CONSOLIDATED_v2.1.docx:4: 19 August 2026 | COMPLETE / GREEN || 07_PRD/W4-02A.6.11_PRD_CURRENT_PRODUCT_REQUIREMENTS_FULL_CONSOLIDATED_v2.1.docx:5: Predecessor: PRD v2.0 — Wave 3 Step 3.1 Full Consolidated / Synchronized. This artifact is a new full current version, not a patch or delta. || 07_PRD/W4-02A.6.11_PRD_CURRENT_PRODUCT_REQUIREMENTS_FULL_CONSOLIDATED_v2.1.docx:6: 0. EXECUTIVE PRODUCT BASELINE",RUMAHAGEN_WF03_M11_FULL_REBUILD_CONTROLLED_v2.0_FULL_VERSION.zip,M09 Static Public Content → M11 discovery,"RUMAHAGEN_WF03_M11_FULL_REBUILD_CONTROLLED_v2.0_FULL_VERSION.md:777: M09 remains the administrative mutation authority for lightweight public content and communication configuration. M08 remains the reusable banner/notification projection infrastructure. M10 remains authorization authority. M11 owns public discovery, SEO projection and measurement semantics. M14 remains commercial truth. || RUMAHAGEN_WF03_M11_FULL_REBUILD_CONTROLLED_v2.0_FULL_VERSION.md:775: M11 remains the Public SEO / Discovery / Analytics layer and formally retains Lightweight Public Content and Public Announcement / Promotion as locked capabilities. Lightweight Public Content is intentionally not a full CMS or per-user website builder. Superadmin and Admin are the only V1 publishers; Manager has governed/view access only, while Agent, Instructor, Developer Partner and Buyer receive public view without arbitrary static-page authoring. Public Announcement / Promotion is public, scheduled, dismissible and non-segmented in V1. || RUMAHAGEN_WF03_M11_FULL_REBUILD_CONTROLLED_v2.0_FULL_VERSION.docx:533: M09 remains the administrative mutation authority for lightweight public content and communication configuration. M08 remains the reusable banner/notification projection infrastructure. M10 remains authorization authority. M11 owns public discovery, SEO projection and measurement semantics. M14 remains commercial truth.","07_PRD/W4-02A.6.11_PRD_CURRENT_PRODUCT_REQUIREMENTS_FULL_CONSOLIDATED_v2.1.docx:309: SEO/Analytics baseline || Wave 3 SEO/Analytics v2.0 || Public discovery/measurement || 07_PRD/W4-02A.6.11_PRD_CURRENT_PRODUCT_REQUIREMENTS_FULL_CONSOLIDATED_v2.1.docx:263: Buyer / Guest / Lead || Public/lightweight consumer actors for discovery, inquiry and review surfaces where allowed. || 07_PRD/W4-02A.6.11_PRD_CURRENT_PRODUCT_REQUIREMENTS_FULL_CONSOLIDATED_v2.1.docx:81: Listing supports CRUD, moderation, search/filter/map, lifecycle, price history, leads/views and approved public discovery.",ADD_MXX_VALID_DETAIL_RETAIN_CORE,YES,YES,YES,NO,NO,BOTH_TEXTUAL_CORROBORATION
M11-CI-007,M11,AUGMENT,CAM11-0014,07_PRD/W4-02A.6.11_PRD_CURRENT_PRODUCT_REQUIREMENTS_FULL_CONSOLIDATED_v2.1.docx,c2a7b6e4a77a08621a16048cba2f0f8641a3d073bc71dc4e4854634aa788aa34,NO_HEADING_DETECTED,"07_PRD/W4-02A.6.11_PRD_CURRENT_PRODUCT_REQUIREMENTS_FULL_CONSOLIDATED_v2.1.docx:1: STEP AKTIF = W4-02A.6.11 — PRD CURRENT PRODUCT REQUIREMENTS || 07_PRD/W4-02A.6.11_PRD_CURRENT_PRODUCT_REQUIREMENTS_FULL_CONSOLIDATED_v2.1.docx:2: RUMAHAGEN — PRODUCT REQUIREMENTS DOCUMENT (PRD) || 07_PRD/W4-02A.6.11_PRD_CURRENT_PRODUCT_REQUIREMENTS_FULL_CONSOLIDATED_v2.1.docx:3: Version 2.1 — W4-02A.6.11 Full Current Consolidation || 07_PRD/W4-02A.6.11_PRD_CURRENT_PRODUCT_REQUIREMENTS_FULL_CONSOLIDATED_v2.1.docx:4: 19 August 2026 | COMPLETE / GREEN || 07_PRD/W4-02A.6.11_PRD_CURRENT_PRODUCT_REQUIREMENTS_FULL_CONSOLIDATED_v2.1.docx:5: Predecessor: PRD v2.0 — Wave 3 Step 3.1 Full Consolidated / Synchronized. This artifact is a new full current version, not a patch or delta. || 07_PRD/W4-02A.6.11_PRD_CURRENT_PRODUCT_REQUIREMENTS_FULL_CONSOLIDATED_v2.1.docx:6: 0. EXECUTIVE PRODUCT BASELINE",RUMAHAGEN_WF03_M11_FULL_REBUILD_CONTROLLED_v2.0_FULL_VERSION.zip,M09 Announcement/Promotion → M11 discovery/measurement,"RUMAHAGEN_WF03_M11_FULL_REBUILD_CONTROLLED_v2.0_FULL_VERSION.md:777: M09 remains the administrative mutation authority for lightweight public content and communication configuration. M08 remains the reusable banner/notification projection infrastructure. M10 remains authorization authority. M11 owns public discovery, SEO projection and measurement semantics. M14 remains commercial truth. || RUMAHAGEN_WF03_M11_FULL_REBUILD_CONTROLLED_v2.0_FULL_VERSION.md:775: M11 remains the Public SEO / Discovery / Analytics layer and formally retains Lightweight Public Content and Public Announcement / Promotion as locked capabilities. Lightweight Public Content is intentionally not a full CMS or per-user website builder. Superadmin and Admin are the only V1 publishers; Manager has governed/view access only, while Agent, Instructor, Developer Partner and Buyer receive public view without arbitrary static-page authoring. Public Announcement / Promotion is public, scheduled, dismissible and non-segmented in V1. || RUMAHAGEN_WF03_M11_FULL_REBUILD_CONTROLLED_v2.0_FULL_VERSION.docx:533: M09 remains the administrative mutation authority for lightweight public content and communication configuration. M08 remains the reusable banner/notification projection infrastructure. M10 remains authorization authority. M11 owns public discovery, SEO projection and measurement semantics. M14 remains commercial truth.",07_PRD/W4-02A.6.11_PRD_CURRENT_PRODUCT_REQUIREMENTS_FULL_CONSOLIDATED_v2.1.docx:309: SEO/Analytics baseline || Wave 3 SEO/Analytics v2.0 || Public discovery/measurement || 07_PRD/W4-02A.6.11_PRD_CURRENT_PRODUCT_REQUIREMENTS_FULL_CONSOLIDATED_v2.1.docx:16: Provide SEO/Analytics for public discovery and measurement without creating a parallel business-authority layer. || 07_PRD/W4-02A.6.11_PRD_CURRENT_PRODUCT_REQUIREMENTS_FULL_CONSOLIDATED_v2.1.docx:270: M11 || SEO / Analytics || Evolved,ADD_MXX_VALID_DETAIL_RETAIN_CORE,YES,YES,YES,NO,NO,BOTH_TEXTUAL_CORROBORATION
M11-CI-008,M11,PRESERVE,CAM11-0014,07_PRD/W4-02A.6.11_PRD_CURRENT_PRODUCT_REQUIREMENTS_FULL_CONSOLIDATED_v2.1.docx,c2a7b6e4a77a08621a16048cba2f0f8641a3d073bc71dc4e4854634aa788aa34,NO_HEADING_DETECTED,"07_PRD/W4-02A.6.11_PRD_CURRENT_PRODUCT_REQUIREMENTS_FULL_CONSOLIDATED_v2.1.docx:1: STEP AKTIF = W4-02A.6.11 — PRD CURRENT PRODUCT REQUIREMENTS || 07_PRD/W4-02A.6.11_PRD_CURRENT_PRODUCT_REQUIREMENTS_FULL_CONSOLIDATED_v2.1.docx:2: RUMAHAGEN — PRODUCT REQUIREMENTS DOCUMENT (PRD) || 07_PRD/W4-02A.6.11_PRD_CURRENT_PRODUCT_REQUIREMENTS_FULL_CONSOLIDATED_v2.1.docx:3: Version 2.1 — W4-02A.6.11 Full Current Consolidation || 07_PRD/W4-02A.6.11_PRD_CURRENT_PRODUCT_REQUIREMENTS_FULL_CONSOLIDATED_v2.1.docx:4: 19 August 2026 | COMPLETE / GREEN || 07_PRD/W4-02A.6.11_PRD_CURRENT_PRODUCT_REQUIREMENTS_FULL_CONSOLIDATED_v2.1.docx:5: Predecessor: PRD v2.0 — Wave 3 Step 3.1 Full Consolidated / Synchronized. This artifact is a new full current version, not a patch or delta. || 07_PRD/W4-02A.6.11_PRD_CURRENT_PRODUCT_REQUIREMENTS_FULL_CONSOLIDATED_v2.1.docx:6: 0. EXECUTIVE PRODUCT BASELINE",RUMAHAGEN_WF03_M11_FULL_REBUILD_CONTROLLED_v2.0_FULL_VERSION.zip,M10 authorization → M11 access filtering,"RUMAHAGEN_WF03_M11_FULL_REBUILD_CONTROLLED_v2.0_FULL_VERSION.md:777: M09 remains the administrative mutation authority for lightweight public content and communication configuration. M08 remains the reusable banner/notification projection infrastructure. M10 remains authorization authority. M11 owns public discovery, SEO projection and measurement semantics. M14 remains commercial truth. || RUMAHAGEN_WF03_M11_FULL_REBUILD_CONTROLLED_v2.0_FULL_VERSION.md:451: ### M10 ↔ M11 — Authorization || RUMAHAGEN_WF03_M11_FULL_REBUILD_CONTROLLED_v2.0_FULL_VERSION.docx:533: M09 remains the administrative mutation authority for lightweight public content and communication configuration. M08 remains the reusable banner/notification projection infrastructure. M10 remains authorization authority. M11 owns public discovery, SEO projection and measurement semantics. M14 remains commercial truth.","07_PRD/W4-02A.6.11_PRD_CURRENT_PRODUCT_REQUIREMENTS_FULL_CONSOLIDATED_v2.1.docx:116: M10 — Authorization || 07_PRD/W4-02A.6.11_PRD_CURRENT_PRODUCT_REQUIREMENTS_FULL_CONSOLIDATED_v2.1.docx:347: Organization / Authorization || PASS || 07_PRD/W4-02A.6.11_PRD_CURRENT_PRODUCT_REQUIREMENTS_FULL_CONSOLIDATED_v2.1.docx:330: UPDATE || Current 6.1–6.10 authority, approved Commercial BR closure, current AEP2/AEP3/AEP4 decisions, Midtrans closure, Session lifecycle/taxonomy, Awarding closure, Authorization boundaries",RETAIN_CORE_ONLY,YES,N/A,YES,NO,NO,PRESERVE_NO_DELTA_REQUIRED
M11-CI-009,M11,PRESERVE,CAM11-0014,07_PRD/W4-02A.6.11_PRD_CURRENT_PRODUCT_REQUIREMENTS_FULL_CONSOLIDATED_v2.1.docx,c2a7b6e4a77a08621a16048cba2f0f8641a3d073bc71dc4e4854634aa788aa34,NO_HEADING_DETECTED,"07_PRD/W4-02A.6.11_PRD_CURRENT_PRODUCT_REQUIREMENTS_FULL_CONSOLIDATED_v2.1.docx:1: STEP AKTIF = W4-02A.6.11 — PRD CURRENT PRODUCT REQUIREMENTS || 07_PRD/W4-02A.6.11_PRD_CURRENT_PRODUCT_REQUIREMENTS_FULL_CONSOLIDATED_v2.1.docx:2: RUMAHAGEN — PRODUCT REQUIREMENTS DOCUMENT (PRD) || 07_PRD/W4-02A.6.11_PRD_CURRENT_PRODUCT_REQUIREMENTS_FULL_CONSOLIDATED_v2.1.docx:3: Version 2.1 — W4-02A.6.11 Full Current Consolidation || 07_PRD/W4-02A.6.11_PRD_CURRENT_PRODUCT_REQUIREMENTS_FULL_CONSOLIDATED_v2.1.docx:4: 19 August 2026 | COMPLETE / GREEN || 07_PRD/W4-02A.6.11_PRD_CURRENT_PRODUCT_REQUIREMENTS_FULL_CONSOLIDATED_v2.1.docx:5: Predecessor: PRD v2.0 — Wave 3 Step 3.1 Full Consolidated / Synchronized. This artifact is a new full current version, not a patch or delta. || 07_PRD/W4-02A.6.11_PRD_CURRENT_PRODUCT_REQUIREMENTS_FULL_CONSOLIDATED_v2.1.docx:6: 0. EXECUTIVE PRODUCT BASELINE",RUMAHAGEN_WF03_M11_FULL_REBUILD_CONTROLLED_v2.0_FULL_VERSION.zip,M15 Award → M11 permitted public presentation,"RUMAHAGEN_WF03_M11_FULL_REBUILD_CONTROLLED_v2.0_FULL_VERSION.md:777: M09 remains the administrative mutation authority for lightweight public content and communication configuration. M08 remains the reusable banner/notification projection infrastructure. M10 remains authorization authority. M11 owns public discovery, SEO projection and measurement semantics. M14 remains commercial truth. || RUMAHAGEN_WF03_M11_FULL_REBUILD_CONTROLLED_v2.0_FULL_VERSION.md:775: M11 remains the Public SEO / Discovery / Analytics layer and formally retains Lightweight Public Content and Public Announcement / Promotion as locked capabilities. Lightweight Public Content is intentionally not a full CMS or per-user website builder. Superadmin and Admin are the only V1 publishers; Manager has governed/view access only, while Agent, Instructor, Developer Partner and Buyer receive public view without arbitrary static-page authoring. Public Announcement / Promotion is public, scheduled, dismissible and non-segmented in V1. || RUMAHAGEN_WF03_M11_FULL_REBUILD_CONTROLLED_v2.0_FULL_VERSION.md:715: - Public discovery/measurement semantics: M11.",07_PRD/W4-02A.6.11_PRD_CURRENT_PRODUCT_REQUIREMENTS_FULL_CONSOLIDATED_v2.1.docx:173: Certificate and Award remain distinct to prevent M04/M15 semantic collision. || 07_PRD/W4-02A.6.11_PRD_CURRENT_PRODUCT_REQUIREMENTS_FULL_CONSOLIDATED_v2.1.docx:162: Award presentation may surface recognition on profile without becoming authorization. || 07_PRD/W4-02A.6.11_PRD_CURRENT_PRODUCT_REQUIREMENTS_FULL_CONSOLIDATED_v2.1.docx:160: Certificate remains a Learning/M04 concept where already defined; Award Instance remains M15.,RETAIN_CORE_ONLY,YES,N/A,YES,NO,NO,PRESERVE_NO_DELTA_REQUIRED
M11-CI-010,M11,CONTROLLED,CAM11-0014,07_PRD/W4-02A.6.11_PRD_CURRENT_PRODUCT_REQUIREMENTS_FULL_CONSOLIDATED_v2.1.docx,c2a7b6e4a77a08621a16048cba2f0f8641a3d073bc71dc4e4854634aa788aa34,NO_HEADING_DETECTED,"07_PRD/W4-02A.6.11_PRD_CURRENT_PRODUCT_REQUIREMENTS_FULL_CONSOLIDATED_v2.1.docx:1: STEP AKTIF = W4-02A.6.11 — PRD CURRENT PRODUCT REQUIREMENTS || 07_PRD/W4-02A.6.11_PRD_CURRENT_PRODUCT_REQUIREMENTS_FULL_CONSOLIDATED_v2.1.docx:2: RUMAHAGEN — PRODUCT REQUIREMENTS DOCUMENT (PRD) || 07_PRD/W4-02A.6.11_PRD_CURRENT_PRODUCT_REQUIREMENTS_FULL_CONSOLIDATED_v2.1.docx:3: Version 2.1 — W4-02A.6.11 Full Current Consolidation || 07_PRD/W4-02A.6.11_PRD_CURRENT_PRODUCT_REQUIREMENTS_FULL_CONSOLIDATED_v2.1.docx:4: 19 August 2026 | COMPLETE / GREEN || 07_PRD/W4-02A.6.11_PRD_CURRENT_PRODUCT_REQUIREMENTS_FULL_CONSOLIDATED_v2.1.docx:5: Predecessor: PRD v2.0 — Wave 3 Step 3.1 Full Consolidated / Synchronized. This artifact is a new full current version, not a patch or delta. || 07_PRD/W4-02A.6.11_PRD_CURRENT_PRODUCT_REQUIREMENTS_FULL_CONSOLIDATED_v2.1.docx:6: 0. EXECUTIVE PRODUCT BASELINE",RUMAHAGEN_WF03_M11_FULL_REBUILD_CONTROLLED_v2.0_FULL_VERSION.zip,M11 controlled architectural impact / no semantic blocker,RUMAHAGEN_WF03_M11_FULL_REBUILD_CONTROLLED_v2.0_FULL_VERSION.md:781: **M11 COMPLETE — CONTROLLED FULL VERSION.** || RUMAHAGEN_WF03_M11_FULL_REBUILD_CONTROLLED_v2.0_FULL_VERSION.md:669: ## 18. Controlled M11 Decision Baseline || RUMAHAGEN_WF03_M11_FULL_REBUILD_CONTROLLED_v2.0_FULL_VERSION.md:597: **DOWNSTREAM CONTROLLED — not an M11 semantic residual.**,07_PRD/W4-02A.6.11_PRD_CURRENT_PRODUCT_REQUIREMENTS_FULL_CONSOLIDATED_v2.1.docx:332: HISTORICAL / PROVENANCE || PRD v1.3 lineage; older AEP impact states; earlier evidence-gap classifications || 07_PRD/W4-02A.6.11_PRD_CURRENT_PRODUCT_REQUIREMENTS_FULL_CONSOLIDATED_v2.1.docx:296: Switching || Manual/admin controlled; semantic identity/history preserved || 07_PRD/W4-02A.6.11_PRD_CURRENT_PRODUCT_REQUIREMENTS_FULL_CONSOLIDATED_v2.1.docx:270: M11 || SEO / Analytics || Evolved,ADD_MXX_VALID_DETAIL_RETAIN_CORE,YES,N/A,YES,NO,NO,BOTH_TEXTUAL_CORROBORATION
M12-CI-001,M12,PRESERVE,CAM11-0014,07_PRD/W4-02A.6.11_PRD_CURRENT_PRODUCT_REQUIREMENTS_FULL_CONSOLIDATED_v2.1.docx,c2a7b6e4a77a08621a16048cba2f0f8641a3d073bc71dc4e4854634aa788aa34,NO_HEADING_DETECTED,"07_PRD/W4-02A.6.11_PRD_CURRENT_PRODUCT_REQUIREMENTS_FULL_CONSOLIDATED_v2.1.docx:1: STEP AKTIF = W4-02A.6.11 — PRD CURRENT PRODUCT REQUIREMENTS || 07_PRD/W4-02A.6.11_PRD_CURRENT_PRODUCT_REQUIREMENTS_FULL_CONSOLIDATED_v2.1.docx:2: RUMAHAGEN — PRODUCT REQUIREMENTS DOCUMENT (PRD) || 07_PRD/W4-02A.6.11_PRD_CURRENT_PRODUCT_REQUIREMENTS_FULL_CONSOLIDATED_v2.1.docx:3: Version 2.1 — W4-02A.6.11 Full Current Consolidation || 07_PRD/W4-02A.6.11_PRD_CURRENT_PRODUCT_REQUIREMENTS_FULL_CONSOLIDATED_v2.1.docx:4: 19 August 2026 | COMPLETE / GREEN || 07_PRD/W4-02A.6.11_PRD_CURRENT_PRODUCT_REQUIREMENTS_FULL_CONSOLIDATED_v2.1.docx:5: Predecessor: PRD v2.0 — Wave 3 Step 3.1 Full Consolidated / Synchronized. This artifact is a new full current version, not a patch or delta. || 07_PRD/W4-02A.6.11_PRD_CURRENT_PRODUCT_REQUIREMENTS_FULL_CONSOLIDATED_v2.1.docx:6: 0. EXECUTIVE PRODUCT BASELINE",RUMAHAGEN_WF03_M12_FULL_REBUILD_CONTROLLED_v1.0.zip,M12 Organization/Membership/Context ownership,"RUMAHAGEN_WF03_M12_FULL_REBUILD_CONTROLLED_v1.0.md:364: Organization membership does not grant access to another person's Personal Context. || RUMAHAGEN_WF03_M12_FULL_REBUILD_CONTROLLED_v1.0.md:27: Membership is not equivalent to permission, ownership, public visibility, commercial entitlement, Host authority, or Personal Context. || RUMAHAGEN_WF03_M12_FULL_REBUILD_CONTROLLED_v1.0.docx:246: Organization membership does not grant access to another person's Personal Context.","07_PRD/W4-02A.6.11_PRD_CURRENT_PRODUCT_REQUIREMENTS_FULL_CONSOLIDATED_v2.1.docx:271: M12 || Organization / Agency context || Evolved || 07_PRD/W4-02A.6.11_PRD_CURRENT_PRODUCT_REQUIREMENTS_FULL_CONSOLIDATED_v2.1.docx:83: Agency Listing respects current Organization context, ownership, origin and transfer rules. || 07_PRD/W4-02A.6.11_PRD_CURRENT_PRODUCT_REQUIREMENTS_FULL_CONSOLIDATED_v2.1.docx:258: Organization Lead || Organization-scoped authority over Organization context.",RETAIN_CORE_ONLY,YES,N/A,YES,NO,NO,PRESERVE_NO_DELTA_REQUIRED
M12-CI-002,M12,PRESERVE,CAM11-0014,07_PRD/W4-02A.6.11_PRD_CURRENT_PRODUCT_REQUIREMENTS_FULL_CONSOLIDATED_v2.1.docx,c2a7b6e4a77a08621a16048cba2f0f8641a3d073bc71dc4e4854634aa788aa34,NO_HEADING_DETECTED,"07_PRD/W4-02A.6.11_PRD_CURRENT_PRODUCT_REQUIREMENTS_FULL_CONSOLIDATED_v2.1.docx:1: STEP AKTIF = W4-02A.6.11 — PRD CURRENT PRODUCT REQUIREMENTS || 07_PRD/W4-02A.6.11_PRD_CURRENT_PRODUCT_REQUIREMENTS_FULL_CONSOLIDATED_v2.1.docx:2: RUMAHAGEN — PRODUCT REQUIREMENTS DOCUMENT (PRD) || 07_PRD/W4-02A.6.11_PRD_CURRENT_PRODUCT_REQUIREMENTS_FULL_CONSOLIDATED_v2.1.docx:3: Version 2.1 — W4-02A.6.11 Full Current Consolidation || 07_PRD/W4-02A.6.11_PRD_CURRENT_PRODUCT_REQUIREMENTS_FULL_CONSOLIDATED_v2.1.docx:4: 19 August 2026 | COMPLETE / GREEN || 07_PRD/W4-02A.6.11_PRD_CURRENT_PRODUCT_REQUIREMENTS_FULL_CONSOLIDATED_v2.1.docx:5: Predecessor: PRD v2.0 — Wave 3 Step 3.1 Full Consolidated / Synchronized. This artifact is a new full current version, not a patch or delta. || 07_PRD/W4-02A.6.11_PRD_CURRENT_PRODUCT_REQUIREMENTS_FULL_CONSOLIDATED_v2.1.docx:6: 0. EXECUTIVE PRODUCT BASELINE",RUMAHAGEN_WF03_M12_FULL_REBUILD_CONTROLLED_v1.0.zip,Lead Exit → CLOSING → CLOSED; no Lead Transfer/successor inheritance,RUMAHAGEN_WF03_M12_FULL_REBUILD_CONTROLLED_v1.0.md:732: No Lead Transfer or successor. || RUMAHAGEN_WF03_M12_FULL_REBUILD_CONTROLLED_v1.0.md:79: - Lead exit initiates Organization Closing. || RUMAHAGEN_WF03_M12_FULL_REBUILD_CONTROLLED_v1.0.docx:484: No Lead Transfer or successor.,07_PRD/W4-02A.6.11_PRD_CURRENT_PRODUCT_REQUIREMENTS_FULL_CONSOLIDATED_v2.1.docx:179: Member exit may transfer Agency Listing to Personal Draft according to BR exception rules. || 07_PRD/W4-02A.6.11_PRD_CURRENT_PRODUCT_REQUIREMENTS_FULL_CONSOLIDATED_v2.1.docx:135: Agency lifecycle follows ACTIVE → CLOSING → CLOSED. || 07_PRD/W4-02A.6.11_PRD_CURRENT_PRODUCT_REQUIREMENTS_FULL_CONSOLIDATED_v2.1.docx:323: OPEN-C01 / MADCR-012 || CLOSED || Commercial AEP relationship governed,RETAIN_CORE_ONLY,YES,N/A,YES,NO,NO,PRESERVE_NO_DELTA_REQUIRED
M12-CI-003,M12,CONTROLLED,CAM11-0014,07_PRD/W4-02A.6.11_PRD_CURRENT_PRODUCT_REQUIREMENTS_FULL_CONSOLIDATED_v2.1.docx,c2a7b6e4a77a08621a16048cba2f0f8641a3d073bc71dc4e4854634aa788aa34,NO_HEADING_DETECTED,"07_PRD/W4-02A.6.11_PRD_CURRENT_PRODUCT_REQUIREMENTS_FULL_CONSOLIDATED_v2.1.docx:1: STEP AKTIF = W4-02A.6.11 — PRD CURRENT PRODUCT REQUIREMENTS || 07_PRD/W4-02A.6.11_PRD_CURRENT_PRODUCT_REQUIREMENTS_FULL_CONSOLIDATED_v2.1.docx:2: RUMAHAGEN — PRODUCT REQUIREMENTS DOCUMENT (PRD) || 07_PRD/W4-02A.6.11_PRD_CURRENT_PRODUCT_REQUIREMENTS_FULL_CONSOLIDATED_v2.1.docx:3: Version 2.1 — W4-02A.6.11 Full Current Consolidation || 07_PRD/W4-02A.6.11_PRD_CURRENT_PRODUCT_REQUIREMENTS_FULL_CONSOLIDATED_v2.1.docx:4: 19 August 2026 | COMPLETE / GREEN || 07_PRD/W4-02A.6.11_PRD_CURRENT_PRODUCT_REQUIREMENTS_FULL_CONSOLIDATED_v2.1.docx:5: Predecessor: PRD v2.0 — Wave 3 Step 3.1 Full Consolidated / Synchronized. This artifact is a new full current version, not a patch or delta. || 07_PRD/W4-02A.6.11_PRD_CURRENT_PRODUCT_REQUIREMENTS_FULL_CONSOLIDATED_v2.1.docx:6: 0. EXECUTIVE PRODUCT BASELINE",RUMAHAGEN_WF03_M12_FULL_REBUILD_CONTROLLED_v1.0.zip,Organization Public Content ownership clarification,RUMAHAGEN_WF03_M12_FULL_REBUILD_CONTROLLED_v1.0.md:812: ### Organization Public Content || RUMAHAGEN_WF03_M12_FULL_REBUILD_CONTROLLED_v1.0.md:747: M12 owns Organization/public content semantics; M11 owns public discovery/SEO projection. || RUMAHAGEN_WF03_M12_FULL_REBUILD_CONTROLLED_v1.0.md:547: | Public Content | Lead | Manage / View | Organization/Public |,"07_PRD/W4-02A.6.11_PRD_CURRENT_PRODUCT_REQUIREMENTS_FULL_CONSOLIDATED_v2.1.docx:123: Public Listing, Agent, Organization and Developer surfaces may expose governed SEO metadata. || 07_PRD/W4-02A.6.11_PRD_CURRENT_PRODUCT_REQUIREMENTS_FULL_CONSOLIDATED_v2.1.docx:83: Agency Listing respects current Organization context, ownership, origin and transfer rules. || 07_PRD/W4-02A.6.11_PRD_CURRENT_PRODUCT_REQUIREMENTS_FULL_CONSOLIDATED_v2.1.docx:347: Organization / Authorization || PASS",ADD_MXX_VALID_DETAIL_RETAIN_CORE,YES,N/A,YES,NO,NO,BOTH_TEXTUAL_CORROBORATION
M12-CI-004,M12,AUGMENT,CAM11-0014,07_PRD/W4-02A.6.11_PRD_CURRENT_PRODUCT_REQUIREMENTS_FULL_CONSOLIDATED_v2.1.docx,c2a7b6e4a77a08621a16048cba2f0f8641a3d073bc71dc4e4854634aa788aa34,NO_HEADING_DETECTED,"07_PRD/W4-02A.6.11_PRD_CURRENT_PRODUCT_REQUIREMENTS_FULL_CONSOLIDATED_v2.1.docx:1: STEP AKTIF = W4-02A.6.11 — PRD CURRENT PRODUCT REQUIREMENTS || 07_PRD/W4-02A.6.11_PRD_CURRENT_PRODUCT_REQUIREMENTS_FULL_CONSOLIDATED_v2.1.docx:2: RUMAHAGEN — PRODUCT REQUIREMENTS DOCUMENT (PRD) || 07_PRD/W4-02A.6.11_PRD_CURRENT_PRODUCT_REQUIREMENTS_FULL_CONSOLIDATED_v2.1.docx:3: Version 2.1 — W4-02A.6.11 Full Current Consolidation || 07_PRD/W4-02A.6.11_PRD_CURRENT_PRODUCT_REQUIREMENTS_FULL_CONSOLIDATED_v2.1.docx:4: 19 August 2026 | COMPLETE / GREEN || 07_PRD/W4-02A.6.11_PRD_CURRENT_PRODUCT_REQUIREMENTS_FULL_CONSOLIDATED_v2.1.docx:5: Predecessor: PRD v2.0 — Wave 3 Step 3.1 Full Consolidated / Synchronized. This artifact is a new full current version, not a patch or delta. || 07_PRD/W4-02A.6.11_PRD_CURRENT_PRODUCT_REQUIREMENTS_FULL_CONSOLIDATED_v2.1.docx:6: 0. EXECUTIVE PRODUCT BASELINE",RUMAHAGEN_WF03_M12_FULL_REBUILD_CONTROLLED_v1.0.zip,ORG-ADMIN action/permission boundary,RUMAHAGEN_WF03_M12_FULL_REBUILD_CONTROLLED_v1.0.md:845: - Permission/action: COMPLETE || RUMAHAGEN_WF03_M12_FULL_REBUILD_CONTROLLED_v1.0.md:773: | Permission/action | PASS | || RUMAHAGEN_WF03_M12_FULL_REBUILD_CONTROLLED_v1.0.md:537: # 27. Permission / Action Matrix,07_PRD/W4-02A.6.11_PRD_CURRENT_PRODUCT_REQUIREMENTS_FULL_CONSOLIDATED_v2.1.docx:36: Role + Permission + Scope authorizes action; qualification determines eligibility. || 07_PRD/W4-02A.6.11_PRD_CURRENT_PRODUCT_REQUIREMENTS_FULL_CONSOLIDATED_v2.1.docx:351: Historical/provenance boundary || PASS || 07_PRD/W4-02A.6.11_PRD_CURRENT_PRODUCT_REQUIREMENTS_FULL_CONSOLIDATED_v2.1.docx:350: Physical/runtime boundary || PASS,ADD_MXX_VALID_DETAIL_RETAIN_CORE,YES,YES,YES,NO,NO,BOTH_TEXTUAL_CORROBORATION
M12-CI-005,M12,PRESERVE,CAM11-0014,07_PRD/W4-02A.6.11_PRD_CURRENT_PRODUCT_REQUIREMENTS_FULL_CONSOLIDATED_v2.1.docx,c2a7b6e4a77a08621a16048cba2f0f8641a3d073bc71dc4e4854634aa788aa34,NO_HEADING_DETECTED,"07_PRD/W4-02A.6.11_PRD_CURRENT_PRODUCT_REQUIREMENTS_FULL_CONSOLIDATED_v2.1.docx:1: STEP AKTIF = W4-02A.6.11 — PRD CURRENT PRODUCT REQUIREMENTS || 07_PRD/W4-02A.6.11_PRD_CURRENT_PRODUCT_REQUIREMENTS_FULL_CONSOLIDATED_v2.1.docx:2: RUMAHAGEN — PRODUCT REQUIREMENTS DOCUMENT (PRD) || 07_PRD/W4-02A.6.11_PRD_CURRENT_PRODUCT_REQUIREMENTS_FULL_CONSOLIDATED_v2.1.docx:3: Version 2.1 — W4-02A.6.11 Full Current Consolidation || 07_PRD/W4-02A.6.11_PRD_CURRENT_PRODUCT_REQUIREMENTS_FULL_CONSOLIDATED_v2.1.docx:4: 19 August 2026 | COMPLETE / GREEN || 07_PRD/W4-02A.6.11_PRD_CURRENT_PRODUCT_REQUIREMENTS_FULL_CONSOLIDATED_v2.1.docx:5: Predecessor: PRD v2.0 — Wave 3 Step 3.1 Full Consolidated / Synchronized. This artifact is a new full current version, not a patch or delta. || 07_PRD/W4-02A.6.11_PRD_CURRENT_PRODUCT_REQUIREMENTS_FULL_CONSOLIDATED_v2.1.docx:6: 0. EXECUTIVE PRODUCT BASELINE",RUMAHAGEN_WF03_M12_FULL_REBUILD_CONTROLLED_v1.0.zip,M12 → M03 organization-context dependency,RUMAHAGEN_WF03_M12_FULL_REBUILD_CONTROLLED_v1.0.md:707: | M03 | Organization Listing context/execution | M03 | || RUMAHAGEN_WF03_M12_FULL_REBUILD_CONTROLLED_v1.0.md:390: **M12 context + M10 authorization + M03 execution** || RUMAHAGEN_WF03_M12_FULL_REBUILD_CONTROLLED_v1.0.docx:466: | M03 | Organization Listing context/execution | M03 |,07_PRD/W4-02A.6.11_PRD_CURRENT_PRODUCT_REQUIREMENTS_FULL_CONSOLIDATED_v2.1.docx:271: M12 || Organization / Agency context || Evolved || 07_PRD/W4-02A.6.11_PRD_CURRENT_PRODUCT_REQUIREMENTS_FULL_CONSOLIDATED_v2.1.docx:258: Organization Lead || Organization-scoped authority over Organization context. || 07_PRD/W4-02A.6.11_PRD_CURRENT_PRODUCT_REQUIREMENTS_FULL_CONSOLIDATED_v2.1.docx:257: Agent || Independent-first platform actor with Personal Context; may gain Organization Context.,RETAIN_CORE_ONLY,YES,N/A,YES,NO,NO,PRESERVE_NO_DELTA_REQUIRED
M12-CI-006,M12,PRESERVE,CAM11-0014,07_PRD/W4-02A.6.11_PRD_CURRENT_PRODUCT_REQUIREMENTS_FULL_CONSOLIDATED_v2.1.docx,c2a7b6e4a77a08621a16048cba2f0f8641a3d073bc71dc4e4854634aa788aa34,NO_HEADING_DETECTED,"07_PRD/W4-02A.6.11_PRD_CURRENT_PRODUCT_REQUIREMENTS_FULL_CONSOLIDATED_v2.1.docx:1: STEP AKTIF = W4-02A.6.11 — PRD CURRENT PRODUCT REQUIREMENTS || 07_PRD/W4-02A.6.11_PRD_CURRENT_PRODUCT_REQUIREMENTS_FULL_CONSOLIDATED_v2.1.docx:2: RUMAHAGEN — PRODUCT REQUIREMENTS DOCUMENT (PRD) || 07_PRD/W4-02A.6.11_PRD_CURRENT_PRODUCT_REQUIREMENTS_FULL_CONSOLIDATED_v2.1.docx:3: Version 2.1 — W4-02A.6.11 Full Current Consolidation || 07_PRD/W4-02A.6.11_PRD_CURRENT_PRODUCT_REQUIREMENTS_FULL_CONSOLIDATED_v2.1.docx:4: 19 August 2026 | COMPLETE / GREEN || 07_PRD/W4-02A.6.11_PRD_CURRENT_PRODUCT_REQUIREMENTS_FULL_CONSOLIDATED_v2.1.docx:5: Predecessor: PRD v2.0 — Wave 3 Step 3.1 Full Consolidated / Synchronized. This artifact is a new full current version, not a patch or delta. || 07_PRD/W4-02A.6.11_PRD_CURRENT_PRODUCT_REQUIREMENTS_FULL_CONSOLIDATED_v2.1.docx:6: 0. EXECUTIVE PRODUCT BASELINE",RUMAHAGEN_WF03_M12_FULL_REBUILD_CONTROLLED_v1.0.zip,M12 → M10 authorization dependency,RUMAHAGEN_WF03_M12_FULL_REBUILD_CONTROLLED_v1.0.md:686: M12 operations require M10 authorization plus appropriate M12 context. || RUMAHAGEN_WF03_M12_FULL_REBUILD_CONTROLLED_v1.0.md:390: **M12 context + M10 authorization + M03 execution** || RUMAHAGEN_WF03_M12_FULL_REBUILD_CONTROLLED_v1.0.docx:450: M12 operations require M10 authorization plus appropriate M12 context.,"07_PRD/W4-02A.6.11_PRD_CURRENT_PRODUCT_REQUIREMENTS_FULL_CONSOLIDATED_v2.1.docx:116: M10 — Authorization || 07_PRD/W4-02A.6.11_PRD_CURRENT_PRODUCT_REQUIREMENTS_FULL_CONSOLIDATED_v2.1.docx:347: Organization / Authorization || PASS || 07_PRD/W4-02A.6.11_PRD_CURRENT_PRODUCT_REQUIREMENTS_FULL_CONSOLIDATED_v2.1.docx:330: UPDATE || Current 6.1–6.10 authority, approved Commercial BR closure, current AEP2/AEP3/AEP4 decisions, Midtrans closure, Session lifecycle/taxonomy, Awarding closure, Authorization boundaries",RETAIN_CORE_ONLY,YES,N/A,YES,NO,NO,PRESERVE_NO_DELTA_REQUIRED
M12-CI-007,M12,PRESERVE,CAM11-0014,07_PRD/W4-02A.6.11_PRD_CURRENT_PRODUCT_REQUIREMENTS_FULL_CONSOLIDATED_v2.1.docx,c2a7b6e4a77a08621a16048cba2f0f8641a3d073bc71dc4e4854634aa788aa34,NO_HEADING_DETECTED,"07_PRD/W4-02A.6.11_PRD_CURRENT_PRODUCT_REQUIREMENTS_FULL_CONSOLIDATED_v2.1.docx:1: STEP AKTIF = W4-02A.6.11 — PRD CURRENT PRODUCT REQUIREMENTS || 07_PRD/W4-02A.6.11_PRD_CURRENT_PRODUCT_REQUIREMENTS_FULL_CONSOLIDATED_v2.1.docx:2: RUMAHAGEN — PRODUCT REQUIREMENTS DOCUMENT (PRD) || 07_PRD/W4-02A.6.11_PRD_CURRENT_PRODUCT_REQUIREMENTS_FULL_CONSOLIDATED_v2.1.docx:3: Version 2.1 — W4-02A.6.11 Full Current Consolidation || 07_PRD/W4-02A.6.11_PRD_CURRENT_PRODUCT_REQUIREMENTS_FULL_CONSOLIDATED_v2.1.docx:4: 19 August 2026 | COMPLETE / GREEN || 07_PRD/W4-02A.6.11_PRD_CURRENT_PRODUCT_REQUIREMENTS_FULL_CONSOLIDATED_v2.1.docx:5: Predecessor: PRD v2.0 — Wave 3 Step 3.1 Full Consolidated / Synchronized. This artifact is a new full current version, not a patch or delta. || 07_PRD/W4-02A.6.11_PRD_CURRENT_PRODUCT_REQUIREMENTS_FULL_CONSOLIDATED_v2.1.docx:6: 0. EXECUTIVE PRODUCT BASELINE",RUMAHAGEN_WF03_M12_FULL_REBUILD_CONTROLLED_v1.0.zip,M12 → M11 discovery dependency,RUMAHAGEN_WF03_M12_FULL_REBUILD_CONTROLLED_v1.0.md:747: M12 owns Organization/public content semantics; M11 owns public discovery/SEO projection. || RUMAHAGEN_WF03_M12_FULL_REBUILD_CONTROLLED_v1.0.md:465: M12 remains content authority for Organization-owned content; M11 remains discovery/projection authority. || RUMAHAGEN_WF03_M12_FULL_REBUILD_CONTROLLED_v1.0.docx:493: M12 owns Organization/public content semantics; M11 owns public discovery/SEO projection.,07_PRD/W4-02A.6.11_PRD_CURRENT_PRODUCT_REQUIREMENTS_FULL_CONSOLIDATED_v2.1.docx:309: SEO/Analytics baseline || Wave 3 SEO/Analytics v2.0 || Public discovery/measurement || 07_PRD/W4-02A.6.11_PRD_CURRENT_PRODUCT_REQUIREMENTS_FULL_CONSOLIDATED_v2.1.docx:271: M12 || Organization / Agency context || Evolved || 07_PRD/W4-02A.6.11_PRD_CURRENT_PRODUCT_REQUIREMENTS_FULL_CONSOLIDATED_v2.1.docx:270: M11 || SEO / Analytics || Evolved,RETAIN_CORE_ONLY,YES,N/A,YES,NO,NO,PRESERVE_NO_DELTA_REQUIRED
M12-CI-008,M12,PRESERVE,CAM11-0014,07_PRD/W4-02A.6.11_PRD_CURRENT_PRODUCT_REQUIREMENTS_FULL_CONSOLIDATED_v2.1.docx,c2a7b6e4a77a08621a16048cba2f0f8641a3d073bc71dc4e4854634aa788aa34,NO_HEADING_DETECTED,"07_PRD/W4-02A.6.11_PRD_CURRENT_PRODUCT_REQUIREMENTS_FULL_CONSOLIDATED_v2.1.docx:1: STEP AKTIF = W4-02A.6.11 — PRD CURRENT PRODUCT REQUIREMENTS || 07_PRD/W4-02A.6.11_PRD_CURRENT_PRODUCT_REQUIREMENTS_FULL_CONSOLIDATED_v2.1.docx:2: RUMAHAGEN — PRODUCT REQUIREMENTS DOCUMENT (PRD) || 07_PRD/W4-02A.6.11_PRD_CURRENT_PRODUCT_REQUIREMENTS_FULL_CONSOLIDATED_v2.1.docx:3: Version 2.1 — W4-02A.6.11 Full Current Consolidation || 07_PRD/W4-02A.6.11_PRD_CURRENT_PRODUCT_REQUIREMENTS_FULL_CONSOLIDATED_v2.1.docx:4: 19 August 2026 | COMPLETE / GREEN || 07_PRD/W4-02A.6.11_PRD_CURRENT_PRODUCT_REQUIREMENTS_FULL_CONSOLIDATED_v2.1.docx:5: Predecessor: PRD v2.0 — Wave 3 Step 3.1 Full Consolidated / Synchronized. This artifact is a new full current version, not a patch or delta. || 07_PRD/W4-02A.6.11_PRD_CURRENT_PRODUCT_REQUIREMENTS_FULL_CONSOLIDATED_v2.1.docx:6: 0. EXECUTIVE PRODUCT BASELINE",RUMAHAGEN_WF03_M12_FULL_REBUILD_CONTROLLED_v1.0.zip,M12 → M14 commercial-context dependency,RUMAHAGEN_WF03_M12_FULL_REBUILD_CONTROLLED_v1.0.md:826: - M12 context; || RUMAHAGEN_WF03_M12_FULL_REBUILD_CONTROLLED_v1.0.md:749: ### Finding 6 — M12 ↔ M14 || RUMAHAGEN_WF03_M12_FULL_REBUILD_CONTROLLED_v1.0.md:715: | M14 | commercial authority | M14 |,07_PRD/W4-02A.6.11_PRD_CURRENT_PRODUCT_REQUIREMENTS_FULL_CONSOLIDATED_v2.1.docx:273: M14 || Commercial / Payment || Governing product boundary || 07_PRD/W4-02A.6.11_PRD_CURRENT_PRODUCT_REQUIREMENTS_FULL_CONSOLIDATED_v2.1.docx:271: M12 || Organization / Agency context || Evolved || 07_PRD/W4-02A.6.11_PRD_CURRENT_PRODUCT_REQUIREMENTS_FULL_CONSOLIDATED_v2.1.docx:241: Payment || M14 Commercial / Payment subdomain,RETAIN_CORE_ONLY,YES,N/A,YES,NO,NO,PRESERVE_NO_DELTA_REQUIRED
M12-CI-009,M12,CONTROLLED,CAM11-0014,07_PRD/W4-02A.6.11_PRD_CURRENT_PRODUCT_REQUIREMENTS_FULL_CONSOLIDATED_v2.1.docx,c2a7b6e4a77a08621a16048cba2f0f8641a3d073bc71dc4e4854634aa788aa34,NO_HEADING_DETECTED,"07_PRD/W4-02A.6.11_PRD_CURRENT_PRODUCT_REQUIREMENTS_FULL_CONSOLIDATED_v2.1.docx:1: STEP AKTIF = W4-02A.6.11 — PRD CURRENT PRODUCT REQUIREMENTS || 07_PRD/W4-02A.6.11_PRD_CURRENT_PRODUCT_REQUIREMENTS_FULL_CONSOLIDATED_v2.1.docx:2: RUMAHAGEN — PRODUCT REQUIREMENTS DOCUMENT (PRD) || 07_PRD/W4-02A.6.11_PRD_CURRENT_PRODUCT_REQUIREMENTS_FULL_CONSOLIDATED_v2.1.docx:3: Version 2.1 — W4-02A.6.11 Full Current Consolidation || 07_PRD/W4-02A.6.11_PRD_CURRENT_PRODUCT_REQUIREMENTS_FULL_CONSOLIDATED_v2.1.docx:4: 19 August 2026 | COMPLETE / GREEN || 07_PRD/W4-02A.6.11_PRD_CURRENT_PRODUCT_REQUIREMENTS_FULL_CONSOLIDATED_v2.1.docx:5: Predecessor: PRD v2.0 — Wave 3 Step 3.1 Full Consolidated / Synchronized. This artifact is a new full current version, not a patch or delta. || 07_PRD/W4-02A.6.11_PRD_CURRENT_PRODUCT_REQUIREMENTS_FULL_CONSOLIDATED_v2.1.docx:6: 0. EXECUTIVE PRODUCT BASELINE",RUMAHAGEN_WF03_M12_FULL_REBUILD_CONTROLLED_v1.0.zip,Physical implementation status,RUMAHAGEN_WF03_M12_FULL_REBUILD_CONTROLLED_v1.0.md:854: - Runtime status: downstream controlled || RUMAHAGEN_WF03_M12_FULL_REBUILD_CONTROLLED_v1.0.md:853: - Physical status: downstream controlled || RUMAHAGEN_WF03_M12_FULL_REBUILD_CONTROLLED_v1.0.md:785: | Runtime downstream status | PRESERVED |,07_PRD/W4-02A.6.11_PRD_CURRENT_PRODUCT_REQUIREMENTS_FULL_CONSOLIDATED_v2.1.docx:355: STEP STATUS || COMPLETE / GREEN || 07_PRD/W4-02A.6.11_PRD_CURRENT_PRODUCT_REQUIREMENTS_FULL_CONSOLIDATED_v2.1.docx:264: Area || Product role || Current status || 07_PRD/W4-02A.6.11_PRD_CURRENT_PRODUCT_REQUIREMENTS_FULL_CONSOLIDATED_v2.1.docx:251: Implementation authorization || NOT GRANTED by this PRD,ADD_MXX_VALID_DETAIL_RETAIN_CORE,YES,N/A,YES,NO,NO,BOTH_TEXTUAL_CORROBORATION
M12-CI-010,M12,CONTROLLED,CAM11-0014,07_PRD/W4-02A.6.11_PRD_CURRENT_PRODUCT_REQUIREMENTS_FULL_CONSOLIDATED_v2.1.docx,c2a7b6e4a77a08621a16048cba2f0f8641a3d073bc71dc4e4854634aa788aa34,NO_HEADING_DETECTED,"07_PRD/W4-02A.6.11_PRD_CURRENT_PRODUCT_REQUIREMENTS_FULL_CONSOLIDATED_v2.1.docx:1: STEP AKTIF = W4-02A.6.11 — PRD CURRENT PRODUCT REQUIREMENTS || 07_PRD/W4-02A.6.11_PRD_CURRENT_PRODUCT_REQUIREMENTS_FULL_CONSOLIDATED_v2.1.docx:2: RUMAHAGEN — PRODUCT REQUIREMENTS DOCUMENT (PRD) || 07_PRD/W4-02A.6.11_PRD_CURRENT_PRODUCT_REQUIREMENTS_FULL_CONSOLIDATED_v2.1.docx:3: Version 2.1 — W4-02A.6.11 Full Current Consolidation || 07_PRD/W4-02A.6.11_PRD_CURRENT_PRODUCT_REQUIREMENTS_FULL_CONSOLIDATED_v2.1.docx:4: 19 August 2026 | COMPLETE / GREEN || 07_PRD/W4-02A.6.11_PRD_CURRENT_PRODUCT_REQUIREMENTS_FULL_CONSOLIDATED_v2.1.docx:5: Predecessor: PRD v2.0 — Wave 3 Step 3.1 Full Consolidated / Synchronized. This artifact is a new full current version, not a patch or delta. || 07_PRD/W4-02A.6.11_PRD_CURRENT_PRODUCT_REQUIREMENTS_FULL_CONSOLIDATED_v2.1.docx:6: 0. EXECUTIVE PRODUCT BASELINE",RUMAHAGEN_WF03_M12_FULL_REBUILD_CONTROLLED_v1.0.zip,Runtime status,RUMAHAGEN_WF03_M12_FULL_REBUILD_CONTROLLED_v1.0.md:854: - Runtime status: downstream controlled || RUMAHAGEN_WF03_M12_FULL_REBUILD_CONTROLLED_v1.0.md:650: Runtime status remains: || RUMAHAGEN_WF03_M12_FULL_REBUILD_CONTROLLED_v1.0.docx:576: Runtime status: downstream controlled,07_PRD/W4-02A.6.11_PRD_CURRENT_PRODUCT_REQUIREMENTS_FULL_CONSOLIDATED_v2.1.docx:355: STEP STATUS || COMPLETE / GREEN || 07_PRD/W4-02A.6.11_PRD_CURRENT_PRODUCT_REQUIREMENTS_FULL_CONSOLIDATED_v2.1.docx:264: Area || Product role || Current status || 07_PRD/W4-02A.6.11_PRD_CURRENT_PRODUCT_REQUIREMENTS_FULL_CONSOLIDATED_v2.1.docx:204: No historical artifact is rewritten merely to erase its former status.,ADD_MXX_VALID_DETAIL_RETAIN_CORE,YES,N/A,YES,NO,NO,BOTH_TEXTUAL_CORROBORATION
M13-CI-001,M13,RECONCILE,CAM11-0014,07_PRD/W4-02A.6.11_PRD_CURRENT_PRODUCT_REQUIREMENTS_FULL_CONSOLIDATED_v2.1.docx,c2a7b6e4a77a08621a16048cba2f0f8641a3d073bc71dc4e4854634aa788aa34,NO_HEADING_DETECTED,"07_PRD/W4-02A.6.11_PRD_CURRENT_PRODUCT_REQUIREMENTS_FULL_CONSOLIDATED_v2.1.docx:1: STEP AKTIF = W4-02A.6.11 — PRD CURRENT PRODUCT REQUIREMENTS || 07_PRD/W4-02A.6.11_PRD_CURRENT_PRODUCT_REQUIREMENTS_FULL_CONSOLIDATED_v2.1.docx:2: RUMAHAGEN — PRODUCT REQUIREMENTS DOCUMENT (PRD) || 07_PRD/W4-02A.6.11_PRD_CURRENT_PRODUCT_REQUIREMENTS_FULL_CONSOLIDATED_v2.1.docx:3: Version 2.1 — W4-02A.6.11 Full Current Consolidation || 07_PRD/W4-02A.6.11_PRD_CURRENT_PRODUCT_REQUIREMENTS_FULL_CONSOLIDATED_v2.1.docx:4: 19 August 2026 | COMPLETE / GREEN || 07_PRD/W4-02A.6.11_PRD_CURRENT_PRODUCT_REQUIREMENTS_FULL_CONSOLIDATED_v2.1.docx:5: Predecessor: PRD v2.0 — Wave 3 Step 3.1 Full Consolidated / Synchronized. This artifact is a new full current version, not a patch or delta. || 07_PRD/W4-02A.6.11_PRD_CURRENT_PRODUCT_REQUIREMENTS_FULL_CONSOLIDATED_v2.1.docx:6: 0. EXECUTIVE PRODUCT BASELINE",RUMAHAGEN_WF03_M13_FULL_REBUILD_CONTROLLED_v1.0.zip,Provider Catalogue mutation = SUPERADMIN ONLY. Admin/Manager do not mutate catalogue. Agent cannot register arbitrary provider endpoint outside approved catalogue.,RUMAHAGEN_WF03_M13_FULL_REBUILD_CONTROLLED_v1.0.md:324: Custom provider/endpoint registration outside the catalogue is prohibited. || RUMAHAGEN_WF03_M13_FULL_REBUILD_CONTROLLED_v1.0.docx:209: Custom provider/endpoint registration outside the catalogue is prohibited. || RUMAHAGEN_WF03_M13_FULL_REBUILD_CONTROLLED_v1.0.md:1040: - Provider Catalogue mutation = **Superadmin-only**.,"07_PRD/W4-02A.6.11_PRD_CURRENT_PRODUCT_REQUIREMENTS_FULL_CONSOLIDATED_v2.1.docx:128: Analytics measures domain events and cannot create/mutate authoritative business outcomes. || 07_PRD/W4-02A.6.11_PRD_CURRENT_PRODUCT_REQUIREMENTS_FULL_CONSOLIDATED_v2.1.docx:330: UPDATE || Current 6.1–6.10 authority, approved Commercial BR closure, current AEP2/AEP3/AEP4 decisions, Midtrans closure, Session lifecycle/taxonomy, Awarding closure, Authorization boundaries || 07_PRD/W4-02A.6.11_PRD_CURRENT_PRODUCT_REQUIREMENTS_FULL_CONSOLIDATED_v2.1.docx:321: AEP4-OD-16/17 || APPROVED || Session Enrollment lifecycle",APPLY_APPROVED_CONFLICT_UPDATE_ONLY,YES,YES,YES,NO,NO,BOTH_TEXTUAL_CORROBORATION
M13-CI-002,M13,RECONCILE,CAM11-0014,07_PRD/W4-02A.6.11_PRD_CURRENT_PRODUCT_REQUIREMENTS_FULL_CONSOLIDATED_v2.1.docx,c2a7b6e4a77a08621a16048cba2f0f8641a3d073bc71dc4e4854634aa788aa34,NO_HEADING_DETECTED,"07_PRD/W4-02A.6.11_PRD_CURRENT_PRODUCT_REQUIREMENTS_FULL_CONSOLIDATED_v2.1.docx:1: STEP AKTIF = W4-02A.6.11 — PRD CURRENT PRODUCT REQUIREMENTS || 07_PRD/W4-02A.6.11_PRD_CURRENT_PRODUCT_REQUIREMENTS_FULL_CONSOLIDATED_v2.1.docx:2: RUMAHAGEN — PRODUCT REQUIREMENTS DOCUMENT (PRD) || 07_PRD/W4-02A.6.11_PRD_CURRENT_PRODUCT_REQUIREMENTS_FULL_CONSOLIDATED_v2.1.docx:3: Version 2.1 — W4-02A.6.11 Full Current Consolidation || 07_PRD/W4-02A.6.11_PRD_CURRENT_PRODUCT_REQUIREMENTS_FULL_CONSOLIDATED_v2.1.docx:4: 19 August 2026 | COMPLETE / GREEN || 07_PRD/W4-02A.6.11_PRD_CURRENT_PRODUCT_REQUIREMENTS_FULL_CONSOLIDATED_v2.1.docx:5: Predecessor: PRD v2.0 — Wave 3 Step 3.1 Full Consolidated / Synchronized. This artifact is a new full current version, not a patch or delta. || 07_PRD/W4-02A.6.11_PRD_CURRENT_PRODUCT_REQUIREMENTS_FULL_CONSOLIDATED_v2.1.docx:6: 0. EXECUTIVE PRODUCT BASELINE",RUMAHAGEN_WF03_M13_FULL_REBUILD_CONTROLLED_v1.0.zip,Agent/User owns own BYOK connection and may create/view/save/update/configure/rotate/replace/test/enable/disable/disconnect/delete/reconnect own connection without Admin/Manager approval; no sharing/delegation/transfer.,RUMAHAGEN_WF03_M13_FULL_REBUILD_CONTROLLED_v1.0.md:754: - own connection read/create/update/disable/delete. || RUMAHAGEN_WF03_M13_FULL_REBUILD_CONTROLLED_v1.0.md:501: **DISABLE ≠ DISCONNECT/DELETE** || RUMAHAGEN_WF03_M13_FULL_REBUILD_CONTROLLED_v1.0.docx:491: own connection read/create/update/disable/delete.,"07_PRD/W4-02A.6.11_PRD_CURRENT_PRODUCT_REQUIREMENTS_FULL_CONSOLIDATED_v2.1.docx:17: Provide AI BYOK assistance without allowing AI to become business, authorization, payment, completion, awarding or credential authority. || 07_PRD/W4-02A.6.11_PRD_CURRENT_PRODUCT_REQUIREMENTS_FULL_CONSOLIDATED_v2.1.docx:300: BR-001–BR-151 || Master Business Rules || User Flow, ERD, Dictionary, API, RBAC/RLS, Functional, Technical, Test || 07_PRD/W4-02A.6.11_PRD_CURRENT_PRODUCT_REQUIREMENTS_FULL_CONSOLIDATED_v2.1.docx:294: LP || Session does not directly create official LP transactions",APPLY_APPROVED_CONFLICT_UPDATE_ONLY,YES,YES,YES,NO,NO,BOTH_TEXTUAL_CORROBORATION
M13-CI-003,M13,PRESERVE,CAM11-0014,07_PRD/W4-02A.6.11_PRD_CURRENT_PRODUCT_REQUIREMENTS_FULL_CONSOLIDATED_v2.1.docx,c2a7b6e4a77a08621a16048cba2f0f8641a3d073bc71dc4e4854634aa788aa34,NO_HEADING_DETECTED,"07_PRD/W4-02A.6.11_PRD_CURRENT_PRODUCT_REQUIREMENTS_FULL_CONSOLIDATED_v2.1.docx:1: STEP AKTIF = W4-02A.6.11 — PRD CURRENT PRODUCT REQUIREMENTS || 07_PRD/W4-02A.6.11_PRD_CURRENT_PRODUCT_REQUIREMENTS_FULL_CONSOLIDATED_v2.1.docx:2: RUMAHAGEN — PRODUCT REQUIREMENTS DOCUMENT (PRD) || 07_PRD/W4-02A.6.11_PRD_CURRENT_PRODUCT_REQUIREMENTS_FULL_CONSOLIDATED_v2.1.docx:3: Version 2.1 — W4-02A.6.11 Full Current Consolidation || 07_PRD/W4-02A.6.11_PRD_CURRENT_PRODUCT_REQUIREMENTS_FULL_CONSOLIDATED_v2.1.docx:4: 19 August 2026 | COMPLETE / GREEN || 07_PRD/W4-02A.6.11_PRD_CURRENT_PRODUCT_REQUIREMENTS_FULL_CONSOLIDATED_v2.1.docx:5: Predecessor: PRD v2.0 — Wave 3 Step 3.1 Full Consolidated / Synchronized. This artifact is a new full current version, not a patch or delta. || 07_PRD/W4-02A.6.11_PRD_CURRENT_PRODUCT_REQUIREMENTS_FULL_CONSOLIDATED_v2.1.docx:6: 0. EXECUTIVE PRODUCT BASELINE",RUMAHAGEN_WF03_M13_FULL_REBUILD_CONTROLLED_v1.0.zip,M10 authorization boundary,RUMAHAGEN_WF03_M13_FULL_REBUILD_CONTROLLED_v1.0.md:904: | M10 authorization boundary | PASS | || RUMAHAGEN_WF03_M13_FULL_REBUILD_CONTROLLED_v1.0.docx:592: | M10 authorization boundary | PASS | || RUMAHAGEN_WF03_M13_FULL_REBUILD_CONTROLLED_v1.0.md:1051: - M10 remains authorization authority.,07_PRD/W4-02A.6.11_PRD_CURRENT_PRODUCT_REQUIREMENTS_FULL_CONSOLIDATED_v2.1.docx:116: M10 — Authorization || 07_PRD/W4-02A.6.11_PRD_CURRENT_PRODUCT_REQUIREMENTS_FULL_CONSOLIDATED_v2.1.docx:351: Historical/provenance boundary || PASS || 07_PRD/W4-02A.6.11_PRD_CURRENT_PRODUCT_REQUIREMENTS_FULL_CONSOLIDATED_v2.1.docx:350: Physical/runtime boundary || PASS,RETAIN_CORE_ONLY,YES,N/A,YES,NO,NO,PRESERVE_NO_DELTA_REQUIRED
M13-CI-004,M13,CONTROLLED,CAM11-0014,07_PRD/W4-02A.6.11_PRD_CURRENT_PRODUCT_REQUIREMENTS_FULL_CONSOLIDATED_v2.1.docx,c2a7b6e4a77a08621a16048cba2f0f8641a3d073bc71dc4e4854634aa788aa34,NO_HEADING_DETECTED,"07_PRD/W4-02A.6.11_PRD_CURRENT_PRODUCT_REQUIREMENTS_FULL_CONSOLIDATED_v2.1.docx:1: STEP AKTIF = W4-02A.6.11 — PRD CURRENT PRODUCT REQUIREMENTS || 07_PRD/W4-02A.6.11_PRD_CURRENT_PRODUCT_REQUIREMENTS_FULL_CONSOLIDATED_v2.1.docx:2: RUMAHAGEN — PRODUCT REQUIREMENTS DOCUMENT (PRD) || 07_PRD/W4-02A.6.11_PRD_CURRENT_PRODUCT_REQUIREMENTS_FULL_CONSOLIDATED_v2.1.docx:3: Version 2.1 — W4-02A.6.11 Full Current Consolidation || 07_PRD/W4-02A.6.11_PRD_CURRENT_PRODUCT_REQUIREMENTS_FULL_CONSOLIDATED_v2.1.docx:4: 19 August 2026 | COMPLETE / GREEN || 07_PRD/W4-02A.6.11_PRD_CURRENT_PRODUCT_REQUIREMENTS_FULL_CONSOLIDATED_v2.1.docx:5: Predecessor: PRD v2.0 — Wave 3 Step 3.1 Full Consolidated / Synchronized. This artifact is a new full current version, not a patch or delta. || 07_PRD/W4-02A.6.11_PRD_CURRENT_PRODUCT_REQUIREMENTS_FULL_CONSOLIDATED_v2.1.docx:6: 0. EXECUTIVE PRODUCT BASELINE",RUMAHAGEN_WF03_M13_FULL_REBUILD_CONTROLLED_v1.0.zip,Physical/runtime implementation,RUMAHAGEN_WF03_M13_FULL_REBUILD_CONTROLLED_v1.0.md:1055: - Physical/runtime implementation findings remain preserved. || RUMAHAGEN_WF03_M13_FULL_REBUILD_CONTROLLED_v1.0.docx:708: Physical/runtime implementation findings remain preserved. || RUMAHAGEN_WF03_M13_FULL_REBUILD_CONTROLLED_v1.0.md:873: These are explicitly retained as **downstream reconciliation/implementation work**.,07_PRD/W4-02A.6.11_PRD_CURRENT_PRODUCT_REQUIREMENTS_FULL_CONSOLIDATED_v2.1.docx:251: Implementation authorization || NOT GRANTED by this PRD || 07_PRD/W4-02A.6.11_PRD_CURRENT_PRODUCT_REQUIREMENTS_FULL_CONSOLIDATED_v2.1.docx:217: Exact physical implementation remains downstream and must reconcile to W4-01E/W4-02. || 07_PRD/W4-02A.6.11_PRD_CURRENT_PRODUCT_REQUIREMENTS_FULL_CONSOLIDATED_v2.1.docx:205: 14. W4-02A.6 PHYSICAL / IMPLEMENTATION BOUNDARY,ADD_MXX_VALID_DETAIL_RETAIN_CORE,YES,N/A,YES,NO,NO,BOTH_TEXTUAL_CORROBORATION
M14-CI-001,M14,PRESERVE,CAM11-0014,07_PRD/W4-02A.6.11_PRD_CURRENT_PRODUCT_REQUIREMENTS_FULL_CONSOLIDATED_v2.1.docx,c2a7b6e4a77a08621a16048cba2f0f8641a3d073bc71dc4e4854634aa788aa34,NO_HEADING_DETECTED,"07_PRD/W4-02A.6.11_PRD_CURRENT_PRODUCT_REQUIREMENTS_FULL_CONSOLIDATED_v2.1.docx:1: STEP AKTIF = W4-02A.6.11 — PRD CURRENT PRODUCT REQUIREMENTS || 07_PRD/W4-02A.6.11_PRD_CURRENT_PRODUCT_REQUIREMENTS_FULL_CONSOLIDATED_v2.1.docx:2: RUMAHAGEN — PRODUCT REQUIREMENTS DOCUMENT (PRD) || 07_PRD/W4-02A.6.11_PRD_CURRENT_PRODUCT_REQUIREMENTS_FULL_CONSOLIDATED_v2.1.docx:3: Version 2.1 — W4-02A.6.11 Full Current Consolidation || 07_PRD/W4-02A.6.11_PRD_CURRENT_PRODUCT_REQUIREMENTS_FULL_CONSOLIDATED_v2.1.docx:4: 19 August 2026 | COMPLETE / GREEN || 07_PRD/W4-02A.6.11_PRD_CURRENT_PRODUCT_REQUIREMENTS_FULL_CONSOLIDATED_v2.1.docx:5: Predecessor: PRD v2.0 — Wave 3 Step 3.1 Full Consolidated / Synchronized. This artifact is a new full current version, not a patch or delta. || 07_PRD/W4-02A.6.11_PRD_CURRENT_PRODUCT_REQUIREMENTS_FULL_CONSOLIDATED_v2.1.docx:6: 0. EXECUTIVE PRODUCT BASELINE",RUMAHAGEN_WF03_M14_FULL_REBUILD_v2.2_CORE_DETAIL_PARITY_FULL_VERSION.zip,M14 commercial authority,"RUMAHAGEN_WF03_M14_FULL_REBUILD_v2.2_CORE_DETAIL_PARITY_FULL_VERSION.md:71: | Q02 | M14 scope/resource authorization principle | M14 commercial authority is constrained by role, scope, resource/ownership and business state. | || RUMAHAGEN_WF03_M14_FULL_REBUILD_v2.2_CORE_DETAIL_PARITY_FULL_VERSION.docx:437: Q02 || M14 scope/resource authorization principle || M14 commercial authority is constrained by role, scope, resource/ownership and business state. || RUMAHAGEN_WF03_M14_FULL_REBUILD_v2.2_CORE_DETAIL_PARITY_FULL_VERSION.md:827: The Core M14 UI contract is preserved without becoming semantic authority. Product detail must expose Offer, Price, Billing period when applicable, Included entitlement, Validity, Important conditions and Purchase CTA. Checkout exposes commercial snapshot review, payment method/provider, Pay, pending/processing, verification, confirmed/failed/expired/cancelled, fulfillment and downstream entitlement/quota/LP outcome.",07_PRD/W4-02A.6.11_PRD_CURRENT_PRODUCT_REQUIREMENTS_FULL_CONSOLIDATED_v2.1.docx:273: M14 || Commercial / Payment || Governing product boundary || 07_PRD/W4-02A.6.11_PRD_CURRENT_PRODUCT_REQUIREMENTS_FULL_CONSOLIDATED_v2.1.docx:241: Payment || M14 Commercial / Payment subdomain || 07_PRD/W4-02A.6.11_PRD_CURRENT_PRODUCT_REQUIREMENTS_FULL_CONSOLIDATED_v2.1.docx:145: Payment belongs to M14 Commercial.,RETAIN_CORE_ONLY,YES,N/A,YES,NO,NO,PRESERVE_NO_DELTA_REQUIRED
M14-CI-002,M14,PRESERVE,CAM11-0014,07_PRD/W4-02A.6.11_PRD_CURRENT_PRODUCT_REQUIREMENTS_FULL_CONSOLIDATED_v2.1.docx,c2a7b6e4a77a08621a16048cba2f0f8641a3d073bc71dc4e4854634aa788aa34,NO_HEADING_DETECTED,"07_PRD/W4-02A.6.11_PRD_CURRENT_PRODUCT_REQUIREMENTS_FULL_CONSOLIDATED_v2.1.docx:1: STEP AKTIF = W4-02A.6.11 — PRD CURRENT PRODUCT REQUIREMENTS || 07_PRD/W4-02A.6.11_PRD_CURRENT_PRODUCT_REQUIREMENTS_FULL_CONSOLIDATED_v2.1.docx:2: RUMAHAGEN — PRODUCT REQUIREMENTS DOCUMENT (PRD) || 07_PRD/W4-02A.6.11_PRD_CURRENT_PRODUCT_REQUIREMENTS_FULL_CONSOLIDATED_v2.1.docx:3: Version 2.1 — W4-02A.6.11 Full Current Consolidation || 07_PRD/W4-02A.6.11_PRD_CURRENT_PRODUCT_REQUIREMENTS_FULL_CONSOLIDATED_v2.1.docx:4: 19 August 2026 | COMPLETE / GREEN || 07_PRD/W4-02A.6.11_PRD_CURRENT_PRODUCT_REQUIREMENTS_FULL_CONSOLIDATED_v2.1.docx:5: Predecessor: PRD v2.0 — Wave 3 Step 3.1 Full Consolidated / Synchronized. This artifact is a new full current version, not a patch or delta. || 07_PRD/W4-02A.6.11_PRD_CURRENT_PRODUCT_REQUIREMENTS_FULL_CONSOLIDATED_v2.1.docx:6: 0. EXECUTIVE PRODUCT BASELINE",RUMAHAGEN_WF03_M14_FULL_REBUILD_v2.2_CORE_DETAIL_PARITY_FULL_VERSION.zip,Payment belongs to M14,"RUMAHAGEN_WF03_M14_FULL_REBUILD_v2.2_CORE_DETAIL_PARITY_FULL_VERSION.md:827: The Core M14 UI contract is preserved without becoming semantic authority. Product detail must expose Offer, Price, Billing period when applicable, Included entitlement, Validity, Important conditions and Purchase CTA. Checkout exposes commercial snapshot review, payment method/provider, Pay, pending/processing, verification, confirmed/failed/expired/cancelled, fulfillment and downstream entitlement/quota/LP outcome. || RUMAHAGEN_WF03_M14_FULL_REBUILD_v2.2_CORE_DETAIL_PARITY_FULL_VERSION.md:759: - paid allowance, where applicable, becomes available only after the normal M14 payment → verification → fulfillment → entitlement chain. || RUMAHAGEN_WF03_M14_FULL_REBUILD_v2.2_CORE_DETAIL_PARITY_FULL_VERSION.md:602: | FR-M14-006 | Confirmed payment → fulfillment → entitlement | PRESERVED |",07_PRD/W4-02A.6.11_PRD_CURRENT_PRODUCT_REQUIREMENTS_FULL_CONSOLIDATED_v2.1.docx:145: Payment belongs to M14 Commercial. || 07_PRD/W4-02A.6.11_PRD_CURRENT_PRODUCT_REQUIREMENTS_FULL_CONSOLIDATED_v2.1.docx:273: M14 || Commercial / Payment || Governing product boundary || 07_PRD/W4-02A.6.11_PRD_CURRENT_PRODUCT_REQUIREMENTS_FULL_CONSOLIDATED_v2.1.docx:241: Payment || M14 Commercial / Payment subdomain,RETAIN_CORE_ONLY,YES,N/A,YES,NO,NO,PRESERVE_NO_DELTA_REQUIRED
M14-CI-003,M14,PRESERVE,CAM11-0014,07_PRD/W4-02A.6.11_PRD_CURRENT_PRODUCT_REQUIREMENTS_FULL_CONSOLIDATED_v2.1.docx,c2a7b6e4a77a08621a16048cba2f0f8641a3d073bc71dc4e4854634aa788aa34,NO_HEADING_DETECTED,"07_PRD/W4-02A.6.11_PRD_CURRENT_PRODUCT_REQUIREMENTS_FULL_CONSOLIDATED_v2.1.docx:1: STEP AKTIF = W4-02A.6.11 — PRD CURRENT PRODUCT REQUIREMENTS || 07_PRD/W4-02A.6.11_PRD_CURRENT_PRODUCT_REQUIREMENTS_FULL_CONSOLIDATED_v2.1.docx:2: RUMAHAGEN — PRODUCT REQUIREMENTS DOCUMENT (PRD) || 07_PRD/W4-02A.6.11_PRD_CURRENT_PRODUCT_REQUIREMENTS_FULL_CONSOLIDATED_v2.1.docx:3: Version 2.1 — W4-02A.6.11 Full Current Consolidation || 07_PRD/W4-02A.6.11_PRD_CURRENT_PRODUCT_REQUIREMENTS_FULL_CONSOLIDATED_v2.1.docx:4: 19 August 2026 | COMPLETE / GREEN || 07_PRD/W4-02A.6.11_PRD_CURRENT_PRODUCT_REQUIREMENTS_FULL_CONSOLIDATED_v2.1.docx:5: Predecessor: PRD v2.0 — Wave 3 Step 3.1 Full Consolidated / Synchronized. This artifact is a new full current version, not a patch or delta. || 07_PRD/W4-02A.6.11_PRD_CURRENT_PRODUCT_REQUIREMENTS_FULL_CONSOLIDATED_v2.1.docx:6: 0. EXECUTIVE PRODUCT BASELINE",RUMAHAGEN_WF03_M14_FULL_REBUILD_v2.2_CORE_DETAIL_PARITY_FULL_VERSION.zip,Entitlement ≠ RBAC,"RUMAHAGEN_WF03_M14_FULL_REBUILD_v2.2_CORE_DETAIL_PARITY_FULL_VERSION.md:772: | M13 | Assistive AI | Cannot confirm payment, grant entitlement or change RBAC. | || RUMAHAGEN_WF03_M14_FULL_REBUILD_v2.2_CORE_DETAIL_PARITY_FULL_VERSION.md:571: Authorization remains M10-owned: Authentication + Permission + Scope + Authority + Capability + RLS + State. Entitlement and quota are commercial outcomes/capacity, not RBAC permissions. || RUMAHAGEN_WF03_M14_FULL_REBUILD_v2.2_CORE_DETAIL_PARITY_FULL_VERSION.md:322: Entitlement references source order/payment/fulfillment and preserves historical source. Entitlement is commercial access/capacity authority, never an RBAC role or permission.","07_PRD/W4-02A.6.11_PRD_CURRENT_PRODUCT_REQUIREMENTS_FULL_CONSOLIDATED_v2.1.docx:301: MBR-COM-001–013 || Commercial Business Rules Closure — CLOSED / OWNER APPROVED || Commercial, Payment, Entitlement, Listing, PRD, User Flow, ERD, API, RBAC || 07_PRD/W4-02A.6.11_PRD_CURRENT_PRODUCT_REQUIREMENTS_FULL_CONSOLIDATED_v2.1.docx:240: Commercial Entitlement || Authority for commercial access/quota capacity; not RBAC || 07_PRD/W4-02A.6.11_PRD_CURRENT_PRODUCT_REQUIREMENTS_FULL_CONSOLIDATED_v2.1.docx:22: Subscription, Entitlement and RBAC are separate product concepts.",RETAIN_CORE_ONLY,YES,N/A,YES,NO,NO,PRESERVE_NO_DELTA_REQUIRED
M14-CI-004,M14,PRESERVE,CAM11-0014,07_PRD/W4-02A.6.11_PRD_CURRENT_PRODUCT_REQUIREMENTS_FULL_CONSOLIDATED_v2.1.docx,c2a7b6e4a77a08621a16048cba2f0f8641a3d073bc71dc4e4854634aa788aa34,NO_HEADING_DETECTED,"07_PRD/W4-02A.6.11_PRD_CURRENT_PRODUCT_REQUIREMENTS_FULL_CONSOLIDATED_v2.1.docx:1: STEP AKTIF = W4-02A.6.11 — PRD CURRENT PRODUCT REQUIREMENTS || 07_PRD/W4-02A.6.11_PRD_CURRENT_PRODUCT_REQUIREMENTS_FULL_CONSOLIDATED_v2.1.docx:2: RUMAHAGEN — PRODUCT REQUIREMENTS DOCUMENT (PRD) || 07_PRD/W4-02A.6.11_PRD_CURRENT_PRODUCT_REQUIREMENTS_FULL_CONSOLIDATED_v2.1.docx:3: Version 2.1 — W4-02A.6.11 Full Current Consolidation || 07_PRD/W4-02A.6.11_PRD_CURRENT_PRODUCT_REQUIREMENTS_FULL_CONSOLIDATED_v2.1.docx:4: 19 August 2026 | COMPLETE / GREEN || 07_PRD/W4-02A.6.11_PRD_CURRENT_PRODUCT_REQUIREMENTS_FULL_CONSOLIDATED_v2.1.docx:5: Predecessor: PRD v2.0 — Wave 3 Step 3.1 Full Consolidated / Synchronized. This artifact is a new full current version, not a patch or delta. || 07_PRD/W4-02A.6.11_PRD_CURRENT_PRODUCT_REQUIREMENTS_FULL_CONSOLIDATED_v2.1.docx:6: 0. EXECUTIVE PRODUCT BASELINE",RUMAHAGEN_WF03_M14_FULL_REBUILD_v2.2_CORE_DETAIL_PARITY_FULL_VERSION.zip,Quota is commercial capacity,"RUMAHAGEN_WF03_M14_FULL_REBUILD_v2.2_CORE_DETAIL_PARITY_FULL_VERSION.md:413: | System / Quota | AVAILABLE | Create capacity/pool/allocation as applicable | Quota is commercial capacity, not permission. | || RUMAHAGEN_WF03_M14_FULL_REBUILD_v2.2_CORE_DETAIL_PARITY_FULL_VERSION.md:718: | `/commercial/quota*` | Capacity/pool/allocation/usage | Four quota tables | M10 + server business rules | || RUMAHAGEN_WF03_M14_FULL_REBUILD_v2.2_CORE_DETAIL_PARITY_FULL_VERSION.md:585: | Quota Capacity | Granted commercial capacity | `quota_capacities` | M14 |",07_PRD/W4-02A.6.11_PRD_CURRENT_PRODUCT_REQUIREMENTS_FULL_CONSOLIDATED_v2.1.docx:240: Commercial Entitlement || Authority for commercial access/quota capacity; not RBAC || 07_PRD/W4-02A.6.11_PRD_CURRENT_PRODUCT_REQUIREMENTS_FULL_CONSOLIDATED_v2.1.docx:25: Commercial Entitlement is authoritative for commercial capability/quota capacity. || 07_PRD/W4-02A.6.11_PRD_CURRENT_PRODUCT_REQUIREMENTS_FULL_CONSOLIDATED_v2.1.docx:150: Commercial Entitlement is authoritative for commercial capacity/access.,RETAIN_CORE_ONLY,YES,N/A,YES,NO,NO,PRESERVE_NO_DELTA_REQUIRED
M14-CI-005,M14,AUGMENT,CAM11-0014,07_PRD/W4-02A.6.11_PRD_CURRENT_PRODUCT_REQUIREMENTS_FULL_CONSOLIDATED_v2.1.docx,c2a7b6e4a77a08621a16048cba2f0f8641a3d073bc71dc4e4854634aa788aa34,NO_HEADING_DETECTED,"07_PRD/W4-02A.6.11_PRD_CURRENT_PRODUCT_REQUIREMENTS_FULL_CONSOLIDATED_v2.1.docx:1: STEP AKTIF = W4-02A.6.11 — PRD CURRENT PRODUCT REQUIREMENTS || 07_PRD/W4-02A.6.11_PRD_CURRENT_PRODUCT_REQUIREMENTS_FULL_CONSOLIDATED_v2.1.docx:2: RUMAHAGEN — PRODUCT REQUIREMENTS DOCUMENT (PRD) || 07_PRD/W4-02A.6.11_PRD_CURRENT_PRODUCT_REQUIREMENTS_FULL_CONSOLIDATED_v2.1.docx:3: Version 2.1 — W4-02A.6.11 Full Current Consolidation || 07_PRD/W4-02A.6.11_PRD_CURRENT_PRODUCT_REQUIREMENTS_FULL_CONSOLIDATED_v2.1.docx:4: 19 August 2026 | COMPLETE / GREEN || 07_PRD/W4-02A.6.11_PRD_CURRENT_PRODUCT_REQUIREMENTS_FULL_CONSOLIDATED_v2.1.docx:5: Predecessor: PRD v2.0 — Wave 3 Step 3.1 Full Consolidated / Synchronized. This artifact is a new full current version, not a patch or delta. || 07_PRD/W4-02A.6.11_PRD_CURRENT_PRODUCT_REQUIREMENTS_FULL_CONSOLIDATED_v2.1.docx:6: 0. EXECUTIVE PRODUCT BASELINE",RUMAHAGEN_WF03_M14_FULL_REBUILD_v2.2_CORE_DETAIL_PARITY_FULL_VERSION.zip,Eight approved commercial surfaces,"RUMAHAGEN_WF03_M14_FULL_REBUILD_v2.2_CORE_DETAIL_PARITY_FULL_VERSION.md:154: | Catalog / Offer | Discover/select approved commercial offer | Commercial catalog is limited to eight approved MVP surfaces; no new monetization surface implied. | || RUMAHAGEN_WF03_M14_FULL_REBUILD_v2.2_CORE_DETAIL_PARITY_FULL_VERSION.docx:503: Catalog / Offer || Discover/select approved commercial offer || Commercial catalog is limited to eight approved MVP surfaces; no new monetization surface implied. || RUMAHAGEN_WF03_M14_FULL_REBUILD_v2.2_CORE_DETAIL_PARITY_FULL_VERSION.md:135: | Q66 | Canonical commercial product taxonomy | Use only the eight locked MVP commercial surfaces; legacy product names do not create new canonical products, pricing, packages or permissions. |","07_PRD/W4-02A.6.11_PRD_CURRENT_PRODUCT_REQUIREMENTS_FULL_CONSOLIDATED_v2.1.docx:330: UPDATE || Current 6.1–6.10 authority, approved Commercial BR closure, current AEP2/AEP3/AEP4 decisions, Midtrans closure, Session lifecycle/taxonomy, Awarding closure, Authorization boundaries || 07_PRD/W4-02A.6.11_PRD_CURRENT_PRODUCT_REQUIREMENTS_FULL_CONSOLIDATED_v2.1.docx:312: MBR-COM-001–013 || CLOSED — OWNER APPROVED || Current Commercial BR authority; stale gap wording = historical || 07_PRD/W4-02A.6.11_PRD_CURRENT_PRODUCT_REQUIREMENTS_FULL_CONSOLIDATED_v2.1.docx:302: MADCR-010/011 || Approved Commercial/Payment decisions || Commercial/Payment product boundaries",ADD_MXX_VALID_DETAIL_RETAIN_CORE,YES,YES,YES,NO,NO,BOTH_TEXTUAL_CORROBORATION
M14-CI-006,M14,AUGMENT,CAM11-0014,07_PRD/W4-02A.6.11_PRD_CURRENT_PRODUCT_REQUIREMENTS_FULL_CONSOLIDATED_v2.1.docx,c2a7b6e4a77a08621a16048cba2f0f8641a3d073bc71dc4e4854634aa788aa34,NO_HEADING_DETECTED,"07_PRD/W4-02A.6.11_PRD_CURRENT_PRODUCT_REQUIREMENTS_FULL_CONSOLIDATED_v2.1.docx:1: STEP AKTIF = W4-02A.6.11 — PRD CURRENT PRODUCT REQUIREMENTS || 07_PRD/W4-02A.6.11_PRD_CURRENT_PRODUCT_REQUIREMENTS_FULL_CONSOLIDATED_v2.1.docx:2: RUMAHAGEN — PRODUCT REQUIREMENTS DOCUMENT (PRD) || 07_PRD/W4-02A.6.11_PRD_CURRENT_PRODUCT_REQUIREMENTS_FULL_CONSOLIDATED_v2.1.docx:3: Version 2.1 — W4-02A.6.11 Full Current Consolidation || 07_PRD/W4-02A.6.11_PRD_CURRENT_PRODUCT_REQUIREMENTS_FULL_CONSOLIDATED_v2.1.docx:4: 19 August 2026 | COMPLETE / GREEN || 07_PRD/W4-02A.6.11_PRD_CURRENT_PRODUCT_REQUIREMENTS_FULL_CONSOLIDATED_v2.1.docx:5: Predecessor: PRD v2.0 — Wave 3 Step 3.1 Full Consolidated / Synchronized. This artifact is a new full current version, not a patch or delta. || 07_PRD/W4-02A.6.11_PRD_CURRENT_PRODUCT_REQUIREMENTS_FULL_CONSOLIDATED_v2.1.docx:6: 0. EXECUTIVE PRODUCT BASELINE",RUMAHAGEN_WF03_M14_FULL_REBUILD_v2.2_CORE_DETAIL_PARITY_FULL_VERSION.zip,Subscription lifecycle,RUMAHAGEN_WF03_M14_FULL_REBUILD_v2.2_CORE_DETAIL_PARITY_FULL_VERSION.md:842: | Subscription lifecycle | PASS + DETAIL | Lifecycle + all current physical constraints/fields mapped. | || RUMAHAGEN_WF03_M14_FULL_REBUILD_v2.2_CORE_DETAIL_PARITY_FULL_VERSION.md:175: ## 7. Subscription Lifecycle || RUMAHAGEN_WF03_M14_FULL_REBUILD_v2.2_CORE_DETAIL_PARITY_FULL_VERSION.md:155: | Subscription | Create/activate/manage subscription lifecycle | State machine and historical purchase snapshot preserved. |,07_PRD/W4-02A.6.11_PRD_CURRENT_PRODUCT_REQUIREMENTS_FULL_CONSOLIDATED_v2.1.docx:53: Subscription lifecycle must support approved personal Agent and Organization commercial relationships. || 07_PRD/W4-02A.6.11_PRD_CURRENT_PRODUCT_REQUIREMENTS_FULL_CONSOLIDATED_v2.1.docx:47: Pro annual subscription. || 07_PRD/W4-02A.6.11_PRD_CURRENT_PRODUCT_REQUIREMENTS_FULL_CONSOLIDATED_v2.1.docx:46: Pro monthly subscription.,ADD_MXX_VALID_DETAIL_RETAIN_CORE,YES,YES,YES,NO,NO,BOTH_TEXTUAL_CORROBORATION
M14-CI-007,M14,AUGMENT,CAM11-0014,07_PRD/W4-02A.6.11_PRD_CURRENT_PRODUCT_REQUIREMENTS_FULL_CONSOLIDATED_v2.1.docx,c2a7b6e4a77a08621a16048cba2f0f8641a3d073bc71dc4e4854634aa788aa34,NO_HEADING_DETECTED,"07_PRD/W4-02A.6.11_PRD_CURRENT_PRODUCT_REQUIREMENTS_FULL_CONSOLIDATED_v2.1.docx:1: STEP AKTIF = W4-02A.6.11 — PRD CURRENT PRODUCT REQUIREMENTS || 07_PRD/W4-02A.6.11_PRD_CURRENT_PRODUCT_REQUIREMENTS_FULL_CONSOLIDATED_v2.1.docx:2: RUMAHAGEN — PRODUCT REQUIREMENTS DOCUMENT (PRD) || 07_PRD/W4-02A.6.11_PRD_CURRENT_PRODUCT_REQUIREMENTS_FULL_CONSOLIDATED_v2.1.docx:3: Version 2.1 — W4-02A.6.11 Full Current Consolidation || 07_PRD/W4-02A.6.11_PRD_CURRENT_PRODUCT_REQUIREMENTS_FULL_CONSOLIDATED_v2.1.docx:4: 19 August 2026 | COMPLETE / GREEN || 07_PRD/W4-02A.6.11_PRD_CURRENT_PRODUCT_REQUIREMENTS_FULL_CONSOLIDATED_v2.1.docx:5: Predecessor: PRD v2.0 — Wave 3 Step 3.1 Full Consolidated / Synchronized. This artifact is a new full current version, not a patch or delta. || 07_PRD/W4-02A.6.11_PRD_CURRENT_PRODUCT_REQUIREMENTS_FULL_CONSOLIDATED_v2.1.docx:6: 0. EXECUTIVE PRODUCT BASELINE",RUMAHAGEN_WF03_M14_FULL_REBUILD_v2.2_CORE_DETAIL_PARITY_FULL_VERSION.zip,Add-on lifecycle/validity,"RUMAHAGEN_WF03_M14_FULL_REBUILD_v2.2_CORE_DETAIL_PARITY_FULL_VERSION.md:843: | Add-on lifecycle | PASS + DETAIL | Fields/status/validity mapped. | || RUMAHAGEN_WF03_M14_FULL_REBUILD_v2.2_CORE_DETAIL_PARITY_FULL_VERSION.md:191: Add-ons retain validity semantics: `permanent`, `fixed_period`, `usage_based`, with validity days, capacity type/value, promotion relation and configuration. || RUMAHAGEN_WF03_M14_FULL_REBUILD_v2.2_CORE_DETAIL_PARITY_FULL_VERSION.md:156: | Add-on | Configure/sell quota or other approved add-on capacity | Validity/capacity/promotion semantics preserved. |","07_PRD/W4-02A.6.11_PRD_CURRENT_PRODUCT_REQUIREMENTS_FULL_CONSOLIDATED_v2.1.docx:183: Unallocated Permanent Add-on resolves to Owner on closure; allocated add-on remains with recipient. || 07_PRD/W4-02A.6.11_PRD_CURRENT_PRODUCT_REQUIREMENTS_FULL_CONSOLIDATED_v2.1.docx:182: Permanent Add-on ownership follows allocation, not consumption. || 07_PRD/W4-02A.6.11_PRD_CURRENT_PRODUCT_REQUIREMENTS_FULL_CONSOLIDATED_v2.1.docx:137: Agency Listing transfer, promotion exception, add-on ownership and historical analytics/audit follow BR-001–BR-151.",ADD_MXX_VALID_DETAIL_RETAIN_CORE,YES,YES,YES,NO,NO,BOTH_TEXTUAL_CORROBORATION
M14-CI-008,M14,AUGMENT,CAM11-0014,07_PRD/W4-02A.6.11_PRD_CURRENT_PRODUCT_REQUIREMENTS_FULL_CONSOLIDATED_v2.1.docx,c2a7b6e4a77a08621a16048cba2f0f8641a3d073bc71dc4e4854634aa788aa34,NO_HEADING_DETECTED,"07_PRD/W4-02A.6.11_PRD_CURRENT_PRODUCT_REQUIREMENTS_FULL_CONSOLIDATED_v2.1.docx:1: STEP AKTIF = W4-02A.6.11 — PRD CURRENT PRODUCT REQUIREMENTS || 07_PRD/W4-02A.6.11_PRD_CURRENT_PRODUCT_REQUIREMENTS_FULL_CONSOLIDATED_v2.1.docx:2: RUMAHAGEN — PRODUCT REQUIREMENTS DOCUMENT (PRD) || 07_PRD/W4-02A.6.11_PRD_CURRENT_PRODUCT_REQUIREMENTS_FULL_CONSOLIDATED_v2.1.docx:3: Version 2.1 — W4-02A.6.11 Full Current Consolidation || 07_PRD/W4-02A.6.11_PRD_CURRENT_PRODUCT_REQUIREMENTS_FULL_CONSOLIDATED_v2.1.docx:4: 19 August 2026 | COMPLETE / GREEN || 07_PRD/W4-02A.6.11_PRD_CURRENT_PRODUCT_REQUIREMENTS_FULL_CONSOLIDATED_v2.1.docx:5: Predecessor: PRD v2.0 — Wave 3 Step 3.1 Full Consolidated / Synchronized. This artifact is a new full current version, not a patch or delta. || 07_PRD/W4-02A.6.11_PRD_CURRENT_PRODUCT_REQUIREMENTS_FULL_CONSOLIDATED_v2.1.docx:6: 0. EXECUTIVE PRODUCT BASELINE",RUMAHAGEN_WF03_M14_FULL_REBUILD_v2.2_CORE_DETAIL_PARITY_FULL_VERSION.zip,Promotion lifecycle,RUMAHAGEN_WF03_M14_FULL_REBUILD_v2.2_CORE_DETAIL_PARITY_FULL_VERSION.md:844: | Promotion lifecycle | PASS + DETAIL | Configuration/validity/status mapped. | || RUMAHAGEN_WF03_M14_FULL_REBUILD_v2.2_CORE_DETAIL_PARITY_FULL_VERSION.md:193: ## 9. Promotion Lifecycle || RUMAHAGEN_WF03_M14_FULL_REBUILD_v2.2_CORE_DETAIL_PARITY_FULL_VERSION.docx:649: Promotion lifecycle || PASS + DETAIL || Configuration/validity/status mapped.,"07_PRD/W4-02A.6.11_PRD_CURRENT_PRODUCT_REQUIREMENTS_FULL_CONSOLIDATED_v2.1.docx:255: Manager || Internal supervisory role; no Agent/Admin promotion or demotion. || 07_PRD/W4-02A.6.11_PRD_CURRENT_PRODUCT_REQUIREMENTS_FULL_CONSOLIDATED_v2.1.docx:180: Published + active promotion may remain Agency Published until promotion expiry during ordinary member exit; closure is different and transfers immediately. || 07_PRD/W4-02A.6.11_PRD_CURRENT_PRODUCT_REQUIREMENTS_FULL_CONSOLIDATED_v2.1.docx:137: Agency Listing transfer, promotion exception, add-on ownership and historical analytics/audit follow BR-001–BR-151.",ADD_MXX_VALID_DETAIL_RETAIN_CORE,YES,YES,YES,NO,NO,BOTH_TEXTUAL_CORROBORATION
M14-CI-009,M14,AUGMENT,CAM11-0014,07_PRD/W4-02A.6.11_PRD_CURRENT_PRODUCT_REQUIREMENTS_FULL_CONSOLIDATED_v2.1.docx,c2a7b6e4a77a08621a16048cba2f0f8641a3d073bc71dc4e4854634aa788aa34,NO_HEADING_DETECTED,"07_PRD/W4-02A.6.11_PRD_CURRENT_PRODUCT_REQUIREMENTS_FULL_CONSOLIDATED_v2.1.docx:1: STEP AKTIF = W4-02A.6.11 — PRD CURRENT PRODUCT REQUIREMENTS || 07_PRD/W4-02A.6.11_PRD_CURRENT_PRODUCT_REQUIREMENTS_FULL_CONSOLIDATED_v2.1.docx:2: RUMAHAGEN — PRODUCT REQUIREMENTS DOCUMENT (PRD) || 07_PRD/W4-02A.6.11_PRD_CURRENT_PRODUCT_REQUIREMENTS_FULL_CONSOLIDATED_v2.1.docx:3: Version 2.1 — W4-02A.6.11 Full Current Consolidation || 07_PRD/W4-02A.6.11_PRD_CURRENT_PRODUCT_REQUIREMENTS_FULL_CONSOLIDATED_v2.1.docx:4: 19 August 2026 | COMPLETE / GREEN || 07_PRD/W4-02A.6.11_PRD_CURRENT_PRODUCT_REQUIREMENTS_FULL_CONSOLIDATED_v2.1.docx:5: Predecessor: PRD v2.0 — Wave 3 Step 3.1 Full Consolidated / Synchronized. This artifact is a new full current version, not a patch or delta. || 07_PRD/W4-02A.6.11_PRD_CURRENT_PRODUCT_REQUIREMENTS_FULL_CONSOLIDATED_v2.1.docx:6: 0. EXECUTIVE PRODUCT BASELINE",RUMAHAGEN_WF03_M14_FULL_REBUILD_v2.2_CORE_DETAIL_PARITY_FULL_VERSION.zip,Immutable purchase snapshot,RUMAHAGEN_WF03_M14_FULL_REBUILD_v2.2_CORE_DETAIL_PARITY_FULL_VERSION.md:703: | Historical purchase | Commercial order snapshot | Product/Price/Promotion/Quantity/Terms/Purchase date/Payment/Fulfillment remain immutable in meaning. | || RUMAHAGEN_WF03_M14_FULL_REBUILD_v2.2_CORE_DETAIL_PARITY_FULL_VERSION.md:158: | Order | Create/manage commercial purchase context | Order is not payment; immutable commercial snapshot. | || RUMAHAGEN_WF03_M14_FULL_REBUILD_v2.2_CORE_DETAIL_PARITY_FULL_VERSION.docx:613: Historical purchase || Commercial order snapshot || Product/Price/Promotion/Quantity/Terms/Purchase date/Payment/Fulfillment remain immutable in meaning.,07_PRD/W4-02A.6.11_PRD_CURRENT_PRODUCT_REQUIREMENTS_FULL_CONSOLIDATED_v2.1.docx:28: Historical purchase snapshots are commercial-complete and immutable after confirmed transaction. || 07_PRD/W4-02A.6.11_PRD_CURRENT_PRODUCT_REQUIREMENTS_FULL_CONSOLIDATED_v2.1.docx:284: Credential/Award || Requires applicable qualification/assessment/awarding authority; LP cannot purchase it. || 07_PRD/W4-02A.6.11_PRD_CURRENT_PRODUCT_REQUIREMENTS_FULL_CONSOLIDATED_v2.1.docx:90: Paid LP cannot bypass assessment or purchase competency.,ADD_MXX_VALID_DETAIL_RETAIN_CORE,YES,YES,YES,NO,NO,BOTH_TEXTUAL_CORROBORATION
M14-CI-010,M14,AUGMENT,CAM11-0014,07_PRD/W4-02A.6.11_PRD_CURRENT_PRODUCT_REQUIREMENTS_FULL_CONSOLIDATED_v2.1.docx,c2a7b6e4a77a08621a16048cba2f0f8641a3d073bc71dc4e4854634aa788aa34,NO_HEADING_DETECTED,"07_PRD/W4-02A.6.11_PRD_CURRENT_PRODUCT_REQUIREMENTS_FULL_CONSOLIDATED_v2.1.docx:1: STEP AKTIF = W4-02A.6.11 — PRD CURRENT PRODUCT REQUIREMENTS || 07_PRD/W4-02A.6.11_PRD_CURRENT_PRODUCT_REQUIREMENTS_FULL_CONSOLIDATED_v2.1.docx:2: RUMAHAGEN — PRODUCT REQUIREMENTS DOCUMENT (PRD) || 07_PRD/W4-02A.6.11_PRD_CURRENT_PRODUCT_REQUIREMENTS_FULL_CONSOLIDATED_v2.1.docx:3: Version 2.1 — W4-02A.6.11 Full Current Consolidation || 07_PRD/W4-02A.6.11_PRD_CURRENT_PRODUCT_REQUIREMENTS_FULL_CONSOLIDATED_v2.1.docx:4: 19 August 2026 | COMPLETE / GREEN || 07_PRD/W4-02A.6.11_PRD_CURRENT_PRODUCT_REQUIREMENTS_FULL_CONSOLIDATED_v2.1.docx:5: Predecessor: PRD v2.0 — Wave 3 Step 3.1 Full Consolidated / Synchronized. This artifact is a new full current version, not a patch or delta. || 07_PRD/W4-02A.6.11_PRD_CURRENT_PRODUCT_REQUIREMENTS_FULL_CONSOLIDATED_v2.1.docx:6: 0. EXECUTIVE PRODUCT BASELINE",RUMAHAGEN_WF03_M14_FULL_REBUILD_v2.2_CORE_DETAIL_PARITY_FULL_VERSION.zip,Order confirmation invariant,"RUMAHAGEN_WF03_M14_FULL_REBUILD_v2.2_CORE_DETAIL_PARITY_FULL_VERSION.md:845: | Order lifecycle | PASS + DETAIL | Snapshot + confirmed_at constraint mapped. | || RUMAHAGEN_WF03_M14_FULL_REBUILD_v2.2_CORE_DETAIL_PARITY_FULL_VERSION.md:829: Historical purchase exposes Product, Price, Promotion, Quantity, Terms, Purchase date, Payment result and Fulfillment result. Entitlement exposes Available, Used, Remaining, Valid until and Source. Quota exposes Total capacity, Allocated, Used and Available; Organization views distinguish Pool → Member Allocation → Usage. Reconciliation exposes Exception, Payment, Order, Entitlement, Expected outcome, Actual outcome, Status and Evidence, with Investigate/Review/Resolve actions. || RUMAHAGEN_WF03_M14_FULL_REBUILD_v2.2_CORE_DETAIL_PARITY_FULL_VERSION.md:819: Commercial order history is protected through `commercial_snapshot`; provider evidence remains in `payment_provider_results`; reconciliation retains evidence and resolution metadata.",07_PRD/W4-02A.6.11_PRD_CURRENT_PRODUCT_REQUIREMENTS_FULL_CONSOLIDATED_v2.1.docx:55: Order/Checkout precedes payment confirmation. || 07_PRD/W4-02A.6.11_PRD_CURRENT_PRODUCT_REQUIREMENTS_FULL_CONSOLIDATED_v2.1.docx:57: Verified payment confirmation and idempotency are prerequisites to commercial fulfillment. || 07_PRD/W4-02A.6.11_PRD_CURRENT_PRODUCT_REQUIREMENTS_FULL_CONSOLIDATED_v2.1.docx:26: Payment fulfillment requires verified confirmation and idempotent processing; duplicate provider events cannot create duplicate commercial outcomes.,ADD_MXX_VALID_DETAIL_RETAIN_CORE,YES,YES,YES,NO,NO,BOTH_TEXTUAL_CORROBORATION
M14-CI-011,M14,AUGMENT,CAM11-0014,07_PRD/W4-02A.6.11_PRD_CURRENT_PRODUCT_REQUIREMENTS_FULL_CONSOLIDATED_v2.1.docx,c2a7b6e4a77a08621a16048cba2f0f8641a3d073bc71dc4e4854634aa788aa34,NO_HEADING_DETECTED,"07_PRD/W4-02A.6.11_PRD_CURRENT_PRODUCT_REQUIREMENTS_FULL_CONSOLIDATED_v2.1.docx:1: STEP AKTIF = W4-02A.6.11 — PRD CURRENT PRODUCT REQUIREMENTS || 07_PRD/W4-02A.6.11_PRD_CURRENT_PRODUCT_REQUIREMENTS_FULL_CONSOLIDATED_v2.1.docx:2: RUMAHAGEN — PRODUCT REQUIREMENTS DOCUMENT (PRD) || 07_PRD/W4-02A.6.11_PRD_CURRENT_PRODUCT_REQUIREMENTS_FULL_CONSOLIDATED_v2.1.docx:3: Version 2.1 — W4-02A.6.11 Full Current Consolidation || 07_PRD/W4-02A.6.11_PRD_CURRENT_PRODUCT_REQUIREMENTS_FULL_CONSOLIDATED_v2.1.docx:4: 19 August 2026 | COMPLETE / GREEN || 07_PRD/W4-02A.6.11_PRD_CURRENT_PRODUCT_REQUIREMENTS_FULL_CONSOLIDATED_v2.1.docx:5: Predecessor: PRD v2.0 — Wave 3 Step 3.1 Full Consolidated / Synchronized. This artifact is a new full current version, not a patch or delta. || 07_PRD/W4-02A.6.11_PRD_CURRENT_PRODUCT_REQUIREMENTS_FULL_CONSOLIDATED_v2.1.docx:6: 0. EXECUTIVE PRODUCT BASELINE",RUMAHAGEN_WF03_M14_FULL_REBUILD_v2.2_CORE_DETAIL_PARITY_FULL_VERSION.zip,Trusted payment verification,RUMAHAGEN_WF03_M14_FULL_REBUILD_v2.2_CORE_DETAIL_PARITY_FULL_VERSION.md:164: | Verification | Trusted payment verification | Client return/success UI is insufficient. | || RUMAHAGEN_WF03_M14_FULL_REBUILD_v2.2_CORE_DETAIL_PARITY_FULL_VERSION.docx:513: Verification || Trusted payment verification || Client return/success UI is insufficient. || RUMAHAGEN_WF03_M14_FULL_REBUILD_v2.2_CORE_DETAIL_PARITY_FULL_VERSION.md:701: | Payment confirmed | Verified payment | Only after trusted verification. |,07_PRD/W4-02A.6.11_PRD_CURRENT_PRODUCT_REQUIREMENTS_FULL_CONSOLIDATED_v2.1.docx:149: Verification precedes confirmed payment; idempotency prevents duplicate fulfillment. || 07_PRD/W4-02A.6.11_PRD_CURRENT_PRODUCT_REQUIREMENTS_FULL_CONSOLIDATED_v2.1.docx:101: Paid session access consumes trusted Commercial/Payment outcomes and does not duplicate payment/entitlement logic. || 07_PRD/W4-02A.6.11_PRD_CURRENT_PRODUCT_REQUIREMENTS_FULL_CONSOLIDATED_v2.1.docx:343: AEP1 Commercial/Payment || PASS,ADD_MXX_VALID_DETAIL_RETAIN_CORE,YES,YES,YES,NO,NO,BOTH_TEXTUAL_CORROBORATION
M14-CI-012,M14,AUGMENT,CAM11-0014,07_PRD/W4-02A.6.11_PRD_CURRENT_PRODUCT_REQUIREMENTS_FULL_CONSOLIDATED_v2.1.docx,c2a7b6e4a77a08621a16048cba2f0f8641a3d073bc71dc4e4854634aa788aa34,NO_HEADING_DETECTED,"07_PRD/W4-02A.6.11_PRD_CURRENT_PRODUCT_REQUIREMENTS_FULL_CONSOLIDATED_v2.1.docx:1: STEP AKTIF = W4-02A.6.11 — PRD CURRENT PRODUCT REQUIREMENTS || 07_PRD/W4-02A.6.11_PRD_CURRENT_PRODUCT_REQUIREMENTS_FULL_CONSOLIDATED_v2.1.docx:2: RUMAHAGEN — PRODUCT REQUIREMENTS DOCUMENT (PRD) || 07_PRD/W4-02A.6.11_PRD_CURRENT_PRODUCT_REQUIREMENTS_FULL_CONSOLIDATED_v2.1.docx:3: Version 2.1 — W4-02A.6.11 Full Current Consolidation || 07_PRD/W4-02A.6.11_PRD_CURRENT_PRODUCT_REQUIREMENTS_FULL_CONSOLIDATED_v2.1.docx:4: 19 August 2026 | COMPLETE / GREEN || 07_PRD/W4-02A.6.11_PRD_CURRENT_PRODUCT_REQUIREMENTS_FULL_CONSOLIDATED_v2.1.docx:5: Predecessor: PRD v2.0 — Wave 3 Step 3.1 Full Consolidated / Synchronized. This artifact is a new full current version, not a patch or delta. || 07_PRD/W4-02A.6.11_PRD_CURRENT_PRODUCT_REQUIREMENTS_FULL_CONSOLIDATED_v2.1.docx:6: 0. EXECUTIVE PRODUCT BASELINE",RUMAHAGEN_WF03_M14_FULL_REBUILD_v2.2_CORE_DETAIL_PARITY_FULL_VERSION.zip,Idempotent fulfillment,RUMAHAGEN_WF03_M14_FULL_REBUILD_v2.2_CORE_DETAIL_PARITY_FULL_VERSION.md:635: IDEMPOTENT FULFILLMENT || RUMAHAGEN_WF03_M14_FULL_REBUILD_v2.2_CORE_DETAIL_PARITY_FULL_VERSION.docx:291: IDEMPOTENT FULFILLMENT || RUMAHAGEN_WF03_M14_FULL_REBUILD_v2.2_CORE_DETAIL_PARITY_FULL_VERSION.md:411: | System / Fulfillment | FULFILLMENT | Create idempotent commercial fulfillment | Verified payment required. |,"07_PRD/W4-02A.6.11_PRD_CURRENT_PRODUCT_REQUIREMENTS_FULL_CONSOLIDATED_v2.1.docx:26: Payment fulfillment requires verified confirmation and idempotent processing; duplicate provider events cannot create duplicate commercial outcomes. || 07_PRD/W4-02A.6.11_PRD_CURRENT_PRODUCT_REQUIREMENTS_FULL_CONSOLIDATED_v2.1.docx:303: MADCR-002/003/005 || Approved Payment architecture decisions || Payment flow, fulfillment, reconciliation || 07_PRD/W4-02A.6.11_PRD_CURRENT_PRODUCT_REQUIREMENTS_FULL_CONSOLIDATED_v2.1.docx:291: Evidence || Normalized, idempotent, provenance-preserving",ADD_MXX_VALID_DETAIL_RETAIN_CORE,YES,YES,YES,NO,NO,BOTH_TEXTUAL_CORROBORATION
M14-CI-013,M14,AUGMENT,CAM11-0014,07_PRD/W4-02A.6.11_PRD_CURRENT_PRODUCT_REQUIREMENTS_FULL_CONSOLIDATED_v2.1.docx,c2a7b6e4a77a08621a16048cba2f0f8641a3d073bc71dc4e4854634aa788aa34,NO_HEADING_DETECTED,"07_PRD/W4-02A.6.11_PRD_CURRENT_PRODUCT_REQUIREMENTS_FULL_CONSOLIDATED_v2.1.docx:1: STEP AKTIF = W4-02A.6.11 — PRD CURRENT PRODUCT REQUIREMENTS || 07_PRD/W4-02A.6.11_PRD_CURRENT_PRODUCT_REQUIREMENTS_FULL_CONSOLIDATED_v2.1.docx:2: RUMAHAGEN — PRODUCT REQUIREMENTS DOCUMENT (PRD) || 07_PRD/W4-02A.6.11_PRD_CURRENT_PRODUCT_REQUIREMENTS_FULL_CONSOLIDATED_v2.1.docx:3: Version 2.1 — W4-02A.6.11 Full Current Consolidation || 07_PRD/W4-02A.6.11_PRD_CURRENT_PRODUCT_REQUIREMENTS_FULL_CONSOLIDATED_v2.1.docx:4: 19 August 2026 | COMPLETE / GREEN || 07_PRD/W4-02A.6.11_PRD_CURRENT_PRODUCT_REQUIREMENTS_FULL_CONSOLIDATED_v2.1.docx:5: Predecessor: PRD v2.0 — Wave 3 Step 3.1 Full Consolidated / Synchronized. This artifact is a new full current version, not a patch or delta. || 07_PRD/W4-02A.6.11_PRD_CURRENT_PRODUCT_REQUIREMENTS_FULL_CONSOLIDATED_v2.1.docx:6: 0. EXECUTIVE PRODUCT BASELINE",RUMAHAGEN_WF03_M14_FULL_REBUILD_v2.2_CORE_DETAIL_PARITY_FULL_VERSION.zip,Entitlement lifecycle,RUMAHAGEN_WF03_M14_FULL_REBUILD_v2.2_CORE_DETAIL_PARITY_FULL_VERSION.md:312: ## 15. Entitlement Lifecycle || RUMAHAGEN_WF03_M14_FULL_REBUILD_v2.2_CORE_DETAIL_PARITY_FULL_VERSION.docx:134: 15. Entitlement Lifecycle || RUMAHAGEN_WF03_M14_FULL_REBUILD_v2.2_CORE_DETAIL_PARITY_FULL_VERSION.md:848: | Entitlement | PASS + DETAIL | Source/target/lifecycle/time constraints mapped. |,"07_PRD/W4-02A.6.11_PRD_CURRENT_PRODUCT_REQUIREMENTS_FULL_CONSOLIDATED_v2.1.docx:301: MBR-COM-001–013 || Commercial Business Rules Closure — CLOSED / OWNER APPROVED || Commercial, Payment, Entitlement, Listing, PRD, User Flow, ERD, API, RBAC || 07_PRD/W4-02A.6.11_PRD_CURRENT_PRODUCT_REQUIREMENTS_FULL_CONSOLIDATED_v2.1.docx:240: Commercial Entitlement || Authority for commercial access/quota capacity; not RBAC || 07_PRD/W4-02A.6.11_PRD_CURRENT_PRODUCT_REQUIREMENTS_FULL_CONSOLIDATED_v2.1.docx:177: Membership does not establish Personal Entitlement ownership.",ADD_MXX_VALID_DETAIL_RETAIN_CORE,YES,YES,YES,NO,NO,BOTH_TEXTUAL_CORROBORATION
M14-CI-014,M14,AUGMENT,CAM11-0014,07_PRD/W4-02A.6.11_PRD_CURRENT_PRODUCT_REQUIREMENTS_FULL_CONSOLIDATED_v2.1.docx,c2a7b6e4a77a08621a16048cba2f0f8641a3d073bc71dc4e4854634aa788aa34,NO_HEADING_DETECTED,"07_PRD/W4-02A.6.11_PRD_CURRENT_PRODUCT_REQUIREMENTS_FULL_CONSOLIDATED_v2.1.docx:1: STEP AKTIF = W4-02A.6.11 — PRD CURRENT PRODUCT REQUIREMENTS || 07_PRD/W4-02A.6.11_PRD_CURRENT_PRODUCT_REQUIREMENTS_FULL_CONSOLIDATED_v2.1.docx:2: RUMAHAGEN — PRODUCT REQUIREMENTS DOCUMENT (PRD) || 07_PRD/W4-02A.6.11_PRD_CURRENT_PRODUCT_REQUIREMENTS_FULL_CONSOLIDATED_v2.1.docx:3: Version 2.1 — W4-02A.6.11 Full Current Consolidation || 07_PRD/W4-02A.6.11_PRD_CURRENT_PRODUCT_REQUIREMENTS_FULL_CONSOLIDATED_v2.1.docx:4: 19 August 2026 | COMPLETE / GREEN || 07_PRD/W4-02A.6.11_PRD_CURRENT_PRODUCT_REQUIREMENTS_FULL_CONSOLIDATED_v2.1.docx:5: Predecessor: PRD v2.0 — Wave 3 Step 3.1 Full Consolidated / Synchronized. This artifact is a new full current version, not a patch or delta. || 07_PRD/W4-02A.6.11_PRD_CURRENT_PRODUCT_REQUIREMENTS_FULL_CONSOLIDATED_v2.1.docx:6: 0. EXECUTIVE PRODUCT BASELINE",RUMAHAGEN_WF03_M14_FULL_REBUILD_v2.2_CORE_DETAIL_PARITY_FULL_VERSION.zip,Quota Capacity,RUMAHAGEN_WF03_M14_FULL_REBUILD_v2.2_CORE_DETAIL_PARITY_FULL_VERSION.md:849: | Quota Capacity | PASS + DETAIL | Projection/quantity/time constraints mapped. | || RUMAHAGEN_WF03_M14_FULL_REBUILD_v2.2_CORE_DETAIL_PARITY_FULL_VERSION.md:585: | Quota Capacity | Granted commercial capacity | `quota_capacities` | M14 | || RUMAHAGEN_WF03_M14_FULL_REBUILD_v2.2_CORE_DETAIL_PARITY_FULL_VERSION.md:398: - Quota capacity and operational pool diverge.,"07_PRD/W4-02A.6.11_PRD_CURRENT_PRODUCT_REQUIREMENTS_FULL_CONSOLIDATED_v2.1.docx:240: Commercial Entitlement || Authority for commercial access/quota capacity; not RBAC || 07_PRD/W4-02A.6.11_PRD_CURRENT_PRODUCT_REQUIREMENTS_FULL_CONSOLIDATED_v2.1.docx:60: Agency quota capacity, operational pool, member allocation and actual usage remain distinct concepts. || 07_PRD/W4-02A.6.11_PRD_CURRENT_PRODUCT_REQUIREMENTS_FULL_CONSOLIDATED_v2.1.docx:25: Commercial Entitlement is authoritative for commercial capability/quota capacity.",ADD_MXX_VALID_DETAIL_RETAIN_CORE,YES,YES,YES,NO,NO,BOTH_TEXTUAL_CORROBORATION
M14-CI-015,M14,AUGMENT,CAM11-0014,07_PRD/W4-02A.6.11_PRD_CURRENT_PRODUCT_REQUIREMENTS_FULL_CONSOLIDATED_v2.1.docx,c2a7b6e4a77a08621a16048cba2f0f8641a3d073bc71dc4e4854634aa788aa34,NO_HEADING_DETECTED,"07_PRD/W4-02A.6.11_PRD_CURRENT_PRODUCT_REQUIREMENTS_FULL_CONSOLIDATED_v2.1.docx:1: STEP AKTIF = W4-02A.6.11 — PRD CURRENT PRODUCT REQUIREMENTS || 07_PRD/W4-02A.6.11_PRD_CURRENT_PRODUCT_REQUIREMENTS_FULL_CONSOLIDATED_v2.1.docx:2: RUMAHAGEN — PRODUCT REQUIREMENTS DOCUMENT (PRD) || 07_PRD/W4-02A.6.11_PRD_CURRENT_PRODUCT_REQUIREMENTS_FULL_CONSOLIDATED_v2.1.docx:3: Version 2.1 — W4-02A.6.11 Full Current Consolidation || 07_PRD/W4-02A.6.11_PRD_CURRENT_PRODUCT_REQUIREMENTS_FULL_CONSOLIDATED_v2.1.docx:4: 19 August 2026 | COMPLETE / GREEN || 07_PRD/W4-02A.6.11_PRD_CURRENT_PRODUCT_REQUIREMENTS_FULL_CONSOLIDATED_v2.1.docx:5: Predecessor: PRD v2.0 — Wave 3 Step 3.1 Full Consolidated / Synchronized. This artifact is a new full current version, not a patch or delta. || 07_PRD/W4-02A.6.11_PRD_CURRENT_PRODUCT_REQUIREMENTS_FULL_CONSOLIDATED_v2.1.docx:6: 0. EXECUTIVE PRODUCT BASELINE",RUMAHAGEN_WF03_M14_FULL_REBUILD_v2.2_CORE_DETAIL_PARITY_FULL_VERSION.zip,Operational Pool,RUMAHAGEN_WF03_M14_FULL_REBUILD_v2.2_CORE_DETAIL_PARITY_FULL_VERSION.md:850: | Operational Pool | PASS + DETAIL | Status/beneficiary/quantity mapped. | || RUMAHAGEN_WF03_M14_FULL_REBUILD_v2.2_CORE_DETAIL_PARITY_FULL_VERSION.md:706: | Organization quota | Operational pool + member allocation | Context does not create universal quota authority. | || RUMAHAGEN_WF03_M14_FULL_REBUILD_v2.2_CORE_DETAIL_PARITY_FULL_VERSION.md:586: | Operational Pool | Operationalized capacity | `operational_quota_pools` | M14 |,"07_PRD/W4-02A.6.11_PRD_CURRENT_PRODUCT_REQUIREMENTS_FULL_CONSOLIDATED_v2.1.docx:60: Agency quota capacity, operational pool, member allocation and actual usage remain distinct concepts. || 07_PRD/W4-02A.6.11_PRD_CURRENT_PRODUCT_REQUIREMENTS_FULL_CONSOLIDATED_v2.1.docx:256: Admin || Internal RumahAgen operational role; not an Organization role. || 07_PRD/W4-02A.6.11_PRD_CURRENT_PRODUCT_REQUIREMENTS_FULL_CONSOLIDATED_v2.1.docx:191: Provider-specific operational credentials/OAuth/webhook implementation remain downstream.",ADD_MXX_VALID_DETAIL_RETAIN_CORE,YES,YES,YES,NO,NO,BOTH_TEXTUAL_CORROBORATION
M14-CI-016,M14,AUGMENT,CAM11-0014,07_PRD/W4-02A.6.11_PRD_CURRENT_PRODUCT_REQUIREMENTS_FULL_CONSOLIDATED_v2.1.docx,c2a7b6e4a77a08621a16048cba2f0f8641a3d073bc71dc4e4854634aa788aa34,NO_HEADING_DETECTED,"07_PRD/W4-02A.6.11_PRD_CURRENT_PRODUCT_REQUIREMENTS_FULL_CONSOLIDATED_v2.1.docx:1: STEP AKTIF = W4-02A.6.11 — PRD CURRENT PRODUCT REQUIREMENTS || 07_PRD/W4-02A.6.11_PRD_CURRENT_PRODUCT_REQUIREMENTS_FULL_CONSOLIDATED_v2.1.docx:2: RUMAHAGEN — PRODUCT REQUIREMENTS DOCUMENT (PRD) || 07_PRD/W4-02A.6.11_PRD_CURRENT_PRODUCT_REQUIREMENTS_FULL_CONSOLIDATED_v2.1.docx:3: Version 2.1 — W4-02A.6.11 Full Current Consolidation || 07_PRD/W4-02A.6.11_PRD_CURRENT_PRODUCT_REQUIREMENTS_FULL_CONSOLIDATED_v2.1.docx:4: 19 August 2026 | COMPLETE / GREEN || 07_PRD/W4-02A.6.11_PRD_CURRENT_PRODUCT_REQUIREMENTS_FULL_CONSOLIDATED_v2.1.docx:5: Predecessor: PRD v2.0 — Wave 3 Step 3.1 Full Consolidated / Synchronized. This artifact is a new full current version, not a patch or delta. || 07_PRD/W4-02A.6.11_PRD_CURRENT_PRODUCT_REQUIREMENTS_FULL_CONSOLIDATED_v2.1.docx:6: 0. EXECUTIVE PRODUCT BASELINE",RUMAHAGEN_WF03_M14_FULL_REBUILD_v2.2_CORE_DETAIL_PARITY_FULL_VERSION.zip,Allocation,"RUMAHAGEN_WF03_M14_FULL_REBUILD_v2.2_CORE_DETAIL_PARITY_FULL_VERSION.md:851: | Allocation | PASS + DETAIL | Full status + beneficiary + quantity mapped. | || RUMAHAGEN_WF03_M14_FULL_REBUILD_v2.2_CORE_DETAIL_PARITY_FULL_VERSION.md:829: Historical purchase exposes Product, Price, Promotion, Quantity, Terms, Purchase date, Payment result and Fulfillment result. Entitlement exposes Available, Used, Remaining, Valid until and Source. Quota exposes Total capacity, Allocated, Used and Available; Organization views distinguish Pool → Member Allocation → Usage. Reconciliation exposes Exception, Payment, Order, Entitlement, Expected outcome, Actual outcome, Status and Evidence, with Investigate/Review/Resolve actions. || RUMAHAGEN_WF03_M14_FULL_REBUILD_v2.2_CORE_DETAIL_PARITY_FULL_VERSION.md:718: | `/commercial/quota*` | Capacity/pool/allocation/usage | Four quota tables | M10 + server business rules |","07_PRD/W4-02A.6.11_PRD_CURRENT_PRODUCT_REQUIREMENTS_FULL_CONSOLIDATED_v2.1.docx:182: Permanent Add-on ownership follows allocation, not consumption. || 07_PRD/W4-02A.6.11_PRD_CURRENT_PRODUCT_REQUIREMENTS_FULL_CONSOLIDATED_v2.1.docx:60: Agency quota capacity, operational pool, member allocation and actual usage remain distinct concepts.",ADD_MXX_VALID_DETAIL_RETAIN_CORE,YES,YES,YES,NO,NO,BOTH_TEXTUAL_CORROBORATION
M14-CI-017,M14,AUGMENT,CAM11-0014,07_PRD/W4-02A.6.11_PRD_CURRENT_PRODUCT_REQUIREMENTS_FULL_CONSOLIDATED_v2.1.docx,c2a7b6e4a77a08621a16048cba2f0f8641a3d073bc71dc4e4854634aa788aa34,NO_HEADING_DETECTED,"07_PRD/W4-02A.6.11_PRD_CURRENT_PRODUCT_REQUIREMENTS_FULL_CONSOLIDATED_v2.1.docx:1: STEP AKTIF = W4-02A.6.11 — PRD CURRENT PRODUCT REQUIREMENTS || 07_PRD/W4-02A.6.11_PRD_CURRENT_PRODUCT_REQUIREMENTS_FULL_CONSOLIDATED_v2.1.docx:2: RUMAHAGEN — PRODUCT REQUIREMENTS DOCUMENT (PRD) || 07_PRD/W4-02A.6.11_PRD_CURRENT_PRODUCT_REQUIREMENTS_FULL_CONSOLIDATED_v2.1.docx:3: Version 2.1 — W4-02A.6.11 Full Current Consolidation || 07_PRD/W4-02A.6.11_PRD_CURRENT_PRODUCT_REQUIREMENTS_FULL_CONSOLIDATED_v2.1.docx:4: 19 August 2026 | COMPLETE / GREEN || 07_PRD/W4-02A.6.11_PRD_CURRENT_PRODUCT_REQUIREMENTS_FULL_CONSOLIDATED_v2.1.docx:5: Predecessor: PRD v2.0 — Wave 3 Step 3.1 Full Consolidated / Synchronized. This artifact is a new full current version, not a patch or delta. || 07_PRD/W4-02A.6.11_PRD_CURRENT_PRODUCT_REQUIREMENTS_FULL_CONSOLIDATED_v2.1.docx:6: 0. EXECUTIVE PRODUCT BASELINE",RUMAHAGEN_WF03_M14_FULL_REBUILD_v2.2_CORE_DETAIL_PARITY_FULL_VERSION.zip,Usage,"RUMAHAGEN_WF03_M14_FULL_REBUILD_v2.2_CORE_DETAIL_PARITY_FULL_VERSION.md:852: | Usage | PASS + DETAIL | Consumer reference + quantity + idempotency mapped. | || RUMAHAGEN_WF03_M14_FULL_REBUILD_v2.2_CORE_DETAIL_PARITY_FULL_VERSION.md:829: Historical purchase exposes Product, Price, Promotion, Quantity, Terms, Purchase date, Payment result and Fulfillment result. Entitlement exposes Available, Used, Remaining, Valid until and Source. Quota exposes Total capacity, Allocated, Used and Available; Organization views distinguish Pool → Member Allocation → Usage. Reconciliation exposes Exception, Payment, Order, Entitlement, Expected outcome, Actual outcome, Status and Evidence, with Investigate/Review/Resolve actions. || RUMAHAGEN_WF03_M14_FULL_REBUILD_v2.2_CORE_DETAIL_PARITY_FULL_VERSION.md:718: | `/commercial/quota*` | Capacity/pool/allocation/usage | Four quota tables | M10 + server business rules |","07_PRD/W4-02A.6.11_PRD_CURRENT_PRODUCT_REQUIREMENTS_FULL_CONSOLIDATED_v2.1.docx:60: Agency quota capacity, operational pool, member allocation and actual usage remain distinct concepts.",ADD_MXX_VALID_DETAIL_RETAIN_CORE,YES,YES,YES,NO,NO,BOTH_TEXTUAL_CORROBORATION
M14-CI-018,M14,AUGMENT,CAM11-0014,07_PRD/W4-02A.6.11_PRD_CURRENT_PRODUCT_REQUIREMENTS_FULL_CONSOLIDATED_v2.1.docx,c2a7b6e4a77a08621a16048cba2f0f8641a3d073bc71dc4e4854634aa788aa34,NO_HEADING_DETECTED,"07_PRD/W4-02A.6.11_PRD_CURRENT_PRODUCT_REQUIREMENTS_FULL_CONSOLIDATED_v2.1.docx:1: STEP AKTIF = W4-02A.6.11 — PRD CURRENT PRODUCT REQUIREMENTS || 07_PRD/W4-02A.6.11_PRD_CURRENT_PRODUCT_REQUIREMENTS_FULL_CONSOLIDATED_v2.1.docx:2: RUMAHAGEN — PRODUCT REQUIREMENTS DOCUMENT (PRD) || 07_PRD/W4-02A.6.11_PRD_CURRENT_PRODUCT_REQUIREMENTS_FULL_CONSOLIDATED_v2.1.docx:3: Version 2.1 — W4-02A.6.11 Full Current Consolidation || 07_PRD/W4-02A.6.11_PRD_CURRENT_PRODUCT_REQUIREMENTS_FULL_CONSOLIDATED_v2.1.docx:4: 19 August 2026 | COMPLETE / GREEN || 07_PRD/W4-02A.6.11_PRD_CURRENT_PRODUCT_REQUIREMENTS_FULL_CONSOLIDATED_v2.1.docx:5: Predecessor: PRD v2.0 — Wave 3 Step 3.1 Full Consolidated / Synchronized. This artifact is a new full current version, not a patch or delta. || 07_PRD/W4-02A.6.11_PRD_CURRENT_PRODUCT_REQUIREMENTS_FULL_CONSOLIDATED_v2.1.docx:6: 0. EXECUTIVE PRODUCT BASELINE",RUMAHAGEN_WF03_M14_FULL_REBUILD_v2.2_CORE_DETAIL_PARITY_FULL_VERSION.zip,Refund / chargeback,RUMAHAGEN_WF03_M14_FULL_REBUILD_v2.2_CORE_DETAIL_PARITY_FULL_VERSION.md:375: ## 18. Refund / Chargeback || RUMAHAGEN_WF03_M14_FULL_REBUILD_v2.2_CORE_DETAIL_PARITY_FULL_VERSION.md:172: | Refund / Chargeback | Handle post-payment reversal/correction | Must not silently erase historical transaction/provenance. | || RUMAHAGEN_WF03_M14_FULL_REBUILD_v2.2_CORE_DETAIL_PARITY_FULL_VERSION.docx:521: Refund / Chargeback || Handle post-payment reversal/correction || Must not silently erase historical transaction/provenance.,07_PRD/W4-02A.6.11_PRD_CURRENT_PRODUCT_REQUIREMENTS_FULL_CONSOLIDATED_v2.1.docx:61: Refund/chargeback events are represented separately from ordinary payment success; exact customer policy remains downstream where not governed.,ADD_MXX_VALID_DETAIL_RETAIN_CORE,YES,YES,YES,NO,NO,BOTH_TEXTUAL_CORROBORATION
M14-CI-019,M14,AUGMENT,CAM11-0014,07_PRD/W4-02A.6.11_PRD_CURRENT_PRODUCT_REQUIREMENTS_FULL_CONSOLIDATED_v2.1.docx,c2a7b6e4a77a08621a16048cba2f0f8641a3d073bc71dc4e4854634aa788aa34,NO_HEADING_DETECTED,"07_PRD/W4-02A.6.11_PRD_CURRENT_PRODUCT_REQUIREMENTS_FULL_CONSOLIDATED_v2.1.docx:1: STEP AKTIF = W4-02A.6.11 — PRD CURRENT PRODUCT REQUIREMENTS || 07_PRD/W4-02A.6.11_PRD_CURRENT_PRODUCT_REQUIREMENTS_FULL_CONSOLIDATED_v2.1.docx:2: RUMAHAGEN — PRODUCT REQUIREMENTS DOCUMENT (PRD) || 07_PRD/W4-02A.6.11_PRD_CURRENT_PRODUCT_REQUIREMENTS_FULL_CONSOLIDATED_v2.1.docx:3: Version 2.1 — W4-02A.6.11 Full Current Consolidation || 07_PRD/W4-02A.6.11_PRD_CURRENT_PRODUCT_REQUIREMENTS_FULL_CONSOLIDATED_v2.1.docx:4: 19 August 2026 | COMPLETE / GREEN || 07_PRD/W4-02A.6.11_PRD_CURRENT_PRODUCT_REQUIREMENTS_FULL_CONSOLIDATED_v2.1.docx:5: Predecessor: PRD v2.0 — Wave 3 Step 3.1 Full Consolidated / Synchronized. This artifact is a new full current version, not a patch or delta. || 07_PRD/W4-02A.6.11_PRD_CURRENT_PRODUCT_REQUIREMENTS_FULL_CONSOLIDATED_v2.1.docx:6: 0. EXECUTIVE PRODUCT BASELINE",RUMAHAGEN_WF03_M14_FULL_REBUILD_v2.2_CORE_DETAIL_PARITY_FULL_VERSION.zip,Reconciliation,"RUMAHAGEN_WF03_M14_FULL_REBUILD_v2.2_CORE_DETAIL_PARITY_FULL_VERSION.md:860: | Admin lifecycle | PASS | Configuration/payment/reconciliation flow. | || RUMAHAGEN_WF03_M14_FULL_REBUILD_v2.2_CORE_DETAIL_PARITY_FULL_VERSION.md:853: | Reconciliation | PASS + DETAIL | Full linked evidence model mapped. | || RUMAHAGEN_WF03_M14_FULL_REBUILD_v2.2_CORE_DETAIL_PARITY_FULL_VERSION.md:829: Historical purchase exposes Product, Price, Promotion, Quantity, Terms, Purchase date, Payment result and Fulfillment result. Entitlement exposes Available, Used, Remaining, Valid until and Source. Quota exposes Total capacity, Allocated, Used and Available; Organization views distinguish Pool → Member Allocation → Usage. Reconciliation exposes Exception, Payment, Order, Entitlement, Expected outcome, Actual outcome, Status and Evidence, with Investigate/Review/Resolve actions.","07_PRD/W4-02A.6.11_PRD_CURRENT_PRODUCT_REQUIREMENTS_FULL_CONSOLIDATED_v2.1.docx:303: MADCR-002/003/005 || Approved Payment architecture decisions || Payment flow, fulfillment, reconciliation || 07_PRD/W4-02A.6.11_PRD_CURRENT_PRODUCT_REQUIREMENTS_FULL_CONSOLIDATED_v2.1.docx:229: AEP4 Learning Session PRD impact and cross-document reconciliation. || 07_PRD/W4-02A.6.11_PRD_CURRENT_PRODUCT_REQUIREMENTS_FULL_CONSOLIDATED_v2.1.docx:212: 16. INTERNAL RECONCILIATION / GREEN GATE",ADD_MXX_VALID_DETAIL_RETAIN_CORE,YES,YES,YES,NO,NO,BOTH_TEXTUAL_CORROBORATION
M14-CI-020,M14,AUGMENT,CAM11-0014,07_PRD/W4-02A.6.11_PRD_CURRENT_PRODUCT_REQUIREMENTS_FULL_CONSOLIDATED_v2.1.docx,c2a7b6e4a77a08621a16048cba2f0f8641a3d073bc71dc4e4854634aa788aa34,NO_HEADING_DETECTED,"07_PRD/W4-02A.6.11_PRD_CURRENT_PRODUCT_REQUIREMENTS_FULL_CONSOLIDATED_v2.1.docx:1: STEP AKTIF = W4-02A.6.11 — PRD CURRENT PRODUCT REQUIREMENTS || 07_PRD/W4-02A.6.11_PRD_CURRENT_PRODUCT_REQUIREMENTS_FULL_CONSOLIDATED_v2.1.docx:2: RUMAHAGEN — PRODUCT REQUIREMENTS DOCUMENT (PRD) || 07_PRD/W4-02A.6.11_PRD_CURRENT_PRODUCT_REQUIREMENTS_FULL_CONSOLIDATED_v2.1.docx:3: Version 2.1 — W4-02A.6.11 Full Current Consolidation || 07_PRD/W4-02A.6.11_PRD_CURRENT_PRODUCT_REQUIREMENTS_FULL_CONSOLIDATED_v2.1.docx:4: 19 August 2026 | COMPLETE / GREEN || 07_PRD/W4-02A.6.11_PRD_CURRENT_PRODUCT_REQUIREMENTS_FULL_CONSOLIDATED_v2.1.docx:5: Predecessor: PRD v2.0 — Wave 3 Step 3.1 Full Consolidated / Synchronized. This artifact is a new full current version, not a patch or delta. || 07_PRD/W4-02A.6.11_PRD_CURRENT_PRODUCT_REQUIREMENTS_FULL_CONSOLIDATED_v2.1.docx:6: 0. EXECUTIVE PRODUCT BASELINE",RUMAHAGEN_WF03_M14_FULL_REBUILD_v2.2_CORE_DETAIL_PARITY_FULL_VERSION.zip,Refresh Allowance,"RUMAHAGEN_WF03_M14_FULL_REBUILD_v2.2_CORE_DETAIL_PARITY_FULL_VERSION.md:765: | M03 | Consumes listing quota / Refresh allowance | M03 owns Listing + Refresh action/eligibility. | || RUMAHAGEN_WF03_M14_FULL_REBUILD_v2.2_CORE_DETAIL_PARITY_FULL_VERSION.md:728: - The Refresh allowance contract originates from the M14-specific reconstruction/reconciliation decision set and is therefore an **M14 semantic addition to be propagated to Core**, not a claim that it already exists in the Core physical schema. || RUMAHAGEN_WF03_M14_FULL_REBUILD_v2.2_CORE_DETAIL_PARITY_FULL_VERSION.md:340: ## 17. Refresh Allowance Contract",,ADD_MXX_VALID_DETAIL_RETAIN_CORE,YES,YES,YES,NO,NO,MXX_TEXTUAL_CORROBORATION_ONLY
M15-IA-01,M15,PRESERVE,CAM11-0014,07_PRD/W4-02A.6.11_PRD_CURRENT_PRODUCT_REQUIREMENTS_FULL_CONSOLIDATED_v2.1.docx,c2a7b6e4a77a08621a16048cba2f0f8641a3d073bc71dc4e4854634aa788aa34,NO_HEADING_DETECTED,"07_PRD/W4-02A.6.11_PRD_CURRENT_PRODUCT_REQUIREMENTS_FULL_CONSOLIDATED_v2.1.docx:1: STEP AKTIF = W4-02A.6.11 — PRD CURRENT PRODUCT REQUIREMENTS || 07_PRD/W4-02A.6.11_PRD_CURRENT_PRODUCT_REQUIREMENTS_FULL_CONSOLIDATED_v2.1.docx:2: RUMAHAGEN — PRODUCT REQUIREMENTS DOCUMENT (PRD) || 07_PRD/W4-02A.6.11_PRD_CURRENT_PRODUCT_REQUIREMENTS_FULL_CONSOLIDATED_v2.1.docx:3: Version 2.1 — W4-02A.6.11 Full Current Consolidation || 07_PRD/W4-02A.6.11_PRD_CURRENT_PRODUCT_REQUIREMENTS_FULL_CONSOLIDATED_v2.1.docx:4: 19 August 2026 | COMPLETE / GREEN || 07_PRD/W4-02A.6.11_PRD_CURRENT_PRODUCT_REQUIREMENTS_FULL_CONSOLIDATED_v2.1.docx:5: Predecessor: PRD v2.0 — Wave 3 Step 3.1 Full Consolidated / Synchronized. This artifact is a new full current version, not a patch or delta. || 07_PRD/W4-02A.6.11_PRD_CURRENT_PRODUCT_REQUIREMENTS_FULL_CONSOLIDATED_v2.1.docx:6: 0. EXECUTIVE PRODUCT BASELINE",RUMAHAGEN_WF03_M15_FULL_REBUILD_v1.1_CORE_DETAIL_SYNCHRONIZED_FULL_VERSION.zip,M15 authority,RUMAHAGEN_WF03_M15_FULL_REBUILD_v1.1_CORE_DETAIL_SYNCHRONIZED_FULL_VERSION.md:739: M15 authority/scope/business-state check || RUMAHAGEN_WF03_M15_FULL_REBUILD_v1.1_CORE_DETAIL_SYNCHRONIZED_FULL_VERSION.md:716: | Actor | M15 authority | || RUMAHAGEN_WF03_M15_FULL_REBUILD_v1.1_CORE_DETAIL_SYNCHRONIZED_FULL_VERSION.md:68: # 3. M15 Authority and Scope,07_PRD/W4-02A.6.11_PRD_CURRENT_PRODUCT_REQUIREMENTS_FULL_CONSOLIDATED_v2.1.docx:274: M15 || Title / Awarding || Governing product boundary || 07_PRD/W4-02A.6.11_PRD_CURRENT_PRODUCT_REQUIREMENTS_FULL_CONSOLIDATED_v2.1.docx:173: Certificate and Award remain distinct to prevent M04/M15 semantic collision. || 07_PRD/W4-02A.6.11_PRD_CURRENT_PRODUCT_REQUIREMENTS_FULL_CONSOLIDATED_v2.1.docx:160: Certificate remains a Learning/M04 concept where already defined; Award Instance remains M15.,RETAIN_CORE_ONLY,YES,N/A,YES,NO,NO,PRESERVE_NO_DELTA_REQUIRED
M15-IA-02,M15,PRESERVE,CAM11-0014,07_PRD/W4-02A.6.11_PRD_CURRENT_PRODUCT_REQUIREMENTS_FULL_CONSOLIDATED_v2.1.docx,c2a7b6e4a77a08621a16048cba2f0f8641a3d073bc71dc4e4854634aa788aa34,NO_HEADING_DETECTED,"07_PRD/W4-02A.6.11_PRD_CURRENT_PRODUCT_REQUIREMENTS_FULL_CONSOLIDATED_v2.1.docx:1: STEP AKTIF = W4-02A.6.11 — PRD CURRENT PRODUCT REQUIREMENTS || 07_PRD/W4-02A.6.11_PRD_CURRENT_PRODUCT_REQUIREMENTS_FULL_CONSOLIDATED_v2.1.docx:2: RUMAHAGEN — PRODUCT REQUIREMENTS DOCUMENT (PRD) || 07_PRD/W4-02A.6.11_PRD_CURRENT_PRODUCT_REQUIREMENTS_FULL_CONSOLIDATED_v2.1.docx:3: Version 2.1 — W4-02A.6.11 Full Current Consolidation || 07_PRD/W4-02A.6.11_PRD_CURRENT_PRODUCT_REQUIREMENTS_FULL_CONSOLIDATED_v2.1.docx:4: 19 August 2026 | COMPLETE / GREEN || 07_PRD/W4-02A.6.11_PRD_CURRENT_PRODUCT_REQUIREMENTS_FULL_CONSOLIDATED_v2.1.docx:5: Predecessor: PRD v2.0 — Wave 3 Step 3.1 Full Consolidated / Synchronized. This artifact is a new full current version, not a patch or delta. || 07_PRD/W4-02A.6.11_PRD_CURRENT_PRODUCT_REQUIREMENTS_FULL_CONSOLIDATED_v2.1.docx:6: 0. EXECUTIVE PRODUCT BASELINE",RUMAHAGEN_WF03_M15_FULL_REBUILD_v1.1_CORE_DETAIL_SYNCHRONIZED_FULL_VERSION.zip,Title/Award distinction,RUMAHAGEN_WF03_M15_FULL_REBUILD_v1.1_CORE_DETAIL_SYNCHRONIZED_FULL_VERSION.md:1003: └── Title / Award Presentation || RUMAHAGEN_WF03_M15_FULL_REBUILD_v1.1_CORE_DETAIL_SYNCHRONIZED_FULL_VERSION.md:889: - Award/Title presentation || RUMAHAGEN_WF03_M15_FULL_REBUILD_v1.1_CORE_DETAIL_SYNCHRONIZED_FULL_VERSION.md:479: # 21. Title / Award Presentation,07_PRD/W4-02A.6.11_PRD_CURRENT_PRODUCT_REQUIREMENTS_FULL_CONSOLIDATED_v2.1.docx:245: Title / Award || Title Definition and Award Instance remain distinct || 07_PRD/W4-02A.6.11_PRD_CURRENT_PRODUCT_REQUIREMENTS_FULL_CONSOLIDATED_v2.1.docx:167: Title Definition identifies the recognition concept; Award Instance represents an actual awarded outcome. || 07_PRD/W4-02A.6.11_PRD_CURRENT_PRODUCT_REQUIREMENTS_FULL_CONSOLIDATED_v2.1.docx:154: Title Definition and Award Instance remain distinct concepts.,RETAIN_CORE_ONLY,YES,N/A,YES,NO,NO,PRESERVE_NO_DELTA_REQUIRED
M15-IA-03,M15,AUGMENT,CAM11-0014,07_PRD/W4-02A.6.11_PRD_CURRENT_PRODUCT_REQUIREMENTS_FULL_CONSOLIDATED_v2.1.docx,c2a7b6e4a77a08621a16048cba2f0f8641a3d073bc71dc4e4854634aa788aa34,NO_HEADING_DETECTED,"07_PRD/W4-02A.6.11_PRD_CURRENT_PRODUCT_REQUIREMENTS_FULL_CONSOLIDATED_v2.1.docx:1: STEP AKTIF = W4-02A.6.11 — PRD CURRENT PRODUCT REQUIREMENTS || 07_PRD/W4-02A.6.11_PRD_CURRENT_PRODUCT_REQUIREMENTS_FULL_CONSOLIDATED_v2.1.docx:2: RUMAHAGEN — PRODUCT REQUIREMENTS DOCUMENT (PRD) || 07_PRD/W4-02A.6.11_PRD_CURRENT_PRODUCT_REQUIREMENTS_FULL_CONSOLIDATED_v2.1.docx:3: Version 2.1 — W4-02A.6.11 Full Current Consolidation || 07_PRD/W4-02A.6.11_PRD_CURRENT_PRODUCT_REQUIREMENTS_FULL_CONSOLIDATED_v2.1.docx:4: 19 August 2026 | COMPLETE / GREEN || 07_PRD/W4-02A.6.11_PRD_CURRENT_PRODUCT_REQUIREMENTS_FULL_CONSOLIDATED_v2.1.docx:5: Predecessor: PRD v2.0 — Wave 3 Step 3.1 Full Consolidated / Synchronized. This artifact is a new full current version, not a patch or delta. || 07_PRD/W4-02A.6.11_PRD_CURRENT_PRODUCT_REQUIREMENTS_FULL_CONSOLIDATED_v2.1.docx:6: 0. EXECUTIVE PRODUCT BASELINE",RUMAHAGEN_WF03_M15_FULL_REBUILD_v1.1_CORE_DETAIL_SYNCHRONIZED_FULL_VERSION.zip,Qualification/evidence,RUMAHAGEN_WF03_M15_FULL_REBUILD_v1.1_CORE_DETAIL_SYNCHRONIZED_FULL_VERSION.md:1039: | Qualification Evidence | ADDED | || RUMAHAGEN_WF03_M15_FULL_REBUILD_v1.1_CORE_DETAIL_SYNCHRONIZED_FULL_VERSION.md:992: ├── Qualification Evidence || RUMAHAGEN_WF03_M15_FULL_REBUILD_v1.1_CORE_DETAIL_SYNCHRONIZED_FULL_VERSION.md:915: 8. Qualification Evidence.,"07_PRD/W4-02A.6.11_PRD_CURRENT_PRODUCT_REQUIREMENTS_FULL_CONSOLIDATED_v2.1.docx:332: HISTORICAL / PROVENANCE || PRD v1.3 lineage; older AEP impact states; earlier evidence-gap classifications || 07_PRD/W4-02A.6.11_PRD_CURRENT_PRODUCT_REQUIREMENTS_FULL_CONSOLIDATED_v2.1.docx:319: AEP3-OD-05 || CLOSED || Qualification selects Rule Version; Award snapshots || 07_PRD/W4-02A.6.11_PRD_CURRENT_PRODUCT_REQUIREMENTS_FULL_CONSOLIDATED_v2.1.docx:291: Evidence || Normalized, idempotent, provenance-preserving",ADD_MXX_VALID_DETAIL_RETAIN_CORE,YES,YES,YES,NO,NO,BOTH_TEXTUAL_CORROBORATION
M15-IA-04,M15,AUGMENT,CAM11-0014,07_PRD/W4-02A.6.11_PRD_CURRENT_PRODUCT_REQUIREMENTS_FULL_CONSOLIDATED_v2.1.docx,c2a7b6e4a77a08621a16048cba2f0f8641a3d073bc71dc4e4854634aa788aa34,NO_HEADING_DETECTED,"07_PRD/W4-02A.6.11_PRD_CURRENT_PRODUCT_REQUIREMENTS_FULL_CONSOLIDATED_v2.1.docx:1: STEP AKTIF = W4-02A.6.11 — PRD CURRENT PRODUCT REQUIREMENTS || 07_PRD/W4-02A.6.11_PRD_CURRENT_PRODUCT_REQUIREMENTS_FULL_CONSOLIDATED_v2.1.docx:2: RUMAHAGEN — PRODUCT REQUIREMENTS DOCUMENT (PRD) || 07_PRD/W4-02A.6.11_PRD_CURRENT_PRODUCT_REQUIREMENTS_FULL_CONSOLIDATED_v2.1.docx:3: Version 2.1 — W4-02A.6.11 Full Current Consolidation || 07_PRD/W4-02A.6.11_PRD_CURRENT_PRODUCT_REQUIREMENTS_FULL_CONSOLIDATED_v2.1.docx:4: 19 August 2026 | COMPLETE / GREEN || 07_PRD/W4-02A.6.11_PRD_CURRENT_PRODUCT_REQUIREMENTS_FULL_CONSOLIDATED_v2.1.docx:5: Predecessor: PRD v2.0 — Wave 3 Step 3.1 Full Consolidated / Synchronized. This artifact is a new full current version, not a patch or delta. || 07_PRD/W4-02A.6.11_PRD_CURRENT_PRODUCT_REQUIREMENTS_FULL_CONSOLIDATED_v2.1.docx:6: 0. EXECUTIVE PRODUCT BASELINE",RUMAHAGEN_WF03_M15_FULL_REBUILD_v1.1_CORE_DETAIL_SYNCHRONIZED_FULL_VERSION.zip,Partner Learning,RUMAHAGEN_WF03_M15_FULL_REBUILD_v1.1_CORE_DETAIL_SYNCHRONIZED_FULL_VERSION.md:1066: Partner Learning dependency: **EXPLICIT** || RUMAHAGEN_WF03_M15_FULL_REBUILD_v1.1_CORE_DETAIL_SYNCHRONIZED_FULL_VERSION.md:1041: | Partner Learning source contract | ADDED | || RUMAHAGEN_WF03_M15_FULL_REBUILD_v1.1_CORE_DETAIL_SYNCHRONIZED_FULL_VERSION.md:1015: | Partner Learning lifecycle | **Learning domain** |,07_PRD/W4-02A.6.11_PRD_CURRENT_PRODUCT_REQUIREMENTS_FULL_CONSOLIDATED_v2.1.docx:50: Paid partner Learning classes. || 07_PRD/W4-02A.6.11_PRD_CURRENT_PRODUCT_REQUIREMENTS_FULL_CONSOLIDATED_v2.1.docx:346: AEP4 Learning Session || PASS || 07_PRD/W4-02A.6.11_PRD_CURRENT_PRODUCT_REQUIREMENTS_FULL_CONSOLIDATED_v2.1.docx:344: AEP2 Learning Economy || PASS,ADD_MXX_VALID_DETAIL_RETAIN_CORE,YES,YES,YES,NO,NO,BOTH_TEXTUAL_CORROBORATION
M15-IA-05,M15,AUGMENT,CAM11-0014,07_PRD/W4-02A.6.11_PRD_CURRENT_PRODUCT_REQUIREMENTS_FULL_CONSOLIDATED_v2.1.docx,c2a7b6e4a77a08621a16048cba2f0f8641a3d073bc71dc4e4854634aa788aa34,NO_HEADING_DETECTED,"07_PRD/W4-02A.6.11_PRD_CURRENT_PRODUCT_REQUIREMENTS_FULL_CONSOLIDATED_v2.1.docx:1: STEP AKTIF = W4-02A.6.11 — PRD CURRENT PRODUCT REQUIREMENTS || 07_PRD/W4-02A.6.11_PRD_CURRENT_PRODUCT_REQUIREMENTS_FULL_CONSOLIDATED_v2.1.docx:2: RUMAHAGEN — PRODUCT REQUIREMENTS DOCUMENT (PRD) || 07_PRD/W4-02A.6.11_PRD_CURRENT_PRODUCT_REQUIREMENTS_FULL_CONSOLIDATED_v2.1.docx:3: Version 2.1 — W4-02A.6.11 Full Current Consolidation || 07_PRD/W4-02A.6.11_PRD_CURRENT_PRODUCT_REQUIREMENTS_FULL_CONSOLIDATED_v2.1.docx:4: 19 August 2026 | COMPLETE / GREEN || 07_PRD/W4-02A.6.11_PRD_CURRENT_PRODUCT_REQUIREMENTS_FULL_CONSOLIDATED_v2.1.docx:5: Predecessor: PRD v2.0 — Wave 3 Step 3.1 Full Consolidated / Synchronized. This artifact is a new full current version, not a patch or delta. || 07_PRD/W4-02A.6.11_PRD_CURRENT_PRODUCT_REQUIREMENTS_FULL_CONSOLIDATED_v2.1.docx:6: 0. EXECUTIVE PRODUCT BASELINE",RUMAHAGEN_WF03_M15_FULL_REBUILD_v1.1_CORE_DETAIL_SYNCHRONIZED_FULL_VERSION.zip,Developer Learning,RUMAHAGEN_WF03_M15_FULL_REBUILD_v1.1_CORE_DETAIL_SYNCHRONIZED_FULL_VERSION.md:1067: Developer Learning dependency: **EXPLICIT** || RUMAHAGEN_WF03_M15_FULL_REBUILD_v1.1_CORE_DETAIL_SYNCHRONIZED_FULL_VERSION.md:1042: | Developer Learning source contract | ADDED | || RUMAHAGEN_WF03_M15_FULL_REBUILD_v1.1_CORE_DETAIL_SYNCHRONIZED_FULL_VERSION.md:1016: | Developer Learning lifecycle | **Learning domain** |,"07_PRD/W4-02A.6.11_PRD_CURRENT_PRODUCT_REQUIREMENTS_FULL_CONSOLIDATED_v2.1.docx:346: AEP4 Learning Session || PASS || 07_PRD/W4-02A.6.11_PRD_CURRENT_PRODUCT_REQUIREMENTS_FULL_CONSOLIDATED_v2.1.docx:344: AEP2 Learning Economy || PASS || 07_PRD/W4-02A.6.11_PRD_CURRENT_PRODUCT_REQUIREMENTS_FULL_CONSOLIDATED_v2.1.docx:328: Content units reviewed || 15 major predecessor/content units: executive baseline, objectives/actors, canonical product structure, commercial scope, module requirements, Learning Economy, Session, Awarding, traceability, decision audit, residuals, historical boundary, physical boundary, handoff, gate",ADD_MXX_VALID_DETAIL_RETAIN_CORE,YES,YES,YES,NO,NO,BOTH_TEXTUAL_CORROBORATION
M15-IA-06,M15,PRESERVE,CAM11-0014,07_PRD/W4-02A.6.11_PRD_CURRENT_PRODUCT_REQUIREMENTS_FULL_CONSOLIDATED_v2.1.docx,c2a7b6e4a77a08621a16048cba2f0f8641a3d073bc71dc4e4854634aa788aa34,NO_HEADING_DETECTED,"07_PRD/W4-02A.6.11_PRD_CURRENT_PRODUCT_REQUIREMENTS_FULL_CONSOLIDATED_v2.1.docx:1: STEP AKTIF = W4-02A.6.11 — PRD CURRENT PRODUCT REQUIREMENTS || 07_PRD/W4-02A.6.11_PRD_CURRENT_PRODUCT_REQUIREMENTS_FULL_CONSOLIDATED_v2.1.docx:2: RUMAHAGEN — PRODUCT REQUIREMENTS DOCUMENT (PRD) || 07_PRD/W4-02A.6.11_PRD_CURRENT_PRODUCT_REQUIREMENTS_FULL_CONSOLIDATED_v2.1.docx:3: Version 2.1 — W4-02A.6.11 Full Current Consolidation || 07_PRD/W4-02A.6.11_PRD_CURRENT_PRODUCT_REQUIREMENTS_FULL_CONSOLIDATED_v2.1.docx:4: 19 August 2026 | COMPLETE / GREEN || 07_PRD/W4-02A.6.11_PRD_CURRENT_PRODUCT_REQUIREMENTS_FULL_CONSOLIDATED_v2.1.docx:5: Predecessor: PRD v2.0 — Wave 3 Step 3.1 Full Consolidated / Synchronized. This artifact is a new full current version, not a patch or delta. || 07_PRD/W4-02A.6.11_PRD_CURRENT_PRODUCT_REQUIREMENTS_FULL_CONSOLIDATED_v2.1.docx:6: 0. EXECUTIVE PRODUCT BASELINE",RUMAHAGEN_WF03_M15_FULL_REBUILD_v1.1_CORE_DETAIL_SYNCHRONIZED_FULL_VERSION.zip,Lifecycle,,,RETAIN_CORE_ONLY,YES,N/A,YES,NO,NO,PRESERVE_NO_DELTA_REQUIRED
M15-IA-07,M15,PRESERVE,CAM11-0014,07_PRD/W4-02A.6.11_PRD_CURRENT_PRODUCT_REQUIREMENTS_FULL_CONSOLIDATED_v2.1.docx,c2a7b6e4a77a08621a16048cba2f0f8641a3d073bc71dc4e4854634aa788aa34,NO_HEADING_DETECTED,"07_PRD/W4-02A.6.11_PRD_CURRENT_PRODUCT_REQUIREMENTS_FULL_CONSOLIDATED_v2.1.docx:1: STEP AKTIF = W4-02A.6.11 — PRD CURRENT PRODUCT REQUIREMENTS || 07_PRD/W4-02A.6.11_PRD_CURRENT_PRODUCT_REQUIREMENTS_FULL_CONSOLIDATED_v2.1.docx:2: RUMAHAGEN — PRODUCT REQUIREMENTS DOCUMENT (PRD) || 07_PRD/W4-02A.6.11_PRD_CURRENT_PRODUCT_REQUIREMENTS_FULL_CONSOLIDATED_v2.1.docx:3: Version 2.1 — W4-02A.6.11 Full Current Consolidation || 07_PRD/W4-02A.6.11_PRD_CURRENT_PRODUCT_REQUIREMENTS_FULL_CONSOLIDATED_v2.1.docx:4: 19 August 2026 | COMPLETE / GREEN || 07_PRD/W4-02A.6.11_PRD_CURRENT_PRODUCT_REQUIREMENTS_FULL_CONSOLIDATED_v2.1.docx:5: Predecessor: PRD v2.0 — Wave 3 Step 3.1 Full Consolidated / Synchronized. This artifact is a new full current version, not a patch or delta. || 07_PRD/W4-02A.6.11_PRD_CURRENT_PRODUCT_REQUIREMENTS_FULL_CONSOLIDATED_v2.1.docx:6: 0. EXECUTIVE PRODUCT BASELINE",RUMAHAGEN_WF03_M15_FULL_REBUILD_v1.1_CORE_DETAIL_SYNCHRONIZED_FULL_VERSION.zip,Actor/Role,RUMAHAGEN_WF03_M15_FULL_REBUILD_v1.1_CORE_DETAIL_SYNCHRONIZED_FULL_VERSION.md:1045: | Actor/role boundary | SYNCHRONIZED | || RUMAHAGEN_WF03_M15_FULL_REBUILD_v1.1_CORE_DETAIL_SYNCHRONIZED_FULL_VERSION.docx:688: | Actor/role boundary | SYNCHRONIZED | || RUMAHAGEN_WF03_M15_FULL_REBUILD_v1.1_CORE_DETAIL_SYNCHRONIZED_FULL_VERSION.md:714: # 26. Actor / Role Boundary,07_PRD/W4-02A.6.11_PRD_CURRENT_PRODUCT_REQUIREMENTS_FULL_CONSOLIDATED_v2.1.docx:264: Area || Product role || Current status || 07_PRD/W4-02A.6.11_PRD_CURRENT_PRODUCT_REQUIREMENTS_FULL_CONSOLIDATED_v2.1.docx:259: Organization Member/Agent || Organization-scoped member actor; may receive authorized Instructor capability. || 07_PRD/W4-02A.6.11_PRD_CURRENT_PRODUCT_REQUIREMENTS_FULL_CONSOLIDATED_v2.1.docx:257: Agent || Independent-first platform actor with Personal Context; may gain Organization Context.,RETAIN_CORE_ONLY,YES,N/A,YES,NO,NO,PRESERVE_NO_DELTA_REQUIRED
M15-IA-08,M15,AUGMENT,CAM11-0014,07_PRD/W4-02A.6.11_PRD_CURRENT_PRODUCT_REQUIREMENTS_FULL_CONSOLIDATED_v2.1.docx,c2a7b6e4a77a08621a16048cba2f0f8641a3d073bc71dc4e4854634aa788aa34,NO_HEADING_DETECTED,"07_PRD/W4-02A.6.11_PRD_CURRENT_PRODUCT_REQUIREMENTS_FULL_CONSOLIDATED_v2.1.docx:1: STEP AKTIF = W4-02A.6.11 — PRD CURRENT PRODUCT REQUIREMENTS || 07_PRD/W4-02A.6.11_PRD_CURRENT_PRODUCT_REQUIREMENTS_FULL_CONSOLIDATED_v2.1.docx:2: RUMAHAGEN — PRODUCT REQUIREMENTS DOCUMENT (PRD) || 07_PRD/W4-02A.6.11_PRD_CURRENT_PRODUCT_REQUIREMENTS_FULL_CONSOLIDATED_v2.1.docx:3: Version 2.1 — W4-02A.6.11 Full Current Consolidation || 07_PRD/W4-02A.6.11_PRD_CURRENT_PRODUCT_REQUIREMENTS_FULL_CONSOLIDATED_v2.1.docx:4: 19 August 2026 | COMPLETE / GREEN || 07_PRD/W4-02A.6.11_PRD_CURRENT_PRODUCT_REQUIREMENTS_FULL_CONSOLIDATED_v2.1.docx:5: Predecessor: PRD v2.0 — Wave 3 Step 3.1 Full Consolidated / Synchronized. This artifact is a new full current version, not a patch or delta. || 07_PRD/W4-02A.6.11_PRD_CURRENT_PRODUCT_REQUIREMENTS_FULL_CONSOLIDATED_v2.1.docx:6: 0. EXECUTIVE PRODUCT BASELINE",RUMAHAGEN_WF03_M15_FULL_REBUILD_v1.1_CORE_DETAIL_SYNCHRONIZED_FULL_VERSION.zip,Permission,"RUMAHAGEN_WF03_M15_FULL_REBUILD_v1.1_CORE_DETAIL_SYNCHRONIZED_FULL_VERSION.md:1046: | Permission boundary | SYNCHRONIZED | || RUMAHAGEN_WF03_M15_FULL_REBUILD_v1.1_CORE_DETAIL_SYNCHRONIZED_FULL_VERSION.md:970: This is a source-coverage limitation, not permission to delete the question. || RUMAHAGEN_WF03_M15_FULL_REBUILD_v1.1_CORE_DETAIL_SYNCHRONIZED_FULL_VERSION.md:850: Final physical permission IDs remain M10-controlled and are not invented by M15.",07_PRD/W4-02A.6.11_PRD_CURRENT_PRODUCT_REQUIREMENTS_FULL_CONSOLIDATED_v2.1.docx:314: MADCR-053 || APPROVED / GOVERNING || Capability + Permission + Scope || 07_PRD/W4-02A.6.11_PRD_CURRENT_PRODUCT_REQUIREMENTS_FULL_CONSOLIDATED_v2.1.docx:305: MADCR-053/054 || Approved authorization decisions || Capability/Permission/Scope; Host/Instructor || 07_PRD/W4-02A.6.11_PRD_CURRENT_PRODUCT_REQUIREMENTS_FULL_CONSOLIDATED_v2.1.docx:269: M10 || RBAC / Capability / Permission / Scope || Evolved,ADD_MXX_VALID_DETAIL_RETAIN_CORE,YES,YES,YES,NO,NO,BOTH_TEXTUAL_CORROBORATION
M15-IA-09,M15,PRESERVE,CAM11-0014,07_PRD/W4-02A.6.11_PRD_CURRENT_PRODUCT_REQUIREMENTS_FULL_CONSOLIDATED_v2.1.docx,c2a7b6e4a77a08621a16048cba2f0f8641a3d073bc71dc4e4854634aa788aa34,NO_HEADING_DETECTED,"07_PRD/W4-02A.6.11_PRD_CURRENT_PRODUCT_REQUIREMENTS_FULL_CONSOLIDATED_v2.1.docx:1: STEP AKTIF = W4-02A.6.11 — PRD CURRENT PRODUCT REQUIREMENTS || 07_PRD/W4-02A.6.11_PRD_CURRENT_PRODUCT_REQUIREMENTS_FULL_CONSOLIDATED_v2.1.docx:2: RUMAHAGEN — PRODUCT REQUIREMENTS DOCUMENT (PRD) || 07_PRD/W4-02A.6.11_PRD_CURRENT_PRODUCT_REQUIREMENTS_FULL_CONSOLIDATED_v2.1.docx:3: Version 2.1 — W4-02A.6.11 Full Current Consolidation || 07_PRD/W4-02A.6.11_PRD_CURRENT_PRODUCT_REQUIREMENTS_FULL_CONSOLIDATED_v2.1.docx:4: 19 August 2026 | COMPLETE / GREEN || 07_PRD/W4-02A.6.11_PRD_CURRENT_PRODUCT_REQUIREMENTS_FULL_CONSOLIDATED_v2.1.docx:5: Predecessor: PRD v2.0 — Wave 3 Step 3.1 Full Consolidated / Synchronized. This artifact is a new full current version, not a patch or delta. || 07_PRD/W4-02A.6.11_PRD_CURRENT_PRODUCT_REQUIREMENTS_FULL_CONSOLIDATED_v2.1.docx:6: 0. EXECUTIVE PRODUCT BASELINE",RUMAHAGEN_WF03_M15_FULL_REBUILD_v1.1_CORE_DETAIL_SYNCHRONIZED_FULL_VERSION.zip,Ownership/Scope,RUMAHAGEN_WF03_M15_FULL_REBUILD_v1.1_CORE_DETAIL_SYNCHRONIZED_FULL_VERSION.md:1047: | Ownership/scope | SYNCHRONIZED | || RUMAHAGEN_WF03_M15_FULL_REBUILD_v1.1_CORE_DETAIL_SYNCHRONIZED_FULL_VERSION.docx:690: | Ownership/scope | SYNCHRONIZED | || RUMAHAGEN_WF03_M15_FULL_REBUILD_v1.1_CORE_DETAIL_SYNCHRONIZED_FULL_VERSION.md:1031: | M15 scope containment | PASS |,"07_PRD/W4-02A.6.11_PRD_CURRENT_PRODUCT_REQUIREMENTS_FULL_CONSOLIDATED_v2.1.docx:329: CARRY FORWARD || Existing M01–M13 product baseline; actors; commercial scope; product invariants; Wave 3 PRD structure; downstream handoff; historical boundary || 07_PRD/W4-02A.6.11_PRD_CURRENT_PRODUCT_REQUIREMENTS_FULL_CONSOLIDATED_v2.1.docx:328: Content units reviewed || 15 major predecessor/content units: executive baseline, objectives/actors, canonical product structure, commercial scope, module requirements, Learning Economy, Session, Awarding, traceability, decision audit, residuals, historical boundary, physical boundary, handoff, gate || 07_PRD/W4-02A.6.11_PRD_CURRENT_PRODUCT_REQUIREMENTS_FULL_CONSOLIDATED_v2.1.docx:314: MADCR-053 || APPROVED / GOVERNING || Capability + Permission + Scope",RETAIN_CORE_ONLY,YES,N/A,YES,NO,NO,PRESERVE_NO_DELTA_REQUIRED
M15-IA-10,M15,AUGMENT,CAM11-0014,07_PRD/W4-02A.6.11_PRD_CURRENT_PRODUCT_REQUIREMENTS_FULL_CONSOLIDATED_v2.1.docx,c2a7b6e4a77a08621a16048cba2f0f8641a3d073bc71dc4e4854634aa788aa34,NO_HEADING_DETECTED,"07_PRD/W4-02A.6.11_PRD_CURRENT_PRODUCT_REQUIREMENTS_FULL_CONSOLIDATED_v2.1.docx:1: STEP AKTIF = W4-02A.6.11 — PRD CURRENT PRODUCT REQUIREMENTS || 07_PRD/W4-02A.6.11_PRD_CURRENT_PRODUCT_REQUIREMENTS_FULL_CONSOLIDATED_v2.1.docx:2: RUMAHAGEN — PRODUCT REQUIREMENTS DOCUMENT (PRD) || 07_PRD/W4-02A.6.11_PRD_CURRENT_PRODUCT_REQUIREMENTS_FULL_CONSOLIDATED_v2.1.docx:3: Version 2.1 — W4-02A.6.11 Full Current Consolidation || 07_PRD/W4-02A.6.11_PRD_CURRENT_PRODUCT_REQUIREMENTS_FULL_CONSOLIDATED_v2.1.docx:4: 19 August 2026 | COMPLETE / GREEN || 07_PRD/W4-02A.6.11_PRD_CURRENT_PRODUCT_REQUIREMENTS_FULL_CONSOLIDATED_v2.1.docx:5: Predecessor: PRD v2.0 — Wave 3 Step 3.1 Full Consolidated / Synchronized. This artifact is a new full current version, not a patch or delta. || 07_PRD/W4-02A.6.11_PRD_CURRENT_PRODUCT_REQUIREMENTS_FULL_CONSOLIDATED_v2.1.docx:6: 0. EXECUTIVE PRODUCT BASELINE",RUMAHAGEN_WF03_M15_FULL_REBUILD_v1.1_CORE_DETAIL_SYNCHRONIZED_FULL_VERSION.zip,Visibility/Presentation,RUMAHAGEN_WF03_M15_FULL_REBUILD_v1.1_CORE_DETAIL_SYNCHRONIZED_FULL_VERSION.md:836: ### P-04 — Presentation visibility/scope || RUMAHAGEN_WF03_M15_FULL_REBUILD_v1.1_CORE_DETAIL_SYNCHRONIZED_FULL_VERSION.docx:534: P-04 — Presentation visibility/scope || RUMAHAGEN_WF03_M15_FULL_REBUILD_v1.1_CORE_DETAIL_SYNCHRONIZED_FULL_VERSION.md:1048: | Visibility | PRESERVED / reconciliation downstream |,07_PRD/W4-02A.6.11_PRD_CURRENT_PRODUCT_REQUIREMENTS_FULL_CONSOLIDATED_v2.1.docx:162: Award presentation may surface recognition on profile without becoming authorization. || 07_PRD/W4-02A.6.11_PRD_CURRENT_PRODUCT_REQUIREMENTS_FULL_CONSOLIDATED_v2.1.docx:77: Profile supports reviews/recognition presentation according to current Awarding and authorization boundaries.,ADD_MXX_VALID_DETAIL_RETAIN_CORE,YES,YES,YES,NO,NO,BOTH_TEXTUAL_CORROBORATION
M15-IA-11,M15,AUGMENT,CAM11-0014,07_PRD/W4-02A.6.11_PRD_CURRENT_PRODUCT_REQUIREMENTS_FULL_CONSOLIDATED_v2.1.docx,c2a7b6e4a77a08621a16048cba2f0f8641a3d073bc71dc4e4854634aa788aa34,NO_HEADING_DETECTED,"07_PRD/W4-02A.6.11_PRD_CURRENT_PRODUCT_REQUIREMENTS_FULL_CONSOLIDATED_v2.1.docx:1: STEP AKTIF = W4-02A.6.11 — PRD CURRENT PRODUCT REQUIREMENTS || 07_PRD/W4-02A.6.11_PRD_CURRENT_PRODUCT_REQUIREMENTS_FULL_CONSOLIDATED_v2.1.docx:2: RUMAHAGEN — PRODUCT REQUIREMENTS DOCUMENT (PRD) || 07_PRD/W4-02A.6.11_PRD_CURRENT_PRODUCT_REQUIREMENTS_FULL_CONSOLIDATED_v2.1.docx:3: Version 2.1 — W4-02A.6.11 Full Current Consolidation || 07_PRD/W4-02A.6.11_PRD_CURRENT_PRODUCT_REQUIREMENTS_FULL_CONSOLIDATED_v2.1.docx:4: 19 August 2026 | COMPLETE / GREEN || 07_PRD/W4-02A.6.11_PRD_CURRENT_PRODUCT_REQUIREMENTS_FULL_CONSOLIDATED_v2.1.docx:5: Predecessor: PRD v2.0 — Wave 3 Step 3.1 Full Consolidated / Synchronized. This artifact is a new full current version, not a patch or delta. || 07_PRD/W4-02A.6.11_PRD_CURRENT_PRODUCT_REQUIREMENTS_FULL_CONSOLIDATED_v2.1.docx:6: 0. EXECUTIVE PRODUCT BASELINE",RUMAHAGEN_WF03_M15_FULL_REBUILD_v1.1_CORE_DETAIL_SYNCHRONIZED_FULL_VERSION.zip,Approval,RUMAHAGEN_WF03_M15_FULL_REBUILD_v1.1_CORE_DETAIL_SYNCHRONIZED_FULL_VERSION.md:1049: | Approval | PRESERVED | || RUMAHAGEN_WF03_M15_FULL_REBUILD_v1.1_CORE_DETAIL_SYNCHRONIZED_FULL_VERSION.docx:692: | Approval | PRESERVED |,,ADD_MXX_VALID_DETAIL_RETAIN_CORE,YES,YES,YES,NO,NO,MXX_TEXTUAL_CORROBORATION_ONLY
M15-IA-12,M15,AUGMENT,CAM11-0014,07_PRD/W4-02A.6.11_PRD_CURRENT_PRODUCT_REQUIREMENTS_FULL_CONSOLIDATED_v2.1.docx,c2a7b6e4a77a08621a16048cba2f0f8641a3d073bc71dc4e4854634aa788aa34,NO_HEADING_DETECTED,"07_PRD/W4-02A.6.11_PRD_CURRENT_PRODUCT_REQUIREMENTS_FULL_CONSOLIDATED_v2.1.docx:1: STEP AKTIF = W4-02A.6.11 — PRD CURRENT PRODUCT REQUIREMENTS || 07_PRD/W4-02A.6.11_PRD_CURRENT_PRODUCT_REQUIREMENTS_FULL_CONSOLIDATED_v2.1.docx:2: RUMAHAGEN — PRODUCT REQUIREMENTS DOCUMENT (PRD) || 07_PRD/W4-02A.6.11_PRD_CURRENT_PRODUCT_REQUIREMENTS_FULL_CONSOLIDATED_v2.1.docx:3: Version 2.1 — W4-02A.6.11 Full Current Consolidation || 07_PRD/W4-02A.6.11_PRD_CURRENT_PRODUCT_REQUIREMENTS_FULL_CONSOLIDATED_v2.1.docx:4: 19 August 2026 | COMPLETE / GREEN || 07_PRD/W4-02A.6.11_PRD_CURRENT_PRODUCT_REQUIREMENTS_FULL_CONSOLIDATED_v2.1.docx:5: Predecessor: PRD v2.0 — Wave 3 Step 3.1 Full Consolidated / Synchronized. This artifact is a new full current version, not a patch or delta. || 07_PRD/W4-02A.6.11_PRD_CURRENT_PRODUCT_REQUIREMENTS_FULL_CONSOLIDATED_v2.1.docx:6: 0. EXECUTIVE PRODUCT BASELINE",RUMAHAGEN_WF03_M15_FULL_REBUILD_v1.1_CORE_DETAIL_SYNCHRONIZED_FULL_VERSION.zip,API,,,ADD_MXX_VALID_DETAIL_RETAIN_CORE,YES,YES,YES,NO,NO,SEMANTIC_REGISTER_AUTHORITY_ONLY
M15-IA-13,M15,PRESERVE,CAM11-0014,07_PRD/W4-02A.6.11_PRD_CURRENT_PRODUCT_REQUIREMENTS_FULL_CONSOLIDATED_v2.1.docx,c2a7b6e4a77a08621a16048cba2f0f8641a3d073bc71dc4e4854634aa788aa34,NO_HEADING_DETECTED,"07_PRD/W4-02A.6.11_PRD_CURRENT_PRODUCT_REQUIREMENTS_FULL_CONSOLIDATED_v2.1.docx:1: STEP AKTIF = W4-02A.6.11 — PRD CURRENT PRODUCT REQUIREMENTS || 07_PRD/W4-02A.6.11_PRD_CURRENT_PRODUCT_REQUIREMENTS_FULL_CONSOLIDATED_v2.1.docx:2: RUMAHAGEN — PRODUCT REQUIREMENTS DOCUMENT (PRD) || 07_PRD/W4-02A.6.11_PRD_CURRENT_PRODUCT_REQUIREMENTS_FULL_CONSOLIDATED_v2.1.docx:3: Version 2.1 — W4-02A.6.11 Full Current Consolidation || 07_PRD/W4-02A.6.11_PRD_CURRENT_PRODUCT_REQUIREMENTS_FULL_CONSOLIDATED_v2.1.docx:4: 19 August 2026 | COMPLETE / GREEN || 07_PRD/W4-02A.6.11_PRD_CURRENT_PRODUCT_REQUIREMENTS_FULL_CONSOLIDATED_v2.1.docx:5: Predecessor: PRD v2.0 — Wave 3 Step 3.1 Full Consolidated / Synchronized. This artifact is a new full current version, not a patch or delta. || 07_PRD/W4-02A.6.11_PRD_CURRENT_PRODUCT_REQUIREMENTS_FULL_CONSOLIDATED_v2.1.docx:6: 0. EXECUTIVE PRODUCT BASELINE",RUMAHAGEN_WF03_M15_FULL_REBUILD_v1.1_CORE_DETAIL_SYNCHRONIZED_FULL_VERSION.zip,ERD,,"07_PRD/W4-02A.6.11_PRD_CURRENT_PRODUCT_REQUIREMENTS_FULL_CONSOLIDATED_v2.1.docx:301: MBR-COM-001–013 || Commercial Business Rules Closure — CLOSED / OWNER APPROVED || Commercial, Payment, Entitlement, Listing, PRD, User Flow, ERD, API, RBAC || 07_PRD/W4-02A.6.11_PRD_CURRENT_PRODUCT_REQUIREMENTS_FULL_CONSOLIDATED_v2.1.docx:300: BR-001–BR-151 || Master Business Rules || User Flow, ERD, Dictionary, API, RBAC/RLS, Functional, Technical, Test || 07_PRD/W4-02A.6.11_PRD_CURRENT_PRODUCT_REQUIREMENTS_FULL_CONSOLIDATED_v2.1.docx:230: Current Wave 3 User Flow / Entity Mapping / ERD / Dictionary / API / Functional / SEO downstream evidence.",RETAIN_CORE_ONLY,YES,N/A,YES,NO,NO,PRESERVE_NO_DELTA_REQUIRED
M15-IA-14,M15,PRESERVE,CAM11-0014,07_PRD/W4-02A.6.11_PRD_CURRENT_PRODUCT_REQUIREMENTS_FULL_CONSOLIDATED_v2.1.docx,c2a7b6e4a77a08621a16048cba2f0f8641a3d073bc71dc4e4854634aa788aa34,NO_HEADING_DETECTED,"07_PRD/W4-02A.6.11_PRD_CURRENT_PRODUCT_REQUIREMENTS_FULL_CONSOLIDATED_v2.1.docx:1: STEP AKTIF = W4-02A.6.11 — PRD CURRENT PRODUCT REQUIREMENTS || 07_PRD/W4-02A.6.11_PRD_CURRENT_PRODUCT_REQUIREMENTS_FULL_CONSOLIDATED_v2.1.docx:2: RUMAHAGEN — PRODUCT REQUIREMENTS DOCUMENT (PRD) || 07_PRD/W4-02A.6.11_PRD_CURRENT_PRODUCT_REQUIREMENTS_FULL_CONSOLIDATED_v2.1.docx:3: Version 2.1 — W4-02A.6.11 Full Current Consolidation || 07_PRD/W4-02A.6.11_PRD_CURRENT_PRODUCT_REQUIREMENTS_FULL_CONSOLIDATED_v2.1.docx:4: 19 August 2026 | COMPLETE / GREEN || 07_PRD/W4-02A.6.11_PRD_CURRENT_PRODUCT_REQUIREMENTS_FULL_CONSOLIDATED_v2.1.docx:5: Predecessor: PRD v2.0 — Wave 3 Step 3.1 Full Consolidated / Synchronized. This artifact is a new full current version, not a patch or delta. || 07_PRD/W4-02A.6.11_PRD_CURRENT_PRODUCT_REQUIREMENTS_FULL_CONSOLIDATED_v2.1.docx:6: 0. EXECUTIVE PRODUCT BASELINE",RUMAHAGEN_WF03_M15_FULL_REBUILD_v1.1_CORE_DETAIL_SYNCHRONIZED_FULL_VERSION.zip,Schema,RUMAHAGEN_WF03_M15_FULL_REBUILD_v1.1_CORE_DETAIL_SYNCHRONIZED_FULL_VERSION.md:42: The uploaded Core source exposes the M15 physical design through the canonical source-only database schema and the focused M15 execution specification. || RUMAHAGEN_WF03_M15_FULL_REBUILD_v1.1_CORE_DETAIL_SYNCHRONIZED_FULL_VERSION.docx:29: The uploaded Core source exposes the M15 physical design through the canonical source-only database schema and the focused M15 execution specification.,"07_PRD/W4-02A.6.11_PRD_CURRENT_PRODUCT_REQUIREMENTS_FULL_CONSOLIDATED_v2.1.docx:209: This PRD does not authorize SQL migration, schema modification, RLS changes, payment activation, runtime deployment or production release.",RETAIN_CORE_ONLY,YES,N/A,YES,NO,NO,PRESERVE_NO_DELTA_REQUIRED
M15-IA-15,M15,AUGMENT,CAM11-0014,07_PRD/W4-02A.6.11_PRD_CURRENT_PRODUCT_REQUIREMENTS_FULL_CONSOLIDATED_v2.1.docx,c2a7b6e4a77a08621a16048cba2f0f8641a3d073bc71dc4e4854634aa788aa34,NO_HEADING_DETECTED,"07_PRD/W4-02A.6.11_PRD_CURRENT_PRODUCT_REQUIREMENTS_FULL_CONSOLIDATED_v2.1.docx:1: STEP AKTIF = W4-02A.6.11 — PRD CURRENT PRODUCT REQUIREMENTS || 07_PRD/W4-02A.6.11_PRD_CURRENT_PRODUCT_REQUIREMENTS_FULL_CONSOLIDATED_v2.1.docx:2: RUMAHAGEN — PRODUCT REQUIREMENTS DOCUMENT (PRD) || 07_PRD/W4-02A.6.11_PRD_CURRENT_PRODUCT_REQUIREMENTS_FULL_CONSOLIDATED_v2.1.docx:3: Version 2.1 — W4-02A.6.11 Full Current Consolidation || 07_PRD/W4-02A.6.11_PRD_CURRENT_PRODUCT_REQUIREMENTS_FULL_CONSOLIDATED_v2.1.docx:4: 19 August 2026 | COMPLETE / GREEN || 07_PRD/W4-02A.6.11_PRD_CURRENT_PRODUCT_REQUIREMENTS_FULL_CONSOLIDATED_v2.1.docx:5: Predecessor: PRD v2.0 — Wave 3 Step 3.1 Full Consolidated / Synchronized. This artifact is a new full current version, not a patch or delta. || 07_PRD/W4-02A.6.11_PRD_CURRENT_PRODUCT_REQUIREMENTS_FULL_CONSOLIDATED_v2.1.docx:6: 0. EXECUTIVE PRODUCT BASELINE",RUMAHAGEN_WF03_M15_FULL_REBUILD_v1.1_CORE_DETAIL_SYNCHRONIZED_FULL_VERSION.zip,RBAC/RLS,RUMAHAGEN_WF03_M15_FULL_REBUILD_v1.1_CORE_DETAIL_SYNCHRONIZED_FULL_VERSION.md:1017: | Authorization/RBAC/RLS | **M10** | || RUMAHAGEN_WF03_M15_FULL_REBUILD_v1.1_CORE_DETAIL_SYNCHRONIZED_FULL_VERSION.md:94: - RBAC/RLS infrastructure || RUMAHAGEN_WF03_M15_FULL_REBUILD_v1.1_CORE_DETAIL_SYNCHRONIZED_FULL_VERSION.md:24: - M10 remains authorization/RBAC/RLS authority.,"07_PRD/W4-02A.6.11_PRD_CURRENT_PRODUCT_REQUIREMENTS_FULL_CONSOLIDATED_v2.1.docx:300: BR-001–BR-151 || Master Business Rules || User Flow, ERD, Dictionary, API, RBAC/RLS, Functional, Technical, Test || 07_PRD/W4-02A.6.11_PRD_CURRENT_PRODUCT_REQUIREMENTS_FULL_CONSOLIDATED_v2.1.docx:301: MBR-COM-001–013 || Commercial Business Rules Closure — CLOSED / OWNER APPROVED || Commercial, Payment, Entitlement, Listing, PRD, User Flow, ERD, API, RBAC || 07_PRD/W4-02A.6.11_PRD_CURRENT_PRODUCT_REQUIREMENTS_FULL_CONSOLIDATED_v2.1.docx:269: M10 || RBAC / Capability / Permission / Scope || Evolved",ADD_MXX_VALID_DETAIL_RETAIN_CORE,YES,YES,YES,NO,NO,BOTH_TEXTUAL_CORROBORATION
M15-IA-16,M15,AUGMENT,CAM11-0014,07_PRD/W4-02A.6.11_PRD_CURRENT_PRODUCT_REQUIREMENTS_FULL_CONSOLIDATED_v2.1.docx,c2a7b6e4a77a08621a16048cba2f0f8641a3d073bc71dc4e4854634aa788aa34,NO_HEADING_DETECTED,"07_PRD/W4-02A.6.11_PRD_CURRENT_PRODUCT_REQUIREMENTS_FULL_CONSOLIDATED_v2.1.docx:1: STEP AKTIF = W4-02A.6.11 — PRD CURRENT PRODUCT REQUIREMENTS || 07_PRD/W4-02A.6.11_PRD_CURRENT_PRODUCT_REQUIREMENTS_FULL_CONSOLIDATED_v2.1.docx:2: RUMAHAGEN — PRODUCT REQUIREMENTS DOCUMENT (PRD) || 07_PRD/W4-02A.6.11_PRD_CURRENT_PRODUCT_REQUIREMENTS_FULL_CONSOLIDATED_v2.1.docx:3: Version 2.1 — W4-02A.6.11 Full Current Consolidation || 07_PRD/W4-02A.6.11_PRD_CURRENT_PRODUCT_REQUIREMENTS_FULL_CONSOLIDATED_v2.1.docx:4: 19 August 2026 | COMPLETE / GREEN || 07_PRD/W4-02A.6.11_PRD_CURRENT_PRODUCT_REQUIREMENTS_FULL_CONSOLIDATED_v2.1.docx:5: Predecessor: PRD v2.0 — Wave 3 Step 3.1 Full Consolidated / Synchronized. This artifact is a new full current version, not a patch or delta. || 07_PRD/W4-02A.6.11_PRD_CURRENT_PRODUCT_REQUIREMENTS_FULL_CONSOLIDATED_v2.1.docx:6: 0. EXECUTIVE PRODUCT BASELINE",RUMAHAGEN_WF03_M15_FULL_REBUILD_v1.1_CORE_DETAIL_SYNCHRONIZED_FULL_VERSION.zip,Functional,,,ADD_MXX_VALID_DETAIL_RETAIN_CORE,YES,YES,YES,NO,NO,SEMANTIC_REGISTER_AUTHORITY_ONLY
M15-IA-17,M15,AUGMENT,CAM11-0014,07_PRD/W4-02A.6.11_PRD_CURRENT_PRODUCT_REQUIREMENTS_FULL_CONSOLIDATED_v2.1.docx,c2a7b6e4a77a08621a16048cba2f0f8641a3d073bc71dc4e4854634aa788aa34,NO_HEADING_DETECTED,"07_PRD/W4-02A.6.11_PRD_CURRENT_PRODUCT_REQUIREMENTS_FULL_CONSOLIDATED_v2.1.docx:1: STEP AKTIF = W4-02A.6.11 — PRD CURRENT PRODUCT REQUIREMENTS || 07_PRD/W4-02A.6.11_PRD_CURRENT_PRODUCT_REQUIREMENTS_FULL_CONSOLIDATED_v2.1.docx:2: RUMAHAGEN — PRODUCT REQUIREMENTS DOCUMENT (PRD) || 07_PRD/W4-02A.6.11_PRD_CURRENT_PRODUCT_REQUIREMENTS_FULL_CONSOLIDATED_v2.1.docx:3: Version 2.1 — W4-02A.6.11 Full Current Consolidation || 07_PRD/W4-02A.6.11_PRD_CURRENT_PRODUCT_REQUIREMENTS_FULL_CONSOLIDATED_v2.1.docx:4: 19 August 2026 | COMPLETE / GREEN || 07_PRD/W4-02A.6.11_PRD_CURRENT_PRODUCT_REQUIREMENTS_FULL_CONSOLIDATED_v2.1.docx:5: Predecessor: PRD v2.0 — Wave 3 Step 3.1 Full Consolidated / Synchronized. This artifact is a new full current version, not a patch or delta. || 07_PRD/W4-02A.6.11_PRD_CURRENT_PRODUCT_REQUIREMENTS_FULL_CONSOLIDATED_v2.1.docx:6: 0. EXECUTIVE PRODUCT BASELINE",RUMAHAGEN_WF03_M15_FULL_REBUILD_v1.1_CORE_DETAIL_SYNCHRONIZED_FULL_VERSION.zip,Technical,,,ADD_MXX_VALID_DETAIL_RETAIN_CORE,YES,YES,YES,NO,NO,SEMANTIC_REGISTER_AUTHORITY_ONLY
M15-IA-18,M15,AUGMENT,CAM11-0014,07_PRD/W4-02A.6.11_PRD_CURRENT_PRODUCT_REQUIREMENTS_FULL_CONSOLIDATED_v2.1.docx,c2a7b6e4a77a08621a16048cba2f0f8641a3d073bc71dc4e4854634aa788aa34,NO_HEADING_DETECTED,"07_PRD/W4-02A.6.11_PRD_CURRENT_PRODUCT_REQUIREMENTS_FULL_CONSOLIDATED_v2.1.docx:1: STEP AKTIF = W4-02A.6.11 — PRD CURRENT PRODUCT REQUIREMENTS || 07_PRD/W4-02A.6.11_PRD_CURRENT_PRODUCT_REQUIREMENTS_FULL_CONSOLIDATED_v2.1.docx:2: RUMAHAGEN — PRODUCT REQUIREMENTS DOCUMENT (PRD) || 07_PRD/W4-02A.6.11_PRD_CURRENT_PRODUCT_REQUIREMENTS_FULL_CONSOLIDATED_v2.1.docx:3: Version 2.1 — W4-02A.6.11 Full Current Consolidation || 07_PRD/W4-02A.6.11_PRD_CURRENT_PRODUCT_REQUIREMENTS_FULL_CONSOLIDATED_v2.1.docx:4: 19 August 2026 | COMPLETE / GREEN || 07_PRD/W4-02A.6.11_PRD_CURRENT_PRODUCT_REQUIREMENTS_FULL_CONSOLIDATED_v2.1.docx:5: Predecessor: PRD v2.0 — Wave 3 Step 3.1 Full Consolidated / Synchronized. This artifact is a new full current version, not a patch or delta. || 07_PRD/W4-02A.6.11_PRD_CURRENT_PRODUCT_REQUIREMENTS_FULL_CONSOLIDATED_v2.1.docx:6: 0. EXECUTIVE PRODUCT BASELINE",RUMAHAGEN_WF03_M15_FULL_REBUILD_v1.1_CORE_DETAIL_SYNCHRONIZED_FULL_VERSION.zip,UI/UX,,,ADD_MXX_VALID_DETAIL_RETAIN_CORE,YES,YES,YES,NO,NO,SEMANTIC_REGISTER_AUTHORITY_ONLY
M15-IA-19,M15,AUGMENT,CAM11-0014,07_PRD/W4-02A.6.11_PRD_CURRENT_PRODUCT_REQUIREMENTS_FULL_CONSOLIDATED_v2.1.docx,c2a7b6e4a77a08621a16048cba2f0f8641a3d073bc71dc4e4854634aa788aa34,NO_HEADING_DETECTED,"07_PRD/W4-02A.6.11_PRD_CURRENT_PRODUCT_REQUIREMENTS_FULL_CONSOLIDATED_v2.1.docx:1: STEP AKTIF = W4-02A.6.11 — PRD CURRENT PRODUCT REQUIREMENTS || 07_PRD/W4-02A.6.11_PRD_CURRENT_PRODUCT_REQUIREMENTS_FULL_CONSOLIDATED_v2.1.docx:2: RUMAHAGEN — PRODUCT REQUIREMENTS DOCUMENT (PRD) || 07_PRD/W4-02A.6.11_PRD_CURRENT_PRODUCT_REQUIREMENTS_FULL_CONSOLIDATED_v2.1.docx:3: Version 2.1 — W4-02A.6.11 Full Current Consolidation || 07_PRD/W4-02A.6.11_PRD_CURRENT_PRODUCT_REQUIREMENTS_FULL_CONSOLIDATED_v2.1.docx:4: 19 August 2026 | COMPLETE / GREEN || 07_PRD/W4-02A.6.11_PRD_CURRENT_PRODUCT_REQUIREMENTS_FULL_CONSOLIDATED_v2.1.docx:5: Predecessor: PRD v2.0 — Wave 3 Step 3.1 Full Consolidated / Synchronized. This artifact is a new full current version, not a patch or delta. || 07_PRD/W4-02A.6.11_PRD_CURRENT_PRODUCT_REQUIREMENTS_FULL_CONSOLIDATED_v2.1.docx:6: 0. EXECUTIVE PRODUCT BASELINE",RUMAHAGEN_WF03_M15_FULL_REBUILD_v1.1_CORE_DETAIL_SYNCHRONIZED_FULL_VERSION.zip,Dependencies,,,ADD_MXX_VALID_DETAIL_RETAIN_CORE,YES,YES,YES,NO,NO,SEMANTIC_REGISTER_AUTHORITY_ONLY
M15-IA-20,M15,CONTROLLED,CAM11-0014,07_PRD/W4-02A.6.11_PRD_CURRENT_PRODUCT_REQUIREMENTS_FULL_CONSOLIDATED_v2.1.docx,c2a7b6e4a77a08621a16048cba2f0f8641a3d073bc71dc4e4854634aa788aa34,NO_HEADING_DETECTED,"07_PRD/W4-02A.6.11_PRD_CURRENT_PRODUCT_REQUIREMENTS_FULL_CONSOLIDATED_v2.1.docx:1: STEP AKTIF = W4-02A.6.11 — PRD CURRENT PRODUCT REQUIREMENTS || 07_PRD/W4-02A.6.11_PRD_CURRENT_PRODUCT_REQUIREMENTS_FULL_CONSOLIDATED_v2.1.docx:2: RUMAHAGEN — PRODUCT REQUIREMENTS DOCUMENT (PRD) || 07_PRD/W4-02A.6.11_PRD_CURRENT_PRODUCT_REQUIREMENTS_FULL_CONSOLIDATED_v2.1.docx:3: Version 2.1 — W4-02A.6.11 Full Current Consolidation || 07_PRD/W4-02A.6.11_PRD_CURRENT_PRODUCT_REQUIREMENTS_FULL_CONSOLIDATED_v2.1.docx:4: 19 August 2026 | COMPLETE / GREEN || 07_PRD/W4-02A.6.11_PRD_CURRENT_PRODUCT_REQUIREMENTS_FULL_CONSOLIDATED_v2.1.docx:5: Predecessor: PRD v2.0 — Wave 3 Step 3.1 Full Consolidated / Synchronized. This artifact is a new full current version, not a patch or delta. || 07_PRD/W4-02A.6.11_PRD_CURRENT_PRODUCT_REQUIREMENTS_FULL_CONSOLIDATED_v2.1.docx:6: 0. EXECUTIVE PRODUCT BASELINE",RUMAHAGEN_WF03_M15_FULL_REBUILD_v1.1_CORE_DETAIL_SYNCHRONIZED_FULL_VERSION.zip,Physical implementation,"RUMAHAGEN_WF03_M15_FULL_REBUILD_v1.1_CORE_DETAIL_SYNCHRONIZED_FULL_VERSION.md:942: When implementation and semantic layers appear to differ: || RUMAHAGEN_WF03_M15_FULL_REBUILD_v1.1_CORE_DETAIL_SYNCHRONIZED_FULL_VERSION.md:934: No Core implementation detail may silently change: || RUMAHAGEN_WF03_M15_FULL_REBUILD_v1.1_CORE_DETAIL_SYNCHRONIZED_FULL_VERSION.md:872: **API reconciliation / downstream implementation**, not semantic uncertainty.",07_PRD/W4-02A.6.11_PRD_CURRENT_PRODUCT_REQUIREMENTS_FULL_CONSOLIDATED_v2.1.docx:217: Exact physical implementation remains downstream and must reconcile to W4-01E/W4-02. || 07_PRD/W4-02A.6.11_PRD_CURRENT_PRODUCT_REQUIREMENTS_FULL_CONSOLIDATED_v2.1.docx:251: Implementation authorization || NOT GRANTED by this PRD || 07_PRD/W4-02A.6.11_PRD_CURRENT_PRODUCT_REQUIREMENTS_FULL_CONSOLIDATED_v2.1.docx:205: 14. W4-02A.6 PHYSICAL / IMPLEMENTATION BOUNDARY,ADD_MXX_VALID_DETAIL_RETAIN_CORE,YES,N/A,YES,NO,NO,BOTH_TEXTUAL_CORROBORATION
M15-IA-21,M15,CONTROLLED,CAM11-0014,07_PRD/W4-02A.6.11_PRD_CURRENT_PRODUCT_REQUIREMENTS_FULL_CONSOLIDATED_v2.1.docx,c2a7b6e4a77a08621a16048cba2f0f8641a3d073bc71dc4e4854634aa788aa34,NO_HEADING_DETECTED,"07_PRD/W4-02A.6.11_PRD_CURRENT_PRODUCT_REQUIREMENTS_FULL_CONSOLIDATED_v2.1.docx:1: STEP AKTIF = W4-02A.6.11 — PRD CURRENT PRODUCT REQUIREMENTS || 07_PRD/W4-02A.6.11_PRD_CURRENT_PRODUCT_REQUIREMENTS_FULL_CONSOLIDATED_v2.1.docx:2: RUMAHAGEN — PRODUCT REQUIREMENTS DOCUMENT (PRD) || 07_PRD/W4-02A.6.11_PRD_CURRENT_PRODUCT_REQUIREMENTS_FULL_CONSOLIDATED_v2.1.docx:3: Version 2.1 — W4-02A.6.11 Full Current Consolidation || 07_PRD/W4-02A.6.11_PRD_CURRENT_PRODUCT_REQUIREMENTS_FULL_CONSOLIDATED_v2.1.docx:4: 19 August 2026 | COMPLETE / GREEN || 07_PRD/W4-02A.6.11_PRD_CURRENT_PRODUCT_REQUIREMENTS_FULL_CONSOLIDATED_v2.1.docx:5: Predecessor: PRD v2.0 — Wave 3 Step 3.1 Full Consolidated / Synchronized. This artifact is a new full current version, not a patch or delta. || 07_PRD/W4-02A.6.11_PRD_CURRENT_PRODUCT_REQUIREMENTS_FULL_CONSOLIDATED_v2.1.docx:6: 0. EXECUTIVE PRODUCT BASELINE",RUMAHAGEN_WF03_M15_FULL_REBUILD_v1.1_CORE_DETAIL_SYNCHRONIZED_FULL_VERSION.zip,Runtime,,,ADD_MXX_VALID_DETAIL_RETAIN_CORE,YES,N/A,YES,NO,NO,SEMANTIC_REGISTER_AUTHORITY_ONLY
M15-IA-22,M15,NO-PROPAGATION,CAM11-0014,07_PRD/W4-02A.6.11_PRD_CURRENT_PRODUCT_REQUIREMENTS_FULL_CONSOLIDATED_v2.1.docx,c2a7b6e4a77a08621a16048cba2f0f8641a3d073bc71dc4e4854634aa788aa34,NO_HEADING_DETECTED,"07_PRD/W4-02A.6.11_PRD_CURRENT_PRODUCT_REQUIREMENTS_FULL_CONSOLIDATED_v2.1.docx:1: STEP AKTIF = W4-02A.6.11 — PRD CURRENT PRODUCT REQUIREMENTS || 07_PRD/W4-02A.6.11_PRD_CURRENT_PRODUCT_REQUIREMENTS_FULL_CONSOLIDATED_v2.1.docx:2: RUMAHAGEN — PRODUCT REQUIREMENTS DOCUMENT (PRD) || 07_PRD/W4-02A.6.11_PRD_CURRENT_PRODUCT_REQUIREMENTS_FULL_CONSOLIDATED_v2.1.docx:3: Version 2.1 — W4-02A.6.11 Full Current Consolidation || 07_PRD/W4-02A.6.11_PRD_CURRENT_PRODUCT_REQUIREMENTS_FULL_CONSOLIDATED_v2.1.docx:4: 19 August 2026 | COMPLETE / GREEN || 07_PRD/W4-02A.6.11_PRD_CURRENT_PRODUCT_REQUIREMENTS_FULL_CONSOLIDATED_v2.1.docx:5: Predecessor: PRD v2.0 — Wave 3 Step 3.1 Full Consolidated / Synchronized. This artifact is a new full current version, not a patch or delta. || 07_PRD/W4-02A.6.11_PRD_CURRENT_PRODUCT_REQUIREMENTS_FULL_CONSOLIDATED_v2.1.docx:6: 0. EXECUTIVE PRODUCT BASELINE",RUMAHAGEN_WF03_M15_FULL_REBUILD_v1.1_CORE_DETAIL_SYNCHRONIZED_FULL_VERSION.zip,Production,,,ADD_MXX_VALID_DETAIL_RETAIN_CORE,YES,N/A,YES,NO,NO,SEMANTIC_REGISTER_AUTHORITY_ONLY
