provenance_id,finding_id,module,step04_classification,core_artifact_id,core_artifact,core_section_heading,authority_owner,authority_source_artifact,merge_decision,semantic_delta_or_resolution,decision_basis,module_authority_artifact,dependency,source_chain,absorbed_or_retained,core_baseline_sha256,mxx_authority_source,step04_classification_locked,step05_resolution_required,merge_action_granular,duplicate_provenance_consolidated,core_detail_preserved,provenance_completeness_v1_1
STEP06-P-001,M01-CI-001,M01,PRESERVE,CAM11-0034,14_FUNCTIONAL/W4-02A.6.18_FUNCTIONAL_SPECIFICATION_CURRENT_FUNCTIONAL_IMPLEMENTATION_CONTRACT_v2.1.md,# 6. MODULE 1 — REGISTRATION & AUTHENTICATION,CORE FUNCTIONAL CONTRACT AUTHORITY,01_GOVERNANCE/W4-02A.1_GOVERNANCE_CONSOLIDATION_FINAL_DECISION_AUTHORITY_v1.0.docx,PRESERVE_EXISTING_CORE_DETAIL,User / Identity View-Update,STEP04 classification PRESERVE; no new semantic propagation required.,WF03-03-01_M01_FULL_SEMANTIC_REBUILD_v1.1.md,M02/M10/M12/M14/M15 as governed dependencies,Recon → STEP02/STEP01 authority/provenance → STEP03 Core mapping → STEP04 classification → STEP05 resolution where RECONCILE → STEP06 additive merge,RETAINED,d7e9a7b5c761d51495e77f73824f903ca057e602c204c79284a2ae70c522072e,WF03-03-01_M01_FULL_SEMANTIC_REBUILD_v1.1.md,YES,NO,YES,YES,YES,PASS
STEP06-P-002,M01-CI-002,M01,PRESERVE,CAM11-0034,14_FUNCTIONAL/W4-02A.6.18_FUNCTIONAL_SPECIFICATION_CURRENT_FUNCTIONAL_IMPLEMENTATION_CONTRACT_v2.1.md,# 6. MODULE 1 — REGISTRATION & AUTHENTICATION,CORE FUNCTIONAL CONTRACT AUTHORITY,01_GOVERNANCE/W4-02A.1_GOVERNANCE_CONSOLIDATION_FINAL_DECISION_AUTHORITY_v1.0.docx,PRESERVE_EXISTING_CORE_DETAIL,OTP / authentication lifecycle,STEP04 classification PRESERVE; no new semantic propagation required.,WF03-03-01_M01_FULL_SEMANTIC_REBUILD_v1.1.md,M02/M10/M12/M14/M15 as governed dependencies,Recon → STEP02/STEP01 authority/provenance → STEP03 Core mapping → STEP04 classification → STEP05 resolution where RECONCILE → STEP06 additive merge,RETAINED,d7e9a7b5c761d51495e77f73824f903ca057e602c204c79284a2ae70c522072e,WF03-03-01_M01_FULL_SEMANTIC_REBUILD_v1.1.md,YES,NO,YES,YES,YES,PASS
STEP06-P-003,M01-CI-003,M01,PRESERVE,CAM11-0034,14_FUNCTIONAL/W4-02A.6.18_FUNCTIONAL_SPECIFICATION_CURRENT_FUNCTIONAL_IMPLEMENTATION_CONTRACT_v2.1.md,# 6. MODULE 1 — REGISTRATION & AUTHENTICATION,CORE FUNCTIONAL CONTRACT AUTHORITY,01_GOVERNANCE/W4-02A.1_GOVERNANCE_CONSOLIDATION_FINAL_DECISION_AUTHORITY_v1.0.docx,PRESERVE_EXISTING_CORE_DETAIL,Verification Document Create,STEP04 classification PRESERVE; no new semantic propagation required.,WF03-03-01_M01_FULL_SEMANTIC_REBUILD_v1.1.md,M02/M10/M12/M14/M15 as governed dependencies,Recon → STEP02/STEP01 authority/provenance → STEP03 Core mapping → STEP04 classification → STEP05 resolution where RECONCILE → STEP06 additive merge,RETAINED,d7e9a7b5c761d51495e77f73824f903ca057e602c204c79284a2ae70c522072e,WF03-03-01_M01_FULL_SEMANTIC_REBUILD_v1.1.md,YES,NO,YES,YES,YES,PASS
STEP06-P-004,M01-CI-004,M01,PRESERVE,26_ENGINEERING_ALIGNMENT/W4-02A.6.30_ENGINEERING_ALIGNMENT_GUIDEBOOK_PLAYBOOK_v2.1.md,26_ENGINEERING_ALIGNMENT/W4-02A.6.30_ENGINEERING_ALIGNMENT_GUIDEBOOK_PLAYBOOK_v2.1.md,# RUMAHAGEN — W4-02A.6.30,CORE ENGINEERING ALIGNMENT AUTHORITY,01_GOVERNANCE/W4-02A.1_GOVERNANCE_CONSOLIDATION_FINAL_DECISION_AUTHORITY_v1.0.docx,PRESERVE_EXISTING_CORE_DETAIL,Verification Document View,STEP04 classification PRESERVE; no new semantic propagation required.,WF03-03-01_M01_FULL_SEMANTIC_REBUILD_v1.1.md,M02/M10/M12/M14/M15 as governed dependencies,Recon → STEP02/STEP01 authority/provenance → STEP03 Core mapping → STEP04 classification → STEP05 resolution where RECONCILE → STEP06 additive merge,RETAINED,239e06d97698eb97c4e362b1b9ecf25f064fbe8e665e2f9e328d00e6d339a090,WF03-03-01_M01_FULL_SEMANTIC_REBUILD_v1.1.md,YES,NO,YES,YES,YES,PASS
STEP06-P-005,M01-CI-005,M01,PRESERVE,26_ENGINEERING_ALIGNMENT/W4-02A.6.30_ENGINEERING_ALIGNMENT_GUIDEBOOK_PLAYBOOK_v2.1.md,26_ENGINEERING_ALIGNMENT/W4-02A.6.30_ENGINEERING_ALIGNMENT_GUIDEBOOK_PLAYBOOK_v2.1.md,# RUMAHAGEN — W4-02A.6.30,CORE ENGINEERING ALIGNMENT AUTHORITY,01_GOVERNANCE/W4-02A.1_GOVERNANCE_CONSOLIDATION_FINAL_DECISION_AUTHORITY_v1.0.docx,PRESERVE_EXISTING_CORE_DETAIL,Verification Document Review,STEP04 classification PRESERVE; no new semantic propagation required.,WF03-03-01_M01_FULL_SEMANTIC_REBUILD_v1.1.md,M02/M10/M12/M14/M15 as governed dependencies,Recon → STEP02/STEP01 authority/provenance → STEP03 Core mapping → STEP04 classification → STEP05 resolution where RECONCILE → STEP06 additive merge,RETAINED,239e06d97698eb97c4e362b1b9ecf25f064fbe8e665e2f9e328d00e6d339a090,WF03-03-01_M01_FULL_SEMANTIC_REBUILD_v1.1.md,YES,NO,YES,YES,YES,PASS
STEP06-P-006,M01-CI-006,M01,PRESERVE,14_FUNCTIONAL/W4-02A.6.18_FUNCTIONAL_SPECIFICATION_CURRENT_FUNCTIONAL_IMPLEMENTATION_CONTRACT_v2.1.md,14_FUNCTIONAL/W4-02A.6.18_FUNCTIONAL_SPECIFICATION_CURRENT_FUNCTIONAL_IMPLEMENTATION_CONTRACT_v2.1.md,# RUMAHAGEN — FUNCTIONAL SPECIFICATION,CORE FUNCTIONAL CONTRACT AUTHORITY,01_GOVERNANCE/W4-02A.1_GOVERNANCE_CONSOLIDATION_FINAL_DECISION_AUTHORITY_v1.0.docx,PRESERVE_EXISTING_CORE_DETAIL,Agent auto-activation,STEP04 classification PRESERVE; no new semantic propagation required.,WF03-03-01_M01_FULL_SEMANTIC_REBUILD_v1.1.md,M02/M10/M12/M14/M15 as governed dependencies,Recon → STEP02/STEP01 authority/provenance → STEP03 Core mapping → STEP04 classification → STEP05 resolution where RECONCILE → STEP06 additive merge,RETAINED,d7e9a7b5c761d51495e77f73824f903ca057e602c204c79284a2ae70c522072e,WF03-03-01_M01_FULL_SEMANTIC_REBUILD_v1.1.md,YES,NO,YES,YES,YES,PASS
STEP06-P-007,M01-CI-007,M01,AUGMENT,26_ENGINEERING_ALIGNMENT/W4-02A.6.30_ENGINEERING_ALIGNMENT_GUIDEBOOK_PLAYBOOK_v2.1.md,26_ENGINEERING_ALIGNMENT/W4-02A.6.30_ENGINEERING_ALIGNMENT_GUIDEBOOK_PLAYBOOK_v2.1.md,# RUMAHAGEN — W4-02A.6.30,CORE ENGINEERING ALIGNMENT AUTHORITY,01_GOVERNANCE/W4-02A.1_GOVERNANCE_CONSOLIDATION_FINAL_DECISION_AUTHORITY_v1.0.docx,ABSORB_ADDITIVE_DETAIL,Conditional KTP eligibility,STEP04 classification AUGMENT; validated module detail is additive and must not replace existing Core detail.,WF03-03-01_M01_FULL_SEMANTIC_REBUILD_v1.1.md,M02/M10/M12/M14/M15 as governed dependencies,Recon → STEP02/STEP01 authority/provenance → STEP03 Core mapping → STEP04 classification → STEP05 resolution where RECONCILE → STEP06 additive merge,ABSORBED,239e06d97698eb97c4e362b1b9ecf25f064fbe8e665e2f9e328d00e6d339a090,WF03-03-01_M01_FULL_SEMANTIC_REBUILD_v1.1.md,YES,NO,YES,YES,YES,PASS
STEP06-P-008,M01-CI-008,M01,PRESERVE,20_MODULE_PLANNING/W4-02A.6.24_REVISED_MODULE_PLANNING_CURRENT_MODULE_DELIVERY_PLANNING_v2.1.md,20_MODULE_PLANNING/W4-02A.6.24_REVISED_MODULE_PLANNING_CURRENT_MODULE_DELIVERY_PLANNING_v2.1.md,# RUMAHAGEN — REVISED MODULE PLANNING,CORE MODULE PLANNING AUTHORITY,01_GOVERNANCE/W4-02A.1_GOVERNANCE_CONSOLIDATION_FINAL_DECISION_AUTHORITY_v1.0.docx,PRESERVE_EXISTING_CORE_DETAIL,KTP DEFERRED / ISI NANTI,STEP04 classification PRESERVE; no new semantic propagation required.,WF03-03-01_M01_FULL_SEMANTIC_REBUILD_v1.1.md,M02/M10/M12/M14/M15 as governed dependencies,Recon → STEP02/STEP01 authority/provenance → STEP03 Core mapping → STEP04 classification → STEP05 resolution where RECONCILE → STEP06 additive merge,RETAINED,7373552ff7f43e2822f7819b2101ec0df7bc1acee60e8b92dc866f330203d7be,WF03-03-01_M01_FULL_SEMANTIC_REBUILD_v1.1.md,YES,NO,YES,YES,YES,PASS
STEP06-P-009,M01-CI-009,M01,RECONCILE,19_IMPLEMENTATION_STRATEGY/W4-02A.6.23_MODULE_IMPLEMENTATION_STRATEGY_INTEGRATED_IMPLEMENTATION_SEQUENCING_v2.1.md,19_IMPLEMENTATION_STRATEGY/W4-02A.6.23_MODULE_IMPLEMENTATION_STRATEGY_INTEGRATED_IMPLEMENTATION_SEQUENCING_v2.1.md,# RUMAHAGEN — MODULE IMPLEMENTATION STRATEGY,CORE IMPLEMENTATION STRATEGY AUTHORITY,01_GOVERNANCE/W4-02A.1_GOVERNANCE_CONSOLIDATION_FINAL_DECISION_AUTHORITY_v1.0.docx,APPLY_STEP05_RESOLUTION,PENDING_REVIEW is not an account-activation gate; OTP VERIFIED → ACCOUNT ACTIVE; KTP optional; ISI NANTI → KTP DEFERRED/NOT_PROVIDED while account remains ACTIVE.,STEP05 FINAL v1.1 resolved M01-CI-009; exact reconciliation scope applied without global deletion/replacement.,WF03-03-01_M01_FULL_SEMANTIC_REBUILD_v1.1.md,M02/M10/M12/M14/M15 as governed dependencies,Recon → STEP02/STEP01 authority/provenance → STEP03 Core mapping → STEP04 classification → STEP05 resolution where RECONCILE → STEP06 additive merge,ABSORBED,051aa36f9444153d1d56df6d960bd80d91922f3c1f84c02d636dc111dd20d47f,WF03-03-01_M01_FULL_SEMANTIC_REBUILD_v1.1.md,YES,YES,YES,YES,YES,PASS
STEP06-P-010,M01-CI-010,M01,PRESERVE,26_ENGINEERING_ALIGNMENT/W4-02A.6.30_ENGINEERING_ALIGNMENT_GUIDEBOOK_PLAYBOOK_v2.1.md,26_ENGINEERING_ALIGNMENT/W4-02A.6.30_ENGINEERING_ALIGNMENT_GUIDEBOOK_PLAYBOOK_v2.1.md,# RUMAHAGEN — W4-02A.6.30,CORE ENGINEERING ALIGNMENT AUTHORITY,01_GOVERNANCE/W4-02A.1_GOVERNANCE_CONSOLIDATION_FINAL_DECISION_AUTHORITY_v1.0.docx,PRESERVE_EXISTING_CORE_DETAIL,Identity → authorization M10,STEP04 classification PRESERVE; no new semantic propagation required.,WF03-03-01_M01_FULL_SEMANTIC_REBUILD_v1.1.md,M02/M10/M12/M14/M15 as governed dependencies,Recon → STEP02/STEP01 authority/provenance → STEP03 Core mapping → STEP04 classification → STEP05 resolution where RECONCILE → STEP06 additive merge,RETAINED,239e06d97698eb97c4e362b1b9ecf25f064fbe8e665e2f9e328d00e6d339a090,WF03-03-01_M01_FULL_SEMANTIC_REBUILD_v1.1.md,YES,NO,YES,YES,YES,PASS
STEP06-P-011,M01-CI-011,M01,PRESERVE,26_ENGINEERING_ALIGNMENT/W4-02A.6.30_ENGINEERING_ALIGNMENT_GUIDEBOOK_PLAYBOOK_v2.1.md,26_ENGINEERING_ALIGNMENT/W4-02A.6.30_ENGINEERING_ALIGNMENT_GUIDEBOOK_PLAYBOOK_v2.1.md,# RUMAHAGEN — W4-02A.6.30,CORE ENGINEERING ALIGNMENT AUTHORITY,01_GOVERNANCE/W4-02A.1_GOVERNANCE_CONSOLIDATION_FINAL_DECISION_AUTHORITY_v1.0.docx,PRESERVE_EXISTING_CORE_DETAIL,Identity dependencies M02/M03/M06,STEP04 classification PRESERVE; no new semantic propagation required.,WF03-03-01_M01_FULL_SEMANTIC_REBUILD_v1.1.md,M02/M10/M12/M14/M15 as governed dependencies,Recon → STEP02/STEP01 authority/provenance → STEP03 Core mapping → STEP04 classification → STEP05 resolution where RECONCILE → STEP06 additive merge,RETAINED,239e06d97698eb97c4e362b1b9ecf25f064fbe8e665e2f9e328d00e6d339a090,WF03-03-01_M01_FULL_SEMANTIC_REBUILD_v1.1.md,YES,NO,YES,YES,YES,PASS
STEP06-P-012,M01-CI-012,M01,PRESERVE,CAM11-0045,23_M01_M07/W4-02A.6.27_FOCUSED_EXECUTION_PACK_M01-M07_v2.1_EXTRACTED/RUMAHAGEN_W4-02A.6.27_FOCUSED_EXECUTION_PACK_M01-M07_v2.1/M01_PHYSICAL_EXECUTION_SPEC_v2.1.md,## 19. Controlled residuals,M01–M07 EXECUTION CONTEXT; MODULE AUTHORITIES REMAIN SEMANTIC AUTHORITY,M01–M07 CURRENT AUTHORITY ARTIFACT SET,PRESERVE_EXISTING_CORE_DETAIL,Physical/runtime separation,STEP04 classification PRESERVE; no new semantic propagation required.,WF03-03-01_M01_FULL_SEMANTIC_REBUILD_v1.1.md,M02/M10/M12/M14/M15 as governed dependencies,Recon → STEP02/STEP01 authority/provenance → STEP03 Core mapping → STEP04 classification → STEP05 resolution where RECONCILE → STEP06 additive merge,RETAINED,db988febf9ef1ed6f6746177260d8fab50b5fbb93827afb708de163dd484a3ff,WF03-03-01_M01_FULL_SEMANTIC_REBUILD_v1.1.md,YES,NO,YES,YES,YES,PASS
STEP06-P-013,M01-CI-013,M01,CONTROLLED,04_ARCHITECTURE/W4-02A.6.5_SYSTEM_ARCHITECTURE_FULL_CONSOLIDATED_v1.8.docx,04_ARCHITECTURE/W4-02A.6.5_SYSTEM_ARCHITECTURE_FULL_CONSOLIDATED_v1.8.docx,"# developer-projects, calculator (dbr), notifications, rbac, seo",CORE ARCHITECTURE,01_GOVERNANCE/W4-02A.1_GOVERNANCE_CONSOLIDATION_FINAL_DECISION_AUTHORITY_v1.0.docx,DOWNSTREAM_CONTROL_ONLY,M01 physical/runtime status,STEP04 classification CONTROLLED; physical/API/RLS/runtime work remains downstream and cannot become semantic proof.,WF03-03-01_M01_FULL_SEMANTIC_REBUILD_v1.1.md,M02/M10/M12/M14/M15 as governed dependencies,Recon → STEP02/STEP01 authority/provenance → STEP03 Core mapping → STEP04 classification → STEP05 resolution where RECONCILE → STEP06 additive merge,RETAINED_DOWNSTREAM,c1aa07968bb5bdfc9f9600dc48da804f65574f49da672282237ec90c4cc94884,WF03-03-01_M01_FULL_SEMANTIC_REBUILD_v1.1.md,YES,NO,YES,YES,YES,PASS
STEP06-P-014,M01-CI-014,M01,NO-PROPAGATION,04_ARCHITECTURE/W4-02A.6.5_SYSTEM_ARCHITECTURE_FULL_CONSOLIDATED_v1.8.docx,04_ARCHITECTURE/W4-02A.6.5_SYSTEM_ARCHITECTURE_FULL_CONSOLIDATED_v1.8.docx,"# developer-projects, calculator (dbr), notifications, rbac, seo",CORE ARCHITECTURE,01_GOVERNANCE/W4-02A.1_GOVERNANCE_CONSOLIDATION_FINAL_DECISION_AUTHORITY_v1.0.docx,NO_PROPAGATION,M01 public profile authority,STEP04 classification NO-PROPAGATION; finding retained for provenance but excluded from Core semantic merge.,WF03-03-01_M01_FULL_SEMANTIC_REBUILD_v1.1.md,M02/M10/M12/M14/M15 as governed dependencies,Recon → STEP02/STEP01 authority/provenance → STEP03 Core mapping → STEP04 classification → STEP05 resolution where RECONCILE → STEP06 additive merge,RETAINED_NO_PROPAGATION,c1aa07968bb5bdfc9f9600dc48da804f65574f49da672282237ec90c4cc94884,WF03-03-01_M01_FULL_SEMANTIC_REBUILD_v1.1.md,YES,NO,YES,YES,YES,PASS
STEP06-P-015,M02-CI-001,M02,PRESERVE,20_MODULE_PLANNING/W4-02A.6.24_REVISED_MODULE_PLANNING_CURRENT_MODULE_DELIVERY_PLANNING_v2.1.md,20_MODULE_PLANNING/W4-02A.6.24_REVISED_MODULE_PLANNING_CURRENT_MODULE_DELIVERY_PLANNING_v2.1.md,# RUMAHAGEN — REVISED MODULE PLANNING,CORE MODULE PLANNING AUTHORITY,01_GOVERNANCE/W4-02A.1_GOVERNANCE_CONSOLIDATION_FINAL_DECISION_AUTHORITY_v1.0.docx,PRESERVE_EXISTING_CORE_DETAIL,Agent Profile — View,STEP04 classification PRESERVE; no new semantic propagation required.,WF03-03-02_M02_FULL_SEMANTIC_REBUILD_v1.1.md,M01/M03/M11/M12,Recon → STEP02/STEP01 authority/provenance → STEP03 Core mapping → STEP04 classification → STEP05 resolution where RECONCILE → STEP06 additive merge,RETAINED,7373552ff7f43e2822f7819b2101ec0df7bc1acee60e8b92dc866f330203d7be,WF03-03-02_M02_FULL_SEMANTIC_REBUILD_v1.1.md,YES,NO,YES,YES,YES,PASS
STEP06-P-016,M02-CI-002,M02,PRESERVE,14_FUNCTIONAL/W4-02A.6.18_FUNCTIONAL_SPECIFICATION_CURRENT_FUNCTIONAL_IMPLEMENTATION_CONTRACT_v2.1.md,14_FUNCTIONAL/W4-02A.6.18_FUNCTIONAL_SPECIFICATION_CURRENT_FUNCTIONAL_IMPLEMENTATION_CONTRACT_v2.1.md,# RUMAHAGEN — FUNCTIONAL SPECIFICATION,CORE FUNCTIONAL CONTRACT AUTHORITY,01_GOVERNANCE/W4-02A.1_GOVERNANCE_CONSOLIDATION_FINAL_DECISION_AUTHORITY_v1.0.docx,PRESERVE_EXISTING_CORE_DETAIL,Agent Profile — Update,STEP04 classification PRESERVE; no new semantic propagation required.,WF03-03-02_M02_FULL_SEMANTIC_REBUILD_v1.1.md,M01/M03/M11/M12,Recon → STEP02/STEP01 authority/provenance → STEP03 Core mapping → STEP04 classification → STEP05 resolution where RECONCILE → STEP06 additive merge,RETAINED,d7e9a7b5c761d51495e77f73824f903ca057e602c204c79284a2ae70c522072e,WF03-03-02_M02_FULL_SEMANTIC_REBUILD_v1.1.md,YES,NO,YES,YES,YES,PASS
STEP06-P-017,M02-CI-003,M02,PRESERVE,26_ENGINEERING_ALIGNMENT/W4-02A.6.30_ENGINEERING_ALIGNMENT_GUIDEBOOK_PLAYBOOK_v2.1.md,26_ENGINEERING_ALIGNMENT/W4-02A.6.30_ENGINEERING_ALIGNMENT_GUIDEBOOK_PLAYBOOK_v2.1.md,# RUMAHAGEN — W4-02A.6.30,CORE ENGINEERING ALIGNMENT AUTHORITY,01_GOVERNANCE/W4-02A.1_GOVERNANCE_CONSOLIDATION_FINAL_DECISION_AUTHORITY_v1.0.docx,PRESERVE_EXISTING_CORE_DETAIL,Profile Visibility — PUBLIC/PRIVATE,STEP04 classification PRESERVE; no new semantic propagation required.,WF03-03-02_M02_FULL_SEMANTIC_REBUILD_v1.1.md,M01/M03/M11/M12,Recon → STEP02/STEP01 authority/provenance → STEP03 Core mapping → STEP04 classification → STEP05 resolution where RECONCILE → STEP06 additive merge,RETAINED,239e06d97698eb97c4e362b1b9ecf25f064fbe8e665e2f9e328d00e6d339a090,WF03-03-02_M02_FULL_SEMANTIC_REBUILD_v1.1.md,YES,NO,YES,YES,YES,PASS
STEP06-P-018,M02-CI-004,M02,PRESERVE,17_SEO_ANALYTICS/W4-02A.6.21_SEO_ANALYTICS_SPECIFICATION_DISCOVERY_MEASUREMENT_BASELINE_v2.1.md,17_SEO_ANALYTICS/W4-02A.6.21_SEO_ANALYTICS_SPECIFICATION_DISCOVERY_MEASUREMENT_BASELINE_v2.1.md,# RUMAHAGEN --- SEO / ANALYTICS SPECIFICATION,M11 PUBLIC DISCOVERY / SEO / MEASUREMENT AUTHORITY,RUMAHAGEN_WF03_M11_FULL_REBUILD_CONTROLLED_v2.0_FULL_VERSION/RUMAHAGEN_WF03_M11_FULL_REBUILD_CONTROLLED_v2.0_FULL_VERSION.md,PRESERVE_EXISTING_CORE_DETAIL,Public CTA — explicit opt-in,STEP04 classification PRESERVE; no new semantic propagation required.,WF03-03-02_M02_FULL_SEMANTIC_REBUILD_v1.1.md,M01/M03/M11/M12,Recon → STEP02/STEP01 authority/provenance → STEP03 Core mapping → STEP04 classification → STEP05 resolution where RECONCILE → STEP06 additive merge,RETAINED,be0af1e745ac3d19a65abb90beff833941b1d1fb5a4fd1233c681a84023e75de,WF03-03-02_M02_FULL_SEMANTIC_REBUILD_v1.1.md,YES,NO,YES,YES,YES,PASS
STEP06-P-019,M02-CI-005,M02,PRESERVE,26_ENGINEERING_ALIGNMENT/W4-02A.6.30_ENGINEERING_ALIGNMENT_GUIDEBOOK_PLAYBOOK_v2.1.md,26_ENGINEERING_ALIGNMENT/W4-02A.6.30_ENGINEERING_ALIGNMENT_GUIDEBOOK_PLAYBOOK_v2.1.md,# RUMAHAGEN — W4-02A.6.30,CORE ENGINEERING ALIGNMENT AUTHORITY,01_GOVERNANCE/W4-02A.1_GOVERNANCE_CONSOLIDATION_FINAL_DECISION_AUTHORITY_v1.0.docx,PRESERVE_EXISTING_CORE_DETAIL,Superadmin visibility/CTA override,STEP04 classification PRESERVE; no new semantic propagation required.,WF03-03-02_M02_FULL_SEMANTIC_REBUILD_v1.1.md,M01/M03/M11/M12,Recon → STEP02/STEP01 authority/provenance → STEP03 Core mapping → STEP04 classification → STEP05 resolution where RECONCILE → STEP06 additive merge,RETAINED,239e06d97698eb97c4e362b1b9ecf25f064fbe8e665e2f9e328d00e6d339a090,WF03-03-02_M02_FULL_SEMANTIC_REBUILD_v1.1.md,YES,NO,YES,YES,YES,PASS
STEP06-P-020,M02-CI-006,M02,PRESERVE,CAM11-0034,14_FUNCTIONAL/W4-02A.6.18_FUNCTIONAL_SPECIFICATION_CURRENT_FUNCTIONAL_IMPLEMENTATION_CONTRACT_v2.1.md,## 7.4 FR-M02-004 — Review,CORE FUNCTIONAL CONTRACT AUTHORITY,01_GOVERNANCE/W4-02A.1_GOVERNANCE_CONSOLIDATION_FINAL_DECISION_AUTHORITY_v1.0.docx,PRESERVE_EXISTING_CORE_DETAIL,Review Create — OWN,STEP04 classification PRESERVE; no new semantic propagation required.,WF03-03-02_M02_FULL_SEMANTIC_REBUILD_v1.1.md,M01/M03/M11/M12,Recon → STEP02/STEP01 authority/provenance → STEP03 Core mapping → STEP04 classification → STEP05 resolution where RECONCILE → STEP06 additive merge,RETAINED,d7e9a7b5c761d51495e77f73824f903ca057e602c204c79284a2ae70c522072e,WF03-03-02_M02_FULL_SEMANTIC_REBUILD_v1.1.md,YES,NO,YES,YES,YES,PASS
STEP06-P-021,M02-CI-007,M02,PRESERVE,26_ENGINEERING_ALIGNMENT/W4-02A.6.30_ENGINEERING_ALIGNMENT_GUIDEBOOK_PLAYBOOK_v2.1.md,26_ENGINEERING_ALIGNMENT/W4-02A.6.30_ENGINEERING_ALIGNMENT_GUIDEBOOK_PLAYBOOK_v2.1.md,# RUMAHAGEN — W4-02A.6.30,CORE ENGINEERING ALIGNMENT AUTHORITY,01_GOVERNANCE/W4-02A.1_GOVERNANCE_CONSOLIDATION_FINAL_DECISION_AUTHORITY_v1.0.docx,PRESERVE_EXISTING_CORE_DETAIL,Review View,STEP04 classification PRESERVE; no new semantic propagation required.,WF03-03-02_M02_FULL_SEMANTIC_REBUILD_v1.1.md,M01/M03/M11/M12,Recon → STEP02/STEP01 authority/provenance → STEP03 Core mapping → STEP04 classification → STEP05 resolution where RECONCILE → STEP06 additive merge,RETAINED,239e06d97698eb97c4e362b1b9ecf25f064fbe8e665e2f9e328d00e6d339a090,WF03-03-02_M02_FULL_SEMANTIC_REBUILD_v1.1.md,YES,NO,YES,YES,YES,PASS
STEP06-P-022,M02-CI-008,M02,RECONCILE,26_ENGINEERING_ALIGNMENT/W4-02A.6.30_ENGINEERING_ALIGNMENT_GUIDEBOOK_PLAYBOOK_v2.1.md,26_ENGINEERING_ALIGNMENT/W4-02A.6.30_ENGINEERING_ALIGNMENT_GUIDEBOOK_PLAYBOOK_v2.1.md,# RUMAHAGEN — W4-02A.6.30,CORE ENGINEERING ALIGNMENT AUTHORITY,01_GOVERNANCE/W4-02A.1_GOVERNANCE_CONSOLIDATION_FINAL_DECISION_AUTHORITY_v1.0.docx,APPLY_STEP05_RESOLUTION,"Buyer Submit → AUTO-APPROVED → Published/Viewable; Agent Self-Review → AUTO-APPROVED → Published/Viewable; Admin moderation is post-publication, not approval gate.",STEP05 FINAL v1.1 resolved M02-CI-008; exact reconciliation scope applied without global deletion/replacement.,WF03-03-02_M02_FULL_SEMANTIC_REBUILD_v1.1.md,M01/M03/M11/M12,Recon → STEP02/STEP01 authority/provenance → STEP03 Core mapping → STEP04 classification → STEP05 resolution where RECONCILE → STEP06 additive merge,ABSORBED,239e06d97698eb97c4e362b1b9ecf25f064fbe8e665e2f9e328d00e6d339a090,WF03-03-02_M02_FULL_SEMANTIC_REBUILD_v1.1.md,YES,YES,YES,YES,YES,PASS
STEP06-P-023,M02-CI-009,M02,ADD-NEW,04_ARCHITECTURE/W4-02A.6.5_SYSTEM_ARCHITECTURE_FULL_CONSOLIDATED_v1.8.docx,04_ARCHITECTURE/W4-02A.6.5_SYSTEM_ARCHITECTURE_FULL_CONSOLIDATED_v1.8.docx,"# developer-projects, calculator (dbr), notifications, rbac, seo",CORE ARCHITECTURE,01_GOVERNANCE/W4-02A.1_GOVERNANCE_CONSOLIDATION_FINAL_DECISION_AUTHORITY_v1.0.docx,ABSORB_NEW_CAPABILITY,Outcome Presentation — non-owning,STEP04 classification ADD-NEW; legitimate capability absent from mapped Core target.,WF03-03-02_M02_FULL_SEMANTIC_REBUILD_v1.1.md,M01/M03/M11/M12,Recon → STEP02/STEP01 authority/provenance → STEP03 Core mapping → STEP04 classification → STEP05 resolution where RECONCILE → STEP06 additive merge,ABSORBED,c1aa07968bb5bdfc9f9600dc48da804f65574f49da672282237ec90c4cc94884,WF03-03-02_M02_FULL_SEMANTIC_REBUILD_v1.1.md,YES,NO,YES,YES,YES,PASS
STEP06-P-024,M02-CI-010,M02,PRESERVE,CAM11-0035,15_TECHNICAL/W4-02A.6.19_TECHNICAL_SPECIFICATION_CURRENT_TECHNICAL_IMPLEMENTATION_CONTRACT_v2.1.md,## 21.3 Legal documents,CORE TECHNICAL CONTRACT AUTHORITY,01_GOVERNANCE/W4-02A.1_GOVERNANCE_CONSOLIDATION_FINAL_DECISION_AUTHORITY_v1.0.docx,PRESERVE_EXISTING_CORE_DETAIL,Private Identity / Legal / Verification boundary,STEP04 classification PRESERVE; no new semantic propagation required.,WF03-03-02_M02_FULL_SEMANTIC_REBUILD_v1.1.md,M01/M03/M11/M12,Recon → STEP02/STEP01 authority/provenance → STEP03 Core mapping → STEP04 classification → STEP05 resolution where RECONCILE → STEP06 additive merge,RETAINED,2ac01b6961b6ab97d26ee8c314aaf06101af49cb746c4069147559fb8002b29c,WF03-03-02_M02_FULL_SEMANTIC_REBUILD_v1.1.md,YES,NO,YES,YES,YES,PASS
STEP06-P-025,M02-CI-011,M02,RECONCILE,CAM11-0034,14_FUNCTIONAL/W4-02A.6.18_FUNCTIONAL_SPECIFICATION_CURRENT_FUNCTIONAL_IMPLEMENTATION_CONTRACT_v2.1.md,§6.1 FR-M01-001 — Agent registration,CORE FUNCTIONAL CONTRACT AUTHORITY,01_GOVERNANCE/W4-02A.1_GOVERNANCE_CONSOLIDATION_FINAL_DECISION_AUTHORITY_v1.0.docx,APPLY_STEP05_RESOLUTION,KTP may be deferred; OTP VERIFIED → ACCOUNT ACTIVE; ISI NANTI → KTP DEFERRED/NOT_PROVIDED; no PENDING_REVIEW activation gate.,STEP05 FINAL v1.1 resolved M02-CI-011; exact reconciliation scope applied without global deletion/replacement.,WF03-03-02_M02_FULL_SEMANTIC_REBUILD_v1.1.md,M01/M03/M11/M12,Recon → STEP02/STEP01 authority/provenance → STEP03 Core mapping → STEP04 classification → STEP05 resolution where RECONCILE → STEP06 additive merge,ABSORBED,d7e9a7b5c761d51495e77f73824f903ca057e602c204c79284a2ae70c522072e,WF03-03-02_M02_FULL_SEMANTIC_REBUILD_v1.1.md,YES,YES,YES,YES,YES,PASS
STEP06-P-026,M02-CI-012,M02,PRESERVE,26_ENGINEERING_ALIGNMENT/W4-02A.6.30_ENGINEERING_ALIGNMENT_GUIDEBOOK_PLAYBOOK_v2.1.md,26_ENGINEERING_ALIGNMENT/W4-02A.6.30_ENGINEERING_ALIGNMENT_GUIDEBOOK_PLAYBOOK_v2.1.md,# RUMAHAGEN — W4-02A.6.30,CORE ENGINEERING ALIGNMENT AUTHORITY,01_GOVERNANCE/W4-02A.1_GOVERNANCE_CONSOLIDATION_FINAL_DECISION_AUTHORITY_v1.0.docx,PRESERVE_EXISTING_CORE_DETAIL,M02 ↔ M01 identity boundary,STEP04 classification PRESERVE; no new semantic propagation required.,WF03-03-02_M02_FULL_SEMANTIC_REBUILD_v1.1.md,M01/M03/M11/M12,Recon → STEP02/STEP01 authority/provenance → STEP03 Core mapping → STEP04 classification → STEP05 resolution where RECONCILE → STEP06 additive merge,RETAINED,239e06d97698eb97c4e362b1b9ecf25f064fbe8e665e2f9e328d00e6d339a090,WF03-03-02_M02_FULL_SEMANTIC_REBUILD_v1.1.md,YES,NO,YES,YES,YES,PASS
STEP06-P-027,M02-CI-013,M02,PRESERVE,26_ENGINEERING_ALIGNMENT/W4-02A.6.30_ENGINEERING_ALIGNMENT_GUIDEBOOK_PLAYBOOK_v2.1.md,26_ENGINEERING_ALIGNMENT/W4-02A.6.30_ENGINEERING_ALIGNMENT_GUIDEBOOK_PLAYBOOK_v2.1.md,# RUMAHAGEN — W4-02A.6.30,CORE ENGINEERING ALIGNMENT AUTHORITY,01_GOVERNANCE/W4-02A.1_GOVERNANCE_CONSOLIDATION_FINAL_DECISION_AUTHORITY_v1.0.docx,PRESERVE_EXISTING_CORE_DETAIL,M02 ↔ M03 Listing boundary,STEP04 classification PRESERVE; no new semantic propagation required.,WF03-03-02_M02_FULL_SEMANTIC_REBUILD_v1.1.md,M01/M03/M11/M12,Recon → STEP02/STEP01 authority/provenance → STEP03 Core mapping → STEP04 classification → STEP05 resolution where RECONCILE → STEP06 additive merge,RETAINED,239e06d97698eb97c4e362b1b9ecf25f064fbe8e665e2f9e328d00e6d339a090,WF03-03-02_M02_FULL_SEMANTIC_REBUILD_v1.1.md,YES,NO,YES,YES,YES,PASS
STEP06-P-028,M02-CI-014,M02,PRESERVE,26_ENGINEERING_ALIGNMENT/W4-02A.6.30_ENGINEERING_ALIGNMENT_GUIDEBOOK_PLAYBOOK_v2.1.md,26_ENGINEERING_ALIGNMENT/W4-02A.6.30_ENGINEERING_ALIGNMENT_GUIDEBOOK_PLAYBOOK_v2.1.md,# RUMAHAGEN — W4-02A.6.30,CORE ENGINEERING ALIGNMENT AUTHORITY,01_GOVERNANCE/W4-02A.1_GOVERNANCE_CONSOLIDATION_FINAL_DECISION_AUTHORITY_v1.0.docx,PRESERVE_EXISTING_CORE_DETAIL,M02 ↔ M10 authorization boundary,STEP04 classification PRESERVE; no new semantic propagation required.,WF03-03-02_M02_FULL_SEMANTIC_REBUILD_v1.1.md,M01/M03/M11/M12,Recon → STEP02/STEP01 authority/provenance → STEP03 Core mapping → STEP04 classification → STEP05 resolution where RECONCILE → STEP06 additive merge,RETAINED,239e06d97698eb97c4e362b1b9ecf25f064fbe8e665e2f9e328d00e6d339a090,WF03-03-02_M02_FULL_SEMANTIC_REBUILD_v1.1.md,YES,NO,YES,YES,YES,PASS
STEP06-P-029,M02-CI-015,M02,PRESERVE,CAM11-0046,23_M01_M07/W4-02A.6.27_FOCUSED_EXECUTION_PACK_M01-M07_v2.1_EXTRACTED/RUMAHAGEN_W4-02A.6.27_FOCUSED_EXECUTION_PACK_M01-M07_v2.1/M02_PHYSICAL_EXECUTION_SPEC_v2.1.md,## 19. Controlled residuals,M01–M07 EXECUTION CONTEXT; MODULE AUTHORITIES REMAIN SEMANTIC AUTHORITY,M01–M07 CURRENT AUTHORITY ARTIFACT SET,PRESERVE_EXISTING_CORE_DETAIL,Physical/runtime separation,STEP04 classification PRESERVE; no new semantic propagation required.,WF03-03-02_M02_FULL_SEMANTIC_REBUILD_v1.1.md,M01/M03/M11/M12,Recon → STEP02/STEP01 authority/provenance → STEP03 Core mapping → STEP04 classification → STEP05 resolution where RECONCILE → STEP06 additive merge,RETAINED,062a76a24169a2115713a3db29c2b992fffab6482814c891285939c6c3cc9826,WF03-03-02_M02_FULL_SEMANTIC_REBUILD_v1.1.md,YES,NO,YES,YES,YES,PASS
STEP06-P-030,M02-CI-016,M02,CONTROLLED,04_ARCHITECTURE/W4-02A.6.5_SYSTEM_ARCHITECTURE_FULL_CONSOLIDATED_v1.8.docx,04_ARCHITECTURE/W4-02A.6.5_SYSTEM_ARCHITECTURE_FULL_CONSOLIDATED_v1.8.docx,"# developer-projects, calculator (dbr), notifications, rbac, seo",CORE ARCHITECTURE,01_GOVERNANCE/W4-02A.1_GOVERNANCE_CONSOLIDATION_FINAL_DECISION_AUTHORITY_v1.0.docx,DOWNSTREAM_CONTROL_ONLY,M02 physical/runtime status,STEP04 classification CONTROLLED; physical/API/RLS/runtime work remains downstream and cannot become semantic proof.,WF03-03-02_M02_FULL_SEMANTIC_REBUILD_v1.1.md,M01/M03/M11/M12,Recon → STEP02/STEP01 authority/provenance → STEP03 Core mapping → STEP04 classification → STEP05 resolution where RECONCILE → STEP06 additive merge,RETAINED_DOWNSTREAM,c1aa07968bb5bdfc9f9600dc48da804f65574f49da672282237ec90c4cc94884,WF03-03-02_M02_FULL_SEMANTIC_REBUILD_v1.1.md,YES,NO,YES,YES,YES,PASS
STEP06-P-031,M02-CI-017,M02,NO-PROPAGATION,04_ARCHITECTURE/W4-02A.6.5_SYSTEM_ARCHITECTURE_FULL_CONSOLIDATED_v1.8.docx,04_ARCHITECTURE/W4-02A.6.5_SYSTEM_ARCHITECTURE_FULL_CONSOLIDATED_v1.8.docx,"# developer-projects, calculator (dbr), notifications, rbac, seo",CORE ARCHITECTURE,01_GOVERNANCE/W4-02A.1_GOVERNANCE_CONSOLIDATION_FINAL_DECISION_AUTHORITY_v1.0.docx,NO_PROPAGATION,Outcome upstream authority,STEP04 classification NO-PROPAGATION; finding retained for provenance but excluded from Core semantic merge.,WF03-03-02_M02_FULL_SEMANTIC_REBUILD_v1.1.md,M01/M03/M11/M12,Recon → STEP02/STEP01 authority/provenance → STEP03 Core mapping → STEP04 classification → STEP05 resolution where RECONCILE → STEP06 additive merge,RETAINED_NO_PROPAGATION,c1aa07968bb5bdfc9f9600dc48da804f65574f49da672282237ec90c4cc94884,WF03-03-02_M02_FULL_SEMANTIC_REBUILD_v1.1.md,YES,NO,YES,YES,YES,PASS
STEP06-P-032,M03-CI-001,M03,RECONCILE,20_MODULE_PLANNING/W4-02A.6.24_REVISED_MODULE_PLANNING_CURRENT_MODULE_DELIVERY_PLANNING_v2.1.md,20_MODULE_PLANNING/W4-02A.6.24_REVISED_MODULE_PLANNING_CURRENT_MODULE_DELIVERY_PLANNING_v2.1.md,# RUMAHAGEN — REVISED MODULE PLANNING,CORE MODULE PLANNING AUTHORITY,01_GOVERNANCE/W4-02A.1_GOVERNANCE_CONSOLIDATION_FINAL_DECISION_AUTHORITY_v1.0.docx,APPLY_STEP05_RESOLUTION,"Normal Listing publication = DRAFT → PUBLISH → PUBLISHED. No Admin approval gate. SUSPENDED is enforcement, not publication approval.",STEP05 FINAL v1.1 resolved M03-CI-001; exact reconciliation scope applied without global deletion/replacement.,RUMAHAGEN_WF03_M03_FULL_REBUILD_v1.3_QIR_INTEGRATED_CONTROLLED/00_M03_REBUILD_CONTROL_REPORT_v1.3.md,M06/M11/M14,Recon → STEP02/STEP01 authority/provenance → STEP03 Core mapping → STEP04 classification → STEP05 resolution where RECONCILE → STEP06 additive merge,ABSORBED,7373552ff7f43e2822f7819b2101ec0df7bc1acee60e8b92dc866f330203d7be,RUMAHAGEN_WF03_M03_FULL_REBUILD_v1.3_QIR_INTEGRATED_CONTROLLED.zip,YES,YES,YES,YES,YES,PASS
STEP06-P-033,M03-CI-002,M03,PRESERVE,20_MODULE_PLANNING/W4-02A.6.24_REVISED_MODULE_PLANNING_CURRENT_MODULE_DELIVERY_PLANNING_v2.1.md,20_MODULE_PLANNING/W4-02A.6.24_REVISED_MODULE_PLANNING_CURRENT_MODULE_DELIVERY_PLANNING_v2.1.md,# RUMAHAGEN — REVISED MODULE PLANNING,CORE MODULE PLANNING AUTHORITY,01_GOVERNANCE/W4-02A.1_GOVERNANCE_CONSOLIDATION_FINAL_DECISION_AUTHORITY_v1.0.docx,PRESERVE_EXISTING_CORE_DETAIL,Suspension / violation enforcement,STEP04 classification PRESERVE; no new semantic propagation required.,RUMAHAGEN_WF03_M03_FULL_REBUILD_v1.3_QIR_INTEGRATED_CONTROLLED/00_M03_REBUILD_CONTROL_REPORT_v1.3.md,M06/M11/M14,Recon → STEP02/STEP01 authority/provenance → STEP03 Core mapping → STEP04 classification → STEP05 resolution where RECONCILE → STEP06 additive merge,RETAINED,7373552ff7f43e2822f7819b2101ec0df7bc1acee60e8b92dc866f330203d7be,RUMAHAGEN_WF03_M03_FULL_REBUILD_v1.3_QIR_INTEGRATED_CONTROLLED.zip,YES,NO,YES,YES,YES,PASS
STEP06-P-034,M03-CI-003,M03,PRESERVE,17_SEO_ANALYTICS/W4-02A.6.21_SEO_ANALYTICS_SPECIFICATION_DISCOVERY_MEASUREMENT_BASELINE_v2.1.md,17_SEO_ANALYTICS/W4-02A.6.21_SEO_ANALYTICS_SPECIFICATION_DISCOVERY_MEASUREMENT_BASELINE_v2.1.md,# RUMAHAGEN --- SEO / ANALYTICS SPECIFICATION,M11 PUBLIC DISCOVERY / SEO / MEASUREMENT AUTHORITY,RUMAHAGEN_WF03_M11_FULL_REBUILD_CONTROLLED_v2.0_FULL_VERSION/RUMAHAGEN_WF03_M11_FULL_REBUILD_CONTROLLED_v2.0_FULL_VERSION.md,PRESERVE_EXISTING_CORE_DETAIL,Sold/Rented search exclusion and profile count,STEP04 classification PRESERVE; no new semantic propagation required.,RUMAHAGEN_WF03_M03_FULL_REBUILD_v1.3_QIR_INTEGRATED_CONTROLLED/00_M03_REBUILD_CONTROL_REPORT_v1.3.md,M06/M11/M14,Recon → STEP02/STEP01 authority/provenance → STEP03 Core mapping → STEP04 classification → STEP05 resolution where RECONCILE → STEP06 additive merge,RETAINED,be0af1e745ac3d19a65abb90beff833941b1d1fb5a4fd1233c681a84023e75de,RUMAHAGEN_WF03_M03_FULL_REBUILD_v1.3_QIR_INTEGRATED_CONTROLLED.zip,YES,NO,YES,YES,YES,PASS
STEP06-P-035,M03-CI-004,M03,PRESERVE,20_MODULE_PLANNING/W4-02A.6.24_REVISED_MODULE_PLANNING_CURRENT_MODULE_DELIVERY_PLANNING_v2.1.md,20_MODULE_PLANNING/W4-02A.6.24_REVISED_MODULE_PLANNING_CURRENT_MODULE_DELIVERY_PLANNING_v2.1.md,# RUMAHAGEN — REVISED MODULE PLANNING,CORE MODULE PLANNING AUTHORITY,01_GOVERNANCE/W4-02A.1_GOVERNANCE_CONSOLIDATION_FINAL_DECISION_AUTHORITY_v1.0.docx,PRESERVE_EXISTING_CORE_DETAIL,Owner-only Listing edit,STEP04 classification PRESERVE; no new semantic propagation required.,RUMAHAGEN_WF03_M03_FULL_REBUILD_v1.3_QIR_INTEGRATED_CONTROLLED/00_M03_REBUILD_CONTROL_REPORT_v1.3.md,M06/M11/M14,Recon → STEP02/STEP01 authority/provenance → STEP03 Core mapping → STEP04 classification → STEP05 resolution where RECONCILE → STEP06 additive merge,RETAINED,7373552ff7f43e2822f7819b2101ec0df7bc1acee60e8b92dc866f330203d7be,RUMAHAGEN_WF03_M03_FULL_REBUILD_v1.3_QIR_INTEGRATED_CONTROLLED.zip,YES,NO,YES,YES,YES,PASS
STEP06-P-036,M03-CI-005,M03,PRESERVE,17_SEO_ANALYTICS/W4-02A.6.21_SEO_ANALYTICS_SPECIFICATION_DISCOVERY_MEASUREMENT_BASELINE_v2.1.md,17_SEO_ANALYTICS/W4-02A.6.21_SEO_ANALYTICS_SPECIFICATION_DISCOVERY_MEASUREMENT_BASELINE_v2.1.md,# RUMAHAGEN --- SEO / ANALYTICS SPECIFICATION,M11 PUBLIC DISCOVERY / SEO / MEASUREMENT AUTHORITY,RUMAHAGEN_WF03_M11_FULL_REBUILD_CONTROLLED_v2.0_FULL_VERSION/RUMAHAGEN_WF03_M11_FULL_REBUILD_CONTROLLED_v2.0_FULL_VERSION.md,PRESERVE_EXISTING_CORE_DETAIL,Four-field post-publish locks,STEP04 classification PRESERVE; no new semantic propagation required.,RUMAHAGEN_WF03_M03_FULL_REBUILD_v1.3_QIR_INTEGRATED_CONTROLLED/00_M03_REBUILD_CONTROL_REPORT_v1.3.md,M06/M11/M14,Recon → STEP02/STEP01 authority/provenance → STEP03 Core mapping → STEP04 classification → STEP05 resolution where RECONCILE → STEP06 additive merge,RETAINED,be0af1e745ac3d19a65abb90beff833941b1d1fb5a4fd1233c681a84023e75de,RUMAHAGEN_WF03_M03_FULL_REBUILD_v1.3_QIR_INTEGRATED_CONTROLLED.zip,YES,NO,YES,YES,YES,PASS
STEP06-P-037,M03-CI-006,M03,ADD-NEW,27_AI_BLUEPRINT/W4-02A.6.31_AI_DEVELOPMENT_BLUEPRINT_v2.1.md,27_AI_BLUEPRINT/W4-02A.6.31_AI_DEVELOPMENT_BLUEPRINT_v2.1.md,# RUMAHAGEN — W4-02A.6.31,CORE AI DEVELOPMENT BLUEPRINT AUTHORITY,01_GOVERNANCE/W4-02A.1_GOVERNANCE_CONSOLIDATION_FINAL_DECISION_AUTHORITY_v1.0.docx,ABSORB_NEW_CAPABILITY,Refresh daily quota default 5,STEP04 classification ADD-NEW; legitimate capability absent from mapped Core target.,RUMAHAGEN_WF03_M03_FULL_REBUILD_v1.3_QIR_INTEGRATED_CONTROLLED/00_M03_REBUILD_CONTROL_REPORT_v1.3.md,M06/M11/M14,Recon → STEP02/STEP01 authority/provenance → STEP03 Core mapping → STEP04 classification → STEP05 resolution where RECONCILE → STEP06 additive merge,ABSORBED,504a5738b3a832159850b0c1035e95f02b509a773a52fb01b722948e01ab09c2,RUMAHAGEN_WF03_M03_FULL_REBUILD_v1.3_QIR_INTEGRATED_CONTROLLED.zip,YES,NO,YES,YES,YES,PASS
STEP06-P-038,M03-CI-007,M03,PRESERVE,26_ENGINEERING_ALIGNMENT/W4-02A.6.30_ENGINEERING_ALIGNMENT_GUIDEBOOK_PLAYBOOK_v2.1.md,26_ENGINEERING_ALIGNMENT/W4-02A.6.30_ENGINEERING_ALIGNMENT_GUIDEBOOK_PLAYBOOK_v2.1.md,# RUMAHAGEN — W4-02A.6.30,CORE ENGINEERING ALIGNMENT AUTHORITY,01_GOVERNANCE/W4-02A.1_GOVERNANCE_CONSOLIDATION_FINAL_DECISION_AUTHORITY_v1.0.docx,PRESERVE_EXISTING_CORE_DETAIL,Refresh Superadmin configuration,STEP04 classification PRESERVE; no new semantic propagation required.,RUMAHAGEN_WF03_M03_FULL_REBUILD_v1.3_QIR_INTEGRATED_CONTROLLED/00_M03_REBUILD_CONTROL_REPORT_v1.3.md,M06/M11/M14,Recon → STEP02/STEP01 authority/provenance → STEP03 Core mapping → STEP04 classification → STEP05 resolution where RECONCILE → STEP06 additive merge,RETAINED,239e06d97698eb97c4e362b1b9ecf25f064fbe8e665e2f9e328d00e6d339a090,RUMAHAGEN_WF03_M03_FULL_REBUILD_v1.3_QIR_INTEGRATED_CONTROLLED.zip,YES,NO,YES,YES,YES,PASS
STEP06-P-039,M03-CI-008,M03,PRESERVE,26_ENGINEERING_ALIGNMENT/W4-02A.6.30_ENGINEERING_ALIGNMENT_GUIDEBOOK_PLAYBOOK_v2.1.md,26_ENGINEERING_ALIGNMENT/W4-02A.6.30_ENGINEERING_ALIGNMENT_GUIDEBOOK_PLAYBOOK_v2.1.md,# RUMAHAGEN — W4-02A.6.30,CORE ENGINEERING ALIGNMENT AUTHORITY,01_GOVERNANCE/W4-02A.1_GOVERNANCE_CONSOLIDATION_FINAL_DECISION_AUTHORITY_v1.0.docx,PRESERVE_EXISTING_CORE_DETAIL,Refresh no carry-forward,STEP04 classification PRESERVE; no new semantic propagation required.,RUMAHAGEN_WF03_M03_FULL_REBUILD_v1.3_QIR_INTEGRATED_CONTROLLED/00_M03_REBUILD_CONTROL_REPORT_v1.3.md,M06/M11/M14,Recon → STEP02/STEP01 authority/provenance → STEP03 Core mapping → STEP04 classification → STEP05 resolution where RECONCILE → STEP06 additive merge,RETAINED,239e06d97698eb97c4e362b1b9ecf25f064fbe8e665e2f9e328d00e6d339a090,RUMAHAGEN_WF03_M03_FULL_REBUILD_v1.3_QIR_INTEGRATED_CONTROLLED.zip,YES,NO,YES,YES,YES,PASS
STEP06-P-040,M03-CI-009,M03,ADD-NEW,04_ARCHITECTURE/W4-02A.6.5_SYSTEM_ARCHITECTURE_FULL_CONSOLIDATED_v1.8.docx,04_ARCHITECTURE/W4-02A.6.5_SYSTEM_ARCHITECTURE_FULL_CONSOLIDATED_v1.8.docx,"# developer-projects, calculator (dbr), notifications, rbac, seo",CORE ARCHITECTURE,01_GOVERNANCE/W4-02A.1_GOVERNANCE_CONSOLIDATION_FINAL_DECISION_AUTHORITY_v1.0.docx,ABSORB_NEW_CAPABILITY,Refresh Asia/Jakarta reset,STEP04 classification ADD-NEW; legitimate capability absent from mapped Core target.,RUMAHAGEN_WF03_M03_FULL_REBUILD_v1.3_QIR_INTEGRATED_CONTROLLED/00_M03_REBUILD_CONTROL_REPORT_v1.3.md,M06/M11/M14,Recon → STEP02/STEP01 authority/provenance → STEP03 Core mapping → STEP04 classification → STEP05 resolution where RECONCILE → STEP06 additive merge,ABSORBED,c1aa07968bb5bdfc9f9600dc48da804f65574f49da672282237ec90c4cc94884,RUMAHAGEN_WF03_M03_FULL_REBUILD_v1.3_QIR_INTEGRATED_CONTROLLED.zip,YES,NO,YES,YES,YES,PASS
STEP06-P-041,M03-CI-010,M03,ADD-NEW,04_ARCHITECTURE/W4-02A.6.5_SYSTEM_ARCHITECTURE_FULL_CONSOLIDATED_v1.8.docx,04_ARCHITECTURE/W4-02A.6.5_SYSTEM_ARCHITECTURE_FULL_CONSOLIDATED_v1.8.docx,"# developer-projects, calculator (dbr), notifications, rbac, seo",CORE ARCHITECTURE,01_GOVERNANCE/W4-02A.1_GOVERNANCE_CONSOLIDATION_FINAL_DECISION_AUTHORITY_v1.0.docx,ABSORB_NEW_CAPABILITY,One successful Refresh per Listing/day,STEP04 classification ADD-NEW; legitimate capability absent from mapped Core target.,RUMAHAGEN_WF03_M03_FULL_REBUILD_v1.3_QIR_INTEGRATED_CONTROLLED/00_M03_REBUILD_CONTROL_REPORT_v1.3.md,M06/M11/M14,Recon → STEP02/STEP01 authority/provenance → STEP03 Core mapping → STEP04 classification → STEP05 resolution where RECONCILE → STEP06 additive merge,ABSORBED,c1aa07968bb5bdfc9f9600dc48da804f65574f49da672282237ec90c4cc94884,RUMAHAGEN_WF03_M03_FULL_REBUILD_v1.3_QIR_INTEGRATED_CONTROLLED.zip,YES,NO,YES,YES,YES,PASS
STEP06-P-042,M03-CI-011,M03,ADD-NEW,04_ARCHITECTURE/W4-02A.6.5_SYSTEM_ARCHITECTURE_FULL_CONSOLIDATED_v1.8.docx,04_ARCHITECTURE/W4-02A.6.5_SYSTEM_ARCHITECTURE_FULL_CONSOLIDATED_v1.8.docx,"# developer-projects, calculator (dbr), notifications, rbac, seo",CORE ARCHITECTURE,01_GOVERNANCE/W4-02A.1_GOVERNANCE_CONSOLIDATION_FINAL_DECISION_AUTHORITY_v1.0.docx,ABSORB_NEW_CAPABILITY,District-local Refresh repositioning,STEP04 classification ADD-NEW; legitimate capability absent from mapped Core target.,RUMAHAGEN_WF03_M03_FULL_REBUILD_v1.3_QIR_INTEGRATED_CONTROLLED/00_M03_REBUILD_CONTROL_REPORT_v1.3.md,M06/M11/M14,Recon → STEP02/STEP01 authority/provenance → STEP03 Core mapping → STEP04 classification → STEP05 resolution where RECONCILE → STEP06 additive merge,ABSORBED,c1aa07968bb5bdfc9f9600dc48da804f65574f49da672282237ec90c4cc94884,RUMAHAGEN_WF03_M03_FULL_REBUILD_v1.3_QIR_INTEGRATED_CONTROLLED.zip,YES,NO,YES,YES,YES,PASS
STEP06-P-043,M03-CI-012,M03,ADD-NEW,04_ARCHITECTURE/W4-02A.6.5_SYSTEM_ARCHITECTURE_FULL_CONSOLIDATED_v1.8.docx,04_ARCHITECTURE/W4-02A.6.5_SYSTEM_ARCHITECTURE_FULL_CONSOLIDATED_v1.8.docx,"# developer-projects, calculator (dbr), notifications, rbac, seo",CORE ARCHITECTURE,01_GOVERNANCE/W4-02A.1_GOVERNANCE_CONSOLIDATION_FINAL_DECISION_AUTHORITY_v1.0.docx,ABSORB_NEW_CAPABILITY,Refresh tie-break first recorded,STEP04 classification ADD-NEW; legitimate capability absent from mapped Core target.,RUMAHAGEN_WF03_M03_FULL_REBUILD_v1.3_QIR_INTEGRATED_CONTROLLED/00_M03_REBUILD_CONTROL_REPORT_v1.3.md,M06/M11/M14,Recon → STEP02/STEP01 authority/provenance → STEP03 Core mapping → STEP04 classification → STEP05 resolution where RECONCILE → STEP06 additive merge,ABSORBED,c1aa07968bb5bdfc9f9600dc48da804f65574f49da672282237ec90c4cc94884,RUMAHAGEN_WF03_M03_FULL_REBUILD_v1.3_QIR_INTEGRATED_CONTROLLED.zip,YES,NO,YES,YES,YES,PASS
STEP06-P-044,M03-CI-013,M03,PRESERVE,19_IMPLEMENTATION_STRATEGY/W4-02A.6.23_MODULE_IMPLEMENTATION_STRATEGY_INTEGRATED_IMPLEMENTATION_SEQUENCING_v2.1.md,19_IMPLEMENTATION_STRATEGY/W4-02A.6.23_MODULE_IMPLEMENTATION_STRATEGY_INTEGRATED_IMPLEMENTATION_SEQUENCING_v2.1.md,# RUMAHAGEN — MODULE IMPLEMENTATION STRATEGY,CORE IMPLEMENTATION STRATEGY AUTHORITY,01_GOVERNANCE/W4-02A.1_GOVERNANCE_CONSOLIDATION_FINAL_DECISION_AUTHORITY_v1.0.docx,PRESERVE_EXISTING_CORE_DETAIL,Refresh server-authoritative timestamp,STEP04 classification PRESERVE; no new semantic propagation required.,RUMAHAGEN_WF03_M03_FULL_REBUILD_v1.3_QIR_INTEGRATED_CONTROLLED/00_M03_REBUILD_CONTROL_REPORT_v1.3.md,M06/M11/M14,Recon → STEP02/STEP01 authority/provenance → STEP03 Core mapping → STEP04 classification → STEP05 resolution where RECONCILE → STEP06 additive merge,RETAINED,051aa36f9444153d1d56df6d960bd80d91922f3c1f84c02d636dc111dd20d47f,RUMAHAGEN_WF03_M03_FULL_REBUILD_v1.3_QIR_INTEGRATED_CONTROLLED.zip,YES,NO,YES,YES,YES,PASS
STEP06-P-045,M03-CI-014,M03,ADD-NEW,27_AI_BLUEPRINT/W4-02A.6.31_AI_DEVELOPMENT_BLUEPRINT_v2.1.md,27_AI_BLUEPRINT/W4-02A.6.31_AI_DEVELOPMENT_BLUEPRINT_v2.1.md,# RUMAHAGEN — W4-02A.6.31,CORE AI DEVELOPMENT BLUEPRINT AUTHORITY,01_GOVERNANCE/W4-02A.1_GOVERNANCE_CONSOLIDATION_FINAL_DECISION_AUTHORITY_v1.0.docx,ABSORB_NEW_CAPABILITY,Media derivative thumbnails,STEP04 classification ADD-NEW; legitimate capability absent from mapped Core target.,RUMAHAGEN_WF03_M03_FULL_REBUILD_v1.3_QIR_INTEGRATED_CONTROLLED/00_M03_REBUILD_CONTROL_REPORT_v1.3.md,M06/M11/M14,Recon → STEP02/STEP01 authority/provenance → STEP03 Core mapping → STEP04 classification → STEP05 resolution where RECONCILE → STEP06 additive merge,ABSORBED,504a5738b3a832159850b0c1035e95f02b509a773a52fb01b722948e01ab09c2,RUMAHAGEN_WF03_M03_FULL_REBUILD_v1.3_QIR_INTEGRATED_CONTROLLED.zip,YES,NO,YES,YES,YES,PASS
STEP06-P-046,M03-CI-015,M03,ADD-NEW,04_ARCHITECTURE/W4-02A.6.5_SYSTEM_ARCHITECTURE_FULL_CONSOLIDATED_v1.8.docx,04_ARCHITECTURE/W4-02A.6.5_SYSTEM_ARCHITECTURE_FULL_CONSOLIDATED_v1.8.docx,"# developer-projects, calculator (dbr), notifications, rbac, seo",CORE ARCHITECTURE,01_GOVERNANCE/W4-02A.1_GOVERNANCE_CONSOLIDATION_FINAL_DECISION_AUTHORITY_v1.0.docx,ABSORB_NEW_CAPABILITY,Media no stretching,STEP04 classification ADD-NEW; legitimate capability absent from mapped Core target.,RUMAHAGEN_WF03_M03_FULL_REBUILD_v1.3_QIR_INTEGRATED_CONTROLLED/00_M03_REBUILD_CONTROL_REPORT_v1.3.md,M06/M11/M14,Recon → STEP02/STEP01 authority/provenance → STEP03 Core mapping → STEP04 classification → STEP05 resolution where RECONCILE → STEP06 additive merge,ABSORBED,c1aa07968bb5bdfc9f9600dc48da804f65574f49da672282237ec90c4cc94884,RUMAHAGEN_WF03_M03_FULL_REBUILD_v1.3_QIR_INTEGRATED_CONTROLLED.zip,YES,NO,YES,YES,YES,PASS
STEP06-P-047,M03-CI-016,M03,ADD-NEW,04_ARCHITECTURE/W4-02A.6.5_SYSTEM_ARCHITECTURE_FULL_CONSOLIDATED_v1.8.docx,04_ARCHITECTURE/W4-02A.6.5_SYSTEM_ARCHITECTURE_FULL_CONSOLIDATED_v1.8.docx,"# developer-projects, calculator (dbr), notifications, rbac, seo",CORE ARCHITECTURE,01_GOVERNANCE/W4-02A.1_GOVERNANCE_CONSOLIDATION_FINAL_DECISION_AUTHORITY_v1.0.docx,ABSORB_NEW_CAPABILITY,Listing geographic binding,STEP04 classification ADD-NEW; legitimate capability absent from mapped Core target.,RUMAHAGEN_WF03_M03_FULL_REBUILD_v1.3_QIR_INTEGRATED_CONTROLLED/00_M03_REBUILD_CONTROL_REPORT_v1.3.md,M06/M11/M14,Recon → STEP02/STEP01 authority/provenance → STEP03 Core mapping → STEP04 classification → STEP05 resolution where RECONCILE → STEP06 additive merge,ABSORBED,c1aa07968bb5bdfc9f9600dc48da804f65574f49da672282237ec90c4cc94884,RUMAHAGEN_WF03_M03_FULL_REBUILD_v1.3_QIR_INTEGRATED_CONTROLLED.zip,YES,NO,YES,YES,YES,PASS
STEP06-P-048,M03-CI-017,M03,PRESERVE,26_ENGINEERING_ALIGNMENT/W4-02A.6.30_ENGINEERING_ALIGNMENT_GUIDEBOOK_PLAYBOOK_v2.1.md,26_ENGINEERING_ALIGNMENT/W4-02A.6.30_ENGINEERING_ALIGNMENT_GUIDEBOOK_PLAYBOOK_v2.1.md,# RUMAHAGEN — W4-02A.6.30,CORE ENGINEERING ALIGNMENT AUTHORITY,01_GOVERNANCE/W4-02A.1_GOVERNANCE_CONSOLIDATION_FINAL_DECISION_AUTHORITY_v1.0.docx,PRESERVE_EXISTING_CORE_DETAIL,Audit provenance,STEP04 classification PRESERVE; no new semantic propagation required.,RUMAHAGEN_WF03_M03_FULL_REBUILD_v1.3_QIR_INTEGRATED_CONTROLLED/00_M03_REBUILD_CONTROL_REPORT_v1.3.md,M06/M11/M14,Recon → STEP02/STEP01 authority/provenance → STEP03 Core mapping → STEP04 classification → STEP05 resolution where RECONCILE → STEP06 additive merge,RETAINED,239e06d97698eb97c4e362b1b9ecf25f064fbe8e665e2f9e328d00e6d339a090,RUMAHAGEN_WF03_M03_FULL_REBUILD_v1.3_QIR_INTEGRATED_CONTROLLED.zip,YES,NO,YES,YES,YES,PASS
STEP06-P-049,M03-CI-018,M03,ADD-NEW,12_API/W4-02A.6.16_API_SPECIFICATION_CURRENT_API_CONTRACT_BASELINE_FULL_CONSOLIDATED_v2.1.docx,12_API/W4-02A.6.16_API_SPECIFICATION_CURRENT_API_CONTRACT_BASELINE_FULL_CONSOLIDATED_v2.1.docx,NO_HEADING_DETECTED,CORE API CONTRACT AUTHORITY,01_GOVERNANCE/W4-02A.1_GOVERNANCE_CONSOLIDATION_FINAL_DECISION_AUTHORITY_v1.0.docx,ABSORB_NEW_CAPABILITY,API Refresh,STEP04 classification ADD-NEW; legitimate capability absent from mapped Core target.,RUMAHAGEN_WF03_M03_FULL_REBUILD_v1.3_QIR_INTEGRATED_CONTROLLED/00_M03_REBUILD_CONTROL_REPORT_v1.3.md,M06/M11/M14,Recon → STEP02/STEP01 authority/provenance → STEP03 Core mapping → STEP04 classification → STEP05 resolution where RECONCILE → STEP06 additive merge,ABSORBED,fbfc539044ed2b7037ebee6ed5d5065c4e14efbd042a4928b107c02c210277d1,RUMAHAGEN_WF03_M03_FULL_REBUILD_v1.3_QIR_INTEGRATED_CONTROLLED.zip,YES,NO,YES,YES,YES,PASS
STEP06-P-050,M03-CI-019,M03,PRESERVE,CAM11-0047,23_M01_M07/W4-02A.6.27_FOCUSED_EXECUTION_PACK_M01-M07_v2.1_EXTRACTED/RUMAHAGEN_W4-02A.6.27_FOCUSED_EXECUTION_PACK_M01-M07_v2.1/M03_PHYSICAL_EXECUTION_SPEC_v2.1.md,## 19. Controlled residuals,M01–M07 EXECUTION CONTEXT; MODULE AUTHORITIES REMAIN SEMANTIC AUTHORITY,M01–M07 CURRENT AUTHORITY ARTIFACT SET,PRESERVE_EXISTING_CORE_DETAIL,Physical/runtime separation,STEP04 classification PRESERVE; no new semantic propagation required.,RUMAHAGEN_WF03_M03_FULL_REBUILD_v1.3_QIR_INTEGRATED_CONTROLLED/00_M03_REBUILD_CONTROL_REPORT_v1.3.md,M06/M11/M14,Recon → STEP02/STEP01 authority/provenance → STEP03 Core mapping → STEP04 classification → STEP05 resolution where RECONCILE → STEP06 additive merge,RETAINED,e8e6797c1859277ab0b9506c6932f6748d38172bf3a0e553faef0249757ff7ae,RUMAHAGEN_WF03_M03_FULL_REBUILD_v1.3_QIR_INTEGRATED_CONTROLLED.zip,YES,NO,YES,YES,YES,PASS
STEP06-P-051,M03-CI-020,M03,NO-PROPAGATION,04_ARCHITECTURE/W4-02A.6.5_SYSTEM_ARCHITECTURE_FULL_CONSOLIDATED_v1.8.docx,04_ARCHITECTURE/W4-02A.6.5_SYSTEM_ARCHITECTURE_FULL_CONSOLIDATED_v1.8.docx,"# developer-projects, calculator (dbr), notifications, rbac, seo",CORE ARCHITECTURE,01_GOVERNANCE/W4-02A.1_GOVERNANCE_CONSOLIDATION_FINAL_DECISION_AUTHORITY_v1.0.docx,NO_PROPAGATION,Refresh does not create regional quota,STEP04 classification NO-PROPAGATION; finding retained for provenance but excluded from Core semantic merge.,RUMAHAGEN_WF03_M03_FULL_REBUILD_v1.3_QIR_INTEGRATED_CONTROLLED/00_M03_REBUILD_CONTROL_REPORT_v1.3.md,M06/M11/M14,Recon → STEP02/STEP01 authority/provenance → STEP03 Core mapping → STEP04 classification → STEP05 resolution where RECONCILE → STEP06 additive merge,RETAINED_NO_PROPAGATION,c1aa07968bb5bdfc9f9600dc48da804f65574f49da672282237ec90c4cc94884,RUMAHAGEN_WF03_M03_FULL_REBUILD_v1.3_QIR_INTEGRATED_CONTROLLED.zip,YES,NO,YES,YES,YES,PASS
STEP06-P-052,M03-CI-021,M03,CONTROLLED,27_AI_BLUEPRINT/W4-02A.6.31_AI_DEVELOPMENT_BLUEPRINT_v2.1.md,27_AI_BLUEPRINT/W4-02A.6.31_AI_DEVELOPMENT_BLUEPRINT_v2.1.md,# RUMAHAGEN — W4-02A.6.31,CORE AI DEVELOPMENT BLUEPRINT AUTHORITY,01_GOVERNANCE/W4-02A.1_GOVERNANCE_CONSOLIDATION_FINAL_DECISION_AUTHORITY_v1.0.docx,DOWNSTREAM_CONTROL_ONLY,M03 physical/runtime claims,STEP04 classification CONTROLLED; physical/API/RLS/runtime work remains downstream and cannot become semantic proof.,RUMAHAGEN_WF03_M03_FULL_REBUILD_v1.3_QIR_INTEGRATED_CONTROLLED/00_M03_REBUILD_CONTROL_REPORT_v1.3.md,M06/M11/M14,Recon → STEP02/STEP01 authority/provenance → STEP03 Core mapping → STEP04 classification → STEP05 resolution where RECONCILE → STEP06 additive merge,RETAINED_DOWNSTREAM,504a5738b3a832159850b0c1035e95f02b509a773a52fb01b722948e01ab09c2,RUMAHAGEN_WF03_M03_FULL_REBUILD_v1.3_QIR_INTEGRATED_CONTROLLED.zip,YES,NO,YES,YES,YES,PASS
STEP06-P-053,M04-CI-001,M04,PRESERVE,04_ARCHITECTURE/W4-02A.6.5_SYSTEM_ARCHITECTURE_FULL_CONSOLIDATED_v1.8.docx,04_ARCHITECTURE/W4-02A.6.5_SYSTEM_ARCHITECTURE_FULL_CONSOLIDATED_v1.8.docx,"# developer-projects, calculator (dbr), notifications, rbac, seo",CORE ARCHITECTURE,01_GOVERNANCE/W4-02A.1_GOVERNANCE_CONSOLIDATION_FINAL_DECISION_AUTHORITY_v1.0.docx,PRESERVE_EXISTING_CORE_DETAIL,Learning Activity + Completion,STEP04 classification PRESERVE; no new semantic propagation required.,RUMAHAGEN_WF03_M04_FULL_REBUILD_v1.2_QIR_INTEGRATED_CONTROLLED/M04_CANONICAL_v1.2.md,M10/M14/M15,Recon → STEP02/STEP01 authority/provenance → STEP03 Core mapping → STEP04 classification → STEP05 resolution where RECONCILE → STEP06 additive merge,RETAINED,c1aa07968bb5bdfc9f9600dc48da804f65574f49da672282237ec90c4cc94884,RUMAHAGEN_WF03_M04_FULL_REBUILD_v1.2_QIR_INTEGRATED_CONTROLLED.zip,YES,NO,YES,YES,YES,PASS
STEP06-P-054,M04-CI-002,M04,PRESERVE,04_ARCHITECTURE/W4-02A.6.5_SYSTEM_ARCHITECTURE_FULL_CONSOLIDATED_v1.8.docx,04_ARCHITECTURE/W4-02A.6.5_SYSTEM_ARCHITECTURE_FULL_CONSOLIDATED_v1.8.docx,"# developer-projects, calculator (dbr), notifications, rbac, seo",CORE ARCHITECTURE,01_GOVERNANCE/W4-02A.1_GOVERNANCE_CONSOLIDATION_FINAL_DECISION_AUTHORITY_v1.0.docx,PRESERVE_EXISTING_CORE_DETAIL,Learning Session,STEP04 classification PRESERVE; no new semantic propagation required.,RUMAHAGEN_WF03_M04_FULL_REBUILD_v1.2_QIR_INTEGRATED_CONTROLLED/M04_CANONICAL_v1.2.md,M10/M14/M15,Recon → STEP02/STEP01 authority/provenance → STEP03 Core mapping → STEP04 classification → STEP05 resolution where RECONCILE → STEP06 additive merge,RETAINED,c1aa07968bb5bdfc9f9600dc48da804f65574f49da672282237ec90c4cc94884,RUMAHAGEN_WF03_M04_FULL_REBUILD_v1.2_QIR_INTEGRATED_CONTROLLED.zip,YES,NO,YES,YES,YES,PASS
STEP06-P-055,M04-CI-003,M04,PRESERVE,04_ARCHITECTURE/W4-02A.6.5_SYSTEM_ARCHITECTURE_FULL_CONSOLIDATED_v1.8.docx,04_ARCHITECTURE/W4-02A.6.5_SYSTEM_ARCHITECTURE_FULL_CONSOLIDATED_v1.8.docx,"# developer-projects, calculator (dbr), notifications, rbac, seo",CORE ARCHITECTURE,01_GOVERNANCE/W4-02A.1_GOVERNANCE_CONSOLIDATION_FINAL_DECISION_AUTHORITY_v1.0.docx,PRESERVE_EXISTING_CORE_DETAIL,Session Enrollment,STEP04 classification PRESERVE; no new semantic propagation required.,RUMAHAGEN_WF03_M04_FULL_REBUILD_v1.2_QIR_INTEGRATED_CONTROLLED/M04_CANONICAL_v1.2.md,M10/M14/M15,Recon → STEP02/STEP01 authority/provenance → STEP03 Core mapping → STEP04 classification → STEP05 resolution where RECONCILE → STEP06 additive merge,RETAINED,c1aa07968bb5bdfc9f9600dc48da804f65574f49da672282237ec90c4cc94884,RUMAHAGEN_WF03_M04_FULL_REBUILD_v1.2_QIR_INTEGRATED_CONTROLLED.zip,YES,NO,YES,YES,YES,PASS
STEP06-P-056,M04-CI-004,M04,PRESERVE,04_ARCHITECTURE/W4-02A.6.5_SYSTEM_ARCHITECTURE_FULL_CONSOLIDATED_v1.8.docx,04_ARCHITECTURE/W4-02A.6.5_SYSTEM_ARCHITECTURE_FULL_CONSOLIDATED_v1.8.docx,"# developer-projects, calculator (dbr), notifications, rbac, seo",CORE ARCHITECTURE,01_GOVERNANCE/W4-02A.1_GOVERNANCE_CONSOLIDATION_FINAL_DECISION_AUTHORITY_v1.0.docx,PRESERVE_EXISTING_CORE_DETAIL,Session Evidence / Attendance / Completion,STEP04 classification PRESERVE; no new semantic propagation required.,RUMAHAGEN_WF03_M04_FULL_REBUILD_v1.2_QIR_INTEGRATED_CONTROLLED/M04_CANONICAL_v1.2.md,M10/M14/M15,Recon → STEP02/STEP01 authority/provenance → STEP03 Core mapping → STEP04 classification → STEP05 resolution where RECONCILE → STEP06 additive merge,RETAINED,c1aa07968bb5bdfc9f9600dc48da804f65574f49da672282237ec90c4cc94884,RUMAHAGEN_WF03_M04_FULL_REBUILD_v1.2_QIR_INTEGRATED_CONTROLLED.zip,YES,NO,YES,YES,YES,PASS
STEP06-P-057,M04-CI-005,M04,PRESERVE,04_ARCHITECTURE/W4-02A.6.5_SYSTEM_ARCHITECTURE_FULL_CONSOLIDATED_v1.8.docx,04_ARCHITECTURE/W4-02A.6.5_SYSTEM_ARCHITECTURE_FULL_CONSOLIDATED_v1.8.docx,"# developer-projects, calculator (dbr), notifications, rbac, seo",CORE ARCHITECTURE,01_GOVERNANCE/W4-02A.1_GOVERNANCE_CONSOLIDATION_FINAL_DECISION_AUTHORITY_v1.0.docx,PRESERVE_EXISTING_CORE_DETAIL,Session Artifact,STEP04 classification PRESERVE; no new semantic propagation required.,RUMAHAGEN_WF03_M04_FULL_REBUILD_v1.2_QIR_INTEGRATED_CONTROLLED/M04_CANONICAL_v1.2.md,M10/M14/M15,Recon → STEP02/STEP01 authority/provenance → STEP03 Core mapping → STEP04 classification → STEP05 resolution where RECONCILE → STEP06 additive merge,RETAINED,c1aa07968bb5bdfc9f9600dc48da804f65574f49da672282237ec90c4cc94884,RUMAHAGEN_WF03_M04_FULL_REBUILD_v1.2_QIR_INTEGRATED_CONTROLLED.zip,YES,NO,YES,YES,YES,PASS
STEP06-P-058,M04-CI-006,M04,PRESERVE,04_ARCHITECTURE/W4-02A.6.5_SYSTEM_ARCHITECTURE_FULL_CONSOLIDATED_v1.8.docx,04_ARCHITECTURE/W4-02A.6.5_SYSTEM_ARCHITECTURE_FULL_CONSOLIDATED_v1.8.docx,"# developer-projects, calculator (dbr), notifications, rbac, seo",CORE ARCHITECTURE,01_GOVERNANCE/W4-02A.1_GOVERNANCE_CONSOLIDATION_FINAL_DECISION_AUTHORITY_v1.0.docx,PRESERVE_EXISTING_CORE_DETAIL,Session Assignment,STEP04 classification PRESERVE; no new semantic propagation required.,RUMAHAGEN_WF03_M04_FULL_REBUILD_v1.2_QIR_INTEGRATED_CONTROLLED/M04_CANONICAL_v1.2.md,M10/M14/M15,Recon → STEP02/STEP01 authority/provenance → STEP03 Core mapping → STEP04 classification → STEP05 resolution where RECONCILE → STEP06 additive merge,RETAINED,c1aa07968bb5bdfc9f9600dc48da804f65574f49da672282237ec90c4cc94884,RUMAHAGEN_WF03_M04_FULL_REBUILD_v1.2_QIR_INTEGRATED_CONTROLLED.zip,YES,NO,YES,YES,YES,PASS
STEP06-P-059,M04-CI-007,M04,PRESERVE,04_ARCHITECTURE/W4-02A.6.5_SYSTEM_ARCHITECTURE_FULL_CONSOLIDATED_v1.8.docx,04_ARCHITECTURE/W4-02A.6.5_SYSTEM_ARCHITECTURE_FULL_CONSOLIDATED_v1.8.docx,"# developer-projects, calculator (dbr), notifications, rbac, seo",CORE ARCHITECTURE,01_GOVERNANCE/W4-02A.1_GOVERNANCE_CONSOLIDATION_FINAL_DECISION_AUTHORITY_v1.0.docx,PRESERVE_EXISTING_CORE_DETAIL,Provider,STEP04 classification PRESERVE; no new semantic propagation required.,RUMAHAGEN_WF03_M04_FULL_REBUILD_v1.2_QIR_INTEGRATED_CONTROLLED/M04_CANONICAL_v1.2.md,M10/M14/M15,Recon → STEP02/STEP01 authority/provenance → STEP03 Core mapping → STEP04 classification → STEP05 resolution where RECONCILE → STEP06 additive merge,RETAINED,c1aa07968bb5bdfc9f9600dc48da804f65574f49da672282237ec90c4cc94884,RUMAHAGEN_WF03_M04_FULL_REBUILD_v1.2_QIR_INTEGRATED_CONTROLLED.zip,YES,NO,YES,YES,YES,PASS
STEP06-P-060,M04-CI-008,M04,PRESERVE,04_ARCHITECTURE/W4-02A.6.5_SYSTEM_ARCHITECTURE_FULL_CONSOLIDATED_v1.8.docx,04_ARCHITECTURE/W4-02A.6.5_SYSTEM_ARCHITECTURE_FULL_CONSOLIDATED_v1.8.docx,"# developer-projects, calculator (dbr), notifications, rbac, seo",CORE ARCHITECTURE,01_GOVERNANCE/W4-02A.1_GOVERNANCE_CONSOLIDATION_FINAL_DECISION_AUTHORITY_v1.0.docx,PRESERVE_EXISTING_CORE_DETAIL,Host / Instructor,STEP04 classification PRESERVE; no new semantic propagation required.,RUMAHAGEN_WF03_M04_FULL_REBUILD_v1.2_QIR_INTEGRATED_CONTROLLED/M04_CANONICAL_v1.2.md,M10/M14/M15,Recon → STEP02/STEP01 authority/provenance → STEP03 Core mapping → STEP04 classification → STEP05 resolution where RECONCILE → STEP06 additive merge,RETAINED,c1aa07968bb5bdfc9f9600dc48da804f65574f49da672282237ec90c4cc94884,RUMAHAGEN_WF03_M04_FULL_REBUILD_v1.2_QIR_INTEGRATED_CONTROLLED.zip,YES,NO,YES,YES,YES,PASS
STEP06-P-061,M04-CI-009,M04,PRESERVE,04_ARCHITECTURE/W4-02A.6.5_SYSTEM_ARCHITECTURE_FULL_CONSOLIDATED_v1.8.docx,04_ARCHITECTURE/W4-02A.6.5_SYSTEM_ARCHITECTURE_FULL_CONSOLIDATED_v1.8.docx,"# developer-projects, calculator (dbr), notifications, rbac, seo",CORE ARCHITECTURE,01_GOVERNANCE/W4-02A.1_GOVERNANCE_CONSOLIDATION_FINAL_DECISION_AUTHORITY_v1.0.docx,PRESERVE_EXISTING_CORE_DETAIL,Session Visibility,STEP04 classification PRESERVE; no new semantic propagation required.,RUMAHAGEN_WF03_M04_FULL_REBUILD_v1.2_QIR_INTEGRATED_CONTROLLED/M04_CANONICAL_v1.2.md,M10/M14/M15,Recon → STEP02/STEP01 authority/provenance → STEP03 Core mapping → STEP04 classification → STEP05 resolution where RECONCILE → STEP06 additive merge,RETAINED,c1aa07968bb5bdfc9f9600dc48da804f65574f49da672282237ec90c4cc94884,RUMAHAGEN_WF03_M04_FULL_REBUILD_v1.2_QIR_INTEGRATED_CONTROLLED.zip,YES,NO,YES,YES,YES,PASS
STEP06-P-062,M04-CI-010,M04,ADD-NEW,04_ARCHITECTURE/W4-02A.6.5_SYSTEM_ARCHITECTURE_FULL_CONSOLIDATED_v1.8.docx,04_ARCHITECTURE/W4-02A.6.5_SYSTEM_ARCHITECTURE_FULL_CONSOLIDATED_v1.8.docx,"# developer-projects, calculator (dbr), notifications, rbac, seo",CORE ARCHITECTURE,01_GOVERNANCE/W4-02A.1_GOVERNANCE_CONSOLIDATION_FINAL_DECISION_AUTHORITY_v1.0.docx,ABSORB_NEW_CAPABILITY,Session permission family,STEP04 classification ADD-NEW; legitimate capability absent from mapped Core target.,RUMAHAGEN_WF03_M04_FULL_REBUILD_v1.2_QIR_INTEGRATED_CONTROLLED/M04_CANONICAL_v1.2.md,M10/M14/M15,Recon → STEP02/STEP01 authority/provenance → STEP03 Core mapping → STEP04 classification → STEP05 resolution where RECONCILE → STEP06 additive merge,ABSORBED,c1aa07968bb5bdfc9f9600dc48da804f65574f49da672282237ec90c4cc94884,RUMAHAGEN_WF03_M04_FULL_REBUILD_v1.2_QIR_INTEGRATED_CONTROLLED.zip,YES,NO,YES,YES,YES,PASS
STEP06-P-063,M04-CI-011,M04,PRESERVE,04_ARCHITECTURE/W4-02A.6.5_SYSTEM_ARCHITECTURE_FULL_CONSOLIDATED_v1.8.docx,04_ARCHITECTURE/W4-02A.6.5_SYSTEM_ARCHITECTURE_FULL_CONSOLIDATED_v1.8.docx,"# developer-projects, calculator (dbr), notifications, rbac, seo",CORE ARCHITECTURE,01_GOVERNANCE/W4-02A.1_GOVERNANCE_CONSOLIDATION_FINAL_DECISION_AUTHORITY_v1.0.docx,PRESERVE_EXISTING_CORE_DETAIL,Session → Learning Activity,STEP04 classification PRESERVE; no new semantic propagation required.,RUMAHAGEN_WF03_M04_FULL_REBUILD_v1.2_QIR_INTEGRATED_CONTROLLED/M04_CANONICAL_v1.2.md,M10/M14/M15,Recon → STEP02/STEP01 authority/provenance → STEP03 Core mapping → STEP04 classification → STEP05 resolution where RECONCILE → STEP06 additive merge,RETAINED,c1aa07968bb5bdfc9f9600dc48da804f65574f49da672282237ec90c4cc94884,RUMAHAGEN_WF03_M04_FULL_REBUILD_v1.2_QIR_INTEGRATED_CONTROLLED.zip,YES,NO,YES,YES,YES,PASS
STEP06-P-064,M04-CI-012,M04,PRESERVE,04_ARCHITECTURE/W4-02A.6.5_SYSTEM_ARCHITECTURE_FULL_CONSOLIDATED_v1.8.docx,04_ARCHITECTURE/W4-02A.6.5_SYSTEM_ARCHITECTURE_FULL_CONSOLIDATED_v1.8.docx,"# developer-projects, calculator (dbr), notifications, rbac, seo",CORE ARCHITECTURE,01_GOVERNANCE/W4-02A.1_GOVERNANCE_CONSOLIDATION_FINAL_DECISION_AUTHORITY_v1.0.docx,PRESERVE_EXISTING_CORE_DETAIL,Reward boundary,STEP04 classification PRESERVE; no new semantic propagation required.,RUMAHAGEN_WF03_M04_FULL_REBUILD_v1.2_QIR_INTEGRATED_CONTROLLED/M04_CANONICAL_v1.2.md,M10/M14/M15,Recon → STEP02/STEP01 authority/provenance → STEP03 Core mapping → STEP04 classification → STEP05 resolution where RECONCILE → STEP06 additive merge,RETAINED,c1aa07968bb5bdfc9f9600dc48da804f65574f49da672282237ec90c4cc94884,RUMAHAGEN_WF03_M04_FULL_REBUILD_v1.2_QIR_INTEGRATED_CONTROLLED.zip,YES,NO,YES,YES,YES,PASS
STEP06-P-065,M04-CI-013,M04,CONTROLLED,04_ARCHITECTURE/W4-02A.6.5_SYSTEM_ARCHITECTURE_FULL_CONSOLIDATED_v1.8.docx,04_ARCHITECTURE/W4-02A.6.5_SYSTEM_ARCHITECTURE_FULL_CONSOLIDATED_v1.8.docx,"# developer-projects, calculator (dbr), notifications, rbac, seo",CORE ARCHITECTURE,01_GOVERNANCE/W4-02A.1_GOVERNANCE_CONSOLIDATION_FINAL_DECISION_AUTHORITY_v1.0.docx,DOWNSTREAM_CONTROL_ONLY,Partnership Learning Result,STEP04 classification CONTROLLED; physical/API/RLS/runtime work remains downstream and cannot become semantic proof.,RUMAHAGEN_WF03_M04_FULL_REBUILD_v1.2_QIR_INTEGRATED_CONTROLLED/M04_CANONICAL_v1.2.md,M10/M14/M15,Recon → STEP02/STEP01 authority/provenance → STEP03 Core mapping → STEP04 classification → STEP05 resolution where RECONCILE → STEP06 additive merge,RETAINED_DOWNSTREAM,c1aa07968bb5bdfc9f9600dc48da804f65574f49da672282237ec90c4cc94884,RUMAHAGEN_WF03_M04_FULL_REBUILD_v1.2_QIR_INTEGRATED_CONTROLLED.zip,YES,NO,YES,YES,YES,PASS
STEP06-P-066,M04-CI-014,M04,CONTROLLED,30_RECONCILIATION_EVIDENCE/W4-02A.5R_SOURCE_UPDATE_REVALIDATION_v1.1.docx,30_RECONCILIATION_EVIDENCE/W4-02A.5R_SOURCE_UPDATE_REVALIDATION_v1.1.docx,NO_HEADING_DETECTED,CORE RECONCILIATION EVIDENCE AUTHORITY,00_CONTROL/W4-02A.7_RECURSIVE_SOURCE_AUDIT_REGISTER_v1.0.csv,DOWNSTREAM_CONTROL_ONLY,Learning Reconciliation,STEP04 classification CONTROLLED; physical/API/RLS/runtime work remains downstream and cannot become semantic proof.,RUMAHAGEN_WF03_M04_FULL_REBUILD_v1.2_QIR_INTEGRATED_CONTROLLED/M04_CANONICAL_v1.2.md,M10/M14/M15,Recon → STEP02/STEP01 authority/provenance → STEP03 Core mapping → STEP04 classification → STEP05 resolution where RECONCILE → STEP06 additive merge,RETAINED_DOWNSTREAM,47a6f021e6c409e73d5d7c7dddaaa270107190db90dba4ff30760080155a2b8f,RUMAHAGEN_WF03_M04_FULL_REBUILD_v1.2_QIR_INTEGRATED_CONTROLLED.zip,YES,NO,YES,YES,YES,PASS
STEP06-P-067,M04-CI-015,M04,CONTROLLED,04_ARCHITECTURE/W4-02A.6.5_SYSTEM_ARCHITECTURE_FULL_CONSOLIDATED_v1.8.docx,04_ARCHITECTURE/W4-02A.6.5_SYSTEM_ARCHITECTURE_FULL_CONSOLIDATED_v1.8.docx,"# developer-projects, calculator (dbr), notifications, rbac, seo",CORE ARCHITECTURE,01_GOVERNANCE/W4-02A.1_GOVERNANCE_CONSOLIDATION_FINAL_DECISION_AUTHORITY_v1.0.docx,DOWNSTREAM_CONTROL_ONLY,Physical permission mapping,STEP04 classification CONTROLLED; physical/API/RLS/runtime work remains downstream and cannot become semantic proof.,RUMAHAGEN_WF03_M04_FULL_REBUILD_v1.2_QIR_INTEGRATED_CONTROLLED/M04_CANONICAL_v1.2.md,M10/M14/M15,Recon → STEP02/STEP01 authority/provenance → STEP03 Core mapping → STEP04 classification → STEP05 resolution where RECONCILE → STEP06 additive merge,RETAINED_DOWNSTREAM,c1aa07968bb5bdfc9f9600dc48da804f65574f49da672282237ec90c4cc94884,RUMAHAGEN_WF03_M04_FULL_REBUILD_v1.2_QIR_INTEGRATED_CONTROLLED.zip,YES,NO,YES,YES,YES,PASS
STEP06-P-068,M04-CI-016,M04,CONTROLLED,13_RBAC_RLS/W4-02A.6.17_RBAC_PERMISSION_RLS_CURRENT_AUTHORIZATION_BASELINE_FULL_CONSOLIDATED_v2.1.docx,13_RBAC_RLS/W4-02A.6.17_RBAC_PERMISSION_RLS_CURRENT_AUTHORIZATION_BASELINE_FULL_CONSOLIDATED_v2.1.docx,NO_HEADING_DETECTED,M10 AUTHORIZATION AUTHORITY,RUMAHAGEN_WF03_M10_FULL_REBUILD_CONTROLLED_v1.1_FULL_VERSION/RUMAHAGEN_WF03_M10_FULL_REBUILD_CONTROLLED_v1.1.md,DOWNSTREAM_CONTROL_ONLY,RLS,STEP04 classification CONTROLLED; physical/API/RLS/runtime work remains downstream and cannot become semantic proof.,RUMAHAGEN_WF03_M04_FULL_REBUILD_v1.2_QIR_INTEGRATED_CONTROLLED/M04_CANONICAL_v1.2.md,M10/M14/M15,Recon → STEP02/STEP01 authority/provenance → STEP03 Core mapping → STEP04 classification → STEP05 resolution where RECONCILE → STEP06 additive merge,RETAINED_DOWNSTREAM,cd5067a3a2cb8e0104e94fbea78ab64a30e19ed28230aef5889baa5021784a0a,RUMAHAGEN_WF03_M04_FULL_REBUILD_v1.2_QIR_INTEGRATED_CONTROLLED.zip,YES,NO,YES,YES,YES,PASS
STEP06-P-069,M04-CI-017,M04,CONTROLLED,04_ARCHITECTURE/W4-02A.6.5_SYSTEM_ARCHITECTURE_FULL_CONSOLIDATED_v1.8.docx,04_ARCHITECTURE/W4-02A.6.5_SYSTEM_ARCHITECTURE_FULL_CONSOLIDATED_v1.8.docx,"# developer-projects, calculator (dbr), notifications, rbac, seo",CORE ARCHITECTURE,01_GOVERNANCE/W4-02A.1_GOVERNANCE_CONSOLIDATION_FINAL_DECISION_AUTHORITY_v1.0.docx,DOWNSTREAM_CONTROL_ONLY,Runtime,STEP04 classification CONTROLLED; physical/API/RLS/runtime work remains downstream and cannot become semantic proof.,RUMAHAGEN_WF03_M04_FULL_REBUILD_v1.2_QIR_INTEGRATED_CONTROLLED/M04_CANONICAL_v1.2.md,M10/M14/M15,Recon → STEP02/STEP01 authority/provenance → STEP03 Core mapping → STEP04 classification → STEP05 resolution where RECONCILE → STEP06 additive merge,RETAINED_DOWNSTREAM,c1aa07968bb5bdfc9f9600dc48da804f65574f49da672282237ec90c4cc94884,RUMAHAGEN_WF03_M04_FULL_REBUILD_v1.2_QIR_INTEGRATED_CONTROLLED.zip,YES,NO,YES,YES,YES,PASS
STEP06-P-070,M06-CI-001,M06,AUGMENT,11_DATABASE_SCHEMA/RUMAHAGEN_FULL_DATABASE_SCHEMA_SOURCE_ONLY_PACKAGE_v1.0.zip,11_DATABASE_SCHEMA/RUMAHAGEN_FULL_DATABASE_SCHEMA_SOURCE_ONLY_PACKAGE_v1.0.zip,NO_HEADING_DETECTED,W4-01E / W4-02 PHYSICAL AUTHORITY,11_DATABASE_SCHEMA/W4-01E_FINAL_BUILD_FROM_ZERO_SCHEMA_PACKAGE_v2.6.zip;11_DATABASE_SCHEMA/W4-02_CANONICAL_BUILD_FROM_ZERO_MIGRATION_PACKAGE_v1.0.zip,ABSORB_ADDITIVE_DETAIL,Project semantic schema expansion,STEP04 classification AUGMENT; validated module detail is additive and must not replace existing Core detail.,RUMAHAGEN_WF03_M06_FULL_REBUILD_CONTROLLED_v1.5_FULL_VERSION/07_M06_FULL_REBUILD_CONTROLLED_v1.5.md,M03/M11/M14,Recon → STEP02/STEP01 authority/provenance → STEP03 Core mapping → STEP04 classification → STEP05 resolution where RECONCILE → STEP06 additive merge,ABSORBED,fa720ebe06c1070155e2ddddba6215f8c764b55ac67af2123aa75831b7f84784,RUMAHAGEN_WF03_M06_FULL_REBUILD_CONTROLLED_v1.5_FULL_VERSION.zip,YES,NO,YES,YES,YES,PASS
STEP06-P-071,M06-CI-002,M06,PRESERVE,04_ARCHITECTURE/W4-02A.6.5_SYSTEM_ARCHITECTURE_FULL_CONSOLIDATED_v1.8.docx,04_ARCHITECTURE/W4-02A.6.5_SYSTEM_ARCHITECTURE_FULL_CONSOLIDATED_v1.8.docx,"# developer-projects, calculator (dbr), notifications, rbac, seo",CORE ARCHITECTURE,01_GOVERNANCE/W4-02A.1_GOVERNANCE_CONSOLIDATION_FINAL_DECISION_AUTHORITY_v1.0.docx,PRESERVE_EXISTING_CORE_DETAIL,M03 field naming: land_area,STEP04 classification PRESERVE; no new semantic propagation required.,RUMAHAGEN_WF03_M06_FULL_REBUILD_CONTROLLED_v1.5_FULL_VERSION/07_M06_FULL_REBUILD_CONTROLLED_v1.5.md,M03/M11/M14,Recon → STEP02/STEP01 authority/provenance → STEP03 Core mapping → STEP04 classification → STEP05 resolution where RECONCILE → STEP06 additive merge,RETAINED,c1aa07968bb5bdfc9f9600dc48da804f65574f49da672282237ec90c4cc94884,RUMAHAGEN_WF03_M06_FULL_REBUILD_CONTROLLED_v1.5_FULL_VERSION.zip,YES,NO,YES,YES,YES,PASS
STEP06-P-072,M06-CI-003,M06,PRESERVE,16_UI_UX/W4-02A.6.20_UI_UX_SPECIFICATION_CURRENT_INTERFACE_BEHAVIOR_CONTRACT_v2.1.md,16_UI_UX/W4-02A.6.20_UI_UX_SPECIFICATION_CURRENT_INTERFACE_BEHAVIOR_CONTRACT_v2.1.md,# RUMAHAGEN — UI / UX SPECIFICATION,CORE INTERFACE BEHAVIOR AUTHORITY,01_GOVERNANCE/W4-02A.1_GOVERNANCE_CONSOLIDATION_FINAL_DECISION_AUTHORITY_v1.0.docx,PRESERVE_EXISTING_CORE_DETAIL,M03 field naming: building_area,STEP04 classification PRESERVE; no new semantic propagation required.,RUMAHAGEN_WF03_M06_FULL_REBUILD_CONTROLLED_v1.5_FULL_VERSION/07_M06_FULL_REBUILD_CONTROLLED_v1.5.md,M03/M11/M14,Recon → STEP02/STEP01 authority/provenance → STEP03 Core mapping → STEP04 classification → STEP05 resolution where RECONCILE → STEP06 additive merge,RETAINED,c2388d37bbcf910316d0d9c257c1f346a99fc0349b2c1086d8e3154a2a32a8d7,RUMAHAGEN_WF03_M06_FULL_REBUILD_CONTROLLED_v1.5_FULL_VERSION.zip,YES,NO,YES,YES,YES,PASS
STEP06-P-073,M06-CI-004,M06,PRESERVE,04_ARCHITECTURE/W4-02A.6.5_SYSTEM_ARCHITECTURE_FULL_CONSOLIDATED_v1.8.docx,04_ARCHITECTURE/W4-02A.6.5_SYSTEM_ARCHITECTURE_FULL_CONSOLIDATED_v1.8.docx,"# developer-projects, calculator (dbr), notifications, rbac, seo",CORE ARCHITECTURE,01_GOVERNANCE/W4-02A.1_GOVERNANCE_CONSOLIDATION_FINAL_DECISION_AUTHORITY_v1.0.docx,PRESERVE_EXISTING_CORE_DETAIL,Project meta_description → Listing description,STEP04 classification PRESERVE; no new semantic propagation required.,RUMAHAGEN_WF03_M06_FULL_REBUILD_CONTROLLED_v1.5_FULL_VERSION/07_M06_FULL_REBUILD_CONTROLLED_v1.5.md,M03/M11/M14,Recon → STEP02/STEP01 authority/provenance → STEP03 Core mapping → STEP04 classification → STEP05 resolution where RECONCILE → STEP06 additive merge,RETAINED,c1aa07968bb5bdfc9f9600dc48da804f65574f49da672282237ec90c4cc94884,RUMAHAGEN_WF03_M06_FULL_REBUILD_CONTROLLED_v1.5_FULL_VERSION.zip,YES,NO,YES,YES,YES,PASS
STEP06-P-074,M06-CI-005,M06,PRESERVE,04_ARCHITECTURE/W4-02A.6.5_SYSTEM_ARCHITECTURE_FULL_CONSOLIDATED_v1.8.docx,04_ARCHITECTURE/W4-02A.6.5_SYSTEM_ARCHITECTURE_FULL_CONSOLIDATED_v1.8.docx,"# developer-projects, calculator (dbr), notifications, rbac, seo",CORE ARCHITECTURE,01_GOVERNANCE/W4-02A.1_GOVERNANCE_CONSOLIDATION_FINAL_DECISION_AUTHORITY_v1.0.docx,PRESERVE_EXISTING_CORE_DETAIL,Project meta_title → Listing title/header,STEP04 classification PRESERVE; no new semantic propagation required.,RUMAHAGEN_WF03_M06_FULL_REBUILD_CONTROLLED_v1.5_FULL_VERSION/07_M06_FULL_REBUILD_CONTROLLED_v1.5.md,M03/M11/M14,Recon → STEP02/STEP01 authority/provenance → STEP03 Core mapping → STEP04 classification → STEP05 resolution where RECONCILE → STEP06 additive merge,RETAINED,c1aa07968bb5bdfc9f9600dc48da804f65574f49da672282237ec90c4cc94884,RUMAHAGEN_WF03_M06_FULL_REBUILD_CONTROLLED_v1.5_FULL_VERSION.zip,YES,NO,YES,YES,YES,PASS
STEP06-P-075,M06-CI-006,M06,ADD-NEW,04_ARCHITECTURE/W4-02A.6.5_SYSTEM_ARCHITECTURE_FULL_CONSOLIDATED_v1.8.docx,04_ARCHITECTURE/W4-02A.6.5_SYSTEM_ARCHITECTURE_FULL_CONSOLIDATED_v1.8.docx,"# developer-projects, calculator (dbr), notifications, rbac, seo",CORE ARCHITECTURE,01_GOVERNANCE/W4-02A.1_GOVERNANCE_CONSOLIDATION_FINAL_DECISION_AUTHORITY_v1.0.docx,ABSORB_NEW_CAPABILITY,Developer company_logo + Tentang Developer,STEP04 classification ADD-NEW; legitimate capability absent from mapped Core target.,RUMAHAGEN_WF03_M06_FULL_REBUILD_CONTROLLED_v1.5_FULL_VERSION/07_M06_FULL_REBUILD_CONTROLLED_v1.5.md,M03/M11/M14,Recon → STEP02/STEP01 authority/provenance → STEP03 Core mapping → STEP04 classification → STEP05 resolution where RECONCILE → STEP06 additive merge,ABSORBED,c1aa07968bb5bdfc9f9600dc48da804f65574f49da672282237ec90c4cc94884,RUMAHAGEN_WF03_M06_FULL_REBUILD_CONTROLLED_v1.5_FULL_VERSION.zip,YES,NO,YES,YES,YES,PASS
STEP06-P-076,M06-CI-007,M06,RECONCILE,04_ARCHITECTURE/W4-02A.6.5_SYSTEM_ARCHITECTURE_FULL_CONSOLIDATED_v1.8.docx,04_ARCHITECTURE/W4-02A.6.5_SYSTEM_ARCHITECTURE_FULL_CONSOLIDATED_v1.8.docx,"# developer-projects, calculator (dbr), notifications, rbac, seo",CORE ARCHITECTURE,01_GOVERNANCE/W4-02A.1_GOVERNANCE_CONSOLIDATION_FINAL_DECISION_AUTHORITY_v1.0.docx,APPLY_STEP05_RESOLUTION,"M06 semantic Project Media boundary = photo, video only. brochure and price_list are Marketing Kit semantics, not Project Media semantics.",STEP05 FINAL v1.1 resolved M06-CI-007; exact reconciliation scope applied without global deletion/replacement.,RUMAHAGEN_WF03_M06_FULL_REBUILD_CONTROLLED_v1.5_FULL_VERSION/07_M06_FULL_REBUILD_CONTROLLED_v1.5.md,M03/M11/M14,Recon → STEP02/STEP01 authority/provenance → STEP03 Core mapping → STEP04 classification → STEP05 resolution where RECONCILE → STEP06 additive merge,ABSORBED,c1aa07968bb5bdfc9f9600dc48da804f65574f49da672282237ec90c4cc94884,RUMAHAGEN_WF03_M06_FULL_REBUILD_CONTROLLED_v1.5_FULL_VERSION.zip,YES,YES,YES,YES,YES,PASS
STEP06-P-077,M06-CI-008,M06,ADD-NEW,09_ERD/W4-02A.6.13_ERD_CURRENT_LOGICAL_DATA_MODEL_FULL_CONSOLIDATED_v2.1.docx,09_ERD/W4-02A.6.13_ERD_CURRENT_LOGICAL_DATA_MODEL_FULL_CONSOLIDATED_v2.1.docx,NO_HEADING_DETECTED,CORE LOGICAL DATA MODEL AUTHORITY,01_GOVERNANCE/W4-02A.1_GOVERNANCE_CONSOLIDATION_FINAL_DECISION_AUTHORITY_v1.0.docx,ABSORB_NEW_CAPABILITY,Marketing Kit resource,STEP04 classification ADD-NEW; legitimate capability absent from mapped Core target.,RUMAHAGEN_WF03_M06_FULL_REBUILD_CONTROLLED_v1.5_FULL_VERSION/07_M06_FULL_REBUILD_CONTROLLED_v1.5.md,M03/M11/M14,Recon → STEP02/STEP01 authority/provenance → STEP03 Core mapping → STEP04 classification → STEP05 resolution where RECONCILE → STEP06 additive merge,ABSORBED,5a5ba139cff31fbd297cac3871a3b250f13b94dabcb15b49d89af86ca785cb88,RUMAHAGEN_WF03_M06_FULL_REBUILD_CONTROLLED_v1.5_FULL_VERSION.zip,YES,NO,YES,YES,YES,PASS
STEP06-P-078,M06-CI-009,M06,AUGMENT,13_RBAC_RLS/W4-02A.6.17_RBAC_PERMISSION_RLS_CURRENT_AUTHORIZATION_BASELINE_FULL_CONSOLIDATED_v2.1.docx,13_RBAC_RLS/W4-02A.6.17_RBAC_PERMISSION_RLS_CURRENT_AUTHORIZATION_BASELINE_FULL_CONSOLIDATED_v2.1.docx,NO_HEADING_DETECTED,M10 AUTHORIZATION AUTHORITY,RUMAHAGEN_WF03_M10_FULL_REBUILD_CONTROLLED_v1.1_FULL_VERSION/RUMAHAGEN_WF03_M10_FULL_REBUILD_CONTROLLED_v1.1.md,ABSORB_ADDITIVE_DETAIL,Marketing Kit CRUD authorization,STEP04 classification AUGMENT; validated module detail is additive and must not replace existing Core detail.,RUMAHAGEN_WF03_M06_FULL_REBUILD_CONTROLLED_v1.5_FULL_VERSION/07_M06_FULL_REBUILD_CONTROLLED_v1.5.md,M03/M11/M14,Recon → STEP02/STEP01 authority/provenance → STEP03 Core mapping → STEP04 classification → STEP05 resolution where RECONCILE → STEP06 additive merge,ABSORBED,cd5067a3a2cb8e0104e94fbea78ab64a30e19ed28230aef5889baa5021784a0a,RUMAHAGEN_WF03_M06_FULL_REBUILD_CONTROLLED_v1.5_FULL_VERSION.zip,YES,NO,YES,YES,YES,PASS
STEP06-P-079,M06-CI-010,M06,AUGMENT,27_AI_BLUEPRINT/W4-02A.6.31_AI_DEVELOPMENT_BLUEPRINT_v2.1.md,27_AI_BLUEPRINT/W4-02A.6.31_AI_DEVELOPMENT_BLUEPRINT_v2.1.md,# RUMAHAGEN — W4-02A.6.31,CORE AI DEVELOPMENT BLUEPRINT AUTHORITY,01_GOVERNANCE/W4-02A.1_GOVERNANCE_CONSOLIDATION_FINAL_DECISION_AUTHORITY_v1.0.docx,ABSORB_ADDITIVE_DETAIL,Claim lifecycle state representation,STEP04 classification AUGMENT; validated module detail is additive and must not replace existing Core detail.,RUMAHAGEN_WF03_M06_FULL_REBUILD_CONTROLLED_v1.5_FULL_VERSION/07_M06_FULL_REBUILD_CONTROLLED_v1.5.md,M03/M11/M14,Recon → STEP02/STEP01 authority/provenance → STEP03 Core mapping → STEP04 classification → STEP05 resolution where RECONCILE → STEP06 additive merge,ABSORBED,504a5738b3a832159850b0c1035e95f02b509a773a52fb01b722948e01ab09c2,RUMAHAGEN_WF03_M06_FULL_REBUILD_CONTROLLED_v1.5_FULL_VERSION.zip,YES,NO,YES,YES,YES,PASS
STEP06-P-080,M06-CI-011,M06,AUGMENT,13_RBAC_RLS/W4-02A.6.17_RBAC_PERMISSION_RLS_CURRENT_AUTHORIZATION_BASELINE_FULL_CONSOLIDATED_v2.1.docx,13_RBAC_RLS/W4-02A.6.17_RBAC_PERMISSION_RLS_CURRENT_AUTHORIZATION_BASELINE_FULL_CONSOLIDATED_v2.1.docx,NO_HEADING_DETECTED,M10 AUTHORIZATION AUTHORITY,RUMAHAGEN_WF03_M10_FULL_REBUILD_CONTROLLED_v1.1_FULL_VERSION/RUMAHAGEN_WF03_M10_FULL_REBUILD_CONTROLLED_v1.1.md,ABSORB_ADDITIVE_DETAIL,Claim approval authority,STEP04 classification AUGMENT; validated module detail is additive and must not replace existing Core detail.,RUMAHAGEN_WF03_M06_FULL_REBUILD_CONTROLLED_v1.5_FULL_VERSION/07_M06_FULL_REBUILD_CONTROLLED_v1.5.md,M03/M11/M14,Recon → STEP02/STEP01 authority/provenance → STEP03 Core mapping → STEP04 classification → STEP05 resolution where RECONCILE → STEP06 additive merge,ABSORBED,cd5067a3a2cb8e0104e94fbea78ab64a30e19ed28230aef5889baa5021784a0a,RUMAHAGEN_WF03_M06_FULL_REBUILD_CONTROLLED_v1.5_FULL_VERSION.zip,YES,NO,YES,YES,YES,PASS
STEP06-P-081,M06-CI-012,M06,ADD-NEW,11_DATABASE_SCHEMA/RUMAHAGEN_FULL_DATABASE_SCHEMA_SOURCE_ONLY_PACKAGE_v1.0.zip,11_DATABASE_SCHEMA/RUMAHAGEN_FULL_DATABASE_SCHEMA_SOURCE_ONLY_PACKAGE_v1.0.zip,NO_HEADING_DETECTED,W4-01E / W4-02 PHYSICAL AUTHORITY,11_DATABASE_SCHEMA/W4-01E_FINAL_BUILD_FROM_ZERO_SCHEMA_PACKAGE_v2.6.zip;11_DATABASE_SCHEMA/W4-02_CANONICAL_BUILD_FROM_ZERO_MIGRATION_PACKAGE_v1.0.zip,ABSORB_NEW_CAPABILITY,Approval Claim artifact,STEP04 classification ADD-NEW; legitimate capability absent from mapped Core target.,RUMAHAGEN_WF03_M06_FULL_REBUILD_CONTROLLED_v1.5_FULL_VERSION/07_M06_FULL_REBUILD_CONTROLLED_v1.5.md,M03/M11/M14,Recon → STEP02/STEP01 authority/provenance → STEP03 Core mapping → STEP04 classification → STEP05 resolution where RECONCILE → STEP06 additive merge,ABSORBED,fa720ebe06c1070155e2ddddba6215f8c764b55ac67af2123aa75831b7f84784,RUMAHAGEN_WF03_M06_FULL_REBUILD_CONTROLLED_v1.5_FULL_VERSION.zip,YES,NO,YES,YES,YES,PASS
STEP06-P-082,M06-CI-013,M06,CONTROLLED,09_ERD/W4-02A.6.13_ERD_CURRENT_LOGICAL_DATA_MODEL_FULL_CONSOLIDATED_v2.1.docx,09_ERD/W4-02A.6.13_ERD_CURRENT_LOGICAL_DATA_MODEL_FULL_CONSOLIDATED_v2.1.docx,NO_HEADING_DETECTED,CORE LOGICAL DATA MODEL AUTHORITY,01_GOVERNANCE/W4-02A.1_GOVERNANCE_CONSOLIDATION_FINAL_DECISION_AUTHORITY_v1.0.docx,DOWNSTREAM_CONTROL_ONLY,Developer Project ownership ≠ Listing authority,STEP04 classification CONTROLLED; physical/API/RLS/runtime work remains downstream and cannot become semantic proof.,RUMAHAGEN_WF03_M06_FULL_REBUILD_CONTROLLED_v1.5_FULL_VERSION/07_M06_FULL_REBUILD_CONTROLLED_v1.5.md,M03/M11/M14,Recon → STEP02/STEP01 authority/provenance → STEP03 Core mapping → STEP04 classification → STEP05 resolution where RECONCILE → STEP06 additive merge,RETAINED_DOWNSTREAM,5a5ba139cff31fbd297cac3871a3b250f13b94dabcb15b49d89af86ca785cb88,RUMAHAGEN_WF03_M06_FULL_REBUILD_CONTROLLED_v1.5_FULL_VERSION.zip,YES,NO,YES,YES,YES,PASS
STEP06-P-083,M06-CI-014,M06,AUGMENT,27_AI_BLUEPRINT/W4-02A.6.31_AI_DEVELOPMENT_BLUEPRINT_v2.1.md,27_AI_BLUEPRINT/W4-02A.6.31_AI_DEVELOPMENT_BLUEPRINT_v2.1.md,# RUMAHAGEN — W4-02A.6.31,CORE AI DEVELOPMENT BLUEPRINT AUTHORITY,01_GOVERNANCE/W4-02A.1_GOVERNANCE_CONSOLIDATION_FINAL_DECISION_AUTHORITY_v1.0.docx,ABSORB_ADDITIVE_DETAIL,Approved Claim → Agent-owned Listing initialization,STEP04 classification AUGMENT; validated module detail is additive and must not replace existing Core detail.,RUMAHAGEN_WF03_M06_FULL_REBUILD_CONTROLLED_v1.5_FULL_VERSION/07_M06_FULL_REBUILD_CONTROLLED_v1.5.md,M03/M11/M14,Recon → STEP02/STEP01 authority/provenance → STEP03 Core mapping → STEP04 classification → STEP05 resolution where RECONCILE → STEP06 additive merge,ABSORBED,504a5738b3a832159850b0c1035e95f02b509a773a52fb01b722948e01ab09c2,RUMAHAGEN_WF03_M06_FULL_REBUILD_CONTROLLED_v1.5_FULL_VERSION.zip,YES,NO,YES,YES,YES,PASS
STEP06-P-084,M06-CI-015,M06,CONTROLLED,09_ERD/W4-02A.6.13_ERD_CURRENT_LOGICAL_DATA_MODEL_FULL_CONSOLIDATED_v2.1.docx,09_ERD/W4-02A.6.13_ERD_CURRENT_LOGICAL_DATA_MODEL_FULL_CONSOLIDATED_v2.1.docx,NO_HEADING_DETECTED,CORE LOGICAL DATA MODEL AUTHORITY,01_GOVERNANCE/W4-02A.1_GOVERNANCE_CONSOLIDATION_FINAL_DECISION_AUTHORITY_v1.0.docx,DOWNSTREAM_CONTROL_ONLY,Project Media vs Listing media,STEP04 classification CONTROLLED; physical/API/RLS/runtime work remains downstream and cannot become semantic proof.,RUMAHAGEN_WF03_M06_FULL_REBUILD_CONTROLLED_v1.5_FULL_VERSION/07_M06_FULL_REBUILD_CONTROLLED_v1.5.md,M03/M11/M14,Recon → STEP02/STEP01 authority/provenance → STEP03 Core mapping → STEP04 classification → STEP05 resolution where RECONCILE → STEP06 additive merge,RETAINED_DOWNSTREAM,5a5ba139cff31fbd297cac3871a3b250f13b94dabcb15b49d89af86ca785cb88,RUMAHAGEN_WF03_M06_FULL_REBUILD_CONTROLLED_v1.5_FULL_VERSION.zip,YES,NO,YES,YES,YES,PASS
STEP06-P-085,M06-CI-016,M06,CONTROLLED,04_ARCHITECTURE/W4-02A.6.5_SYSTEM_ARCHITECTURE_FULL_CONSOLIDATED_v1.8.docx,04_ARCHITECTURE/W4-02A.6.5_SYSTEM_ARCHITECTURE_FULL_CONSOLIDATED_v1.8.docx,"# developer-projects, calculator (dbr), notifications, rbac, seo",CORE ARCHITECTURE,01_GOVERNANCE/W4-02A.1_GOVERNANCE_CONSOLIDATION_FINAL_DECISION_AUTHORITY_v1.0.docx,DOWNSTREAM_CONTROL_ONLY,Physical/runtime separation,STEP04 classification CONTROLLED; physical/API/RLS/runtime work remains downstream and cannot become semantic proof.,RUMAHAGEN_WF03_M06_FULL_REBUILD_CONTROLLED_v1.5_FULL_VERSION/07_M06_FULL_REBUILD_CONTROLLED_v1.5.md,M03/M11/M14,Recon → STEP02/STEP01 authority/provenance → STEP03 Core mapping → STEP04 classification → STEP05 resolution where RECONCILE → STEP06 additive merge,RETAINED_DOWNSTREAM,c1aa07968bb5bdfc9f9600dc48da804f65574f49da672282237ec90c4cc94884,RUMAHAGEN_WF03_M06_FULL_REBUILD_CONTROLLED_v1.5_FULL_VERSION.zip,YES,NO,YES,YES,YES,PASS
STEP06-P-086,M06-CI-017,M06,CONTROLLED,14_FUNCTIONAL/W4-02A.6.18_FUNCTIONAL_SPECIFICATION_CURRENT_FUNCTIONAL_IMPLEMENTATION_CONTRACT_v2.1.md,14_FUNCTIONAL/W4-02A.6.18_FUNCTIONAL_SPECIFICATION_CURRENT_FUNCTIONAL_IMPLEMENTATION_CONTRACT_v2.1.md,# RUMAHAGEN — FUNCTIONAL SPECIFICATION,CORE FUNCTIONAL CONTRACT AUTHORITY,01_GOVERNANCE/W4-02A.1_GOVERNANCE_CONSOLIDATION_FINAL_DECISION_AUTHORITY_v1.0.docx,DOWNSTREAM_CONTROL_ONLY,Existing Core developer module CRUD,STEP04 classification CONTROLLED; physical/API/RLS/runtime work remains downstream and cannot become semantic proof.,RUMAHAGEN_WF03_M06_FULL_REBUILD_CONTROLLED_v1.5_FULL_VERSION/07_M06_FULL_REBUILD_CONTROLLED_v1.5.md,M03/M11/M14,Recon → STEP02/STEP01 authority/provenance → STEP03 Core mapping → STEP04 classification → STEP05 resolution where RECONCILE → STEP06 additive merge,RETAINED_DOWNSTREAM,d7e9a7b5c761d51495e77f73824f903ca057e602c204c79284a2ae70c522072e,RUMAHAGEN_WF03_M06_FULL_REBUILD_CONTROLLED_v1.5_FULL_VERSION.zip,YES,NO,YES,YES,YES,PASS
STEP06-P-087,M06-CI-018,M06,PRESERVE,09_ERD/W4-02A.6.13_ERD_CURRENT_LOGICAL_DATA_MODEL_FULL_CONSOLIDATED_v2.1.docx,09_ERD/W4-02A.6.13_ERD_CURRENT_LOGICAL_DATA_MODEL_FULL_CONSOLIDATED_v2.1.docx,NO_HEADING_DETECTED,CORE LOGICAL DATA MODEL AUTHORITY,01_GOVERNANCE/W4-02A.1_GOVERNANCE_CONSOLIDATION_FINAL_DECISION_AUTHORITY_v1.0.docx,PRESERVE_EXISTING_CORE_DETAIL,Non-exclusivity,STEP04 classification PRESERVE; no new semantic propagation required.,RUMAHAGEN_WF03_M06_FULL_REBUILD_CONTROLLED_v1.5_FULL_VERSION/07_M06_FULL_REBUILD_CONTROLLED_v1.5.md,M03/M11/M14,Recon → STEP02/STEP01 authority/provenance → STEP03 Core mapping → STEP04 classification → STEP05 resolution where RECONCILE → STEP06 additive merge,RETAINED,5a5ba139cff31fbd297cac3871a3b250f13b94dabcb15b49d89af86ca785cb88,RUMAHAGEN_WF03_M06_FULL_REBUILD_CONTROLLED_v1.5_FULL_VERSION.zip,YES,NO,YES,YES,YES,PASS
STEP06-P-088,M07-IA-001,M07,PRESERVE,04_ARCHITECTURE/W4-02A.6.5_SYSTEM_ARCHITECTURE_FULL_CONSOLIDATED_v1.8.docx,04_ARCHITECTURE/W4-02A.6.5_SYSTEM_ARCHITECTURE_FULL_CONSOLIDATED_v1.8.docx,"# developer-projects, calculator (dbr), notifications, rbac, seo",CORE ARCHITECTURE,01_GOVERNANCE/W4-02A.1_GOVERNANCE_CONSOLIDATION_FINAL_DECISION_AUTHORITY_v1.0.docx,PRESERVE_EXISTING_CORE_DETAIL,Semantic scope,STEP04 classification PRESERVE; no new semantic propagation required.,RUMAHAGEN_WF03_M07_FULL_REBUILD_CONTROLLED_v1.1_FULL_VERSION/00_M07_FULL_REBUILD_CONTROLLED_v1.1.md,M09/M10,Recon → STEP02/STEP01 authority/provenance → STEP03 Core mapping → STEP04 classification → STEP05 resolution where RECONCILE → STEP06 additive merge,RETAINED,c1aa07968bb5bdfc9f9600dc48da804f65574f49da672282237ec90c4cc94884,RUMAHAGEN_WF03_M07_FULL_REBUILD_CONTROLLED_v1.1_FULL_VERSION.zip,YES,NO,YES,YES,YES,PASS
STEP06-P-089,M07-IA-002,M07,PRESERVE,04_ARCHITECTURE/W4-02A.6.5_SYSTEM_ARCHITECTURE_FULL_CONSOLIDATED_v1.8.docx,04_ARCHITECTURE/W4-02A.6.5_SYSTEM_ARCHITECTURE_FULL_CONSOLIDATED_v1.8.docx,"# developer-projects, calculator (dbr), notifications, rbac, seo",CORE ARCHITECTURE,01_GOVERNANCE/W4-02A.1_GOVERNANCE_CONSOLIDATION_FINAL_DECISION_AUTHORITY_v1.0.docx,PRESERVE_EXISTING_CORE_DETAIL,Bank Master semantic authority,STEP04 classification PRESERVE; no new semantic propagation required.,RUMAHAGEN_WF03_M07_FULL_REBUILD_CONTROLLED_v1.1_FULL_VERSION/00_M07_FULL_REBUILD_CONTROLLED_v1.1.md,M09/M10,Recon → STEP02/STEP01 authority/provenance → STEP03 Core mapping → STEP04 classification → STEP05 resolution where RECONCILE → STEP06 additive merge,RETAINED,c1aa07968bb5bdfc9f9600dc48da804f65574f49da672282237ec90c4cc94884,RUMAHAGEN_WF03_M07_FULL_REBUILD_CONTROLLED_v1.1_FULL_VERSION.zip,YES,NO,YES,YES,YES,PASS
STEP06-P-090,M07-IA-003,M07,CONTROLLED,11_DATABASE_SCHEMA/RUMAHAGEN_FULL_DATABASE_SCHEMA_SOURCE_ONLY_PACKAGE_v1.0.zip,11_DATABASE_SCHEMA/RUMAHAGEN_FULL_DATABASE_SCHEMA_SOURCE_ONLY_PACKAGE_v1.0.zip,NO_HEADING_DETECTED,W4-01E / W4-02 PHYSICAL AUTHORITY,11_DATABASE_SCHEMA/W4-01E_FINAL_BUILD_FROM_ZERO_SCHEMA_PACKAGE_v2.6.zip;11_DATABASE_SCHEMA/W4-02_CANONICAL_BUILD_FROM_ZERO_MIGRATION_PACKAGE_v1.0.zip,DOWNSTREAM_CONTROL_ONLY,Bank Master physical representation,STEP04 classification CONTROLLED; physical/API/RLS/runtime work remains downstream and cannot become semantic proof.,RUMAHAGEN_WF03_M07_FULL_REBUILD_CONTROLLED_v1.1_FULL_VERSION/00_M07_FULL_REBUILD_CONTROLLED_v1.1.md,M09/M10,Recon → STEP02/STEP01 authority/provenance → STEP03 Core mapping → STEP04 classification → STEP05 resolution where RECONCILE → STEP06 additive merge,RETAINED_DOWNSTREAM,fa720ebe06c1070155e2ddddba6215f8c764b55ac67af2123aa75831b7f84784,RUMAHAGEN_WF03_M07_FULL_REBUILD_CONTROLLED_v1.1_FULL_VERSION.zip,YES,NO,YES,YES,YES,PASS
STEP06-P-091,M07-IA-004,M07,CONTROLLED,15_TECHNICAL/W4-02A.6.19_TECHNICAL_SPECIFICATION_CURRENT_TECHNICAL_IMPLEMENTATION_CONTRACT_v2.1.md,15_TECHNICAL/W4-02A.6.19_TECHNICAL_SPECIFICATION_CURRENT_TECHNICAL_IMPLEMENTATION_CONTRACT_v2.1.md,# RUMAHAGEN — TECHNICAL SPECIFICATION,CORE TECHNICAL CONTRACT AUTHORITY,01_GOVERNANCE/W4-02A.1_GOVERNANCE_CONSOLIDATION_FINAL_DECISION_AUTHORITY_v1.0.docx,DOWNSTREAM_CONTROL_ONLY,Admin configuration enforcement,STEP04 classification CONTROLLED; physical/API/RLS/runtime work remains downstream and cannot become semantic proof.,RUMAHAGEN_WF03_M07_FULL_REBUILD_CONTROLLED_v1.1_FULL_VERSION/00_M07_FULL_REBUILD_CONTROLLED_v1.1.md,M09/M10,Recon → STEP02/STEP01 authority/provenance → STEP03 Core mapping → STEP04 classification → STEP05 resolution where RECONCILE → STEP06 additive merge,RETAINED_DOWNSTREAM,2ac01b6961b6ab97d26ee8c314aaf06101af49cb746c4069147559fb8002b29c,RUMAHAGEN_WF03_M07_FULL_REBUILD_CONTROLLED_v1.1_FULL_VERSION.zip,YES,NO,YES,YES,YES,PASS
STEP06-P-092,M07-IA-005,M07,CONTROLLED,12_API/W4-02A.6.16_API_SPECIFICATION_CURRENT_API_CONTRACT_BASELINE_FULL_CONSOLIDATED_v2.1.docx,12_API/W4-02A.6.16_API_SPECIFICATION_CURRENT_API_CONTRACT_BASELINE_FULL_CONSOLIDATED_v2.1.docx,NO_HEADING_DETECTED,CORE API CONTRACT AUTHORITY,01_GOVERNANCE/W4-02A.1_GOVERNANCE_CONSOLIDATION_FINAL_DECISION_AUTHORITY_v1.0.docx,DOWNSTREAM_CONTROL_ONLY,API contract,STEP04 classification CONTROLLED; physical/API/RLS/runtime work remains downstream and cannot become semantic proof.,RUMAHAGEN_WF03_M07_FULL_REBUILD_CONTROLLED_v1.1_FULL_VERSION/00_M07_FULL_REBUILD_CONTROLLED_v1.1.md,M09/M10,Recon → STEP02/STEP01 authority/provenance → STEP03 Core mapping → STEP04 classification → STEP05 resolution where RECONCILE → STEP06 additive merge,RETAINED_DOWNSTREAM,fbfc539044ed2b7037ebee6ed5d5065c4e14efbd042a4928b107c02c210277d1,RUMAHAGEN_WF03_M07_FULL_REBUILD_CONTROLLED_v1.1_FULL_VERSION.zip,YES,NO,YES,YES,YES,PASS
STEP06-P-093,M07-IA-006,M07,PRESERVE,CAM11-0052,23_M01_M07/W4-02A.6.27_FOCUSED_EXECUTION_PACK_M01-M07_v2.1_EXTRACTED/RUMAHAGEN_W4-02A.6.27_FOCUSED_EXECUTION_PACK_M01-M07_v2.1/M07_PHYSICAL_EXECUTION_SPEC_v2.1.md,## 16. Required negative / regression tests,M01–M07 EXECUTION CONTEXT; MODULE AUTHORITIES REMAIN SEMANTIC AUTHORITY,M01–M07 CURRENT AUTHORITY ARTIFACT SET,PRESERVE_EXISTING_CORE_DETAIL,Threshold,STEP04 classification PRESERVE; no new semantic propagation required.,RUMAHAGEN_WF03_M07_FULL_REBUILD_CONTROLLED_v1.1_FULL_VERSION/00_M07_FULL_REBUILD_CONTROLLED_v1.1.md,M09/M10,Recon → STEP02/STEP01 authority/provenance → STEP03 Core mapping → STEP04 classification → STEP05 resolution where RECONCILE → STEP06 additive merge,RETAINED,662cf023986fc73f6684c928b3c4e00ba5e8e01b2ad07951945b5c9de67808e7,RUMAHAGEN_WF03_M07_FULL_REBUILD_CONTROLLED_v1.1_FULL_VERSION.zip,YES,NO,YES,YES,YES,PASS
STEP06-P-094,M07-IA-007,M07,PRESERVE,15_TECHNICAL/W4-02A.6.19_TECHNICAL_SPECIFICATION_CURRENT_TECHNICAL_IMPLEMENTATION_CONTRACT_v2.1.md,15_TECHNICAL/W4-02A.6.19_TECHNICAL_SPECIFICATION_CURRENT_TECHNICAL_IMPLEMENTATION_CONTRACT_v2.1.md,# RUMAHAGEN — TECHNICAL SPECIFICATION,CORE TECHNICAL CONTRACT AUTHORITY,01_GOVERNANCE/W4-02A.1_GOVERNANCE_CONSOLIDATION_FINAL_DECISION_AUTHORITY_v1.0.docx,PRESERVE_EXISTING_CORE_DETAIL,Bank display limit,STEP04 classification PRESERVE; no new semantic propagation required.,RUMAHAGEN_WF03_M07_FULL_REBUILD_CONTROLLED_v1.1_FULL_VERSION/00_M07_FULL_REBUILD_CONTROLLED_v1.1.md,M09/M10,Recon → STEP02/STEP01 authority/provenance → STEP03 Core mapping → STEP04 classification → STEP05 resolution where RECONCILE → STEP06 additive merge,RETAINED,2ac01b6961b6ab97d26ee8c314aaf06101af49cb746c4069147559fb8002b29c,RUMAHAGEN_WF03_M07_FULL_REBUILD_CONTROLLED_v1.1_FULL_VERSION.zip,YES,NO,YES,YES,YES,PASS
STEP06-P-095,M07-IA-008,M07,PRESERVE,21_EXECUTION_SPECIFICATION/W4-02A.6.25_MODULE_EXECUTION_SPECIFICATION_ARCHITECTURE_v2.1.md,21_EXECUTION_SPECIFICATION/W4-02A.6.25_MODULE_EXECUTION_SPECIFICATION_ARCHITECTURE_v2.1.md,# RUMAHAGEN — MODULE EXECUTION SPECIFICATION ARCHITECTURE,CORE EXECUTION SPECIFICATION AUTHORITY,01_GOVERNANCE/W4-02A.1_GOVERNANCE_CONSOLIDATION_FINAL_DECISION_AUTHORITY_v1.0.docx,PRESERVE_EXISTING_CORE_DETAIL,Interpretation bands,STEP04 classification PRESERVE; no new semantic propagation required.,RUMAHAGEN_WF03_M07_FULL_REBUILD_CONTROLLED_v1.1_FULL_VERSION/00_M07_FULL_REBUILD_CONTROLLED_v1.1.md,M09/M10,Recon → STEP02/STEP01 authority/provenance → STEP03 Core mapping → STEP04 classification → STEP05 resolution where RECONCILE → STEP06 additive merge,RETAINED,8e82d6f1308995ba163d0c2c49786c8b8999d7c2e6b4388e07661678ffa095a3,RUMAHAGEN_WF03_M07_FULL_REBUILD_CONTROLLED_v1.1_FULL_VERSION.zip,YES,NO,YES,YES,YES,PASS
STEP06-P-096,M07-IA-009,M07,PRESERVE,11_DATABASE_SCHEMA/RUMAHAGEN_FULL_DATABASE_SCHEMA_SOURCE_ONLY_PACKAGE_v1.0.zip,11_DATABASE_SCHEMA/RUMAHAGEN_FULL_DATABASE_SCHEMA_SOURCE_ONLY_PACKAGE_v1.0.zip,NO_HEADING_DETECTED,W4-01E / W4-02 PHYSICAL AUTHORITY,11_DATABASE_SCHEMA/W4-01E_FINAL_BUILD_FROM_ZERO_SCHEMA_PACKAGE_v2.6.zip;11_DATABASE_SCHEMA/W4-02_CANONICAL_BUILD_FROM_ZERO_MIGRATION_PACKAGE_v1.0.zip,PRESERVE_EXISTING_CORE_DETAIL,Simulation persistence,STEP04 classification PRESERVE; no new semantic propagation required.,RUMAHAGEN_WF03_M07_FULL_REBUILD_CONTROLLED_v1.1_FULL_VERSION/00_M07_FULL_REBUILD_CONTROLLED_v1.1.md,M09/M10,Recon → STEP02/STEP01 authority/provenance → STEP03 Core mapping → STEP04 classification → STEP05 resolution where RECONCILE → STEP06 additive merge,RETAINED,fa720ebe06c1070155e2ddddba6215f8c764b55ac67af2123aa75831b7f84784,RUMAHAGEN_WF03_M07_FULL_REBUILD_CONTROLLED_v1.1_FULL_VERSION.zip,YES,NO,YES,YES,YES,PASS
STEP06-P-097,M07-IA-010,M07,PRESERVE,04_ARCHITECTURE/W4-02A.6.5_SYSTEM_ARCHITECTURE_FULL_CONSOLIDATED_v1.8.docx,04_ARCHITECTURE/W4-02A.6.5_SYSTEM_ARCHITECTURE_FULL_CONSOLIDATED_v1.8.docx,"# developer-projects, calculator (dbr), notifications, rbac, seo",CORE ARCHITECTURE,01_GOVERNANCE/W4-02A.1_GOVERNANCE_CONSOLIDATION_FINAL_DECISION_AUTHORITY_v1.0.docx,PRESERVE_EXISTING_CORE_DETAIL,Sharing/revoke,STEP04 classification PRESERVE; no new semantic propagation required.,RUMAHAGEN_WF03_M07_FULL_REBUILD_CONTROLLED_v1.1_FULL_VERSION/00_M07_FULL_REBUILD_CONTROLLED_v1.1.md,M09/M10,Recon → STEP02/STEP01 authority/provenance → STEP03 Core mapping → STEP04 classification → STEP05 resolution where RECONCILE → STEP06 additive merge,RETAINED,c1aa07968bb5bdfc9f9600dc48da804f65574f49da672282237ec90c4cc94884,RUMAHAGEN_WF03_M07_FULL_REBUILD_CONTROLLED_v1.1_FULL_VERSION.zip,YES,NO,YES,YES,YES,PASS
STEP06-P-098,M07-IA-011,M07,PRESERVE,04_ARCHITECTURE/W4-02A.6.5_SYSTEM_ARCHITECTURE_FULL_CONSOLIDATED_v1.8.docx,04_ARCHITECTURE/W4-02A.6.5_SYSTEM_ARCHITECTURE_FULL_CONSOLIDATED_v1.8.docx,"# developer-projects, calculator (dbr), notifications, rbac, seo",CORE ARCHITECTURE,01_GOVERNANCE/W4-02A.1_GOVERNANCE_CONSOLIDATION_FINAL_DECISION_AUTHORITY_v1.0.docx,PRESERVE_EXISTING_CORE_DETAIL,Buyer OWN/OPEN,STEP04 classification PRESERVE; no new semantic propagation required.,RUMAHAGEN_WF03_M07_FULL_REBUILD_CONTROLLED_v1.1_FULL_VERSION/00_M07_FULL_REBUILD_CONTROLLED_v1.1.md,M09/M10,Recon → STEP02/STEP01 authority/provenance → STEP03 Core mapping → STEP04 classification → STEP05 resolution where RECONCILE → STEP06 additive merge,RETAINED,c1aa07968bb5bdfc9f9600dc48da804f65574f49da672282237ec90c4cc94884,RUMAHAGEN_WF03_M07_FULL_REBUILD_CONTROLLED_v1.1_FULL_VERSION.zip,YES,NO,YES,YES,YES,PASS
STEP06-P-099,M07-IA-012,M07,PRESERVE,04_ARCHITECTURE/W4-02A.6.5_SYSTEM_ARCHITECTURE_FULL_CONSOLIDATED_v1.8.docx,04_ARCHITECTURE/W4-02A.6.5_SYSTEM_ARCHITECTURE_FULL_CONSOLIDATED_v1.8.docx,"# developer-projects, calculator (dbr), notifications, rbac, seo",CORE ARCHITECTURE,01_GOVERNANCE/W4-02A.1_GOVERNANCE_CONSOLIDATION_FINAL_DECISION_AUTHORITY_v1.0.docx,PRESERVE_EXISTING_CORE_DETAIL,M07 authority boundary,STEP04 classification PRESERVE; no new semantic propagation required.,RUMAHAGEN_WF03_M07_FULL_REBUILD_CONTROLLED_v1.1_FULL_VERSION/00_M07_FULL_REBUILD_CONTROLLED_v1.1.md,M09/M10,Recon → STEP02/STEP01 authority/provenance → STEP03 Core mapping → STEP04 classification → STEP05 resolution where RECONCILE → STEP06 additive merge,RETAINED,c1aa07968bb5bdfc9f9600dc48da804f65574f49da672282237ec90c4cc94884,RUMAHAGEN_WF03_M07_FULL_REBUILD_CONTROLLED_v1.1_FULL_VERSION.zip,YES,NO,YES,YES,YES,PASS
STEP06-P-100,M07-IA-013,M07,PRESERVE,27_AI_BLUEPRINT/W4-02A.6.31_AI_DEVELOPMENT_BLUEPRINT_v2.1.md,27_AI_BLUEPRINT/W4-02A.6.31_AI_DEVELOPMENT_BLUEPRINT_v2.1.md,# RUMAHAGEN — W4-02A.6.31,CORE AI DEVELOPMENT BLUEPRINT AUTHORITY,01_GOVERNANCE/W4-02A.1_GOVERNANCE_CONSOLIDATION_FINAL_DECISION_AUTHORITY_v1.0.docx,PRESERVE_EXISTING_CORE_DETAIL,AI boundary,STEP04 classification PRESERVE; no new semantic propagation required.,RUMAHAGEN_WF03_M07_FULL_REBUILD_CONTROLLED_v1.1_FULL_VERSION/00_M07_FULL_REBUILD_CONTROLLED_v1.1.md,M09/M10,Recon → STEP02/STEP01 authority/provenance → STEP03 Core mapping → STEP04 classification → STEP05 resolution where RECONCILE → STEP06 additive merge,RETAINED,504a5738b3a832159850b0c1035e95f02b509a773a52fb01b722948e01ab09c2,RUMAHAGEN_WF03_M07_FULL_REBUILD_CONTROLLED_v1.1_FULL_VERSION.zip,YES,NO,YES,YES,YES,PASS
STEP06-P-101,M07-IA-014,M07,PRESERVE,18_MODULE_DEPENDENCY/W4-02A.6.22_MODULE_DEPENDENCY_MATRIX_CROSS_MODULE_DEPENDENCY_CONTRACT_v2.1.md,18_MODULE_DEPENDENCY/W4-02A.6.22_MODULE_DEPENDENCY_MATRIX_CROSS_MODULE_DEPENDENCY_CONTRACT_v2.1.md,# RUMAHAGEN — MODULE DEPENDENCY MATRIX,CORE CROSS-MODULE DEPENDENCY CONTRACT,00_CONTROL/SOURCE_INDEX_v1.3.md,PRESERVE_EXISTING_CORE_DETAIL,M09 dependency,STEP04 classification PRESERVE; no new semantic propagation required.,RUMAHAGEN_WF03_M07_FULL_REBUILD_CONTROLLED_v1.1_FULL_VERSION/00_M07_FULL_REBUILD_CONTROLLED_v1.1.md,M09/M10,Recon → STEP02/STEP01 authority/provenance → STEP03 Core mapping → STEP04 classification → STEP05 resolution where RECONCILE → STEP06 additive merge,RETAINED,30a5c406428ad0e2e377e2803a77d16c0d9cac0f7f6c1249dadb89d1360bc9e3,RUMAHAGEN_WF03_M07_FULL_REBUILD_CONTROLLED_v1.1_FULL_VERSION.zip,YES,NO,YES,YES,YES,PASS
STEP06-P-102,M07-IA-015,M07,PRESERVE,18_MODULE_DEPENDENCY/W4-02A.6.22_MODULE_DEPENDENCY_MATRIX_CROSS_MODULE_DEPENDENCY_CONTRACT_v2.1.md,18_MODULE_DEPENDENCY/W4-02A.6.22_MODULE_DEPENDENCY_MATRIX_CROSS_MODULE_DEPENDENCY_CONTRACT_v2.1.md,# RUMAHAGEN — MODULE DEPENDENCY MATRIX,CORE CROSS-MODULE DEPENDENCY CONTRACT,00_CONTROL/SOURCE_INDEX_v1.3.md,PRESERVE_EXISTING_CORE_DETAIL,M10 dependency,STEP04 classification PRESERVE; no new semantic propagation required.,RUMAHAGEN_WF03_M07_FULL_REBUILD_CONTROLLED_v1.1_FULL_VERSION/00_M07_FULL_REBUILD_CONTROLLED_v1.1.md,M09/M10,Recon → STEP02/STEP01 authority/provenance → STEP03 Core mapping → STEP04 classification → STEP05 resolution where RECONCILE → STEP06 additive merge,RETAINED,30a5c406428ad0e2e377e2803a77d16c0d9cac0f7f6c1249dadb89d1360bc9e3,RUMAHAGEN_WF03_M07_FULL_REBUILD_CONTROLLED_v1.1_FULL_VERSION.zip,YES,NO,YES,YES,YES,PASS
STEP06-P-103,M07-IA-016,M07,PRESERVE,04_ARCHITECTURE/W4-02A.6.5_SYSTEM_ARCHITECTURE_FULL_CONSOLIDATED_v1.8.docx,04_ARCHITECTURE/W4-02A.6.5_SYSTEM_ARCHITECTURE_FULL_CONSOLIDATED_v1.8.docx,"# developer-projects, calculator (dbr), notifications, rbac, seo",CORE ARCHITECTURE,01_GOVERNANCE/W4-02A.1_GOVERNANCE_CONSOLIDATION_FINAL_DECISION_AUTHORITY_v1.0.docx,PRESERVE_EXISTING_CORE_DETAIL,Physical proof gate,STEP04 classification PRESERVE; no new semantic propagation required.,RUMAHAGEN_WF03_M07_FULL_REBUILD_CONTROLLED_v1.1_FULL_VERSION/00_M07_FULL_REBUILD_CONTROLLED_v1.1.md,M09/M10,Recon → STEP02/STEP01 authority/provenance → STEP03 Core mapping → STEP04 classification → STEP05 resolution where RECONCILE → STEP06 additive merge,RETAINED,c1aa07968bb5bdfc9f9600dc48da804f65574f49da672282237ec90c4cc94884,RUMAHAGEN_WF03_M07_FULL_REBUILD_CONTROLLED_v1.1_FULL_VERSION.zip,YES,NO,YES,YES,YES,PASS
STEP06-P-104,M07-IA-017,M07,PRESERVE,21_EXECUTION_SPECIFICATION/W4-02A.6.25_MODULE_EXECUTION_SPECIFICATION_ARCHITECTURE_v2.1.md,21_EXECUTION_SPECIFICATION/W4-02A.6.25_MODULE_EXECUTION_SPECIFICATION_ARCHITECTURE_v2.1.md,# RUMAHAGEN — MODULE EXECUTION SPECIFICATION ARCHITECTURE,CORE EXECUTION SPECIFICATION AUTHORITY,01_GOVERNANCE/W4-02A.1_GOVERNANCE_CONSOLIDATION_FINAL_DECISION_AUTHORITY_v1.0.docx,PRESERVE_EXISTING_CORE_DETAIL,Runtime proof gate,STEP04 classification PRESERVE; no new semantic propagation required.,RUMAHAGEN_WF03_M07_FULL_REBUILD_CONTROLLED_v1.1_FULL_VERSION/00_M07_FULL_REBUILD_CONTROLLED_v1.1.md,M09/M10,Recon → STEP02/STEP01 authority/provenance → STEP03 Core mapping → STEP04 classification → STEP05 resolution where RECONCILE → STEP06 additive merge,RETAINED,8e82d6f1308995ba163d0c2c49786c8b8999d7c2e6b4388e07661678ffa095a3,RUMAHAGEN_WF03_M07_FULL_REBUILD_CONTROLLED_v1.1_FULL_VERSION.zip,YES,NO,YES,YES,YES,PASS
STEP06-P-105,M07-IA-018,M07,PRESERVE,21_EXECUTION_SPECIFICATION/W4-02A.6.25_MODULE_EXECUTION_SPECIFICATION_ARCHITECTURE_v2.1.md,21_EXECUTION_SPECIFICATION/W4-02A.6.25_MODULE_EXECUTION_SPECIFICATION_ARCHITECTURE_v2.1.md,# RUMAHAGEN — MODULE EXECUTION SPECIFICATION ARCHITECTURE,CORE EXECUTION SPECIFICATION AUTHORITY,01_GOVERNANCE/W4-02A.1_GOVERNANCE_CONSOLIDATION_FINAL_DECISION_AUTHORITY_v1.0.docx,PRESERVE_EXISTING_CORE_DETAIL,Physical baseline authority,STEP04 classification PRESERVE; no new semantic propagation required.,RUMAHAGEN_WF03_M07_FULL_REBUILD_CONTROLLED_v1.1_FULL_VERSION/00_M07_FULL_REBUILD_CONTROLLED_v1.1.md,M09/M10,Recon → STEP02/STEP01 authority/provenance → STEP03 Core mapping → STEP04 classification → STEP05 resolution where RECONCILE → STEP06 additive merge,RETAINED,8e82d6f1308995ba163d0c2c49786c8b8999d7c2e6b4388e07661678ffa095a3,RUMAHAGEN_WF03_M07_FULL_REBUILD_CONTROLLED_v1.1_FULL_VERSION.zip,YES,NO,YES,YES,YES,PASS
STEP06-P-106,M07-IA-019,M07,CONTROLLED,04_ARCHITECTURE/W4-02A.6.5_SYSTEM_ARCHITECTURE_FULL_CONSOLIDATED_v1.8.docx,04_ARCHITECTURE/W4-02A.6.5_SYSTEM_ARCHITECTURE_FULL_CONSOLIDATED_v1.8.docx,"# developer-projects, calculator (dbr), notifications, rbac, seo",CORE ARCHITECTURE,01_GOVERNANCE/W4-02A.1_GOVERNANCE_CONSOLIDATION_FINAL_DECISION_AUTHORITY_v1.0.docx,DOWNSTREAM_CONTROL_ONLY,Core version provenance,STEP04 classification CONTROLLED; physical/API/RLS/runtime work remains downstream and cannot become semantic proof.,RUMAHAGEN_WF03_M07_FULL_REBUILD_CONTROLLED_v1.1_FULL_VERSION/00_M07_FULL_REBUILD_CONTROLLED_v1.1.md,M09/M10,Recon → STEP02/STEP01 authority/provenance → STEP03 Core mapping → STEP04 classification → STEP05 resolution where RECONCILE → STEP06 additive merge,RETAINED_DOWNSTREAM,c1aa07968bb5bdfc9f9600dc48da804f65574f49da672282237ec90c4cc94884,RUMAHAGEN_WF03_M07_FULL_REBUILD_CONTROLLED_v1.1_FULL_VERSION.zip,YES,NO,YES,YES,YES,PASS
STEP06-P-107,M08-IA-01,M08,PRESERVE,12_API/W4-02A.6.16_API_SPECIFICATION_CURRENT_API_CONTRACT_BASELINE_FULL_CONSOLIDATED_v2.1.docx,12_API/W4-02A.6.16_API_SPECIFICATION_CURRENT_API_CONTRACT_BASELINE_FULL_CONSOLIDATED_v2.1.docx,NO_HEADING_DETECTED,CORE API CONTRACT AUTHORITY,01_GOVERNANCE/W4-02A.1_GOVERNANCE_CONSOLIDATION_FINAL_DECISION_AUTHORITY_v1.0.docx,PRESERVE_EXISTING_CORE_DETAIL,Dashboard Projection,STEP04 classification PRESERVE; no new semantic propagation required.,RUMAHAGEN_WF03_M08_FULL_REBUILD_CONTROLLED_v1.0/00_README_M08_CONTROLLED_v1.0.md,M01-M15 upstream sources,Recon → STEP02/STEP01 authority/provenance → STEP03 Core mapping → STEP04 classification → STEP05 resolution where RECONCILE → STEP06 additive merge,RETAINED,fbfc539044ed2b7037ebee6ed5d5065c4e14efbd042a4928b107c02c210277d1,RUMAHAGEN_WF03_M08_FULL_REBUILD_CONTROLLED_v1.0.zip,YES,NO,YES,YES,YES,PASS
STEP06-P-108,M08-IA-02,M08,PRESERVE,12_API/W4-02A.6.16_API_SPECIFICATION_CURRENT_API_CONTRACT_BASELINE_FULL_CONSOLIDATED_v2.1.docx,12_API/W4-02A.6.16_API_SPECIFICATION_CURRENT_API_CONTRACT_BASELINE_FULL_CONSOLIDATED_v2.1.docx,NO_HEADING_DETECTED,CORE API CONTRACT AUTHORITY,01_GOVERNANCE/W4-02A.1_GOVERNANCE_CONSOLIDATION_FINAL_DECISION_AUTHORITY_v1.0.docx,PRESERVE_EXISTING_CORE_DETAIL,Notification State,STEP04 classification PRESERVE; no new semantic propagation required.,RUMAHAGEN_WF03_M08_FULL_REBUILD_CONTROLLED_v1.0/00_README_M08_CONTROLLED_v1.0.md,M01-M15 upstream sources,Recon → STEP02/STEP01 authority/provenance → STEP03 Core mapping → STEP04 classification → STEP05 resolution where RECONCILE → STEP06 additive merge,RETAINED,fbfc539044ed2b7037ebee6ed5d5065c4e14efbd042a4928b107c02c210277d1,RUMAHAGEN_WF03_M08_FULL_REBUILD_CONTROLLED_v1.0.zip,YES,NO,YES,YES,YES,PASS
STEP06-P-109,M08-IA-03,M08,PRESERVE,12_API/W4-02A.6.16_API_SPECIFICATION_CURRENT_API_CONTRACT_BASELINE_FULL_CONSOLIDATED_v2.1.docx,12_API/W4-02A.6.16_API_SPECIFICATION_CURRENT_API_CONTRACT_BASELINE_FULL_CONSOLIDATED_v2.1.docx,NO_HEADING_DETECTED,CORE API CONTRACT AUTHORITY,01_GOVERNANCE/W4-02A.1_GOVERNANCE_CONSOLIDATION_FINAL_DECISION_AUTHORITY_v1.0.docx,PRESERVE_EXISTING_CORE_DETAIL,Source-domain visibility,STEP04 classification PRESERVE; no new semantic propagation required.,RUMAHAGEN_WF03_M08_FULL_REBUILD_CONTROLLED_v1.0/00_README_M08_CONTROLLED_v1.0.md,M01-M15 upstream sources,Recon → STEP02/STEP01 authority/provenance → STEP03 Core mapping → STEP04 classification → STEP05 resolution where RECONCILE → STEP06 additive merge,RETAINED,fbfc539044ed2b7037ebee6ed5d5065c4e14efbd042a4928b107c02c210277d1,RUMAHAGEN_WF03_M08_FULL_REBUILD_CONTROLLED_v1.0.zip,YES,NO,YES,YES,YES,PASS
STEP06-P-110,M08-IA-04,M08,PRESERVE,12_API/W4-02A.6.16_API_SPECIFICATION_CURRENT_API_CONTRACT_BASELINE_FULL_CONSOLIDATED_v2.1.docx,12_API/W4-02A.6.16_API_SPECIFICATION_CURRENT_API_CONTRACT_BASELINE_FULL_CONSOLIDATED_v2.1.docx,NO_HEADING_DETECTED,CORE API CONTRACT AUTHORITY,01_GOVERNANCE/W4-02A.1_GOVERNANCE_CONSOLIDATION_FINAL_DECISION_AUTHORITY_v1.0.docx,PRESERVE_EXISTING_CORE_DETAIL,Notification reference protection,STEP04 classification PRESERVE; no new semantic propagation required.,RUMAHAGEN_WF03_M08_FULL_REBUILD_CONTROLLED_v1.0/00_README_M08_CONTROLLED_v1.0.md,M01-M15 upstream sources,Recon → STEP02/STEP01 authority/provenance → STEP03 Core mapping → STEP04 classification → STEP05 resolution where RECONCILE → STEP06 additive merge,RETAINED,fbfc539044ed2b7037ebee6ed5d5065c4e14efbd042a4928b107c02c210277d1,RUMAHAGEN_WF03_M08_FULL_REBUILD_CONTROLLED_v1.0.zip,YES,NO,YES,YES,YES,PASS
STEP06-P-111,M08-IA-05,M08,PRESERVE,12_API/W4-02A.6.16_API_SPECIFICATION_CURRENT_API_CONTRACT_BASELINE_FULL_CONSOLIDATED_v2.1.docx,12_API/W4-02A.6.16_API_SPECIFICATION_CURRENT_API_CONTRACT_BASELINE_FULL_CONSOLIDATED_v2.1.docx,NO_HEADING_DETECTED,CORE API CONTRACT AUTHORITY,01_GOVERNANCE/W4-02A.1_GOVERNANCE_CONSOLIDATION_FINAL_DECISION_AUTHORITY_v1.0.docx,PRESERVE_EXISTING_CORE_DETAIL,M10 boundary,STEP04 classification PRESERVE; no new semantic propagation required.,RUMAHAGEN_WF03_M08_FULL_REBUILD_CONTROLLED_v1.0/00_README_M08_CONTROLLED_v1.0.md,M01-M15 upstream sources,Recon → STEP02/STEP01 authority/provenance → STEP03 Core mapping → STEP04 classification → STEP05 resolution where RECONCILE → STEP06 additive merge,RETAINED,fbfc539044ed2b7037ebee6ed5d5065c4e14efbd042a4928b107c02c210277d1,RUMAHAGEN_WF03_M08_FULL_REBUILD_CONTROLLED_v1.0.zip,YES,NO,YES,YES,YES,PASS
STEP06-P-112,M08-IA-06,M08,PRESERVE,12_API/W4-02A.6.16_API_SPECIFICATION_CURRENT_API_CONTRACT_BASELINE_FULL_CONSOLIDATED_v2.1.docx,12_API/W4-02A.6.16_API_SPECIFICATION_CURRENT_API_CONTRACT_BASELINE_FULL_CONSOLIDATED_v2.1.docx,NO_HEADING_DETECTED,CORE API CONTRACT AUTHORITY,01_GOVERNANCE/W4-02A.1_GOVERNANCE_CONSOLIDATION_FINAL_DECISION_AUTHORITY_v1.0.docx,PRESERVE_EXISTING_CORE_DETAIL,Notification state representation,STEP04 classification PRESERVE; no new semantic propagation required.,RUMAHAGEN_WF03_M08_FULL_REBUILD_CONTROLLED_v1.0/00_README_M08_CONTROLLED_v1.0.md,M01-M15 upstream sources,Recon → STEP02/STEP01 authority/provenance → STEP03 Core mapping → STEP04 classification → STEP05 resolution where RECONCILE → STEP06 additive merge,RETAINED,fbfc539044ed2b7037ebee6ed5d5065c4e14efbd042a4928b107c02c210277d1,RUMAHAGEN_WF03_M08_FULL_REBUILD_CONTROLLED_v1.0.zip,YES,NO,YES,YES,YES,PASS
STEP06-P-113,M08-IA-07,M08,PRESERVE,12_API/W4-02A.6.16_API_SPECIFICATION_CURRENT_API_CONTRACT_BASELINE_FULL_CONSOLIDATED_v2.1.docx,12_API/W4-02A.6.16_API_SPECIFICATION_CURRENT_API_CONTRACT_BASELINE_FULL_CONSOLIDATED_v2.1.docx,NO_HEADING_DETECTED,CORE API CONTRACT AUTHORITY,01_GOVERNANCE/W4-02A.1_GOVERNANCE_CONSOLIDATION_FINAL_DECISION_AUTHORITY_v1.0.docx,PRESERVE_EXISTING_CORE_DETAIL,Notification operations,STEP04 classification PRESERVE; no new semantic propagation required.,RUMAHAGEN_WF03_M08_FULL_REBUILD_CONTROLLED_v1.0/00_README_M08_CONTROLLED_v1.0.md,M01-M15 upstream sources,Recon → STEP02/STEP01 authority/provenance → STEP03 Core mapping → STEP04 classification → STEP05 resolution where RECONCILE → STEP06 additive merge,RETAINED,fbfc539044ed2b7037ebee6ed5d5065c4e14efbd042a4928b107c02c210277d1,RUMAHAGEN_WF03_M08_FULL_REBUILD_CONTROLLED_v1.0.zip,YES,NO,YES,YES,YES,PASS
STEP06-P-114,M08-IA-08,M08,PRESERVE,12_API/W4-02A.6.16_API_SPECIFICATION_CURRENT_API_CONTRACT_BASELINE_FULL_CONSOLIDATED_v2.1.docx,12_API/W4-02A.6.16_API_SPECIFICATION_CURRENT_API_CONTRACT_BASELINE_FULL_CONSOLIDATED_v2.1.docx,NO_HEADING_DETECTED,CORE API CONTRACT AUTHORITY,01_GOVERNANCE/W4-02A.1_GOVERNANCE_CONSOLIDATION_FINAL_DECISION_AUTHORITY_v1.0.docx,PRESERVE_EXISTING_CORE_DETAIL,Admin notification push,STEP04 classification PRESERVE; no new semantic propagation required.,RUMAHAGEN_WF03_M08_FULL_REBUILD_CONTROLLED_v1.0/00_README_M08_CONTROLLED_v1.0.md,M01-M15 upstream sources,Recon → STEP02/STEP01 authority/provenance → STEP03 Core mapping → STEP04 classification → STEP05 resolution where RECONCILE → STEP06 additive merge,RETAINED,fbfc539044ed2b7037ebee6ed5d5065c4e14efbd042a4928b107c02c210277d1,RUMAHAGEN_WF03_M08_FULL_REBUILD_CONTROLLED_v1.0.zip,YES,NO,YES,YES,YES,PASS
STEP06-P-115,M08-IA-09,M08,PRESERVE,12_API/W4-02A.6.16_API_SPECIFICATION_CURRENT_API_CONTRACT_BASELINE_FULL_CONSOLIDATED_v2.1.docx,12_API/W4-02A.6.16_API_SPECIFICATION_CURRENT_API_CONTRACT_BASELINE_FULL_CONSOLIDATED_v2.1.docx,NO_HEADING_DETECTED,CORE API CONTRACT AUTHORITY,01_GOVERNANCE/W4-02A.1_GOVERNANCE_CONSOLIDATION_FINAL_DECISION_AUTHORITY_v1.0.docx,PRESERVE_EXISTING_CORE_DETAIL,Event/status producers,STEP04 classification PRESERVE; no new semantic propagation required.,RUMAHAGEN_WF03_M08_FULL_REBUILD_CONTROLLED_v1.0/00_README_M08_CONTROLLED_v1.0.md,M01-M15 upstream sources,Recon → STEP02/STEP01 authority/provenance → STEP03 Core mapping → STEP04 classification → STEP05 resolution where RECONCILE → STEP06 additive merge,RETAINED,fbfc539044ed2b7037ebee6ed5d5065c4e14efbd042a4928b107c02c210277d1,RUMAHAGEN_WF03_M08_FULL_REBUILD_CONTROLLED_v1.0.zip,YES,NO,YES,YES,YES,PASS
STEP06-P-116,M08-IA-10,M08,PRESERVE,12_API/W4-02A.6.16_API_SPECIFICATION_CURRENT_API_CONTRACT_BASELINE_FULL_CONSOLIDATED_v2.1.docx,12_API/W4-02A.6.16_API_SPECIFICATION_CURRENT_API_CONTRACT_BASELINE_FULL_CONSOLIDATED_v2.1.docx,NO_HEADING_DETECTED,CORE API CONTRACT AUTHORITY,01_GOVERNANCE/W4-02A.1_GOVERNANCE_CONSOLIDATION_FINAL_DECISION_AUTHORITY_v1.0.docx,PRESERVE_EXISTING_CORE_DETAIL,Actor lifecycle,STEP04 classification PRESERVE; no new semantic propagation required.,RUMAHAGEN_WF03_M08_FULL_REBUILD_CONTROLLED_v1.0/00_README_M08_CONTROLLED_v1.0.md,M01-M15 upstream sources,Recon → STEP02/STEP01 authority/provenance → STEP03 Core mapping → STEP04 classification → STEP05 resolution where RECONCILE → STEP06 additive merge,RETAINED,fbfc539044ed2b7037ebee6ed5d5065c4e14efbd042a4928b107c02c210277d1,RUMAHAGEN_WF03_M08_FULL_REBUILD_CONTROLLED_v1.0.zip,YES,NO,YES,YES,YES,PASS
STEP06-P-117,M08-IA-11,M08,PRESERVE,12_API/W4-02A.6.16_API_SPECIFICATION_CURRENT_API_CONTRACT_BASELINE_FULL_CONSOLIDATED_v2.1.docx,12_API/W4-02A.6.16_API_SPECIFICATION_CURRENT_API_CONTRACT_BASELINE_FULL_CONSOLIDATED_v2.1.docx,NO_HEADING_DETECTED,CORE API CONTRACT AUTHORITY,01_GOVERNANCE/W4-02A.1_GOVERNANCE_CONSOLIDATION_FINAL_DECISION_AUTHORITY_v1.0.docx,PRESERVE_EXISTING_CORE_DETAIL,Projection boundary,STEP04 classification PRESERVE; no new semantic propagation required.,RUMAHAGEN_WF03_M08_FULL_REBUILD_CONTROLLED_v1.0/00_README_M08_CONTROLLED_v1.0.md,M01-M15 upstream sources,Recon → STEP02/STEP01 authority/provenance → STEP03 Core mapping → STEP04 classification → STEP05 resolution where RECONCILE → STEP06 additive merge,RETAINED,fbfc539044ed2b7037ebee6ed5d5065c4e14efbd042a4928b107c02c210277d1,RUMAHAGEN_WF03_M08_FULL_REBUILD_CONTROLLED_v1.0.zip,YES,NO,YES,YES,YES,PASS
STEP06-P-118,M08-IA-12,M08,PRESERVE,12_API/W4-02A.6.16_API_SPECIFICATION_CURRENT_API_CONTRACT_BASELINE_FULL_CONSOLIDATED_v2.1.docx,12_API/W4-02A.6.16_API_SPECIFICATION_CURRENT_API_CONTRACT_BASELINE_FULL_CONSOLIDATED_v2.1.docx,NO_HEADING_DETECTED,CORE API CONTRACT AUTHORITY,01_GOVERNANCE/W4-02A.1_GOVERNANCE_CONSOLIDATION_FINAL_DECISION_AUTHORITY_v1.0.docx,PRESERVE_EXISTING_CORE_DETAIL,Idempotency/retry,STEP04 classification PRESERVE; no new semantic propagation required.,RUMAHAGEN_WF03_M08_FULL_REBUILD_CONTROLLED_v1.0/00_README_M08_CONTROLLED_v1.0.md,M01-M15 upstream sources,Recon → STEP02/STEP01 authority/provenance → STEP03 Core mapping → STEP04 classification → STEP05 resolution where RECONCILE → STEP06 additive merge,RETAINED,fbfc539044ed2b7037ebee6ed5d5065c4e14efbd042a4928b107c02c210277d1,RUMAHAGEN_WF03_M08_FULL_REBUILD_CONTROLLED_v1.0.zip,YES,NO,YES,YES,YES,PASS
STEP06-P-119,M08-IA-13,M08,PRESERVE,12_API/W4-02A.6.16_API_SPECIFICATION_CURRENT_API_CONTRACT_BASELINE_FULL_CONSOLIDATED_v2.1.docx,12_API/W4-02A.6.16_API_SPECIFICATION_CURRENT_API_CONTRACT_BASELINE_FULL_CONSOLIDATED_v2.1.docx,NO_HEADING_DETECTED,CORE API CONTRACT AUTHORITY,01_GOVERNANCE/W4-02A.1_GOVERNANCE_CONSOLIDATION_FINAL_DECISION_AUTHORITY_v1.0.docx,PRESERVE_EXISTING_CORE_DETAIL,Provenance/audit,STEP04 classification PRESERVE; no new semantic propagation required.,RUMAHAGEN_WF03_M08_FULL_REBUILD_CONTROLLED_v1.0/00_README_M08_CONTROLLED_v1.0.md,M01-M15 upstream sources,Recon → STEP02/STEP01 authority/provenance → STEP03 Core mapping → STEP04 classification → STEP05 resolution where RECONCILE → STEP06 additive merge,RETAINED,fbfc539044ed2b7037ebee6ed5d5065c4e14efbd042a4928b107c02c210277d1,RUMAHAGEN_WF03_M08_FULL_REBUILD_CONTROLLED_v1.0.zip,YES,NO,YES,YES,YES,PASS
STEP06-P-120,M08-IA-14,M08,PRESERVE,12_API/W4-02A.6.16_API_SPECIFICATION_CURRENT_API_CONTRACT_BASELINE_FULL_CONSOLIDATED_v2.1.docx,12_API/W4-02A.6.16_API_SPECIFICATION_CURRENT_API_CONTRACT_BASELINE_FULL_CONSOLIDATED_v2.1.docx,NO_HEADING_DETECTED,CORE API CONTRACT AUTHORITY,01_GOVERNANCE/W4-02A.1_GOVERNANCE_CONSOLIDATION_FINAL_DECISION_AUTHORITY_v1.0.docx,PRESERVE_EXISTING_CORE_DETAIL,Supersession,STEP04 classification PRESERVE; no new semantic propagation required.,RUMAHAGEN_WF03_M08_FULL_REBUILD_CONTROLLED_v1.0/00_README_M08_CONTROLLED_v1.0.md,M01-M15 upstream sources,Recon → STEP02/STEP01 authority/provenance → STEP03 Core mapping → STEP04 classification → STEP05 resolution where RECONCILE → STEP06 additive merge,RETAINED,fbfc539044ed2b7037ebee6ed5d5065c4e14efbd042a4928b107c02c210277d1,RUMAHAGEN_WF03_M08_FULL_REBUILD_CONTROLLED_v1.0.zip,YES,NO,YES,YES,YES,PASS
STEP06-P-121,M08-IA-15,M08,PRESERVE,12_API/W4-02A.6.16_API_SPECIFICATION_CURRENT_API_CONTRACT_BASELINE_FULL_CONSOLIDATED_v2.1.docx,12_API/W4-02A.6.16_API_SPECIFICATION_CURRENT_API_CONTRACT_BASELINE_FULL_CONSOLIDATED_v2.1.docx,NO_HEADING_DETECTED,CORE API CONTRACT AUTHORITY,01_GOVERNANCE/W4-02A.1_GOVERNANCE_CONSOLIDATION_FINAL_DECISION_AUTHORITY_v1.0.docx,PRESERVE_EXISTING_CORE_DETAIL,Physical/runtime gate,STEP04 classification PRESERVE; no new semantic propagation required.,RUMAHAGEN_WF03_M08_FULL_REBUILD_CONTROLLED_v1.0/00_README_M08_CONTROLLED_v1.0.md,M01-M15 upstream sources,Recon → STEP02/STEP01 authority/provenance → STEP03 Core mapping → STEP04 classification → STEP05 resolution where RECONCILE → STEP06 additive merge,RETAINED,fbfc539044ed2b7037ebee6ed5d5065c4e14efbd042a4928b107c02c210277d1,RUMAHAGEN_WF03_M08_FULL_REBUILD_CONTROLLED_v1.0.zip,YES,NO,YES,YES,YES,PASS
STEP06-P-122,M08-IA-16,M08,PRESERVE,12_API/W4-02A.6.16_API_SPECIFICATION_CURRENT_API_CONTRACT_BASELINE_FULL_CONSOLIDATED_v2.1.docx,12_API/W4-02A.6.16_API_SPECIFICATION_CURRENT_API_CONTRACT_BASELINE_FULL_CONSOLIDATED_v2.1.docx,NO_HEADING_DETECTED,CORE API CONTRACT AUTHORITY,01_GOVERNANCE/W4-02A.1_GOVERNANCE_CONSOLIDATION_FINAL_DECISION_AUTHORITY_v1.0.docx,PRESERVE_EXISTING_CORE_DETAIL,Permission cardinality,STEP04 classification PRESERVE; no new semantic propagation required.,RUMAHAGEN_WF03_M08_FULL_REBUILD_CONTROLLED_v1.0/00_README_M08_CONTROLLED_v1.0.md,M01-M15 upstream sources,Recon → STEP02/STEP01 authority/provenance → STEP03 Core mapping → STEP04 classification → STEP05 resolution where RECONCILE → STEP06 additive merge,RETAINED,fbfc539044ed2b7037ebee6ed5d5065c4e14efbd042a4928b107c02c210277d1,RUMAHAGEN_WF03_M08_FULL_REBUILD_CONTROLLED_v1.0.zip,YES,NO,YES,YES,YES,PASS
STEP06-P-123,M08-IA-17,M08,PRESERVE,12_API/W4-02A.6.16_API_SPECIFICATION_CURRENT_API_CONTRACT_BASELINE_FULL_CONSOLIDATED_v2.1.docx,12_API/W4-02A.6.16_API_SPECIFICATION_CURRENT_API_CONTRACT_BASELINE_FULL_CONSOLIDATED_v2.1.docx,NO_HEADING_DETECTED,CORE API CONTRACT AUTHORITY,01_GOVERNANCE/W4-02A.1_GOVERNANCE_CONSOLIDATION_FINAL_DECISION_AUTHORITY_v1.0.docx,PRESERVE_EXISTING_CORE_DETAIL,Source authority preservation,STEP04 classification PRESERVE; no new semantic propagation required.,RUMAHAGEN_WF03_M08_FULL_REBUILD_CONTROLLED_v1.0/00_README_M08_CONTROLLED_v1.0.md,M01-M15 upstream sources,Recon → STEP02/STEP01 authority/provenance → STEP03 Core mapping → STEP04 classification → STEP05 resolution where RECONCILE → STEP06 additive merge,RETAINED,fbfc539044ed2b7037ebee6ed5d5065c4e14efbd042a4928b107c02c210277d1,RUMAHAGEN_WF03_M08_FULL_REBUILD_CONTROLLED_v1.0.zip,YES,NO,YES,YES,YES,PASS
STEP06-P-124,M08-IA-18,M08,CONTROLLED,12_API/W4-02A.6.16_API_SPECIFICATION_CURRENT_API_CONTRACT_BASELINE_FULL_CONSOLIDATED_v2.1.docx,12_API/W4-02A.6.16_API_SPECIFICATION_CURRENT_API_CONTRACT_BASELINE_FULL_CONSOLIDATED_v2.1.docx,NO_HEADING_DETECTED,CORE API CONTRACT AUTHORITY,01_GOVERNANCE/W4-02A.1_GOVERNANCE_CONSOLIDATION_FINAL_DECISION_AUTHORITY_v1.0.docx,DOWNSTREAM_CONTROL_ONLY,Master progress,STEP04 classification CONTROLLED; physical/API/RLS/runtime work remains downstream and cannot become semantic proof.,RUMAHAGEN_WF03_M08_FULL_REBUILD_CONTROLLED_v1.0/00_README_M08_CONTROLLED_v1.0.md,M01-M15 upstream sources,Recon → STEP02/STEP01 authority/provenance → STEP03 Core mapping → STEP04 classification → STEP05 resolution where RECONCILE → STEP06 additive merge,RETAINED_DOWNSTREAM,fbfc539044ed2b7037ebee6ed5d5065c4e14efbd042a4928b107c02c210277d1,RUMAHAGEN_WF03_M08_FULL_REBUILD_CONTROLLED_v1.0.zip,YES,NO,YES,YES,YES,PASS
STEP06-P-125,PROP-M09-01,M09,CONTROLLED,12_API/W4-02A.6.16_API_SPECIFICATION_CURRENT_API_CONTRACT_BASELINE_FULL_CONSOLIDATED_v2.1.docx,12_API/W4-02A.6.16_API_SPECIFICATION_CURRENT_API_CONTRACT_BASELINE_FULL_CONSOLIDATED_v2.1.docx,NO_HEADING_DETECTED,CORE API CONTRACT AUTHORITY,01_GOVERNANCE/W4-02A.1_GOVERNANCE_CONSOLIDATION_FINAL_DECISION_AUTHORITY_v1.0.docx,DOWNSTREAM_CONTROL_ONLY,Core API /admin/reports/export,STEP04 classification CONTROLLED; physical/API/RLS/runtime work remains downstream and cannot become semantic proof.,RUMAHAGEN_WF03_M09_FULL_REBUILD_CONTROLLED_v1.1_FULL_VERSION/README_M09_FULL_REBUILD_CONTROLLED_v1.1.md,M10 and domain owners,Recon → STEP02/STEP01 authority/provenance → STEP03 Core mapping → STEP04 classification → STEP05 resolution where RECONCILE → STEP06 additive merge,RETAINED_DOWNSTREAM,fbfc539044ed2b7037ebee6ed5d5065c4e14efbd042a4928b107c02c210277d1,RUMAHAGEN_WF03_M09_FULL_REBUILD_CONTROLLED_v1.1_FULL_VERSION.zip,YES,NO,YES,YES,YES,PASS
STEP06-P-126,PROP-M09-02,M09,CONTROLLED,12_API/W4-02A.6.16_API_SPECIFICATION_CURRENT_API_CONTRACT_BASELINE_FULL_CONSOLIDATED_v2.1.docx,12_API/W4-02A.6.16_API_SPECIFICATION_CURRENT_API_CONTRACT_BASELINE_FULL_CONSOLIDATED_v2.1.docx,NO_HEADING_DETECTED,CORE API CONTRACT AUTHORITY,01_GOVERNANCE/W4-02A.1_GOVERNANCE_CONSOLIDATION_FINAL_DECISION_AUTHORITY_v1.0.docx,DOWNSTREAM_CONTROL_ONLY,Core API /admin/audit-logs,STEP04 classification CONTROLLED; physical/API/RLS/runtime work remains downstream and cannot become semantic proof.,RUMAHAGEN_WF03_M09_FULL_REBUILD_CONTROLLED_v1.1_FULL_VERSION/README_M09_FULL_REBUILD_CONTROLLED_v1.1.md,M10 and domain owners,Recon → STEP02/STEP01 authority/provenance → STEP03 Core mapping → STEP04 classification → STEP05 resolution where RECONCILE → STEP06 additive merge,RETAINED_DOWNSTREAM,fbfc539044ed2b7037ebee6ed5d5065c4e14efbd042a4928b107c02c210277d1,RUMAHAGEN_WF03_M09_FULL_REBUILD_CONTROLLED_v1.1_FULL_VERSION.zip,YES,NO,YES,YES,YES,PASS
STEP06-P-127,PROP-M09-03,M09,CONTROLLED,21_EXECUTION_SPECIFICATION/W4-02A.6.25_MODULE_EXECUTION_SPECIFICATION_ARCHITECTURE_v2.1.md,21_EXECUTION_SPECIFICATION/W4-02A.6.25_MODULE_EXECUTION_SPECIFICATION_ARCHITECTURE_v2.1.md,# RUMAHAGEN — MODULE EXECUTION SPECIFICATION ARCHITECTURE,CORE EXECUTION SPECIFICATION AUTHORITY,01_GOVERNANCE/W4-02A.1_GOVERNANCE_CONSOLIDATION_FINAL_DECISION_AUTHORITY_v1.0.docx,DOWNSTREAM_CONTROL_ONLY,Core M09 physical execution spec,STEP04 classification CONTROLLED; physical/API/RLS/runtime work remains downstream and cannot become semantic proof.,RUMAHAGEN_WF03_M09_FULL_REBUILD_CONTROLLED_v1.1_FULL_VERSION/README_M09_FULL_REBUILD_CONTROLLED_v1.1.md,M10 and domain owners,Recon → STEP02/STEP01 authority/provenance → STEP03 Core mapping → STEP04 classification → STEP05 resolution where RECONCILE → STEP06 additive merge,RETAINED_DOWNSTREAM,8e82d6f1308995ba163d0c2c49786c8b8999d7c2e6b4388e07661678ffa095a3,RUMAHAGEN_WF03_M09_FULL_REBUILD_CONTROLLED_v1.1_FULL_VERSION.zip,YES,NO,YES,YES,YES,PASS
STEP06-P-128,PROP-M09-04,M09,CONTROLLED,13_RBAC_RLS/W4-02A.6.17_RBAC_PERMISSION_RLS_CURRENT_AUTHORIZATION_BASELINE_FULL_CONSOLIDATED_v2.1.docx,13_RBAC_RLS/W4-02A.6.17_RBAC_PERMISSION_RLS_CURRENT_AUTHORIZATION_BASELINE_FULL_CONSOLIDATED_v2.1.docx,NO_HEADING_DETECTED,M10 AUTHORIZATION AUTHORITY,RUMAHAGEN_WF03_M10_FULL_REBUILD_CONTROLLED_v1.1_FULL_VERSION/RUMAHAGEN_WF03_M10_FULL_REBUILD_CONTROLLED_v1.1.md,DOWNSTREAM_CONTROL_ONLY,M10/RLS system_configs SELECT,STEP04 classification CONTROLLED; physical/API/RLS/runtime work remains downstream and cannot become semantic proof.,RUMAHAGEN_WF03_M09_FULL_REBUILD_CONTROLLED_v1.1_FULL_VERSION/README_M09_FULL_REBUILD_CONTROLLED_v1.1.md,M10 and domain owners,Recon → STEP02/STEP01 authority/provenance → STEP03 Core mapping → STEP04 classification → STEP05 resolution where RECONCILE → STEP06 additive merge,RETAINED_DOWNSTREAM,cd5067a3a2cb8e0104e94fbea78ab64a30e19ed28230aef5889baa5021784a0a,RUMAHAGEN_WF03_M09_FULL_REBUILD_CONTROLLED_v1.1_FULL_VERSION.zip,YES,NO,YES,YES,YES,PASS
STEP06-P-129,PROP-M09-05,M09,CONTROLLED,04_ARCHITECTURE/W4-02A.6.5_SYSTEM_ARCHITECTURE_FULL_CONSOLIDATED_v1.8.docx,04_ARCHITECTURE/W4-02A.6.5_SYSTEM_ARCHITECTURE_FULL_CONSOLIDATED_v1.8.docx,"# developer-projects, calculator (dbr), notifications, rbac, seo",CORE ARCHITECTURE,01_GOVERNANCE/W4-02A.1_GOVERNANCE_CONSOLIDATION_FINAL_DECISION_AUTHORITY_v1.0.docx,DOWNSTREAM_CONTROL_ONLY,Provider catalogue physical routing,STEP04 classification CONTROLLED; physical/API/RLS/runtime work remains downstream and cannot become semantic proof.,RUMAHAGEN_WF03_M09_FULL_REBUILD_CONTROLLED_v1.1_FULL_VERSION/README_M09_FULL_REBUILD_CONTROLLED_v1.1.md,M10 and domain owners,Recon → STEP02/STEP01 authority/provenance → STEP03 Core mapping → STEP04 classification → STEP05 resolution where RECONCILE → STEP06 additive merge,RETAINED_DOWNSTREAM,c1aa07968bb5bdfc9f9600dc48da804f65574f49da672282237ec90c4cc94884,RUMAHAGEN_WF03_M09_FULL_REBUILD_CONTROLLED_v1.1_FULL_VERSION.zip,YES,NO,YES,YES,YES,PASS
STEP06-P-130,PROP-M09-06,M09,CONTROLLED,30_RECONCILIATION_EVIDENCE/W4-02A.5R_SOURCE_UPDATE_REVALIDATION_v1.1.docx,30_RECONCILIATION_EVIDENCE/W4-02A.5R_SOURCE_UPDATE_REVALIDATION_v1.1.docx,NO_HEADING_DETECTED,CORE RECONCILIATION EVIDENCE AUTHORITY,00_CONTROL/W4-02A.7_RECURSIVE_SOURCE_AUDIT_REGISTER_v1.0.csv,DOWNSTREAM_CONTROL_ONLY,Reconciliation physical actions,STEP04 classification CONTROLLED; physical/API/RLS/runtime work remains downstream and cannot become semantic proof.,RUMAHAGEN_WF03_M09_FULL_REBUILD_CONTROLLED_v1.1_FULL_VERSION/README_M09_FULL_REBUILD_CONTROLLED_v1.1.md,M10 and domain owners,Recon → STEP02/STEP01 authority/provenance → STEP03 Core mapping → STEP04 classification → STEP05 resolution where RECONCILE → STEP06 additive merge,RETAINED_DOWNSTREAM,47a6f021e6c409e73d5d7c7dddaaa270107190db90dba4ff30760080155a2b8f,RUMAHAGEN_WF03_M09_FULL_REBUILD_CONTROLLED_v1.1_FULL_VERSION.zip,YES,NO,YES,YES,YES,PASS
STEP06-P-131,M10-CORE-01,M10,PRESERVE,09_ERD/W4-02A.6.13_ERD_CURRENT_LOGICAL_DATA_MODEL_FULL_CONSOLIDATED_v2.1.docx,09_ERD/W4-02A.6.13_ERD_CURRENT_LOGICAL_DATA_MODEL_FULL_CONSOLIDATED_v2.1.docx,NO_HEADING_DETECTED,CORE LOGICAL DATA MODEL AUTHORITY,01_GOVERNANCE/W4-02A.1_GOVERNANCE_CONSOLIDATION_FINAL_DECISION_AUTHORITY_v1.0.docx,PRESERVE_EXISTING_CORE_DETAIL,Core RBAC,STEP04 classification PRESERVE; no new semantic propagation required.,RUMAHAGEN_WF03_M10_FULL_REBUILD_CONTROLLED_v1.1_FULL_VERSION/RUMAHAGEN_WF03_M10_FULL_REBUILD_CONTROLLED_v1.1.md,All modules,Recon → STEP02/STEP01 authority/provenance → STEP03 Core mapping → STEP04 classification → STEP05 resolution where RECONCILE → STEP06 additive merge,RETAINED,5a5ba139cff31fbd297cac3871a3b250f13b94dabcb15b49d89af86ca785cb88,RUMAHAGEN_WF03_M10_FULL_REBUILD_CONTROLLED_v1.1_FULL_VERSION.zip,YES,NO,YES,YES,YES,PASS
STEP06-P-132,M10-CORE-02,M10,AUGMENT,09_ERD/W4-02A.6.13_ERD_CURRENT_LOGICAL_DATA_MODEL_FULL_CONSOLIDATED_v2.1.docx,09_ERD/W4-02A.6.13_ERD_CURRENT_LOGICAL_DATA_MODEL_FULL_CONSOLIDATED_v2.1.docx,NO_HEADING_DETECTED,CORE LOGICAL DATA MODEL AUTHORITY,01_GOVERNANCE/W4-02A.1_GOVERNANCE_CONSOLIDATION_FINAL_DECISION_AUTHORITY_v1.0.docx,ABSORB_ADDITIVE_DETAIL,Core Permission,STEP04 classification AUGMENT; validated module detail is additive and must not replace existing Core detail.,RUMAHAGEN_WF03_M10_FULL_REBUILD_CONTROLLED_v1.1_FULL_VERSION/RUMAHAGEN_WF03_M10_FULL_REBUILD_CONTROLLED_v1.1.md,All modules,Recon → STEP02/STEP01 authority/provenance → STEP03 Core mapping → STEP04 classification → STEP05 resolution where RECONCILE → STEP06 additive merge,ABSORBED,5a5ba139cff31fbd297cac3871a3b250f13b94dabcb15b49d89af86ca785cb88,RUMAHAGEN_WF03_M10_FULL_REBUILD_CONTROLLED_v1.1_FULL_VERSION.zip,YES,NO,YES,YES,YES,PASS
STEP06-P-133,M10-CORE-03,M10,AUGMENT,09_ERD/W4-02A.6.13_ERD_CURRENT_LOGICAL_DATA_MODEL_FULL_CONSOLIDATED_v2.1.docx,09_ERD/W4-02A.6.13_ERD_CURRENT_LOGICAL_DATA_MODEL_FULL_CONSOLIDATED_v2.1.docx,NO_HEADING_DETECTED,CORE LOGICAL DATA MODEL AUTHORITY,01_GOVERNANCE/W4-02A.1_GOVERNANCE_CONSOLIDATION_FINAL_DECISION_AUTHORITY_v1.0.docx,ABSORB_ADDITIVE_DETAIL,Core Scope,STEP04 classification AUGMENT; validated module detail is additive and must not replace existing Core detail.,RUMAHAGEN_WF03_M10_FULL_REBUILD_CONTROLLED_v1.1_FULL_VERSION/RUMAHAGEN_WF03_M10_FULL_REBUILD_CONTROLLED_v1.1.md,All modules,Recon → STEP02/STEP01 authority/provenance → STEP03 Core mapping → STEP04 classification → STEP05 resolution where RECONCILE → STEP06 additive merge,ABSORBED,5a5ba139cff31fbd297cac3871a3b250f13b94dabcb15b49d89af86ca785cb88,RUMAHAGEN_WF03_M10_FULL_REBUILD_CONTROLLED_v1.1_FULL_VERSION.zip,YES,NO,YES,YES,YES,PASS
STEP06-P-134,M10-CORE-04,M10,AUGMENT,09_ERD/W4-02A.6.13_ERD_CURRENT_LOGICAL_DATA_MODEL_FULL_CONSOLIDATED_v2.1.docx,09_ERD/W4-02A.6.13_ERD_CURRENT_LOGICAL_DATA_MODEL_FULL_CONSOLIDATED_v2.1.docx,NO_HEADING_DETECTED,CORE LOGICAL DATA MODEL AUTHORITY,01_GOVERNANCE/W4-02A.1_GOVERNANCE_CONSOLIDATION_FINAL_DECISION_AUTHORITY_v1.0.docx,ABSORB_ADDITIVE_DETAIL,Core RLS,STEP04 classification AUGMENT; validated module detail is additive and must not replace existing Core detail.,RUMAHAGEN_WF03_M10_FULL_REBUILD_CONTROLLED_v1.1_FULL_VERSION/RUMAHAGEN_WF03_M10_FULL_REBUILD_CONTROLLED_v1.1.md,All modules,Recon → STEP02/STEP01 authority/provenance → STEP03 Core mapping → STEP04 classification → STEP05 resolution where RECONCILE → STEP06 additive merge,ABSORBED,5a5ba139cff31fbd297cac3871a3b250f13b94dabcb15b49d89af86ca785cb88,RUMAHAGEN_WF03_M10_FULL_REBUILD_CONTROLLED_v1.1_FULL_VERSION.zip,YES,NO,YES,YES,YES,PASS
STEP06-P-135,M10-CORE-05,M10,AUGMENT,09_ERD/W4-02A.6.13_ERD_CURRENT_LOGICAL_DATA_MODEL_FULL_CONSOLIDATED_v2.1.docx,09_ERD/W4-02A.6.13_ERD_CURRENT_LOGICAL_DATA_MODEL_FULL_CONSOLIDATED_v2.1.docx,NO_HEADING_DETECTED,CORE LOGICAL DATA MODEL AUTHORITY,01_GOVERNANCE/W4-02A.1_GOVERNANCE_CONSOLIDATION_FINAL_DECISION_AUTHORITY_v1.0.docx,ABSORB_ADDITIVE_DETAIL,Core UI/UX,STEP04 classification AUGMENT; validated module detail is additive and must not replace existing Core detail.,RUMAHAGEN_WF03_M10_FULL_REBUILD_CONTROLLED_v1.1_FULL_VERSION/RUMAHAGEN_WF03_M10_FULL_REBUILD_CONTROLLED_v1.1.md,All modules,Recon → STEP02/STEP01 authority/provenance → STEP03 Core mapping → STEP04 classification → STEP05 resolution where RECONCILE → STEP06 additive merge,ABSORBED,5a5ba139cff31fbd297cac3871a3b250f13b94dabcb15b49d89af86ca785cb88,RUMAHAGEN_WF03_M10_FULL_REBUILD_CONTROLLED_v1.1_FULL_VERSION.zip,YES,NO,YES,YES,YES,PASS
STEP06-P-136,M10-CORE-06,M10,AUGMENT,09_ERD/W4-02A.6.13_ERD_CURRENT_LOGICAL_DATA_MODEL_FULL_CONSOLIDATED_v2.1.docx,09_ERD/W4-02A.6.13_ERD_CURRENT_LOGICAL_DATA_MODEL_FULL_CONSOLIDATED_v2.1.docx,NO_HEADING_DETECTED,CORE LOGICAL DATA MODEL AUTHORITY,01_GOVERNANCE/W4-02A.1_GOVERNANCE_CONSOLIDATION_FINAL_DECISION_AUTHORITY_v1.0.docx,ABSORB_ADDITIVE_DETAIL,Core API,STEP04 classification AUGMENT; validated module detail is additive and must not replace existing Core detail.,RUMAHAGEN_WF03_M10_FULL_REBUILD_CONTROLLED_v1.1_FULL_VERSION/RUMAHAGEN_WF03_M10_FULL_REBUILD_CONTROLLED_v1.1.md,All modules,Recon → STEP02/STEP01 authority/provenance → STEP03 Core mapping → STEP04 classification → STEP05 resolution where RECONCILE → STEP06 additive merge,ABSORBED,5a5ba139cff31fbd297cac3871a3b250f13b94dabcb15b49d89af86ca785cb88,RUMAHAGEN_WF03_M10_FULL_REBUILD_CONTROLLED_v1.1_FULL_VERSION.zip,YES,NO,YES,YES,YES,PASS
STEP06-P-137,M10-CORE-07,M10,AUGMENT,09_ERD/W4-02A.6.13_ERD_CURRENT_LOGICAL_DATA_MODEL_FULL_CONSOLIDATED_v2.1.docx,09_ERD/W4-02A.6.13_ERD_CURRENT_LOGICAL_DATA_MODEL_FULL_CONSOLIDATED_v2.1.docx,NO_HEADING_DETECTED,CORE LOGICAL DATA MODEL AUTHORITY,01_GOVERNANCE/W4-02A.1_GOVERNANCE_CONSOLIDATION_FINAL_DECISION_AUTHORITY_v1.0.docx,ABSORB_ADDITIVE_DETAIL,Core ERD / DB,STEP04 classification AUGMENT; validated module detail is additive and must not replace existing Core detail.,RUMAHAGEN_WF03_M10_FULL_REBUILD_CONTROLLED_v1.1_FULL_VERSION/RUMAHAGEN_WF03_M10_FULL_REBUILD_CONTROLLED_v1.1.md,All modules,Recon → STEP02/STEP01 authority/provenance → STEP03 Core mapping → STEP04 classification → STEP05 resolution where RECONCILE → STEP06 additive merge,ABSORBED,5a5ba139cff31fbd297cac3871a3b250f13b94dabcb15b49d89af86ca785cb88,RUMAHAGEN_WF03_M10_FULL_REBUILD_CONTROLLED_v1.1_FULL_VERSION.zip,YES,NO,YES,YES,YES,PASS
STEP06-P-138,M10-CORE-08,M10,PRESERVE,09_ERD/W4-02A.6.13_ERD_CURRENT_LOGICAL_DATA_MODEL_FULL_CONSOLIDATED_v2.1.docx,09_ERD/W4-02A.6.13_ERD_CURRENT_LOGICAL_DATA_MODEL_FULL_CONSOLIDATED_v2.1.docx,NO_HEADING_DETECTED,CORE LOGICAL DATA MODEL AUTHORITY,01_GOVERNANCE/W4-02A.1_GOVERNANCE_CONSOLIDATION_FINAL_DECISION_AUTHORITY_v1.0.docx,PRESERVE_EXISTING_CORE_DETAIL,Core lifecycle,STEP04 classification PRESERVE; no new semantic propagation required.,RUMAHAGEN_WF03_M10_FULL_REBUILD_CONTROLLED_v1.1_FULL_VERSION/RUMAHAGEN_WF03_M10_FULL_REBUILD_CONTROLLED_v1.1.md,All modules,Recon → STEP02/STEP01 authority/provenance → STEP03 Core mapping → STEP04 classification → STEP05 resolution where RECONCILE → STEP06 additive merge,RETAINED,5a5ba139cff31fbd297cac3871a3b250f13b94dabcb15b49d89af86ca785cb88,RUMAHAGEN_WF03_M10_FULL_REBUILD_CONTROLLED_v1.1_FULL_VERSION.zip,YES,NO,YES,YES,YES,PASS
STEP06-P-139,M10-CORE-09,M10,PRESERVE,09_ERD/W4-02A.6.13_ERD_CURRENT_LOGICAL_DATA_MODEL_FULL_CONSOLIDATED_v2.1.docx,09_ERD/W4-02A.6.13_ERD_CURRENT_LOGICAL_DATA_MODEL_FULL_CONSOLIDATED_v2.1.docx,NO_HEADING_DETECTED,CORE LOGICAL DATA MODEL AUTHORITY,01_GOVERNANCE/W4-02A.1_GOVERNANCE_CONSOLIDATION_FINAL_DECISION_AUTHORITY_v1.0.docx,PRESERVE_EXISTING_CORE_DETAIL,Core actor/role,STEP04 classification PRESERVE; no new semantic propagation required.,RUMAHAGEN_WF03_M10_FULL_REBUILD_CONTROLLED_v1.1_FULL_VERSION/RUMAHAGEN_WF03_M10_FULL_REBUILD_CONTROLLED_v1.1.md,All modules,Recon → STEP02/STEP01 authority/provenance → STEP03 Core mapping → STEP04 classification → STEP05 resolution where RECONCILE → STEP06 additive merge,RETAINED,5a5ba139cff31fbd297cac3871a3b250f13b94dabcb15b49d89af86ca785cb88,RUMAHAGEN_WF03_M10_FULL_REBUILD_CONTROLLED_v1.1_FULL_VERSION.zip,YES,NO,YES,YES,YES,PASS
STEP06-P-140,M10-CORE-10,M10,PRESERVE,09_ERD/W4-02A.6.13_ERD_CURRENT_LOGICAL_DATA_MODEL_FULL_CONSOLIDATED_v2.1.docx,09_ERD/W4-02A.6.13_ERD_CURRENT_LOGICAL_DATA_MODEL_FULL_CONSOLIDATED_v2.1.docx,NO_HEADING_DETECTED,CORE LOGICAL DATA MODEL AUTHORITY,01_GOVERNANCE/W4-02A.1_GOVERNANCE_CONSOLIDATION_FINAL_DECISION_AUTHORITY_v1.0.docx,PRESERVE_EXISTING_CORE_DETAIL,Core organization boundary,STEP04 classification PRESERVE; no new semantic propagation required.,RUMAHAGEN_WF03_M10_FULL_REBUILD_CONTROLLED_v1.1_FULL_VERSION/RUMAHAGEN_WF03_M10_FULL_REBUILD_CONTROLLED_v1.1.md,All modules,Recon → STEP02/STEP01 authority/provenance → STEP03 Core mapping → STEP04 classification → STEP05 resolution where RECONCILE → STEP06 additive merge,RETAINED,5a5ba139cff31fbd297cac3871a3b250f13b94dabcb15b49d89af86ca785cb88,RUMAHAGEN_WF03_M10_FULL_REBUILD_CONTROLLED_v1.1_FULL_VERSION.zip,YES,NO,YES,YES,YES,PASS
STEP06-P-141,M10-CORE-11,M10,PRESERVE,09_ERD/W4-02A.6.13_ERD_CURRENT_LOGICAL_DATA_MODEL_FULL_CONSOLIDATED_v2.1.docx,09_ERD/W4-02A.6.13_ERD_CURRENT_LOGICAL_DATA_MODEL_FULL_CONSOLIDATED_v2.1.docx,NO_HEADING_DETECTED,CORE LOGICAL DATA MODEL AUTHORITY,01_GOVERNANCE/W4-02A.1_GOVERNANCE_CONSOLIDATION_FINAL_DECISION_AUTHORITY_v1.0.docx,PRESERVE_EXISTING_CORE_DETAIL,Core ownership boundary,STEP04 classification PRESERVE; no new semantic propagation required.,RUMAHAGEN_WF03_M10_FULL_REBUILD_CONTROLLED_v1.1_FULL_VERSION/RUMAHAGEN_WF03_M10_FULL_REBUILD_CONTROLLED_v1.1.md,All modules,Recon → STEP02/STEP01 authority/provenance → STEP03 Core mapping → STEP04 classification → STEP05 resolution where RECONCILE → STEP06 additive merge,RETAINED,5a5ba139cff31fbd297cac3871a3b250f13b94dabcb15b49d89af86ca785cb88,RUMAHAGEN_WF03_M10_FULL_REBUILD_CONTROLLED_v1.1_FULL_VERSION.zip,YES,NO,YES,YES,YES,PASS
STEP06-P-142,M10-CORE-12,M10,AUGMENT,09_ERD/W4-02A.6.13_ERD_CURRENT_LOGICAL_DATA_MODEL_FULL_CONSOLIDATED_v2.1.docx,09_ERD/W4-02A.6.13_ERD_CURRENT_LOGICAL_DATA_MODEL_FULL_CONSOLIDATED_v2.1.docx,NO_HEADING_DETECTED,CORE LOGICAL DATA MODEL AUTHORITY,01_GOVERNANCE/W4-02A.1_GOVERNANCE_CONSOLIDATION_FINAL_DECISION_AUTHORITY_v1.0.docx,ABSORB_ADDITIVE_DETAIL,Core cross-module authorization,STEP04 classification AUGMENT; validated module detail is additive and must not replace existing Core detail.,RUMAHAGEN_WF03_M10_FULL_REBUILD_CONTROLLED_v1.1_FULL_VERSION/RUMAHAGEN_WF03_M10_FULL_REBUILD_CONTROLLED_v1.1.md,All modules,Recon → STEP02/STEP01 authority/provenance → STEP03 Core mapping → STEP04 classification → STEP05 resolution where RECONCILE → STEP06 additive merge,ABSORBED,5a5ba139cff31fbd297cac3871a3b250f13b94dabcb15b49d89af86ca785cb88,RUMAHAGEN_WF03_M10_FULL_REBUILD_CONTROLLED_v1.1_FULL_VERSION.zip,YES,NO,YES,YES,YES,PASS
STEP06-P-143,M10-CORE-13,M10,CONTROLLED,09_ERD/W4-02A.6.13_ERD_CURRENT_LOGICAL_DATA_MODEL_FULL_CONSOLIDATED_v2.1.docx,09_ERD/W4-02A.6.13_ERD_CURRENT_LOGICAL_DATA_MODEL_FULL_CONSOLIDATED_v2.1.docx,NO_HEADING_DETECTED,CORE LOGICAL DATA MODEL AUTHORITY,01_GOVERNANCE/W4-02A.1_GOVERNANCE_CONSOLIDATION_FINAL_DECISION_AUTHORITY_v1.0.docx,DOWNSTREAM_CONTROL_ONLY,Core implementation/downstream,STEP04 classification CONTROLLED; physical/API/RLS/runtime work remains downstream and cannot become semantic proof.,RUMAHAGEN_WF03_M10_FULL_REBUILD_CONTROLLED_v1.1_FULL_VERSION/RUMAHAGEN_WF03_M10_FULL_REBUILD_CONTROLLED_v1.1.md,All modules,Recon → STEP02/STEP01 authority/provenance → STEP03 Core mapping → STEP04 classification → STEP05 resolution where RECONCILE → STEP06 additive merge,RETAINED_DOWNSTREAM,5a5ba139cff31fbd297cac3871a3b250f13b94dabcb15b49d89af86ca785cb88,RUMAHAGEN_WF03_M10_FULL_REBUILD_CONTROLLED_v1.1_FULL_VERSION.zip,YES,NO,YES,YES,YES,PASS
STEP06-P-144,M10-CORE-14,M10,PRESERVE,09_ERD/W4-02A.6.13_ERD_CURRENT_LOGICAL_DATA_MODEL_FULL_CONSOLIDATED_v2.1.docx,09_ERD/W4-02A.6.13_ERD_CURRENT_LOGICAL_DATA_MODEL_FULL_CONSOLIDATED_v2.1.docx,NO_HEADING_DETECTED,CORE LOGICAL DATA MODEL AUTHORITY,01_GOVERNANCE/W4-02A.1_GOVERNANCE_CONSOLIDATION_FINAL_DECISION_AUTHORITY_v1.0.docx,PRESERVE_EXISTING_CORE_DETAIL,Privilege escalation,STEP04 classification PRESERVE; no new semantic propagation required.,RUMAHAGEN_WF03_M10_FULL_REBUILD_CONTROLLED_v1.1_FULL_VERSION/RUMAHAGEN_WF03_M10_FULL_REBUILD_CONTROLLED_v1.1.md,All modules,Recon → STEP02/STEP01 authority/provenance → STEP03 Core mapping → STEP04 classification → STEP05 resolution where RECONCILE → STEP06 additive merge,RETAINED,5a5ba139cff31fbd297cac3871a3b250f13b94dabcb15b49d89af86ca785cb88,RUMAHAGEN_WF03_M10_FULL_REBUILD_CONTROLLED_v1.1_FULL_VERSION.zip,YES,NO,YES,YES,YES,PASS
STEP06-P-145,M10-CORE-15,M10,PRESERVE,09_ERD/W4-02A.6.13_ERD_CURRENT_LOGICAL_DATA_MODEL_FULL_CONSOLIDATED_v2.1.docx,09_ERD/W4-02A.6.13_ERD_CURRENT_LOGICAL_DATA_MODEL_FULL_CONSOLIDATED_v2.1.docx,NO_HEADING_DETECTED,CORE LOGICAL DATA MODEL AUTHORITY,01_GOVERNANCE/W4-02A.1_GOVERNANCE_CONSOLIDATION_FINAL_DECISION_AUTHORITY_v1.0.docx,PRESERVE_EXISTING_CORE_DETAIL,Effective authorization resolution,STEP04 classification PRESERVE; no new semantic propagation required.,RUMAHAGEN_WF03_M10_FULL_REBUILD_CONTROLLED_v1.1_FULL_VERSION/RUMAHAGEN_WF03_M10_FULL_REBUILD_CONTROLLED_v1.1.md,All modules,Recon → STEP02/STEP01 authority/provenance → STEP03 Core mapping → STEP04 classification → STEP05 resolution where RECONCILE → STEP06 additive merge,RETAINED,5a5ba139cff31fbd297cac3871a3b250f13b94dabcb15b49d89af86ca785cb88,RUMAHAGEN_WF03_M10_FULL_REBUILD_CONTROLLED_v1.1_FULL_VERSION.zip,YES,NO,YES,YES,YES,PASS
STEP06-P-146,M10-CORE-16,M10,PRESERVE,09_ERD/W4-02A.6.13_ERD_CURRENT_LOGICAL_DATA_MODEL_FULL_CONSOLIDATED_v2.1.docx,09_ERD/W4-02A.6.13_ERD_CURRENT_LOGICAL_DATA_MODEL_FULL_CONSOLIDATED_v2.1.docx,NO_HEADING_DETECTED,CORE LOGICAL DATA MODEL AUTHORITY,01_GOVERNANCE/W4-02A.1_GOVERNANCE_CONSOLIDATION_FINAL_DECISION_AUTHORITY_v1.0.docx,PRESERVE_EXISTING_CORE_DETAIL,Preset lifecycle/recovery,STEP04 classification PRESERVE; no new semantic propagation required.,RUMAHAGEN_WF03_M10_FULL_REBUILD_CONTROLLED_v1.1_FULL_VERSION/RUMAHAGEN_WF03_M10_FULL_REBUILD_CONTROLLED_v1.1.md,All modules,Recon → STEP02/STEP01 authority/provenance → STEP03 Core mapping → STEP04 classification → STEP05 resolution where RECONCILE → STEP06 additive merge,RETAINED,5a5ba139cff31fbd297cac3871a3b250f13b94dabcb15b49d89af86ca785cb88,RUMAHAGEN_WF03_M10_FULL_REBUILD_CONTROLLED_v1.1_FULL_VERSION.zip,YES,NO,YES,YES,YES,PASS
STEP06-P-147,M10-CORE-17,M10,CONTROLLED,09_ERD/W4-02A.6.13_ERD_CURRENT_LOGICAL_DATA_MODEL_FULL_CONSOLIDATED_v2.1.docx,09_ERD/W4-02A.6.13_ERD_CURRENT_LOGICAL_DATA_MODEL_FULL_CONSOLIDATED_v2.1.docx,NO_HEADING_DETECTED,CORE LOGICAL DATA MODEL AUTHORITY,01_GOVERNANCE/W4-02A.1_GOVERNANCE_CONSOLIDATION_FINAL_DECISION_AUTHORITY_v1.0.docx,DOWNSTREAM_CONTROL_ONLY,WF03 legacy baseline,STEP04 classification CONTROLLED; physical/API/RLS/runtime work remains downstream and cannot become semantic proof.,RUMAHAGEN_WF03_M10_FULL_REBUILD_CONTROLLED_v1.1_FULL_VERSION/RUMAHAGEN_WF03_M10_FULL_REBUILD_CONTROLLED_v1.1.md,All modules,Recon → STEP02/STEP01 authority/provenance → STEP03 Core mapping → STEP04 classification → STEP05 resolution where RECONCILE → STEP06 additive merge,RETAINED_DOWNSTREAM,5a5ba139cff31fbd297cac3871a3b250f13b94dabcb15b49d89af86ca785cb88,RUMAHAGEN_WF03_M10_FULL_REBUILD_CONTROLLED_v1.1_FULL_VERSION.zip,YES,NO,YES,YES,YES,PASS
STEP06-P-148,M05-CI-001,M05,PRESERVE,07_PRD/W4-02A.6.11_PRD_CURRENT_PRODUCT_REQUIREMENTS_FULL_CONSOLIDATED_v2.1.docx,07_PRD/W4-02A.6.11_PRD_CURRENT_PRODUCT_REQUIREMENTS_FULL_CONSOLIDATED_v2.1.docx,NO_HEADING_DETECTED,CORE PRODUCT REQUIREMENTS AUTHORITY,01_GOVERNANCE/W4-02A.1_GOVERNANCE_CONSOLIDATION_FINAL_DECISION_AUTHORITY_v1.0.docx,PRESERVE_EXISTING_CORE_DETAIL,Event / Calendar / Event Registration canonical scope,STEP04 classification PRESERVE; no new semantic propagation required.,RUMAHAGEN_WF03_M05_FULL_REBUILD_CONTROLLED_v1.3_FULL_VERSION/18_M05_FULL_REBUILD_CONTROLLED_v1.3.docx,M04/M11,Recon → STEP02/STEP01 authority/provenance → STEP03 Core mapping → STEP04 classification → STEP05 resolution where RECONCILE → STEP06 additive merge,RETAINED,c2a7b6e4a77a08621a16048cba2f0f8641a3d073bc71dc4e4854634aa788aa34,RUMAHAGEN_WF03_M05_FULL_REBUILD_CONTROLLED_v1.3_FULL_VERSION.zip,YES,NO,YES,YES,YES,PASS
STEP06-P-149,M05-CI-002,M05,AUGMENT,07_PRD/W4-02A.6.11_PRD_CURRENT_PRODUCT_REQUIREMENTS_FULL_CONSOLIDATED_v2.1.docx,07_PRD/W4-02A.6.11_PRD_CURRENT_PRODUCT_REQUIREMENTS_FULL_CONSOLIDATED_v2.1.docx,NO_HEADING_DETECTED,CORE PRODUCT REQUIREMENTS AUTHORITY,01_GOVERNANCE/W4-02A.1_GOVERNANCE_CONSOLIDATION_FINAL_DECISION_AUTHORITY_v1.0.docx,ABSORB_ADDITIVE_DETAIL,Event quota = maximum Registered participants; not commercial entitlement or Session capacity,STEP04 classification AUGMENT; validated module detail is additive and must not replace existing Core detail.,RUMAHAGEN_WF03_M05_FULL_REBUILD_CONTROLLED_v1.3_FULL_VERSION/18_M05_FULL_REBUILD_CONTROLLED_v1.3.docx,M04/M11,Recon → STEP02/STEP01 authority/provenance → STEP03 Core mapping → STEP04 classification → STEP05 resolution where RECONCILE → STEP06 additive merge,ABSORBED,c2a7b6e4a77a08621a16048cba2f0f8641a3d073bc71dc4e4854634aa788aa34,RUMAHAGEN_WF03_M05_FULL_REBUILD_CONTROLLED_v1.3_FULL_VERSION.zip,YES,NO,YES,YES,YES,PASS
STEP06-P-150,M05-CI-003,M05,ADD-NEW,07_PRD/W4-02A.6.11_PRD_CURRENT_PRODUCT_REQUIREMENTS_FULL_CONSOLIDATED_v2.1.docx,07_PRD/W4-02A.6.11_PRD_CURRENT_PRODUCT_REQUIREMENTS_FULL_CONSOLIDATED_v2.1.docx,NO_HEADING_DETECTED,CORE PRODUCT REQUIREMENTS AUTHORITY,01_GOVERNANCE/W4-02A.1_GOVERNANCE_CONSOLIDATION_FINAL_DECISION_AUTHORITY_v1.0.docx,ABSORB_NEW_CAPABILITY,Waitinglist has no queue number/rank; participants are equal,STEP04 classification ADD-NEW; legitimate capability absent from mapped Core target.,RUMAHAGEN_WF03_M05_FULL_REBUILD_CONTROLLED_v1.3_FULL_VERSION/18_M05_FULL_REBUILD_CONTROLLED_v1.3.docx,M04/M11,Recon → STEP02/STEP01 authority/provenance → STEP03 Core mapping → STEP04 classification → STEP05 resolution where RECONCILE → STEP06 additive merge,ABSORBED,c2a7b6e4a77a08621a16048cba2f0f8641a3d073bc71dc4e4854634aa788aa34,RUMAHAGEN_WF03_M05_FULL_REBUILD_CONTROLLED_v1.3_FULL_VERSION.zip,YES,NO,YES,YES,YES,PASS
STEP06-P-151,M05-CI-004,M05,ADD-NEW,07_PRD/W4-02A.6.11_PRD_CURRENT_PRODUCT_REQUIREMENTS_FULL_CONSOLIDATED_v2.1.docx,07_PRD/W4-02A.6.11_PRD_CURRENT_PRODUCT_REQUIREMENTS_FULL_CONSOLIDATED_v2.1.docx,NO_HEADING_DETECTED,CORE PRODUCT REQUIREMENTS AUTHORITY,01_GOVERNANCE/W4-02A.1_GOVERNANCE_CONSOLIDATION_FINAL_DECISION_AUTHORITY_v1.0.docx,ABSORB_NEW_CAPABILITY,First successful registration captures an available slot,STEP04 classification ADD-NEW; legitimate capability absent from mapped Core target.,RUMAHAGEN_WF03_M05_FULL_REBUILD_CONTROLLED_v1.3_FULL_VERSION/18_M05_FULL_REBUILD_CONTROLLED_v1.3.docx,M04/M11,Recon → STEP02/STEP01 authority/provenance → STEP03 Core mapping → STEP04 classification → STEP05 resolution where RECONCILE → STEP06 additive merge,ABSORBED,c2a7b6e4a77a08621a16048cba2f0f8641a3d073bc71dc4e4854634aa788aa34,RUMAHAGEN_WF03_M05_FULL_REBUILD_CONTROLLED_v1.3_FULL_VERSION.zip,YES,NO,YES,YES,YES,PASS
STEP06-P-152,M05-CI-005,M05,ADD-NEW,07_PRD/W4-02A.6.11_PRD_CURRENT_PRODUCT_REQUIREMENTS_FULL_CONSOLIDATED_v2.1.docx,07_PRD/W4-02A.6.11_PRD_CURRENT_PRODUCT_REQUIREMENTS_FULL_CONSOLIDATED_v2.1.docx,NO_HEADING_DETECTED,CORE PRODUCT REQUIREMENTS AUTHORITY,01_GOVERNANCE/W4-02A.1_GOVERNANCE_CONSOLIDATION_FINAL_DECISION_AUTHORITY_v1.0.docx,ABSORB_NEW_CAPABILITY,Registration window closes at start_at + 1 hour,STEP04 classification ADD-NEW; legitimate capability absent from mapped Core target.,RUMAHAGEN_WF03_M05_FULL_REBUILD_CONTROLLED_v1.3_FULL_VERSION/18_M05_FULL_REBUILD_CONTROLLED_v1.3.docx,M04/M11,Recon → STEP02/STEP01 authority/provenance → STEP03 Core mapping → STEP04 classification → STEP05 resolution where RECONCILE → STEP06 additive merge,ABSORBED,c2a7b6e4a77a08621a16048cba2f0f8641a3d073bc71dc4e4854634aa788aa34,RUMAHAGEN_WF03_M05_FULL_REBUILD_CONTROLLED_v1.3_FULL_VERSION.zip,YES,NO,YES,YES,YES,PASS
STEP06-P-153,M05-CI-006,M05,ADD-NEW,07_PRD/W4-02A.6.11_PRD_CURRENT_PRODUCT_REQUIREMENTS_FULL_CONSOLIDATED_v2.1.docx,07_PRD/W4-02A.6.11_PRD_CURRENT_PRODUCT_REQUIREMENTS_FULL_CONSOLIDATED_v2.1.docx,NO_HEADING_DETECTED,CORE PRODUCT REQUIREMENTS AUTHORITY,01_GOVERNANCE/W4-02A.1_GOVERNANCE_CONSOLIDATION_FINAL_DECISION_AUTHORITY_v1.0.docx,ABSORB_NEW_CAPABILITY,Pre-start cancellation returns one quota slot,STEP04 classification ADD-NEW; legitimate capability absent from mapped Core target.,RUMAHAGEN_WF03_M05_FULL_REBUILD_CONTROLLED_v1.3_FULL_VERSION/18_M05_FULL_REBUILD_CONTROLLED_v1.3.docx,M04/M11,Recon → STEP02/STEP01 authority/provenance → STEP03 Core mapping → STEP04 classification → STEP05 resolution where RECONCILE → STEP06 additive merge,ABSORBED,c2a7b6e4a77a08621a16048cba2f0f8641a3d073bc71dc4e4854634aa788aa34,RUMAHAGEN_WF03_M05_FULL_REBUILD_CONTROLLED_v1.3_FULL_VERSION.zip,YES,NO,YES,YES,YES,PASS
STEP06-P-154,M05-CI-007,M05,ADD-NEW,07_PRD/W4-02A.6.11_PRD_CURRENT_PRODUCT_REQUIREMENTS_FULL_CONSOLIDATED_v2.1.docx,07_PRD/W4-02A.6.11_PRD_CURRENT_PRODUCT_REQUIREMENTS_FULL_CONSOLIDATED_v2.1.docx,NO_HEADING_DETECTED,CORE PRODUCT REQUIREMENTS AUTHORITY,01_GOVERNANCE/W4-02A.1_GOVERNANCE_CONSOLIDATION_FINAL_DECISION_AUTHORITY_v1.0.docx,ABSORB_NEW_CAPABILITY,Attendance optional; no-show does not auto-cancel registration,STEP04 classification ADD-NEW; legitimate capability absent from mapped Core target.,RUMAHAGEN_WF03_M05_FULL_REBUILD_CONTROLLED_v1.3_FULL_VERSION/18_M05_FULL_REBUILD_CONTROLLED_v1.3.docx,M04/M11,Recon → STEP02/STEP01 authority/provenance → STEP03 Core mapping → STEP04 classification → STEP05 resolution where RECONCILE → STEP06 additive merge,ABSORBED,c2a7b6e4a77a08621a16048cba2f0f8641a3d073bc71dc4e4854634aa788aa34,RUMAHAGEN_WF03_M05_FULL_REBUILD_CONTROLLED_v1.3_FULL_VERSION.zip,YES,NO,YES,YES,YES,PASS
STEP06-P-155,M05-CI-008,M05,AUGMENT,07_PRD/W4-02A.6.11_PRD_CURRENT_PRODUCT_REQUIREMENTS_FULL_CONSOLIDATED_v2.1.docx,07_PRD/W4-02A.6.11_PRD_CURRENT_PRODUCT_REQUIREMENTS_FULL_CONSOLIDATED_v2.1.docx,NO_HEADING_DETECTED,CORE PRODUCT REQUIREMENTS AUTHORITY,01_GOVERNANCE/W4-02A.1_GOVERNANCE_CONSOLIDATION_FINAL_DECISION_AUTHORITY_v1.0.docx,ABSORB_ADDITIVE_DETAIL,Event cancellation is distinct from participant registration cancellation,STEP04 classification AUGMENT; validated module detail is additive and must not replace existing Core detail.,RUMAHAGEN_WF03_M05_FULL_REBUILD_CONTROLLED_v1.3_FULL_VERSION/18_M05_FULL_REBUILD_CONTROLLED_v1.3.docx,M04/M11,Recon → STEP02/STEP01 authority/provenance → STEP03 Core mapping → STEP04 classification → STEP05 resolution where RECONCILE → STEP06 additive merge,ABSORBED,c2a7b6e4a77a08621a16048cba2f0f8641a3d073bc71dc4e4854634aa788aa34,RUMAHAGEN_WF03_M05_FULL_REBUILD_CONTROLLED_v1.3_FULL_VERSION.zip,YES,NO,YES,YES,YES,PASS
STEP06-P-156,M05-CI-009,M05,ADD-NEW,07_PRD/W4-02A.6.11_PRD_CURRENT_PRODUCT_REQUIREMENTS_FULL_CONSOLIDATED_v2.1.docx,07_PRD/W4-02A.6.11_PRD_CURRENT_PRODUCT_REQUIREMENTS_FULL_CONSOLIDATED_v2.1.docx,NO_HEADING_DETECTED,CORE PRODUCT REQUIREMENTS AUTHORITY,01_GOVERNANCE/W4-02A.1_GOVERNANCE_CONSOLIDATION_FINAL_DECISION_AUTHORITY_v1.0.docx,ABSORB_NEW_CAPABILITY,Event-start notification targets registered and waitinglist participants; M08 remains delivery/projection layer,STEP04 classification ADD-NEW; legitimate capability absent from mapped Core target.,RUMAHAGEN_WF03_M05_FULL_REBUILD_CONTROLLED_v1.3_FULL_VERSION/18_M05_FULL_REBUILD_CONTROLLED_v1.3.docx,M04/M11,Recon → STEP02/STEP01 authority/provenance → STEP03 Core mapping → STEP04 classification → STEP05 resolution where RECONCILE → STEP06 additive merge,ABSORBED,c2a7b6e4a77a08621a16048cba2f0f8641a3d073bc71dc4e4854634aa788aa34,RUMAHAGEN_WF03_M05_FULL_REBUILD_CONTROLLED_v1.3_FULL_VERSION.zip,YES,NO,YES,YES,YES,PASS
STEP06-P-157,M05-CI-010,M05,PRESERVE,07_PRD/W4-02A.6.11_PRD_CURRENT_PRODUCT_REQUIREMENTS_FULL_CONSOLIDATED_v2.1.docx,07_PRD/W4-02A.6.11_PRD_CURRENT_PRODUCT_REQUIREMENTS_FULL_CONSOLIDATED_v2.1.docx,NO_HEADING_DETECTED,CORE PRODUCT REQUIREMENTS AUTHORITY,01_GOVERNANCE/W4-02A.1_GOVERNANCE_CONSOLIDATION_FINAL_DECISION_AUTHORITY_v1.0.docx,PRESERVE_EXISTING_CORE_DETAIL,Developer Partner event publication follows M05 Event lifecycle/permission semantics,STEP04 classification PRESERVE; no new semantic propagation required.,RUMAHAGEN_WF03_M05_FULL_REBUILD_CONTROLLED_v1.3_FULL_VERSION/18_M05_FULL_REBUILD_CONTROLLED_v1.3.docx,M04/M11,Recon → STEP02/STEP01 authority/provenance → STEP03 Core mapping → STEP04 classification → STEP05 resolution where RECONCILE → STEP06 additive merge,RETAINED,c2a7b6e4a77a08621a16048cba2f0f8641a3d073bc71dc4e4854634aa788aa34,RUMAHAGEN_WF03_M05_FULL_REBUILD_CONTROLLED_v1.3_FULL_VERSION.zip,YES,NO,YES,YES,YES,PASS
STEP06-P-158,M11-CI-001,M11,PRESERVE,07_PRD/W4-02A.6.11_PRD_CURRENT_PRODUCT_REQUIREMENTS_FULL_CONSOLIDATED_v2.1.docx,07_PRD/W4-02A.6.11_PRD_CURRENT_PRODUCT_REQUIREMENTS_FULL_CONSOLIDATED_v2.1.docx,NO_HEADING_DETECTED,CORE PRODUCT REQUIREMENTS AUTHORITY,01_GOVERNANCE/W4-02A.1_GOVERNANCE_CONSOLIDATION_FINAL_DECISION_AUTHORITY_v1.0.docx,PRESERVE_EXISTING_CORE_DETAIL,M02 Agent → M11 public profile SEO,STEP04 classification PRESERVE; no new semantic propagation required.,RUMAHAGEN_WF03_M11_FULL_REBUILD_CONTROLLED_v2.0_FULL_VERSION/RUMAHAGEN_WF03_M11_FULL_REBUILD_CONTROLLED_v2.0_FULL_VERSION.md,M02/M03/M05/M06/M09/M12/M14,Recon → STEP02/STEP01 authority/provenance → STEP03 Core mapping → STEP04 classification → STEP05 resolution where RECONCILE → STEP06 additive merge,RETAINED,c2a7b6e4a77a08621a16048cba2f0f8641a3d073bc71dc4e4854634aa788aa34,RUMAHAGEN_WF03_M11_FULL_REBUILD_CONTROLLED_v2.0_FULL_VERSION.zip,YES,NO,YES,YES,YES,PASS
STEP06-P-159,M11-CI-002,M11,PRESERVE,07_PRD/W4-02A.6.11_PRD_CURRENT_PRODUCT_REQUIREMENTS_FULL_CONSOLIDATED_v2.1.docx,07_PRD/W4-02A.6.11_PRD_CURRENT_PRODUCT_REQUIREMENTS_FULL_CONSOLIDATED_v2.1.docx,NO_HEADING_DETECTED,CORE PRODUCT REQUIREMENTS AUTHORITY,01_GOVERNANCE/W4-02A.1_GOVERNANCE_CONSOLIDATION_FINAL_DECISION_AUTHORITY_v1.0.docx,PRESERVE_EXISTING_CORE_DETAIL,M03 Listing → M11 Listing SEO/lifecycle discovery,STEP04 classification PRESERVE; no new semantic propagation required.,RUMAHAGEN_WF03_M11_FULL_REBUILD_CONTROLLED_v2.0_FULL_VERSION/RUMAHAGEN_WF03_M11_FULL_REBUILD_CONTROLLED_v2.0_FULL_VERSION.md,M02/M03/M05/M06/M09/M12/M14,Recon → STEP02/STEP01 authority/provenance → STEP03 Core mapping → STEP04 classification → STEP05 resolution where RECONCILE → STEP06 additive merge,RETAINED,c2a7b6e4a77a08621a16048cba2f0f8641a3d073bc71dc4e4854634aa788aa34,RUMAHAGEN_WF03_M11_FULL_REBUILD_CONTROLLED_v2.0_FULL_VERSION.zip,YES,NO,YES,YES,YES,PASS
STEP06-P-160,M11-CI-003,M11,PRESERVE,07_PRD/W4-02A.6.11_PRD_CURRENT_PRODUCT_REQUIREMENTS_FULL_CONSOLIDATED_v2.1.docx,07_PRD/W4-02A.6.11_PRD_CURRENT_PRODUCT_REQUIREMENTS_FULL_CONSOLIDATED_v2.1.docx,NO_HEADING_DETECTED,CORE PRODUCT REQUIREMENTS AUTHORITY,01_GOVERNANCE/W4-02A.1_GOVERNANCE_CONSOLIDATION_FINAL_DECISION_AUTHORITY_v1.0.docx,PRESERVE_EXISTING_CORE_DETAIL,M04 Learning/Session → M11 discovery/measurement,STEP04 classification PRESERVE; no new semantic propagation required.,RUMAHAGEN_WF03_M11_FULL_REBUILD_CONTROLLED_v2.0_FULL_VERSION/RUMAHAGEN_WF03_M11_FULL_REBUILD_CONTROLLED_v2.0_FULL_VERSION.md,M02/M03/M05/M06/M09/M12/M14,Recon → STEP02/STEP01 authority/provenance → STEP03 Core mapping → STEP04 classification → STEP05 resolution where RECONCILE → STEP06 additive merge,RETAINED,c2a7b6e4a77a08621a16048cba2f0f8641a3d073bc71dc4e4854634aa788aa34,RUMAHAGEN_WF03_M11_FULL_REBUILD_CONTROLLED_v2.0_FULL_VERSION.zip,YES,NO,YES,YES,YES,PASS
STEP06-P-161,M11-CI-004,M11,PRESERVE,07_PRD/W4-02A.6.11_PRD_CURRENT_PRODUCT_REQUIREMENTS_FULL_CONSOLIDATED_v2.1.docx,07_PRD/W4-02A.6.11_PRD_CURRENT_PRODUCT_REQUIREMENTS_FULL_CONSOLIDATED_v2.1.docx,NO_HEADING_DETECTED,CORE PRODUCT REQUIREMENTS AUTHORITY,01_GOVERNANCE/W4-02A.1_GOVERNANCE_CONSOLIDATION_FINAL_DECISION_AUTHORITY_v1.0.docx,PRESERVE_EXISTING_CORE_DETAIL,M05 Event → M11 Event discovery,STEP04 classification PRESERVE; no new semantic propagation required.,RUMAHAGEN_WF03_M11_FULL_REBUILD_CONTROLLED_v2.0_FULL_VERSION/RUMAHAGEN_WF03_M11_FULL_REBUILD_CONTROLLED_v2.0_FULL_VERSION.md,M02/M03/M05/M06/M09/M12/M14,Recon → STEP02/STEP01 authority/provenance → STEP03 Core mapping → STEP04 classification → STEP05 resolution where RECONCILE → STEP06 additive merge,RETAINED,c2a7b6e4a77a08621a16048cba2f0f8641a3d073bc71dc4e4854634aa788aa34,RUMAHAGEN_WF03_M11_FULL_REBUILD_CONTROLLED_v2.0_FULL_VERSION.zip,YES,NO,YES,YES,YES,PASS
STEP06-P-162,M11-CI-005,M11,PRESERVE,07_PRD/W4-02A.6.11_PRD_CURRENT_PRODUCT_REQUIREMENTS_FULL_CONSOLIDATED_v2.1.docx,07_PRD/W4-02A.6.11_PRD_CURRENT_PRODUCT_REQUIREMENTS_FULL_CONSOLIDATED_v2.1.docx,NO_HEADING_DETECTED,CORE PRODUCT REQUIREMENTS AUTHORITY,01_GOVERNANCE/W4-02A.1_GOVERNANCE_CONSOLIDATION_FINAL_DECISION_AUTHORITY_v1.0.docx,PRESERVE_EXISTING_CORE_DETAIL,M06 Developer/Project → M11 Project SEO,STEP04 classification PRESERVE; no new semantic propagation required.,RUMAHAGEN_WF03_M11_FULL_REBUILD_CONTROLLED_v2.0_FULL_VERSION/RUMAHAGEN_WF03_M11_FULL_REBUILD_CONTROLLED_v2.0_FULL_VERSION.md,M02/M03/M05/M06/M09/M12/M14,Recon → STEP02/STEP01 authority/provenance → STEP03 Core mapping → STEP04 classification → STEP05 resolution where RECONCILE → STEP06 additive merge,RETAINED,c2a7b6e4a77a08621a16048cba2f0f8641a3d073bc71dc4e4854634aa788aa34,RUMAHAGEN_WF03_M11_FULL_REBUILD_CONTROLLED_v2.0_FULL_VERSION.zip,YES,NO,YES,YES,YES,PASS
STEP06-P-163,M11-CI-006,M11,AUGMENT,07_PRD/W4-02A.6.11_PRD_CURRENT_PRODUCT_REQUIREMENTS_FULL_CONSOLIDATED_v2.1.docx,07_PRD/W4-02A.6.11_PRD_CURRENT_PRODUCT_REQUIREMENTS_FULL_CONSOLIDATED_v2.1.docx,NO_HEADING_DETECTED,CORE PRODUCT REQUIREMENTS AUTHORITY,01_GOVERNANCE/W4-02A.1_GOVERNANCE_CONSOLIDATION_FINAL_DECISION_AUTHORITY_v1.0.docx,ABSORB_ADDITIVE_DETAIL,M09 Static Public Content → M11 discovery,STEP04 classification AUGMENT; validated module detail is additive and must not replace existing Core detail.,RUMAHAGEN_WF03_M11_FULL_REBUILD_CONTROLLED_v2.0_FULL_VERSION/RUMAHAGEN_WF03_M11_FULL_REBUILD_CONTROLLED_v2.0_FULL_VERSION.md,M02/M03/M05/M06/M09/M12/M14,Recon → STEP02/STEP01 authority/provenance → STEP03 Core mapping → STEP04 classification → STEP05 resolution where RECONCILE → STEP06 additive merge,ABSORBED,c2a7b6e4a77a08621a16048cba2f0f8641a3d073bc71dc4e4854634aa788aa34,RUMAHAGEN_WF03_M11_FULL_REBUILD_CONTROLLED_v2.0_FULL_VERSION.zip,YES,NO,YES,YES,YES,PASS
STEP06-P-164,M11-CI-007,M11,AUGMENT,07_PRD/W4-02A.6.11_PRD_CURRENT_PRODUCT_REQUIREMENTS_FULL_CONSOLIDATED_v2.1.docx,07_PRD/W4-02A.6.11_PRD_CURRENT_PRODUCT_REQUIREMENTS_FULL_CONSOLIDATED_v2.1.docx,NO_HEADING_DETECTED,CORE PRODUCT REQUIREMENTS AUTHORITY,01_GOVERNANCE/W4-02A.1_GOVERNANCE_CONSOLIDATION_FINAL_DECISION_AUTHORITY_v1.0.docx,ABSORB_ADDITIVE_DETAIL,M09 Announcement/Promotion → M11 discovery/measurement,STEP04 classification AUGMENT; validated module detail is additive and must not replace existing Core detail.,RUMAHAGEN_WF03_M11_FULL_REBUILD_CONTROLLED_v2.0_FULL_VERSION/RUMAHAGEN_WF03_M11_FULL_REBUILD_CONTROLLED_v2.0_FULL_VERSION.md,M02/M03/M05/M06/M09/M12/M14,Recon → STEP02/STEP01 authority/provenance → STEP03 Core mapping → STEP04 classification → STEP05 resolution where RECONCILE → STEP06 additive merge,ABSORBED,c2a7b6e4a77a08621a16048cba2f0f8641a3d073bc71dc4e4854634aa788aa34,RUMAHAGEN_WF03_M11_FULL_REBUILD_CONTROLLED_v2.0_FULL_VERSION.zip,YES,NO,YES,YES,YES,PASS
STEP06-P-165,M11-CI-008,M11,PRESERVE,07_PRD/W4-02A.6.11_PRD_CURRENT_PRODUCT_REQUIREMENTS_FULL_CONSOLIDATED_v2.1.docx,07_PRD/W4-02A.6.11_PRD_CURRENT_PRODUCT_REQUIREMENTS_FULL_CONSOLIDATED_v2.1.docx,NO_HEADING_DETECTED,CORE PRODUCT REQUIREMENTS AUTHORITY,01_GOVERNANCE/W4-02A.1_GOVERNANCE_CONSOLIDATION_FINAL_DECISION_AUTHORITY_v1.0.docx,PRESERVE_EXISTING_CORE_DETAIL,M10 authorization → M11 access filtering,STEP04 classification PRESERVE; no new semantic propagation required.,RUMAHAGEN_WF03_M11_FULL_REBUILD_CONTROLLED_v2.0_FULL_VERSION/RUMAHAGEN_WF03_M11_FULL_REBUILD_CONTROLLED_v2.0_FULL_VERSION.md,M02/M03/M05/M06/M09/M12/M14,Recon → STEP02/STEP01 authority/provenance → STEP03 Core mapping → STEP04 classification → STEP05 resolution where RECONCILE → STEP06 additive merge,RETAINED,c2a7b6e4a77a08621a16048cba2f0f8641a3d073bc71dc4e4854634aa788aa34,RUMAHAGEN_WF03_M11_FULL_REBUILD_CONTROLLED_v2.0_FULL_VERSION.zip,YES,NO,YES,YES,YES,PASS
STEP06-P-166,M11-CI-009,M11,PRESERVE,07_PRD/W4-02A.6.11_PRD_CURRENT_PRODUCT_REQUIREMENTS_FULL_CONSOLIDATED_v2.1.docx,07_PRD/W4-02A.6.11_PRD_CURRENT_PRODUCT_REQUIREMENTS_FULL_CONSOLIDATED_v2.1.docx,NO_HEADING_DETECTED,CORE PRODUCT REQUIREMENTS AUTHORITY,01_GOVERNANCE/W4-02A.1_GOVERNANCE_CONSOLIDATION_FINAL_DECISION_AUTHORITY_v1.0.docx,PRESERVE_EXISTING_CORE_DETAIL,M15 Award → M11 permitted public presentation,STEP04 classification PRESERVE; no new semantic propagation required.,RUMAHAGEN_WF03_M11_FULL_REBUILD_CONTROLLED_v2.0_FULL_VERSION/RUMAHAGEN_WF03_M11_FULL_REBUILD_CONTROLLED_v2.0_FULL_VERSION.md,M02/M03/M05/M06/M09/M12/M14,Recon → STEP02/STEP01 authority/provenance → STEP03 Core mapping → STEP04 classification → STEP05 resolution where RECONCILE → STEP06 additive merge,RETAINED,c2a7b6e4a77a08621a16048cba2f0f8641a3d073bc71dc4e4854634aa788aa34,RUMAHAGEN_WF03_M11_FULL_REBUILD_CONTROLLED_v2.0_FULL_VERSION.zip,YES,NO,YES,YES,YES,PASS
STEP06-P-167,M11-CI-010,M11,CONTROLLED,07_PRD/W4-02A.6.11_PRD_CURRENT_PRODUCT_REQUIREMENTS_FULL_CONSOLIDATED_v2.1.docx,07_PRD/W4-02A.6.11_PRD_CURRENT_PRODUCT_REQUIREMENTS_FULL_CONSOLIDATED_v2.1.docx,NO_HEADING_DETECTED,CORE PRODUCT REQUIREMENTS AUTHORITY,01_GOVERNANCE/W4-02A.1_GOVERNANCE_CONSOLIDATION_FINAL_DECISION_AUTHORITY_v1.0.docx,DOWNSTREAM_CONTROL_ONLY,M11 controlled architectural impact / no semantic blocker,STEP04 classification CONTROLLED; physical/API/RLS/runtime work remains downstream and cannot become semantic proof.,RUMAHAGEN_WF03_M11_FULL_REBUILD_CONTROLLED_v2.0_FULL_VERSION/RUMAHAGEN_WF03_M11_FULL_REBUILD_CONTROLLED_v2.0_FULL_VERSION.md,M02/M03/M05/M06/M09/M12/M14,Recon → STEP02/STEP01 authority/provenance → STEP03 Core mapping → STEP04 classification → STEP05 resolution where RECONCILE → STEP06 additive merge,RETAINED_DOWNSTREAM,c2a7b6e4a77a08621a16048cba2f0f8641a3d073bc71dc4e4854634aa788aa34,RUMAHAGEN_WF03_M11_FULL_REBUILD_CONTROLLED_v2.0_FULL_VERSION.zip,YES,NO,YES,YES,YES,PASS
STEP06-P-168,M12-CI-001,M12,PRESERVE,07_PRD/W4-02A.6.11_PRD_CURRENT_PRODUCT_REQUIREMENTS_FULL_CONSOLIDATED_v2.1.docx,07_PRD/W4-02A.6.11_PRD_CURRENT_PRODUCT_REQUIREMENTS_FULL_CONSOLIDATED_v2.1.docx,NO_HEADING_DETECTED,CORE PRODUCT REQUIREMENTS AUTHORITY,01_GOVERNANCE/W4-02A.1_GOVERNANCE_CONSOLIDATION_FINAL_DECISION_AUTHORITY_v1.0.docx,PRESERVE_EXISTING_CORE_DETAIL,M12 Organization/Membership/Context ownership,STEP04 classification PRESERVE; no new semantic propagation required.,RUMAHAGEN_WF03_M12_FULL_REBUILD_CONTROLLED_v1.0/RUMAHAGEN_WF03_M12_FULL_REBUILD_CONTROLLED_v1.0.md,M03/M10/M11/M14,Recon → STEP02/STEP01 authority/provenance → STEP03 Core mapping → STEP04 classification → STEP05 resolution where RECONCILE → STEP06 additive merge,RETAINED,c2a7b6e4a77a08621a16048cba2f0f8641a3d073bc71dc4e4854634aa788aa34,RUMAHAGEN_WF03_M12_FULL_REBUILD_CONTROLLED_v1.0.zip,YES,NO,YES,YES,YES,PASS
STEP06-P-169,M12-CI-002,M12,PRESERVE,07_PRD/W4-02A.6.11_PRD_CURRENT_PRODUCT_REQUIREMENTS_FULL_CONSOLIDATED_v2.1.docx,07_PRD/W4-02A.6.11_PRD_CURRENT_PRODUCT_REQUIREMENTS_FULL_CONSOLIDATED_v2.1.docx,NO_HEADING_DETECTED,CORE PRODUCT REQUIREMENTS AUTHORITY,01_GOVERNANCE/W4-02A.1_GOVERNANCE_CONSOLIDATION_FINAL_DECISION_AUTHORITY_v1.0.docx,PRESERVE_EXISTING_CORE_DETAIL,Lead Exit → CLOSING → CLOSED; no Lead Transfer/successor inheritance,STEP04 classification PRESERVE; no new semantic propagation required.,RUMAHAGEN_WF03_M12_FULL_REBUILD_CONTROLLED_v1.0/RUMAHAGEN_WF03_M12_FULL_REBUILD_CONTROLLED_v1.0.md,M03/M10/M11/M14,Recon → STEP02/STEP01 authority/provenance → STEP03 Core mapping → STEP04 classification → STEP05 resolution where RECONCILE → STEP06 additive merge,RETAINED,c2a7b6e4a77a08621a16048cba2f0f8641a3d073bc71dc4e4854634aa788aa34,RUMAHAGEN_WF03_M12_FULL_REBUILD_CONTROLLED_v1.0.zip,YES,NO,YES,YES,YES,PASS
STEP06-P-170,M12-CI-003,M12,CONTROLLED,07_PRD/W4-02A.6.11_PRD_CURRENT_PRODUCT_REQUIREMENTS_FULL_CONSOLIDATED_v2.1.docx,07_PRD/W4-02A.6.11_PRD_CURRENT_PRODUCT_REQUIREMENTS_FULL_CONSOLIDATED_v2.1.docx,NO_HEADING_DETECTED,CORE PRODUCT REQUIREMENTS AUTHORITY,01_GOVERNANCE/W4-02A.1_GOVERNANCE_CONSOLIDATION_FINAL_DECISION_AUTHORITY_v1.0.docx,DOWNSTREAM_CONTROL_ONLY,Organization Public Content ownership clarification,STEP04 classification CONTROLLED; physical/API/RLS/runtime work remains downstream and cannot become semantic proof.,RUMAHAGEN_WF03_M12_FULL_REBUILD_CONTROLLED_v1.0/RUMAHAGEN_WF03_M12_FULL_REBUILD_CONTROLLED_v1.0.md,M03/M10/M11/M14,Recon → STEP02/STEP01 authority/provenance → STEP03 Core mapping → STEP04 classification → STEP05 resolution where RECONCILE → STEP06 additive merge,RETAINED_DOWNSTREAM,c2a7b6e4a77a08621a16048cba2f0f8641a3d073bc71dc4e4854634aa788aa34,RUMAHAGEN_WF03_M12_FULL_REBUILD_CONTROLLED_v1.0.zip,YES,NO,YES,YES,YES,PASS
STEP06-P-171,M12-CI-004,M12,AUGMENT,07_PRD/W4-02A.6.11_PRD_CURRENT_PRODUCT_REQUIREMENTS_FULL_CONSOLIDATED_v2.1.docx,07_PRD/W4-02A.6.11_PRD_CURRENT_PRODUCT_REQUIREMENTS_FULL_CONSOLIDATED_v2.1.docx,NO_HEADING_DETECTED,CORE PRODUCT REQUIREMENTS AUTHORITY,01_GOVERNANCE/W4-02A.1_GOVERNANCE_CONSOLIDATION_FINAL_DECISION_AUTHORITY_v1.0.docx,ABSORB_ADDITIVE_DETAIL,ORG-ADMIN action/permission boundary,STEP04 classification AUGMENT; validated module detail is additive and must not replace existing Core detail.,RUMAHAGEN_WF03_M12_FULL_REBUILD_CONTROLLED_v1.0/RUMAHAGEN_WF03_M12_FULL_REBUILD_CONTROLLED_v1.0.md,M03/M10/M11/M14,Recon → STEP02/STEP01 authority/provenance → STEP03 Core mapping → STEP04 classification → STEP05 resolution where RECONCILE → STEP06 additive merge,ABSORBED,c2a7b6e4a77a08621a16048cba2f0f8641a3d073bc71dc4e4854634aa788aa34,RUMAHAGEN_WF03_M12_FULL_REBUILD_CONTROLLED_v1.0.zip,YES,NO,YES,YES,YES,PASS
STEP06-P-172,M12-CI-005,M12,PRESERVE,07_PRD/W4-02A.6.11_PRD_CURRENT_PRODUCT_REQUIREMENTS_FULL_CONSOLIDATED_v2.1.docx,07_PRD/W4-02A.6.11_PRD_CURRENT_PRODUCT_REQUIREMENTS_FULL_CONSOLIDATED_v2.1.docx,NO_HEADING_DETECTED,CORE PRODUCT REQUIREMENTS AUTHORITY,01_GOVERNANCE/W4-02A.1_GOVERNANCE_CONSOLIDATION_FINAL_DECISION_AUTHORITY_v1.0.docx,PRESERVE_EXISTING_CORE_DETAIL,M12 → M03 organization-context dependency,STEP04 classification PRESERVE; no new semantic propagation required.,RUMAHAGEN_WF03_M12_FULL_REBUILD_CONTROLLED_v1.0/RUMAHAGEN_WF03_M12_FULL_REBUILD_CONTROLLED_v1.0.md,M03/M10/M11/M14,Recon → STEP02/STEP01 authority/provenance → STEP03 Core mapping → STEP04 classification → STEP05 resolution where RECONCILE → STEP06 additive merge,RETAINED,c2a7b6e4a77a08621a16048cba2f0f8641a3d073bc71dc4e4854634aa788aa34,RUMAHAGEN_WF03_M12_FULL_REBUILD_CONTROLLED_v1.0.zip,YES,NO,YES,YES,YES,PASS
STEP06-P-173,M12-CI-006,M12,PRESERVE,07_PRD/W4-02A.6.11_PRD_CURRENT_PRODUCT_REQUIREMENTS_FULL_CONSOLIDATED_v2.1.docx,07_PRD/W4-02A.6.11_PRD_CURRENT_PRODUCT_REQUIREMENTS_FULL_CONSOLIDATED_v2.1.docx,NO_HEADING_DETECTED,CORE PRODUCT REQUIREMENTS AUTHORITY,01_GOVERNANCE/W4-02A.1_GOVERNANCE_CONSOLIDATION_FINAL_DECISION_AUTHORITY_v1.0.docx,PRESERVE_EXISTING_CORE_DETAIL,M12 → M10 authorization dependency,STEP04 classification PRESERVE; no new semantic propagation required.,RUMAHAGEN_WF03_M12_FULL_REBUILD_CONTROLLED_v1.0/RUMAHAGEN_WF03_M12_FULL_REBUILD_CONTROLLED_v1.0.md,M03/M10/M11/M14,Recon → STEP02/STEP01 authority/provenance → STEP03 Core mapping → STEP04 classification → STEP05 resolution where RECONCILE → STEP06 additive merge,RETAINED,c2a7b6e4a77a08621a16048cba2f0f8641a3d073bc71dc4e4854634aa788aa34,RUMAHAGEN_WF03_M12_FULL_REBUILD_CONTROLLED_v1.0.zip,YES,NO,YES,YES,YES,PASS
STEP06-P-174,M12-CI-007,M12,PRESERVE,07_PRD/W4-02A.6.11_PRD_CURRENT_PRODUCT_REQUIREMENTS_FULL_CONSOLIDATED_v2.1.docx,07_PRD/W4-02A.6.11_PRD_CURRENT_PRODUCT_REQUIREMENTS_FULL_CONSOLIDATED_v2.1.docx,NO_HEADING_DETECTED,CORE PRODUCT REQUIREMENTS AUTHORITY,01_GOVERNANCE/W4-02A.1_GOVERNANCE_CONSOLIDATION_FINAL_DECISION_AUTHORITY_v1.0.docx,PRESERVE_EXISTING_CORE_DETAIL,M12 → M11 discovery dependency,STEP04 classification PRESERVE; no new semantic propagation required.,RUMAHAGEN_WF03_M12_FULL_REBUILD_CONTROLLED_v1.0/RUMAHAGEN_WF03_M12_FULL_REBUILD_CONTROLLED_v1.0.md,M03/M10/M11/M14,Recon → STEP02/STEP01 authority/provenance → STEP03 Core mapping → STEP04 classification → STEP05 resolution where RECONCILE → STEP06 additive merge,RETAINED,c2a7b6e4a77a08621a16048cba2f0f8641a3d073bc71dc4e4854634aa788aa34,RUMAHAGEN_WF03_M12_FULL_REBUILD_CONTROLLED_v1.0.zip,YES,NO,YES,YES,YES,PASS
STEP06-P-175,M12-CI-008,M12,PRESERVE,07_PRD/W4-02A.6.11_PRD_CURRENT_PRODUCT_REQUIREMENTS_FULL_CONSOLIDATED_v2.1.docx,07_PRD/W4-02A.6.11_PRD_CURRENT_PRODUCT_REQUIREMENTS_FULL_CONSOLIDATED_v2.1.docx,NO_HEADING_DETECTED,CORE PRODUCT REQUIREMENTS AUTHORITY,01_GOVERNANCE/W4-02A.1_GOVERNANCE_CONSOLIDATION_FINAL_DECISION_AUTHORITY_v1.0.docx,PRESERVE_EXISTING_CORE_DETAIL,M12 → M14 commercial-context dependency,STEP04 classification PRESERVE; no new semantic propagation required.,RUMAHAGEN_WF03_M12_FULL_REBUILD_CONTROLLED_v1.0/RUMAHAGEN_WF03_M12_FULL_REBUILD_CONTROLLED_v1.0.md,M03/M10/M11/M14,Recon → STEP02/STEP01 authority/provenance → STEP03 Core mapping → STEP04 classification → STEP05 resolution where RECONCILE → STEP06 additive merge,RETAINED,c2a7b6e4a77a08621a16048cba2f0f8641a3d073bc71dc4e4854634aa788aa34,RUMAHAGEN_WF03_M12_FULL_REBUILD_CONTROLLED_v1.0.zip,YES,NO,YES,YES,YES,PASS
STEP06-P-176,M12-CI-009,M12,CONTROLLED,07_PRD/W4-02A.6.11_PRD_CURRENT_PRODUCT_REQUIREMENTS_FULL_CONSOLIDATED_v2.1.docx,07_PRD/W4-02A.6.11_PRD_CURRENT_PRODUCT_REQUIREMENTS_FULL_CONSOLIDATED_v2.1.docx,NO_HEADING_DETECTED,CORE PRODUCT REQUIREMENTS AUTHORITY,01_GOVERNANCE/W4-02A.1_GOVERNANCE_CONSOLIDATION_FINAL_DECISION_AUTHORITY_v1.0.docx,DOWNSTREAM_CONTROL_ONLY,Physical implementation status,STEP04 classification CONTROLLED; physical/API/RLS/runtime work remains downstream and cannot become semantic proof.,RUMAHAGEN_WF03_M12_FULL_REBUILD_CONTROLLED_v1.0/RUMAHAGEN_WF03_M12_FULL_REBUILD_CONTROLLED_v1.0.md,M03/M10/M11/M14,Recon → STEP02/STEP01 authority/provenance → STEP03 Core mapping → STEP04 classification → STEP05 resolution where RECONCILE → STEP06 additive merge,RETAINED_DOWNSTREAM,c2a7b6e4a77a08621a16048cba2f0f8641a3d073bc71dc4e4854634aa788aa34,RUMAHAGEN_WF03_M12_FULL_REBUILD_CONTROLLED_v1.0.zip,YES,NO,YES,YES,YES,PASS
STEP06-P-177,M12-CI-010,M12,CONTROLLED,07_PRD/W4-02A.6.11_PRD_CURRENT_PRODUCT_REQUIREMENTS_FULL_CONSOLIDATED_v2.1.docx,07_PRD/W4-02A.6.11_PRD_CURRENT_PRODUCT_REQUIREMENTS_FULL_CONSOLIDATED_v2.1.docx,NO_HEADING_DETECTED,CORE PRODUCT REQUIREMENTS AUTHORITY,01_GOVERNANCE/W4-02A.1_GOVERNANCE_CONSOLIDATION_FINAL_DECISION_AUTHORITY_v1.0.docx,DOWNSTREAM_CONTROL_ONLY,Runtime status,STEP04 classification CONTROLLED; physical/API/RLS/runtime work remains downstream and cannot become semantic proof.,RUMAHAGEN_WF03_M12_FULL_REBUILD_CONTROLLED_v1.0/RUMAHAGEN_WF03_M12_FULL_REBUILD_CONTROLLED_v1.0.md,M03/M10/M11/M14,Recon → STEP02/STEP01 authority/provenance → STEP03 Core mapping → STEP04 classification → STEP05 resolution where RECONCILE → STEP06 additive merge,RETAINED_DOWNSTREAM,c2a7b6e4a77a08621a16048cba2f0f8641a3d073bc71dc4e4854634aa788aa34,RUMAHAGEN_WF03_M12_FULL_REBUILD_CONTROLLED_v1.0.zip,YES,NO,YES,YES,YES,PASS
STEP06-P-178,M13-CI-001,M13,RECONCILE,07_PRD/W4-02A.6.11_PRD_CURRENT_PRODUCT_REQUIREMENTS_FULL_CONSOLIDATED_v2.1.docx,07_PRD/W4-02A.6.11_PRD_CURRENT_PRODUCT_REQUIREMENTS_FULL_CONSOLIDATED_v2.1.docx,NO_HEADING_DETECTED,CORE PRODUCT REQUIREMENTS AUTHORITY,01_GOVERNANCE/W4-02A.1_GOVERNANCE_CONSOLIDATION_FINAL_DECISION_AUTHORITY_v1.0.docx,APPLY_STEP05_RESOLUTION,Provider Catalogue mutation = SUPERADMIN ONLY. Admin/Manager do not mutate catalogue. Agent cannot register arbitrary provider endpoint outside approved catalogue.,STEP05 FINAL v1.1 resolved M13-CI-001; exact reconciliation scope applied without global deletion/replacement.,RUMAHAGEN_WF03_M13_FULL_REBUILD_CONTROLLED_v1.0/RUMAHAGEN_WF03_M13_FULL_REBUILD_CONTROLLED_v1.0.md,M10/M09,Recon → STEP02/STEP01 authority/provenance → STEP03 Core mapping → STEP04 classification → STEP05 resolution where RECONCILE → STEP06 additive merge,ABSORBED,c2a7b6e4a77a08621a16048cba2f0f8641a3d073bc71dc4e4854634aa788aa34,RUMAHAGEN_WF03_M13_FULL_REBUILD_CONTROLLED_v1.0.zip,YES,YES,YES,YES,YES,PASS
STEP06-P-179,M13-CI-002,M13,RECONCILE,07_PRD/W4-02A.6.11_PRD_CURRENT_PRODUCT_REQUIREMENTS_FULL_CONSOLIDATED_v2.1.docx,07_PRD/W4-02A.6.11_PRD_CURRENT_PRODUCT_REQUIREMENTS_FULL_CONSOLIDATED_v2.1.docx,NO_HEADING_DETECTED,CORE PRODUCT REQUIREMENTS AUTHORITY,01_GOVERNANCE/W4-02A.1_GOVERNANCE_CONSOLIDATION_FINAL_DECISION_AUTHORITY_v1.0.docx,APPLY_STEP05_RESOLUTION,Agent/User owns own BYOK connection and may create/view/save/update/configure/rotate/replace/test/enable/disable/disconnect/delete/reconnect own connection without Admin/Manager approval; no sharing/delegation/transfer.,STEP05 FINAL v1.1 resolved M13-CI-002; exact reconciliation scope applied without global deletion/replacement.,RUMAHAGEN_WF03_M13_FULL_REBUILD_CONTROLLED_v1.0/RUMAHAGEN_WF03_M13_FULL_REBUILD_CONTROLLED_v1.0.md,M10/M09,Recon → STEP02/STEP01 authority/provenance → STEP03 Core mapping → STEP04 classification → STEP05 resolution where RECONCILE → STEP06 additive merge,ABSORBED,c2a7b6e4a77a08621a16048cba2f0f8641a3d073bc71dc4e4854634aa788aa34,RUMAHAGEN_WF03_M13_FULL_REBUILD_CONTROLLED_v1.0.zip,YES,YES,YES,YES,YES,PASS
STEP06-P-180,M13-CI-003,M13,PRESERVE,07_PRD/W4-02A.6.11_PRD_CURRENT_PRODUCT_REQUIREMENTS_FULL_CONSOLIDATED_v2.1.docx,07_PRD/W4-02A.6.11_PRD_CURRENT_PRODUCT_REQUIREMENTS_FULL_CONSOLIDATED_v2.1.docx,NO_HEADING_DETECTED,CORE PRODUCT REQUIREMENTS AUTHORITY,01_GOVERNANCE/W4-02A.1_GOVERNANCE_CONSOLIDATION_FINAL_DECISION_AUTHORITY_v1.0.docx,PRESERVE_EXISTING_CORE_DETAIL,M10 authorization boundary,STEP04 classification PRESERVE; no new semantic propagation required.,RUMAHAGEN_WF03_M13_FULL_REBUILD_CONTROLLED_v1.0/RUMAHAGEN_WF03_M13_FULL_REBUILD_CONTROLLED_v1.0.md,M10/M09,Recon → STEP02/STEP01 authority/provenance → STEP03 Core mapping → STEP04 classification → STEP05 resolution where RECONCILE → STEP06 additive merge,RETAINED,c2a7b6e4a77a08621a16048cba2f0f8641a3d073bc71dc4e4854634aa788aa34,RUMAHAGEN_WF03_M13_FULL_REBUILD_CONTROLLED_v1.0.zip,YES,NO,YES,YES,YES,PASS
STEP06-P-181,M13-CI-004,M13,CONTROLLED,07_PRD/W4-02A.6.11_PRD_CURRENT_PRODUCT_REQUIREMENTS_FULL_CONSOLIDATED_v2.1.docx,07_PRD/W4-02A.6.11_PRD_CURRENT_PRODUCT_REQUIREMENTS_FULL_CONSOLIDATED_v2.1.docx,NO_HEADING_DETECTED,CORE PRODUCT REQUIREMENTS AUTHORITY,01_GOVERNANCE/W4-02A.1_GOVERNANCE_CONSOLIDATION_FINAL_DECISION_AUTHORITY_v1.0.docx,DOWNSTREAM_CONTROL_ONLY,Physical/runtime implementation,STEP04 classification CONTROLLED; physical/API/RLS/runtime work remains downstream and cannot become semantic proof.,RUMAHAGEN_WF03_M13_FULL_REBUILD_CONTROLLED_v1.0/RUMAHAGEN_WF03_M13_FULL_REBUILD_CONTROLLED_v1.0.md,M10/M09,Recon → STEP02/STEP01 authority/provenance → STEP03 Core mapping → STEP04 classification → STEP05 resolution where RECONCILE → STEP06 additive merge,RETAINED_DOWNSTREAM,c2a7b6e4a77a08621a16048cba2f0f8641a3d073bc71dc4e4854634aa788aa34,RUMAHAGEN_WF03_M13_FULL_REBUILD_CONTROLLED_v1.0.zip,YES,NO,YES,YES,YES,PASS
STEP06-P-182,M14-CI-001,M14,PRESERVE,07_PRD/W4-02A.6.11_PRD_CURRENT_PRODUCT_REQUIREMENTS_FULL_CONSOLIDATED_v2.1.docx,07_PRD/W4-02A.6.11_PRD_CURRENT_PRODUCT_REQUIREMENTS_FULL_CONSOLIDATED_v2.1.docx,NO_HEADING_DETECTED,CORE PRODUCT REQUIREMENTS AUTHORITY,01_GOVERNANCE/W4-02A.1_GOVERNANCE_CONSOLIDATION_FINAL_DECISION_AUTHORITY_v1.0.docx,PRESERVE_EXISTING_CORE_DETAIL,M14 commercial authority,STEP04 classification PRESERVE; no new semantic propagation required.,RUMAHAGEN_WF03_M14_FULL_REBUILD_v2.2_CORE_DETAIL_PARITY_FULL_VERSION/RUMAHAGEN_WF03_M14_FULL_REBUILD_v2.2_CORE_DETAIL_PARITY_FULL_VERSION.md,M03/M04/M06/M10/M11/M15,Recon → STEP02/STEP01 authority/provenance → STEP03 Core mapping → STEP04 classification → STEP05 resolution where RECONCILE → STEP06 additive merge,RETAINED,c2a7b6e4a77a08621a16048cba2f0f8641a3d073bc71dc4e4854634aa788aa34,RUMAHAGEN_WF03_M14_FULL_REBUILD_v2.2_CORE_DETAIL_PARITY_FULL_VERSION.zip,YES,NO,YES,YES,YES,PASS
STEP06-P-183,M14-CI-002,M14,PRESERVE,07_PRD/W4-02A.6.11_PRD_CURRENT_PRODUCT_REQUIREMENTS_FULL_CONSOLIDATED_v2.1.docx,07_PRD/W4-02A.6.11_PRD_CURRENT_PRODUCT_REQUIREMENTS_FULL_CONSOLIDATED_v2.1.docx,NO_HEADING_DETECTED,CORE PRODUCT REQUIREMENTS AUTHORITY,01_GOVERNANCE/W4-02A.1_GOVERNANCE_CONSOLIDATION_FINAL_DECISION_AUTHORITY_v1.0.docx,PRESERVE_EXISTING_CORE_DETAIL,Payment belongs to M14,STEP04 classification PRESERVE; no new semantic propagation required.,RUMAHAGEN_WF03_M14_FULL_REBUILD_v2.2_CORE_DETAIL_PARITY_FULL_VERSION/RUMAHAGEN_WF03_M14_FULL_REBUILD_v2.2_CORE_DETAIL_PARITY_FULL_VERSION.md,M03/M04/M06/M10/M11/M15,Recon → STEP02/STEP01 authority/provenance → STEP03 Core mapping → STEP04 classification → STEP05 resolution where RECONCILE → STEP06 additive merge,RETAINED,c2a7b6e4a77a08621a16048cba2f0f8641a3d073bc71dc4e4854634aa788aa34,RUMAHAGEN_WF03_M14_FULL_REBUILD_v2.2_CORE_DETAIL_PARITY_FULL_VERSION.zip,YES,NO,YES,YES,YES,PASS
STEP06-P-184,M14-CI-003,M14,PRESERVE,07_PRD/W4-02A.6.11_PRD_CURRENT_PRODUCT_REQUIREMENTS_FULL_CONSOLIDATED_v2.1.docx,07_PRD/W4-02A.6.11_PRD_CURRENT_PRODUCT_REQUIREMENTS_FULL_CONSOLIDATED_v2.1.docx,NO_HEADING_DETECTED,CORE PRODUCT REQUIREMENTS AUTHORITY,01_GOVERNANCE/W4-02A.1_GOVERNANCE_CONSOLIDATION_FINAL_DECISION_AUTHORITY_v1.0.docx,PRESERVE_EXISTING_CORE_DETAIL,Entitlement ≠ RBAC,STEP04 classification PRESERVE; no new semantic propagation required.,RUMAHAGEN_WF03_M14_FULL_REBUILD_v2.2_CORE_DETAIL_PARITY_FULL_VERSION/RUMAHAGEN_WF03_M14_FULL_REBUILD_v2.2_CORE_DETAIL_PARITY_FULL_VERSION.md,M03/M04/M06/M10/M11/M15,Recon → STEP02/STEP01 authority/provenance → STEP03 Core mapping → STEP04 classification → STEP05 resolution where RECONCILE → STEP06 additive merge,RETAINED,c2a7b6e4a77a08621a16048cba2f0f8641a3d073bc71dc4e4854634aa788aa34,RUMAHAGEN_WF03_M14_FULL_REBUILD_v2.2_CORE_DETAIL_PARITY_FULL_VERSION.zip,YES,NO,YES,YES,YES,PASS
STEP06-P-185,M14-CI-004,M14,PRESERVE,07_PRD/W4-02A.6.11_PRD_CURRENT_PRODUCT_REQUIREMENTS_FULL_CONSOLIDATED_v2.1.docx,07_PRD/W4-02A.6.11_PRD_CURRENT_PRODUCT_REQUIREMENTS_FULL_CONSOLIDATED_v2.1.docx,NO_HEADING_DETECTED,CORE PRODUCT REQUIREMENTS AUTHORITY,01_GOVERNANCE/W4-02A.1_GOVERNANCE_CONSOLIDATION_FINAL_DECISION_AUTHORITY_v1.0.docx,PRESERVE_EXISTING_CORE_DETAIL,Quota is commercial capacity,STEP04 classification PRESERVE; no new semantic propagation required.,RUMAHAGEN_WF03_M14_FULL_REBUILD_v2.2_CORE_DETAIL_PARITY_FULL_VERSION/RUMAHAGEN_WF03_M14_FULL_REBUILD_v2.2_CORE_DETAIL_PARITY_FULL_VERSION.md,M03/M04/M06/M10/M11/M15,Recon → STEP02/STEP01 authority/provenance → STEP03 Core mapping → STEP04 classification → STEP05 resolution where RECONCILE → STEP06 additive merge,RETAINED,c2a7b6e4a77a08621a16048cba2f0f8641a3d073bc71dc4e4854634aa788aa34,RUMAHAGEN_WF03_M14_FULL_REBUILD_v2.2_CORE_DETAIL_PARITY_FULL_VERSION.zip,YES,NO,YES,YES,YES,PASS
STEP06-P-186,M14-CI-005,M14,AUGMENT,07_PRD/W4-02A.6.11_PRD_CURRENT_PRODUCT_REQUIREMENTS_FULL_CONSOLIDATED_v2.1.docx,07_PRD/W4-02A.6.11_PRD_CURRENT_PRODUCT_REQUIREMENTS_FULL_CONSOLIDATED_v2.1.docx,NO_HEADING_DETECTED,CORE PRODUCT REQUIREMENTS AUTHORITY,01_GOVERNANCE/W4-02A.1_GOVERNANCE_CONSOLIDATION_FINAL_DECISION_AUTHORITY_v1.0.docx,ABSORB_ADDITIVE_DETAIL,Eight approved commercial surfaces,STEP04 classification AUGMENT; validated module detail is additive and must not replace existing Core detail.,RUMAHAGEN_WF03_M14_FULL_REBUILD_v2.2_CORE_DETAIL_PARITY_FULL_VERSION/RUMAHAGEN_WF03_M14_FULL_REBUILD_v2.2_CORE_DETAIL_PARITY_FULL_VERSION.md,M03/M04/M06/M10/M11/M15,Recon → STEP02/STEP01 authority/provenance → STEP03 Core mapping → STEP04 classification → STEP05 resolution where RECONCILE → STEP06 additive merge,ABSORBED,c2a7b6e4a77a08621a16048cba2f0f8641a3d073bc71dc4e4854634aa788aa34,RUMAHAGEN_WF03_M14_FULL_REBUILD_v2.2_CORE_DETAIL_PARITY_FULL_VERSION.zip,YES,NO,YES,YES,YES,PASS
STEP06-P-187,M14-CI-006,M14,AUGMENT,07_PRD/W4-02A.6.11_PRD_CURRENT_PRODUCT_REQUIREMENTS_FULL_CONSOLIDATED_v2.1.docx,07_PRD/W4-02A.6.11_PRD_CURRENT_PRODUCT_REQUIREMENTS_FULL_CONSOLIDATED_v2.1.docx,NO_HEADING_DETECTED,CORE PRODUCT REQUIREMENTS AUTHORITY,01_GOVERNANCE/W4-02A.1_GOVERNANCE_CONSOLIDATION_FINAL_DECISION_AUTHORITY_v1.0.docx,ABSORB_ADDITIVE_DETAIL,Subscription lifecycle,STEP04 classification AUGMENT; validated module detail is additive and must not replace existing Core detail.,RUMAHAGEN_WF03_M14_FULL_REBUILD_v2.2_CORE_DETAIL_PARITY_FULL_VERSION/RUMAHAGEN_WF03_M14_FULL_REBUILD_v2.2_CORE_DETAIL_PARITY_FULL_VERSION.md,M03/M04/M06/M10/M11/M15,Recon → STEP02/STEP01 authority/provenance → STEP03 Core mapping → STEP04 classification → STEP05 resolution where RECONCILE → STEP06 additive merge,ABSORBED,c2a7b6e4a77a08621a16048cba2f0f8641a3d073bc71dc4e4854634aa788aa34,RUMAHAGEN_WF03_M14_FULL_REBUILD_v2.2_CORE_DETAIL_PARITY_FULL_VERSION.zip,YES,NO,YES,YES,YES,PASS
STEP06-P-188,M14-CI-007,M14,AUGMENT,07_PRD/W4-02A.6.11_PRD_CURRENT_PRODUCT_REQUIREMENTS_FULL_CONSOLIDATED_v2.1.docx,07_PRD/W4-02A.6.11_PRD_CURRENT_PRODUCT_REQUIREMENTS_FULL_CONSOLIDATED_v2.1.docx,NO_HEADING_DETECTED,CORE PRODUCT REQUIREMENTS AUTHORITY,01_GOVERNANCE/W4-02A.1_GOVERNANCE_CONSOLIDATION_FINAL_DECISION_AUTHORITY_v1.0.docx,ABSORB_ADDITIVE_DETAIL,Add-on lifecycle/validity,STEP04 classification AUGMENT; validated module detail is additive and must not replace existing Core detail.,RUMAHAGEN_WF03_M14_FULL_REBUILD_v2.2_CORE_DETAIL_PARITY_FULL_VERSION/RUMAHAGEN_WF03_M14_FULL_REBUILD_v2.2_CORE_DETAIL_PARITY_FULL_VERSION.md,M03/M04/M06/M10/M11/M15,Recon → STEP02/STEP01 authority/provenance → STEP03 Core mapping → STEP04 classification → STEP05 resolution where RECONCILE → STEP06 additive merge,ABSORBED,c2a7b6e4a77a08621a16048cba2f0f8641a3d073bc71dc4e4854634aa788aa34,RUMAHAGEN_WF03_M14_FULL_REBUILD_v2.2_CORE_DETAIL_PARITY_FULL_VERSION.zip,YES,NO,YES,YES,YES,PASS
STEP06-P-189,M14-CI-008,M14,AUGMENT,07_PRD/W4-02A.6.11_PRD_CURRENT_PRODUCT_REQUIREMENTS_FULL_CONSOLIDATED_v2.1.docx,07_PRD/W4-02A.6.11_PRD_CURRENT_PRODUCT_REQUIREMENTS_FULL_CONSOLIDATED_v2.1.docx,NO_HEADING_DETECTED,CORE PRODUCT REQUIREMENTS AUTHORITY,01_GOVERNANCE/W4-02A.1_GOVERNANCE_CONSOLIDATION_FINAL_DECISION_AUTHORITY_v1.0.docx,ABSORB_ADDITIVE_DETAIL,Promotion lifecycle,STEP04 classification AUGMENT; validated module detail is additive and must not replace existing Core detail.,RUMAHAGEN_WF03_M14_FULL_REBUILD_v2.2_CORE_DETAIL_PARITY_FULL_VERSION/RUMAHAGEN_WF03_M14_FULL_REBUILD_v2.2_CORE_DETAIL_PARITY_FULL_VERSION.md,M03/M04/M06/M10/M11/M15,Recon → STEP02/STEP01 authority/provenance → STEP03 Core mapping → STEP04 classification → STEP05 resolution where RECONCILE → STEP06 additive merge,ABSORBED,c2a7b6e4a77a08621a16048cba2f0f8641a3d073bc71dc4e4854634aa788aa34,RUMAHAGEN_WF03_M14_FULL_REBUILD_v2.2_CORE_DETAIL_PARITY_FULL_VERSION.zip,YES,NO,YES,YES,YES,PASS
STEP06-P-190,M14-CI-009,M14,AUGMENT,07_PRD/W4-02A.6.11_PRD_CURRENT_PRODUCT_REQUIREMENTS_FULL_CONSOLIDATED_v2.1.docx,07_PRD/W4-02A.6.11_PRD_CURRENT_PRODUCT_REQUIREMENTS_FULL_CONSOLIDATED_v2.1.docx,NO_HEADING_DETECTED,CORE PRODUCT REQUIREMENTS AUTHORITY,01_GOVERNANCE/W4-02A.1_GOVERNANCE_CONSOLIDATION_FINAL_DECISION_AUTHORITY_v1.0.docx,ABSORB_ADDITIVE_DETAIL,Immutable purchase snapshot,STEP04 classification AUGMENT; validated module detail is additive and must not replace existing Core detail.,RUMAHAGEN_WF03_M14_FULL_REBUILD_v2.2_CORE_DETAIL_PARITY_FULL_VERSION/RUMAHAGEN_WF03_M14_FULL_REBUILD_v2.2_CORE_DETAIL_PARITY_FULL_VERSION.md,M03/M04/M06/M10/M11/M15,Recon → STEP02/STEP01 authority/provenance → STEP03 Core mapping → STEP04 classification → STEP05 resolution where RECONCILE → STEP06 additive merge,ABSORBED,c2a7b6e4a77a08621a16048cba2f0f8641a3d073bc71dc4e4854634aa788aa34,RUMAHAGEN_WF03_M14_FULL_REBUILD_v2.2_CORE_DETAIL_PARITY_FULL_VERSION.zip,YES,NO,YES,YES,YES,PASS
STEP06-P-191,M14-CI-010,M14,AUGMENT,07_PRD/W4-02A.6.11_PRD_CURRENT_PRODUCT_REQUIREMENTS_FULL_CONSOLIDATED_v2.1.docx,07_PRD/W4-02A.6.11_PRD_CURRENT_PRODUCT_REQUIREMENTS_FULL_CONSOLIDATED_v2.1.docx,NO_HEADING_DETECTED,CORE PRODUCT REQUIREMENTS AUTHORITY,01_GOVERNANCE/W4-02A.1_GOVERNANCE_CONSOLIDATION_FINAL_DECISION_AUTHORITY_v1.0.docx,ABSORB_ADDITIVE_DETAIL,Order confirmation invariant,STEP04 classification AUGMENT; validated module detail is additive and must not replace existing Core detail.,RUMAHAGEN_WF03_M14_FULL_REBUILD_v2.2_CORE_DETAIL_PARITY_FULL_VERSION/RUMAHAGEN_WF03_M14_FULL_REBUILD_v2.2_CORE_DETAIL_PARITY_FULL_VERSION.md,M03/M04/M06/M10/M11/M15,Recon → STEP02/STEP01 authority/provenance → STEP03 Core mapping → STEP04 classification → STEP05 resolution where RECONCILE → STEP06 additive merge,ABSORBED,c2a7b6e4a77a08621a16048cba2f0f8641a3d073bc71dc4e4854634aa788aa34,RUMAHAGEN_WF03_M14_FULL_REBUILD_v2.2_CORE_DETAIL_PARITY_FULL_VERSION.zip,YES,NO,YES,YES,YES,PASS
STEP06-P-192,M14-CI-011,M14,AUGMENT,07_PRD/W4-02A.6.11_PRD_CURRENT_PRODUCT_REQUIREMENTS_FULL_CONSOLIDATED_v2.1.docx,07_PRD/W4-02A.6.11_PRD_CURRENT_PRODUCT_REQUIREMENTS_FULL_CONSOLIDATED_v2.1.docx,NO_HEADING_DETECTED,CORE PRODUCT REQUIREMENTS AUTHORITY,01_GOVERNANCE/W4-02A.1_GOVERNANCE_CONSOLIDATION_FINAL_DECISION_AUTHORITY_v1.0.docx,ABSORB_ADDITIVE_DETAIL,Trusted payment verification,STEP04 classification AUGMENT; validated module detail is additive and must not replace existing Core detail.,RUMAHAGEN_WF03_M14_FULL_REBUILD_v2.2_CORE_DETAIL_PARITY_FULL_VERSION/RUMAHAGEN_WF03_M14_FULL_REBUILD_v2.2_CORE_DETAIL_PARITY_FULL_VERSION.md,M03/M04/M06/M10/M11/M15,Recon → STEP02/STEP01 authority/provenance → STEP03 Core mapping → STEP04 classification → STEP05 resolution where RECONCILE → STEP06 additive merge,ABSORBED,c2a7b6e4a77a08621a16048cba2f0f8641a3d073bc71dc4e4854634aa788aa34,RUMAHAGEN_WF03_M14_FULL_REBUILD_v2.2_CORE_DETAIL_PARITY_FULL_VERSION.zip,YES,NO,YES,YES,YES,PASS
STEP06-P-193,M14-CI-012,M14,AUGMENT,07_PRD/W4-02A.6.11_PRD_CURRENT_PRODUCT_REQUIREMENTS_FULL_CONSOLIDATED_v2.1.docx,07_PRD/W4-02A.6.11_PRD_CURRENT_PRODUCT_REQUIREMENTS_FULL_CONSOLIDATED_v2.1.docx,NO_HEADING_DETECTED,CORE PRODUCT REQUIREMENTS AUTHORITY,01_GOVERNANCE/W4-02A.1_GOVERNANCE_CONSOLIDATION_FINAL_DECISION_AUTHORITY_v1.0.docx,ABSORB_ADDITIVE_DETAIL,Idempotent fulfillment,STEP04 classification AUGMENT; validated module detail is additive and must not replace existing Core detail.,RUMAHAGEN_WF03_M14_FULL_REBUILD_v2.2_CORE_DETAIL_PARITY_FULL_VERSION/RUMAHAGEN_WF03_M14_FULL_REBUILD_v2.2_CORE_DETAIL_PARITY_FULL_VERSION.md,M03/M04/M06/M10/M11/M15,Recon → STEP02/STEP01 authority/provenance → STEP03 Core mapping → STEP04 classification → STEP05 resolution where RECONCILE → STEP06 additive merge,ABSORBED,c2a7b6e4a77a08621a16048cba2f0f8641a3d073bc71dc4e4854634aa788aa34,RUMAHAGEN_WF03_M14_FULL_REBUILD_v2.2_CORE_DETAIL_PARITY_FULL_VERSION.zip,YES,NO,YES,YES,YES,PASS
STEP06-P-194,M14-CI-013,M14,AUGMENT,07_PRD/W4-02A.6.11_PRD_CURRENT_PRODUCT_REQUIREMENTS_FULL_CONSOLIDATED_v2.1.docx,07_PRD/W4-02A.6.11_PRD_CURRENT_PRODUCT_REQUIREMENTS_FULL_CONSOLIDATED_v2.1.docx,NO_HEADING_DETECTED,CORE PRODUCT REQUIREMENTS AUTHORITY,01_GOVERNANCE/W4-02A.1_GOVERNANCE_CONSOLIDATION_FINAL_DECISION_AUTHORITY_v1.0.docx,ABSORB_ADDITIVE_DETAIL,Entitlement lifecycle,STEP04 classification AUGMENT; validated module detail is additive and must not replace existing Core detail.,RUMAHAGEN_WF03_M14_FULL_REBUILD_v2.2_CORE_DETAIL_PARITY_FULL_VERSION/RUMAHAGEN_WF03_M14_FULL_REBUILD_v2.2_CORE_DETAIL_PARITY_FULL_VERSION.md,M03/M04/M06/M10/M11/M15,Recon → STEP02/STEP01 authority/provenance → STEP03 Core mapping → STEP04 classification → STEP05 resolution where RECONCILE → STEP06 additive merge,ABSORBED,c2a7b6e4a77a08621a16048cba2f0f8641a3d073bc71dc4e4854634aa788aa34,RUMAHAGEN_WF03_M14_FULL_REBUILD_v2.2_CORE_DETAIL_PARITY_FULL_VERSION.zip,YES,NO,YES,YES,YES,PASS
STEP06-P-195,M14-CI-014,M14,AUGMENT,07_PRD/W4-02A.6.11_PRD_CURRENT_PRODUCT_REQUIREMENTS_FULL_CONSOLIDATED_v2.1.docx,07_PRD/W4-02A.6.11_PRD_CURRENT_PRODUCT_REQUIREMENTS_FULL_CONSOLIDATED_v2.1.docx,NO_HEADING_DETECTED,CORE PRODUCT REQUIREMENTS AUTHORITY,01_GOVERNANCE/W4-02A.1_GOVERNANCE_CONSOLIDATION_FINAL_DECISION_AUTHORITY_v1.0.docx,ABSORB_ADDITIVE_DETAIL,Quota Capacity,STEP04 classification AUGMENT; validated module detail is additive and must not replace existing Core detail.,RUMAHAGEN_WF03_M14_FULL_REBUILD_v2.2_CORE_DETAIL_PARITY_FULL_VERSION/RUMAHAGEN_WF03_M14_FULL_REBUILD_v2.2_CORE_DETAIL_PARITY_FULL_VERSION.md,M03/M04/M06/M10/M11/M15,Recon → STEP02/STEP01 authority/provenance → STEP03 Core mapping → STEP04 classification → STEP05 resolution where RECONCILE → STEP06 additive merge,ABSORBED,c2a7b6e4a77a08621a16048cba2f0f8641a3d073bc71dc4e4854634aa788aa34,RUMAHAGEN_WF03_M14_FULL_REBUILD_v2.2_CORE_DETAIL_PARITY_FULL_VERSION.zip,YES,NO,YES,YES,YES,PASS
STEP06-P-196,M14-CI-015,M14,AUGMENT,07_PRD/W4-02A.6.11_PRD_CURRENT_PRODUCT_REQUIREMENTS_FULL_CONSOLIDATED_v2.1.docx,07_PRD/W4-02A.6.11_PRD_CURRENT_PRODUCT_REQUIREMENTS_FULL_CONSOLIDATED_v2.1.docx,NO_HEADING_DETECTED,CORE PRODUCT REQUIREMENTS AUTHORITY,01_GOVERNANCE/W4-02A.1_GOVERNANCE_CONSOLIDATION_FINAL_DECISION_AUTHORITY_v1.0.docx,ABSORB_ADDITIVE_DETAIL,Operational Pool,STEP04 classification AUGMENT; validated module detail is additive and must not replace existing Core detail.,RUMAHAGEN_WF03_M14_FULL_REBUILD_v2.2_CORE_DETAIL_PARITY_FULL_VERSION/RUMAHAGEN_WF03_M14_FULL_REBUILD_v2.2_CORE_DETAIL_PARITY_FULL_VERSION.md,M03/M04/M06/M10/M11/M15,Recon → STEP02/STEP01 authority/provenance → STEP03 Core mapping → STEP04 classification → STEP05 resolution where RECONCILE → STEP06 additive merge,ABSORBED,c2a7b6e4a77a08621a16048cba2f0f8641a3d073bc71dc4e4854634aa788aa34,RUMAHAGEN_WF03_M14_FULL_REBUILD_v2.2_CORE_DETAIL_PARITY_FULL_VERSION.zip,YES,NO,YES,YES,YES,PASS
STEP06-P-197,M14-CI-016,M14,AUGMENT,07_PRD/W4-02A.6.11_PRD_CURRENT_PRODUCT_REQUIREMENTS_FULL_CONSOLIDATED_v2.1.docx,07_PRD/W4-02A.6.11_PRD_CURRENT_PRODUCT_REQUIREMENTS_FULL_CONSOLIDATED_v2.1.docx,NO_HEADING_DETECTED,CORE PRODUCT REQUIREMENTS AUTHORITY,01_GOVERNANCE/W4-02A.1_GOVERNANCE_CONSOLIDATION_FINAL_DECISION_AUTHORITY_v1.0.docx,ABSORB_ADDITIVE_DETAIL,Allocation,STEP04 classification AUGMENT; validated module detail is additive and must not replace existing Core detail.,RUMAHAGEN_WF03_M14_FULL_REBUILD_v2.2_CORE_DETAIL_PARITY_FULL_VERSION/RUMAHAGEN_WF03_M14_FULL_REBUILD_v2.2_CORE_DETAIL_PARITY_FULL_VERSION.md,M03/M04/M06/M10/M11/M15,Recon → STEP02/STEP01 authority/provenance → STEP03 Core mapping → STEP04 classification → STEP05 resolution where RECONCILE → STEP06 additive merge,ABSORBED,c2a7b6e4a77a08621a16048cba2f0f8641a3d073bc71dc4e4854634aa788aa34,RUMAHAGEN_WF03_M14_FULL_REBUILD_v2.2_CORE_DETAIL_PARITY_FULL_VERSION.zip,YES,NO,YES,YES,YES,PASS
STEP06-P-198,M14-CI-017,M14,AUGMENT,07_PRD/W4-02A.6.11_PRD_CURRENT_PRODUCT_REQUIREMENTS_FULL_CONSOLIDATED_v2.1.docx,07_PRD/W4-02A.6.11_PRD_CURRENT_PRODUCT_REQUIREMENTS_FULL_CONSOLIDATED_v2.1.docx,NO_HEADING_DETECTED,CORE PRODUCT REQUIREMENTS AUTHORITY,01_GOVERNANCE/W4-02A.1_GOVERNANCE_CONSOLIDATION_FINAL_DECISION_AUTHORITY_v1.0.docx,ABSORB_ADDITIVE_DETAIL,Usage,STEP04 classification AUGMENT; validated module detail is additive and must not replace existing Core detail.,RUMAHAGEN_WF03_M14_FULL_REBUILD_v2.2_CORE_DETAIL_PARITY_FULL_VERSION/RUMAHAGEN_WF03_M14_FULL_REBUILD_v2.2_CORE_DETAIL_PARITY_FULL_VERSION.md,M03/M04/M06/M10/M11/M15,Recon → STEP02/STEP01 authority/provenance → STEP03 Core mapping → STEP04 classification → STEP05 resolution where RECONCILE → STEP06 additive merge,ABSORBED,c2a7b6e4a77a08621a16048cba2f0f8641a3d073bc71dc4e4854634aa788aa34,RUMAHAGEN_WF03_M14_FULL_REBUILD_v2.2_CORE_DETAIL_PARITY_FULL_VERSION.zip,YES,NO,YES,YES,YES,PASS
STEP06-P-199,M14-CI-018,M14,AUGMENT,07_PRD/W4-02A.6.11_PRD_CURRENT_PRODUCT_REQUIREMENTS_FULL_CONSOLIDATED_v2.1.docx,07_PRD/W4-02A.6.11_PRD_CURRENT_PRODUCT_REQUIREMENTS_FULL_CONSOLIDATED_v2.1.docx,NO_HEADING_DETECTED,CORE PRODUCT REQUIREMENTS AUTHORITY,01_GOVERNANCE/W4-02A.1_GOVERNANCE_CONSOLIDATION_FINAL_DECISION_AUTHORITY_v1.0.docx,ABSORB_ADDITIVE_DETAIL,Refund / chargeback,STEP04 classification AUGMENT; validated module detail is additive and must not replace existing Core detail.,RUMAHAGEN_WF03_M14_FULL_REBUILD_v2.2_CORE_DETAIL_PARITY_FULL_VERSION/RUMAHAGEN_WF03_M14_FULL_REBUILD_v2.2_CORE_DETAIL_PARITY_FULL_VERSION.md,M03/M04/M06/M10/M11/M15,Recon → STEP02/STEP01 authority/provenance → STEP03 Core mapping → STEP04 classification → STEP05 resolution where RECONCILE → STEP06 additive merge,ABSORBED,c2a7b6e4a77a08621a16048cba2f0f8641a3d073bc71dc4e4854634aa788aa34,RUMAHAGEN_WF03_M14_FULL_REBUILD_v2.2_CORE_DETAIL_PARITY_FULL_VERSION.zip,YES,NO,YES,YES,YES,PASS
STEP06-P-200,M14-CI-019,M14,AUGMENT,07_PRD/W4-02A.6.11_PRD_CURRENT_PRODUCT_REQUIREMENTS_FULL_CONSOLIDATED_v2.1.docx,07_PRD/W4-02A.6.11_PRD_CURRENT_PRODUCT_REQUIREMENTS_FULL_CONSOLIDATED_v2.1.docx,NO_HEADING_DETECTED,CORE PRODUCT REQUIREMENTS AUTHORITY,01_GOVERNANCE/W4-02A.1_GOVERNANCE_CONSOLIDATION_FINAL_DECISION_AUTHORITY_v1.0.docx,ABSORB_ADDITIVE_DETAIL,Reconciliation,STEP04 classification AUGMENT; validated module detail is additive and must not replace existing Core detail.,RUMAHAGEN_WF03_M14_FULL_REBUILD_v2.2_CORE_DETAIL_PARITY_FULL_VERSION/RUMAHAGEN_WF03_M14_FULL_REBUILD_v2.2_CORE_DETAIL_PARITY_FULL_VERSION.md,M03/M04/M06/M10/M11/M15,Recon → STEP02/STEP01 authority/provenance → STEP03 Core mapping → STEP04 classification → STEP05 resolution where RECONCILE → STEP06 additive merge,ABSORBED,c2a7b6e4a77a08621a16048cba2f0f8641a3d073bc71dc4e4854634aa788aa34,RUMAHAGEN_WF03_M14_FULL_REBUILD_v2.2_CORE_DETAIL_PARITY_FULL_VERSION.zip,YES,NO,YES,YES,YES,PASS
STEP06-P-201,M14-CI-020,M14,AUGMENT,07_PRD/W4-02A.6.11_PRD_CURRENT_PRODUCT_REQUIREMENTS_FULL_CONSOLIDATED_v2.1.docx,07_PRD/W4-02A.6.11_PRD_CURRENT_PRODUCT_REQUIREMENTS_FULL_CONSOLIDATED_v2.1.docx,NO_HEADING_DETECTED,CORE PRODUCT REQUIREMENTS AUTHORITY,01_GOVERNANCE/W4-02A.1_GOVERNANCE_CONSOLIDATION_FINAL_DECISION_AUTHORITY_v1.0.docx,ABSORB_ADDITIVE_DETAIL,Refresh Allowance,STEP04 classification AUGMENT; validated module detail is additive and must not replace existing Core detail.,RUMAHAGEN_WF03_M14_FULL_REBUILD_v2.2_CORE_DETAIL_PARITY_FULL_VERSION/RUMAHAGEN_WF03_M14_FULL_REBUILD_v2.2_CORE_DETAIL_PARITY_FULL_VERSION.md,M03/M04/M06/M10/M11/M15,Recon → STEP02/STEP01 authority/provenance → STEP03 Core mapping → STEP04 classification → STEP05 resolution where RECONCILE → STEP06 additive merge,ABSORBED,c2a7b6e4a77a08621a16048cba2f0f8641a3d073bc71dc4e4854634aa788aa34,RUMAHAGEN_WF03_M14_FULL_REBUILD_v2.2_CORE_DETAIL_PARITY_FULL_VERSION.zip,YES,NO,YES,YES,YES,PASS
STEP06-P-202,M15-IA-01,M15,PRESERVE,07_PRD/W4-02A.6.11_PRD_CURRENT_PRODUCT_REQUIREMENTS_FULL_CONSOLIDATED_v2.1.docx,07_PRD/W4-02A.6.11_PRD_CURRENT_PRODUCT_REQUIREMENTS_FULL_CONSOLIDATED_v2.1.docx,NO_HEADING_DETECTED,CORE PRODUCT REQUIREMENTS AUTHORITY,01_GOVERNANCE/W4-02A.1_GOVERNANCE_CONSOLIDATION_FINAL_DECISION_AUTHORITY_v1.0.docx,PRESERVE_EXISTING_CORE_DETAIL,M15 authority,STEP04 classification PRESERVE; no new semantic propagation required.,RUMAHAGEN_WF03_M15_FULL_REBUILD_v1.1_CORE_DETAIL_SYNCHRONIZED_FULL_VERSION/RUMAHAGEN_WF03_M15_FULL_REBUILD_v1.1_CORE_DETAIL_SYNCHRONIZED_FULL_VERSION.md,M04/M10/M14,Recon → STEP02/STEP01 authority/provenance → STEP03 Core mapping → STEP04 classification → STEP05 resolution where RECONCILE → STEP06 additive merge,RETAINED,c2a7b6e4a77a08621a16048cba2f0f8641a3d073bc71dc4e4854634aa788aa34,RUMAHAGEN_WF03_M15_FULL_REBUILD_v1.1_CORE_DETAIL_SYNCHRONIZED_FULL_VERSION.zip,YES,NO,YES,YES,YES,PASS
STEP06-P-203,M15-IA-02,M15,PRESERVE,07_PRD/W4-02A.6.11_PRD_CURRENT_PRODUCT_REQUIREMENTS_FULL_CONSOLIDATED_v2.1.docx,07_PRD/W4-02A.6.11_PRD_CURRENT_PRODUCT_REQUIREMENTS_FULL_CONSOLIDATED_v2.1.docx,NO_HEADING_DETECTED,CORE PRODUCT REQUIREMENTS AUTHORITY,01_GOVERNANCE/W4-02A.1_GOVERNANCE_CONSOLIDATION_FINAL_DECISION_AUTHORITY_v1.0.docx,PRESERVE_EXISTING_CORE_DETAIL,Title/Award distinction,STEP04 classification PRESERVE; no new semantic propagation required.,RUMAHAGEN_WF03_M15_FULL_REBUILD_v1.1_CORE_DETAIL_SYNCHRONIZED_FULL_VERSION/RUMAHAGEN_WF03_M15_FULL_REBUILD_v1.1_CORE_DETAIL_SYNCHRONIZED_FULL_VERSION.md,M04/M10/M14,Recon → STEP02/STEP01 authority/provenance → STEP03 Core mapping → STEP04 classification → STEP05 resolution where RECONCILE → STEP06 additive merge,RETAINED,c2a7b6e4a77a08621a16048cba2f0f8641a3d073bc71dc4e4854634aa788aa34,RUMAHAGEN_WF03_M15_FULL_REBUILD_v1.1_CORE_DETAIL_SYNCHRONIZED_FULL_VERSION.zip,YES,NO,YES,YES,YES,PASS
STEP06-P-204,M15-IA-03,M15,AUGMENT,07_PRD/W4-02A.6.11_PRD_CURRENT_PRODUCT_REQUIREMENTS_FULL_CONSOLIDATED_v2.1.docx,07_PRD/W4-02A.6.11_PRD_CURRENT_PRODUCT_REQUIREMENTS_FULL_CONSOLIDATED_v2.1.docx,NO_HEADING_DETECTED,CORE PRODUCT REQUIREMENTS AUTHORITY,01_GOVERNANCE/W4-02A.1_GOVERNANCE_CONSOLIDATION_FINAL_DECISION_AUTHORITY_v1.0.docx,ABSORB_ADDITIVE_DETAIL,Qualification/evidence,STEP04 classification AUGMENT; validated module detail is additive and must not replace existing Core detail.,RUMAHAGEN_WF03_M15_FULL_REBUILD_v1.1_CORE_DETAIL_SYNCHRONIZED_FULL_VERSION/RUMAHAGEN_WF03_M15_FULL_REBUILD_v1.1_CORE_DETAIL_SYNCHRONIZED_FULL_VERSION.md,M04/M10/M14,Recon → STEP02/STEP01 authority/provenance → STEP03 Core mapping → STEP04 classification → STEP05 resolution where RECONCILE → STEP06 additive merge,ABSORBED,c2a7b6e4a77a08621a16048cba2f0f8641a3d073bc71dc4e4854634aa788aa34,RUMAHAGEN_WF03_M15_FULL_REBUILD_v1.1_CORE_DETAIL_SYNCHRONIZED_FULL_VERSION.zip,YES,NO,YES,YES,YES,PASS
STEP06-P-205,M15-IA-04,M15,AUGMENT,07_PRD/W4-02A.6.11_PRD_CURRENT_PRODUCT_REQUIREMENTS_FULL_CONSOLIDATED_v2.1.docx,07_PRD/W4-02A.6.11_PRD_CURRENT_PRODUCT_REQUIREMENTS_FULL_CONSOLIDATED_v2.1.docx,NO_HEADING_DETECTED,CORE PRODUCT REQUIREMENTS AUTHORITY,01_GOVERNANCE/W4-02A.1_GOVERNANCE_CONSOLIDATION_FINAL_DECISION_AUTHORITY_v1.0.docx,ABSORB_ADDITIVE_DETAIL,Partner Learning,STEP04 classification AUGMENT; validated module detail is additive and must not replace existing Core detail.,RUMAHAGEN_WF03_M15_FULL_REBUILD_v1.1_CORE_DETAIL_SYNCHRONIZED_FULL_VERSION/RUMAHAGEN_WF03_M15_FULL_REBUILD_v1.1_CORE_DETAIL_SYNCHRONIZED_FULL_VERSION.md,M04/M10/M14,Recon → STEP02/STEP01 authority/provenance → STEP03 Core mapping → STEP04 classification → STEP05 resolution where RECONCILE → STEP06 additive merge,ABSORBED,c2a7b6e4a77a08621a16048cba2f0f8641a3d073bc71dc4e4854634aa788aa34,RUMAHAGEN_WF03_M15_FULL_REBUILD_v1.1_CORE_DETAIL_SYNCHRONIZED_FULL_VERSION.zip,YES,NO,YES,YES,YES,PASS
STEP06-P-206,M15-IA-05,M15,AUGMENT,07_PRD/W4-02A.6.11_PRD_CURRENT_PRODUCT_REQUIREMENTS_FULL_CONSOLIDATED_v2.1.docx,07_PRD/W4-02A.6.11_PRD_CURRENT_PRODUCT_REQUIREMENTS_FULL_CONSOLIDATED_v2.1.docx,NO_HEADING_DETECTED,CORE PRODUCT REQUIREMENTS AUTHORITY,01_GOVERNANCE/W4-02A.1_GOVERNANCE_CONSOLIDATION_FINAL_DECISION_AUTHORITY_v1.0.docx,ABSORB_ADDITIVE_DETAIL,Developer Learning,STEP04 classification AUGMENT; validated module detail is additive and must not replace existing Core detail.,RUMAHAGEN_WF03_M15_FULL_REBUILD_v1.1_CORE_DETAIL_SYNCHRONIZED_FULL_VERSION/RUMAHAGEN_WF03_M15_FULL_REBUILD_v1.1_CORE_DETAIL_SYNCHRONIZED_FULL_VERSION.md,M04/M10/M14,Recon → STEP02/STEP01 authority/provenance → STEP03 Core mapping → STEP04 classification → STEP05 resolution where RECONCILE → STEP06 additive merge,ABSORBED,c2a7b6e4a77a08621a16048cba2f0f8641a3d073bc71dc4e4854634aa788aa34,RUMAHAGEN_WF03_M15_FULL_REBUILD_v1.1_CORE_DETAIL_SYNCHRONIZED_FULL_VERSION.zip,YES,NO,YES,YES,YES,PASS
STEP06-P-207,M15-IA-06,M15,PRESERVE,07_PRD/W4-02A.6.11_PRD_CURRENT_PRODUCT_REQUIREMENTS_FULL_CONSOLIDATED_v2.1.docx,07_PRD/W4-02A.6.11_PRD_CURRENT_PRODUCT_REQUIREMENTS_FULL_CONSOLIDATED_v2.1.docx,NO_HEADING_DETECTED,CORE PRODUCT REQUIREMENTS AUTHORITY,01_GOVERNANCE/W4-02A.1_GOVERNANCE_CONSOLIDATION_FINAL_DECISION_AUTHORITY_v1.0.docx,PRESERVE_EXISTING_CORE_DETAIL,Lifecycle,STEP04 classification PRESERVE; no new semantic propagation required.,RUMAHAGEN_WF03_M15_FULL_REBUILD_v1.1_CORE_DETAIL_SYNCHRONIZED_FULL_VERSION/RUMAHAGEN_WF03_M15_FULL_REBUILD_v1.1_CORE_DETAIL_SYNCHRONIZED_FULL_VERSION.md,M04/M10/M14,Recon → STEP02/STEP01 authority/provenance → STEP03 Core mapping → STEP04 classification → STEP05 resolution where RECONCILE → STEP06 additive merge,RETAINED,c2a7b6e4a77a08621a16048cba2f0f8641a3d073bc71dc4e4854634aa788aa34,RUMAHAGEN_WF03_M15_FULL_REBUILD_v1.1_CORE_DETAIL_SYNCHRONIZED_FULL_VERSION.zip,YES,NO,YES,YES,YES,PASS
STEP06-P-208,M15-IA-07,M15,PRESERVE,07_PRD/W4-02A.6.11_PRD_CURRENT_PRODUCT_REQUIREMENTS_FULL_CONSOLIDATED_v2.1.docx,07_PRD/W4-02A.6.11_PRD_CURRENT_PRODUCT_REQUIREMENTS_FULL_CONSOLIDATED_v2.1.docx,NO_HEADING_DETECTED,CORE PRODUCT REQUIREMENTS AUTHORITY,01_GOVERNANCE/W4-02A.1_GOVERNANCE_CONSOLIDATION_FINAL_DECISION_AUTHORITY_v1.0.docx,PRESERVE_EXISTING_CORE_DETAIL,Actor/Role,STEP04 classification PRESERVE; no new semantic propagation required.,RUMAHAGEN_WF03_M15_FULL_REBUILD_v1.1_CORE_DETAIL_SYNCHRONIZED_FULL_VERSION/RUMAHAGEN_WF03_M15_FULL_REBUILD_v1.1_CORE_DETAIL_SYNCHRONIZED_FULL_VERSION.md,M04/M10/M14,Recon → STEP02/STEP01 authority/provenance → STEP03 Core mapping → STEP04 classification → STEP05 resolution where RECONCILE → STEP06 additive merge,RETAINED,c2a7b6e4a77a08621a16048cba2f0f8641a3d073bc71dc4e4854634aa788aa34,RUMAHAGEN_WF03_M15_FULL_REBUILD_v1.1_CORE_DETAIL_SYNCHRONIZED_FULL_VERSION.zip,YES,NO,YES,YES,YES,PASS
STEP06-P-209,M15-IA-08,M15,AUGMENT,07_PRD/W4-02A.6.11_PRD_CURRENT_PRODUCT_REQUIREMENTS_FULL_CONSOLIDATED_v2.1.docx,07_PRD/W4-02A.6.11_PRD_CURRENT_PRODUCT_REQUIREMENTS_FULL_CONSOLIDATED_v2.1.docx,NO_HEADING_DETECTED,CORE PRODUCT REQUIREMENTS AUTHORITY,01_GOVERNANCE/W4-02A.1_GOVERNANCE_CONSOLIDATION_FINAL_DECISION_AUTHORITY_v1.0.docx,ABSORB_ADDITIVE_DETAIL,Permission,STEP04 classification AUGMENT; validated module detail is additive and must not replace existing Core detail.,RUMAHAGEN_WF03_M15_FULL_REBUILD_v1.1_CORE_DETAIL_SYNCHRONIZED_FULL_VERSION/RUMAHAGEN_WF03_M15_FULL_REBUILD_v1.1_CORE_DETAIL_SYNCHRONIZED_FULL_VERSION.md,M04/M10/M14,Recon → STEP02/STEP01 authority/provenance → STEP03 Core mapping → STEP04 classification → STEP05 resolution where RECONCILE → STEP06 additive merge,ABSORBED,c2a7b6e4a77a08621a16048cba2f0f8641a3d073bc71dc4e4854634aa788aa34,RUMAHAGEN_WF03_M15_FULL_REBUILD_v1.1_CORE_DETAIL_SYNCHRONIZED_FULL_VERSION.zip,YES,NO,YES,YES,YES,PASS
STEP06-P-210,M15-IA-09,M15,PRESERVE,07_PRD/W4-02A.6.11_PRD_CURRENT_PRODUCT_REQUIREMENTS_FULL_CONSOLIDATED_v2.1.docx,07_PRD/W4-02A.6.11_PRD_CURRENT_PRODUCT_REQUIREMENTS_FULL_CONSOLIDATED_v2.1.docx,NO_HEADING_DETECTED,CORE PRODUCT REQUIREMENTS AUTHORITY,01_GOVERNANCE/W4-02A.1_GOVERNANCE_CONSOLIDATION_FINAL_DECISION_AUTHORITY_v1.0.docx,PRESERVE_EXISTING_CORE_DETAIL,Ownership/Scope,STEP04 classification PRESERVE; no new semantic propagation required.,RUMAHAGEN_WF03_M15_FULL_REBUILD_v1.1_CORE_DETAIL_SYNCHRONIZED_FULL_VERSION/RUMAHAGEN_WF03_M15_FULL_REBUILD_v1.1_CORE_DETAIL_SYNCHRONIZED_FULL_VERSION.md,M04/M10/M14,Recon → STEP02/STEP01 authority/provenance → STEP03 Core mapping → STEP04 classification → STEP05 resolution where RECONCILE → STEP06 additive merge,RETAINED,c2a7b6e4a77a08621a16048cba2f0f8641a3d073bc71dc4e4854634aa788aa34,RUMAHAGEN_WF03_M15_FULL_REBUILD_v1.1_CORE_DETAIL_SYNCHRONIZED_FULL_VERSION.zip,YES,NO,YES,YES,YES,PASS
STEP06-P-211,M15-IA-10,M15,AUGMENT,07_PRD/W4-02A.6.11_PRD_CURRENT_PRODUCT_REQUIREMENTS_FULL_CONSOLIDATED_v2.1.docx,07_PRD/W4-02A.6.11_PRD_CURRENT_PRODUCT_REQUIREMENTS_FULL_CONSOLIDATED_v2.1.docx,NO_HEADING_DETECTED,CORE PRODUCT REQUIREMENTS AUTHORITY,01_GOVERNANCE/W4-02A.1_GOVERNANCE_CONSOLIDATION_FINAL_DECISION_AUTHORITY_v1.0.docx,ABSORB_ADDITIVE_DETAIL,Visibility/Presentation,STEP04 classification AUGMENT; validated module detail is additive and must not replace existing Core detail.,RUMAHAGEN_WF03_M15_FULL_REBUILD_v1.1_CORE_DETAIL_SYNCHRONIZED_FULL_VERSION/RUMAHAGEN_WF03_M15_FULL_REBUILD_v1.1_CORE_DETAIL_SYNCHRONIZED_FULL_VERSION.md,M04/M10/M14,Recon → STEP02/STEP01 authority/provenance → STEP03 Core mapping → STEP04 classification → STEP05 resolution where RECONCILE → STEP06 additive merge,ABSORBED,c2a7b6e4a77a08621a16048cba2f0f8641a3d073bc71dc4e4854634aa788aa34,RUMAHAGEN_WF03_M15_FULL_REBUILD_v1.1_CORE_DETAIL_SYNCHRONIZED_FULL_VERSION.zip,YES,NO,YES,YES,YES,PASS
STEP06-P-212,M15-IA-11,M15,AUGMENT,07_PRD/W4-02A.6.11_PRD_CURRENT_PRODUCT_REQUIREMENTS_FULL_CONSOLIDATED_v2.1.docx,07_PRD/W4-02A.6.11_PRD_CURRENT_PRODUCT_REQUIREMENTS_FULL_CONSOLIDATED_v2.1.docx,NO_HEADING_DETECTED,CORE PRODUCT REQUIREMENTS AUTHORITY,01_GOVERNANCE/W4-02A.1_GOVERNANCE_CONSOLIDATION_FINAL_DECISION_AUTHORITY_v1.0.docx,ABSORB_ADDITIVE_DETAIL,Approval,STEP04 classification AUGMENT; validated module detail is additive and must not replace existing Core detail.,RUMAHAGEN_WF03_M15_FULL_REBUILD_v1.1_CORE_DETAIL_SYNCHRONIZED_FULL_VERSION/RUMAHAGEN_WF03_M15_FULL_REBUILD_v1.1_CORE_DETAIL_SYNCHRONIZED_FULL_VERSION.md,M04/M10/M14,Recon → STEP02/STEP01 authority/provenance → STEP03 Core mapping → STEP04 classification → STEP05 resolution where RECONCILE → STEP06 additive merge,ABSORBED,c2a7b6e4a77a08621a16048cba2f0f8641a3d073bc71dc4e4854634aa788aa34,RUMAHAGEN_WF03_M15_FULL_REBUILD_v1.1_CORE_DETAIL_SYNCHRONIZED_FULL_VERSION.zip,YES,NO,YES,YES,YES,PASS
STEP06-P-213,M15-IA-12,M15,AUGMENT,07_PRD/W4-02A.6.11_PRD_CURRENT_PRODUCT_REQUIREMENTS_FULL_CONSOLIDATED_v2.1.docx,07_PRD/W4-02A.6.11_PRD_CURRENT_PRODUCT_REQUIREMENTS_FULL_CONSOLIDATED_v2.1.docx,NO_HEADING_DETECTED,CORE PRODUCT REQUIREMENTS AUTHORITY,01_GOVERNANCE/W4-02A.1_GOVERNANCE_CONSOLIDATION_FINAL_DECISION_AUTHORITY_v1.0.docx,ABSORB_ADDITIVE_DETAIL,API,STEP04 classification AUGMENT; validated module detail is additive and must not replace existing Core detail.,RUMAHAGEN_WF03_M15_FULL_REBUILD_v1.1_CORE_DETAIL_SYNCHRONIZED_FULL_VERSION/RUMAHAGEN_WF03_M15_FULL_REBUILD_v1.1_CORE_DETAIL_SYNCHRONIZED_FULL_VERSION.md,M04/M10/M14,Recon → STEP02/STEP01 authority/provenance → STEP03 Core mapping → STEP04 classification → STEP05 resolution where RECONCILE → STEP06 additive merge,ABSORBED,c2a7b6e4a77a08621a16048cba2f0f8641a3d073bc71dc4e4854634aa788aa34,RUMAHAGEN_WF03_M15_FULL_REBUILD_v1.1_CORE_DETAIL_SYNCHRONIZED_FULL_VERSION.zip,YES,NO,YES,YES,YES,PASS
STEP06-P-214,M15-IA-13,M15,PRESERVE,07_PRD/W4-02A.6.11_PRD_CURRENT_PRODUCT_REQUIREMENTS_FULL_CONSOLIDATED_v2.1.docx,07_PRD/W4-02A.6.11_PRD_CURRENT_PRODUCT_REQUIREMENTS_FULL_CONSOLIDATED_v2.1.docx,NO_HEADING_DETECTED,CORE PRODUCT REQUIREMENTS AUTHORITY,01_GOVERNANCE/W4-02A.1_GOVERNANCE_CONSOLIDATION_FINAL_DECISION_AUTHORITY_v1.0.docx,PRESERVE_EXISTING_CORE_DETAIL,ERD,STEP04 classification PRESERVE; no new semantic propagation required.,RUMAHAGEN_WF03_M15_FULL_REBUILD_v1.1_CORE_DETAIL_SYNCHRONIZED_FULL_VERSION/RUMAHAGEN_WF03_M15_FULL_REBUILD_v1.1_CORE_DETAIL_SYNCHRONIZED_FULL_VERSION.md,M04/M10/M14,Recon → STEP02/STEP01 authority/provenance → STEP03 Core mapping → STEP04 classification → STEP05 resolution where RECONCILE → STEP06 additive merge,RETAINED,c2a7b6e4a77a08621a16048cba2f0f8641a3d073bc71dc4e4854634aa788aa34,RUMAHAGEN_WF03_M15_FULL_REBUILD_v1.1_CORE_DETAIL_SYNCHRONIZED_FULL_VERSION.zip,YES,NO,YES,YES,YES,PASS
STEP06-P-215,M15-IA-14,M15,PRESERVE,07_PRD/W4-02A.6.11_PRD_CURRENT_PRODUCT_REQUIREMENTS_FULL_CONSOLIDATED_v2.1.docx,07_PRD/W4-02A.6.11_PRD_CURRENT_PRODUCT_REQUIREMENTS_FULL_CONSOLIDATED_v2.1.docx,NO_HEADING_DETECTED,CORE PRODUCT REQUIREMENTS AUTHORITY,01_GOVERNANCE/W4-02A.1_GOVERNANCE_CONSOLIDATION_FINAL_DECISION_AUTHORITY_v1.0.docx,PRESERVE_EXISTING_CORE_DETAIL,Schema,STEP04 classification PRESERVE; no new semantic propagation required.,RUMAHAGEN_WF03_M15_FULL_REBUILD_v1.1_CORE_DETAIL_SYNCHRONIZED_FULL_VERSION/RUMAHAGEN_WF03_M15_FULL_REBUILD_v1.1_CORE_DETAIL_SYNCHRONIZED_FULL_VERSION.md,M04/M10/M14,Recon → STEP02/STEP01 authority/provenance → STEP03 Core mapping → STEP04 classification → STEP05 resolution where RECONCILE → STEP06 additive merge,RETAINED,c2a7b6e4a77a08621a16048cba2f0f8641a3d073bc71dc4e4854634aa788aa34,RUMAHAGEN_WF03_M15_FULL_REBUILD_v1.1_CORE_DETAIL_SYNCHRONIZED_FULL_VERSION.zip,YES,NO,YES,YES,YES,PASS
STEP06-P-216,M15-IA-15,M15,AUGMENT,07_PRD/W4-02A.6.11_PRD_CURRENT_PRODUCT_REQUIREMENTS_FULL_CONSOLIDATED_v2.1.docx,07_PRD/W4-02A.6.11_PRD_CURRENT_PRODUCT_REQUIREMENTS_FULL_CONSOLIDATED_v2.1.docx,NO_HEADING_DETECTED,CORE PRODUCT REQUIREMENTS AUTHORITY,01_GOVERNANCE/W4-02A.1_GOVERNANCE_CONSOLIDATION_FINAL_DECISION_AUTHORITY_v1.0.docx,ABSORB_ADDITIVE_DETAIL,RBAC/RLS,STEP04 classification AUGMENT; validated module detail is additive and must not replace existing Core detail.,RUMAHAGEN_WF03_M15_FULL_REBUILD_v1.1_CORE_DETAIL_SYNCHRONIZED_FULL_VERSION/RUMAHAGEN_WF03_M15_FULL_REBUILD_v1.1_CORE_DETAIL_SYNCHRONIZED_FULL_VERSION.md,M04/M10/M14,Recon → STEP02/STEP01 authority/provenance → STEP03 Core mapping → STEP04 classification → STEP05 resolution where RECONCILE → STEP06 additive merge,ABSORBED,c2a7b6e4a77a08621a16048cba2f0f8641a3d073bc71dc4e4854634aa788aa34,RUMAHAGEN_WF03_M15_FULL_REBUILD_v1.1_CORE_DETAIL_SYNCHRONIZED_FULL_VERSION.zip,YES,NO,YES,YES,YES,PASS
STEP06-P-217,M15-IA-16,M15,AUGMENT,07_PRD/W4-02A.6.11_PRD_CURRENT_PRODUCT_REQUIREMENTS_FULL_CONSOLIDATED_v2.1.docx,07_PRD/W4-02A.6.11_PRD_CURRENT_PRODUCT_REQUIREMENTS_FULL_CONSOLIDATED_v2.1.docx,NO_HEADING_DETECTED,CORE PRODUCT REQUIREMENTS AUTHORITY,01_GOVERNANCE/W4-02A.1_GOVERNANCE_CONSOLIDATION_FINAL_DECISION_AUTHORITY_v1.0.docx,ABSORB_ADDITIVE_DETAIL,Functional,STEP04 classification AUGMENT; validated module detail is additive and must not replace existing Core detail.,RUMAHAGEN_WF03_M15_FULL_REBUILD_v1.1_CORE_DETAIL_SYNCHRONIZED_FULL_VERSION/RUMAHAGEN_WF03_M15_FULL_REBUILD_v1.1_CORE_DETAIL_SYNCHRONIZED_FULL_VERSION.md,M04/M10/M14,Recon → STEP02/STEP01 authority/provenance → STEP03 Core mapping → STEP04 classification → STEP05 resolution where RECONCILE → STEP06 additive merge,ABSORBED,c2a7b6e4a77a08621a16048cba2f0f8641a3d073bc71dc4e4854634aa788aa34,RUMAHAGEN_WF03_M15_FULL_REBUILD_v1.1_CORE_DETAIL_SYNCHRONIZED_FULL_VERSION.zip,YES,NO,YES,YES,YES,PASS
STEP06-P-218,M15-IA-17,M15,AUGMENT,07_PRD/W4-02A.6.11_PRD_CURRENT_PRODUCT_REQUIREMENTS_FULL_CONSOLIDATED_v2.1.docx,07_PRD/W4-02A.6.11_PRD_CURRENT_PRODUCT_REQUIREMENTS_FULL_CONSOLIDATED_v2.1.docx,NO_HEADING_DETECTED,CORE PRODUCT REQUIREMENTS AUTHORITY,01_GOVERNANCE/W4-02A.1_GOVERNANCE_CONSOLIDATION_FINAL_DECISION_AUTHORITY_v1.0.docx,ABSORB_ADDITIVE_DETAIL,Technical,STEP04 classification AUGMENT; validated module detail is additive and must not replace existing Core detail.,RUMAHAGEN_WF03_M15_FULL_REBUILD_v1.1_CORE_DETAIL_SYNCHRONIZED_FULL_VERSION/RUMAHAGEN_WF03_M15_FULL_REBUILD_v1.1_CORE_DETAIL_SYNCHRONIZED_FULL_VERSION.md,M04/M10/M14,Recon → STEP02/STEP01 authority/provenance → STEP03 Core mapping → STEP04 classification → STEP05 resolution where RECONCILE → STEP06 additive merge,ABSORBED,c2a7b6e4a77a08621a16048cba2f0f8641a3d073bc71dc4e4854634aa788aa34,RUMAHAGEN_WF03_M15_FULL_REBUILD_v1.1_CORE_DETAIL_SYNCHRONIZED_FULL_VERSION.zip,YES,NO,YES,YES,YES,PASS
STEP06-P-219,M15-IA-18,M15,AUGMENT,07_PRD/W4-02A.6.11_PRD_CURRENT_PRODUCT_REQUIREMENTS_FULL_CONSOLIDATED_v2.1.docx,07_PRD/W4-02A.6.11_PRD_CURRENT_PRODUCT_REQUIREMENTS_FULL_CONSOLIDATED_v2.1.docx,NO_HEADING_DETECTED,CORE PRODUCT REQUIREMENTS AUTHORITY,01_GOVERNANCE/W4-02A.1_GOVERNANCE_CONSOLIDATION_FINAL_DECISION_AUTHORITY_v1.0.docx,ABSORB_ADDITIVE_DETAIL,UI/UX,STEP04 classification AUGMENT; validated module detail is additive and must not replace existing Core detail.,RUMAHAGEN_WF03_M15_FULL_REBUILD_v1.1_CORE_DETAIL_SYNCHRONIZED_FULL_VERSION/RUMAHAGEN_WF03_M15_FULL_REBUILD_v1.1_CORE_DETAIL_SYNCHRONIZED_FULL_VERSION.md,M04/M10/M14,Recon → STEP02/STEP01 authority/provenance → STEP03 Core mapping → STEP04 classification → STEP05 resolution where RECONCILE → STEP06 additive merge,ABSORBED,c2a7b6e4a77a08621a16048cba2f0f8641a3d073bc71dc4e4854634aa788aa34,RUMAHAGEN_WF03_M15_FULL_REBUILD_v1.1_CORE_DETAIL_SYNCHRONIZED_FULL_VERSION.zip,YES,NO,YES,YES,YES,PASS
STEP06-P-220,M15-IA-19,M15,AUGMENT,07_PRD/W4-02A.6.11_PRD_CURRENT_PRODUCT_REQUIREMENTS_FULL_CONSOLIDATED_v2.1.docx,07_PRD/W4-02A.6.11_PRD_CURRENT_PRODUCT_REQUIREMENTS_FULL_CONSOLIDATED_v2.1.docx,NO_HEADING_DETECTED,CORE PRODUCT REQUIREMENTS AUTHORITY,01_GOVERNANCE/W4-02A.1_GOVERNANCE_CONSOLIDATION_FINAL_DECISION_AUTHORITY_v1.0.docx,ABSORB_ADDITIVE_DETAIL,Dependencies,STEP04 classification AUGMENT; validated module detail is additive and must not replace existing Core detail.,RUMAHAGEN_WF03_M15_FULL_REBUILD_v1.1_CORE_DETAIL_SYNCHRONIZED_FULL_VERSION/RUMAHAGEN_WF03_M15_FULL_REBUILD_v1.1_CORE_DETAIL_SYNCHRONIZED_FULL_VERSION.md,M04/M10/M14,Recon → STEP02/STEP01 authority/provenance → STEP03 Core mapping → STEP04 classification → STEP05 resolution where RECONCILE → STEP06 additive merge,ABSORBED,c2a7b6e4a77a08621a16048cba2f0f8641a3d073bc71dc4e4854634aa788aa34,RUMAHAGEN_WF03_M15_FULL_REBUILD_v1.1_CORE_DETAIL_SYNCHRONIZED_FULL_VERSION.zip,YES,NO,YES,YES,YES,PASS
STEP06-P-221,M15-IA-20,M15,CONTROLLED,07_PRD/W4-02A.6.11_PRD_CURRENT_PRODUCT_REQUIREMENTS_FULL_CONSOLIDATED_v2.1.docx,07_PRD/W4-02A.6.11_PRD_CURRENT_PRODUCT_REQUIREMENTS_FULL_CONSOLIDATED_v2.1.docx,NO_HEADING_DETECTED,CORE PRODUCT REQUIREMENTS AUTHORITY,01_GOVERNANCE/W4-02A.1_GOVERNANCE_CONSOLIDATION_FINAL_DECISION_AUTHORITY_v1.0.docx,DOWNSTREAM_CONTROL_ONLY,Physical implementation,STEP04 classification CONTROLLED; physical/API/RLS/runtime work remains downstream and cannot become semantic proof.,RUMAHAGEN_WF03_M15_FULL_REBUILD_v1.1_CORE_DETAIL_SYNCHRONIZED_FULL_VERSION/RUMAHAGEN_WF03_M15_FULL_REBUILD_v1.1_CORE_DETAIL_SYNCHRONIZED_FULL_VERSION.md,M04/M10/M14,Recon → STEP02/STEP01 authority/provenance → STEP03 Core mapping → STEP04 classification → STEP05 resolution where RECONCILE → STEP06 additive merge,RETAINED_DOWNSTREAM,c2a7b6e4a77a08621a16048cba2f0f8641a3d073bc71dc4e4854634aa788aa34,RUMAHAGEN_WF03_M15_FULL_REBUILD_v1.1_CORE_DETAIL_SYNCHRONIZED_FULL_VERSION.zip,YES,NO,YES,YES,YES,PASS
STEP06-P-222,M15-IA-21,M15,CONTROLLED,07_PRD/W4-02A.6.11_PRD_CURRENT_PRODUCT_REQUIREMENTS_FULL_CONSOLIDATED_v2.1.docx,07_PRD/W4-02A.6.11_PRD_CURRENT_PRODUCT_REQUIREMENTS_FULL_CONSOLIDATED_v2.1.docx,NO_HEADING_DETECTED,CORE PRODUCT REQUIREMENTS AUTHORITY,01_GOVERNANCE/W4-02A.1_GOVERNANCE_CONSOLIDATION_FINAL_DECISION_AUTHORITY_v1.0.docx,DOWNSTREAM_CONTROL_ONLY,Runtime,STEP04 classification CONTROLLED; physical/API/RLS/runtime work remains downstream and cannot become semantic proof.,RUMAHAGEN_WF03_M15_FULL_REBUILD_v1.1_CORE_DETAIL_SYNCHRONIZED_FULL_VERSION/RUMAHAGEN_WF03_M15_FULL_REBUILD_v1.1_CORE_DETAIL_SYNCHRONIZED_FULL_VERSION.md,M04/M10/M14,Recon → STEP02/STEP01 authority/provenance → STEP03 Core mapping → STEP04 classification → STEP05 resolution where RECONCILE → STEP06 additive merge,RETAINED_DOWNSTREAM,c2a7b6e4a77a08621a16048cba2f0f8641a3d073bc71dc4e4854634aa788aa34,RUMAHAGEN_WF03_M15_FULL_REBUILD_v1.1_CORE_DETAIL_SYNCHRONIZED_FULL_VERSION.zip,YES,NO,YES,YES,YES,PASS
STEP06-P-223,M15-IA-22,M15,NO-PROPAGATION,07_PRD/W4-02A.6.11_PRD_CURRENT_PRODUCT_REQUIREMENTS_FULL_CONSOLIDATED_v2.1.docx,07_PRD/W4-02A.6.11_PRD_CURRENT_PRODUCT_REQUIREMENTS_FULL_CONSOLIDATED_v2.1.docx,NO_HEADING_DETECTED,CORE PRODUCT REQUIREMENTS AUTHORITY,01_GOVERNANCE/W4-02A.1_GOVERNANCE_CONSOLIDATION_FINAL_DECISION_AUTHORITY_v1.0.docx,NO_PROPAGATION,Production,STEP04 classification NO-PROPAGATION; finding retained for provenance but excluded from Core semantic merge.,RUMAHAGEN_WF03_M15_FULL_REBUILD_v1.1_CORE_DETAIL_SYNCHRONIZED_FULL_VERSION/RUMAHAGEN_WF03_M15_FULL_REBUILD_v1.1_CORE_DETAIL_SYNCHRONIZED_FULL_VERSION.md,M04/M10/M14,Recon → STEP02/STEP01 authority/provenance → STEP03 Core mapping → STEP04 classification → STEP05 resolution where RECONCILE → STEP06 additive merge,RETAINED_NO_PROPAGATION,c2a7b6e4a77a08621a16048cba2f0f8641a3d073bc71dc4e4854634aa788aa34,RUMAHAGEN_WF03_M15_FULL_REBUILD_v1.1_CORE_DETAIL_SYNCHRONIZED_FULL_VERSION.zip,YES,NO,YES,YES,YES,PASS
